onset_div	duration_div	continuous_beats	pitch	tpc	step	alter	beat_float	downbeat	ts_beats	ts_beat_type	staff	voice	duration	is_note_onset	ks_fifths	mc	mc_playthrough	mn	mn_playthrough	octave	quarterbeats_playthrough	section_start	is_harmony_onset	cadence	cadence_type	phraseend	is_phrase_ending	unfolded_harmony_index	label	alt_label	globalkey	localkey	pedal	chord	numeral	form	figbass	changes	relativeroot	chord_type	globalkey_is_minor	localkey_is_minor	chord_tones	added_tones	root	bass_note	globalkey_mode	localkey_mode	localkey_resolved	localkey_and_mode	root_roman	relativeroot_resolved	effective_localkey	effective_localkey_resolved	effective_localkey_is_minor	chord_reduced	chord_reduced_and_mode	pedal_resolved	chord_and_mode	applied_to_numeral	numeral_or_applied_to_numeral	globalkey_tpc	localkey_tpc	tonicized_tpc	sic_with_global	sic_with_local	sic_with_tonicized	tpc_is_in_label	tpc_is_root	tpc_is_bass
0.0	12.0	0.0	57	3	A	0.0	1.0	1	2	2	1.0	1.0	3/4	True	0	1.0	1.0	1.0	1a	3	0	True	True				False	0	a.i		a	i		i	i					m	True	True	(0, -3, 1)	()	0	0	minor	minor	i	i, minor	i		i	i	True	i	i, minor		i, minor		i	3	3	3	0	0	0	True	True	True
0.0	12.0	0.0	57	3	A	0.0	1.0	1	2	2	2.0	1.0	3/4	True	0	1.0	1.0	1.0	1a	3	0	True	True				False	0	a.i		a	i		i	i					m	True	True	(0, -3, 1)	()	0	0	minor	minor	i	i, minor	i		i	i	True	i	i, minor		i, minor		i	3	3	3	0	0	0	True	True	True
12.0	2.0	1.5	49	7	C	1.0	2.5	0	2	2	1.0	1.0	1/8	True	0	1.0	1.0	1.0	1a	3	3	False	True				False	1	V6/iv		a	i		V6/iv	V		6		iv	M	True	True	(4, 1, 0)	()	0	4	minor	minor	i	i, minor	V/iv	iv	iv/i	iv	True	V6/iv	V6/iv, minor		V6/iv, minor	iv	iv	3	3	2	4	4	5	True	False	True
12.0	2.0	1.5	49	7	C	1.0	2.5	0	2	2	2.0	1.0	1/8	True	0	1.0	1.0	1.0	1a	3	3	False	True				False	1	V6/iv		a	i		V6/iv	V		6		iv	M	True	True	(4, 1, 0)	()	0	4	minor	minor	i	i, minor	V/iv	iv	iv/i	iv	True	V6/iv	V6/iv, minor		V6/iv, minor	iv	iv	3	3	2	4	4	5	True	False	True
14.0	2.0	1.75	49	7	C	1.0	2.75	0	2	2	1.0	1.0	1/8	True	0	1.0	1.0	1.0	1a	3	7/2	False	False				False	1	V6/iv		a	i		V6/iv	V		6		iv	M	True	True	(4, 1, 0)	()	0	4	minor	minor	i	i, minor	V/iv	iv	iv/i	iv	True	V6/iv	V6/iv, minor		V6/iv, minor	iv	iv	3	3	2	4	4	5	True	False	True
14.0	2.0	1.75	49	7	C	1.0	2.75	0	2	2	2.0	1.0	1/8	True	0	1.0	1.0	1.0	1a	3	7/2	False	False				False	1	V6/iv		a	i		V6/iv	V		6		iv	M	True	True	(4, 1, 0)	()	0	4	minor	minor	i	i, minor	V/iv	iv	iv/i	iv	True	V6/iv	V6/iv, minor		V6/iv, minor	iv	iv	3	3	2	4	4	5	True	False	True
16.0	2.0	2.0	50	2	D	0.0	1.0	1	2	2	1.0	1.0	1/8	True	0	2.0	2.0	2.0	2a	3	4	False	True				False	2	iv		a	i		iv	iv					m	True	True	(-1, -4, 0)	()	-1	-1	minor	minor	i	i, minor	iv		i	i	True	iv	iv, minor		iv, minor		iv	3	3	3	-1	-1	-1	True	True	True
16.0	16.0	2.0	50	2	D	0.0	1.0	1	2	2	2.0	1.0	1	True	0	2.0	2.0	2.0	2a	3	4	False	True				False	2	iv		a	i		iv	iv					m	True	True	(-1, -4, 0)	()	-1	-1	minor	minor	i	i, minor	iv		i	i	True	iv	iv, minor		iv, minor		iv	3	3	3	-1	-1	-1	True	True	True
18.0	2.0	2.25	45	3	A	0.0	1.25	0	2	2	1.0	1.0	1/8	True	0	2.0	2.0	2.0	2a	2	9/2	False	False				False	2	iv		a	i		iv	iv					m	True	True	(-1, -4, 0)	()	-1	-1	minor	minor	i	i, minor	iv		i	i	True	iv	iv, minor		iv, minor		iv	3	3	3	0	0	0	True	False	False
20.0	2.0	2.5	47	5	B	0.0	1.5	0	2	2	1.0	1.0	1/8	True	0	2.0	2.0	2.0	2a	2	5	False	False				False	2	iv		a	i		iv	iv					m	True	True	(-1, -4, 0)	()	-1	-1	minor	minor	i	i, minor	iv		i	i	True	iv	iv, minor		iv, minor		iv	3	3	3	2	2	2	False	False	False
22.0	2.0	2.75	48	0	C	0.0	1.75	0	2	2	1.0	1.0	1/8	True	0	2.0	2.0	2.0	2a	3	11/2	False	False				False	2	iv		a	i		iv	iv					m	True	True	(-1, -4, 0)	()	-1	-1	minor	minor	i	i, minor	iv		i	i	True	iv	iv, minor		iv, minor		iv	3	3	3	-3	-3	-3	False	False	False
24.0	2.0	3.0	50	2	D	0.0	2.0	2	2	2	1.0	1.0	1/8	True	0	2.0	2.0	2.0	2a	3	6	False	False				False	2	iv		a	i		iv	iv					m	True	True	(-1, -4, 0)	()	-1	-1	minor	minor	i	i, minor	iv		i	i	True	iv	iv, minor		iv, minor		iv	3	3	3	-1	-1	-1	True	True	True
26.0	2.0	3.25	52	4	E	0.0	2.25	0	2	2	1.0	1.0	1/8	True	0	2.0	2.0	2.0	2a	3	13/2	False	False				False	2	iv		a	i		iv	iv					m	True	True	(-1, -4, 0)	()	-1	-1	minor	minor	i	i, minor	iv		i	i	True	iv	iv, minor		iv, minor		iv	3	3	3	1	1	1	False	False	False
28.0	2.0	3.5	53	-1	F	0.0	2.5	0	2	2	1.0	1.0	1/8	True	0	2.0	2.0	2.0	2a	3	7	False	False				False	2	iv		a	i		iv	iv					m	True	True	(-1, -4, 0)	()	-1	-1	minor	minor	i	i, minor	iv		i	i	True	iv	iv, minor		iv, minor		iv	3	3	3	-4	-4	-4	True	False	False
30.0	2.0	3.75	55	1	G	0.0	2.75	0	2	2	1.0	1.0	1/8	True	0	2.0	2.0	2.0	2a	3	15/2	False	False				False	2	iv		a	i		iv	iv					m	True	True	(-1, -4, 0)	()	-1	-1	minor	minor	i	i, minor	iv		i	i	True	iv	iv, minor		iv, minor		iv	3	3	3	-2	-2	-2	False	False	False
32.0	8.0	4.0	45	3	A	0.0	1.0	1	2	2	2.0	1.0	1/2	True	0	3.0	3.0	3.0	3a	2	8	False	False			\\	True	3	i\\	V/iv\\	a	i		i	i					m	True	True	(0, -3, 1)	()	0	0	minor	minor	i	i, minor	i		i	i	True	i	i, minor		i, minor		i	3	3	3	0	0	0	True	True	True
32.0	4.0	4.0	57	3	A	0.0	1.0	1	2	2	1.0	1.0	1/4	True	0	3.0	3.0	3.0	3a	3	8	False	False			\\	True	3	i\\	V/iv\\	a	i		i	i					m	True	True	(0, -3, 1)	()	0	0	minor	minor	i	i, minor	i		i	i	True	i	i, minor		i, minor		i	3	3	3	0	0	0	True	True	True
36.0	4.0	4.5	45	3	A	0.0	1.5	0	2	2	1.0	1.0	1/4	True	0	3.0	3.0	3.0	3a	2	9	False	False				False	3	i\\	V/iv\\	a	i		i	i					m	True	True	(0, -3, 1)	()	0	0	minor	minor	i	i, minor	i		i	i	True	i	i, minor		i, minor		i	3	3	3	0	0	0	True	True	True
44.0	4.0	5.5	45	3	A	0.0	2.5	0	2	2	2.0	1.0	1/4	True	0	3.0	3.0	3.0	3a	2	11	False	True				False	4	i		a	i		i	i					m	True	True	(0, -3, 1)	()	0	0	minor	minor	i	i, minor	i		i	i	True	i	i, minor		i, minor		i	3	3	3	0	0	0	True	True	True
44.0	4.0	5.5	57	3	A	0.0	2.5	0	2	2	1.0	1.0	1/4	True	0	3.0	3.0	3.0	3a	3	11	False	True				False	4	i		a	i		i	i					m	True	True	(0, -3, 1)	()	0	0	minor	minor	i	i, minor	i		i	i	True	i	i, minor		i, minor		i	3	3	3	0	0	0	True	True	True
48.0	4.0	6.0	45	3	A	0.0	1.0	1	2	2	2.0	1.0	1/4	False	0	4.0	4.0	4.0	4a	2	12	False	False				False	4	i		a	i		i	i					m	True	True	(0, -3, 1)	()	0	0	minor	minor	i	i, minor	i		i	i	True	i	i, minor		i, minor		i	3	3	3	0	0	0	True	True	True
48.0	2.0	6.0	57	3	A	0.0	1.0	1	2	2	1.0	1.0	1/8	False	0	4.0	4.0	4.0	4a	3	12	False	False				False	4	i		a	i		i	i					m	True	True	(0, -3, 1)	()	0	0	minor	minor	i	i, minor	i		i	i	True	i	i, minor		i, minor		i	3	3	3	0	0	0	True	True	True
50.0	2.0	6.25	52	4	E	0.0	1.25	0	2	2	1.0	1.0	1/8	True	0	4.0	4.0	4.0	4a	3	25/2	False	False				False	4	i		a	i		i	i					m	True	True	(0, -3, 1)	()	0	0	minor	minor	i	i, minor	i		i	i	True	i	i, minor		i, minor		i	3	3	3	1	1	1	True	False	False
52.0	8.0	6.5	57	3	A	0.0	1.5	0	2	2	2.0	1.0	1/2	True	0	4.0	4.0	4.0	4a	3	13	False	False				False	4	i		a	i		i	i					m	True	True	(0, -3, 1)	()	0	0	minor	minor	i	i, minor	i		i	i	True	i	i, minor		i, minor		i	3	3	3	0	0	0	True	True	True
52.0	6.0	6.5	60	0	C	0.0	1.5	0	2	2	1.0	1.0	3/8	True	0	4.0	4.0	4.0	4a	4	13	False	False				False	4	i		a	i		i	i					m	True	True	(0, -3, 1)	()	0	0	minor	minor	i	i, minor	i		i	i	True	i	i, minor		i, minor		i	3	3	3	-3	-3	-3	True	False	False
58.0	2.0	7.25	59	5	B	0.0	2.25	0	2	2	1.0	1.0	1/8	True	0	4.0	4.0	4.0	4a	3	29/2	False	False				False	4	i		a	i		i	i					m	True	True	(0, -3, 1)	()	0	0	minor	minor	i	i, minor	i		i	i	True	i	i, minor		i, minor		i	3	3	3	2	2	2	False	False	False
60.0	4.0	7.5	55	1	G	0.0	2.5	0	2	2	2.0	1.0	1/4	True	0	4.0	4.0	4.0	4a	3	15	False	True				False	5	v6	VII	a	i		v6	v		6			m	True	True	(-2, 2, 1)	()	1	-2	minor	minor	i	i, minor	v		i	i	True	v6	v6, minor		v6, minor		v	3	3	3	-2	-2	-2	True	False	True
60.0	2.0	7.5	57	3	A	0.0	2.5	0	2	2	1.0	1.0	1/8	True	0	4.0	4.0	4.0	4a	3	15	False	True				False	5	v6	VII	a	i		v6	v		6			m	True	True	(-2, 2, 1)	()	1	-2	minor	minor	i	i, minor	v		i	i	True	v6	v6, minor		v6, minor		v	3	3	3	0	0	0	False	False	False
62.0	2.0	7.75	55	1	G	0.0	2.75	0	2	2	1.0	1.0	1/8	True	0	4.0	4.0	4.0	4a	3	31/2	False	False				False	5	v6	VII	a	i		v6	v		6			m	True	True	(-2, 2, 1)	()	1	-2	minor	minor	i	i, minor	v		i	i	True	v6	v6, minor		v6, minor		v	3	3	3	-2	-2	-2	True	False	True
64.0	4.0	8.0	53	-1	F	0.0	1.0	1	2	2	2.0	1.0	1/4	True	0	5.0	5.0	5.0	5a	3	16	False	True				False	6	iv6		a	i		iv6	iv		6			m	True	True	(-4, 0, -1)	()	-1	-4	minor	minor	i	i, minor	iv		i	i	True	iv6	iv6, minor		iv6, minor		iv	3	3	3	-4	-4	-4	True	False	True
64.0	2.0	8.0	57	3	A	0.0	1.0	1	2	2	1.0	1.0	1/8	True	0	5.0	5.0	5.0	5a	3	16	False	True				False	6	iv6		a	i		iv6	iv		6			m	True	True	(-4, 0, -1)	()	-1	-4	minor	minor	i	i, minor	iv		i	i	True	iv6	iv6, minor		iv6, minor		iv	3	3	3	0	0	0	True	False	False
66.0	2.0	8.25	55	1	G	0.0	1.25	0	2	2	1.0	1.0	1/8	True	0	5.0	5.0	5.0	5a	3	33/2	False	False				False	6	iv6		a	i		iv6	iv		6			m	True	True	(-4, 0, -1)	()	-1	-4	minor	minor	i	i, minor	iv		i	i	True	iv6	iv6, minor		iv6, minor		iv	3	3	3	-2	-2	-2	False	False	False
68.0	4.0	8.5	52	4	E	0.0	1.5	0	2	2	2.0	1.0	1/4	True	0	5.0	5.0	5.0	5a	3	17	False	True				False	7	V		a	i		V	V					M	True	True	(1, 5, 2)	()	1	1	minor	minor	i	i, minor	V		i	i	True	V	V, minor		V, minor		V	3	3	3	1	1	1	True	True	True
68.0	2.0	8.5	53	-1	F	0.0	1.5	0	2	2	1.0	1.0	1/8	True	0	5.0	5.0	5.0	5a	3	17	False	True				False	7	V		a	i		V	V					M	True	True	(1, 5, 2)	()	1	1	minor	minor	i	i, minor	V		i	i	True	V	V, minor		V, minor		V	3	3	3	-4	-4	-4	False	False	False
70.0	2.0	8.75	52	4	E	0.0	1.75	0	2	2	1.0	1.0	1/8	True	0	5.0	5.0	5.0	5a	3	35/2	False	False				False	7	V		a	i		V	V					M	True	True	(1, 5, 2)	()	1	1	minor	minor	i	i, minor	V		i	i	True	V	V, minor		V, minor		V	3	3	3	1	1	1	True	True	True
72.0	8.0	9.0	53	-1	F	0.0	2.0	2	2	2	1.0	1.0	1/2	True	0	5.0	5.0	5.0	5a	3	18	False	True				False	8	iv6		a	i		iv6	iv		6			m	True	True	(-4, 0, -1)	()	-1	-4	minor	minor	i	i, minor	iv		i	i	True	iv6	iv6, minor		iv6, minor		iv	3	3	3	-4	-4	-4	True	False	True
72.0	8.0	9.0	53	-1	F	0.0	2.0	2	2	2	2.0	1.0	1/2	True	0	5.0	5.0	5.0	5a	3	18	False	True				False	8	iv6		a	i		iv6	iv		6			m	True	True	(-4, 0, -1)	()	-1	-4	minor	minor	i	i, minor	iv		i	i	True	iv6	iv6, minor		iv6, minor		iv	3	3	3	-4	-4	-4	True	False	True
80.0	8.0	10.0	52	4	E	0.0	1.0	1	2	2	1.0	1.0	1/2	True	0	6.0	6.0	6.0	6a	3	20	False	True			\\	True	9	V\\		a	i		V	V					M	True	True	(1, 5, 2)	()	1	1	minor	minor	i	i, minor	V		i	i	True	V	V, minor		V, minor		V	3	3	3	1	1	1	True	True	True
80.0	16.0	10.0	52	4	E	0.0	1.0	1	2	2	2.0	1.0	1	True	0	6.0	6.0	6.0	6a	3	20	False	True			\\	True	9	V\\		a	i		V	V					M	True	True	(1, 5, 2)	()	1	1	minor	minor	i	i, minor	V		i	i	True	V	V, minor		V, minor		V	3	3	3	1	1	1	True	True	True
92.0	4.0	11.5	52	4	E	0.0	2.5	0	2	2	1.0	1.0	1/4	True	0	6.0	6.0	6.0	6a	3	23	False	False				False	9	V\\		a	i		V	V					M	True	True	(1, 5, 2)	()	1	1	minor	minor	i	i, minor	V		i	i	True	V	V, minor		V, minor		V	3	3	3	1	1	1	True	True	True
96.0	4.0	12.0	50	2	D	0.0	1.0	1	2	2	2.0	1.0	1/4	True	0	7.0	7.0	7.0	7a	3	24	False	True				False	10	V/VII		a	i		V/VII	V				VII	M	True	True	(-1, 3, 0)	()	-1	-1	minor	minor	i	i, minor	V/VII	VII	VII/i	VII	False	V/VII	V/VII, minor		V/VII, minor	VII	VII	3	3	1	-1	-1	1	True	True	True
96.0	2.0	12.0	54	6	F	1.0	1.0	1	2	2	1.0	1.0	1/8	True	0	7.0	7.0	7.0	7a	3	24	False	True				False	10	V/VII		a	i		V/VII	V				VII	M	True	True	(-1, 3, 0)	()	-1	-1	minor	minor	i	i, minor	V/VII	VII	VII/i	VII	False	V/VII	V/VII, minor		V/VII, minor	VII	VII	3	3	1	3	3	5	True	False	False
98.0	2.0	12.25	54	6	F	1.0	1.25	0	2	2	1.0	1.0	1/8	True	0	7.0	7.0	7.0	7a	3	49/2	False	False				False	10	V/VII		a	i		V/VII	V				VII	M	True	True	(-1, 3, 0)	()	-1	-1	minor	minor	i	i, minor	V/VII	VII	VII/i	VII	False	V/VII	V/VII, minor		V/VII, minor	VII	VII	3	3	1	3	3	5	True	False	False
100.0	8.0	12.5	50	2	D	0.0	1.5	0	2	2	2.0	1.0	1/2	False	0	7.0	7.0	7.0	7a	3	25	False	True				False	11	V(64)/VII		a	i		V(64)/VII	V			64	VII	M	True	True	(-1, -2, 2)	()	-1	-1	minor	minor	i	i, minor	V/VII	VII	VII/i	VII	False	V/VII	V/VII, minor		V(64)/VII, minor	VII	VII	3	3	1	-1	-1	1	True	True	True
100.0	8.0	12.5	55	1	G	0.0	1.5	0	2	2	1.0	1.0	1/2	True	0	7.0	7.0	7.0	7a	3	25	False	True				False	11	V(64)/VII		a	i		V(64)/VII	V			64	VII	M	True	True	(-1, -2, 2)	()	-1	-1	minor	minor	i	i, minor	V/VII	VII	VII/i	VII	False	V/VII	V/VII, minor		V(64)/VII, minor	VII	VII	3	3	1	-2	-2	0	True	False	False
108.0	4.0	13.5	50	2	D	0.0	2.5	0	2	2	2.0	1.0	1/4	False	0	7.0	7.0	7.0	7a	3	27	False	True				False	13	V/VII		a	i		V/VII	V				VII	M	True	True	(-1, 3, 0)	()	-1	-1	minor	minor	i	i, minor	V/VII	VII	VII/i	VII	False	V/VII	V/VII, minor		V/VII, minor	VII	VII	3	3	1	-1	-1	1	True	True	True
108.0	4.0	13.5	54	6	F	1.0	2.5	0	2	2	1.0	1.0	1/4	True	0	7.0	7.0	7.0	7a	3	27	False	True				False	13	V/VII		a	i		V/VII	V				VII	M	True	True	(-1, 3, 0)	()	-1	-1	minor	minor	i	i, minor	V/VII	VII	VII/i	VII	False	V/VII	V/VII, minor		V/VII, minor	VII	VII	3	3	1	3	3	5	True	False	False
112.0	2.0	14.0	50	2	D	0.0	1.0	1	2	2	1.0	1.0	1/8	True	0	8.0	8.0	8.0	8a	3	28	False	False				False	13	V/VII		a	i		V/VII	V				VII	M	True	True	(-1, 3, 0)	()	-1	-1	minor	minor	i	i, minor	V/VII	VII	VII/i	VII	False	V/VII	V/VII, minor		V/VII, minor	VII	VII	3	3	1	-1	-1	1	True	True	True
112.0	8.0	14.0	50	2	D	0.0	1.0	1	2	2	2.0	1.0	1/2	True	0	8.0	8.0	8.0	8a	3	28	False	False				False	13	V/VII		a	i		V/VII	V				VII	M	True	True	(-1, 3, 0)	()	-1	-1	minor	minor	i	i, minor	V/VII	VII	VII/i	VII	False	V/VII	V/VII, minor		V/VII, minor	VII	VII	3	3	1	-1	-1	1	True	True	True
114.0	2.0	14.25	48	0	C	0.0	1.25	0	2	2	1.0	1.0	1/8	True	0	8.0	8.0	8.0	8a	3	57/2	False	False				False	13	V/VII		a	i		V/VII	V				VII	M	True	True	(-1, 3, 0)	()	-1	-1	minor	minor	i	i, minor	V/VII	VII	VII/i	VII	False	V/VII	V/VII, minor		V/VII, minor	VII	VII	3	3	1	-3	-3	-1	False	False	False
116.0	2.0	14.5	48	0	C	0.0	1.5	0	2	2	1.0	1.0	1/8	True	0	8.0	8.0	8.0	8a	3	29	False	True				False	14	V7/VII		a	i		V7/VII	V		7		VII	Mm7	True	True	(-1, 3, 0, -3)	()	-1	-1	minor	minor	i	i, minor	V/VII	VII	VII/i	VII	False	V7/VII	V7/VII, minor		V7/VII, minor	VII	VII	3	3	1	-3	-3	-1	True	False	False
118.0	2.0	14.75	47	5	B	0.0	1.75	0	2	2	1.0	1.0	1/8	True	0	8.0	8.0	8.0	8a	2	59/2	False	False				False	14	V7/VII		a	i		V7/VII	V		7		VII	Mm7	True	True	(-1, 3, 0, -3)	()	-1	-1	minor	minor	i	i, minor	V/VII	VII	VII/i	VII	False	V7/VII	V7/VII, minor		V7/VII, minor	VII	VII	3	3	1	2	2	4	False	False	False
120.0	8.0	15.0	43	1	G	0.0	2.0	2	2	2	2.0	1.0	1/2	True	0	8.0	8.0	8.0	8a	2	30	False	True			\\	True	15	VII\\		a	i		VII	VII					M	True	True	(-2, 2, -1)	()	-2	-2	minor	minor	i	i, minor	VII		i	i	True	VII	VII, minor		VII, minor		VII	3	3	3	-2	-2	-2	True	True	True
120.0	4.0	15.0	47	5	B	0.0	2.0	2	2	2	1.0	1.0	1/4	True	0	8.0	8.0	8.0	8a	2	30	False	True			\\	True	15	VII\\		a	i		VII	VII					M	True	True	(-2, 2, -1)	()	-2	-2	minor	minor	i	i, minor	VII		i	i	True	VII	VII, minor		VII, minor		VII	3	3	3	2	2	2	True	False	False
124.0	4.0	15.5	47	5	B	0.0	2.5	0	2	2	1.0	1.0	1/4	True	0	8.0	8.0	8.0	8a	2	31	False	False				False	15	VII\\		a	i		VII	VII					M	True	True	(-2, 2, -1)	()	-2	-2	minor	minor	i	i, minor	VII		i	i	True	VII	VII, minor		VII, minor		VII	3	3	3	2	2	2	True	False	False
128.0	8.0	16.0	43	1	G	0.0	1.0	1	2	2	2.0	1.0	1/2	False	0	9.0	9.0	9.0	9a	2	32	False	False				False	15	VII\\		a	i		VII	VII					M	True	True	(-2, 2, -1)	()	-2	-2	minor	minor	i	i, minor	VII		i	i	True	VII	VII, minor		VII, minor		VII	3	3	3	-2	-2	-2	True	True	True
128.0	2.0	16.0	55	1	G	0.0	1.0	1	2	2	1.0	1.0	1/8	True	0	9.0	9.0	9.0	9a	3	32	False	False				False	15	VII\\		a	i		VII	VII					M	True	True	(-2, 2, -1)	()	-2	-2	minor	minor	i	i, minor	VII		i	i	True	VII	VII, minor		VII, minor		VII	3	3	3	-2	-2	-2	True	True	True
130.0	2.0	16.25	53	-1	F	0.0	1.25	0	2	2	1.0	1.0	1/8	True	0	9.0	9.0	9.0	9a	3	65/2	False	False				False	15	VII\\		a	i		VII	VII					M	True	True	(-2, 2, -1)	()	-2	-2	minor	minor	i	i, minor	VII		i	i	True	VII	VII, minor		VII, minor		VII	3	3	3	-4	-4	-4	False	False	False
132.0	2.0	16.5	53	-1	F	0.0	1.5	0	2	2	1.0	1.0	1/8	True	0	9.0	9.0	9.0	9a	3	33	False	True				False	16	V7/III		a	i		V7/III	V		7		III	Mm7	True	True	(-2, 2, -1, -4)	()	-2	-2	minor	minor	i	i, minor	V/III	III	III/i	III	False	V7/III	V7/III, minor		V7/III, minor	III	III	3	3	0	-4	-4	-1	True	False	False
134.0	2.0	16.75	52	4	E	0.0	1.75	0	2	2	1.0	1.0	1/8	True	0	9.0	9.0	9.0	9a	3	67/2	False	False				False	16	V7/III		a	i		V7/III	V		7		III	Mm7	True	True	(-2, 2, -1, -4)	()	-2	-2	minor	minor	i	i, minor	V/III	III	III/i	III	False	V7/III	V7/III, minor		V7/III, minor	III	III	3	3	0	1	1	4	False	False	False
136.0	4.0	17.0	43	1	G	0.0	2.0	2	2	2	2.0	1.0	1/4	True	0	9.0	9.0	9.0	9a	2	34	False	True				False	17	V(6)/III		a	i		V(6)/III	V			6	III	M	True	True	(-2, 2, 1)	()	-2	-2	minor	minor	i	i, minor	V/III	III	III/i	III	False	V/III	V/III, minor		V(6)/III, minor	III	III	3	3	0	-2	-2	1	True	True	True
136.0	1.0	17.0	52	4	E	0.0	2.0	2	2	2	1.0	1.0	1/16	True	0	9.0	9.0	9.0	9a	3	34	False	True				False	17	V(6)/III		a	i		V(6)/III	V			6	III	M	True	True	(-2, 2, 1)	()	-2	-2	minor	minor	i	i, minor	V/III	III	III/i	III	False	V/III	V/III, minor		V(6)/III, minor	III	III	3	3	0	1	1	4	True	False	False
137.0	3.0	17.125	50	2	D	0.0	2.125	0	2	2	1.0	1.0	3/16	True	0	9.0	9.0	9.0	9a	3	137/4	False	False				False	17	V(6)/III		a	i		V(6)/III	V			6	III	M	True	True	(-2, 2, 1)	()	-2	-2	minor	minor	i	i, minor	V/III	III	III/i	III	False	V/III	V/III, minor		V(6)/III, minor	III	III	3	3	0	-1	-1	2	False	False	False
140.0	4.0	17.5	43	1	G	0.0	2.5	0	2	2	2.0	1.0	1/4	False	0	9.0	9.0	9.0	9a	2	35	False	True				False	18	V(64)/III		a	i		V(64)/III	V			64	III	M	True	True	(-2, -3, 1)	()	-2	-2	minor	minor	i	i, minor	V/III	III	III/i	III	False	V/III	V/III, minor		V(64)/III, minor	III	III	3	3	0	-2	-2	1	True	True	True
140.0	1.0	17.5	52	4	E	0.0	2.5	0	2	2	1.0	1.0	1/16	True	0	9.0	9.0	9.0	9a	3	35	False	True				False	18	V(64)/III		a	i		V(64)/III	V			64	III	M	True	True	(-2, -3, 1)	()	-2	-2	minor	minor	i	i, minor	V/III	III	III/i	III	False	V/III	V/III, minor		V(64)/III, minor	III	III	3	3	0	1	1	4	True	False	False
141.0	3.0	17.625	48	0	C	0.0	2.625	0	2	2	1.0	1.0	3/16	True	0	9.0	9.0	9.0	9a	3	141/4	False	False				False	18	V(64)/III		a	i		V(64)/III	V			64	III	M	True	True	(-2, -3, 1)	()	-2	-2	minor	minor	i	i, minor	V/III	III	III/i	III	False	V/III	V/III, minor		V(64)/III, minor	III	III	3	3	0	-3	-3	0	True	False	False
144.0	4.0	18.0	43	1	G	0.0	1.0	1	2	2	2.0	1.0	1/4	False	0	10.0	10.0	10.0	10a	2	36	False	True				False	19	V(4)/III		a	i		V(4)/III	V			4	III	M	True	True	(-2, -3, -1)	()	-2	-2	minor	minor	i	i, minor	V/III	III	III/i	III	False	V/III	V/III, minor		V(4)/III, minor	III	III	3	3	0	-2	-2	1	True	True	True
144.0	8.0	18.0	55	1	G	0.0	1.0	1	2	2	1.0	1.0	1/2	True	0	10.0	10.0	10.0	10a	3	36	False	True				False	19	V(4)/III		a	i		V(4)/III	V			4	III	M	True	True	(-2, -3, -1)	()	-2	-2	minor	minor	i	i, minor	V/III	III	III/i	III	False	V/III	V/III, minor		V(4)/III, minor	III	III	3	3	0	-2	-2	1	True	True	True
148.0	4.0	18.5	43	1	G	0.0	1.5	0	2	2	2.0	1.0	1/4	False	0	10.0	10.0	10.0	10a	2	37	False	True				False	20	V/III		a	i		V/III	V				III	M	True	True	(-2, 2, -1)	()	-2	-2	minor	minor	i	i, minor	V/III	III	III/i	III	False	V/III	V/III, minor		V/III, minor	III	III	3	3	0	-2	-2	1	True	True	True
152.0	8.0	19.0	48	0	C	0.0	2.0	2	2	2	1.0	1.0	1/2	True	0	10.0	10.0	10.0	10a	3	38	False	True			\\	True	21	III\\		a	i		III	III					M	True	True	(-3, 1, -2)	()	-3	-3	minor	minor	i	i, minor	III		i	i	True	III	III, minor		III, minor		III	3	3	3	-3	-3	-3	True	True	True
152.0	8.0	19.0	48	0	C	0.0	2.0	2	2	2	2.0	1.0	1/2	True	0	10.0	10.0	10.0	10a	3	38	False	True			\\	True	21	III\\		a	i		III	III					M	True	True	(-3, 1, -2)	()	-3	-3	minor	minor	i	i, minor	III		i	i	True	III	III, minor		III, minor		III	3	3	3	-3	-3	-3	True	True	True
160.0	8.0	20.0	50	2	D	0.0	1.0	1	2	2	2.0	1.0	1/2	True	0	11.0	11.0	11.0	11a	3	40	False	True				False	22	iv		a	i		iv	iv					m	True	True	(-1, -4, 0)	()	-1	-1	minor	minor	i	i, minor	iv		i	i	True	iv	iv, minor		iv, minor		iv	3	3	3	-1	-1	-1	True	True	True
164.0	4.0	20.5	53	-1	F	0.0	1.5	0	2	2	1.0	1.0	1/4	True	0	11.0	11.0	11.0	11a	3	41	False	False				False	22	iv		a	i		iv	iv					m	True	True	(-1, -4, 0)	()	-1	-1	minor	minor	i	i, minor	iv		i	i	True	iv	iv, minor		iv, minor		iv	3	3	3	-4	-4	-4	True	False	False
168.0	4.0	21.0	52	4	E	0.0	2.0	2	2	2	2.0	1.0	1/4	True	0	11.0	11.0	11.0	11a	3	42	False	True				False	23	V		a	i		V	V					M	True	True	(1, 5, 2)	()	1	1	minor	minor	i	i, minor	V		i	i	True	V	V, minor		V, minor		V	3	3	3	1	1	1	True	True	True
168.0	2.0	21.0	56	8	G	1.0	2.0	2	2	2	1.0	1.0	1/8	True	0	11.0	11.0	11.0	11a	3	42	False	True				False	23	V		a	i		V	V					M	True	True	(1, 5, 2)	()	1	1	minor	minor	i	i, minor	V		i	i	True	V	V, minor		V, minor		V	3	3	3	5	5	5	True	False	False
170.0	2.0	21.25	56	8	G	1.0	2.25	0	2	2	1.0	1.0	1/8	True	0	11.0	11.0	11.0	11a	3	85/2	False	False				False	23	V		a	i		V	V					M	True	True	(1, 5, 2)	()	1	1	minor	minor	i	i, minor	V		i	i	True	V	V, minor		V, minor		V	3	3	3	5	5	5	True	False	False
172.0	4.0	21.5	52	4	E	0.0	2.5	0	2	2	2.0	1.0	1/4	False	0	11.0	11.0	11.0	11a	3	43	False	True				False	24	V(64)		a	i		V(64)	V			64		M	True	True	(1, 0, -3)	()	1	1	minor	minor	i	i, minor	V		i	i	True	V	V, minor		V(64), minor		V	3	3	3	1	1	1	True	True	True
172.0	4.0	21.5	57	3	A	0.0	2.5	0	2	2	1.0	1.0	1/4	True	0	11.0	11.0	11.0	11a	3	43	False	True				False	24	V(64)		a	i		V(64)	V			64		M	True	True	(1, 0, -3)	()	1	1	minor	minor	i	i, minor	V		i	i	True	V	V, minor		V(64), minor		V	3	3	3	0	0	0	True	False	False
176.0	4.0	22.0	52	4	E	0.0	1.0	1	2	2	2.0	1.0	1/4	False	0	12.0	12.0	12.0	12a	3	44	False	True				False	25	V(4)		a	i		V(4)	V			4		M	True	True	(1, 0, 2)	()	1	1	minor	minor	i	i, minor	V		i	i	True	V	V, minor		V(4), minor		V	3	3	3	1	1	1	True	True	True
176.0	4.0	22.0	57	3	A	0.0	1.0	1	2	2	1.0	1.0	1/4	False	0	12.0	12.0	12.0	12a	3	44	False	True				False	25	V(4)		a	i		V(4)	V			4		M	True	True	(1, 0, 2)	()	1	1	minor	minor	i	i, minor	V		i	i	True	V	V, minor		V(4), minor		V	3	3	3	0	0	0	True	False	False
180.0	4.0	22.5	52	4	E	0.0	1.5	0	2	2	2.0	1.0	1/4	False	0	12.0	12.0	12.0	12a	3	45	False	True				False	26	V		a	i		V	V					M	True	True	(1, 5, 2)	()	1	1	minor	minor	i	i, minor	V		i	i	True	V	V, minor		V, minor		V	3	3	3	1	1	1	True	True	True
180.0	4.0	22.5	56	8	G	1.0	1.5	0	2	2	1.0	1.0	1/4	True	0	12.0	12.0	12.0	12a	3	45	False	True				False	26	V		a	i		V	V					M	True	True	(1, 5, 2)	()	1	1	minor	minor	i	i, minor	V		i	i	True	V	V, minor		V, minor		V	3	3	3	5	5	5	True	False	False
184.0	2.0	23.0	52	4	E	0.0	2.0	2	2	2	1.0	1.0	1/8	True	0	12.0	12.0	12.0	12a	3	46	False	False				False	26	V		a	i		V	V					M	True	True	(1, 5, 2)	()	1	1	minor	minor	i	i, minor	V		i	i	True	V	V, minor		V, minor		V	3	3	3	1	1	1	True	True	True
184.0	8.0	23.0	52	4	E	0.0	2.0	2	2	2	2.0	1.0	1/2	True	0	12.0	12.0	12.0	12a	3	46	False	False				False	26	V		a	i		V	V					M	True	True	(1, 5, 2)	()	1	1	minor	minor	i	i, minor	V		i	i	True	V	V, minor		V, minor		V	3	3	3	1	1	1	True	True	True
186.0	2.0	23.25	50	2	D	0.0	2.25	0	2	2	1.0	1.0	1/8	True	0	12.0	12.0	12.0	12a	3	93/2	False	False				False	26	V		a	i		V	V					M	True	True	(1, 5, 2)	()	1	1	minor	minor	i	i, minor	V		i	i	True	V	V, minor		V, minor		V	3	3	3	-1	-1	-1	False	False	False
188.0	2.0	23.5	50	2	D	0.0	2.5	0	2	2	1.0	1.0	1/8	True	0	12.0	12.0	12.0	12a	3	47	False	True				False	27	V7		a	i		V7	V		7			Mm7	True	True	(1, 5, 2, -1)	()	1	1	minor	minor	i	i, minor	V		i	i	True	V7	V7, minor		V7, minor		V	3	3	3	-1	-1	-1	True	False	False
190.0	2.0	23.75	49	7	C	1.0	2.75	0	2	2	1.0	1.0	1/8	True	0	12.0	12.0	12.0	12a	3	95/2	False	False				False	27	V7		a	i		V7	V		7			Mm7	True	True	(1, 5, 2, -1)	()	1	1	minor	minor	i	i, minor	V		i	i	True	V7	V7, minor		V7, minor		V	3	3	3	4	4	4	False	False	False
192.0	16.0	24.0	45	3	A	0.0	1.0	1	2	2	3.0	1.0	1	True	0	13.0	13.0	13.0	13a	2	48	False	True			\\	True	28	I\\		a	i		I	I					M	True	True	(0, 4, 1)	()	0	0	minor	minor	i	i, minor	I		i	i	True	I	I, minor		I, minor		I	3	3	3	0	0	0	True	True	True
192.0	4.0	24.0	49	7	C	1.0	1.0	1	2	2	2.0	1.0	1/4	True	0	13.0	13.0	13.0	13a	3	48	False	True			\\	True	28	I\\		a	i		I	I					M	True	True	(0, 4, 1)	()	0	0	minor	minor	i	i, minor	I		i	i	True	I	I, minor		I, minor		I	3	3	3	4	4	4	True	False	False
196.0	4.0	24.5	49	7	C	1.0	1.5	0	2	2	2.0	1.0	1/4	True	0	13.0	13.0	13.0	13a	3	49	False	False				False	28	I\\		a	i		I	I					M	True	True	(0, 4, 1)	()	0	0	minor	minor	i	i, minor	I		i	i	True	I	I, minor		I, minor		I	3	3	3	4	4	4	True	False	False
200.0	2.0	25.0	57	3	A	0.0	2.0	2	2	2	2.0	1.0	1/8	True	0	13.0	13.0	13.0	13a	3	50	False	False				False	28	I\\		a	i		I	I					M	True	True	(0, 4, 1)	()	0	0	minor	minor	i	i, minor	I		i	i	True	I	I, minor		I, minor		I	3	3	3	0	0	0	True	True	True
202.0	2.0	25.25	55	1	G	0.0	2.25	0	2	2	2.0	1.0	1/8	True	0	13.0	13.0	13.0	13a	3	101/2	False	False				False	28	I\\		a	i		I	I					M	True	True	(0, 4, 1)	()	0	0	minor	minor	i	i, minor	I		i	i	True	I	I, minor		I, minor		I	3	3	3	-2	-2	-2	False	False	False
204.0	2.0	25.5	55	1	G	0.0	2.5	0	2	2	2.0	1.0	1/8	True	0	13.0	13.0	13.0	13a	3	51	False	True				False	29	V7/iv		a	i		V7/iv	V		7		iv	Mm7	True	True	(0, 4, 1, -2)	()	0	0	minor	minor	i	i, minor	V/iv	iv	iv/i	iv	True	V7/iv	V7/iv, minor		V7/iv, minor	iv	iv	3	3	2	-2	-2	-1	True	False	False
206.0	2.0	25.75	53	-1	F	0.0	2.75	0	2	2	2.0	1.0	1/8	True	0	13.0	13.0	13.0	13a	3	103/2	False	False				False	29	V7/iv		a	i		V7/iv	V		7		iv	Mm7	True	True	(0, 4, 1, -2)	()	0	0	minor	minor	i	i, minor	V/iv	iv	iv/i	iv	True	V7/iv	V7/iv, minor		V7/iv, minor	iv	iv	3	3	2	-4	-4	-3	False	False	False
208.0	4.0	26.0	45	3	A	0.0	1.0	1	2	2	3.0	1.0	1/4	True	0	14.0	14.0	14.0	14a	2	52	False	True				False	30	V(6)/iv		a	i		V(6)/iv	V			6	iv	M	True	True	(0, 4, -4)	()	0	0	minor	minor	i	i, minor	V/iv	iv	iv/i	iv	True	V/iv	V/iv, minor		V(6)/iv, minor	iv	iv	3	3	2	0	0	1	True	True	True
208.0	1.0	26.0	53	-1	F	0.0	1.0	1	2	2	2.0	1.0	1/16	True	0	14.0	14.0	14.0	14a	3	52	False	True				False	30	V(6)/iv		a	i		V(6)/iv	V			6	iv	M	True	True	(0, 4, -4)	()	0	0	minor	minor	i	i, minor	V/iv	iv	iv/i	iv	True	V/iv	V/iv, minor		V(6)/iv, minor	iv	iv	3	3	2	-4	-4	-3	True	False	False
209.0	3.0	26.125	52	4	E	0.0	1.125	0	2	2	2.0	1.0	3/16	True	0	14.0	14.0	14.0	14a	3	209/4	False	False				False	30	V(6)/iv		a	i		V(6)/iv	V			6	iv	M	True	True	(0, 4, -4)	()	0	0	minor	minor	i	i, minor	V/iv	iv	iv/i	iv	True	V/iv	V/iv, minor		V(6)/iv, minor	iv	iv	3	3	2	1	1	2	False	False	False
212.0	4.0	26.5	45	3	A	0.0	1.5	0	2	2	3.0	1.0	1/4	False	0	14.0	14.0	14.0	14a	2	53	False	True				False	31	V(64)/iv		a	i		V(64)/iv	V			64	iv	M	True	True	(0, -1, -4)	()	0	0	minor	minor	i	i, minor	V/iv	iv	iv/i	iv	True	V/iv	V/iv, minor		V(64)/iv, minor	iv	iv	3	3	2	0	0	1	True	True	True
212.0	1.0	26.5	53	-1	F	0.0	1.5	0	2	2	2.0	1.0	1/16	True	0	14.0	14.0	14.0	14a	3	53	False	True				False	31	V(64)/iv		a	i		V(64)/iv	V			64	iv	M	True	True	(0, -1, -4)	()	0	0	minor	minor	i	i, minor	V/iv	iv	iv/i	iv	True	V/iv	V/iv, minor		V(64)/iv, minor	iv	iv	3	3	2	-4	-4	-3	True	False	False
213.0	3.0	26.625	50	2	D	0.0	1.625	0	2	2	2.0	1.0	3/16	True	0	14.0	14.0	14.0	14a	3	213/4	False	False				False	31	V(64)/iv		a	i		V(64)/iv	V			64	iv	M	True	True	(0, -1, -4)	()	0	0	minor	minor	i	i, minor	V/iv	iv	iv/i	iv	True	V/iv	V/iv, minor		V(64)/iv, minor	iv	iv	3	3	2	-1	-1	0	True	False	False
216.0	4.0	27.0	45	3	A	0.0	2.0	2	2	2	3.0	1.0	1/4	False	0	14.0	14.0	14.0	14a	2	54	False	True				False	32	V(4)/iv		a	i		V(4)/iv	V			4	iv	M	True	True	(0, -1, 1)	()	0	0	minor	minor	i	i, minor	V/iv	iv	iv/i	iv	True	V/iv	V/iv, minor		V(4)/iv, minor	iv	iv	3	3	2	0	0	1	True	True	True
216.0	8.0	27.0	52	4	E	0.0	2.0	2	2	2	2.0	1.0	1/2	True	0	14.0	14.0	14.0	14a	3	54	False	True				False	32	V(4)/iv		a	i		V(4)/iv	V			4	iv	M	True	True	(0, -1, 1)	()	0	0	minor	minor	i	i, minor	V/iv	iv	iv/i	iv	True	V/iv	V/iv, minor		V(4)/iv, minor	iv	iv	3	3	2	1	1	2	True	False	False
220.0	4.0	27.5	45	3	A	0.0	2.5	0	2	2	3.0	1.0	1/4	False	0	14.0	14.0	14.0	14a	2	55	False	True				False	33	V/iv		a	i		V/iv	V				iv	M	True	True	(0, 4, 1)	()	0	0	minor	minor	i	i, minor	V/iv	iv	iv/i	iv	True	V/iv	V/iv, minor		V/iv, minor	iv	iv	3	3	2	0	0	1	True	True	True
224.0	8.0	28.0	50	2	D	0.0	1.0	1	2	2	2.0	1.0	1/2	True	0	15.0	15.0	15.0	15a	3	56	False	True			\\	True	34	iv\\	IV\\	a	i		iv	iv					m	True	True	(-1, -4, 0)	()	-1	-1	minor	minor	i	i, minor	iv		i	i	True	iv	iv, minor		iv, minor		iv	3	3	3	-1	-1	-1	True	True	True
224.0	8.0	28.0	50	2	D	0.0	1.0	1	2	2	3.0	1.0	1/2	True	0	15.0	15.0	15.0	15a	3	56	False	True			\\	True	34	iv\\	IV\\	a	i		iv	iv					m	True	True	(-1, -4, 0)	()	-1	-1	minor	minor	i	i, minor	iv		i	i	True	iv	iv, minor		iv, minor		iv	3	3	3	-1	-1	-1	True	True	True
232.0	8.0	29.0	50	2	D	0.0	2.0	2	2	2	3.0	1.0	1/2	True	0	15.0	15.0	15.0	15a	3	58	False	True				False	35	V/VII		a	i		V/VII	V				VII	M	True	True	(-1, 3, 0)	()	-1	-1	minor	minor	i	i, minor	V/VII	VII	VII/i	VII	False	V/VII	V/VII, minor		V/VII, minor	VII	VII	3	3	1	-1	-1	1	True	True	True
234.0	2.0	29.25	62	2	D	0.0	2.25	0	2	2	1.0	1.0	1/8	True	0	15.0	15.0	15.0	15a	4	117/2	False	False				False	35	V/VII		a	i		V/VII	V				VII	M	True	True	(-1, 3, 0)	()	-1	-1	minor	minor	i	i, minor	V/VII	VII	VII/i	VII	False	V/VII	V/VII, minor		V/VII, minor	VII	VII	3	3	1	-1	-1	1	True	True	True
236.0	2.0	29.5	60	0	C	0.0	2.5	0	2	2	1.0	1.0	1/8	True	0	15.0	15.0	15.0	15a	4	59	False	False				False	35	V/VII		a	i		V/VII	V				VII	M	True	True	(-1, 3, 0)	()	-1	-1	minor	minor	i	i, minor	V/VII	VII	VII/i	VII	False	V/VII	V/VII, minor		V/VII, minor	VII	VII	3	3	1	-3	-3	-1	False	False	False
238.0	2.0	29.75	59	5	B	0.0	2.75	0	2	2	1.0	1.0	1/8	True	0	15.0	15.0	15.0	15a	3	119/2	False	False				False	35	V/VII		a	i		V/VII	V				VII	M	True	True	(-1, 3, 0)	()	-1	-1	minor	minor	i	i, minor	V/VII	VII	VII/i	VII	False	V/VII	V/VII, minor		V/VII, minor	VII	VII	3	3	1	2	2	4	False	False	False
240.0	8.0	30.0	45	3	A	0.0	1.0	1	2	2	3.0	1.0	1/2	True	0	16.0	16.0	16.0	16a	2	60	False	True				False	36	ii/VII	viio6/VII	a	i		ii/VII	ii				VII	m	True	True	(0, -3, 1)	()	0	0	minor	minor	i	i, minor	ii/VII	VII	VII/i	VII	False	ii/VII	ii/VII, minor		ii/VII, minor	VII	VII	3	3	1	0	0	2	True	True	True
240.0	4.0	30.0	60	0	C	0.0	1.0	1	2	2	1.0	1.0	1/4	True	0	16.0	16.0	16.0	16a	4	60	False	True				False	36	ii/VII	viio6/VII	a	i		ii/VII	ii				VII	m	True	True	(0, -3, 1)	()	0	0	minor	minor	i	i, minor	ii/VII	VII	VII/i	VII	False	ii/VII	ii/VII, minor		ii/VII, minor	VII	VII	3	3	1	-3	-3	-1	True	False	False
244.0	4.0	30.5	57	3	A	0.0	1.5	0	2	2	1.0	1.0	1/4	True	0	16.0	16.0	16.0	16a	3	61	False	False				False	36	ii/VII	viio6/VII	a	i		ii/VII	ii				VII	m	True	True	(0, -3, 1)	()	0	0	minor	minor	i	i, minor	ii/VII	VII	VII/i	VII	False	ii/VII	ii/VII, minor		ii/VII, minor	VII	VII	3	3	1	0	0	2	True	True	True
248.0	8.0	31.0	43	1	G	0.0	2.0	2	2	2	3.0	1.0	1/2	True	0	16.0	16.0	16.0	16a	2	62	False	True				False	37	VII		a	i		VII	VII					M	True	True	(-2, 2, -1)	()	-2	-2	minor	minor	i	i, minor	VII		i	i	True	VII	VII, minor		VII, minor		VII	3	3	3	-2	-2	-2	True	True	True
248.0	2.0	31.0	59	5	B	0.0	2.0	2	2	2	1.0	1.0	1/8	True	0	16.0	16.0	16.0	16a	3	62	False	True				False	37	VII		a	i		VII	VII					M	True	True	(-2, 2, -1)	()	-2	-2	minor	minor	i	i, minor	VII		i	i	True	VII	VII, minor		VII, minor		VII	3	3	3	2	2	2	True	False	False
250.0	2.0	31.25	55	1	G	0.0	2.25	0	2	2	2.0	1.0	1/8	True	0	16.0	16.0	16.0	16a	3	125/2	False	False				False	37	VII		a	i		VII	VII					M	True	True	(-2, 2, -1)	()	-2	-2	minor	minor	i	i, minor	VII		i	i	True	VII	VII, minor		VII, minor		VII	3	3	3	-2	-2	-2	True	True	True
250.0	2.0	31.25	59	5	B	0.0	2.25	0	2	2	1.0	1.0	1/8	True	0	16.0	16.0	16.0	16a	3	125/2	False	False				False	37	VII		a	i		VII	VII					M	True	True	(-2, 2, -1)	()	-2	-2	minor	minor	i	i, minor	VII		i	i	True	VII	VII, minor		VII, minor		VII	3	3	3	2	2	2	True	False	False
252.0	2.0	31.5	53	-1	F	0.0	2.5	0	2	2	2.0	1.0	1/8	True	0	16.0	16.0	16.0	16a	3	63	False	True				False	38	vi6/VII		a	i		vi6/VII	vi		6		VII	m	True	True	(-2, 2, 1)	()	1	-2	minor	minor	i	i, minor	vi/VII	VII	VII/i	VII	False	vi6/VII	vi6/VII, minor		vi6/VII, minor	VII	VII	3	3	1	-4	-4	-2	False	False	False
252.0	2.0	31.5	57	3	A	0.0	2.5	0	2	2	1.0	1.0	1/8	True	0	16.0	16.0	16.0	16a	3	63	False	True				False	38	vi6/VII		a	i		vi6/VII	vi		6		VII	m	True	True	(-2, 2, 1)	()	1	-2	minor	minor	i	i, minor	vi/VII	VII	VII/i	VII	False	vi6/VII	vi6/VII, minor		vi6/VII, minor	VII	VII	3	3	1	0	0	2	False	False	False
254.0	2.0	31.75	52	4	E	0.0	2.75	0	2	2	2.0	1.0	1/8	True	0	16.0	16.0	16.0	16a	3	127/2	False	False				False	38	vi6/VII		a	i		vi6/VII	vi		6		VII	m	True	True	(-2, 2, 1)	()	1	-2	minor	minor	i	i, minor	vi/VII	VII	VII/i	VII	False	vi6/VII	vi6/VII, minor		vi6/VII, minor	VII	VII	3	3	1	1	1	3	True	True	False
254.0	2.0	31.75	55	1	G	0.0	2.75	0	2	2	1.0	1.0	1/8	True	0	16.0	16.0	16.0	16a	3	127/2	False	False				False	38	vi6/VII		a	i		vi6/VII	vi		6		VII	m	True	True	(-2, 2, 1)	()	1	-2	minor	minor	i	i, minor	vi/VII	VII	VII/i	VII	False	vi6/VII	vi6/VII, minor		vi6/VII, minor	VII	VII	3	3	1	-2	-2	0	True	False	True
256.0	8.0	32.0	50	2	D	0.0	1.0	1	2	2	3.0	1.0	1/2	True	0	17.0	17.0	17.0	17a	3	64	False	True				False	39	v/VII		a	i		v/VII	v				VII	m	True	True	(-1, -4, 0)	()	-1	-1	minor	minor	i	i, minor	v/VII	VII	VII/i	VII	False	v/VII	v/VII, minor		v/VII, minor	VII	VII	3	3	1	-1	-1	1	True	True	True
256.0	4.0	32.0	53	-1	F	0.0	1.0	1	2	2	2.0	1.0	1/4	True	0	17.0	17.0	17.0	17a	3	64	False	True				False	39	v/VII		a	i		v/VII	v				VII	m	True	True	(-1, -4, 0)	()	-1	-1	minor	minor	i	i, minor	v/VII	VII	VII/i	VII	False	v/VII	v/VII, minor		v/VII, minor	VII	VII	3	3	1	-4	-4	-2	True	False	False
256.0	4.0	32.0	57	3	A	0.0	1.0	1	2	2	1.0	1.0	1/4	True	0	17.0	17.0	17.0	17a	3	64	False	True				False	39	v/VII		a	i		v/VII	v				VII	m	True	True	(-1, -4, 0)	()	-1	-1	minor	minor	i	i, minor	v/VII	VII	VII/i	VII	False	v/VII	v/VII, minor		v/VII, minor	VII	VII	3	3	1	0	0	2	True	False	False
260.0	4.0	32.5	50	2	D	0.0	1.5	0	2	2	2.0	1.0	1/4	True	0	17.0	17.0	17.0	17a	3	65	False	False				False	39	v/VII		a	i		v/VII	v				VII	m	True	True	(-1, -4, 0)	()	-1	-1	minor	minor	i	i, minor	v/VII	VII	VII/i	VII	False	v/VII	v/VII, minor		v/VII, minor	VII	VII	3	3	1	-1	-1	1	True	True	True
260.0	4.0	32.5	57	3	A	0.0	1.5	0	2	2	1.0	1.0	1/4	True	0	17.0	17.0	17.0	17a	3	65	False	False				False	39	v/VII		a	i		v/VII	v				VII	m	True	True	(-1, -4, 0)	()	-1	-1	minor	minor	i	i, minor	v/VII	VII	VII/i	VII	False	v/VII	v/VII, minor		v/VII, minor	VII	VII	3	3	1	0	0	2	True	False	False
264.0	8.0	33.0	48	0	C	0.0	2.0	2	2	2	3.0	1.0	1/2	True	0	17.0	17.0	17.0	17a	3	66	False	True				False	40	IV/VII		a	i		IV/VII	IV				VII	M	True	True	(-3, 1, -2)	()	-3	-3	minor	minor	i	i, minor	IV/VII	VII	VII/i	VII	False	IV/VII	IV/VII, minor		IV/VII, minor	VII	VII	3	3	1	-3	-3	-1	True	True	True
264.0	2.0	33.0	52	4	E	0.0	2.0	2	2	2	2.0	1.0	1/8	True	0	17.0	17.0	17.0	17a	3	66	False	True				False	40	IV/VII		a	i		IV/VII	IV				VII	M	True	True	(-3, 1, -2)	()	-3	-3	minor	minor	i	i, minor	IV/VII	VII	VII/i	VII	False	IV/VII	IV/VII, minor		IV/VII, minor	VII	VII	3	3	1	1	1	3	True	False	False
266.0	2.0	33.25	52	4	E	0.0	2.25	0	2	2	2.0	1.0	1/8	True	0	17.0	17.0	17.0	17a	3	133/2	False	False				False	40	IV/VII		a	i		IV/VII	IV				VII	M	True	True	(-3, 1, -2)	()	-3	-3	minor	minor	i	i, minor	IV/VII	VII	VII/i	VII	False	IV/VII	IV/VII, minor		IV/VII, minor	VII	VII	3	3	1	1	1	3	True	False	False
268.0	2.0	33.5	50	2	D	0.0	2.5	0	2	2	2.0	1.0	1/8	True	0	17.0	17.0	17.0	17a	3	67	False	False				False	40	IV/VII		a	i		IV/VII	IV				VII	M	True	True	(-3, 1, -2)	()	-3	-3	minor	minor	i	i, minor	IV/VII	VII	VII/i	VII	False	IV/VII	IV/VII, minor		IV/VII, minor	VII	VII	3	3	1	-1	-1	1	False	False	False
270.0	2.0	33.75	48	0	C	0.0	2.75	0	2	2	2.0	1.0	1/8	True	0	17.0	17.0	17.0	17a	3	135/2	False	False				False	40	IV/VII		a	i		IV/VII	IV				VII	M	True	True	(-3, 1, -2)	()	-3	-3	minor	minor	i	i, minor	IV/VII	VII	VII/i	VII	False	IV/VII	IV/VII, minor		IV/VII, minor	VII	VII	3	3	1	-3	-3	-1	True	True	True
272.0	8.0	34.0	47	5	B	0.0	1.0	1	2	2	4.0	1.0	1/2	True	0	18.0	18.0	18.0	18a	2	68	False	True				False	41	VII6		a	i		VII6	VII		6			M	True	True	(2, -1, -2)	()	-2	2	minor	minor	i	i, minor	VII		i	i	True	VII6	VII6, minor		VII6, minor		VII	3	3	3	2	2	2	True	False	True
272.0	4.0	34.0	50	2	D	0.0	1.0	1	2	2	3.0	1.0	1/4	True	0	18.0	18.0	18.0	18a	3	68	False	True				False	41	VII6		a	i		VII6	VII		6			M	True	True	(2, -1, -2)	()	-2	2	minor	minor	i	i, minor	VII		i	i	True	VII6	VII6, minor		VII6, minor		VII	3	3	3	-1	-1	-1	True	False	False
276.0	4.0	34.5	50	2	D	0.0	1.5	0	2	2	3.0	1.0	1/4	True	0	18.0	18.0	18.0	18a	3	69	False	False				False	41	VII6		a	i		VII6	VII		6			M	True	True	(2, -1, -2)	()	-2	2	minor	minor	i	i, minor	VII		i	i	True	VII6	VII6, minor		VII6, minor		VII	3	3	3	-1	-1	-1	True	False	False
276.0	8.0	34.5	62	2	D	0.0	1.5	0	2	2	2.0	1.0	1/2	True	0	18.0	18.0	18.0	18a	4	69	False	False				False	41	VII6		a	i		VII6	VII		6			M	True	True	(2, -1, -2)	()	-2	2	minor	minor	i	i, minor	VII		i	i	True	VII6	VII6, minor		VII6, minor		VII	3	3	3	-1	-1	-1	True	False	False
280.0	8.0	35.0	48	0	C	0.0	2.0	2	2	2	4.0	1.0	1/2	True	0	18.0	18.0	18.0	18a	3	70	False	True				False	42	IV(9)/VII		a	i		IV(9)/VII	IV			9	VII	M	True	True	(-3, 1, -2)	(-1,)	-3	-3	minor	minor	i	i, minor	IV/VII	VII	VII/i	VII	False	IV/VII	IV/VII, minor		IV(9)/VII, minor	VII	VII	3	3	1	-3	-3	-1	True	True	True
284.0	4.0	35.5	55	1	G	0.0	2.5	0	2	2	3.0	1.0	1/4	True	0	18.0	18.0	18.0	18a	3	71	False	True				False	43	IV/VII		a	i		IV/VII	IV				VII	M	True	True	(-3, 1, -2)	()	-3	-3	minor	minor	i	i, minor	IV/VII	VII	VII/i	VII	False	IV/VII	IV/VII, minor		IV/VII, minor	VII	VII	3	3	1	-2	-2	0	True	False	False
284.0	2.0	35.5	60	0	C	0.0	2.5	0	2	2	2.0	1.0	1/8	True	0	18.0	18.0	18.0	18a	4	71	False	True				False	43	IV/VII		a	i		IV/VII	IV				VII	M	True	True	(-3, 1, -2)	()	-3	-3	minor	minor	i	i, minor	IV/VII	VII	VII/i	VII	False	IV/VII	IV/VII, minor		IV/VII, minor	VII	VII	3	3	1	-3	-3	-1	True	True	True
286.0	2.0	35.75	59	5	B	0.0	2.75	0	2	2	2.0	1.0	1/8	True	0	18.0	18.0	18.0	18a	3	143/2	False	False				False	43	IV/VII		a	i		IV/VII	IV				VII	M	True	True	(-3, 1, -2)	()	-3	-3	minor	minor	i	i, minor	IV/VII	VII	VII/i	VII	False	IV/VII	IV/VII, minor		IV/VII, minor	VII	VII	3	3	1	2	2	4	False	False	False
288.0	8.0	36.0	50	2	D	0.0	1.0	1	2	2	4.0	1.0	1/2	True	0	19.0	19.0	19.0	19a	3	72	False	True				False	44	V(4)/VII		a	i		V(4)/VII	V			4	VII	M	True	True	(-1, -2, 0)	()	-1	-1	minor	minor	i	i, minor	V/VII	VII	VII/i	VII	False	V/VII	V/VII, minor		V(4)/VII, minor	VII	VII	3	3	1	-1	-1	1	True	True	True
288.0	4.0	36.0	55	1	G	0.0	1.0	1	2	2	3.0	1.0	1/4	False	0	19.0	19.0	19.0	19a	3	72	False	True				False	44	V(4)/VII		a	i		V(4)/VII	V			4	VII	M	True	True	(-1, -2, 0)	()	-1	-1	minor	minor	i	i, minor	V/VII	VII	VII/i	VII	False	V/VII	V/VII, minor		V(4)/VII, minor	VII	VII	3	3	1	-2	-2	0	True	False	False
288.0	16.0	36.0	57	3	A	0.0	1.0	1	2	2	2.0	1.0	1	True	0	19.0	19.0	19.0	19a	3	72	False	True				False	44	V(4)/VII		a	i		V(4)/VII	V			4	VII	M	True	True	(-1, -2, 0)	()	-1	-1	minor	minor	i	i, minor	V/VII	VII	VII/i	VII	False	V/VII	V/VII, minor		V(4)/VII, minor	VII	VII	3	3	1	0	0	2	True	False	False
292.0	2.0	36.5	54	6	F	1.0	1.5	0	2	2	3.0	1.0	1/8	True	0	19.0	19.0	19.0	19a	3	73	False	True				False	45	V/VII		a	i		V/VII	V				VII	M	True	True	(-1, 3, 0)	()	-1	-1	minor	minor	i	i, minor	V/VII	VII	VII/i	VII	False	V/VII	V/VII, minor		V/VII, minor	VII	VII	3	3	1	3	3	5	True	False	False
294.0	2.0	36.75	52	4	E	0.0	1.75	0	2	2	3.0	1.0	1/8	True	0	19.0	19.0	19.0	19a	3	147/2	False	False				False	45	V/VII		a	i		V/VII	V				VII	M	True	True	(-1, 3, 0)	()	-1	-1	minor	minor	i	i, minor	V/VII	VII	VII/i	VII	False	V/VII	V/VII, minor		V/VII, minor	VII	VII	3	3	1	1	1	3	False	False	False
296.0	8.0	37.0	50	2	D	0.0	2.0	2	2	2	4.0	1.0	1/2	False	0	19.0	19.0	19.0	19a	3	74	False	False				False	45	V/VII		a	i		V/VII	V				VII	M	True	True	(-1, 3, 0)	()	-1	-1	minor	minor	i	i, minor	V/VII	VII	VII/i	VII	False	V/VII	V/VII, minor		V/VII, minor	VII	VII	3	3	1	-1	-1	1	True	True	True
296.0	8.0	37.0	54	6	F	1.0	2.0	2	2	2	3.0	1.0	1/2	True	0	19.0	19.0	19.0	19a	3	74	False	False				False	45	V/VII		a	i		V/VII	V				VII	M	True	True	(-1, 3, 0)	()	-1	-1	minor	minor	i	i, minor	V/VII	VII	VII/i	VII	False	V/VII	V/VII, minor		V/VII, minor	VII	VII	3	3	1	3	3	5	True	False	False
304.0	4.0	38.0	43	1	G	0.0	1.0	1	2	2	4.0	1.0	1/4	True	0	20.0	20.0	20.0	20a	2	76	False	True			\\	True	46	VII\\		a	i		VII	VII					M	True	True	(-2, 2, -1)	()	-2	-2	minor	minor	i	i, minor	VII		i	i	True	VII	VII, minor		VII, minor		VII	3	3	3	-2	-2	-2	True	True	True
304.0	4.0	38.0	55	1	G	0.0	1.0	1	2	2	3.0	1.0	1/4	True	0	20.0	20.0	20.0	20a	3	76	False	True			\\	True	46	VII\\		a	i		VII	VII					M	True	True	(-2, 2, -1)	()	-2	-2	minor	minor	i	i, minor	VII		i	i	True	VII	VII, minor		VII, minor		VII	3	3	3	-2	-2	-2	True	True	True
304.0	8.0	38.0	55	1	G	0.0	1.0	1	2	2	2.0	1.0	1/2	True	0	20.0	20.0	20.0	20a	3	76	False	True			\\	True	46	VII\\		a	i		VII	VII					M	True	True	(-2, 2, -1)	()	-2	-2	minor	minor	i	i, minor	VII		i	i	True	VII	VII, minor		VII, minor		VII	3	3	3	-2	-2	-2	True	True	True
308.0	8.0	38.5	48	0	C	0.0	1.5	0	2	2	3.0	1.0	1/2	True	0	20.0	20.0	20.0	20a	3	77	False	True				False	47	III	i6	a	i		III	III					M	True	True	(-3, 1, -2)	()	-3	-3	minor	minor	i	i, minor	III		i	i	True	III	III, minor		III, minor		III	3	3	3	-3	-3	-3	True	True	True
308.0	8.0	38.5	48	0	C	0.0	1.5	0	2	2	4.0	1.0	1/2	True	0	20.0	20.0	20.0	20a	3	77	False	True				False	47	III	i6	a	i		III	III					M	True	True	(-3, 1, -2)	()	-3	-3	minor	minor	i	i, minor	III		i	i	True	III	III, minor		III, minor		III	3	3	3	-3	-3	-3	True	True	True
316.0	2.0	39.5	47	5	B	0.0	2.5	0	2	2	3.0	1.0	1/8	True	0	20.0	20.0	20.0	20a	2	79	False	True				False	48	i		a	i		i	i					m	True	True	(0, -3, 1)	()	0	0	minor	minor	i	i, minor	i		i	i	True	i	i, minor		i, minor		i	3	3	3	2	2	2	False	False	False
316.0	2.0	39.5	47	5	B	0.0	2.5	0	2	2	4.0	1.0	1/8	True	0	20.0	20.0	20.0	20a	2	79	False	True				False	48	i		a	i		i	i					m	True	True	(0, -3, 1)	()	0	0	minor	minor	i	i, minor	i		i	i	True	i	i, minor		i, minor		i	3	3	3	2	2	2	False	False	False
316.0	4.0	39.5	64	4	E	0.0	2.5	0	2	2	2.0	1.0	1/4	True	0	20.0	20.0	20.0	20a	4	79	False	True				False	48	i		a	i		i	i					m	True	True	(0, -3, 1)	()	0	0	minor	minor	i	i, minor	i		i	i	True	i	i, minor		i, minor		i	3	3	3	1	1	1	True	False	False
318.0	2.0	39.75	45	3	A	0.0	2.75	0	2	2	3.0	1.0	1/8	True	0	20.0	20.0	20.0	20a	2	159/2	False	False				False	48	i		a	i		i	i					m	True	True	(0, -3, 1)	()	0	0	minor	minor	i	i, minor	i		i	i	True	i	i, minor		i, minor		i	3	3	3	0	0	0	True	True	True
318.0	2.0	39.75	45	3	A	0.0	2.75	0	2	2	4.0	1.0	1/8	True	0	20.0	20.0	20.0	20a	2	159/2	False	False				False	48	i		a	i		i	i					m	True	True	(0, -3, 1)	()	0	0	minor	minor	i	i, minor	i		i	i	True	i	i, minor		i, minor		i	3	3	3	0	0	0	True	True	True
320.0	4.0	40.0	52	4	E	0.0	1.0	1	2	2	4.0	1.0	1/4	True	0	21.0	21.0	21.0	21a	3	80	False	True				False	49	V		a	i		V	V					M	True	True	(1, 5, 2)	()	1	1	minor	minor	i	i, minor	V		i	i	True	V	V, minor		V, minor		V	3	3	3	1	1	1	True	True	True
320.0	16.0	40.0	52	4	E	0.0	1.0	1	2	2	3.0	1.0	1	True	0	21.0	21.0	21.0	21a	3	80	False	True				False	49	V		a	i		V	V					M	True	True	(1, 5, 2)	()	1	1	minor	minor	i	i, minor	V		i	i	True	V	V, minor		V, minor		V	3	3	3	1	1	1	True	True	True
320.0	4.0	40.0	64	4	E	0.0	1.0	1	2	2	2.0	1.0	1/4	False	0	21.0	21.0	21.0	21a	4	80	False	True				False	49	V		a	i		V	V					M	True	True	(1, 5, 2)	()	1	1	minor	minor	i	i, minor	V		i	i	True	V	V, minor		V, minor		V	3	3	3	1	1	1	True	True	True
324.0	8.0	40.5	52	4	E	0.0	1.5	0	2	2	4.0	1.0	1/2	False	0	21.0	21.0	21.0	21a	3	81	False	True				False	50	V(64)		a	i		V(64)	V			64		M	True	True	(1, 0, -3)	()	1	1	minor	minor	i	i, minor	V		i	i	True	V	V, minor		V(64), minor		V	3	3	3	1	1	1	True	True	True
324.0	2.0	40.5	62	2	D	0.0	1.5	0	2	2	2.0	1.0	1/8	True	0	21.0	21.0	21.0	21a	4	81	False	True				False	50	V(64)		a	i		V(64)	V			64		M	True	True	(1, 0, -3)	()	1	1	minor	minor	i	i, minor	V		i	i	True	V	V, minor		V(64), minor		V	3	3	3	-1	-1	-1	False	False	False
326.0	2.0	40.75	60	0	C	0.0	1.75	0	2	2	2.0	1.0	1/8	True	0	21.0	21.0	21.0	21a	4	163/2	False	False				False	50	V(64)		a	i		V(64)	V			64		M	True	True	(1, 0, -3)	()	1	1	minor	minor	i	i, minor	V		i	i	True	V	V, minor		V(64), minor		V	3	3	3	-3	-3	-3	True	False	False
328.0	8.0	41.0	59	5	B	0.0	2.0	2	2	2	2.0	1.0	1/2	True	0	21.0	21.0	21.0	21a	3	82	False	True				False	51	V(4)		a	i		V(4)	V			4		M	True	True	(1, 0, 2)	()	1	1	minor	minor	i	i, minor	V		i	i	True	V	V, minor		V(4), minor		V	3	3	3	2	2	2	True	False	False
332.0	4.0	41.5	52	4	E	0.0	2.5	0	2	2	4.0	1.0	1/4	False	0	21.0	21.0	21.0	21a	3	83	False	True				False	52	V		a	i		V	V					M	True	True	(1, 5, 2)	()	1	1	minor	minor	i	i, minor	V		i	i	True	V	V, minor		V, minor		V	3	3	3	1	1	1	True	True	True
336.0	16.0	42.0	45	3	A	0.0	1.0	1	2	2	3.0	1.0	1	True	0	22.0	22.0	22.0	22a	2	84	False	False			\\	True	53	i\\	I\\	a	i		i	i					m	True	True	(0, -3, 1)	()	0	0	minor	minor	i	i, minor	i		i	i	True	i	i, minor		i, minor		i	3	3	3	0	0	0	True	True	True
336.0	16.0	42.0	45	3	A	0.0	1.0	1	2	2	4.0	1.0	1	True	0	22.0	22.0	22.0	22a	2	84	False	False			\\	True	53	i\\	I\\	a	i		i	i					m	True	True	(0, -3, 1)	()	0	0	minor	minor	i	i, minor	i		i	i	True	i	i, minor		i, minor		i	3	3	3	0	0	0	True	True	True
336.0	16.0	42.0	57	3	A	0.0	1.0	1	2	2	2.0	1.0	1	True	0	22.0	22.0	22.0	22a	3	84	False	False			\\	True	53	i\\	I\\	a	i		i	i					m	True	True	(0, -3, 1)	()	0	0	minor	minor	i	i, minor	i		i	i	True	i	i, minor		i, minor		i	3	3	3	0	0	0	True	True	True
352.0	8.0	44.0	45	3	A	0.0	1.0	1	2	2	4.0	1.0	1/2	True	0	23.0	23.0	23.0	23a	2	88	False	True				False	54	i		a	i		i	i					m	True	True	(0, -3, 1)	()	0	0	minor	minor	i	i, minor	i		i	i	True	i	i, minor		i, minor		i	3	3	3	0	0	0	True	True	True
356.0	4.0	44.5	64	4	E	0.0	1.5	0	2	2	1.0	1.0	1/4	True	0	23.0	23.0	23.0	23a	4	89	False	False				False	54	i		a	i		i	i					m	True	True	(0, -3, 1)	()	0	0	minor	minor	i	i, minor	i		i	i	True	i	i, minor		i, minor		i	3	3	3	1	1	1	True	False	False
360.0	4.0	45.0	45	3	A	0.0	2.0	2	2	2	4.0	1.0	1/4	False	0	23.0	23.0	23.0	23a	2	90	False	True				False	55	VI6		a	i		VI6	VI		6			M	True	True	(0, -3, -4)	()	-4	0	minor	minor	i	i, minor	VI		i	i	True	VI6	VI6, minor		VI6, minor		VI	3	3	3	0	0	0	True	False	True
360.0	4.0	45.0	65	-1	F	0.0	2.0	2	2	2	1.0	1.0	1/4	True	0	23.0	23.0	23.0	23a	4	90	False	True				False	55	VI6		a	i		VI6	VI		6			M	True	True	(0, -3, -4)	()	-4	0	minor	minor	i	i, minor	VI		i	i	True	VI6	VI6, minor		VI6, minor		VI	3	3	3	-4	-4	-4	True	True	False
364.0	4.0	45.5	45	3	A	0.0	2.5	0	2	2	4.0	1.0	1/4	False	0	23.0	23.0	23.0	23a	2	91	False	True				False	56	i		a	i		i	i					m	True	True	(0, -3, 1)	()	0	0	minor	minor	i	i, minor	i		i	i	True	i	i, minor		i, minor		i	3	3	3	0	0	0	True	True	True
364.0	4.0	45.5	57	3	A	0.0	2.5	0	2	2	2.0	1.0	1/4	True	0	23.0	23.0	23.0	23a	3	91	False	True				False	56	i		a	i		i	i					m	True	True	(0, -3, 1)	()	0	0	minor	minor	i	i, minor	i		i	i	True	i	i, minor		i, minor		i	3	3	3	0	0	0	True	True	True
364.0	4.0	45.5	64	4	E	0.0	2.5	0	2	2	1.0	1.0	1/4	True	0	23.0	23.0	23.0	23a	4	91	False	True				False	56	i		a	i		i	i					m	True	True	(0, -3, 1)	()	0	0	minor	minor	i	i, minor	i		i	i	True	i	i, minor		i, minor		i	3	3	3	1	1	1	True	False	False
368.0	8.0	46.0	45	3	A	0.0	1.0	1	2	2	4.0	1.0	1/2	True	0	24.0	24.0	24.0	24a	2	92	False	True				False	57	VI6		a	i		VI6	VI		6			M	True	True	(0, -3, -4)	()	-4	0	minor	minor	i	i, minor	VI		i	i	True	VI6	VI6, minor		VI6, minor		VI	3	3	3	0	0	0	True	False	True
368.0	4.0	46.0	60	0	C	0.0	1.0	1	2	2	2.0	1.0	1/4	True	0	24.0	24.0	24.0	24a	4	92	False	True				False	57	VI6		a	i		VI6	VI		6			M	True	True	(0, -3, -4)	()	-4	0	minor	minor	i	i, minor	VI		i	i	True	VI6	VI6, minor		VI6, minor		VI	3	3	3	-3	-3	-3	True	False	False
368.0	8.0	46.0	65	-1	F	0.0	1.0	1	2	2	1.0	1.0	1/2	True	0	24.0	24.0	24.0	24a	4	92	False	True				False	57	VI6		a	i		VI6	VI		6			M	True	True	(0, -3, -4)	()	-4	0	minor	minor	i	i, minor	VI		i	i	True	VI6	VI6, minor		VI6, minor		VI	3	3	3	-4	-4	-4	True	True	False
372.0	4.0	46.5	57	3	A	0.0	1.5	0	2	2	2.0	1.0	1/4	True	0	24.0	24.0	24.0	24a	3	93	False	False				False	57	VI6		a	i		VI6	VI		6			M	True	True	(0, -3, -4)	()	-4	0	minor	minor	i	i, minor	VI		i	i	True	VI6	VI6, minor		VI6, minor		VI	3	3	3	0	0	0	True	False	True
376.0	4.0	47.0	45	3	A	0.0	2.0	2	2	2	4.0	1.0	1/4	True	0	24.0	24.0	24.0	24a	2	94	False	True				False	58	i		a	i		i	i					m	True	True	(0, -3, 1)	()	0	0	minor	minor	i	i, minor	i		i	i	True	i	i, minor		i, minor		i	3	3	3	0	0	0	True	True	True
376.0	8.0	47.0	60	0	C	0.0	2.0	2	2	2	2.0	1.0	1/2	True	0	24.0	24.0	24.0	24a	4	94	False	True				False	58	i		a	i		i	i					m	True	True	(0, -3, 1)	()	0	0	minor	minor	i	i, minor	i		i	i	True	i	i, minor		i, minor		i	3	3	3	-3	-3	-3	True	False	False
376.0	4.0	47.0	64	4	E	0.0	2.0	2	2	2	1.0	1.0	1/4	True	0	24.0	24.0	24.0	24a	4	94	False	True				False	58	i		a	i		i	i					m	True	True	(0, -3, 1)	()	0	0	minor	minor	i	i, minor	i		i	i	True	i	i, minor		i, minor		i	3	3	3	1	1	1	True	False	False
380.0	4.0	47.5	45	3	A	0.0	2.5	0	2	2	4.0	1.0	1/4	False	0	24.0	24.0	24.0	24a	2	95	False	True				False	59	VI6		a	i		VI6	VI		6			M	True	True	(0, -3, -4)	()	-4	0	minor	minor	i	i, minor	VI		i	i	True	VI6	VI6, minor		VI6, minor		VI	3	3	3	0	0	0	True	False	True
380.0	2.0	47.5	65	-1	F	0.0	2.5	0	2	2	1.0	1.0	1/8	True	0	24.0	24.0	24.0	24a	4	95	False	True				False	59	VI6		a	i		VI6	VI		6			M	True	True	(0, -3, -4)	()	-4	0	minor	minor	i	i, minor	VI		i	i	True	VI6	VI6, minor		VI6, minor		VI	3	3	3	-4	-4	-4	True	True	False
382.0	2.0	47.75	65	-1	F	0.0	2.75	0	2	2	1.0	1.0	1/8	True	0	24.0	24.0	24.0	24a	4	191/2	False	False				False	59	VI6		a	i		VI6	VI		6			M	True	True	(0, -3, -4)	()	-4	0	minor	minor	i	i, minor	VI		i	i	True	VI6	VI6, minor		VI6, minor		VI	3	3	3	-4	-4	-4	True	True	False
384.0	4.0	48.0	43	1	G	0.0	1.0	1	2	2	4.0	1.0	1/4	True	0	25.0	25.0	25.0	25a	2	96	False	True				False	60	V7/III		a	i		V7/III	V		7		III	Mm7	True	True	(-2, 2, -1, -4)	()	-2	-2	minor	minor	i	i, minor	V/III	III	III/i	III	False	V7/III	V7/III, minor		V7/III, minor	III	III	3	3	0	-2	-2	1	True	True	True
384.0	4.0	48.0	59	5	B	0.0	1.0	1	2	2	2.0	1.0	1/4	True	0	25.0	25.0	25.0	25a	3	96	False	True				False	60	V7/III		a	i		V7/III	V		7		III	Mm7	True	True	(-2, 2, -1, -4)	()	-2	-2	minor	minor	i	i, minor	V/III	III	III/i	III	False	V7/III	V7/III, minor		V7/III, minor	III	III	3	3	0	2	2	5	True	False	False
384.0	4.0	48.0	65	-1	F	0.0	1.0	1	2	2	1.0	1.0	1/4	True	0	25.0	25.0	25.0	25a	4	96	False	True				False	60	V7/III		a	i		V7/III	V		7		III	Mm7	True	True	(-2, 2, -1, -4)	()	-2	-2	minor	minor	i	i, minor	V/III	III	III/i	III	False	V7/III	V7/III, minor		V7/III, minor	III	III	3	3	0	-4	-4	-1	True	False	False
388.0	4.0	48.5	43	1	G	0.0	1.5	0	2	2	4.0	1.0	1/4	False	0	25.0	25.0	25.0	25a	2	97	False	True				False	61	V(64)/III		a	i		V(64)/III	V			64	III	M	True	True	(-2, -3, 1)	()	-2	-2	minor	minor	i	i, minor	V/III	III	III/i	III	False	V/III	V/III, minor		V(64)/III, minor	III	III	3	3	0	-2	-2	1	True	True	True
388.0	2.0	48.5	60	0	C	0.0	1.5	0	2	2	2.0	1.0	1/8	True	0	25.0	25.0	25.0	25a	4	97	False	True				False	61	V(64)/III		a	i		V(64)/III	V			64	III	M	True	True	(-2, -3, 1)	()	-2	-2	minor	minor	i	i, minor	V/III	III	III/i	III	False	V/III	V/III, minor		V(64)/III, minor	III	III	3	3	0	-3	-3	0	True	False	False
388.0	4.0	48.5	64	4	E	0.0	1.5	0	2	2	1.0	1.0	1/4	True	0	25.0	25.0	25.0	25a	4	97	False	True				False	61	V(64)/III		a	i		V(64)/III	V			64	III	M	True	True	(-2, -3, 1)	()	-2	-2	minor	minor	i	i, minor	V/III	III	III/i	III	False	V/III	V/III, minor		V(64)/III, minor	III	III	3	3	0	1	1	4	True	False	False
390.0	2.0	48.75	60	0	C	0.0	1.75	0	2	2	2.0	1.0	1/8	True	0	25.0	25.0	25.0	25a	4	195/2	False	False				False	61	V(64)/III		a	i		V(64)/III	V			64	III	M	True	True	(-2, -3, 1)	()	-2	-2	minor	minor	i	i, minor	V/III	III	III/i	III	False	V/III	V/III, minor		V(64)/III, minor	III	III	3	3	0	-3	-3	0	True	False	False
392.0	4.0	49.0	43	1	G	0.0	2.0	2	2	2	4.0	1.0	1/4	False	0	25.0	25.0	25.0	25a	2	98	False	True				False	62	V(4)/III		a	i		V(4)/III	V			4	III	M	True	True	(-2, -3, -1)	()	-2	-2	minor	minor	i	i, minor	V/III	III	III/i	III	False	V/III	V/III, minor		V(4)/III, minor	III	III	3	3	0	-2	-2	1	True	True	True
392.0	4.0	49.0	60	0	C	0.0	2.0	2	2	2	2.0	1.0	1/4	True	0	25.0	25.0	25.0	25a	4	98	False	True				False	62	V(4)/III		a	i		V(4)/III	V			4	III	M	True	True	(-2, -3, -1)	()	-2	-2	minor	minor	i	i, minor	V/III	III	III/i	III	False	V/III	V/III, minor		V(4)/III, minor	III	III	3	3	0	-3	-3	0	True	False	False
392.0	8.0	49.0	62	2	D	0.0	2.0	2	2	2	1.0	1.0	1/2	True	0	25.0	25.0	25.0	25a	4	98	False	True				False	62	V(4)/III		a	i		V(4)/III	V			4	III	M	True	True	(-2, -3, -1)	()	-2	-2	minor	minor	i	i, minor	V/III	III	III/i	III	False	V/III	V/III, minor		V(4)/III, minor	III	III	3	3	0	-1	-1	2	True	False	False
396.0	4.0	49.5	43	1	G	0.0	2.5	0	2	2	4.0	1.0	1/4	False	0	25.0	25.0	25.0	25a	2	99	False	True				False	63	V/III		a	i		V/III	V				III	M	True	True	(-2, 2, -1)	()	-2	-2	minor	minor	i	i, minor	V/III	III	III/i	III	False	V/III	V/III, minor		V/III, minor	III	III	3	3	0	-2	-2	1	True	True	True
396.0	4.0	49.5	59	5	B	0.0	2.5	0	2	2	2.0	1.0	1/4	True	0	25.0	25.0	25.0	25a	3	99	False	True				False	63	V/III		a	i		V/III	V				III	M	True	True	(-2, 2, -1)	()	-2	-2	minor	minor	i	i, minor	V/III	III	III/i	III	False	V/III	V/III, minor		V/III, minor	III	III	3	3	0	2	2	5	True	False	False
400.0	4.0	50.0	40	4	E	0.0	1.0	1	2	2	4.0	1.0	1/4	True	0	26.0	26.0	26.0	26a	2	100	False	True				False	64	#viio6(2)/iv		a	i		#viio6(2)/iv	#vii	o	6	2	iv	o	True	True	(1, -2, -1)	()	4	1	minor	minor	i	i, minor	#vii/iv	iv	iv/i	iv	True	#viio6/iv	#viio6/iv, minor		#viio6(2)/iv, minor	iv	iv	3	3	2	1	1	2	True	False	True
400.0	8.0	50.0	55	1	G	0.0	1.0	1	2	2	2.0	1.0	1/2	True	0	26.0	26.0	26.0	26a	3	100	False	True				False	64	#viio6(2)/iv		a	i		#viio6(2)/iv	#vii	o	6	2	iv	o	True	True	(1, -2, -1)	()	4	1	minor	minor	i	i, minor	#vii/iv	iv	iv/i	iv	True	#viio6/iv	#viio6/iv, minor		#viio6(2)/iv, minor	iv	iv	3	3	2	-2	-2	-1	True	False	False
400.0	4.0	50.0	62	2	D	0.0	1.0	1	2	2	1.0	1.0	1/4	False	0	26.0	26.0	26.0	26a	4	100	False	True				False	64	#viio6(2)/iv		a	i		#viio6(2)/iv	#vii	o	6	2	iv	o	True	True	(1, -2, -1)	()	4	1	minor	minor	i	i, minor	#vii/iv	iv	iv/i	iv	True	#viio6/iv	#viio6/iv, minor		#viio6(2)/iv, minor	iv	iv	3	3	2	-1	-1	0	True	False	False
404.0	4.0	50.5	40	4	E	0.0	1.5	0	2	2	4.0	1.0	1/4	False	0	26.0	26.0	26.0	26a	2	101	False	True				False	65	#viio6/iv		a	i		#viio6/iv	#vii	o	6		iv	o	True	True	(1, -2, 4)	()	4	1	minor	minor	i	i, minor	#vii/iv	iv	iv/i	iv	True	#viio6/iv	#viio6/iv, minor		#viio6/iv, minor	iv	iv	3	3	2	1	1	2	True	False	True
404.0	4.0	50.5	61	7	C	1.0	1.5	0	2	2	1.0	1.0	1/4	True	0	26.0	26.0	26.0	26a	4	101	False	True				False	65	#viio6/iv		a	i		#viio6/iv	#vii	o	6		iv	o	True	True	(1, -2, 4)	()	4	1	minor	minor	i	i, minor	#vii/iv	iv	iv/i	iv	True	#viio6/iv	#viio6/iv, minor		#viio6/iv, minor	iv	iv	3	3	2	4	4	5	True	True	False
408.0	8.0	51.0	38	2	D	0.0	2.0	2	2	2	4.0	1.0	1/2	True	0	26.0	26.0	26.0	26a	2	102	False	True			\\	True	66	iv\\	IV\\	a	i		iv	iv					m	True	True	(-1, -4, 0)	()	-1	-1	minor	minor	i	i, minor	iv		i	i	True	iv	iv, minor		iv, minor		iv	3	3	3	-1	-1	-1	True	True	True
408.0	8.0	51.0	57	3	A	0.0	2.0	2	2	2	2.0	1.0	1/2	True	0	26.0	26.0	26.0	26a	3	102	False	True			\\	True	66	iv\\	IV\\	a	i		iv	iv					m	True	True	(-1, -4, 0)	()	-1	-1	minor	minor	i	i, minor	iv		i	i	True	iv	iv, minor		iv, minor		iv	3	3	3	0	0	0	True	False	False
408.0	8.0	51.0	62	2	D	0.0	2.0	2	2	2	1.0	1.0	1/2	True	0	26.0	26.0	26.0	26a	4	102	False	True			\\	True	66	iv\\	IV\\	a	i		iv	iv					m	True	True	(-1, -4, 0)	()	-1	-1	minor	minor	i	i, minor	iv		i	i	True	iv	iv, minor		iv, minor		iv	3	3	3	-1	-1	-1	True	True	True
416.0	8.0	52.0	50	2	D	0.0	1.0	1	2	2	4.0	1.0	1/2	True	0	27.0	27.0	27.0	27a	3	104	False	True				False	67	V/VII		a	i		V/VII	V				VII	M	True	True	(-1, 3, 0)	()	-1	-1	minor	minor	i	i, minor	V/VII	VII	VII/i	VII	False	V/VII	V/VII, minor		V/VII, minor	VII	VII	3	3	1	-1	-1	1	True	True	True
418.0	2.0	52.25	57	3	A	0.0	1.25	0	2	2	3.0	1.0	1/8	True	0	27.0	27.0	27.0	27a	3	209/2	False	False				False	67	V/VII		a	i		V/VII	V				VII	M	True	True	(-1, 3, 0)	()	-1	-1	minor	minor	i	i, minor	V/VII	VII	VII/i	VII	False	V/VII	V/VII, minor		V/VII, minor	VII	VII	3	3	1	0	0	2	True	False	False
420.0	2.0	52.5	54	6	F	1.0	1.5	0	2	2	3.0	1.0	1/8	True	0	27.0	27.0	27.0	27a	3	105	False	False				False	67	V/VII		a	i		V/VII	V				VII	M	True	True	(-1, 3, 0)	()	-1	-1	minor	minor	i	i, minor	V/VII	VII	VII/i	VII	False	V/VII	V/VII, minor		V/VII, minor	VII	VII	3	3	1	3	3	5	True	False	False
422.0	2.0	52.75	50	2	D	0.0	1.75	0	2	2	3.0	1.0	1/8	True	0	27.0	27.0	27.0	27a	3	211/2	False	False				False	67	V/VII		a	i		V/VII	V				VII	M	True	True	(-1, 3, 0)	()	-1	-1	minor	minor	i	i, minor	V/VII	VII	VII/i	VII	False	V/VII	V/VII, minor		V/VII, minor	VII	VII	3	3	1	-1	-1	1	True	True	True
422.0	2.0	52.75	62	2	D	0.0	1.75	0	2	2	2.0	1.0	1/8	True	0	27.0	27.0	27.0	27a	4	211/2	False	False				False	67	V/VII		a	i		V/VII	V				VII	M	True	True	(-1, 3, 0)	()	-1	-1	minor	minor	i	i, minor	V/VII	VII	VII/i	VII	False	V/VII	V/VII, minor		V/VII, minor	VII	VII	3	3	1	-1	-1	1	True	True	True
424.0	4.0	53.0	55	1	G	0.0	2.0	2	2	2	3.0	1.0	1/4	True	0	27.0	27.0	27.0	27a	3	106	False	True				False	68	VII		a	i		VII	VII					M	True	True	(-2, 2, -1)	()	-2	-2	minor	minor	i	i, minor	VII		i	i	True	VII	VII, minor		VII, minor		VII	3	3	3	-2	-2	-2	True	True	True
424.0	4.0	53.0	55	1	G	0.0	2.0	2	2	2	4.0	1.0	1/4	True	0	27.0	27.0	27.0	27a	3	106	False	True				False	68	VII		a	i		VII	VII					M	True	True	(-2, 2, -1)	()	-2	-2	minor	minor	i	i, minor	VII		i	i	True	VII	VII, minor		VII, minor		VII	3	3	3	-2	-2	-2	True	True	True
424.0	2.0	53.0	59	5	B	0.0	2.0	2	2	2	2.0	1.0	1/8	True	0	27.0	27.0	27.0	27a	3	106	False	True				False	68	VII		a	i		VII	VII					M	True	True	(-2, 2, -1)	()	-2	-2	minor	minor	i	i, minor	VII		i	i	True	VII	VII, minor		VII, minor		VII	3	3	3	2	2	2	True	False	False
426.0	2.0	53.25	55	1	G	0.0	2.25	0	2	2	2.0	1.0	1/8	True	0	27.0	27.0	27.0	27a	3	213/2	False	False				False	68	VII		a	i		VII	VII					M	True	True	(-2, 2, -1)	()	-2	-2	minor	minor	i	i, minor	VII		i	i	True	VII	VII, minor		VII, minor		VII	3	3	3	-2	-2	-2	True	True	True
428.0	4.0	53.5	52	4	E	0.0	2.5	0	2	2	3.0	1.0	1/4	True	0	27.0	27.0	27.0	27a	3	107	False	True				False	69	IV6/VII		a	i		IV6/VII	IV		6		VII	M	True	True	(1, -2, -3)	()	-3	1	minor	minor	i	i, minor	IV/VII	VII	VII/i	VII	False	IV6/VII	IV6/VII, minor		IV6/VII, minor	VII	VII	3	3	1	1	1	3	True	False	True
428.0	4.0	53.5	52	4	E	0.0	2.5	0	2	2	4.0	1.0	1/4	True	0	27.0	27.0	27.0	27a	3	107	False	True				False	69	IV6/VII		a	i		IV6/VII	IV		6		VII	M	True	True	(1, -2, -3)	()	-3	1	minor	minor	i	i, minor	IV/VII	VII	VII/i	VII	False	IV6/VII	IV6/VII, minor		IV6/VII, minor	VII	VII	3	3	1	1	1	3	True	False	True
428.0	4.0	53.5	60	0	C	0.0	2.5	0	2	2	2.0	1.0	1/4	True	0	27.0	27.0	27.0	27a	4	107	False	True				False	69	IV6/VII		a	i		IV6/VII	IV		6		VII	M	True	True	(1, -2, -3)	()	-3	1	minor	minor	i	i, minor	IV/VII	VII	VII/i	VII	False	IV6/VII	IV6/VII, minor		IV6/VII, minor	VII	VII	3	3	1	-3	-3	-1	True	True	False
432.0	2.0	54.0	54	6	F	1.0	1.0	1	2	2	3.0	1.0	1/8	True	0	28.0	28.0	28.0	28a	3	108	False	True				False	70	viio/VII		a	i		viio/VII	vii	o			VII	o	True	True	(3, 0, -3)	()	3	3	minor	minor	i	i, minor	vii/VII	VII	VII/i	VII	False	viio/VII	viio/VII, minor		viio/VII, minor	VII	VII	3	3	1	3	3	5	True	True	True
432.0	4.0	54.0	54	6	F	1.0	1.0	1	2	2	4.0	1.0	1/4	True	0	28.0	28.0	28.0	28a	3	108	False	True				False	70	viio/VII		a	i		viio/VII	vii	o			VII	o	True	True	(3, 0, -3)	()	3	3	minor	minor	i	i, minor	vii/VII	VII	VII/i	VII	False	viio/VII	viio/VII, minor		viio/VII, minor	VII	VII	3	3	1	3	3	5	True	True	True
432.0	4.0	54.0	57	3	A	0.0	1.0	1	2	2	2.0	1.0	1/4	True	0	28.0	28.0	28.0	28a	3	108	False	True				False	70	viio/VII		a	i		viio/VII	vii	o			VII	o	True	True	(3, 0, -3)	()	3	3	minor	minor	i	i, minor	vii/VII	VII	VII/i	VII	False	viio/VII	viio/VII, minor		viio/VII, minor	VII	VII	3	3	1	0	0	2	True	False	False
434.0	2.0	54.25	54	6	F	1.0	1.25	0	2	2	3.0	1.0	1/8	True	0	28.0	28.0	28.0	28a	3	217/2	False	False				False	70	viio/VII		a	i		viio/VII	vii	o			VII	o	True	True	(3, 0, -3)	()	3	3	minor	minor	i	i, minor	vii/VII	VII	VII/i	VII	False	viio/VII	viio/VII, minor		viio/VII, minor	VII	VII	3	3	1	3	3	5	True	True	True
436.0	2.0	54.5	55	1	G	0.0	1.5	0	2	2	3.0	1.0	1/8	True	0	28.0	28.0	28.0	28a	3	109	False	True				False	71	VII		a	i		VII	VII					M	True	True	(-2, 2, -1)	()	-2	-2	minor	minor	i	i, minor	VII		i	i	True	VII	VII, minor		VII, minor		VII	3	3	3	-2	-2	-2	True	True	True
436.0	4.0	54.5	55	1	G	0.0	1.5	0	2	2	4.0	1.0	1/4	True	0	28.0	28.0	28.0	28a	3	109	False	True				False	71	VII		a	i		VII	VII					M	True	True	(-2, 2, -1)	()	-2	-2	minor	minor	i	i, minor	VII		i	i	True	VII	VII, minor		VII, minor		VII	3	3	3	-2	-2	-2	True	True	True
436.0	2.0	54.5	59	5	B	0.0	1.5	0	2	2	2.0	1.0	1/8	True	0	28.0	28.0	28.0	28a	3	109	False	True				False	71	VII		a	i		VII	VII					M	True	True	(-2, 2, -1)	()	-2	-2	minor	minor	i	i, minor	VII		i	i	True	VII	VII, minor		VII, minor		VII	3	3	3	2	2	2	True	False	False
438.0	2.0	54.75	55	1	G	0.0	1.75	0	2	2	3.0	1.0	1/8	True	0	28.0	28.0	28.0	28a	3	219/2	False	False				False	71	VII		a	i		VII	VII					M	True	True	(-2, 2, -1)	()	-2	-2	minor	minor	i	i, minor	VII		i	i	True	VII	VII, minor		VII, minor		VII	3	3	3	-2	-2	-2	True	True	True
438.0	2.0	54.75	59	5	B	0.0	1.75	0	2	2	2.0	1.0	1/8	True	0	28.0	28.0	28.0	28a	3	219/2	False	False				False	71	VII		a	i		VII	VII					M	True	True	(-2, 2, -1)	()	-2	-2	minor	minor	i	i, minor	VII		i	i	True	VII	VII, minor		VII, minor		VII	3	3	3	2	2	2	True	False	False
440.0	4.0	55.0	55	1	G	0.0	2.0	2	2	2	3.0	1.0	1/4	True	0	28.0	28.0	28.0	28a	3	110	False	True				False	72	viio(2)/VII		a	i		viio(2)/VII	vii	o		2	VII	o	True	True	(-2, 0, -3)	()	3	-2	minor	minor	i	i, minor	vii/VII	VII	VII/i	VII	False	viio/VII	viio/VII, minor		viio(2)/VII, minor	VII	VII	3	3	1	-2	-2	0	True	False	True
440.0	4.0	55.0	55	1	G	0.0	2.0	2	2	2	4.0	1.0	1/4	False	0	28.0	28.0	28.0	28a	3	110	False	True				False	72	viio(2)/VII		a	i		viio(2)/VII	vii	o		2	VII	o	True	True	(-2, 0, -3)	()	3	-2	minor	minor	i	i, minor	vii/VII	VII	VII/i	VII	False	viio/VII	viio/VII, minor		viio(2)/VII, minor	VII	VII	3	3	1	-2	-2	0	True	False	True
440.0	2.0	55.0	60	0	C	0.0	2.0	2	2	2	2.0	1.0	1/8	True	0	28.0	28.0	28.0	28a	4	110	False	True				False	72	viio(2)/VII		a	i		viio(2)/VII	vii	o		2	VII	o	True	True	(-2, 0, -3)	()	3	-2	minor	minor	i	i, minor	vii/VII	VII	VII/i	VII	False	viio/VII	viio/VII, minor		viio(2)/VII, minor	VII	VII	3	3	1	-3	-3	-1	True	False	False
442.0	2.0	55.25	59	5	B	0.0	2.25	0	2	2	2.0	1.0	1/8	True	0	28.0	28.0	28.0	28a	3	221/2	False	False				False	72	viio(2)/VII		a	i		viio(2)/VII	vii	o		2	VII	o	True	True	(-2, 0, -3)	()	3	-2	minor	minor	i	i, minor	vii/VII	VII	VII/i	VII	False	viio/VII	viio/VII, minor		viio(2)/VII, minor	VII	VII	3	3	1	2	2	4	False	False	False
444.0	4.0	55.5	54	6	F	1.0	2.5	0	2	2	3.0	1.0	1/4	True	0	28.0	28.0	28.0	28a	3	111	False	True				False	73	viio/VII		a	i		viio/VII	vii	o			VII	o	True	True	(3, 0, -3)	()	3	3	minor	minor	i	i, minor	vii/VII	VII	VII/i	VII	False	viio/VII	viio/VII, minor		viio/VII, minor	VII	VII	3	3	1	3	3	5	True	True	True
444.0	4.0	55.5	54	6	F	1.0	2.5	0	2	2	4.0	1.0	1/4	True	0	28.0	28.0	28.0	28a	3	111	False	True				False	73	viio/VII		a	i		viio/VII	vii	o			VII	o	True	True	(3, 0, -3)	()	3	3	minor	minor	i	i, minor	vii/VII	VII	VII/i	VII	False	viio/VII	viio/VII, minor		viio/VII, minor	VII	VII	3	3	1	3	3	5	True	True	True
444.0	4.0	55.5	57	3	A	0.0	2.5	0	2	2	2.0	1.0	1/4	True	0	28.0	28.0	28.0	28a	3	111	False	True				False	73	viio/VII		a	i		viio/VII	vii	o			VII	o	True	True	(3, 0, -3)	()	3	3	minor	minor	i	i, minor	vii/VII	VII	VII/i	VII	False	viio/VII	viio/VII, minor		viio/VII, minor	VII	VII	3	3	1	0	0	2	True	False	False
448.0	8.0	56.0	55	1	G	0.0	1.0	1	2	2	2.0	1.0	1/2	True	0	29.0	29.0	29.0	29a	3	112	False	True			\\	True	74	VII\\		a	i		VII	VII					M	True	True	(-2, 2, -1)	()	-2	-2	minor	minor	i	i, minor	VII		i	i	True	VII	VII, minor		VII, minor		VII	3	3	3	-2	-2	-2	True	True	True
448.0	8.0	56.0	55	1	G	0.0	1.0	1	2	2	3.0	1.0	1/2	True	0	29.0	29.0	29.0	29a	3	112	False	True			\\	True	74	VII\\		a	i		VII	VII					M	True	True	(-2, 2, -1)	()	-2	-2	minor	minor	i	i, minor	VII		i	i	True	VII	VII, minor		VII, minor		VII	3	3	3	-2	-2	-2	True	True	True
448.0	8.0	56.0	55	1	G	0.0	1.0	1	2	2	4.0	1.0	1/2	True	0	29.0	29.0	29.0	29a	3	112	False	True			\\	True	74	VII\\		a	i		VII	VII					M	True	True	(-2, 2, -1)	()	-2	-2	minor	minor	i	i, minor	VII		i	i	True	VII	VII, minor		VII, minor		VII	3	3	3	-2	-2	-2	True	True	True
452.0	4.0	56.5	62	2	D	0.0	1.5	0	2	2	1.0	1.0	1/4	True	0	29.0	29.0	29.0	29a	4	113	False	False				False	74	VII\\		a	i		VII	VII					M	True	True	(-2, 2, -1)	()	-2	-2	minor	minor	i	i, minor	VII		i	i	True	VII	VII, minor		VII, minor		VII	3	3	3	-1	-1	-1	True	False	False
456.0	4.0	57.0	48	0	C	0.0	2.0	2	2	2	4.0	1.0	1/4	True	0	29.0	29.0	29.0	29a	3	114	False	True				False	75	IV/VII		a	i		IV/VII	IV				VII	M	True	True	(-3, 1, -2)	()	-3	-3	minor	minor	i	i, minor	IV/VII	VII	VII/i	VII	False	IV/VII	IV/VII, minor		IV/VII, minor	VII	VII	3	3	1	-3	-3	-1	True	True	True
456.0	4.0	57.0	64	4	E	0.0	2.0	2	2	2	1.0	1.0	1/4	True	0	29.0	29.0	29.0	29a	4	114	False	True				False	75	IV/VII		a	i		IV/VII	IV				VII	M	True	True	(-3, 1, -2)	()	-3	-3	minor	minor	i	i, minor	IV/VII	VII	VII/i	VII	False	IV/VII	IV/VII, minor		IV/VII, minor	VII	VII	3	3	1	1	1	3	True	False	False
460.0	4.0	57.5	47	5	B	0.0	2.5	0	2	2	4.0	1.0	1/4	True	0	29.0	29.0	29.0	29a	2	115	False	True				False	76	VII6		a	i		VII6	VII		6			M	True	True	(2, -1, -2)	()	-2	2	minor	minor	i	i, minor	VII		i	i	True	VII6	VII6, minor		VII6, minor		VII	3	3	3	2	2	2	True	False	True
460.0	4.0	57.5	62	2	D	0.0	2.5	0	2	2	1.0	1.0	1/4	True	0	29.0	29.0	29.0	29a	4	115	False	True				False	76	VII6		a	i		VII6	VII		6			M	True	True	(2, -1, -2)	()	-2	2	minor	minor	i	i, minor	VII		i	i	True	VII6	VII6, minor		VII6, minor		VII	3	3	3	-1	-1	-1	True	False	False
464.0	8.0	58.0	48	0	C	0.0	1.0	1	2	2	4.0	1.0	1/2	True	0	30.0	30.0	30.0	30a	3	116	False	True				False	77	IV/VII		a	i		IV/VII	IV				VII	M	True	True	(-3, 1, -2)	()	-3	-3	minor	minor	i	i, minor	IV/VII	VII	VII/i	VII	False	IV/VII	IV/VII, minor		IV/VII, minor	VII	VII	3	3	1	-3	-3	-1	True	True	True
464.0	8.0	58.0	64	4	E	0.0	1.0	1	2	2	1.0	1.0	1/2	True	0	30.0	30.0	30.0	30a	4	116	False	True				False	77	IV/VII		a	i		IV/VII	IV				VII	M	True	True	(-3, 1, -2)	()	-3	-3	minor	minor	i	i, minor	IV/VII	VII	VII/i	VII	False	IV/VII	IV/VII, minor		IV/VII, minor	VII	VII	3	3	1	1	1	3	True	False	False
472.0	8.0	59.0	47	5	B	0.0	2.0	2	2	2	4.0	1.0	1/2	True	0	30.0	30.0	30.0	30a	2	118	False	True				False	78	VII6		a	i		VII6	VII		6			M	True	True	(2, -1, -2)	()	-2	2	minor	minor	i	i, minor	VII		i	i	True	VII6	VII6, minor		VII6, minor		VII	3	3	3	2	2	2	True	False	True
472.0	4.0	59.0	62	2	D	0.0	2.0	2	2	2	1.0	1.0	1/4	True	0	30.0	30.0	30.0	30a	4	118	False	True				False	78	VII6		a	i		VII6	VII		6			M	True	True	(2, -1, -2)	()	-2	2	minor	minor	i	i, minor	VII		i	i	True	VII6	VII6, minor		VII6, minor		VII	3	3	3	-1	-1	-1	True	False	False
476.0	2.0	59.5	62	2	D	0.0	2.5	0	2	2	1.0	1.0	1/8	True	0	30.0	30.0	30.0	30a	4	119	False	False				False	78	VII6		a	i		VII6	VII		6			M	True	True	(2, -1, -2)	()	-2	2	minor	minor	i	i, minor	VII		i	i	True	VII6	VII6, minor		VII6, minor		VII	3	3	3	-1	-1	-1	True	False	False
478.0	2.0	59.75	62	2	D	0.0	2.75	0	2	2	1.0	1.0	1/8	True	0	30.0	30.0	30.0	30a	4	239/2	False	False				False	78	VII6		a	i		VII6	VII		6			M	True	True	(2, -1, -2)	()	-2	2	minor	minor	i	i, minor	VII		i	i	True	VII6	VII6, minor		VII6, minor		VII	3	3	3	-1	-1	-1	True	False	False
480.0	4.0	60.0	45	3	A	0.0	1.0	1	2	2	4.0	1.0	1/4	True	0	31.0	31.0	31.0	31a	2	120	False	True				False	79	ii/VII		a	i		ii/VII	ii				VII	m	True	True	(0, -3, 1)	()	0	0	minor	minor	i	i, minor	ii/VII	VII	VII/i	VII	False	ii/VII	ii/VII, minor		ii/VII, minor	VII	VII	3	3	1	0	0	2	True	True	True
480.0	2.0	60.0	64	4	E	0.0	1.0	1	2	2	1.0	1.0	1/8	True	0	31.0	31.0	31.0	31a	4	120	False	True				False	79	ii/VII		a	i		ii/VII	ii				VII	m	True	True	(0, -3, 1)	()	0	0	minor	minor	i	i, minor	ii/VII	VII	VII/i	VII	False	ii/VII	ii/VII, minor		ii/VII, minor	VII	VII	3	3	1	1	1	3	True	False	False
482.0	2.0	60.25	64	4	E	0.0	1.25	0	2	2	1.0	1.0	1/8	True	0	31.0	31.0	31.0	31a	4	241/2	False	False				False	79	ii/VII		a	i		ii/VII	ii				VII	m	True	True	(0, -3, 1)	()	0	0	minor	minor	i	i, minor	ii/VII	VII	VII/i	VII	False	ii/VII	ii/VII, minor		ii/VII, minor	VII	VII	3	3	1	1	1	3	True	False	False
484.0	4.0	60.5	45	3	A	0.0	1.5	0	2	2	4.0	1.0	1/4	False	0	31.0	31.0	31.0	31a	2	121	False	True				False	80	viio6/VII		a	i		viio6/VII	vii	o	6		VII	o	True	True	(0, -3, 3)	()	3	0	minor	minor	i	i, minor	vii/VII	VII	VII/i	VII	False	viio6/VII	viio6/VII, minor		viio6/VII, minor	VII	VII	3	3	1	0	0	2	True	False	True
484.0	4.0	60.5	66	6	F	1.0	1.5	0	2	2	1.0	1.0	1/4	True	0	31.0	31.0	31.0	31a	4	121	False	True				False	80	viio6/VII		a	i		viio6/VII	vii	o	6		VII	o	True	True	(0, -3, 3)	()	3	0	minor	minor	i	i, minor	vii/VII	VII	VII/i	VII	False	viio6/VII	viio6/VII, minor		viio6/VII, minor	VII	VII	3	3	1	3	3	5	True	True	False
486.0	2.0	60.75	62	2	D	0.0	1.75	0	2	2	2.0	1.0	1/8	True	0	31.0	31.0	31.0	31a	4	243/2	False	True				False	81	V43/VII		a	i		V43/VII	V		43		VII	Mm7	True	True	(0, -3, -1, 3)	()	-1	0	minor	minor	i	i, minor	V/VII	VII	VII/i	VII	False	V43/VII	V43/VII, minor		V43/VII, minor	VII	VII	3	3	1	-1	-1	1	True	True	False
488.0	4.0	61.0	43	1	G	0.0	2.0	2	2	2	4.0	1.0	1/4	True	0	31.0	31.0	31.0	31a	2	122	False	True			\\	True	82	VII\\		a	i		VII	VII					M	True	True	(-2, 2, -1)	()	-2	-2	minor	minor	i	i, minor	VII		i	i	True	VII	VII, minor		VII, minor		VII	3	3	3	-2	-2	-2	True	True	True
488.0	2.0	61.0	59	5	B	0.0	2.0	2	2	2	2.0	1.0	1/8	True	0	31.0	31.0	31.0	31a	3	122	False	True			\\	True	82	VII\\		a	i		VII	VII					M	True	True	(-2, 2, -1)	()	-2	-2	minor	minor	i	i, minor	VII		i	i	True	VII	VII, minor		VII, minor		VII	3	3	3	2	2	2	True	False	False
488.0	8.0	61.0	67	1	G	0.0	2.0	2	2	2	1.0	1.0	1/2	True	0	31.0	31.0	31.0	31a	4	122	False	True			\\	True	82	VII\\		a	i		VII	VII					M	True	True	(-2, 2, -1)	()	-2	-2	minor	minor	i	i, minor	VII		i	i	True	VII	VII, minor		VII, minor		VII	3	3	3	-2	-2	-2	True	True	True
490.0	2.0	61.25	55	1	G	0.0	2.25	0	2	2	2.0	1.0	1/8	True	0	31.0	31.0	31.0	31a	3	245/2	False	False				False	82	VII\\		a	i		VII	VII					M	True	True	(-2, 2, -1)	()	-2	-2	minor	minor	i	i, minor	VII		i	i	True	VII	VII, minor		VII, minor		VII	3	3	3	-2	-2	-2	True	True	True
490.0	2.0	61.25	55	1	G	0.0	2.25	0	2	2	3.0	1.0	1/8	True	0	31.0	31.0	31.0	31a	3	245/2	False	False				False	82	VII\\		a	i		VII	VII					M	True	True	(-2, 2, -1)	()	-2	-2	minor	minor	i	i, minor	VII		i	i	True	VII	VII, minor		VII, minor		VII	3	3	3	-2	-2	-2	True	True	True
492.0	2.0	61.5	52	4	E	0.0	2.5	0	2	2	3.0	1.0	1/8	True	0	31.0	31.0	31.0	31a	3	123	False	True				False	83	V/VI		a	i		V/VI	V				VI	M	True	True	(-3, 1, -2)	()	-3	-3	minor	minor	i	i, minor	V/VI	VI	VI/i	VI	False	V/VI	V/VI, minor		V/VI, minor	VI	VI	3	3	-1	1	1	5	True	False	False
492.0	2.0	61.5	52	4	E	0.0	2.5	0	2	2	4.0	1.0	1/8	True	0	31.0	31.0	31.0	31a	3	123	False	True				False	83	V/VI		a	i		V/VI	V				VI	M	True	True	(-3, 1, -2)	()	-3	-3	minor	minor	i	i, minor	V/VI	VI	VI/i	VI	False	V/VI	V/VI, minor		V/VI, minor	VI	VI	3	3	-1	1	1	5	True	False	False
492.0	4.0	61.5	60	0	C	0.0	2.5	0	2	2	2.0	1.0	1/4	True	0	31.0	31.0	31.0	31a	4	123	False	True				False	83	V/VI		a	i		V/VI	V				VI	M	True	True	(-3, 1, -2)	()	-3	-3	minor	minor	i	i, minor	V/VI	VI	VI/i	VI	False	V/VI	V/VI, minor		V/VI, minor	VI	VI	3	3	-1	-3	-3	1	True	True	True
494.0	2.0	61.75	48	0	C	0.0	2.75	0	2	2	3.0	1.0	1/8	True	0	31.0	31.0	31.0	31a	3	247/2	False	False				False	83	V/VI		a	i		V/VI	V				VI	M	True	True	(-3, 1, -2)	()	-3	-3	minor	minor	i	i, minor	V/VI	VI	VI/i	VI	False	V/VI	V/VI, minor		V/VI, minor	VI	VI	3	3	-1	-3	-3	1	True	True	True
494.0	2.0	61.75	48	0	C	0.0	2.75	0	2	2	4.0	1.0	1/8	True	0	31.0	31.0	31.0	31a	3	247/2	False	False				False	83	V/VI		a	i		V/VI	V				VI	M	True	True	(-3, 1, -2)	()	-3	-3	minor	minor	i	i, minor	V/VI	VI	VI/i	VI	False	V/VI	V/VI, minor		V/VI, minor	VI	VI	3	3	-1	-3	-3	1	True	True	True
496.0	4.0	62.0	53	-1	F	0.0	1.0	1	2	2	3.0	1.0	1/4	True	0	32.0	32.0	32.0	32a	3	124	False	True				False	84	VI		a	i		VI	VI					M	True	True	(-4, 0, -3)	()	-4	-4	minor	minor	i	i, minor	VI		i	i	True	VI	VI, minor		VI, minor		VI	3	3	3	-4	-4	-4	True	True	True
496.0	4.0	62.0	53	-1	F	0.0	1.0	1	2	2	4.0	1.0	1/4	True	0	32.0	32.0	32.0	32a	3	124	False	True				False	84	VI		a	i		VI	VI					M	True	True	(-4, 0, -3)	()	-4	-4	minor	minor	i	i, minor	VI		i	i	True	VI	VI, minor		VI, minor		VI	3	3	3	-4	-4	-4	True	True	True
496.0	4.0	62.0	57	3	A	0.0	1.0	1	2	2	2.0	1.0	1/4	True	0	32.0	32.0	32.0	32a	3	124	False	True				False	84	VI		a	i		VI	VI					M	True	True	(-4, 0, -3)	()	-4	-4	minor	minor	i	i, minor	VI		i	i	True	VI	VI, minor		VI, minor		VI	3	3	3	0	0	0	True	False	False
498.0	2.0	62.25	69	3	A	0.0	1.25	0	2	2	1.0	1.0	1/8	True	0	32.0	32.0	32.0	32a	4	249/2	False	False				False	84	VI		a	i		VI	VI					M	True	True	(-4, 0, -3)	()	-4	-4	minor	minor	i	i, minor	VI		i	i	True	VI	VI, minor		VI, minor		VI	3	3	3	0	0	0	True	False	False
500.0	2.0	62.5	50	2	D	0.0	1.5	0	2	2	3.0	1.0	1/8	True	0	32.0	32.0	32.0	32a	3	125	False	True				False	85	V/VII		a	i		V/VII	V				VII	M	True	True	(-1, 3, 0)	()	-1	-1	minor	minor	i	i, minor	V/VII	VII	VII/i	VII	False	V/VII	V/VII, minor		V/VII, minor	VII	VII	3	3	1	-1	-1	1	True	True	True
500.0	4.0	62.5	50	2	D	0.0	1.5	0	2	2	4.0	1.0	1/4	True	0	32.0	32.0	32.0	32a	3	125	False	True				False	85	V/VII		a	i		V/VII	V				VII	M	True	True	(-1, 3, 0)	()	-1	-1	minor	minor	i	i, minor	V/VII	VII	VII/i	VII	False	V/VII	V/VII, minor		V/VII, minor	VII	VII	3	3	1	-1	-1	1	True	True	True
500.0	2.0	62.5	66	6	F	1.0	1.5	0	2	2	1.0	1.0	1/8	True	0	32.0	32.0	32.0	32a	4	125	False	True				False	85	V/VII		a	i		V/VII	V				VII	M	True	True	(-1, 3, 0)	()	-1	-1	minor	minor	i	i, minor	V/VII	VII	VII/i	VII	False	V/VII	V/VII, minor		V/VII, minor	VII	VII	3	3	1	3	3	5	True	False	False
502.0	2.0	62.75	50	2	D	0.0	1.75	0	2	2	3.0	1.0	1/8	True	0	32.0	32.0	32.0	32a	3	251/2	False	False				False	85	V/VII		a	i		V/VII	V				VII	M	True	True	(-1, 3, 0)	()	-1	-1	minor	minor	i	i, minor	V/VII	VII	VII/i	VII	False	V/VII	V/VII, minor		V/VII, minor	VII	VII	3	3	1	-1	-1	1	True	True	True
502.0	2.0	62.75	62	2	D	0.0	1.75	0	2	2	1.0	1.0	1/8	True	0	32.0	32.0	32.0	32a	4	251/2	False	False				False	85	V/VII		a	i		V/VII	V				VII	M	True	True	(-1, 3, 0)	()	-1	-1	minor	minor	i	i, minor	V/VII	VII	VII/i	VII	False	V/VII	V/VII, minor		V/VII, minor	VII	VII	3	3	1	-1	-1	1	True	True	True
504.0	2.0	63.0	47	5	B	0.0	2.0	2	2	2	3.0	1.0	1/8	True	0	32.0	32.0	32.0	32a	2	126	False	True				False	86	V/III		a	i		V/III	V				III	M	True	True	(-2, 2, -1)	()	-2	-2	minor	minor	i	i, minor	V/III	III	III/i	III	False	V/III	V/III, minor		V/III, minor	III	III	3	3	0	2	2	5	True	False	False
504.0	2.0	63.0	47	5	B	0.0	2.0	2	2	2	4.0	1.0	1/8	True	0	32.0	32.0	32.0	32a	2	126	False	True				False	86	V/III		a	i		V/III	V				III	M	True	True	(-2, 2, -1)	()	-2	-2	minor	minor	i	i, minor	V/III	III	III/i	III	False	V/III	V/III, minor		V/III, minor	III	III	3	3	0	2	2	5	True	False	False
504.0	4.0	63.0	67	1	G	0.0	2.0	2	2	2	1.0	1.0	1/4	True	0	32.0	32.0	32.0	32a	4	126	False	True				False	86	V/III		a	i		V/III	V				III	M	True	True	(-2, 2, -1)	()	-2	-2	minor	minor	i	i, minor	V/III	III	III/i	III	False	V/III	V/III, minor		V/III, minor	III	III	3	3	0	-2	-2	1	True	True	True
506.0	2.0	63.25	43	1	G	0.0	2.25	0	2	2	3.0	1.0	1/8	True	0	32.0	32.0	32.0	32a	2	253/2	False	False				False	86	V/III		a	i		V/III	V				III	M	True	True	(-2, 2, -1)	()	-2	-2	minor	minor	i	i, minor	V/III	III	III/i	III	False	V/III	V/III, minor		V/III, minor	III	III	3	3	0	-2	-2	1	True	True	True
506.0	2.0	63.25	43	1	G	0.0	2.25	0	2	2	4.0	1.0	1/8	True	0	32.0	32.0	32.0	32a	2	253/2	False	False				False	86	V/III		a	i		V/III	V				III	M	True	True	(-2, 2, -1)	()	-2	-2	minor	minor	i	i, minor	V/III	III	III/i	III	False	V/III	V/III, minor		V/III, minor	III	III	3	3	0	-2	-2	1	True	True	True
508.0	4.0	63.5	48	0	C	0.0	2.5	0	2	2	3.0	1.0	1/4	True	0	32.0	32.0	32.0	32a	3	127	False	True				False	87	III		a	i		III	III					M	True	True	(-3, 1, -2)	()	-3	-3	minor	minor	i	i, minor	III		i	i	True	III	III, minor		III, minor		III	3	3	3	-3	-3	-3	True	True	True
508.0	4.0	63.5	48	0	C	0.0	2.5	0	2	2	4.0	1.0	1/4	True	0	32.0	32.0	32.0	32a	3	127	False	True				False	87	III		a	i		III	III					M	True	True	(-3, 1, -2)	()	-3	-3	minor	minor	i	i, minor	III		i	i	True	III	III, minor		III, minor		III	3	3	3	-3	-3	-3	True	True	True
508.0	4.0	63.5	64	4	E	0.0	2.5	0	2	2	1.0	1.0	1/4	True	0	32.0	32.0	32.0	32a	4	127	False	True				False	87	III		a	i		III	III					M	True	True	(-3, 1, -2)	()	-3	-3	minor	minor	i	i, minor	III		i	i	True	III	III, minor		III, minor		III	3	3	3	1	1	1	True	False	False
510.0	2.0	63.75	64	4	E	0.0	2.75	0	2	2	2.0	1.0	1/8	True	0	32.0	32.0	32.0	32a	4	255/2	False	False				False	87	III		a	i		III	III					M	True	True	(-3, 1, -2)	()	-3	-3	minor	minor	i	i, minor	III		i	i	True	III	III, minor		III, minor		III	3	3	3	1	1	1	True	False	False
512.0	2.0	64.0	47	5	B	0.0	1.0	1	2	2	3.0	1.0	1/8	True	0	33.0	33.0	33.0	33a	2	128	False	True				False	88	vi/IV		a	i		vi/IV	vi				IV	m	True	True	(2, -1, 3)	()	2	2	minor	minor	i	i, minor	vi/IV	IV	IV/i	IV	False	vi/IV	vi/IV, minor		vi/IV, minor	IV	IV	3	3	2	2	2	3	True	True	True
512.0	4.0	64.0	47	5	B	0.0	1.0	1	2	2	4.0	1.0	1/4	True	0	33.0	33.0	33.0	33a	2	128	False	True				False	88	vi/IV		a	i		vi/IV	vi				IV	m	True	True	(2, -1, 3)	()	2	2	minor	minor	i	i, minor	vi/IV	IV	IV/i	IV	False	vi/IV	vi/IV, minor		vi/IV, minor	IV	IV	3	3	2	2	2	3	True	True	True
512.0	2.0	64.0	62	2	D	0.0	1.0	1	2	2	2.0	1.0	1/8	True	0	33.0	33.0	33.0	33a	4	128	False	True				False	88	vi/IV		a	i		vi/IV	vi				IV	m	True	True	(2, -1, 3)	()	2	2	minor	minor	i	i, minor	vi/IV	IV	IV/i	IV	False	vi/IV	vi/IV, minor		vi/IV, minor	IV	IV	3	3	2	-1	-1	0	True	False	False
512.0	2.0	64.0	66	6	F	1.0	1.0	1	2	2	1.0	1.0	1/8	True	0	33.0	33.0	33.0	33a	4	128	False	True				False	88	vi/IV		a	i		vi/IV	vi				IV	m	True	True	(2, -1, 3)	()	2	2	minor	minor	i	i, minor	vi/IV	IV	IV/i	IV	False	vi/IV	vi/IV, minor		vi/IV, minor	IV	IV	3	3	2	3	3	4	True	False	False
514.0	2.0	64.25	59	5	B	0.0	1.25	0	2	2	2.0	1.0	1/8	True	0	33.0	33.0	33.0	33a	3	257/2	False	False				False	88	vi/IV		a	i		vi/IV	vi				IV	m	True	True	(2, -1, 3)	()	2	2	minor	minor	i	i, minor	vi/IV	IV	IV/i	IV	False	vi/IV	vi/IV, minor		vi/IV, minor	IV	IV	3	3	2	2	2	3	True	True	True
514.0	2.0	64.25	59	5	B	0.0	1.25	0	2	2	3.0	1.0	1/8	True	0	33.0	33.0	33.0	33a	3	257/2	False	False				False	88	vi/IV		a	i		vi/IV	vi				IV	m	True	True	(2, -1, 3)	()	2	2	minor	minor	i	i, minor	vi/IV	IV	IV/i	IV	False	vi/IV	vi/IV, minor		vi/IV, minor	IV	IV	3	3	2	2	2	3	True	True	True
514.0	2.0	64.25	66	6	F	1.0	1.25	0	2	2	1.0	1.0	1/8	True	0	33.0	33.0	33.0	33a	4	257/2	False	False				False	88	vi/IV		a	i		vi/IV	vi				IV	m	True	True	(2, -1, 3)	()	2	2	minor	minor	i	i, minor	vi/IV	IV	IV/i	IV	False	vi/IV	vi/IV, minor		vi/IV, minor	IV	IV	3	3	2	3	3	4	True	False	False
516.0	2.0	64.5	55	1	G	0.0	1.5	0	2	2	3.0	1.0	1/8	True	0	33.0	33.0	33.0	33a	3	129	False	True				False	89	ii6/IV		a	i		ii6/IV	ii		6		IV	m	True	True	(-2, 2, 1)	()	1	-2	minor	minor	i	i, minor	ii/IV	IV	IV/i	IV	False	ii6/IV	ii6/IV, minor		ii6/IV, minor	IV	IV	3	3	2	-2	-2	-1	True	False	True
516.0	2.0	64.5	55	1	G	0.0	1.5	0	2	2	4.0	1.0	1/8	True	0	33.0	33.0	33.0	33a	3	129	False	True				False	89	ii6/IV		a	i		ii6/IV	ii		6		IV	m	True	True	(-2, 2, 1)	()	1	-2	minor	minor	i	i, minor	ii/IV	IV	IV/i	IV	False	ii6/IV	ii6/IV, minor		ii6/IV, minor	IV	IV	3	3	2	-2	-2	-1	True	False	True
516.0	4.0	64.5	64	4	E	0.0	1.5	0	2	2	2.0	1.0	1/4	True	0	33.0	33.0	33.0	33a	4	129	False	True				False	89	ii6/IV		a	i		ii6/IV	ii		6		IV	m	True	True	(-2, 2, 1)	()	1	-2	minor	minor	i	i, minor	ii/IV	IV	IV/i	IV	False	ii6/IV	ii6/IV, minor		ii6/IV, minor	IV	IV	3	3	2	1	1	2	True	True	False
516.0	2.0	64.5	67	1	G	0.0	1.5	0	2	2	1.0	1.0	1/8	True	0	33.0	33.0	33.0	33a	4	129	False	True				False	89	ii6/IV		a	i		ii6/IV	ii		6		IV	m	True	True	(-2, 2, 1)	()	1	-2	minor	minor	i	i, minor	ii/IV	IV	IV/i	IV	False	ii6/IV	ii6/IV, minor		ii6/IV, minor	IV	IV	3	3	2	-2	-2	-1	True	False	True
518.0	2.0	64.75	52	4	E	0.0	1.75	0	2	2	3.0	1.0	1/8	True	0	33.0	33.0	33.0	33a	3	259/2	False	False				False	89	ii6/IV		a	i		ii6/IV	ii		6		IV	m	True	True	(-2, 2, 1)	()	1	-2	minor	minor	i	i, minor	ii/IV	IV	IV/i	IV	False	ii6/IV	ii6/IV, minor		ii6/IV, minor	IV	IV	3	3	2	1	1	2	True	True	False
518.0	2.0	64.75	52	4	E	0.0	1.75	0	2	2	4.0	1.0	1/8	True	0	33.0	33.0	33.0	33a	3	259/2	False	False				False	89	ii6/IV		a	i		ii6/IV	ii		6		IV	m	True	True	(-2, 2, 1)	()	1	-2	minor	minor	i	i, minor	ii/IV	IV	IV/i	IV	False	ii6/IV	ii6/IV, minor		ii6/IV, minor	IV	IV	3	3	2	1	1	2	True	True	False
518.0	2.0	64.75	65	-1	F	0.0	1.75	0	2	2	1.0	1.0	1/8	True	0	33.0	33.0	33.0	33a	4	259/2	False	False				False	89	ii6/IV		a	i		ii6/IV	ii		6		IV	m	True	True	(-2, 2, 1)	()	1	-2	minor	minor	i	i, minor	ii/IV	IV	IV/i	IV	False	ii6/IV	ii6/IV, minor		ii6/IV, minor	IV	IV	3	3	2	-4	-4	-3	False	False	False
520.0	4.0	65.0	57	3	A	0.0	2.0	2	2	2	3.0	1.0	1/4	True	0	33.0	33.0	33.0	33a	3	130	False	True				False	90	V/IV		a	i		V/IV	V				IV	M	True	True	(0, 4, 1)	()	0	0	minor	minor	i	i, minor	V/IV	IV	IV/i	IV	False	V/IV	V/IV, minor		V/IV, minor	IV	IV	3	3	2	0	0	1	True	True	True
520.0	4.0	65.0	57	3	A	0.0	2.0	2	2	2	4.0	1.0	1/4	True	0	33.0	33.0	33.0	33a	3	130	False	True				False	90	V/IV		a	i		V/IV	V				IV	M	True	True	(0, 4, 1)	()	0	0	minor	minor	i	i, minor	V/IV	IV	IV/i	IV	False	V/IV	V/IV, minor		V/IV, minor	IV	IV	3	3	2	0	0	1	True	True	True
520.0	4.0	65.0	61	7	C	1.0	2.0	2	2	2	2.0	1.0	1/4	True	0	33.0	33.0	33.0	33a	4	130	False	True				False	90	V/IV		a	i		V/IV	V				IV	M	True	True	(0, 4, 1)	()	0	0	minor	minor	i	i, minor	V/IV	IV	IV/i	IV	False	V/IV	V/IV, minor		V/IV, minor	IV	IV	3	3	2	4	4	5	True	False	False
520.0	2.0	65.0	64	4	E	0.0	2.0	2	2	2	1.0	1.0	1/8	True	0	33.0	33.0	33.0	33a	4	130	False	True				False	90	V/IV		a	i		V/IV	V				IV	M	True	True	(0, 4, 1)	()	0	0	minor	minor	i	i, minor	V/IV	IV	IV/i	IV	False	V/IV	V/IV, minor		V/IV, minor	IV	IV	3	3	2	1	1	2	True	False	False
522.0	2.0	65.25	64	4	E	0.0	2.25	0	2	2	1.0	1.0	1/8	True	0	33.0	33.0	33.0	33a	4	261/2	False	False				False	90	V/IV		a	i		V/IV	V				IV	M	True	True	(0, 4, 1)	()	0	0	minor	minor	i	i, minor	V/IV	IV	IV/i	IV	False	V/IV	V/IV, minor		V/IV, minor	IV	IV	3	3	2	1	1	2	True	False	False
524.0	4.0	65.5	54	6	F	1.0	2.5	0	2	2	3.0	1.0	1/4	True	0	33.0	33.0	33.0	33a	3	131	False	True				False	91	V6/VII		a	i		V6/VII	V		6		VII	M	True	True	(3, 0, -1)	()	-1	3	minor	minor	i	i, minor	V/VII	VII	VII/i	VII	False	V6/VII	V6/VII, minor		V6/VII, minor	VII	VII	3	3	1	3	3	5	True	False	True
524.0	4.0	65.5	54	6	F	1.0	2.5	0	2	2	4.0	1.0	1/4	True	0	33.0	33.0	33.0	33a	3	131	False	True				False	91	V6/VII		a	i		V6/VII	V		6		VII	M	True	True	(3, 0, -1)	()	-1	3	minor	minor	i	i, minor	V/VII	VII	VII/i	VII	False	V6/VII	V6/VII, minor		V6/VII, minor	VII	VII	3	3	1	3	3	5	True	False	True
524.0	2.0	65.5	62	2	D	0.0	2.5	0	2	2	2.0	1.0	1/8	True	0	33.0	33.0	33.0	33a	4	131	False	True				False	91	V6/VII		a	i		V6/VII	V		6		VII	M	True	True	(3, 0, -1)	()	-1	3	minor	minor	i	i, minor	V/VII	VII	VII/i	VII	False	V6/VII	V6/VII, minor		V6/VII, minor	VII	VII	3	3	1	-1	-1	1	True	True	False
524.0	2.0	65.5	69	3	A	0.0	2.5	0	2	2	1.0	1.0	1/8	True	0	33.0	33.0	33.0	33a	4	131	False	True				False	91	V6/VII		a	i		V6/VII	V		6		VII	M	True	True	(3, 0, -1)	()	-1	3	minor	minor	i	i, minor	V/VII	VII	VII/i	VII	False	V6/VII	V6/VII, minor		V6/VII, minor	VII	VII	3	3	1	0	0	2	True	False	False
526.0	2.0	65.75	60	0	C	0.0	2.75	0	2	2	2.0	1.0	1/8	True	0	33.0	33.0	33.0	33a	4	263/2	False	True				False	92	viio/VII		a	i		viio/VII	vii	o			VII	o	True	True	(3, 0, -3)	()	3	3	minor	minor	i	i, minor	vii/VII	VII	VII/i	VII	False	viio/VII	viio/VII, minor		viio/VII, minor	VII	VII	3	3	1	-3	-3	-1	True	False	False
526.0	2.0	65.75	69	3	A	0.0	2.75	0	2	2	1.0	1.0	1/8	True	0	33.0	33.0	33.0	33a	4	263/2	False	True				False	92	viio/VII		a	i		viio/VII	vii	o			VII	o	True	True	(3, 0, -3)	()	3	3	minor	minor	i	i, minor	vii/VII	VII	VII/i	VII	False	viio/VII	viio/VII, minor		viio/VII, minor	VII	VII	3	3	1	0	0	2	True	False	False
528.0	2.0	66.0	55	1	G	0.0	1.0	1	2	2	3.0	1.0	1/8	True	0	34.0	34.0	34.0	34a	3	132	False	True				False	93	IV/IV		a	i		IV/IV	IV				IV	M	True	True	(-2, 2, -1)	()	-2	-2	minor	minor	i	i, minor	IV/IV	IV	IV/i	IV	False	IV/IV	IV/IV, minor		IV/IV, minor	IV	IV	3	3	2	-2	-2	-1	True	True	True
528.0	2.0	66.0	55	1	G	0.0	1.0	1	2	2	4.0	1.0	1/8	True	0	34.0	34.0	34.0	34a	3	132	False	True				False	93	IV/IV		a	i		IV/IV	IV				IV	M	True	True	(-2, 2, -1)	()	-2	-2	minor	minor	i	i, minor	IV/IV	IV	IV/i	IV	False	IV/IV	IV/IV, minor		IV/IV, minor	IV	IV	3	3	2	-2	-2	-1	True	True	True
528.0	2.0	66.0	59	5	B	0.0	1.0	1	2	2	2.0	1.0	1/8	True	0	34.0	34.0	34.0	34a	3	132	False	True				False	93	IV/IV		a	i		IV/IV	IV				IV	M	True	True	(-2, 2, -1)	()	-2	-2	minor	minor	i	i, minor	IV/IV	IV	IV/i	IV	False	IV/IV	IV/IV, minor		IV/IV, minor	IV	IV	3	3	2	2	2	3	True	False	False
528.0	6.0	66.0	67	1	G	0.0	1.0	1	2	2	1.0	1.0	3/8	True	0	34.0	34.0	34.0	34a	4	132	False	True				False	93	IV/IV		a	i		IV/IV	IV				IV	M	True	True	(-2, 2, -1)	()	-2	-2	minor	minor	i	i, minor	IV/IV	IV	IV/i	IV	False	IV/IV	IV/IV, minor		IV/IV, minor	IV	IV	3	3	2	-2	-2	-1	True	True	True
530.0	2.0	66.25	57	3	A	0.0	1.25	0	2	2	3.0	1.0	1/8	True	0	34.0	34.0	34.0	34a	3	265/2	False	True				False	94	V7/IV		a	i		V7/IV	V		7		IV	Mm7	True	True	(0, 4, 1, -2)	()	0	0	minor	minor	i	i, minor	V/IV	IV	IV/i	IV	False	V7/IV	V7/IV, minor		V7/IV, minor	IV	IV	3	3	2	0	0	1	True	True	True
530.0	2.0	66.25	57	3	A	0.0	1.25	0	2	2	4.0	1.0	1/8	True	0	34.0	34.0	34.0	34a	3	265/2	False	True				False	94	V7/IV		a	i		V7/IV	V		7		IV	Mm7	True	True	(0, 4, 1, -2)	()	0	0	minor	minor	i	i, minor	V/IV	IV	IV/i	IV	False	V7/IV	V7/IV, minor		V7/IV, minor	IV	IV	3	3	2	0	0	1	True	True	True
530.0	2.0	66.25	61	7	C	1.0	1.25	0	2	2	2.0	1.0	1/8	True	0	34.0	34.0	34.0	34a	4	265/2	False	True				False	94	V7/IV		a	i		V7/IV	V		7		IV	Mm7	True	True	(0, 4, 1, -2)	()	0	0	minor	minor	i	i, minor	V/IV	IV	IV/i	IV	False	V7/IV	V7/IV, minor		V7/IV, minor	IV	IV	3	3	2	4	4	5	True	False	False
532.0	2.0	66.5	59	5	B	0.0	1.5	0	2	2	3.0	1.0	1/8	True	0	34.0	34.0	34.0	34a	3	133	False	True				False	95	IV6/IV		a	i		IV6/IV	IV		6		IV	M	True	True	(2, -1, -2)	()	-2	2	minor	minor	i	i, minor	IV/IV	IV	IV/i	IV	False	IV6/IV	IV6/IV, minor		IV6/IV, minor	IV	IV	3	3	2	2	2	3	True	False	True
532.0	2.0	66.5	59	5	B	0.0	1.5	0	2	2	4.0	1.0	1/8	True	0	34.0	34.0	34.0	34a	3	133	False	True				False	95	IV6/IV		a	i		IV6/IV	IV		6		IV	M	True	True	(2, -1, -2)	()	-2	2	minor	minor	i	i, minor	IV/IV	IV	IV/i	IV	False	IV6/IV	IV6/IV, minor		IV6/IV, minor	IV	IV	3	3	2	2	2	3	True	False	True
532.0	8.0	66.5	62	2	D	0.0	1.5	0	2	2	2.0	1.0	1/2	True	0	34.0	34.0	34.0	34a	4	133	False	True				False	95	IV6/IV		a	i		IV6/IV	IV		6		IV	M	True	True	(2, -1, -2)	()	-2	2	minor	minor	i	i, minor	IV/IV	IV	IV/i	IV	False	IV6/IV	IV6/IV, minor		IV6/IV, minor	IV	IV	3	3	2	-1	-1	0	True	False	False
534.0	2.0	66.75	54	6	F	1.0	1.75	0	2	2	3.0	1.0	1/8	True	0	34.0	34.0	34.0	34a	3	267/2	False	True				False	96	IV6		a	i		IV6	IV		6			M	True	True	(3, 0, -1)	()	-1	3	minor	minor	i	i, minor	IV		i	i	True	IV6	IV6, minor		IV6, minor		IV	3	3	3	3	3	3	True	False	True
534.0	2.0	66.75	54	6	F	1.0	1.75	0	2	2	4.0	1.0	1/8	True	0	34.0	34.0	34.0	34a	3	267/2	False	True				False	96	IV6		a	i		IV6	IV		6			M	True	True	(3, 0, -1)	()	-1	3	minor	minor	i	i, minor	IV		i	i	True	IV6	IV6, minor		IV6, minor		IV	3	3	3	3	3	3	True	False	True
534.0	2.0	66.75	66	6	F	1.0	1.75	0	2	2	1.0	1.0	1/8	True	0	34.0	34.0	34.0	34a	4	267/2	False	True				False	96	IV6		a	i		IV6	IV		6			M	True	True	(3, 0, -1)	()	-1	3	minor	minor	i	i, minor	IV		i	i	True	IV6	IV6, minor		IV6, minor		IV	3	3	3	3	3	3	True	False	True
536.0	4.0	67.0	57	3	A	0.0	2.0	2	2	2	4.0	1.0	1/4	True	0	34.0	34.0	34.0	34a	3	134	False	True				False	97	V(4)/IV		a	i		V(4)/IV	V			4	IV	M	True	True	(0, -1, 1)	()	0	0	minor	minor	i	i, minor	V/IV	IV	IV/i	IV	False	V/IV	V/IV, minor		V(4)/IV, minor	IV	IV	3	3	2	0	0	1	True	True	True
536.0	8.0	67.0	57	3	A	0.0	2.0	2	2	2	3.0	1.0	1/2	True	0	34.0	34.0	34.0	34a	3	134	False	True				False	97	V(4)/IV		a	i		V(4)/IV	V			4	IV	M	True	True	(0, -1, 1)	()	0	0	minor	minor	i	i, minor	V/IV	IV	IV/i	IV	False	V/IV	V/IV, minor		V(4)/IV, minor	IV	IV	3	3	2	0	0	1	True	True	True
536.0	8.0	67.0	64	4	E	0.0	2.0	2	2	2	1.0	1.0	1/2	True	0	34.0	34.0	34.0	34a	4	134	False	True				False	97	V(4)/IV		a	i		V(4)/IV	V			4	IV	M	True	True	(0, -1, 1)	()	0	0	minor	minor	i	i, minor	V/IV	IV	IV/i	IV	False	V/IV	V/IV, minor		V(4)/IV, minor	IV	IV	3	3	2	1	1	2	True	False	False
540.0	4.0	67.5	57	3	A	0.0	2.5	0	2	2	4.0	1.0	1/4	False	0	34.0	34.0	34.0	34a	3	135	False	True				False	98	V/IV		a	i		V/IV	V				IV	M	True	True	(0, 4, 1)	()	0	0	minor	minor	i	i, minor	V/IV	IV	IV/i	IV	False	V/IV	V/IV, minor		V/IV, minor	IV	IV	3	3	2	0	0	1	True	True	True
540.0	4.0	67.5	61	7	C	1.0	2.5	0	2	2	2.0	1.0	1/4	True	0	34.0	34.0	34.0	34a	4	135	False	True				False	98	V/IV		a	i		V/IV	V				IV	M	True	True	(0, 4, 1)	()	0	0	minor	minor	i	i, minor	V/IV	IV	IV/i	IV	False	V/IV	V/IV, minor		V/IV, minor	IV	IV	3	3	2	4	4	5	True	False	False
544.0	8.0	68.0	50	2	D	0.0	1.0	1	2	2	3.0	1.0	1/2	True	0	35.0	35.0	35.0	35a	3	136	False	True			\\	True	99	IV\\		a	i		IV	IV					M	True	True	(-1, 3, 0)	()	-1	-1	minor	minor	i	i, minor	IV		i	i	True	IV	IV, minor		IV, minor		IV	3	3	3	-1	-1	-1	True	True	True
544.0	8.0	68.0	50	2	D	0.0	1.0	1	2	2	4.0	1.0	1/2	True	0	35.0	35.0	35.0	35a	3	136	False	True			\\	True	99	IV\\		a	i		IV	IV					M	True	True	(-1, 3, 0)	()	-1	-1	minor	minor	i	i, minor	IV		i	i	True	IV	IV, minor		IV, minor		IV	3	3	3	-1	-1	-1	True	True	True
544.0	8.0	68.0	62	2	D	0.0	1.0	1	2	2	1.0	1.0	1/2	True	0	35.0	35.0	35.0	35a	4	136	False	True			\\	True	99	IV\\		a	i		IV	IV					M	True	True	(-1, 3, 0)	()	-1	-1	minor	minor	i	i, minor	IV		i	i	True	IV	IV, minor		IV, minor		IV	3	3	3	-1	-1	-1	True	True	True
544.0	8.0	68.0	62	2	D	0.0	1.0	1	2	2	2.0	1.0	1/2	True	0	35.0	35.0	35.0	35a	4	136	False	True			\\	True	99	IV\\		a	i		IV	IV					M	True	True	(-1, 3, 0)	()	-1	-1	minor	minor	i	i, minor	IV		i	i	True	IV	IV, minor		IV, minor		IV	3	3	3	-1	-1	-1	True	True	True
552.0	8.0	69.0	55	1	G	0.0	2.0	2	2	2	4.0	1.0	1/2	True	0	35.0	35.0	35.0	35a	3	138	False	True				False	100	VII		a	i		VII	VII					M	True	True	(-2, 2, -1)	()	-2	-2	minor	minor	i	i, minor	VII		i	i	True	VII	VII, minor		VII, minor		VII	3	3	3	-2	-2	-2	True	True	True
554.0	2.0	69.25	59	5	B	0.0	2.25	0	2	2	2.0	1.0	1/8	True	0	35.0	35.0	35.0	35a	3	277/2	False	False				False	100	VII		a	i		VII	VII					M	True	True	(-2, 2, -1)	()	-2	-2	minor	minor	i	i, minor	VII		i	i	True	VII	VII, minor		VII, minor		VII	3	3	3	2	2	2	True	False	False
556.0	2.0	69.5	57	3	A	0.0	2.5	0	2	2	2.0	1.0	1/8	True	0	35.0	35.0	35.0	35a	3	139	False	False				False	100	VII		a	i		VII	VII					M	True	True	(-2, 2, -1)	()	-2	-2	minor	minor	i	i, minor	VII		i	i	True	VII	VII, minor		VII, minor		VII	3	3	3	0	0	0	False	False	False
558.0	2.0	69.75	59	5	B	0.0	2.75	0	2	2	2.0	1.0	1/8	True	0	35.0	35.0	35.0	35a	3	279/2	False	False				False	100	VII		a	i		VII	VII					M	True	True	(-2, 2, -1)	()	-2	-2	minor	minor	i	i, minor	VII		i	i	True	VII	VII, minor		VII, minor		VII	3	3	3	2	2	2	True	False	False
560.0	8.0	70.0	52	4	E	0.0	1.0	1	2	2	4.0	1.0	1/2	True	0	36.0	36.0	36.0	36a	3	140	False	True				False	101	V		a	i		V	V					M	True	True	(1, 5, 2)	()	1	1	minor	minor	i	i, minor	V		i	i	True	V	V, minor		V, minor		V	3	3	3	1	1	1	True	True	True
560.0	4.0	70.0	56	8	G	1.0	1.0	1	2	2	2.0	1.0	1/4	True	0	36.0	36.0	36.0	36a	3	140	False	True				False	101	V		a	i		V	V					M	True	True	(1, 5, 2)	()	1	1	minor	minor	i	i, minor	V		i	i	True	V	V, minor		V, minor		V	3	3	3	5	5	5	True	False	False
562.0	2.0	70.25	52	4	E	0.0	1.25	0	2	2	3.0	1.0	1/8	True	0	36.0	36.0	36.0	36a	3	281/2	False	False				False	101	V		a	i		V	V					M	True	True	(1, 5, 2)	()	1	1	minor	minor	i	i, minor	V		i	i	True	V	V, minor		V, minor		V	3	3	3	1	1	1	True	True	True
564.0	2.0	70.5	50	2	D	0.0	1.5	0	2	2	3.0	1.0	1/8	True	0	36.0	36.0	36.0	36a	3	141	False	True				False	102	V2		a	i		V2	V		2			Mm7	True	True	(-1, 1, 5, 2)	()	1	-1	minor	minor	i	i, minor	V		i	i	True	V2	V2, minor		V2, minor		V	3	3	3	-1	-1	-1	True	False	True
564.0	4.0	70.5	52	4	E	0.0	1.5	0	2	2	2.0	1.0	1/4	True	0	36.0	36.0	36.0	36a	3	141	False	True				False	102	V2		a	i		V2	V		2			Mm7	True	True	(-1, 1, 5, 2)	()	1	-1	minor	minor	i	i, minor	V		i	i	True	V2	V2, minor		V2, minor		V	3	3	3	1	1	1	True	True	False
566.0	2.0	70.75	52	4	E	0.0	1.75	0	2	2	3.0	1.0	1/8	True	0	36.0	36.0	36.0	36a	3	283/2	False	False				False	102	V2		a	i		V2	V		2			Mm7	True	True	(-1, 1, 5, 2)	()	1	-1	minor	minor	i	i, minor	V		i	i	True	V2	V2, minor		V2, minor		V	3	3	3	1	1	1	True	True	False
568.0	4.0	71.0	49	7	C	1.0	2.0	2	2	2	3.0	1.0	1/4	True	0	36.0	36.0	36.0	36a	3	142	False	True				False	103	V6/IV		a	i		V6/IV	V		6		IV	M	True	True	(4, 1, 0)	()	0	4	minor	minor	i	i, minor	V/IV	IV	IV/i	IV	False	V6/IV	V6/IV, minor		V6/IV, minor	IV	IV	3	3	2	4	4	5	True	False	True
568.0	8.0	71.0	49	7	C	1.0	2.0	2	2	2	4.0	1.0	1/2	True	0	36.0	36.0	36.0	36a	3	142	False	True				False	103	V6/IV		a	i		V6/IV	V		6		IV	M	True	True	(4, 1, 0)	()	0	4	minor	minor	i	i, minor	V/IV	IV	IV/i	IV	False	V6/IV	V6/IV, minor		V6/IV, minor	IV	IV	3	3	2	4	4	5	True	False	True
570.0	2.0	71.25	64	4	E	0.0	2.25	0	2	2	1.0	1.0	1/8	True	0	36.0	36.0	36.0	36a	4	285/2	False	False				False	103	V6/IV		a	i		V6/IV	V		6		IV	M	True	True	(4, 1, 0)	()	0	4	minor	minor	i	i, minor	V/IV	IV	IV/i	IV	False	V6/IV	V6/IV, minor		V6/IV, minor	IV	IV	3	3	2	1	1	2	True	False	False
572.0	4.0	71.5	45	3	A	0.0	2.5	0	2	2	3.0	1.0	1/4	True	0	36.0	36.0	36.0	36a	2	143	False	True				False	104	V/IV		a	i		V/IV	V				IV	M	True	True	(0, 4, 1)	()	0	0	minor	minor	i	i, minor	V/IV	IV	IV/i	IV	False	V/IV	V/IV, minor		V/IV, minor	IV	IV	3	3	2	0	0	1	True	True	True
572.0	2.0	71.5	62	2	D	0.0	2.5	0	2	2	1.0	1.0	1/8	True	0	36.0	36.0	36.0	36a	4	143	False	True				False	104	V/IV		a	i		V/IV	V				IV	M	True	True	(0, 4, 1)	()	0	0	minor	minor	i	i, minor	V/IV	IV	IV/i	IV	False	V/IV	V/IV, minor		V/IV, minor	IV	IV	3	3	2	-1	-1	0	False	False	False
574.0	2.0	71.75	64	4	E	0.0	2.75	0	2	2	1.0	1.0	1/8	True	0	36.0	36.0	36.0	36a	4	287/2	False	False				False	104	V/IV		a	i		V/IV	V				IV	M	True	True	(0, 4, 1)	()	0	0	minor	minor	i	i, minor	V/IV	IV	IV/i	IV	False	V/IV	V/IV, minor		V/IV, minor	IV	IV	3	3	2	1	1	2	True	False	False
576.0	8.0	72.0	45	3	A	0.0	1.0	1	2	2	4.0	1.0	1/2	True	0	37.0	37.0	37.0	37a	2	144	False	False				False	104	V/IV		a	i		V/IV	V				IV	M	True	True	(0, 4, 1)	()	0	0	minor	minor	i	i, minor	V/IV	IV	IV/i	IV	False	V/IV	V/IV, minor		V/IV, minor	IV	IV	3	3	2	0	0	1	True	True	True
576.0	2.0	72.0	57	3	A	0.0	1.0	1	2	2	2.0	1.0	1/8	True	0	37.0	37.0	37.0	37a	3	144	False	False				False	104	V/IV		a	i		V/IV	V				IV	M	True	True	(0, 4, 1)	()	0	0	minor	minor	i	i, minor	V/IV	IV	IV/i	IV	False	V/IV	V/IV, minor		V/IV, minor	IV	IV	3	3	2	0	0	1	True	True	True
576.0	4.0	72.0	61	7	C	1.0	1.0	1	2	2	1.0	1.0	1/4	True	0	37.0	37.0	37.0	37a	4	144	False	False				False	104	V/IV		a	i		V/IV	V				IV	M	True	True	(0, 4, 1)	()	0	0	minor	minor	i	i, minor	V/IV	IV	IV/i	IV	False	V/IV	V/IV, minor		V/IV, minor	IV	IV	3	3	2	4	4	5	True	False	False
578.0	2.0	72.25	55	1	G	0.0	1.25	0	2	2	2.0	1.0	1/8	True	0	37.0	37.0	37.0	37a	3	289/2	False	False				False	104	V/IV		a	i		V/IV	V				IV	M	True	True	(0, 4, 1)	()	0	0	minor	minor	i	i, minor	V/IV	IV	IV/i	IV	False	V/IV	V/IV, minor		V/IV, minor	IV	IV	3	3	2	-2	-2	-1	False	False	False
580.0	2.0	72.5	55	1	G	0.0	1.5	0	2	2	2.0	1.0	1/8	True	0	37.0	37.0	37.0	37a	3	145	False	True				False	105	V7/IV		a	i		V7/IV	V		7		IV	Mm7	True	True	(0, 4, 1, -2)	()	0	0	minor	minor	i	i, minor	V/IV	IV	IV/i	IV	False	V7/IV	V7/IV, minor		V7/IV, minor	IV	IV	3	3	2	-2	-2	-1	True	False	False
580.0	4.0	72.5	57	3	A	0.0	1.5	0	2	2	1.0	1.0	1/4	True	0	37.0	37.0	37.0	37a	3	145	False	True				False	105	V7/IV		a	i		V7/IV	V		7		IV	Mm7	True	True	(0, 4, 1, -2)	()	0	0	minor	minor	i	i, minor	V/IV	IV	IV/i	IV	False	V7/IV	V7/IV, minor		V7/IV, minor	IV	IV	3	3	2	0	0	1	True	True	True
582.0	2.0	72.75	54	6	F	1.0	1.75	0	2	2	2.0	1.0	1/8	True	0	37.0	37.0	37.0	37a	3	291/2	False	False				False	105	V7/IV		a	i		V7/IV	V		7		IV	Mm7	True	True	(0, 4, 1, -2)	()	0	0	minor	minor	i	i, minor	V/IV	IV	IV/i	IV	False	V7/IV	V7/IV, minor		V7/IV, minor	IV	IV	3	3	2	3	3	4	False	False	False
584.0	2.0	73.0	50	2	D	0.0	2.0	2	2	2	3.0	1.0	1/8	True	0	37.0	37.0	37.0	37a	3	146	False	True				False	106	IV		a	i		IV	IV					M	True	True	(-1, 3, 0)	()	-1	-1	minor	minor	i	i, minor	IV		i	i	True	IV	IV, minor		IV, minor		IV	3	3	3	-1	-1	-1	True	True	True
584.0	4.0	73.0	50	2	D	0.0	2.0	2	2	2	4.0	1.0	1/4	True	0	37.0	37.0	37.0	37a	3	146	False	True				False	106	IV		a	i		IV	IV					M	True	True	(-1, 3, 0)	()	-1	-1	minor	minor	i	i, minor	IV		i	i	True	IV	IV, minor		IV, minor		IV	3	3	3	-1	-1	-1	True	True	True
584.0	3.0	73.0	54	6	F	1.0	2.0	2	2	2	2.0	1.0	3/16	True	0	37.0	37.0	37.0	37a	3	146	False	True				False	106	IV		a	i		IV	IV					M	True	True	(-1, 3, 0)	()	-1	-1	minor	minor	i	i, minor	IV		i	i	True	IV	IV, minor		IV, minor		IV	3	3	3	3	3	3	True	False	False
586.0	2.0	73.25	48	0	C	0.0	2.25	0	2	2	3.0	1.0	1/8	True	0	37.0	37.0	37.0	37a	3	293/2	False	False				False	106	IV		a	i		IV	IV					M	True	True	(-1, 3, 0)	()	-1	-1	minor	minor	i	i, minor	IV		i	i	True	IV	IV, minor		IV, minor		IV	3	3	3	-3	-3	-3	False	False	False
587.0	1.0	73.375	55	1	G	0.0	2.375	0	2	2	2.0	1.0	1/16	True	0	37.0	37.0	37.0	37a	3	587/4	False	False				False	106	IV		a	i		IV	IV					M	True	True	(-1, 3, 0)	()	-1	-1	minor	minor	i	i, minor	IV		i	i	True	IV	IV, minor		IV, minor		IV	3	3	3	-2	-2	-2	False	False	False
588.0	2.0	73.5	48	0	C	0.0	2.5	0	2	2	3.0	1.0	1/8	True	0	37.0	37.0	37.0	37a	3	147	False	True				False	107	viio64/VII		a	i		viio64/VII	vii	o	64		VII	o	True	True	(-3, 3, 0)	()	3	-3	minor	minor	i	i, minor	vii/VII	VII	VII/i	VII	False	viio64/VII	viio64/VII, minor		viio64/VII, minor	VII	VII	3	3	1	-3	-3	-1	True	False	True
588.0	4.0	73.5	48	0	C	0.0	2.5	0	2	2	4.0	1.0	1/4	True	0	37.0	37.0	37.0	37a	3	147	False	True				False	107	viio64/VII		a	i		viio64/VII	vii	o	64		VII	o	True	True	(-3, 3, 0)	()	3	-3	minor	minor	i	i, minor	vii/VII	VII	VII/i	VII	False	viio64/VII	viio64/VII, minor		viio64/VII, minor	VII	VII	3	3	1	-3	-3	-1	True	False	True
588.0	2.0	73.5	54	6	F	1.0	2.5	0	2	2	2.0	1.0	1/8	True	0	37.0	37.0	37.0	37a	3	147	False	True				False	107	viio64/VII		a	i		viio64/VII	vii	o	64		VII	o	True	True	(-3, 3, 0)	()	3	-3	minor	minor	i	i, minor	vii/VII	VII	VII/i	VII	False	viio64/VII	viio64/VII, minor		viio64/VII, minor	VII	VII	3	3	1	3	3	5	True	True	False
590.0	2.0	73.75	47	5	B	0.0	2.75	0	2	2	3.0	1.0	1/8	True	0	37.0	37.0	37.0	37a	2	295/2	False	False				False	107	viio64/VII		a	i		viio64/VII	vii	o	64		VII	o	True	True	(-3, 3, 0)	()	3	-3	minor	minor	i	i, minor	vii/VII	VII	VII/i	VII	False	viio64/VII	viio64/VII, minor		viio64/VII, minor	VII	VII	3	3	1	2	2	4	False	False	False
590.0	1.0	73.75	55	1	G	0.0	2.75	0	2	2	2.0	1.0	1/16	True	0	37.0	37.0	37.0	37a	3	295/2	False	False				False	107	viio64/VII		a	i		viio64/VII	vii	o	64		VII	o	True	True	(-3, 3, 0)	()	3	-3	minor	minor	i	i, minor	vii/VII	VII	VII/i	VII	False	viio64/VII	viio64/VII, minor		viio64/VII, minor	VII	VII	3	3	1	-2	-2	0	False	False	False
591.0	1.0	73.875	57	3	A	0.0	2.875	0	2	2	2.0	1.0	1/16	True	0	37.0	37.0	37.0	37a	3	591/4	False	False				False	107	viio64/VII		a	i		viio64/VII	vii	o	64		VII	o	True	True	(-3, 3, 0)	()	3	-3	minor	minor	i	i, minor	vii/VII	VII	VII/i	VII	False	viio64/VII	viio64/VII, minor		viio64/VII, minor	VII	VII	3	3	1	0	0	2	True	False	False
592.0	3.0	74.0	47	5	B	0.0	1.0	1	2	2	3.0	1.0	3/16	True	0	38.0	38.0	38.0	38a	2	148	False	True				False	108	ii		a	i		ii	ii					m	True	True	(2, -1, 3)	()	2	2	minor	minor	i	i, minor	ii		i	i	True	ii	ii, minor		ii, minor		ii	3	3	3	2	2	2	True	True	True
592.0	6.0	74.0	47	5	B	0.0	1.0	1	2	2	4.0	1.0	3/8	True	0	38.0	38.0	38.0	38a	2	148	False	True				False	108	ii		a	i		ii	ii					m	True	True	(2, -1, 3)	()	2	2	minor	minor	i	i, minor	ii		i	i	True	ii	ii, minor		ii, minor		ii	3	3	3	2	2	2	True	True	True
592.0	4.0	74.0	59	5	B	0.0	1.0	1	2	2	2.0	1.0	1/4	True	0	38.0	38.0	38.0	38a	3	148	False	True				False	108	ii		a	i		ii	ii					m	True	True	(2, -1, 3)	()	2	2	minor	minor	i	i, minor	ii		i	i	True	ii	ii, minor		ii, minor		ii	3	3	3	2	2	2	True	True	True
592.0	2.0	74.0	62	2	D	0.0	1.0	1	2	2	1.0	1.0	1/8	True	0	38.0	38.0	38.0	38a	4	148	False	True				False	108	ii		a	i		ii	ii					m	True	True	(2, -1, 3)	()	2	2	minor	minor	i	i, minor	ii		i	i	True	ii	ii, minor		ii, minor		ii	3	3	3	-1	-1	-1	True	False	False
594.0	2.0	74.25	60	0	C	0.0	1.25	0	2	2	1.0	1.0	1/8	True	0	38.0	38.0	38.0	38a	4	297/2	False	False				False	108	ii		a	i		ii	ii					m	True	True	(2, -1, 3)	()	2	2	minor	minor	i	i, minor	ii		i	i	True	ii	ii, minor		ii, minor		ii	3	3	3	-3	-3	-3	False	False	False
595.0	1.0	74.375	48	0	C	0.0	1.375	0	2	2	3.0	1.0	1/16	True	0	38.0	38.0	38.0	38a	3	595/4	False	False				False	108	ii		a	i		ii	ii					m	True	True	(2, -1, 3)	()	2	2	minor	minor	i	i, minor	ii		i	i	True	ii	ii, minor		ii, minor		ii	3	3	3	-3	-3	-3	False	False	False
596.0	2.0	74.5	47	5	B	0.0	1.5	0	2	2	3.0	1.0	1/8	True	0	38.0	38.0	38.0	38a	2	149	False	False				False	108	ii		a	i		ii	ii					m	True	True	(2, -1, 3)	()	2	2	minor	minor	i	i, minor	ii		i	i	True	ii	ii, minor		ii, minor		ii	3	3	3	2	2	2	True	True	True
596.0	4.0	74.5	59	5	B	0.0	1.5	0	2	2	2.0	1.0	1/4	True	0	38.0	38.0	38.0	38a	3	149	False	False				False	108	ii		a	i		ii	ii					m	True	True	(2, -1, 3)	()	2	2	minor	minor	i	i, minor	ii		i	i	True	ii	ii, minor		ii, minor		ii	3	3	3	2	2	2	True	True	True
596.0	2.0	74.5	60	0	C	0.0	1.5	0	2	2	1.0	1.0	1/8	True	0	38.0	38.0	38.0	38a	4	149	False	False				False	108	ii		a	i		ii	ii					m	True	True	(2, -1, 3)	()	2	2	minor	minor	i	i, minor	ii		i	i	True	ii	ii, minor		ii, minor		ii	3	3	3	-3	-3	-3	False	False	False
598.0	1.0	74.75	48	0	C	0.0	1.75	0	2	2	3.0	1.0	1/16	True	0	38.0	38.0	38.0	38a	3	299/2	False	False				False	108	ii		a	i		ii	ii					m	True	True	(2, -1, 3)	()	2	2	minor	minor	i	i, minor	ii		i	i	True	ii	ii, minor		ii, minor		ii	3	3	3	-3	-3	-3	False	False	False
598.0	1.0	74.75	48	0	C	0.0	1.75	0	2	2	4.0	1.0	1/16	True	0	38.0	38.0	38.0	38a	3	299/2	False	False				False	108	ii		a	i		ii	ii					m	True	True	(2, -1, 3)	()	2	2	minor	minor	i	i, minor	ii		i	i	True	ii	ii, minor		ii, minor		ii	3	3	3	-3	-3	-3	False	False	False
598.0	2.0	74.75	59	5	B	0.0	1.75	0	2	2	1.0	1.0	1/8	True	0	38.0	38.0	38.0	38a	3	299/2	False	False				False	108	ii		a	i		ii	ii					m	True	True	(2, -1, 3)	()	2	2	minor	minor	i	i, minor	ii		i	i	True	ii	ii, minor		ii, minor		ii	3	3	3	2	2	2	True	True	True
599.0	1.0	74.875	50	2	D	0.0	1.875	0	2	2	3.0	1.0	1/16	True	0	38.0	38.0	38.0	38a	3	599/4	False	False				False	108	ii		a	i		ii	ii					m	True	True	(2, -1, 3)	()	2	2	minor	minor	i	i, minor	ii		i	i	True	ii	ii, minor		ii, minor		ii	3	3	3	-1	-1	-1	True	False	False
599.0	1.0	74.875	50	2	D	0.0	1.875	0	2	2	4.0	1.0	1/16	True	0	38.0	38.0	38.0	38a	3	599/4	False	False				False	108	ii		a	i		ii	ii					m	True	True	(2, -1, 3)	()	2	2	minor	minor	i	i, minor	ii		i	i	True	ii	ii, minor		ii, minor		ii	3	3	3	-1	-1	-1	True	False	False
600.0	4.0	75.0	52	4	E	0.0	2.0	2	2	2	3.0	1.0	1/4	True	0	38.0	38.0	38.0	38a	3	150	False	True				False	109	V		a	i		V	V					M	True	True	(1, 5, 2)	()	1	1	minor	minor	i	i, minor	V		i	i	True	V	V, minor		V, minor		V	3	3	3	1	1	1	True	True	True
600.0	8.0	75.0	52	4	E	0.0	2.0	2	2	2	4.0	1.0	1/2	True	0	38.0	38.0	38.0	38a	3	150	False	True				False	109	V		a	i		V	V					M	True	True	(1, 5, 2)	()	1	1	minor	minor	i	i, minor	V		i	i	True	V	V, minor		V, minor		V	3	3	3	1	1	1	True	True	True
600.0	3.0	75.0	59	5	B	0.0	2.0	2	2	2	1.0	1.0	3/16	True	0	38.0	38.0	38.0	38a	3	150	False	True				False	109	V		a	i		V	V					M	True	True	(1, 5, 2)	()	1	1	minor	minor	i	i, minor	V		i	i	True	V	V, minor		V, minor		V	3	3	3	2	2	2	True	False	False
603.0	1.0	75.375	60	0	C	0.0	2.375	0	2	2	1.0	1.0	1/16	True	0	38.0	38.0	38.0	38a	4	603/4	False	False				False	109	V		a	i		V	V					M	True	True	(1, 5, 2)	()	1	1	minor	minor	i	i, minor	V		i	i	True	V	V, minor		V, minor		V	3	3	3	-3	-3	-3	False	False	False
604.0	4.0	75.5	52	4	E	0.0	2.5	0	2	2	3.0	1.0	1/4	True	0	38.0	38.0	38.0	38a	3	151	False	False				False	109	V		a	i		V	V					M	True	True	(1, 5, 2)	()	1	1	minor	minor	i	i, minor	V		i	i	True	V	V, minor		V, minor		V	3	3	3	1	1	1	True	True	True
604.0	2.0	75.5	59	5	B	0.0	2.5	0	2	2	1.0	1.0	1/8	True	0	38.0	38.0	38.0	38a	3	151	False	False				False	109	V		a	i		V	V					M	True	True	(1, 5, 2)	()	1	1	minor	minor	i	i, minor	V		i	i	True	V	V, minor		V, minor		V	3	3	3	2	2	2	True	False	False
606.0	1.0	75.75	60	0	C	0.0	2.75	0	2	2	1.0	1.0	1/16	True	0	38.0	38.0	38.0	38a	4	303/2	False	False				False	109	V		a	i		V	V					M	True	True	(1, 5, 2)	()	1	1	minor	minor	i	i, minor	V		i	i	True	V	V, minor		V, minor		V	3	3	3	-3	-3	-3	False	False	False
607.0	1.0	75.875	62	2	D	0.0	2.875	0	2	2	1.0	1.0	1/16	True	0	38.0	38.0	38.0	38a	4	607/4	False	False				False	109	V		a	i		V	V					M	True	True	(1, 5, 2)	()	1	1	minor	minor	i	i, minor	V		i	i	True	V	V, minor		V, minor		V	3	3	3	-1	-1	-1	False	False	False
608.0	4.0	76.0	52	4	E	0.0	1.0	1	2	2	4.0	1.0	1/4	False	0	39.0	39.0	39.0	39a	3	152	False	False				False	109	V		a	i		V	V					M	True	True	(1, 5, 2)	()	1	1	minor	minor	i	i, minor	V		i	i	True	V	V, minor		V, minor		V	3	3	3	1	1	1	True	True	True
608.0	4.0	76.0	64	4	E	0.0	1.0	1	2	2	1.0	1.0	1/4	True	0	39.0	39.0	39.0	39a	4	152	False	False				False	109	V		a	i		V	V					M	True	True	(1, 5, 2)	()	1	1	minor	minor	i	i, minor	V		i	i	True	V	V, minor		V, minor		V	3	3	3	1	1	1	True	True	True
612.0	2.0	76.5	45	3	A	0.0	1.5	0	2	2	3.0	1.0	1/8	True	0	39.0	39.0	39.0	39a	2	153	False	True				False	110	i		a	i		i	i					m	True	True	(0, -3, 1)	()	0	0	minor	minor	i	i, minor	i		i	i	True	i	i, minor		i, minor		i	3	3	3	0	0	0	True	True	True
612.0	2.0	76.5	45	3	A	0.0	1.5	0	2	2	4.0	1.0	1/8	True	0	39.0	39.0	39.0	39a	2	153	False	True				False	110	i		a	i		i	i					m	True	True	(0, -3, 1)	()	0	0	minor	minor	i	i, minor	i		i	i	True	i	i, minor		i, minor		i	3	3	3	0	0	0	True	True	True
612.0	4.0	76.5	64	4	E	0.0	1.5	0	2	2	1.0	1.0	1/4	True	0	39.0	39.0	39.0	39a	4	153	False	True				False	110	i		a	i		i	i					m	True	True	(0, -3, 1)	()	0	0	minor	minor	i	i, minor	i		i	i	True	i	i, minor		i, minor		i	3	3	3	1	1	1	True	False	False
614.0	2.0	76.75	47	5	B	0.0	1.75	0	2	2	3.0	1.0	1/8	True	0	39.0	39.0	39.0	39a	2	307/2	False	False				False	110	i		a	i		i	i					m	True	True	(0, -3, 1)	()	0	0	minor	minor	i	i, minor	i		i	i	True	i	i, minor		i, minor		i	3	3	3	2	2	2	False	False	False
614.0	2.0	76.75	47	5	B	0.0	1.75	0	2	2	4.0	1.0	1/8	True	0	39.0	39.0	39.0	39a	2	307/2	False	False				False	110	i		a	i		i	i					m	True	True	(0, -3, 1)	()	0	0	minor	minor	i	i, minor	i		i	i	True	i	i, minor		i, minor		i	3	3	3	2	2	2	False	False	False
616.0	2.0	77.0	48	0	C	0.0	2.0	2	2	2	3.0	1.0	1/8	True	0	39.0	39.0	39.0	39a	3	154	False	True				False	111	III		a	i		III	III					M	True	True	(-3, 1, -2)	()	-3	-3	minor	minor	i	i, minor	III		i	i	True	III	III, minor		III, minor		III	3	3	3	-3	-3	-3	True	True	True
616.0	2.0	77.0	48	0	C	0.0	2.0	2	2	2	4.0	1.0	1/8	True	0	39.0	39.0	39.0	39a	3	154	False	True				False	111	III		a	i		III	III					M	True	True	(-3, 1, -2)	()	-3	-3	minor	minor	i	i, minor	III		i	i	True	III	III, minor		III, minor		III	3	3	3	-3	-3	-3	True	True	True
618.0	2.0	77.25	50	2	D	0.0	2.25	0	2	2	3.0	1.0	1/8	True	0	39.0	39.0	39.0	39a	3	309/2	False	False				False	111	III		a	i		III	III					M	True	True	(-3, 1, -2)	()	-3	-3	minor	minor	i	i, minor	III		i	i	True	III	III, minor		III, minor		III	3	3	3	-1	-1	-1	False	False	False
618.0	2.0	77.25	50	2	D	0.0	2.25	0	2	2	4.0	1.0	1/8	True	0	39.0	39.0	39.0	39a	3	309/2	False	False				False	111	III		a	i		III	III					M	True	True	(-3, 1, -2)	()	-3	-3	minor	minor	i	i, minor	III		i	i	True	III	III, minor		III, minor		III	3	3	3	-1	-1	-1	False	False	False
620.0	2.0	77.5	52	4	E	0.0	2.5	0	2	2	3.0	1.0	1/8	True	0	39.0	39.0	39.0	39a	3	155	False	True				False	112	III6		a	i		III6	III		6			M	True	True	(1, -2, -3)	()	-3	1	minor	minor	i	i, minor	III		i	i	True	III6	III6, minor		III6, minor		III	3	3	3	1	1	1	True	False	True
620.0	2.0	77.5	52	4	E	0.0	2.5	0	2	2	4.0	1.0	1/8	True	0	39.0	39.0	39.0	39a	3	155	False	True				False	112	III6		a	i		III6	III		6			M	True	True	(1, -2, -3)	()	-3	1	minor	minor	i	i, minor	III		i	i	True	III6	III6, minor		III6, minor		III	3	3	3	1	1	1	True	False	True
620.0	2.0	77.5	55	1	G	0.0	2.5	0	2	2	2.0	1.0	1/8	True	0	39.0	39.0	39.0	39a	3	155	False	True				False	112	III6		a	i		III6	III		6			M	True	True	(1, -2, -3)	()	-3	1	minor	minor	i	i, minor	III		i	i	True	III6	III6, minor		III6, minor		III	3	3	3	-2	-2	-2	True	False	False
622.0	2.0	77.75	53	-1	F	0.0	2.75	0	2	2	3.0	1.0	1/8	True	0	39.0	39.0	39.0	39a	3	311/2	False	False				False	112	III6		a	i		III6	III		6			M	True	True	(1, -2, -3)	()	-3	1	minor	minor	i	i, minor	III		i	i	True	III6	III6, minor		III6, minor		III	3	3	3	-4	-4	-4	False	False	False
622.0	2.0	77.75	53	-1	F	0.0	2.75	0	2	2	4.0	1.0	1/8	True	0	39.0	39.0	39.0	39a	3	311/2	False	False				False	112	III6		a	i		III6	III		6			M	True	True	(1, -2, -3)	()	-3	1	minor	minor	i	i, minor	III		i	i	True	III6	III6, minor		III6, minor		III	3	3	3	-4	-4	-4	False	False	False
622.0	2.0	77.75	57	3	A	0.0	2.75	0	2	2	2.0	1.0	1/8	True	0	39.0	39.0	39.0	39a	3	311/2	False	False				False	112	III6		a	i		III6	III		6			M	True	True	(1, -2, -3)	()	-3	1	minor	minor	i	i, minor	III		i	i	True	III6	III6, minor		III6, minor		III	3	3	3	0	0	0	False	False	False
624.0	6.0	78.0	55	1	G	0.0	1.0	1	2	2	3.0	1.0	3/8	True	0	40.0	40.0	40.0	40a	3	156	False	True				False	113	VII		a	i		VII	VII					M	True	True	(-2, 2, -1)	()	-2	-2	minor	minor	i	i, minor	VII		i	i	True	VII	VII, minor		VII, minor		VII	3	3	3	-2	-2	-2	True	True	True
624.0	6.0	78.0	55	1	G	0.0	1.0	1	2	2	4.0	1.0	3/8	True	0	40.0	40.0	40.0	40a	3	156	False	True				False	113	VII		a	i		VII	VII					M	True	True	(-2, 2, -1)	()	-2	-2	minor	minor	i	i, minor	VII		i	i	True	VII	VII, minor		VII, minor		VII	3	3	3	-2	-2	-2	True	True	True
624.0	2.0	78.0	59	5	B	0.0	1.0	1	2	2	2.0	1.0	1/8	True	0	40.0	40.0	40.0	40a	3	156	False	True				False	113	VII		a	i		VII	VII					M	True	True	(-2, 2, -1)	()	-2	-2	minor	minor	i	i, minor	VII		i	i	True	VII	VII, minor		VII, minor		VII	3	3	3	2	2	2	True	False	False
626.0	2.0	78.25	60	0	C	0.0	1.25	0	2	2	2.0	1.0	1/8	True	0	40.0	40.0	40.0	40a	4	313/2	False	False				False	113	VII		a	i		VII	VII					M	True	True	(-2, 2, -1)	()	-2	-2	minor	minor	i	i, minor	VII		i	i	True	VII	VII, minor		VII, minor		VII	3	3	3	-3	-3	-3	False	False	False
628.0	2.0	78.5	62	2	D	0.0	1.5	0	2	2	2.0	1.0	1/8	True	0	40.0	40.0	40.0	40a	4	157	False	False				False	113	VII		a	i		VII	VII					M	True	True	(-2, 2, -1)	()	-2	-2	minor	minor	i	i, minor	VII		i	i	True	VII	VII, minor		VII, minor		VII	3	3	3	-1	-1	-1	True	False	False
630.0	1.0	78.75	53	-1	F	0.0	1.75	0	2	2	3.0	1.0	1/16	True	0	40.0	40.0	40.0	40a	3	315/2	False	False				False	113	VII		a	i		VII	VII					M	True	True	(-2, 2, -1)	()	-2	-2	minor	minor	i	i, minor	VII		i	i	True	VII	VII, minor		VII, minor		VII	3	3	3	-4	-4	-4	False	False	False
630.0	1.0	78.75	53	-1	F	0.0	1.75	0	2	2	4.0	1.0	1/16	True	0	40.0	40.0	40.0	40a	3	315/2	False	False				False	113	VII		a	i		VII	VII					M	True	True	(-2, 2, -1)	()	-2	-2	minor	minor	i	i, minor	VII		i	i	True	VII	VII, minor		VII, minor		VII	3	3	3	-4	-4	-4	False	False	False
630.0	2.0	78.75	64	4	E	0.0	1.75	0	2	2	2.0	1.0	1/8	True	0	40.0	40.0	40.0	40a	4	315/2	False	False				False	113	VII		a	i		VII	VII					M	True	True	(-2, 2, -1)	()	-2	-2	minor	minor	i	i, minor	VII		i	i	True	VII	VII, minor		VII, minor		VII	3	3	3	1	1	1	False	False	False
631.0	1.0	78.875	52	4	E	0.0	1.875	0	2	2	3.0	1.0	1/16	True	0	40.0	40.0	40.0	40a	3	631/4	False	False				False	113	VII		a	i		VII	VII					M	True	True	(-2, 2, -1)	()	-2	-2	minor	minor	i	i, minor	VII		i	i	True	VII	VII, minor		VII, minor		VII	3	3	3	1	1	1	False	False	False
631.0	1.0	78.875	52	4	E	0.0	1.875	0	2	2	4.0	1.0	1/16	True	0	40.0	40.0	40.0	40a	3	631/4	False	False				False	113	VII		a	i		VII	VII					M	True	True	(-2, 2, -1)	()	-2	-2	minor	minor	i	i, minor	VII		i	i	True	VII	VII, minor		VII, minor		VII	3	3	3	1	1	1	False	False	False
632.0	2.0	79.0	50	2	D	0.0	2.0	2	2	2	3.0	1.0	1/8	True	0	40.0	40.0	40.0	40a	3	158	False	True				False	114	iv		a	i		iv	iv					m	True	True	(-1, -4, 0)	()	-1	-1	minor	minor	i	i, minor	iv		i	i	True	iv	iv, minor		iv, minor		iv	3	3	3	-1	-1	-1	True	True	True
632.0	2.0	79.0	50	2	D	0.0	2.0	2	2	2	4.0	1.0	1/8	True	0	40.0	40.0	40.0	40a	3	158	False	True				False	114	iv		a	i		iv	iv					m	True	True	(-1, -4, 0)	()	-1	-1	minor	minor	i	i, minor	iv		i	i	True	iv	iv, minor		iv, minor		iv	3	3	3	-1	-1	-1	True	True	True
632.0	6.0	79.0	65	-1	F	0.0	2.0	2	2	2	2.0	1.0	3/8	True	0	40.0	40.0	40.0	40a	4	158	False	True				False	114	iv		a	i		iv	iv					m	True	True	(-1, -4, 0)	()	-1	-1	minor	minor	i	i, minor	iv		i	i	True	iv	iv, minor		iv, minor		iv	3	3	3	-4	-4	-4	True	False	False
634.0	2.0	79.25	52	4	E	0.0	2.25	0	2	2	3.0	1.0	1/8	True	0	40.0	40.0	40.0	40a	3	317/2	False	False				False	114	iv		a	i		iv	iv					m	True	True	(-1, -4, 0)	()	-1	-1	minor	minor	i	i, minor	iv		i	i	True	iv	iv, minor		iv, minor		iv	3	3	3	1	1	1	False	False	False
634.0	2.0	79.25	52	4	E	0.0	2.25	0	2	2	4.0	1.0	1/8	True	0	40.0	40.0	40.0	40a	3	317/2	False	False				False	114	iv		a	i		iv	iv					m	True	True	(-1, -4, 0)	()	-1	-1	minor	minor	i	i, minor	iv		i	i	True	iv	iv, minor		iv, minor		iv	3	3	3	1	1	1	False	False	False
636.0	2.0	79.5	53	-1	F	0.0	2.5	0	2	2	3.0	1.0	1/8	True	0	40.0	40.0	40.0	40a	3	159	False	True				False	115	iv6		a	i		iv6	iv		6			m	True	True	(-4, 0, -1)	()	-1	-4	minor	minor	i	i, minor	iv		i	i	True	iv6	iv6, minor		iv6, minor		iv	3	3	3	-4	-4	-4	True	False	True
636.0	2.0	79.5	53	-1	F	0.0	2.5	0	2	2	4.0	1.0	1/8	True	0	40.0	40.0	40.0	40a	3	159	False	True				False	115	iv6		a	i		iv6	iv		6			m	True	True	(-4, 0, -1)	()	-1	-4	minor	minor	i	i, minor	iv		i	i	True	iv6	iv6, minor		iv6, minor		iv	3	3	3	-4	-4	-4	True	False	True
636.0	2.0	79.5	57	3	A	0.0	2.5	0	2	2	1.0	1.0	1/8	True	0	40.0	40.0	40.0	40a	3	159	False	True				False	115	iv6		a	i		iv6	iv		6			m	True	True	(-4, 0, -1)	()	-1	-4	minor	minor	i	i, minor	iv		i	i	True	iv6	iv6, minor		iv6, minor		iv	3	3	3	0	0	0	True	False	False
638.0	2.0	79.75	55	1	G	0.0	2.75	0	2	2	3.0	1.0	1/8	True	0	40.0	40.0	40.0	40a	3	319/2	False	False				False	115	iv6		a	i		iv6	iv		6			m	True	True	(-4, 0, -1)	()	-1	-4	minor	minor	i	i, minor	iv		i	i	True	iv6	iv6, minor		iv6, minor		iv	3	3	3	-2	-2	-2	False	False	False
638.0	2.0	79.75	55	1	G	0.0	2.75	0	2	2	4.0	1.0	1/8	True	0	40.0	40.0	40.0	40a	3	319/2	False	False				False	115	iv6		a	i		iv6	iv		6			m	True	True	(-4, 0, -1)	()	-1	-4	minor	minor	i	i, minor	iv		i	i	True	iv6	iv6, minor		iv6, minor		iv	3	3	3	-2	-2	-2	False	False	False
638.0	2.0	79.75	59	5	B	0.0	2.75	0	2	2	1.0	1.0	1/8	True	0	40.0	40.0	40.0	40a	3	319/2	False	False				False	115	iv6		a	i		iv6	iv		6			m	True	True	(-4, 0, -1)	()	-1	-4	minor	minor	i	i, minor	iv		i	i	True	iv6	iv6, minor		iv6, minor		iv	3	3	3	2	2	2	False	False	False
638.0	1.0	79.75	64	4	E	0.0	2.75	0	2	2	2.0	1.0	1/16	True	0	40.0	40.0	40.0	40a	4	319/2	False	False				False	115	iv6		a	i		iv6	iv		6			m	True	True	(-4, 0, -1)	()	-1	-4	minor	minor	i	i, minor	iv		i	i	True	iv6	iv6, minor		iv6, minor		iv	3	3	3	1	1	1	False	False	False
639.0	1.0	79.875	62	2	D	0.0	2.875	0	2	2	2.0	1.0	1/16	True	0	40.0	40.0	40.0	40a	4	639/4	False	False				False	115	iv6		a	i		iv6	iv		6			m	True	True	(-4, 0, -1)	()	-1	-4	minor	minor	i	i, minor	iv		i	i	True	iv6	iv6, minor		iv6, minor		iv	3	3	3	-1	-1	-1	True	True	False
640.0	2.0	80.0	57	3	A	0.0	1.0	1	2	2	5.0	1.0	1/8	True	0	41.0	41.0	41.0	41a	3	160	False	True				False	116	i		a	i		i	i					m	True	True	(0, -3, 1)	()	0	0	minor	minor	i	i, minor	i		i	i	True	i	i, minor		i, minor		i	3	3	3	0	0	0	True	True	True
640.0	2.0	80.0	57	3	A	0.0	1.0	1	2	2	6.0	1.0	1/8	True	0	41.0	41.0	41.0	41a	3	160	False	True				False	116	i		a	i		i	i					m	True	True	(0, -3, 1)	()	0	0	minor	minor	i	i, minor	i		i	i	True	i	i, minor		i, minor		i	3	3	3	0	0	0	True	True	True
640.0	2.0	80.0	60	0	C	0.0	1.0	1	2	2	2.0	1.0	1/8	True	0	41.0	41.0	41.0	41a	4	160	False	True				False	116	i		a	i		i	i					m	True	True	(0, -3, 1)	()	0	0	minor	minor	i	i, minor	i		i	i	True	i	i, minor		i, minor		i	3	3	3	-3	-3	-3	True	False	False
640.0	6.0	80.0	60	0	C	0.0	1.0	1	2	2	3.0	1.0	3/8	True	0	41.0	41.0	41.0	41a	4	160	False	True				False	116	i		a	i		i	i					m	True	True	(0, -3, 1)	()	0	0	minor	minor	i	i, minor	i		i	i	True	i	i, minor		i, minor		i	3	3	3	-3	-3	-3	True	False	False
642.0	2.0	80.25	59	5	B	0.0	1.25	0	2	2	5.0	1.0	1/8	True	0	41.0	41.0	41.0	41a	3	321/2	False	False				False	116	i		a	i		i	i					m	True	True	(0, -3, 1)	()	0	0	minor	minor	i	i, minor	i		i	i	True	i	i, minor		i, minor		i	3	3	3	2	2	2	False	False	False
642.0	2.0	80.25	59	5	B	0.0	1.25	0	2	2	6.0	1.0	1/8	True	0	41.0	41.0	41.0	41a	3	321/2	False	False				False	116	i		a	i		i	i					m	True	True	(0, -3, 1)	()	0	0	minor	minor	i	i, minor	i		i	i	True	i	i, minor		i, minor		i	3	3	3	2	2	2	False	False	False
642.0	2.0	80.25	62	2	D	0.0	1.25	0	2	2	2.0	1.0	1/8	True	0	41.0	41.0	41.0	41a	4	321/2	False	False				False	116	i		a	i		i	i					m	True	True	(0, -3, 1)	()	0	0	minor	minor	i	i, minor	i		i	i	True	i	i, minor		i, minor		i	3	3	3	-1	-1	-1	False	False	False
644.0	8.0	80.5	60	0	C	0.0	1.5	0	2	2	5.0	1.0	1/2	True	0	41.0	41.0	41.0	41a	4	161	False	True				False	117	III		a	i		III	III					M	True	True	(-3, 1, -2)	()	-3	-3	minor	minor	i	i, minor	III		i	i	True	III	III, minor		III, minor		III	3	3	3	-3	-3	-3	True	True	True
644.0	8.0	80.5	60	0	C	0.0	1.5	0	2	2	6.0	1.0	1/2	True	0	41.0	41.0	41.0	41a	4	161	False	True				False	117	III		a	i		III	III					M	True	True	(-3, 1, -2)	()	-3	-3	minor	minor	i	i, minor	III		i	i	True	III	III, minor		III, minor		III	3	3	3	-3	-3	-3	True	True	True
644.0	2.0	80.5	64	4	E	0.0	1.5	0	2	2	2.0	1.0	1/8	True	0	41.0	41.0	41.0	41a	4	161	False	True				False	117	III		a	i		III	III					M	True	True	(-3, 1, -2)	()	-3	-3	minor	minor	i	i, minor	III		i	i	True	III	III, minor		III, minor		III	3	3	3	1	1	1	True	False	False
646.0	2.0	80.75	62	2	D	0.0	1.75	0	2	2	3.0	1.0	1/8	True	0	41.0	41.0	41.0	41a	4	323/2	False	False				False	117	III		a	i		III	III					M	True	True	(-3, 1, -2)	()	-3	-3	minor	minor	i	i, minor	III		i	i	True	III	III, minor		III, minor		III	3	3	3	-1	-1	-1	False	False	False
646.0	2.0	80.75	65	-1	F	0.0	1.75	0	2	2	2.0	1.0	1/8	True	0	41.0	41.0	41.0	41a	4	323/2	False	False				False	117	III		a	i		III	III					M	True	True	(-3, 1, -2)	()	-3	-3	minor	minor	i	i, minor	III		i	i	True	III	III, minor		III, minor		III	3	3	3	-4	-4	-4	False	False	False
648.0	4.0	81.0	64	4	E	0.0	2.0	2	2	2	3.0	1.0	1/4	True	0	41.0	41.0	41.0	41a	4	162	False	False				False	117	III		a	i		III	III					M	True	True	(-3, 1, -2)	()	-3	-3	minor	minor	i	i, minor	III		i	i	True	III	III, minor		III, minor		III	3	3	3	1	1	1	True	False	False
648.0	8.0	81.0	67	1	G	0.0	2.0	2	2	2	2.0	1.0	1/2	True	0	41.0	41.0	41.0	41a	4	162	False	False				False	117	III		a	i		III	III					M	True	True	(-3, 1, -2)	()	-3	-3	minor	minor	i	i, minor	III		i	i	True	III	III, minor		III, minor		III	3	3	3	-2	-2	-2	True	False	False
652.0	2.0	81.5	59	5	B	0.0	2.5	0	2	2	5.0	1.0	1/8	True	0	41.0	41.0	41.0	41a	3	163	False	True				False	118	V6/III		a	i		V6/III	V		6		III	M	True	True	(2, -1, -2)	()	-2	2	minor	minor	i	i, minor	V/III	III	III/i	III	False	V6/III	V6/III, minor		V6/III, minor	III	III	3	3	0	2	2	5	True	False	True
652.0	2.0	81.5	59	5	B	0.0	2.5	0	2	2	6.0	1.0	1/8	True	0	41.0	41.0	41.0	41a	3	163	False	True				False	118	V6/III		a	i		V6/III	V		6		III	M	True	True	(2, -1, -2)	()	-2	2	minor	minor	i	i, minor	V/III	III	III/i	III	False	V6/III	V6/III, minor		V6/III, minor	III	III	3	3	0	2	2	5	True	False	True
652.0	2.0	81.5	62	2	D	0.0	2.5	0	2	2	3.0	1.0	1/8	True	0	41.0	41.0	41.0	41a	4	163	False	True				False	118	V6/III		a	i		V6/III	V		6		III	M	True	True	(2, -1, -2)	()	-2	2	minor	minor	i	i, minor	V/III	III	III/i	III	False	V6/III	V6/III, minor		V6/III, minor	III	III	3	3	0	-1	-1	2	True	False	False
654.0	2.0	81.75	57	3	A	0.0	2.75	0	2	2	5.0	1.0	1/8	True	0	41.0	41.0	41.0	41a	3	327/2	False	False				False	118	V6/III		a	i		V6/III	V		6		III	M	True	True	(2, -1, -2)	()	-2	2	minor	minor	i	i, minor	V/III	III	III/i	III	False	V6/III	V6/III, minor		V6/III, minor	III	III	3	3	0	0	0	3	False	False	False
654.0	2.0	81.75	57	3	A	0.0	2.75	0	2	2	6.0	1.0	1/8	True	0	41.0	41.0	41.0	41a	3	327/2	False	False				False	118	V6/III		a	i		V6/III	V		6		III	M	True	True	(2, -1, -2)	()	-2	2	minor	minor	i	i, minor	V/III	III	III/i	III	False	V6/III	V6/III, minor		V6/III, minor	III	III	3	3	0	0	0	3	False	False	False
654.0	2.0	81.75	60	0	C	0.0	2.75	0	2	2	3.0	1.0	1/8	True	0	41.0	41.0	41.0	41a	4	327/2	False	False				False	118	V6/III		a	i		V6/III	V		6		III	M	True	True	(2, -1, -2)	()	-2	2	minor	minor	i	i, minor	V/III	III	III/i	III	False	V6/III	V6/III, minor		V6/III, minor	III	III	3	3	0	-3	-3	0	False	False	False
656.0	1.0	82.0	55	1	G	0.0	1.0	1	2	2	5.0	1.0	1/16	True	0	42.0	42.0	42.0	42a	3	164	False	True				False	119	V/III		a	i		V/III	V				III	M	True	True	(-2, 2, -1)	()	-2	-2	minor	minor	i	i, minor	V/III	III	III/i	III	False	V/III	V/III, minor		V/III, minor	III	III	3	3	0	-2	-2	1	True	True	True
656.0	4.0	82.0	55	1	G	0.0	1.0	1	2	2	6.0	1.0	1/4	True	0	42.0	42.0	42.0	42a	3	164	False	True				False	119	V/III		a	i		V/III	V				III	M	True	True	(-2, 2, -1)	()	-2	-2	minor	minor	i	i, minor	V/III	III	III/i	III	False	V/III	V/III, minor		V/III, minor	III	III	3	3	0	-2	-2	1	True	True	True
656.0	4.0	82.0	59	5	B	0.0	1.0	1	2	2	3.0	1.0	1/4	True	0	42.0	42.0	42.0	42a	3	164	False	True				False	119	V/III		a	i		V/III	V				III	M	True	True	(-2, 2, -1)	()	-2	-2	minor	minor	i	i, minor	V/III	III	III/i	III	False	V/III	V/III, minor		V/III, minor	III	III	3	3	0	2	2	5	True	False	False
656.0	4.0	82.0	67	1	G	0.0	1.0	1	2	2	2.0	1.0	1/4	False	0	42.0	42.0	42.0	42a	4	164	False	True				False	119	V/III		a	i		V/III	V				III	M	True	True	(-2, 2, -1)	()	-2	-2	minor	minor	i	i, minor	V/III	III	III/i	III	False	V/III	V/III, minor		V/III, minor	III	III	3	3	0	-2	-2	1	True	True	True
657.0	3.0	82.125	50	2	D	0.0	1.125	0	2	2	5.0	1.0	3/16	True	0	42.0	42.0	42.0	42a	3	657/4	False	False				False	119	V/III		a	i		V/III	V				III	M	True	True	(-2, 2, -1)	()	-2	-2	minor	minor	i	i, minor	V/III	III	III/i	III	False	V/III	V/III, minor		V/III, minor	III	III	3	3	0	-1	-1	2	True	False	False
660.0	1.0	82.5	52	4	E	0.0	1.5	0	2	2	5.0	1.0	1/16	True	0	42.0	42.0	42.0	42a	3	165	False	True				False	120	V(64)/III		a	i		V(64)/III	V			64	III	M	True	True	(-2, -3, 1)	()	-2	-2	minor	minor	i	i, minor	V/III	III	III/i	III	False	V/III	V/III, minor		V(64)/III, minor	III	III	3	3	0	1	1	4	True	False	False
660.0	8.0	82.5	55	1	G	0.0	1.5	0	2	2	6.0	1.0	1/2	False	0	42.0	42.0	42.0	42a	3	165	False	True				False	120	V(64)/III		a	i		V(64)/III	V			64	III	M	True	True	(-2, -3, 1)	()	-2	-2	minor	minor	i	i, minor	V/III	III	III/i	III	False	V/III	V/III, minor		V(64)/III, minor	III	III	3	3	0	-2	-2	1	True	True	True
660.0	8.0	82.5	60	0	C	0.0	1.5	0	2	2	3.0	1.0	1/2	True	0	42.0	42.0	42.0	42a	4	165	False	True				False	120	V(64)/III		a	i		V(64)/III	V			64	III	M	True	True	(-2, -3, 1)	()	-2	-2	minor	minor	i	i, minor	V/III	III	III/i	III	False	V/III	V/III, minor		V(64)/III, minor	III	III	3	3	0	-3	-3	0	True	False	False
660.0	2.0	82.5	65	-1	F	0.0	1.5	0	2	2	2.0	1.0	1/8	True	0	42.0	42.0	42.0	42a	4	165	False	True				False	120	V(64)/III		a	i		V(64)/III	V			64	III	M	True	True	(-2, -3, 1)	()	-2	-2	minor	minor	i	i, minor	V/III	III	III/i	III	False	V/III	V/III, minor		V(64)/III, minor	III	III	3	3	0	-4	-4	-1	False	False	False
661.0	3.0	82.625	48	0	C	0.0	1.625	0	2	2	5.0	1.0	3/16	True	0	42.0	42.0	42.0	42a	3	661/4	False	False				False	120	V(64)/III		a	i		V(64)/III	V			64	III	M	True	True	(-2, -3, 1)	()	-2	-2	minor	minor	i	i, minor	V/III	III	III/i	III	False	V/III	V/III, minor		V(64)/III, minor	III	III	3	3	0	-3	-3	0	True	False	False
662.0	2.0	82.75	64	4	E	0.0	1.75	0	2	2	2.0	1.0	1/8	True	0	42.0	42.0	42.0	42a	4	331/2	False	False				False	120	V(64)/III		a	i		V(64)/III	V			64	III	M	True	True	(-2, -3, 1)	()	-2	-2	minor	minor	i	i, minor	V/III	III	III/i	III	False	V/III	V/III, minor		V(64)/III, minor	III	III	3	3	0	1	1	4	True	False	False
664.0	8.0	83.0	55	1	G	0.0	2.0	2	2	2	5.0	1.0	1/2	True	0	42.0	42.0	42.0	42a	3	166	False	True				False	121	V(4)/III		a	i		V(4)/III	V			4	III	M	True	True	(-2, -3, -1)	()	-2	-2	minor	minor	i	i, minor	V/III	III	III/i	III	False	V/III	V/III, minor		V(4)/III, minor	III	III	3	3	0	-2	-2	1	True	True	True
664.0	8.0	83.0	62	2	D	0.0	2.0	2	2	2	2.0	1.0	1/2	True	0	42.0	42.0	42.0	42a	4	166	False	True				False	121	V(4)/III		a	i		V(4)/III	V			4	III	M	True	True	(-2, -3, -1)	()	-2	-2	minor	minor	i	i, minor	V/III	III	III/i	III	False	V/III	V/III, minor		V(4)/III, minor	III	III	3	3	0	-1	-1	2	True	False	False
668.0	4.0	83.5	55	1	G	0.0	2.5	0	2	2	6.0	1.0	1/4	False	0	42.0	42.0	42.0	42a	3	167	False	True				False	122	V/III		a	i		V/III	V				III	M	True	True	(-2, 2, -1)	()	-2	-2	minor	minor	i	i, minor	V/III	III	III/i	III	False	V/III	V/III, minor		V/III, minor	III	III	3	3	0	-2	-2	1	True	True	True
668.0	4.0	83.5	59	5	B	0.0	2.5	0	2	2	3.0	1.0	1/4	True	0	42.0	42.0	42.0	42a	3	167	False	True				False	122	V/III		a	i		V/III	V				III	M	True	True	(-2, 2, -1)	()	-2	-2	minor	minor	i	i, minor	V/III	III	III/i	III	False	V/III	V/III, minor		V/III, minor	III	III	3	3	0	2	2	5	True	False	False
672.0	16.0	84.0	48	0	C	0.0	1.0	1	2	2	5.0	1.0	1	True	0	43.0	43.0	43.0	43a	3	168	False	True			\\	True	123	III\\		a	i		III	III					M	True	True	(-3, 1, -2)	()	-3	-3	minor	minor	i	i, minor	III		i	i	True	III	III, minor		III, minor		III	3	3	3	-3	-3	-3	True	True	True
672.0	16.0	84.0	48	0	C	0.0	1.0	1	2	2	6.0	1.0	1	True	0	43.0	43.0	43.0	43a	3	168	False	True			\\	True	123	III\\		a	i		III	III					M	True	True	(-3, 1, -2)	()	-3	-3	minor	minor	i	i, minor	III		i	i	True	III	III, minor		III, minor		III	3	3	3	-3	-3	-3	True	True	True
672.0	16.0	84.0	60	0	C	0.0	1.0	1	2	2	3.0	1.0	1	True	0	43.0	43.0	43.0	43a	4	168	False	True			\\	True	123	III\\		a	i		III	III					M	True	True	(-3, 1, -2)	()	-3	-3	minor	minor	i	i, minor	III		i	i	True	III	III, minor		III, minor		III	3	3	3	-3	-3	-3	True	True	True
672.0	16.0	84.0	64	4	E	0.0	1.0	1	2	2	2.0	1.0	1	True	0	43.0	43.0	43.0	43a	4	168	False	True			\\	True	123	III\\		a	i		III	III					M	True	True	(-3, 1, -2)	()	-3	-3	minor	minor	i	i, minor	III		i	i	True	III	III, minor		III, minor		III	3	3	3	1	1	1	True	False	False
688.0	16.0	86.0	57	3	A	0.0	1.0	1	2	2	5.0	1.0	1	True	0	44.0	44.0	44.0	44a	3	172	False	True				False	124	i		a	i		i	i					m	True	True	(0, -3, 1)	()	0	0	minor	minor	i	i, minor	i		i	i	True	i	i, minor		i, minor		i	3	3	3	0	0	0	True	True	True
688.0	16.0	86.0	57	3	A	0.0	1.0	1	2	2	6.0	1.0	1	True	0	44.0	44.0	44.0	44a	3	172	False	True				False	124	i		a	i		i	i					m	True	True	(0, -3, 1)	()	0	0	minor	minor	i	i, minor	i		i	i	True	i	i, minor		i, minor		i	3	3	3	0	0	0	True	True	True
688.0	16.0	86.0	60	0	C	0.0	1.0	1	2	2	4.0	1.0	1	True	0	44.0	44.0	44.0	44a	4	172	False	True				False	124	i		a	i		i	i					m	True	True	(0, -3, 1)	()	0	0	minor	minor	i	i, minor	i		i	i	True	i	i, minor		i, minor		i	3	3	3	-3	-3	-3	True	False	False
688.0	16.0	86.0	64	4	E	0.0	1.0	1	2	2	3.0	1.0	1	True	0	44.0	44.0	44.0	44a	4	172	False	True				False	124	i		a	i		i	i					m	True	True	(0, -3, 1)	()	0	0	minor	minor	i	i, minor	i		i	i	True	i	i, minor		i, minor		i	3	3	3	1	1	1	True	False	False
688.0	16.0	86.0	69	3	A	0.0	1.0	1	2	2	2.0	1.0	1	True	0	44.0	44.0	44.0	44a	4	172	False	True				False	124	i		a	i		i	i					m	True	True	(0, -3, 1)	()	0	0	minor	minor	i	i, minor	i		i	i	True	i	i, minor		i, minor		i	3	3	3	0	0	0	True	True	True
688.0	16.0	86.0	72	0	C	0.0	1.0	1	2	2	1.0	1.0	1	True	0	44.0	44.0	44.0	44a	5	172	False	True				False	124	i		a	i		i	i					m	True	True	(0, -3, 1)	()	0	0	minor	minor	i	i, minor	i		i	i	True	i	i, minor		i, minor		i	3	3	3	-3	-3	-3	True	False	False
704.0	8.0	88.0	57	3	A	0.0	1.0	1	2	2	5.0	1.0	1/2	True	0	45.0	45.0	45.0	45a	3	176	False	False				False	124	i		a	i		i	i					m	True	True	(0, -3, 1)	()	0	0	minor	minor	i	i, minor	i		i	i	True	i	i, minor		i, minor		i	3	3	3	0	0	0	True	True	True
704.0	8.0	88.0	57	3	A	0.0	1.0	1	2	2	6.0	1.0	1/2	True	0	45.0	45.0	45.0	45a	3	176	False	False				False	124	i		a	i		i	i					m	True	True	(0, -3, 1)	()	0	0	minor	minor	i	i, minor	i		i	i	True	i	i, minor		i, minor		i	3	3	3	0	0	0	True	True	True
704.0	8.0	88.0	60	0	C	0.0	1.0	1	2	2	4.0	1.0	1/2	True	0	45.0	45.0	45.0	45a	4	176	False	False				False	124	i		a	i		i	i					m	True	True	(0, -3, 1)	()	0	0	minor	minor	i	i, minor	i		i	i	True	i	i, minor		i, minor		i	3	3	3	-3	-3	-3	True	False	False
704.0	8.0	88.0	64	4	E	0.0	1.0	1	2	2	3.0	1.0	1/2	True	0	45.0	45.0	45.0	45a	4	176	False	False				False	124	i		a	i		i	i					m	True	True	(0, -3, 1)	()	0	0	minor	minor	i	i, minor	i		i	i	True	i	i, minor		i, minor		i	3	3	3	1	1	1	True	False	False
704.0	8.0	88.0	69	3	A	0.0	1.0	1	2	2	2.0	1.0	1/2	True	0	45.0	45.0	45.0	45a	4	176	False	False				False	124	i		a	i		i	i					m	True	True	(0, -3, 1)	()	0	0	minor	minor	i	i, minor	i		i	i	True	i	i, minor		i, minor		i	3	3	3	0	0	0	True	True	True
704.0	8.0	88.0	72	0	C	0.0	1.0	1	2	2	1.0	1.0	1/2	True	0	45.0	45.0	45.0	45a	5	176	False	False				False	124	i		a	i		i	i					m	True	True	(0, -3, 1)	()	0	0	minor	minor	i	i, minor	i		i	i	True	i	i, minor		i, minor		i	3	3	3	-3	-3	-3	True	False	False
720.0	4.0	90.0	57	3	A	0.0	1.0	1	2	2	5.0	1.0	1/4	True	0	46.0	46.0	46.0	46a	3	180	False	False				False	124	i		a	i		i	i					m	True	True	(0, -3, 1)	()	0	0	minor	minor	i	i, minor	i		i	i	True	i	i, minor		i, minor		i	3	3	3	0	0	0	True	True	True
720.0	8.0	90.0	57	3	A	0.0	1.0	1	2	2	6.0	1.0	1/2	True	0	46.0	46.0	46.0	46a	3	180	False	False				False	124	i		a	i		i	i					m	True	True	(0, -3, 1)	()	0	0	minor	minor	i	i, minor	i		i	i	True	i	i, minor		i, minor		i	3	3	3	0	0	0	True	True	True
720.0	4.0	90.0	60	0	C	0.0	1.0	1	2	2	3.0	1.0	1/4	True	0	46.0	46.0	46.0	46a	4	180	False	False				False	124	i		a	i		i	i					m	True	True	(0, -3, 1)	()	0	0	minor	minor	i	i, minor	i		i	i	True	i	i, minor		i, minor		i	3	3	3	-3	-3	-3	True	False	False
720.0	4.0	90.0	60	0	C	0.0	1.0	1	2	2	4.0	1.0	1/4	True	0	46.0	46.0	46.0	46a	4	180	False	False				False	124	i		a	i		i	i					m	True	True	(0, -3, 1)	()	0	0	minor	minor	i	i, minor	i		i	i	True	i	i, minor		i, minor		i	3	3	3	-3	-3	-3	True	False	False
720.0	4.0	90.0	64	4	E	0.0	1.0	1	2	2	2.0	1.0	1/4	True	0	46.0	46.0	46.0	46a	4	180	False	False				False	124	i		a	i		i	i					m	True	True	(0, -3, 1)	()	0	0	minor	minor	i	i, minor	i		i	i	True	i	i, minor		i, minor		i	3	3	3	1	1	1	True	False	False
720.0	8.0	90.0	72	0	C	0.0	1.0	1	2	2	1.0	1.0	1/2	True	0	46.0	46.0	46.0	46a	5	180	False	False				False	124	i		a	i		i	i					m	True	True	(0, -3, 1)	()	0	0	minor	minor	i	i, minor	i		i	i	True	i	i, minor		i, minor		i	3	3	3	-3	-3	-3	True	False	False
724.0	4.0	90.5	59	5	B	0.0	1.5	0	2	2	4.0	1.0	1/4	True	0	46.0	46.0	46.0	46a	3	181	False	False				False	124	i		a	i		i	i					m	True	True	(0, -3, 1)	()	0	0	minor	minor	i	i, minor	i		i	i	True	i	i, minor		i, minor		i	3	3	3	2	2	2	False	False	False
724.0	4.0	90.5	59	5	B	0.0	1.5	0	2	2	5.0	1.0	1/4	True	0	46.0	46.0	46.0	46a	3	181	False	False				False	124	i		a	i		i	i					m	True	True	(0, -3, 1)	()	0	0	minor	minor	i	i, minor	i		i	i	True	i	i, minor		i, minor		i	3	3	3	2	2	2	False	False	False
724.0	4.0	90.5	62	2	D	0.0	1.5	0	2	2	2.0	1.0	1/4	True	0	46.0	46.0	46.0	46a	4	181	False	False				False	124	i		a	i		i	i					m	True	True	(0, -3, 1)	()	0	0	minor	minor	i	i, minor	i		i	i	True	i	i, minor		i, minor		i	3	3	3	-1	-1	-1	False	False	False
724.0	4.0	90.5	62	2	D	0.0	1.5	0	2	2	3.0	1.0	1/4	True	0	46.0	46.0	46.0	46a	4	181	False	False				False	124	i		a	i		i	i					m	True	True	(0, -3, 1)	()	0	0	minor	minor	i	i, minor	i		i	i	True	i	i, minor		i, minor		i	3	3	3	-1	-1	-1	False	False	False
728.0	4.0	91.0	57	3	A	0.0	2.0	2	2	2	4.0	1.0	1/4	True	0	46.0	46.0	46.0	46a	3	182	False	False				False	124	i		a	i		i	i					m	True	True	(0, -3, 1)	()	0	0	minor	minor	i	i, minor	i		i	i	True	i	i, minor		i, minor		i	3	3	3	0	0	0	True	True	True
728.0	4.0	91.0	57	3	A	0.0	2.0	2	2	2	6.0	1.0	1/4	True	0	46.0	46.0	46.0	46a	3	182	False	False				False	124	i		a	i		i	i					m	True	True	(0, -3, 1)	()	0	0	minor	minor	i	i, minor	i		i	i	True	i	i, minor		i, minor		i	3	3	3	0	0	0	True	True	True
728.0	4.0	91.0	60	0	C	0.0	2.0	2	2	2	2.0	1.0	1/4	True	0	46.0	46.0	46.0	46a	4	182	False	False				False	124	i		a	i		i	i					m	True	True	(0, -3, 1)	()	0	0	minor	minor	i	i, minor	i		i	i	True	i	i, minor		i, minor		i	3	3	3	-3	-3	-3	True	False	False
728.0	4.0	91.0	60	0	C	0.0	2.0	2	2	2	5.0	1.0	1/4	True	0	46.0	46.0	46.0	46a	4	182	False	False				False	124	i		a	i		i	i					m	True	True	(0, -3, 1)	()	0	0	minor	minor	i	i, minor	i		i	i	True	i	i, minor		i, minor		i	3	3	3	-3	-3	-3	True	False	False
728.0	4.0	91.0	64	4	E	0.0	2.0	2	2	2	3.0	1.0	1/4	True	0	46.0	46.0	46.0	46a	4	182	False	False				False	124	i		a	i		i	i					m	True	True	(0, -3, 1)	()	0	0	minor	minor	i	i, minor	i		i	i	True	i	i, minor		i, minor		i	3	3	3	1	1	1	True	False	False
728.0	4.0	91.0	72	0	C	0.0	2.0	2	2	2	1.0	1.0	1/4	True	0	46.0	46.0	46.0	46a	5	182	False	False				False	124	i		a	i		i	i					m	True	True	(0, -3, 1)	()	0	0	minor	minor	i	i, minor	i		i	i	True	i	i, minor		i, minor		i	3	3	3	-3	-3	-3	True	False	False
732.0	2.0	91.5	57	3	A	0.0	2.5	0	2	2	4.0	1.0	1/8	True	0	46.0	46.0	46.0	46a	3	183	False	False				False	124	i		a	i		i	i					m	True	True	(0, -3, 1)	()	0	0	minor	minor	i	i, minor	i		i	i	True	i	i, minor		i, minor		i	3	3	3	0	0	0	True	True	True
732.0	4.0	91.5	57	3	A	0.0	2.5	0	2	2	6.0	1.0	1/4	True	0	46.0	46.0	46.0	46a	3	183	False	False				False	124	i		a	i		i	i					m	True	True	(0, -3, 1)	()	0	0	minor	minor	i	i, minor	i		i	i	True	i	i, minor		i, minor		i	3	3	3	0	0	0	True	True	True
732.0	2.0	91.5	60	0	C	0.0	2.5	0	2	2	2.0	1.0	1/8	True	0	46.0	46.0	46.0	46a	4	183	False	False				False	124	i		a	i		i	i					m	True	True	(0, -3, 1)	()	0	0	minor	minor	i	i, minor	i		i	i	True	i	i, minor		i, minor		i	3	3	3	-3	-3	-3	True	False	False
732.0	2.0	91.5	60	0	C	0.0	2.5	0	2	2	5.0	1.0	1/8	True	0	46.0	46.0	46.0	46a	4	183	False	False				False	124	i		a	i		i	i					m	True	True	(0, -3, 1)	()	0	0	minor	minor	i	i, minor	i		i	i	True	i	i, minor		i, minor		i	3	3	3	-3	-3	-3	True	False	False
732.0	2.0	91.5	64	4	E	0.0	2.5	0	2	2	3.0	1.0	1/8	True	0	46.0	46.0	46.0	46a	4	183	False	False				False	124	i		a	i		i	i					m	True	True	(0, -3, 1)	()	0	0	minor	minor	i	i, minor	i		i	i	True	i	i, minor		i, minor		i	3	3	3	1	1	1	True	False	False
732.0	4.0	91.5	72	0	C	0.0	2.5	0	2	2	1.0	1.0	1/4	True	0	46.0	46.0	46.0	46a	5	183	False	False				False	124	i		a	i		i	i					m	True	True	(0, -3, 1)	()	0	0	minor	minor	i	i, minor	i		i	i	True	i	i, minor		i, minor		i	3	3	3	-3	-3	-3	True	False	False
734.0	2.0	91.75	59	5	B	0.0	2.75	0	2	2	4.0	1.0	1/8	True	0	46.0	46.0	46.0	46a	3	367/2	False	False				False	124	i		a	i		i	i					m	True	True	(0, -3, 1)	()	0	0	minor	minor	i	i, minor	i		i	i	True	i	i, minor		i, minor		i	3	3	3	2	2	2	False	False	False
734.0	2.0	91.75	59	5	B	0.0	2.75	0	2	2	5.0	1.0	1/8	True	0	46.0	46.0	46.0	46a	3	367/2	False	False				False	124	i		a	i		i	i					m	True	True	(0, -3, 1)	()	0	0	minor	minor	i	i, minor	i		i	i	True	i	i, minor		i, minor		i	3	3	3	2	2	2	False	False	False
734.0	2.0	91.75	62	2	D	0.0	2.75	0	2	2	2.0	1.0	1/8	True	0	46.0	46.0	46.0	46a	4	367/2	False	False				False	124	i		a	i		i	i					m	True	True	(0, -3, 1)	()	0	0	minor	minor	i	i, minor	i		i	i	True	i	i, minor		i, minor		i	3	3	3	-1	-1	-1	False	False	False
734.0	2.0	91.75	62	2	D	0.0	2.75	0	2	2	3.0	1.0	1/8	True	0	46.0	46.0	46.0	46a	4	367/2	False	False				False	124	i		a	i		i	i					m	True	True	(0, -3, 1)	()	0	0	minor	minor	i	i, minor	i		i	i	True	i	i, minor		i, minor		i	3	3	3	-1	-1	-1	False	False	False
736.0	8.0	92.0	57	3	A	0.0	1.0	1	2	2	5.0	1.0	1/2	True	0	47.0	47.0	47.0	47a	3	184	False	False				False	124	i		a	i		i	i					m	True	True	(0, -3, 1)	()	0	0	minor	minor	i	i, minor	i		i	i	True	i	i, minor		i, minor		i	3	3	3	0	0	0	True	True	True
736.0	8.0	92.0	57	3	A	0.0	1.0	1	2	2	6.0	1.0	1/2	True	0	47.0	47.0	47.0	47a	3	184	False	False				False	124	i		a	i		i	i					m	True	True	(0, -3, 1)	()	0	0	minor	minor	i	i, minor	i		i	i	True	i	i, minor		i, minor		i	3	3	3	0	0	0	True	True	True
736.0	6.0	92.0	60	0	C	0.0	1.0	1	2	2	4.0	1.0	3/8	True	0	47.0	47.0	47.0	47a	4	184	False	False				False	124	i		a	i		i	i					m	True	True	(0, -3, 1)	()	0	0	minor	minor	i	i, minor	i		i	i	True	i	i, minor		i, minor		i	3	3	3	-3	-3	-3	True	False	False
736.0	8.0	92.0	60	0	C	0.0	1.0	1	2	2	3.0	1.0	1/2	True	0	47.0	47.0	47.0	47a	4	184	False	False				False	124	i		a	i		i	i					m	True	True	(0, -3, 1)	()	0	0	minor	minor	i	i, minor	i		i	i	True	i	i, minor		i, minor		i	3	3	3	-3	-3	-3	True	False	False
736.0	16.0	92.0	64	4	E	0.0	1.0	1	2	2	2.0	1.0	1	True	0	47.0	47.0	47.0	47a	4	184	False	False				False	124	i		a	i		i	i					m	True	True	(0, -3, 1)	()	0	0	minor	minor	i	i, minor	i		i	i	True	i	i, minor		i, minor		i	3	3	3	1	1	1	True	False	False
736.0	16.0	92.0	72	0	C	0.0	1.0	1	2	2	1.0	1.0	1	True	0	47.0	47.0	47.0	47a	5	184	False	False				False	124	i		a	i		i	i					m	True	True	(0, -3, 1)	()	0	0	minor	minor	i	i, minor	i		i	i	True	i	i, minor		i, minor		i	3	3	3	-3	-3	-3	True	False	False
742.0	2.0	92.75	62	2	D	0.0	1.75	0	2	2	4.0	1.0	1/8	True	0	47.0	47.0	47.0	47a	4	371/2	False	False				False	124	i		a	i		i	i					m	True	True	(0, -3, 1)	()	0	0	minor	minor	i	i, minor	i		i	i	True	i	i, minor		i, minor		i	3	3	3	-1	-1	-1	False	False	False
744.0	8.0	93.0	57	3	A	0.0	2.0	2	2	2	5.0	1.0	1/2	True	0	47.0	47.0	47.0	47a	3	186	False	False				False	124	i		a	i		i	i					m	True	True	(0, -3, 1)	()	0	0	minor	minor	i	i, minor	i		i	i	True	i	i, minor		i, minor		i	3	3	3	0	0	0	True	True	True
744.0	8.0	93.0	57	3	A	0.0	2.0	2	2	2	6.0	1.0	1/2	True	0	47.0	47.0	47.0	47a	3	186	False	False				False	124	i		a	i		i	i					m	True	True	(0, -3, 1)	()	0	0	minor	minor	i	i, minor	i		i	i	True	i	i, minor		i, minor		i	3	3	3	0	0	0	True	True	True
744.0	8.0	93.0	60	0	C	0.0	2.0	2	2	2	3.0	1.0	1/2	True	0	47.0	47.0	47.0	47a	4	186	False	False				False	124	i		a	i		i	i					m	True	True	(0, -3, 1)	()	0	0	minor	minor	i	i, minor	i		i	i	True	i	i, minor		i, minor		i	3	3	3	-3	-3	-3	True	False	False
744.0	4.0	93.0	64	4	E	0.0	2.0	2	2	2	4.0	1.0	1/4	True	0	47.0	47.0	47.0	47a	4	186	False	False				False	124	i		a	i		i	i					m	True	True	(0, -3, 1)	()	0	0	minor	minor	i	i, minor	i		i	i	True	i	i, minor		i, minor		i	3	3	3	1	1	1	True	False	False
748.0	4.0	93.5	57	3	A	0.0	2.5	0	2	2	4.0	1.0	1/4	True	0	47.0	47.0	47.0	47a	3	187	False	False				False	124	i		a	i		i	i					m	True	True	(0, -3, 1)	()	0	0	minor	minor	i	i, minor	i		i	i	True	i	i, minor		i, minor		i	3	3	3	0	0	0	True	True	True
752.0	4.0	94.0	57	3	A	0.0	1.0	1	2	2	5.0	1.0	1/4	True	0	48.0	48.0	48.0	48a	3	188	False	False				False	124	i		a	i		i	i					m	True	True	(0, -3, 1)	()	0	0	minor	minor	i	i, minor	i		i	i	True	i	i, minor		i, minor		i	3	3	3	0	0	0	True	True	True
752.0	4.0	94.0	57	3	A	0.0	1.0	1	2	2	6.0	1.0	1/4	True	0	48.0	48.0	48.0	48a	3	188	False	False				False	124	i		a	i		i	i					m	True	True	(0, -3, 1)	()	0	0	minor	minor	i	i, minor	i		i	i	True	i	i, minor		i, minor		i	3	3	3	0	0	0	True	True	True
752.0	4.0	94.0	60	0	C	0.0	1.0	1	2	2	3.0	1.0	1/4	True	0	48.0	48.0	48.0	48a	4	188	False	False				False	124	i		a	i		i	i					m	True	True	(0, -3, 1)	()	0	0	minor	minor	i	i, minor	i		i	i	True	i	i, minor		i, minor		i	3	3	3	-3	-3	-3	True	False	False
752.0	8.0	94.0	64	4	E	0.0	1.0	1	2	2	2.0	1.0	1/2	True	0	48.0	48.0	48.0	48a	4	188	False	False				False	124	i		a	i		i	i					m	True	True	(0, -3, 1)	()	0	0	minor	minor	i	i, minor	i		i	i	True	i	i, minor		i, minor		i	3	3	3	1	1	1	True	False	False
752.0	4.0	94.0	72	0	C	0.0	1.0	1	2	2	1.0	1.0	1/4	True	0	48.0	48.0	48.0	48a	5	188	False	False				False	124	i		a	i		i	i					m	True	True	(0, -3, 1)	()	0	0	minor	minor	i	i, minor	i		i	i	True	i	i, minor		i, minor		i	3	3	3	-3	-3	-3	True	False	False
756.0	4.0	94.5	56	8	G	1.0	1.5	0	2	2	5.0	1.0	1/4	True	0	48.0	48.0	48.0	48a	3	189	False	True				False	125	V6		a	i		V6	V		6			M	True	True	(5, 2, 1)	()	1	5	minor	minor	i	i, minor	V		i	i	True	V6	V6, minor		V6, minor		V	3	3	3	5	5	5	True	False	True
756.0	4.0	94.5	56	8	G	1.0	1.5	0	2	2	6.0	1.0	1/4	True	0	48.0	48.0	48.0	48a	3	189	False	True				False	125	V6		a	i		V6	V		6			M	True	True	(5, 2, 1)	()	1	5	minor	minor	i	i, minor	V		i	i	True	V6	V6, minor		V6, minor		V	3	3	3	5	5	5	True	False	True
756.0	4.0	94.5	59	5	B	0.0	1.5	0	2	2	3.0	1.0	1/4	True	0	48.0	48.0	48.0	48a	3	189	False	True				False	125	V6		a	i		V6	V		6			M	True	True	(5, 2, 1)	()	1	5	minor	minor	i	i, minor	V		i	i	True	V6	V6, minor		V6, minor		V	3	3	3	2	2	2	True	False	False
760.0	4.0	95.0	57	3	A	0.0	2.0	2	2	2	5.0	1.0	1/4	True	0	48.0	48.0	48.0	48a	3	190	False	True				False	126	i		a	i		i	i					m	True	True	(0, -3, 1)	()	0	0	minor	minor	i	i, minor	i		i	i	True	i	i, minor		i, minor		i	3	3	3	0	0	0	True	True	True
760.0	4.0	95.0	57	3	A	0.0	2.0	2	2	2	6.0	1.0	1/4	True	0	48.0	48.0	48.0	48a	3	190	False	True				False	126	i		a	i		i	i					m	True	True	(0, -3, 1)	()	0	0	minor	minor	i	i, minor	i		i	i	True	i	i, minor		i, minor		i	3	3	3	0	0	0	True	True	True
760.0	4.0	95.0	60	0	C	0.0	2.0	2	2	2	4.0	1.0	1/4	True	0	48.0	48.0	48.0	48a	4	190	False	True				False	126	i		a	i		i	i					m	True	True	(0, -3, 1)	()	0	0	minor	minor	i	i, minor	i		i	i	True	i	i, minor		i, minor		i	3	3	3	-3	-3	-3	True	False	False
760.0	2.0	95.0	64	4	E	0.0	2.0	2	2	2	3.0	1.0	1/8	True	0	48.0	48.0	48.0	48a	4	190	False	True				False	126	i		a	i		i	i					m	True	True	(0, -3, 1)	()	0	0	minor	minor	i	i, minor	i		i	i	True	i	i, minor		i, minor		i	3	3	3	1	1	1	True	False	False
760.0	4.0	95.0	64	4	E	0.0	2.0	2	2	2	2.0	1.0	1/4	True	0	48.0	48.0	48.0	48a	4	190	False	True				False	126	i		a	i		i	i					m	True	True	(0, -3, 1)	()	0	0	minor	minor	i	i, minor	i		i	i	True	i	i, minor		i, minor		i	3	3	3	1	1	1	True	False	False
760.0	4.0	95.0	72	0	C	0.0	2.0	2	2	2	1.0	1.0	1/4	True	0	48.0	48.0	48.0	48a	5	190	False	True				False	126	i		a	i		i	i					m	True	True	(0, -3, 1)	()	0	0	minor	minor	i	i, minor	i		i	i	True	i	i, minor		i, minor		i	3	3	3	-3	-3	-3	True	False	False
762.0	2.0	95.25	65	-1	F	0.0	2.25	0	2	2	3.0	1.0	1/8	True	0	48.0	48.0	48.0	48a	4	381/2	False	False				False	126	i		a	i		i	i					m	True	True	(0, -3, 1)	()	0	0	minor	minor	i	i, minor	i		i	i	True	i	i, minor		i, minor		i	3	3	3	-4	-4	-4	False	False	False
764.0	4.0	95.5	59	5	B	0.0	2.5	0	2	2	5.0	1.0	1/4	True	0	48.0	48.0	48.0	48a	3	191	False	True				False	127	IV6/IV		a	i		IV6/IV	IV		6		IV	M	True	True	(2, -1, -2)	()	-2	2	minor	minor	i	i, minor	IV/IV	IV	IV/i	IV	False	IV6/IV	IV6/IV, minor		IV6/IV, minor	IV	IV	3	3	2	2	2	3	True	False	True
764.0	4.0	95.5	59	5	B	0.0	2.5	0	2	2	6.0	1.0	1/4	True	0	48.0	48.0	48.0	48a	3	191	False	True				False	127	IV6/IV		a	i		IV6/IV	IV		6		IV	M	True	True	(2, -1, -2)	()	-2	2	minor	minor	i	i, minor	IV/IV	IV	IV/i	IV	False	IV6/IV	IV6/IV, minor		IV6/IV, minor	IV	IV	3	3	2	2	2	3	True	False	True
764.0	4.0	95.5	62	2	D	0.0	2.5	0	2	2	2.0	1.0	1/4	True	0	48.0	48.0	48.0	48a	4	191	False	True				False	127	IV6/IV		a	i		IV6/IV	IV		6		IV	M	True	True	(2, -1, -2)	()	-2	2	minor	minor	i	i, minor	IV/IV	IV	IV/i	IV	False	IV6/IV	IV6/IV, minor		IV6/IV, minor	IV	IV	3	3	2	-1	-1	0	True	False	False
764.0	4.0	95.5	62	2	D	0.0	2.5	0	2	2	4.0	1.0	1/4	True	0	48.0	48.0	48.0	48a	4	191	False	True				False	127	IV6/IV		a	i		IV6/IV	IV		6		IV	M	True	True	(2, -1, -2)	()	-2	2	minor	minor	i	i, minor	IV/IV	IV	IV/i	IV	False	IV6/IV	IV6/IV, minor		IV6/IV, minor	IV	IV	3	3	2	-1	-1	0	True	False	False
764.0	4.0	95.5	67	1	G	0.0	2.5	0	2	2	3.0	1.0	1/4	True	0	48.0	48.0	48.0	48a	4	191	False	True				False	127	IV6/IV		a	i		IV6/IV	IV		6		IV	M	True	True	(2, -1, -2)	()	-2	2	minor	minor	i	i, minor	IV/IV	IV	IV/i	IV	False	IV6/IV	IV6/IV, minor		IV6/IV, minor	IV	IV	3	3	2	-2	-2	-1	True	True	False
764.0	4.0	95.5	71	5	B	0.0	2.5	0	2	2	1.0	1.0	1/4	True	0	48.0	48.0	48.0	48a	4	191	False	True				False	127	IV6/IV		a	i		IV6/IV	IV		6		IV	M	True	True	(2, -1, -2)	()	-2	2	minor	minor	i	i, minor	IV/IV	IV	IV/i	IV	False	IV6/IV	IV6/IV, minor		IV6/IV, minor	IV	IV	3	3	2	2	2	3	True	False	True
768.0	4.0	96.0	57	3	A	0.0	1.0	1	2	2	6.0	1.0	1/4	True	0	49.0	49.0	49.0	49a	3	192	False	True				False	128	V7/iv		a	i		V7/iv	V		7		iv	Mm7	True	True	(0, 4, 1, -2)	()	0	0	minor	minor	i	i, minor	V/iv	iv	iv/i	iv	True	V7/iv	V7/iv, minor		V7/iv, minor	iv	iv	3	3	2	0	0	1	True	True	True
768.0	16.0	96.0	57	3	A	0.0	1.0	1	2	2	5.0	1.0	1	True	0	49.0	49.0	49.0	49a	3	192	False	True				False	128	V7/iv		a	i		V7/iv	V		7		iv	Mm7	True	True	(0, 4, 1, -2)	()	0	0	minor	minor	i	i, minor	V/iv	iv	iv/i	iv	True	V7/iv	V7/iv, minor		V7/iv, minor	iv	iv	3	3	2	0	0	1	True	True	True
768.0	4.0	96.0	64	4	E	0.0	1.0	1	2	2	4.0	1.0	1/4	True	0	49.0	49.0	49.0	49a	4	192	False	True				False	128	V7/iv		a	i		V7/iv	V		7		iv	Mm7	True	True	(0, 4, 1, -2)	()	0	0	minor	minor	i	i, minor	V/iv	iv	iv/i	iv	True	V7/iv	V7/iv, minor		V7/iv, minor	iv	iv	3	3	2	1	1	2	True	False	False
768.0	4.0	96.0	67	1	G	0.0	1.0	1	2	2	3.0	1.0	1/4	False	0	49.0	49.0	49.0	49a	4	192	False	True				False	128	V7/iv		a	i		V7/iv	V		7		iv	Mm7	True	True	(0, 4, 1, -2)	()	0	0	minor	minor	i	i, minor	V/iv	iv	iv/i	iv	True	V7/iv	V7/iv, minor		V7/iv, minor	iv	iv	3	3	2	-2	-2	-1	True	False	False
768.0	4.0	96.0	69	3	A	0.0	1.0	1	2	2	2.0	1.0	1/4	True	0	49.0	49.0	49.0	49a	4	192	False	True				False	128	V7/iv		a	i		V7/iv	V		7		iv	Mm7	True	True	(0, 4, 1, -2)	()	0	0	minor	minor	i	i, minor	V/iv	iv	iv/i	iv	True	V7/iv	V7/iv, minor		V7/iv, minor	iv	iv	3	3	2	0	0	1	True	True	True
768.0	4.0	96.0	73	7	C	1.0	1.0	1	2	2	1.0	1.0	1/4	True	0	49.0	49.0	49.0	49a	5	192	False	True				False	128	V7/iv		a	i		V7/iv	V		7		iv	Mm7	True	True	(0, 4, 1, -2)	()	0	0	minor	minor	i	i, minor	V/iv	iv	iv/i	iv	True	V7/iv	V7/iv, minor		V7/iv, minor	iv	iv	3	3	2	4	4	5	True	False	False
772.0	4.0	96.5	57	3	A	0.0	1.5	0	2	2	4.0	1.0	1/4	True	0	49.0	49.0	49.0	49a	3	193	False	True				False	129	V(64)/iv		a	i		V(64)/iv	V			64	iv	M	True	True	(0, -1, -4)	()	0	0	minor	minor	i	i, minor	V/iv	iv	iv/i	iv	True	V/iv	V/iv, minor		V(64)/iv, minor	iv	iv	3	3	2	0	0	1	True	True	True
772.0	4.0	96.5	57	3	A	0.0	1.5	0	2	2	6.0	1.0	1/4	False	0	49.0	49.0	49.0	49a	3	193	False	True				False	129	V(64)/iv		a	i		V(64)/iv	V			64	iv	M	True	True	(0, -1, -4)	()	0	0	minor	minor	i	i, minor	V/iv	iv	iv/i	iv	True	V/iv	V/iv, minor		V(64)/iv, minor	iv	iv	3	3	2	0	0	1	True	True	True
772.0	4.0	96.5	65	-1	F	0.0	1.5	0	2	2	3.0	1.0	1/4	True	0	49.0	49.0	49.0	49a	4	193	False	True				False	129	V(64)/iv		a	i		V(64)/iv	V			64	iv	M	True	True	(0, -1, -4)	()	0	0	minor	minor	i	i, minor	V/iv	iv	iv/i	iv	True	V/iv	V/iv, minor		V(64)/iv, minor	iv	iv	3	3	2	-4	-4	-3	True	False	False
772.0	4.0	96.5	69	3	A	0.0	1.5	0	2	2	2.0	1.0	1/4	True	0	49.0	49.0	49.0	49a	4	193	False	True				False	129	V(64)/iv		a	i		V(64)/iv	V			64	iv	M	True	True	(0, -1, -4)	()	0	0	minor	minor	i	i, minor	V/iv	iv	iv/i	iv	True	V/iv	V/iv, minor		V(64)/iv, minor	iv	iv	3	3	2	0	0	1	True	True	True
772.0	4.0	96.5	74	2	D	0.0	1.5	0	2	2	1.0	1.0	1/4	True	0	49.0	49.0	49.0	49a	5	193	False	True				False	129	V(64)/iv		a	i		V(64)/iv	V			64	iv	M	True	True	(0, -1, -4)	()	0	0	minor	minor	i	i, minor	V/iv	iv	iv/i	iv	True	V/iv	V/iv, minor		V(64)/iv, minor	iv	iv	3	3	2	-1	-1	0	True	False	False
776.0	4.0	97.0	57	3	A	0.0	2.0	2	2	2	6.0	1.0	1/4	False	0	49.0	49.0	49.0	49a	3	194	False	True				False	130	V(4)/IV		a	i		V(4)/IV	V			4	IV	M	True	True	(0, -1, 1)	()	0	0	minor	minor	i	i, minor	V/IV	IV	IV/i	IV	False	V/IV	V/IV, minor		V(4)/IV, minor	IV	IV	3	3	2	0	0	1	True	True	True
776.0	8.0	97.0	57	3	A	0.0	2.0	2	2	2	4.0	1.0	1/2	True	0	49.0	49.0	49.0	49a	3	194	False	True				False	130	V(4)/IV		a	i		V(4)/IV	V			4	IV	M	True	True	(0, -1, 1)	()	0	0	minor	minor	i	i, minor	V/IV	IV	IV/i	IV	False	V/IV	V/IV, minor		V(4)/IV, minor	IV	IV	3	3	2	0	0	1	True	True	True
776.0	8.0	97.0	64	4	E	0.0	2.0	2	2	2	3.0	1.0	1/2	True	0	49.0	49.0	49.0	49a	4	194	False	True				False	130	V(4)/IV		a	i		V(4)/IV	V			4	IV	M	True	True	(0, -1, 1)	()	0	0	minor	minor	i	i, minor	V/IV	IV	IV/i	IV	False	V/IV	V/IV, minor		V(4)/IV, minor	IV	IV	3	3	2	1	1	2	True	False	False
776.0	8.0	97.0	69	3	A	0.0	2.0	2	2	2	2.0	1.0	1/2	True	0	49.0	49.0	49.0	49a	4	194	False	True				False	130	V(4)/IV		a	i		V(4)/IV	V			4	IV	M	True	True	(0, -1, 1)	()	0	0	minor	minor	i	i, minor	V/IV	IV	IV/i	IV	False	V/IV	V/IV, minor		V(4)/IV, minor	IV	IV	3	3	2	0	0	1	True	True	True
776.0	4.0	97.0	74	2	D	0.0	2.0	2	2	2	1.0	1.0	1/4	True	0	49.0	49.0	49.0	49a	5	194	False	True				False	130	V(4)/IV		a	i		V(4)/IV	V			4	IV	M	True	True	(0, -1, 1)	()	0	0	minor	minor	i	i, minor	V/IV	IV	IV/i	IV	False	V/IV	V/IV, minor		V(4)/IV, minor	IV	IV	3	3	2	-1	-1	0	True	False	False
780.0	4.0	97.5	57	3	A	0.0	2.5	0	2	2	6.0	1.0	1/4	False	0	49.0	49.0	49.0	49a	3	195	False	True				False	131	V/IV		a	i		V/IV	V				IV	M	True	True	(0, 4, 1)	()	0	0	minor	minor	i	i, minor	V/IV	IV	IV/i	IV	False	V/IV	V/IV, minor		V/IV, minor	IV	IV	3	3	2	0	0	1	True	True	True
780.0	4.0	97.5	73	7	C	1.0	2.5	0	2	2	1.0	1.0	1/4	True	0	49.0	49.0	49.0	49a	5	195	False	True				False	131	V/IV		a	i		V/IV	V				IV	M	True	True	(0, 4, 1)	()	0	0	minor	minor	i	i, minor	V/IV	IV	IV/i	IV	False	V/IV	V/IV, minor		V/IV, minor	IV	IV	3	3	2	4	4	5	True	False	False
784.0	8.0	98.0	50	2	D	0.0	1.0	1	2	2	5.0	1.0	1/2	True	0	50.0	50.0	50.0	50a	3	196	False	True			\\	True	132	IV\\		a	i		IV	IV					M	True	True	(-1, 3, 0)	()	-1	-1	minor	minor	i	i, minor	IV		i	i	True	IV	IV, minor		IV, minor		IV	3	3	3	-1	-1	-1	True	True	True
784.0	8.0	98.0	50	2	D	0.0	1.0	1	2	2	6.0	1.0	1/2	True	0	50.0	50.0	50.0	50a	3	196	False	True			\\	True	132	IV\\		a	i		IV	IV					M	True	True	(-1, 3, 0)	()	-1	-1	minor	minor	i	i, minor	IV		i	i	True	IV	IV, minor		IV, minor		IV	3	3	3	-1	-1	-1	True	True	True
784.0	8.0	98.0	57	3	A	0.0	1.0	1	2	2	4.0	1.0	1/2	True	0	50.0	50.0	50.0	50a	3	196	False	True			\\	True	132	IV\\		a	i		IV	IV					M	True	True	(-1, 3, 0)	()	-1	-1	minor	minor	i	i, minor	IV		i	i	True	IV	IV, minor		IV, minor		IV	3	3	3	0	0	0	True	False	False
784.0	8.0	98.0	62	2	D	0.0	1.0	1	2	2	3.0	1.0	1/2	True	0	50.0	50.0	50.0	50a	4	196	False	True			\\	True	132	IV\\		a	i		IV	IV					M	True	True	(-1, 3, 0)	()	-1	-1	minor	minor	i	i, minor	IV		i	i	True	IV	IV, minor		IV, minor		IV	3	3	3	-1	-1	-1	True	True	True
784.0	8.0	98.0	66	6	F	1.0	1.0	1	2	2	2.0	1.0	1/2	True	0	50.0	50.0	50.0	50a	4	196	False	True			\\	True	132	IV\\		a	i		IV	IV					M	True	True	(-1, 3, 0)	()	-1	-1	minor	minor	i	i, minor	IV		i	i	True	IV	IV, minor		IV, minor		IV	3	3	3	3	3	3	True	False	False
784.0	8.0	98.0	74	2	D	0.0	1.0	1	2	2	1.0	1.0	1/2	True	0	50.0	50.0	50.0	50a	5	196	False	True			\\	True	132	IV\\		a	i		IV	IV					M	True	True	(-1, 3, 0)	()	-1	-1	minor	minor	i	i, minor	IV		i	i	True	IV	IV, minor		IV, minor		IV	3	3	3	-1	-1	-1	True	True	True
796.0	4.0	99.5	50	2	D	0.0	2.5	0	2	2	5.0	1.0	1/4	True	0	50.0	50.0	50.0	50a	3	199	False	False				False	132	IV\\		a	i		IV	IV					M	True	True	(-1, 3, 0)	()	-1	-1	minor	minor	i	i, minor	IV		i	i	True	IV	IV, minor		IV, minor		IV	3	3	3	-1	-1	-1	True	True	True
796.0	4.0	99.5	50	2	D	0.0	2.5	0	2	2	6.0	1.0	1/4	True	0	50.0	50.0	50.0	50a	3	199	False	False				False	132	IV\\		a	i		IV	IV					M	True	True	(-1, 3, 0)	()	-1	-1	minor	minor	i	i, minor	IV		i	i	True	IV	IV, minor		IV, minor		IV	3	3	3	-1	-1	-1	True	True	True
796.0	4.0	99.5	54	6	F	1.0	2.5	0	2	2	4.0	1.0	1/4	True	0	50.0	50.0	50.0	50a	3	199	False	False				False	132	IV\\		a	i		IV	IV					M	True	True	(-1, 3, 0)	()	-1	-1	minor	minor	i	i, minor	IV		i	i	True	IV	IV, minor		IV, minor		IV	3	3	3	3	3	3	True	False	False
796.0	4.0	99.5	57	3	A	0.0	2.5	0	2	2	3.0	1.0	1/4	True	0	50.0	50.0	50.0	50a	3	199	False	False				False	132	IV\\		a	i		IV	IV					M	True	True	(-1, 3, 0)	()	-1	-1	minor	minor	i	i, minor	IV		i	i	True	IV	IV, minor		IV, minor		IV	3	3	3	0	0	0	True	False	False
796.0	4.0	99.5	62	2	D	0.0	2.5	0	2	2	2.0	1.0	1/4	True	0	50.0	50.0	50.0	50a	4	199	False	False				False	132	IV\\		a	i		IV	IV					M	True	True	(-1, 3, 0)	()	-1	-1	minor	minor	i	i, minor	IV		i	i	True	IV	IV, minor		IV, minor		IV	3	3	3	-1	-1	-1	True	True	True
796.0	4.0	99.5	69	3	A	0.0	2.5	0	2	2	1.0	1.0	1/4	True	0	50.0	50.0	50.0	50a	4	199	False	False				False	132	IV\\		a	i		IV	IV					M	True	True	(-1, 3, 0)	()	-1	-1	minor	minor	i	i, minor	IV		i	i	True	IV	IV, minor		IV, minor		IV	3	3	3	0	0	0	True	False	False
800.0	4.0	100.0	50	2	D	0.0	1.0	1	2	2	5.0	1.0	1/4	True	0	51.0	51.0	51.0	51a	3	200	False	True				False	133	ii6		a	i		ii6	ii		6			m	True	True	(-1, 3, 2)	()	2	-1	minor	minor	i	i, minor	ii		i	i	True	ii6	ii6, minor		ii6, minor		ii	3	3	3	-1	-1	-1	True	False	True
800.0	4.0	100.0	50	2	D	0.0	1.0	1	2	2	6.0	1.0	1/4	True	0	51.0	51.0	51.0	51a	3	200	False	True				False	133	ii6		a	i		ii6	ii		6			m	True	True	(-1, 3, 2)	()	2	-1	minor	minor	i	i, minor	ii		i	i	True	ii6	ii6, minor		ii6, minor		ii	3	3	3	-1	-1	-1	True	False	True
800.0	4.0	100.0	54	6	F	1.0	1.0	1	2	2	4.0	1.0	1/4	True	0	51.0	51.0	51.0	51a	3	200	False	True				False	133	ii6		a	i		ii6	ii		6			m	True	True	(-1, 3, 2)	()	2	-1	minor	minor	i	i, minor	ii		i	i	True	ii6	ii6, minor		ii6, minor		ii	3	3	3	3	3	3	True	False	False
800.0	4.0	100.0	59	5	B	0.0	1.0	1	2	2	3.0	1.0	1/4	True	0	51.0	51.0	51.0	51a	3	200	False	True				False	133	ii6		a	i		ii6	ii		6			m	True	True	(-1, 3, 2)	()	2	-1	minor	minor	i	i, minor	ii		i	i	True	ii6	ii6, minor		ii6, minor		ii	3	3	3	2	2	2	True	True	False
800.0	4.0	100.0	62	2	D	0.0	1.0	1	2	2	2.0	1.0	1/4	True	0	51.0	51.0	51.0	51a	4	200	False	True				False	133	ii6		a	i		ii6	ii		6			m	True	True	(-1, 3, 2)	()	2	-1	minor	minor	i	i, minor	ii		i	i	True	ii6	ii6, minor		ii6, minor		ii	3	3	3	-1	-1	-1	True	False	True
800.0	4.0	100.0	74	2	D	0.0	1.0	1	2	2	1.0	1.0	1/4	True	0	51.0	51.0	51.0	51a	5	200	False	True				False	133	ii6		a	i		ii6	ii		6			m	True	True	(-1, 3, 2)	()	2	-1	minor	minor	i	i, minor	ii		i	i	True	ii6	ii6, minor		ii6, minor		ii	3	3	3	-1	-1	-1	True	False	True
804.0	4.0	100.5	49	7	C	1.0	1.5	0	2	2	5.0	1.0	1/4	True	0	51.0	51.0	51.0	51a	3	201	False	True				False	134	I6		a	i		I6	I		6			M	True	True	(4, 1, 0)	()	0	4	minor	minor	i	i, minor	I		i	i	True	I6	I6, minor		I6, minor		I	3	3	3	4	4	4	True	False	True
804.0	4.0	100.5	49	7	C	1.0	1.5	0	2	2	6.0	1.0	1/4	True	0	51.0	51.0	51.0	51a	3	201	False	True				False	134	I6		a	i		I6	I		6			M	True	True	(4, 1, 0)	()	0	4	minor	minor	i	i, minor	I		i	i	True	I6	I6, minor		I6, minor		I	3	3	3	4	4	4	True	False	True
804.0	4.0	100.5	52	4	E	0.0	1.5	0	2	2	4.0	1.0	1/4	True	0	51.0	51.0	51.0	51a	3	201	False	True				False	134	I6		a	i		I6	I		6			M	True	True	(4, 1, 0)	()	0	4	minor	minor	i	i, minor	I		i	i	True	I6	I6, minor		I6, minor		I	3	3	3	1	1	1	True	False	False
804.0	4.0	100.5	61	7	C	1.0	1.5	0	2	2	3.0	1.0	1/4	True	0	51.0	51.0	51.0	51a	4	201	False	True				False	134	I6		a	i		I6	I		6			M	True	True	(4, 1, 0)	()	0	4	minor	minor	i	i, minor	I		i	i	True	I6	I6, minor		I6, minor		I	3	3	3	4	4	4	True	False	True
804.0	4.0	100.5	64	4	E	0.0	1.5	0	2	2	2.0	1.0	1/4	True	0	51.0	51.0	51.0	51a	4	201	False	True				False	134	I6		a	i		I6	I		6			M	True	True	(4, 1, 0)	()	0	4	minor	minor	i	i, minor	I		i	i	True	I6	I6, minor		I6, minor		I	3	3	3	1	1	1	True	False	False
804.0	4.0	100.5	69	3	A	0.0	1.5	0	2	2	1.0	1.0	1/4	True	0	51.0	51.0	51.0	51a	4	201	False	True				False	134	I6		a	i		I6	I		6			M	True	True	(4, 1, 0)	()	0	4	minor	minor	i	i, minor	I		i	i	True	I6	I6, minor		I6, minor		I	3	3	3	0	0	0	True	True	False
808.0	8.0	101.0	47	5	B	0.0	2.0	2	2	2	5.0	1.0	1/2	True	0	51.0	51.0	51.0	51a	2	202	False	True			\\	True	135	V/V\\		a	i		V/V	V				V	M	True	True	(2, 6, 3)	()	2	2	minor	minor	i	i, minor	V/V	V	V/i	V	False	V/V	V/V, minor		V/V, minor	V	V	3	3	4	2	2	1	True	True	True
808.0	8.0	101.0	47	5	B	0.0	2.0	2	2	2	6.0	1.0	1/2	True	0	51.0	51.0	51.0	51a	2	202	False	True			\\	True	135	V/V\\		a	i		V/V	V				V	M	True	True	(2, 6, 3)	()	2	2	minor	minor	i	i, minor	V/V	V	V/i	V	False	V/V	V/V, minor		V/V, minor	V	V	3	3	4	2	2	1	True	True	True
808.0	8.0	101.0	59	5	B	0.0	2.0	2	2	2	4.0	1.0	1/2	True	0	51.0	51.0	51.0	51a	3	202	False	True			\\	True	135	V/V\\		a	i		V/V	V				V	M	True	True	(2, 6, 3)	()	2	2	minor	minor	i	i, minor	V/V	V	V/i	V	False	V/V	V/V, minor		V/V, minor	V	V	3	3	4	2	2	1	True	True	True
808.0	8.0	101.0	63	-3	E	-1.0	2.0	2	2	2	3.0	1.0	1/2	True	0	51.0	51.0	51.0	51a	4	202	False	True			\\	True	135	V/V\\		a	i		V/V	V				V	M	True	True	(2, 6, 3)	()	2	2	minor	minor	i	i, minor	V/V	V	V/i	V	False	V/V	V/V, minor		V/V, minor	V	V	3	3	4	-6	-6	-7	False	False	False
808.0	8.0	101.0	66	6	F	1.0	2.0	2	2	2	2.0	1.0	1/2	True	0	51.0	51.0	51.0	51a	4	202	False	True			\\	True	135	V/V\\		a	i		V/V	V				V	M	True	True	(2, 6, 3)	()	2	2	minor	minor	i	i, minor	V/V	V	V/i	V	False	V/V	V/V, minor		V/V, minor	V	V	3	3	4	3	3	2	True	False	False
808.0	8.0	101.0	71	5	B	0.0	2.0	2	2	2	1.0	1.0	1/2	True	0	51.0	51.0	51.0	51a	4	202	False	True			\\	True	135	V/V\\		a	i		V/V	V				V	M	True	True	(2, 6, 3)	()	2	2	minor	minor	i	i, minor	V/V	V	V/i	V	False	V/V	V/V, minor		V/V, minor	V	V	3	3	4	2	2	1	True	True	True
816.0	4.0	102.0	47	5	B	0.0	1.0	1	2	2	5.0	1.0	1/4	True	0	52.0	52.0	52.0	52a	2	204	False	False				False	135	V/V\\		a	i		V/V	V				V	M	True	True	(2, 6, 3)	()	2	2	minor	minor	i	i, minor	V/V	V	V/i	V	False	V/V	V/V, minor		V/V, minor	V	V	3	3	4	2	2	1	True	True	True
816.0	4.0	102.0	47	5	B	0.0	1.0	1	2	2	6.0	1.0	1/4	True	0	52.0	52.0	52.0	52a	2	204	False	False				False	135	V/V\\		a	i		V/V	V				V	M	True	True	(2, 6, 3)	()	2	2	minor	minor	i	i, minor	V/V	V	V/i	V	False	V/V	V/V, minor		V/V, minor	V	V	3	3	4	2	2	1	True	True	True
816.0	4.0	102.0	59	5	B	0.0	1.0	1	2	2	4.0	1.0	1/4	True	0	52.0	52.0	52.0	52a	3	204	False	False				False	135	V/V\\		a	i		V/V	V				V	M	True	True	(2, 6, 3)	()	2	2	minor	minor	i	i, minor	V/V	V	V/i	V	False	V/V	V/V, minor		V/V, minor	V	V	3	3	4	2	2	1	True	True	True
816.0	4.0	102.0	63	-3	E	-1.0	1.0	1	2	2	3.0	1.0	1/4	True	0	52.0	52.0	52.0	52a	4	204	False	False				False	135	V/V\\		a	i		V/V	V				V	M	True	True	(2, 6, 3)	()	2	2	minor	minor	i	i, minor	V/V	V	V/i	V	False	V/V	V/V, minor		V/V, minor	V	V	3	3	4	-6	-6	-7	False	False	False
816.0	8.0	102.0	66	6	F	1.0	1.0	1	2	2	2.0	1.0	1/2	False	0	52.0	52.0	52.0	52a	4	204	False	False				False	135	V/V\\		a	i		V/V	V				V	M	True	True	(2, 6, 3)	()	2	2	minor	minor	i	i, minor	V/V	V	V/i	V	False	V/V	V/V, minor		V/V, minor	V	V	3	3	4	3	3	2	True	False	False
816.0	8.0	102.0	71	5	B	0.0	1.0	1	2	2	1.0	1.0	1/2	True	0	52.0	52.0	52.0	52a	4	204	False	False				False	135	V/V\\		a	i		V/V	V				V	M	True	True	(2, 6, 3)	()	2	2	minor	minor	i	i, minor	V/V	V	V/i	V	False	V/V	V/V, minor		V/V, minor	V	V	3	3	4	2	2	1	True	True	True
820.0	2.0	102.5	59	5	B	0.0	1.5	0	2	2	5.0	1.0	1/8	True	0	52.0	52.0	52.0	52a	3	205	False	True				False	136	ii		a	i		ii	ii					m	True	True	(2, -1, 3)	()	2	2	minor	minor	i	i, minor	ii		i	i	True	ii	ii, minor		ii, minor		ii	3	3	3	2	2	2	True	True	True
820.0	2.0	102.5	59	5	B	0.0	1.5	0	2	2	6.0	1.0	1/8	True	0	52.0	52.0	52.0	52a	3	205	False	True				False	136	ii		a	i		ii	ii					m	True	True	(2, -1, 3)	()	2	2	minor	minor	i	i, minor	ii		i	i	True	ii	ii, minor		ii, minor		ii	3	3	3	2	2	2	True	True	True
820.0	2.0	102.5	62	2	D	0.0	1.5	0	2	2	4.0	1.0	1/8	True	0	52.0	52.0	52.0	52a	4	205	False	True				False	136	ii		a	i		ii	ii					m	True	True	(2, -1, 3)	()	2	2	minor	minor	i	i, minor	ii		i	i	True	ii	ii, minor		ii, minor		ii	3	3	3	-1	-1	-1	True	False	False
822.0	2.0	102.75	59	5	B	0.0	1.75	0	2	2	5.0	1.0	1/8	True	0	52.0	52.0	52.0	52a	3	411/2	False	False				False	136	ii		a	i		ii	ii					m	True	True	(2, -1, 3)	()	2	2	minor	minor	i	i, minor	ii		i	i	True	ii	ii, minor		ii, minor		ii	3	3	3	2	2	2	True	True	True
822.0	2.0	102.75	59	5	B	0.0	1.75	0	2	2	6.0	1.0	1/8	True	0	52.0	52.0	52.0	52a	3	411/2	False	False				False	136	ii		a	i		ii	ii					m	True	True	(2, -1, 3)	()	2	2	minor	minor	i	i, minor	ii		i	i	True	ii	ii, minor		ii, minor		ii	3	3	3	2	2	2	True	True	True
822.0	2.0	102.75	62	2	D	0.0	1.75	0	2	2	4.0	1.0	1/8	True	0	52.0	52.0	52.0	52a	4	411/2	False	False				False	136	ii		a	i		ii	ii					m	True	True	(2, -1, 3)	()	2	2	minor	minor	i	i, minor	ii		i	i	True	ii	ii, minor		ii, minor		ii	3	3	3	-1	-1	-1	True	False	False
824.0	4.0	103.0	59	5	B	0.0	2.0	2	2	2	5.0	1.0	1/4	True	0	52.0	52.0	52.0	52a	3	206	False	False				False	136	ii		a	i		ii	ii					m	True	True	(2, -1, 3)	()	2	2	minor	minor	i	i, minor	ii		i	i	True	ii	ii, minor		ii, minor		ii	3	3	3	2	2	2	True	True	True
824.0	4.0	103.0	59	5	B	0.0	2.0	2	2	2	6.0	1.0	1/4	True	0	52.0	52.0	52.0	52a	3	206	False	False				False	136	ii		a	i		ii	ii					m	True	True	(2, -1, 3)	()	2	2	minor	minor	i	i, minor	ii		i	i	True	ii	ii, minor		ii, minor		ii	3	3	3	2	2	2	True	True	True
824.0	4.0	103.0	62	2	D	0.0	2.0	2	2	2	4.0	1.0	1/4	True	0	52.0	52.0	52.0	52a	4	206	False	False				False	136	ii		a	i		ii	ii					m	True	True	(2, -1, 3)	()	2	2	minor	minor	i	i, minor	ii		i	i	True	ii	ii, minor		ii, minor		ii	3	3	3	-1	-1	-1	True	False	False
824.0	4.0	103.0	66	6	F	1.0	2.0	2	2	2	2.0	1.0	1/4	True	0	52.0	52.0	52.0	52a	4	206	False	False				False	136	ii		a	i		ii	ii					m	True	True	(2, -1, 3)	()	2	2	minor	minor	i	i, minor	ii		i	i	True	ii	ii, minor		ii, minor		ii	3	3	3	3	3	3	True	False	False
828.0	4.0	103.5	54	6	F	1.0	2.5	0	2	2	5.0	1.0	1/4	True	0	52.0	52.0	52.0	52a	3	207	False	True				False	137	V6/VII		a	i		V6/VII	V		6		VII	M	True	True	(3, 0, -1)	()	-1	3	minor	minor	i	i, minor	V/VII	VII	VII/i	VII	False	V6/VII	V6/VII, minor		V6/VII, minor	VII	VII	3	3	1	3	3	5	True	False	True
828.0	4.0	103.5	54	6	F	1.0	2.5	0	2	2	6.0	1.0	1/4	True	0	52.0	52.0	52.0	52a	3	207	False	True				False	137	V6/VII		a	i		V6/VII	V		6		VII	M	True	True	(3, 0, -1)	()	-1	3	minor	minor	i	i, minor	V/VII	VII	VII/i	VII	False	V6/VII	V6/VII, minor		V6/VII, minor	VII	VII	3	3	1	3	3	5	True	False	True
828.0	4.0	103.5	57	3	A	0.0	2.5	0	2	2	4.0	1.0	1/4	True	0	52.0	52.0	52.0	52a	3	207	False	True				False	137	V6/VII		a	i		V6/VII	V		6		VII	M	True	True	(3, 0, -1)	()	-1	3	minor	minor	i	i, minor	V/VII	VII	VII/i	VII	False	V6/VII	V6/VII, minor		V6/VII, minor	VII	VII	3	3	1	0	0	2	True	False	False
828.0	2.0	103.5	62	2	D	0.0	2.5	0	2	2	3.0	1.0	1/8	True	0	52.0	52.0	52.0	52a	4	207	False	True				False	137	V6/VII		a	i		V6/VII	V		6		VII	M	True	True	(3, 0, -1)	()	-1	3	minor	minor	i	i, minor	V/VII	VII	VII/i	VII	False	V6/VII	V6/VII, minor		V6/VII, minor	VII	VII	3	3	1	-1	-1	1	True	True	False
828.0	2.0	103.5	69	3	A	0.0	2.5	0	2	2	2.0	1.0	1/8	True	0	52.0	52.0	52.0	52a	4	207	False	True				False	137	V6/VII		a	i		V6/VII	V		6		VII	M	True	True	(3, 0, -1)	()	-1	3	minor	minor	i	i, minor	V/VII	VII	VII/i	VII	False	V6/VII	V6/VII, minor		V6/VII, minor	VII	VII	3	3	1	0	0	2	True	False	False
828.0	2.0	103.5	74	2	D	0.0	2.5	0	2	2	1.0	1.0	1/8	True	0	52.0	52.0	52.0	52a	5	207	False	True				False	137	V6/VII		a	i		V6/VII	V		6		VII	M	True	True	(3, 0, -1)	()	-1	3	minor	minor	i	i, minor	V/VII	VII	VII/i	VII	False	V6/VII	V6/VII, minor		V6/VII, minor	VII	VII	3	3	1	-1	-1	1	True	True	False
830.0	2.0	103.75	62	2	D	0.0	2.75	0	2	2	3.0	1.0	1/8	True	0	52.0	52.0	52.0	52a	4	415/2	False	False				False	137	V6/VII		a	i		V6/VII	V		6		VII	M	True	True	(3, 0, -1)	()	-1	3	minor	minor	i	i, minor	V/VII	VII	VII/i	VII	False	V6/VII	V6/VII, minor		V6/VII, minor	VII	VII	3	3	1	-1	-1	1	True	True	False
830.0	2.0	103.75	69	3	A	0.0	2.75	0	2	2	2.0	1.0	1/8	True	0	52.0	52.0	52.0	52a	4	415/2	False	False				False	137	V6/VII		a	i		V6/VII	V		6		VII	M	True	True	(3, 0, -1)	()	-1	3	minor	minor	i	i, minor	V/VII	VII	VII/i	VII	False	V6/VII	V6/VII, minor		V6/VII, minor	VII	VII	3	3	1	0	0	2	True	False	False
830.0	2.0	103.75	74	2	D	0.0	2.75	0	2	2	1.0	1.0	1/8	True	0	52.0	52.0	52.0	52a	5	415/2	False	False				False	137	V6/VII		a	i		V6/VII	V		6		VII	M	True	True	(3, 0, -1)	()	-1	3	minor	minor	i	i, minor	V/VII	VII	VII/i	VII	False	V6/VII	V6/VII, minor		V6/VII, minor	VII	VII	3	3	1	-1	-1	1	True	True	False
832.0	4.0	104.0	55	1	G	0.0	1.0	1	2	2	6.0	1.0	1/4	True	0	53.0	53.0	53.0	53a	3	208	False	True				False	138	V(6)/III		a	i		V(6)/III	V			6	III	M	True	True	(-2, 2, 1)	()	-2	-2	minor	minor	i	i, minor	V/III	III	III/i	III	False	V/III	V/III, minor		V(6)/III, minor	III	III	3	3	0	-2	-2	1	True	True	True
832.0	16.0	104.0	55	1	G	0.0	1.0	1	2	2	5.0	1.0	1	True	0	53.0	53.0	53.0	53a	3	208	False	True				False	138	V(6)/III		a	i		V(6)/III	V			6	III	M	True	True	(-2, 2, 1)	()	-2	-2	minor	minor	i	i, minor	V/III	III	III/i	III	False	V/III	V/III, minor		V(6)/III, minor	III	III	3	3	0	-2	-2	1	True	True	True
832.0	4.0	104.0	59	5	B	0.0	1.0	1	2	2	4.0	1.0	1/4	True	0	53.0	53.0	53.0	53a	3	208	False	True				False	138	V(6)/III		a	i		V(6)/III	V			6	III	M	True	True	(-2, 2, 1)	()	-2	-2	minor	minor	i	i, minor	V/III	III	III/i	III	False	V/III	V/III, minor		V(6)/III, minor	III	III	3	3	0	2	2	5	True	False	False
832.0	4.0	104.0	64	4	E	0.0	1.0	1	2	2	3.0	1.0	1/4	True	0	53.0	53.0	53.0	53a	4	208	False	True				False	138	V(6)/III		a	i		V(6)/III	V			6	III	M	True	True	(-2, 2, 1)	()	-2	-2	minor	minor	i	i, minor	V/III	III	III/i	III	False	V/III	V/III, minor		V(6)/III, minor	III	III	3	3	0	1	1	4	True	False	False
832.0	4.0	104.0	67	1	G	0.0	1.0	1	2	2	2.0	1.0	1/4	True	0	53.0	53.0	53.0	53a	4	208	False	True				False	138	V(6)/III		a	i		V(6)/III	V			6	III	M	True	True	(-2, 2, 1)	()	-2	-2	minor	minor	i	i, minor	V/III	III	III/i	III	False	V/III	V/III, minor		V(6)/III, minor	III	III	3	3	0	-2	-2	1	True	True	True
832.0	4.0	104.0	71	5	B	0.0	1.0	1	2	2	1.0	1.0	1/4	True	0	53.0	53.0	53.0	53a	4	208	False	True				False	138	V(6)/III		a	i		V(6)/III	V			6	III	M	True	True	(-2, 2, 1)	()	-2	-2	minor	minor	i	i, minor	V/III	III	III/i	III	False	V/III	V/III, minor		V(6)/III, minor	III	III	3	3	0	2	2	5	True	False	False
836.0	4.0	104.5	55	1	G	0.0	1.5	0	2	2	4.0	1.0	1/4	True	0	53.0	53.0	53.0	53a	3	209	False	True				False	139	V(64)/III		a	i		V(64)/III	V			64	III	M	True	True	(-2, -3, 1)	()	-2	-2	minor	minor	i	i, minor	V/III	III	III/i	III	False	V/III	V/III, minor		V(64)/III, minor	III	III	3	3	0	-2	-2	1	True	True	True
836.0	8.0	104.5	55	1	G	0.0	1.5	0	2	2	6.0	1.0	1/2	False	0	53.0	53.0	53.0	53a	3	209	False	True				False	139	V(64)/III		a	i		V(64)/III	V			64	III	M	True	True	(-2, -3, 1)	()	-2	-2	minor	minor	i	i, minor	V/III	III	III/i	III	False	V/III	V/III, minor		V(64)/III, minor	III	III	3	3	0	-2	-2	1	True	True	True
836.0	4.0	104.5	64	4	E	0.0	1.5	0	2	2	3.0	1.0	1/4	True	0	53.0	53.0	53.0	53a	4	209	False	True				False	139	V(64)/III		a	i		V(64)/III	V			64	III	M	True	True	(-2, -3, 1)	()	-2	-2	minor	minor	i	i, minor	V/III	III	III/i	III	False	V/III	V/III, minor		V(64)/III, minor	III	III	3	3	0	1	1	4	True	False	False
836.0	4.0	104.5	67	1	G	0.0	1.5	0	2	2	2.0	1.0	1/4	True	0	53.0	53.0	53.0	53a	4	209	False	True				False	139	V(64)/III		a	i		V(64)/III	V			64	III	M	True	True	(-2, -3, 1)	()	-2	-2	minor	minor	i	i, minor	V/III	III	III/i	III	False	V/III	V/III, minor		V(64)/III, minor	III	III	3	3	0	-2	-2	1	True	True	True
836.0	8.0	104.5	72	0	C	0.0	1.5	0	2	2	1.0	1.0	1/2	True	0	53.0	53.0	53.0	53a	5	209	False	True				False	139	V(64)/III		a	i		V(64)/III	V			64	III	M	True	True	(-2, -3, 1)	()	-2	-2	minor	minor	i	i, minor	V/III	III	III/i	III	False	V/III	V/III, minor		V(64)/III, minor	III	III	3	3	0	-3	-3	0	True	False	False
840.0	8.0	105.0	62	2	D	0.0	2.0	2	2	2	3.0	1.0	1/2	True	0	53.0	53.0	53.0	53a	4	210	False	True				False	140	V(4)/III		a	i		V(4)/III	V			4	III	M	True	True	(-2, -3, -1)	()	-2	-2	minor	minor	i	i, minor	V/III	III	III/i	III	False	V/III	V/III, minor		V(4)/III, minor	III	III	3	3	0	-1	-1	2	True	False	False
840.0	8.0	105.0	67	1	G	0.0	2.0	2	2	2	2.0	1.0	1/2	True	0	53.0	53.0	53.0	53a	4	210	False	True				False	140	V(4)/III		a	i		V(4)/III	V			4	III	M	True	True	(-2, -3, -1)	()	-2	-2	minor	minor	i	i, minor	V/III	III	III/i	III	False	V/III	V/III, minor		V(4)/III, minor	III	III	3	3	0	-2	-2	1	True	True	True
844.0	4.0	105.5	55	1	G	0.0	2.5	0	2	2	6.0	1.0	1/4	False	0	53.0	53.0	53.0	53a	3	211	False	True				False	141	V/III		a	i		V/III	V				III	M	True	True	(-2, 2, -1)	()	-2	-2	minor	minor	i	i, minor	V/III	III	III/i	III	False	V/III	V/III, minor		V/III, minor	III	III	3	3	0	-2	-2	1	True	True	True
844.0	4.0	105.5	71	5	B	0.0	2.5	0	2	2	1.0	1.0	1/4	True	0	53.0	53.0	53.0	53a	4	211	False	True				False	141	V/III		a	i		V/III	V				III	M	True	True	(-2, 2, -1)	()	-2	-2	minor	minor	i	i, minor	V/III	III	III/i	III	False	V/III	V/III, minor		V/III, minor	III	III	3	3	0	2	2	5	True	False	False
848.0	8.0	106.0	48	0	C	0.0	1.0	1	2	2	5.0	1.0	1/2	True	0	54.0	54.0	54.0	54a	3	212	False	True			\\	True	142	III\\		a	i		III	III					M	True	True	(-3, 1, -2)	()	-3	-3	minor	minor	i	i, minor	III		i	i	True	III	III, minor		III, minor		III	3	3	3	-3	-3	-3	True	True	True
848.0	8.0	106.0	48	0	C	0.0	1.0	1	2	2	6.0	1.0	1/2	True	0	54.0	54.0	54.0	54a	3	212	False	True			\\	True	142	III\\		a	i		III	III					M	True	True	(-3, 1, -2)	()	-3	-3	minor	minor	i	i, minor	III		i	i	True	III	III, minor		III, minor		III	3	3	3	-3	-3	-3	True	True	True
848.0	2.0	106.0	52	4	E	0.0	1.0	1	2	2	4.0	1.0	1/8	True	0	54.0	54.0	54.0	54a	3	212	False	True			\\	True	142	III\\		a	i		III	III					M	True	True	(-3, 1, -2)	()	-3	-3	minor	minor	i	i, minor	III		i	i	True	III	III, minor		III, minor		III	3	3	3	1	1	1	True	False	False
848.0	8.0	106.0	60	0	C	0.0	1.0	1	2	2	3.0	1.0	1/2	True	0	54.0	54.0	54.0	54a	4	212	False	True			\\	True	142	III\\		a	i		III	III					M	True	True	(-3, 1, -2)	()	-3	-3	minor	minor	i	i, minor	III		i	i	True	III	III, minor		III, minor		III	3	3	3	-3	-3	-3	True	True	True
848.0	8.0	106.0	67	1	G	0.0	1.0	1	2	2	2.0	1.0	1/2	True	0	54.0	54.0	54.0	54a	4	212	False	True			\\	True	142	III\\		a	i		III	III					M	True	True	(-3, 1, -2)	()	-3	-3	minor	minor	i	i, minor	III		i	i	True	III	III, minor		III, minor		III	3	3	3	-2	-2	-2	True	False	False
848.0	8.0	106.0	72	0	C	0.0	1.0	1	2	2	1.0	1.0	1/2	True	0	54.0	54.0	54.0	54a	5	212	False	True			\\	True	142	III\\		a	i		III	III					M	True	True	(-3, 1, -2)	()	-3	-3	minor	minor	i	i, minor	III		i	i	True	III	III, minor		III, minor		III	3	3	3	-3	-3	-3	True	True	True
850.0	2.0	106.25	52	4	E	0.0	1.25	0	2	2	4.0	1.0	1/8	True	0	54.0	54.0	54.0	54a	3	425/2	False	False				False	142	III\\		a	i		III	III					M	True	True	(-3, 1, -2)	()	-3	-3	minor	minor	i	i, minor	III		i	i	True	III	III, minor		III, minor		III	3	3	3	1	1	1	True	False	False
852.0	2.0	106.5	53	-1	F	0.0	1.5	0	2	2	4.0	1.0	1/8	True	0	54.0	54.0	54.0	54a	3	213	False	False				False	142	III\\		a	i		III	III					M	True	True	(-3, 1, -2)	()	-3	-3	minor	minor	i	i, minor	III		i	i	True	III	III, minor		III, minor		III	3	3	3	-4	-4	-4	False	False	False
854.0	2.0	106.75	55	1	G	0.0	1.75	0	2	2	4.0	1.0	1/8	True	0	54.0	54.0	54.0	54a	3	427/2	False	False				False	142	III\\		a	i		III	III					M	True	True	(-3, 1, -2)	()	-3	-3	minor	minor	i	i, minor	III		i	i	True	III	III, minor		III, minor		III	3	3	3	-2	-2	-2	True	False	False
856.0	2.0	107.0	45	3	A	0.0	2.0	2	2	2	5.0	1.0	1/8	True	0	54.0	54.0	54.0	54a	2	214	False	True				False	143	i		a	i		i	i					m	True	True	(0, -3, 1)	()	0	0	minor	minor	i	i, minor	i		i	i	True	i	i, minor		i, minor		i	3	3	3	0	0	0	True	True	True
856.0	4.0	107.0	45	3	A	0.0	2.0	2	2	2	6.0	1.0	1/4	True	0	54.0	54.0	54.0	54a	2	214	False	True				False	143	i		a	i		i	i					m	True	True	(0, -3, 1)	()	0	0	minor	minor	i	i, minor	i		i	i	True	i	i, minor		i, minor		i	3	3	3	0	0	0	True	True	True
856.0	4.0	107.0	57	3	A	0.0	2.0	2	2	2	4.0	1.0	1/4	True	0	54.0	54.0	54.0	54a	3	214	False	True				False	143	i		a	i		i	i					m	True	True	(0, -3, 1)	()	0	0	minor	minor	i	i, minor	i		i	i	True	i	i, minor		i, minor		i	3	3	3	0	0	0	True	True	True
858.0	2.0	107.25	45	3	A	0.0	2.25	0	2	2	5.0	1.0	1/8	True	0	54.0	54.0	54.0	54a	2	429/2	False	False				False	143	i		a	i		i	i					m	True	True	(0, -3, 1)	()	0	0	minor	minor	i	i, minor	i		i	i	True	i	i, minor		i, minor		i	3	3	3	0	0	0	True	True	True
860.0	2.0	107.5	47	5	B	0.0	2.5	0	2	2	5.0	1.0	1/8	True	0	54.0	54.0	54.0	54a	2	215	False	True				False	144	VII6		a	i		VII6	VII		6			M	True	True	(2, -1, -2)	()	-2	2	minor	minor	i	i, minor	VII		i	i	True	VII6	VII6, minor		VII6, minor		VII	3	3	3	2	2	2	True	False	True
860.0	2.0	107.5	47	5	B	0.0	2.5	0	2	2	6.0	1.0	1/8	True	0	54.0	54.0	54.0	54a	2	215	False	True				False	144	VII6		a	i		VII6	VII		6			M	True	True	(2, -1, -2)	()	-2	2	minor	minor	i	i, minor	VII		i	i	True	VII6	VII6, minor		VII6, minor		VII	3	3	3	2	2	2	True	False	True
860.0	4.0	107.5	55	1	G	0.0	2.5	0	2	2	4.0	1.0	1/4	True	0	54.0	54.0	54.0	54a	3	215	False	True				False	144	VII6		a	i		VII6	VII		6			M	True	True	(2, -1, -2)	()	-2	2	minor	minor	i	i, minor	VII		i	i	True	VII6	VII6, minor		VII6, minor		VII	3	3	3	-2	-2	-2	True	True	False
862.0	2.0	107.75	48	0	C	0.0	2.75	0	2	2	5.0	1.0	1/8	True	0	54.0	54.0	54.0	54a	3	431/2	False	False				False	144	VII6		a	i		VII6	VII		6			M	True	True	(2, -1, -2)	()	-2	2	minor	minor	i	i, minor	VII		i	i	True	VII6	VII6, minor		VII6, minor		VII	3	3	3	-3	-3	-3	False	False	False
862.0	2.0	107.75	48	0	C	0.0	2.75	0	2	2	6.0	1.0	1/8	True	0	54.0	54.0	54.0	54a	3	431/2	False	False				False	144	VII6		a	i		VII6	VII		6			M	True	True	(2, -1, -2)	()	-2	2	minor	minor	i	i, minor	VII		i	i	True	VII6	VII6, minor		VII6, minor		VII	3	3	3	-3	-3	-3	False	False	False
864.0	4.0	108.0	50	2	D	0.0	1.0	1	2	2	5.0	1.0	1/4	True	0	55.0	55.0	55.0	55a	3	216	False	True				False	145	V/VII		a	i		V/VII	V				VII	M	True	True	(-1, 3, 0)	()	-1	-1	minor	minor	i	i, minor	V/VII	VII	VII/i	VII	False	V/VII	V/VII, minor		V/VII, minor	VII	VII	3	3	1	-1	-1	1	True	True	True
864.0	4.0	108.0	50	2	D	0.0	1.0	1	2	2	6.0	1.0	1/4	True	0	55.0	55.0	55.0	55a	3	216	False	True				False	145	V/VII		a	i		V/VII	V				VII	M	True	True	(-1, 3, 0)	()	-1	-1	minor	minor	i	i, minor	V/VII	VII	VII/i	VII	False	V/VII	V/VII, minor		V/VII, minor	VII	VII	3	3	1	-1	-1	1	True	True	True
864.0	2.0	108.0	54	6	F	1.0	1.0	1	2	2	4.0	1.0	1/8	True	0	55.0	55.0	55.0	55a	3	216	False	True				False	145	V/VII		a	i		V/VII	V				VII	M	True	True	(-1, 3, 0)	()	-1	-1	minor	minor	i	i, minor	V/VII	VII	VII/i	VII	False	V/VII	V/VII, minor		V/VII, minor	VII	VII	3	3	1	3	3	5	True	False	False
864.0	2.0	108.0	69	3	A	0.0	1.0	1	2	2	1.0	1.0	1/8	True	0	55.0	55.0	55.0	55a	4	216	False	True				False	145	V/VII		a	i		V/VII	V				VII	M	True	True	(-1, 3, 0)	()	-1	-1	minor	minor	i	i, minor	V/VII	VII	VII/i	VII	False	V/VII	V/VII, minor		V/VII, minor	VII	VII	3	3	1	0	0	2	True	False	False
866.0	2.0	108.25	54	6	F	1.0	1.25	0	2	2	4.0	1.0	1/8	True	0	55.0	55.0	55.0	55a	3	433/2	False	False				False	145	V/VII		a	i		V/VII	V				VII	M	True	True	(-1, 3, 0)	()	-1	-1	minor	minor	i	i, minor	V/VII	VII	VII/i	VII	False	V/VII	V/VII, minor		V/VII, minor	VII	VII	3	3	1	3	3	5	True	False	False
866.0	2.0	108.25	69	3	A	0.0	1.25	0	2	2	1.0	1.0	1/8	True	0	55.0	55.0	55.0	55a	4	433/2	False	False				False	145	V/VII		a	i		V/VII	V				VII	M	True	True	(-1, 3, 0)	()	-1	-1	minor	minor	i	i, minor	V/VII	VII	VII/i	VII	False	V/VII	V/VII, minor		V/VII, minor	VII	VII	3	3	1	0	0	2	True	False	False
868.0	4.0	108.5	48	0	C	0.0	1.5	0	2	2	5.0	1.0	1/4	True	0	55.0	55.0	55.0	55a	3	217	False	True				False	146	viio64/VII		a	i		viio64/VII	vii	o	64		VII	o	True	True	(-3, 3, 0)	()	3	-3	minor	minor	i	i, minor	vii/VII	VII	VII/i	VII	False	viio64/VII	viio64/VII, minor		viio64/VII, minor	VII	VII	3	3	1	-3	-3	-1	True	False	True
868.0	4.0	108.5	48	0	C	0.0	1.5	0	2	2	6.0	1.0	1/4	True	0	55.0	55.0	55.0	55a	3	217	False	True				False	146	viio64/VII		a	i		viio64/VII	vii	o	64		VII	o	True	True	(-3, 3, 0)	()	3	-3	minor	minor	i	i, minor	vii/VII	VII	VII/i	VII	False	viio64/VII	viio64/VII, minor		viio64/VII, minor	VII	VII	3	3	1	-3	-3	-1	True	False	True
868.0	2.0	108.5	55	1	G	0.0	1.5	0	2	2	4.0	1.0	1/8	True	0	55.0	55.0	55.0	55a	3	217	False	True				False	146	viio64/VII		a	i		viio64/VII	vii	o	64		VII	o	True	True	(-3, 3, 0)	()	3	-3	minor	minor	i	i, minor	vii/VII	VII	VII/i	VII	False	viio64/VII	viio64/VII, minor		viio64/VII, minor	VII	VII	3	3	1	-2	-2	0	False	False	False
868.0	2.0	108.5	71	5	B	0.0	1.5	0	2	2	1.0	1.0	1/8	True	0	55.0	55.0	55.0	55a	4	217	False	True				False	146	viio64/VII		a	i		viio64/VII	vii	o	64		VII	o	True	True	(-3, 3, 0)	()	3	-3	minor	minor	i	i, minor	vii/VII	VII	VII/i	VII	False	viio64/VII	viio64/VII, minor		viio64/VII, minor	VII	VII	3	3	1	2	2	4	False	False	False
870.0	2.0	108.75	57	3	A	0.0	1.75	0	2	2	4.0	1.0	1/8	True	0	55.0	55.0	55.0	55a	3	435/2	False	False				False	146	viio64/VII		a	i		viio64/VII	vii	o	64		VII	o	True	True	(-3, 3, 0)	()	3	-3	minor	minor	i	i, minor	vii/VII	VII	VII/i	VII	False	viio64/VII	viio64/VII, minor		viio64/VII, minor	VII	VII	3	3	1	0	0	2	True	False	False
870.0	2.0	108.75	72	0	C	0.0	1.75	0	2	2	1.0	1.0	1/8	True	0	55.0	55.0	55.0	55a	5	435/2	False	False				False	146	viio64/VII		a	i		viio64/VII	vii	o	64		VII	o	True	True	(-3, 3, 0)	()	3	-3	minor	minor	i	i, minor	vii/VII	VII	VII/i	VII	False	viio64/VII	viio64/VII, minor		viio64/VII, minor	VII	VII	3	3	1	-3	-3	-1	True	False	True
872.0	2.0	109.0	47	5	B	0.0	2.0	2	2	2	5.0	1.0	1/8	True	0	55.0	55.0	55.0	55a	2	218	False	True				False	147	VII6		a	i		VII6	VII		6			M	True	True	(2, -1, -2)	()	-2	2	minor	minor	i	i, minor	VII		i	i	True	VII6	VII6, minor		VII6, minor		VII	3	3	3	2	2	2	True	False	True
872.0	4.0	109.0	47	5	B	0.0	2.0	2	2	2	6.0	1.0	1/4	True	0	55.0	55.0	55.0	55a	2	218	False	True				False	147	VII6		a	i		VII6	VII		6			M	True	True	(2, -1, -2)	()	-2	2	minor	minor	i	i, minor	VII		i	i	True	VII6	VII6, minor		VII6, minor		VII	3	3	3	2	2	2	True	False	True
872.0	4.0	109.0	59	5	B	0.0	2.0	2	2	2	4.0	1.0	1/4	True	0	55.0	55.0	55.0	55a	3	218	False	True				False	147	VII6		a	i		VII6	VII		6			M	True	True	(2, -1, -2)	()	-2	2	minor	minor	i	i, minor	VII		i	i	True	VII6	VII6, minor		VII6, minor		VII	3	3	3	2	2	2	True	False	True
872.0	2.0	109.0	62	2	D	0.0	2.0	2	2	2	2.0	1.0	1/8	True	0	55.0	55.0	55.0	55a	4	218	False	True				False	147	VII6		a	i		VII6	VII		6			M	True	True	(2, -1, -2)	()	-2	2	minor	minor	i	i, minor	VII		i	i	True	VII6	VII6, minor		VII6, minor		VII	3	3	3	-1	-1	-1	True	False	False
872.0	4.0	109.0	74	2	D	0.0	2.0	2	2	2	1.0	1.0	1/4	True	0	55.0	55.0	55.0	55a	5	218	False	True				False	147	VII6		a	i		VII6	VII		6			M	True	True	(2, -1, -2)	()	-2	2	minor	minor	i	i, minor	VII		i	i	True	VII6	VII6, minor		VII6, minor		VII	3	3	3	-1	-1	-1	True	False	False
874.0	2.0	109.25	47	5	B	0.0	2.25	0	2	2	5.0	1.0	1/8	True	0	55.0	55.0	55.0	55a	2	437/2	False	False				False	147	VII6		a	i		VII6	VII		6			M	True	True	(2, -1, -2)	()	-2	2	minor	minor	i	i, minor	VII		i	i	True	VII6	VII6, minor		VII6, minor		VII	3	3	3	2	2	2	True	False	True
874.0	2.0	109.25	62	2	D	0.0	2.25	0	2	2	2.0	1.0	1/8	True	0	55.0	55.0	55.0	55a	4	437/2	False	False				False	147	VII6		a	i		VII6	VII		6			M	True	True	(2, -1, -2)	()	-2	2	minor	minor	i	i, minor	VII		i	i	True	VII6	VII6, minor		VII6, minor		VII	3	3	3	-1	-1	-1	True	False	False
876.0	2.0	109.5	48	0	C	0.0	2.5	0	2	2	5.0	1.0	1/8	True	0	55.0	55.0	55.0	55a	3	219	False	True				False	148	III		a	i		III	III					M	True	True	(-3, 1, -2)	()	-3	-3	minor	minor	i	i, minor	III		i	i	True	III	III, minor		III, minor		III	3	3	3	-3	-3	-3	True	True	True
876.0	2.0	109.5	48	0	C	0.0	2.5	0	2	2	6.0	1.0	1/8	True	0	55.0	55.0	55.0	55a	3	219	False	True				False	148	III		a	i		III	III					M	True	True	(-3, 1, -2)	()	-3	-3	minor	minor	i	i, minor	III		i	i	True	III	III, minor		III, minor		III	3	3	3	-3	-3	-3	True	True	True
876.0	4.0	109.5	59	5	B	0.0	2.5	0	2	2	4.0	1.0	1/4	True	0	55.0	55.0	55.0	55a	3	219	False	True				False	148	III		a	i		III	III					M	True	True	(-3, 1, -2)	()	-3	-3	minor	minor	i	i, minor	III		i	i	True	III	III, minor		III, minor		III	3	3	3	2	2	2	False	False	False
876.0	2.0	109.5	64	4	E	0.0	2.5	0	2	2	2.0	1.0	1/8	True	0	55.0	55.0	55.0	55a	4	219	False	True				False	148	III		a	i		III	III					M	True	True	(-3, 1, -2)	()	-3	-3	minor	minor	i	i, minor	III		i	i	True	III	III, minor		III, minor		III	3	3	3	1	1	1	True	False	False
876.0	4.0	109.5	72	0	C	0.0	2.5	0	2	2	1.0	1.0	1/4	True	0	55.0	55.0	55.0	55a	5	219	False	True				False	148	III		a	i		III	III					M	True	True	(-3, 1, -2)	()	-3	-3	minor	minor	i	i, minor	III		i	i	True	III	III, minor		III, minor		III	3	3	3	-3	-3	-3	True	True	True
878.0	2.0	109.75	50	2	D	0.0	2.75	0	2	2	5.0	1.0	1/8	True	0	55.0	55.0	55.0	55a	3	439/2	False	False				False	148	III		a	i		III	III					M	True	True	(-3, 1, -2)	()	-3	-3	minor	minor	i	i, minor	III		i	i	True	III	III, minor		III, minor		III	3	3	3	-1	-1	-1	False	False	False
878.0	2.0	109.75	50	2	D	0.0	2.75	0	2	2	6.0	1.0	1/8	True	0	55.0	55.0	55.0	55a	3	439/2	False	False				False	148	III		a	i		III	III					M	True	True	(-3, 1, -2)	()	-3	-3	minor	minor	i	i, minor	III		i	i	True	III	III, minor		III, minor		III	3	3	3	-1	-1	-1	False	False	False
878.0	2.0	109.75	65	-1	F	0.0	2.75	0	2	2	2.0	1.0	1/8	True	0	55.0	55.0	55.0	55a	4	439/2	False	False				False	148	III		a	i		III	III					M	True	True	(-3, 1, -2)	()	-3	-3	minor	minor	i	i, minor	III		i	i	True	III	III, minor		III, minor		III	3	3	3	-4	-4	-4	False	False	False
880.0	4.0	110.0	52	4	E	0.0	1.0	1	2	2	5.0	1.0	1/4	True	0	56.0	56.0	56.0	56a	3	220	False	True				False	149	iii/III		a	i		iii/III	iii				III	m	True	True	(1, -2, 2)	()	1	1	minor	minor	i	i, minor	iii/III	III	III/i	III	False	iii/III	iii/III, minor		iii/III, minor	III	III	3	3	0	1	1	4	True	True	True
880.0	4.0	110.0	52	4	E	0.0	1.0	1	2	2	6.0	1.0	1/4	True	0	56.0	56.0	56.0	56a	3	220	False	True				False	149	iii/III		a	i		iii/III	iii				III	m	True	True	(1, -2, 2)	()	1	1	minor	minor	i	i, minor	iii/III	III	III/i	III	False	iii/III	iii/III, minor		iii/III, minor	III	III	3	3	0	1	1	4	True	True	True
880.0	2.0	110.0	55	1	G	0.0	1.0	1	2	2	3.0	1.0	1/8	True	0	56.0	56.0	56.0	56a	3	220	False	True				False	149	iii/III		a	i		iii/III	iii				III	m	True	True	(1, -2, 2)	()	1	1	minor	minor	i	i, minor	iii/III	III	III/i	III	False	iii/III	iii/III, minor		iii/III, minor	III	III	3	3	0	-2	-2	1	True	False	False
880.0	4.0	110.0	67	1	G	0.0	1.0	1	2	2	2.0	1.0	1/4	True	0	56.0	56.0	56.0	56a	4	220	False	True				False	149	iii/III		a	i		iii/III	iii				III	m	True	True	(1, -2, 2)	()	1	1	minor	minor	i	i, minor	iii/III	III	III/i	III	False	iii/III	iii/III, minor		iii/III, minor	III	III	3	3	0	-2	-2	1	True	False	False
880.0	2.0	110.0	71	5	B	0.0	1.0	1	2	2	1.0	1.0	1/8	True	0	56.0	56.0	56.0	56a	4	220	False	True				False	149	iii/III		a	i		iii/III	iii				III	m	True	True	(1, -2, 2)	()	1	1	minor	minor	i	i, minor	iii/III	III	III/i	III	False	iii/III	iii/III, minor		iii/III, minor	III	III	3	3	0	2	2	5	True	False	False
882.0	2.0	110.25	55	1	G	0.0	1.25	0	2	2	3.0	1.0	1/8	True	0	56.0	56.0	56.0	56a	3	441/2	False	False				False	149	iii/III		a	i		iii/III	iii				III	m	True	True	(1, -2, 2)	()	1	1	minor	minor	i	i, minor	iii/III	III	III/i	III	False	iii/III	iii/III, minor		iii/III, minor	III	III	3	3	0	-2	-2	1	True	False	False
882.0	2.0	110.25	71	5	B	0.0	1.25	0	2	2	1.0	1.0	1/8	True	0	56.0	56.0	56.0	56a	4	441/2	False	False				False	149	iii/III		a	i		iii/III	iii				III	m	True	True	(1, -2, 2)	()	1	1	minor	minor	i	i, minor	iii/III	III	III/i	III	False	iii/III	iii/III, minor		iii/III, minor	III	III	3	3	0	2	2	5	True	False	False
884.0	4.0	110.5	50	2	D	0.0	1.5	0	2	2	6.0	1.0	1/4	True	0	56.0	56.0	56.0	56a	3	221	False	True				False	150	viio6/III		a	i		viio6/III	vii	o	6		III	o	True	True	(-1, -4, 2)	()	2	-1	minor	minor	i	i, minor	vii/III	III	III/i	III	False	viio6/III	viio6/III, minor		viio6/III, minor	III	III	3	3	0	-1	-1	2	True	False	True
884.0	4.0	110.5	52	4	E	0.0	1.5	0	2	2	5.0	1.0	1/4	True	0	56.0	56.0	56.0	56a	3	221	False	True				False	150	viio6/III		a	i		viio6/III	vii	o	6		III	o	True	True	(-1, -4, 2)	()	2	-1	minor	minor	i	i, minor	vii/III	III	III/i	III	False	viio6/III	viio6/III, minor		viio6/III, minor	III	III	3	3	0	1	1	4	False	False	False
884.0	2.0	110.5	57	3	A	0.0	1.5	0	2	2	3.0	1.0	1/8	True	0	56.0	56.0	56.0	56a	3	221	False	True				False	150	viio6/III		a	i		viio6/III	vii	o	6		III	o	True	True	(-1, -4, 2)	()	2	-1	minor	minor	i	i, minor	vii/III	III	III/i	III	False	viio6/III	viio6/III, minor		viio6/III, minor	III	III	3	3	0	0	0	3	False	False	False
884.0	4.0	110.5	65	-1	F	0.0	1.5	0	2	2	2.0	1.0	1/4	True	0	56.0	56.0	56.0	56a	4	221	False	True				False	150	viio6/III		a	i		viio6/III	vii	o	6		III	o	True	True	(-1, -4, 2)	()	2	-1	minor	minor	i	i, minor	vii/III	III	III/i	III	False	viio6/III	viio6/III, minor		viio6/III, minor	III	III	3	3	0	-4	-4	-1	True	False	False
884.0	2.0	110.5	72	0	C	0.0	1.5	0	2	2	1.0	1.0	1/8	True	0	56.0	56.0	56.0	56a	5	221	False	True				False	150	viio6/III		a	i		viio6/III	vii	o	6		III	o	True	True	(-1, -4, 2)	()	2	-1	minor	minor	i	i, minor	vii/III	III	III/i	III	False	viio6/III	viio6/III, minor		viio6/III, minor	III	III	3	3	0	-3	-3	0	False	False	False
886.0	2.0	110.75	59	5	B	0.0	1.75	0	2	2	3.0	1.0	1/8	True	0	56.0	56.0	56.0	56a	3	443/2	False	False				False	150	viio6/III		a	i		viio6/III	vii	o	6		III	o	True	True	(-1, -4, 2)	()	2	-1	minor	minor	i	i, minor	vii/III	III	III/i	III	False	viio6/III	viio6/III, minor		viio6/III, minor	III	III	3	3	0	2	2	5	True	True	False
886.0	2.0	110.75	74	2	D	0.0	1.75	0	2	2	1.0	1.0	1/8	True	0	56.0	56.0	56.0	56a	5	443/2	False	False				False	150	viio6/III		a	i		viio6/III	vii	o	6		III	o	True	True	(-1, -4, 2)	()	2	-1	minor	minor	i	i, minor	vii/III	III	III/i	III	False	viio6/III	viio6/III, minor		viio6/III, minor	III	III	3	3	0	-1	-1	2	True	False	True
888.0	4.0	111.0	48	0	C	0.0	2.0	2	2	2	6.0	1.0	1/4	True	0	56.0	56.0	56.0	56a	3	222	False	True				False	151	III		a	i		III	III					M	True	True	(-3, 1, -2)	()	-3	-3	minor	minor	i	i, minor	III		i	i	True	III	III, minor		III, minor		III	3	3	3	-3	-3	-3	True	True	True
888.0	4.0	111.0	60	0	C	0.0	2.0	2	2	2	3.0	1.0	1/4	True	0	56.0	56.0	56.0	56a	4	222	False	True				False	151	III		a	i		III	III					M	True	True	(-3, 1, -2)	()	-3	-3	minor	minor	i	i, minor	III		i	i	True	III	III, minor		III, minor		III	3	3	3	-3	-3	-3	True	True	True
888.0	2.0	111.0	64	4	E	0.0	2.0	2	2	2	2.0	1.0	1/8	True	0	56.0	56.0	56.0	56a	4	222	False	True				False	151	III		a	i		III	III					M	True	True	(-3, 1, -2)	()	-3	-3	minor	minor	i	i, minor	III		i	i	True	III	III, minor		III, minor		III	3	3	3	1	1	1	True	False	False
888.0	4.0	111.0	76	4	E	0.0	2.0	2	2	2	1.0	1.0	1/4	True	0	56.0	56.0	56.0	56a	5	222	False	True				False	151	III		a	i		III	III					M	True	True	(-3, 1, -2)	()	-3	-3	minor	minor	i	i, minor	III		i	i	True	III	III, minor		III, minor		III	3	3	3	1	1	1	True	False	False
890.0	2.0	111.25	64	4	E	0.0	2.25	0	2	2	2.0	1.0	1/8	True	0	56.0	56.0	56.0	56a	4	445/2	False	False				False	151	III		a	i		III	III					M	True	True	(-3, 1, -2)	()	-3	-3	minor	minor	i	i, minor	III		i	i	True	III	III, minor		III, minor		III	3	3	3	1	1	1	True	False	False
892.0	2.0	111.5	50	2	D	0.0	2.5	0	2	2	6.0	1.0	1/8	True	0	56.0	56.0	56.0	56a	3	223	False	True				False	152	iii/III		a	i		iii/III	iii				III	m	True	True	(1, -2, 2)	()	1	1	minor	minor	i	i, minor	iii/III	III	III/i	III	False	iii/III	iii/III, minor		iii/III, minor	III	III	3	3	0	-1	-1	2	False	False	False
892.0	4.0	111.5	59	5	B	0.0	2.5	0	2	2	3.0	1.0	1/4	True	0	56.0	56.0	56.0	56a	3	223	False	True				False	152	iii/III		a	i		iii/III	iii				III	m	True	True	(1, -2, 2)	()	1	1	minor	minor	i	i, minor	iii/III	III	III/i	III	False	iii/III	iii/III, minor		iii/III, minor	III	III	3	3	0	2	2	5	True	False	False
892.0	2.0	111.5	65	-1	F	0.0	2.5	0	2	2	2.0	1.0	1/8	True	0	56.0	56.0	56.0	56a	4	223	False	True				False	152	iii/III		a	i		iii/III	iii				III	m	True	True	(1, -2, 2)	()	1	1	minor	minor	i	i, minor	iii/III	III	III/i	III	False	iii/III	iii/III, minor		iii/III, minor	III	III	3	3	0	-4	-4	-1	False	False	False
892.0	4.0	111.5	76	4	E	0.0	2.5	0	2	2	1.0	1.0	1/4	True	0	56.0	56.0	56.0	56a	5	223	False	True				False	152	iii/III		a	i		iii/III	iii				III	m	True	True	(1, -2, 2)	()	1	1	minor	minor	i	i, minor	iii/III	III	III/i	III	False	iii/III	iii/III, minor		iii/III, minor	III	III	3	3	0	1	1	4	True	True	True
894.0	2.0	111.75	52	4	E	0.0	2.75	0	2	2	6.0	1.0	1/8	True	0	56.0	56.0	56.0	56a	3	447/2	False	False				False	152	iii/III		a	i		iii/III	iii				III	m	True	True	(1, -2, 2)	()	1	1	minor	minor	i	i, minor	iii/III	III	III/i	III	False	iii/III	iii/III, minor		iii/III, minor	III	III	3	3	0	1	1	4	True	True	True
894.0	2.0	111.75	67	1	G	0.0	2.75	0	2	2	2.0	1.0	1/8	True	0	56.0	56.0	56.0	56a	4	447/2	False	False				False	152	iii/III		a	i		iii/III	iii				III	m	True	True	(1, -2, 2)	()	1	1	minor	minor	i	i, minor	iii/III	III	III/i	III	False	iii/III	iii/III, minor		iii/III, minor	III	III	3	3	0	-2	-2	1	True	False	False
896.0	4.0	112.0	53	-1	F	0.0	1.0	1	2	2	6.0	1.0	1/4	True	0	57.0	57.0	57.0	57a	3	224	False	True				False	153	IV/III		a	i		IV/III	IV				III	M	True	True	(-4, 0, -3)	()	-4	-4	minor	minor	i	i, minor	IV/III	III	III/i	III	False	IV/III	IV/III, minor		IV/III, minor	III	III	3	3	0	-4	-4	-1	True	True	True
896.0	2.0	112.0	57	3	A	0.0	1.0	1	2	2	3.0	1.0	1/8	True	0	57.0	57.0	57.0	57a	3	224	False	True				False	153	IV/III		a	i		IV/III	IV				III	M	True	True	(-4, 0, -3)	()	-4	-4	minor	minor	i	i, minor	IV/III	III	III/i	III	False	IV/III	IV/III, minor		IV/III, minor	III	III	3	3	0	0	0	3	True	False	False
896.0	4.0	112.0	69	3	A	0.0	1.0	1	2	2	2.0	1.0	1/4	True	0	57.0	57.0	57.0	57a	4	224	False	True				False	153	IV/III		a	i		IV/III	IV				III	M	True	True	(-4, 0, -3)	()	-4	-4	minor	minor	i	i, minor	IV/III	III	III/i	III	False	IV/III	IV/III, minor		IV/III, minor	III	III	3	3	0	0	0	3	True	False	False
898.0	2.0	112.25	57	3	A	0.0	1.25	0	2	2	3.0	1.0	1/8	True	0	57.0	57.0	57.0	57a	3	449/2	False	False				False	153	IV/III		a	i		IV/III	IV				III	M	True	True	(-4, 0, -3)	()	-4	-4	minor	minor	i	i, minor	IV/III	III	III/i	III	False	IV/III	IV/III, minor		IV/III, minor	III	III	3	3	0	0	0	3	True	False	False
900.0	4.0	112.5	52	4	E	0.0	1.5	0	2	2	6.0	1.0	1/4	True	0	57.0	57.0	57.0	57a	3	225	False	True				False	154	vi64/III		a	i		vi64/III	vi		64		III	m	True	True	(1, 0, -3)	()	0	1	minor	minor	i	i, minor	vi/III	III	III/i	III	False	vi64/III	vi64/III, minor		vi64/III, minor	III	III	3	3	0	1	1	4	True	False	True
900.0	2.0	112.5	59	5	B	0.0	1.5	0	2	2	3.0	1.0	1/8	True	0	57.0	57.0	57.0	57a	3	225	False	True				False	154	vi64/III		a	i		vi64/III	vi		64		III	m	True	True	(1, 0, -3)	()	0	1	minor	minor	i	i, minor	vi/III	III	III/i	III	False	vi64/III	vi64/III, minor		vi64/III, minor	III	III	3	3	0	2	2	5	False	False	False
900.0	4.0	112.5	69	3	A	0.0	1.5	0	2	2	2.0	1.0	1/4	True	0	57.0	57.0	57.0	57a	4	225	False	True				False	154	vi64/III		a	i		vi64/III	vi		64		III	m	True	True	(1, 0, -3)	()	0	1	minor	minor	i	i, minor	vi/III	III	III/i	III	False	vi64/III	vi64/III, minor		vi64/III, minor	III	III	3	3	0	0	0	3	True	True	False
902.0	2.0	112.75	60	0	C	0.0	1.75	0	2	2	3.0	1.0	1/8	True	0	57.0	57.0	57.0	57a	4	451/2	False	False				False	154	vi64/III		a	i		vi64/III	vi		64		III	m	True	True	(1, 0, -3)	()	0	1	minor	minor	i	i, minor	vi/III	III	III/i	III	False	vi64/III	vi64/III, minor		vi64/III, minor	III	III	3	3	0	-3	-3	0	True	False	False
904.0	8.0	113.0	50	2	D	0.0	2.0	2	2	2	6.0	1.0	1/2	True	0	57.0	57.0	57.0	57a	3	226	False	True				False	155	ii/III		a	i		ii/III	ii				III	m	True	True	(-1, -4, 0)	()	-1	-1	minor	minor	i	i, minor	ii/III	III	III/i	III	False	ii/III	ii/III, minor		ii/III, minor	III	III	3	3	0	-1	-1	2	True	True	True
904.0	4.0	113.0	62	2	D	0.0	2.0	2	2	2	3.0	1.0	1/4	True	0	57.0	57.0	57.0	57a	4	226	False	True				False	155	ii/III		a	i		ii/III	ii				III	m	True	True	(-1, -4, 0)	()	-1	-1	minor	minor	i	i, minor	ii/III	III	III/i	III	False	ii/III	ii/III, minor		ii/III, minor	III	III	3	3	0	-1	-1	2	True	True	True
908.0	4.0	113.5	62	2	D	0.0	2.5	0	2	2	3.0	1.0	1/4	True	0	57.0	57.0	57.0	57a	4	227	False	False				False	155	ii/III		a	i		ii/III	ii				III	m	True	True	(-1, -4, 0)	()	-1	-1	minor	minor	i	i, minor	ii/III	III	III/i	III	False	ii/III	ii/III, minor		ii/III, minor	III	III	3	3	0	-1	-1	2	True	True	True
908.0	4.0	113.5	69	3	A	0.0	2.5	0	2	2	1.0	1.0	1/4	True	0	57.0	57.0	57.0	57a	4	227	False	False				False	155	ii/III		a	i		ii/III	ii				III	m	True	True	(-1, -4, 0)	()	-1	-1	minor	minor	i	i, minor	ii/III	III	III/i	III	False	ii/III	ii/III, minor		ii/III, minor	III	III	3	3	0	0	0	3	True	False	False
912.0	4.0	114.0	50	2	D	0.0	1.0	1	2	2	6.0	1.0	1/4	False	0	58.0	58.0	58.0	58a	3	228	False	False				False	155	ii/III		a	i		ii/III	ii				III	m	True	True	(-1, -4, 0)	()	-1	-1	minor	minor	i	i, minor	ii/III	III	III/i	III	False	ii/III	ii/III, minor		ii/III, minor	III	III	3	3	0	-1	-1	2	True	True	True
912.0	8.0	114.0	62	2	D	0.0	1.0	1	2	2	4.0	1.0	1/2	True	0	58.0	58.0	58.0	58a	4	228	False	False				False	155	ii/III		a	i		ii/III	ii				III	m	True	True	(-1, -4, 0)	()	-1	-1	minor	minor	i	i, minor	ii/III	III	III/i	III	False	ii/III	ii/III, minor		ii/III, minor	III	III	3	3	0	-1	-1	2	True	True	True
912.0	4.0	114.0	69	3	A	0.0	1.0	1	2	2	1.0	1.0	1/4	False	0	58.0	58.0	58.0	58a	4	228	False	False				False	155	ii/III		a	i		ii/III	ii				III	m	True	True	(-1, -4, 0)	()	-1	-1	minor	minor	i	i, minor	ii/III	III	III/i	III	False	ii/III	ii/III, minor		ii/III, minor	III	III	3	3	0	0	0	3	True	False	False
916.0	8.0	114.5	50	2	D	0.0	1.5	0	2	2	5.0	1.0	1/2	True	0	58.0	58.0	58.0	58a	3	229	False	True				False	156	V/VII		a	i		V/VII	V				VII	M	True	True	(-1, 3, 0)	()	-1	-1	minor	minor	i	i, minor	V/VII	VII	VII/i	VII	False	V/VII	V/VII, minor		V/VII, minor	VII	VII	3	3	1	-1	-1	1	True	True	True
916.0	8.0	114.5	50	2	D	0.0	1.5	0	2	2	6.0	1.0	1/2	True	0	58.0	58.0	58.0	58a	3	229	False	True				False	156	V/VII		a	i		V/VII	V				VII	M	True	True	(-1, 3, 0)	()	-1	-1	minor	minor	i	i, minor	V/VII	VII	VII/i	VII	False	V/VII	V/VII, minor		V/VII, minor	VII	VII	3	3	1	-1	-1	1	True	True	True
916.0	2.0	114.5	62	2	D	0.0	1.5	0	2	2	1.0	1.0	1/8	True	0	58.0	58.0	58.0	58a	4	229	False	True				False	156	V/VII		a	i		V/VII	V				VII	M	True	True	(-1, 3, 0)	()	-1	-1	minor	minor	i	i, minor	V/VII	VII	VII/i	VII	False	V/VII	V/VII, minor		V/VII, minor	VII	VII	3	3	1	-1	-1	1	True	True	True
916.0	8.0	114.5	66	6	F	1.0	1.5	0	2	2	2.0	1.0	1/2	True	0	58.0	58.0	58.0	58a	4	229	False	True				False	156	V/VII		a	i		V/VII	V				VII	M	True	True	(-1, 3, 0)	()	-1	-1	minor	minor	i	i, minor	V/VII	VII	VII/i	VII	False	V/VII	V/VII, minor		V/VII, minor	VII	VII	3	3	1	3	3	5	True	False	False
918.0	2.0	114.75	62	2	D	0.0	1.75	0	2	2	1.0	1.0	1/8	True	0	58.0	58.0	58.0	58a	4	459/2	False	False				False	156	V/VII		a	i		V/VII	V				VII	M	True	True	(-1, 3, 0)	()	-1	-1	minor	minor	i	i, minor	V/VII	VII	VII/i	VII	False	V/VII	V/VII, minor		V/VII, minor	VII	VII	3	3	1	-1	-1	1	True	True	True
920.0	2.0	115.0	57	3	A	0.0	2.0	2	2	2	4.0	1.0	1/8	True	0	58.0	58.0	58.0	58a	3	230	False	False				False	156	V/VII		a	i		V/VII	V				VII	M	True	True	(-1, 3, 0)	()	-1	-1	minor	minor	i	i, minor	V/VII	VII	VII/i	VII	False	V/VII	V/VII, minor		V/VII, minor	VII	VII	3	3	1	0	0	2	True	False	False
920.0	8.0	115.0	69	3	A	0.0	2.0	2	2	2	1.0	1.0	1/2	True	0	58.0	58.0	58.0	58a	4	230	False	False				False	156	V/VII		a	i		V/VII	V				VII	M	True	True	(-1, 3, 0)	()	-1	-1	minor	minor	i	i, minor	V/VII	VII	VII/i	VII	False	V/VII	V/VII, minor		V/VII, minor	VII	VII	3	3	1	0	0	2	True	False	False
922.0	2.0	115.25	57	3	A	0.0	2.25	0	2	2	4.0	1.0	1/8	True	0	58.0	58.0	58.0	58a	3	461/2	False	False				False	156	V/VII		a	i		V/VII	V				VII	M	True	True	(-1, 3, 0)	()	-1	-1	minor	minor	i	i, minor	V/VII	VII	VII/i	VII	False	V/VII	V/VII, minor		V/VII, minor	VII	VII	3	3	1	0	0	2	True	False	False
924.0	2.0	115.5	48	0	C	0.0	2.5	0	2	2	5.0	1.0	1/8	True	0	58.0	58.0	58.0	58a	3	231	False	True				False	157	ii6/VII		a	i		ii6/VII	ii		6		VII	m	True	True	(-3, 1, 0)	()	0	-3	minor	minor	i	i, minor	ii/VII	VII	VII/i	VII	False	ii6/VII	ii6/VII, minor		ii6/VII, minor	VII	VII	3	3	1	-3	-3	-1	True	False	True
924.0	2.0	115.5	48	0	C	0.0	2.5	0	2	2	6.0	1.0	1/8	True	0	58.0	58.0	58.0	58a	3	231	False	True				False	157	ii6/VII		a	i		ii6/VII	ii		6		VII	m	True	True	(-3, 1, 0)	()	0	-3	minor	minor	i	i, minor	ii/VII	VII	VII/i	VII	False	ii6/VII	ii6/VII, minor		ii6/VII, minor	VII	VII	3	3	1	-3	-3	-1	True	False	True
924.0	4.0	115.5	57	3	A	0.0	2.5	0	2	2	3.0	1.0	1/4	True	0	58.0	58.0	58.0	58a	3	231	False	True				False	157	ii6/VII		a	i		ii6/VII	ii		6		VII	m	True	True	(-3, 1, 0)	()	0	-3	minor	minor	i	i, minor	ii/VII	VII	VII/i	VII	False	ii6/VII	ii6/VII, minor		ii6/VII, minor	VII	VII	3	3	1	0	0	2	True	True	False
924.0	4.0	115.5	60	0	C	0.0	2.5	0	2	2	4.0	1.0	1/4	True	0	58.0	58.0	58.0	58a	4	231	False	True				False	157	ii6/VII		a	i		ii6/VII	ii		6		VII	m	True	True	(-3, 1, 0)	()	0	-3	minor	minor	i	i, minor	ii/VII	VII	VII/i	VII	False	ii6/VII	ii6/VII, minor		ii6/VII, minor	VII	VII	3	3	1	-3	-3	-1	True	False	True
924.0	2.0	115.5	64	4	E	0.0	2.5	0	2	2	2.0	1.0	1/8	True	0	58.0	58.0	58.0	58a	4	231	False	True				False	157	ii6/VII		a	i		ii6/VII	ii		6		VII	m	True	True	(-3, 1, 0)	()	0	-3	minor	minor	i	i, minor	ii/VII	VII	VII/i	VII	False	ii6/VII	ii6/VII, minor		ii6/VII, minor	VII	VII	3	3	1	1	1	3	True	False	False
926.0	2.0	115.75	48	0	C	0.0	2.75	0	2	2	5.0	1.0	1/8	True	0	58.0	58.0	58.0	58a	3	463/2	False	False				False	157	ii6/VII		a	i		ii6/VII	ii		6		VII	m	True	True	(-3, 1, 0)	()	0	-3	minor	minor	i	i, minor	ii/VII	VII	VII/i	VII	False	ii6/VII	ii6/VII, minor		ii6/VII, minor	VII	VII	3	3	1	-3	-3	-1	True	False	True
926.0	2.0	115.75	48	0	C	0.0	2.75	0	2	2	6.0	1.0	1/8	True	0	58.0	58.0	58.0	58a	3	463/2	False	False				False	157	ii6/VII		a	i		ii6/VII	ii		6		VII	m	True	True	(-3, 1, 0)	()	0	-3	minor	minor	i	i, minor	ii/VII	VII	VII/i	VII	False	ii6/VII	ii6/VII, minor		ii6/VII, minor	VII	VII	3	3	1	-3	-3	-1	True	False	True
926.0	2.0	115.75	64	4	E	0.0	2.75	0	2	2	2.0	1.0	1/8	True	0	58.0	58.0	58.0	58a	4	463/2	False	False				False	157	ii6/VII		a	i		ii6/VII	ii		6		VII	m	True	True	(-3, 1, 0)	()	0	-3	minor	minor	i	i, minor	ii/VII	VII	VII/i	VII	False	ii6/VII	ii6/VII, minor		ii6/VII, minor	VII	VII	3	3	1	1	1	3	True	False	False
928.0	4.0	116.0	50	2	D	0.0	1.0	1	2	2	6.0	1.0	1/4	True	0	59.0	59.0	59.0	59a	3	232	False	True				False	158	V7/VII		a	i		V7/VII	V		7		VII	Mm7	True	True	(-1, 3, 0, -3)	()	-1	-1	minor	minor	i	i, minor	V/VII	VII	VII/i	VII	False	V7/VII	V7/VII, minor		V7/VII, minor	VII	VII	3	3	1	-1	-1	1	True	True	True
928.0	16.0	116.0	50	2	D	0.0	1.0	1	2	2	5.0	1.0	1	True	0	59.0	59.0	59.0	59a	3	232	False	True				False	158	V7/VII		a	i		V7/VII	V		7		VII	Mm7	True	True	(-1, 3, 0, -3)	()	-1	-1	minor	minor	i	i, minor	V/VII	VII	VII/i	VII	False	V7/VII	V7/VII, minor		V7/VII, minor	VII	VII	3	3	1	-1	-1	1	True	True	True
928.0	4.0	116.0	57	3	A	0.0	1.0	1	2	2	3.0	1.0	1/4	False	0	59.0	59.0	59.0	59a	3	232	False	True				False	158	V7/VII		a	i		V7/VII	V		7		VII	Mm7	True	True	(-1, 3, 0, -3)	()	-1	-1	minor	minor	i	i, minor	V/VII	VII	VII/i	VII	False	V7/VII	V7/VII, minor		V7/VII, minor	VII	VII	3	3	1	0	0	2	True	False	False
928.0	4.0	116.0	60	0	C	0.0	1.0	1	2	2	4.0	1.0	1/4	False	0	59.0	59.0	59.0	59a	4	232	False	True				False	158	V7/VII		a	i		V7/VII	V		7		VII	Mm7	True	True	(-1, 3, 0, -3)	()	-1	-1	minor	minor	i	i, minor	V/VII	VII	VII/i	VII	False	V7/VII	V7/VII, minor		V7/VII, minor	VII	VII	3	3	1	-3	-3	-1	True	False	False
928.0	4.0	116.0	66	6	F	1.0	1.0	1	2	2	2.0	1.0	1/4	True	0	59.0	59.0	59.0	59a	4	232	False	True				False	158	V7/VII		a	i		V7/VII	V		7		VII	Mm7	True	True	(-1, 3, 0, -3)	()	-1	-1	minor	minor	i	i, minor	V/VII	VII	VII/i	VII	False	V7/VII	V7/VII, minor		V7/VII, minor	VII	VII	3	3	1	3	3	5	True	False	False
928.0	16.0	116.0	69	3	A	0.0	1.0	1	2	2	1.0	1.0	1	False	0	59.0	59.0	59.0	59a	4	232	False	True				False	158	V7/VII		a	i		V7/VII	V		7		VII	Mm7	True	True	(-1, 3, 0, -3)	()	-1	-1	minor	minor	i	i, minor	V/VII	VII	VII/i	VII	False	V7/VII	V7/VII, minor		V7/VII, minor	VII	VII	3	3	1	0	0	2	True	False	False
932.0	4.0	116.5	50	2	D	0.0	1.5	0	2	2	6.0	1.0	1/4	False	0	59.0	59.0	59.0	59a	3	233	False	True				False	159	V(64)/VII		a	i		V(64)/VII	V			64	VII	M	True	True	(-1, -2, 2)	()	-1	-1	minor	minor	i	i, minor	V/VII	VII	VII/i	VII	False	V/VII	V/VII, minor		V(64)/VII, minor	VII	VII	3	3	1	-1	-1	1	True	True	True
932.0	2.0	116.5	59	5	B	0.0	1.5	0	2	2	3.0	1.0	1/8	True	0	59.0	59.0	59.0	59a	3	233	False	True				False	159	V(64)/VII		a	i		V(64)/VII	V			64	VII	M	True	True	(-1, -2, 2)	()	-1	-1	minor	minor	i	i, minor	V/VII	VII	VII/i	VII	False	V/VII	V/VII, minor		V(64)/VII, minor	VII	VII	3	3	1	2	2	4	True	False	False
932.0	2.0	116.5	59	5	B	0.0	1.5	0	2	2	4.0	1.0	1/8	True	0	59.0	59.0	59.0	59a	3	233	False	True				False	159	V(64)/VII		a	i		V(64)/VII	V			64	VII	M	True	True	(-1, -2, 2)	()	-1	-1	minor	minor	i	i, minor	V/VII	VII	VII/i	VII	False	V/VII	V/VII, minor		V(64)/VII, minor	VII	VII	3	3	1	2	2	4	True	False	False
932.0	8.0	116.5	67	1	G	0.0	1.5	0	2	2	2.0	1.0	1/2	True	0	59.0	59.0	59.0	59a	4	233	False	True				False	159	V(64)/VII		a	i		V(64)/VII	V			64	VII	M	True	True	(-1, -2, 2)	()	-1	-1	minor	minor	i	i, minor	V/VII	VII	VII/i	VII	False	V/VII	V/VII, minor		V(64)/VII, minor	VII	VII	3	3	1	-2	-2	0	True	False	False
934.0	2.0	116.75	59	5	B	0.0	1.75	0	2	2	4.0	1.0	1/8	True	0	59.0	59.0	59.0	59a	3	467/2	False	False				False	159	V(64)/VII		a	i		V(64)/VII	V			64	VII	M	True	True	(-1, -2, 2)	()	-1	-1	minor	minor	i	i, minor	V/VII	VII	VII/i	VII	False	V/VII	V/VII, minor		V(64)/VII, minor	VII	VII	3	3	1	2	2	4	True	False	False
934.0	2.0	116.75	60	0	C	0.0	1.75	0	2	2	3.0	1.0	1/8	True	0	59.0	59.0	59.0	59a	4	467/2	False	False				False	159	V(64)/VII		a	i		V(64)/VII	V			64	VII	M	True	True	(-1, -2, 2)	()	-1	-1	minor	minor	i	i, minor	V/VII	VII	VII/i	VII	False	V/VII	V/VII, minor		V(64)/VII, minor	VII	VII	3	3	1	-3	-3	-1	False	False	False
936.0	4.0	117.0	50	2	D	0.0	2.0	2	2	2	6.0	1.0	1/4	False	0	59.0	59.0	59.0	59a	3	234	False	True				False	160	V(4)/VII		a	i		V(4)/VII	V			4	VII	M	True	True	(-1, -2, 0)	()	-1	-1	minor	minor	i	i, minor	V/VII	VII	VII/i	VII	False	V/VII	V/VII, minor		V(4)/VII, minor	VII	VII	3	3	1	-1	-1	1	True	True	True
936.0	8.0	117.0	57	3	A	0.0	2.0	2	2	2	4.0	1.0	1/2	True	0	59.0	59.0	59.0	59a	3	234	False	True				False	160	V(4)/VII		a	i		V(4)/VII	V			4	VII	M	True	True	(-1, -2, 0)	()	-1	-1	minor	minor	i	i, minor	V/VII	VII	VII/i	VII	False	V/VII	V/VII, minor		V(4)/VII, minor	VII	VII	3	3	1	0	0	2	True	False	False
936.0	8.0	117.0	62	2	D	0.0	2.0	2	2	2	3.0	1.0	1/2	True	0	59.0	59.0	59.0	59a	4	234	False	True				False	160	V(4)/VII		a	i		V(4)/VII	V			4	VII	M	True	True	(-1, -2, 0)	()	-1	-1	minor	minor	i	i, minor	V/VII	VII	VII/i	VII	False	V/VII	V/VII, minor		V(4)/VII, minor	VII	VII	3	3	1	-1	-1	1	True	True	True
940.0	4.0	117.5	50	2	D	0.0	2.5	0	2	2	6.0	1.0	1/4	False	0	59.0	59.0	59.0	59a	3	235	False	True				False	161	V/VII		a	i		V/VII	V				VII	M	True	True	(-1, 3, 0)	()	-1	-1	minor	minor	i	i, minor	V/VII	VII	VII/i	VII	False	V/VII	V/VII, minor		V/VII, minor	VII	VII	3	3	1	-1	-1	1	True	True	True
940.0	4.0	117.5	66	6	F	1.0	2.5	0	2	2	2.0	1.0	1/4	True	0	59.0	59.0	59.0	59a	4	235	False	True				False	161	V/VII		a	i		V/VII	V				VII	M	True	True	(-1, 3, 0)	()	-1	-1	minor	minor	i	i, minor	V/VII	VII	VII/i	VII	False	V/VII	V/VII, minor		V/VII, minor	VII	VII	3	3	1	3	3	5	True	False	False
944.0	8.0	118.0	43	1	G	0.0	1.0	1	2	2	5.0	1.0	1/2	True	0	60.0	60.0	60.0	60a	2	236	False	True			\\	True	162	VII\\		a	i		VII	VII					M	True	True	(-2, 2, -1)	()	-2	-2	minor	minor	i	i, minor	VII		i	i	True	VII	VII, minor		VII, minor		VII	3	3	3	-2	-2	-2	True	True	True
944.0	16.0	118.0	43	1	G	0.0	1.0	1	2	2	6.0	1.0	1	True	0	60.0	60.0	60.0	60a	2	236	False	True			\\	True	162	VII\\		a	i		VII	VII					M	True	True	(-2, 2, -1)	()	-2	-2	minor	minor	i	i, minor	VII		i	i	True	VII	VII, minor		VII, minor		VII	3	3	3	-2	-2	-2	True	True	True
944.0	8.0	118.0	55	1	G	0.0	1.0	1	2	2	4.0	1.0	1/2	True	0	60.0	60.0	60.0	60a	3	236	False	True			\\	True	162	VII\\		a	i		VII	VII					M	True	True	(-2, 2, -1)	()	-2	-2	minor	minor	i	i, minor	VII		i	i	True	VII	VII, minor		VII, minor		VII	3	3	3	-2	-2	-2	True	True	True
944.0	8.0	118.0	62	2	D	0.0	1.0	1	2	2	3.0	1.0	1/2	True	0	60.0	60.0	60.0	60a	4	236	False	True			\\	True	162	VII\\		a	i		VII	VII					M	True	True	(-2, 2, -1)	()	-2	-2	minor	minor	i	i, minor	VII		i	i	True	VII	VII, minor		VII, minor		VII	3	3	3	-1	-1	-1	True	False	False
944.0	8.0	118.0	67	1	G	0.0	1.0	1	2	2	2.0	1.0	1/2	True	0	60.0	60.0	60.0	60a	4	236	False	True			\\	True	162	VII\\		a	i		VII	VII					M	True	True	(-2, 2, -1)	()	-2	-2	minor	minor	i	i, minor	VII		i	i	True	VII	VII, minor		VII, minor		VII	3	3	3	-2	-2	-2	True	True	True
944.0	8.0	118.0	71	5	B	0.0	1.0	1	2	2	1.0	1.0	1/2	True	0	60.0	60.0	60.0	60a	4	236	False	True			\\	True	162	VII\\		a	i		VII	VII					M	True	True	(-2, 2, -1)	()	-2	-2	minor	minor	i	i, minor	VII		i	i	True	VII	VII, minor		VII, minor		VII	3	3	3	2	2	2	True	False	False
952.0	2.0	119.0	50	2	D	0.0	2.0	2	2	2	3.0	1.0	1/8	True	0	60.0	60.0	60.0	60a	3	238	False	False				False	162	VII\\		a	i		VII	VII					M	True	True	(-2, 2, -1)	()	-2	-2	minor	minor	i	i, minor	VII		i	i	True	VII	VII, minor		VII, minor		VII	3	3	3	-1	-1	-1	True	False	False
954.0	2.0	119.25	50	2	D	0.0	2.25	0	2	2	3.0	1.0	1/8	True	0	60.0	60.0	60.0	60a	3	477/2	False	False				False	162	VII\\		a	i		VII	VII					M	True	True	(-2, 2, -1)	()	-2	-2	minor	minor	i	i, minor	VII		i	i	True	VII	VII, minor		VII, minor		VII	3	3	3	-1	-1	-1	True	False	False
956.0	2.0	119.5	52	4	E	0.0	2.5	0	2	2	3.0	1.0	1/8	True	0	60.0	60.0	60.0	60a	3	239	False	False				False	162	VII\\		a	i		VII	VII					M	True	True	(-2, 2, -1)	()	-2	-2	minor	minor	i	i, minor	VII		i	i	True	VII	VII, minor		VII, minor		VII	3	3	3	1	1	1	False	False	False
958.0	2.0	119.75	53	-1	F	0.0	2.75	0	2	2	3.0	1.0	1/8	True	0	60.0	60.0	60.0	60a	3	479/2	False	False				False	162	VII\\		a	i		VII	VII					M	True	True	(-2, 2, -1)	()	-2	-2	minor	minor	i	i, minor	VII		i	i	True	VII	VII, minor		VII, minor		VII	3	3	3	-4	-4	-4	False	False	False
960.0	8.0	120.0	43	1	G	0.0	1.0	1	2	2	6.0	1.0	1/2	False	0	61.0	61.0	61.0	61a	2	240	False	False				False	162	VII\\		a	i		VII	VII					M	True	True	(-2, 2, -1)	()	-2	-2	minor	minor	i	i, minor	VII		i	i	True	VII	VII, minor		VII, minor		VII	3	3	3	-2	-2	-2	True	True	True
960.0	2.0	120.0	55	1	G	0.0	1.0	1	2	2	4.0	1.0	1/8	True	0	61.0	61.0	61.0	61a	3	240	False	False				False	162	VII\\		a	i		VII	VII					M	True	True	(-2, 2, -1)	()	-2	-2	minor	minor	i	i, minor	VII		i	i	True	VII	VII, minor		VII, minor		VII	3	3	3	-2	-2	-2	True	True	True
960.0	4.0	120.0	55	1	G	0.0	1.0	1	2	2	3.0	1.0	1/4	True	0	61.0	61.0	61.0	61a	3	240	False	False				False	162	VII\\		a	i		VII	VII					M	True	True	(-2, 2, -1)	()	-2	-2	minor	minor	i	i, minor	VII		i	i	True	VII	VII, minor		VII, minor		VII	3	3	3	-2	-2	-2	True	True	True
962.0	2.0	120.25	55	1	G	0.0	1.25	0	2	2	4.0	1.0	1/8	True	0	61.0	61.0	61.0	61a	3	481/2	False	False				False	162	VII\\		a	i		VII	VII					M	True	True	(-2, 2, -1)	()	-2	-2	minor	minor	i	i, minor	VII		i	i	True	VII	VII, minor		VII, minor		VII	3	3	3	-2	-2	-2	True	True	True
964.0	4.0	120.5	53	-1	F	0.0	1.5	0	2	2	3.0	1.0	1/4	True	0	61.0	61.0	61.0	61a	3	241	False	True				False	163	V7/III		a	i		V7/III	V		7		III	Mm7	True	True	(-2, 2, -1, -4)	()	-2	-2	minor	minor	i	i, minor	V/III	III	III/i	III	False	V7/III	V7/III, minor		V7/III, minor	III	III	3	3	0	-4	-4	-1	True	False	False
964.0	2.0	120.5	57	3	A	0.0	1.5	0	2	2	4.0	1.0	1/8	True	0	61.0	61.0	61.0	61a	3	241	False	True				False	163	V7/III		a	i		V7/III	V		7		III	Mm7	True	True	(-2, 2, -1, -4)	()	-2	-2	minor	minor	i	i, minor	V/III	III	III/i	III	False	V7/III	V7/III, minor		V7/III, minor	III	III	3	3	0	0	0	3	False	False	False
966.0	2.0	120.75	59	5	B	0.0	1.75	0	2	2	4.0	1.0	1/8	True	0	61.0	61.0	61.0	61a	3	483/2	False	False				False	163	V7/III		a	i		V7/III	V		7		III	Mm7	True	True	(-2, 2, -1, -4)	()	-2	-2	minor	minor	i	i, minor	V/III	III	III/i	III	False	V7/III	V7/III, minor		V7/III, minor	III	III	3	3	0	2	2	5	True	False	False
968.0	2.0	121.0	48	0	C	0.0	2.0	2	2	2	5.0	1.0	1/8	True	0	61.0	61.0	61.0	61a	3	242	False	True				False	164	III		a	i		III	III					M	True	True	(-3, 1, -2)	()	-3	-3	minor	minor	i	i, minor	III		i	i	True	III	III, minor		III, minor		III	3	3	3	-3	-3	-3	True	True	True
968.0	4.0	121.0	48	0	C	0.0	2.0	2	2	2	6.0	1.0	1/4	True	0	61.0	61.0	61.0	61a	3	242	False	True				False	164	III		a	i		III	III					M	True	True	(-3, 1, -2)	()	-3	-3	minor	minor	i	i, minor	III		i	i	True	III	III, minor		III, minor		III	3	3	3	-3	-3	-3	True	True	True
968.0	2.0	121.0	52	4	E	0.0	2.0	2	2	2	3.0	1.0	1/8	True	0	61.0	61.0	61.0	61a	3	242	False	True				False	164	III		a	i		III	III					M	True	True	(-3, 1, -2)	()	-3	-3	minor	minor	i	i, minor	III		i	i	True	III	III, minor		III, minor		III	3	3	3	1	1	1	True	False	False
968.0	4.0	121.0	60	0	C	0.0	2.0	2	2	2	4.0	1.0	1/4	True	0	61.0	61.0	61.0	61a	4	242	False	True				False	164	III		a	i		III	III					M	True	True	(-3, 1, -2)	()	-3	-3	minor	minor	i	i, minor	III		i	i	True	III	III, minor		III, minor		III	3	3	3	-3	-3	-3	True	True	True
970.0	2.0	121.25	48	0	C	0.0	2.25	0	2	2	5.0	1.0	1/8	True	0	61.0	61.0	61.0	61a	3	485/2	False	False				False	164	III		a	i		III	III					M	True	True	(-3, 1, -2)	()	-3	-3	minor	minor	i	i, minor	III		i	i	True	III	III, minor		III, minor		III	3	3	3	-3	-3	-3	True	True	True
970.0	2.0	121.25	52	4	E	0.0	2.25	0	2	2	3.0	1.0	1/8	True	0	61.0	61.0	61.0	61a	3	485/2	False	False				False	164	III		a	i		III	III					M	True	True	(-3, 1, -2)	()	-3	-3	minor	minor	i	i, minor	III		i	i	True	III	III, minor		III, minor		III	3	3	3	1	1	1	True	False	False
972.0	2.0	121.5	50	2	D	0.0	2.5	0	2	2	5.0	1.0	1/8	True	0	61.0	61.0	61.0	61a	3	243	False	True				False	165	iii/III		a	i		iii/III	iii				III	m	True	True	(1, -2, 2)	()	1	1	minor	minor	i	i, minor	iii/III	III	III/i	III	False	iii/III	iii/III, minor		iii/III, minor	III	III	3	3	0	-1	-1	2	False	False	False
972.0	2.0	121.5	50	2	D	0.0	2.5	0	2	2	6.0	1.0	1/8	True	0	61.0	61.0	61.0	61a	3	243	False	True				False	165	iii/III		a	i		iii/III	iii				III	m	True	True	(1, -2, 2)	()	1	1	minor	minor	i	i, minor	iii/III	III	III/i	III	False	iii/III	iii/III, minor		iii/III, minor	III	III	3	3	0	-1	-1	2	False	False	False
972.0	2.0	121.5	53	-1	F	0.0	2.5	0	2	2	3.0	1.0	1/8	True	0	61.0	61.0	61.0	61a	3	243	False	True				False	165	iii/III		a	i		iii/III	iii				III	m	True	True	(1, -2, 2)	()	1	1	minor	minor	i	i, minor	iii/III	III	III/i	III	False	iii/III	iii/III, minor		iii/III, minor	III	III	3	3	0	-4	-4	-1	False	False	False
972.0	4.0	121.5	59	5	B	0.0	2.5	0	2	2	4.0	1.0	1/4	True	0	61.0	61.0	61.0	61a	3	243	False	True				False	165	iii/III		a	i		iii/III	iii				III	m	True	True	(1, -2, 2)	()	1	1	minor	minor	i	i, minor	iii/III	III	III/i	III	False	iii/III	iii/III, minor		iii/III, minor	III	III	3	3	0	2	2	5	True	False	False
974.0	2.0	121.75	52	4	E	0.0	2.75	0	2	2	5.0	1.0	1/8	True	0	61.0	61.0	61.0	61a	3	487/2	False	False				False	165	iii/III		a	i		iii/III	iii				III	m	True	True	(1, -2, 2)	()	1	1	minor	minor	i	i, minor	iii/III	III	III/i	III	False	iii/III	iii/III, minor		iii/III, minor	III	III	3	3	0	1	1	4	True	True	True
974.0	2.0	121.75	52	4	E	0.0	2.75	0	2	2	6.0	1.0	1/8	True	0	61.0	61.0	61.0	61a	3	487/2	False	False				False	165	iii/III		a	i		iii/III	iii				III	m	True	True	(1, -2, 2)	()	1	1	minor	minor	i	i, minor	iii/III	III	III/i	III	False	iii/III	iii/III, minor		iii/III, minor	III	III	3	3	0	1	1	4	True	True	True
974.0	2.0	121.75	55	1	G	0.0	2.75	0	2	2	3.0	1.0	1/8	True	0	61.0	61.0	61.0	61a	3	487/2	False	False				False	165	iii/III		a	i		iii/III	iii				III	m	True	True	(1, -2, 2)	()	1	1	minor	minor	i	i, minor	iii/III	III	III/i	III	False	iii/III	iii/III, minor		iii/III, minor	III	III	3	3	0	-2	-2	1	True	False	False
976.0	4.0	122.0	53	-1	F	0.0	1.0	1	2	2	5.0	1.0	1/4	True	0	62.0	62.0	62.0	62a	3	244	False	True				False	166	IV/III		a	i		IV/III	IV				III	M	True	True	(-4, 0, -3)	()	-4	-4	minor	minor	i	i, minor	IV/III	III	III/i	III	False	IV/III	IV/III, minor		IV/III, minor	III	III	3	3	0	-4	-4	-1	True	True	True
976.0	4.0	122.0	53	-1	F	0.0	1.0	1	2	2	6.0	1.0	1/4	True	0	62.0	62.0	62.0	62a	3	244	False	True				False	166	IV/III		a	i		IV/III	IV				III	M	True	True	(-4, 0, -3)	()	-4	-4	minor	minor	i	i, minor	IV/III	III	III/i	III	False	IV/III	IV/III, minor		IV/III, minor	III	III	3	3	0	-4	-4	-1	True	True	True
976.0	2.0	122.0	57	3	A	0.0	1.0	1	2	2	4.0	1.0	1/8	True	0	62.0	62.0	62.0	62a	3	244	False	True				False	166	IV/III		a	i		IV/III	IV				III	M	True	True	(-4, 0, -3)	()	-4	-4	minor	minor	i	i, minor	IV/III	III	III/i	III	False	IV/III	IV/III, minor		IV/III, minor	III	III	3	3	0	0	0	3	True	False	False
976.0	4.0	122.0	57	3	A	0.0	1.0	1	2	2	3.0	1.0	1/4	True	0	62.0	62.0	62.0	62a	3	244	False	True				False	166	IV/III		a	i		IV/III	IV				III	M	True	True	(-4, 0, -3)	()	-4	-4	minor	minor	i	i, minor	IV/III	III	III/i	III	False	IV/III	IV/III, minor		IV/III, minor	III	III	3	3	0	0	0	3	True	False	False
976.0	2.0	122.0	60	0	C	0.0	1.0	1	2	2	2.0	1.0	1/8	True	0	62.0	62.0	62.0	62a	4	244	False	True				False	166	IV/III		a	i		IV/III	IV				III	M	True	True	(-4, 0, -3)	()	-4	-4	minor	minor	i	i, minor	IV/III	III	III/i	III	False	IV/III	IV/III, minor		IV/III, minor	III	III	3	3	0	-3	-3	0	True	False	False
978.0	2.0	122.25	57	3	A	0.0	1.25	0	2	2	4.0	1.0	1/8	True	0	62.0	62.0	62.0	62a	3	489/2	False	False				False	166	IV/III		a	i		IV/III	IV				III	M	True	True	(-4, 0, -3)	()	-4	-4	minor	minor	i	i, minor	IV/III	III	III/i	III	False	IV/III	IV/III, minor		IV/III, minor	III	III	3	3	0	0	0	3	True	False	False
978.0	2.0	122.25	60	0	C	0.0	1.25	0	2	2	2.0	1.0	1/8	True	0	62.0	62.0	62.0	62a	4	489/2	False	False				False	166	IV/III		a	i		IV/III	IV				III	M	True	True	(-4, 0, -3)	()	-4	-4	minor	minor	i	i, minor	IV/III	III	III/i	III	False	IV/III	IV/III, minor		IV/III, minor	III	III	3	3	0	-3	-3	0	True	False	False
980.0	4.0	122.5	52	4	E	0.0	1.5	0	2	2	5.0	1.0	1/4	True	0	62.0	62.0	62.0	62a	3	245	False	True				False	167	vi64/III		a	i		vi64/III	vi		64		III	m	True	True	(1, 0, -3)	()	0	1	minor	minor	i	i, minor	vi/III	III	III/i	III	False	vi64/III	vi64/III, minor		vi64/III, minor	III	III	3	3	0	1	1	4	True	False	True
980.0	4.0	122.5	52	4	E	0.0	1.5	0	2	2	6.0	1.0	1/4	True	0	62.0	62.0	62.0	62a	3	245	False	True				False	167	vi64/III		a	i		vi64/III	vi		64		III	m	True	True	(1, 0, -3)	()	0	1	minor	minor	i	i, minor	vi/III	III	III/i	III	False	vi64/III	vi64/III, minor		vi64/III, minor	III	III	3	3	0	1	1	4	True	False	True
980.0	4.0	122.5	57	3	A	0.0	1.5	0	2	2	3.0	1.0	1/4	True	0	62.0	62.0	62.0	62a	3	245	False	True				False	167	vi64/III		a	i		vi64/III	vi		64		III	m	True	True	(1, 0, -3)	()	0	1	minor	minor	i	i, minor	vi/III	III	III/i	III	False	vi64/III	vi64/III, minor		vi64/III, minor	III	III	3	3	0	0	0	3	True	True	False
980.0	2.0	122.5	59	5	B	0.0	1.5	0	2	2	4.0	1.0	1/8	True	0	62.0	62.0	62.0	62a	3	245	False	True				False	167	vi64/III		a	i		vi64/III	vi		64		III	m	True	True	(1, 0, -3)	()	0	1	minor	minor	i	i, minor	vi/III	III	III/i	III	False	vi64/III	vi64/III, minor		vi64/III, minor	III	III	3	3	0	2	2	5	False	False	False
980.0	2.0	122.5	62	2	D	0.0	1.5	0	2	2	2.0	1.0	1/8	True	0	62.0	62.0	62.0	62a	4	245	False	True				False	167	vi64/III		a	i		vi64/III	vi		64		III	m	True	True	(1, 0, -3)	()	0	1	minor	minor	i	i, minor	vi/III	III	III/i	III	False	vi64/III	vi64/III, minor		vi64/III, minor	III	III	3	3	0	-1	-1	2	False	False	False
982.0	2.0	122.75	60	0	C	0.0	1.75	0	2	2	4.0	1.0	1/8	True	0	62.0	62.0	62.0	62a	4	491/2	False	False				False	167	vi64/III		a	i		vi64/III	vi		64		III	m	True	True	(1, 0, -3)	()	0	1	minor	minor	i	i, minor	vi/III	III	III/i	III	False	vi64/III	vi64/III, minor		vi64/III, minor	III	III	3	3	0	-3	-3	0	True	False	False
982.0	2.0	122.75	64	4	E	0.0	1.75	0	2	2	2.0	1.0	1/8	True	0	62.0	62.0	62.0	62a	4	491/2	False	False				False	167	vi64/III		a	i		vi64/III	vi		64		III	m	True	True	(1, 0, -3)	()	0	1	minor	minor	i	i, minor	vi/III	III	III/i	III	False	vi64/III	vi64/III, minor		vi64/III, minor	III	III	3	3	0	1	1	4	True	False	True
984.0	2.0	123.0	50	2	D	0.0	2.0	2	2	2	5.0	1.0	1/8	True	0	62.0	62.0	62.0	62a	3	246	False	True				False	168	ii/III		a	i		ii/III	ii				III	m	True	True	(-1, -4, 0)	()	-1	-1	minor	minor	i	i, minor	ii/III	III	III/i	III	False	ii/III	ii/III, minor		ii/III, minor	III	III	3	3	0	-1	-1	2	True	True	True
984.0	4.0	123.0	50	2	D	0.0	2.0	2	2	2	6.0	1.0	1/4	True	0	62.0	62.0	62.0	62a	3	246	False	True				False	168	ii/III		a	i		ii/III	ii				III	m	True	True	(-1, -4, 0)	()	-1	-1	minor	minor	i	i, minor	ii/III	III	III/i	III	False	ii/III	ii/III, minor		ii/III, minor	III	III	3	3	0	-1	-1	2	True	True	True
984.0	4.0	123.0	62	2	D	0.0	2.0	2	2	2	4.0	1.0	1/4	True	0	62.0	62.0	62.0	62a	4	246	False	True				False	168	ii/III		a	i		ii/III	ii				III	m	True	True	(-1, -4, 0)	()	-1	-1	minor	minor	i	i, minor	ii/III	III	III/i	III	False	ii/III	ii/III, minor		ii/III, minor	III	III	3	3	0	-1	-1	2	True	True	True
984.0	4.0	123.0	65	-1	F	0.0	2.0	2	2	2	2.0	1.0	1/4	True	0	62.0	62.0	62.0	62a	4	246	False	True				False	168	ii/III		a	i		ii/III	ii				III	m	True	True	(-1, -4, 0)	()	-1	-1	minor	minor	i	i, minor	ii/III	III	III/i	III	False	ii/III	ii/III, minor		ii/III, minor	III	III	3	3	0	-4	-4	-1	True	False	False
986.0	2.0	123.25	50	2	D	0.0	2.25	0	2	2	5.0	1.0	1/8	True	0	62.0	62.0	62.0	62a	3	493/2	False	False				False	168	ii/III		a	i		ii/III	ii				III	m	True	True	(-1, -4, 0)	()	-1	-1	minor	minor	i	i, minor	ii/III	III	III/i	III	False	ii/III	ii/III, minor		ii/III, minor	III	III	3	3	0	-1	-1	2	True	True	True
988.0	2.0	123.5	52	4	E	0.0	2.5	0	2	2	5.0	1.0	1/8	True	0	62.0	62.0	62.0	62a	3	247	False	True				False	169	III6		a	i		III6	III		6			M	True	True	(1, -2, -3)	()	-3	1	minor	minor	i	i, minor	III		i	i	True	III6	III6, minor		III6, minor		III	3	3	3	1	1	1	True	False	True
988.0	2.0	123.5	52	4	E	0.0	2.5	0	2	2	6.0	1.0	1/8	True	0	62.0	62.0	62.0	62a	3	247	False	True				False	169	III6		a	i		III6	III		6			M	True	True	(1, -2, -3)	()	-3	1	minor	minor	i	i, minor	III		i	i	True	III6	III6, minor		III6, minor		III	3	3	3	1	1	1	True	False	True
988.0	4.0	123.5	60	0	C	0.0	2.5	0	2	2	4.0	1.0	1/4	True	0	62.0	62.0	62.0	62a	4	247	False	True				False	169	III6		a	i		III6	III		6			M	True	True	(1, -2, -3)	()	-3	1	minor	minor	i	i, minor	III		i	i	True	III6	III6, minor		III6, minor		III	3	3	3	-3	-3	-3	True	True	False
988.0	4.0	123.5	64	4	E	0.0	2.5	0	2	2	2.0	1.0	1/4	True	0	62.0	62.0	62.0	62a	4	247	False	True				False	169	III6		a	i		III6	III		6			M	True	True	(1, -2, -3)	()	-3	1	minor	minor	i	i, minor	III		i	i	True	III6	III6, minor		III6, minor		III	3	3	3	1	1	1	True	False	True
990.0	2.0	123.75	53	-1	F	0.0	2.75	0	2	2	5.0	1.0	1/8	True	0	62.0	62.0	62.0	62a	3	495/2	False	False				False	169	III6		a	i		III6	III		6			M	True	True	(1, -2, -3)	()	-3	1	minor	minor	i	i, minor	III		i	i	True	III6	III6, minor		III6, minor		III	3	3	3	-4	-4	-4	False	False	False
990.0	2.0	123.75	53	-1	F	0.0	2.75	0	2	2	6.0	1.0	1/8	True	0	62.0	62.0	62.0	62a	3	495/2	False	False				False	169	III6		a	i		III6	III		6			M	True	True	(1, -2, -3)	()	-3	1	minor	minor	i	i, minor	III		i	i	True	III6	III6, minor		III6, minor		III	3	3	3	-4	-4	-4	False	False	False
992.0	4.0	124.0	55	1	G	0.0	1.0	1	2	2	5.0	1.0	1/4	True	0	63.0	63.0	63.0	63a	3	248	False	True				False	170	V/III		a	i		V/III	V				III	M	True	True	(-2, 2, -1)	()	-2	-2	minor	minor	i	i, minor	V/III	III	III/i	III	False	V/III	V/III, minor		V/III, minor	III	III	3	3	0	-2	-2	1	True	True	True
992.0	4.0	124.0	55	1	G	0.0	1.0	1	2	2	6.0	1.0	1/4	True	0	63.0	63.0	63.0	63a	3	248	False	True				False	170	V/III		a	i		V/III	V				III	M	True	True	(-2, 2, -1)	()	-2	-2	minor	minor	i	i, minor	V/III	III	III/i	III	False	V/III	V/III, minor		V/III, minor	III	III	3	3	0	-2	-2	1	True	True	True
992.0	2.0	124.0	59	5	B	0.0	1.0	1	2	2	4.0	1.0	1/8	True	0	63.0	63.0	63.0	63a	3	248	False	True				False	170	V/III		a	i		V/III	V				III	M	True	True	(-2, 2, -1)	()	-2	-2	minor	minor	i	i, minor	V/III	III	III/i	III	False	V/III	V/III, minor		V/III, minor	III	III	3	3	0	2	2	5	True	False	False
992.0	2.0	124.0	62	2	D	0.0	1.0	1	2	2	2.0	1.0	1/8	True	0	63.0	63.0	63.0	63a	4	248	False	True				False	170	V/III		a	i		V/III	V				III	M	True	True	(-2, 2, -1)	()	-2	-2	minor	minor	i	i, minor	V/III	III	III/i	III	False	V/III	V/III, minor		V/III, minor	III	III	3	3	0	-1	-1	2	True	False	False
994.0	2.0	124.25	59	5	B	0.0	1.25	0	2	2	4.0	1.0	1/8	True	0	63.0	63.0	63.0	63a	3	497/2	False	False				False	170	V/III		a	i		V/III	V				III	M	True	True	(-2, 2, -1)	()	-2	-2	minor	minor	i	i, minor	V/III	III	III/i	III	False	V/III	V/III, minor		V/III, minor	III	III	3	3	0	2	2	5	True	False	False
994.0	2.0	124.25	62	2	D	0.0	1.25	0	2	2	2.0	1.0	1/8	True	0	63.0	63.0	63.0	63a	4	497/2	False	False				False	170	V/III		a	i		V/III	V				III	M	True	True	(-2, 2, -1)	()	-2	-2	minor	minor	i	i, minor	V/III	III	III/i	III	False	V/III	V/III, minor		V/III, minor	III	III	3	3	0	-1	-1	2	True	False	False
996.0	4.0	124.5	53	-1	F	0.0	1.5	0	2	2	6.0	1.0	1/4	True	0	63.0	63.0	63.0	63a	3	249	False	True				False	171	ii6/III		a	i		ii6/III	ii		6		III	m	True	True	(-4, 0, -1)	()	-1	-4	minor	minor	i	i, minor	ii/III	III	III/i	III	False	ii6/III	ii6/III, minor		ii6/III, minor	III	III	3	3	0	-4	-4	-1	True	False	True
996.0	4.0	124.5	55	1	G	0.0	1.5	0	2	2	5.0	1.0	1/4	True	0	63.0	63.0	63.0	63a	3	249	False	True				False	171	ii6/III		a	i		ii6/III	ii		6		III	m	True	True	(-4, 0, -1)	()	-1	-4	minor	minor	i	i, minor	ii/III	III	III/i	III	False	ii6/III	ii6/III, minor		ii6/III, minor	III	III	3	3	0	-2	-2	1	False	False	False
996.0	2.0	124.5	60	0	C	0.0	1.5	0	2	2	4.0	1.0	1/8	True	0	63.0	63.0	63.0	63a	4	249	False	True				False	171	ii6/III		a	i		ii6/III	ii		6		III	m	True	True	(-4, 0, -1)	()	-1	-4	minor	minor	i	i, minor	ii/III	III	III/i	III	False	ii6/III	ii6/III, minor		ii6/III, minor	III	III	3	3	0	-3	-3	0	False	False	False
996.0	2.0	124.5	64	4	E	0.0	1.5	0	2	2	2.0	1.0	1/8	True	0	63.0	63.0	63.0	63a	4	249	False	True				False	171	ii6/III		a	i		ii6/III	ii		6		III	m	True	True	(-4, 0, -1)	()	-1	-4	minor	minor	i	i, minor	ii/III	III	III/i	III	False	ii6/III	ii6/III, minor		ii6/III, minor	III	III	3	3	0	1	1	4	False	False	False
998.0	2.0	124.75	62	2	D	0.0	1.75	0	2	2	4.0	1.0	1/8	True	0	63.0	63.0	63.0	63a	4	499/2	False	False				False	171	ii6/III		a	i		ii6/III	ii		6		III	m	True	True	(-4, 0, -1)	()	-1	-4	minor	minor	i	i, minor	ii/III	III	III/i	III	False	ii6/III	ii6/III, minor		ii6/III, minor	III	III	3	3	0	-1	-1	2	True	True	False
998.0	2.0	124.75	65	-1	F	0.0	1.75	0	2	2	2.0	1.0	1/8	True	0	63.0	63.0	63.0	63a	4	499/2	False	False				False	171	ii6/III		a	i		ii6/III	ii		6		III	m	True	True	(-4, 0, -1)	()	-1	-4	minor	minor	i	i, minor	ii/III	III	III/i	III	False	ii6/III	ii6/III, minor		ii6/III, minor	III	III	3	3	0	-4	-4	-1	True	False	True
1000.0	8.0	125.0	52	4	E	0.0	2.0	2	2	2	6.0	1.0	1/2	True	0	63.0	63.0	63.0	63a	3	250	False	True				False	172	v		a	i		v	v					m	True	True	(1, -2, 2)	()	1	1	minor	minor	i	i, minor	v		i	i	True	v	v, minor		v, minor		v	3	3	3	1	1	1	True	True	True
1000.0	4.0	125.0	64	4	E	0.0	2.0	2	2	2	4.0	1.0	1/4	True	0	63.0	63.0	63.0	63a	4	250	False	True				False	172	v		a	i		v	v					m	True	True	(1, -2, 2)	()	1	1	minor	minor	i	i, minor	v		i	i	True	v	v, minor		v, minor		v	3	3	3	1	1	1	True	True	True
1000.0	4.0	125.0	67	1	G	0.0	2.0	2	2	2	2.0	1.0	1/4	True	0	63.0	63.0	63.0	63a	4	250	False	True				False	172	v		a	i		v	v					m	True	True	(1, -2, 2)	()	1	1	minor	minor	i	i, minor	v		i	i	True	v	v, minor		v, minor		v	3	3	3	-2	-2	-2	True	False	False
1004.0	4.0	125.5	64	4	E	0.0	2.5	0	2	2	4.0	1.0	1/4	True	0	63.0	63.0	63.0	63a	4	251	False	False				False	172	v		a	i		v	v					m	True	True	(1, -2, 2)	()	1	1	minor	minor	i	i, minor	v		i	i	True	v	v, minor		v, minor		v	3	3	3	1	1	1	True	True	True
1004.0	4.0	125.5	67	1	G	0.0	2.5	0	2	2	2.0	1.0	1/4	True	0	63.0	63.0	63.0	63a	4	251	False	False				False	172	v		a	i		v	v					m	True	True	(1, -2, 2)	()	1	1	minor	minor	i	i, minor	v		i	i	True	v	v, minor		v, minor		v	3	3	3	-2	-2	-2	True	False	False
1004.0	4.0	125.5	71	5	B	0.0	2.5	0	2	2	1.0	1.0	1/4	True	0	63.0	63.0	63.0	63a	4	251	False	False				False	172	v		a	i		v	v					m	True	True	(1, -2, 2)	()	1	1	minor	minor	i	i, minor	v		i	i	True	v	v, minor		v, minor		v	3	3	3	2	2	2	True	False	False
1008.0	4.0	126.0	52	4	E	0.0	1.0	1	2	2	6.0	1.0	1/4	False	0	64.0	64.0	64.0	64a	3	252	False	False				False	172	v		a	i		v	v					m	True	True	(1, -2, 2)	()	1	1	minor	minor	i	i, minor	v		i	i	True	v	v, minor		v, minor		v	3	3	3	1	1	1	True	True	True
1008.0	8.0	126.0	64	4	E	0.0	1.0	1	2	2	3.0	1.0	1/2	True	0	64.0	64.0	64.0	64a	4	252	False	False				False	172	v		a	i		v	v					m	True	True	(1, -2, 2)	()	1	1	minor	minor	i	i, minor	v		i	i	True	v	v, minor		v, minor		v	3	3	3	1	1	1	True	True	True
1008.0	4.0	126.0	71	5	B	0.0	1.0	1	2	2	1.0	1.0	1/4	False	0	64.0	64.0	64.0	64a	4	252	False	False				False	172	v		a	i		v	v					m	True	True	(1, -2, 2)	()	1	1	minor	minor	i	i, minor	v		i	i	True	v	v, minor		v, minor		v	3	3	3	2	2	2	True	False	False
1012.0	8.0	126.5	52	4	E	0.0	1.5	0	2	2	5.0	1.0	1/2	True	0	64.0	64.0	64.0	64a	3	253	False	True				False	173	V		a	i		V	V					M	True	True	(1, 5, 2)	()	1	1	minor	minor	i	i, minor	V		i	i	True	V	V, minor		V, minor		V	3	3	3	1	1	1	True	True	True
1012.0	8.0	126.5	52	4	E	0.0	1.5	0	2	2	6.0	1.0	1/2	True	0	64.0	64.0	64.0	64a	3	253	False	True				False	173	V		a	i		V	V					M	True	True	(1, 5, 2)	()	1	1	minor	minor	i	i, minor	V		i	i	True	V	V, minor		V, minor		V	3	3	3	1	1	1	True	True	True
1012.0	2.0	126.5	64	4	E	0.0	1.5	0	2	2	1.0	1.0	1/8	True	0	64.0	64.0	64.0	64a	4	253	False	True				False	173	V		a	i		V	V					M	True	True	(1, 5, 2)	()	1	1	minor	minor	i	i, minor	V		i	i	True	V	V, minor		V, minor		V	3	3	3	1	1	1	True	True	True
1012.0	8.0	126.5	68	8	G	1.0	1.5	0	2	2	2.0	1.0	1/2	True	0	64.0	64.0	64.0	64a	4	253	False	True				False	173	V		a	i		V	V					M	True	True	(1, 5, 2)	()	1	1	minor	minor	i	i, minor	V		i	i	True	V	V, minor		V, minor		V	3	3	3	5	5	5	True	False	False
1014.0	2.0	126.75	64	4	E	0.0	1.75	0	2	2	1.0	1.0	1/8	True	0	64.0	64.0	64.0	64a	4	507/2	False	False				False	173	V		a	i		V	V					M	True	True	(1, 5, 2)	()	1	1	minor	minor	i	i, minor	V		i	i	True	V	V, minor		V, minor		V	3	3	3	1	1	1	True	True	True
1016.0	2.0	127.0	59	5	B	0.0	2.0	2	2	2	3.0	1.0	1/8	True	0	64.0	64.0	64.0	64a	3	254	False	False				False	173	V		a	i		V	V					M	True	True	(1, 5, 2)	()	1	1	minor	minor	i	i, minor	V		i	i	True	V	V, minor		V, minor		V	3	3	3	2	2	2	True	False	False
1016.0	8.0	127.0	71	5	B	0.0	2.0	2	2	2	1.0	1.0	1/2	True	0	64.0	64.0	64.0	64a	4	254	False	False				False	173	V		a	i		V	V					M	True	True	(1, 5, 2)	()	1	1	minor	minor	i	i, minor	V		i	i	True	V	V, minor		V, minor		V	3	3	3	2	2	2	True	False	False
1018.0	2.0	127.25	59	5	B	0.0	2.25	0	2	2	3.0	1.0	1/8	True	0	64.0	64.0	64.0	64a	3	509/2	False	False				False	173	V		a	i		V	V					M	True	True	(1, 5, 2)	()	1	1	minor	minor	i	i, minor	V		i	i	True	V	V, minor		V, minor		V	3	3	3	2	2	2	True	False	False
1020.0	2.0	127.5	50	2	D	0.0	2.5	0	2	2	5.0	1.0	1/8	True	0	64.0	64.0	64.0	64a	3	255	False	True				False	174	ii6		a	i		ii6	ii		6			m	True	True	(-1, 3, 2)	()	2	-1	minor	minor	i	i, minor	ii		i	i	True	ii6	ii6, minor		ii6, minor		ii	3	3	3	-1	-1	-1	True	False	True
1020.0	2.0	127.5	50	2	D	0.0	2.5	0	2	2	6.0	1.0	1/8	True	0	64.0	64.0	64.0	64a	3	255	False	True				False	174	ii6		a	i		ii6	ii		6			m	True	True	(-1, 3, 2)	()	2	-1	minor	minor	i	i, minor	ii		i	i	True	ii6	ii6, minor		ii6, minor		ii	3	3	3	-1	-1	-1	True	False	True
1020.0	4.0	127.5	59	5	B	0.0	2.5	0	2	2	4.0	1.0	1/4	True	0	64.0	64.0	64.0	64a	3	255	False	True				False	174	ii6		a	i		ii6	ii		6			m	True	True	(-1, 3, 2)	()	2	-1	minor	minor	i	i, minor	ii		i	i	True	ii6	ii6, minor		ii6, minor		ii	3	3	3	2	2	2	True	True	False
1020.0	4.0	127.5	62	2	D	0.0	2.5	0	2	2	3.0	1.0	1/4	True	0	64.0	64.0	64.0	64a	4	255	False	True				False	174	ii6		a	i		ii6	ii		6			m	True	True	(-1, 3, 2)	()	2	-1	minor	minor	i	i, minor	ii		i	i	True	ii6	ii6, minor		ii6, minor		ii	3	3	3	-1	-1	-1	True	False	True
1020.0	2.0	127.5	66	6	F	1.0	2.5	0	2	2	2.0	1.0	1/8	True	0	64.0	64.0	64.0	64a	4	255	False	True				False	174	ii6		a	i		ii6	ii		6			m	True	True	(-1, 3, 2)	()	2	-1	minor	minor	i	i, minor	ii		i	i	True	ii6	ii6, minor		ii6, minor		ii	3	3	3	3	3	3	True	False	False
1022.0	2.0	127.75	50	2	D	0.0	2.75	0	2	2	5.0	1.0	1/8	True	0	64.0	64.0	64.0	64a	3	511/2	False	False				False	174	ii6		a	i		ii6	ii		6			m	True	True	(-1, 3, 2)	()	2	-1	minor	minor	i	i, minor	ii		i	i	True	ii6	ii6, minor		ii6, minor		ii	3	3	3	-1	-1	-1	True	False	True
1022.0	2.0	127.75	50	2	D	0.0	2.75	0	2	2	6.0	1.0	1/8	True	0	64.0	64.0	64.0	64a	3	511/2	False	False				False	174	ii6		a	i		ii6	ii		6			m	True	True	(-1, 3, 2)	()	2	-1	minor	minor	i	i, minor	ii		i	i	True	ii6	ii6, minor		ii6, minor		ii	3	3	3	-1	-1	-1	True	False	True
1022.0	2.0	127.75	66	6	F	1.0	2.75	0	2	2	2.0	1.0	1/8	True	0	64.0	64.0	64.0	64a	4	511/2	False	False				False	174	ii6		a	i		ii6	ii		6			m	True	True	(-1, 3, 2)	()	2	-1	minor	minor	i	i, minor	ii		i	i	True	ii6	ii6, minor		ii6, minor		ii	3	3	3	3	3	3	True	False	False
1024.0	4.0	128.0	52	4	E	0.0	1.0	1	2	2	6.0	1.0	1/4	True	0	65.0	65.0	65.0	65a	3	256	False	True				False	175	V7		a	i		V7	V		7			Mm7	True	True	(1, 5, 2, -1)	()	1	1	minor	minor	i	i, minor	V		i	i	True	V7	V7, minor		V7, minor		V	3	3	3	1	1	1	True	True	True
1024.0	16.0	128.0	52	4	E	0.0	1.0	1	2	2	5.0	1.0	1	True	0	65.0	65.0	65.0	65a	3	256	False	True				False	175	V7		a	i		V7	V		7			Mm7	True	True	(1, 5, 2, -1)	()	1	1	minor	minor	i	i, minor	V		i	i	True	V7	V7, minor		V7, minor		V	3	3	3	1	1	1	True	True	True
1024.0	4.0	128.0	59	5	B	0.0	1.0	1	2	2	4.0	1.0	1/4	False	0	65.0	65.0	65.0	65a	3	256	False	True				False	175	V7		a	i		V7	V		7			Mm7	True	True	(1, 5, 2, -1)	()	1	1	minor	minor	i	i, minor	V		i	i	True	V7	V7, minor		V7, minor		V	3	3	3	2	2	2	True	False	False
1024.0	4.0	128.0	62	2	D	0.0	1.0	1	2	2	3.0	1.0	1/4	False	0	65.0	65.0	65.0	65a	4	256	False	True				False	175	V7		a	i		V7	V		7			Mm7	True	True	(1, 5, 2, -1)	()	1	1	minor	minor	i	i, minor	V		i	i	True	V7	V7, minor		V7, minor		V	3	3	3	-1	-1	-1	True	False	False
1024.0	4.0	128.0	68	8	G	1.0	1.0	1	2	2	2.0	1.0	1/4	True	0	65.0	65.0	65.0	65a	4	256	False	True				False	175	V7		a	i		V7	V		7			Mm7	True	True	(1, 5, 2, -1)	()	1	1	minor	minor	i	i, minor	V		i	i	True	V7	V7, minor		V7, minor		V	3	3	3	5	5	5	True	False	False
1024.0	16.0	128.0	71	5	B	0.0	1.0	1	2	2	1.0	1.0	1	False	0	65.0	65.0	65.0	65a	4	256	False	True				False	175	V7		a	i		V7	V		7			Mm7	True	True	(1, 5, 2, -1)	()	1	1	minor	minor	i	i, minor	V		i	i	True	V7	V7, minor		V7, minor		V	3	3	3	2	2	2	True	False	False
1028.0	8.0	128.5	52	4	E	0.0	1.5	0	2	2	6.0	1.0	1/2	False	0	65.0	65.0	65.0	65a	3	257	False	True				False	176	V(64)		a	i		V(64)	V			64		M	True	True	(1, 0, -3)	()	1	1	minor	minor	i	i, minor	V		i	i	True	V	V, minor		V(64), minor		V	3	3	3	1	1	1	True	True	True
1028.0	2.0	128.5	60	0	C	0.0	1.5	0	2	2	3.0	1.0	1/8	True	0	65.0	65.0	65.0	65a	4	257	False	True				False	176	V(64)		a	i		V(64)	V			64		M	True	True	(1, 0, -3)	()	1	1	minor	minor	i	i, minor	V		i	i	True	V	V, minor		V(64), minor		V	3	3	3	-3	-3	-3	True	False	False
1028.0	2.0	128.5	60	0	C	0.0	1.5	0	2	2	4.0	1.0	1/8	True	0	65.0	65.0	65.0	65a	4	257	False	True				False	176	V(64)		a	i		V(64)	V			64		M	True	True	(1, 0, -3)	()	1	1	minor	minor	i	i, minor	V		i	i	True	V	V, minor		V(64), minor		V	3	3	3	-3	-3	-3	True	False	False
1028.0	8.0	128.5	69	3	A	0.0	1.5	0	2	2	2.0	1.0	1/2	True	0	65.0	65.0	65.0	65a	4	257	False	True				False	176	V(64)		a	i		V(64)	V			64		M	True	True	(1, 0, -3)	()	1	1	minor	minor	i	i, minor	V		i	i	True	V	V, minor		V(64), minor		V	3	3	3	0	0	0	True	False	False
1030.0	2.0	128.75	60	0	C	0.0	1.75	0	2	2	3.0	1.0	1/8	True	0	65.0	65.0	65.0	65a	4	515/2	False	False				False	176	V(64)		a	i		V(64)	V			64		M	True	True	(1, 0, -3)	()	1	1	minor	minor	i	i, minor	V		i	i	True	V	V, minor		V(64), minor		V	3	3	3	-3	-3	-3	True	False	False
1030.0	2.0	128.75	62	2	D	0.0	1.75	0	2	2	4.0	1.0	1/8	True	0	65.0	65.0	65.0	65a	4	515/2	False	False				False	176	V(64)		a	i		V(64)	V			64		M	True	True	(1, 0, -3)	()	1	1	minor	minor	i	i, minor	V		i	i	True	V	V, minor		V(64), minor		V	3	3	3	-1	-1	-1	False	False	False
1032.0	8.0	129.0	59	5	B	0.0	2.0	2	2	2	3.0	1.0	1/2	True	0	65.0	65.0	65.0	65a	3	258	False	True				False	177	V(4)		a	i		V(4)	V			4		M	True	True	(1, 0, 2)	()	1	1	minor	minor	i	i, minor	V		i	i	True	V	V, minor		V(4), minor		V	3	3	3	2	2	2	True	False	False
1032.0	8.0	129.0	64	4	E	0.0	2.0	2	2	2	4.0	1.0	1/2	True	0	65.0	65.0	65.0	65a	4	258	False	True				False	177	V(4)		a	i		V(4)	V			4		M	True	True	(1, 0, 2)	()	1	1	minor	minor	i	i, minor	V		i	i	True	V	V, minor		V(4), minor		V	3	3	3	1	1	1	True	True	True
1036.0	4.0	129.5	52	4	E	0.0	2.5	0	2	2	6.0	1.0	1/4	False	0	65.0	65.0	65.0	65a	3	259	False	True				False	178	V		a	i		V	V					M	True	True	(1, 5, 2)	()	1	1	minor	minor	i	i, minor	V		i	i	True	V	V, minor		V, minor		V	3	3	3	1	1	1	True	True	True
1036.0	4.0	129.5	68	8	G	1.0	2.5	0	2	2	2.0	1.0	1/4	True	0	65.0	65.0	65.0	65a	4	259	False	True				False	178	V		a	i		V	V					M	True	True	(1, 5, 2)	()	1	1	minor	minor	i	i, minor	V		i	i	True	V	V, minor		V, minor		V	3	3	3	5	5	5	True	False	False
1040.0	16.0	130.0	45	3	A	0.0	1.0	1	2	2	5.0	1.0	1	True	0	66.0	66.0	66.0	66a	2	260	False	True			\\	True	179	I\\		a	i		I	I					M	True	True	(0, 4, 1)	()	0	0	minor	minor	i	i, minor	I		i	i	True	I	I, minor		I, minor		I	3	3	3	0	0	0	True	True	True
1040.0	16.0	130.0	45	3	A	0.0	1.0	1	2	2	6.0	1.0	1	True	0	66.0	66.0	66.0	66a	2	260	False	True			\\	True	179	I\\		a	i		I	I					M	True	True	(0, 4, 1)	()	0	0	minor	minor	i	i, minor	I		i	i	True	I	I, minor		I, minor		I	3	3	3	0	0	0	True	True	True
1040.0	16.0	130.0	57	3	A	0.0	1.0	1	2	2	3.0	1.0	1	True	0	66.0	66.0	66.0	66a	3	260	False	True			\\	True	179	I\\		a	i		I	I					M	True	True	(0, 4, 1)	()	0	0	minor	minor	i	i, minor	I		i	i	True	I	I, minor		I, minor		I	3	3	3	0	0	0	True	True	True
1040.0	16.0	130.0	64	4	E	0.0	1.0	1	2	2	4.0	1.0	1	True	0	66.0	66.0	66.0	66a	4	260	False	True			\\	True	179	I\\		a	i		I	I					M	True	True	(0, 4, 1)	()	0	0	minor	minor	i	i, minor	I		i	i	True	I	I, minor		I, minor		I	3	3	3	1	1	1	True	False	False
1040.0	16.0	130.0	69	3	A	0.0	1.0	1	2	2	2.0	1.0	1	True	0	66.0	66.0	66.0	66a	4	260	False	True			\\	True	179	I\\		a	i		I	I					M	True	True	(0, 4, 1)	()	0	0	minor	minor	i	i, minor	I		i	i	True	I	I, minor		I, minor		I	3	3	3	0	0	0	True	True	True
1040.0	16.0	130.0	73	7	C	1.0	1.0	1	2	2	1.0	1.0	1	True	0	66.0	66.0	66.0	66a	5	260	False	True			\\	True	179	I\\		a	i		I	I					M	True	True	(0, 4, 1)	()	0	0	minor	minor	i	i, minor	I		i	i	True	I	I, minor		I, minor		I	3	3	3	4	4	4	True	False	False
1056.0	16.0	132.0	45	3	A	0.0	1.0	1	2	2	2.0	1.0	1	True	0	67.0	67.0	67.0	67a	2	264	False	True				False	180	i		a	i		i	i					m	True	True	(0, -3, 1)	()	0	0	minor	minor	i	i, minor	i		i	i	True	i	i, minor		i, minor		i	3	3	3	0	0	0	True	True	True
1058.0	2.0	132.25	64	4	E	0.0	1.25	0	2	2	1.0	1.0	1/8	True	0	67.0	67.0	67.0	67a	4	529/2	False	False				False	180	i		a	i		i	i					m	True	True	(0, -3, 1)	()	0	0	minor	minor	i	i, minor	i		i	i	True	i	i, minor		i, minor		i	3	3	3	1	1	1	True	False	False
1060.0	2.0	132.5	60	0	C	0.0	1.5	0	2	2	1.0	1.0	1/8	True	0	67.0	67.0	67.0	67a	4	265	False	False				False	180	i		a	i		i	i					m	True	True	(0, -3, 1)	()	0	0	minor	minor	i	i, minor	i		i	i	True	i	i, minor		i, minor		i	3	3	3	-3	-3	-3	True	False	False
1062.0	2.0	132.75	62	2	D	0.0	1.75	0	2	2	1.0	1.0	1/8	True	0	67.0	67.0	67.0	67a	4	531/2	False	False				False	180	i		a	i		i	i					m	True	True	(0, -3, 1)	()	0	0	minor	minor	i	i, minor	i		i	i	True	i	i, minor		i, minor		i	3	3	3	-1	-1	-1	False	False	False
1064.0	1.0	133.0	64	4	E	0.0	2.0	2	2	2	1.0	1.0	1/16	True	0	67.0	67.0	67.0	67a	4	266	False	False				False	180	i		a	i		i	i					m	True	True	(0, -3, 1)	()	0	0	minor	minor	i	i, minor	i		i	i	True	i	i, minor		i, minor		i	3	3	3	1	1	1	True	False	False
1065.0	1.0	133.125	60	0	C	0.0	2.125	0	2	2	1.0	1.0	1/16	True	0	67.0	67.0	67.0	67a	4	1065/4	False	False				False	180	i		a	i		i	i					m	True	True	(0, -3, 1)	()	0	0	minor	minor	i	i, minor	i		i	i	True	i	i, minor		i, minor		i	3	3	3	-3	-3	-3	True	False	False
1066.0	1.0	133.25	62	2	D	0.0	2.25	0	2	2	1.0	1.0	1/16	True	0	67.0	67.0	67.0	67a	4	533/2	False	False				False	180	i		a	i		i	i					m	True	True	(0, -3, 1)	()	0	0	minor	minor	i	i, minor	i		i	i	True	i	i, minor		i, minor		i	3	3	3	-1	-1	-1	False	False	False
1067.0	1.0	133.375	59	5	B	0.0	2.375	0	2	2	1.0	1.0	1/16	True	0	67.0	67.0	67.0	67a	3	1067/4	False	False				False	180	i		a	i		i	i					m	True	True	(0, -3, 1)	()	0	0	minor	minor	i	i, minor	i		i	i	True	i	i, minor		i, minor		i	3	3	3	2	2	2	False	False	False
1068.0	2.0	133.5	60	0	C	0.0	2.5	0	2	2	1.0	1.0	1/8	True	0	67.0	67.0	67.0	67a	4	267	False	False				False	180	i		a	i		i	i					m	True	True	(0, -3, 1)	()	0	0	minor	minor	i	i, minor	i		i	i	True	i	i, minor		i, minor		i	3	3	3	-3	-3	-3	True	False	False
1070.0	2.0	133.75	57	3	A	0.0	2.75	0	2	2	1.0	1.0	1/8	True	0	67.0	67.0	67.0	67a	3	535/2	False	False				False	180	i		a	i		i	i					m	True	True	(0, -3, 1)	()	0	0	minor	minor	i	i, minor	i		i	i	True	i	i, minor		i, minor		i	3	3	3	0	0	0	True	True	True
1072.0	8.0	134.0	52	4	E	0.0	1.0	1	2	2	2.0	1.0	1/2	True	0	68.0	68.0	68.0	68a	3	268	False	True				False	181	V		a	i		V	V					M	True	True	(1, 5, 2)	()	1	1	minor	minor	i	i, minor	V		i	i	True	V	V, minor		V, minor		V	3	3	3	1	1	1	True	True	True
1072.0	3.0	134.0	59	5	B	0.0	1.0	1	2	2	1.0	1.0	3/16	True	0	68.0	68.0	68.0	68a	3	268	False	True				False	181	V		a	i		V	V					M	True	True	(1, 5, 2)	()	1	1	minor	minor	i	i, minor	V		i	i	True	V	V, minor		V, minor		V	3	3	3	2	2	2	True	False	False
1075.0	1.0	134.375	59	5	B	0.0	1.375	0	2	2	1.0	1.0	1/16	True	0	68.0	68.0	68.0	68a	3	1075/4	False	False				False	181	V		a	i		V	V					M	True	True	(1, 5, 2)	()	1	1	minor	minor	i	i, minor	V		i	i	True	V	V, minor		V, minor		V	3	3	3	2	2	2	True	False	False
1076.0	4.0	134.5	59	5	B	0.0	1.5	0	2	2	1.0	1.0	1/4	True	0	68.0	68.0	68.0	68a	3	269	False	False				False	181	V		a	i		V	V					M	True	True	(1, 5, 2)	()	1	1	minor	minor	i	i, minor	V		i	i	True	V	V, minor		V, minor		V	3	3	3	2	2	2	True	False	False
1080.0	8.0	135.0	47	5	B	0.0	2.0	2	2	2	2.0	1.0	1/2	True	0	68.0	68.0	68.0	68a	2	270	False	True				False	182	VII6		a	i		VII6	VII		6			M	True	True	(2, -1, -2)	()	-2	2	minor	minor	i	i, minor	VII		i	i	True	VII6	VII6, minor		VII6, minor		VII	3	3	3	2	2	2	True	False	True
1082.0	2.0	135.25	59	5	B	0.0	2.25	0	2	2	1.0	1.0	1/8	True	0	68.0	68.0	68.0	68a	3	541/2	False	False				False	182	VII6		a	i		VII6	VII		6			M	True	True	(2, -1, -2)	()	-2	2	minor	minor	i	i, minor	VII		i	i	True	VII6	VII6, minor		VII6, minor		VII	3	3	3	2	2	2	True	False	True
1084.0	2.0	135.5	62	2	D	0.0	2.5	0	2	2	1.0	1.0	1/8	True	0	68.0	68.0	68.0	68a	4	271	False	False				False	182	VII6		a	i		VII6	VII		6			M	True	True	(2, -1, -2)	()	-2	2	minor	minor	i	i, minor	VII		i	i	True	VII6	VII6, minor		VII6, minor		VII	3	3	3	-1	-1	-1	True	False	False
1086.0	2.0	135.75	55	1	G	0.0	2.75	0	2	2	1.0	1.0	1/8	True	0	68.0	68.0	68.0	68a	3	543/2	False	False				False	182	VII6		a	i		VII6	VII		6			M	True	True	(2, -1, -2)	()	-2	2	minor	minor	i	i, minor	VII		i	i	True	VII6	VII6, minor		VII6, minor		VII	3	3	3	-2	-2	-2	True	True	False
1088.0	4.0	136.0	50	2	D	0.0	1.0	1	2	2	2.0	1.0	1/4	True	0	69.0	69.0	69.0	69a	3	272	False	True				False	183	V/VII		a	i		V/VII	V				VII	M	True	True	(-1, 3, 0)	()	-1	-1	minor	minor	i	i, minor	V/VII	VII	VII/i	VII	False	V/VII	V/VII, minor		V/VII, minor	VII	VII	3	3	1	-1	-1	1	True	True	True
1088.0	4.0	136.0	57	3	A	0.0	1.0	1	2	2	1.0	1.0	1/4	True	0	69.0	69.0	69.0	69a	3	272	False	True				False	183	V/VII		a	i		V/VII	V				VII	M	True	True	(-1, 3, 0)	()	-1	-1	minor	minor	i	i, minor	V/VII	VII	VII/i	VII	False	V/VII	V/VII, minor		V/VII, minor	VII	VII	3	3	1	0	0	2	True	False	False
1092.0	4.0	136.5	43	1	G	0.0	1.5	0	2	2	2.0	1.0	1/4	True	0	69.0	69.0	69.0	69a	2	273	False	True			\\	True	184	VII\\		a	i		VII	VII					M	True	True	(-2, 2, -1)	()	-2	-2	minor	minor	i	i, minor	VII		i	i	True	VII	VII, minor		VII, minor		VII	3	3	3	-2	-2	-2	True	True	True
1092.0	4.0	136.5	55	1	G	0.0	1.5	0	2	2	1.0	1.0	1/4	True	0	69.0	69.0	69.0	69a	3	273	False	True			\\	True	184	VII\\		a	i		VII	VII					M	True	True	(-2, 2, -1)	()	-2	-2	minor	minor	i	i, minor	VII		i	i	True	VII	VII, minor		VII, minor		VII	3	3	3	-2	-2	-2	True	True	True
1096.0	8.0	137.0	45	3	A	0.0	2.0	2	2	2	2.0	1.0	1/2	True	0	69.0	69.0	69.0	69a	2	274	False	True				False	185	i		a	i		i	i					m	True	True	(0, -3, 1)	()	0	0	minor	minor	i	i, minor	i		i	i	True	i	i, minor		i, minor		i	3	3	3	0	0	0	True	True	True
1098.0	2.0	137.25	60	0	C	0.0	2.25	0	2	2	1.0	1.0	1/8	True	0	69.0	69.0	69.0	69a	4	549/2	False	False				False	185	i		a	i		i	i					m	True	True	(0, -3, 1)	()	0	0	minor	minor	i	i, minor	i		i	i	True	i	i, minor		i, minor		i	3	3	3	-3	-3	-3	True	False	False
1100.0	2.0	137.5	64	4	E	0.0	2.5	0	2	2	1.0	1.0	1/8	True	0	69.0	69.0	69.0	69a	4	275	False	False				False	185	i		a	i		i	i					m	True	True	(0, -3, 1)	()	0	0	minor	minor	i	i, minor	i		i	i	True	i	i, minor		i, minor		i	3	3	3	1	1	1	True	False	False
1102.0	2.0	137.75	56	8	G	1.0	2.75	0	2	2	1.0	1.0	1/8	True	0	69.0	69.0	69.0	69a	3	551/2	False	False				False	185	i		a	i		i	i					m	True	True	(0, -3, 1)	()	0	0	minor	minor	i	i, minor	i		i	i	True	i	i, minor		i, minor		i	3	3	3	5	5	5	False	False	False
1104.0	8.0	138.0	45	3	A	0.0	1.0	1	2	2	2.0	1.0	1/2	False	0	70.0	70.0	70.0	70a	2	276	False	True				False	186	VI6		a	i		VI6	VI		6			M	True	True	(0, -3, -4)	()	-4	0	minor	minor	i	i, minor	VI		i	i	True	VI6	VI6, minor		VI6, minor		VI	3	3	3	0	0	0	True	False	True
1104.0	8.0	138.0	57	3	A	0.0	1.0	1	2	2	1.0	1.0	1/2	True	0	70.0	70.0	70.0	70a	3	276	False	True				False	186	VI6		a	i		VI6	VI		6			M	True	True	(0, -3, -4)	()	-4	0	minor	minor	i	i, minor	VI		i	i	True	VI6	VI6, minor		VI6, minor		VI	3	3	3	0	0	0	True	False	True
1112.0	8.0	139.0	52	4	E	0.0	2.0	2	2	2	2.0	1.0	1/2	True	0	70.0	70.0	70.0	70a	3	278	False	True			\\	True	187	V\\		a	i		V	V					M	True	True	(1, 5, 2)	()	1	1	minor	minor	i	i, minor	V		i	i	True	V	V, minor		V, minor		V	3	3	3	1	1	1	True	True	True
1112.0	4.0	139.0	59	5	B	0.0	2.0	2	2	2	1.0	1.0	1/4	True	0	70.0	70.0	70.0	70a	3	278	False	True			\\	True	187	V\\		a	i		V	V					M	True	True	(1, 5, 2)	()	1	1	minor	minor	i	i, minor	V		i	i	True	V	V, minor		V, minor		V	3	3	3	2	2	2	True	False	False
1116.0	4.0	139.5	64	4	E	0.0	2.5	0	2	2	1.0	1.0	1/4	True	0	70.0	70.0	70.0	70a	4	279	False	False				False	187	V\\		a	i		V	V					M	True	True	(1, 5, 2)	()	1	1	minor	minor	i	i, minor	V		i	i	True	V	V, minor		V, minor		V	3	3	3	1	1	1	True	True	True
1120.0	4.0	140.0	53	-1	F	0.0	1.0	1	2	2	2.0	1.0	1/4	True	0	71.0	71.0	71.0	71a	3	280	False	True				False	188	iv6(2)		a	i		iv6(2)	iv		6	2		m	True	True	(-4, 0, 1)	()	-1	-4	minor	minor	i	i, minor	iv		i	i	True	iv6	iv6, minor		iv6(2), minor		iv	3	3	3	-4	-4	-4	True	False	True
1120.0	4.0	140.0	64	4	E	0.0	1.0	1	2	2	1.0	1.0	1/4	False	0	71.0	71.0	71.0	71a	4	280	False	True				False	188	iv6(2)		a	i		iv6(2)	iv		6	2		m	True	True	(-4, 0, 1)	()	-1	-4	minor	minor	i	i, minor	iv		i	i	True	iv6	iv6, minor		iv6(2), minor		iv	3	3	3	1	1	1	True	False	False
1124.0	4.0	140.5	53	-1	F	0.0	1.5	0	2	2	2.0	1.0	1/4	False	0	71.0	71.0	71.0	71a	3	281	False	True				False	189	iv6		a	i		iv6	iv		6			m	True	True	(-4, 0, -1)	()	-1	-4	minor	minor	i	i, minor	iv		i	i	True	iv6	iv6, minor		iv6, minor		iv	3	3	3	-4	-4	-4	True	False	True
1124.0	2.0	140.5	62	2	D	0.0	1.5	0	2	2	1.0	1.0	1/8	True	0	71.0	71.0	71.0	71a	4	281	False	True				False	189	iv6		a	i		iv6	iv		6			m	True	True	(-4, 0, -1)	()	-1	-4	minor	minor	i	i, minor	iv		i	i	True	iv6	iv6, minor		iv6, minor		iv	3	3	3	-1	-1	-1	True	True	False
1126.0	2.0	140.75	60	0	C	0.0	1.75	0	2	2	1.0	1.0	1/8	True	0	71.0	71.0	71.0	71a	4	563/2	False	False				False	189	iv6		a	i		iv6	iv		6			m	True	True	(-4, 0, -1)	()	-1	-4	minor	minor	i	i, minor	iv		i	i	True	iv6	iv6, minor		iv6, minor		iv	3	3	3	-3	-3	-3	False	False	False
1128.0	4.0	141.0	50	2	D	0.0	2.0	2	2	2	2.0	1.0	1/4	True	0	71.0	71.0	71.0	71a	3	282	False	True				False	190	iv		a	i		iv	iv					m	True	True	(-1, -4, 0)	()	-1	-1	minor	minor	i	i, minor	iv		i	i	True	iv	iv, minor		iv, minor		iv	3	3	3	-1	-1	-1	True	True	True
1128.0	2.0	141.0	65	-1	F	0.0	2.0	2	2	2	1.0	1.0	1/8	True	0	71.0	71.0	71.0	71a	4	282	False	True				False	190	iv		a	i		iv	iv					m	True	True	(-1, -4, 0)	()	-1	-1	minor	minor	i	i, minor	iv		i	i	True	iv	iv, minor		iv, minor		iv	3	3	3	-4	-4	-4	True	False	False
1130.0	2.0	141.25	64	4	E	0.0	2.25	0	2	2	1.0	1.0	1/8	True	0	71.0	71.0	71.0	71a	4	565/2	False	False				False	190	iv		a	i		iv	iv					m	True	True	(-1, -4, 0)	()	-1	-1	minor	minor	i	i, minor	iv		i	i	True	iv	iv, minor		iv, minor		iv	3	3	3	1	1	1	False	False	False
1132.0	4.0	141.5	52	4	E	0.0	2.5	0	2	2	2.0	1.0	1/4	True	0	71.0	71.0	71.0	71a	3	283	False	True				False	191	III6		a	i		III6	III		6			M	True	True	(1, -2, -3)	()	-3	1	minor	minor	i	i, minor	III		i	i	True	III6	III6, minor		III6, minor		III	3	3	3	1	1	1	True	False	True
1132.0	2.0	141.5	64	4	E	0.0	2.5	0	2	2	1.0	1.0	1/8	True	0	71.0	71.0	71.0	71a	4	283	False	True				False	191	III6		a	i		III6	III		6			M	True	True	(1, -2, -3)	()	-3	1	minor	minor	i	i, minor	III		i	i	True	III6	III6, minor		III6, minor		III	3	3	3	1	1	1	True	False	True
1134.0	2.0	141.75	62	2	D	0.0	2.75	0	2	2	1.0	1.0	1/8	True	0	71.0	71.0	71.0	71a	4	567/2	False	False				False	191	III6		a	i		III6	III		6			M	True	True	(1, -2, -3)	()	-3	1	minor	minor	i	i, minor	III		i	i	True	III6	III6, minor		III6, minor		III	3	3	3	-1	-1	-1	False	False	False
1136.0	4.0	142.0	55	1	G	0.0	1.0	1	2	2	2.0	1.0	1/4	True	0	72.0	72.0	72.0	72a	3	284	False	True				False	192	V(4)/III		a	i		V(4)/III	V			4	III	M	True	True	(-2, -3, -1)	()	-2	-2	minor	minor	i	i, minor	V/III	III	III/i	III	False	V/III	V/III, minor		V(4)/III, minor	III	III	3	3	0	-2	-2	1	True	True	True
1136.0	8.0	142.0	62	2	D	0.0	1.0	1	2	2	1.0	1.0	1/2	True	0	72.0	72.0	72.0	72a	4	284	False	True				False	192	V(4)/III		a	i		V(4)/III	V			4	III	M	True	True	(-2, -3, -1)	()	-2	-2	minor	minor	i	i, minor	V/III	III	III/i	III	False	V/III	V/III, minor		V(4)/III, minor	III	III	3	3	0	-1	-1	2	True	False	False
1140.0	4.0	142.5	55	1	G	0.0	1.5	0	2	2	2.0	1.0	1/4	False	0	72.0	72.0	72.0	72a	3	285	False	True				False	193	V/III		a	i		V/III	V				III	M	True	True	(-2, 2, -1)	()	-2	-2	minor	minor	i	i, minor	V/III	III	III/i	III	False	V/III	V/III, minor		V/III, minor	III	III	3	3	0	-2	-2	1	True	True	True
1144.0	8.0	143.0	48	0	C	0.0	2.0	2	2	2	2.0	1.0	1/2	True	0	72.0	72.0	72.0	72a	3	286	False	True			\\	True	194	III\\		a	i		III	III					M	True	True	(-3, 1, -2)	()	-3	-3	minor	minor	i	i, minor	III		i	i	True	III	III, minor		III, minor		III	3	3	3	-3	-3	-3	True	True	True
1144.0	8.0	143.0	60	0	C	0.0	2.0	2	2	2	1.0	1.0	1/2	True	0	72.0	72.0	72.0	72a	4	286	False	True			\\	True	194	III\\		a	i		III	III					M	True	True	(-3, 1, -2)	()	-3	-3	minor	minor	i	i, minor	III		i	i	True	III	III, minor		III, minor		III	3	3	3	-3	-3	-3	True	True	True
1152.0	8.0	144.0	55	1	G	0.0	1.0	1	2	2	2.0	1.0	1/2	True	0	73.0	73.0	73.0	73a	3	288	False	True				False	195	VII		a	i		VII	VII					M	True	True	(-2, 2, -1)	()	-2	-2	minor	minor	i	i, minor	VII		i	i	True	VII	VII, minor		VII, minor		VII	3	3	3	-2	-2	-2	True	True	True
1158.0	2.0	144.75	62	2	D	0.0	1.75	0	2	2	1.0	1.0	1/8	True	0	73.0	73.0	73.0	73a	4	579/2	False	False				False	195	VII		a	i		VII	VII					M	True	True	(-2, 2, -1)	()	-2	-2	minor	minor	i	i, minor	VII		i	i	True	VII	VII, minor		VII, minor		VII	3	3	3	-1	-1	-1	True	False	False
1160.0	8.0	145.0	52	4	E	0.0	2.0	2	2	2	2.0	1.0	1/2	True	0	73.0	73.0	73.0	73a	3	290	False	True				False	196	vi/VII		a	i		vi/VII	vi				VII	m	True	True	(1, -2, 2)	()	1	1	minor	minor	i	i, minor	vi/VII	VII	VII/i	VII	False	vi/VII	vi/VII, minor		vi/VII, minor	VII	VII	3	3	1	1	1	3	True	True	True
1160.0	2.0	145.0	55	1	G	0.0	2.0	2	2	2	1.0	1.0	1/8	True	0	73.0	73.0	73.0	73a	3	290	False	True				False	196	vi/VII		a	i		vi/VII	vi				VII	m	True	True	(1, -2, 2)	()	1	1	minor	minor	i	i, minor	vi/VII	VII	VII/i	VII	False	vi/VII	vi/VII, minor		vi/VII, minor	VII	VII	3	3	1	-2	-2	0	True	False	False
1162.0	2.0	145.25	55	1	G	0.0	2.25	0	2	2	1.0	1.0	1/8	True	0	73.0	73.0	73.0	73a	3	581/2	False	False				False	196	vi/VII		a	i		vi/VII	vi				VII	m	True	True	(1, -2, 2)	()	1	1	minor	minor	i	i, minor	vi/VII	VII	VII/i	VII	False	vi/VII	vi/VII, minor		vi/VII, minor	VII	VII	3	3	1	-2	-2	0	True	False	False
1164.0	3.0	145.5	55	1	G	0.0	2.5	0	2	2	1.0	1.0	3/16	True	0	73.0	73.0	73.0	73a	3	291	False	False				False	196	vi/VII		a	i		vi/VII	vi				VII	m	True	True	(1, -2, 2)	()	1	1	minor	minor	i	i, minor	vi/VII	VII	VII/i	VII	False	vi/VII	vi/VII, minor		vi/VII, minor	VII	VII	3	3	1	-2	-2	0	True	False	False
1167.0	1.0	145.875	54	6	F	1.0	2.875	0	2	2	1.0	1.0	1/16	True	0	73.0	73.0	73.0	73a	3	1167/4	False	False				False	196	vi/VII		a	i		vi/VII	vi				VII	m	True	True	(1, -2, 2)	()	1	1	minor	minor	i	i, minor	vi/VII	VII	VII/i	VII	False	vi/VII	vi/VII, minor		vi/VII, minor	VII	VII	3	3	1	3	3	5	False	False	False
1168.0	4.0	146.0	50	2	D	0.0	1.0	1	2	2	2.0	1.0	1/4	True	0	74.0	74.0	74.0	74a	3	292	False	True				False	197	V/VII		a	i		V/VII	V				VII	M	True	True	(-1, 3, 0)	()	-1	-1	minor	minor	i	i, minor	V/VII	VII	VII/i	VII	False	V/VII	V/VII, minor		V/VII, minor	VII	VII	3	3	1	-1	-1	1	True	True	True
1168.0	4.0	146.0	57	3	A	0.0	1.0	1	2	2	1.0	1.0	1/4	True	0	74.0	74.0	74.0	74a	3	292	False	True				False	197	V/VII		a	i		V/VII	V				VII	M	True	True	(-1, 3, 0)	()	-1	-1	minor	minor	i	i, minor	V/VII	VII	VII/i	VII	False	V/VII	V/VII, minor		V/VII, minor	VII	VII	3	3	1	0	0	2	True	False	False
1172.0	4.0	146.5	53	-1	F	0.0	1.5	0	2	2	2.0	1.0	1/4	True	0	74.0	74.0	74.0	74a	3	293	False	True				False	198	bVII/VII		a	i		bVII/VII	bVII				VII	M	True	True	(-4, 0, -3)	()	-4	-4	minor	minor	i	i, minor	bVII/VII	VII	VII/i	VII	False	bVII/VII	bVII/VII, minor		bVII/VII, minor	VII	VII	3	3	1	-4	-4	-2	True	True	True
1172.0	4.0	146.5	57	3	A	0.0	1.5	0	2	2	1.0	1.0	1/4	True	0	74.0	74.0	74.0	74a	3	293	False	True				False	198	bVII/VII		a	i		bVII/VII	bVII				VII	M	True	True	(-4, 0, -3)	()	-4	-4	minor	minor	i	i, minor	bVII/VII	VII	VII/i	VII	False	bVII/VII	bVII/VII, minor		bVII/VII, minor	VII	VII	3	3	1	0	0	2	True	False	False
1176.0	8.0	147.0	52	4	E	0.0	2.0	2	2	2	2.0	1.0	1/2	True	0	74.0	74.0	74.0	74a	3	294	False	True				False	199	vi/VII		a	i		vi/VII	vi				VII	m	True	True	(1, -2, 2)	()	1	1	minor	minor	i	i, minor	vi/VII	VII	VII/i	VII	False	vi/VII	vi/VII, minor		vi/VII, minor	VII	VII	3	3	1	1	1	3	True	True	True
1180.0	3.0	147.5	55	1	G	0.0	2.5	0	2	2	1.0	1.0	3/16	True	0	74.0	74.0	74.0	74a	3	295	False	False				False	199	vi/VII		a	i		vi/VII	vi				VII	m	True	True	(1, -2, 2)	()	1	1	minor	minor	i	i, minor	vi/VII	VII	VII/i	VII	False	vi/VII	vi/VII, minor		vi/VII, minor	VII	VII	3	3	1	-2	-2	0	True	False	False
1183.0	1.0	147.875	54	6	F	1.0	2.875	0	2	2	1.0	1.0	1/16	True	0	74.0	74.0	74.0	74a	3	1183/4	False	False				False	199	vi/VII		a	i		vi/VII	vi				VII	m	True	True	(1, -2, 2)	()	1	1	minor	minor	i	i, minor	vi/VII	VII	VII/i	VII	False	vi/VII	vi/VII, minor		vi/VII, minor	VII	VII	3	3	1	3	3	5	False	False	False
1184.0	4.0	148.0	50	2	D	0.0	1.0	1	2	2	2.0	1.0	1/4	True	0	75.0	75.0	75.0	75a	3	296	False	True				False	200	V/VII		a	i		V/VII	V				VII	M	True	True	(-1, 3, 0)	()	-1	-1	minor	minor	i	i, minor	V/VII	VII	VII/i	VII	False	V/VII	V/VII, minor		V/VII, minor	VII	VII	3	3	1	-1	-1	1	True	True	True
1184.0	4.0	148.0	57	3	A	0.0	1.0	1	2	2	1.0	1.0	1/4	True	0	75.0	75.0	75.0	75a	3	296	False	True				False	200	V/VII		a	i		V/VII	V				VII	M	True	True	(-1, 3, 0)	()	-1	-1	minor	minor	i	i, minor	V/VII	VII	VII/i	VII	False	V/VII	V/VII, minor		V/VII, minor	VII	VII	3	3	1	0	0	2	True	False	False
1188.0	4.0	148.5	53	-1	F	0.0	1.5	0	2	2	2.0	1.0	1/4	True	0	75.0	75.0	75.0	75a	3	297	False	True				False	201	bVII/VII		a	i		bVII/VII	bVII				VII	M	True	True	(-4, 0, -3)	()	-4	-4	minor	minor	i	i, minor	bVII/VII	VII	VII/i	VII	False	bVII/VII	bVII/VII, minor		bVII/VII, minor	VII	VII	3	3	1	-4	-4	-2	True	True	True
1188.0	4.0	148.5	57	3	A	0.0	1.5	0	2	2	1.0	1.0	1/4	True	0	75.0	75.0	75.0	75a	3	297	False	True				False	201	bVII/VII		a	i		bVII/VII	bVII				VII	M	True	True	(-4, 0, -3)	()	-4	-4	minor	minor	i	i, minor	bVII/VII	VII	VII/i	VII	False	bVII/VII	bVII/VII, minor		bVII/VII, minor	VII	VII	3	3	1	0	0	2	True	False	False
1192.0	4.0	149.0	52	4	E	0.0	2.0	2	2	2	2.0	1.0	1/4	True	0	75.0	75.0	75.0	75a	3	298	False	True				False	202	IV6/VII		a	i		IV6/VII	IV		6		VII	M	True	True	(1, -2, -3)	()	-3	1	minor	minor	i	i, minor	IV/VII	VII	VII/i	VII	False	IV6/VII	IV6/VII, minor		IV6/VII, minor	VII	VII	3	3	1	1	1	3	True	False	True
1196.0	4.0	149.5	48	0	C	0.0	2.5	0	2	2	2.0	1.0	1/4	True	0	75.0	75.0	75.0	75a	3	299	False	True				False	203	IV/VII		a	i		IV/VII	IV				VII	M	True	True	(-3, 1, -2)	()	-3	-3	minor	minor	i	i, minor	IV/VII	VII	VII/i	VII	False	IV/VII	IV/VII, minor		IV/VII, minor	VII	VII	3	3	1	-3	-3	-1	True	True	True
1196.0	4.0	149.5	60	0	C	0.0	2.5	0	2	2	1.0	1.0	1/4	True	0	75.0	75.0	75.0	75a	4	299	False	True				False	203	IV/VII		a	i		IV/VII	IV				VII	M	True	True	(-3, 1, -2)	()	-3	-3	minor	minor	i	i, minor	IV/VII	VII	VII/i	VII	False	IV/VII	IV/VII, minor		IV/VII, minor	VII	VII	3	3	1	-3	-3	-1	True	True	True
1200.0	4.0	150.0	50	2	D	0.0	1.0	1	2	2	2.0	1.0	1/4	True	0	76.0	76.0	76.0	76a	3	300	False	True				False	204	V7/VII		a	i		V7/VII	V		7		VII	Mm7	True	True	(-1, 3, 0, -3)	()	-1	-1	minor	minor	i	i, minor	V/VII	VII	VII/i	VII	False	V7/VII	V7/VII, minor		V7/VII, minor	VII	VII	3	3	1	-1	-1	1	True	True	True
1200.0	2.0	150.0	60	0	C	0.0	1.0	1	2	2	1.0	1.0	1/8	False	0	76.0	76.0	76.0	76a	4	300	False	True				False	204	V7/VII		a	i		V7/VII	V		7		VII	Mm7	True	True	(-1, 3, 0, -3)	()	-1	-1	minor	minor	i	i, minor	V/VII	VII	VII/i	VII	False	V7/VII	V7/VII, minor		V7/VII, minor	VII	VII	3	3	1	-3	-3	-1	True	False	False
1202.0	2.0	150.25	59	5	B	0.0	1.25	0	2	2	1.0	1.0	1/8	True	0	76.0	76.0	76.0	76a	3	601/2	False	False				False	204	V7/VII		a	i		V7/VII	V		7		VII	Mm7	True	True	(-1, 3, 0, -3)	()	-1	-1	minor	minor	i	i, minor	V/VII	VII	VII/i	VII	False	V7/VII	V7/VII, minor		V7/VII, minor	VII	VII	3	3	1	2	2	4	False	False	False
1204.0	8.0	150.5	50	2	D	0.0	1.5	0	2	2	2.0	1.0	1/2	False	0	76.0	76.0	76.0	76a	3	301	False	True				False	205	V(64)/VII		a	i		V(64)/VII	V			64	VII	M	True	True	(-1, -2, 2)	()	-1	-1	minor	minor	i	i, minor	V/VII	VII	VII/i	VII	False	V/VII	V/VII, minor		V(64)/VII, minor	VII	VII	3	3	1	-1	-1	1	True	True	True
1204.0	4.0	150.5	59	5	B	0.0	1.5	0	2	2	1.0	1.0	1/4	True	0	76.0	76.0	76.0	76a	3	301	False	True				False	205	V(64)/VII		a	i		V(64)/VII	V			64	VII	M	True	True	(-1, -2, 2)	()	-1	-1	minor	minor	i	i, minor	V/VII	VII	VII/i	VII	False	V/VII	V/VII, minor		V(64)/VII, minor	VII	VII	3	3	1	2	2	4	True	False	False
1208.0	8.0	151.0	57	3	A	0.0	2.0	2	2	2	1.0	1.0	1/2	True	0	76.0	76.0	76.0	76a	3	302	False	True				False	206	V(4)/VII		a	i		V(4)/VII	V			4	VII	M	True	True	(-1, -2, 0)	()	-1	-1	minor	minor	i	i, minor	V/VII	VII	VII/i	VII	False	V/VII	V/VII, minor		V(4)/VII, minor	VII	VII	3	3	1	0	0	2	True	False	False
1212.0	4.0	151.5	50	2	D	0.0	2.5	0	2	2	2.0	1.0	1/4	False	0	76.0	76.0	76.0	76a	3	303	False	True				False	207	V/VII		a	i		V/VII	V				VII	M	True	True	(-1, 3, 0)	()	-1	-1	minor	minor	i	i, minor	V/VII	VII	VII/i	VII	False	V/VII	V/VII, minor		V/VII, minor	VII	VII	3	3	1	-1	-1	1	True	True	True
1216.0	4.0	152.0	43	1	G	0.0	1.0	1	2	2	2.0	1.0	1/4	True	0	77.0	77.0	77.0	77a	2	304	False	True			\\	True	208	VII\\		a	i		VII	VII					M	True	True	(-2, 2, -1)	()	-2	-2	minor	minor	i	i, minor	VII		i	i	True	VII	VII, minor		VII, minor		VII	3	3	3	-2	-2	-2	True	True	True
1216.0	8.0	152.0	55	1	G	0.0	1.0	1	2	2	1.0	1.0	1/2	True	0	77.0	77.0	77.0	77a	3	304	False	True			\\	True	208	VII\\		a	i		VII	VII					M	True	True	(-2, 2, -1)	()	-2	-2	minor	minor	i	i, minor	VII		i	i	True	VII	VII, minor		VII, minor		VII	3	3	3	-2	-2	-2	True	True	True
1220.0	4.0	152.5	55	1	G	0.0	1.5	0	2	2	2.0	1.0	1/4	True	0	77.0	77.0	77.0	77a	3	305	False	False				False	208	VII\\		a	i		VII	VII					M	True	True	(-2, 2, -1)	()	-2	-2	minor	minor	i	i, minor	VII		i	i	True	VII	VII, minor		VII, minor		VII	3	3	3	-2	-2	-2	True	True	True
1224.0	8.0	153.0	53	-1	F	0.0	2.0	2	2	2	2.0	1.0	1/2	True	0	77.0	77.0	77.0	77a	3	306	False	True				False	209	VI	iv6	a	i		VI	VI					M	True	True	(-4, 0, -3)	()	-4	-4	minor	minor	i	i, minor	VI		i	i	True	VI	VI, minor		VI, minor		VI	3	3	3	-4	-4	-4	True	True	True
1228.0	4.0	153.5	57	3	A	0.0	2.5	0	2	2	1.0	1.0	1/4	True	0	77.0	77.0	77.0	77a	3	307	False	False				False	209	VI	iv6	a	i		VI	VI					M	True	True	(-4, 0, -3)	()	-4	-4	minor	minor	i	i, minor	VI		i	i	True	VI	VI, minor		VI, minor		VI	3	3	3	0	0	0	True	False	False
1232.0	4.0	154.0	52	4	E	0.0	1.0	1	2	2	3.0	1.0	1/4	True	0	78.0	78.0	78.0	78a	3	308	False	True				False	210	V		a	i		V	V					M	True	True	(1, 5, 2)	()	1	1	minor	minor	i	i, minor	V		i	i	True	V	V, minor		V, minor		V	3	3	3	1	1	1	True	True	True
1232.0	4.0	154.0	59	5	B	0.0	1.0	1	2	2	2.0	1.0	1/4	True	0	78.0	78.0	78.0	78a	3	308	False	True				False	210	V		a	i		V	V					M	True	True	(1, 5, 2)	()	1	1	minor	minor	i	i, minor	V		i	i	True	V	V, minor		V, minor		V	3	3	3	2	2	2	True	False	False
1236.0	4.0	154.5	55	1	G	0.0	1.5	0	2	2	3.0	1.0	1/4	True	0	78.0	78.0	78.0	78a	3	309	False	True				False	211	VII	v6	a	i		VII	VII					M	True	True	(-2, 2, -1)	()	-2	-2	minor	minor	i	i, minor	VII		i	i	True	VII	VII, minor		VII, minor		VII	3	3	3	-2	-2	-2	True	True	True
1236.0	4.0	154.5	59	5	B	0.0	1.5	0	2	2	2.0	1.0	1/4	True	0	78.0	78.0	78.0	78a	3	309	False	True				False	211	VII	v6	a	i		VII	VII					M	True	True	(-2, 2, -1)	()	-2	-2	minor	minor	i	i, minor	VII		i	i	True	VII	VII, minor		VII, minor		VII	3	3	3	2	2	2	True	False	False
1240.0	8.0	155.0	53	-1	F	0.0	2.0	2	2	2	3.0	1.0	1/2	True	0	78.0	78.0	78.0	78a	3	310	False	True				False	212	VI	iv6	a	i		VI	VI					M	True	True	(-4, 0, -3)	()	-4	-4	minor	minor	i	i, minor	VI		i	i	True	VI	VI, minor		VI, minor		VI	3	3	3	-4	-4	-4	True	True	True
1244.0	3.0	155.5	57	3	A	0.0	2.5	0	2	2	2.0	1.0	3/16	True	0	78.0	78.0	78.0	78a	3	311	False	False				False	212	VI	iv6	a	i		VI	VI					M	True	True	(-4, 0, -3)	()	-4	-4	minor	minor	i	i, minor	VI		i	i	True	VI	VI, minor		VI, minor		VI	3	3	3	0	0	0	True	False	False
1247.0	1.0	155.875	56	8	G	1.0	2.875	0	2	2	2.0	1.0	1/16	True	0	78.0	78.0	78.0	78a	3	1247/4	False	False				False	212	VI	iv6	a	i		VI	VI					M	True	True	(-4, 0, -3)	()	-4	-4	minor	minor	i	i, minor	VI		i	i	True	VI	VI, minor		VI, minor		VI	3	3	3	5	5	5	False	False	False
1248.0	4.0	156.0	52	4	E	0.0	1.0	1	2	2	3.0	1.0	1/4	True	0	79.0	79.0	79.0	79a	3	312	False	True				False	213	V		a	i		V	V					M	True	True	(1, 5, 2)	()	1	1	minor	minor	i	i, minor	V		i	i	True	V	V, minor		V, minor		V	3	3	3	1	1	1	True	True	True
1248.0	4.0	156.0	59	5	B	0.0	1.0	1	2	2	2.0	1.0	1/4	True	0	79.0	79.0	79.0	79a	3	312	False	True				False	213	V		a	i		V	V					M	True	True	(1, 5, 2)	()	1	1	minor	minor	i	i, minor	V		i	i	True	V	V, minor		V, minor		V	3	3	3	2	2	2	True	False	False
1252.0	4.0	156.5	55	1	G	0.0	1.5	0	2	2	3.0	1.0	1/4	True	0	79.0	79.0	79.0	79a	3	313	False	True				False	214	VII	v6	a	i		VII	VII					M	True	True	(-2, 2, -1)	()	-2	-2	minor	minor	i	i, minor	VII		i	i	True	VII	VII, minor		VII, minor		VII	3	3	3	-2	-2	-2	True	True	True
1252.0	4.0	156.5	59	5	B	0.0	1.5	0	2	2	2.0	1.0	1/4	True	0	79.0	79.0	79.0	79a	3	313	False	True				False	214	VII	v6	a	i		VII	VII					M	True	True	(-2, 2, -1)	()	-2	-2	minor	minor	i	i, minor	VII		i	i	True	VII	VII, minor		VII, minor		VII	3	3	3	2	2	2	True	False	False
1256.0	4.0	157.0	53	-1	F	0.0	2.0	2	2	2	3.0	1.0	1/4	True	0	79.0	79.0	79.0	79a	3	314	False	True				False	215	VI	iv6	a	i		VI	VI					M	True	True	(-4, 0, -3)	()	-4	-4	minor	minor	i	i, minor	VI		i	i	True	VI	VI, minor		VI, minor		VI	3	3	3	-4	-4	-4	True	True	True
1260.0	4.0	157.5	50	2	D	0.0	2.5	0	2	2	3.0	1.0	1/4	True	0	79.0	79.0	79.0	79a	3	315	False	True				False	216	iv		a	i		iv	iv					m	True	True	(-1, -4, 0)	()	-1	-1	minor	minor	i	i, minor	iv		i	i	True	iv	iv, minor		iv, minor		iv	3	3	3	-1	-1	-1	True	True	True
1260.0	4.0	157.5	62	2	D	0.0	2.5	0	2	2	2.0	1.0	1/4	True	0	79.0	79.0	79.0	79a	4	315	False	True				False	216	iv		a	i		iv	iv					m	True	True	(-1, -4, 0)	()	-1	-1	minor	minor	i	i, minor	iv		i	i	True	iv	iv, minor		iv, minor		iv	3	3	3	-1	-1	-1	True	True	True
1264.0	4.0	158.0	52	4	E	0.0	1.0	1	2	2	3.0	1.0	1/4	True	0	80.0	80.0	80.0	80a	3	316	False	True				False	217	V7		a	i		V7	V		7			Mm7	True	True	(1, 5, 2, -1)	()	1	1	minor	minor	i	i, minor	V		i	i	True	V7	V7, minor		V7, minor		V	3	3	3	1	1	1	True	True	True
1264.0	2.0	158.0	62	2	D	0.0	1.0	1	2	2	2.0	1.0	1/8	False	0	80.0	80.0	80.0	80a	4	316	False	True				False	217	V7		a	i		V7	V		7			Mm7	True	True	(1, 5, 2, -1)	()	1	1	minor	minor	i	i, minor	V		i	i	True	V7	V7, minor		V7, minor		V	3	3	3	-1	-1	-1	True	False	False
1266.0	2.0	158.25	60	0	C	0.0	1.25	0	2	2	2.0	1.0	1/8	True	0	80.0	80.0	80.0	80a	4	633/2	False	False				False	217	V7		a	i		V7	V		7			Mm7	True	True	(1, 5, 2, -1)	()	1	1	minor	minor	i	i, minor	V		i	i	True	V7	V7, minor		V7, minor		V	3	3	3	-3	-3	-3	False	False	False
1268.0	8.0	158.5	52	4	E	0.0	1.5	0	2	2	3.0	1.0	1/2	False	0	80.0	80.0	80.0	80a	3	317	False	True				False	218	V(64)		a	i		V(64)	V			64		M	True	True	(1, 0, -3)	()	1	1	minor	minor	i	i, minor	V		i	i	True	V	V, minor		V(64), minor		V	3	3	3	1	1	1	True	True	True
1268.0	4.0	158.5	60	0	C	0.0	1.5	0	2	2	2.0	1.0	1/4	True	0	80.0	80.0	80.0	80a	4	317	False	True				False	218	V(64)		a	i		V(64)	V			64		M	True	True	(1, 0, -3)	()	1	1	minor	minor	i	i, minor	V		i	i	True	V	V, minor		V(64), minor		V	3	3	3	-3	-3	-3	True	False	False
1272.0	8.0	159.0	59	5	B	0.0	2.0	2	2	2	2.0	1.0	1/2	True	0	80.0	80.0	80.0	80a	3	318	False	True				False	219	V(4)		a	i		V(4)	V			4		M	True	True	(1, 0, 2)	()	1	1	minor	minor	i	i, minor	V		i	i	True	V	V, minor		V(4), minor		V	3	3	3	2	2	2	True	False	False
1276.0	4.0	159.5	52	4	E	0.0	2.5	0	2	2	3.0	1.0	1/4	False	0	80.0	80.0	80.0	80a	3	319	False	True				False	220	V		a	i		V	V					M	True	True	(1, 5, 2)	()	1	1	minor	minor	i	i, minor	V		i	i	True	V	V, minor		V, minor		V	3	3	3	1	1	1	True	True	True
1280.0	16.0	160.0	45	3	A	0.0	1.0	1	2	2	3.0	1.0	1	True	0	81.0	81.0	81.0	81a	2	320	False	False			\\	True	221	i\\	I\\	a	i		i	i					m	True	True	(0, -3, 1)	()	0	0	minor	minor	i	i, minor	i		i	i	True	i	i, minor		i, minor		i	3	3	3	0	0	0	True	True	True
1280.0	16.0	160.0	57	3	A	0.0	1.0	1	2	2	2.0	1.0	1	True	0	81.0	81.0	81.0	81a	3	320	False	False			\\	True	221	i\\	I\\	a	i		i	i					m	True	True	(0, -3, 1)	()	0	0	minor	minor	i	i, minor	i		i	i	True	i	i, minor		i, minor		i	3	3	3	0	0	0	True	True	True
1296.0	16.0	162.0	45	3	A	0.0	1.0	1	2	2	3.0	1.0	1	True	0	82.0	82.0	82.0	82a	2	324	False	True				False	222	i		a	i		i	i					m	True	True	(0, -3, 1)	()	0	0	minor	minor	i	i, minor	i		i	i	True	i	i, minor		i, minor		i	3	3	3	0	0	0	True	True	True
1300.0	8.0	162.5	69	3	A	0.0	1.5	0	2	2	1.0	1.0	1/2	True	0	82.0	82.0	82.0	82a	4	325	False	False				False	222	i		a	i		i	i					m	True	True	(0, -3, 1)	()	0	0	minor	minor	i	i, minor	i		i	i	True	i	i, minor		i, minor		i	3	3	3	0	0	0	True	True	True
1308.0	2.0	163.5	69	3	A	0.0	2.5	0	2	2	1.0	1.0	1/8	True	0	82.0	82.0	82.0	82a	4	327	False	False				False	222	i		a	i		i	i					m	True	True	(0, -3, 1)	()	0	0	minor	minor	i	i, minor	i		i	i	True	i	i, minor		i, minor		i	3	3	3	0	0	0	True	True	True
1310.0	2.0	163.75	69	3	A	0.0	2.75	0	2	2	1.0	1.0	1/8	True	0	82.0	82.0	82.0	82a	4	655/2	False	False				False	222	i		a	i		i	i					m	True	True	(0, -3, 1)	()	0	0	minor	minor	i	i, minor	i		i	i	True	i	i, minor		i, minor		i	3	3	3	0	0	0	True	True	True
1312.0	16.0	164.0	45	3	A	0.0	1.0	1	2	2	3.0	1.0	1	True	0	83.0	83.0	83.0	83a	2	328	False	False				False	222	i		a	i		i	i					m	True	True	(0, -3, 1)	()	0	0	minor	minor	i	i, minor	i		i	i	True	i	i, minor		i, minor		i	3	3	3	0	0	0	True	True	True
1312.0	4.0	164.0	69	3	A	0.0	1.0	1	2	2	1.0	1.0	1/4	True	0	83.0	83.0	83.0	83a	4	328	False	False				False	222	i		a	i		i	i					m	True	True	(0, -3, 1)	()	0	0	minor	minor	i	i, minor	i		i	i	True	i	i, minor		i, minor		i	3	3	3	0	0	0	True	True	True
1316.0	4.0	164.5	69	3	A	0.0	1.5	0	2	2	1.0	1.0	1/4	True	0	83.0	83.0	83.0	83a	4	329	False	False				False	222	i		a	i		i	i					m	True	True	(0, -3, 1)	()	0	0	minor	minor	i	i, minor	i		i	i	True	i	i, minor		i, minor		i	3	3	3	0	0	0	True	True	True
1320.0	2.0	165.0	67	1	G	0.0	2.0	2	2	2	1.0	1.0	1/8	True	0	83.0	83.0	83.0	83a	4	330	False	False				False	222	i		a	i		i	i					m	True	True	(0, -3, 1)	()	0	0	minor	minor	i	i, minor	i		i	i	True	i	i, minor		i, minor		i	3	3	3	-2	-2	-2	False	False	False
1322.0	2.0	165.25	66	6	F	1.0	2.25	0	2	2	1.0	1.0	1/8	True	0	83.0	83.0	83.0	83a	4	661/2	False	False				False	222	i		a	i		i	i					m	True	True	(0, -3, 1)	()	0	0	minor	minor	i	i, minor	i		i	i	True	i	i, minor		i, minor		i	3	3	3	3	3	3	False	False	False
1324.0	2.0	165.5	66	6	F	1.0	2.5	0	2	2	1.0	1.0	1/8	True	0	83.0	83.0	83.0	83a	4	331	False	False				False	222	i		a	i		i	i					m	True	True	(0, -3, 1)	()	0	0	minor	minor	i	i, minor	i		i	i	True	i	i, minor		i, minor		i	3	3	3	3	3	3	False	False	False
1326.0	2.0	165.75	64	4	E	0.0	2.75	0	2	2	1.0	1.0	1/8	True	0	83.0	83.0	83.0	83a	4	663/2	False	False				False	222	i		a	i		i	i					m	True	True	(0, -3, 1)	()	0	0	minor	minor	i	i, minor	i		i	i	True	i	i, minor		i, minor		i	3	3	3	1	1	1	True	False	False
1328.0	16.0	166.0	50	2	D	0.0	1.0	1	2	2	3.0	1.0	1	True	0	84.0	84.0	84.0	84a	3	332	False	True				False	223	V/VII		a	i		V/VII	V				VII	M	True	True	(-1, 3, 0)	()	-1	-1	minor	minor	i	i, minor	V/VII	VII	VII/i	VII	False	V/VII	V/VII, minor		V/VII, minor	VII	VII	3	3	1	-1	-1	1	True	True	True
1328.0	8.0	166.0	66	6	F	1.0	1.0	1	2	2	1.0	1.0	1/2	True	0	84.0	84.0	84.0	84a	4	332	False	True				False	223	V/VII		a	i		V/VII	V				VII	M	True	True	(-1, 3, 0)	()	-1	-1	minor	minor	i	i, minor	V/VII	VII	VII/i	VII	False	V/VII	V/VII, minor		V/VII, minor	VII	VII	3	3	1	3	3	5	True	False	False
1336.0	8.0	167.0	66	6	F	1.0	2.0	2	2	2	1.0	1.0	1/2	True	0	84.0	84.0	84.0	84a	4	334	False	False				False	223	V/VII		a	i		V/VII	V				VII	M	True	True	(-1, 3, 0)	()	-1	-1	minor	minor	i	i, minor	V/VII	VII	VII/i	VII	False	V/VII	V/VII, minor		V/VII, minor	VII	VII	3	3	1	3	3	5	True	False	False
1344.0	8.0	168.0	50	2	D	0.0	1.0	1	2	2	2.0	1.0	1/2	True	0	85.0	85.0	85.0	85a	3	336	False	False				False	223	V/VII		a	i		V/VII	V				VII	M	True	True	(-1, 3, 0)	()	-1	-1	minor	minor	i	i, minor	V/VII	VII	VII/i	VII	False	V/VII	V/VII, minor		V/VII, minor	VII	VII	3	3	1	-1	-1	1	True	True	True
1346.0	2.0	168.25	69	3	A	0.0	1.25	0	2	2	1.0	1.0	1/8	True	0	85.0	85.0	85.0	85a	4	673/2	False	False				False	223	V/VII		a	i		V/VII	V				VII	M	True	True	(-1, 3, 0)	()	-1	-1	minor	minor	i	i, minor	V/VII	VII	VII/i	VII	False	V/VII	V/VII, minor		V/VII, minor	VII	VII	3	3	1	0	0	2	True	False	False
1348.0	3.0	168.5	69	3	A	0.0	1.5	0	2	2	1.0	1.0	3/16	True	0	85.0	85.0	85.0	85a	4	337	False	False				False	223	V/VII		a	i		V/VII	V				VII	M	True	True	(-1, 3, 0)	()	-1	-1	minor	minor	i	i, minor	V/VII	VII	VII/i	VII	False	V/VII	V/VII, minor		V/VII, minor	VII	VII	3	3	1	0	0	2	True	False	False
1351.0	1.0	168.875	71	5	B	0.0	1.875	0	2	2	1.0	1.0	1/16	True	0	85.0	85.0	85.0	85a	4	1351/4	False	False				False	223	V/VII		a	i		V/VII	V				VII	M	True	True	(-1, 3, 0)	()	-1	-1	minor	minor	i	i, minor	V/VII	VII	VII/i	VII	False	V/VII	V/VII, minor		V/VII, minor	VII	VII	3	3	1	2	2	4	False	False	False
1352.0	8.0	169.0	43	1	G	0.0	2.0	2	2	2	2.0	1.0	1/2	True	0	85.0	85.0	85.0	85a	2	338	False	True				False	224	VII		a	i		VII	VII					M	True	True	(-2, 2, -1)	()	-2	-2	minor	minor	i	i, minor	VII		i	i	True	VII	VII, minor		VII, minor		VII	3	3	3	-2	-2	-2	True	True	True
1352.0	8.0	169.0	67	1	G	0.0	2.0	2	2	2	1.0	1.0	1/2	True	0	85.0	85.0	85.0	85a	4	338	False	True				False	224	VII		a	i		VII	VII					M	True	True	(-2, 2, -1)	()	-2	-2	minor	minor	i	i, minor	VII		i	i	True	VII	VII, minor		VII, minor		VII	3	3	3	-2	-2	-2	True	True	True
1360.0	8.0	170.0	43	1	G	0.0	1.0	1	2	2	2.0	1.0	1/2	False	0	86.0	86.0	86.0	86a	2	340	False	False				False	224	VII		a	i		VII	VII					M	True	True	(-2, 2, -1)	()	-2	-2	minor	minor	i	i, minor	VII		i	i	True	VII	VII, minor		VII, minor		VII	3	3	3	-2	-2	-2	True	True	True
1360.0	4.0	170.0	67	1	G	0.0	1.0	1	2	2	1.0	1.0	1/4	True	0	86.0	86.0	86.0	86a	4	340	False	False				False	224	VII		a	i		VII	VII					M	True	True	(-2, 2, -1)	()	-2	-2	minor	minor	i	i, minor	VII		i	i	True	VII	VII, minor		VII, minor		VII	3	3	3	-2	-2	-2	True	True	True
1364.0	2.0	170.5	62	2	D	0.0	1.5	0	2	2	1.0	1.0	1/8	True	0	86.0	86.0	86.0	86a	4	341	False	False				False	224	VII		a	i		VII	VII					M	True	True	(-2, 2, -1)	()	-2	-2	minor	minor	i	i, minor	VII		i	i	True	VII	VII, minor		VII, minor		VII	3	3	3	-1	-1	-1	True	False	False
1366.0	2.0	170.75	64	4	E	0.0	1.75	0	2	2	1.0	1.0	1/8	True	0	86.0	86.0	86.0	86a	4	683/2	False	False				False	224	VII		a	i		VII	VII					M	True	True	(-2, 2, -1)	()	-2	-2	minor	minor	i	i, minor	VII		i	i	True	VII	VII, minor		VII, minor		VII	3	3	3	1	1	1	False	False	False
1368.0	8.0	171.0	50	2	D	0.0	2.0	2	2	2	2.0	1.0	1/2	True	0	86.0	86.0	86.0	86a	3	342	False	True				False	225	iv		a	i		iv	iv					m	True	True	(-1, -4, 0)	()	-1	-1	minor	minor	i	i, minor	iv		i	i	True	iv	iv, minor		iv, minor		iv	3	3	3	-1	-1	-1	True	True	True
1368.0	2.0	171.0	65	-1	F	0.0	2.0	2	2	2	1.0	1.0	1/8	True	0	86.0	86.0	86.0	86a	4	342	False	True				False	225	iv		a	i		iv	iv					m	True	True	(-1, -4, 0)	()	-1	-1	minor	minor	i	i, minor	iv		i	i	True	iv	iv, minor		iv, minor		iv	3	3	3	-4	-4	-4	True	False	False
1370.0	2.0	171.25	67	1	G	0.0	2.25	0	2	2	1.0	1.0	1/8	True	0	86.0	86.0	86.0	86a	4	685/2	False	False				False	225	iv		a	i		iv	iv					m	True	True	(-1, -4, 0)	()	-1	-1	minor	minor	i	i, minor	iv		i	i	True	iv	iv, minor		iv, minor		iv	3	3	3	-2	-2	-2	False	False	False
1372.0	2.0	171.5	69	3	A	0.0	2.5	0	2	2	1.0	1.0	1/8	True	0	86.0	86.0	86.0	86a	4	343	False	False				False	225	iv		a	i		iv	iv					m	True	True	(-1, -4, 0)	()	-1	-1	minor	minor	i	i, minor	iv		i	i	True	iv	iv, minor		iv, minor		iv	3	3	3	0	0	0	True	False	False
1374.0	2.0	171.75	71	5	B	0.0	2.75	0	2	2	1.0	1.0	1/8	True	0	86.0	86.0	86.0	86a	4	687/2	False	False				False	225	iv		a	i		iv	iv					m	True	True	(-1, -4, 0)	()	-1	-1	minor	minor	i	i, minor	iv		i	i	True	iv	iv, minor		iv, minor		iv	3	3	3	2	2	2	False	False	False
1376.0	8.0	172.0	45	3	A	0.0	1.0	1	2	2	2.0	1.0	1/2	True	0	87.0	87.0	87.0	87a	2	344	False	True				False	226	i		a	i		i	i					m	True	True	(0, -3, 1)	()	0	0	minor	minor	i	i, minor	i		i	i	True	i	i, minor		i, minor		i	3	3	3	0	0	0	True	True	True
1376.0	2.0	172.0	72	0	C	0.0	1.0	1	2	2	1.0	1.0	1/8	True	0	87.0	87.0	87.0	87a	5	344	False	True				False	226	i		a	i		i	i					m	True	True	(0, -3, 1)	()	0	0	minor	minor	i	i, minor	i		i	i	True	i	i, minor		i, minor		i	3	3	3	-3	-3	-3	True	False	False
1378.0	2.0	172.25	72	0	C	0.0	1.25	0	2	2	1.0	1.0	1/8	True	0	87.0	87.0	87.0	87a	5	689/2	False	False				False	226	i		a	i		i	i					m	True	True	(0, -3, 1)	()	0	0	minor	minor	i	i, minor	i		i	i	True	i	i, minor		i, minor		i	3	3	3	-3	-3	-3	True	False	False
1380.0	2.0	172.5	64	4	E	0.0	1.5	0	2	2	1.0	1.0	1/8	True	0	87.0	87.0	87.0	87a	4	345	False	False				False	226	i		a	i		i	i					m	True	True	(0, -3, 1)	()	0	0	minor	minor	i	i, minor	i		i	i	True	i	i, minor		i, minor		i	3	3	3	1	1	1	True	False	False
1382.0	2.0	172.75	65	-1	F	0.0	1.75	0	2	2	1.0	1.0	1/8	True	0	87.0	87.0	87.0	87a	4	691/2	False	False				False	226	i		a	i		i	i					m	True	True	(0, -3, 1)	()	0	0	minor	minor	i	i, minor	i		i	i	True	i	i, minor		i, minor		i	3	3	3	-4	-4	-4	False	False	False
1384.0	8.0	173.0	52	4	E	0.0	2.0	2	2	2	2.0	1.0	1/2	True	0	87.0	87.0	87.0	87a	3	346	False	True				False	227	v		a	i		v	v					m	True	True	(1, -2, 2)	()	1	1	minor	minor	i	i, minor	v		i	i	True	v	v, minor		v, minor		v	3	3	3	1	1	1	True	True	True
1384.0	2.0	173.0	67	1	G	0.0	2.0	2	2	2	1.0	1.0	1/8	True	0	87.0	87.0	87.0	87a	4	346	False	True				False	227	v		a	i		v	v					m	True	True	(1, -2, 2)	()	1	1	minor	minor	i	i, minor	v		i	i	True	v	v, minor		v, minor		v	3	3	3	-2	-2	-2	True	False	False
1386.0	2.0	173.25	69	3	A	0.0	2.25	0	2	2	1.0	1.0	1/8	True	0	87.0	87.0	87.0	87a	4	693/2	False	False				False	227	v		a	i		v	v					m	True	True	(1, -2, 2)	()	1	1	minor	minor	i	i, minor	v		i	i	True	v	v, minor		v, minor		v	3	3	3	0	0	0	False	False	False
1388.0	2.0	173.5	71	5	B	0.0	2.5	0	2	2	1.0	1.0	1/8	True	0	87.0	87.0	87.0	87a	4	347	False	False				False	227	v		a	i		v	v					m	True	True	(1, -2, 2)	()	1	1	minor	minor	i	i, minor	v		i	i	True	v	v, minor		v, minor		v	3	3	3	2	2	2	True	False	False
1390.0	2.0	173.75	72	0	C	0.0	2.75	0	2	2	1.0	1.0	1/8	True	0	87.0	87.0	87.0	87a	5	695/2	False	False				False	227	v		a	i		v	v					m	True	True	(1, -2, 2)	()	1	1	minor	minor	i	i, minor	v		i	i	True	v	v, minor		v, minor		v	3	3	3	-3	-3	-3	False	False	False
1392.0	4.0	174.0	47	5	B	0.0	1.0	1	2	2	2.0	1.0	1/4	True	0	88.0	88.0	88.0	88a	2	348	False	True				False	228	VII6		a	i		VII6	VII		6			M	True	True	(2, -1, -2)	()	-2	2	minor	minor	i	i, minor	VII		i	i	True	VII6	VII6, minor		VII6, minor		VII	3	3	3	2	2	2	True	False	True
1392.0	2.0	174.0	74	2	D	0.0	1.0	1	2	2	1.0	1.0	1/8	True	0	88.0	88.0	88.0	88a	5	348	False	True				False	228	VII6		a	i		VII6	VII		6			M	True	True	(2, -1, -2)	()	-2	2	minor	minor	i	i, minor	VII		i	i	True	VII6	VII6, minor		VII6, minor		VII	3	3	3	-1	-1	-1	True	False	False
1394.0	2.0	174.25	74	2	D	0.0	1.25	0	2	2	1.0	1.0	1/8	True	0	88.0	88.0	88.0	88a	5	697/2	False	False				False	228	VII6		a	i		VII6	VII		6			M	True	True	(2, -1, -2)	()	-2	2	minor	minor	i	i, minor	VII		i	i	True	VII6	VII6, minor		VII6, minor		VII	3	3	3	-1	-1	-1	True	False	False
1396.0	4.0	174.5	48	0	C	0.0	1.5	0	2	2	2.0	1.0	1/4	True	0	88.0	88.0	88.0	88a	3	349	False	True				False	229	III		a	i		III	III					M	True	True	(-3, 1, -2)	()	-3	-3	minor	minor	i	i, minor	III		i	i	True	III	III, minor		III, minor		III	3	3	3	-3	-3	-3	True	True	True
1396.0	2.0	174.5	72	0	C	0.0	1.5	0	2	2	1.0	1.0	1/8	True	0	88.0	88.0	88.0	88a	5	349	False	True				False	229	III		a	i		III	III					M	True	True	(-3, 1, -2)	()	-3	-3	minor	minor	i	i, minor	III		i	i	True	III	III, minor		III, minor		III	3	3	3	-3	-3	-3	True	True	True
1398.0	2.0	174.75	71	5	B	0.0	1.75	0	2	2	1.0	1.0	1/8	True	0	88.0	88.0	88.0	88a	4	699/2	False	False				False	229	III		a	i		III	III					M	True	True	(-3, 1, -2)	()	-3	-3	minor	minor	i	i, minor	III		i	i	True	III	III, minor		III, minor		III	3	3	3	2	2	2	False	False	False
1400.0	8.0	175.0	50	2	D	0.0	2.0	2	2	2	2.0	1.0	1/2	True	0	88.0	88.0	88.0	88a	3	350	False	True				False	230	iv		a	i		iv	iv					m	True	True	(-1, -4, 0)	()	-1	-1	minor	minor	i	i, minor	iv		i	i	True	iv	iv, minor		iv, minor		iv	3	3	3	-1	-1	-1	True	True	True
1400.0	6.0	175.0	69	3	A	0.0	2.0	2	2	2	1.0	1.0	3/8	True	0	88.0	88.0	88.0	88a	4	350	False	True				False	230	iv		a	i		iv	iv					m	True	True	(-1, -4, 0)	()	-1	-1	minor	minor	i	i, minor	iv		i	i	True	iv	iv, minor		iv, minor		iv	3	3	3	0	0	0	True	False	False
1406.0	2.0	175.75	71	5	B	0.0	2.75	0	2	2	1.0	1.0	1/8	True	0	88.0	88.0	88.0	88a	4	703/2	False	False				False	230	iv		a	i		iv	iv					m	True	True	(-1, -4, 0)	()	-1	-1	minor	minor	i	i, minor	iv		i	i	True	iv	iv, minor		iv, minor		iv	3	3	3	2	2	2	False	False	False
1408.0	8.0	176.0	52	4	E	0.0	1.0	1	2	2	2.0	1.0	1/2	True	0	89.0	89.0	89.0	89a	3	352	False	True			\\	True	231	V\\		a	i		V	V					M	True	True	(1, 5, 2)	()	1	1	minor	minor	i	i, minor	V		i	i	True	V	V, minor		V, minor		V	3	3	3	1	1	1	True	True	True
1408.0	8.0	176.0	68	8	G	1.0	1.0	1	2	2	1.0	1.0	1/2	True	0	89.0	89.0	89.0	89a	4	352	False	True			\\	True	231	V\\		a	i		V	V					M	True	True	(1, 5, 2)	()	1	1	minor	minor	i	i, minor	V		i	i	True	V	V, minor		V, minor		V	3	3	3	5	5	5	True	False	False
1416.0	8.0	177.0	56	8	G	1.0	2.0	2	2	2	2.0	1.0	1/2	True	0	89.0	89.0	89.0	89a	3	354	False	True				False	232	V6		a	i		V6	V		6			M	True	True	(5, 2, 1)	()	1	5	minor	minor	i	i, minor	V		i	i	True	V6	V6, minor		V6, minor		V	3	3	3	5	5	5	True	False	True
1420.0	4.0	177.5	71	5	B	0.0	2.5	0	2	2	1.0	1.0	1/4	True	0	89.0	89.0	89.0	89a	4	355	False	False				False	232	V6		a	i		V6	V		6			M	True	True	(5, 2, 1)	()	1	5	minor	minor	i	i, minor	V		i	i	True	V6	V6, minor		V6, minor		V	3	3	3	2	2	2	True	False	False
1424.0	8.0	178.0	56	8	G	1.0	1.0	1	2	2	2.0	1.0	1/2	False	0	90.0	90.0	90.0	90a	3	356	False	False				False	232	V6		a	i		V6	V		6			M	True	True	(5, 2, 1)	()	1	5	minor	minor	i	i, minor	V		i	i	True	V6	V6, minor		V6, minor		V	3	3	3	5	5	5	True	False	True
1424.0	4.0	178.0	71	5	B	0.0	1.0	1	2	2	1.0	1.0	1/4	False	0	90.0	90.0	90.0	90a	4	356	False	False				False	232	V6		a	i		V6	V		6			M	True	True	(5, 2, 1)	()	1	5	minor	minor	i	i, minor	V		i	i	True	V6	V6, minor		V6, minor		V	3	3	3	2	2	2	True	False	False
1428.0	2.0	178.5	71	5	B	0.0	1.5	0	2	2	1.0	1.0	1/8	True	0	90.0	90.0	90.0	90a	4	357	False	False				False	232	V6		a	i		V6	V		6			M	True	True	(5, 2, 1)	()	1	5	minor	minor	i	i, minor	V		i	i	True	V6	V6, minor		V6, minor		V	3	3	3	2	2	2	True	False	False
1430.0	2.0	178.75	71	5	B	0.0	1.75	0	2	2	1.0	1.0	1/8	True	0	90.0	90.0	90.0	90a	4	715/2	False	False				False	232	V6		a	i		V6	V		6			M	True	True	(5, 2, 1)	()	1	5	minor	minor	i	i, minor	V		i	i	True	V6	V6, minor		V6, minor		V	3	3	3	2	2	2	True	False	False
1432.0	8.0	179.0	56	8	G	1.0	2.0	2	2	2	2.0	1.0	1/2	True	0	90.0	90.0	90.0	90a	3	358	False	False				False	232	V6		a	i		V6	V		6			M	True	True	(5, 2, 1)	()	1	5	minor	minor	i	i, minor	V		i	i	True	V6	V6, minor		V6, minor		V	3	3	3	5	5	5	True	False	True
1432.0	6.0	179.0	71	5	B	0.0	2.0	2	2	2	1.0	1.0	3/8	True	0	90.0	90.0	90.0	90a	4	358	False	False				False	232	V6		a	i		V6	V		6			M	True	True	(5, 2, 1)	()	1	5	minor	minor	i	i, minor	V		i	i	True	V6	V6, minor		V6, minor		V	3	3	3	2	2	2	True	False	False
1438.0	2.0	179.75	69	3	A	0.0	2.75	0	2	2	1.0	1.0	1/8	True	0	90.0	90.0	90.0	90a	4	719/2	False	False				False	232	V6		a	i		V6	V		6			M	True	True	(5, 2, 1)	()	1	5	minor	minor	i	i, minor	V		i	i	True	V6	V6, minor		V6, minor		V	3	3	3	0	0	0	False	False	False
1440.0	12.0	180.0	56	8	G	1.0	1.0	1	2	2	3.0	1.0	3/4	True	0	91.0	91.0	91.0	91a	3	360	False	False				False	232	V6		a	i		V6	V		6			M	True	True	(5, 2, 1)	()	1	5	minor	minor	i	i, minor	V		i	i	True	V6	V6, minor		V6, minor		V	3	3	3	5	5	5	True	False	True
1440.0	3.0	180.0	71	5	B	0.0	1.0	1	2	2	1.0	1.0	3/16	True	0	91.0	91.0	91.0	91a	4	360	False	False				False	232	V6		a	i		V6	V		6			M	True	True	(5, 2, 1)	()	1	5	minor	minor	i	i, minor	V		i	i	True	V6	V6, minor		V6, minor		V	3	3	3	2	2	2	True	False	False
1443.0	1.0	180.375	71	5	B	0.0	1.375	0	2	2	1.0	1.0	1/16	True	0	91.0	91.0	91.0	91a	4	1443/4	False	False				False	232	V6		a	i		V6	V		6			M	True	True	(5, 2, 1)	()	1	5	minor	minor	i	i, minor	V		i	i	True	V6	V6, minor		V6, minor		V	3	3	3	2	2	2	True	False	False
1444.0	4.0	180.5	71	5	B	0.0	1.5	0	2	2	1.0	1.0	1/4	True	0	91.0	91.0	91.0	91a	4	361	False	False				False	232	V6		a	i		V6	V		6			M	True	True	(5, 2, 1)	()	1	5	minor	minor	i	i, minor	V		i	i	True	V6	V6, minor		V6, minor		V	3	3	3	2	2	2	True	False	False
1452.0	4.0	181.5	56	8	G	1.0	2.5	0	2	2	3.0	1.0	1/4	True	0	91.0	91.0	91.0	91a	3	363	False	False				False	232	V6		a	i		V6	V		6			M	True	True	(5, 2, 1)	()	1	5	minor	minor	i	i, minor	V		i	i	True	V6	V6, minor		V6, minor		V	3	3	3	5	5	5	True	False	True
1452.0	4.0	181.5	71	5	B	0.0	2.5	0	2	2	1.0	1.0	1/4	True	0	91.0	91.0	91.0	91a	4	363	False	False				False	232	V6		a	i		V6	V		6			M	True	True	(5, 2, 1)	()	1	5	minor	minor	i	i, minor	V		i	i	True	V6	V6, minor		V6, minor		V	3	3	3	2	2	2	True	False	False
1456.0	8.0	182.0	57	3	A	0.0	1.0	1	2	2	3.0	1.0	1/2	True	0	92.0	92.0	92.0	92a	3	364	False	True				False	233	I		a	i		I	I					M	True	True	(0, 4, 1)	()	0	0	minor	minor	i	i, minor	I		i	i	True	I	I, minor		I, minor		I	3	3	3	0	0	0	True	True	True
1456.0	4.0	182.0	73	7	C	1.0	1.0	1	2	2	1.0	1.0	1/4	True	0	92.0	92.0	92.0	92a	5	364	False	True				False	233	I		a	i		I	I					M	True	True	(0, 4, 1)	()	0	0	minor	minor	i	i, minor	I		i	i	True	I	I, minor		I, minor		I	3	3	3	4	4	4	True	False	False
1460.0	4.0	182.5	69	3	A	0.0	1.5	0	2	2	1.0	1.0	1/4	True	0	92.0	92.0	92.0	92a	4	365	False	False				False	233	I		a	i		I	I					M	True	True	(0, 4, 1)	()	0	0	minor	minor	i	i, minor	I		i	i	True	I	I, minor		I, minor		I	3	3	3	0	0	0	True	True	True
1464.0	8.0	183.0	54	6	F	1.0	2.0	2	2	2	3.0	1.0	1/2	True	0	92.0	92.0	92.0	92a	3	366	False	True				False	234	V6/VII		a	i		V6/VII	V		6		VII	M	True	True	(3, 0, -1)	()	-1	3	minor	minor	i	i, minor	V/VII	VII	VII/i	VII	False	V6/VII	V6/VII, minor		V6/VII, minor	VII	VII	3	3	1	3	3	5	True	False	True
1468.0	1.0	183.5	62	2	D	0.0	2.5	0	2	2	1.0	1.0	1/16	True	0	92.0	92.0	92.0	92a	4	367	False	False				False	234	V6/VII		a	i		V6/VII	V		6		VII	M	True	True	(3, 0, -1)	()	-1	3	minor	minor	i	i, minor	V/VII	VII	VII/i	VII	False	V6/VII	V6/VII, minor		V6/VII, minor	VII	VII	3	3	1	-1	-1	1	True	True	False
1469.0	1.0	183.625	64	4	E	0.0	2.625	0	2	2	1.0	1.0	1/16	True	0	92.0	92.0	92.0	92a	4	1469/4	False	False				False	234	V6/VII		a	i		V6/VII	V		6		VII	M	True	True	(3, 0, -1)	()	-1	3	minor	minor	i	i, minor	V/VII	VII	VII/i	VII	False	V6/VII	V6/VII, minor		V6/VII, minor	VII	VII	3	3	1	1	1	3	False	False	False
1470.0	1.0	183.75	66	6	F	1.0	2.75	0	2	2	1.0	1.0	1/16	True	0	92.0	92.0	92.0	92a	4	735/2	False	False				False	234	V6/VII		a	i		V6/VII	V		6		VII	M	True	True	(3, 0, -1)	()	-1	3	minor	minor	i	i, minor	V/VII	VII	VII/i	VII	False	V6/VII	V6/VII, minor		V6/VII, minor	VII	VII	3	3	1	3	3	5	True	False	True
1471.0	1.0	183.875	62	2	D	0.0	2.875	0	2	2	1.0	1.0	1/16	True	0	92.0	92.0	92.0	92a	4	1471/4	False	False				False	234	V6/VII		a	i		V6/VII	V		6		VII	M	True	True	(3, 0, -1)	()	-1	3	minor	minor	i	i, minor	V/VII	VII	VII/i	VII	False	V6/VII	V6/VII, minor		V6/VII, minor	VII	VII	3	3	1	-1	-1	1	True	True	False
1472.0	8.0	184.0	54	6	F	1.0	1.0	1	2	2	3.0	1.0	1/2	False	0	93.0	93.0	93.0	93a	3	368	False	True				False	235	viio/VII		a	i		viio/VII	vii	o			VII	o	True	True	(3, 0, -3)	()	3	3	minor	minor	i	i, minor	vii/VII	VII	VII/i	VII	False	viio/VII	viio/VII, minor		viio/VII, minor	VII	VII	3	3	1	3	3	5	True	True	True
1472.0	1.0	184.0	69	3	A	0.0	1.0	1	2	2	1.0	1.0	1/16	True	0	93.0	93.0	93.0	93a	4	368	False	True				False	235	viio/VII		a	i		viio/VII	vii	o			VII	o	True	True	(3, 0, -3)	()	3	3	minor	minor	i	i, minor	vii/VII	VII	VII/i	VII	False	viio/VII	viio/VII, minor		viio/VII, minor	VII	VII	3	3	1	0	0	2	True	False	False
1473.0	1.0	184.125	71	5	B	0.0	1.125	0	2	2	1.0	1.0	1/16	True	0	93.0	93.0	93.0	93a	4	1473/4	False	False				False	235	viio/VII		a	i		viio/VII	vii	o			VII	o	True	True	(3, 0, -3)	()	3	3	minor	minor	i	i, minor	vii/VII	VII	VII/i	VII	False	viio/VII	viio/VII, minor		viio/VII, minor	VII	VII	3	3	1	2	2	4	False	False	False
1474.0	1.0	184.25	72	0	C	0.0	1.25	0	2	2	1.0	1.0	1/16	True	0	93.0	93.0	93.0	93a	5	737/2	False	False				False	235	viio/VII		a	i		viio/VII	vii	o			VII	o	True	True	(3, 0, -3)	()	3	3	minor	minor	i	i, minor	vii/VII	VII	VII/i	VII	False	viio/VII	viio/VII, minor		viio/VII, minor	VII	VII	3	3	1	-3	-3	-1	True	False	False
1475.0	1.0	184.375	69	3	A	0.0	1.375	0	2	2	1.0	1.0	1/16	True	0	93.0	93.0	93.0	93a	4	1475/4	False	False				False	235	viio/VII		a	i		viio/VII	vii	o			VII	o	True	True	(3, 0, -3)	()	3	3	minor	minor	i	i, minor	vii/VII	VII	VII/i	VII	False	viio/VII	viio/VII, minor		viio/VII, minor	VII	VII	3	3	1	0	0	2	True	False	False
1476.0	8.0	184.5	74	2	D	0.0	1.5	0	2	2	1.0	1.0	1/2	True	0	93.0	93.0	93.0	93a	5	369	False	True				False	236	V6/VII		a	i		V6/VII	V		6		VII	M	True	True	(3, 0, -1)	()	-1	3	minor	minor	i	i, minor	V/VII	VII	VII/i	VII	False	V6/VII	V6/VII, minor		V6/VII, minor	VII	VII	3	3	1	-1	-1	1	True	True	False
1480.0	4.0	185.0	55	1	G	0.0	2.0	2	2	2	3.0	1.0	1/4	True	0	93.0	93.0	93.0	93a	3	370	False	True				False	237	V/III		a	i		V/III	V				III	M	True	True	(-2, 2, -1)	()	-2	-2	minor	minor	i	i, minor	V/III	III	III/i	III	False	V/III	V/III, minor		V/III, minor	III	III	3	3	0	-2	-2	1	True	True	True
1484.0	4.0	185.5	48	0	C	0.0	2.5	0	2	2	3.0	1.0	1/4	True	0	93.0	93.0	93.0	93a	3	371	False	True				False	238	III		a	i		III	III					M	True	True	(-3, 1, -2)	()	-3	-3	minor	minor	i	i, minor	III		i	i	True	III	III, minor		III, minor		III	3	3	3	-3	-3	-3	True	True	True
1484.0	2.0	185.5	76	4	E	0.0	2.5	0	2	2	1.0	1.0	1/8	True	0	93.0	93.0	93.0	93a	5	371	False	True				False	238	III		a	i		III	III					M	True	True	(-3, 1, -2)	()	-3	-3	minor	minor	i	i, minor	III		i	i	True	III	III, minor		III, minor		III	3	3	3	1	1	1	True	False	False
1486.0	2.0	185.75	74	2	D	0.0	2.75	0	2	2	1.0	1.0	1/8	True	0	93.0	93.0	93.0	93a	5	743/2	False	False				False	238	III		a	i		III	III					M	True	True	(-3, 1, -2)	()	-3	-3	minor	minor	i	i, minor	III		i	i	True	III	III, minor		III, minor		III	3	3	3	-1	-1	-1	False	False	False
1488.0	8.0	186.0	55	1	G	0.0	1.0	1	2	2	3.0	1.0	1/2	True	0	94.0	94.0	94.0	94a	3	372	False	True				False	239	V(4)/III		a	i		V(4)/III	V			4	III	M	True	True	(-2, -3, -1)	()	-2	-2	minor	minor	i	i, minor	V/III	III	III/i	III	False	V/III	V/III, minor		V(4)/III, minor	III	III	3	3	0	-2	-2	1	True	True	True
1488.0	16.0	186.0	74	2	D	0.0	1.0	1	2	2	1.0	1.0	1	True	0	94.0	94.0	94.0	94a	5	372	False	True				False	239	V(4)/III		a	i		V(4)/III	V			4	III	M	True	True	(-2, -3, -1)	()	-2	-2	minor	minor	i	i, minor	V/III	III	III/i	III	False	V/III	V/III, minor		V(4)/III, minor	III	III	3	3	0	-1	-1	2	True	False	False
1496.0	8.0	187.0	55	1	G	0.0	2.0	2	2	2	3.0	1.0	1/2	False	0	94.0	94.0	94.0	94a	3	374	False	True				False	240	V/III		a	i		V/III	V				III	M	True	True	(-2, 2, -1)	()	-2	-2	minor	minor	i	i, minor	V/III	III	III/i	III	False	V/III	V/III, minor		V/III, minor	III	III	3	3	0	-2	-2	1	True	True	True
1504.0	16.0	188.0	48	0	C	0.0	1.0	1	2	2	3.0	1.0	1	True	0	95.0	95.0	95.0	95a	3	376	False	True			\\	True	241	III\\		a	i		III	III					M	True	True	(-3, 1, -2)	()	-3	-3	minor	minor	i	i, minor	III		i	i	True	III	III, minor		III, minor		III	3	3	3	-3	-3	-3	True	True	True
1504.0	16.0	188.0	72	0	C	0.0	1.0	1	2	2	1.0	1.0	1	True	0	95.0	95.0	95.0	95a	5	376	False	True			\\	True	241	III\\		a	i		III	III					M	True	True	(-3, 1, -2)	()	-3	-3	minor	minor	i	i, minor	III		i	i	True	III	III, minor		III, minor		III	3	3	3	-3	-3	-3	True	True	True
1520.0	8.0	190.0	60	0	C	0.0	1.0	1	2	2	3.0	1.0	1/2	True	0	96.0	96.0	96.0	96a	4	380	False	False				False	241	III\\		a	i		III	III					M	True	True	(-3, 1, -2)	()	-3	-3	minor	minor	i	i, minor	III		i	i	True	III	III, minor		III, minor		III	3	3	3	-3	-3	-3	True	True	True
1524.0	4.0	190.5	64	4	E	0.0	1.5	0	2	2	2.0	1.0	1/4	True	0	96.0	96.0	96.0	96a	4	381	False	False				False	241	III\\		a	i		III	III					M	True	True	(-3, 1, -2)	()	-3	-3	minor	minor	i	i, minor	III		i	i	True	III	III, minor		III, minor		III	3	3	3	1	1	1	True	False	False
1528.0	8.0	191.0	59	5	B	0.0	2.0	2	2	2	3.0	1.0	1/2	True	0	96.0	96.0	96.0	96a	3	382	False	True				False	242	V6/III		a	i		V6/III	V		6		III	M	True	True	(2, -1, -2)	()	-2	2	minor	minor	i	i, minor	V/III	III	III/i	III	False	V6/III	V6/III, minor		V6/III, minor	III	III	3	3	0	2	2	5	True	False	True
1528.0	4.0	191.0	67	1	G	0.0	2.0	2	2	2	2.0	1.0	1/4	True	0	96.0	96.0	96.0	96a	4	382	False	True				False	242	V6/III		a	i		V6/III	V		6		III	M	True	True	(2, -1, -2)	()	-2	2	minor	minor	i	i, minor	V/III	III	III/i	III	False	V6/III	V6/III, minor		V6/III, minor	III	III	3	3	0	-2	-2	1	True	True	False
1532.0	4.0	191.5	62	2	D	0.0	2.5	0	2	2	2.0	1.0	1/4	True	0	96.0	96.0	96.0	96a	4	383	False	False				False	242	V6/III		a	i		V6/III	V		6		III	M	True	True	(2, -1, -2)	()	-2	2	minor	minor	i	i, minor	V/III	III	III/i	III	False	V6/III	V6/III, minor		V6/III, minor	III	III	3	3	0	-1	-1	2	True	False	False
1536.0	4.0	192.0	60	0	C	0.0	1.0	1	2	2	3.0	1.0	1/4	True	0	97.0	97.0	97.0	97a	4	384	False	True				False	243	III		a	i		III	III					M	True	True	(-3, 1, -2)	()	-3	-3	minor	minor	i	i, minor	III		i	i	True	III	III, minor		III, minor		III	3	3	3	-3	-3	-3	True	True	True
1536.0	4.0	192.0	64	4	E	0.0	1.0	1	2	2	2.0	1.0	1/4	True	0	97.0	97.0	97.0	97a	4	384	False	True				False	243	III		a	i		III	III					M	True	True	(-3, 1, -2)	()	-3	-3	minor	minor	i	i, minor	III		i	i	True	III	III, minor		III, minor		III	3	3	3	1	1	1	True	False	False
1540.0	4.0	192.5	59	5	B	0.0	1.5	0	2	2	2.0	1.0	1/4	True	0	97.0	97.0	97.0	97a	3	385	False	True				False	244	V6/III		a	i		V6/III	V		6		III	M	True	True	(2, -1, -2)	()	-2	2	minor	minor	i	i, minor	V/III	III	III/i	III	False	V6/III	V6/III, minor		V6/III, minor	III	III	3	3	0	2	2	5	True	False	True
1540.0	4.0	192.5	59	5	B	0.0	1.5	0	2	2	3.0	1.0	1/4	True	0	97.0	97.0	97.0	97a	3	385	False	True				False	244	V6/III		a	i		V6/III	V		6		III	M	True	True	(2, -1, -2)	()	-2	2	minor	minor	i	i, minor	V/III	III	III/i	III	False	V6/III	V6/III, minor		V6/III, minor	III	III	3	3	0	2	2	5	True	False	True
1540.0	4.0	192.5	74	2	D	0.0	1.5	0	2	2	1.0	1.0	1/4	True	0	97.0	97.0	97.0	97a	5	385	False	True				False	244	V6/III		a	i		V6/III	V		6		III	M	True	True	(2, -1, -2)	()	-2	2	minor	minor	i	i, minor	V/III	III	III/i	III	False	V6/III	V6/III, minor		V6/III, minor	III	III	3	3	0	-1	-1	2	True	False	False
1544.0	4.0	193.0	57	3	A	0.0	2.0	2	2	2	3.0	1.0	1/4	True	0	97.0	97.0	97.0	97a	3	386	False	True				False	245	i		a	i		i	i					m	True	True	(0, -3, 1)	()	0	0	minor	minor	i	i, minor	i		i	i	True	i	i, minor		i, minor		i	3	3	3	0	0	0	True	True	True
1544.0	3.0	193.0	60	0	C	0.0	2.0	2	2	2	2.0	1.0	3/16	True	0	97.0	97.0	97.0	97a	4	386	False	True				False	245	i		a	i		i	i					m	True	True	(0, -3, 1)	()	0	0	minor	minor	i	i, minor	i		i	i	True	i	i, minor		i, minor		i	3	3	3	-3	-3	-3	True	False	False
1544.0	4.0	193.0	76	4	E	0.0	2.0	2	2	2	1.0	1.0	1/4	True	0	97.0	97.0	97.0	97a	5	386	False	True				False	245	i		a	i		i	i					m	True	True	(0, -3, 1)	()	0	0	minor	minor	i	i, minor	i		i	i	True	i	i, minor		i, minor		i	3	3	3	1	1	1	True	False	False
1547.0	1.0	193.375	60	0	C	0.0	2.375	0	2	2	2.0	1.0	1/16	True	0	97.0	97.0	97.0	97a	4	1547/4	False	False				False	245	i		a	i		i	i					m	True	True	(0, -3, 1)	()	0	0	minor	minor	i	i, minor	i		i	i	True	i	i, minor		i, minor		i	3	3	3	-3	-3	-3	True	False	False
1548.0	2.0	193.5	55	1	G	0.0	2.5	0	2	2	2.0	1.0	1/8	True	0	97.0	97.0	97.0	97a	3	387	False	True				False	246	v6		a	i		v6	v		6			m	True	True	(-2, 2, 1)	()	1	-2	minor	minor	i	i, minor	v		i	i	True	v6	v6, minor		v6, minor		v	3	3	3	-2	-2	-2	True	False	True
1548.0	4.0	193.5	55	1	G	0.0	2.5	0	2	2	3.0	1.0	1/4	True	0	97.0	97.0	97.0	97a	3	387	False	True				False	246	v6		a	i		v6	v		6			m	True	True	(-2, 2, 1)	()	1	-2	minor	minor	i	i, minor	v		i	i	True	v6	v6, minor		v6, minor		v	3	3	3	-2	-2	-2	True	False	True
1548.0	4.0	193.5	71	5	B	0.0	2.5	0	2	2	1.0	1.0	1/4	True	0	97.0	97.0	97.0	97a	4	387	False	True				False	246	v6		a	i		v6	v		6			m	True	True	(-2, 2, 1)	()	1	-2	minor	minor	i	i, minor	v		i	i	True	v6	v6, minor		v6, minor		v	3	3	3	2	2	2	True	False	False
1550.0	2.0	193.75	55	1	G	0.0	2.75	0	2	2	2.0	1.0	1/8	True	0	97.0	97.0	97.0	97a	3	775/2	False	False				False	246	v6		a	i		v6	v		6			m	True	True	(-2, 2, 1)	()	1	-2	minor	minor	i	i, minor	v		i	i	True	v6	v6, minor		v6, minor		v	3	3	3	-2	-2	-2	True	False	True
1552.0	4.0	194.0	53	-1	F	0.0	1.0	1	2	2	5.0	1.0	1/4	True	0	98.0	98.0	98.0	98a	3	388	False	True				False	247	VI		a	i		VI	VI					M	True	True	(-4, 0, -3)	()	-4	-4	minor	minor	i	i, minor	VI		i	i	True	VI	VI, minor		VI, minor		VI	3	3	3	-4	-4	-4	True	True	True
1552.0	3.0	194.0	60	0	C	0.0	1.0	1	2	2	2.0	1.0	3/16	True	0	98.0	98.0	98.0	98a	4	388	False	True				False	247	VI		a	i		VI	VI					M	True	True	(-4, 0, -3)	()	-4	-4	minor	minor	i	i, minor	VI		i	i	True	VI	VI, minor		VI, minor		VI	3	3	3	-3	-3	-3	True	False	False
1552.0	4.0	194.0	72	0	C	0.0	1.0	1	2	2	1.0	1.0	1/4	True	0	98.0	98.0	98.0	98a	5	388	False	True				False	247	VI		a	i		VI	VI					M	True	True	(-4, 0, -3)	()	-4	-4	minor	minor	i	i, minor	VI		i	i	True	VI	VI, minor		VI, minor		VI	3	3	3	-3	-3	-3	True	False	False
1555.0	1.0	194.375	62	2	D	0.0	1.375	0	2	2	2.0	1.0	1/16	True	0	98.0	98.0	98.0	98a	4	1555/4	False	False				False	247	VI		a	i		VI	VI					M	True	True	(-4, 0, -3)	()	-4	-4	minor	minor	i	i, minor	VI		i	i	True	VI	VI, minor		VI, minor		VI	3	3	3	-1	-1	-1	False	False	False
1556.0	4.0	194.5	52	4	E	0.0	1.5	0	2	2	5.0	1.0	1/4	True	0	98.0	98.0	98.0	98a	3	389	False	True				False	248	v		a	i		v	v					m	True	True	(1, -2, 2)	()	1	1	minor	minor	i	i, minor	v		i	i	True	v	v, minor		v, minor		v	3	3	3	1	1	1	True	True	True
1556.0	1.0	194.5	64	4	E	0.0	1.5	0	2	2	2.0	1.0	1/16	True	0	98.0	98.0	98.0	98a	4	389	False	True				False	248	v		a	i		v	v					m	True	True	(1, -2, 2)	()	1	1	minor	minor	i	i, minor	v		i	i	True	v	v, minor		v, minor		v	3	3	3	1	1	1	True	True	True
1556.0	4.0	194.5	67	1	G	0.0	1.5	0	2	2	1.0	1.0	1/4	True	0	98.0	98.0	98.0	98a	4	389	False	True				False	248	v		a	i		v	v					m	True	True	(1, -2, 2)	()	1	1	minor	minor	i	i, minor	v		i	i	True	v	v, minor		v, minor		v	3	3	3	-2	-2	-2	True	False	False
1557.0	1.0	194.625	65	-1	F	0.0	1.625	0	2	2	2.0	1.0	1/16	True	0	98.0	98.0	98.0	98a	4	1557/4	False	False				False	248	v		a	i		v	v					m	True	True	(1, -2, 2)	()	1	1	minor	minor	i	i, minor	v		i	i	True	v	v, minor		v, minor		v	3	3	3	-4	-4	-4	False	False	False
1558.0	1.0	194.75	67	1	G	0.0	1.75	0	2	2	2.0	1.0	1/16	True	0	98.0	98.0	98.0	98a	4	779/2	False	False				False	248	v		a	i		v	v					m	True	True	(1, -2, 2)	()	1	1	minor	minor	i	i, minor	v		i	i	True	v	v, minor		v, minor		v	3	3	3	-2	-2	-2	True	False	False
1559.0	1.0	194.875	64	4	E	0.0	1.875	0	2	2	2.0	1.0	1/16	True	0	98.0	98.0	98.0	98a	4	1559/4	False	False				False	248	v		a	i		v	v					m	True	True	(1, -2, 2)	()	1	1	minor	minor	i	i, minor	v		i	i	True	v	v, minor		v, minor		v	3	3	3	1	1	1	True	True	True
1560.0	8.0	195.0	50	2	D	0.0	2.0	2	2	2	5.0	1.0	1/2	True	0	98.0	98.0	98.0	98a	3	390	False	True				False	249	iv		a	i		iv	iv					m	True	True	(-1, -4, 0)	()	-1	-1	minor	minor	i	i, minor	iv		i	i	True	iv	iv, minor		iv, minor		iv	3	3	3	-1	-1	-1	True	True	True
1560.0	3.0	195.0	67	1	G	0.0	2.0	2	2	2	2.0	1.0	3/16	True	0	98.0	98.0	98.0	98a	4	390	False	True				False	249	iv		a	i		iv	iv					m	True	True	(-1, -4, 0)	()	-1	-1	minor	minor	i	i, minor	iv		i	i	True	iv	iv, minor		iv, minor		iv	3	3	3	-2	-2	-2	False	False	False
1560.0	3.0	195.0	69	3	A	0.0	2.0	2	2	2	1.0	1.0	3/16	True	0	98.0	98.0	98.0	98a	4	390	False	True				False	249	iv		a	i		iv	iv					m	True	True	(-1, -4, 0)	()	-1	-1	minor	minor	i	i, minor	iv		i	i	True	iv	iv, minor		iv, minor		iv	3	3	3	0	0	0	True	False	False
1563.0	1.0	195.375	64	4	E	0.0	2.375	0	2	2	2.0	1.0	1/16	True	0	98.0	98.0	98.0	98a	4	1563/4	False	False				False	249	iv		a	i		iv	iv					m	True	True	(-1, -4, 0)	()	-1	-1	minor	minor	i	i, minor	iv		i	i	True	iv	iv, minor		iv, minor		iv	3	3	3	1	1	1	False	False	False
1563.0	1.0	195.375	69	3	A	0.0	2.375	0	2	2	1.0	1.0	1/16	True	0	98.0	98.0	98.0	98a	4	1563/4	False	False				False	249	iv		a	i		iv	iv					m	True	True	(-1, -4, 0)	()	-1	-1	minor	minor	i	i, minor	iv		i	i	True	iv	iv, minor		iv, minor		iv	3	3	3	0	0	0	True	False	False
1564.0	3.0	195.5	62	2	D	0.0	2.5	0	2	2	2.0	1.0	3/16	True	0	98.0	98.0	98.0	98a	4	391	False	False				False	249	iv		a	i		iv	iv					m	True	True	(-1, -4, 0)	()	-1	-1	minor	minor	i	i, minor	iv		i	i	True	iv	iv, minor		iv, minor		iv	3	3	3	-1	-1	-1	True	True	True
1564.0	2.0	195.5	65	-1	F	0.0	2.5	0	2	2	1.0	1.0	1/8	True	0	98.0	98.0	98.0	98a	4	391	False	False				False	249	iv		a	i		iv	iv					m	True	True	(-1, -4, 0)	()	-1	-1	minor	minor	i	i, minor	iv		i	i	True	iv	iv, minor		iv, minor		iv	3	3	3	-4	-4	-4	True	False	False
1566.0	2.0	195.75	65	-1	F	0.0	2.75	0	2	2	1.0	1.0	1/8	True	0	98.0	98.0	98.0	98a	4	783/2	False	False				False	249	iv		a	i		iv	iv					m	True	True	(-1, -4, 0)	()	-1	-1	minor	minor	i	i, minor	iv		i	i	True	iv	iv, minor		iv, minor		iv	3	3	3	-4	-4	-4	True	False	False
1567.0	1.0	195.875	64	4	E	0.0	2.875	0	2	2	2.0	1.0	1/16	True	0	98.0	98.0	98.0	98a	4	1567/4	False	False				False	249	iv		a	i		iv	iv					m	True	True	(-1, -4, 0)	()	-1	-1	minor	minor	i	i, minor	iv		i	i	True	iv	iv, minor		iv, minor		iv	3	3	3	1	1	1	False	False	False
1568.0	8.0	196.0	57	3	A	0.0	1.0	1	2	2	5.0	1.0	1/2	True	0	99.0	99.0	99.0	99a	3	392	False	True				False	250	V/IV		a	i		V/IV	V				IV	M	True	True	(0, 4, 1)	()	0	0	minor	minor	i	i, minor	V/IV	IV	IV/i	IV	False	V/IV	V/IV, minor		V/IV, minor	IV	IV	3	3	2	0	0	1	True	True	True
1568.0	4.0	196.0	61	7	C	1.0	1.0	1	2	2	2.0	1.0	1/4	True	0	99.0	99.0	99.0	99a	4	392	False	True				False	250	V/IV		a	i		V/IV	V				IV	M	True	True	(0, 4, 1)	()	0	0	minor	minor	i	i, minor	V/IV	IV	IV/i	IV	False	V/IV	V/IV, minor		V/IV, minor	IV	IV	3	3	2	4	4	5	True	False	False
1568.0	3.0	196.0	64	4	E	0.0	1.0	1	2	2	1.0	1.0	3/16	True	0	99.0	99.0	99.0	99a	4	392	False	True				False	250	V/IV		a	i		V/IV	V				IV	M	True	True	(0, 4, 1)	()	0	0	minor	minor	i	i, minor	V/IV	IV	IV/i	IV	False	V/IV	V/IV, minor		V/IV, minor	IV	IV	3	3	2	1	1	2	True	False	False
1571.0	1.0	196.375	62	2	D	0.0	1.375	0	2	2	1.0	1.0	1/16	True	0	99.0	99.0	99.0	99a	4	1571/4	False	False				False	250	V/IV		a	i		V/IV	V				IV	M	True	True	(0, 4, 1)	()	0	0	minor	minor	i	i, minor	V/IV	IV	IV/i	IV	False	V/IV	V/IV, minor		V/IV, minor	IV	IV	3	3	2	-1	-1	0	False	False	False
1572.0	4.0	196.5	61	7	C	1.0	1.5	0	2	2	2.0	1.0	1/4	True	0	99.0	99.0	99.0	99a	4	393	False	True				False	251	V7/IV		a	i		V7/IV	V		7		IV	Mm7	True	True	(0, 4, 1, -2)	()	0	0	minor	minor	i	i, minor	V/IV	IV	IV/i	IV	False	V7/IV	V7/IV, minor		V7/IV, minor	IV	IV	3	3	2	4	4	5	True	False	False
1572.0	1.0	196.5	64	4	E	0.0	1.5	0	2	2	1.0	1.0	1/16	True	0	99.0	99.0	99.0	99a	4	393	False	True				False	251	V7/IV		a	i		V7/IV	V		7		IV	Mm7	True	True	(0, 4, 1, -2)	()	0	0	minor	minor	i	i, minor	V/IV	IV	IV/i	IV	False	V7/IV	V7/IV, minor		V7/IV, minor	IV	IV	3	3	2	1	1	2	True	False	False
1573.0	1.0	196.625	66	6	F	1.0	1.625	0	2	2	1.0	1.0	1/16	True	0	99.0	99.0	99.0	99a	4	1573/4	False	False				False	251	V7/IV		a	i		V7/IV	V		7		IV	Mm7	True	True	(0, 4, 1, -2)	()	0	0	minor	minor	i	i, minor	V/IV	IV	IV/i	IV	False	V7/IV	V7/IV, minor		V7/IV, minor	IV	IV	3	3	2	3	3	4	False	False	False
1574.0	1.0	196.75	67	1	G	0.0	1.75	0	2	2	1.0	1.0	1/16	True	0	99.0	99.0	99.0	99a	4	787/2	False	False				False	251	V7/IV		a	i		V7/IV	V		7		IV	Mm7	True	True	(0, 4, 1, -2)	()	0	0	minor	minor	i	i, minor	V/IV	IV	IV/i	IV	False	V7/IV	V7/IV, minor		V7/IV, minor	IV	IV	3	3	2	-2	-2	-1	True	False	False
1575.0	1.0	196.875	64	4	E	0.0	1.875	0	2	2	1.0	1.0	1/16	True	0	99.0	99.0	99.0	99a	4	1575/4	False	False				False	251	V7/IV		a	i		V7/IV	V		7		IV	Mm7	True	True	(0, 4, 1, -2)	()	0	0	minor	minor	i	i, minor	V/IV	IV	IV/i	IV	False	V7/IV	V7/IV, minor		V7/IV, minor	IV	IV	3	3	2	1	1	2	True	False	False
1576.0	8.0	197.0	50	2	D	0.0	2.0	2	2	2	5.0	1.0	1/2	True	0	99.0	99.0	99.0	99a	3	394	False	True				False	252	IV		a	i		IV	IV					M	True	True	(-1, 3, 0)	()	-1	-1	minor	minor	i	i, minor	IV		i	i	True	IV	IV, minor		IV, minor		IV	3	3	3	-1	-1	-1	True	True	True
1576.0	2.0	197.0	66	6	F	1.0	2.0	2	2	2	1.0	1.0	1/8	True	0	99.0	99.0	99.0	99a	4	394	False	True				False	252	IV		a	i		IV	IV					M	True	True	(-1, 3, 0)	()	-1	-1	minor	minor	i	i, minor	IV		i	i	True	IV	IV, minor		IV, minor		IV	3	3	3	3	3	3	True	False	False
1578.0	2.0	197.25	66	6	F	1.0	2.25	0	2	2	1.0	1.0	1/8	True	0	99.0	99.0	99.0	99a	4	789/2	False	False				False	252	IV		a	i		IV	IV					M	True	True	(-1, 3, 0)	()	-1	-1	minor	minor	i	i, minor	IV		i	i	True	IV	IV, minor		IV, minor		IV	3	3	3	3	3	3	True	False	False
1580.0	1.0	197.5	59	5	B	0.0	2.5	0	2	2	2.0	1.0	1/16	True	0	99.0	99.0	99.0	99a	3	395	False	True				False	253	vi/IV		a	i		vi/IV	vi				IV	m	True	True	(2, -1, 3)	()	2	2	minor	minor	i	i, minor	vi/IV	IV	IV/i	IV	False	vi/IV	vi/IV, minor		vi/IV, minor	IV	IV	3	3	2	2	2	3	True	True	True
1580.0	1.0	197.5	62	2	D	0.0	2.5	0	2	2	1.0	1.0	1/16	True	0	99.0	99.0	99.0	99a	4	395	False	True				False	253	vi/IV		a	i		vi/IV	vi				IV	m	True	True	(2, -1, 3)	()	2	2	minor	minor	i	i, minor	vi/IV	IV	IV/i	IV	False	vi/IV	vi/IV, minor		vi/IV, minor	IV	IV	3	3	2	-1	-1	0	True	False	False
1581.0	1.0	197.625	61	7	C	1.0	2.625	0	2	2	2.0	1.0	1/16	True	0	99.0	99.0	99.0	99a	4	1581/4	False	False				False	253	vi/IV		a	i		vi/IV	vi				IV	m	True	True	(2, -1, 3)	()	2	2	minor	minor	i	i, minor	vi/IV	IV	IV/i	IV	False	vi/IV	vi/IV, minor		vi/IV, minor	IV	IV	3	3	2	4	4	5	False	False	False
1581.0	1.0	197.625	64	4	E	0.0	2.625	0	2	2	1.0	1.0	1/16	True	0	99.0	99.0	99.0	99a	4	1581/4	False	False				False	253	vi/IV		a	i		vi/IV	vi				IV	m	True	True	(2, -1, 3)	()	2	2	minor	minor	i	i, minor	vi/IV	IV	IV/i	IV	False	vi/IV	vi/IV, minor		vi/IV, minor	IV	IV	3	3	2	1	1	2	False	False	False
1582.0	1.0	197.75	62	2	D	0.0	2.75	0	2	2	2.0	1.0	1/16	True	0	99.0	99.0	99.0	99a	4	791/2	False	True				False	254	IV		a	i		IV	IV					M	True	True	(-1, 3, 0)	()	-1	-1	minor	minor	i	i, minor	IV		i	i	True	IV	IV, minor		IV, minor		IV	3	3	3	-1	-1	-1	True	True	True
1582.0	1.0	197.75	66	6	F	1.0	2.75	0	2	2	1.0	1.0	1/16	True	0	99.0	99.0	99.0	99a	4	791/2	False	True				False	254	IV		a	i		IV	IV					M	True	True	(-1, 3, 0)	()	-1	-1	minor	minor	i	i, minor	IV		i	i	True	IV	IV, minor		IV, minor		IV	3	3	3	3	3	3	True	False	False
1583.0	1.0	197.875	64	4	E	0.0	2.875	0	2	2	2.0	1.0	1/16	True	0	99.0	99.0	99.0	99a	4	1583/4	False	False				False	254	IV		a	i		IV	IV					M	True	True	(-1, 3, 0)	()	-1	-1	minor	minor	i	i, minor	IV		i	i	True	IV	IV, minor		IV, minor		IV	3	3	3	1	1	1	False	False	False
1583.0	1.0	197.875	67	1	G	0.0	2.875	0	2	2	1.0	1.0	1/16	True	0	99.0	99.0	99.0	99a	4	1583/4	False	False				False	254	IV		a	i		IV	IV					M	True	True	(-1, 3, 0)	()	-1	-1	minor	minor	i	i, minor	IV		i	i	True	IV	IV, minor		IV, minor		IV	3	3	3	-2	-2	-2	False	False	False
1584.0	4.0	198.0	50	2	D	0.0	1.0	1	2	2	5.0	1.0	1/4	False	0	100.0	100.0	100.0	100a	3	396	False	False				False	254	IV		a	i		IV	IV					M	True	True	(-1, 3, 0)	()	-1	-1	minor	minor	i	i, minor	IV		i	i	True	IV	IV, minor		IV, minor		IV	3	3	3	-1	-1	-1	True	True	True
1584.0	4.0	198.0	66	6	F	1.0	1.0	1	2	2	2.0	1.0	1/4	True	0	100.0	100.0	100.0	100a	4	396	False	False				False	254	IV		a	i		IV	IV					M	True	True	(-1, 3, 0)	()	-1	-1	minor	minor	i	i, minor	IV		i	i	True	IV	IV, minor		IV, minor		IV	3	3	3	3	3	3	True	False	False
1584.0	4.0	198.0	69	3	A	0.0	1.0	1	2	2	1.0	1.0	1/4	True	0	100.0	100.0	100.0	100a	4	396	False	False				False	254	IV		a	i		IV	IV					M	True	True	(-1, 3, 0)	()	-1	-1	minor	minor	i	i, minor	IV		i	i	True	IV	IV, minor		IV, minor		IV	3	3	3	0	0	0	True	False	False
1588.0	4.0	198.5	47	5	B	0.0	1.5	0	2	2	5.0	1.0	1/4	True	0	100.0	100.0	100.0	100a	2	397	False	True				False	255	VII6		a	i		VII6	VII		6			M	True	True	(2, -1, -2)	()	-2	2	minor	minor	i	i, minor	VII		i	i	True	VII6	VII6, minor		VII6, minor		VII	3	3	3	2	2	2	True	False	True
1588.0	2.0	198.5	67	1	G	0.0	1.5	0	2	2	2.0	1.0	1/8	True	0	100.0	100.0	100.0	100a	4	397	False	True				False	255	VII6		a	i		VII6	VII		6			M	True	True	(2, -1, -2)	()	-2	2	minor	minor	i	i, minor	VII		i	i	True	VII6	VII6, minor		VII6, minor		VII	3	3	3	-2	-2	-2	True	True	False
1588.0	2.0	198.5	71	5	B	0.0	1.5	0	2	2	1.0	1.0	1/8	True	0	100.0	100.0	100.0	100a	4	397	False	True				False	255	VII6		a	i		VII6	VII		6			M	True	True	(2, -1, -2)	()	-2	2	minor	minor	i	i, minor	VII		i	i	True	VII6	VII6, minor		VII6, minor		VII	3	3	3	2	2	2	True	False	True
1590.0	2.0	198.75	67	1	G	0.0	1.75	0	2	2	2.0	1.0	1/8	True	0	100.0	100.0	100.0	100a	4	795/2	False	False				False	255	VII6		a	i		VII6	VII		6			M	True	True	(2, -1, -2)	()	-2	2	minor	minor	i	i, minor	VII		i	i	True	VII6	VII6, minor		VII6, minor		VII	3	3	3	-2	-2	-2	True	True	False
1590.0	2.0	198.75	71	5	B	0.0	1.75	0	2	2	1.0	1.0	1/8	True	0	100.0	100.0	100.0	100a	4	795/2	False	False				False	255	VII6		a	i		VII6	VII		6			M	True	True	(2, -1, -2)	()	-2	2	minor	minor	i	i, minor	VII		i	i	True	VII6	VII6, minor		VII6, minor		VII	3	3	3	2	2	2	True	False	True
1592.0	4.0	199.0	45	3	A	0.0	2.0	2	2	2	5.0	1.0	1/4	True	0	100.0	100.0	100.0	100a	2	398	False	True				False	256	viio6(2)/VII		a	i		viio6(2)/VII	vii	o	6	2	VII	o	True	True	(0, -3, -2)	()	3	0	minor	minor	i	i, minor	vii/VII	VII	VII/i	VII	False	viio6/VII	viio6/VII, minor		viio6(2)/VII, minor	VII	VII	3	3	1	0	0	2	True	False	True
1592.0	6.0	199.0	67	1	G	0.0	2.0	2	2	2	2.0	1.0	3/8	True	0	100.0	100.0	100.0	100a	4	398	False	True				False	256	viio6(2)/VII		a	i		viio6(2)/VII	vii	o	6	2	VII	o	True	True	(0, -3, -2)	()	3	0	minor	minor	i	i, minor	vii/VII	VII	VII/i	VII	False	viio6/VII	viio6/VII, minor		viio6(2)/VII, minor	VII	VII	3	3	1	-2	-2	0	True	False	False
1592.0	8.0	199.0	72	0	C	0.0	2.0	2	2	2	1.0	1.0	1/2	True	0	100.0	100.0	100.0	100a	5	398	False	True				False	256	viio6(2)/VII		a	i		viio6(2)/VII	vii	o	6	2	VII	o	True	True	(0, -3, -2)	()	3	0	minor	minor	i	i, minor	vii/VII	VII	VII/i	VII	False	viio6/VII	viio6/VII, minor		viio6(2)/VII, minor	VII	VII	3	3	1	-3	-3	-1	True	False	False
1596.0	4.0	199.5	45	3	A	0.0	2.5	0	2	2	5.0	1.0	1/4	False	0	100.0	100.0	100.0	100a	2	399	False	False				False	256	viio6(2)/VII		a	i		viio6(2)/VII	vii	o	6	2	VII	o	True	True	(0, -3, -2)	()	3	0	minor	minor	i	i, minor	vii/VII	VII	VII/i	VII	False	viio6/VII	viio6/VII, minor		viio6(2)/VII, minor	VII	VII	3	3	1	0	0	2	True	False	True
1596.0	4.0	199.5	60	0	C	0.0	2.5	0	2	2	3.0	1.0	1/4	True	0	100.0	100.0	100.0	100a	4	399	False	False				False	256	viio6(2)/VII		a	i		viio6(2)/VII	vii	o	6	2	VII	o	True	True	(0, -3, -2)	()	3	0	minor	minor	i	i, minor	vii/VII	VII	VII/i	VII	False	viio6/VII	viio6/VII, minor		viio6(2)/VII, minor	VII	VII	3	3	1	-3	-3	-1	True	False	False
1598.0	2.0	199.75	66	6	F	1.0	2.75	0	2	2	2.0	1.0	1/8	True	0	100.0	100.0	100.0	100a	4	799/2	False	True				False	257	viio6/VII		a	i		viio6/VII	vii	o	6		VII	o	True	True	(0, -3, 3)	()	3	0	minor	minor	i	i, minor	vii/VII	VII	VII/i	VII	False	viio6/VII	viio6/VII, minor		viio6/VII, minor	VII	VII	3	3	1	3	3	5	True	True	False
1600.0	4.0	200.0	43	1	G	0.0	1.0	1	2	2	5.0	1.0	1/4	True	0	101.0	101.0	101.0	101a	2	400	False	True			\\	True	258	VII\\		a	i		VII	VII					M	True	True	(-2, 2, -1)	()	-2	-2	minor	minor	i	i, minor	VII		i	i	True	VII	VII, minor		VII, minor		VII	3	3	3	-2	-2	-2	True	True	True
1600.0	4.0	200.0	62	2	D	0.0	1.0	1	2	2	3.0	1.0	1/4	True	0	101.0	101.0	101.0	101a	4	400	False	True			\\	True	258	VII\\		a	i		VII	VII					M	True	True	(-2, 2, -1)	()	-2	-2	minor	minor	i	i, minor	VII		i	i	True	VII	VII, minor		VII, minor		VII	3	3	3	-1	-1	-1	True	False	False
1600.0	8.0	200.0	67	1	G	0.0	1.0	1	2	2	2.0	1.0	1/2	True	0	101.0	101.0	101.0	101a	4	400	False	True			\\	True	258	VII\\		a	i		VII	VII					M	True	True	(-2, 2, -1)	()	-2	-2	minor	minor	i	i, minor	VII		i	i	True	VII	VII, minor		VII, minor		VII	3	3	3	-2	-2	-2	True	True	True
1600.0	8.0	200.0	71	5	B	0.0	1.0	1	2	2	1.0	1.0	1/2	True	0	101.0	101.0	101.0	101a	4	400	False	True			\\	True	258	VII\\		a	i		VII	VII					M	True	True	(-2, 2, -1)	()	-2	-2	minor	minor	i	i, minor	VII		i	i	True	VII	VII, minor		VII, minor		VII	3	3	3	2	2	2	True	False	False
1604.0	4.0	200.5	43	1	G	0.0	1.5	0	2	2	5.0	1.0	1/4	False	0	101.0	101.0	101.0	101a	2	401	False	False				False	258	VII\\		a	i		VII	VII					M	True	True	(-2, 2, -1)	()	-2	-2	minor	minor	i	i, minor	VII		i	i	True	VII	VII, minor		VII, minor		VII	3	3	3	-2	-2	-2	True	True	True
1604.0	4.0	200.5	55	1	G	0.0	1.5	0	2	2	4.0	1.0	1/4	True	0	101.0	101.0	101.0	101a	3	401	False	False				False	258	VII\\		a	i		VII	VII					M	True	True	(-2, 2, -1)	()	-2	-2	minor	minor	i	i, minor	VII		i	i	True	VII	VII, minor		VII, minor		VII	3	3	3	-2	-2	-2	True	True	True
1604.0	4.0	200.5	59	5	B	0.0	1.5	0	2	2	3.0	1.0	1/4	True	0	101.0	101.0	101.0	101a	3	401	False	False				False	258	VII\\		a	i		VII	VII					M	True	True	(-2, 2, -1)	()	-2	-2	minor	minor	i	i, minor	VII		i	i	True	VII	VII, minor		VII, minor		VII	3	3	3	2	2	2	True	False	False
1608.0	4.0	201.0	57	3	A	0.0	2.0	2	2	2	4.0	1.0	1/4	True	0	101.0	101.0	101.0	101a	3	402	False	True				False	259	i		a	i		i	i					m	True	True	(0, -3, 1)	()	0	0	minor	minor	i	i, minor	i		i	i	True	i	i, minor		i, minor		i	3	3	3	0	0	0	True	True	True
1608.0	4.0	201.0	57	3	A	0.0	2.0	2	2	2	5.0	1.0	1/4	True	0	101.0	101.0	101.0	101a	3	402	False	True				False	259	i		a	i		i	i					m	True	True	(0, -3, 1)	()	0	0	minor	minor	i	i, minor	i		i	i	True	i	i, minor		i, minor		i	3	3	3	0	0	0	True	True	True
1608.0	4.0	201.0	60	0	C	0.0	2.0	2	2	2	3.0	1.0	1/4	True	0	101.0	101.0	101.0	101a	4	402	False	True				False	259	i		a	i		i	i					m	True	True	(0, -3, 1)	()	0	0	minor	minor	i	i, minor	i		i	i	True	i	i, minor		i, minor		i	3	3	3	-3	-3	-3	True	False	False
1612.0	4.0	201.5	52	4	E	0.0	2.5	0	2	2	4.0	1.0	1/4	True	0	101.0	101.0	101.0	101a	3	403	False	True				False	260	v		a	i		v	v					m	True	True	(1, -2, 2)	()	1	1	minor	minor	i	i, minor	v		i	i	True	v	v, minor		v, minor		v	3	3	3	1	1	1	True	True	True
1612.0	4.0	201.5	52	4	E	0.0	2.5	0	2	2	5.0	1.0	1/4	True	0	101.0	101.0	101.0	101a	3	403	False	True				False	260	v		a	i		v	v					m	True	True	(1, -2, 2)	()	1	1	minor	minor	i	i, minor	v		i	i	True	v	v, minor		v, minor		v	3	3	3	1	1	1	True	True	True
1612.0	4.0	201.5	55	1	G	0.0	2.5	0	2	2	3.0	1.0	1/4	True	0	101.0	101.0	101.0	101a	3	403	False	True				False	260	v		a	i		v	v					m	True	True	(1, -2, 2)	()	1	1	minor	minor	i	i, minor	v		i	i	True	v	v, minor		v, minor		v	3	3	3	-2	-2	-2	True	False	False
1616.0	4.0	202.0	53	-1	F	0.0	1.0	1	2	2	4.0	1.0	1/4	True	0	102.0	102.0	102.0	102a	3	404	False	True				False	261	VI		a	i		VI	VI					M	True	True	(-4, 0, -3)	()	-4	-4	minor	minor	i	i, minor	VI		i	i	True	VI	VI, minor		VI, minor		VI	3	3	3	-4	-4	-4	True	True	True
1616.0	4.0	202.0	53	-1	F	0.0	1.0	1	2	2	5.0	1.0	1/4	True	0	102.0	102.0	102.0	102a	3	404	False	True				False	261	VI		a	i		VI	VI					M	True	True	(-4, 0, -3)	()	-4	-4	minor	minor	i	i, minor	VI		i	i	True	VI	VI, minor		VI, minor		VI	3	3	3	-4	-4	-4	True	True	True
1616.0	3.0	202.0	57	3	A	0.0	1.0	1	2	2	3.0	1.0	3/16	True	0	102.0	102.0	102.0	102a	3	404	False	True				False	261	VI		a	i		VI	VI					M	True	True	(-4, 0, -3)	()	-4	-4	minor	minor	i	i, minor	VI		i	i	True	VI	VI, minor		VI, minor		VI	3	3	3	0	0	0	True	False	False
1619.0	1.0	202.375	57	3	A	0.0	1.375	0	2	2	3.0	1.0	1/16	True	0	102.0	102.0	102.0	102a	3	1619/4	False	False				False	261	VI		a	i		VI	VI					M	True	True	(-4, 0, -3)	()	-4	-4	minor	minor	i	i, minor	VI		i	i	True	VI	VI, minor		VI, minor		VI	3	3	3	0	0	0	True	False	False
1620.0	4.0	202.5	48	0	C	0.0	1.5	0	2	2	4.0	1.0	1/4	True	0	102.0	102.0	102.0	102a	3	405	False	True				False	262	III		a	i		III	III					M	True	True	(-3, 1, -2)	()	-3	-3	minor	minor	i	i, minor	III		i	i	True	III	III, minor		III, minor		III	3	3	3	-3	-3	-3	True	True	True
1620.0	4.0	202.5	48	0	C	0.0	1.5	0	2	2	5.0	1.0	1/4	True	0	102.0	102.0	102.0	102a	3	405	False	True				False	262	III		a	i		III	III					M	True	True	(-3, 1, -2)	()	-3	-3	minor	minor	i	i, minor	III		i	i	True	III	III, minor		III, minor		III	3	3	3	-3	-3	-3	True	True	True
1620.0	2.0	202.5	52	4	E	0.0	1.5	0	2	2	3.0	1.0	1/8	True	0	102.0	102.0	102.0	102a	3	405	False	True				False	262	III		a	i		III	III					M	True	True	(-3, 1, -2)	()	-3	-3	minor	minor	i	i, minor	III		i	i	True	III	III, minor		III, minor		III	3	3	3	1	1	1	True	False	False
1622.0	2.0	202.75	52	4	E	0.0	1.75	0	2	2	3.0	1.0	1/8	True	0	102.0	102.0	102.0	102a	3	811/2	False	False				False	262	III		a	i		III	III					M	True	True	(-3, 1, -2)	()	-3	-3	minor	minor	i	i, minor	III		i	i	True	III	III, minor		III, minor		III	3	3	3	1	1	1	True	False	False
1624.0	3.0	203.0	52	4	E	0.0	2.0	2	2	2	4.0	1.0	3/16	True	0	102.0	102.0	102.0	102a	3	406	False	True				False	263	V		a	i		V	V					M	True	True	(1, 5, 2)	()	1	1	minor	minor	i	i, minor	V		i	i	True	V	V, minor		V, minor		V	3	3	3	1	1	1	True	True	True
1624.0	4.0	203.0	52	4	E	0.0	2.0	2	2	2	5.0	1.0	1/4	True	0	102.0	102.0	102.0	102a	3	406	False	True				False	263	V		a	i		V	V					M	True	True	(1, 5, 2)	()	1	1	minor	minor	i	i, minor	V		i	i	True	V	V, minor		V, minor		V	3	3	3	1	1	1	True	True	True
1624.0	3.0	203.0	56	8	G	1.0	2.0	2	2	2	3.0	1.0	3/16	True	0	102.0	102.0	102.0	102a	3	406	False	True				False	263	V		a	i		V	V					M	True	True	(1, 5, 2)	()	1	1	minor	minor	i	i, minor	V		i	i	True	V	V, minor		V, minor		V	3	3	3	5	5	5	True	False	False
1627.0	1.0	203.375	52	4	E	0.0	2.375	0	2	2	4.0	1.0	1/16	True	0	102.0	102.0	102.0	102a	3	1627/4	False	False				False	263	V		a	i		V	V					M	True	True	(1, 5, 2)	()	1	1	minor	minor	i	i, minor	V		i	i	True	V	V, minor		V, minor		V	3	3	3	1	1	1	True	True	True
1627.0	1.0	203.375	54	6	F	1.0	2.375	0	2	2	3.0	1.0	1/16	True	0	102.0	102.0	102.0	102a	3	1627/4	False	False				False	263	V		a	i		V	V					M	True	True	(1, 5, 2)	()	1	1	minor	minor	i	i, minor	V		i	i	True	V	V, minor		V, minor		V	3	3	3	3	3	3	False	False	False
1628.0	2.0	203.5	47	5	B	0.0	2.5	0	2	2	4.0	1.0	1/8	True	0	102.0	102.0	102.0	102a	2	407	False	True				False	264	#viio6		a	i		#viio6	#vii	o	6			o	True	True	(2, -1, 5)	()	5	2	minor	minor	i	i, minor	#vii		i	i	True	#viio6	#viio6, minor		#viio6, minor		#vii	3	3	3	2	2	2	True	False	True
1628.0	4.0	203.5	47	5	B	0.0	2.5	0	2	2	5.0	1.0	1/4	True	0	102.0	102.0	102.0	102a	2	407	False	True				False	264	#viio6		a	i		#viio6	#vii	o	6			o	True	True	(2, -1, 5)	()	5	2	minor	minor	i	i, minor	#vii		i	i	True	#viio6	#viio6, minor		#viio6, minor		#vii	3	3	3	2	2	2	True	False	True
1628.0	1.0	203.5	56	8	G	1.0	2.5	0	2	2	3.0	1.0	1/16	True	0	102.0	102.0	102.0	102a	3	407	False	True				False	264	#viio6		a	i		#viio6	#vii	o	6			o	True	True	(2, -1, 5)	()	5	2	minor	minor	i	i, minor	#vii		i	i	True	#viio6	#viio6, minor		#viio6, minor		#vii	3	3	3	5	5	5	True	True	False
1629.0	1.0	203.625	57	3	A	0.0	2.625	0	2	2	3.0	1.0	1/16	True	0	102.0	102.0	102.0	102a	3	1629/4	False	False				False	264	#viio6		a	i		#viio6	#vii	o	6			o	True	True	(2, -1, 5)	()	5	2	minor	minor	i	i, minor	#vii		i	i	True	#viio6	#viio6, minor		#viio6, minor		#vii	3	3	3	0	0	0	False	False	False
1630.0	2.0	203.75	47	5	B	0.0	2.75	0	2	2	4.0	1.0	1/8	True	0	102.0	102.0	102.0	102a	2	815/2	False	False				False	264	#viio6		a	i		#viio6	#vii	o	6			o	True	True	(2, -1, 5)	()	5	2	minor	minor	i	i, minor	#vii		i	i	True	#viio6	#viio6, minor		#viio6, minor		#vii	3	3	3	2	2	2	True	False	True
1630.0	1.0	203.75	59	5	B	0.0	2.75	0	2	2	3.0	1.0	1/16	True	0	102.0	102.0	102.0	102a	3	815/2	False	False				False	264	#viio6		a	i		#viio6	#vii	o	6			o	True	True	(2, -1, 5)	()	5	2	minor	minor	i	i, minor	#vii		i	i	True	#viio6	#viio6, minor		#viio6, minor		#vii	3	3	3	2	2	2	True	False	True
1631.0	1.0	203.875	56	8	G	1.0	2.875	0	2	2	3.0	1.0	1/16	True	0	102.0	102.0	102.0	102a	3	1631/4	False	False				False	264	#viio6		a	i		#viio6	#vii	o	6			o	True	True	(2, -1, 5)	()	5	2	minor	minor	i	i, minor	#vii		i	i	True	#viio6	#viio6, minor		#viio6, minor		#vii	3	3	3	5	5	5	True	True	False
1632.0	3.0	204.0	49	7	C	1.0	1.0	1	2	2	4.0	1.0	3/16	True	0	103.0	103.0	103.0	103a	3	408	False	True				False	265	V6/IV		a	i		V6/IV	V		6		IV	M	True	True	(4, 1, 0)	()	0	4	minor	minor	i	i, minor	V/IV	IV	IV/i	IV	False	V6/IV	V6/IV, minor		V6/IV, minor	IV	IV	3	3	2	4	4	5	True	False	True
1632.0	8.0	204.0	49	7	C	1.0	1.0	1	2	2	5.0	1.0	1/2	True	0	103.0	103.0	103.0	103a	3	408	False	True				False	265	V6/IV		a	i		V6/IV	V		6		IV	M	True	True	(4, 1, 0)	()	0	4	minor	minor	i	i, minor	V/IV	IV	IV/i	IV	False	V6/IV	V6/IV, minor		V6/IV, minor	IV	IV	3	3	2	4	4	5	True	False	True
1632.0	4.0	204.0	57	3	A	0.0	1.0	1	2	2	3.0	1.0	1/4	True	0	103.0	103.0	103.0	103a	3	408	False	True				False	265	V6/IV		a	i		V6/IV	V		6		IV	M	True	True	(4, 1, 0)	()	0	4	minor	minor	i	i, minor	V/IV	IV	IV/i	IV	False	V6/IV	V6/IV, minor		V6/IV, minor	IV	IV	3	3	2	0	0	1	True	True	False
1635.0	1.0	204.375	47	5	B	0.0	1.375	0	2	2	4.0	1.0	1/16	True	0	103.0	103.0	103.0	103a	2	1635/4	False	False				False	265	V6/IV		a	i		V6/IV	V		6		IV	M	True	True	(4, 1, 0)	()	0	4	minor	minor	i	i, minor	V/IV	IV	IV/i	IV	False	V6/IV	V6/IV, minor		V6/IV, minor	IV	IV	3	3	2	2	2	3	False	False	False
1636.0	1.0	204.5	49	7	C	1.0	1.5	0	2	2	4.0	1.0	1/16	True	0	103.0	103.0	103.0	103a	3	409	False	False				False	265	V6/IV		a	i		V6/IV	V		6		IV	M	True	True	(4, 1, 0)	()	0	4	minor	minor	i	i, minor	V/IV	IV	IV/i	IV	False	V6/IV	V6/IV, minor		V6/IV, minor	IV	IV	3	3	2	4	4	5	True	False	True
1636.0	4.0	204.5	57	3	A	0.0	1.5	0	2	2	3.0	1.0	1/4	True	0	103.0	103.0	103.0	103a	3	409	False	False				False	265	V6/IV		a	i		V6/IV	V		6		IV	M	True	True	(4, 1, 0)	()	0	4	minor	minor	i	i, minor	V/IV	IV	IV/i	IV	False	V6/IV	V6/IV, minor		V6/IV, minor	IV	IV	3	3	2	0	0	1	True	True	False
1637.0	1.0	204.625	50	2	D	0.0	1.625	0	2	2	4.0	1.0	1/16	True	0	103.0	103.0	103.0	103a	3	1637/4	False	False				False	265	V6/IV		a	i		V6/IV	V		6		IV	M	True	True	(4, 1, 0)	()	0	4	minor	minor	i	i, minor	V/IV	IV	IV/i	IV	False	V6/IV	V6/IV, minor		V6/IV, minor	IV	IV	3	3	2	-1	-1	0	False	False	False
1638.0	1.0	204.75	52	4	E	0.0	1.75	0	2	2	4.0	1.0	1/16	True	0	103.0	103.0	103.0	103a	3	819/2	False	False				False	265	V6/IV		a	i		V6/IV	V		6		IV	M	True	True	(4, 1, 0)	()	0	4	minor	minor	i	i, minor	V/IV	IV	IV/i	IV	False	V6/IV	V6/IV, minor		V6/IV, minor	IV	IV	3	3	2	1	1	2	True	False	False
1639.0	1.0	204.875	49	7	C	1.0	1.875	0	2	2	4.0	1.0	1/16	True	0	103.0	103.0	103.0	103a	3	1639/4	False	False				False	265	V6/IV		a	i		V6/IV	V		6		IV	M	True	True	(4, 1, 0)	()	0	4	minor	minor	i	i, minor	V/IV	IV	IV/i	IV	False	V6/IV	V6/IV, minor		V6/IV, minor	IV	IV	3	3	2	4	4	5	True	False	True
1640.0	2.0	205.0	50	2	D	0.0	2.0	2	2	2	4.0	1.0	1/8	True	0	103.0	103.0	103.0	103a	3	410	False	True				False	266	V/VII		a	i		V/VII	V				VII	M	True	True	(-1, 3, 0)	()	-1	-1	minor	minor	i	i, minor	V/VII	VII	VII/i	VII	False	V/VII	V/VII, minor		V/VII, minor	VII	VII	3	3	1	-1	-1	1	True	True	True
1640.0	8.0	205.0	50	2	D	0.0	2.0	2	2	2	5.0	1.0	1/2	True	0	103.0	103.0	103.0	103a	3	410	False	True				False	266	V/VII		a	i		V/VII	V				VII	M	True	True	(-1, 3, 0)	()	-1	-1	minor	minor	i	i, minor	V/VII	VII	VII/i	VII	False	V/VII	V/VII, minor		V/VII, minor	VII	VII	3	3	1	-1	-1	1	True	True	True
1642.0	2.0	205.25	50	2	D	0.0	2.25	0	2	2	4.0	1.0	1/8	True	0	103.0	103.0	103.0	103a	3	821/2	False	False				False	266	V/VII		a	i		V/VII	V				VII	M	True	True	(-1, 3, 0)	()	-1	-1	minor	minor	i	i, minor	V/VII	VII	VII/i	VII	False	V/VII	V/VII, minor		V/VII, minor	VII	VII	3	3	1	-1	-1	1	True	True	True
1644.0	1.0	205.5	47	5	B	0.0	2.5	0	2	2	4.0	1.0	1/16	True	0	103.0	103.0	103.0	103a	2	411	False	False				False	266	V/VII		a	i		V/VII	V				VII	M	True	True	(-1, 3, 0)	()	-1	-1	minor	minor	i	i, minor	V/VII	VII	VII/i	VII	False	V/VII	V/VII, minor		V/VII, minor	VII	VII	3	3	1	2	2	4	False	False	False
1644.0	1.0	205.5	50	2	D	0.0	2.5	0	2	2	3.0	1.0	1/16	True	0	103.0	103.0	103.0	103a	3	411	False	False				False	266	V/VII		a	i		V/VII	V				VII	M	True	True	(-1, 3, 0)	()	-1	-1	minor	minor	i	i, minor	V/VII	VII	VII/i	VII	False	V/VII	V/VII, minor		V/VII, minor	VII	VII	3	3	1	-1	-1	1	True	True	True
1645.0	1.0	205.625	49	7	C	1.0	2.625	0	2	2	4.0	1.0	1/16	True	0	103.0	103.0	103.0	103a	3	1645/4	False	False				False	266	V/VII		a	i		V/VII	V				VII	M	True	True	(-1, 3, 0)	()	-1	-1	minor	minor	i	i, minor	V/VII	VII	VII/i	VII	False	V/VII	V/VII, minor		V/VII, minor	VII	VII	3	3	1	4	4	6	False	False	False
1645.0	1.0	205.625	52	4	E	0.0	2.625	0	2	2	3.0	1.0	1/16	True	0	103.0	103.0	103.0	103a	3	1645/4	False	False				False	266	V/VII		a	i		V/VII	V				VII	M	True	True	(-1, 3, 0)	()	-1	-1	minor	minor	i	i, minor	V/VII	VII	VII/i	VII	False	V/VII	V/VII, minor		V/VII, minor	VII	VII	3	3	1	1	1	3	False	False	False
1646.0	1.0	205.75	50	2	D	0.0	2.75	0	2	2	4.0	1.0	1/16	True	0	103.0	103.0	103.0	103a	3	823/2	False	False				False	266	V/VII		a	i		V/VII	V				VII	M	True	True	(-1, 3, 0)	()	-1	-1	minor	minor	i	i, minor	V/VII	VII	VII/i	VII	False	V/VII	V/VII, minor		V/VII, minor	VII	VII	3	3	1	-1	-1	1	True	True	True
1646.0	1.0	205.75	54	6	F	1.0	2.75	0	2	2	3.0	1.0	1/16	True	0	103.0	103.0	103.0	103a	3	823/2	False	False				False	266	V/VII		a	i		V/VII	V				VII	M	True	True	(-1, 3, 0)	()	-1	-1	minor	minor	i	i, minor	V/VII	VII	VII/i	VII	False	V/VII	V/VII, minor		V/VII, minor	VII	VII	3	3	1	3	3	5	True	False	False
1647.0	1.0	205.875	52	4	E	0.0	2.875	0	2	2	4.0	1.0	1/16	True	0	103.0	103.0	103.0	103a	3	1647/4	False	False				False	266	V/VII		a	i		V/VII	V				VII	M	True	True	(-1, 3, 0)	()	-1	-1	minor	minor	i	i, minor	V/VII	VII	VII/i	VII	False	V/VII	V/VII, minor		V/VII, minor	VII	VII	3	3	1	1	1	3	False	False	False
1647.0	1.0	205.875	55	1	G	0.0	2.875	0	2	2	3.0	1.0	1/16	True	0	103.0	103.0	103.0	103a	3	1647/4	False	False				False	266	V/VII		a	i		V/VII	V				VII	M	True	True	(-1, 3, 0)	()	-1	-1	minor	minor	i	i, minor	V/VII	VII	VII/i	VII	False	V/VII	V/VII, minor		V/VII, minor	VII	VII	3	3	1	-2	-2	0	False	False	False
1648.0	4.0	206.0	50	2	D	0.0	1.0	1	2	2	5.0	1.0	1/4	False	0	104.0	104.0	104.0	104a	3	412	False	False				False	266	V/VII		a	i		V/VII	V				VII	M	True	True	(-1, 3, 0)	()	-1	-1	minor	minor	i	i, minor	V/VII	VII	VII/i	VII	False	V/VII	V/VII, minor		V/VII, minor	VII	VII	3	3	1	-1	-1	1	True	True	True
1648.0	4.0	206.0	54	6	F	1.0	1.0	1	2	2	4.0	1.0	1/4	True	0	104.0	104.0	104.0	104a	3	412	False	False				False	266	V/VII		a	i		V/VII	V				VII	M	True	True	(-1, 3, 0)	()	-1	-1	minor	minor	i	i, minor	V/VII	VII	VII/i	VII	False	V/VII	V/VII, minor		V/VII, minor	VII	VII	3	3	1	3	3	5	True	False	False
1648.0	4.0	206.0	57	3	A	0.0	1.0	1	2	2	3.0	1.0	1/4	True	0	104.0	104.0	104.0	104a	3	412	False	False				False	266	V/VII		a	i		V/VII	V				VII	M	True	True	(-1, 3, 0)	()	-1	-1	minor	minor	i	i, minor	V/VII	VII	VII/i	VII	False	V/VII	V/VII, minor		V/VII, minor	VII	VII	3	3	1	0	0	2	True	False	False
1652.0	4.0	206.5	47	5	B	0.0	1.5	0	2	2	5.0	1.0	1/4	True	0	104.0	104.0	104.0	104a	2	413	False	True				False	267	VII6		a	i		VII6	VII		6			M	True	True	(2, -1, -2)	()	-2	2	minor	minor	i	i, minor	VII		i	i	True	VII6	VII6, minor		VII6, minor		VII	3	3	3	2	2	2	True	False	True
1652.0	2.0	206.5	55	1	G	0.0	1.5	0	2	2	4.0	1.0	1/8	True	0	104.0	104.0	104.0	104a	3	413	False	True				False	267	VII6		a	i		VII6	VII		6			M	True	True	(2, -1, -2)	()	-2	2	minor	minor	i	i, minor	VII		i	i	True	VII6	VII6, minor		VII6, minor		VII	3	3	3	-2	-2	-2	True	True	False
1652.0	2.0	206.5	59	5	B	0.0	1.5	0	2	2	3.0	1.0	1/8	True	0	104.0	104.0	104.0	104a	3	413	False	True				False	267	VII6		a	i		VII6	VII		6			M	True	True	(2, -1, -2)	()	-2	2	minor	minor	i	i, minor	VII		i	i	True	VII6	VII6, minor		VII6, minor		VII	3	3	3	2	2	2	True	False	True
1654.0	2.0	206.75	55	1	G	0.0	1.75	0	2	2	4.0	1.0	1/8	True	0	104.0	104.0	104.0	104a	3	827/2	False	False				False	267	VII6		a	i		VII6	VII		6			M	True	True	(2, -1, -2)	()	-2	2	minor	minor	i	i, minor	VII		i	i	True	VII6	VII6, minor		VII6, minor		VII	3	3	3	-2	-2	-2	True	True	False
1654.0	2.0	206.75	59	5	B	0.0	1.75	0	2	2	3.0	1.0	1/8	True	0	104.0	104.0	104.0	104a	3	827/2	False	False				False	267	VII6		a	i		VII6	VII		6			M	True	True	(2, -1, -2)	()	-2	2	minor	minor	i	i, minor	VII		i	i	True	VII6	VII6, minor		VII6, minor		VII	3	3	3	2	2	2	True	False	True
1656.0	4.0	207.0	45	3	A	0.0	2.0	2	2	2	5.0	1.0	1/4	True	0	104.0	104.0	104.0	104a	2	414	False	True				False	268	viio6(2)/VII		a	i		viio6(2)/VII	vii	o	6	2	VII	o	True	True	(0, -3, -2)	()	3	0	minor	minor	i	i, minor	vii/VII	VII	VII/i	VII	False	viio6/VII	viio6/VII, minor		viio6(2)/VII, minor	VII	VII	3	3	1	0	0	2	True	False	True
1656.0	6.0	207.0	55	1	G	0.0	2.0	2	2	2	4.0	1.0	3/8	True	0	104.0	104.0	104.0	104a	3	414	False	True				False	268	viio6(2)/VII		a	i		viio6(2)/VII	vii	o	6	2	VII	o	True	True	(0, -3, -2)	()	3	0	minor	minor	i	i, minor	vii/VII	VII	VII/i	VII	False	viio6/VII	viio6/VII, minor		viio6(2)/VII, minor	VII	VII	3	3	1	-2	-2	0	True	False	False
1656.0	8.0	207.0	60	0	C	0.0	2.0	2	2	2	3.0	1.0	1/2	True	0	104.0	104.0	104.0	104a	4	414	False	True				False	268	viio6(2)/VII		a	i		viio6(2)/VII	vii	o	6	2	VII	o	True	True	(0, -3, -2)	()	3	0	minor	minor	i	i, minor	vii/VII	VII	VII/i	VII	False	viio6/VII	viio6/VII, minor		viio6(2)/VII, minor	VII	VII	3	3	1	-3	-3	-1	True	False	False
1660.0	4.0	207.5	45	3	A	0.0	2.5	0	2	2	5.0	1.0	1/4	False	0	104.0	104.0	104.0	104a	2	415	False	False				False	268	viio6(2)/VII		a	i		viio6(2)/VII	vii	o	6	2	VII	o	True	True	(0, -3, -2)	()	3	0	minor	minor	i	i, minor	vii/VII	VII	VII/i	VII	False	viio6/VII	viio6/VII, minor		viio6(2)/VII, minor	VII	VII	3	3	1	0	0	2	True	False	True
1662.0	2.0	207.75	54	6	F	1.0	2.75	0	2	2	4.0	1.0	1/8	True	0	104.0	104.0	104.0	104a	3	831/2	False	True				False	269	viio6/VII		a	i		viio6/VII	vii	o	6		VII	o	True	True	(0, -3, 3)	()	3	0	minor	minor	i	i, minor	vii/VII	VII	VII/i	VII	False	viio6/VII	viio6/VII, minor		viio6/VII, minor	VII	VII	3	3	1	3	3	5	True	True	False
1664.0	4.0	208.0	43	1	G	0.0	1.0	1	2	2	5.0	1.0	1/4	True	0	105.0	105.0	105.0	105a	2	416	False	True			\\	True	270	VII\\		a	i		VII	VII					M	True	True	(-2, 2, -1)	()	-2	-2	minor	minor	i	i, minor	VII		i	i	True	VII	VII, minor		VII, minor		VII	3	3	3	-2	-2	-2	True	True	True
1664.0	4.0	208.0	55	1	G	0.0	1.0	1	2	2	4.0	1.0	1/4	True	0	105.0	105.0	105.0	105a	3	416	False	True			\\	True	270	VII\\		a	i		VII	VII					M	True	True	(-2, 2, -1)	()	-2	-2	minor	minor	i	i, minor	VII		i	i	True	VII	VII, minor		VII, minor		VII	3	3	3	-2	-2	-2	True	True	True
1664.0	4.0	208.0	59	5	B	0.0	1.0	1	2	2	3.0	1.0	1/4	True	0	105.0	105.0	105.0	105a	3	416	False	True			\\	True	270	VII\\		a	i		VII	VII					M	True	True	(-2, 2, -1)	()	-2	-2	minor	minor	i	i, minor	VII		i	i	True	VII	VII, minor		VII, minor		VII	3	3	3	2	2	2	True	False	False
1668.0	2.0	208.5	50	2	D	0.0	1.5	0	2	2	4.0	1.0	1/8	True	0	105.0	105.0	105.0	105a	3	417	False	True				False	271	IV		a	i		IV	IV					M	True	True	(-1, 3, 0)	()	-1	-1	minor	minor	i	i, minor	IV		i	i	True	IV	IV, minor		IV, minor		IV	3	3	3	-1	-1	-1	True	True	True
1668.0	2.0	208.5	50	2	D	0.0	1.5	0	2	2	5.0	1.0	1/8	True	0	105.0	105.0	105.0	105a	3	417	False	True				False	271	IV		a	i		IV	IV					M	True	True	(-1, 3, 0)	()	-1	-1	minor	minor	i	i, minor	IV		i	i	True	IV	IV, minor		IV, minor		IV	3	3	3	-1	-1	-1	True	True	True
1668.0	2.0	208.5	54	6	F	1.0	1.5	0	2	2	3.0	1.0	1/8	True	0	105.0	105.0	105.0	105a	3	417	False	True				False	271	IV		a	i		IV	IV					M	True	True	(-1, 3, 0)	()	-1	-1	minor	minor	i	i, minor	IV		i	i	True	IV	IV, minor		IV, minor		IV	3	3	3	3	3	3	True	False	False
1668.0	2.0	208.5	57	3	A	0.0	1.5	0	2	2	2.0	1.0	1/8	True	0	105.0	105.0	105.0	105a	3	417	False	True				False	271	IV		a	i		IV	IV					M	True	True	(-1, 3, 0)	()	-1	-1	minor	minor	i	i, minor	IV		i	i	True	IV	IV, minor		IV, minor		IV	3	3	3	0	0	0	True	False	False
1668.0	2.0	208.5	69	3	A	0.0	1.5	0	2	2	1.0	1.0	1/8	True	0	105.0	105.0	105.0	105a	4	417	False	True				False	271	IV		a	i		IV	IV					M	True	True	(-1, 3, 0)	()	-1	-1	minor	minor	i	i, minor	IV		i	i	True	IV	IV, minor		IV, minor		IV	3	3	3	0	0	0	True	False	False
1670.0	2.0	208.75	50	2	D	0.0	1.75	0	2	2	4.0	1.0	1/8	True	0	105.0	105.0	105.0	105a	3	835/2	False	False				False	271	IV		a	i		IV	IV					M	True	True	(-1, 3, 0)	()	-1	-1	minor	minor	i	i, minor	IV		i	i	True	IV	IV, minor		IV, minor		IV	3	3	3	-1	-1	-1	True	True	True
1670.0	2.0	208.75	50	2	D	0.0	1.75	0	2	2	5.0	1.0	1/8	True	0	105.0	105.0	105.0	105a	3	835/2	False	False				False	271	IV		a	i		IV	IV					M	True	True	(-1, 3, 0)	()	-1	-1	minor	minor	i	i, minor	IV		i	i	True	IV	IV, minor		IV, minor		IV	3	3	3	-1	-1	-1	True	True	True
1670.0	2.0	208.75	54	6	F	1.0	1.75	0	2	2	3.0	1.0	1/8	True	0	105.0	105.0	105.0	105a	3	835/2	False	False				False	271	IV		a	i		IV	IV					M	True	True	(-1, 3, 0)	()	-1	-1	minor	minor	i	i, minor	IV		i	i	True	IV	IV, minor		IV, minor		IV	3	3	3	3	3	3	True	False	False
1670.0	2.0	208.75	57	3	A	0.0	1.75	0	2	2	2.0	1.0	1/8	True	0	105.0	105.0	105.0	105a	3	835/2	False	False				False	271	IV		a	i		IV	IV					M	True	True	(-1, 3, 0)	()	-1	-1	minor	minor	i	i, minor	IV		i	i	True	IV	IV, minor		IV, minor		IV	3	3	3	0	0	0	True	False	False
1670.0	2.0	208.75	69	3	A	0.0	1.75	0	2	2	1.0	1.0	1/8	True	0	105.0	105.0	105.0	105a	4	835/2	False	False				False	271	IV		a	i		IV	IV					M	True	True	(-1, 3, 0)	()	-1	-1	minor	minor	i	i, minor	IV		i	i	True	IV	IV, minor		IV, minor		IV	3	3	3	0	0	0	True	False	False
1672.0	4.0	209.0	50	2	D	0.0	2.0	2	2	2	4.0	1.0	1/4	True	0	105.0	105.0	105.0	105a	3	418	False	True				False	272	V2		a	i		V2	V		2			Mm7	True	True	(-1, 1, 5, 2)	()	1	-1	minor	minor	i	i, minor	V		i	i	True	V2	V2, minor		V2, minor		V	3	3	3	-1	-1	-1	True	False	True
1672.0	4.0	209.0	50	2	D	0.0	2.0	2	2	2	5.0	1.0	1/4	True	0	105.0	105.0	105.0	105a	3	418	False	True				False	272	V2		a	i		V2	V		2			Mm7	True	True	(-1, 1, 5, 2)	()	1	-1	minor	minor	i	i, minor	V		i	i	True	V2	V2, minor		V2, minor		V	3	3	3	-1	-1	-1	True	False	True
1672.0	4.0	209.0	56	8	G	1.0	2.0	2	2	2	3.0	1.0	1/4	True	0	105.0	105.0	105.0	105a	3	418	False	True				False	272	V2		a	i		V2	V		2			Mm7	True	True	(-1, 1, 5, 2)	()	1	-1	minor	minor	i	i, minor	V		i	i	True	V2	V2, minor		V2, minor		V	3	3	3	5	5	5	True	False	False
1672.0	4.0	209.0	64	4	E	0.0	2.0	2	2	2	2.0	1.0	1/4	True	0	105.0	105.0	105.0	105a	4	418	False	True				False	272	V2		a	i		V2	V		2			Mm7	True	True	(-1, 1, 5, 2)	()	1	-1	minor	minor	i	i, minor	V		i	i	True	V2	V2, minor		V2, minor		V	3	3	3	1	1	1	True	True	False
1672.0	4.0	209.0	71	5	B	0.0	2.0	2	2	2	1.0	1.0	1/4	True	0	105.0	105.0	105.0	105a	4	418	False	True				False	272	V2		a	i		V2	V		2			Mm7	True	True	(-1, 1, 5, 2)	()	1	-1	minor	minor	i	i, minor	V		i	i	True	V2	V2, minor		V2, minor		V	3	3	3	2	2	2	True	False	False
1676.0	4.0	209.5	49	7	C	1.0	2.5	0	2	2	4.0	1.0	1/4	True	0	105.0	105.0	105.0	105a	3	419	False	True				False	273	I6		a	i		I6	I		6			M	True	True	(4, 1, 0)	()	0	4	minor	minor	i	i, minor	I		i	i	True	I6	I6, minor		I6, minor		I	3	3	3	4	4	4	True	False	True
1676.0	4.0	209.5	49	7	C	1.0	2.5	0	2	2	5.0	1.0	1/4	True	0	105.0	105.0	105.0	105a	3	419	False	True				False	273	I6		a	i		I6	I		6			M	True	True	(4, 1, 0)	()	0	4	minor	minor	i	i, minor	I		i	i	True	I6	I6, minor		I6, minor		I	3	3	3	4	4	4	True	False	True
1676.0	4.0	209.5	57	3	A	0.0	2.5	0	2	2	3.0	1.0	1/4	True	0	105.0	105.0	105.0	105a	3	419	False	True				False	273	I6		a	i		I6	I		6			M	True	True	(4, 1, 0)	()	0	4	minor	minor	i	i, minor	I		i	i	True	I6	I6, minor		I6, minor		I	3	3	3	0	0	0	True	True	False
1676.0	4.0	209.5	64	4	E	0.0	2.5	0	2	2	2.0	1.0	1/4	True	0	105.0	105.0	105.0	105a	4	419	False	True				False	273	I6		a	i		I6	I		6			M	True	True	(4, 1, 0)	()	0	4	minor	minor	i	i, minor	I		i	i	True	I6	I6, minor		I6, minor		I	3	3	3	1	1	1	True	False	False
1676.0	4.0	209.5	73	7	C	1.0	2.5	0	2	2	1.0	1.0	1/4	True	0	105.0	105.0	105.0	105a	5	419	False	True				False	273	I6		a	i		I6	I		6			M	True	True	(4, 1, 0)	()	0	4	minor	minor	i	i, minor	I		i	i	True	I6	I6, minor		I6, minor		I	3	3	3	4	4	4	True	False	True
1680.0	4.0	210.0	47	5	B	0.0	1.0	1	2	2	5.0	1.0	1/4	True	0	106.0	106.0	106.0	106a	2	420	False	True				False	274	#viio6(2)		a	i		#viio6(2)	#vii	o	6	2		o	True	True	(2, -1, 0)	()	5	2	minor	minor	i	i, minor	#vii		i	i	True	#viio6	#viio6, minor		#viio6(2), minor		#vii	3	3	3	2	2	2	True	False	True
1680.0	8.0	210.0	47	5	B	0.0	1.0	1	2	2	4.0	1.0	1/2	True	0	106.0	106.0	106.0	106a	2	420	False	True				False	274	#viio6(2)		a	i		#viio6(2)	#vii	o	6	2		o	True	True	(2, -1, 0)	()	5	2	minor	minor	i	i, minor	#vii		i	i	True	#viio6	#viio6, minor		#viio6(2), minor		#vii	3	3	3	2	2	2	True	False	True
1680.0	4.0	210.0	57	3	A	0.0	1.0	1	2	2	3.0	1.0	1/4	True	0	106.0	106.0	106.0	106a	3	420	False	True				False	274	#viio6(2)		a	i		#viio6(2)	#vii	o	6	2		o	True	True	(2, -1, 0)	()	5	2	minor	minor	i	i, minor	#vii		i	i	True	#viio6	#viio6, minor		#viio6(2), minor		#vii	3	3	3	0	0	0	True	False	False
1680.0	4.0	210.0	62	2	D	0.0	1.0	1	2	2	2.0	1.0	1/4	True	0	106.0	106.0	106.0	106a	4	420	False	True				False	274	#viio6(2)		a	i		#viio6(2)	#vii	o	6	2		o	True	True	(2, -1, 0)	()	5	2	minor	minor	i	i, minor	#vii		i	i	True	#viio6	#viio6, minor		#viio6(2), minor		#vii	3	3	3	-1	-1	-1	True	False	False
1680.0	8.0	210.0	74	2	D	0.0	1.0	1	2	2	1.0	1.0	1/2	True	0	106.0	106.0	106.0	106a	5	420	False	True				False	274	#viio6(2)		a	i		#viio6(2)	#vii	o	6	2		o	True	True	(2, -1, 0)	()	5	2	minor	minor	i	i, minor	#vii		i	i	True	#viio6	#viio6, minor		#viio6(2), minor		#vii	3	3	3	-1	-1	-1	True	False	False
1684.0	4.0	210.5	47	5	B	0.0	1.5	0	2	2	5.0	1.0	1/4	False	0	106.0	106.0	106.0	106a	2	421	False	True				False	275	#viio6		a	i		#viio6	#vii	o	6			o	True	True	(2, -1, 5)	()	5	2	minor	minor	i	i, minor	#vii		i	i	True	#viio6	#viio6, minor		#viio6, minor		#vii	3	3	3	2	2	2	True	False	True
1684.0	4.0	210.5	56	8	G	1.0	1.5	0	2	2	3.0	1.0	1/4	True	0	106.0	106.0	106.0	106a	3	421	False	True				False	275	#viio6		a	i		#viio6	#vii	o	6			o	True	True	(2, -1, 5)	()	5	2	minor	minor	i	i, minor	#vii		i	i	True	#viio6	#viio6, minor		#viio6, minor		#vii	3	3	3	5	5	5	True	True	False
1684.0	2.0	210.5	61	7	C	1.0	1.5	0	2	2	2.0	1.0	1/8	True	0	106.0	106.0	106.0	106a	4	421	False	True				False	275	#viio6		a	i		#viio6	#vii	o	6			o	True	True	(2, -1, 5)	()	5	2	minor	minor	i	i, minor	#vii		i	i	True	#viio6	#viio6, minor		#viio6, minor		#vii	3	3	3	4	4	4	False	False	False
1686.0	2.0	210.75	59	5	B	0.0	1.75	0	2	2	2.0	1.0	1/8	True	0	106.0	106.0	106.0	106a	3	843/2	False	False				False	275	#viio6		a	i		#viio6	#vii	o	6			o	True	True	(2, -1, 5)	()	5	2	minor	minor	i	i, minor	#vii		i	i	True	#viio6	#viio6, minor		#viio6, minor		#vii	3	3	3	2	2	2	True	False	True
1688.0	8.0	211.0	45	3	A	0.0	2.0	2	2	2	4.0	1.0	1/2	True	0	106.0	106.0	106.0	106a	2	422	False	True			\\	True	276	I\\		a	i		I	I					M	True	True	(0, 4, 1)	()	0	0	minor	minor	i	i, minor	I		i	i	True	I	I, minor		I, minor		I	3	3	3	0	0	0	True	True	True
1688.0	8.0	211.0	45	3	A	0.0	2.0	2	2	2	5.0	1.0	1/2	True	0	106.0	106.0	106.0	106a	2	422	False	True			\\	True	276	I\\		a	i		I	I					M	True	True	(0, 4, 1)	()	0	0	minor	minor	i	i, minor	I		i	i	True	I	I, minor		I, minor		I	3	3	3	0	0	0	True	True	True
1688.0	8.0	211.0	57	3	A	0.0	2.0	2	2	2	3.0	1.0	1/2	True	0	106.0	106.0	106.0	106a	3	422	False	True			\\	True	276	I\\		a	i		I	I					M	True	True	(0, 4, 1)	()	0	0	minor	minor	i	i, minor	I		i	i	True	I	I, minor		I, minor		I	3	3	3	0	0	0	True	True	True
1688.0	8.0	211.0	64	4	E	0.0	2.0	2	2	2	2.0	1.0	1/2	True	0	106.0	106.0	106.0	106a	4	422	False	True			\\	True	276	I\\		a	i		I	I					M	True	True	(0, 4, 1)	()	0	0	minor	minor	i	i, minor	I		i	i	True	I	I, minor		I, minor		I	3	3	3	1	1	1	True	False	False
1688.0	2.0	211.0	73	7	C	1.0	2.0	2	2	2	1.0	1.0	1/8	True	0	106.0	106.0	106.0	106a	5	422	False	True			\\	True	276	I\\		a	i		I	I					M	True	True	(0, 4, 1)	()	0	0	minor	minor	i	i, minor	I		i	i	True	I	I, minor		I, minor		I	3	3	3	4	4	4	True	False	False
1690.0	2.0	211.25	69	3	A	0.0	2.25	0	2	2	1.0	1.0	1/8	True	0	106.0	106.0	106.0	106a	4	845/2	False	False				False	276	I\\		a	i		I	I					M	True	True	(0, 4, 1)	()	0	0	minor	minor	i	i, minor	I		i	i	True	I	I, minor		I, minor		I	3	3	3	0	0	0	True	True	True
1692.0	2.0	211.5	71	5	B	0.0	2.5	0	2	2	1.0	1.0	1/8	True	0	106.0	106.0	106.0	106a	4	423	False	False				False	276	I\\		a	i		I	I					M	True	True	(0, 4, 1)	()	0	0	minor	minor	i	i, minor	I		i	i	True	I	I, minor		I, minor		I	3	3	3	2	2	2	False	False	False
1694.0	2.0	211.75	73	7	C	1.0	2.75	0	2	2	1.0	1.0	1/8	True	0	106.0	106.0	106.0	106a	5	847/2	False	False				False	276	I\\		a	i		I	I					M	True	True	(0, 4, 1)	()	0	0	minor	minor	i	i, minor	I		i	i	True	I	I, minor		I, minor		I	3	3	3	4	4	4	True	False	False
1696.0	4.0	212.0	47	5	B	0.0	1.0	1	2	2	5.0	1.0	1/4	True	0	107.0	107.0	107.0	107a	2	424	False	True				False	277	V6/III		a	i		V6/III	V		6		III	M	True	True	(2, -1, -2)	()	-2	2	minor	minor	i	i, minor	V/III	III	III/i	III	False	V6/III	V6/III, minor		V6/III, minor	III	III	3	3	0	2	2	5	True	False	True
1696.0	2.0	212.0	74	2	D	0.0	1.0	1	2	2	1.0	1.0	1/8	True	0	107.0	107.0	107.0	107a	5	424	False	True				False	277	V6/III		a	i		V6/III	V		6		III	M	True	True	(2, -1, -2)	()	-2	2	minor	minor	i	i, minor	V/III	III	III/i	III	False	V6/III	V6/III, minor		V6/III, minor	III	III	3	3	0	-1	-1	2	True	False	False
1698.0	2.0	212.25	71	5	B	0.0	1.25	0	2	2	1.0	1.0	1/8	True	0	107.0	107.0	107.0	107a	4	849/2	False	False				False	277	V6/III		a	i		V6/III	V		6		III	M	True	True	(2, -1, -2)	()	-2	2	minor	minor	i	i, minor	V/III	III	III/i	III	False	V6/III	V6/III, minor		V6/III, minor	III	III	3	3	0	2	2	5	True	False	True
1700.0	4.0	212.5	48	0	C	0.0	1.5	0	2	2	5.0	1.0	1/4	True	0	107.0	107.0	107.0	107a	3	425	False	True				False	278	III		a	i		III	III					M	True	True	(-3, 1, -2)	()	-3	-3	minor	minor	i	i, minor	III		i	i	True	III	III, minor		III, minor		III	3	3	3	-3	-3	-3	True	True	True
1700.0	2.0	212.5	67	1	G	0.0	1.5	0	2	2	1.0	1.0	1/8	True	0	107.0	107.0	107.0	107a	4	425	False	True				False	278	III		a	i		III	III					M	True	True	(-3, 1, -2)	()	-3	-3	minor	minor	i	i, minor	III		i	i	True	III	III, minor		III, minor		III	3	3	3	-2	-2	-2	True	False	False
1702.0	2.0	212.75	64	4	E	0.0	1.75	0	2	2	1.0	1.0	1/8	True	0	107.0	107.0	107.0	107a	4	851/2	False	False				False	278	III		a	i		III	III					M	True	True	(-3, 1, -2)	()	-3	-3	minor	minor	i	i, minor	III		i	i	True	III	III, minor		III, minor		III	3	3	3	1	1	1	True	False	False
1704.0	4.0	213.0	50	2	D	0.0	2.0	2	2	2	5.0	1.0	1/4	True	0	107.0	107.0	107.0	107a	3	426	False	True				False	279	IV		a	i		IV	IV					M	True	True	(-1, 3, 0)	()	-1	-1	minor	minor	i	i, minor	IV		i	i	True	IV	IV, minor		IV, minor		IV	3	3	3	-1	-1	-1	True	True	True
1704.0	4.0	213.0	69	3	A	0.0	2.0	2	2	2	1.0	1.0	1/4	True	0	107.0	107.0	107.0	107a	4	426	False	True				False	279	IV		a	i		IV	IV					M	True	True	(-1, 3, 0)	()	-1	-1	minor	minor	i	i, minor	IV		i	i	True	IV	IV, minor		IV, minor		IV	3	3	3	0	0	0	True	False	False
1706.0	2.0	213.25	54	6	F	1.0	2.25	0	2	2	3.0	1.0	1/8	True	0	107.0	107.0	107.0	107a	3	853/2	False	False				False	279	IV		a	i		IV	IV					M	True	True	(-1, 3, 0)	()	-1	-1	minor	minor	i	i, minor	IV		i	i	True	IV	IV, minor		IV, minor		IV	3	3	3	3	3	3	True	False	False
1708.0	4.0	213.5	52	4	E	0.0	2.5	0	2	2	5.0	1.0	1/4	True	0	107.0	107.0	107.0	107a	3	427	False	True				False	280	v		a	i		v	v					m	True	True	(1, -2, 2)	()	1	1	minor	minor	i	i, minor	v		i	i	True	v	v, minor		v, minor		v	3	3	3	1	1	1	True	True	True
1708.0	2.0	213.5	55	1	G	0.0	2.5	0	2	2	3.0	1.0	1/8	True	0	107.0	107.0	107.0	107a	3	427	False	True				False	280	v		a	i		v	v					m	True	True	(1, -2, 2)	()	1	1	minor	minor	i	i, minor	v		i	i	True	v	v, minor		v, minor		v	3	3	3	-2	-2	-2	True	False	False
1708.0	4.0	213.5	67	1	G	0.0	2.5	0	2	2	1.0	1.0	1/4	True	0	107.0	107.0	107.0	107a	4	427	False	True				False	280	v		a	i		v	v					m	True	True	(1, -2, 2)	()	1	1	minor	minor	i	i, minor	v		i	i	True	v	v, minor		v, minor		v	3	3	3	-2	-2	-2	True	False	False
1710.0	2.0	213.75	57	3	A	0.0	2.75	0	2	2	3.0	1.0	1/8	True	0	107.0	107.0	107.0	107a	3	855/2	False	False				False	280	v		a	i		v	v					m	True	True	(1, -2, 2)	()	1	1	minor	minor	i	i, minor	v		i	i	True	v	v, minor		v, minor		v	3	3	3	0	0	0	False	False	False
1712.0	8.0	214.0	47	5	B	0.0	1.0	1	2	2	5.0	1.0	1/2	True	0	108.0	108.0	108.0	108a	2	428	False	True				False	281	V/V		a	i		V/V	V				V	M	True	True	(2, 6, 3)	()	2	2	minor	minor	i	i, minor	V/V	V	V/i	V	False	V/V	V/V, minor		V/V, minor	V	V	3	3	4	2	2	1	True	True	True
1712.0	2.0	214.0	59	5	B	0.0	1.0	1	2	2	3.0	1.0	1/8	True	0	108.0	108.0	108.0	108a	3	428	False	True				False	281	V/V		a	i		V/V	V				V	M	True	True	(2, 6, 3)	()	2	2	minor	minor	i	i, minor	V/V	V	V/i	V	False	V/V	V/V, minor		V/V, minor	V	V	3	3	4	2	2	1	True	True	True
1712.0	8.0	214.0	66	6	F	1.0	1.0	1	2	2	1.0	1.0	1/2	True	0	108.0	108.0	108.0	108a	4	428	False	True				False	281	V/V		a	i		V/V	V				V	M	True	True	(2, 6, 3)	()	2	2	minor	minor	i	i, minor	V/V	V	V/i	V	False	V/V	V/V, minor		V/V, minor	V	V	3	3	4	3	3	2	True	False	False
1714.0	2.0	214.25	47	5	B	0.0	1.25	0	2	2	4.0	1.0	1/8	True	0	108.0	108.0	108.0	108a	2	857/2	False	False				False	281	V/V		a	i		V/V	V				V	M	True	True	(2, 6, 3)	()	2	2	minor	minor	i	i, minor	V/V	V	V/i	V	False	V/V	V/V, minor		V/V, minor	V	V	3	3	4	2	2	1	True	True	True
1714.0	2.0	214.25	57	3	A	0.0	1.25	0	2	2	3.0	1.0	1/8	True	0	108.0	108.0	108.0	108a	3	857/2	False	False				False	281	V/V		a	i		V/V	V				V	M	True	True	(2, 6, 3)	()	2	2	minor	minor	i	i, minor	V/V	V	V/i	V	False	V/V	V/V, minor		V/V, minor	V	V	3	3	4	0	0	-1	False	False	False
1716.0	2.0	214.5	49	7	C	1.0	1.5	0	2	2	4.0	1.0	1/8	True	0	108.0	108.0	108.0	108a	3	429	False	False				False	281	V/V		a	i		V/V	V				V	M	True	True	(2, 6, 3)	()	2	2	minor	minor	i	i, minor	V/V	V	V/i	V	False	V/V	V/V, minor		V/V, minor	V	V	3	3	4	4	4	3	False	False	False
1716.0	2.0	214.5	56	8	G	1.0	1.5	0	2	2	3.0	1.0	1/8	True	0	108.0	108.0	108.0	108a	3	429	False	False				False	281	V/V		a	i		V/V	V				V	M	True	True	(2, 6, 3)	()	2	2	minor	minor	i	i, minor	V/V	V	V/i	V	False	V/V	V/V, minor		V/V, minor	V	V	3	3	4	5	5	4	False	False	False
1718.0	2.0	214.75	51	-3	E	-1.0	1.75	0	2	2	4.0	1.0	1/8	True	0	108.0	108.0	108.0	108a	3	859/2	False	False				False	281	V/V		a	i		V/V	V				V	M	True	True	(2, 6, 3)	()	2	2	minor	minor	i	i, minor	V/V	V	V/i	V	False	V/V	V/V, minor		V/V, minor	V	V	3	3	4	-6	-6	-7	False	False	False
1718.0	2.0	214.75	54	6	F	1.0	1.75	0	2	2	3.0	1.0	1/8	True	0	108.0	108.0	108.0	108a	3	859/2	False	False				False	281	V/V		a	i		V/V	V				V	M	True	True	(2, 6, 3)	()	2	2	minor	minor	i	i, minor	V/V	V	V/i	V	False	V/V	V/V, minor		V/V, minor	V	V	3	3	4	3	3	2	True	False	False
1720.0	2.0	215.0	52	4	E	0.0	2.0	2	2	2	4.0	1.0	1/8	True	0	108.0	108.0	108.0	108a	3	430	False	True				False	282	V		a	i		V	V					M	True	True	(1, 5, 2)	()	1	1	minor	minor	i	i, minor	V		i	i	True	V	V, minor		V, minor		V	3	3	3	1	1	1	True	True	True
1720.0	8.0	215.0	52	4	E	0.0	2.0	2	2	2	5.0	1.0	1/2	True	0	108.0	108.0	108.0	108a	3	430	False	True				False	282	V		a	i		V	V					M	True	True	(1, 5, 2)	()	1	1	minor	minor	i	i, minor	V		i	i	True	V	V, minor		V, minor		V	3	3	3	1	1	1	True	True	True
1720.0	4.0	215.0	56	8	G	1.0	2.0	2	2	2	3.0	1.0	1/4	True	0	108.0	108.0	108.0	108a	3	430	False	True				False	282	V		a	i		V	V					M	True	True	(1, 5, 2)	()	1	1	minor	minor	i	i, minor	V		i	i	True	V	V, minor		V, minor		V	3	3	3	5	5	5	True	False	False
1720.0	8.0	215.0	64	4	E	0.0	2.0	2	2	2	1.0	1.0	1/2	True	0	108.0	108.0	108.0	108a	4	430	False	True				False	282	V		a	i		V	V					M	True	True	(1, 5, 2)	()	1	1	minor	minor	i	i, minor	V		i	i	True	V	V, minor		V, minor		V	3	3	3	1	1	1	True	True	True
1722.0	2.0	215.25	51	-3	E	-1.0	2.25	0	2	2	4.0	1.0	1/8	True	0	108.0	108.0	108.0	108a	3	861/2	False	False				False	282	V		a	i		V	V					M	True	True	(1, 5, 2)	()	1	1	minor	minor	i	i, minor	V		i	i	True	V	V, minor		V, minor		V	3	3	3	-6	-6	-6	False	False	False
1722.0	2.0	215.25	59	5	B	0.0	2.25	0	2	2	2.0	1.0	1/8	True	0	108.0	108.0	108.0	108a	3	861/2	False	False				False	282	V		a	i		V	V					M	True	True	(1, 5, 2)	()	1	1	minor	minor	i	i, minor	V		i	i	True	V	V, minor		V, minor		V	3	3	3	2	2	2	True	False	False
1724.0	2.0	215.5	49	7	C	1.0	2.5	0	2	2	4.0	1.0	1/8	True	0	108.0	108.0	108.0	108a	3	431	False	False				False	282	V		a	i		V	V					M	True	True	(1, 5, 2)	()	1	1	minor	minor	i	i, minor	V		i	i	True	V	V, minor		V, minor		V	3	3	3	4	4	4	False	False	False
1724.0	4.0	215.5	56	8	G	1.0	2.5	0	2	2	3.0	1.0	1/4	True	0	108.0	108.0	108.0	108a	3	431	False	False				False	282	V		a	i		V	V					M	True	True	(1, 5, 2)	()	1	1	minor	minor	i	i, minor	V		i	i	True	V	V, minor		V, minor		V	3	3	3	5	5	5	True	False	False
1724.0	2.0	215.5	60	0	C	0.0	2.5	0	2	2	2.0	1.0	1/8	True	0	108.0	108.0	108.0	108a	4	431	False	False				False	282	V		a	i		V	V					M	True	True	(1, 5, 2)	()	1	1	minor	minor	i	i, minor	V		i	i	True	V	V, minor		V, minor		V	3	3	3	-3	-3	-3	False	False	False
1726.0	2.0	215.75	47	5	B	0.0	2.75	0	2	2	4.0	1.0	1/8	True	0	108.0	108.0	108.0	108a	2	863/2	False	False				False	282	V		a	i		V	V					M	True	True	(1, 5, 2)	()	1	1	minor	minor	i	i, minor	V		i	i	True	V	V, minor		V, minor		V	3	3	3	2	2	2	True	False	False
1726.0	2.0	215.75	62	2	D	0.0	2.75	0	2	2	2.0	1.0	1/8	True	0	108.0	108.0	108.0	108a	4	863/2	False	False				False	282	V		a	i		V	V					M	True	True	(1, 5, 2)	()	1	1	minor	minor	i	i, minor	V		i	i	True	V	V, minor		V, minor		V	3	3	3	-1	-1	-1	False	False	False
1728.0	2.0	216.0	45	3	A	0.0	1.0	1	2	2	4.0	1.0	1/8	True	0	109.0	109.0	109.0	109a	2	432	False	True				False	283	i		a	i		i	i					m	True	True	(0, -3, 1)	()	0	0	minor	minor	i	i, minor	i		i	i	True	i	i, minor		i, minor		i	3	3	3	0	0	0	True	True	True
1728.0	4.0	216.0	45	3	A	0.0	1.0	1	2	2	5.0	1.0	1/4	True	0	109.0	109.0	109.0	109a	2	432	False	True				False	283	i		a	i		i	i					m	True	True	(0, -3, 1)	()	0	0	minor	minor	i	i, minor	i		i	i	True	i	i, minor		i, minor		i	3	3	3	0	0	0	True	True	True
1728.0	2.0	216.0	64	4	E	0.0	1.0	1	2	2	2.0	1.0	1/8	True	0	109.0	109.0	109.0	109a	4	432	False	True				False	283	i		a	i		i	i					m	True	True	(0, -3, 1)	()	0	0	minor	minor	i	i, minor	i		i	i	True	i	i, minor		i, minor		i	3	3	3	1	1	1	True	False	False
1730.0	2.0	216.25	45	3	A	0.0	1.25	0	2	2	4.0	1.0	1/8	True	0	109.0	109.0	109.0	109a	2	865/2	False	False				False	283	i		a	i		i	i					m	True	True	(0, -3, 1)	()	0	0	minor	minor	i	i, minor	i		i	i	True	i	i, minor		i, minor		i	3	3	3	0	0	0	True	True	True
1730.0	2.0	216.25	62	2	D	0.0	1.25	0	2	2	2.0	1.0	1/8	True	0	109.0	109.0	109.0	109a	4	865/2	False	False				False	283	i		a	i		i	i					m	True	True	(0, -3, 1)	()	0	0	minor	minor	i	i, minor	i		i	i	True	i	i, minor		i, minor		i	3	3	3	-1	-1	-1	False	False	False
1732.0	4.0	216.5	53	-1	F	0.0	1.5	0	2	2	4.0	1.0	1/4	True	0	109.0	109.0	109.0	109a	3	433	False	True				False	284	VI		a	i		VI	VI					M	True	True	(-4, 0, -3)	()	-4	-4	minor	minor	i	i, minor	VI		i	i	True	VI	VI, minor		VI, minor		VI	3	3	3	-4	-4	-4	True	True	True
1732.0	4.0	216.5	53	-1	F	0.0	1.5	0	2	2	5.0	1.0	1/4	True	0	109.0	109.0	109.0	109a	3	433	False	True				False	284	VI		a	i		VI	VI					M	True	True	(-4, 0, -3)	()	-4	-4	minor	minor	i	i, minor	VI		i	i	True	VI	VI, minor		VI, minor		VI	3	3	3	-4	-4	-4	True	True	True
1732.0	2.0	216.5	57	3	A	0.0	1.5	0	2	2	3.0	1.0	1/8	True	0	109.0	109.0	109.0	109a	3	433	False	True				False	284	VI		a	i		VI	VI					M	True	True	(-4, 0, -3)	()	-4	-4	minor	minor	i	i, minor	VI		i	i	True	VI	VI, minor		VI, minor		VI	3	3	3	0	0	0	True	False	False
1732.0	2.0	216.5	60	0	C	0.0	1.5	0	2	2	2.0	1.0	1/8	True	0	109.0	109.0	109.0	109a	4	433	False	True				False	284	VI		a	i		VI	VI					M	True	True	(-4, 0, -3)	()	-4	-4	minor	minor	i	i, minor	VI		i	i	True	VI	VI, minor		VI, minor		VI	3	3	3	-3	-3	-3	True	False	False
1734.0	2.0	216.75	57	3	A	0.0	1.75	0	2	2	3.0	1.0	1/8	True	0	109.0	109.0	109.0	109a	3	867/2	False	False				False	284	VI		a	i		VI	VI					M	True	True	(-4, 0, -3)	()	-4	-4	minor	minor	i	i, minor	VI		i	i	True	VI	VI, minor		VI, minor		VI	3	3	3	0	0	0	True	False	False
1734.0	2.0	216.75	59	5	B	0.0	1.75	0	2	2	2.0	1.0	1/8	True	0	109.0	109.0	109.0	109a	3	867/2	False	False				False	284	VI		a	i		VI	VI					M	True	True	(-4, 0, -3)	()	-4	-4	minor	minor	i	i, minor	VI		i	i	True	VI	VI, minor		VI, minor		VI	3	3	3	2	2	2	False	False	False
1736.0	4.0	217.0	50	2	D	0.0	2.0	2	2	2	5.0	1.0	1/4	True	0	109.0	109.0	109.0	109a	3	434	False	True				False	285	iio6		a	i		iio6	ii	o	6			o	True	True	(-1, -4, 2)	()	2	-1	minor	minor	i	i, minor	ii		i	i	True	iio6	iio6, minor		iio6, minor		ii	3	3	3	-1	-1	-1	True	False	True
1736.0	8.0	217.0	50	2	D	0.0	2.0	2	2	2	4.0	1.0	1/2	True	0	109.0	109.0	109.0	109a	3	434	False	True				False	285	iio6		a	i		iio6	ii	o	6			o	True	True	(-1, -4, 2)	()	2	-1	minor	minor	i	i, minor	ii		i	i	True	iio6	iio6, minor		iio6, minor		ii	3	3	3	-1	-1	-1	True	False	True
1736.0	4.0	217.0	59	5	B	0.0	2.0	2	2	2	3.0	1.0	1/4	True	0	109.0	109.0	109.0	109a	3	434	False	True				False	285	iio6		a	i		iio6	ii	o	6			o	True	True	(-1, -4, 2)	()	2	-1	minor	minor	i	i, minor	ii		i	i	True	iio6	iio6, minor		iio6, minor		ii	3	3	3	2	2	2	True	True	False
1736.0	4.0	217.0	62	2	D	0.0	2.0	2	2	2	2.0	1.0	1/4	True	0	109.0	109.0	109.0	109a	4	434	False	True				False	285	iio6		a	i		iio6	ii	o	6			o	True	True	(-1, -4, 2)	()	2	-1	minor	minor	i	i, minor	ii		i	i	True	iio6	iio6, minor		iio6, minor		ii	3	3	3	-1	-1	-1	True	False	True
1740.0	4.0	217.5	50	2	D	0.0	2.5	0	2	2	5.0	1.0	1/4	False	0	109.0	109.0	109.0	109a	3	435	False	True				False	286	iv7		a	i		iv7	iv		7			mm7	True	True	(-1, -4, 0, -3)	()	-1	-1	minor	minor	i	i, minor	iv		i	i	True	iv7	iv7, minor		iv7, minor		iv	3	3	3	-1	-1	-1	True	True	True
1740.0	4.0	217.5	57	3	A	0.0	2.5	0	2	2	3.0	1.0	1/4	True	0	109.0	109.0	109.0	109a	3	435	False	True				False	286	iv7		a	i		iv7	iv		7			mm7	True	True	(-1, -4, 0, -3)	()	-1	-1	minor	minor	i	i, minor	iv		i	i	True	iv7	iv7, minor		iv7, minor		iv	3	3	3	0	0	0	True	False	False
1740.0	4.0	217.5	60	0	C	0.0	2.5	0	2	2	2.0	1.0	1/4	True	0	109.0	109.0	109.0	109a	4	435	False	True				False	286	iv7		a	i		iv7	iv		7			mm7	True	True	(-1, -4, 0, -3)	()	-1	-1	minor	minor	i	i, minor	iv		i	i	True	iv7	iv7, minor		iv7, minor		iv	3	3	3	-3	-3	-3	True	False	False
1744.0	4.0	218.0	52	4	E	0.0	1.0	1	2	2	6.0	1.0	1/4	True	0	110.0	110.0	110.0	110a	3	436	False	True				False	287	V(4)		a	i		V(4)	V			4		M	True	True	(1, 0, 2)	()	1	1	minor	minor	i	i, minor	V		i	i	True	V	V, minor		V(4), minor		V	3	3	3	1	1	1	True	True	True
1744.0	4.0	218.0	57	3	A	0.0	1.0	1	2	2	3.0	1.0	1/4	True	0	110.0	110.0	110.0	110a	3	436	False	True				False	287	V(4)		a	i		V(4)	V			4		M	True	True	(1, 0, 2)	()	1	1	minor	minor	i	i, minor	V		i	i	True	V	V, minor		V(4), minor		V	3	3	3	0	0	0	True	False	False
1744.0	8.0	218.0	59	5	B	0.0	1.0	1	2	2	2.0	1.0	1/2	True	0	110.0	110.0	110.0	110a	3	436	False	True				False	287	V(4)		a	i		V(4)	V			4		M	True	True	(1, 0, 2)	()	1	1	minor	minor	i	i, minor	V		i	i	True	V	V, minor		V(4), minor		V	3	3	3	2	2	2	True	False	False
1748.0	4.0	218.5	52	4	E	0.0	1.5	0	2	2	6.0	1.0	1/4	False	0	110.0	110.0	110.0	110a	3	437	False	True				False	288	V		a	i		V	V					M	True	True	(1, 5, 2)	()	1	1	minor	minor	i	i, minor	V		i	i	True	V	V, minor		V, minor		V	3	3	3	1	1	1	True	True	True
1748.0	4.0	218.5	56	8	G	1.0	1.5	0	2	2	3.0	1.0	1/4	True	0	110.0	110.0	110.0	110a	3	437	False	True				False	288	V		a	i		V	V					M	True	True	(1, 5, 2)	()	1	1	minor	minor	i	i, minor	V		i	i	True	V	V, minor		V, minor		V	3	3	3	5	5	5	True	False	False
1752.0	4.0	219.0	45	3	A	0.0	2.0	2	2	2	6.0	1.0	1/4	True	0	110.0	110.0	110.0	110a	2	438	False	True			\\	True	289	i\\		a	i		i	i					m	True	True	(0, -3, 1)	()	0	0	minor	minor	i	i, minor	i		i	i	True	i	i, minor		i, minor		i	3	3	3	0	0	0	True	True	True
1752.0	4.0	219.0	57	3	A	0.0	2.0	2	2	2	2.0	1.0	1/4	True	0	110.0	110.0	110.0	110a	3	438	False	True			\\	True	289	i\\		a	i		i	i					m	True	True	(0, -3, 1)	()	0	0	minor	minor	i	i, minor	i		i	i	True	i	i, minor		i, minor		i	3	3	3	0	0	0	True	True	True
1752.0	4.0	219.0	57	3	A	0.0	2.0	2	2	2	3.0	1.0	1/4	True	0	110.0	110.0	110.0	110a	3	438	False	True			\\	True	289	i\\		a	i		i	i					m	True	True	(0, -3, 1)	()	0	0	minor	minor	i	i, minor	i		i	i	True	i	i, minor		i, minor		i	3	3	3	0	0	0	True	True	True
1756.0	4.0	219.5	57	3	A	0.0	2.5	0	2	2	5.0	1.0	1/4	True	0	110.0	110.0	110.0	110a	3	439	False	False				False	289	i\\		a	i		i	i					m	True	True	(0, -3, 1)	()	0	0	minor	minor	i	i, minor	i		i	i	True	i	i, minor		i, minor		i	3	3	3	0	0	0	True	True	True
1756.0	4.0	219.5	57	3	A	0.0	2.5	0	2	2	6.0	1.0	1/4	True	0	110.0	110.0	110.0	110a	3	439	False	False				False	289	i\\		a	i		i	i					m	True	True	(0, -3, 1)	()	0	0	minor	minor	i	i, minor	i		i	i	True	i	i, minor		i, minor		i	3	3	3	0	0	0	True	True	True
1756.0	4.0	219.5	60	0	C	0.0	2.5	0	2	2	3.0	1.0	1/4	True	0	110.0	110.0	110.0	110a	4	439	False	False				False	289	i\\		a	i		i	i					m	True	True	(0, -3, 1)	()	0	0	minor	minor	i	i, minor	i		i	i	True	i	i, minor		i, minor		i	3	3	3	-3	-3	-3	True	False	False
1756.0	4.0	219.5	64	4	E	0.0	2.5	0	2	2	2.0	1.0	1/4	True	0	110.0	110.0	110.0	110a	4	439	False	False				False	289	i\\		a	i		i	i					m	True	True	(0, -3, 1)	()	0	0	minor	minor	i	i, minor	i		i	i	True	i	i, minor		i, minor		i	3	3	3	1	1	1	True	False	False
1756.0	4.0	219.5	69	3	A	0.0	2.5	0	2	2	1.0	1.0	1/4	True	0	110.0	110.0	110.0	110a	4	439	False	False				False	289	i\\		a	i		i	i					m	True	True	(0, -3, 1)	()	0	0	minor	minor	i	i, minor	i		i	i	True	i	i, minor		i, minor		i	3	3	3	0	0	0	True	True	True
1760.0	4.0	220.0	57	3	A	0.0	1.0	1	2	2	3.0	1.0	1/4	True	0	111.0	111.0	111.0	111a	3	440	False	True				False	290	VI6		a	i		VI6	VI		6			M	True	True	(0, -3, -4)	()	-4	0	minor	minor	i	i, minor	VI		i	i	True	VI6	VI6, minor		VI6, minor		VI	3	3	3	0	0	0	True	False	True
1760.0	4.0	220.0	57	3	A	0.0	1.0	1	2	2	5.0	1.0	1/4	True	0	111.0	111.0	111.0	111a	3	440	False	True				False	290	VI6		a	i		VI6	VI		6			M	True	True	(0, -3, -4)	()	-4	0	minor	minor	i	i, minor	VI		i	i	True	VI6	VI6, minor		VI6, minor		VI	3	3	3	0	0	0	True	False	True
1760.0	4.0	220.0	57	3	A	0.0	1.0	1	2	2	6.0	1.0	1/4	True	0	111.0	111.0	111.0	111a	3	440	False	True				False	290	VI6		a	i		VI6	VI		6			M	True	True	(0, -3, -4)	()	-4	0	minor	minor	i	i, minor	VI		i	i	True	VI6	VI6, minor		VI6, minor		VI	3	3	3	0	0	0	True	False	True
1760.0	4.0	220.0	65	-1	F	0.0	1.0	1	2	2	2.0	1.0	1/4	True	0	111.0	111.0	111.0	111a	4	440	False	True				False	290	VI6		a	i		VI6	VI		6			M	True	True	(0, -3, -4)	()	-4	0	minor	minor	i	i, minor	VI		i	i	True	VI6	VI6, minor		VI6, minor		VI	3	3	3	-4	-4	-4	True	True	False
1760.0	4.0	220.0	72	0	C	0.0	1.0	1	2	2	1.0	1.0	1/4	True	0	111.0	111.0	111.0	111a	5	440	False	True				False	290	VI6		a	i		VI6	VI		6			M	True	True	(0, -3, -4)	()	-4	0	minor	minor	i	i, minor	VI		i	i	True	VI6	VI6, minor		VI6, minor		VI	3	3	3	-3	-3	-3	True	False	False
1764.0	4.0	220.5	55	1	G	0.0	1.5	0	2	2	5.0	1.0	1/4	True	0	111.0	111.0	111.0	111a	3	441	False	True				False	291	v6		a	i		v6	v		6			m	True	True	(-2, 2, 1)	()	1	-2	minor	minor	i	i, minor	v		i	i	True	v6	v6, minor		v6, minor		v	3	3	3	-2	-2	-2	True	False	True
1764.0	4.0	220.5	55	1	G	0.0	1.5	0	2	2	6.0	1.0	1/4	True	0	111.0	111.0	111.0	111a	3	441	False	True				False	291	v6		a	i		v6	v		6			m	True	True	(-2, 2, 1)	()	1	-2	minor	minor	i	i, minor	v		i	i	True	v6	v6, minor		v6, minor		v	3	3	3	-2	-2	-2	True	False	True
1764.0	4.0	220.5	59	5	B	0.0	1.5	0	2	2	3.0	1.0	1/4	True	0	111.0	111.0	111.0	111a	3	441	False	True				False	291	v6		a	i		v6	v		6			m	True	True	(-2, 2, 1)	()	1	-2	minor	minor	i	i, minor	v		i	i	True	v6	v6, minor		v6, minor		v	3	3	3	2	2	2	True	False	False
1764.0	8.0	220.5	64	4	E	0.0	1.5	0	2	2	2.0	1.0	1/2	True	0	111.0	111.0	111.0	111a	4	441	False	True				False	291	v6		a	i		v6	v		6			m	True	True	(-2, 2, 1)	()	1	-2	minor	minor	i	i, minor	v		i	i	True	v6	v6, minor		v6, minor		v	3	3	3	1	1	1	True	True	False
1764.0	4.0	220.5	71	5	B	0.0	1.5	0	2	2	1.0	1.0	1/4	True	0	111.0	111.0	111.0	111a	4	441	False	True				False	291	v6		a	i		v6	v		6			m	True	True	(-2, 2, 1)	()	1	-2	minor	minor	i	i, minor	v		i	i	True	v6	v6, minor		v6, minor		v	3	3	3	2	2	2	True	False	False
1768.0	4.0	221.0	53	-1	F	0.0	2.0	2	2	2	6.0	1.0	1/4	True	0	111.0	111.0	111.0	111a	3	442	False	True				False	292	iv65(2)		a	i		iv65(2)	iv		65	2		mm7	True	True	(-4, 0, -3, 1)	()	-1	-4	minor	minor	i	i, minor	iv		i	i	True	iv65	iv65, minor		iv65(2), minor		iv	3	3	3	-4	-4	-4	True	False	True
1768.0	8.0	221.0	53	-1	F	0.0	2.0	2	2	2	5.0	1.0	1/2	True	0	111.0	111.0	111.0	111a	3	442	False	True				False	292	iv65(2)		a	i		iv65(2)	iv		65	2		mm7	True	True	(-4, 0, -3, 1)	()	-1	-4	minor	minor	i	i, minor	iv		i	i	True	iv65	iv65, minor		iv65(2), minor		iv	3	3	3	-4	-4	-4	True	False	True
1768.0	4.0	221.0	60	0	C	0.0	2.0	2	2	2	3.0	1.0	1/4	True	0	111.0	111.0	111.0	111a	4	442	False	True				False	292	iv65(2)		a	i		iv65(2)	iv		65	2		mm7	True	True	(-4, 0, -3, 1)	()	-1	-4	minor	minor	i	i, minor	iv		i	i	True	iv65	iv65, minor		iv65(2), minor		iv	3	3	3	-3	-3	-3	True	False	False
1768.0	8.0	221.0	69	3	A	0.0	2.0	2	2	2	1.0	1.0	1/2	True	0	111.0	111.0	111.0	111a	4	442	False	True				False	292	iv65(2)		a	i		iv65(2)	iv		65	2		mm7	True	True	(-4, 0, -3, 1)	()	-1	-4	minor	minor	i	i, minor	iv		i	i	True	iv65	iv65, minor		iv65(2), minor		iv	3	3	3	0	0	0	True	False	False
1772.0	4.0	221.5	53	-1	F	0.0	2.5	0	2	2	6.0	1.0	1/4	False	0	111.0	111.0	111.0	111a	3	443	False	True				False	293	iv6		a	i		iv6	iv		6			m	True	True	(-4, 0, -1)	()	-1	-4	minor	minor	i	i, minor	iv		i	i	True	iv6	iv6, minor		iv6, minor		iv	3	3	3	-4	-4	-4	True	False	True
1772.0	2.0	221.5	59	5	B	0.0	2.5	0	2	2	3.0	1.0	1/8	True	0	111.0	111.0	111.0	111a	3	443	False	True				False	293	iv6		a	i		iv6	iv		6			m	True	True	(-4, 0, -1)	()	-1	-4	minor	minor	i	i, minor	iv		i	i	True	iv6	iv6, minor		iv6, minor		iv	3	3	3	2	2	2	False	False	False
1772.0	4.0	221.5	62	2	D	0.0	2.5	0	2	2	2.0	1.0	1/4	True	0	111.0	111.0	111.0	111a	4	443	False	True				False	293	iv6		a	i		iv6	iv		6			m	True	True	(-4, 0, -1)	()	-1	-4	minor	minor	i	i, minor	iv		i	i	True	iv6	iv6, minor		iv6, minor		iv	3	3	3	-1	-1	-1	True	True	False
1774.0	2.0	221.75	57	3	A	0.0	2.75	0	2	2	3.0	1.0	1/8	True	0	111.0	111.0	111.0	111a	3	887/2	False	False				False	293	iv6		a	i		iv6	iv		6			m	True	True	(-4, 0, -1)	()	-1	-4	minor	minor	i	i, minor	iv		i	i	True	iv6	iv6, minor		iv6, minor		iv	3	3	3	0	0	0	True	False	False
1776.0	16.0	222.0	52	4	E	0.0	1.0	1	2	2	5.0	1.0	1	True	0	112.0	112.0	112.0	112a	3	444	False	True			\\	True	294	V\\		a	i		V	V					M	True	True	(1, 5, 2)	()	1	1	minor	minor	i	i, minor	V		i	i	True	V	V, minor		V, minor		V	3	3	3	1	1	1	True	True	True
1776.0	16.0	222.0	52	4	E	0.0	1.0	1	2	2	6.0	1.0	1	True	0	112.0	112.0	112.0	112a	3	444	False	True			\\	True	294	V\\		a	i		V	V					M	True	True	(1, 5, 2)	()	1	1	minor	minor	i	i, minor	V		i	i	True	V	V, minor		V, minor		V	3	3	3	1	1	1	True	True	True
1776.0	16.0	222.0	59	5	B	0.0	1.0	1	2	2	3.0	1.0	1	True	0	112.0	112.0	112.0	112a	3	444	False	True			\\	True	294	V\\		a	i		V	V					M	True	True	(1, 5, 2)	()	1	1	minor	minor	i	i, minor	V		i	i	True	V	V, minor		V, minor		V	3	3	3	2	2	2	True	False	False
1776.0	16.0	222.0	64	4	E	0.0	1.0	1	2	2	2.0	1.0	1	True	0	112.0	112.0	112.0	112a	4	444	False	True			\\	True	294	V\\		a	i		V	V					M	True	True	(1, 5, 2)	()	1	1	minor	minor	i	i, minor	V		i	i	True	V	V, minor		V, minor		V	3	3	3	1	1	1	True	True	True
1776.0	16.0	222.0	68	8	G	1.0	1.0	1	2	2	1.0	1.0	1	True	0	112.0	112.0	112.0	112a	4	444	False	True			\\	True	294	V\\		a	i		V	V					M	True	True	(1, 5, 2)	()	1	1	minor	minor	i	i, minor	V		i	i	True	V	V, minor		V, minor		V	3	3	3	5	5	5	True	False	False
1792.0	16.0	224.0	45	3	A	0.0	1.0	1	2	2	6.0	1.0	1	True	0	113.0	113.0	113.0	113a	2	448	False	True				False	295	I		a	i		I	I					M	True	True	(0, 4, 1)	()	0	0	minor	minor	i	i, minor	I		i	i	True	I	I, minor		I, minor		I	3	3	3	0	0	0	True	True	True
1794.0	2.0	224.25	57	3	A	0.0	1.25	0	2	2	3.0	1.0	1/8	True	0	113.0	113.0	113.0	113a	3	897/2	False	False				False	295	I		a	i		I	I					M	True	True	(0, 4, 1)	()	0	0	minor	minor	i	i, minor	I		i	i	True	I	I, minor		I, minor		I	3	3	3	0	0	0	True	True	True
1796.0	2.0	224.5	57	3	A	0.0	1.5	0	2	2	3.0	1.0	1/8	True	0	113.0	113.0	113.0	113a	3	449	False	False				False	295	I		a	i		I	I					M	True	True	(0, 4, 1)	()	0	0	minor	minor	i	i, minor	I		i	i	True	I	I, minor		I, minor		I	3	3	3	0	0	0	True	True	True
1798.0	2.0	224.75	59	5	B	0.0	1.75	0	2	2	3.0	1.0	1/8	True	0	113.0	113.0	113.0	113a	3	899/2	False	False				False	295	I		a	i		I	I					M	True	True	(0, 4, 1)	()	0	0	minor	minor	i	i, minor	I		i	i	True	I	I, minor		I, minor		I	3	3	3	2	2	2	False	False	False
1800.0	4.0	225.0	61	7	C	1.0	2.0	2	2	2	3.0	1.0	1/4	True	0	113.0	113.0	113.0	113a	4	450	False	False				False	295	I		a	i		I	I					M	True	True	(0, 4, 1)	()	0	0	minor	minor	i	i, minor	I		i	i	True	I	I, minor		I, minor		I	3	3	3	4	4	4	True	False	False
1804.0	4.0	225.5	61	7	C	1.0	2.5	0	2	2	3.0	1.0	1/4	True	0	113.0	113.0	113.0	113a	4	451	False	False				False	295	I		a	i		I	I					M	True	True	(0, 4, 1)	()	0	0	minor	minor	i	i, minor	I		i	i	True	I	I, minor		I, minor		I	3	3	3	4	4	4	True	False	False
1808.0	8.0	226.0	45	3	A	0.0	1.0	1	2	2	6.0	1.0	1/2	True	0	114.0	114.0	114.0	114a	2	452	False	True				False	296	VI6		a	i		VI6	VI		6			M	True	True	(0, -3, -4)	()	-4	0	minor	minor	i	i, minor	VI		i	i	True	VI6	VI6, minor		VI6, minor		VI	3	3	3	0	0	0	True	False	True
1808.0	2.0	226.0	53	-1	F	0.0	1.0	1	2	2	3.0	1.0	1/8	True	0	114.0	114.0	114.0	114a	3	452	False	True				False	296	VI6		a	i		VI6	VI		6			M	True	True	(0, -3, -4)	()	-4	0	minor	minor	i	i, minor	VI		i	i	True	VI6	VI6, minor		VI6, minor		VI	3	3	3	-4	-4	-4	True	True	False
1810.0	2.0	226.25	53	-1	F	0.0	1.25	0	2	2	3.0	1.0	1/8	True	0	114.0	114.0	114.0	114a	3	905/2	False	False				False	296	VI6		a	i		VI6	VI		6			M	True	True	(0, -3, -4)	()	-4	0	minor	minor	i	i, minor	VI		i	i	True	VI6	VI6, minor		VI6, minor		VI	3	3	3	-4	-4	-4	True	True	False
1812.0	2.0	226.5	53	-1	F	0.0	1.5	0	2	2	3.0	1.0	1/8	True	0	114.0	114.0	114.0	114a	3	453	False	False				False	296	VI6		a	i		VI6	VI		6			M	True	True	(0, -3, -4)	()	-4	0	minor	minor	i	i, minor	VI		i	i	True	VI6	VI6, minor		VI6, minor		VI	3	3	3	-4	-4	-4	True	True	False
1814.0	2.0	226.75	53	-1	F	0.0	1.75	0	2	2	3.0	1.0	1/8	True	0	114.0	114.0	114.0	114a	3	907/2	False	False				False	296	VI6		a	i		VI6	VI		6			M	True	True	(0, -3, -4)	()	-4	0	minor	minor	i	i, minor	VI		i	i	True	VI6	VI6, minor		VI6, minor		VI	3	3	3	-4	-4	-4	True	True	False
1816.0	8.0	227.0	45	3	A	0.0	2.0	2	2	2	6.0	1.0	1/2	False	0	114.0	114.0	114.0	114a	2	454	False	True				False	297	i		a	i		i	i					m	True	True	(0, -3, 1)	()	0	0	minor	minor	i	i, minor	i		i	i	True	i	i, minor		i, minor		i	3	3	3	0	0	0	True	True	True
1816.0	4.0	227.0	52	4	E	0.0	2.0	2	2	2	3.0	1.0	1/4	True	0	114.0	114.0	114.0	114a	3	454	False	True				False	297	i		a	i		i	i					m	True	True	(0, -3, 1)	()	0	0	minor	minor	i	i, minor	i		i	i	True	i	i, minor		i, minor		i	3	3	3	1	1	1	True	False	False
1820.0	4.0	227.5	52	4	E	0.0	2.5	0	2	2	3.0	1.0	1/4	True	0	114.0	114.0	114.0	114a	3	455	False	False				False	297	i		a	i		i	i					m	True	True	(0, -3, 1)	()	0	0	minor	minor	i	i, minor	i		i	i	True	i	i, minor		i, minor		i	3	3	3	1	1	1	True	False	False
1824.0	16.0	228.0	45	3	A	0.0	1.0	1	2	2	6.0	1.0	1	True	0	115.0	115.0	115.0	115a	2	456	False	False				False	297	i		a	i		i	i					m	True	True	(0, -3, 1)	()	0	0	minor	minor	i	i, minor	i		i	i	True	i	i, minor		i, minor		i	3	3	3	0	0	0	True	True	True
1826.0	2.0	228.25	57	3	A	0.0	1.25	0	2	2	4.0	1.0	1/8	True	0	115.0	115.0	115.0	115a	3	913/2	False	False				False	297	i		a	i		i	i					m	True	True	(0, -3, 1)	()	0	0	minor	minor	i	i, minor	i		i	i	True	i	i, minor		i, minor		i	3	3	3	0	0	0	True	True	True
1826.0	2.0	228.25	60	0	C	0.0	1.25	0	2	2	3.0	1.0	1/8	True	0	115.0	115.0	115.0	115a	4	913/2	False	False				False	297	i		a	i		i	i					m	True	True	(0, -3, 1)	()	0	0	minor	minor	i	i, minor	i		i	i	True	i	i, minor		i, minor		i	3	3	3	-3	-3	-3	True	False	False
1828.0	2.0	228.5	57	3	A	0.0	1.5	0	2	2	4.0	1.0	1/8	True	0	115.0	115.0	115.0	115a	3	457	False	False				False	297	i		a	i		i	i					m	True	True	(0, -3, 1)	()	0	0	minor	minor	i	i, minor	i		i	i	True	i	i, minor		i, minor		i	3	3	3	0	0	0	True	True	True
1828.0	2.0	228.5	60	0	C	0.0	1.5	0	2	2	3.0	1.0	1/8	True	0	115.0	115.0	115.0	115a	4	457	False	False				False	297	i		a	i		i	i					m	True	True	(0, -3, 1)	()	0	0	minor	minor	i	i, minor	i		i	i	True	i	i, minor		i, minor		i	3	3	3	-3	-3	-3	True	False	False
1830.0	2.0	228.75	59	5	B	0.0	1.75	0	2	2	4.0	1.0	1/8	True	0	115.0	115.0	115.0	115a	3	915/2	False	False				False	297	i		a	i		i	i					m	True	True	(0, -3, 1)	()	0	0	minor	minor	i	i, minor	i		i	i	True	i	i, minor		i, minor		i	3	3	3	2	2	2	False	False	False
1830.0	2.0	228.75	62	2	D	0.0	1.75	0	2	2	3.0	1.0	1/8	True	0	115.0	115.0	115.0	115a	4	915/2	False	False				False	297	i		a	i		i	i					m	True	True	(0, -3, 1)	()	0	0	minor	minor	i	i, minor	i		i	i	True	i	i, minor		i, minor		i	3	3	3	-1	-1	-1	False	False	False
1832.0	4.0	229.0	60	0	C	0.0	2.0	2	2	2	4.0	1.0	1/4	True	0	115.0	115.0	115.0	115a	4	458	False	False				False	297	i		a	i		i	i					m	True	True	(0, -3, 1)	()	0	0	minor	minor	i	i, minor	i		i	i	True	i	i, minor		i, minor		i	3	3	3	-3	-3	-3	True	False	False
1832.0	4.0	229.0	64	4	E	0.0	2.0	2	2	2	3.0	1.0	1/4	True	0	115.0	115.0	115.0	115a	4	458	False	False				False	297	i		a	i		i	i					m	True	True	(0, -3, 1)	()	0	0	minor	minor	i	i, minor	i		i	i	True	i	i, minor		i, minor		i	3	3	3	1	1	1	True	False	False
1836.0	4.0	229.5	60	0	C	0.0	2.5	0	2	2	4.0	1.0	1/4	True	0	115.0	115.0	115.0	115a	4	459	False	False				False	297	i		a	i		i	i					m	True	True	(0, -3, 1)	()	0	0	minor	minor	i	i, minor	i		i	i	True	i	i, minor		i, minor		i	3	3	3	-3	-3	-3	True	False	False
1836.0	4.0	229.5	64	4	E	0.0	2.5	0	2	2	3.0	1.0	1/4	True	0	115.0	115.0	115.0	115a	4	459	False	False				False	297	i		a	i		i	i					m	True	True	(0, -3, 1)	()	0	0	minor	minor	i	i, minor	i		i	i	True	i	i, minor		i, minor		i	3	3	3	1	1	1	True	False	False
1840.0	8.0	230.0	45	3	A	0.0	1.0	1	2	2	3.0	1.0	1/2	True	0	116.0	116.0	116.0	116a	2	460	False	False				False	297	i		a	i		i	i					m	True	True	(0, -3, 1)	()	0	0	minor	minor	i	i, minor	i		i	i	True	i	i, minor		i, minor		i	3	3	3	0	0	0	True	True	True
1840.0	2.0	230.0	57	3	A	0.0	1.0	1	2	2	2.0	1.0	1/8	True	0	116.0	116.0	116.0	116a	3	460	False	False				False	297	i		a	i		i	i					m	True	True	(0, -3, 1)	()	0	0	minor	minor	i	i, minor	i		i	i	True	i	i, minor		i, minor		i	3	3	3	0	0	0	True	True	True
1840.0	2.0	230.0	60	0	C	0.0	1.0	1	2	2	1.0	1.0	1/8	True	0	116.0	116.0	116.0	116a	4	460	False	False				False	297	i		a	i		i	i					m	True	True	(0, -3, 1)	()	0	0	minor	minor	i	i, minor	i		i	i	True	i	i, minor		i, minor		i	3	3	3	-3	-3	-3	True	False	False
1842.0	2.0	230.25	57	3	A	0.0	1.25	0	2	2	2.0	1.0	1/8	True	0	116.0	116.0	116.0	116a	3	921/2	False	False				False	297	i		a	i		i	i					m	True	True	(0, -3, 1)	()	0	0	minor	minor	i	i, minor	i		i	i	True	i	i, minor		i, minor		i	3	3	3	0	0	0	True	True	True
1842.0	2.0	230.25	60	0	C	0.0	1.25	0	2	2	1.0	1.0	1/8	True	0	116.0	116.0	116.0	116a	4	921/2	False	False				False	297	i		a	i		i	i					m	True	True	(0, -3, 1)	()	0	0	minor	minor	i	i, minor	i		i	i	True	i	i, minor		i, minor		i	3	3	3	-3	-3	-3	True	False	False
1844.0	2.0	230.5	57	3	A	0.0	1.5	0	2	2	2.0	1.0	1/8	True	0	116.0	116.0	116.0	116a	3	461	False	False				False	297	i		a	i		i	i					m	True	True	(0, -3, 1)	()	0	0	minor	minor	i	i, minor	i		i	i	True	i	i, minor		i, minor		i	3	3	3	0	0	0	True	True	True
1844.0	2.0	230.5	60	0	C	0.0	1.5	0	2	2	1.0	1.0	1/8	True	0	116.0	116.0	116.0	116a	4	461	False	False				False	297	i		a	i		i	i					m	True	True	(0, -3, 1)	()	0	0	minor	minor	i	i, minor	i		i	i	True	i	i, minor		i, minor		i	3	3	3	-3	-3	-3	True	False	False
1846.0	2.0	230.75	56	8	G	1.0	1.75	0	2	2	2.0	1.0	1/8	True	0	116.0	116.0	116.0	116a	3	923/2	False	False				False	297	i		a	i		i	i					m	True	True	(0, -3, 1)	()	0	0	minor	minor	i	i, minor	i		i	i	True	i	i, minor		i, minor		i	3	3	3	5	5	5	False	False	False
1846.0	2.0	230.75	59	5	B	0.0	1.75	0	2	2	1.0	1.0	1/8	True	0	116.0	116.0	116.0	116a	3	923/2	False	False				False	297	i		a	i		i	i					m	True	True	(0, -3, 1)	()	0	0	minor	minor	i	i, minor	i		i	i	True	i	i, minor		i, minor		i	3	3	3	2	2	2	False	False	False
1848.0	8.0	231.0	52	4	E	0.0	2.0	2	2	2	3.0	1.0	1/2	True	0	116.0	116.0	116.0	116a	3	462	False	True			\\	True	298	V\\		a	i		V	V					M	True	True	(1, 5, 2)	()	1	1	minor	minor	i	i, minor	V		i	i	True	V	V, minor		V, minor		V	3	3	3	1	1	1	True	True	True
1848.0	8.0	231.0	56	8	G	1.0	2.0	2	2	2	2.0	1.0	1/2	True	0	116.0	116.0	116.0	116a	3	462	False	True			\\	True	298	V\\		a	i		V	V					M	True	True	(1, 5, 2)	()	1	1	minor	minor	i	i, minor	V		i	i	True	V	V, minor		V, minor		V	3	3	3	5	5	5	True	False	False
1848.0	8.0	231.0	59	5	B	0.0	2.0	2	2	2	1.0	1.0	1/2	True	0	116.0	116.0	116.0	116a	3	462	False	True			\\	True	298	V\\		a	i		V	V					M	True	True	(1, 5, 2)	()	1	1	minor	minor	i	i, minor	V		i	i	True	V	V, minor		V, minor		V	3	3	3	2	2	2	True	False	False
1856.0	8.0	232.0	52	4	E	0.0	1.0	1	2	2	3.0	1.0	1/2	False	0	117.0	117.0	117.0	117a	3	464	False	False				False	298	V\\		a	i		V	V					M	True	True	(1, 5, 2)	()	1	1	minor	minor	i	i, minor	V		i	i	True	V	V, minor		V, minor		V	3	3	3	1	1	1	True	True	True
1856.0	8.0	232.0	56	8	G	1.0	1.0	1	2	2	2.0	1.0	1/2	True	0	117.0	117.0	117.0	117a	3	464	False	False				False	298	V\\		a	i		V	V					M	True	True	(1, 5, 2)	()	1	1	minor	minor	i	i, minor	V		i	i	True	V	V, minor		V, minor		V	3	3	3	5	5	5	True	False	False
1856.0	8.0	232.0	59	5	B	0.0	1.0	1	2	2	1.0	1.0	1/2	True	0	117.0	117.0	117.0	117a	3	464	False	False				False	298	V\\		a	i		V	V					M	True	True	(1, 5, 2)	()	1	1	minor	minor	i	i, minor	V		i	i	True	V	V, minor		V, minor		V	3	3	3	2	2	2	True	False	False
1864.0	8.0	233.0	52	4	E	0.0	2.0	2	2	2	3.0	1.0	1/2	True	0	117.0	117.0	117.0	117a	3	466	False	True				False	299	v		a	i		v	v					m	True	True	(1, -2, 2)	()	1	1	minor	minor	i	i, minor	v		i	i	True	v	v, minor		v, minor		v	3	3	3	1	1	1	True	True	True
1866.0	2.0	233.25	59	5	B	0.0	2.25	0	2	2	2.0	1.0	1/8	True	0	117.0	117.0	117.0	117a	3	933/2	False	False				False	299	v		a	i		v	v					m	True	True	(1, -2, 2)	()	1	1	minor	minor	i	i, minor	v		i	i	True	v	v, minor		v, minor		v	3	3	3	2	2	2	True	False	False
1868.0	2.0	233.5	57	3	A	0.0	2.5	0	2	2	2.0	1.0	1/8	True	0	117.0	117.0	117.0	117a	3	467	False	False				False	299	v		a	i		v	v					m	True	True	(1, -2, 2)	()	1	1	minor	minor	i	i, minor	v		i	i	True	v	v, minor		v, minor		v	3	3	3	0	0	0	False	False	False
1870.0	2.0	233.75	55	1	G	0.0	2.75	0	2	2	2.0	1.0	1/8	True	0	117.0	117.0	117.0	117a	3	935/2	False	False				False	299	v		a	i		v	v					m	True	True	(1, -2, 2)	()	1	1	minor	minor	i	i, minor	v		i	i	True	v	v, minor		v, minor		v	3	3	3	-2	-2	-2	True	False	False
1872.0	8.0	234.0	45	3	A	0.0	1.0	1	2	2	3.0	1.0	1/2	True	0	118.0	118.0	118.0	118a	2	468	False	True				False	300	ii/VII		a	i		ii/VII	ii				VII	m	True	True	(0, -3, 1)	()	0	0	minor	minor	i	i, minor	ii/VII	VII	VII/i	VII	False	ii/VII	ii/VII, minor		ii/VII, minor	VII	VII	3	3	1	0	0	2	True	True	True
1872.0	4.0	234.0	60	0	C	0.0	1.0	1	2	2	2.0	1.0	1/4	True	0	118.0	118.0	118.0	118a	4	468	False	True				False	300	ii/VII		a	i		ii/VII	ii				VII	m	True	True	(0, -3, 1)	()	0	0	minor	minor	i	i, minor	ii/VII	VII	VII/i	VII	False	ii/VII	ii/VII, minor		ii/VII, minor	VII	VII	3	3	1	-3	-3	-1	True	False	False
1874.0	2.0	234.25	57	3	A	0.0	1.25	0	2	2	1.0	1.0	1/8	True	0	118.0	118.0	118.0	118a	3	937/2	False	False				False	300	ii/VII		a	i		ii/VII	ii				VII	m	True	True	(0, -3, 1)	()	0	0	minor	minor	i	i, minor	ii/VII	VII	VII/i	VII	False	ii/VII	ii/VII, minor		ii/VII, minor	VII	VII	3	3	1	0	0	2	True	True	True
1876.0	2.0	234.5	55	1	G	0.0	1.5	0	2	2	1.0	1.0	1/8	True	0	118.0	118.0	118.0	118a	3	469	False	True				False	301	viio6/VII		a	i		viio6/VII	vii	o	6		VII	o	True	True	(0, -3, 3)	()	3	0	minor	minor	i	i, minor	vii/VII	VII	VII/i	VII	False	viio6/VII	viio6/VII, minor		viio6/VII, minor	VII	VII	3	3	1	-2	-2	0	False	False	False
1876.0	4.0	234.5	57	3	A	0.0	1.5	0	2	2	2.0	1.0	1/4	True	0	118.0	118.0	118.0	118a	3	469	False	True				False	301	viio6/VII		a	i		viio6/VII	vii	o	6		VII	o	True	True	(0, -3, 3)	()	3	0	minor	minor	i	i, minor	vii/VII	VII	VII/i	VII	False	viio6/VII	viio6/VII, minor		viio6/VII, minor	VII	VII	3	3	1	0	0	2	True	False	True
1878.0	2.0	234.75	54	6	F	1.0	1.75	0	2	2	1.0	1.0	1/8	True	0	118.0	118.0	118.0	118a	3	939/2	False	False				False	301	viio6/VII		a	i		viio6/VII	vii	o	6		VII	o	True	True	(0, -3, 3)	()	3	0	minor	minor	i	i, minor	vii/VII	VII	VII/i	VII	False	viio6/VII	viio6/VII, minor		viio6/VII, minor	VII	VII	3	3	1	3	3	5	True	True	False
1880.0	8.0	235.0	43	1	G	0.0	2.0	2	2	2	3.0	1.0	1/2	True	0	118.0	118.0	118.0	118a	2	470	False	True				False	302	VII		a	i		VII	VII					M	True	True	(-2, 2, -1)	()	-2	-2	minor	minor	i	i, minor	VII		i	i	True	VII	VII, minor		VII, minor		VII	3	3	3	-2	-2	-2	True	True	True
1880.0	4.0	235.0	59	5	B	0.0	2.0	2	2	2	1.0	1.0	1/4	True	0	118.0	118.0	118.0	118a	3	470	False	True				False	302	VII		a	i		VII	VII					M	True	True	(-2, 2, -1)	()	-2	-2	minor	minor	i	i, minor	VII		i	i	True	VII	VII, minor		VII, minor		VII	3	3	3	2	2	2	True	False	False
1882.0	2.0	235.25	62	2	D	0.0	2.25	0	2	2	2.0	1.0	1/8	True	0	118.0	118.0	118.0	118a	4	941/2	False	False				False	302	VII		a	i		VII	VII					M	True	True	(-2, 2, -1)	()	-2	-2	minor	minor	i	i, minor	VII		i	i	True	VII	VII, minor		VII, minor		VII	3	3	3	-1	-1	-1	True	False	False
1884.0	4.0	235.5	55	1	G	0.0	2.5	0	2	2	1.0	1.0	1/4	True	0	118.0	118.0	118.0	118a	3	471	False	False				False	302	VII		a	i		VII	VII					M	True	True	(-2, 2, -1)	()	-2	-2	minor	minor	i	i, minor	VII		i	i	True	VII	VII, minor		VII, minor		VII	3	3	3	-2	-2	-2	True	True	True
1884.0	2.0	235.5	60	0	C	0.0	2.5	0	2	2	2.0	1.0	1/8	True	0	118.0	118.0	118.0	118a	4	471	False	False				False	302	VII		a	i		VII	VII					M	True	True	(-2, 2, -1)	()	-2	-2	minor	minor	i	i, minor	VII		i	i	True	VII	VII, minor		VII, minor		VII	3	3	3	-3	-3	-3	False	False	False
1886.0	2.0	235.75	59	5	B	0.0	2.75	0	2	2	2.0	1.0	1/8	True	0	118.0	118.0	118.0	118a	3	943/2	False	False				False	302	VII		a	i		VII	VII					M	True	True	(-2, 2, -1)	()	-2	-2	minor	minor	i	i, minor	VII		i	i	True	VII	VII, minor		VII, minor		VII	3	3	3	2	2	2	True	False	False
1888.0	8.0	236.0	45	3	A	0.0	1.0	1	2	2	3.0	1.0	1/2	True	0	119.0	119.0	119.0	119a	2	472	False	True				False	303	ii/VII		a	i		ii/VII	ii				VII	m	True	True	(0, -3, 1)	()	0	0	minor	minor	i	i, minor	ii/VII	VII	VII/i	VII	False	ii/VII	ii/VII, minor		ii/VII, minor	VII	VII	3	3	1	0	0	2	True	True	True
1888.0	4.0	236.0	64	4	E	0.0	1.0	1	2	2	2.0	1.0	1/4	True	0	119.0	119.0	119.0	119a	4	472	False	True				False	303	ii/VII		a	i		ii/VII	ii				VII	m	True	True	(0, -3, 1)	()	0	0	minor	minor	i	i, minor	ii/VII	VII	VII/i	VII	False	ii/VII	ii/VII, minor		ii/VII, minor	VII	VII	3	3	1	1	1	3	True	False	False
1890.0	2.0	236.25	60	0	C	0.0	1.25	0	2	2	1.0	1.0	1/8	True	0	119.0	119.0	119.0	119a	4	945/2	False	False				False	303	ii/VII		a	i		ii/VII	ii				VII	m	True	True	(0, -3, 1)	()	0	0	minor	minor	i	i, minor	ii/VII	VII	VII/i	VII	False	ii/VII	ii/VII, minor		ii/VII, minor	VII	VII	3	3	1	-3	-3	-1	True	False	False
1892.0	2.0	236.5	59	5	B	0.0	1.5	0	2	2	1.0	1.0	1/8	True	0	119.0	119.0	119.0	119a	3	473	False	False				False	303	ii/VII		a	i		ii/VII	ii				VII	m	True	True	(0, -3, 1)	()	0	0	minor	minor	i	i, minor	ii/VII	VII	VII/i	VII	False	ii/VII	ii/VII, minor		ii/VII, minor	VII	VII	3	3	1	2	2	4	False	False	False
1892.0	4.0	236.5	60	0	C	0.0	1.5	0	2	2	2.0	1.0	1/4	True	0	119.0	119.0	119.0	119a	4	473	False	False				False	303	ii/VII		a	i		ii/VII	ii				VII	m	True	True	(0, -3, 1)	()	0	0	minor	minor	i	i, minor	ii/VII	VII	VII/i	VII	False	ii/VII	ii/VII, minor		ii/VII, minor	VII	VII	3	3	1	-3	-3	-1	True	False	False
1894.0	2.0	236.75	57	3	A	0.0	1.75	0	2	2	1.0	1.0	1/8	True	0	119.0	119.0	119.0	119a	3	947/2	False	False				False	303	ii/VII		a	i		ii/VII	ii				VII	m	True	True	(0, -3, 1)	()	0	0	minor	minor	i	i, minor	ii/VII	VII	VII/i	VII	False	ii/VII	ii/VII, minor		ii/VII, minor	VII	VII	3	3	1	0	0	2	True	True	True
1896.0	8.0	237.0	43	1	G	0.0	2.0	2	2	2	3.0	1.0	1/2	True	0	119.0	119.0	119.0	119a	2	474	False	True				False	304	V/III		a	i		V/III	V				III	M	True	True	(-2, 2, -1)	()	-2	-2	minor	minor	i	i, minor	V/III	III	III/i	III	False	V/III	V/III, minor		V/III, minor	III	III	3	3	0	-2	-2	1	True	True	True
1896.0	2.0	237.0	59	5	B	0.0	2.0	2	2	2	2.0	1.0	1/8	True	0	119.0	119.0	119.0	119a	3	474	False	True				False	304	V/III		a	i		V/III	V				III	M	True	True	(-2, 2, -1)	()	-2	-2	minor	minor	i	i, minor	V/III	III	III/i	III	False	V/III	V/III, minor		V/III, minor	III	III	3	3	0	2	2	5	True	False	False
1896.0	4.0	237.0	62	2	D	0.0	2.0	2	2	2	1.0	1.0	1/4	True	0	119.0	119.0	119.0	119a	4	474	False	True				False	304	V/III		a	i		V/III	V				III	M	True	True	(-2, 2, -1)	()	-2	-2	minor	minor	i	i, minor	V/III	III	III/i	III	False	V/III	V/III, minor		V/III, minor	III	III	3	3	0	-1	-1	2	True	False	False
1898.0	2.0	237.25	60	0	C	0.0	2.25	0	2	2	2.0	1.0	1/8	True	0	119.0	119.0	119.0	119a	4	949/2	False	False				False	304	V/III		a	i		V/III	V				III	M	True	True	(-2, 2, -1)	()	-2	-2	minor	minor	i	i, minor	V/III	III	III/i	III	False	V/III	V/III, minor		V/III, minor	III	III	3	3	0	-3	-3	0	False	False	False
1900.0	4.0	237.5	59	5	B	0.0	2.5	0	2	2	1.0	1.0	1/4	True	0	119.0	119.0	119.0	119a	3	475	False	False				False	304	V/III		a	i		V/III	V				III	M	True	True	(-2, 2, -1)	()	-2	-2	minor	minor	i	i, minor	V/III	III	III/i	III	False	V/III	V/III, minor		V/III, minor	III	III	3	3	0	2	2	5	True	False	False
1900.0	2.0	237.5	62	2	D	0.0	2.5	0	2	2	2.0	1.0	1/8	True	0	119.0	119.0	119.0	119a	4	475	False	False				False	304	V/III		a	i		V/III	V				III	M	True	True	(-2, 2, -1)	()	-2	-2	minor	minor	i	i, minor	V/III	III	III/i	III	False	V/III	V/III, minor		V/III, minor	III	III	3	3	0	-1	-1	2	True	False	False
1902.0	2.0	237.75	59	5	B	0.0	2.75	0	2	2	2.0	1.0	1/8	True	0	119.0	119.0	119.0	119a	3	951/2	False	False				False	304	V/III		a	i		V/III	V				III	M	True	True	(-2, 2, -1)	()	-2	-2	minor	minor	i	i, minor	V/III	III	III/i	III	False	V/III	V/III, minor		V/III, minor	III	III	3	3	0	2	2	5	True	False	False
1904.0	4.0	238.0	41	-1	F	0.0	1.0	1	2	2	3.0	1.0	1/4	True	0	120.0	120.0	120.0	120a	2	476	False	True				False	305	IV/III		a	i		IV/III	IV				III	M	True	True	(-4, 0, -3)	()	-4	-4	minor	minor	i	i, minor	IV/III	III	III/i	III	False	IV/III	IV/III, minor		IV/III, minor	III	III	3	3	0	-4	-4	-1	True	True	True
1904.0	3.0	238.0	57	3	A	0.0	1.0	1	2	2	2.0	1.0	3/16	True	0	120.0	120.0	120.0	120a	3	476	False	True				False	305	IV/III		a	i		IV/III	IV				III	M	True	True	(-4, 0, -3)	()	-4	-4	minor	minor	i	i, minor	IV/III	III	III/i	III	False	IV/III	IV/III, minor		IV/III, minor	III	III	3	3	0	0	0	3	True	False	False
1904.0	2.0	238.0	60	0	C	0.0	1.0	1	2	2	1.0	1.0	1/8	True	0	120.0	120.0	120.0	120a	4	476	False	True				False	305	IV/III		a	i		IV/III	IV				III	M	True	True	(-4, 0, -3)	()	-4	-4	minor	minor	i	i, minor	IV/III	III	III/i	III	False	IV/III	IV/III, minor		IV/III, minor	III	III	3	3	0	-3	-3	0	True	False	False
1906.0	2.0	238.25	62	2	D	0.0	1.25	0	2	2	1.0	1.0	1/8	True	0	120.0	120.0	120.0	120a	4	953/2	False	True				False	306	ii6/III		a	i		ii6/III	ii		6		III	m	True	True	(-4, 0, -1)	()	-1	-4	minor	minor	i	i, minor	ii/III	III	III/i	III	False	ii6/III	ii6/III, minor		ii6/III, minor	III	III	3	3	0	-1	-1	2	True	True	False
1907.0	1.0	238.375	59	5	B	0.0	1.375	0	2	2	2.0	1.0	1/16	True	0	120.0	120.0	120.0	120a	3	1907/4	False	False				False	306	ii6/III		a	i		ii6/III	ii		6		III	m	True	True	(-4, 0, -1)	()	-1	-4	minor	minor	i	i, minor	ii/III	III	III/i	III	False	ii6/III	ii6/III, minor		ii6/III, minor	III	III	3	3	0	2	2	5	False	False	False
1908.0	4.0	238.5	40	4	E	0.0	1.5	0	2	2	3.0	1.0	1/4	True	0	120.0	120.0	120.0	120a	2	477	False	True				False	307	III6		a	i		III6	III		6			M	True	True	(1, -2, -3)	()	-3	1	minor	minor	i	i, minor	III		i	i	True	III6	III6, minor		III6, minor		III	3	3	3	1	1	1	True	False	True
1908.0	8.0	238.5	60	0	C	0.0	1.5	0	2	2	2.0	1.0	1/2	True	0	120.0	120.0	120.0	120a	4	477	False	True				False	307	III6		a	i		III6	III		6			M	True	True	(1, -2, -3)	()	-3	1	minor	minor	i	i, minor	III		i	i	True	III6	III6, minor		III6, minor		III	3	3	3	-3	-3	-3	True	True	False
1908.0	2.0	238.5	64	4	E	0.0	1.5	0	2	2	1.0	1.0	1/8	True	0	120.0	120.0	120.0	120a	4	477	False	True				False	307	III6		a	i		III6	III		6			M	True	True	(1, -2, -3)	()	-3	1	minor	minor	i	i, minor	III		i	i	True	III6	III6, minor		III6, minor		III	3	3	3	1	1	1	True	False	True
1910.0	2.0	238.75	62	2	D	0.0	1.75	0	2	2	1.0	1.0	1/8	True	0	120.0	120.0	120.0	120a	4	955/2	False	False				False	307	III6		a	i		III6	III		6			M	True	True	(1, -2, -3)	()	-3	1	minor	minor	i	i, minor	III		i	i	True	III6	III6, minor		III6, minor		III	3	3	3	-1	-1	-1	False	False	False
1912.0	4.0	239.0	43	1	G	0.0	2.0	2	2	2	3.0	1.0	1/4	True	0	120.0	120.0	120.0	120a	2	478	False	True				False	308	V(4)/III		a	i		V(4)/III	V			4	III	M	True	True	(-2, -3, -1)	()	-2	-2	minor	minor	i	i, minor	V/III	III	III/i	III	False	V/III	V/III, minor		V(4)/III, minor	III	III	3	3	0	-2	-2	1	True	True	True
1912.0	8.0	239.0	62	2	D	0.0	2.0	2	2	2	1.0	1.0	1/2	True	0	120.0	120.0	120.0	120a	4	478	False	True				False	308	V(4)/III		a	i		V(4)/III	V			4	III	M	True	True	(-2, -3, -1)	()	-2	-2	minor	minor	i	i, minor	V/III	III	III/i	III	False	V/III	V/III, minor		V(4)/III, minor	III	III	3	3	0	-1	-1	2	True	False	False
1916.0	4.0	239.5	43	1	G	0.0	2.5	0	2	2	3.0	1.0	1/4	False	0	120.0	120.0	120.0	120a	2	479	False	True				False	309	V/III		a	i		V/III	V				III	M	True	True	(-2, 2, -1)	()	-2	-2	minor	minor	i	i, minor	V/III	III	III/i	III	False	V/III	V/III, minor		V/III, minor	III	III	3	3	0	-2	-2	1	True	True	True
1916.0	4.0	239.5	59	5	B	0.0	2.5	0	2	2	2.0	1.0	1/4	True	0	120.0	120.0	120.0	120a	3	479	False	True				False	309	V/III		a	i		V/III	V				III	M	True	True	(-2, 2, -1)	()	-2	-2	minor	minor	i	i, minor	V/III	III	III/i	III	False	V/III	V/III, minor		V/III, minor	III	III	3	3	0	2	2	5	True	False	False
1920.0	16.0	240.0	48	0	C	0.0	1.0	1	2	2	3.0	1.0	1	True	0	121.0	121.0	121.0	121a	3	480	False	True			\\	True	310	III\\		a	i		III	III					M	True	True	(-3, 1, -2)	()	-3	-3	minor	minor	i	i, minor	III		i	i	True	III	III, minor		III, minor		III	3	3	3	-3	-3	-3	True	True	True
1920.0	16.0	240.0	60	0	C	0.0	1.0	1	2	2	1.0	1.0	1	True	0	121.0	121.0	121.0	121a	4	480	False	True			\\	True	310	III\\		a	i		III	III					M	True	True	(-3, 1, -2)	()	-3	-3	minor	minor	i	i, minor	III		i	i	True	III	III, minor		III, minor		III	3	3	3	-3	-3	-3	True	True	True
1920.0	16.0	240.0	60	0	C	0.0	1.0	1	2	2	2.0	1.0	1	True	0	121.0	121.0	121.0	121a	4	480	False	True			\\	True	310	III\\		a	i		III	III					M	True	True	(-3, 1, -2)	()	-3	-3	minor	minor	i	i, minor	III		i	i	True	III	III, minor		III, minor		III	3	3	3	-3	-3	-3	True	True	True
1936.0	16.0	242.0	48	0	C	0.0	1.0	1	2	2	3.0	1.0	1	True	0	122.0	122.0	122.0	122a	3	484	False	False				False	310	III\\		a	i		III	III					M	True	True	(-3, 1, -2)	()	-3	-3	minor	minor	i	i, minor	III		i	i	True	III	III, minor		III, minor		III	3	3	3	-3	-3	-3	True	True	True
1940.0	8.0	242.5	60	0	C	0.0	1.5	0	2	2	2.0	1.0	1/2	True	0	122.0	122.0	122.0	122a	4	485	False	False				False	310	III\\		a	i		III	III					M	True	True	(-3, 1, -2)	()	-3	-3	minor	minor	i	i, minor	III		i	i	True	III	III, minor		III, minor		III	3	3	3	-3	-3	-3	True	True	True
1948.0	2.0	243.5	59	5	B	0.0	2.5	0	2	2	2.0	1.0	1/8	True	0	122.0	122.0	122.0	122a	3	487	False	False				False	310	III\\		a	i		III	III					M	True	True	(-3, 1, -2)	()	-3	-3	minor	minor	i	i, minor	III		i	i	True	III	III, minor		III, minor		III	3	3	3	2	2	2	False	False	False
1950.0	2.0	243.75	57	3	A	0.0	2.75	0	2	2	2.0	1.0	1/8	True	0	122.0	122.0	122.0	122a	3	975/2	False	False				False	310	III\\		a	i		III	III					M	True	True	(-3, 1, -2)	()	-3	-3	minor	minor	i	i, minor	III		i	i	True	III	III, minor		III, minor		III	3	3	3	0	0	0	False	False	False
1952.0	16.0	244.0	43	1	G	0.0	1.0	1	2	2	3.0	1.0	1	True	0	123.0	123.0	123.0	123a	2	488	False	True				False	311	VII		a	i		VII	VII					M	True	True	(-2, 2, -1)	()	-2	-2	minor	minor	i	i, minor	VII		i	i	True	VII	VII, minor		VII, minor		VII	3	3	3	-2	-2	-2	True	True	True
1952.0	4.0	244.0	59	5	B	0.0	1.0	1	2	2	2.0	1.0	1/4	True	0	123.0	123.0	123.0	123a	3	488	False	True				False	311	VII		a	i		VII	VII					M	True	True	(-2, 2, -1)	()	-2	-2	minor	minor	i	i, minor	VII		i	i	True	VII	VII, minor		VII, minor		VII	3	3	3	2	2	2	True	False	False
1956.0	4.0	244.5	55	1	G	0.0	1.5	0	2	2	2.0	1.0	1/4	True	0	123.0	123.0	123.0	123a	3	489	False	False				False	311	VII		a	i		VII	VII					M	True	True	(-2, 2, -1)	()	-2	-2	minor	minor	i	i, minor	VII		i	i	True	VII	VII, minor		VII, minor		VII	3	3	3	-2	-2	-2	True	True	True
1960.0	2.0	245.0	55	1	G	0.0	2.0	2	2	2	2.0	1.0	1/8	True	0	123.0	123.0	123.0	123a	3	490	False	False				False	311	VII		a	i		VII	VII					M	True	True	(-2, 2, -1)	()	-2	-2	minor	minor	i	i, minor	VII		i	i	True	VII	VII, minor		VII, minor		VII	3	3	3	-2	-2	-2	True	True	True
1962.0	2.0	245.25	57	3	A	0.0	2.25	0	2	2	2.0	1.0	1/8	True	0	123.0	123.0	123.0	123a	3	981/2	False	False				False	311	VII		a	i		VII	VII					M	True	True	(-2, 2, -1)	()	-2	-2	minor	minor	i	i, minor	VII		i	i	True	VII	VII, minor		VII, minor		VII	3	3	3	0	0	0	False	False	False
1964.0	4.0	245.5	55	1	G	0.0	2.5	0	2	2	1.0	1.0	1/4	True	0	123.0	123.0	123.0	123a	3	491	False	False				False	311	VII		a	i		VII	VII					M	True	True	(-2, 2, -1)	()	-2	-2	minor	minor	i	i, minor	VII		i	i	True	VII	VII, minor		VII, minor		VII	3	3	3	-2	-2	-2	True	True	True
1964.0	2.0	245.5	59	5	B	0.0	2.5	0	2	2	2.0	1.0	1/8	True	0	123.0	123.0	123.0	123a	3	491	False	False				False	311	VII		a	i		VII	VII					M	True	True	(-2, 2, -1)	()	-2	-2	minor	minor	i	i, minor	VII		i	i	True	VII	VII, minor		VII, minor		VII	3	3	3	2	2	2	True	False	False
1966.0	2.0	245.75	60	0	C	0.0	2.75	0	2	2	2.0	1.0	1/8	True	0	123.0	123.0	123.0	123a	4	983/2	False	False				False	311	VII		a	i		VII	VII					M	True	True	(-2, 2, -1)	()	-2	-2	minor	minor	i	i, minor	VII		i	i	True	VII	VII, minor		VII, minor		VII	3	3	3	-3	-3	-3	False	False	False
1968.0	4.0	246.0	50	2	D	0.0	1.0	1	2	2	3.0	1.0	1/4	True	0	124.0	124.0	124.0	124a	3	492	False	True				False	312	iv(4)		a	i		iv(4)	iv			4		m	True	True	(-1, -2, 0)	()	-1	-1	minor	minor	i	i, minor	iv		i	i	True	iv	iv, minor		iv(4), minor		iv	3	3	3	-1	-1	-1	True	True	True
1968.0	4.0	246.0	55	1	G	0.0	1.0	1	2	2	1.0	1.0	1/4	False	0	124.0	124.0	124.0	124a	3	492	False	True				False	312	iv(4)		a	i		iv(4)	iv			4		m	True	True	(-1, -2, 0)	()	-1	-1	minor	minor	i	i, minor	iv		i	i	True	iv	iv, minor		iv(4), minor		iv	3	3	3	-2	-2	-2	True	False	False
1968.0	4.0	246.0	57	3	A	0.0	1.0	1	2	2	2.0	1.0	1/4	True	0	124.0	124.0	124.0	124a	3	492	False	True				False	312	iv(4)		a	i		iv(4)	iv			4		m	True	True	(-1, -2, 0)	()	-1	-1	minor	minor	i	i, minor	iv		i	i	True	iv	iv, minor		iv(4), minor		iv	3	3	3	0	0	0	True	False	False
1972.0	4.0	246.5	50	2	D	0.0	1.5	0	2	2	3.0	1.0	1/4	False	0	124.0	124.0	124.0	124a	3	493	False	True				False	313	iv		a	i		iv	iv					m	True	True	(-1, -4, 0)	()	-1	-1	minor	minor	i	i, minor	iv		i	i	True	iv	iv, minor		iv, minor		iv	3	3	3	-1	-1	-1	True	True	True
1972.0	2.0	246.5	53	-1	F	0.0	1.5	0	2	2	1.0	1.0	1/8	True	0	124.0	124.0	124.0	124a	3	493	False	True				False	313	iv		a	i		iv	iv					m	True	True	(-1, -4, 0)	()	-1	-1	minor	minor	i	i, minor	iv		i	i	True	iv	iv, minor		iv, minor		iv	3	3	3	-4	-4	-4	True	False	False
1972.0	4.0	246.5	57	3	A	0.0	1.5	0	2	2	2.0	1.0	1/4	True	0	124.0	124.0	124.0	124a	3	493	False	True				False	313	iv		a	i		iv	iv					m	True	True	(-1, -4, 0)	()	-1	-1	minor	minor	i	i, minor	iv		i	i	True	iv	iv, minor		iv, minor		iv	3	3	3	0	0	0	True	False	False
1974.0	2.0	246.75	52	4	E	0.0	1.75	0	2	2	1.0	1.0	1/8	True	0	124.0	124.0	124.0	124a	3	987/2	False	False				False	313	iv		a	i		iv	iv					m	True	True	(-1, -4, 0)	()	-1	-1	minor	minor	i	i, minor	iv		i	i	True	iv	iv, minor		iv, minor		iv	3	3	3	1	1	1	False	False	False
1976.0	8.0	247.0	50	2	D	0.0	2.0	2	2	2	3.0	1.0	1/2	True	0	124.0	124.0	124.0	124a	3	494	False	False				False	313	iv		a	i		iv	iv					m	True	True	(-1, -4, 0)	()	-1	-1	minor	minor	i	i, minor	iv		i	i	True	iv	iv, minor		iv, minor		iv	3	3	3	-1	-1	-1	True	True	True
1976.0	4.0	247.0	53	-1	F	0.0	2.0	2	2	2	1.0	1.0	1/4	True	0	124.0	124.0	124.0	124a	3	494	False	False				False	313	iv		a	i		iv	iv					m	True	True	(-1, -4, 0)	()	-1	-1	minor	minor	i	i, minor	iv		i	i	True	iv	iv, minor		iv, minor		iv	3	3	3	-4	-4	-4	True	False	False
1980.0	4.0	247.5	50	2	D	0.0	2.5	0	2	2	1.0	1.0	1/4	True	0	124.0	124.0	124.0	124a	3	495	False	False				False	313	iv		a	i		iv	iv					m	True	True	(-1, -4, 0)	()	-1	-1	minor	minor	i	i, minor	iv		i	i	True	iv	iv, minor		iv, minor		iv	3	3	3	-1	-1	-1	True	True	True
1980.0	4.0	247.5	62	2	D	0.0	2.5	0	2	2	2.0	1.0	1/4	True	0	124.0	124.0	124.0	124a	4	495	False	False				False	313	iv		a	i		iv	iv					m	True	True	(-1, -4, 0)	()	-1	-1	minor	minor	i	i, minor	iv		i	i	True	iv	iv, minor		iv, minor		iv	3	3	3	-1	-1	-1	True	True	True
1984.0	2.0	248.0	50	2	D	0.0	1.0	1	2	2	1.0	1.0	1/8	True	0	125.0	125.0	125.0	125a	3	496	False	False				False	313	iv		a	i		iv	iv					m	True	True	(-1, -4, 0)	()	-1	-1	minor	minor	i	i, minor	iv		i	i	True	iv	iv, minor		iv, minor		iv	3	3	3	-1	-1	-1	True	True	True
1984.0	8.0	248.0	50	2	D	0.0	1.0	1	2	2	3.0	1.0	1/2	False	0	125.0	125.0	125.0	125a	3	496	False	False				False	313	iv		a	i		iv	iv					m	True	True	(-1, -4, 0)	()	-1	-1	minor	minor	i	i, minor	iv		i	i	True	iv	iv, minor		iv, minor		iv	3	3	3	-1	-1	-1	True	True	True
1984.0	4.0	248.0	62	2	D	0.0	1.0	1	2	2	2.0	1.0	1/4	False	0	125.0	125.0	125.0	125a	4	496	False	False				False	313	iv		a	i		iv	iv					m	True	True	(-1, -4, 0)	()	-1	-1	minor	minor	i	i, minor	iv		i	i	True	iv	iv, minor		iv, minor		iv	3	3	3	-1	-1	-1	True	True	True
1986.0	2.0	248.25	52	4	E	0.0	1.25	0	2	2	1.0	1.0	1/8	True	0	125.0	125.0	125.0	125a	3	993/2	False	False				False	313	iv		a	i		iv	iv					m	True	True	(-1, -4, 0)	()	-1	-1	minor	minor	i	i, minor	iv		i	i	True	iv	iv, minor		iv, minor		iv	3	3	3	1	1	1	False	False	False
1988.0	2.0	248.5	53	-1	F	0.0	1.5	0	2	2	1.0	1.0	1/8	True	0	125.0	125.0	125.0	125a	3	497	False	False				False	313	iv		a	i		iv	iv					m	True	True	(-1, -4, 0)	()	-1	-1	minor	minor	i	i, minor	iv		i	i	True	iv	iv, minor		iv, minor		iv	3	3	3	-4	-4	-4	True	False	False
1988.0	2.0	248.5	60	0	C	0.0	1.5	0	2	2	2.0	1.0	1/8	True	0	125.0	125.0	125.0	125a	4	497	False	False				False	313	iv		a	i		iv	iv					m	True	True	(-1, -4, 0)	()	-1	-1	minor	minor	i	i, minor	iv		i	i	True	iv	iv, minor		iv, minor		iv	3	3	3	-3	-3	-3	False	False	False
1990.0	2.0	248.75	55	1	G	0.0	1.75	0	2	2	1.0	1.0	1/8	True	0	125.0	125.0	125.0	125a	3	995/2	False	False				False	313	iv		a	i		iv	iv					m	True	True	(-1, -4, 0)	()	-1	-1	minor	minor	i	i, minor	iv		i	i	True	iv	iv, minor		iv, minor		iv	3	3	3	-2	-2	-2	False	False	False
1990.0	2.0	248.75	59	5	B	0.0	1.75	0	2	2	2.0	1.0	1/8	True	0	125.0	125.0	125.0	125a	3	995/2	False	False				False	313	iv		a	i		iv	iv					m	True	True	(-1, -4, 0)	()	-1	-1	minor	minor	i	i, minor	iv		i	i	True	iv	iv, minor		iv, minor		iv	3	3	3	2	2	2	False	False	False
1992.0	8.0	249.0	45	3	A	0.0	2.0	2	2	2	3.0	1.0	1/2	True	0	125.0	125.0	125.0	125a	2	498	False	True				False	314	i		a	i		i	i					m	True	True	(0, -3, 1)	()	0	0	minor	minor	i	i, minor	i		i	i	True	i	i, minor		i, minor		i	3	3	3	0	0	0	True	True	True
1992.0	2.0	249.0	52	4	E	0.0	2.0	2	2	2	1.0	1.0	1/8	True	0	125.0	125.0	125.0	125a	3	498	False	True				False	314	i		a	i		i	i					m	True	True	(0, -3, 1)	()	0	0	minor	minor	i	i, minor	i		i	i	True	i	i, minor		i, minor		i	3	3	3	1	1	1	True	False	False
1992.0	4.0	249.0	60	0	C	0.0	2.0	2	2	2	2.0	1.0	1/4	True	0	125.0	125.0	125.0	125a	4	498	False	True				False	314	i		a	i		i	i					m	True	True	(0, -3, 1)	()	0	0	minor	minor	i	i, minor	i		i	i	True	i	i, minor		i, minor		i	3	3	3	-3	-3	-3	True	False	False
1994.0	2.0	249.25	52	4	E	0.0	2.25	0	2	2	1.0	1.0	1/8	True	0	125.0	125.0	125.0	125a	3	997/2	False	False				False	314	i		a	i		i	i					m	True	True	(0, -3, 1)	()	0	0	minor	minor	i	i, minor	i		i	i	True	i	i, minor		i, minor		i	3	3	3	1	1	1	True	False	False
1996.0	4.0	249.5	57	3	A	0.0	2.5	0	2	2	1.0	1.0	1/4	True	0	125.0	125.0	125.0	125a	3	499	False	False				False	314	i		a	i		i	i					m	True	True	(0, -3, 1)	()	0	0	minor	minor	i	i, minor	i		i	i	True	i	i, minor		i, minor		i	3	3	3	0	0	0	True	True	True
1996.0	4.0	249.5	57	3	A	0.0	2.5	0	2	2	2.0	1.0	1/4	True	0	125.0	125.0	125.0	125a	3	499	False	False				False	314	i		a	i		i	i					m	True	True	(0, -3, 1)	()	0	0	minor	minor	i	i, minor	i		i	i	True	i	i, minor		i, minor		i	3	3	3	0	0	0	True	True	True
2000.0	8.0	250.0	45	3	A	0.0	1.0	1	2	2	3.0	1.0	1/2	False	0	126.0	126.0	126.0	126a	2	500	False	False				False	314	i		a	i		i	i					m	True	True	(0, -3, 1)	()	0	0	minor	minor	i	i, minor	i		i	i	True	i	i, minor		i, minor		i	3	3	3	0	0	0	True	True	True
2000.0	2.0	250.0	57	3	A	0.0	1.0	1	2	2	2.0	1.0	1/8	True	0	126.0	126.0	126.0	126a	3	500	False	False				False	314	i		a	i		i	i					m	True	True	(0, -3, 1)	()	0	0	minor	minor	i	i, minor	i		i	i	True	i	i, minor		i, minor		i	3	3	3	0	0	0	True	True	True
2000.0	4.0	250.0	57	3	A	0.0	1.0	1	2	2	1.0	1.0	1/4	False	0	126.0	126.0	126.0	126a	3	500	False	False				False	314	i		a	i		i	i					m	True	True	(0, -3, 1)	()	0	0	minor	minor	i	i, minor	i		i	i	True	i	i, minor		i, minor		i	3	3	3	0	0	0	True	True	True
2002.0	2.0	250.25	59	5	B	0.0	1.25	0	2	2	2.0	1.0	1/8	True	0	126.0	126.0	126.0	126a	3	1001/2	False	False				False	314	i		a	i		i	i					m	True	True	(0, -3, 1)	()	0	0	minor	minor	i	i, minor	i		i	i	True	i	i, minor		i, minor		i	3	3	3	2	2	2	False	False	False
2004.0	2.0	250.5	55	1	G	0.0	1.5	0	2	2	1.0	1.0	1/8	True	0	126.0	126.0	126.0	126a	3	501	False	False				False	314	i		a	i		i	i					m	True	True	(0, -3, 1)	()	0	0	minor	minor	i	i, minor	i		i	i	True	i	i, minor		i, minor		i	3	3	3	-2	-2	-2	False	False	False
2004.0	2.0	250.5	60	0	C	0.0	1.5	0	2	2	2.0	1.0	1/8	True	0	126.0	126.0	126.0	126a	4	501	False	False				False	314	i		a	i		i	i					m	True	True	(0, -3, 1)	()	0	0	minor	minor	i	i, minor	i		i	i	True	i	i, minor		i, minor		i	3	3	3	-3	-3	-3	True	False	False
2006.0	2.0	250.75	53	-1	F	0.0	1.75	0	2	2	1.0	1.0	1/8	True	0	126.0	126.0	126.0	126a	3	1003/2	False	False				False	314	i		a	i		i	i					m	True	True	(0, -3, 1)	()	0	0	minor	minor	i	i, minor	i		i	i	True	i	i, minor		i, minor		i	3	3	3	-4	-4	-4	False	False	False
2006.0	2.0	250.75	62	2	D	0.0	1.75	0	2	2	2.0	1.0	1/8	True	0	126.0	126.0	126.0	126a	4	1003/2	False	False				False	314	i		a	i		i	i					m	True	True	(0, -3, 1)	()	0	0	minor	minor	i	i, minor	i		i	i	True	i	i, minor		i, minor		i	3	3	3	-1	-1	-1	False	False	False
2008.0	8.0	251.0	52	4	E	0.0	2.0	2	2	2	3.0	1.0	1/2	True	0	126.0	126.0	126.0	126a	3	502	False	True				False	315	v		a	i		v	v					m	True	True	(1, -2, 2)	()	1	1	minor	minor	i	i, minor	v		i	i	True	v	v, minor		v, minor		v	3	3	3	1	1	1	True	True	True
2008.0	4.0	251.0	55	1	G	0.0	2.0	2	2	2	1.0	1.0	1/4	True	0	126.0	126.0	126.0	126a	3	502	False	True				False	315	v		a	i		v	v					m	True	True	(1, -2, 2)	()	1	1	minor	minor	i	i, minor	v		i	i	True	v	v, minor		v, minor		v	3	3	3	-2	-2	-2	True	False	False
2008.0	4.0	251.0	59	5	B	0.0	2.0	2	2	2	2.0	1.0	1/4	True	0	126.0	126.0	126.0	126a	3	502	False	True				False	315	v		a	i		v	v					m	True	True	(1, -2, 2)	()	1	1	minor	minor	i	i, minor	v		i	i	True	v	v, minor		v, minor		v	3	3	3	2	2	2	True	False	False
2012.0	4.0	251.5	52	4	E	0.0	2.5	0	2	2	1.0	1.0	1/4	True	0	126.0	126.0	126.0	126a	3	503	False	False				False	315	v		a	i		v	v					m	True	True	(1, -2, 2)	()	1	1	minor	minor	i	i, minor	v		i	i	True	v	v, minor		v, minor		v	3	3	3	1	1	1	True	True	True
2012.0	4.0	251.5	59	5	B	0.0	2.5	0	2	2	2.0	1.0	1/4	True	0	126.0	126.0	126.0	126a	3	503	False	False				False	315	v		a	i		v	v					m	True	True	(1, -2, 2)	()	1	1	minor	minor	i	i, minor	v		i	i	True	v	v, minor		v, minor		v	3	3	3	2	2	2	True	False	False
2016.0	8.0	252.0	48	0	C	0.0	1.0	1	2	2	3.0	1.0	1/2	True	0	127.0	127.0	127.0	127a	3	504	False	True				False	316	i6		a	i		i6	i		6			m	True	True	(-3, 1, 0)	()	0	-3	minor	minor	i	i, minor	i		i	i	True	i6	i6, minor		i6, minor		i	3	3	3	-3	-3	-3	True	False	True
2016.0	12.0	252.0	57	3	A	0.0	1.0	1	2	2	2.0	1.0	3/4	True	0	127.0	127.0	127.0	127a	3	504	False	True				False	316	i6		a	i		i6	i		6			m	True	True	(-3, 1, 0)	()	0	-3	minor	minor	i	i, minor	i		i	i	True	i6	i6, minor		i6, minor		i	3	3	3	0	0	0	True	True	False
2024.0	2.0	253.0	52	4	E	0.0	2.0	2	2	2	1.0	1.0	1/8	True	0	127.0	127.0	127.0	127a	3	506	False	True				False	317	i64		a	i		i64	i		64			m	True	True	(1, 0, -3)	()	0	1	minor	minor	i	i, minor	i		i	i	True	i64	i64, minor		i64, minor		i	3	3	3	1	1	1	True	False	True
2024.0	8.0	253.0	52	4	E	0.0	2.0	2	2	2	3.0	1.0	1/2	True	0	127.0	127.0	127.0	127a	3	506	False	True				False	317	i64		a	i		i64	i		64			m	True	True	(1, 0, -3)	()	0	1	minor	minor	i	i, minor	i		i	i	True	i64	i64, minor		i64, minor		i	3	3	3	1	1	1	True	False	True
2026.0	2.0	253.25	53	-1	F	0.0	2.25	0	2	2	1.0	1.0	1/8	True	0	127.0	127.0	127.0	127a	3	1013/2	False	False				False	317	i64		a	i		i64	i		64			m	True	True	(1, 0, -3)	()	0	1	minor	minor	i	i, minor	i		i	i	True	i64	i64, minor		i64, minor		i	3	3	3	-4	-4	-4	False	False	False
2028.0	2.0	253.5	55	1	G	0.0	2.5	0	2	2	1.0	1.0	1/8	True	0	127.0	127.0	127.0	127a	3	507	False	False				False	317	i64		a	i		i64	i		64			m	True	True	(1, 0, -3)	()	0	1	minor	minor	i	i, minor	i		i	i	True	i64	i64, minor		i64, minor		i	3	3	3	-2	-2	-2	False	False	False
2028.0	2.0	253.5	57	3	A	0.0	2.5	0	2	2	2.0	1.0	1/8	True	0	127.0	127.0	127.0	127a	3	507	False	False				False	317	i64		a	i		i64	i		64			m	True	True	(1, 0, -3)	()	0	1	minor	minor	i	i, minor	i		i	i	True	i64	i64, minor		i64, minor		i	3	3	3	0	0	0	True	True	False
2030.0	2.0	253.75	57	3	A	0.0	2.75	0	2	2	1.0	1.0	1/8	True	0	127.0	127.0	127.0	127a	3	1015/2	False	False				False	317	i64		a	i		i64	i		64			m	True	True	(1, 0, -3)	()	0	1	minor	minor	i	i, minor	i		i	i	True	i64	i64, minor		i64, minor		i	3	3	3	0	0	0	True	True	False
2030.0	2.0	253.75	57	3	A	0.0	2.75	0	2	2	2.0	1.0	1/8	True	0	127.0	127.0	127.0	127a	3	1015/2	False	False				False	317	i64		a	i		i64	i		64			m	True	True	(1, 0, -3)	()	0	1	minor	minor	i	i, minor	i		i	i	True	i64	i64, minor		i64, minor		i	3	3	3	0	0	0	True	True	False
2032.0	16.0	254.0	50	2	D	0.0	1.0	1	2	2	3.0	1.0	1	True	0	128.0	128.0	128.0	128a	3	508	False	True				False	318	V/VII		a	i		V/VII	V				VII	M	True	True	(-1, 3, 0)	()	-1	-1	minor	minor	i	i, minor	V/VII	VII	VII/i	VII	False	V/VII	V/VII, minor		V/VII, minor	VII	VII	3	3	1	-1	-1	1	True	True	True
2032.0	4.0	254.0	54	6	F	1.0	1.0	1	2	2	1.0	1.0	1/4	True	0	128.0	128.0	128.0	128a	3	508	False	True				False	318	V/VII		a	i		V/VII	V				VII	M	True	True	(-1, 3, 0)	()	-1	-1	minor	minor	i	i, minor	V/VII	VII	VII/i	VII	False	V/VII	V/VII, minor		V/VII, minor	VII	VII	3	3	1	3	3	5	True	False	False
2032.0	16.0	254.0	57	3	A	0.0	1.0	1	2	2	2.0	1.0	1	True	0	128.0	128.0	128.0	128a	3	508	False	True				False	318	V/VII		a	i		V/VII	V				VII	M	True	True	(-1, 3, 0)	()	-1	-1	minor	minor	i	i, minor	V/VII	VII	VII/i	VII	False	V/VII	V/VII, minor		V/VII, minor	VII	VII	3	3	1	0	0	2	True	False	False
2036.0	4.0	254.5	54	6	F	1.0	1.5	0	2	2	1.0	1.0	1/4	True	0	128.0	128.0	128.0	128a	3	509	False	False				False	318	V/VII		a	i		V/VII	V				VII	M	True	True	(-1, 3, 0)	()	-1	-1	minor	minor	i	i, minor	V/VII	VII	VII/i	VII	False	V/VII	V/VII, minor		V/VII, minor	VII	VII	3	3	1	3	3	5	True	False	False
2040.0	2.0	255.0	57	3	A	0.0	2.0	2	2	2	1.0	1.0	1/8	True	0	128.0	128.0	128.0	128a	3	510	False	False				False	318	V/VII		a	i		V/VII	V				VII	M	True	True	(-1, 3, 0)	()	-1	-1	minor	minor	i	i, minor	V/VII	VII	VII/i	VII	False	V/VII	V/VII, minor		V/VII, minor	VII	VII	3	3	1	0	0	2	True	False	False
2042.0	2.0	255.25	59	5	B	0.0	2.25	0	2	2	1.0	1.0	1/8	True	0	128.0	128.0	128.0	128a	3	1021/2	False	False				False	318	V/VII		a	i		V/VII	V				VII	M	True	True	(-1, 3, 0)	()	-1	-1	minor	minor	i	i, minor	V/VII	VII	VII/i	VII	False	V/VII	V/VII, minor		V/VII, minor	VII	VII	3	3	1	2	2	4	False	False	False
2044.0	2.0	255.5	60	0	C	0.0	2.5	0	2	2	1.0	1.0	1/8	True	0	128.0	128.0	128.0	128a	4	511	False	False				False	318	V/VII		a	i		V/VII	V				VII	M	True	True	(-1, 3, 0)	()	-1	-1	minor	minor	i	i, minor	V/VII	VII	VII/i	VII	False	V/VII	V/VII, minor		V/VII, minor	VII	VII	3	3	1	-3	-3	-1	False	False	False
2046.0	2.0	255.75	62	2	D	0.0	2.75	0	2	2	1.0	1.0	1/8	True	0	128.0	128.0	128.0	128a	4	1023/2	False	False				False	318	V/VII		a	i		V/VII	V				VII	M	True	True	(-1, 3, 0)	()	-1	-1	minor	minor	i	i, minor	V/VII	VII	VII/i	VII	False	V/VII	V/VII, minor		V/VII, minor	VII	VII	3	3	1	-1	-1	1	True	True	True
2048.0	16.0	256.0	43	1	G	0.0	1.0	1	2	2	3.0	1.0	1	True	0	129.0	129.0	129.0	129a	2	512	False	True			\\	True	319	VII\\		a	i		VII	VII					M	True	True	(-2, 2, -1)	()	-2	-2	minor	minor	i	i, minor	VII		i	i	True	VII	VII, minor		VII, minor		VII	3	3	3	-2	-2	-2	True	True	True
2048.0	8.0	256.0	55	1	G	0.0	1.0	1	2	2	2.0	1.0	1/2	True	0	129.0	129.0	129.0	129a	3	512	False	True			\\	True	319	VII\\		a	i		VII	VII					M	True	True	(-2, 2, -1)	()	-2	-2	minor	minor	i	i, minor	VII		i	i	True	VII	VII, minor		VII, minor		VII	3	3	3	-2	-2	-2	True	True	True
2048.0	4.0	256.0	59	5	B	0.0	1.0	1	2	2	1.0	1.0	1/4	True	0	129.0	129.0	129.0	129a	3	512	False	True			\\	True	319	VII\\		a	i		VII	VII					M	True	True	(-2, 2, -1)	()	-2	-2	minor	minor	i	i, minor	VII		i	i	True	VII	VII, minor		VII, minor		VII	3	3	3	2	2	2	True	False	False
2052.0	4.0	256.5	59	5	B	0.0	1.5	0	2	2	1.0	1.0	1/4	True	0	129.0	129.0	129.0	129a	3	513	False	False				False	319	VII\\		a	i		VII	VII					M	True	True	(-2, 2, -1)	()	-2	-2	minor	minor	i	i, minor	VII		i	i	True	VII	VII, minor		VII, minor		VII	3	3	3	2	2	2	True	False	False
2056.0	2.0	257.0	50	2	D	0.0	2.0	2	2	2	2.0	1.0	1/8	True	0	129.0	129.0	129.0	129a	3	514	False	False				False	319	VII\\		a	i		VII	VII					M	True	True	(-2, 2, -1)	()	-2	-2	minor	minor	i	i, minor	VII		i	i	True	VII	VII, minor		VII, minor		VII	3	3	3	-1	-1	-1	True	False	False
2058.0	2.0	257.25	52	4	E	0.0	2.25	0	2	2	2.0	1.0	1/8	True	0	129.0	129.0	129.0	129a	3	1029/2	False	False				False	319	VII\\		a	i		VII	VII					M	True	True	(-2, 2, -1)	()	-2	-2	minor	minor	i	i, minor	VII		i	i	True	VII	VII, minor		VII, minor		VII	3	3	3	1	1	1	False	False	False
2060.0	2.0	257.5	53	-1	F	0.0	2.5	0	2	2	2.0	1.0	1/8	True	0	129.0	129.0	129.0	129a	3	515	False	True				False	320	V7/III		a	i		V7/III	V		7		III	Mm7	True	True	(-2, 2, -1, -4)	()	-2	-2	minor	minor	i	i, minor	V/III	III	III/i	III	False	V7/III	V7/III, minor		V7/III, minor	III	III	3	3	0	-4	-4	-1	True	False	False
2062.0	2.0	257.75	55	1	G	0.0	2.75	0	2	2	2.0	1.0	1/8	True	0	129.0	129.0	129.0	129a	3	1031/2	False	False				False	320	V7/III		a	i		V7/III	V		7		III	Mm7	True	True	(-2, 2, -1, -4)	()	-2	-2	minor	minor	i	i, minor	V/III	III	III/i	III	False	V7/III	V7/III, minor		V7/III, minor	III	III	3	3	0	-2	-2	1	True	True	True
2064.0	8.0	258.0	48	0	C	0.0	1.0	1	2	2	6.0	1.0	1/2	True	0	130.0	130.0	130.0	130a	3	516	False	True				False	321	III		a	i		III	III					M	True	True	(-3, 1, -2)	()	-3	-3	minor	minor	i	i, minor	III		i	i	True	III	III, minor		III, minor		III	3	3	3	-3	-3	-3	True	True	True
2064.0	4.0	258.0	52	4	E	0.0	1.0	1	2	2	4.0	1.0	1/4	True	0	130.0	130.0	130.0	130a	3	516	False	True				False	321	III		a	i		III	III					M	True	True	(-3, 1, -2)	()	-3	-3	minor	minor	i	i, minor	III		i	i	True	III	III, minor		III, minor		III	3	3	3	1	1	1	True	False	False
2064.0	2.0	258.0	55	1	G	0.0	1.0	1	2	2	3.0	1.0	1/8	True	0	130.0	130.0	130.0	130a	3	516	False	True				False	321	III		a	i		III	III					M	True	True	(-3, 1, -2)	()	-3	-3	minor	minor	i	i, minor	III		i	i	True	III	III, minor		III, minor		III	3	3	3	-2	-2	-2	True	False	False
2066.0	2.0	258.25	57	3	A	0.0	1.25	0	2	2	3.0	1.0	1/8	True	0	130.0	130.0	130.0	130a	3	1033/2	False	False				False	321	III		a	i		III	III					M	True	True	(-3, 1, -2)	()	-3	-3	minor	minor	i	i, minor	III		i	i	True	III	III, minor		III, minor		III	3	3	3	0	0	0	False	False	False
2068.0	4.0	258.5	52	4	E	0.0	1.5	0	2	2	4.0	1.0	1/4	True	0	130.0	130.0	130.0	130a	3	517	False	False				False	321	III		a	i		III	III					M	True	True	(-3, 1, -2)	()	-3	-3	minor	minor	i	i, minor	III		i	i	True	III	III, minor		III, minor		III	3	3	3	1	1	1	True	False	False
2068.0	2.0	258.5	59	5	B	0.0	1.5	0	2	2	3.0	1.0	1/8	True	0	130.0	130.0	130.0	130a	3	517	False	False				False	321	III		a	i		III	III					M	True	True	(-3, 1, -2)	()	-3	-3	minor	minor	i	i, minor	III		i	i	True	III	III, minor		III, minor		III	3	3	3	2	2	2	False	False	False
2070.0	2.0	258.75	60	0	C	0.0	1.75	0	2	2	3.0	1.0	1/8	True	0	130.0	130.0	130.0	130a	4	1035/2	False	False				False	321	III		a	i		III	III					M	True	True	(-3, 1, -2)	()	-3	-3	minor	minor	i	i, minor	III		i	i	True	III	III, minor		III, minor		III	3	3	3	-3	-3	-3	True	True	True
2072.0	8.0	259.0	53	-1	F	0.0	2.0	2	2	2	6.0	1.0	1/2	True	0	130.0	130.0	130.0	130a	3	518	False	True				False	322	VI		a	i		VI	VI					M	True	True	(-4, 0, -3)	()	-4	-4	minor	minor	i	i, minor	VI		i	i	True	VI	VI, minor		VI, minor		VI	3	3	3	-4	-4	-4	True	True	True
2072.0	4.0	259.0	57	3	A	0.0	2.0	2	2	2	3.0	1.0	1/4	True	0	130.0	130.0	130.0	130a	3	518	False	True				False	322	VI		a	i		VI	VI					M	True	True	(-4, 0, -3)	()	-4	-4	minor	minor	i	i, minor	VI		i	i	True	VI	VI, minor		VI, minor		VI	3	3	3	0	0	0	True	False	False
2076.0	4.0	259.5	57	3	A	0.0	2.5	0	2	2	3.0	1.0	1/4	True	0	130.0	130.0	130.0	130a	3	519	False	False				False	322	VI		a	i		VI	VI					M	True	True	(-4, 0, -3)	()	-4	-4	minor	minor	i	i, minor	VI		i	i	True	VI	VI, minor		VI, minor		VI	3	3	3	0	0	0	True	False	False
2080.0	8.0	260.0	50	2	D	0.0	1.0	1	2	2	6.0	1.0	1/2	True	0	131.0	131.0	131.0	131a	3	520	False	True				False	323	ii6		a	i		ii6	ii		6			m	True	True	(-1, 3, 2)	()	2	-1	minor	minor	i	i, minor	ii		i	i	True	ii6	ii6, minor		ii6, minor		ii	3	3	3	-1	-1	-1	True	False	True
2080.0	4.0	260.0	54	6	F	1.0	1.0	1	2	2	4.0	1.0	1/4	True	0	131.0	131.0	131.0	131a	3	520	False	True				False	323	ii6		a	i		ii6	ii		6			m	True	True	(-1, 3, 2)	()	2	-1	minor	minor	i	i, minor	ii		i	i	True	ii6	ii6, minor		ii6, minor		ii	3	3	3	3	3	3	True	False	False
2080.0	12.0	260.0	59	5	B	0.0	1.0	1	2	2	3.0	1.0	3/4	True	0	131.0	131.0	131.0	131a	3	520	False	True				False	323	ii6		a	i		ii6	ii		6			m	True	True	(-1, 3, 2)	()	2	-1	minor	minor	i	i, minor	ii		i	i	True	ii6	ii6, minor		ii6, minor		ii	3	3	3	2	2	2	True	True	False
2084.0	2.0	260.5	54	6	F	1.0	1.5	0	2	2	4.0	1.0	1/8	True	0	131.0	131.0	131.0	131a	3	521	False	False				False	323	ii6		a	i		ii6	ii		6			m	True	True	(-1, 3, 2)	()	2	-1	minor	minor	i	i, minor	ii		i	i	True	ii6	ii6, minor		ii6, minor		ii	3	3	3	3	3	3	True	False	False
2086.0	2.0	260.75	55	1	G	0.0	1.75	0	2	2	4.0	1.0	1/8	True	0	131.0	131.0	131.0	131a	3	1043/2	False	False				False	323	ii6		a	i		ii6	ii		6			m	True	True	(-1, 3, 2)	()	2	-1	minor	minor	i	i, minor	ii		i	i	True	ii6	ii6, minor		ii6, minor		ii	3	3	3	-2	-2	-2	False	False	False
2088.0	8.0	261.0	53	-1	F	0.0	2.0	2	2	2	6.0	1.0	1/2	True	0	131.0	131.0	131.0	131a	3	522	False	True				False	324	ii%43		a	i		ii%43	ii	%	43			%7	True	True	(-4, 0, 2, -1)	()	2	-4	minor	minor	i	i, minor	ii		i	i	True	ii%43	ii%43, minor		ii%43, minor		ii	3	3	3	-4	-4	-4	True	False	True
2088.0	8.0	261.0	57	3	A	0.0	2.0	2	2	2	4.0	1.0	1/2	True	0	131.0	131.0	131.0	131a	3	522	False	True				False	324	ii%43		a	i		ii%43	ii	%	43			%7	True	True	(-4, 0, 2, -1)	()	2	-4	minor	minor	i	i, minor	ii		i	i	True	ii%43	ii%43, minor		ii%43, minor		ii	3	3	3	0	0	0	True	False	False
2092.0	2.0	261.5	57	3	A	0.0	2.5	0	2	2	3.0	1.0	1/8	True	0	131.0	131.0	131.0	131a	3	523	False	True				False	325	VI		a	i		VI	VI					M	True	True	(-4, 0, -3)	()	-4	-4	minor	minor	i	i, minor	VI		i	i	True	VI	VI, minor		VI, minor		VI	3	3	3	0	0	0	True	False	False
2094.0	2.0	261.75	57	3	A	0.0	2.75	0	2	2	3.0	1.0	1/8	True	0	131.0	131.0	131.0	131a	3	1047/2	False	False				False	325	VI		a	i		VI	VI					M	True	True	(-4, 0, -3)	()	-4	-4	minor	minor	i	i, minor	VI		i	i	True	VI	VI, minor		VI, minor		VI	3	3	3	0	0	0	True	False	False
2096.0	8.0	262.0	52	4	E	0.0	1.0	1	2	2	6.0	1.0	1/2	True	0	132.0	132.0	132.0	132a	3	524	False	True				False	326	V(4)		a	i		V(4)	V			4		M	True	True	(1, 0, 2)	()	1	1	minor	minor	i	i, minor	V		i	i	True	V	V, minor		V(4), minor		V	3	3	3	1	1	1	True	True	True
2096.0	8.0	262.0	57	3	A	0.0	1.0	1	2	2	4.0	1.0	1/2	False	0	132.0	132.0	132.0	132a	3	524	False	True				False	326	V(4)		a	i		V(4)	V			4		M	True	True	(1, 0, 2)	()	1	1	minor	minor	i	i, minor	V		i	i	True	V	V, minor		V(4), minor		V	3	3	3	0	0	0	True	False	False
2096.0	16.0	262.0	59	5	B	0.0	1.0	1	2	2	3.0	1.0	1	True	0	132.0	132.0	132.0	132a	3	524	False	True				False	326	V(4)		a	i		V(4)	V			4		M	True	True	(1, 0, 2)	()	1	1	minor	minor	i	i, minor	V		i	i	True	V	V, minor		V(4), minor		V	3	3	3	2	2	2	True	False	False
2104.0	8.0	263.0	52	4	E	0.0	2.0	2	2	2	6.0	1.0	1/2	False	0	132.0	132.0	132.0	132a	3	526	False	True				False	327	V		a	i		V	V					M	True	True	(1, 5, 2)	()	1	1	minor	minor	i	i, minor	V		i	i	True	V	V, minor		V, minor		V	3	3	3	1	1	1	True	True	True
2104.0	8.0	263.0	56	8	G	1.0	2.0	2	2	2	4.0	1.0	1/2	True	0	132.0	132.0	132.0	132a	3	526	False	True				False	327	V		a	i		V	V					M	True	True	(1, 5, 2)	()	1	1	minor	minor	i	i, minor	V		i	i	True	V	V, minor		V, minor		V	3	3	3	5	5	5	True	False	False
2112.0	16.0	264.0	45	3	A	0.0	1.0	1	2	2	6.0	1.0	1	True	0	133.0	133.0	133.0	133a	2	528	False	False			\\	True	328	i\\	I\\	a	i		i	i					m	True	True	(0, -3, 1)	()	0	0	minor	minor	i	i, minor	i		i	i	True	i	i, minor		i, minor		i	3	3	3	0	0	0	True	True	True
2112.0	16.0	264.0	57	3	A	0.0	1.0	1	2	2	3.0	1.0	1	True	0	133.0	133.0	133.0	133a	3	528	False	False			\\	True	328	i\\	I\\	a	i		i	i					m	True	True	(0, -3, 1)	()	0	0	minor	minor	i	i, minor	i		i	i	True	i	i, minor		i, minor		i	3	3	3	0	0	0	True	True	True
2112.0	16.0	264.0	57	3	A	0.0	1.0	1	2	2	4.0	1.0	1	True	0	133.0	133.0	133.0	133a	3	528	False	False			\\	True	328	i\\	I\\	a	i		i	i					m	True	True	(0, -3, 1)	()	0	0	minor	minor	i	i, minor	i		i	i	True	i	i, minor		i, minor		i	3	3	3	0	0	0	True	True	True
2128.0	4.0	266.0	57	3	A	0.0	1.0	1	2	2	5.0	1.0	1/4	True	0	134.0	134.0	134.0	134a	3	532	False	True				False	329	i		a	i		i	i					m	True	True	(0, -3, 1)	()	0	0	minor	minor	i	i, minor	i		i	i	True	i	i, minor		i, minor		i	3	3	3	0	0	0	True	True	True
2128.0	4.0	266.0	57	3	A	0.0	1.0	1	2	2	6.0	1.0	1/4	True	0	134.0	134.0	134.0	134a	3	532	False	True				False	329	i		a	i		i	i					m	True	True	(0, -3, 1)	()	0	0	minor	minor	i	i, minor	i		i	i	True	i	i, minor		i, minor		i	3	3	3	0	0	0	True	True	True
2128.0	4.0	266.0	60	0	C	0.0	1.0	1	2	2	3.0	1.0	1/4	True	0	134.0	134.0	134.0	134a	4	532	False	True				False	329	i		a	i		i	i					m	True	True	(0, -3, 1)	()	0	0	minor	minor	i	i, minor	i		i	i	True	i	i, minor		i, minor		i	3	3	3	-3	-3	-3	True	False	False
2128.0	4.0	266.0	60	0	C	0.0	1.0	1	2	2	4.0	1.0	1/4	True	0	134.0	134.0	134.0	134a	4	532	False	True				False	329	i		a	i		i	i					m	True	True	(0, -3, 1)	()	0	0	minor	minor	i	i, minor	i		i	i	True	i	i, minor		i, minor		i	3	3	3	-3	-3	-3	True	False	False
2128.0	4.0	266.0	64	4	E	0.0	1.0	1	2	2	2.0	1.0	1/4	True	0	134.0	134.0	134.0	134a	4	532	False	True				False	329	i		a	i		i	i					m	True	True	(0, -3, 1)	()	0	0	minor	minor	i	i, minor	i		i	i	True	i	i, minor		i, minor		i	3	3	3	1	1	1	True	False	False
2128.0	4.0	266.0	69	3	A	0.0	1.0	1	2	2	1.0	1.0	1/4	True	0	134.0	134.0	134.0	134a	4	532	False	True				False	329	i		a	i		i	i					m	True	True	(0, -3, 1)	()	0	0	minor	minor	i	i, minor	i		i	i	True	i	i, minor		i, minor		i	3	3	3	0	0	0	True	True	True
2132.0	6.0	266.5	53	-1	F	0.0	1.5	0	2	2	5.0	1.0	3/8	True	0	134.0	134.0	134.0	134a	3	533	False	True				False	330	IV/III		a	i		IV/III	IV				III	M	True	True	(-4, 0, -3)	()	-4	-4	minor	minor	i	i, minor	IV/III	III	III/i	III	False	IV/III	IV/III, minor		IV/III, minor	III	III	3	3	0	-4	-4	-1	True	True	True
2132.0	8.0	266.5	53	-1	F	0.0	1.5	0	2	2	6.0	1.0	1/2	True	0	134.0	134.0	134.0	134a	3	533	False	True				False	330	IV/III		a	i		IV/III	IV				III	M	True	True	(-4, 0, -3)	()	-4	-4	minor	minor	i	i, minor	IV/III	III	III/i	III	False	IV/III	IV/III, minor		IV/III, minor	III	III	3	3	0	-4	-4	-1	True	True	True
2132.0	6.0	266.5	57	3	A	0.0	1.5	0	2	2	4.0	1.0	3/8	True	0	134.0	134.0	134.0	134a	3	533	False	True				False	330	IV/III		a	i		IV/III	IV				III	M	True	True	(-4, 0, -3)	()	-4	-4	minor	minor	i	i, minor	IV/III	III	III/i	III	False	IV/III	IV/III, minor		IV/III, minor	III	III	3	3	0	0	0	3	True	False	False
2132.0	6.0	266.5	60	0	C	0.0	1.5	0	2	2	3.0	1.0	3/8	True	0	134.0	134.0	134.0	134a	4	533	False	True				False	330	IV/III		a	i		IV/III	IV				III	M	True	True	(-4, 0, -3)	()	-4	-4	minor	minor	i	i, minor	IV/III	III	III/i	III	False	IV/III	IV/III, minor		IV/III, minor	III	III	3	3	0	-3	-3	0	True	False	False
2132.0	6.0	266.5	69	3	A	0.0	1.5	0	2	2	2.0	1.0	3/8	True	0	134.0	134.0	134.0	134a	4	533	False	True				False	330	IV/III		a	i		IV/III	IV				III	M	True	True	(-4, 0, -3)	()	-4	-4	minor	minor	i	i, minor	IV/III	III	III/i	III	False	IV/III	IV/III, minor		IV/III, minor	III	III	3	3	0	0	0	3	True	False	False
2132.0	6.0	266.5	72	0	C	0.0	1.5	0	2	2	1.0	1.0	3/8	True	0	134.0	134.0	134.0	134a	5	533	False	True				False	330	IV/III		a	i		IV/III	IV				III	M	True	True	(-4, 0, -3)	()	-4	-4	minor	minor	i	i, minor	IV/III	III	III/i	III	False	IV/III	IV/III, minor		IV/III, minor	III	III	3	3	0	-3	-3	0	True	False	False
2138.0	2.0	267.25	53	-1	F	0.0	2.25	0	2	2	5.0	1.0	1/8	True	0	134.0	134.0	134.0	134a	3	1069/2	False	False				False	330	IV/III		a	i		IV/III	IV				III	M	True	True	(-4, 0, -3)	()	-4	-4	minor	minor	i	i, minor	IV/III	III	III/i	III	False	IV/III	IV/III, minor		IV/III, minor	III	III	3	3	0	-4	-4	-1	True	True	True
2138.0	2.0	267.25	57	3	A	0.0	2.25	0	2	2	4.0	1.0	1/8	True	0	134.0	134.0	134.0	134a	3	1069/2	False	False				False	330	IV/III		a	i		IV/III	IV				III	M	True	True	(-4, 0, -3)	()	-4	-4	minor	minor	i	i, minor	IV/III	III	III/i	III	False	IV/III	IV/III, minor		IV/III, minor	III	III	3	3	0	0	0	3	True	False	False
2138.0	2.0	267.25	60	0	C	0.0	2.25	0	2	2	3.0	1.0	1/8	True	0	134.0	134.0	134.0	134a	4	1069/2	False	False				False	330	IV/III		a	i		IV/III	IV				III	M	True	True	(-4, 0, -3)	()	-4	-4	minor	minor	i	i, minor	IV/III	III	III/i	III	False	IV/III	IV/III, minor		IV/III, minor	III	III	3	3	0	-3	-3	0	True	False	False
2138.0	2.0	267.25	69	3	A	0.0	2.25	0	2	2	2.0	1.0	1/8	True	0	134.0	134.0	134.0	134a	4	1069/2	False	False				False	330	IV/III		a	i		IV/III	IV				III	M	True	True	(-4, 0, -3)	()	-4	-4	minor	minor	i	i, minor	IV/III	III	III/i	III	False	IV/III	IV/III, minor		IV/III, minor	III	III	3	3	0	0	0	3	True	False	False
2138.0	2.0	267.25	72	0	C	0.0	2.25	0	2	2	1.0	1.0	1/8	True	0	134.0	134.0	134.0	134a	5	1069/2	False	False				False	330	IV/III		a	i		IV/III	IV				III	M	True	True	(-4, 0, -3)	()	-4	-4	minor	minor	i	i, minor	IV/III	III	III/i	III	False	IV/III	IV/III, minor		IV/III, minor	III	III	3	3	0	-3	-3	0	True	False	False
2140.0	4.0	267.5	48	0	C	0.0	2.5	0	2	2	5.0	1.0	1/4	True	0	134.0	134.0	134.0	134a	3	535	False	True				False	331	III		a	i		III	III					M	True	True	(-3, 1, -2)	()	-3	-3	minor	minor	i	i, minor	III		i	i	True	III	III, minor		III, minor		III	3	3	3	-3	-3	-3	True	True	True
2140.0	4.0	267.5	48	0	C	0.0	2.5	0	2	2	6.0	1.0	1/4	True	0	134.0	134.0	134.0	134a	3	535	False	True				False	331	III		a	i		III	III					M	True	True	(-3, 1, -2)	()	-3	-3	minor	minor	i	i, minor	III		i	i	True	III	III, minor		III, minor		III	3	3	3	-3	-3	-3	True	True	True
2140.0	4.0	267.5	55	1	G	0.0	2.5	0	2	2	4.0	1.0	1/4	True	0	134.0	134.0	134.0	134a	3	535	False	True				False	331	III		a	i		III	III					M	True	True	(-3, 1, -2)	()	-3	-3	minor	minor	i	i, minor	III		i	i	True	III	III, minor		III, minor		III	3	3	3	-2	-2	-2	True	False	False
2140.0	4.0	267.5	60	0	C	0.0	2.5	0	2	2	3.0	1.0	1/4	True	0	134.0	134.0	134.0	134a	4	535	False	True				False	331	III		a	i		III	III					M	True	True	(-3, 1, -2)	()	-3	-3	minor	minor	i	i, minor	III		i	i	True	III	III, minor		III, minor		III	3	3	3	-3	-3	-3	True	True	True
2140.0	4.0	267.5	64	4	E	0.0	2.5	0	2	2	2.0	1.0	1/4	True	0	134.0	134.0	134.0	134a	4	535	False	True				False	331	III		a	i		III	III					M	True	True	(-3, 1, -2)	()	-3	-3	minor	minor	i	i, minor	III		i	i	True	III	III, minor		III, minor		III	3	3	3	1	1	1	True	False	False
2140.0	4.0	267.5	76	4	E	0.0	2.5	0	2	2	1.0	1.0	1/4	True	0	134.0	134.0	134.0	134a	5	535	False	True				False	331	III		a	i		III	III					M	True	True	(-3, 1, -2)	()	-3	-3	minor	minor	i	i, minor	III		i	i	True	III	III, minor		III, minor		III	3	3	3	1	1	1	True	False	False
2144.0	8.0	268.0	55	1	G	0.0	1.0	1	2	2	5.0	1.0	1/2	True	0	135.0	135.0	135.0	135a	3	536	False	True			\\	True	332	V/III\\		a	i		V/III	V				III	M	True	True	(-2, 2, -1)	()	-2	-2	minor	minor	i	i, minor	V/III	III	III/i	III	False	V/III	V/III, minor		V/III, minor	III	III	3	3	0	-2	-2	1	True	True	True
2144.0	8.0	268.0	55	1	G	0.0	1.0	1	2	2	6.0	1.0	1/2	True	0	135.0	135.0	135.0	135a	3	536	False	True			\\	True	332	V/III\\		a	i		V/III	V				III	M	True	True	(-2, 2, -1)	()	-2	-2	minor	minor	i	i, minor	V/III	III	III/i	III	False	V/III	V/III, minor		V/III, minor	III	III	3	3	0	-2	-2	1	True	True	True
2144.0	8.0	268.0	59	5	B	0.0	1.0	1	2	2	4.0	1.0	1/2	True	0	135.0	135.0	135.0	135a	3	536	False	True			\\	True	332	V/III\\		a	i		V/III	V				III	M	True	True	(-2, 2, -1)	()	-2	-2	minor	minor	i	i, minor	V/III	III	III/i	III	False	V/III	V/III, minor		V/III, minor	III	III	3	3	0	2	2	5	True	False	False
2144.0	8.0	268.0	62	2	D	0.0	1.0	1	2	2	3.0	1.0	1/2	True	0	135.0	135.0	135.0	135a	4	536	False	True			\\	True	332	V/III\\		a	i		V/III	V				III	M	True	True	(-2, 2, -1)	()	-2	-2	minor	minor	i	i, minor	V/III	III	III/i	III	False	V/III	V/III, minor		V/III, minor	III	III	3	3	0	-1	-1	2	True	False	False
2144.0	8.0	268.0	67	1	G	0.0	1.0	1	2	2	2.0	1.0	1/2	True	0	135.0	135.0	135.0	135a	4	536	False	True			\\	True	332	V/III\\		a	i		V/III	V				III	M	True	True	(-2, 2, -1)	()	-2	-2	minor	minor	i	i, minor	V/III	III	III/i	III	False	V/III	V/III, minor		V/III, minor	III	III	3	3	0	-2	-2	1	True	True	True
2144.0	8.0	268.0	74	2	D	0.0	1.0	1	2	2	1.0	1.0	1/2	True	0	135.0	135.0	135.0	135a	5	536	False	True			\\	True	332	V/III\\		a	i		V/III	V				III	M	True	True	(-2, 2, -1)	()	-2	-2	minor	minor	i	i, minor	V/III	III	III/i	III	False	V/III	V/III, minor		V/III, minor	III	III	3	3	0	-1	-1	2	True	False	False
2152.0	8.0	269.0	55	1	G	0.0	2.0	2	2	2	6.0	1.0	1/2	True	0	135.0	135.0	135.0	135a	3	538	False	False				False	332	V/III\\		a	i		V/III	V				III	M	True	True	(-2, 2, -1)	()	-2	-2	minor	minor	i	i, minor	V/III	III	III/i	III	False	V/III	V/III, minor		V/III, minor	III	III	3	3	0	-2	-2	1	True	True	True
2152.0	2.0	269.0	62	2	D	0.0	2.0	2	2	2	4.0	1.0	1/8	True	0	135.0	135.0	135.0	135a	4	538	False	False				False	332	V/III\\		a	i		V/III	V				III	M	True	True	(-2, 2, -1)	()	-2	-2	minor	minor	i	i, minor	V/III	III	III/i	III	False	V/III	V/III, minor		V/III, minor	III	III	3	3	0	-1	-1	2	True	False	False
2154.0	2.0	269.25	60	0	C	0.0	2.25	0	2	2	4.0	1.0	1/8	True	0	135.0	135.0	135.0	135a	4	1077/2	False	False				False	332	V/III\\		a	i		V/III	V				III	M	True	True	(-2, 2, -1)	()	-2	-2	minor	minor	i	i, minor	V/III	III	III/i	III	False	V/III	V/III, minor		V/III, minor	III	III	3	3	0	-3	-3	0	False	False	False
2156.0	2.0	269.5	59	5	B	0.0	2.5	0	2	2	4.0	1.0	1/8	True	0	135.0	135.0	135.0	135a	3	539	False	False				False	332	V/III\\		a	i		V/III	V				III	M	True	True	(-2, 2, -1)	()	-2	-2	minor	minor	i	i, minor	V/III	III	III/i	III	False	V/III	V/III, minor		V/III, minor	III	III	3	3	0	2	2	5	True	False	False
2156.0	2.0	269.5	67	1	G	0.0	2.5	0	2	2	2.0	1.0	1/8	True	0	135.0	135.0	135.0	135a	4	539	False	False				False	332	V/III\\		a	i		V/III	V				III	M	True	True	(-2, 2, -1)	()	-2	-2	minor	minor	i	i, minor	V/III	III	III/i	III	False	V/III	V/III, minor		V/III, minor	III	III	3	3	0	-2	-2	1	True	True	True
2158.0	2.0	269.75	57	3	A	0.0	2.75	0	2	2	4.0	1.0	1/8	True	0	135.0	135.0	135.0	135a	3	1079/2	False	False				False	332	V/III\\		a	i		V/III	V				III	M	True	True	(-2, 2, -1)	()	-2	-2	minor	minor	i	i, minor	V/III	III	III/i	III	False	V/III	V/III, minor		V/III, minor	III	III	3	3	0	0	0	3	False	False	False
2158.0	2.0	269.75	65	-1	F	0.0	2.75	0	2	2	2.0	1.0	1/8	True	0	135.0	135.0	135.0	135a	4	1079/2	False	False				False	332	V/III\\		a	i		V/III	V				III	M	True	True	(-2, 2, -1)	()	-2	-2	minor	minor	i	i, minor	V/III	III	III/i	III	False	V/III	V/III, minor		V/III, minor	III	III	3	3	0	-4	-4	-1	False	False	False
2160.0	2.0	270.0	57	3	A	0.0	1.0	1	2	2	5.0	1.0	1/8	True	0	136.0	136.0	136.0	136a	3	540	False	True				False	333	i		a	i		i	i					m	True	True	(0, -3, 1)	()	0	0	minor	minor	i	i, minor	i		i	i	True	i	i, minor		i, minor		i	3	3	3	0	0	0	True	True	True
2160.0	4.0	270.0	57	3	A	0.0	1.0	1	2	2	6.0	1.0	1/4	True	0	136.0	136.0	136.0	136a	3	540	False	True				False	333	i		a	i		i	i					m	True	True	(0, -3, 1)	()	0	0	minor	minor	i	i, minor	i		i	i	True	i	i, minor		i, minor		i	3	3	3	0	0	0	True	True	True
2160.0	2.0	270.0	60	0	C	0.0	1.0	1	2	2	4.0	1.0	1/8	True	0	136.0	136.0	136.0	136a	4	540	False	True				False	333	i		a	i		i	i					m	True	True	(0, -3, 1)	()	0	0	minor	minor	i	i, minor	i		i	i	True	i	i, minor		i, minor		i	3	3	3	-3	-3	-3	True	False	False
2160.0	2.0	270.0	64	4	E	0.0	1.0	1	2	2	2.0	1.0	1/8	True	0	136.0	136.0	136.0	136a	4	540	False	True				False	333	i		a	i		i	i					m	True	True	(0, -3, 1)	()	0	0	minor	minor	i	i, minor	i		i	i	True	i	i, minor		i, minor		i	3	3	3	1	1	1	True	False	False
2162.0	2.0	270.25	55	1	G	0.0	1.25	0	2	2	5.0	1.0	1/8	True	0	136.0	136.0	136.0	136a	3	1081/2	False	False				False	333	i		a	i		i	i					m	True	True	(0, -3, 1)	()	0	0	minor	minor	i	i, minor	i		i	i	True	i	i, minor		i, minor		i	3	3	3	-2	-2	-2	False	False	False
2162.0	2.0	270.25	57	3	A	0.0	1.25	0	2	2	4.0	1.0	1/8	True	0	136.0	136.0	136.0	136a	3	1081/2	False	False				False	333	i		a	i		i	i					m	True	True	(0, -3, 1)	()	0	0	minor	minor	i	i, minor	i		i	i	True	i	i, minor		i, minor		i	3	3	3	0	0	0	True	True	True
2162.0	2.0	270.25	60	0	C	0.0	1.25	0	2	2	2.0	1.0	1/8	True	0	136.0	136.0	136.0	136a	4	1081/2	False	False				False	333	i		a	i		i	i					m	True	True	(0, -3, 1)	()	0	0	minor	minor	i	i, minor	i		i	i	True	i	i, minor		i, minor		i	3	3	3	-3	-3	-3	True	False	False
2164.0	4.0	270.5	52	4	E	0.0	1.5	0	2	2	6.0	1.0	1/4	True	0	136.0	136.0	136.0	136a	3	541	False	True				False	334	v	V	a	i		v	v					m	True	True	(1, -2, 2)	()	1	1	minor	minor	i	i, minor	v		i	i	True	v	v, minor		v, minor		v	3	3	3	1	1	1	True	True	True
2164.0	2.0	270.5	53	-1	F	0.0	1.5	0	2	2	5.0	1.0	1/8	True	0	136.0	136.0	136.0	136a	3	541	False	True				False	334	v	V	a	i		v	v					m	True	True	(1, -2, 2)	()	1	1	minor	minor	i	i, minor	v		i	i	True	v	v, minor		v, minor		v	3	3	3	-4	-4	-4	False	False	False
2164.0	8.0	270.5	64	4	E	0.0	1.5	0	2	2	2.0	1.0	1/2	True	0	136.0	136.0	136.0	136a	4	541	False	True				False	334	v	V	a	i		v	v					m	True	True	(1, -2, 2)	()	1	1	minor	minor	i	i, minor	v		i	i	True	v	v, minor		v, minor		v	3	3	3	1	1	1	True	True	True
2166.0	2.0	270.75	52	4	E	0.0	1.75	0	2	2	5.0	1.0	1/8	True	0	136.0	136.0	136.0	136a	3	1083/2	False	False				False	334	v	V	a	i		v	v					m	True	True	(1, -2, 2)	()	1	1	minor	minor	i	i, minor	v		i	i	True	v	v, minor		v, minor		v	3	3	3	1	1	1	True	True	True
2168.0	4.0	271.0	53	-1	F	0.0	2.0	2	2	2	6.0	1.0	1/4	True	0	136.0	136.0	136.0	136a	3	542	False	True				False	335	iv65(2)		a	i		iv65(2)	iv		65	2		mm7	True	True	(-4, 0, -3, 1)	()	-1	-4	minor	minor	i	i, minor	iv		i	i	True	iv65	iv65, minor		iv65(2), minor		iv	3	3	3	-4	-4	-4	True	False	True
2168.0	8.0	271.0	53	-1	F	0.0	2.0	2	2	2	5.0	1.0	1/2	True	0	136.0	136.0	136.0	136a	3	542	False	True				False	335	iv65(2)		a	i		iv65(2)	iv		65	2		mm7	True	True	(-4, 0, -3, 1)	()	-1	-4	minor	minor	i	i, minor	iv		i	i	True	iv65	iv65, minor		iv65(2), minor		iv	3	3	3	-4	-4	-4	True	False	True
2168.0	2.0	271.0	60	0	C	0.0	2.0	2	2	2	3.0	1.0	1/8	True	0	136.0	136.0	136.0	136a	4	542	False	True				False	335	iv65(2)		a	i		iv65(2)	iv		65	2		mm7	True	True	(-4, 0, -3, 1)	()	-1	-4	minor	minor	i	i, minor	iv		i	i	True	iv65	iv65, minor		iv65(2), minor		iv	3	3	3	-3	-3	-3	True	False	False
2170.0	2.0	271.25	59	5	B	0.0	2.25	0	2	2	3.0	1.0	1/8	True	0	136.0	136.0	136.0	136a	3	1085/2	False	False				False	335	iv65(2)		a	i		iv65(2)	iv		65	2		mm7	True	True	(-4, 0, -3, 1)	()	-1	-4	minor	minor	i	i, minor	iv		i	i	True	iv65	iv65, minor		iv65(2), minor		iv	3	3	3	2	2	2	False	False	False
2172.0	4.0	271.5	53	-1	F	0.0	2.5	0	2	2	6.0	1.0	1/4	False	0	136.0	136.0	136.0	136a	3	543	False	True				False	336	iv6		a	i		iv6	iv		6			m	True	True	(-4, 0, -1)	()	-1	-4	minor	minor	i	i, minor	iv		i	i	True	iv6	iv6, minor		iv6, minor		iv	3	3	3	-4	-4	-4	True	False	True
2172.0	2.0	271.5	57	3	A	0.0	2.5	0	2	2	3.0	1.0	1/8	True	0	136.0	136.0	136.0	136a	3	543	False	True				False	336	iv6		a	i		iv6	iv		6			m	True	True	(-4, 0, -1)	()	-1	-4	minor	minor	i	i, minor	iv		i	i	True	iv6	iv6, minor		iv6, minor		iv	3	3	3	0	0	0	True	False	False
2172.0	4.0	271.5	62	2	D	0.0	2.5	0	2	2	2.0	1.0	1/4	True	0	136.0	136.0	136.0	136a	4	543	False	True				False	336	iv6		a	i		iv6	iv		6			m	True	True	(-4, 0, -1)	()	-1	-4	minor	minor	i	i, minor	iv		i	i	True	iv6	iv6, minor		iv6, minor		iv	3	3	3	-1	-1	-1	True	True	False
2174.0	2.0	271.75	59	5	B	0.0	2.75	0	2	2	3.0	1.0	1/8	True	0	136.0	136.0	136.0	136a	3	1087/2	False	False				False	336	iv6		a	i		iv6	iv		6			m	True	True	(-4, 0, -1)	()	-1	-4	minor	minor	i	i, minor	iv		i	i	True	iv6	iv6, minor		iv6, minor		iv	3	3	3	2	2	2	False	False	False
2176.0	8.0	272.0	52	4	E	0.0	1.0	1	2	2	5.0	1.0	1/2	True	0	137.0	137.0	137.0	137a	3	544	False	True				False	337	V		a	i		V	V					M	True	True	(1, 5, 2)	()	1	1	minor	minor	i	i, minor	V		i	i	True	V	V, minor		V, minor		V	3	3	3	1	1	1	True	True	True
2176.0	8.0	272.0	52	4	E	0.0	1.0	1	2	2	6.0	1.0	1/2	True	0	137.0	137.0	137.0	137a	3	544	False	True				False	337	V		a	i		V	V					M	True	True	(1, 5, 2)	()	1	1	minor	minor	i	i, minor	V		i	i	True	V	V, minor		V, minor		V	3	3	3	1	1	1	True	True	True
2176.0	2.0	272.0	56	8	G	1.0	1.0	1	2	2	3.0	1.0	1/8	True	0	137.0	137.0	137.0	137a	3	544	False	True				False	337	V		a	i		V	V					M	True	True	(1, 5, 2)	()	1	1	minor	minor	i	i, minor	V		i	i	True	V	V, minor		V, minor		V	3	3	3	5	5	5	True	False	False
2176.0	6.0	272.0	64	4	E	0.0	1.0	1	2	2	4.0	1.0	3/8	True	0	137.0	137.0	137.0	137a	4	544	False	True				False	337	V		a	i		V	V					M	True	True	(1, 5, 2)	()	1	1	minor	minor	i	i, minor	V		i	i	True	V	V, minor		V, minor		V	3	3	3	1	1	1	True	True	True
2176.0	2.0	272.0	71	5	B	0.0	1.0	1	2	2	1.0	1.0	1/8	True	0	137.0	137.0	137.0	137a	4	544	False	True				False	337	V		a	i		V	V					M	True	True	(1, 5, 2)	()	1	1	minor	minor	i	i, minor	V		i	i	True	V	V, minor		V, minor		V	3	3	3	2	2	2	True	False	False
2178.0	2.0	272.25	56	8	G	1.0	1.25	0	2	2	3.0	1.0	1/8	True	0	137.0	137.0	137.0	137a	3	1089/2	False	False				False	337	V		a	i		V	V					M	True	True	(1, 5, 2)	()	1	1	minor	minor	i	i, minor	V		i	i	True	V	V, minor		V, minor		V	3	3	3	5	5	5	True	False	False
2178.0	2.0	272.25	69	3	A	0.0	1.25	0	2	2	1.0	1.0	1/8	True	0	137.0	137.0	137.0	137a	4	1089/2	False	False				False	337	V		a	i		V	V					M	True	True	(1, 5, 2)	()	1	1	minor	minor	i	i, minor	V		i	i	True	V	V, minor		V, minor		V	3	3	3	0	0	0	False	False	False
2180.0	6.0	272.5	64	4	E	0.0	1.5	0	2	2	3.0	1.0	3/8	True	0	137.0	137.0	137.0	137a	4	545	False	False				False	337	V		a	i		V	V					M	True	True	(1, 5, 2)	()	1	1	minor	minor	i	i, minor	V		i	i	True	V	V, minor		V, minor		V	3	3	3	1	1	1	True	True	True
2180.0	2.0	272.5	68	8	G	1.0	1.5	0	2	2	1.0	1.0	1/8	True	0	137.0	137.0	137.0	137a	4	545	False	False				False	337	V		a	i		V	V					M	True	True	(1, 5, 2)	()	1	1	minor	minor	i	i, minor	V		i	i	True	V	V, minor		V, minor		V	3	3	3	5	5	5	True	False	False
2182.0	2.0	272.75	62	2	D	0.0	1.75	0	2	2	4.0	1.0	1/8	True	0	137.0	137.0	137.0	137a	4	1091/2	False	False				False	337	V		a	i		V	V					M	True	True	(1, 5, 2)	()	1	1	minor	minor	i	i, minor	V		i	i	True	V	V, minor		V, minor		V	3	3	3	-1	-1	-1	False	False	False
2182.0	2.0	272.75	66	6	F	1.0	1.75	0	2	2	1.0	1.0	1/8	True	0	137.0	137.0	137.0	137a	4	1091/2	False	False				False	337	V		a	i		V	V					M	True	True	(1, 5, 2)	()	1	1	minor	minor	i	i, minor	V		i	i	True	V	V, minor		V, minor		V	3	3	3	3	3	3	False	False	False
2184.0	6.0	273.0	57	3	A	0.0	2.0	2	2	2	5.0	1.0	3/8	True	0	137.0	137.0	137.0	137a	3	546	False	True				False	338	i		a	i		i	i					m	True	True	(0, -3, 1)	()	0	0	minor	minor	i	i, minor	i		i	i	True	i	i, minor		i, minor		i	3	3	3	0	0	0	True	True	True
2184.0	6.0	273.0	57	3	A	0.0	2.0	2	2	2	6.0	1.0	3/8	True	0	137.0	137.0	137.0	137a	3	546	False	True				False	338	i		a	i		i	i					m	True	True	(0, -3, 1)	()	0	0	minor	minor	i	i, minor	i		i	i	True	i	i, minor		i, minor		i	3	3	3	0	0	0	True	True	True
2184.0	4.0	273.0	60	0	C	0.0	2.0	2	2	2	4.0	1.0	1/4	True	0	137.0	137.0	137.0	137a	4	546	False	True				False	338	i		a	i		i	i					m	True	True	(0, -3, 1)	()	0	0	minor	minor	i	i, minor	i		i	i	True	i	i, minor		i, minor		i	3	3	3	-3	-3	-3	True	False	False
2184.0	4.0	273.0	64	4	E	0.0	2.0	2	2	2	2.0	1.0	1/4	True	0	137.0	137.0	137.0	137a	4	546	False	True				False	338	i		a	i		i	i					m	True	True	(0, -3, 1)	()	0	0	minor	minor	i	i, minor	i		i	i	True	i	i, minor		i, minor		i	3	3	3	1	1	1	True	False	False
2184.0	2.0	273.0	69	3	A	0.0	2.0	2	2	2	1.0	1.0	1/8	True	0	137.0	137.0	137.0	137a	4	546	False	True				False	338	i		a	i		i	i					m	True	True	(0, -3, 1)	()	0	0	minor	minor	i	i, minor	i		i	i	True	i	i, minor		i, minor		i	3	3	3	0	0	0	True	True	True
2186.0	2.0	273.25	62	2	D	0.0	2.25	0	2	2	3.0	1.0	1/8	True	0	137.0	137.0	137.0	137a	4	1093/2	False	False				False	338	i		a	i		i	i					m	True	True	(0, -3, 1)	()	0	0	minor	minor	i	i, minor	i		i	i	True	i	i, minor		i, minor		i	3	3	3	-1	-1	-1	False	False	False
2186.0	2.0	273.25	69	3	A	0.0	2.25	0	2	2	1.0	1.0	1/8	True	0	137.0	137.0	137.0	137a	4	1093/2	False	False				False	338	i		a	i		i	i					m	True	True	(0, -3, 1)	()	0	0	minor	minor	i	i, minor	i		i	i	True	i	i, minor		i, minor		i	3	3	3	0	0	0	True	True	True
2188.0	4.0	273.5	57	3	A	0.0	2.5	0	2	2	4.0	1.0	1/4	True	0	137.0	137.0	137.0	137a	3	547	False	False				False	338	i		a	i		i	i					m	True	True	(0, -3, 1)	()	0	0	minor	minor	i	i, minor	i		i	i	True	i	i, minor		i, minor		i	3	3	3	0	0	0	True	True	True
2188.0	4.0	273.5	60	0	C	0.0	2.5	0	2	2	3.0	1.0	1/4	True	0	137.0	137.0	137.0	137a	4	547	False	False				False	338	i		a	i		i	i					m	True	True	(0, -3, 1)	()	0	0	minor	minor	i	i, minor	i		i	i	True	i	i, minor		i, minor		i	3	3	3	-3	-3	-3	True	False	False
2188.0	2.0	273.5	64	4	E	0.0	2.5	0	2	2	2.0	1.0	1/8	True	0	137.0	137.0	137.0	137a	4	547	False	False				False	338	i		a	i		i	i					m	True	True	(0, -3, 1)	()	0	0	minor	minor	i	i, minor	i		i	i	True	i	i, minor		i, minor		i	3	3	3	1	1	1	True	False	False
2188.0	4.0	273.5	76	4	E	0.0	2.5	0	2	2	1.0	1.0	1/4	True	0	137.0	137.0	137.0	137a	5	547	False	False				False	338	i		a	i		i	i					m	True	True	(0, -3, 1)	()	0	0	minor	minor	i	i, minor	i		i	i	True	i	i, minor		i, minor		i	3	3	3	1	1	1	True	False	False
2190.0	2.0	273.75	55	1	G	0.0	2.75	0	2	2	5.0	1.0	1/8	True	0	137.0	137.0	137.0	137a	3	1095/2	False	False				False	338	i		a	i		i	i					m	True	True	(0, -3, 1)	()	0	0	minor	minor	i	i, minor	i		i	i	True	i	i, minor		i, minor		i	3	3	3	-2	-2	-2	False	False	False
2190.0	2.0	273.75	55	1	G	0.0	2.75	0	2	2	6.0	1.0	1/8	True	0	137.0	137.0	137.0	137a	3	1095/2	False	False				False	338	i		a	i		i	i					m	True	True	(0, -3, 1)	()	0	0	minor	minor	i	i, minor	i		i	i	True	i	i, minor		i, minor		i	3	3	3	-2	-2	-2	False	False	False
2190.0	2.0	273.75	64	4	E	0.0	2.75	0	2	2	2.0	1.0	1/8	True	0	137.0	137.0	137.0	137a	4	1095/2	False	False				False	338	i		a	i		i	i					m	True	True	(0, -3, 1)	()	0	0	minor	minor	i	i, minor	i		i	i	True	i	i, minor		i, minor		i	3	3	3	1	1	1	True	False	False
2192.0	8.0	274.0	53	-1	F	0.0	1.0	1	2	2	5.0	1.0	1/2	True	0	138.0	138.0	138.0	138a	3	548	False	True				False	339	ii65(2)/III		a	i		ii65(2)/III	ii		65	2	III	mm7	True	True	(-4, 0, -3, 1)	()	-1	-4	minor	minor	i	i, minor	ii/III	III	III/i	III	False	ii65/III	ii65/III, minor		ii65(2)/III, minor	III	III	3	3	0	-4	-4	-1	True	False	True
2192.0	8.0	274.0	53	-1	F	0.0	1.0	1	2	2	6.0	1.0	1/2	True	0	138.0	138.0	138.0	138a	3	548	False	True				False	339	ii65(2)/III		a	i		ii65(2)/III	ii		65	2	III	mm7	True	True	(-4, 0, -3, 1)	()	-1	-4	minor	minor	i	i, minor	ii/III	III	III/i	III	False	ii65/III	ii65/III, minor		ii65(2)/III, minor	III	III	3	3	0	-4	-4	-1	True	False	True
2192.0	2.0	274.0	57	3	A	0.0	1.0	1	2	2	4.0	1.0	1/8	False	0	138.0	138.0	138.0	138a	3	548	False	True				False	339	ii65(2)/III		a	i		ii65(2)/III	ii		65	2	III	mm7	True	True	(-4, 0, -3, 1)	()	-1	-4	minor	minor	i	i, minor	ii/III	III	III/i	III	False	ii65/III	ii65/III, minor		ii65(2)/III, minor	III	III	3	3	0	0	0	3	True	False	False
2192.0	4.0	274.0	60	0	C	0.0	1.0	1	2	2	3.0	1.0	1/4	True	0	138.0	138.0	138.0	138a	4	548	False	True				False	339	ii65(2)/III		a	i		ii65(2)/III	ii		65	2	III	mm7	True	True	(-4, 0, -3, 1)	()	-1	-4	minor	minor	i	i, minor	ii/III	III	III/i	III	False	ii65/III	ii65/III, minor		ii65(2)/III, minor	III	III	3	3	0	-3	-3	0	True	False	False
2192.0	8.0	274.0	69	3	A	0.0	1.0	1	2	2	2.0	1.0	1/2	True	0	138.0	138.0	138.0	138a	4	548	False	True				False	339	ii65(2)/III		a	i		ii65(2)/III	ii		65	2	III	mm7	True	True	(-4, 0, -3, 1)	()	-1	-4	minor	minor	i	i, minor	ii/III	III	III/i	III	False	ii65/III	ii65/III, minor		ii65(2)/III, minor	III	III	3	3	0	0	0	3	True	False	False
2192.0	4.0	274.0	76	4	E	0.0	1.0	1	2	2	1.0	1.0	1/4	False	0	138.0	138.0	138.0	138a	5	548	False	True				False	339	ii65(2)/III		a	i		ii65(2)/III	ii		65	2	III	mm7	True	True	(-4, 0, -3, 1)	()	-1	-4	minor	minor	i	i, minor	ii/III	III	III/i	III	False	ii65/III	ii65/III, minor		ii65(2)/III, minor	III	III	3	3	0	1	1	4	True	False	False
2194.0	2.0	274.25	59	5	B	0.0	1.25	0	2	2	4.0	1.0	1/8	True	0	138.0	138.0	138.0	138a	3	1097/2	False	False				False	339	ii65(2)/III		a	i		ii65(2)/III	ii		65	2	III	mm7	True	True	(-4, 0, -3, 1)	()	-1	-4	minor	minor	i	i, minor	ii/III	III	III/i	III	False	ii65/III	ii65/III, minor		ii65(2)/III, minor	III	III	3	3	0	2	2	5	False	False	False
2196.0	2.0	274.5	57	3	A	0.0	1.5	0	2	2	3.0	1.0	1/8	True	0	138.0	138.0	138.0	138a	3	549	False	True				False	340	ii65/III		a	i		ii65/III	ii		65		III	mm7	True	True	(-4, 0, -3, -1)	()	-1	-4	minor	minor	i	i, minor	ii/III	III	III/i	III	False	ii65/III	ii65/III, minor		ii65/III, minor	III	III	3	3	0	0	0	3	True	False	False
2196.0	4.0	274.5	60	0	C	0.0	1.5	0	2	2	4.0	1.0	1/4	True	0	138.0	138.0	138.0	138a	4	549	False	True				False	340	ii65/III		a	i		ii65/III	ii		65		III	mm7	True	True	(-4, 0, -3, -1)	()	-1	-4	minor	minor	i	i, minor	ii/III	III	III/i	III	False	ii65/III	ii65/III, minor		ii65/III, minor	III	III	3	3	0	-3	-3	0	True	False	False
2196.0	2.0	274.5	74	2	D	0.0	1.5	0	2	2	1.0	1.0	1/8	True	0	138.0	138.0	138.0	138a	5	549	False	True				False	340	ii65/III		a	i		ii65/III	ii		65		III	mm7	True	True	(-4, 0, -3, -1)	()	-1	-4	minor	minor	i	i, minor	ii/III	III	III/i	III	False	ii65/III	ii65/III, minor		ii65/III, minor	III	III	3	3	0	-1	-1	2	True	True	False
2198.0	2.0	274.75	57	3	A	0.0	1.75	0	2	2	3.0	1.0	1/8	True	0	138.0	138.0	138.0	138a	3	1099/2	False	False				False	340	ii65/III		a	i		ii65/III	ii		65		III	mm7	True	True	(-4, 0, -3, -1)	()	-1	-4	minor	minor	i	i, minor	ii/III	III	III/i	III	False	ii65/III	ii65/III, minor		ii65/III, minor	III	III	3	3	0	0	0	3	True	False	False
2198.0	2.0	274.75	74	2	D	0.0	1.75	0	2	2	1.0	1.0	1/8	True	0	138.0	138.0	138.0	138a	5	1099/2	False	False				False	340	ii65/III		a	i		ii65/III	ii		65		III	mm7	True	True	(-4, 0, -3, -1)	()	-1	-4	minor	minor	i	i, minor	ii/III	III	III/i	III	False	ii65/III	ii65/III, minor		ii65/III, minor	III	III	3	3	0	-1	-1	2	True	True	False
2200.0	4.0	275.0	55	1	G	0.0	2.0	2	2	2	6.0	1.0	1/4	True	0	138.0	138.0	138.0	138a	3	550	False	True				False	341	V(4)/III		a	i		V(4)/III	V			4	III	M	True	True	(-2, -3, -1)	()	-2	-2	minor	minor	i	i, minor	V/III	III	III/i	III	False	V/III	V/III, minor		V(4)/III, minor	III	III	3	3	0	-2	-2	1	True	True	True
2200.0	8.0	275.0	55	1	G	0.0	2.0	2	2	2	5.0	1.0	1/2	True	0	138.0	138.0	138.0	138a	3	550	False	True				False	341	V(4)/III		a	i		V(4)/III	V			4	III	M	True	True	(-2, -3, -1)	()	-2	-2	minor	minor	i	i, minor	V/III	III	III/i	III	False	V/III	V/III, minor		V(4)/III, minor	III	III	3	3	0	-2	-2	1	True	True	True
2200.0	4.0	275.0	60	0	C	0.0	2.0	2	2	2	4.0	1.0	1/4	True	0	138.0	138.0	138.0	138a	4	550	False	True				False	341	V(4)/III		a	i		V(4)/III	V			4	III	M	True	True	(-2, -3, -1)	()	-2	-2	minor	minor	i	i, minor	V/III	III	III/i	III	False	V/III	V/III, minor		V(4)/III, minor	III	III	3	3	0	-3	-3	0	True	False	False
2200.0	4.0	275.0	62	2	D	0.0	2.0	2	2	2	3.0	1.0	1/4	True	0	138.0	138.0	138.0	138a	4	550	False	True				False	341	V(4)/III		a	i		V(4)/III	V			4	III	M	True	True	(-2, -3, -1)	()	-2	-2	minor	minor	i	i, minor	V/III	III	III/i	III	False	V/III	V/III, minor		V(4)/III, minor	III	III	3	3	0	-1	-1	2	True	False	False
2200.0	8.0	275.0	67	1	G	0.0	2.0	2	2	2	2.0	1.0	1/2	True	0	138.0	138.0	138.0	138a	4	550	False	True				False	341	V(4)/III		a	i		V(4)/III	V			4	III	M	True	True	(-2, -3, -1)	()	-2	-2	minor	minor	i	i, minor	V/III	III	III/i	III	False	V/III	V/III, minor		V(4)/III, minor	III	III	3	3	0	-2	-2	1	True	True	True
2200.0	8.0	275.0	74	2	D	0.0	2.0	2	2	2	1.0	1.0	1/2	True	0	138.0	138.0	138.0	138a	5	550	False	True				False	341	V(4)/III		a	i		V(4)/III	V			4	III	M	True	True	(-2, -3, -1)	()	-2	-2	minor	minor	i	i, minor	V/III	III	III/i	III	False	V/III	V/III, minor		V(4)/III, minor	III	III	3	3	0	-1	-1	2	True	False	False
2204.0	4.0	275.5	55	1	G	0.0	2.5	0	2	2	6.0	1.0	1/4	False	0	138.0	138.0	138.0	138a	3	551	False	True				False	342	V/III		a	i		V/III	V				III	M	True	True	(-2, 2, -1)	()	-2	-2	minor	minor	i	i, minor	V/III	III	III/i	III	False	V/III	V/III, minor		V/III, minor	III	III	3	3	0	-2	-2	1	True	True	True
2204.0	4.0	275.5	59	5	B	0.0	2.5	0	2	2	4.0	1.0	1/4	True	0	138.0	138.0	138.0	138a	3	551	False	True				False	342	V/III		a	i		V/III	V				III	M	True	True	(-2, 2, -1)	()	-2	-2	minor	minor	i	i, minor	V/III	III	III/i	III	False	V/III	V/III, minor		V/III, minor	III	III	3	3	0	2	2	5	True	False	False
2204.0	4.0	275.5	62	2	D	0.0	2.5	0	2	2	3.0	1.0	1/4	True	0	138.0	138.0	138.0	138a	4	551	False	True				False	342	V/III		a	i		V/III	V				III	M	True	True	(-2, 2, -1)	()	-2	-2	minor	minor	i	i, minor	V/III	III	III/i	III	False	V/III	V/III, minor		V/III, minor	III	III	3	3	0	-1	-1	2	True	False	False
2208.0	8.0	276.0	48	0	C	0.0	1.0	1	2	2	5.0	1.0	1/2	True	0	139.0	139.0	139.0	139a	3	552	False	True			\\	True	343	III\\		a	i		III	III					M	True	True	(-3, 1, -2)	()	-3	-3	minor	minor	i	i, minor	III		i	i	True	III	III, minor		III, minor		III	3	3	3	-3	-3	-3	True	True	True
2208.0	8.0	276.0	48	0	C	0.0	1.0	1	2	2	6.0	1.0	1/2	True	0	139.0	139.0	139.0	139a	3	552	False	True			\\	True	343	III\\		a	i		III	III					M	True	True	(-3, 1, -2)	()	-3	-3	minor	minor	i	i, minor	III		i	i	True	III	III, minor		III, minor		III	3	3	3	-3	-3	-3	True	True	True
2208.0	4.0	276.0	60	0	C	0.0	1.0	1	2	2	4.0	1.0	1/4	True	0	139.0	139.0	139.0	139a	4	552	False	True			\\	True	343	III\\		a	i		III	III					M	True	True	(-3, 1, -2)	()	-3	-3	minor	minor	i	i, minor	III		i	i	True	III	III, minor		III, minor		III	3	3	3	-3	-3	-3	True	True	True
2208.0	2.0	276.0	64	4	E	0.0	1.0	1	2	2	3.0	1.0	1/8	True	0	139.0	139.0	139.0	139a	4	552	False	True			\\	True	343	III\\		a	i		III	III					M	True	True	(-3, 1, -2)	()	-3	-3	minor	minor	i	i, minor	III		i	i	True	III	III, minor		III, minor		III	3	3	3	1	1	1	True	False	False
2208.0	2.0	276.0	67	1	G	0.0	1.0	1	2	2	2.0	1.0	1/8	True	0	139.0	139.0	139.0	139a	4	552	False	True			\\	True	343	III\\		a	i		III	III					M	True	True	(-3, 1, -2)	()	-3	-3	minor	minor	i	i, minor	III		i	i	True	III	III, minor		III, minor		III	3	3	3	-2	-2	-2	True	False	False
2208.0	8.0	276.0	72	0	C	0.0	1.0	1	2	2	1.0	1.0	1/2	True	0	139.0	139.0	139.0	139a	5	552	False	True			\\	True	343	III\\		a	i		III	III					M	True	True	(-3, 1, -2)	()	-3	-3	minor	minor	i	i, minor	III		i	i	True	III	III, minor		III, minor		III	3	3	3	-3	-3	-3	True	True	True
2210.0	2.0	276.25	62	2	D	0.0	1.25	0	2	2	3.0	1.0	1/8	True	0	139.0	139.0	139.0	139a	4	1105/2	False	False				False	343	III\\		a	i		III	III					M	True	True	(-3, 1, -2)	()	-3	-3	minor	minor	i	i, minor	III		i	i	True	III	III, minor		III, minor		III	3	3	3	-1	-1	-1	False	False	False
2210.0	2.0	276.25	65	-1	F	0.0	1.25	0	2	2	2.0	1.0	1/8	True	0	139.0	139.0	139.0	139a	4	1105/2	False	False				False	343	III\\		a	i		III	III					M	True	True	(-3, 1, -2)	()	-3	-3	minor	minor	i	i, minor	III		i	i	True	III	III, minor		III, minor		III	3	3	3	-4	-4	-4	False	False	False
2212.0	2.0	276.5	60	0	C	0.0	1.5	0	2	2	3.0	1.0	1/8	True	0	139.0	139.0	139.0	139a	4	553	False	False				False	343	III\\		a	i		III	III					M	True	True	(-3, 1, -2)	()	-3	-3	minor	minor	i	i, minor	III		i	i	True	III	III, minor		III, minor		III	3	3	3	-3	-3	-3	True	True	True
2212.0	2.0	276.5	64	4	E	0.0	1.5	0	2	2	2.0	1.0	1/8	True	0	139.0	139.0	139.0	139a	4	553	False	False				False	343	III\\		a	i		III	III					M	True	True	(-3, 1, -2)	()	-3	-3	minor	minor	i	i, minor	III		i	i	True	III	III, minor		III, minor		III	3	3	3	1	1	1	True	False	False
2214.0	2.0	276.75	59	5	B	0.0	1.75	0	2	2	3.0	1.0	1/8	True	0	139.0	139.0	139.0	139a	3	1107/2	False	False				False	343	III\\		a	i		III	III					M	True	True	(-3, 1, -2)	()	-3	-3	minor	minor	i	i, minor	III		i	i	True	III	III, minor		III, minor		III	3	3	3	2	2	2	False	False	False
2214.0	2.0	276.75	62	2	D	0.0	1.75	0	2	2	2.0	1.0	1/8	True	0	139.0	139.0	139.0	139a	4	1107/2	False	False				False	343	III\\		a	i		III	III					M	True	True	(-3, 1, -2)	()	-3	-3	minor	minor	i	i, minor	III		i	i	True	III	III, minor		III, minor		III	3	3	3	-1	-1	-1	False	False	False
2216.0	8.0	277.0	43	1	G	0.0	2.0	2	2	2	6.0	1.0	1/2	True	0	139.0	139.0	139.0	139a	2	554	False	True				False	344	VII		a	i		VII	VII					M	True	True	(-2, 2, -1)	()	-2	-2	minor	minor	i	i, minor	VII		i	i	True	VII	VII, minor		VII, minor		VII	3	3	3	-2	-2	-2	True	True	True
2216.0	2.0	277.0	59	5	B	0.0	2.0	2	2	2	3.0	1.0	1/8	True	0	139.0	139.0	139.0	139a	3	554	False	True				False	344	VII		a	i		VII	VII					M	True	True	(-2, 2, -1)	()	-2	-2	minor	minor	i	i, minor	VII		i	i	True	VII	VII, minor		VII, minor		VII	3	3	3	2	2	2	True	False	False
2216.0	2.0	277.0	59	5	B	0.0	2.0	2	2	2	4.0	1.0	1/8	True	0	139.0	139.0	139.0	139a	3	554	False	True				False	344	VII		a	i		VII	VII					M	True	True	(-2, 2, -1)	()	-2	-2	minor	minor	i	i, minor	VII		i	i	True	VII	VII, minor		VII, minor		VII	3	3	3	2	2	2	True	False	False
2216.0	2.0	277.0	62	2	D	0.0	2.0	2	2	2	2.0	1.0	1/8	True	0	139.0	139.0	139.0	139a	4	554	False	True				False	344	VII		a	i		VII	VII					M	True	True	(-2, 2, -1)	()	-2	-2	minor	minor	i	i, minor	VII		i	i	True	VII	VII, minor		VII, minor		VII	3	3	3	-1	-1	-1	True	False	False
2216.0	2.0	277.0	74	2	D	0.0	2.0	2	2	2	1.0	1.0	1/8	True	0	139.0	139.0	139.0	139a	5	554	False	True				False	344	VII		a	i		VII	VII					M	True	True	(-2, 2, -1)	()	-2	-2	minor	minor	i	i, minor	VII		i	i	True	VII	VII, minor		VII, minor		VII	3	3	3	-1	-1	-1	True	False	False
2218.0	2.0	277.25	57	3	A	0.0	2.25	0	2	2	4.0	1.0	1/8	True	0	139.0	139.0	139.0	139a	3	1109/2	False	False				False	344	VII		a	i		VII	VII					M	True	True	(-2, 2, -1)	()	-2	-2	minor	minor	i	i, minor	VII		i	i	True	VII	VII, minor		VII, minor		VII	3	3	3	0	0	0	False	False	False
2218.0	2.0	277.25	59	5	B	0.0	2.25	0	2	2	3.0	1.0	1/8	True	0	139.0	139.0	139.0	139a	3	1109/2	False	False				False	344	VII		a	i		VII	VII					M	True	True	(-2, 2, -1)	()	-2	-2	minor	minor	i	i, minor	VII		i	i	True	VII	VII, minor		VII, minor		VII	3	3	3	2	2	2	True	False	False
2218.0	2.0	277.25	62	2	D	0.0	2.25	0	2	2	2.0	1.0	1/8	True	0	139.0	139.0	139.0	139a	4	1109/2	False	False				False	344	VII		a	i		VII	VII					M	True	True	(-2, 2, -1)	()	-2	-2	minor	minor	i	i, minor	VII		i	i	True	VII	VII, minor		VII, minor		VII	3	3	3	-1	-1	-1	True	False	False
2218.0	2.0	277.25	72	0	C	0.0	2.25	0	2	2	1.0	1.0	1/8	True	0	139.0	139.0	139.0	139a	5	1109/2	False	False				False	344	VII		a	i		VII	VII					M	True	True	(-2, 2, -1)	()	-2	-2	minor	minor	i	i, minor	VII		i	i	True	VII	VII, minor		VII, minor		VII	3	3	3	-3	-3	-3	False	False	False
2220.0	2.0	277.5	55	1	G	0.0	2.5	0	2	2	4.0	1.0	1/8	True	0	139.0	139.0	139.0	139a	3	555	False	False				False	344	VII		a	i		VII	VII					M	True	True	(-2, 2, -1)	()	-2	-2	minor	minor	i	i, minor	VII		i	i	True	VII	VII, minor		VII, minor		VII	3	3	3	-2	-2	-2	True	True	True
2220.0	2.0	277.5	71	5	B	0.0	2.5	0	2	2	1.0	1.0	1/8	True	0	139.0	139.0	139.0	139a	4	555	False	False				False	344	VII		a	i		VII	VII					M	True	True	(-2, 2, -1)	()	-2	-2	minor	minor	i	i, minor	VII		i	i	True	VII	VII, minor		VII, minor		VII	3	3	3	2	2	2	True	False	False
2222.0	2.0	277.75	54	6	F	1.0	2.75	0	2	2	4.0	1.0	1/8	True	0	139.0	139.0	139.0	139a	3	1111/2	False	False				False	344	VII		a	i		VII	VII					M	True	True	(-2, 2, -1)	()	-2	-2	minor	minor	i	i, minor	VII		i	i	True	VII	VII, minor		VII, minor		VII	3	3	3	3	3	3	False	False	False
2222.0	2.0	277.75	69	3	A	0.0	2.75	0	2	2	1.0	1.0	1/8	True	0	139.0	139.0	139.0	139a	4	1111/2	False	False				False	344	VII		a	i		VII	VII					M	True	True	(-2, 2, -1)	()	-2	-2	minor	minor	i	i, minor	VII		i	i	True	VII	VII, minor		VII, minor		VII	3	3	3	0	0	0	False	False	False
2224.0	4.0	278.0	50	2	D	0.0	1.0	1	2	2	6.0	1.0	1/4	True	0	140.0	140.0	140.0	140a	3	556	False	True				False	345	V/VII		a	i		V/VII	V				VII	M	True	True	(-1, 3, 0)	()	-1	-1	minor	minor	i	i, minor	V/VII	VII	VII/i	VII	False	V/VII	V/VII, minor		V/VII, minor	VII	VII	3	3	1	-1	-1	1	True	True	True
2224.0	2.0	278.0	54	6	F	1.0	1.0	1	2	2	4.0	1.0	1/8	True	0	140.0	140.0	140.0	140a	3	556	False	True				False	345	V/VII		a	i		V/VII	V				VII	M	True	True	(-1, 3, 0)	()	-1	-1	minor	minor	i	i, minor	V/VII	VII	VII/i	VII	False	V/VII	V/VII, minor		V/VII, minor	VII	VII	3	3	1	3	3	5	True	False	False
2224.0	6.0	278.0	57	3	A	0.0	1.0	1	2	2	3.0	1.0	3/8	True	0	140.0	140.0	140.0	140a	3	556	False	True				False	345	V/VII		a	i		V/VII	V				VII	M	True	True	(-1, 3, 0)	()	-1	-1	minor	minor	i	i, minor	V/VII	VII	VII/i	VII	False	V/VII	V/VII, minor		V/VII, minor	VII	VII	3	3	1	0	0	2	True	False	False
2224.0	2.0	278.0	69	3	A	0.0	1.0	1	2	2	1.0	1.0	1/8	True	0	140.0	140.0	140.0	140a	4	556	False	True				False	345	V/VII		a	i		V/VII	V				VII	M	True	True	(-1, 3, 0)	()	-1	-1	minor	minor	i	i, minor	V/VII	VII	VII/i	VII	False	V/VII	V/VII, minor		V/VII, minor	VII	VII	3	3	1	0	0	2	True	False	False
2226.0	2.0	278.25	54	6	F	1.0	1.25	0	2	2	4.0	1.0	1/8	True	0	140.0	140.0	140.0	140a	3	1113/2	False	False				False	345	V/VII		a	i		V/VII	V				VII	M	True	True	(-1, 3, 0)	()	-1	-1	minor	minor	i	i, minor	V/VII	VII	VII/i	VII	False	V/VII	V/VII, minor		V/VII, minor	VII	VII	3	3	1	3	3	5	True	False	False
2226.0	2.0	278.25	69	3	A	0.0	1.25	0	2	2	1.0	1.0	1/8	True	0	140.0	140.0	140.0	140a	4	1113/2	False	False				False	345	V/VII		a	i		V/VII	V				VII	M	True	True	(-1, 3, 0)	()	-1	-1	minor	minor	i	i, minor	V/VII	VII	VII/i	VII	False	V/VII	V/VII, minor		V/VII, minor	VII	VII	3	3	1	0	0	2	True	False	False
2228.0	6.0	278.5	50	2	D	0.0	1.5	0	2	2	5.0	1.0	3/8	True	0	140.0	140.0	140.0	140a	3	557	False	False				False	345	V/VII		a	i		V/VII	V				VII	M	True	True	(-1, 3, 0)	()	-1	-1	minor	minor	i	i, minor	V/VII	VII	VII/i	VII	False	V/VII	V/VII, minor		V/VII, minor	VII	VII	3	3	1	-1	-1	1	True	True	True
2228.0	6.0	278.5	50	2	D	0.0	1.5	0	2	2	6.0	1.0	3/8	True	0	140.0	140.0	140.0	140a	3	557	False	False				False	345	V/VII		a	i		V/VII	V				VII	M	True	True	(-1, 3, 0)	()	-1	-1	minor	minor	i	i, minor	V/VII	VII	VII/i	VII	False	V/VII	V/VII, minor		V/VII, minor	VII	VII	3	3	1	-1	-1	1	True	True	True
2228.0	8.0	278.5	57	3	A	0.0	1.5	0	2	2	4.0	1.0	1/2	True	0	140.0	140.0	140.0	140a	3	557	False	False				False	345	V/VII		a	i		V/VII	V				VII	M	True	True	(-1, 3, 0)	()	-1	-1	minor	minor	i	i, minor	V/VII	VII	VII/i	VII	False	V/VII	V/VII, minor		V/VII, minor	VII	VII	3	3	1	0	0	2	True	False	False
2228.0	6.0	278.5	66	6	F	1.0	1.5	0	2	2	2.0	1.0	3/8	True	0	140.0	140.0	140.0	140a	4	557	False	False				False	345	V/VII		a	i		V/VII	V				VII	M	True	True	(-1, 3, 0)	()	-1	-1	minor	minor	i	i, minor	V/VII	VII	VII/i	VII	False	V/VII	V/VII, minor		V/VII, minor	VII	VII	3	3	1	3	3	5	True	False	False
2230.0	2.0	278.75	62	2	D	0.0	1.75	0	2	2	3.0	1.0	1/8	True	0	140.0	140.0	140.0	140a	4	1115/2	False	False				False	345	V/VII		a	i		V/VII	V				VII	M	True	True	(-1, 3, 0)	()	-1	-1	minor	minor	i	i, minor	V/VII	VII	VII/i	VII	False	V/VII	V/VII, minor		V/VII, minor	VII	VII	3	3	1	-1	-1	1	True	True	True
2232.0	8.0	279.0	62	2	D	0.0	2.0	2	2	2	3.0	1.0	1/2	True	0	140.0	140.0	140.0	140a	4	558	False	False				False	345	V/VII		a	i		V/VII	V				VII	M	True	True	(-1, 3, 0)	()	-1	-1	minor	minor	i	i, minor	V/VII	VII	VII/i	VII	False	V/VII	V/VII, minor		V/VII, minor	VII	VII	3	3	1	-1	-1	1	True	True	True
2234.0	2.0	279.25	48	0	C	0.0	2.25	0	2	2	5.0	1.0	1/8	True	0	140.0	140.0	140.0	140a	3	1117/2	False	False				False	345	V/VII		a	i		V/VII	V				VII	M	True	True	(-1, 3, 0)	()	-1	-1	minor	minor	i	i, minor	V/VII	VII	VII/i	VII	False	V/VII	V/VII, minor		V/VII, minor	VII	VII	3	3	1	-3	-3	-1	False	False	False
2234.0	2.0	279.25	48	0	C	0.0	2.25	0	2	2	6.0	1.0	1/8	True	0	140.0	140.0	140.0	140a	3	1117/2	False	False				False	345	V/VII		a	i		V/VII	V				VII	M	True	True	(-1, 3, 0)	()	-1	-1	minor	minor	i	i, minor	V/VII	VII	VII/i	VII	False	V/VII	V/VII, minor		V/VII, minor	VII	VII	3	3	1	-3	-3	-1	False	False	False
2234.0	2.0	279.25	66	6	F	1.0	2.25	0	2	2	2.0	1.0	1/8	True	0	140.0	140.0	140.0	140a	4	1117/2	False	False				False	345	V/VII		a	i		V/VII	V				VII	M	True	True	(-1, 3, 0)	()	-1	-1	minor	minor	i	i, minor	V/VII	VII	VII/i	VII	False	V/VII	V/VII, minor		V/VII, minor	VII	VII	3	3	1	3	3	5	True	False	False
2236.0	4.0	279.5	47	5	B	0.0	2.5	0	2	2	5.0	1.0	1/4	True	0	140.0	140.0	140.0	140a	2	559	False	True				False	346	VII6		a	i		VII6	VII		6			M	True	True	(2, -1, -2)	()	-2	2	minor	minor	i	i, minor	VII		i	i	True	VII6	VII6, minor		VII6, minor		VII	3	3	3	2	2	2	True	False	True
2236.0	4.0	279.5	47	5	B	0.0	2.5	0	2	2	6.0	1.0	1/4	True	0	140.0	140.0	140.0	140a	2	559	False	True				False	346	VII6		a	i		VII6	VII		6			M	True	True	(2, -1, -2)	()	-2	2	minor	minor	i	i, minor	VII		i	i	True	VII6	VII6, minor		VII6, minor		VII	3	3	3	2	2	2	True	False	True
2236.0	2.0	279.5	59	5	B	0.0	2.5	0	2	2	4.0	1.0	1/8	True	0	140.0	140.0	140.0	140a	3	559	False	True				False	346	VII6		a	i		VII6	VII		6			M	True	True	(2, -1, -2)	()	-2	2	minor	minor	i	i, minor	VII		i	i	True	VII6	VII6, minor		VII6, minor		VII	3	3	3	2	2	2	True	False	True
2236.0	4.0	279.5	67	1	G	0.0	2.5	0	2	2	2.0	1.0	1/4	True	0	140.0	140.0	140.0	140a	4	559	False	True				False	346	VII6		a	i		VII6	VII		6			M	True	True	(2, -1, -2)	()	-2	2	minor	minor	i	i, minor	VII		i	i	True	VII6	VII6, minor		VII6, minor		VII	3	3	3	-2	-2	-2	True	True	False
2236.0	4.0	279.5	74	2	D	0.0	2.5	0	2	2	1.0	1.0	1/4	True	0	140.0	140.0	140.0	140a	5	559	False	True				False	346	VII6		a	i		VII6	VII		6			M	True	True	(2, -1, -2)	()	-2	2	minor	minor	i	i, minor	VII		i	i	True	VII6	VII6, minor		VII6, minor		VII	3	3	3	-1	-1	-1	True	False	False
2238.0	2.0	279.75	59	5	B	0.0	2.75	0	2	2	4.0	1.0	1/8	True	0	140.0	140.0	140.0	140a	3	1119/2	False	False				False	346	VII6		a	i		VII6	VII		6			M	True	True	(2, -1, -2)	()	-2	2	minor	minor	i	i, minor	VII		i	i	True	VII6	VII6, minor		VII6, minor		VII	3	3	3	2	2	2	True	False	True
2240.0	4.0	280.0	52	4	E	0.0	1.0	1	2	2	6.0	1.0	1/4	True	0	141.0	141.0	141.0	141a	3	560	False	True				False	347	V7		a	i		V7	V		7			Mm7	True	True	(1, 5, 2, -1)	()	1	1	minor	minor	i	i, minor	V		i	i	True	V7	V7, minor		V7, minor		V	3	3	3	1	1	1	True	True	True
2240.0	16.0	280.0	52	4	E	0.0	1.0	1	2	2	5.0	1.0	1	True	0	141.0	141.0	141.0	141a	3	560	False	True				False	347	V7		a	i		V7	V		7			Mm7	True	True	(1, 5, 2, -1)	()	1	1	minor	minor	i	i, minor	V		i	i	True	V7	V7, minor		V7, minor		V	3	3	3	1	1	1	True	True	True
2240.0	4.0	280.0	56	8	G	1.0	1.0	1	2	2	4.0	1.0	1/4	True	0	141.0	141.0	141.0	141a	3	560	False	True				False	347	V7		a	i		V7	V		7			Mm7	True	True	(1, 5, 2, -1)	()	1	1	minor	minor	i	i, minor	V		i	i	True	V7	V7, minor		V7, minor		V	3	3	3	5	5	5	True	False	False
2240.0	4.0	280.0	59	5	B	0.0	1.0	1	2	2	3.0	1.0	1/4	True	0	141.0	141.0	141.0	141a	3	560	False	True				False	347	V7		a	i		V7	V		7			Mm7	True	True	(1, 5, 2, -1)	()	1	1	minor	minor	i	i, minor	V		i	i	True	V7	V7, minor		V7, minor		V	3	3	3	2	2	2	True	False	False
2240.0	16.0	280.0	64	4	E	0.0	1.0	1	2	2	2.0	1.0	1	True	0	141.0	141.0	141.0	141a	4	560	False	True				False	347	V7		a	i		V7	V		7			Mm7	True	True	(1, 5, 2, -1)	()	1	1	minor	minor	i	i, minor	V		i	i	True	V7	V7, minor		V7, minor		V	3	3	3	1	1	1	True	True	True
2240.0	4.0	280.0	74	2	D	0.0	1.0	1	2	2	1.0	1.0	1/4	False	0	141.0	141.0	141.0	141a	5	560	False	True				False	347	V7		a	i		V7	V		7			Mm7	True	True	(1, 5, 2, -1)	()	1	1	minor	minor	i	i, minor	V		i	i	True	V7	V7, minor		V7, minor		V	3	3	3	-1	-1	-1	True	False	False
2244.0	4.0	280.5	52	4	E	0.0	1.5	0	2	2	6.0	1.0	1/4	False	0	141.0	141.0	141.0	141a	3	561	False	True				False	348	V(64)		a	i		V(64)	V			64		M	True	True	(1, 0, -3)	()	1	1	minor	minor	i	i, minor	V		i	i	True	V	V, minor		V(64), minor		V	3	3	3	1	1	1	True	True	True
2244.0	8.0	280.5	57	3	A	0.0	1.5	0	2	2	4.0	1.0	1/2	True	0	141.0	141.0	141.0	141a	3	561	False	True				False	348	V(64)		a	i		V(64)	V			64		M	True	True	(1, 0, -3)	()	1	1	minor	minor	i	i, minor	V		i	i	True	V	V, minor		V(64), minor		V	3	3	3	0	0	0	True	False	False
2244.0	2.0	280.5	60	0	C	0.0	1.5	0	2	2	3.0	1.0	1/8	True	0	141.0	141.0	141.0	141a	4	561	False	True				False	348	V(64)		a	i		V(64)	V			64		M	True	True	(1, 0, -3)	()	1	1	minor	minor	i	i, minor	V		i	i	True	V	V, minor		V(64), minor		V	3	3	3	-3	-3	-3	True	False	False
2244.0	2.0	280.5	72	0	C	0.0	1.5	0	2	2	1.0	1.0	1/8	True	0	141.0	141.0	141.0	141a	5	561	False	True				False	348	V(64)		a	i		V(64)	V			64		M	True	True	(1, 0, -3)	()	1	1	minor	minor	i	i, minor	V		i	i	True	V	V, minor		V(64), minor		V	3	3	3	-3	-3	-3	True	False	False
2246.0	2.0	280.75	57	3	A	0.0	1.75	0	2	2	3.0	1.0	1/8	True	0	141.0	141.0	141.0	141a	3	1123/2	False	False				False	348	V(64)		a	i		V(64)	V			64		M	True	True	(1, 0, -3)	()	1	1	minor	minor	i	i, minor	V		i	i	True	V	V, minor		V(64), minor		V	3	3	3	0	0	0	True	False	False
2246.0	2.0	280.75	72	0	C	0.0	1.75	0	2	2	1.0	1.0	1/8	True	0	141.0	141.0	141.0	141a	5	1123/2	False	False				False	348	V(64)		a	i		V(64)	V			64		M	True	True	(1, 0, -3)	()	1	1	minor	minor	i	i, minor	V		i	i	True	V	V, minor		V(64), minor		V	3	3	3	-3	-3	-3	True	False	False
2248.0	4.0	281.0	52	4	E	0.0	2.0	2	2	2	6.0	1.0	1/4	False	0	141.0	141.0	141.0	141a	3	562	False	True				False	349	V(4)		a	i		V(4)	V			4		M	True	True	(1, 0, 2)	()	1	1	minor	minor	i	i, minor	V		i	i	True	V	V, minor		V(4), minor		V	3	3	3	1	1	1	True	True	True
2248.0	8.0	281.0	59	5	B	0.0	2.0	2	2	2	3.0	1.0	1/2	True	0	141.0	141.0	141.0	141a	3	562	False	True				False	349	V(4)		a	i		V(4)	V			4		M	True	True	(1, 0, 2)	()	1	1	minor	minor	i	i, minor	V		i	i	True	V	V, minor		V(4), minor		V	3	3	3	2	2	2	True	False	False
2248.0	8.0	281.0	71	5	B	0.0	2.0	2	2	2	1.0	1.0	1/2	True	0	141.0	141.0	141.0	141a	4	562	False	True				False	349	V(4)		a	i		V(4)	V			4		M	True	True	(1, 0, 2)	()	1	1	minor	minor	i	i, minor	V		i	i	True	V	V, minor		V(4), minor		V	3	3	3	2	2	2	True	False	False
2252.0	4.0	281.5	52	4	E	0.0	2.5	0	2	2	6.0	1.0	1/4	False	0	141.0	141.0	141.0	141a	3	563	False	True				False	350	V		a	i		V	V					M	True	True	(1, 5, 2)	()	1	1	minor	minor	i	i, minor	V		i	i	True	V	V, minor		V, minor		V	3	3	3	1	1	1	True	True	True
2252.0	4.0	281.5	56	8	G	1.0	2.5	0	2	2	4.0	1.0	1/4	True	0	141.0	141.0	141.0	141a	3	563	False	True				False	350	V		a	i		V	V					M	True	True	(1, 5, 2)	()	1	1	minor	minor	i	i, minor	V		i	i	True	V	V, minor		V, minor		V	3	3	3	5	5	5	True	False	False
2256.0	16.0	282.0	45	3	A	0.0	1.0	1	2	2	5.0	1.0	1	True	0	142.0	142.0	142.0	142a	2	564	False	True			\\	True	351	I\\		a	i		I	I					M	True	True	(0, 4, 1)	()	0	0	minor	minor	i	i, minor	I		i	i	True	I	I, minor		I, minor		I	3	3	3	0	0	0	True	True	True
2256.0	16.0	282.0	45	3	A	0.0	1.0	1	2	2	6.0	1.0	1	True	0	142.0	142.0	142.0	142a	2	564	False	True			\\	True	351	I\\		a	i		I	I					M	True	True	(0, 4, 1)	()	0	0	minor	minor	i	i, minor	I		i	i	True	I	I, minor		I, minor		I	3	3	3	0	0	0	True	True	True
2256.0	16.0	282.0	57	3	A	0.0	1.0	1	2	2	4.0	1.0	1	True	0	142.0	142.0	142.0	142a	3	564	False	True			\\	True	351	I\\		a	i		I	I					M	True	True	(0, 4, 1)	()	0	0	minor	minor	i	i, minor	I		i	i	True	I	I, minor		I, minor		I	3	3	3	0	0	0	True	True	True
2256.0	16.0	282.0	61	7	C	1.0	1.0	1	2	2	3.0	1.0	1	True	0	142.0	142.0	142.0	142a	4	564	False	True			\\	True	351	I\\		a	i		I	I					M	True	True	(0, 4, 1)	()	0	0	minor	minor	i	i, minor	I		i	i	True	I	I, minor		I, minor		I	3	3	3	4	4	4	True	False	False
2256.0	16.0	282.0	64	4	E	0.0	1.0	1	2	2	2.0	1.0	1	True	0	142.0	142.0	142.0	142a	4	564	False	True			\\	True	351	I\\		a	i		I	I					M	True	True	(0, 4, 1)	()	0	0	minor	minor	i	i, minor	I		i	i	True	I	I, minor		I, minor		I	3	3	3	1	1	1	True	False	False
2256.0	16.0	282.0	69	3	A	0.0	1.0	1	2	2	1.0	1.0	1	True	0	142.0	142.0	142.0	142a	4	564	False	True			\\	True	351	I\\		a	i		I	I					M	True	True	(0, 4, 1)	()	0	0	minor	minor	i	i, minor	I		i	i	True	I	I, minor		I, minor		I	3	3	3	0	0	0	True	True	True
2272.0	4.0	284.0	48	0	C	0.0	1.0	1	2	2	6.0	1.0	1/4	True	0	143.0	143.0	143.0	143a	3	568	False	True				False	352	IV/VII		a	i		IV/VII	IV				VII	M	True	True	(-3, 1, -2)	()	-3	-3	minor	minor	i	i, minor	IV/VII	VII	VII/i	VII	False	IV/VII	IV/VII, minor		IV/VII, minor	VII	VII	3	3	1	-3	-3	-1	True	True	True
2272.0	2.0	284.0	52	4	E	0.0	1.0	1	2	2	5.0	1.0	1/8	True	0	143.0	143.0	143.0	143a	3	568	False	True				False	352	IV/VII		a	i		IV/VII	IV				VII	M	True	True	(-3, 1, -2)	()	-3	-3	minor	minor	i	i, minor	IV/VII	VII	VII/i	VII	False	IV/VII	IV/VII, minor		IV/VII, minor	VII	VII	3	3	1	1	1	3	True	False	False
2274.0	2.0	284.25	54	6	F	1.0	1.25	0	2	2	5.0	1.0	1/8	True	0	143.0	143.0	143.0	143a	3	1137/2	False	True				False	353	viio64/VII		a	i		viio64/VII	vii	o	64		VII	o	True	True	(-3, 3, 0)	()	3	-3	minor	minor	i	i, minor	vii/VII	VII	VII/i	VII	False	viio64/VII	viio64/VII, minor		viio64/VII, minor	VII	VII	3	3	1	3	3	5	True	True	False
2276.0	4.0	284.5	47	5	B	0.0	1.5	0	2	2	6.0	1.0	1/4	True	0	143.0	143.0	143.0	143a	2	569	False	True				False	354	VII6		a	i		VII6	VII		6			M	True	True	(2, -1, -2)	()	-2	2	minor	minor	i	i, minor	VII		i	i	True	VII6	VII6, minor		VII6, minor		VII	3	3	3	2	2	2	True	False	True
2276.0	2.0	284.5	55	1	G	0.0	1.5	0	2	2	5.0	1.0	1/8	True	0	143.0	143.0	143.0	143a	3	569	False	True				False	354	VII6		a	i		VII6	VII		6			M	True	True	(2, -1, -2)	()	-2	2	minor	minor	i	i, minor	VII		i	i	True	VII6	VII6, minor		VII6, minor		VII	3	3	3	-2	-2	-2	True	True	False
2278.0	2.0	284.75	55	1	G	0.0	1.75	0	2	2	5.0	1.0	1/8	True	0	143.0	143.0	143.0	143a	3	1139/2	False	False				False	354	VII6		a	i		VII6	VII		6			M	True	True	(2, -1, -2)	()	-2	2	minor	minor	i	i, minor	VII		i	i	True	VII6	VII6, minor		VII6, minor		VII	3	3	3	-2	-2	-2	True	True	False
2280.0	4.0	285.0	45	3	A	0.0	2.0	2	2	2	6.0	1.0	1/4	True	0	143.0	143.0	143.0	143a	2	570	False	True				False	355	viio6(2)/VII		a	i		viio6(2)/VII	vii	o	6	2	VII	o	True	True	(0, -3, -2)	()	3	0	minor	minor	i	i, minor	vii/VII	VII	VII/i	VII	False	viio6/VII	viio6/VII, minor		viio6(2)/VII, minor	VII	VII	3	3	1	0	0	2	True	False	True
2280.0	4.0	285.0	55	1	G	0.0	2.0	2	2	2	5.0	1.0	1/4	True	0	143.0	143.0	143.0	143a	3	570	False	True				False	355	viio6(2)/VII		a	i		viio6(2)/VII	vii	o	6	2	VII	o	True	True	(0, -3, -2)	()	3	0	minor	minor	i	i, minor	vii/VII	VII	VII/i	VII	False	viio6/VII	viio6/VII, minor		viio6(2)/VII, minor	VII	VII	3	3	1	-2	-2	0	True	False	False
2280.0	2.0	285.0	57	3	A	0.0	2.0	2	2	2	4.0	1.0	1/8	True	0	143.0	143.0	143.0	143a	3	570	False	True				False	355	viio6(2)/VII		a	i		viio6(2)/VII	vii	o	6	2	VII	o	True	True	(0, -3, -2)	()	3	0	minor	minor	i	i, minor	vii/VII	VII	VII/i	VII	False	viio6/VII	viio6/VII, minor		viio6(2)/VII, minor	VII	VII	3	3	1	0	0	2	True	False	True
2282.0	2.0	285.25	59	5	B	0.0	2.25	0	2	2	4.0	1.0	1/8	True	0	143.0	143.0	143.0	143a	3	1141/2	False	False				False	355	viio6(2)/VII		a	i		viio6(2)/VII	vii	o	6	2	VII	o	True	True	(0, -3, -2)	()	3	0	minor	minor	i	i, minor	vii/VII	VII	VII/i	VII	False	viio6/VII	viio6/VII, minor		viio6(2)/VII, minor	VII	VII	3	3	1	2	2	4	False	False	False
2284.0	4.0	285.5	45	3	A	0.0	2.5	0	2	2	6.0	1.0	1/4	False	0	143.0	143.0	143.0	143a	2	571	False	True				False	356	viio6/VII		a	i		viio6/VII	vii	o	6		VII	o	True	True	(0, -3, 3)	()	3	0	minor	minor	i	i, minor	vii/VII	VII	VII/i	VII	False	viio6/VII	viio6/VII, minor		viio6/VII, minor	VII	VII	3	3	1	0	0	2	True	False	True
2284.0	4.0	285.5	54	6	F	1.0	2.5	0	2	2	5.0	1.0	1/4	True	0	143.0	143.0	143.0	143a	3	571	False	True				False	356	viio6/VII		a	i		viio6/VII	vii	o	6		VII	o	True	True	(0, -3, 3)	()	3	0	minor	minor	i	i, minor	vii/VII	VII	VII/i	VII	False	viio6/VII	viio6/VII, minor		viio6/VII, minor	VII	VII	3	3	1	3	3	5	True	True	False
2284.0	2.0	285.5	60	0	C	0.0	2.5	0	2	2	4.0	1.0	1/8	True	0	143.0	143.0	143.0	143a	4	571	False	True				False	356	viio6/VII		a	i		viio6/VII	vii	o	6		VII	o	True	True	(0, -3, 3)	()	3	0	minor	minor	i	i, minor	vii/VII	VII	VII/i	VII	False	viio6/VII	viio6/VII, minor		viio6/VII, minor	VII	VII	3	3	1	-3	-3	-1	True	False	False
2286.0	2.0	285.75	60	0	C	0.0	2.75	0	2	2	4.0	1.0	1/8	True	0	143.0	143.0	143.0	143a	4	1143/2	False	False				False	356	viio6/VII		a	i		viio6/VII	vii	o	6		VII	o	True	True	(0, -3, 3)	()	3	0	minor	minor	i	i, minor	vii/VII	VII	VII/i	VII	False	viio6/VII	viio6/VII, minor		viio6/VII, minor	VII	VII	3	3	1	-3	-3	-1	True	False	False
2288.0	4.0	286.0	43	1	G	0.0	1.0	1	2	2	6.0	1.0	1/4	True	0	144.0	144.0	144.0	144a	2	572	False	True				False	357	V(4)/III		a	i		V(4)/III	V			4	III	M	True	True	(-2, -3, -1)	()	-2	-2	minor	minor	i	i, minor	V/III	III	III/i	III	False	V/III	V/III, minor		V(4)/III, minor	III	III	3	3	0	-2	-2	1	True	True	True
2288.0	2.0	286.0	55	1	G	0.0	1.0	1	2	2	5.0	1.0	1/8	True	0	144.0	144.0	144.0	144a	3	572	False	True				False	357	V(4)/III		a	i		V(4)/III	V			4	III	M	True	True	(-2, -3, -1)	()	-2	-2	minor	minor	i	i, minor	V/III	III	III/i	III	False	V/III	V/III, minor		V(4)/III, minor	III	III	3	3	0	-2	-2	1	True	True	True
2288.0	4.0	286.0	60	0	C	0.0	1.0	1	2	2	4.0	1.0	1/4	True	0	144.0	144.0	144.0	144a	4	572	False	True				False	357	V(4)/III		a	i		V(4)/III	V			4	III	M	True	True	(-2, -3, -1)	()	-2	-2	minor	minor	i	i, minor	V/III	III	III/i	III	False	V/III	V/III, minor		V(4)/III, minor	III	III	3	3	0	-3	-3	0	True	False	False
2290.0	2.0	286.25	55	1	G	0.0	1.25	0	2	2	5.0	1.0	1/8	True	0	144.0	144.0	144.0	144a	3	1145/2	False	False				False	357	V(4)/III		a	i		V(4)/III	V			4	III	M	True	True	(-2, -3, -1)	()	-2	-2	minor	minor	i	i, minor	V/III	III	III/i	III	False	V/III	V/III, minor		V(4)/III, minor	III	III	3	3	0	-2	-2	1	True	True	True
2292.0	2.0	286.5	55	1	G	0.0	1.5	0	2	2	5.0	1.0	1/8	True	0	144.0	144.0	144.0	144a	3	573	False	True				False	358	V/III		a	i		V/III	V				III	M	True	True	(-2, 2, -1)	()	-2	-2	minor	minor	i	i, minor	V/III	III	III/i	III	False	V/III	V/III, minor		V/III, minor	III	III	3	3	0	-2	-2	1	True	True	True
2292.0	2.0	286.5	55	1	G	0.0	1.5	0	2	2	6.0	1.0	1/8	True	0	144.0	144.0	144.0	144a	3	573	False	True				False	358	V/III		a	i		V/III	V				III	M	True	True	(-2, 2, -1)	()	-2	-2	minor	minor	i	i, minor	V/III	III	III/i	III	False	V/III	V/III, minor		V/III, minor	III	III	3	3	0	-2	-2	1	True	True	True
2292.0	4.0	286.5	59	5	B	0.0	1.5	0	2	2	4.0	1.0	1/4	True	0	144.0	144.0	144.0	144a	3	573	False	True				False	358	V/III		a	i		V/III	V				III	M	True	True	(-2, 2, -1)	()	-2	-2	minor	minor	i	i, minor	V/III	III	III/i	III	False	V/III	V/III, minor		V/III, minor	III	III	3	3	0	2	2	5	True	False	False
2294.0	2.0	286.75	53	-1	F	0.0	1.75	0	2	2	5.0	1.0	1/8	True	0	144.0	144.0	144.0	144a	3	1147/2	False	False				False	358	V/III		a	i		V/III	V				III	M	True	True	(-2, 2, -1)	()	-2	-2	minor	minor	i	i, minor	V/III	III	III/i	III	False	V/III	V/III, minor		V/III, minor	III	III	3	3	0	-4	-4	-1	False	False	False
2294.0	2.0	286.75	53	-1	F	0.0	1.75	0	2	2	6.0	1.0	1/8	True	0	144.0	144.0	144.0	144a	3	1147/2	False	False				False	358	V/III		a	i		V/III	V				III	M	True	True	(-2, 2, -1)	()	-2	-2	minor	minor	i	i, minor	V/III	III	III/i	III	False	V/III	V/III, minor		V/III, minor	III	III	3	3	0	-4	-4	-1	False	False	False
2296.0	4.0	287.0	52	4	E	0.0	2.0	2	2	2	5.0	1.0	1/4	True	0	144.0	144.0	144.0	144a	3	574	False	True				False	359	III6		a	i		III6	III		6			M	True	True	(1, -2, -3)	()	-3	1	minor	minor	i	i, minor	III		i	i	True	III6	III6, minor		III6, minor		III	3	3	3	1	1	1	True	False	True
2296.0	4.0	287.0	52	4	E	0.0	2.0	2	2	2	6.0	1.0	1/4	True	0	144.0	144.0	144.0	144a	3	574	False	True				False	359	III6		a	i		III6	III		6			M	True	True	(1, -2, -3)	()	-3	1	minor	minor	i	i, minor	III		i	i	True	III6	III6, minor		III6, minor		III	3	3	3	1	1	1	True	False	True
2296.0	2.0	287.0	60	0	C	0.0	2.0	2	2	2	4.0	1.0	1/8	True	0	144.0	144.0	144.0	144a	4	574	False	True				False	359	III6		a	i		III6	III		6			M	True	True	(1, -2, -3)	()	-3	1	minor	minor	i	i, minor	III		i	i	True	III6	III6, minor		III6, minor		III	3	3	3	-3	-3	-3	True	True	False
2298.0	2.0	287.25	60	0	C	0.0	2.25	0	2	2	4.0	1.0	1/8	True	0	144.0	144.0	144.0	144a	4	1149/2	False	False				False	359	III6		a	i		III6	III		6			M	True	True	(1, -2, -3)	()	-3	1	minor	minor	i	i, minor	III		i	i	True	III6	III6, minor		III6, minor		III	3	3	3	-3	-3	-3	True	True	False
2300.0	4.0	287.5	48	0	C	0.0	2.5	0	2	2	5.0	1.0	1/4	True	0	144.0	144.0	144.0	144a	3	575	False	True				False	360	III		a	i		III	III					M	True	True	(-3, 1, -2)	()	-3	-3	minor	minor	i	i, minor	III		i	i	True	III	III, minor		III, minor		III	3	3	3	-3	-3	-3	True	True	True
2300.0	4.0	287.5	48	0	C	0.0	2.5	0	2	2	6.0	1.0	1/4	True	0	144.0	144.0	144.0	144a	3	575	False	True				False	360	III		a	i		III	III					M	True	True	(-3, 1, -2)	()	-3	-3	minor	minor	i	i, minor	III		i	i	True	III	III, minor		III, minor		III	3	3	3	-3	-3	-3	True	True	True
2300.0	2.0	287.5	60	0	C	0.0	2.5	0	2	2	4.0	1.0	1/8	True	0	144.0	144.0	144.0	144a	4	575	False	True				False	360	III		a	i		III	III					M	True	True	(-3, 1, -2)	()	-3	-3	minor	minor	i	i, minor	III		i	i	True	III	III, minor		III, minor		III	3	3	3	-3	-3	-3	True	True	True
2302.0	2.0	287.75	59	5	B	0.0	2.75	0	2	2	4.0	1.0	1/8	True	0	144.0	144.0	144.0	144a	3	1151/2	False	False				False	360	III		a	i		III	III					M	True	True	(-3, 1, -2)	()	-3	-3	minor	minor	i	i, minor	III		i	i	True	III	III, minor		III, minor		III	3	3	3	2	2	2	False	False	False
2304.0	2.0	288.0	53	-1	F	0.0	1.0	1	2	2	5.0	1.0	1/8	True	0	145.0	145.0	145.0	145a	3	576	False	True				False	361	IV/III		a	i		IV/III	IV				III	M	True	True	(-4, 0, -3)	()	-4	-4	minor	minor	i	i, minor	IV/III	III	III/i	III	False	IV/III	IV/III, minor		IV/III, minor	III	III	3	3	0	-4	-4	-1	True	True	True
2304.0	4.0	288.0	53	-1	F	0.0	1.0	1	2	2	6.0	1.0	1/4	True	0	145.0	145.0	145.0	145a	3	576	False	True				False	361	IV/III		a	i		IV/III	IV				III	M	True	True	(-4, 0, -3)	()	-4	-4	minor	minor	i	i, minor	IV/III	III	III/i	III	False	IV/III	IV/III, minor		IV/III, minor	III	III	3	3	0	-4	-4	-1	True	True	True
2304.0	2.0	288.0	57	3	A	0.0	1.0	1	2	2	3.0	1.0	1/8	True	0	145.0	145.0	145.0	145a	3	576	False	True				False	361	IV/III		a	i		IV/III	IV				III	M	True	True	(-4, 0, -3)	()	-4	-4	minor	minor	i	i, minor	IV/III	III	III/i	III	False	IV/III	IV/III, minor		IV/III, minor	III	III	3	3	0	0	0	3	True	False	False
2304.0	4.0	288.0	57	3	A	0.0	1.0	1	2	2	4.0	1.0	1/4	True	0	145.0	145.0	145.0	145a	3	576	False	True				False	361	IV/III		a	i		IV/III	IV				III	M	True	True	(-4, 0, -3)	()	-4	-4	minor	minor	i	i, minor	IV/III	III	III/i	III	False	IV/III	IV/III, minor		IV/III, minor	III	III	3	3	0	0	0	3	True	False	False
2304.0	2.0	288.0	60	0	C	0.0	1.0	1	2	2	2.0	1.0	1/8	True	0	145.0	145.0	145.0	145a	4	576	False	True				False	361	IV/III		a	i		IV/III	IV				III	M	True	True	(-4, 0, -3)	()	-4	-4	minor	minor	i	i, minor	IV/III	III	III/i	III	False	IV/III	IV/III, minor		IV/III, minor	III	III	3	3	0	-3	-3	0	True	False	False
2306.0	2.0	288.25	53	-1	F	0.0	1.25	0	2	2	5.0	1.0	1/8	True	0	145.0	145.0	145.0	145a	3	1153/2	False	True				False	362	vii%43/III		a	i		vii%43/III	vii	%	43		III	%7	True	True	(-4, 0, 2, -1)	()	2	-4	minor	minor	i	i, minor	vii/III	III	III/i	III	False	vii%43/III	vii%43/III, minor		vii%43/III, minor	III	III	3	3	0	-4	-4	-1	True	False	True
2306.0	2.0	288.25	59	5	B	0.0	1.25	0	2	2	3.0	1.0	1/8	True	0	145.0	145.0	145.0	145a	3	1153/2	False	True				False	362	vii%43/III		a	i		vii%43/III	vii	%	43		III	%7	True	True	(-4, 0, 2, -1)	()	2	-4	minor	minor	i	i, minor	vii/III	III	III/i	III	False	vii%43/III	vii%43/III, minor		vii%43/III, minor	III	III	3	3	0	2	2	5	True	True	False
2306.0	2.0	288.25	62	2	D	0.0	1.25	0	2	2	2.0	1.0	1/8	True	0	145.0	145.0	145.0	145a	4	1153/2	False	True				False	362	vii%43/III		a	i		vii%43/III	vii	%	43		III	%7	True	True	(-4, 0, 2, -1)	()	2	-4	minor	minor	i	i, minor	vii/III	III	III/i	III	False	vii%43/III	vii%43/III, minor		vii%43/III, minor	III	III	3	3	0	-1	-1	2	True	False	False
2308.0	2.0	288.5	52	4	E	0.0	1.5	0	2	2	5.0	1.0	1/8	True	0	145.0	145.0	145.0	145a	3	577	False	True				False	363	III6		a	i		III6	III		6			M	True	True	(1, -2, -3)	()	-3	1	minor	minor	i	i, minor	III		i	i	True	III6	III6, minor		III6, minor		III	3	3	3	1	1	1	True	False	True
2308.0	2.0	288.5	52	4	E	0.0	1.5	0	2	2	6.0	1.0	1/8	True	0	145.0	145.0	145.0	145a	3	577	False	True				False	363	III6		a	i		III6	III		6			M	True	True	(1, -2, -3)	()	-3	1	minor	minor	i	i, minor	III		i	i	True	III6	III6, minor		III6, minor		III	3	3	3	1	1	1	True	False	True
2308.0	4.0	288.5	55	1	G	0.0	1.5	0	2	2	4.0	1.0	1/4	True	0	145.0	145.0	145.0	145a	3	577	False	True				False	363	III6		a	i		III6	III		6			M	True	True	(1, -2, -3)	()	-3	1	minor	minor	i	i, minor	III		i	i	True	III6	III6, minor		III6, minor		III	3	3	3	-2	-2	-2	True	False	False
2308.0	2.0	288.5	60	0	C	0.0	1.5	0	2	2	3.0	1.0	1/8	True	0	145.0	145.0	145.0	145a	4	577	False	True				False	363	III6		a	i		III6	III		6			M	True	True	(1, -2, -3)	()	-3	1	minor	minor	i	i, minor	III		i	i	True	III6	III6, minor		III6, minor		III	3	3	3	-3	-3	-3	True	True	False
2308.0	2.0	288.5	64	4	E	0.0	1.5	0	2	2	2.0	1.0	1/8	True	0	145.0	145.0	145.0	145a	4	577	False	True				False	363	III6		a	i		III6	III		6			M	True	True	(1, -2, -3)	()	-3	1	minor	minor	i	i, minor	III		i	i	True	III6	III6, minor		III6, minor		III	3	3	3	1	1	1	True	False	True
2310.0	2.0	288.75	53	-1	F	0.0	1.75	0	2	2	5.0	1.0	1/8	True	0	145.0	145.0	145.0	145a	3	1155/2	False	True				False	364	ii65(+4)/III		a	i		ii65(+4)/III	ii		65	+4	III	mm7	True	True	(-4, 0, -3, -1)	(-2,)	-1	-4	minor	minor	i	i, minor	ii/III	III	III/i	III	False	ii65/III	ii65/III, minor		ii65(+4)/III, minor	III	III	3	3	0	-4	-4	-1	True	False	True
2310.0	2.0	288.75	53	-1	F	0.0	1.75	0	2	2	6.0	1.0	1/8	True	0	145.0	145.0	145.0	145a	3	1155/2	False	True				False	364	ii65(+4)/III		a	i		ii65(+4)/III	ii		65	+4	III	mm7	True	True	(-4, 0, -3, -1)	(-2,)	-1	-4	minor	minor	i	i, minor	ii/III	III	III/i	III	False	ii65/III	ii65/III, minor		ii65(+4)/III, minor	III	III	3	3	0	-4	-4	-1	True	False	True
2310.0	2.0	288.75	60	0	C	0.0	1.75	0	2	2	3.0	1.0	1/8	True	0	145.0	145.0	145.0	145a	4	1155/2	False	True				False	364	ii65(+4)/III		a	i		ii65(+4)/III	ii		65	+4	III	mm7	True	True	(-4, 0, -3, -1)	(-2,)	-1	-4	minor	minor	i	i, minor	ii/III	III	III/i	III	False	ii65/III	ii65/III, minor		ii65(+4)/III, minor	III	III	3	3	0	-3	-3	0	True	False	False
2310.0	2.0	288.75	62	2	D	0.0	1.75	0	2	2	2.0	1.0	1/8	True	0	145.0	145.0	145.0	145a	4	1155/2	False	True				False	364	ii65(+4)/III		a	i		ii65(+4)/III	ii		65	+4	III	mm7	True	True	(-4, 0, -3, -1)	(-2,)	-1	-4	minor	minor	i	i, minor	ii/III	III	III/i	III	False	ii65/III	ii65/III, minor		ii65(+4)/III, minor	III	III	3	3	0	-1	-1	2	True	True	False
2312.0	4.0	289.0	55	1	G	0.0	2.0	2	2	2	6.0	1.0	1/4	True	0	145.0	145.0	145.0	145a	3	578	False	True				False	365	V(+4)/III		a	i		V(+4)/III	V			+4	III	M	True	True	(-2, 2, -1)	(-3,)	-2	-2	minor	minor	i	i, minor	V/III	III	III/i	III	False	V/III	V/III, minor		V(+4)/III, minor	III	III	3	3	0	-2	-2	1	True	True	True
2312.0	8.0	289.0	55	1	G	0.0	2.0	2	2	2	5.0	1.0	1/2	True	0	145.0	145.0	145.0	145a	3	578	False	True				False	365	V(+4)/III		a	i		V(+4)/III	V			+4	III	M	True	True	(-2, 2, -1)	(-3,)	-2	-2	minor	minor	i	i, minor	V/III	III	III/i	III	False	V/III	V/III, minor		V(+4)/III, minor	III	III	3	3	0	-2	-2	1	True	True	True
2312.0	2.0	289.0	59	5	B	0.0	2.0	2	2	2	4.0	1.0	1/8	True	0	145.0	145.0	145.0	145a	3	578	False	True				False	365	V(+4)/III		a	i		V(+4)/III	V			+4	III	M	True	True	(-2, 2, -1)	(-3,)	-2	-2	minor	minor	i	i, minor	V/III	III	III/i	III	False	V/III	V/III, minor		V(+4)/III, minor	III	III	3	3	0	2	2	5	True	False	False
2312.0	4.0	289.0	60	0	C	0.0	2.0	2	2	2	3.0	1.0	1/4	True	0	145.0	145.0	145.0	145a	4	578	False	True				False	365	V(+4)/III		a	i		V(+4)/III	V			+4	III	M	True	True	(-2, 2, -1)	(-3,)	-2	-2	minor	minor	i	i, minor	V/III	III	III/i	III	False	V/III	V/III, minor		V(+4)/III, minor	III	III	3	3	0	-3	-3	0	False	False	False
2312.0	4.0	289.0	62	2	D	0.0	2.0	2	2	2	2.0	1.0	1/4	True	0	145.0	145.0	145.0	145a	4	578	False	True				False	365	V(+4)/III		a	i		V(+4)/III	V			+4	III	M	True	True	(-2, 2, -1)	(-3,)	-2	-2	minor	minor	i	i, minor	V/III	III	III/i	III	False	V/III	V/III, minor		V(+4)/III, minor	III	III	3	3	0	-1	-1	2	True	False	False
2314.0	2.0	289.25	60	0	C	0.0	2.25	0	2	2	4.0	1.0	1/8	True	0	145.0	145.0	145.0	145a	4	1157/2	False	False				False	365	V(+4)/III		a	i		V(+4)/III	V			+4	III	M	True	True	(-2, 2, -1)	(-3,)	-2	-2	minor	minor	i	i, minor	V/III	III	III/i	III	False	V/III	V/III, minor		V(+4)/III, minor	III	III	3	3	0	-3	-3	0	False	False	False
2316.0	4.0	289.5	55	1	G	0.0	2.5	0	2	2	6.0	1.0	1/4	False	0	145.0	145.0	145.0	145a	3	579	False	True				False	366	V/III		a	i		V/III	V				III	M	True	True	(-2, 2, -1)	()	-2	-2	minor	minor	i	i, minor	V/III	III	III/i	III	False	V/III	V/III, minor		V/III, minor	III	III	3	3	0	-2	-2	1	True	True	True
2316.0	4.0	289.5	59	5	B	0.0	2.5	0	2	2	3.0	1.0	1/4	True	0	145.0	145.0	145.0	145a	3	579	False	True				False	366	V/III		a	i		V/III	V				III	M	True	True	(-2, 2, -1)	()	-2	-2	minor	minor	i	i, minor	V/III	III	III/i	III	False	V/III	V/III, minor		V/III, minor	III	III	3	3	0	2	2	5	True	False	False
2316.0	2.0	289.5	62	2	D	0.0	2.5	0	2	2	4.0	1.0	1/8	True	0	145.0	145.0	145.0	145a	4	579	False	True				False	366	V/III		a	i		V/III	V				III	M	True	True	(-2, 2, -1)	()	-2	-2	minor	minor	i	i, minor	V/III	III	III/i	III	False	V/III	V/III, minor		V/III, minor	III	III	3	3	0	-1	-1	2	True	False	False
2316.0	4.0	289.5	62	2	D	0.0	2.5	0	2	2	2.0	1.0	1/4	True	0	145.0	145.0	145.0	145a	4	579	False	True				False	366	V/III		a	i		V/III	V				III	M	True	True	(-2, 2, -1)	()	-2	-2	minor	minor	i	i, minor	V/III	III	III/i	III	False	V/III	V/III, minor		V/III, minor	III	III	3	3	0	-1	-1	2	True	False	False
2318.0	2.0	289.75	59	5	B	0.0	2.75	0	2	2	4.0	1.0	1/8	True	0	145.0	145.0	145.0	145a	3	1159/2	False	False				False	366	V/III		a	i		V/III	V				III	M	True	True	(-2, 2, -1)	()	-2	-2	minor	minor	i	i, minor	V/III	III	III/i	III	False	V/III	V/III, minor		V/III, minor	III	III	3	3	0	2	2	5	True	False	False
2320.0	4.0	290.0	48	0	C	0.0	1.0	1	2	2	5.0	1.0	1/4	True	0	146.0	146.0	146.0	146a	3	580	False	True				False	367	III		a	i		III	III					M	True	True	(-3, 1, -2)	()	-3	-3	minor	minor	i	i, minor	III		i	i	True	III	III, minor		III, minor		III	3	3	3	-3	-3	-3	True	True	True
2320.0	4.0	290.0	48	0	C	0.0	1.0	1	2	2	6.0	1.0	1/4	True	0	146.0	146.0	146.0	146a	3	580	False	True				False	367	III		a	i		III	III					M	True	True	(-3, 1, -2)	()	-3	-3	minor	minor	i	i, minor	III		i	i	True	III	III, minor		III, minor		III	3	3	3	-3	-3	-3	True	True	True
2320.0	4.0	290.0	60	0	C	0.0	1.0	1	2	2	3.0	1.0	1/4	True	0	146.0	146.0	146.0	146a	4	580	False	True				False	367	III		a	i		III	III					M	True	True	(-3, 1, -2)	()	-3	-3	minor	minor	i	i, minor	III		i	i	True	III	III, minor		III, minor		III	3	3	3	-3	-3	-3	True	True	True
2320.0	2.0	290.0	64	4	E	0.0	1.0	1	2	2	2.0	1.0	1/8	True	0	146.0	146.0	146.0	146a	4	580	False	True				False	367	III		a	i		III	III					M	True	True	(-3, 1, -2)	()	-3	-3	minor	minor	i	i, minor	III		i	i	True	III	III, minor		III, minor		III	3	3	3	1	1	1	True	False	False
2320.0	2.0	290.0	64	4	E	0.0	1.0	1	2	2	4.0	1.0	1/8	True	0	146.0	146.0	146.0	146a	4	580	False	True				False	367	III		a	i		III	III					M	True	True	(-3, 1, -2)	()	-3	-3	minor	minor	i	i, minor	III		i	i	True	III	III, minor		III, minor		III	3	3	3	1	1	1	True	False	False
2320.0	2.0	290.0	67	1	G	0.0	1.0	1	2	2	1.0	1.0	1/8	True	0	146.0	146.0	146.0	146a	4	580	False	True				False	367	III		a	i		III	III					M	True	True	(-3, 1, -2)	()	-3	-3	minor	minor	i	i, minor	III		i	i	True	III	III, minor		III, minor		III	3	3	3	-2	-2	-2	True	False	False
2322.0	2.0	290.25	60	0	C	0.0	1.25	0	2	2	4.0	1.0	1/8	True	0	146.0	146.0	146.0	146a	4	1161/2	False	True				False	368	viio64/VII		a	i		viio64/VII	vii	o	64		VII	o	True	True	(-3, 3, 0)	()	3	-3	minor	minor	i	i, minor	vii/VII	VII	VII/i	VII	False	viio64/VII	viio64/VII, minor		viio64/VII, minor	VII	VII	3	3	1	-3	-3	-1	True	False	True
2322.0	2.0	290.25	66	6	F	1.0	1.25	0	2	2	2.0	1.0	1/8	True	0	146.0	146.0	146.0	146a	4	1161/2	False	True				False	368	viio64/VII		a	i		viio64/VII	vii	o	64		VII	o	True	True	(-3, 3, 0)	()	3	-3	minor	minor	i	i, minor	vii/VII	VII	VII/i	VII	False	viio64/VII	viio64/VII, minor		viio64/VII, minor	VII	VII	3	3	1	3	3	5	True	True	False
2322.0	2.0	290.25	69	3	A	0.0	1.25	0	2	2	1.0	1.0	1/8	True	0	146.0	146.0	146.0	146a	4	1161/2	False	True				False	368	viio64/VII		a	i		viio64/VII	vii	o	64		VII	o	True	True	(-3, 3, 0)	()	3	-3	minor	minor	i	i, minor	vii/VII	VII	VII/i	VII	False	viio64/VII	viio64/VII, minor		viio64/VII, minor	VII	VII	3	3	1	0	0	2	True	False	False
2324.0	2.0	290.5	47	5	B	0.0	1.5	0	2	2	6.0	1.0	1/8	True	0	146.0	146.0	146.0	146a	2	581	False	True				False	369	VII6		a	i		VII6	VII		6			M	True	True	(2, -1, -2)	()	-2	2	minor	minor	i	i, minor	VII		i	i	True	VII6	VII6, minor		VII6, minor		VII	3	3	3	2	2	2	True	False	True
2324.0	2.0	290.5	59	5	B	0.0	1.5	0	2	2	4.0	1.0	1/8	True	0	146.0	146.0	146.0	146a	3	581	False	True				False	369	VII6		a	i		VII6	VII		6			M	True	True	(2, -1, -2)	()	-2	2	minor	minor	i	i, minor	VII		i	i	True	VII6	VII6, minor		VII6, minor		VII	3	3	3	2	2	2	True	False	True
2324.0	2.0	290.5	67	1	G	0.0	1.5	0	2	2	2.0	1.0	1/8	True	0	146.0	146.0	146.0	146a	4	581	False	True				False	369	VII6		a	i		VII6	VII		6			M	True	True	(2, -1, -2)	()	-2	2	minor	minor	i	i, minor	VII		i	i	True	VII6	VII6, minor		VII6, minor		VII	3	3	3	-2	-2	-2	True	True	False
2324.0	2.0	290.5	71	5	B	0.0	1.5	0	2	2	1.0	1.0	1/8	True	0	146.0	146.0	146.0	146a	4	581	False	True				False	369	VII6		a	i		VII6	VII		6			M	True	True	(2, -1, -2)	()	-2	2	minor	minor	i	i, minor	VII		i	i	True	VII6	VII6, minor		VII6, minor		VII	3	3	3	2	2	2	True	False	True
2326.0	2.0	290.75	48	0	C	0.0	1.75	0	2	2	6.0	1.0	1/8	True	0	146.0	146.0	146.0	146a	3	1163/2	False	True				False	370	ii65/VII		a	i		ii65/VII	ii		65		VII	mm7	True	True	(-3, 1, -2, 0)	()	0	-3	minor	minor	i	i, minor	ii/VII	VII	VII/i	VII	False	ii65/VII	ii65/VII, minor		ii65/VII, minor	VII	VII	3	3	1	-3	-3	-1	True	False	True
2326.0	2.0	290.75	60	0	C	0.0	1.75	0	2	2	4.0	1.0	1/8	True	0	146.0	146.0	146.0	146a	4	1163/2	False	True				False	370	ii65/VII		a	i		ii65/VII	ii		65		VII	mm7	True	True	(-3, 1, -2, 0)	()	0	-3	minor	minor	i	i, minor	ii/VII	VII	VII/i	VII	False	ii65/VII	ii65/VII, minor		ii65/VII, minor	VII	VII	3	3	1	-3	-3	-1	True	False	True
2326.0	2.0	290.75	67	1	G	0.0	1.75	0	2	2	2.0	1.0	1/8	True	0	146.0	146.0	146.0	146a	4	1163/2	False	True				False	370	ii65/VII		a	i		ii65/VII	ii		65		VII	mm7	True	True	(-3, 1, -2, 0)	()	0	-3	minor	minor	i	i, minor	ii/VII	VII	VII/i	VII	False	ii65/VII	ii65/VII, minor		ii65/VII, minor	VII	VII	3	3	1	-2	-2	0	True	False	False
2326.0	2.0	290.75	69	3	A	0.0	1.75	0	2	2	1.0	1.0	1/8	True	0	146.0	146.0	146.0	146a	4	1163/2	False	True				False	370	ii65/VII		a	i		ii65/VII	ii		65		VII	mm7	True	True	(-3, 1, -2, 0)	()	0	-3	minor	minor	i	i, minor	ii/VII	VII	VII/i	VII	False	ii65/VII	ii65/VII, minor		ii65/VII, minor	VII	VII	3	3	1	0	0	2	True	True	False
2328.0	4.0	291.0	50	2	D	0.0	2.0	2	2	2	6.0	1.0	1/4	True	0	146.0	146.0	146.0	146a	3	582	False	True				False	371	V(4)/VII		a	i		V(4)/VII	V			4	VII	M	True	True	(-1, -2, 0)	()	-1	-1	minor	minor	i	i, minor	V/VII	VII	VII/i	VII	False	V/VII	V/VII, minor		V(4)/VII, minor	VII	VII	3	3	1	-1	-1	1	True	True	True
2328.0	8.0	291.0	62	2	D	0.0	2.0	2	2	2	4.0	1.0	1/2	True	0	146.0	146.0	146.0	146a	4	582	False	True				False	371	V(4)/VII		a	i		V(4)/VII	V			4	VII	M	True	True	(-1, -2, 0)	()	-1	-1	minor	minor	i	i, minor	V/VII	VII	VII/i	VII	False	V/VII	V/VII, minor		V(4)/VII, minor	VII	VII	3	3	1	-1	-1	1	True	True	True
2328.0	4.0	291.0	67	1	G	0.0	2.0	2	2	2	2.0	1.0	1/4	True	0	146.0	146.0	146.0	146a	4	582	False	True				False	371	V(4)/VII		a	i		V(4)/VII	V			4	VII	M	True	True	(-1, -2, 0)	()	-1	-1	minor	minor	i	i, minor	V/VII	VII	VII/i	VII	False	V/VII	V/VII, minor		V(4)/VII, minor	VII	VII	3	3	1	-2	-2	0	True	False	False
2328.0	8.0	291.0	69	3	A	0.0	2.0	2	2	2	1.0	1.0	1/2	True	0	146.0	146.0	146.0	146a	4	582	False	True				False	371	V(4)/VII		a	i		V(4)/VII	V			4	VII	M	True	True	(-1, -2, 0)	()	-1	-1	minor	minor	i	i, minor	V/VII	VII	VII/i	VII	False	V/VII	V/VII, minor		V(4)/VII, minor	VII	VII	3	3	1	0	0	2	True	False	False
2330.0	2.0	291.25	62	2	D	0.0	2.25	0	2	2	3.0	1.0	1/8	True	0	146.0	146.0	146.0	146a	4	1165/2	False	False				False	371	V(4)/VII		a	i		V(4)/VII	V			4	VII	M	True	True	(-1, -2, 0)	()	-1	-1	minor	minor	i	i, minor	V/VII	VII	VII/i	VII	False	V/VII	V/VII, minor		V(4)/VII, minor	VII	VII	3	3	1	-1	-1	1	True	True	True
2332.0	4.0	291.5	50	2	D	0.0	2.5	0	2	2	6.0	1.0	1/4	False	0	146.0	146.0	146.0	146a	3	583	False	True				False	372	V/VII		a	i		V/VII	V				VII	M	True	True	(-1, 3, 0)	()	-1	-1	minor	minor	i	i, minor	V/VII	VII	VII/i	VII	False	V/VII	V/VII, minor		V/VII, minor	VII	VII	3	3	1	-1	-1	1	True	True	True
2332.0	2.0	291.5	62	2	D	0.0	2.5	0	2	2	3.0	1.0	1/8	True	0	146.0	146.0	146.0	146a	4	583	False	True				False	372	V/VII		a	i		V/VII	V				VII	M	True	True	(-1, 3, 0)	()	-1	-1	minor	minor	i	i, minor	V/VII	VII	VII/i	VII	False	V/VII	V/VII, minor		V/VII, minor	VII	VII	3	3	1	-1	-1	1	True	True	True
2332.0	4.0	291.5	66	6	F	1.0	2.5	0	2	2	2.0	1.0	1/4	True	0	146.0	146.0	146.0	146a	4	583	False	True				False	372	V/VII		a	i		V/VII	V				VII	M	True	True	(-1, 3, 0)	()	-1	-1	minor	minor	i	i, minor	V/VII	VII	VII/i	VII	False	V/VII	V/VII, minor		V/VII, minor	VII	VII	3	3	1	3	3	5	True	False	False
2334.0	2.0	291.75	60	0	C	0.0	2.75	0	2	2	3.0	1.0	1/8	True	0	146.0	146.0	146.0	146a	4	1167/2	False	False				False	372	V/VII		a	i		V/VII	V				VII	M	True	True	(-1, 3, 0)	()	-1	-1	minor	minor	i	i, minor	V/VII	VII	VII/i	VII	False	V/VII	V/VII, minor		V/VII, minor	VII	VII	3	3	1	-3	-3	-1	False	False	False
2336.0	8.0	292.0	43	1	G	0.0	1.0	1	2	2	6.0	1.0	1/2	True	0	147.0	147.0	147.0	147a	2	584	False	True			\\	True	373	VII\\		a	i		VII	VII					M	True	True	(-2, 2, -1)	()	-2	-2	minor	minor	i	i, minor	VII		i	i	True	VII	VII, minor		VII, minor		VII	3	3	3	-2	-2	-2	True	True	True
2336.0	8.0	292.0	55	1	G	0.0	1.0	1	2	2	4.0	1.0	1/2	True	0	147.0	147.0	147.0	147a	3	584	False	True			\\	True	373	VII\\		a	i		VII	VII					M	True	True	(-2, 2, -1)	()	-2	-2	minor	minor	i	i, minor	VII		i	i	True	VII	VII, minor		VII, minor		VII	3	3	3	-2	-2	-2	True	True	True
2336.0	4.0	292.0	59	5	B	0.0	1.0	1	2	2	3.0	1.0	1/4	True	0	147.0	147.0	147.0	147a	3	584	False	True			\\	True	373	VII\\		a	i		VII	VII					M	True	True	(-2, 2, -1)	()	-2	-2	minor	minor	i	i, minor	VII		i	i	True	VII	VII, minor		VII, minor		VII	3	3	3	2	2	2	True	False	False
2336.0	2.0	292.0	67	1	G	0.0	1.0	1	2	2	2.0	1.0	1/8	True	0	147.0	147.0	147.0	147a	4	584	False	True			\\	True	373	VII\\		a	i		VII	VII					M	True	True	(-2, 2, -1)	()	-2	-2	minor	minor	i	i, minor	VII		i	i	True	VII	VII, minor		VII, minor		VII	3	3	3	-2	-2	-2	True	True	True
2336.0	8.0	292.0	67	1	G	0.0	1.0	1	2	2	1.0	1.0	1/2	True	0	147.0	147.0	147.0	147a	4	584	False	True			\\	True	373	VII\\		a	i		VII	VII					M	True	True	(-2, 2, -1)	()	-2	-2	minor	minor	i	i, minor	VII		i	i	True	VII	VII, minor		VII, minor		VII	3	3	3	-2	-2	-2	True	True	True
2338.0	2.0	292.25	67	1	G	0.0	1.25	0	2	2	2.0	1.0	1/8	True	0	147.0	147.0	147.0	147a	4	1169/2	False	False				False	373	VII\\		a	i		VII	VII					M	True	True	(-2, 2, -1)	()	-2	-2	minor	minor	i	i, minor	VII		i	i	True	VII	VII, minor		VII, minor		VII	3	3	3	-2	-2	-2	True	True	True
2340.0	4.0	292.5	55	1	G	0.0	1.5	0	2	2	3.0	1.0	1/4	True	0	147.0	147.0	147.0	147a	3	585	False	False				False	373	VII\\		a	i		VII	VII					M	True	True	(-2, 2, -1)	()	-2	-2	minor	minor	i	i, minor	VII		i	i	True	VII	VII, minor		VII, minor		VII	3	3	3	-2	-2	-2	True	True	True
2340.0	2.0	292.5	67	1	G	0.0	1.5	0	2	2	2.0	1.0	1/8	True	0	147.0	147.0	147.0	147a	4	585	False	False				False	373	VII\\		a	i		VII	VII					M	True	True	(-2, 2, -1)	()	-2	-2	minor	minor	i	i, minor	VII		i	i	True	VII	VII, minor		VII, minor		VII	3	3	3	-2	-2	-2	True	True	True
2342.0	2.0	292.75	65	-1	F	0.0	1.75	0	2	2	2.0	1.0	1/8	True	0	147.0	147.0	147.0	147a	4	1171/2	False	False				False	373	VII\\		a	i		VII	VII					M	True	True	(-2, 2, -1)	()	-2	-2	minor	minor	i	i, minor	VII		i	i	True	VII	VII, minor		VII, minor		VII	3	3	3	-4	-4	-4	False	False	False
2344.0	2.0	293.0	52	4	E	0.0	2.0	2	2	2	5.0	1.0	1/8	True	0	147.0	147.0	147.0	147a	3	586	False	True				False	374	IV6/VII		a	i		IV6/VII	IV		6		VII	M	True	True	(1, -2, -3)	()	-3	1	minor	minor	i	i, minor	IV/VII	VII	VII/i	VII	False	IV6/VII	IV6/VII, minor		IV6/VII, minor	VII	VII	3	3	1	1	1	3	True	False	True
2344.0	2.0	293.0	52	4	E	0.0	2.0	2	2	2	6.0	1.0	1/8	True	0	147.0	147.0	147.0	147a	3	586	False	True				False	374	IV6/VII		a	i		IV6/VII	IV		6		VII	M	True	True	(1, -2, -3)	()	-3	1	minor	minor	i	i, minor	IV/VII	VII	VII/i	VII	False	IV6/VII	IV6/VII, minor		IV6/VII, minor	VII	VII	3	3	1	1	1	3	True	False	True
2344.0	2.0	293.0	60	0	C	0.0	2.0	2	2	2	3.0	1.0	1/8	True	0	147.0	147.0	147.0	147a	4	586	False	True				False	374	IV6/VII		a	i		IV6/VII	IV		6		VII	M	True	True	(1, -2, -3)	()	-3	1	minor	minor	i	i, minor	IV/VII	VII	VII/i	VII	False	IV6/VII	IV6/VII, minor		IV6/VII, minor	VII	VII	3	3	1	-3	-3	-1	True	True	False
2344.0	4.0	293.0	64	4	E	0.0	2.0	2	2	2	2.0	1.0	1/4	True	0	147.0	147.0	147.0	147a	4	586	False	True				False	374	IV6/VII		a	i		IV6/VII	IV		6		VII	M	True	True	(1, -2, -3)	()	-3	1	minor	minor	i	i, minor	IV/VII	VII	VII/i	VII	False	IV6/VII	IV6/VII, minor		IV6/VII, minor	VII	VII	3	3	1	1	1	3	True	False	True
2346.0	2.0	293.25	54	6	F	1.0	2.25	0	2	2	5.0	1.0	1/8	True	0	147.0	147.0	147.0	147a	3	1173/2	False	True				False	375	vii%7/VII		a	i		vii%7/VII	vii	%	7		VII	%7	True	True	(3, 0, -3, 1)	()	3	3	minor	minor	i	i, minor	vii/VII	VII	VII/i	VII	False	vii%7/VII	vii%7/VII, minor		vii%7/VII, minor	VII	VII	3	3	1	3	3	5	True	True	True
2346.0	2.0	293.25	54	6	F	1.0	2.25	0	2	2	6.0	1.0	1/8	True	0	147.0	147.0	147.0	147a	3	1173/2	False	True				False	375	vii%7/VII		a	i		vii%7/VII	vii	%	7		VII	%7	True	True	(3, 0, -3, 1)	()	3	3	minor	minor	i	i, minor	vii/VII	VII	VII/i	VII	False	vii%7/VII	vii%7/VII, minor		vii%7/VII, minor	VII	VII	3	3	1	3	3	5	True	True	True
2346.0	2.0	293.25	57	3	A	0.0	2.25	0	2	2	3.0	1.0	1/8	True	0	147.0	147.0	147.0	147a	3	1173/2	False	True				False	375	vii%7/VII		a	i		vii%7/VII	vii	%	7		VII	%7	True	True	(3, 0, -3, 1)	()	3	3	minor	minor	i	i, minor	vii/VII	VII	VII/i	VII	False	vii%7/VII	vii%7/VII, minor		vii%7/VII, minor	VII	VII	3	3	1	0	0	2	True	False	False
2348.0	2.0	293.5	55	1	G	0.0	2.5	0	2	2	5.0	1.0	1/8	True	0	147.0	147.0	147.0	147a	3	587	False	True				False	376	VII		a	i		VII	VII					M	True	True	(-2, 2, -1)	()	-2	-2	minor	minor	i	i, minor	VII		i	i	True	VII	VII, minor		VII, minor		VII	3	3	3	-2	-2	-2	True	True	True
2348.0	2.0	293.5	55	1	G	0.0	2.5	0	2	2	6.0	1.0	1/8	True	0	147.0	147.0	147.0	147a	3	587	False	True				False	376	VII		a	i		VII	VII					M	True	True	(-2, 2, -1)	()	-2	-2	minor	minor	i	i, minor	VII		i	i	True	VII	VII, minor		VII, minor		VII	3	3	3	-2	-2	-2	True	True	True
2348.0	2.0	293.5	59	5	B	0.0	2.5	0	2	2	3.0	1.0	1/8	True	0	147.0	147.0	147.0	147a	3	587	False	True				False	376	VII		a	i		VII	VII					M	True	True	(-2, 2, -1)	()	-2	-2	minor	minor	i	i, minor	VII		i	i	True	VII	VII, minor		VII, minor		VII	3	3	3	2	2	2	True	False	False
2348.0	4.0	293.5	62	2	D	0.0	2.5	0	2	2	2.0	1.0	1/4	True	0	147.0	147.0	147.0	147a	4	587	False	True				False	376	VII		a	i		VII	VII					M	True	True	(-2, 2, -1)	()	-2	-2	minor	minor	i	i, minor	VII		i	i	True	VII	VII, minor		VII, minor		VII	3	3	3	-1	-1	-1	True	False	False
2350.0	2.0	293.75	55	1	G	0.0	2.75	0	2	2	3.0	1.0	1/8	True	0	147.0	147.0	147.0	147a	3	1175/2	False	False				False	376	VII		a	i		VII	VII					M	True	True	(-2, 2, -1)	()	-2	-2	minor	minor	i	i, minor	VII		i	i	True	VII	VII, minor		VII, minor		VII	3	3	3	-2	-2	-2	True	True	True
2350.0	2.0	293.75	55	1	G	0.0	2.75	0	2	2	5.0	1.0	1/8	True	0	147.0	147.0	147.0	147a	3	1175/2	False	False				False	376	VII		a	i		VII	VII					M	True	True	(-2, 2, -1)	()	-2	-2	minor	minor	i	i, minor	VII		i	i	True	VII	VII, minor		VII, minor		VII	3	3	3	-2	-2	-2	True	True	True
2350.0	2.0	293.75	55	1	G	0.0	2.75	0	2	2	6.0	1.0	1/8	True	0	147.0	147.0	147.0	147a	3	1175/2	False	False				False	376	VII		a	i		VII	VII					M	True	True	(-2, 2, -1)	()	-2	-2	minor	minor	i	i, minor	VII		i	i	True	VII	VII, minor		VII, minor		VII	3	3	3	-2	-2	-2	True	True	True
2352.0	4.0	294.0	55	1	G	0.0	1.0	1	2	2	5.0	1.0	1/4	True	0	148.0	148.0	148.0	148a	3	588	False	True				False	377	V6(4)/VII		a	i		V6(4)/VII	V		6	4	VII	M	True	True	(-2, 0, -1)	()	-1	-2	minor	minor	i	i, minor	V/VII	VII	VII/i	VII	False	V6/VII	V6/VII, minor		V6(4)/VII, minor	VII	VII	3	3	1	-2	-2	0	True	False	True
2352.0	4.0	294.0	55	1	G	0.0	1.0	1	2	2	6.0	1.0	1/4	True	0	148.0	148.0	148.0	148a	3	588	False	True				False	377	V6(4)/VII		a	i		V6(4)/VII	V		6	4	VII	M	True	True	(-2, 0, -1)	()	-1	-2	minor	minor	i	i, minor	V/VII	VII	VII/i	VII	False	V6/VII	V6/VII, minor		V6(4)/VII, minor	VII	VII	3	3	1	-2	-2	0	True	False	True
2352.0	4.0	294.0	57	3	A	0.0	1.0	1	2	2	3.0	1.0	1/4	True	0	148.0	148.0	148.0	148a	3	588	False	True				False	377	V6(4)/VII		a	i		V6(4)/VII	V		6	4	VII	M	True	True	(-2, 0, -1)	()	-1	-2	minor	minor	i	i, minor	V/VII	VII	VII/i	VII	False	V6/VII	V6/VII, minor		V6(4)/VII, minor	VII	VII	3	3	1	0	0	2	True	False	False
2354.0	2.0	294.25	74	2	D	0.0	1.25	0	2	2	1.0	1.0	1/8	True	0	148.0	148.0	148.0	148a	5	1177/2	False	False				False	377	V6(4)/VII		a	i		V6(4)/VII	V		6	4	VII	M	True	True	(-2, 0, -1)	()	-1	-2	minor	minor	i	i, minor	V/VII	VII	VII/i	VII	False	V6/VII	V6/VII, minor		V6(4)/VII, minor	VII	VII	3	3	1	-1	-1	1	True	True	False
2356.0	4.0	294.5	53	-1	F	0.0	1.5	0	2	2	5.0	1.0	1/4	True	0	148.0	148.0	148.0	148a	3	589	False	True				False	378	V6/VII		a	i		V6/VII	V		6		VII	M	True	True	(3, 0, -1)	()	-1	3	minor	minor	i	i, minor	V/VII	VII	VII/i	VII	False	V6/VII	V6/VII, minor		V6/VII, minor	VII	VII	3	3	1	-4	-4	-2	False	False	False
2356.0	4.0	294.5	53	-1	F	0.0	1.5	0	2	2	6.0	1.0	1/4	True	0	148.0	148.0	148.0	148a	3	589	False	True				False	378	V6/VII		a	i		V6/VII	V		6		VII	M	True	True	(3, 0, -1)	()	-1	3	minor	minor	i	i, minor	V/VII	VII	VII/i	VII	False	V6/VII	V6/VII, minor		V6/VII, minor	VII	VII	3	3	1	-4	-4	-2	False	False	False
2356.0	4.0	294.5	57	3	A	0.0	1.5	0	2	2	3.0	1.0	1/4	True	0	148.0	148.0	148.0	148a	3	589	False	True				False	378	V6/VII		a	i		V6/VII	V		6		VII	M	True	True	(3, 0, -1)	()	-1	3	minor	minor	i	i, minor	V/VII	VII	VII/i	VII	False	V6/VII	V6/VII, minor		V6/VII, minor	VII	VII	3	3	1	0	0	2	True	False	False
2356.0	2.0	294.5	74	2	D	0.0	1.5	0	2	2	1.0	1.0	1/8	True	0	148.0	148.0	148.0	148a	5	589	False	True				False	378	V6/VII		a	i		V6/VII	V		6		VII	M	True	True	(3, 0, -1)	()	-1	3	minor	minor	i	i, minor	V/VII	VII	VII/i	VII	False	V6/VII	V6/VII, minor		V6/VII, minor	VII	VII	3	3	1	-1	-1	1	True	True	False
2358.0	2.0	294.75	72	0	C	0.0	1.75	0	2	2	1.0	1.0	1/8	True	0	148.0	148.0	148.0	148a	5	1179/2	False	False				False	378	V6/VII		a	i		V6/VII	V		6		VII	M	True	True	(3, 0, -1)	()	-1	3	minor	minor	i	i, minor	V/VII	VII	VII/i	VII	False	V6/VII	V6/VII, minor		V6/VII, minor	VII	VII	3	3	1	-3	-3	-1	False	False	False
2360.0	8.0	295.0	55	1	G	0.0	2.0	2	2	2	5.0	1.0	1/2	True	0	148.0	148.0	148.0	148a	3	590	False	True			\\	True	379	VII\\		a	i		VII	VII					M	True	True	(-2, 2, -1)	()	-2	-2	minor	minor	i	i, minor	VII		i	i	True	VII	VII, minor		VII, minor		VII	3	3	3	-2	-2	-2	True	True	True
2360.0	8.0	295.0	55	1	G	0.0	2.0	2	2	2	6.0	1.0	1/2	True	0	148.0	148.0	148.0	148a	3	590	False	True			\\	True	379	VII\\		a	i		VII	VII					M	True	True	(-2, 2, -1)	()	-2	-2	minor	minor	i	i, minor	VII		i	i	True	VII	VII, minor		VII, minor		VII	3	3	3	-2	-2	-2	True	True	True
2360.0	2.0	295.0	62	2	D	0.0	2.0	2	2	2	3.0	1.0	1/8	True	0	148.0	148.0	148.0	148a	4	590	False	True			\\	True	379	VII\\		a	i		VII	VII					M	True	True	(-2, 2, -1)	()	-2	-2	minor	minor	i	i, minor	VII		i	i	True	VII	VII, minor		VII, minor		VII	3	3	3	-1	-1	-1	True	False	False
2360.0	4.0	295.0	71	5	B	0.0	2.0	2	2	2	1.0	1.0	1/4	True	0	148.0	148.0	148.0	148a	4	590	False	True			\\	True	379	VII\\		a	i		VII	VII					M	True	True	(-2, 2, -1)	()	-2	-2	minor	minor	i	i, minor	VII		i	i	True	VII	VII, minor		VII, minor		VII	3	3	3	2	2	2	True	False	False
2362.0	2.0	295.25	60	0	C	0.0	2.25	0	2	2	3.0	1.0	1/8	True	0	148.0	148.0	148.0	148a	4	1181/2	False	False				False	379	VII\\		a	i		VII	VII					M	True	True	(-2, 2, -1)	()	-2	-2	minor	minor	i	i, minor	VII		i	i	True	VII	VII, minor		VII, minor		VII	3	3	3	-3	-3	-3	False	False	False
2362.0	2.0	295.25	67	1	G	0.0	2.25	0	2	2	2.0	1.0	1/8	True	0	148.0	148.0	148.0	148a	4	1181/2	False	False				False	379	VII\\		a	i		VII	VII					M	True	True	(-2, 2, -1)	()	-2	-2	minor	minor	i	i, minor	VII		i	i	True	VII	VII, minor		VII, minor		VII	3	3	3	-2	-2	-2	True	True	True
2364.0	2.0	295.5	59	5	B	0.0	2.5	0	2	2	3.0	1.0	1/8	True	0	148.0	148.0	148.0	148a	3	591	False	False				False	379	VII\\		a	i		VII	VII					M	True	True	(-2, 2, -1)	()	-2	-2	minor	minor	i	i, minor	VII		i	i	True	VII	VII, minor		VII, minor		VII	3	3	3	2	2	2	True	False	False
2364.0	2.0	295.5	67	1	G	0.0	2.5	0	2	2	2.0	1.0	1/8	True	0	148.0	148.0	148.0	148a	4	591	False	False				False	379	VII\\		a	i		VII	VII					M	True	True	(-2, 2, -1)	()	-2	-2	minor	minor	i	i, minor	VII		i	i	True	VII	VII, minor		VII, minor		VII	3	3	3	-2	-2	-2	True	True	True
2364.0	4.0	295.5	67	1	G	0.0	2.5	0	2	2	1.0	1.0	1/4	True	0	148.0	148.0	148.0	148a	4	591	False	False				False	379	VII\\		a	i		VII	VII					M	True	True	(-2, 2, -1)	()	-2	-2	minor	minor	i	i, minor	VII		i	i	True	VII	VII, minor		VII, minor		VII	3	3	3	-2	-2	-2	True	True	True
2366.0	2.0	295.75	62	2	D	0.0	2.75	0	2	2	3.0	1.0	1/8	True	0	148.0	148.0	148.0	148a	4	1183/2	False	False				False	379	VII\\		a	i		VII	VII					M	True	True	(-2, 2, -1)	()	-2	-2	minor	minor	i	i, minor	VII		i	i	True	VII	VII, minor		VII, minor		VII	3	3	3	-1	-1	-1	True	False	False
2366.0	2.0	295.75	65	-1	F	0.0	2.75	0	2	2	2.0	1.0	1/8	True	0	148.0	148.0	148.0	148a	4	1183/2	False	False				False	379	VII\\		a	i		VII	VII					M	True	True	(-2, 2, -1)	()	-2	-2	minor	minor	i	i, minor	VII		i	i	True	VII	VII, minor		VII, minor		VII	3	3	3	-4	-4	-4	False	False	False
2368.0	2.0	296.0	57	3	A	0.0	1.0	1	2	2	4.0	1.0	1/8	True	0	149.0	149.0	149.0	149a	3	592	False	True				False	380	i		a	i		i	i					m	True	True	(0, -3, 1)	()	0	0	minor	minor	i	i, minor	i		i	i	True	i	i, minor		i, minor		i	3	3	3	0	0	0	True	True	True
2368.0	2.0	296.0	57	3	A	0.0	1.0	1	2	2	6.0	1.0	1/8	True	0	149.0	149.0	149.0	149a	3	592	False	True				False	380	i		a	i		i	i					m	True	True	(0, -3, 1)	()	0	0	minor	minor	i	i, minor	i		i	i	True	i	i, minor		i, minor		i	3	3	3	0	0	0	True	True	True
2368.0	4.0	296.0	60	0	C	0.0	1.0	1	2	2	3.0	1.0	1/4	True	0	149.0	149.0	149.0	149a	4	592	False	True				False	380	i		a	i		i	i					m	True	True	(0, -3, 1)	()	0	0	minor	minor	i	i, minor	i		i	i	True	i	i, minor		i, minor		i	3	3	3	-3	-3	-3	True	False	False
2368.0	4.0	296.0	64	4	E	0.0	1.0	1	2	2	2.0	1.0	1/4	True	0	149.0	149.0	149.0	149a	4	592	False	True				False	380	i		a	i		i	i					m	True	True	(0, -3, 1)	()	0	0	minor	minor	i	i, minor	i		i	i	True	i	i, minor		i, minor		i	3	3	3	1	1	1	True	False	False
2368.0	2.0	296.0	72	0	C	0.0	1.0	1	2	2	1.0	1.0	1/8	True	0	149.0	149.0	149.0	149a	5	592	False	True				False	380	i		a	i		i	i					m	True	True	(0, -3, 1)	()	0	0	minor	minor	i	i, minor	i		i	i	True	i	i, minor		i, minor		i	3	3	3	-3	-3	-3	True	False	False
2370.0	2.0	296.25	59	5	B	0.0	1.25	0	2	2	4.0	1.0	1/8	True	0	149.0	149.0	149.0	149a	3	1185/2	False	False				False	380	i		a	i		i	i					m	True	True	(0, -3, 1)	()	0	0	minor	minor	i	i, minor	i		i	i	True	i	i, minor		i, minor		i	3	3	3	2	2	2	False	False	False
2370.0	2.0	296.25	59	5	B	0.0	1.25	0	2	2	6.0	1.0	1/8	True	0	149.0	149.0	149.0	149a	3	1185/2	False	False				False	380	i		a	i		i	i					m	True	True	(0, -3, 1)	()	0	0	minor	minor	i	i, minor	i		i	i	True	i	i, minor		i, minor		i	3	3	3	2	2	2	False	False	False
2370.0	2.0	296.25	74	2	D	0.0	1.25	0	2	2	1.0	1.0	1/8	True	0	149.0	149.0	149.0	149a	5	1185/2	False	False				False	380	i		a	i		i	i					m	True	True	(0, -3, 1)	()	0	0	minor	minor	i	i, minor	i		i	i	True	i	i, minor		i, minor		i	3	3	3	-1	-1	-1	False	False	False
2372.0	2.0	296.5	60	0	C	0.0	1.5	0	2	2	4.0	1.0	1/8	True	0	149.0	149.0	149.0	149a	4	593	False	True				False	381	III		a	i		III	III					M	True	True	(-3, 1, -2)	()	-3	-3	minor	minor	i	i, minor	III		i	i	True	III	III, minor		III, minor		III	3	3	3	-3	-3	-3	True	True	True
2372.0	4.0	296.5	60	0	C	0.0	1.5	0	2	2	2.0	1.0	1/4	True	0	149.0	149.0	149.0	149a	4	593	False	True				False	381	III		a	i		III	III					M	True	True	(-3, 1, -2)	()	-3	-3	minor	minor	i	i, minor	III		i	i	True	III	III, minor		III, minor		III	3	3	3	-3	-3	-3	True	True	True
2372.0	4.0	296.5	60	0	C	0.0	1.5	0	2	2	3.0	1.0	1/4	True	0	149.0	149.0	149.0	149a	4	593	False	True				False	381	III		a	i		III	III					M	True	True	(-3, 1, -2)	()	-3	-3	minor	minor	i	i, minor	III		i	i	True	III	III, minor		III, minor		III	3	3	3	-3	-3	-3	True	True	True
2372.0	4.0	296.5	60	0	C	0.0	1.5	0	2	2	6.0	1.0	1/4	True	0	149.0	149.0	149.0	149a	4	593	False	True				False	381	III		a	i		III	III					M	True	True	(-3, 1, -2)	()	-3	-3	minor	minor	i	i, minor	III		i	i	True	III	III, minor		III, minor		III	3	3	3	-3	-3	-3	True	True	True
2372.0	2.0	296.5	76	4	E	0.0	1.5	0	2	2	1.0	1.0	1/8	True	0	149.0	149.0	149.0	149a	5	593	False	True				False	381	III		a	i		III	III					M	True	True	(-3, 1, -2)	()	-3	-3	minor	minor	i	i, minor	III		i	i	True	III	III, minor		III, minor		III	3	3	3	1	1	1	True	False	False
2374.0	2.0	296.75	60	0	C	0.0	1.75	0	2	2	4.0	1.0	1/8	True	0	149.0	149.0	149.0	149a	4	1187/2	False	False				False	381	III		a	i		III	III					M	True	True	(-3, 1, -2)	()	-3	-3	minor	minor	i	i, minor	III		i	i	True	III	III, minor		III, minor		III	3	3	3	-3	-3	-3	True	True	True
2374.0	2.0	296.75	72	0	C	0.0	1.75	0	2	2	1.0	1.0	1/8	True	0	149.0	149.0	149.0	149a	5	1187/2	False	False				False	381	III		a	i		III	III					M	True	True	(-3, 1, -2)	()	-3	-3	minor	minor	i	i, minor	III		i	i	True	III	III, minor		III, minor		III	3	3	3	-3	-3	-3	True	True	True
2376.0	4.0	297.0	55	1	G	0.0	2.0	2	2	2	6.0	1.0	1/4	True	0	149.0	149.0	149.0	149a	3	594	False	True				False	382	V(4)/III		a	i		V(4)/III	V			4	III	M	True	True	(-2, -3, -1)	()	-2	-2	minor	minor	i	i, minor	V/III	III	III/i	III	False	V/III	V/III, minor		V(4)/III, minor	III	III	3	3	0	-2	-2	1	True	True	True
2376.0	4.0	297.0	60	0	C	0.0	2.0	2	2	2	4.0	1.0	1/4	True	0	149.0	149.0	149.0	149a	4	594	False	True				False	382	V(4)/III		a	i		V(4)/III	V			4	III	M	True	True	(-2, -3, -1)	()	-2	-2	minor	minor	i	i, minor	V/III	III	III/i	III	False	V/III	V/III, minor		V(4)/III, minor	III	III	3	3	0	-3	-3	0	True	False	False
2376.0	2.0	297.0	67	1	G	0.0	2.0	2	2	2	2.0	1.0	1/8	True	0	149.0	149.0	149.0	149a	4	594	False	True				False	382	V(4)/III		a	i		V(4)/III	V			4	III	M	True	True	(-2, -3, -1)	()	-2	-2	minor	minor	i	i, minor	V/III	III	III/i	III	False	V/III	V/III, minor		V(4)/III, minor	III	III	3	3	0	-2	-2	1	True	True	True
2376.0	4.0	297.0	74	2	D	0.0	2.0	2	2	2	1.0	1.0	1/4	True	0	149.0	149.0	149.0	149a	5	594	False	True				False	382	V(4)/III		a	i		V(4)/III	V			4	III	M	True	True	(-2, -3, -1)	()	-2	-2	minor	minor	i	i, minor	V/III	III	III/i	III	False	V/III	V/III, minor		V(4)/III, minor	III	III	3	3	0	-1	-1	2	True	False	False
2378.0	2.0	297.25	55	1	G	0.0	2.25	0	2	2	5.0	1.0	1/8	True	0	149.0	149.0	149.0	149a	3	1189/2	False	False				False	382	V(4)/III		a	i		V(4)/III	V			4	III	M	True	True	(-2, -3, -1)	()	-2	-2	minor	minor	i	i, minor	V/III	III	III/i	III	False	V/III	V/III, minor		V(4)/III, minor	III	III	3	3	0	-2	-2	1	True	True	True
2378.0	2.0	297.25	67	1	G	0.0	2.25	0	2	2	2.0	1.0	1/8	True	0	149.0	149.0	149.0	149a	4	1189/2	False	False				False	382	V(4)/III		a	i		V(4)/III	V			4	III	M	True	True	(-2, -3, -1)	()	-2	-2	minor	minor	i	i, minor	V/III	III	III/i	III	False	V/III	V/III, minor		V(4)/III, minor	III	III	3	3	0	-2	-2	1	True	True	True
2380.0	2.0	297.5	55	1	G	0.0	2.5	0	2	2	5.0	1.0	1/8	True	0	149.0	149.0	149.0	149a	3	595	False	True				False	383	V/III		a	i		V/III	V				III	M	True	True	(-2, 2, -1)	()	-2	-2	minor	minor	i	i, minor	V/III	III	III/i	III	False	V/III	V/III, minor		V/III, minor	III	III	3	3	0	-2	-2	1	True	True	True
2380.0	2.0	297.5	55	1	G	0.0	2.5	0	2	2	6.0	1.0	1/8	True	0	149.0	149.0	149.0	149a	3	595	False	True				False	383	V/III		a	i		V/III	V				III	M	True	True	(-2, 2, -1)	()	-2	-2	minor	minor	i	i, minor	V/III	III	III/i	III	False	V/III	V/III, minor		V/III, minor	III	III	3	3	0	-2	-2	1	True	True	True
2380.0	4.0	297.5	59	5	B	0.0	2.5	0	2	2	4.0	1.0	1/4	True	0	149.0	149.0	149.0	149a	3	595	False	True				False	383	V/III		a	i		V/III	V				III	M	True	True	(-2, 2, -1)	()	-2	-2	minor	minor	i	i, minor	V/III	III	III/i	III	False	V/III	V/III, minor		V/III, minor	III	III	3	3	0	2	2	5	True	False	False
2380.0	2.0	297.5	67	1	G	0.0	2.5	0	2	2	2.0	1.0	1/8	True	0	149.0	149.0	149.0	149a	4	595	False	True				False	383	V/III		a	i		V/III	V				III	M	True	True	(-2, 2, -1)	()	-2	-2	minor	minor	i	i, minor	V/III	III	III/i	III	False	V/III	V/III, minor		V/III, minor	III	III	3	3	0	-2	-2	1	True	True	True
2380.0	4.0	297.5	74	2	D	0.0	2.5	0	2	2	1.0	1.0	1/4	True	0	149.0	149.0	149.0	149a	5	595	False	True				False	383	V/III		a	i		V/III	V				III	M	True	True	(-2, 2, -1)	()	-2	-2	minor	minor	i	i, minor	V/III	III	III/i	III	False	V/III	V/III, minor		V/III, minor	III	III	3	3	0	-1	-1	2	True	False	False
2382.0	2.0	297.75	53	-1	F	0.0	2.75	0	2	2	5.0	1.0	1/8	True	0	149.0	149.0	149.0	149a	3	1191/2	False	True				False	384	viio64/III		a	i		viio64/III	vii	o	64		III	o	True	True	(-4, 2, -1)	()	2	-4	minor	minor	i	i, minor	vii/III	III	III/i	III	False	viio64/III	viio64/III, minor		viio64/III, minor	III	III	3	3	0	-4	-4	-1	True	False	True
2382.0	2.0	297.75	53	-1	F	0.0	2.75	0	2	2	6.0	1.0	1/8	True	0	149.0	149.0	149.0	149a	3	1191/2	False	True				False	384	viio64/III		a	i		viio64/III	vii	o	64		III	o	True	True	(-4, 2, -1)	()	2	-4	minor	minor	i	i, minor	vii/III	III	III/i	III	False	viio64/III	viio64/III, minor		viio64/III, minor	III	III	3	3	0	-4	-4	-1	True	False	True
2382.0	2.0	297.75	62	2	D	0.0	2.75	0	2	2	2.0	1.0	1/8	True	0	149.0	149.0	149.0	149a	4	1191/2	False	True				False	384	viio64/III		a	i		viio64/III	vii	o	64		III	o	True	True	(-4, 2, -1)	()	2	-4	minor	minor	i	i, minor	vii/III	III	III/i	III	False	viio64/III	viio64/III, minor		viio64/III, minor	III	III	3	3	0	-1	-1	2	True	False	False
2384.0	4.0	298.0	52	4	E	0.0	1.0	1	2	2	5.0	1.0	1/4	True	0	150.0	150.0	150.0	150a	3	596	False	True				False	385	III6		a	i		III6	III		6			M	True	True	(1, -2, -3)	()	-3	1	minor	minor	i	i, minor	III		i	i	True	III6	III6, minor		III6, minor		III	3	3	3	1	1	1	True	False	True
2384.0	4.0	298.0	52	4	E	0.0	1.0	1	2	2	6.0	1.0	1/4	True	0	150.0	150.0	150.0	150a	3	596	False	True				False	385	III6		a	i		III6	III		6			M	True	True	(1, -2, -3)	()	-3	1	minor	minor	i	i, minor	III		i	i	True	III6	III6, minor		III6, minor		III	3	3	3	1	1	1	True	False	True
2384.0	2.0	298.0	60	0	C	0.0	1.0	1	2	2	4.0	1.0	1/8	True	0	150.0	150.0	150.0	150a	4	596	False	True				False	385	III6		a	i		III6	III		6			M	True	True	(1, -2, -3)	()	-3	1	minor	minor	i	i, minor	III		i	i	True	III6	III6, minor		III6, minor		III	3	3	3	-3	-3	-3	True	True	False
2384.0	4.0	298.0	67	1	G	0.0	1.0	1	2	2	2.0	1.0	1/4	True	0	150.0	150.0	150.0	150a	4	596	False	True				False	385	III6		a	i		III6	III		6			M	True	True	(1, -2, -3)	()	-3	1	minor	minor	i	i, minor	III		i	i	True	III6	III6, minor		III6, minor		III	3	3	3	-2	-2	-2	True	False	False
2386.0	2.0	298.25	60	0	C	0.0	1.25	0	2	2	4.0	1.0	1/8	True	0	150.0	150.0	150.0	150a	4	1193/2	False	False				False	385	III6		a	i		III6	III		6			M	True	True	(1, -2, -3)	()	-3	1	minor	minor	i	i, minor	III		i	i	True	III6	III6, minor		III6, minor		III	3	3	3	-3	-3	-3	True	True	False
2386.0	2.0	298.25	64	4	E	0.0	1.25	0	2	2	3.0	1.0	1/8	True	0	150.0	150.0	150.0	150a	4	1193/2	False	False				False	385	III6		a	i		III6	III		6			M	True	True	(1, -2, -3)	()	-3	1	minor	minor	i	i, minor	III		i	i	True	III6	III6, minor		III6, minor		III	3	3	3	1	1	1	True	False	True
2388.0	4.0	298.5	48	0	C	0.0	1.5	0	2	2	5.0	1.0	1/4	True	0	150.0	150.0	150.0	150a	3	597	False	True				False	386	III		a	i		III	III					M	True	True	(-3, 1, -2)	()	-3	-3	minor	minor	i	i, minor	III		i	i	True	III	III, minor		III, minor		III	3	3	3	-3	-3	-3	True	True	True
2388.0	4.0	298.5	48	0	C	0.0	1.5	0	2	2	6.0	1.0	1/4	True	0	150.0	150.0	150.0	150a	3	597	False	True				False	386	III		a	i		III	III					M	True	True	(-3, 1, -2)	()	-3	-3	minor	minor	i	i, minor	III		i	i	True	III	III, minor		III, minor		III	3	3	3	-3	-3	-3	True	True	True
2388.0	2.0	298.5	60	0	C	0.0	1.5	0	2	2	4.0	1.0	1/8	True	0	150.0	150.0	150.0	150a	4	597	False	True				False	386	III		a	i		III	III					M	True	True	(-3, 1, -2)	()	-3	-3	minor	minor	i	i, minor	III		i	i	True	III	III, minor		III, minor		III	3	3	3	-3	-3	-3	True	True	True
2388.0	2.0	298.5	64	4	E	0.0	1.5	0	2	2	3.0	1.0	1/8	True	0	150.0	150.0	150.0	150a	4	597	False	True				False	386	III		a	i		III	III					M	True	True	(-3, 1, -2)	()	-3	-3	minor	minor	i	i, minor	III		i	i	True	III	III, minor		III, minor		III	3	3	3	1	1	1	True	False	False
2388.0	4.0	298.5	67	1	G	0.0	1.5	0	2	2	2.0	1.0	1/4	True	0	150.0	150.0	150.0	150a	4	597	False	True				False	386	III		a	i		III	III					M	True	True	(-3, 1, -2)	()	-3	-3	minor	minor	i	i, minor	III		i	i	True	III	III, minor		III, minor		III	3	3	3	-2	-2	-2	True	False	False
2390.0	2.0	298.75	59	5	B	0.0	1.75	0	2	2	4.0	1.0	1/8	True	0	150.0	150.0	150.0	150a	3	1195/2	False	False				False	386	III		a	i		III	III					M	True	True	(-3, 1, -2)	()	-3	-3	minor	minor	i	i, minor	III		i	i	True	III	III, minor		III, minor		III	3	3	3	2	2	2	False	False	False
2390.0	2.0	298.75	62	2	D	0.0	1.75	0	2	2	3.0	1.0	1/8	True	0	150.0	150.0	150.0	150a	4	1195/2	False	False				False	386	III		a	i		III	III					M	True	True	(-3, 1, -2)	()	-3	-3	minor	minor	i	i, minor	III		i	i	True	III	III, minor		III, minor		III	3	3	3	-1	-1	-1	False	False	False
2392.0	2.0	299.0	53	-1	F	0.0	2.0	2	2	2	5.0	1.0	1/8	True	0	150.0	150.0	150.0	150a	3	598	False	True				False	387	IV/III		a	i		IV/III	IV				III	M	True	True	(-4, 0, -3)	()	-4	-4	minor	minor	i	i, minor	IV/III	III	III/i	III	False	IV/III	IV/III, minor		IV/III, minor	III	III	3	3	0	-4	-4	-1	True	True	True
2392.0	2.0	299.0	53	-1	F	0.0	2.0	2	2	2	6.0	1.0	1/8	True	0	150.0	150.0	150.0	150a	3	598	False	True				False	387	IV/III		a	i		IV/III	IV				III	M	True	True	(-4, 0, -3)	()	-4	-4	minor	minor	i	i, minor	IV/III	III	III/i	III	False	IV/III	IV/III, minor		IV/III, minor	III	III	3	3	0	-4	-4	-1	True	True	True
2392.0	4.0	299.0	57	3	A	0.0	2.0	2	2	2	4.0	1.0	1/4	True	0	150.0	150.0	150.0	150a	3	598	False	True				False	387	IV/III		a	i		IV/III	IV				III	M	True	True	(-4, 0, -3)	()	-4	-4	minor	minor	i	i, minor	IV/III	III	III/i	III	False	IV/III	IV/III, minor		IV/III, minor	III	III	3	3	0	0	0	3	True	False	False
2392.0	4.0	299.0	60	0	C	0.0	2.0	2	2	2	3.0	1.0	1/4	True	0	150.0	150.0	150.0	150a	4	598	False	True				False	387	IV/III		a	i		IV/III	IV				III	M	True	True	(-4, 0, -3)	()	-4	-4	minor	minor	i	i, minor	IV/III	III	III/i	III	False	IV/III	IV/III, minor		IV/III, minor	III	III	3	3	0	-3	-3	0	True	False	False
2392.0	2.0	299.0	65	-1	F	0.0	2.0	2	2	2	2.0	1.0	1/8	True	0	150.0	150.0	150.0	150a	4	598	False	True				False	387	IV/III		a	i		IV/III	IV				III	M	True	True	(-4, 0, -3)	()	-4	-4	minor	minor	i	i, minor	IV/III	III	III/i	III	False	IV/III	IV/III, minor		IV/III, minor	III	III	3	3	0	-4	-4	-1	True	True	True
2392.0	2.0	299.0	69	3	A	0.0	2.0	2	2	2	1.0	1.0	1/8	True	0	150.0	150.0	150.0	150a	4	598	False	True				False	387	IV/III		a	i		IV/III	IV				III	M	True	True	(-4, 0, -3)	()	-4	-4	minor	minor	i	i, minor	IV/III	III	III/i	III	False	IV/III	IV/III, minor		IV/III, minor	III	III	3	3	0	0	0	3	True	False	False
2394.0	2.0	299.25	55	1	G	0.0	2.25	0	2	2	5.0	1.0	1/8	True	0	150.0	150.0	150.0	150a	3	1197/2	False	False				False	387	IV/III		a	i		IV/III	IV				III	M	True	True	(-4, 0, -3)	()	-4	-4	minor	minor	i	i, minor	IV/III	III	III/i	III	False	IV/III	IV/III, minor		IV/III, minor	III	III	3	3	0	-2	-2	1	False	False	False
2394.0	2.0	299.25	55	1	G	0.0	2.25	0	2	2	6.0	1.0	1/8	True	0	150.0	150.0	150.0	150a	3	1197/2	False	False				False	387	IV/III		a	i		IV/III	IV				III	M	True	True	(-4, 0, -3)	()	-4	-4	minor	minor	i	i, minor	IV/III	III	III/i	III	False	IV/III	IV/III, minor		IV/III, minor	III	III	3	3	0	-2	-2	1	False	False	False
2394.0	2.0	299.25	64	4	E	0.0	2.25	0	2	2	2.0	1.0	1/8	True	0	150.0	150.0	150.0	150a	4	1197/2	False	False				False	387	IV/III		a	i		IV/III	IV				III	M	True	True	(-4, 0, -3)	()	-4	-4	minor	minor	i	i, minor	IV/III	III	III/i	III	False	IV/III	IV/III, minor		IV/III, minor	III	III	3	3	0	1	1	4	False	False	False
2394.0	2.0	299.25	71	5	B	0.0	2.25	0	2	2	1.0	1.0	1/8	True	0	150.0	150.0	150.0	150a	4	1197/2	False	False				False	387	IV/III		a	i		IV/III	IV				III	M	True	True	(-4, 0, -3)	()	-4	-4	minor	minor	i	i, minor	IV/III	III	III/i	III	False	IV/III	IV/III, minor		IV/III, minor	III	III	3	3	0	2	2	5	False	False	False
2396.0	2.0	299.5	57	3	A	0.0	2.5	0	2	2	5.0	1.0	1/8	True	0	150.0	150.0	150.0	150a	3	599	False	False				False	387	IV/III		a	i		IV/III	IV				III	M	True	True	(-4, 0, -3)	()	-4	-4	minor	minor	i	i, minor	IV/III	III	III/i	III	False	IV/III	IV/III, minor		IV/III, minor	III	III	3	3	0	0	0	3	True	False	False
2396.0	2.0	299.5	57	3	A	0.0	2.5	0	2	2	6.0	1.0	1/8	True	0	150.0	150.0	150.0	150a	3	599	False	False				False	387	IV/III		a	i		IV/III	IV				III	M	True	True	(-4, 0, -3)	()	-4	-4	minor	minor	i	i, minor	IV/III	III	III/i	III	False	IV/III	IV/III, minor		IV/III, minor	III	III	3	3	0	0	0	3	True	False	False
2396.0	4.0	299.5	57	3	A	0.0	2.5	0	2	2	4.0	1.0	1/4	True	0	150.0	150.0	150.0	150a	3	599	False	False				False	387	IV/III		a	i		IV/III	IV				III	M	True	True	(-4, 0, -3)	()	-4	-4	minor	minor	i	i, minor	IV/III	III	III/i	III	False	IV/III	IV/III, minor		IV/III, minor	III	III	3	3	0	0	0	3	True	False	False
2396.0	2.0	299.5	60	0	C	0.0	2.5	0	2	2	2.0	1.0	1/8	True	0	150.0	150.0	150.0	150a	4	599	False	False				False	387	IV/III		a	i		IV/III	IV				III	M	True	True	(-4, 0, -3)	()	-4	-4	minor	minor	i	i, minor	IV/III	III	III/i	III	False	IV/III	IV/III, minor		IV/III, minor	III	III	3	3	0	-3	-3	0	True	False	False
2396.0	4.0	299.5	60	0	C	0.0	2.5	0	2	2	3.0	1.0	1/4	True	0	150.0	150.0	150.0	150a	4	599	False	False				False	387	IV/III		a	i		IV/III	IV				III	M	True	True	(-4, 0, -3)	()	-4	-4	minor	minor	i	i, minor	IV/III	III	III/i	III	False	IV/III	IV/III, minor		IV/III, minor	III	III	3	3	0	-3	-3	0	True	False	False
2396.0	2.0	299.5	72	0	C	0.0	2.5	0	2	2	1.0	1.0	1/8	True	0	150.0	150.0	150.0	150a	5	599	False	False				False	387	IV/III		a	i		IV/III	IV				III	M	True	True	(-4, 0, -3)	()	-4	-4	minor	minor	i	i, minor	IV/III	III	III/i	III	False	IV/III	IV/III, minor		IV/III, minor	III	III	3	3	0	-3	-3	0	True	False	False
2398.0	2.0	299.75	53	-1	F	0.0	2.75	0	2	2	5.0	1.0	1/8	True	0	150.0	150.0	150.0	150a	3	1199/2	False	False				False	387	IV/III		a	i		IV/III	IV				III	M	True	True	(-4, 0, -3)	()	-4	-4	minor	minor	i	i, minor	IV/III	III	III/i	III	False	IV/III	IV/III, minor		IV/III, minor	III	III	3	3	0	-4	-4	-1	True	True	True
2398.0	2.0	299.75	53	-1	F	0.0	2.75	0	2	2	6.0	1.0	1/8	True	0	150.0	150.0	150.0	150a	3	1199/2	False	False				False	387	IV/III		a	i		IV/III	IV				III	M	True	True	(-4, 0, -3)	()	-4	-4	minor	minor	i	i, minor	IV/III	III	III/i	III	False	IV/III	IV/III, minor		IV/III, minor	III	III	3	3	0	-4	-4	-1	True	True	True
2398.0	2.0	299.75	60	0	C	0.0	2.75	0	2	2	2.0	1.0	1/8	True	0	150.0	150.0	150.0	150a	4	1199/2	False	False				False	387	IV/III		a	i		IV/III	IV				III	M	True	True	(-4, 0, -3)	()	-4	-4	minor	minor	i	i, minor	IV/III	III	III/i	III	False	IV/III	IV/III, minor		IV/III, minor	III	III	3	3	0	-3	-3	0	True	False	False
2398.0	2.0	299.75	69	3	A	0.0	2.75	0	2	2	1.0	1.0	1/8	True	0	150.0	150.0	150.0	150a	4	1199/2	False	False				False	387	IV/III		a	i		IV/III	IV				III	M	True	True	(-4, 0, -3)	()	-4	-4	minor	minor	i	i, minor	IV/III	III	III/i	III	False	IV/III	IV/III, minor		IV/III, minor	III	III	3	3	0	0	0	3	True	False	False
2400.0	4.0	300.0	55	1	G	0.0	1.0	1	2	2	6.0	1.0	1/4	True	0	151.0	151.0	151.0	151a	3	600	False	True				False	388	V(11)/III		a	i		V(11)/III	V			11	III	M	True	True	(-2, 2, -1)	(-3,)	-2	-2	minor	minor	i	i, minor	V/III	III	III/i	III	False	V/III	V/III, minor		V(11)/III, minor	III	III	3	3	0	-2	-2	1	True	True	True
2400.0	8.0	300.0	55	1	G	0.0	1.0	1	2	2	5.0	1.0	1/2	True	0	151.0	151.0	151.0	151a	3	600	False	True				False	388	V(11)/III		a	i		V(11)/III	V			11	III	M	True	True	(-2, 2, -1)	(-3,)	-2	-2	minor	minor	i	i, minor	V/III	III	III/i	III	False	V/III	V/III, minor		V(11)/III, minor	III	III	3	3	0	-2	-2	1	True	True	True
2400.0	2.0	300.0	59	5	B	0.0	1.0	1	2	2	3.0	1.0	1/8	True	0	151.0	151.0	151.0	151a	3	600	False	True				False	388	V(11)/III		a	i		V(11)/III	V			11	III	M	True	True	(-2, 2, -1)	(-3,)	-2	-2	minor	minor	i	i, minor	V/III	III	III/i	III	False	V/III	V/III, minor		V(11)/III, minor	III	III	3	3	0	2	2	5	True	False	False
2400.0	2.0	300.0	62	2	D	0.0	1.0	1	2	2	4.0	1.0	1/8	True	0	151.0	151.0	151.0	151a	4	600	False	True				False	388	V(11)/III		a	i		V(11)/III	V			11	III	M	True	True	(-2, 2, -1)	(-3,)	-2	-2	minor	minor	i	i, minor	V/III	III	III/i	III	False	V/III	V/III, minor		V(11)/III, minor	III	III	3	3	0	-1	-1	2	True	False	False
2400.0	8.0	300.0	67	1	G	0.0	1.0	1	2	2	2.0	1.0	1/2	True	0	151.0	151.0	151.0	151a	4	600	False	True				False	388	V(11)/III		a	i		V(11)/III	V			11	III	M	True	True	(-2, 2, -1)	(-3,)	-2	-2	minor	minor	i	i, minor	V/III	III	III/i	III	False	V/III	V/III, minor		V(11)/III, minor	III	III	3	3	0	-2	-2	1	True	True	True
2400.0	8.0	300.0	71	5	B	0.0	1.0	1	2	2	1.0	1.0	1/2	True	0	151.0	151.0	151.0	151a	4	600	False	True				False	388	V(11)/III		a	i		V(11)/III	V			11	III	M	True	True	(-2, 2, -1)	(-3,)	-2	-2	minor	minor	i	i, minor	V/III	III	III/i	III	False	V/III	V/III, minor		V(11)/III, minor	III	III	3	3	0	2	2	5	True	False	False
2402.0	2.0	300.25	60	0	C	0.0	1.25	0	2	2	3.0	1.0	1/8	True	0	151.0	151.0	151.0	151a	4	1201/2	False	False				False	388	V(11)/III		a	i		V(11)/III	V			11	III	M	True	True	(-2, 2, -1)	(-3,)	-2	-2	minor	minor	i	i, minor	V/III	III	III/i	III	False	V/III	V/III, minor		V(11)/III, minor	III	III	3	3	0	-3	-3	0	False	False	False
2402.0	2.0	300.25	60	0	C	0.0	1.25	0	2	2	4.0	1.0	1/8	True	0	151.0	151.0	151.0	151a	4	1201/2	False	False				False	388	V(11)/III		a	i		V(11)/III	V			11	III	M	True	True	(-2, 2, -1)	(-3,)	-2	-2	minor	minor	i	i, minor	V/III	III	III/i	III	False	V/III	V/III, minor		V(11)/III, minor	III	III	3	3	0	-3	-3	0	False	False	False
2404.0	4.0	300.5	55	1	G	0.0	1.5	0	2	2	6.0	1.0	1/4	False	0	151.0	151.0	151.0	151a	3	601	False	True				False	389	V/III		a	i		V/III	V				III	M	True	True	(-2, 2, -1)	()	-2	-2	minor	minor	i	i, minor	V/III	III	III/i	III	False	V/III	V/III, minor		V/III, minor	III	III	3	3	0	-2	-2	1	True	True	True
2404.0	2.0	300.5	59	5	B	0.0	1.5	0	2	2	4.0	1.0	1/8	True	0	151.0	151.0	151.0	151a	3	601	False	True				False	389	V/III		a	i		V/III	V				III	M	True	True	(-2, 2, -1)	()	-2	-2	minor	minor	i	i, minor	V/III	III	III/i	III	False	V/III	V/III, minor		V/III, minor	III	III	3	3	0	2	2	5	True	False	False
2404.0	2.0	300.5	62	2	D	0.0	1.5	0	2	2	3.0	1.0	1/8	True	0	151.0	151.0	151.0	151a	4	601	False	True				False	389	V/III		a	i		V/III	V				III	M	True	True	(-2, 2, -1)	()	-2	-2	minor	minor	i	i, minor	V/III	III	III/i	III	False	V/III	V/III, minor		V/III, minor	III	III	3	3	0	-1	-1	2	True	False	False
2406.0	2.0	300.75	59	5	B	0.0	1.75	0	2	2	3.0	1.0	1/8	True	0	151.0	151.0	151.0	151a	3	1203/2	False	False				False	389	V/III		a	i		V/III	V				III	M	True	True	(-2, 2, -1)	()	-2	-2	minor	minor	i	i, minor	V/III	III	III/i	III	False	V/III	V/III, minor		V/III, minor	III	III	3	3	0	2	2	5	True	False	False
2406.0	2.0	300.75	62	2	D	0.0	1.75	0	2	2	4.0	1.0	1/8	True	0	151.0	151.0	151.0	151a	4	1203/2	False	False				False	389	V/III		a	i		V/III	V				III	M	True	True	(-2, 2, -1)	()	-2	-2	minor	minor	i	i, minor	V/III	III	III/i	III	False	V/III	V/III, minor		V/III, minor	III	III	3	3	0	-1	-1	2	True	False	False
2408.0	8.0	301.0	48	0	C	0.0	2.0	2	2	2	5.0	1.0	1/2	True	0	151.0	151.0	151.0	151a	3	602	False	True				False	390	III		a	i		III	III					M	True	True	(-3, 1, -2)	()	-3	-3	minor	minor	i	i, minor	III		i	i	True	III	III, minor		III, minor		III	3	3	3	-3	-3	-3	True	True	True
2408.0	8.0	301.0	48	0	C	0.0	2.0	2	2	2	6.0	1.0	1/2	True	0	151.0	151.0	151.0	151a	3	602	False	True				False	390	III		a	i		III	III					M	True	True	(-3, 1, -2)	()	-3	-3	minor	minor	i	i, minor	III		i	i	True	III	III, minor		III, minor		III	3	3	3	-3	-3	-3	True	True	True
2408.0	4.0	301.0	60	0	C	0.0	2.0	2	2	2	4.0	1.0	1/4	True	0	151.0	151.0	151.0	151a	4	602	False	True				False	390	III		a	i		III	III					M	True	True	(-3, 1, -2)	()	-3	-3	minor	minor	i	i, minor	III		i	i	True	III	III, minor		III, minor		III	3	3	3	-3	-3	-3	True	True	True
2408.0	4.0	301.0	64	4	E	0.0	2.0	2	2	2	3.0	1.0	1/4	True	0	151.0	151.0	151.0	151a	4	602	False	True				False	390	III		a	i		III	III					M	True	True	(-3, 1, -2)	()	-3	-3	minor	minor	i	i, minor	III		i	i	True	III	III, minor		III, minor		III	3	3	3	1	1	1	True	False	False
2408.0	8.0	301.0	67	1	G	0.0	2.0	2	2	2	2.0	1.0	1/2	True	0	151.0	151.0	151.0	151a	4	602	False	True				False	390	III		a	i		III	III					M	True	True	(-3, 1, -2)	()	-3	-3	minor	minor	i	i, minor	III		i	i	True	III	III, minor		III, minor		III	3	3	3	-2	-2	-2	True	False	False
2408.0	8.0	301.0	72	0	C	0.0	2.0	2	2	2	1.0	1.0	1/2	True	0	151.0	151.0	151.0	151a	5	602	False	True				False	390	III		a	i		III	III					M	True	True	(-3, 1, -2)	()	-3	-3	minor	minor	i	i, minor	III		i	i	True	III	III, minor		III, minor		III	3	3	3	-3	-3	-3	True	True	True
2412.0	4.0	301.5	60	0	C	0.0	2.5	0	2	2	4.0	1.0	1/4	True	0	151.0	151.0	151.0	151a	4	603	False	False				False	390	III		a	i		III	III					M	True	True	(-3, 1, -2)	()	-3	-3	minor	minor	i	i, minor	III		i	i	True	III	III, minor		III, minor		III	3	3	3	-3	-3	-3	True	True	True
2412.0	4.0	301.5	64	4	E	0.0	2.5	0	2	2	3.0	1.0	1/4	True	0	151.0	151.0	151.0	151a	4	603	False	False				False	390	III		a	i		III	III					M	True	True	(-3, 1, -2)	()	-3	-3	minor	minor	i	i, minor	III		i	i	True	III	III, minor		III, minor		III	3	3	3	1	1	1	True	False	False
2416.0	4.0	302.0	52	4	E	0.0	1.0	1	2	2	5.0	1.0	1/4	True	0	152.0	152.0	152.0	152a	3	604	False	True			\\	True	391	V\\		a	i		V	V					M	True	True	(1, 5, 2)	()	1	1	minor	minor	i	i, minor	V		i	i	True	V	V, minor		V, minor		V	3	3	3	1	1	1	True	True	True
2416.0	4.0	302.0	52	4	E	0.0	1.0	1	2	2	6.0	1.0	1/4	True	0	152.0	152.0	152.0	152a	3	604	False	True			\\	True	391	V\\		a	i		V	V					M	True	True	(1, 5, 2)	()	1	1	minor	minor	i	i, minor	V		i	i	True	V	V, minor		V, minor		V	3	3	3	1	1	1	True	True	True
2416.0	4.0	302.0	56	8	G	1.0	1.0	1	2	2	4.0	1.0	1/4	True	0	152.0	152.0	152.0	152a	3	604	False	True			\\	True	391	V\\		a	i		V	V					M	True	True	(1, 5, 2)	()	1	1	minor	minor	i	i, minor	V		i	i	True	V	V, minor		V, minor		V	3	3	3	5	5	5	True	False	False
2416.0	4.0	302.0	59	5	B	0.0	1.0	1	2	2	3.0	1.0	1/4	True	0	152.0	152.0	152.0	152a	3	604	False	True			\\	True	391	V\\		a	i		V	V					M	True	True	(1, 5, 2)	()	1	1	minor	minor	i	i, minor	V		i	i	True	V	V, minor		V, minor		V	3	3	3	2	2	2	True	False	False
2420.0	4.0	302.5	52	4	E	0.0	1.5	0	2	2	5.0	1.0	1/4	True	0	152.0	152.0	152.0	152a	3	605	False	False				False	391	V\\		a	i		V	V					M	True	True	(1, 5, 2)	()	1	1	minor	minor	i	i, minor	V		i	i	True	V	V, minor		V, minor		V	3	3	3	1	1	1	True	True	True
2420.0	4.0	302.5	52	4	E	0.0	1.5	0	2	2	6.0	1.0	1/4	True	0	152.0	152.0	152.0	152a	3	605	False	False				False	391	V\\		a	i		V	V					M	True	True	(1, 5, 2)	()	1	1	minor	minor	i	i, minor	V		i	i	True	V	V, minor		V, minor		V	3	3	3	1	1	1	True	True	True
2420.0	4.0	302.5	56	8	G	1.0	1.5	0	2	2	4.0	1.0	1/4	True	0	152.0	152.0	152.0	152a	3	605	False	False				False	391	V\\		a	i		V	V					M	True	True	(1, 5, 2)	()	1	1	minor	minor	i	i, minor	V		i	i	True	V	V, minor		V, minor		V	3	3	3	5	5	5	True	False	False
2420.0	4.0	302.5	59	5	B	0.0	1.5	0	2	2	3.0	1.0	1/4	True	0	152.0	152.0	152.0	152a	3	605	False	False				False	391	V\\		a	i		V	V					M	True	True	(1, 5, 2)	()	1	1	minor	minor	i	i, minor	V		i	i	True	V	V, minor		V, minor		V	3	3	3	2	2	2	True	False	False
2428.0	4.0	303.5	48	0	C	0.0	2.5	0	2	2	5.0	1.0	1/4	True	0	152.0	152.0	152.0	152a	3	607	False	True				False	392	IV/VII		a	i		IV/VII	IV				VII	M	True	True	(-3, 1, -2)	()	-3	-3	minor	minor	i	i, minor	IV/VII	VII	VII/i	VII	False	IV/VII	IV/VII, minor		IV/VII, minor	VII	VII	3	3	1	-3	-3	-1	True	True	True
2428.0	4.0	303.5	48	0	C	0.0	2.5	0	2	2	6.0	1.0	1/4	True	0	152.0	152.0	152.0	152a	3	607	False	True				False	392	IV/VII		a	i		IV/VII	IV				VII	M	True	True	(-3, 1, -2)	()	-3	-3	minor	minor	i	i, minor	IV/VII	VII	VII/i	VII	False	IV/VII	IV/VII, minor		IV/VII, minor	VII	VII	3	3	1	-3	-3	-1	True	True	True
2432.0	8.0	304.0	50	2	D	0.0	1.0	1	2	2	5.0	1.0	1/2	True	0	153.0	153.0	153.0	153a	3	608	False	True				False	393	V/VII		a	i		V/VII	V				VII	M	True	True	(-1, 3, 0)	()	-1	-1	minor	minor	i	i, minor	V/VII	VII	VII/i	VII	False	V/VII	V/VII, minor		V/VII, minor	VII	VII	3	3	1	-1	-1	1	True	True	True
2432.0	8.0	304.0	50	2	D	0.0	1.0	1	2	2	6.0	1.0	1/2	True	0	153.0	153.0	153.0	153a	3	608	False	True				False	393	V/VII		a	i		V/VII	V				VII	M	True	True	(-1, 3, 0)	()	-1	-1	minor	minor	i	i, minor	V/VII	VII	VII/i	VII	False	V/VII	V/VII, minor		V/VII, minor	VII	VII	3	3	1	-1	-1	1	True	True	True
2432.0	2.0	304.0	54	6	F	1.0	1.0	1	2	2	4.0	1.0	1/8	True	0	153.0	153.0	153.0	153a	3	608	False	True				False	393	V/VII		a	i		V/VII	V				VII	M	True	True	(-1, 3, 0)	()	-1	-1	minor	minor	i	i, minor	V/VII	VII	VII/i	VII	False	V/VII	V/VII, minor		V/VII, minor	VII	VII	3	3	1	3	3	5	True	False	False
2432.0	2.0	304.0	57	3	A	0.0	1.0	1	2	2	3.0	1.0	1/8	True	0	153.0	153.0	153.0	153a	3	608	False	True				False	393	V/VII		a	i		V/VII	V				VII	M	True	True	(-1, 3, 0)	()	-1	-1	minor	minor	i	i, minor	V/VII	VII	VII/i	VII	False	V/VII	V/VII, minor		V/VII, minor	VII	VII	3	3	1	0	0	2	True	False	False
2434.0	2.0	304.25	55	1	G	0.0	1.25	0	2	2	4.0	1.0	1/8	True	0	153.0	153.0	153.0	153a	3	1217/2	False	False				False	393	V/VII		a	i		V/VII	V				VII	M	True	True	(-1, 3, 0)	()	-1	-1	minor	minor	i	i, minor	V/VII	VII	VII/i	VII	False	V/VII	V/VII, minor		V/VII, minor	VII	VII	3	3	1	-2	-2	0	False	False	False
2434.0	2.0	304.25	59	5	B	0.0	1.25	0	2	2	3.0	1.0	1/8	True	0	153.0	153.0	153.0	153a	3	1217/2	False	False				False	393	V/VII		a	i		V/VII	V				VII	M	True	True	(-1, 3, 0)	()	-1	-1	minor	minor	i	i, minor	V/VII	VII	VII/i	VII	False	V/VII	V/VII, minor		V/VII, minor	VII	VII	3	3	1	2	2	4	False	False	False
2434.0	2.0	304.25	74	2	D	0.0	1.25	0	2	2	1.0	1.0	1/8	True	0	153.0	153.0	153.0	153a	5	1217/2	False	False				False	393	V/VII		a	i		V/VII	V				VII	M	True	True	(-1, 3, 0)	()	-1	-1	minor	minor	i	i, minor	V/VII	VII	VII/i	VII	False	V/VII	V/VII, minor		V/VII, minor	VII	VII	3	3	1	-1	-1	1	True	True	True
2436.0	2.0	304.5	57	3	A	0.0	1.5	0	2	2	4.0	1.0	1/8	True	0	153.0	153.0	153.0	153a	3	609	False	True				False	394	V7/VII		a	i		V7/VII	V		7		VII	Mm7	True	True	(-1, 3, 0, -3)	()	-1	-1	minor	minor	i	i, minor	V/VII	VII	VII/i	VII	False	V7/VII	V7/VII, minor		V7/VII, minor	VII	VII	3	3	1	0	0	2	True	False	False
2436.0	2.0	304.5	60	0	C	0.0	1.5	0	2	2	3.0	1.0	1/8	True	0	153.0	153.0	153.0	153a	4	609	False	True				False	394	V7/VII		a	i		V7/VII	V		7		VII	Mm7	True	True	(-1, 3, 0, -3)	()	-1	-1	minor	minor	i	i, minor	V/VII	VII	VII/i	VII	False	V7/VII	V7/VII, minor		V7/VII, minor	VII	VII	3	3	1	-3	-3	-1	True	False	False
2436.0	2.0	304.5	74	2	D	0.0	1.5	0	2	2	1.0	1.0	1/8	True	0	153.0	153.0	153.0	153a	5	609	False	True				False	394	V7/VII		a	i		V7/VII	V		7		VII	Mm7	True	True	(-1, 3, 0, -3)	()	-1	-1	minor	minor	i	i, minor	V/VII	VII	VII/i	VII	False	V7/VII	V7/VII, minor		V7/VII, minor	VII	VII	3	3	1	-1	-1	1	True	True	True
2438.0	2.0	304.75	54	6	F	1.0	1.75	0	2	2	4.0	1.0	1/8	True	0	153.0	153.0	153.0	153a	3	1219/2	False	False				False	394	V7/VII		a	i		V7/VII	V		7		VII	Mm7	True	True	(-1, 3, 0, -3)	()	-1	-1	minor	minor	i	i, minor	V/VII	VII	VII/i	VII	False	V7/VII	V7/VII, minor		V7/VII, minor	VII	VII	3	3	1	3	3	5	True	False	False
2438.0	2.0	304.75	57	3	A	0.0	1.75	0	2	2	3.0	1.0	1/8	True	0	153.0	153.0	153.0	153a	3	1219/2	False	False				False	394	V7/VII		a	i		V7/VII	V		7		VII	Mm7	True	True	(-1, 3, 0, -3)	()	-1	-1	minor	minor	i	i, minor	V/VII	VII	VII/i	VII	False	V7/VII	V7/VII, minor		V7/VII, minor	VII	VII	3	3	1	0	0	2	True	False	False
2438.0	2.0	304.75	72	0	C	0.0	1.75	0	2	2	1.0	1.0	1/8	True	0	153.0	153.0	153.0	153a	5	1219/2	False	False				False	394	V7/VII		a	i		V7/VII	V		7		VII	Mm7	True	True	(-1, 3, 0, -3)	()	-1	-1	minor	minor	i	i, minor	V/VII	VII	VII/i	VII	False	V7/VII	V7/VII, minor		V7/VII, minor	VII	VII	3	3	1	-3	-3	-1	True	False	False
2440.0	8.0	305.0	43	1	G	0.0	2.0	2	2	2	5.0	1.0	1/2	True	0	153.0	153.0	153.0	153a	2	610	False	True			\\	True	395	VII\\		a	i		VII	VII					M	True	True	(-2, 2, -1)	()	-2	-2	minor	minor	i	i, minor	VII		i	i	True	VII	VII, minor		VII, minor		VII	3	3	3	-2	-2	-2	True	True	True
2440.0	8.0	305.0	43	1	G	0.0	2.0	2	2	2	6.0	1.0	1/2	True	0	153.0	153.0	153.0	153a	2	610	False	True			\\	True	395	VII\\		a	i		VII	VII					M	True	True	(-2, 2, -1)	()	-2	-2	minor	minor	i	i, minor	VII		i	i	True	VII	VII, minor		VII, minor		VII	3	3	3	-2	-2	-2	True	True	True
2440.0	4.0	305.0	55	1	G	0.0	2.0	2	2	2	4.0	1.0	1/4	True	0	153.0	153.0	153.0	153a	3	610	False	True			\\	True	395	VII\\		a	i		VII	VII					M	True	True	(-2, 2, -1)	()	-2	-2	minor	minor	i	i, minor	VII		i	i	True	VII	VII, minor		VII, minor		VII	3	3	3	-2	-2	-2	True	True	True
2440.0	4.0	305.0	59	5	B	0.0	2.0	2	2	2	3.0	1.0	1/4	True	0	153.0	153.0	153.0	153a	3	610	False	True			\\	True	395	VII\\		a	i		VII	VII					M	True	True	(-2, 2, -1)	()	-2	-2	minor	minor	i	i, minor	VII		i	i	True	VII	VII, minor		VII, minor		VII	3	3	3	2	2	2	True	False	False
2440.0	4.0	305.0	71	5	B	0.0	2.0	2	2	2	1.0	1.0	1/4	True	0	153.0	153.0	153.0	153a	4	610	False	True			\\	True	395	VII\\		a	i		VII	VII					M	True	True	(-2, 2, -1)	()	-2	-2	minor	minor	i	i, minor	VII		i	i	True	VII	VII, minor		VII, minor		VII	3	3	3	2	2	2	True	False	False
2442.0	2.0	305.25	67	1	G	0.0	2.25	0	2	2	2.0	1.0	1/8	True	0	153.0	153.0	153.0	153a	4	1221/2	False	False				False	395	VII\\		a	i		VII	VII					M	True	True	(-2, 2, -1)	()	-2	-2	minor	minor	i	i, minor	VII		i	i	True	VII	VII, minor		VII, minor		VII	3	3	3	-2	-2	-2	True	True	True
2444.0	4.0	305.5	55	1	G	0.0	2.5	0	2	2	4.0	1.0	1/4	True	0	153.0	153.0	153.0	153a	3	611	False	False				False	395	VII\\		a	i		VII	VII					M	True	True	(-2, 2, -1)	()	-2	-2	minor	minor	i	i, minor	VII		i	i	True	VII	VII, minor		VII, minor		VII	3	3	3	-2	-2	-2	True	True	True
2444.0	4.0	305.5	59	5	B	0.0	2.5	0	2	2	3.0	1.0	1/4	True	0	153.0	153.0	153.0	153a	3	611	False	False				False	395	VII\\		a	i		VII	VII					M	True	True	(-2, 2, -1)	()	-2	-2	minor	minor	i	i, minor	VII		i	i	True	VII	VII, minor		VII, minor		VII	3	3	3	2	2	2	True	False	False
2444.0	2.0	305.5	67	1	G	0.0	2.5	0	2	2	2.0	1.0	1/8	True	0	153.0	153.0	153.0	153a	4	611	False	False				False	395	VII\\		a	i		VII	VII					M	True	True	(-2, 2, -1)	()	-2	-2	minor	minor	i	i, minor	VII		i	i	True	VII	VII, minor		VII, minor		VII	3	3	3	-2	-2	-2	True	True	True
2444.0	4.0	305.5	67	1	G	0.0	2.5	0	2	2	1.0	1.0	1/4	True	0	153.0	153.0	153.0	153a	4	611	False	False				False	395	VII\\		a	i		VII	VII					M	True	True	(-2, 2, -1)	()	-2	-2	minor	minor	i	i, minor	VII		i	i	True	VII	VII, minor		VII, minor		VII	3	3	3	-2	-2	-2	True	True	True
2446.0	2.0	305.75	65	-1	F	0.0	2.75	0	2	2	2.0	1.0	1/8	True	0	153.0	153.0	153.0	153a	4	1223/2	False	False				False	395	VII\\		a	i		VII	VII					M	True	True	(-2, 2, -1)	()	-2	-2	minor	minor	i	i, minor	VII		i	i	True	VII	VII, minor		VII, minor		VII	3	3	3	-4	-4	-4	False	False	False
2448.0	2.0	306.0	57	3	A	0.0	1.0	1	2	2	4.0	1.0	1/8	True	0	154.0	154.0	154.0	154a	3	612	False	True				False	396	i		a	i		i	i					m	True	True	(0, -3, 1)	()	0	0	minor	minor	i	i, minor	i		i	i	True	i	i, minor		i, minor		i	3	3	3	0	0	0	True	True	True
2448.0	2.0	306.0	57	3	A	0.0	1.0	1	2	2	6.0	1.0	1/8	True	0	154.0	154.0	154.0	154a	3	612	False	True				False	396	i		a	i		i	i					m	True	True	(0, -3, 1)	()	0	0	minor	minor	i	i, minor	i		i	i	True	i	i, minor		i, minor		i	3	3	3	0	0	0	True	True	True
2448.0	4.0	306.0	64	4	E	0.0	1.0	1	2	2	2.0	1.0	1/4	True	0	154.0	154.0	154.0	154a	4	612	False	True				False	396	i		a	i		i	i					m	True	True	(0, -3, 1)	()	0	0	minor	minor	i	i, minor	i		i	i	True	i	i, minor		i, minor		i	3	3	3	1	1	1	True	False	False
2448.0	2.0	306.0	72	0	C	0.0	1.0	1	2	2	1.0	1.0	1/8	True	0	154.0	154.0	154.0	154a	5	612	False	True				False	396	i		a	i		i	i					m	True	True	(0, -3, 1)	()	0	0	minor	minor	i	i, minor	i		i	i	True	i	i, minor		i, minor		i	3	3	3	-3	-3	-3	True	False	False
2450.0	2.0	306.25	59	5	B	0.0	1.25	0	2	2	4.0	1.0	1/8	True	0	154.0	154.0	154.0	154a	3	1225/2	False	False				False	396	i		a	i		i	i					m	True	True	(0, -3, 1)	()	0	0	minor	minor	i	i, minor	i		i	i	True	i	i, minor		i, minor		i	3	3	3	2	2	2	False	False	False
2450.0	2.0	306.25	59	5	B	0.0	1.25	0	2	2	6.0	1.0	1/8	True	0	154.0	154.0	154.0	154a	3	1225/2	False	False				False	396	i		a	i		i	i					m	True	True	(0, -3, 1)	()	0	0	minor	minor	i	i, minor	i		i	i	True	i	i, minor		i, minor		i	3	3	3	2	2	2	False	False	False
2450.0	2.0	306.25	74	2	D	0.0	1.25	0	2	2	1.0	1.0	1/8	True	0	154.0	154.0	154.0	154a	5	1225/2	False	False				False	396	i		a	i		i	i					m	True	True	(0, -3, 1)	()	0	0	minor	minor	i	i, minor	i		i	i	True	i	i, minor		i, minor		i	3	3	3	-1	-1	-1	False	False	False
2452.0	2.0	306.5	60	0	C	0.0	1.5	0	2	2	4.0	1.0	1/8	True	0	154.0	154.0	154.0	154a	4	613	False	False				False	396	i		a	i		i	i					m	True	True	(0, -3, 1)	()	0	0	minor	minor	i	i, minor	i		i	i	True	i	i, minor		i, minor		i	3	3	3	-3	-3	-3	True	False	False
2452.0	2.0	306.5	60	0	C	0.0	1.5	0	2	2	6.0	1.0	1/8	True	0	154.0	154.0	154.0	154a	4	613	False	False				False	396	i		a	i		i	i					m	True	True	(0, -3, 1)	()	0	0	minor	minor	i	i, minor	i		i	i	True	i	i, minor		i, minor		i	3	3	3	-3	-3	-3	True	False	False
2452.0	4.0	306.5	60	0	C	0.0	1.5	0	2	2	2.0	1.0	1/4	True	0	154.0	154.0	154.0	154a	4	613	False	False				False	396	i		a	i		i	i					m	True	True	(0, -3, 1)	()	0	0	minor	minor	i	i, minor	i		i	i	True	i	i, minor		i, minor		i	3	3	3	-3	-3	-3	True	False	False
2452.0	2.0	306.5	76	4	E	0.0	1.5	0	2	2	1.0	1.0	1/8	True	0	154.0	154.0	154.0	154a	5	613	False	False				False	396	i		a	i		i	i					m	True	True	(0, -3, 1)	()	0	0	minor	minor	i	i, minor	i		i	i	True	i	i, minor		i, minor		i	3	3	3	1	1	1	True	False	False
2454.0	2.0	306.75	57	3	A	0.0	1.75	0	2	2	4.0	1.0	1/8	True	0	154.0	154.0	154.0	154a	3	1227/2	False	False				False	396	i		a	i		i	i					m	True	True	(0, -3, 1)	()	0	0	minor	minor	i	i, minor	i		i	i	True	i	i, minor		i, minor		i	3	3	3	0	0	0	True	True	True
2454.0	2.0	306.75	57	3	A	0.0	1.75	0	2	2	6.0	1.0	1/8	True	0	154.0	154.0	154.0	154a	3	1227/2	False	False				False	396	i		a	i		i	i					m	True	True	(0, -3, 1)	()	0	0	minor	minor	i	i, minor	i		i	i	True	i	i, minor		i, minor		i	3	3	3	0	0	0	True	True	True
2454.0	2.0	306.75	72	0	C	0.0	1.75	0	2	2	1.0	1.0	1/8	True	0	154.0	154.0	154.0	154a	5	1227/2	False	False				False	396	i		a	i		i	i					m	True	True	(0, -3, 1)	()	0	0	minor	minor	i	i, minor	i		i	i	True	i	i, minor		i, minor		i	3	3	3	-3	-3	-3	True	False	False
2456.0	8.0	307.0	53	-1	F	0.0	2.0	2	2	2	4.0	1.0	1/2	True	0	154.0	154.0	154.0	154a	3	614	False	True				False	397	IV/III		a	i		IV/III	IV				III	M	True	True	(-4, 0, -3)	()	-4	-4	minor	minor	i	i, minor	IV/III	III	III/i	III	False	IV/III	IV/III, minor		IV/III, minor	III	III	3	3	0	-4	-4	-1	True	True	True
2456.0	8.0	307.0	53	-1	F	0.0	2.0	2	2	2	6.0	1.0	1/2	True	0	154.0	154.0	154.0	154a	3	614	False	True				False	397	IV/III		a	i		IV/III	IV				III	M	True	True	(-4, 0, -3)	()	-4	-4	minor	minor	i	i, minor	IV/III	III	III/i	III	False	IV/III	IV/III, minor		IV/III, minor	III	III	3	3	0	-4	-4	-1	True	True	True
2456.0	2.0	307.0	65	-1	F	0.0	2.0	2	2	2	2.0	1.0	1/8	True	0	154.0	154.0	154.0	154a	4	614	False	True				False	397	IV/III		a	i		IV/III	IV				III	M	True	True	(-4, 0, -3)	()	-4	-4	minor	minor	i	i, minor	IV/III	III	III/i	III	False	IV/III	IV/III, minor		IV/III, minor	III	III	3	3	0	-4	-4	-1	True	True	True
2456.0	2.0	307.0	69	3	A	0.0	2.0	2	2	2	1.0	1.0	1/8	True	0	154.0	154.0	154.0	154a	4	614	False	True				False	397	IV/III		a	i		IV/III	IV				III	M	True	True	(-4, 0, -3)	()	-4	-4	minor	minor	i	i, minor	IV/III	III	III/i	III	False	IV/III	IV/III, minor		IV/III, minor	III	III	3	3	0	0	0	3	True	False	False
2458.0	2.0	307.25	67	1	G	0.0	2.25	0	2	2	2.0	1.0	1/8	True	0	154.0	154.0	154.0	154a	4	1229/2	False	False				False	397	IV/III		a	i		IV/III	IV				III	M	True	True	(-4, 0, -3)	()	-4	-4	minor	minor	i	i, minor	IV/III	III	III/i	III	False	IV/III	IV/III, minor		IV/III, minor	III	III	3	3	0	-2	-2	1	False	False	False
2458.0	2.0	307.25	71	5	B	0.0	2.25	0	2	2	1.0	1.0	1/8	True	0	154.0	154.0	154.0	154a	4	1229/2	False	False				False	397	IV/III		a	i		IV/III	IV				III	M	True	True	(-4, 0, -3)	()	-4	-4	minor	minor	i	i, minor	IV/III	III	III/i	III	False	IV/III	IV/III, minor		IV/III, minor	III	III	3	3	0	2	2	5	False	False	False
2460.0	2.0	307.5	65	-1	F	0.0	2.5	0	2	2	2.0	1.0	1/8	True	0	154.0	154.0	154.0	154a	4	615	False	False				False	397	IV/III		a	i		IV/III	IV				III	M	True	True	(-4, 0, -3)	()	-4	-4	minor	minor	i	i, minor	IV/III	III	III/i	III	False	IV/III	IV/III, minor		IV/III, minor	III	III	3	3	0	-4	-4	-1	True	True	True
2460.0	2.0	307.5	72	0	C	0.0	2.5	0	2	2	1.0	1.0	1/8	True	0	154.0	154.0	154.0	154a	5	615	False	False				False	397	IV/III		a	i		IV/III	IV				III	M	True	True	(-4, 0, -3)	()	-4	-4	minor	minor	i	i, minor	IV/III	III	III/i	III	False	IV/III	IV/III, minor		IV/III, minor	III	III	3	3	0	-3	-3	0	True	False	False
2462.0	2.0	307.75	64	4	E	0.0	2.75	0	2	2	2.0	1.0	1/8	True	0	154.0	154.0	154.0	154a	4	1231/2	False	False				False	397	IV/III		a	i		IV/III	IV				III	M	True	True	(-4, 0, -3)	()	-4	-4	minor	minor	i	i, minor	IV/III	III	III/i	III	False	IV/III	IV/III, minor		IV/III, minor	III	III	3	3	0	1	1	4	False	False	False
2462.0	2.0	307.75	72	0	C	0.0	2.75	0	2	2	1.0	1.0	1/8	True	0	154.0	154.0	154.0	154a	5	1231/2	False	False				False	397	IV/III		a	i		IV/III	IV				III	M	True	True	(-4, 0, -3)	()	-4	-4	minor	minor	i	i, minor	IV/III	III	III/i	III	False	IV/III	IV/III, minor		IV/III, minor	III	III	3	3	0	-3	-3	0	True	False	False
2464.0	4.0	308.0	55	1	G	0.0	1.0	1	2	2	6.0	1.0	1/4	True	0	155.0	155.0	155.0	155a	3	616	False	True				False	398	V(4)/III		a	i		V(4)/III	V			4	III	M	True	True	(-2, -3, -1)	()	-2	-2	minor	minor	i	i, minor	V/III	III	III/i	III	False	V/III	V/III, minor		V(4)/III, minor	III	III	3	3	0	-2	-2	1	True	True	True
2464.0	8.0	308.0	55	1	G	0.0	1.0	1	2	2	4.0	1.0	1/2	True	0	155.0	155.0	155.0	155a	3	616	False	True				False	398	V(4)/III		a	i		V(4)/III	V			4	III	M	True	True	(-2, -3, -1)	()	-2	-2	minor	minor	i	i, minor	V/III	III	III/i	III	False	V/III	V/III, minor		V(4)/III, minor	III	III	3	3	0	-2	-2	1	True	True	True
2464.0	8.0	308.0	62	2	D	0.0	1.0	1	2	2	2.0	1.0	1/2	True	0	155.0	155.0	155.0	155a	4	616	False	True				False	398	V(4)/III		a	i		V(4)/III	V			4	III	M	True	True	(-2, -3, -1)	()	-2	-2	minor	minor	i	i, minor	V/III	III	III/i	III	False	V/III	V/III, minor		V(4)/III, minor	III	III	3	3	0	-1	-1	2	True	False	False
2464.0	4.0	308.0	72	0	C	0.0	1.0	1	2	2	1.0	1.0	1/4	True	0	155.0	155.0	155.0	155a	5	616	False	True				False	398	V(4)/III		a	i		V(4)/III	V			4	III	M	True	True	(-2, -3, -1)	()	-2	-2	minor	minor	i	i, minor	V/III	III	III/i	III	False	V/III	V/III, minor		V(4)/III, minor	III	III	3	3	0	-3	-3	0	True	False	False
2468.0	4.0	308.5	55	1	G	0.0	1.5	0	2	2	6.0	1.0	1/4	False	0	155.0	155.0	155.0	155a	3	617	False	True				False	399	V/III		a	i		V/III	V				III	M	True	True	(-2, 2, -1)	()	-2	-2	minor	minor	i	i, minor	V/III	III	III/i	III	False	V/III	V/III, minor		V/III, minor	III	III	3	3	0	-2	-2	1	True	True	True
2468.0	4.0	308.5	71	5	B	0.0	1.5	0	2	2	1.0	1.0	1/4	True	0	155.0	155.0	155.0	155a	4	617	False	True				False	399	V/III		a	i		V/III	V				III	M	True	True	(-2, 2, -1)	()	-2	-2	minor	minor	i	i, minor	V/III	III	III/i	III	False	V/III	V/III, minor		V/III, minor	III	III	3	3	0	2	2	5	True	False	False
2472.0	4.0	309.0	48	0	C	0.0	2.0	2	2	2	5.0	1.0	1/4	True	0	155.0	155.0	155.0	155a	3	618	False	True			\\	True	400	III\\		a	i		III	III					M	True	True	(-3, 1, -2)	()	-3	-3	minor	minor	i	i, minor	III		i	i	True	III	III, minor		III, minor		III	3	3	3	-3	-3	-3	True	True	True
2472.0	4.0	309.0	48	0	C	0.0	2.0	2	2	2	6.0	1.0	1/4	True	0	155.0	155.0	155.0	155a	3	618	False	True			\\	True	400	III\\		a	i		III	III					M	True	True	(-3, 1, -2)	()	-3	-3	minor	minor	i	i, minor	III		i	i	True	III	III, minor		III, minor		III	3	3	3	-3	-3	-3	True	True	True
2472.0	4.0	309.0	52	4	E	0.0	2.0	2	2	2	4.0	1.0	1/4	True	0	155.0	155.0	155.0	155a	3	618	False	True			\\	True	400	III\\		a	i		III	III					M	True	True	(-3, 1, -2)	()	-3	-3	minor	minor	i	i, minor	III		i	i	True	III	III, minor		III, minor		III	3	3	3	1	1	1	True	False	False
2472.0	4.0	309.0	55	1	G	0.0	2.0	2	2	2	3.0	1.0	1/4	True	0	155.0	155.0	155.0	155a	3	618	False	True			\\	True	400	III\\		a	i		III	III					M	True	True	(-3, 1, -2)	()	-3	-3	minor	minor	i	i, minor	III		i	i	True	III	III, minor		III, minor		III	3	3	3	-2	-2	-2	True	False	False
2472.0	8.0	309.0	64	4	E	0.0	2.0	2	2	2	2.0	1.0	1/2	True	0	155.0	155.0	155.0	155a	4	618	False	True			\\	True	400	III\\		a	i		III	III					M	True	True	(-3, 1, -2)	()	-3	-3	minor	minor	i	i, minor	III		i	i	True	III	III, minor		III, minor		III	3	3	3	1	1	1	True	False	False
2472.0	8.0	309.0	72	0	C	0.0	2.0	2	2	2	1.0	1.0	1/2	True	0	155.0	155.0	155.0	155a	5	618	False	True			\\	True	400	III\\		a	i		III	III					M	True	True	(-3, 1, -2)	()	-3	-3	minor	minor	i	i, minor	III		i	i	True	III	III, minor		III, minor		III	3	3	3	-3	-3	-3	True	True	True
2476.0	4.0	309.5	48	0	C	0.0	2.5	0	2	2	5.0	1.0	1/4	True	0	155.0	155.0	155.0	155a	3	619	False	False				False	400	III\\		a	i		III	III					M	True	True	(-3, 1, -2)	()	-3	-3	minor	minor	i	i, minor	III		i	i	True	III	III, minor		III, minor		III	3	3	3	-3	-3	-3	True	True	True
2476.0	4.0	309.5	48	0	C	0.0	2.5	0	2	2	6.0	1.0	1/4	True	0	155.0	155.0	155.0	155a	3	619	False	False				False	400	III\\		a	i		III	III					M	True	True	(-3, 1, -2)	()	-3	-3	minor	minor	i	i, minor	III		i	i	True	III	III, minor		III, minor		III	3	3	3	-3	-3	-3	True	True	True
2476.0	4.0	309.5	52	4	E	0.0	2.5	0	2	2	4.0	1.0	1/4	True	0	155.0	155.0	155.0	155a	3	619	False	False				False	400	III\\		a	i		III	III					M	True	True	(-3, 1, -2)	()	-3	-3	minor	minor	i	i, minor	III		i	i	True	III	III, minor		III, minor		III	3	3	3	1	1	1	True	False	False
2476.0	4.0	309.5	55	1	G	0.0	2.5	0	2	2	3.0	1.0	1/4	True	0	155.0	155.0	155.0	155a	3	619	False	False				False	400	III\\		a	i		III	III					M	True	True	(-3, 1, -2)	()	-3	-3	minor	minor	i	i, minor	III		i	i	True	III	III, minor		III, minor		III	3	3	3	-2	-2	-2	True	False	False
2480.0	4.0	310.0	52	4	E	0.0	1.0	1	2	2	6.0	1.0	1/4	True	0	156.0	156.0	156.0	156a	3	620	False	True				False	401	V		a	i		V	V					M	True	True	(1, 5, 2)	()	1	1	minor	minor	i	i, minor	V		i	i	True	V	V, minor		V, minor		V	3	3	3	1	1	1	True	True	True
2480.0	4.0	310.0	64	4	E	0.0	1.0	1	2	2	3.0	1.0	1/4	True	0	156.0	156.0	156.0	156a	4	620	False	True				False	401	V		a	i		V	V					M	True	True	(1, 5, 2)	()	1	1	minor	minor	i	i, minor	V		i	i	True	V	V, minor		V, minor		V	3	3	3	1	1	1	True	True	True
2480.0	4.0	310.0	68	8	G	1.0	1.0	1	2	2	2.0	1.0	1/4	True	0	156.0	156.0	156.0	156a	4	620	False	True				False	401	V		a	i		V	V					M	True	True	(1, 5, 2)	()	1	1	minor	minor	i	i, minor	V		i	i	True	V	V, minor		V, minor		V	3	3	3	5	5	5	True	False	False
2480.0	4.0	310.0	71	5	B	0.0	1.0	1	2	2	1.0	1.0	1/4	True	0	156.0	156.0	156.0	156a	4	620	False	True				False	401	V		a	i		V	V					M	True	True	(1, 5, 2)	()	1	1	minor	minor	i	i, minor	V		i	i	True	V	V, minor		V, minor		V	3	3	3	2	2	2	True	False	False
2484.0	4.0	310.5	52	4	E	0.0	1.5	0	2	2	6.0	1.0	1/4	True	0	156.0	156.0	156.0	156a	3	621	False	False				False	401	V		a	i		V	V					M	True	True	(1, 5, 2)	()	1	1	minor	minor	i	i, minor	V		i	i	True	V	V, minor		V, minor		V	3	3	3	1	1	1	True	True	True
2484.0	4.0	310.5	64	4	E	0.0	1.5	0	2	2	3.0	1.0	1/4	True	0	156.0	156.0	156.0	156a	4	621	False	False				False	401	V		a	i		V	V					M	True	True	(1, 5, 2)	()	1	1	minor	minor	i	i, minor	V		i	i	True	V	V, minor		V, minor		V	3	3	3	1	1	1	True	True	True
2484.0	4.0	310.5	68	8	G	1.0	1.5	0	2	2	2.0	1.0	1/4	True	0	156.0	156.0	156.0	156a	4	621	False	False				False	401	V		a	i		V	V					M	True	True	(1, 5, 2)	()	1	1	minor	minor	i	i, minor	V		i	i	True	V	V, minor		V, minor		V	3	3	3	5	5	5	True	False	False
2484.0	4.0	310.5	71	5	B	0.0	1.5	0	2	2	1.0	1.0	1/4	True	0	156.0	156.0	156.0	156a	4	621	False	False				False	401	V		a	i		V	V					M	True	True	(1, 5, 2)	()	1	1	minor	minor	i	i, minor	V		i	i	True	V	V, minor		V, minor		V	3	3	3	2	2	2	True	False	False
2488.0	4.0	311.0	57	3	A	0.0	2.0	2	2	2	5.0	1.0	1/4	True	0	156.0	156.0	156.0	156a	3	622	False	True				False	402	V/IV		a	i		V/IV	V				IV	M	True	True	(0, 4, 1)	()	0	0	minor	minor	i	i, minor	V/IV	IV	IV/i	IV	False	V/IV	V/IV, minor		V/IV, minor	IV	IV	3	3	2	0	0	1	True	True	True
2488.0	4.0	311.0	57	3	A	0.0	2.0	2	2	2	6.0	1.0	1/4	True	0	156.0	156.0	156.0	156a	3	622	False	True				False	402	V/IV		a	i		V/IV	V				IV	M	True	True	(0, 4, 1)	()	0	0	minor	minor	i	i, minor	V/IV	IV	IV/i	IV	False	V/IV	V/IV, minor		V/IV, minor	IV	IV	3	3	2	0	0	1	True	True	True
2488.0	2.0	311.0	61	7	C	1.0	2.0	2	2	2	3.0	1.0	1/8	True	0	156.0	156.0	156.0	156a	4	622	False	True				False	402	V/IV		a	i		V/IV	V				IV	M	True	True	(0, 4, 1)	()	0	0	minor	minor	i	i, minor	V/IV	IV	IV/i	IV	False	V/IV	V/IV, minor		V/IV, minor	IV	IV	3	3	2	4	4	5	True	False	False
2488.0	2.0	311.0	64	4	E	0.0	2.0	2	2	2	2.0	1.0	1/8	True	0	156.0	156.0	156.0	156a	4	622	False	True				False	402	V/IV		a	i		V/IV	V				IV	M	True	True	(0, 4, 1)	()	0	0	minor	minor	i	i, minor	V/IV	IV	IV/i	IV	False	V/IV	V/IV, minor		V/IV, minor	IV	IV	3	3	2	1	1	2	True	False	False
2488.0	4.0	311.0	64	4	E	0.0	2.0	2	2	2	4.0	1.0	1/4	True	0	156.0	156.0	156.0	156a	4	622	False	True				False	402	V/IV		a	i		V/IV	V				IV	M	True	True	(0, 4, 1)	()	0	0	minor	minor	i	i, minor	V/IV	IV	IV/i	IV	False	V/IV	V/IV, minor		V/IV, minor	IV	IV	3	3	2	1	1	2	True	False	False
2488.0	4.0	311.0	73	7	C	1.0	2.0	2	2	2	1.0	1.0	1/4	True	0	156.0	156.0	156.0	156a	5	622	False	True				False	402	V/IV		a	i		V/IV	V				IV	M	True	True	(0, 4, 1)	()	0	0	minor	minor	i	i, minor	V/IV	IV	IV/i	IV	False	V/IV	V/IV, minor		V/IV, minor	IV	IV	3	3	2	4	4	5	True	False	False
2490.0	2.0	311.25	62	2	D	0.0	2.25	0	2	2	3.0	1.0	1/8	True	0	156.0	156.0	156.0	156a	4	1245/2	False	False				False	402	V/IV		a	i		V/IV	V				IV	M	True	True	(0, 4, 1)	()	0	0	minor	minor	i	i, minor	V/IV	IV	IV/i	IV	False	V/IV	V/IV, minor		V/IV, minor	IV	IV	3	3	2	-1	-1	0	False	False	False
2490.0	2.0	311.25	66	6	F	1.0	2.25	0	2	2	2.0	1.0	1/8	True	0	156.0	156.0	156.0	156a	4	1245/2	False	False				False	402	V/IV		a	i		V/IV	V				IV	M	True	True	(0, 4, 1)	()	0	0	minor	minor	i	i, minor	V/IV	IV	IV/i	IV	False	V/IV	V/IV, minor		V/IV, minor	IV	IV	3	3	2	3	3	4	False	False	False
2492.0	4.0	311.5	57	3	A	0.0	2.5	0	2	2	5.0	1.0	1/4	True	0	156.0	156.0	156.0	156a	3	623	False	True				False	403	V7/IV		a	i		V7/IV	V		7		IV	Mm7	True	True	(0, 4, 1, -2)	()	0	0	minor	minor	i	i, minor	V/IV	IV	IV/i	IV	False	V7/IV	V7/IV, minor		V7/IV, minor	IV	IV	3	3	2	0	0	1	True	True	True
2492.0	4.0	311.5	57	3	A	0.0	2.5	0	2	2	6.0	1.0	1/4	True	0	156.0	156.0	156.0	156a	3	623	False	True				False	403	V7/IV		a	i		V7/IV	V		7		IV	Mm7	True	True	(0, 4, 1, -2)	()	0	0	minor	minor	i	i, minor	V/IV	IV	IV/i	IV	False	V7/IV	V7/IV, minor		V7/IV, minor	IV	IV	3	3	2	0	0	1	True	True	True
2492.0	2.0	311.5	64	4	E	0.0	2.5	0	2	2	3.0	1.0	1/8	True	0	156.0	156.0	156.0	156a	4	623	False	True				False	403	V7/IV		a	i		V7/IV	V		7		IV	Mm7	True	True	(0, 4, 1, -2)	()	0	0	minor	minor	i	i, minor	V/IV	IV	IV/i	IV	False	V7/IV	V7/IV, minor		V7/IV, minor	IV	IV	3	3	2	1	1	2	True	False	False
2492.0	4.0	311.5	64	4	E	0.0	2.5	0	2	2	4.0	1.0	1/4	True	0	156.0	156.0	156.0	156a	4	623	False	True				False	403	V7/IV		a	i		V7/IV	V		7		IV	Mm7	True	True	(0, 4, 1, -2)	()	0	0	minor	minor	i	i, minor	V/IV	IV	IV/i	IV	False	V7/IV	V7/IV, minor		V7/IV, minor	IV	IV	3	3	2	1	1	2	True	False	False
2492.0	2.0	311.5	67	1	G	0.0	2.5	0	2	2	2.0	1.0	1/8	True	0	156.0	156.0	156.0	156a	4	623	False	True				False	403	V7/IV		a	i		V7/IV	V		7		IV	Mm7	True	True	(0, 4, 1, -2)	()	0	0	minor	minor	i	i, minor	V/IV	IV	IV/i	IV	False	V7/IV	V7/IV, minor		V7/IV, minor	IV	IV	3	3	2	-2	-2	-1	True	False	False
2492.0	4.0	311.5	73	7	C	1.0	2.5	0	2	2	1.0	1.0	1/4	True	0	156.0	156.0	156.0	156a	5	623	False	True				False	403	V7/IV		a	i		V7/IV	V		7		IV	Mm7	True	True	(0, 4, 1, -2)	()	0	0	minor	minor	i	i, minor	V/IV	IV	IV/i	IV	False	V7/IV	V7/IV, minor		V7/IV, minor	IV	IV	3	3	2	4	4	5	True	False	False
2494.0	2.0	311.75	61	7	C	1.0	2.75	0	2	2	3.0	1.0	1/8	True	0	156.0	156.0	156.0	156a	4	1247/2	False	False				False	403	V7/IV		a	i		V7/IV	V		7		IV	Mm7	True	True	(0, 4, 1, -2)	()	0	0	minor	minor	i	i, minor	V/IV	IV	IV/i	IV	False	V7/IV	V7/IV, minor		V7/IV, minor	IV	IV	3	3	2	4	4	5	True	False	False
2494.0	2.0	311.75	64	4	E	0.0	2.75	0	2	2	2.0	1.0	1/8	True	0	156.0	156.0	156.0	156a	4	1247/2	False	False				False	403	V7/IV		a	i		V7/IV	V		7		IV	Mm7	True	True	(0, 4, 1, -2)	()	0	0	minor	minor	i	i, minor	V/IV	IV	IV/i	IV	False	V7/IV	V7/IV, minor		V7/IV, minor	IV	IV	3	3	2	1	1	2	True	False	False
2496.0	8.0	312.0	54	6	F	1.0	1.0	1	2	2	6.0	1.0	1/2	True	0	157.0	157.0	157.0	157a	3	624	False	True				False	404	V6/VII		a	i		V6/VII	V		6		VII	M	True	True	(3, 0, -1)	()	-1	3	minor	minor	i	i, minor	V/VII	VII	VII/i	VII	False	V6/VII	V6/VII, minor		V6/VII, minor	VII	VII	3	3	1	3	3	5	True	False	True
2496.0	4.0	312.0	62	2	D	0.0	1.0	1	2	2	3.0	1.0	1/4	True	0	157.0	157.0	157.0	157a	4	624	False	True				False	404	V6/VII		a	i		V6/VII	V		6		VII	M	True	True	(3, 0, -1)	()	-1	3	minor	minor	i	i, minor	V/VII	VII	VII/i	VII	False	V6/VII	V6/VII, minor		V6/VII, minor	VII	VII	3	3	1	-1	-1	1	True	True	False
2496.0	4.0	312.0	66	6	F	1.0	1.0	1	2	2	2.0	1.0	1/4	True	0	157.0	157.0	157.0	157a	4	624	False	True				False	404	V6/VII		a	i		V6/VII	V		6		VII	M	True	True	(3, 0, -1)	()	-1	3	minor	minor	i	i, minor	V/VII	VII	VII/i	VII	False	V6/VII	V6/VII, minor		V6/VII, minor	VII	VII	3	3	1	3	3	5	True	False	True
2496.0	2.0	312.0	69	3	A	0.0	1.0	1	2	2	1.0	1.0	1/8	True	0	157.0	157.0	157.0	157a	4	624	False	True				False	404	V6/VII		a	i		V6/VII	V		6		VII	M	True	True	(3, 0, -1)	()	-1	3	minor	minor	i	i, minor	V/VII	VII	VII/i	VII	False	V6/VII	V6/VII, minor		V6/VII, minor	VII	VII	3	3	1	0	0	2	True	False	False
2498.0	2.0	312.25	71	5	B	0.0	1.25	0	2	2	1.0	1.0	1/8	True	0	157.0	157.0	157.0	157a	4	1249/2	False	False				False	404	V6/VII		a	i		V6/VII	V		6		VII	M	True	True	(3, 0, -1)	()	-1	3	minor	minor	i	i, minor	V/VII	VII	VII/i	VII	False	V6/VII	V6/VII, minor		V6/VII, minor	VII	VII	3	3	1	2	2	4	False	False	False
2500.0	4.0	312.5	54	6	F	1.0	1.5	0	2	2	5.0	1.0	1/4	True	0	157.0	157.0	157.0	157a	3	625	False	True				False	405	V65/VII		a	i		V65/VII	V		65		VII	Mm7	True	True	(3, 0, -3, -1)	()	-1	3	minor	minor	i	i, minor	V/VII	VII	VII/i	VII	False	V65/VII	V65/VII, minor		V65/VII, minor	VII	VII	3	3	1	3	3	5	True	False	True
2500.0	4.0	312.5	62	2	D	0.0	1.5	0	2	2	3.0	1.0	1/4	True	0	157.0	157.0	157.0	157a	4	625	False	True				False	405	V65/VII		a	i		V65/VII	V		65		VII	Mm7	True	True	(3, 0, -3, -1)	()	-1	3	minor	minor	i	i, minor	V/VII	VII	VII/i	VII	False	V65/VII	V65/VII, minor		V65/VII, minor	VII	VII	3	3	1	-1	-1	1	True	True	False
2500.0	4.0	312.5	66	6	F	1.0	1.5	0	2	2	2.0	1.0	1/4	True	0	157.0	157.0	157.0	157a	4	625	False	True				False	405	V65/VII		a	i		V65/VII	V		65		VII	Mm7	True	True	(3, 0, -3, -1)	()	-1	3	minor	minor	i	i, minor	V/VII	VII	VII/i	VII	False	V65/VII	V65/VII, minor		V65/VII, minor	VII	VII	3	3	1	3	3	5	True	False	True
2500.0	2.0	312.5	72	0	C	0.0	1.5	0	2	2	1.0	1.0	1/8	True	0	157.0	157.0	157.0	157a	5	625	False	True				False	405	V65/VII		a	i		V65/VII	V		65		VII	Mm7	True	True	(3, 0, -3, -1)	()	-1	3	minor	minor	i	i, minor	V/VII	VII	VII/i	VII	False	V65/VII	V65/VII, minor		V65/VII, minor	VII	VII	3	3	1	-3	-3	-1	True	False	False
2502.0	2.0	312.75	71	5	B	0.0	1.75	0	2	2	1.0	1.0	1/8	True	0	157.0	157.0	157.0	157a	4	1251/2	False	False				False	405	V65/VII		a	i		V65/VII	V		65		VII	Mm7	True	True	(3, 0, -3, -1)	()	-1	3	minor	minor	i	i, minor	V/VII	VII	VII/i	VII	False	V65/VII	V65/VII, minor		V65/VII, minor	VII	VII	3	3	1	2	2	4	False	False	False
2504.0	8.0	313.0	57	3	A	0.0	2.0	2	2	2	5.0	1.0	1/2	True	0	157.0	157.0	157.0	157a	3	626	False	True				False	406	V/IV		a	i		V/IV	V				IV	M	True	True	(0, 4, 1)	()	0	0	minor	minor	i	i, minor	V/IV	IV	IV/i	IV	False	V/IV	V/IV, minor		V/IV, minor	IV	IV	3	3	2	0	0	1	True	True	True
2504.0	8.0	313.0	57	3	A	0.0	2.0	2	2	2	6.0	1.0	1/2	True	0	157.0	157.0	157.0	157a	3	626	False	True				False	406	V/IV		a	i		V/IV	V				IV	M	True	True	(0, 4, 1)	()	0	0	minor	minor	i	i, minor	V/IV	IV	IV/i	IV	False	V/IV	V/IV, minor		V/IV, minor	IV	IV	3	3	2	0	0	1	True	True	True
2504.0	2.0	313.0	61	7	C	1.0	2.0	2	2	2	4.0	1.0	1/8	True	0	157.0	157.0	157.0	157a	4	626	False	True				False	406	V/IV		a	i		V/IV	V				IV	M	True	True	(0, 4, 1)	()	0	0	minor	minor	i	i, minor	V/IV	IV	IV/i	IV	False	V/IV	V/IV, minor		V/IV, minor	IV	IV	3	3	2	4	4	5	True	False	False
2504.0	2.0	313.0	64	4	E	0.0	2.0	2	2	2	3.0	1.0	1/8	True	0	157.0	157.0	157.0	157a	4	626	False	True				False	406	V/IV		a	i		V/IV	V				IV	M	True	True	(0, 4, 1)	()	0	0	minor	minor	i	i, minor	V/IV	IV	IV/i	IV	False	V/IV	V/IV, minor		V/IV, minor	IV	IV	3	3	2	1	1	2	True	False	False
2504.0	4.0	313.0	69	3	A	0.0	2.0	2	2	2	1.0	1.0	1/4	True	0	157.0	157.0	157.0	157a	4	626	False	True				False	406	V/IV		a	i		V/IV	V				IV	M	True	True	(0, 4, 1)	()	0	0	minor	minor	i	i, minor	V/IV	IV	IV/i	IV	False	V/IV	V/IV, minor		V/IV, minor	IV	IV	3	3	2	0	0	1	True	True	True
2506.0	2.0	313.25	62	2	D	0.0	2.25	0	2	2	4.0	1.0	1/8	True	0	157.0	157.0	157.0	157a	4	1253/2	False	False				False	406	V/IV		a	i		V/IV	V				IV	M	True	True	(0, 4, 1)	()	0	0	minor	minor	i	i, minor	V/IV	IV	IV/i	IV	False	V/IV	V/IV, minor		V/IV, minor	IV	IV	3	3	2	-1	-1	0	False	False	False
2506.0	2.0	313.25	66	6	F	1.0	2.25	0	2	2	3.0	1.0	1/8	True	0	157.0	157.0	157.0	157a	4	1253/2	False	False				False	406	V/IV		a	i		V/IV	V				IV	M	True	True	(0, 4, 1)	()	0	0	minor	minor	i	i, minor	V/IV	IV	IV/i	IV	False	V/IV	V/IV, minor		V/IV, minor	IV	IV	3	3	2	3	3	4	False	False	False
2508.0	2.0	313.5	64	4	E	0.0	2.5	0	2	2	4.0	1.0	1/8	True	0	157.0	157.0	157.0	157a	4	627	False	True				False	407	V7/IV		a	i		V7/IV	V		7		IV	Mm7	True	True	(0, 4, 1, -2)	()	0	0	minor	minor	i	i, minor	V/IV	IV	IV/i	IV	False	V7/IV	V7/IV, minor		V7/IV, minor	IV	IV	3	3	2	1	1	2	True	False	False
2508.0	2.0	313.5	67	1	G	0.0	2.5	0	2	2	3.0	1.0	1/8	True	0	157.0	157.0	157.0	157a	4	627	False	True				False	407	V7/IV		a	i		V7/IV	V		7		IV	Mm7	True	True	(0, 4, 1, -2)	()	0	0	minor	minor	i	i, minor	V/IV	IV	IV/i	IV	False	V7/IV	V7/IV, minor		V7/IV, minor	IV	IV	3	3	2	-2	-2	-1	True	False	False
2508.0	4.0	313.5	69	3	A	0.0	2.5	0	2	2	1.0	1.0	1/4	True	0	157.0	157.0	157.0	157a	4	627	False	True				False	407	V7/IV		a	i		V7/IV	V		7		IV	Mm7	True	True	(0, 4, 1, -2)	()	0	0	minor	minor	i	i, minor	V/IV	IV	IV/i	IV	False	V7/IV	V7/IV, minor		V7/IV, minor	IV	IV	3	3	2	0	0	1	True	True	True
2510.0	2.0	313.75	61	7	C	1.0	2.75	0	2	2	4.0	1.0	1/8	True	0	157.0	157.0	157.0	157a	4	1255/2	False	False				False	407	V7/IV		a	i		V7/IV	V		7		IV	Mm7	True	True	(0, 4, 1, -2)	()	0	0	minor	minor	i	i, minor	V/IV	IV	IV/i	IV	False	V7/IV	V7/IV, minor		V7/IV, minor	IV	IV	3	3	2	4	4	5	True	False	False
2510.0	2.0	313.75	64	4	E	0.0	2.75	0	2	2	3.0	1.0	1/8	True	0	157.0	157.0	157.0	157a	4	1255/2	False	False				False	407	V7/IV		a	i		V7/IV	V		7		IV	Mm7	True	True	(0, 4, 1, -2)	()	0	0	minor	minor	i	i, minor	V/IV	IV	IV/i	IV	False	V7/IV	V7/IV, minor		V7/IV, minor	IV	IV	3	3	2	1	1	2	True	False	False
2512.0	4.0	314.0	50	2	D	0.0	1.0	1	2	2	5.0	1.0	1/4	True	0	158.0	158.0	158.0	158a	3	628	False	True				False	408	V/VII		a	i		V/VII	V				VII	M	True	True	(-1, 3, 0)	()	-1	-1	minor	minor	i	i, minor	V/VII	VII	VII/i	VII	False	V/VII	V/VII, minor		V/VII, minor	VII	VII	3	3	1	-1	-1	1	True	True	True
2512.0	4.0	314.0	50	2	D	0.0	1.0	1	2	2	6.0	1.0	1/4	True	0	158.0	158.0	158.0	158a	3	628	False	True				False	408	V/VII		a	i		V/VII	V				VII	M	True	True	(-1, 3, 0)	()	-1	-1	minor	minor	i	i, minor	V/VII	VII	VII/i	VII	False	V/VII	V/VII, minor		V/VII, minor	VII	VII	3	3	1	-1	-1	1	True	True	True
2512.0	4.0	314.0	62	2	D	0.0	1.0	1	2	2	4.0	1.0	1/4	True	0	158.0	158.0	158.0	158a	4	628	False	True				False	408	V/VII		a	i		V/VII	V				VII	M	True	True	(-1, 3, 0)	()	-1	-1	minor	minor	i	i, minor	V/VII	VII	VII/i	VII	False	V/VII	V/VII, minor		V/VII, minor	VII	VII	3	3	1	-1	-1	1	True	True	True
2512.0	2.0	314.0	66	6	F	1.0	1.0	1	2	2	2.0	1.0	1/8	True	0	158.0	158.0	158.0	158a	4	628	False	True				False	408	V/VII		a	i		V/VII	V				VII	M	True	True	(-1, 3, 0)	()	-1	-1	minor	minor	i	i, minor	V/VII	VII	VII/i	VII	False	V/VII	V/VII, minor		V/VII, minor	VII	VII	3	3	1	3	3	5	True	False	False
2512.0	4.0	314.0	66	6	F	1.0	1.0	1	2	2	3.0	1.0	1/4	True	0	158.0	158.0	158.0	158a	4	628	False	True				False	408	V/VII		a	i		V/VII	V				VII	M	True	True	(-1, 3, 0)	()	-1	-1	minor	minor	i	i, minor	V/VII	VII	VII/i	VII	False	V/VII	V/VII, minor		V/VII, minor	VII	VII	3	3	1	3	3	5	True	False	False
2512.0	2.0	314.0	69	3	A	0.0	1.0	1	2	2	1.0	1.0	1/8	True	0	158.0	158.0	158.0	158a	4	628	False	True				False	408	V/VII		a	i		V/VII	V				VII	M	True	True	(-1, 3, 0)	()	-1	-1	minor	minor	i	i, minor	V/VII	VII	VII/i	VII	False	V/VII	V/VII, minor		V/VII, minor	VII	VII	3	3	1	0	0	2	True	False	False
2514.0	2.0	314.25	67	1	G	0.0	1.25	0	2	2	2.0	1.0	1/8	True	0	158.0	158.0	158.0	158a	4	1257/2	False	False				False	408	V/VII		a	i		V/VII	V				VII	M	True	True	(-1, 3, 0)	()	-1	-1	minor	minor	i	i, minor	V/VII	VII	VII/i	VII	False	V/VII	V/VII, minor		V/VII, minor	VII	VII	3	3	1	-2	-2	0	False	False	False
2514.0	2.0	314.25	71	5	B	0.0	1.25	0	2	2	1.0	1.0	1/8	True	0	158.0	158.0	158.0	158a	4	1257/2	False	False				False	408	V/VII		a	i		V/VII	V				VII	M	True	True	(-1, 3, 0)	()	-1	-1	minor	minor	i	i, minor	V/VII	VII	VII/i	VII	False	V/VII	V/VII, minor		V/VII, minor	VII	VII	3	3	1	2	2	4	False	False	False
2516.0	4.0	314.5	50	2	D	0.0	1.5	0	2	2	5.0	1.0	1/4	True	0	158.0	158.0	158.0	158a	3	629	False	True				False	409	V7/VII		a	i		V7/VII	V		7		VII	Mm7	True	True	(-1, 3, 0, -3)	()	-1	-1	minor	minor	i	i, minor	V/VII	VII	VII/i	VII	False	V7/VII	V7/VII, minor		V7/VII, minor	VII	VII	3	3	1	-1	-1	1	True	True	True
2516.0	4.0	314.5	50	2	D	0.0	1.5	0	2	2	6.0	1.0	1/4	True	0	158.0	158.0	158.0	158a	3	629	False	True				False	409	V7/VII		a	i		V7/VII	V		7		VII	Mm7	True	True	(-1, 3, 0, -3)	()	-1	-1	minor	minor	i	i, minor	V/VII	VII	VII/i	VII	False	V7/VII	V7/VII, minor		V7/VII, minor	VII	VII	3	3	1	-1	-1	1	True	True	True
2516.0	4.0	314.5	62	2	D	0.0	1.5	0	2	2	4.0	1.0	1/4	True	0	158.0	158.0	158.0	158a	4	629	False	True				False	409	V7/VII		a	i		V7/VII	V		7		VII	Mm7	True	True	(-1, 3, 0, -3)	()	-1	-1	minor	minor	i	i, minor	V/VII	VII	VII/i	VII	False	V7/VII	V7/VII, minor		V7/VII, minor	VII	VII	3	3	1	-1	-1	1	True	True	True
2516.0	4.0	314.5	66	6	F	1.0	1.5	0	2	2	3.0	1.0	1/4	True	0	158.0	158.0	158.0	158a	4	629	False	True				False	409	V7/VII		a	i		V7/VII	V		7		VII	Mm7	True	True	(-1, 3, 0, -3)	()	-1	-1	minor	minor	i	i, minor	V/VII	VII	VII/i	VII	False	V7/VII	V7/VII, minor		V7/VII, minor	VII	VII	3	3	1	3	3	5	True	False	False
2516.0	2.0	314.5	69	3	A	0.0	1.5	0	2	2	2.0	1.0	1/8	True	0	158.0	158.0	158.0	158a	4	629	False	True				False	409	V7/VII		a	i		V7/VII	V		7		VII	Mm7	True	True	(-1, 3, 0, -3)	()	-1	-1	minor	minor	i	i, minor	V/VII	VII	VII/i	VII	False	V7/VII	V7/VII, minor		V7/VII, minor	VII	VII	3	3	1	0	0	2	True	False	False
2516.0	2.0	314.5	72	0	C	0.0	1.5	0	2	2	1.0	1.0	1/8	True	0	158.0	158.0	158.0	158a	5	629	False	True				False	409	V7/VII		a	i		V7/VII	V		7		VII	Mm7	True	True	(-1, 3, 0, -3)	()	-1	-1	minor	minor	i	i, minor	V/VII	VII	VII/i	VII	False	V7/VII	V7/VII, minor		V7/VII, minor	VII	VII	3	3	1	-3	-3	-1	True	False	False
2518.0	2.0	314.75	66	6	F	1.0	1.75	0	2	2	2.0	1.0	1/8	True	0	158.0	158.0	158.0	158a	4	1259/2	False	False				False	409	V7/VII		a	i		V7/VII	V		7		VII	Mm7	True	True	(-1, 3, 0, -3)	()	-1	-1	minor	minor	i	i, minor	V/VII	VII	VII/i	VII	False	V7/VII	V7/VII, minor		V7/VII, minor	VII	VII	3	3	1	3	3	5	True	False	False
2518.0	2.0	314.75	69	3	A	0.0	1.75	0	2	2	1.0	1.0	1/8	True	0	158.0	158.0	158.0	158a	4	1259/2	False	False				False	409	V7/VII		a	i		V7/VII	V		7		VII	Mm7	True	True	(-1, 3, 0, -3)	()	-1	-1	minor	minor	i	i, minor	V/VII	VII	VII/i	VII	False	V7/VII	V7/VII, minor		V7/VII, minor	VII	VII	3	3	1	0	0	2	True	False	False
2520.0	8.0	315.0	55	1	G	0.0	2.0	2	2	2	5.0	1.0	1/2	True	0	158.0	158.0	158.0	158a	3	630	False	True				False	410	V/III		a	i		V/III	V				III	M	True	True	(-2, 2, -1)	()	-2	-2	minor	minor	i	i, minor	V/III	III	III/i	III	False	V/III	V/III, minor		V/III, minor	III	III	3	3	0	-2	-2	1	True	True	True
2520.0	8.0	315.0	55	1	G	0.0	2.0	2	2	2	6.0	1.0	1/2	True	0	158.0	158.0	158.0	158a	3	630	False	True				False	410	V/III		a	i		V/III	V				III	M	True	True	(-2, 2, -1)	()	-2	-2	minor	minor	i	i, minor	V/III	III	III/i	III	False	V/III	V/III, minor		V/III, minor	III	III	3	3	0	-2	-2	1	True	True	True
2520.0	2.0	315.0	59	5	B	0.0	2.0	2	2	2	4.0	1.0	1/8	True	0	158.0	158.0	158.0	158a	3	630	False	True				False	410	V/III		a	i		V/III	V				III	M	True	True	(-2, 2, -1)	()	-2	-2	minor	minor	i	i, minor	V/III	III	III/i	III	False	V/III	V/III, minor		V/III, minor	III	III	3	3	0	2	2	5	True	False	False
2520.0	2.0	315.0	62	2	D	0.0	2.0	2	2	2	3.0	1.0	1/8	True	0	158.0	158.0	158.0	158a	4	630	False	True				False	410	V/III		a	i		V/III	V				III	M	True	True	(-2, 2, -1)	()	-2	-2	minor	minor	i	i, minor	V/III	III	III/i	III	False	V/III	V/III, minor		V/III, minor	III	III	3	3	0	-1	-1	2	True	False	False
2520.0	4.0	315.0	67	1	G	0.0	2.0	2	2	2	2.0	1.0	1/4	True	0	158.0	158.0	158.0	158a	4	630	False	True				False	410	V/III		a	i		V/III	V				III	M	True	True	(-2, 2, -1)	()	-2	-2	minor	minor	i	i, minor	V/III	III	III/i	III	False	V/III	V/III, minor		V/III, minor	III	III	3	3	0	-2	-2	1	True	True	True
2520.0	4.0	315.0	71	5	B	0.0	2.0	2	2	2	1.0	1.0	1/4	True	0	158.0	158.0	158.0	158a	4	630	False	True				False	410	V/III		a	i		V/III	V				III	M	True	True	(-2, 2, -1)	()	-2	-2	minor	minor	i	i, minor	V/III	III	III/i	III	False	V/III	V/III, minor		V/III, minor	III	III	3	3	0	2	2	5	True	False	False
2522.0	2.0	315.25	60	0	C	0.0	2.25	0	2	2	4.0	1.0	1/8	True	0	158.0	158.0	158.0	158a	4	1261/2	False	False				False	410	V/III		a	i		V/III	V				III	M	True	True	(-2, 2, -1)	()	-2	-2	minor	minor	i	i, minor	V/III	III	III/i	III	False	V/III	V/III, minor		V/III, minor	III	III	3	3	0	-3	-3	0	False	False	False
2522.0	2.0	315.25	64	4	E	0.0	2.25	0	2	2	3.0	1.0	1/8	True	0	158.0	158.0	158.0	158a	4	1261/2	False	False				False	410	V/III		a	i		V/III	V				III	M	True	True	(-2, 2, -1)	()	-2	-2	minor	minor	i	i, minor	V/III	III	III/i	III	False	V/III	V/III, minor		V/III, minor	III	III	3	3	0	1	1	4	False	False	False
2524.0	2.0	315.5	62	2	D	0.0	2.5	0	2	2	4.0	1.0	1/8	True	0	158.0	158.0	158.0	158a	4	631	False	True				False	411	V7/III		a	i		V7/III	V		7		III	Mm7	True	True	(-2, 2, -1, -4)	()	-2	-2	minor	minor	i	i, minor	V/III	III	III/i	III	False	V7/III	V7/III, minor		V7/III, minor	III	III	3	3	0	-1	-1	2	True	False	False
2524.0	2.0	315.5	65	-1	F	0.0	2.5	0	2	2	3.0	1.0	1/8	True	0	158.0	158.0	158.0	158a	4	631	False	True				False	411	V7/III		a	i		V7/III	V		7		III	Mm7	True	True	(-2, 2, -1, -4)	()	-2	-2	minor	minor	i	i, minor	V/III	III	III/i	III	False	V7/III	V7/III, minor		V7/III, minor	III	III	3	3	0	-4	-4	-1	True	False	False
2524.0	4.0	315.5	67	1	G	0.0	2.5	0	2	2	2.0	1.0	1/4	True	0	158.0	158.0	158.0	158a	4	631	False	True				False	411	V7/III		a	i		V7/III	V		7		III	Mm7	True	True	(-2, 2, -1, -4)	()	-2	-2	minor	minor	i	i, minor	V/III	III	III/i	III	False	V7/III	V7/III, minor		V7/III, minor	III	III	3	3	0	-2	-2	1	True	True	True
2524.0	4.0	315.5	71	5	B	0.0	2.5	0	2	2	1.0	1.0	1/4	True	0	158.0	158.0	158.0	158a	4	631	False	True				False	411	V7/III		a	i		V7/III	V		7		III	Mm7	True	True	(-2, 2, -1, -4)	()	-2	-2	minor	minor	i	i, minor	V/III	III	III/i	III	False	V7/III	V7/III, minor		V7/III, minor	III	III	3	3	0	2	2	5	True	False	False
2526.0	2.0	315.75	59	5	B	0.0	2.75	0	2	2	4.0	1.0	1/8	True	0	158.0	158.0	158.0	158a	3	1263/2	False	False				False	411	V7/III		a	i		V7/III	V		7		III	Mm7	True	True	(-2, 2, -1, -4)	()	-2	-2	minor	minor	i	i, minor	V/III	III	III/i	III	False	V7/III	V7/III, minor		V7/III, minor	III	III	3	3	0	2	2	5	True	False	False
2526.0	2.0	315.75	62	2	D	0.0	2.75	0	2	2	3.0	1.0	1/8	True	0	158.0	158.0	158.0	158a	4	1263/2	False	False				False	411	V7/III		a	i		V7/III	V		7		III	Mm7	True	True	(-2, 2, -1, -4)	()	-2	-2	minor	minor	i	i, minor	V/III	III	III/i	III	False	V7/III	V7/III, minor		V7/III, minor	III	III	3	3	0	-1	-1	2	True	False	False
2528.0	8.0	316.0	48	0	C	0.0	1.0	1	2	2	5.0	1.0	1/2	True	0	159.0	159.0	159.0	159a	3	632	False	True				False	412	V/VI		a	i		V/VI	V				VI	M	True	True	(-3, 1, -2)	()	-3	-3	minor	minor	i	i, minor	V/VI	VI	VI/i	VI	False	V/VI	V/VI, minor		V/VI, minor	VI	VI	3	3	-1	-3	-3	1	True	True	True
2528.0	8.0	316.0	48	0	C	0.0	1.0	1	2	2	6.0	1.0	1/2	True	0	159.0	159.0	159.0	159a	3	632	False	True				False	412	V/VI		a	i		V/VI	V				VI	M	True	True	(-3, 1, -2)	()	-3	-3	minor	minor	i	i, minor	V/VI	VI	VI/i	VI	False	V/VI	V/VI, minor		V/VI, minor	VI	VI	3	3	-1	-3	-3	1	True	True	True
2528.0	4.0	316.0	60	0	C	0.0	1.0	1	2	2	4.0	1.0	1/4	True	0	159.0	159.0	159.0	159a	4	632	False	True				False	412	V/VI		a	i		V/VI	V				VI	M	True	True	(-3, 1, -2)	()	-3	-3	minor	minor	i	i, minor	V/VI	VI	VI/i	VI	False	V/VI	V/VI, minor		V/VI, minor	VI	VI	3	3	-1	-3	-3	1	True	True	True
2528.0	2.0	316.0	64	4	E	0.0	1.0	1	2	2	2.0	1.0	1/8	True	0	159.0	159.0	159.0	159a	4	632	False	True				False	412	V/VI		a	i		V/VI	V				VI	M	True	True	(-3, 1, -2)	()	-3	-3	minor	minor	i	i, minor	V/VI	VI	VI/i	VI	False	V/VI	V/VI, minor		V/VI, minor	VI	VI	3	3	-1	1	1	5	True	False	False
2528.0	4.0	316.0	64	4	E	0.0	1.0	1	2	2	3.0	1.0	1/4	True	0	159.0	159.0	159.0	159a	4	632	False	True				False	412	V/VI		a	i		V/VI	V				VI	M	True	True	(-3, 1, -2)	()	-3	-3	minor	minor	i	i, minor	V/VI	VI	VI/i	VI	False	V/VI	V/VI, minor		V/VI, minor	VI	VI	3	3	-1	1	1	5	True	False	False
2528.0	2.0	316.0	67	1	G	0.0	1.0	1	2	2	1.0	1.0	1/8	True	0	159.0	159.0	159.0	159a	4	632	False	True				False	412	V/VI		a	i		V/VI	V				VI	M	True	True	(-3, 1, -2)	()	-3	-3	minor	minor	i	i, minor	V/VI	VI	VI/i	VI	False	V/VI	V/VI, minor		V/VI, minor	VI	VI	3	3	-1	-2	-2	2	True	False	False
2530.0	2.0	316.25	65	-1	F	0.0	1.25	0	2	2	2.0	1.0	1/8	True	0	159.0	159.0	159.0	159a	4	1265/2	False	False				False	412	V/VI		a	i		V/VI	V				VI	M	True	True	(-3, 1, -2)	()	-3	-3	minor	minor	i	i, minor	V/VI	VI	VI/i	VI	False	V/VI	V/VI, minor		V/VI, minor	VI	VI	3	3	-1	-4	-4	0	False	False	False
2530.0	2.0	316.25	69	3	A	0.0	1.25	0	2	2	1.0	1.0	1/8	True	0	159.0	159.0	159.0	159a	4	1265/2	False	False				False	412	V/VI		a	i		V/VI	V				VI	M	True	True	(-3, 1, -2)	()	-3	-3	minor	minor	i	i, minor	V/VI	VI	VI/i	VI	False	V/VI	V/VI, minor		V/VI, minor	VI	VI	3	3	-1	0	0	4	False	False	False
2532.0	4.0	316.5	60	0	C	0.0	1.5	0	2	2	4.0	1.0	1/4	True	0	159.0	159.0	159.0	159a	4	633	False	True				False	413	V7/VI		a	i		V7/VI	V		7		VI	Mm7	True	True	(-3, 1, -2, -5)	()	-3	-3	minor	minor	i	i, minor	V/VI	VI	VI/i	VI	False	V7/VI	V7/VI, minor		V7/VI, minor	VI	VI	3	3	-1	-3	-3	1	True	True	True
2532.0	4.0	316.5	64	4	E	0.0	1.5	0	2	2	3.0	1.0	1/4	True	0	159.0	159.0	159.0	159a	4	633	False	True				False	413	V7/VI		a	i		V7/VI	V		7		VI	Mm7	True	True	(-3, 1, -2, -5)	()	-3	-3	minor	minor	i	i, minor	V/VI	VI	VI/i	VI	False	V7/VI	V7/VI, minor		V7/VI, minor	VI	VI	3	3	-1	1	1	5	True	False	False
2532.0	2.0	316.5	67	1	G	0.0	1.5	0	2	2	2.0	1.0	1/8	True	0	159.0	159.0	159.0	159a	4	633	False	True				False	413	V7/VI		a	i		V7/VI	V		7		VI	Mm7	True	True	(-3, 1, -2, -5)	()	-3	-3	minor	minor	i	i, minor	V/VI	VI	VI/i	VI	False	V7/VI	V7/VI, minor		V7/VI, minor	VI	VI	3	3	-1	-2	-2	2	True	False	False
2532.0	2.0	316.5	70	-2	B	-1.0	1.5	0	2	2	1.0	1.0	1/8	True	0	159.0	159.0	159.0	159a	4	633	False	True				False	413	V7/VI		a	i		V7/VI	V		7		VI	Mm7	True	True	(-3, 1, -2, -5)	()	-3	-3	minor	minor	i	i, minor	V/VI	VI	VI/i	VI	False	V7/VI	V7/VI, minor		V7/VI, minor	VI	VI	3	3	-1	-5	-5	-1	True	False	False
2534.0	2.0	316.75	64	4	E	0.0	1.75	0	2	2	2.0	1.0	1/8	True	0	159.0	159.0	159.0	159a	4	1267/2	False	False				False	413	V7/VI		a	i		V7/VI	V		7		VI	Mm7	True	True	(-3, 1, -2, -5)	()	-3	-3	minor	minor	i	i, minor	V/VI	VI	VI/i	VI	False	V7/VI	V7/VI, minor		V7/VI, minor	VI	VI	3	3	-1	1	1	5	True	False	False
2534.0	2.0	316.75	67	1	G	0.0	1.75	0	2	2	1.0	1.0	1/8	True	0	159.0	159.0	159.0	159a	4	1267/2	False	False				False	413	V7/VI		a	i		V7/VI	V		7		VI	Mm7	True	True	(-3, 1, -2, -5)	()	-3	-3	minor	minor	i	i, minor	V/VI	VI	VI/i	VI	False	V7/VI	V7/VI, minor		V7/VI, minor	VI	VI	3	3	-1	-2	-2	2	True	False	False
2536.0	4.0	317.0	53	-1	F	0.0	2.0	2	2	2	5.0	1.0	1/4	True	0	159.0	159.0	159.0	159a	3	634	False	True			\\	True	414	VI\\		a	i		VI	VI					M	True	True	(-4, 0, -3)	()	-4	-4	minor	minor	i	i, minor	VI		i	i	True	VI	VI, minor		VI, minor		VI	3	3	3	-4	-4	-4	True	True	True
2536.0	4.0	317.0	53	-1	F	0.0	2.0	2	2	2	6.0	1.0	1/4	True	0	159.0	159.0	159.0	159a	3	634	False	True			\\	True	414	VI\\		a	i		VI	VI					M	True	True	(-4, 0, -3)	()	-4	-4	minor	minor	i	i, minor	VI		i	i	True	VI	VI, minor		VI, minor		VI	3	3	3	-4	-4	-4	True	True	True
2536.0	4.0	317.0	57	3	A	0.0	2.0	2	2	2	4.0	1.0	1/4	True	0	159.0	159.0	159.0	159a	3	634	False	True			\\	True	414	VI\\		a	i		VI	VI					M	True	True	(-4, 0, -3)	()	-4	-4	minor	minor	i	i, minor	VI		i	i	True	VI	VI, minor		VI, minor		VI	3	3	3	0	0	0	True	False	False
2536.0	4.0	317.0	60	0	C	0.0	2.0	2	2	2	3.0	1.0	1/4	True	0	159.0	159.0	159.0	159a	4	634	False	True			\\	True	414	VI\\		a	i		VI	VI					M	True	True	(-4, 0, -3)	()	-4	-4	minor	minor	i	i, minor	VI		i	i	True	VI	VI, minor		VI, minor		VI	3	3	3	-3	-3	-3	True	False	False
2536.0	4.0	317.0	65	-1	F	0.0	2.0	2	2	2	2.0	1.0	1/4	True	0	159.0	159.0	159.0	159a	4	634	False	True			\\	True	414	VI\\		a	i		VI	VI					M	True	True	(-4, 0, -3)	()	-4	-4	minor	minor	i	i, minor	VI		i	i	True	VI	VI, minor		VI, minor		VI	3	3	3	-4	-4	-4	True	True	True
2536.0	4.0	317.0	69	3	A	0.0	2.0	2	2	2	1.0	1.0	1/4	True	0	159.0	159.0	159.0	159a	4	634	False	True			\\	True	414	VI\\		a	i		VI	VI					M	True	True	(-4, 0, -3)	()	-4	-4	minor	minor	i	i, minor	VI		i	i	True	VI	VI, minor		VI, minor		VI	3	3	3	0	0	0	True	False	False
2540.0	4.0	317.5	53	-1	F	0.0	2.5	0	2	2	5.0	1.0	1/4	True	0	159.0	159.0	159.0	159a	3	635	False	False				False	414	VI\\		a	i		VI	VI					M	True	True	(-4, 0, -3)	()	-4	-4	minor	minor	i	i, minor	VI		i	i	True	VI	VI, minor		VI, minor		VI	3	3	3	-4	-4	-4	True	True	True
2540.0	4.0	317.5	53	-1	F	0.0	2.5	0	2	2	6.0	1.0	1/4	True	0	159.0	159.0	159.0	159a	3	635	False	False				False	414	VI\\		a	i		VI	VI					M	True	True	(-4, 0, -3)	()	-4	-4	minor	minor	i	i, minor	VI		i	i	True	VI	VI, minor		VI, minor		VI	3	3	3	-4	-4	-4	True	True	True
2540.0	4.0	317.5	57	3	A	0.0	2.5	0	2	2	4.0	1.0	1/4	True	0	159.0	159.0	159.0	159a	3	635	False	False				False	414	VI\\		a	i		VI	VI					M	True	True	(-4, 0, -3)	()	-4	-4	minor	minor	i	i, minor	VI		i	i	True	VI	VI, minor		VI, minor		VI	3	3	3	0	0	0	True	False	False
2540.0	4.0	317.5	60	0	C	0.0	2.5	0	2	2	3.0	1.0	1/4	True	0	159.0	159.0	159.0	159a	4	635	False	False				False	414	VI\\		a	i		VI	VI					M	True	True	(-4, 0, -3)	()	-4	-4	minor	minor	i	i, minor	VI		i	i	True	VI	VI, minor		VI, minor		VI	3	3	3	-3	-3	-3	True	False	False
2540.0	4.0	317.5	65	-1	F	0.0	2.5	0	2	2	2.0	1.0	1/4	True	0	159.0	159.0	159.0	159a	4	635	False	False				False	414	VI\\		a	i		VI	VI					M	True	True	(-4, 0, -3)	()	-4	-4	minor	minor	i	i, minor	VI		i	i	True	VI	VI, minor		VI, minor		VI	3	3	3	-4	-4	-4	True	True	True
2540.0	4.0	317.5	69	3	A	0.0	2.5	0	2	2	1.0	1.0	1/4	True	0	159.0	159.0	159.0	159a	4	635	False	False				False	414	VI\\		a	i		VI	VI					M	True	True	(-4, 0, -3)	()	-4	-4	minor	minor	i	i, minor	VI		i	i	True	VI	VI, minor		VI, minor		VI	3	3	3	0	0	0	True	False	False
2544.0	4.0	318.0	53	-1	F	0.0	1.0	1	2	2	6.0	1.0	1/4	True	0	160.0	160.0	160.0	160a	3	636	False	False				False	414	VI\\		a	i		VI	VI					M	True	True	(-4, 0, -3)	()	-4	-4	minor	minor	i	i, minor	VI		i	i	True	VI	VI, minor		VI, minor		VI	3	3	3	-4	-4	-4	True	True	True
2544.0	4.0	318.0	65	-1	F	0.0	1.0	1	2	2	3.0	1.0	1/4	True	0	160.0	160.0	160.0	160a	4	636	False	False				False	414	VI\\		a	i		VI	VI					M	True	True	(-4, 0, -3)	()	-4	-4	minor	minor	i	i, minor	VI		i	i	True	VI	VI, minor		VI, minor		VI	3	3	3	-4	-4	-4	True	True	True
2544.0	4.0	318.0	69	3	A	0.0	1.0	1	2	2	2.0	1.0	1/4	True	0	160.0	160.0	160.0	160a	4	636	False	False				False	414	VI\\		a	i		VI	VI					M	True	True	(-4, 0, -3)	()	-4	-4	minor	minor	i	i, minor	VI		i	i	True	VI	VI, minor		VI, minor		VI	3	3	3	0	0	0	True	False	False
2544.0	4.0	318.0	72	0	C	0.0	1.0	1	2	2	1.0	1.0	1/4	True	0	160.0	160.0	160.0	160a	5	636	False	False				False	414	VI\\		a	i		VI	VI					M	True	True	(-4, 0, -3)	()	-4	-4	minor	minor	i	i, minor	VI		i	i	True	VI	VI, minor		VI, minor		VI	3	3	3	-3	-3	-3	True	False	False
2548.0	4.0	318.5	53	-1	F	0.0	1.5	0	2	2	6.0	1.0	1/4	True	0	160.0	160.0	160.0	160a	3	637	False	False				False	414	VI\\		a	i		VI	VI					M	True	True	(-4, 0, -3)	()	-4	-4	minor	minor	i	i, minor	VI		i	i	True	VI	VI, minor		VI, minor		VI	3	3	3	-4	-4	-4	True	True	True
2548.0	4.0	318.5	65	-1	F	0.0	1.5	0	2	2	3.0	1.0	1/4	True	0	160.0	160.0	160.0	160a	4	637	False	False				False	414	VI\\		a	i		VI	VI					M	True	True	(-4, 0, -3)	()	-4	-4	minor	minor	i	i, minor	VI		i	i	True	VI	VI, minor		VI, minor		VI	3	3	3	-4	-4	-4	True	True	True
2548.0	4.0	318.5	69	3	A	0.0	1.5	0	2	2	2.0	1.0	1/4	True	0	160.0	160.0	160.0	160a	4	637	False	False				False	414	VI\\		a	i		VI	VI					M	True	True	(-4, 0, -3)	()	-4	-4	minor	minor	i	i, minor	VI		i	i	True	VI	VI, minor		VI, minor		VI	3	3	3	0	0	0	True	False	False
2548.0	4.0	318.5	72	0	C	0.0	1.5	0	2	2	1.0	1.0	1/4	True	0	160.0	160.0	160.0	160a	5	637	False	False				False	414	VI\\		a	i		VI	VI					M	True	True	(-4, 0, -3)	()	-4	-4	minor	minor	i	i, minor	VI		i	i	True	VI	VI, minor		VI, minor		VI	3	3	3	-3	-3	-3	True	False	False
2552.0	8.0	319.0	50	2	D	0.0	2.0	2	2	2	6.0	1.0	1/2	True	0	160.0	160.0	160.0	160a	3	638	False	True				False	415	IV		a	i		IV	IV					M	True	True	(-1, 3, 0)	()	-1	-1	minor	minor	i	i, minor	IV		i	i	True	IV	IV, minor		IV, minor		IV	3	3	3	-1	-1	-1	True	True	True
2552.0	2.0	319.0	54	6	F	1.0	2.0	2	2	2	4.0	1.0	1/8	True	0	160.0	160.0	160.0	160a	3	638	False	True				False	415	IV		a	i		IV	IV					M	True	True	(-1, 3, 0)	()	-1	-1	minor	minor	i	i, minor	IV		i	i	True	IV	IV, minor		IV, minor		IV	3	3	3	3	3	3	True	False	False
2554.0	2.0	319.25	55	1	G	0.0	2.25	0	2	2	4.0	1.0	1/8	True	0	160.0	160.0	160.0	160a	3	1277/2	False	False				False	415	IV		a	i		IV	IV					M	True	True	(-1, 3, 0)	()	-1	-1	minor	minor	i	i, minor	IV		i	i	True	IV	IV, minor		IV, minor		IV	3	3	3	-2	-2	-2	False	False	False
2556.0	4.0	319.5	50	2	D	0.0	2.5	0	2	2	5.0	1.0	1/4	True	0	160.0	160.0	160.0	160a	3	639	False	False				False	415	IV		a	i		IV	IV					M	True	True	(-1, 3, 0)	()	-1	-1	minor	minor	i	i, minor	IV		i	i	True	IV	IV, minor		IV, minor		IV	3	3	3	-1	-1	-1	True	True	True
2556.0	2.0	319.5	57	3	A	0.0	2.5	0	2	2	4.0	1.0	1/8	True	0	160.0	160.0	160.0	160a	3	639	False	False				False	415	IV		a	i		IV	IV					M	True	True	(-1, 3, 0)	()	-1	-1	minor	minor	i	i, minor	IV		i	i	True	IV	IV, minor		IV, minor		IV	3	3	3	0	0	0	True	False	False
2558.0	2.0	319.75	54	6	F	1.0	2.75	0	2	2	4.0	1.0	1/8	True	0	160.0	160.0	160.0	160a	3	1279/2	False	False				False	415	IV		a	i		IV	IV					M	True	True	(-1, 3, 0)	()	-1	-1	minor	minor	i	i, minor	IV		i	i	True	IV	IV, minor		IV, minor		IV	3	3	3	3	3	3	True	False	False
2560.0	8.0	320.0	52	4	E	0.0	1.0	1	2	2	5.0	1.0	1/2	True	0	161.0	161.0	161.0	161a	3	640	False	True				False	416	V		a	i		V	V					M	True	True	(1, 5, 2)	()	1	1	minor	minor	i	i, minor	V		i	i	True	V	V, minor		V, minor		V	3	3	3	1	1	1	True	True	True
2560.0	8.0	320.0	52	4	E	0.0	1.0	1	2	2	6.0	1.0	1/2	True	0	161.0	161.0	161.0	161a	3	640	False	True				False	416	V		a	i		V	V					M	True	True	(1, 5, 2)	()	1	1	minor	minor	i	i, minor	V		i	i	True	V	V, minor		V, minor		V	3	3	3	1	1	1	True	True	True
2560.0	2.0	320.0	56	8	G	1.0	1.0	1	2	2	4.0	1.0	1/8	True	0	161.0	161.0	161.0	161a	3	640	False	True				False	416	V		a	i		V	V					M	True	True	(1, 5, 2)	()	1	1	minor	minor	i	i, minor	V		i	i	True	V	V, minor		V, minor		V	3	3	3	5	5	5	True	False	False
2560.0	2.0	320.0	71	5	B	0.0	1.0	1	2	2	1.0	1.0	1/8	True	0	161.0	161.0	161.0	161a	4	640	False	True				False	416	V		a	i		V	V					M	True	True	(1, 5, 2)	()	1	1	minor	minor	i	i, minor	V		i	i	True	V	V, minor		V, minor		V	3	3	3	2	2	2	True	False	False
2562.0	2.0	320.25	57	3	A	0.0	1.25	0	2	2	4.0	1.0	1/8	True	0	161.0	161.0	161.0	161a	3	1281/2	False	False				False	416	V		a	i		V	V					M	True	True	(1, 5, 2)	()	1	1	minor	minor	i	i, minor	V		i	i	True	V	V, minor		V, minor		V	3	3	3	0	0	0	False	False	False
2562.0	2.0	320.25	72	0	C	0.0	1.25	0	2	2	1.0	1.0	1/8	True	0	161.0	161.0	161.0	161a	5	1281/2	False	False				False	416	V		a	i		V	V					M	True	True	(1, 5, 2)	()	1	1	minor	minor	i	i, minor	V		i	i	True	V	V, minor		V, minor		V	3	3	3	-3	-3	-3	False	False	False
2564.0	2.0	320.5	59	5	B	0.0	1.5	0	2	2	4.0	1.0	1/8	True	0	161.0	161.0	161.0	161a	3	641	False	True				False	417	V7		a	i		V7	V		7			Mm7	True	True	(1, 5, 2, -1)	()	1	1	minor	minor	i	i, minor	V		i	i	True	V7	V7, minor		V7, minor		V	3	3	3	2	2	2	True	False	False
2564.0	2.0	320.5	74	2	D	0.0	1.5	0	2	2	1.0	1.0	1/8	True	0	161.0	161.0	161.0	161a	5	641	False	True				False	417	V7		a	i		V7	V		7			Mm7	True	True	(1, 5, 2, -1)	()	1	1	minor	minor	i	i, minor	V		i	i	True	V7	V7, minor		V7, minor		V	3	3	3	-1	-1	-1	True	False	False
2566.0	2.0	320.75	56	8	G	1.0	1.75	0	2	2	4.0	1.0	1/8	True	0	161.0	161.0	161.0	161a	3	1283/2	False	False				False	417	V7		a	i		V7	V		7			Mm7	True	True	(1, 5, 2, -1)	()	1	1	minor	minor	i	i, minor	V		i	i	True	V7	V7, minor		V7, minor		V	3	3	3	5	5	5	True	False	False
2566.0	2.0	320.75	71	5	B	0.0	1.75	0	2	2	1.0	1.0	1/8	True	0	161.0	161.0	161.0	161a	4	1283/2	False	False				False	417	V7		a	i		V7	V		7			Mm7	True	True	(1, 5, 2, -1)	()	1	1	minor	minor	i	i, minor	V		i	i	True	V7	V7, minor		V7, minor		V	3	3	3	2	2	2	True	False	False
2568.0	8.0	321.0	45	3	A	0.0	2.0	2	2	2	5.0	1.0	1/2	True	0	161.0	161.0	161.0	161a	2	642	False	True				False	418	i		a	i		i	i					m	True	True	(0, -3, 1)	()	0	0	minor	minor	i	i, minor	i		i	i	True	i	i, minor		i, minor		i	3	3	3	0	0	0	True	True	True
2568.0	8.0	321.0	45	3	A	0.0	2.0	2	2	2	6.0	1.0	1/2	True	0	161.0	161.0	161.0	161a	2	642	False	True				False	418	i		a	i		i	i					m	True	True	(0, -3, 1)	()	0	0	minor	minor	i	i, minor	i		i	i	True	i	i, minor		i, minor		i	3	3	3	0	0	0	True	True	True
2568.0	4.0	321.0	57	3	A	0.0	2.0	2	2	2	4.0	1.0	1/4	True	0	161.0	161.0	161.0	161a	3	642	False	True				False	418	i		a	i		i	i					m	True	True	(0, -3, 1)	()	0	0	minor	minor	i	i, minor	i		i	i	True	i	i, minor		i, minor		i	3	3	3	0	0	0	True	True	True
2568.0	2.0	321.0	60	0	C	0.0	2.0	2	2	2	3.0	1.0	1/8	True	0	161.0	161.0	161.0	161a	4	642	False	True				False	418	i		a	i		i	i					m	True	True	(0, -3, 1)	()	0	0	minor	minor	i	i, minor	i		i	i	True	i	i, minor		i, minor		i	3	3	3	-3	-3	-3	True	False	False
2568.0	2.0	321.0	64	4	E	0.0	2.0	2	2	2	2.0	1.0	1/8	True	0	161.0	161.0	161.0	161a	4	642	False	True				False	418	i		a	i		i	i					m	True	True	(0, -3, 1)	()	0	0	minor	minor	i	i, minor	i		i	i	True	i	i, minor		i, minor		i	3	3	3	1	1	1	True	False	False
2568.0	4.0	321.0	72	0	C	0.0	2.0	2	2	2	1.0	1.0	1/4	True	0	161.0	161.0	161.0	161a	5	642	False	True				False	418	i		a	i		i	i					m	True	True	(0, -3, 1)	()	0	0	minor	minor	i	i, minor	i		i	i	True	i	i, minor		i, minor		i	3	3	3	-3	-3	-3	True	False	False
2570.0	2.0	321.25	59	5	B	0.0	2.25	0	2	2	3.0	1.0	1/8	True	0	161.0	161.0	161.0	161a	3	1285/2	False	False				False	418	i		a	i		i	i					m	True	True	(0, -3, 1)	()	0	0	minor	minor	i	i, minor	i		i	i	True	i	i, minor		i, minor		i	3	3	3	2	2	2	False	False	False
2570.0	2.0	321.25	62	2	D	0.0	2.25	0	2	2	2.0	1.0	1/8	True	0	161.0	161.0	161.0	161a	4	1285/2	False	False				False	418	i		a	i		i	i					m	True	True	(0, -3, 1)	()	0	0	minor	minor	i	i, minor	i		i	i	True	i	i, minor		i, minor		i	3	3	3	-1	-1	-1	False	False	False
2572.0	4.0	321.5	57	3	A	0.0	2.5	0	2	2	4.0	1.0	1/4	True	0	161.0	161.0	161.0	161a	3	643	False	False				False	418	i		a	i		i	i					m	True	True	(0, -3, 1)	()	0	0	minor	minor	i	i, minor	i		i	i	True	i	i, minor		i, minor		i	3	3	3	0	0	0	True	True	True
2572.0	2.0	321.5	60	0	C	0.0	2.5	0	2	2	3.0	1.0	1/8	True	0	161.0	161.0	161.0	161a	4	643	False	False				False	418	i		a	i		i	i					m	True	True	(0, -3, 1)	()	0	0	minor	minor	i	i, minor	i		i	i	True	i	i, minor		i, minor		i	3	3	3	-3	-3	-3	True	False	False
2572.0	2.0	321.5	64	4	E	0.0	2.5	0	2	2	2.0	1.0	1/8	True	0	161.0	161.0	161.0	161a	4	643	False	False				False	418	i		a	i		i	i					m	True	True	(0, -3, 1)	()	0	0	minor	minor	i	i, minor	i		i	i	True	i	i, minor		i, minor		i	3	3	3	1	1	1	True	False	False
2572.0	4.0	321.5	72	0	C	0.0	2.5	0	2	2	1.0	1.0	1/4	True	0	161.0	161.0	161.0	161a	5	643	False	False				False	418	i		a	i		i	i					m	True	True	(0, -3, 1)	()	0	0	minor	minor	i	i, minor	i		i	i	True	i	i, minor		i, minor		i	3	3	3	-3	-3	-3	True	False	False
2574.0	2.0	321.75	62	2	D	0.0	2.75	0	2	2	3.0	1.0	1/8	True	0	161.0	161.0	161.0	161a	4	1287/2	False	False				False	418	i		a	i		i	i					m	True	True	(0, -3, 1)	()	0	0	minor	minor	i	i, minor	i		i	i	True	i	i, minor		i, minor		i	3	3	3	-1	-1	-1	False	False	False
2574.0	2.0	321.75	66	6	F	1.0	2.75	0	2	2	2.0	1.0	1/8	True	0	161.0	161.0	161.0	161a	4	1287/2	False	False				False	418	i		a	i		i	i					m	True	True	(0, -3, 1)	()	0	0	minor	minor	i	i, minor	i		i	i	True	i	i, minor		i, minor		i	3	3	3	3	3	3	False	False	False
2576.0	4.0	322.0	52	4	E	0.0	1.0	1	2	2	5.0	1.0	1/4	True	0	162.0	162.0	162.0	162a	3	644	False	True				False	419	V		a	i		V	V					M	True	True	(1, 5, 2)	()	1	1	minor	minor	i	i, minor	V		i	i	True	V	V, minor		V, minor		V	3	3	3	1	1	1	True	True	True
2576.0	4.0	322.0	52	4	E	0.0	1.0	1	2	2	6.0	1.0	1/4	True	0	162.0	162.0	162.0	162a	3	644	False	True				False	419	V		a	i		V	V					M	True	True	(1, 5, 2)	()	1	1	minor	minor	i	i, minor	V		i	i	True	V	V, minor		V, minor		V	3	3	3	1	1	1	True	True	True
2576.0	4.0	322.0	59	5	B	0.0	1.0	1	2	2	4.0	1.0	1/4	True	0	162.0	162.0	162.0	162a	3	644	False	True				False	419	V		a	i		V	V					M	True	True	(1, 5, 2)	()	1	1	minor	minor	i	i, minor	V		i	i	True	V	V, minor		V, minor		V	3	3	3	2	2	2	True	False	False
2576.0	4.0	322.0	64	4	E	0.0	1.0	1	2	2	3.0	1.0	1/4	True	0	162.0	162.0	162.0	162a	4	644	False	True				False	419	V		a	i		V	V					M	True	True	(1, 5, 2)	()	1	1	minor	minor	i	i, minor	V		i	i	True	V	V, minor		V, minor		V	3	3	3	1	1	1	True	True	True
2576.0	4.0	322.0	68	8	G	1.0	1.0	1	2	2	2.0	1.0	1/4	True	0	162.0	162.0	162.0	162a	4	644	False	True				False	419	V		a	i		V	V					M	True	True	(1, 5, 2)	()	1	1	minor	minor	i	i, minor	V		i	i	True	V	V, minor		V, minor		V	3	3	3	5	5	5	True	False	False
2576.0	6.0	322.0	71	5	B	0.0	1.0	1	2	2	1.0	1.0	3/8	True	0	162.0	162.0	162.0	162a	4	644	False	True				False	419	V		a	i		V	V					M	True	True	(1, 5, 2)	()	1	1	minor	minor	i	i, minor	V		i	i	True	V	V, minor		V, minor		V	3	3	3	2	2	2	True	False	False
2580.0	4.0	322.5	52	4	E	0.0	1.5	0	2	2	5.0	1.0	1/4	True	0	162.0	162.0	162.0	162a	3	645	False	False				False	419	V		a	i		V	V					M	True	True	(1, 5, 2)	()	1	1	minor	minor	i	i, minor	V		i	i	True	V	V, minor		V, minor		V	3	3	3	1	1	1	True	True	True
2580.0	8.0	322.5	52	4	E	0.0	1.5	0	2	2	6.0	1.0	1/2	True	0	162.0	162.0	162.0	162a	3	645	False	False				False	419	V		a	i		V	V					M	True	True	(1, 5, 2)	()	1	1	minor	minor	i	i, minor	V		i	i	True	V	V, minor		V, minor		V	3	3	3	1	1	1	True	True	True
2580.0	4.0	322.5	59	5	B	0.0	1.5	0	2	2	4.0	1.0	1/4	True	0	162.0	162.0	162.0	162a	3	645	False	False				False	419	V		a	i		V	V					M	True	True	(1, 5, 2)	()	1	1	minor	minor	i	i, minor	V		i	i	True	V	V, minor		V, minor		V	3	3	3	2	2	2	True	False	False
2580.0	4.0	322.5	64	4	E	0.0	1.5	0	2	2	3.0	1.0	1/4	True	0	162.0	162.0	162.0	162a	4	645	False	False				False	419	V		a	i		V	V					M	True	True	(1, 5, 2)	()	1	1	minor	minor	i	i, minor	V		i	i	True	V	V, minor		V, minor		V	3	3	3	1	1	1	True	True	True
2580.0	4.0	322.5	68	8	G	1.0	1.5	0	2	2	2.0	1.0	1/4	True	0	162.0	162.0	162.0	162a	4	645	False	False				False	419	V		a	i		V	V					M	True	True	(1, 5, 2)	()	1	1	minor	minor	i	i, minor	V		i	i	True	V	V, minor		V, minor		V	3	3	3	5	5	5	True	False	False
2582.0	1.0	322.75	72	0	C	0.0	1.75	0	2	2	1.0	1.0	1/16	True	0	162.0	162.0	162.0	162a	5	1291/2	False	False				False	419	V		a	i		V	V					M	True	True	(1, 5, 2)	()	1	1	minor	minor	i	i, minor	V		i	i	True	V	V, minor		V, minor		V	3	3	3	-3	-3	-3	False	False	False
2583.0	1.0	322.875	74	2	D	0.0	1.875	0	2	2	1.0	1.0	1/16	True	0	162.0	162.0	162.0	162a	5	2583/4	False	False				False	419	V		a	i		V	V					M	True	True	(1, 5, 2)	()	1	1	minor	minor	i	i, minor	V		i	i	True	V	V, minor		V, minor		V	3	3	3	-1	-1	-1	False	False	False
2584.0	4.0	323.0	59	5	B	0.0	2.0	2	2	2	3.0	1.0	1/4	True	0	162.0	162.0	162.0	162a	3	646	False	False				False	419	V		a	i		V	V					M	True	True	(1, 5, 2)	()	1	1	minor	minor	i	i, minor	V		i	i	True	V	V, minor		V, minor		V	3	3	3	2	2	2	True	False	False
2584.0	4.0	323.0	68	8	G	1.0	2.0	2	2	2	2.0	1.0	1/4	True	0	162.0	162.0	162.0	162a	4	646	False	False				False	419	V		a	i		V	V					M	True	True	(1, 5, 2)	()	1	1	minor	minor	i	i, minor	V		i	i	True	V	V, minor		V, minor		V	3	3	3	5	5	5	True	False	False
2584.0	4.0	323.0	76	4	E	0.0	2.0	2	2	2	1.0	1.0	1/4	True	0	162.0	162.0	162.0	162a	5	646	False	False				False	419	V		a	i		V	V					M	True	True	(1, 5, 2)	()	1	1	minor	minor	i	i, minor	V		i	i	True	V	V, minor		V, minor		V	3	3	3	1	1	1	True	True	True
2588.0	4.0	323.5	45	3	A	0.0	2.5	0	2	2	5.0	1.0	1/4	True	0	162.0	162.0	162.0	162a	2	647	False	True				False	420	i		a	i		i	i					m	True	True	(0, -3, 1)	()	0	0	minor	minor	i	i, minor	i		i	i	True	i	i, minor		i, minor		i	3	3	3	0	0	0	True	True	True
2588.0	4.0	323.5	45	3	A	0.0	2.5	0	2	2	6.0	1.0	1/4	True	0	162.0	162.0	162.0	162a	2	647	False	True				False	420	i		a	i		i	i					m	True	True	(0, -3, 1)	()	0	0	minor	minor	i	i, minor	i		i	i	True	i	i, minor		i, minor		i	3	3	3	0	0	0	True	True	True
2588.0	4.0	323.5	57	3	A	0.0	2.5	0	2	2	4.0	1.0	1/4	True	0	162.0	162.0	162.0	162a	3	647	False	True				False	420	i		a	i		i	i					m	True	True	(0, -3, 1)	()	0	0	minor	minor	i	i, minor	i		i	i	True	i	i, minor		i, minor		i	3	3	3	0	0	0	True	True	True
2588.0	2.0	323.5	60	0	C	0.0	2.5	0	2	2	3.0	1.0	1/8	True	0	162.0	162.0	162.0	162a	4	647	False	True				False	420	i		a	i		i	i					m	True	True	(0, -3, 1)	()	0	0	minor	minor	i	i, minor	i		i	i	True	i	i, minor		i, minor		i	3	3	3	-3	-3	-3	True	False	False
2588.0	2.0	323.5	69	3	A	0.0	2.5	0	2	2	2.0	1.0	1/8	True	0	162.0	162.0	162.0	162a	4	647	False	True				False	420	i		a	i		i	i					m	True	True	(0, -3, 1)	()	0	0	minor	minor	i	i, minor	i		i	i	True	i	i, minor		i, minor		i	3	3	3	0	0	0	True	True	True
2588.0	2.0	323.5	72	0	C	0.0	2.5	0	2	2	1.0	1.0	1/8	True	0	162.0	162.0	162.0	162a	5	647	False	True				False	420	i		a	i		i	i					m	True	True	(0, -3, 1)	()	0	0	minor	minor	i	i, minor	i		i	i	True	i	i, minor		i, minor		i	3	3	3	-3	-3	-3	True	False	False
2590.0	2.0	323.75	57	3	A	0.0	2.75	0	2	2	3.0	1.0	1/8	True	0	162.0	162.0	162.0	162a	3	1295/2	False	False				False	420	i		a	i		i	i					m	True	True	(0, -3, 1)	()	0	0	minor	minor	i	i, minor	i		i	i	True	i	i, minor		i, minor		i	3	3	3	0	0	0	True	True	True
2590.0	2.0	323.75	64	4	E	0.0	2.75	0	2	2	2.0	1.0	1/8	True	0	162.0	162.0	162.0	162a	4	1295/2	False	False				False	420	i		a	i		i	i					m	True	True	(0, -3, 1)	()	0	0	minor	minor	i	i, minor	i		i	i	True	i	i, minor		i, minor		i	3	3	3	1	1	1	True	False	False
2590.0	2.0	323.75	72	0	C	0.0	2.75	0	2	2	1.0	1.0	1/8	True	0	162.0	162.0	162.0	162a	5	1295/2	False	False				False	420	i		a	i		i	i					m	True	True	(0, -3, 1)	()	0	0	minor	minor	i	i, minor	i		i	i	True	i	i, minor		i, minor		i	3	3	3	-3	-3	-3	True	False	False
2592.0	8.0	324.0	52	4	E	0.0	1.0	1	2	2	5.0	1.0	1/2	True	0	163.0	163.0	163.0	163a	3	648	False	True				False	421	V(4)		a	i		V(4)	V			4		M	True	True	(1, 0, 2)	()	1	1	minor	minor	i	i, minor	V		i	i	True	V	V, minor		V(4), minor		V	3	3	3	1	1	1	True	True	True
2592.0	8.0	324.0	52	4	E	0.0	1.0	1	2	2	6.0	1.0	1/2	True	0	163.0	163.0	163.0	163a	3	648	False	True				False	421	V(4)		a	i		V(4)	V			4		M	True	True	(1, 0, 2)	()	1	1	minor	minor	i	i, minor	V		i	i	True	V	V, minor		V(4), minor		V	3	3	3	1	1	1	True	True	True
2592.0	4.0	324.0	57	3	A	0.0	1.0	1	2	2	4.0	1.0	1/4	True	0	163.0	163.0	163.0	163a	3	648	False	True				False	421	V(4)		a	i		V(4)	V			4		M	True	True	(1, 0, 2)	()	1	1	minor	minor	i	i, minor	V		i	i	True	V	V, minor		V(4), minor		V	3	3	3	0	0	0	True	False	False
2592.0	8.0	324.0	59	5	B	0.0	1.0	1	2	2	3.0	1.0	1/2	True	0	163.0	163.0	163.0	163a	3	648	False	True				False	421	V(4)		a	i		V(4)	V			4		M	True	True	(1, 0, 2)	()	1	1	minor	minor	i	i, minor	V		i	i	True	V	V, minor		V(4), minor		V	3	3	3	2	2	2	True	False	False
2592.0	8.0	324.0	64	4	E	0.0	1.0	1	2	2	2.0	1.0	1/2	True	0	163.0	163.0	163.0	163a	4	648	False	True				False	421	V(4)		a	i		V(4)	V			4		M	True	True	(1, 0, 2)	()	1	1	minor	minor	i	i, minor	V		i	i	True	V	V, minor		V(4), minor		V	3	3	3	1	1	1	True	True	True
2592.0	8.0	324.0	71	5	B	0.0	1.0	1	2	2	1.0	1.0	1/2	True	0	163.0	163.0	163.0	163a	4	648	False	True				False	421	V(4)		a	i		V(4)	V			4		M	True	True	(1, 0, 2)	()	1	1	minor	minor	i	i, minor	V		i	i	True	V	V, minor		V(4), minor		V	3	3	3	2	2	2	True	False	False
2596.0	4.0	324.5	56	8	G	1.0	1.5	0	2	2	4.0	1.0	1/4	True	0	163.0	163.0	163.0	163a	3	649	False	True				False	422	V		a	i		V	V					M	True	True	(1, 5, 2)	()	1	1	minor	minor	i	i, minor	V		i	i	True	V	V, minor		V, minor		V	3	3	3	5	5	5	True	False	False
2600.0	8.0	325.0	45	3	A	0.0	2.0	2	2	2	5.0	1.0	1/2	True	0	163.0	163.0	163.0	163a	2	650	False	True			\\	True	423	I\\		a	i		I	I					M	True	True	(0, 4, 1)	()	0	0	minor	minor	i	i, minor	I		i	i	True	I	I, minor		I, minor		I	3	3	3	0	0	0	True	True	True
2600.0	8.0	325.0	45	3	A	0.0	2.0	2	2	2	6.0	1.0	1/2	True	0	163.0	163.0	163.0	163a	2	650	False	True			\\	True	423	I\\		a	i		I	I					M	True	True	(0, 4, 1)	()	0	0	minor	minor	i	i, minor	I		i	i	True	I	I, minor		I, minor		I	3	3	3	0	0	0	True	True	True
2600.0	8.0	325.0	57	3	A	0.0	2.0	2	2	2	4.0	1.0	1/2	True	0	163.0	163.0	163.0	163a	3	650	False	True			\\	True	423	I\\		a	i		I	I					M	True	True	(0, 4, 1)	()	0	0	minor	minor	i	i, minor	I		i	i	True	I	I, minor		I, minor		I	3	3	3	0	0	0	True	True	True
2600.0	8.0	325.0	61	7	C	1.0	2.0	2	2	2	3.0	1.0	1/2	True	0	163.0	163.0	163.0	163a	4	650	False	True			\\	True	423	I\\		a	i		I	I					M	True	True	(0, 4, 1)	()	0	0	minor	minor	i	i, minor	I		i	i	True	I	I, minor		I, minor		I	3	3	3	4	4	4	True	False	False
2600.0	8.0	325.0	64	4	E	0.0	2.0	2	2	2	2.0	1.0	1/2	True	0	163.0	163.0	163.0	163a	4	650	False	True			\\	True	423	I\\		a	i		I	I					M	True	True	(0, 4, 1)	()	0	0	minor	minor	i	i, minor	I		i	i	True	I	I, minor		I, minor		I	3	3	3	1	1	1	True	False	False
2600.0	8.0	325.0	69	3	A	0.0	2.0	2	2	2	1.0	1.0	1/2	True	0	163.0	163.0	163.0	163a	4	650	False	True			\\	True	423	I\\		a	i		I	I					M	True	True	(0, 4, 1)	()	0	0	minor	minor	i	i, minor	I		i	i	True	I	I, minor		I, minor		I	3	3	3	0	0	0	True	True	True
2608.0	16.0	326.0	50	2	D	0.0	1.0	1	2	2	5.0	1.0	1	True	0	164.0	164.0	164.0	164a	3	652	False	True				False	424	iv		a	i		iv	iv					m	True	True	(-1, -4, 0)	()	-1	-1	minor	minor	i	i, minor	iv		i	i	True	iv	iv, minor		iv, minor		iv	3	3	3	-1	-1	-1	True	True	True
2608.0	16.0	326.0	50	2	D	0.0	1.0	1	2	2	6.0	1.0	1	True	0	164.0	164.0	164.0	164a	3	652	False	True				False	424	iv		a	i		iv	iv					m	True	True	(-1, -4, 0)	()	-1	-1	minor	minor	i	i, minor	iv		i	i	True	iv	iv, minor		iv, minor		iv	3	3	3	-1	-1	-1	True	True	True
2608.0	16.0	326.0	57	3	A	0.0	1.0	1	2	2	4.0	1.0	1	True	0	164.0	164.0	164.0	164a	3	652	False	True				False	424	iv		a	i		iv	iv					m	True	True	(-1, -4, 0)	()	-1	-1	minor	minor	i	i, minor	iv		i	i	True	iv	iv, minor		iv, minor		iv	3	3	3	0	0	0	True	False	False
2608.0	8.0	326.0	62	2	D	0.0	1.0	1	2	2	3.0	1.0	1/2	True	0	164.0	164.0	164.0	164a	4	652	False	True				False	424	iv		a	i		iv	iv					m	True	True	(-1, -4, 0)	()	-1	-1	minor	minor	i	i, minor	iv		i	i	True	iv	iv, minor		iv, minor		iv	3	3	3	-1	-1	-1	True	True	True
2608.0	16.0	326.0	65	-1	F	0.0	1.0	1	2	2	2.0	1.0	1	True	0	164.0	164.0	164.0	164a	4	652	False	True				False	424	iv		a	i		iv	iv					m	True	True	(-1, -4, 0)	()	-1	-1	minor	minor	i	i, minor	iv		i	i	True	iv	iv, minor		iv, minor		iv	3	3	3	-4	-4	-4	True	False	False
2608.0	16.0	326.0	69	3	A	0.0	1.0	1	2	2	1.0	1.0	1	True	0	164.0	164.0	164.0	164a	4	652	False	True				False	424	iv		a	i		iv	iv					m	True	True	(-1, -4, 0)	()	-1	-1	minor	minor	i	i, minor	iv		i	i	True	iv	iv, minor		iv, minor		iv	3	3	3	0	0	0	True	False	False
2616.0	4.0	327.0	61	7	C	1.0	2.0	2	2	2	3.0	1.0	1/4	True	0	164.0	164.0	164.0	164a	4	654	False	True				False	425	ivM7		a	i		ivM7	iv	M	7			mM7	True	True	(-1, -4, 0, 4)	()	-1	-1	minor	minor	i	i, minor	iv		i	i	True	ivM7	ivM7, minor		ivM7, minor		iv	3	3	3	4	4	4	True	False	False
2620.0	4.0	327.5	59	5	B	0.0	2.5	0	2	2	3.0	1.0	1/4	True	0	164.0	164.0	164.0	164a	3	655	False	True				False	426	ii%65		a	i		ii%65	ii	%	65			%7	True	True	(-1, -4, 0, 2)	()	2	-1	minor	minor	i	i, minor	ii		i	i	True	ii%65	ii%65, minor		ii%65, minor		ii	3	3	3	2	2	2	True	True	False
2624.0	16.0	328.0	45	3	A	0.0	1.0	1	2	2	5.0	1.0	1	True	0	165.0	165.0	165.0	165a	2	656	False	True			\\	True	427	I\\		a	i		I	I					M	True	True	(0, 4, 1)	()	0	0	minor	minor	i	i, minor	I		i	i	True	I	I, minor		I, minor		I	3	3	3	0	0	0	True	True	True
2624.0	16.0	328.0	45	3	A	0.0	1.0	1	2	2	6.0	1.0	1	True	0	165.0	165.0	165.0	165a	2	656	False	True			\\	True	427	I\\		a	i		I	I					M	True	True	(0, 4, 1)	()	0	0	minor	minor	i	i, minor	I		i	i	True	I	I, minor		I, minor		I	3	3	3	0	0	0	True	True	True
2624.0	16.0	328.0	57	3	A	0.0	1.0	1	2	2	4.0	1.0	1	True	0	165.0	165.0	165.0	165a	3	656	False	True			\\	True	427	I\\		a	i		I	I					M	True	True	(0, 4, 1)	()	0	0	minor	minor	i	i, minor	I		i	i	True	I	I, minor		I, minor		I	3	3	3	0	0	0	True	True	True
2624.0	16.0	328.0	61	7	C	1.0	1.0	1	2	2	3.0	1.0	1	True	0	165.0	165.0	165.0	165a	4	656	False	True			\\	True	427	I\\		a	i		I	I					M	True	True	(0, 4, 1)	()	0	0	minor	minor	i	i, minor	I		i	i	True	I	I, minor		I, minor		I	3	3	3	4	4	4	True	False	False
2624.0	16.0	328.0	64	4	E	0.0	1.0	1	2	2	2.0	1.0	1	True	0	165.0	165.0	165.0	165a	4	656	False	True			\\	True	427	I\\		a	i		I	I					M	True	True	(0, 4, 1)	()	0	0	minor	minor	i	i, minor	I		i	i	True	I	I, minor		I, minor		I	3	3	3	1	1	1	True	False	False
2624.0	16.0	328.0	69	3	A	0.0	1.0	1	2	2	1.0	1.0	1	True	0	165.0	165.0	165.0	165a	4	656	False	True			\\	True	427	I\\		a	i		I	I					M	True	True	(0, 4, 1)	()	0	0	minor	minor	i	i, minor	I		i	i	True	I	I, minor		I, minor		I	3	3	3	0	0	0	True	True	True
																					26		True				False	12	V(4)/VII		a	i		V(4)/VII	V			4	VII	M	True	True	(-1, -2, 0)	()	-1	-1	minor	minor	i	i, minor	V/VII	VII	VII/i	VII	False	V/VII	V/VII, minor		V(4)/VII, minor	VII	VII	3	3	1						
