onset_div	duration_div	continuous_beats	pitch	tpc	step	alter	beat_float	downbeat	ts_beats	ts_beat_type	staff	voice	duration	is_note_onset	ks_fifths	mc	mc_playthrough	mn	mn_playthrough	octave	quarterbeats_playthrough	section_start	is_harmony_onset	cadence	cadence_type	phraseend	is_phrase_ending	unfolded_harmony_index	label	alt_label	globalkey	localkey	pedal	chord	numeral	form	figbass	changes	relativeroot	chord_type	globalkey_is_minor	localkey_is_minor	chord_tones	added_tones	root	bass_note	globalkey_mode	localkey_mode	localkey_resolved	localkey_and_mode	root_roman	relativeroot_resolved	effective_localkey	effective_localkey_resolved	effective_localkey_is_minor	chord_reduced	chord_reduced_and_mode	pedal_resolved	chord_and_mode	applied_to_numeral	numeral_or_applied_to_numeral	globalkey_tpc	localkey_tpc	tonicized_tpc	sic_with_global	sic_with_local	sic_with_tonicized	tpc_is_in_label	tpc_is_root	tpc_is_bass
0.0	12.0	0.0	50	2	D	0.0	1.0	1	4	4	3.0	1.0	3/4	True	0	1.0	1.0	1.0	1a	3	0	True	True				False	0	d.i		d	i		i	i					m	True	True	(0, -3, 1)	()	0	0	minor	minor	i	i, minor	i		i	i	True	i	i, minor		i, minor		i	2	2	2	0	0	0	True	True	True
0.0	16.0	0.0	69	3	A	0.0	1.0	1	4	4	1.0	1.0	1	True	0	1.0	1.0	1.0	1a	4	0	True	True				False	0	d.i		d	i		i	i					m	True	True	(0, -3, 1)	()	0	0	minor	minor	i	i, minor	i		i	i	True	i	i, minor		i, minor		i	2	2	2	1	1	1	True	False	False
12.0	4.0	3.0	52	4	E	0.0	4.0	4	4	4	3.0	1.0	1/4	True	0	1.0	1.0	1.0	1a	3	3	False	False				False	0	d.i		d	i		i	i					m	True	True	(0, -3, 1)	()	0	0	minor	minor	i	i, minor	i		i	i	True	i	i, minor		i, minor		i	2	2	2	2	2	2	False	False	False
16.0	8.0	4.0	53	-1	F	0.0	1.0	1	4	4	3.0	1.0	1/2	True	0	2.0	2.0	2.0	2a	3	4	False	True				False	1	i6		d	i		i6	i		6			m	True	True	(-3, 1, 0)	()	0	-3	minor	minor	i	i, minor	i		i	i	True	i6	i6, minor		i6, minor		i	2	2	2	-3	-3	-3	True	False	True
16.0	8.0	4.0	69	3	A	0.0	1.0	1	4	4	1.0	1.0	1/2	False	0	2.0	2.0	2.0	2a	4	4	False	True				False	1	i6		d	i		i6	i		6			m	True	True	(-3, 1, 0)	()	0	-3	minor	minor	i	i, minor	i		i	i	True	i6	i6, minor		i6, minor		i	2	2	2	1	1	1	True	False	False
24.0	8.0	6.0	55	1	G	0.0	3.0	3	4	4	3.0	1.0	1/2	True	0	2.0	2.0	2.0	2a	3	6	False	True				False	2	IV		d	i		IV	IV					M	True	True	(-1, 3, 0)	()	-1	-1	minor	minor	i	i, minor	IV		i	i	True	IV	IV, minor		IV, minor		IV	2	2	2	-1	-1	-1	True	True	True
24.0	4.0	6.0	71	5	B	0.0	3.0	3	4	4	1.0	1.0	1/4	True	0	2.0	2.0	2.0	2a	4	6	False	True				False	2	IV		d	i		IV	IV					M	True	True	(-1, 3, 0)	()	-1	-1	minor	minor	i	i, minor	IV		i	i	True	IV	IV, minor		IV, minor		IV	2	2	2	3	3	3	True	False	False
28.0	4.0	7.0	71	5	B	0.0	4.0	4	4	4	1.0	1.0	1/4	True	0	2.0	2.0	2.0	2a	4	7	False	False				False	2	IV		d	i		IV	IV					M	True	True	(-1, 3, 0)	()	-1	-1	minor	minor	i	i, minor	IV		i	i	True	IV	IV, minor		IV, minor		IV	2	2	2	3	3	3	True	False	False
32.0	8.0	8.0	57	3	A	0.0	1.0	1	4	4	3.0	1.0	1/2	True	0	3.0	3.0	3.0	3a	3	8	False	True				False	3	V		d	i		V	V					M	True	True	(1, 5, 2)	()	1	1	minor	minor	i	i, minor	V		i	i	True	V	V, minor		V, minor		V	2	2	2	1	1	1	True	True	True
32.0	8.0	8.0	73	7	C	1.0	1.0	1	4	4	1.0	1.0	1/2	True	0	3.0	3.0	3.0	3a	5	8	False	True				False	3	V		d	i		V	V					M	True	True	(1, 5, 2)	()	1	1	minor	minor	i	i, minor	V		i	i	True	V	V, minor		V, minor		V	2	2	2	5	5	5	True	False	False
40.0	8.0	10.0	50	2	D	0.0	3.0	3	4	4	3.0	1.0	1/2	True	0	3.0	3.0	3.0	3a	3	10	False	True				False	4	i		d	i		i	i					m	True	True	(0, -3, 1)	()	0	0	minor	minor	i	i, minor	i		i	i	True	i	i, minor		i, minor		i	2	2	2	0	0	0	True	True	True
40.0	8.0	10.0	74	2	D	0.0	3.0	3	4	4	1.0	1.0	1/2	True	0	3.0	3.0	3.0	3a	5	10	False	True				False	4	i		d	i		i	i					m	True	True	(0, -3, 1)	()	0	0	minor	minor	i	i, minor	i		i	i	True	i	i, minor		i, minor		i	2	2	2	0	0	0	True	True	True
48.0	8.0	12.0	57	3	A	0.0	1.0	1	4	4	3.0	1.0	1/2	True	0	4.0	4.0	4.0	4a	3	12	False	True				False	5	V(4)		d	i		V(4)	V			4		M	True	True	(1, 0, 2)	()	1	1	minor	minor	i	i, minor	V		i	i	True	V	V, minor		V(4), minor		V	2	2	2	1	1	1	True	True	True
48.0	8.0	12.0	74	2	D	0.0	1.0	1	4	4	1.0	1.0	1/2	True	0	4.0	4.0	4.0	4a	5	12	False	True				False	5	V(4)		d	i		V(4)	V			4		M	True	True	(1, 0, 2)	()	1	1	minor	minor	i	i, minor	V		i	i	True	V	V, minor		V(4), minor		V	2	2	2	0	0	0	True	False	False
56.0	8.0	14.0	57	3	A	0.0	3.0	3	4	4	3.0	1.0	1/2	False	0	4.0	4.0	4.0	4a	3	14	False	True				False	6	V		d	i		V	V					M	True	True	(1, 5, 2)	()	1	1	minor	minor	i	i, minor	V		i	i	True	V	V, minor		V, minor		V	2	2	2	1	1	1	True	True	True
56.0	8.0	14.0	73	7	C	1.0	3.0	3	4	4	1.0	1.0	1/2	True	0	4.0	4.0	4.0	4a	5	14	False	True				False	6	V		d	i		V	V					M	True	True	(1, 5, 2)	()	1	1	minor	minor	i	i, minor	V		i	i	True	V	V, minor		V, minor		V	2	2	2	5	5	5	True	False	False
64.0	16.0	16.0	50	2	D	0.0	1.0	1	4	4	3.0	1.0	1	True	0	5.0	5.0	5.0	5a	3	16	False	True			\\	True	7	i\\		d	i		i	i					m	True	True	(0, -3, 1)	()	0	0	minor	minor	i	i, minor	i		i	i	True	i	i, minor		i, minor		i	2	2	2	0	0	0	True	True	True
64.0	8.0	16.0	74	2	D	0.0	1.0	1	4	4	1.0	1.0	1/2	True	0	5.0	5.0	5.0	5a	5	16	False	True			\\	True	7	i\\		d	i		i	i					m	True	True	(0, -3, 1)	()	0	0	minor	minor	i	i, minor	i		i	i	True	i	i, minor		i, minor		i	2	2	2	0	0	0	True	True	True
72.0	8.0	18.0	62	2	D	0.0	3.0	3	4	4	1.0	1.0	1/2	True	0	5.0	5.0	5.0	5a	4	18	False	False				False	7	i\\		d	i		i	i					m	True	True	(0, -3, 1)	()	0	0	minor	minor	i	i, minor	i		i	i	True	i	i, minor		i, minor		i	2	2	2	0	0	0	True	True	True
80.0	16.0	20.0	50	2	D	0.0	1.0	1	4	4	3.0	1.0	1	True	0	6.0	6.0	6.0	6a	3	20	False	False				False	7	i\\		d	i		i	i					m	True	True	(0, -3, 1)	()	0	0	minor	minor	i	i, minor	i		i	i	True	i	i, minor		i, minor		i	2	2	2	0	0	0	True	True	True
80.0	8.0	20.0	62	2	D	0.0	1.0	1	4	4	1.0	1.0	1/2	False	0	6.0	6.0	6.0	6a	4	20	False	False				False	7	i\\		d	i		i	i					m	True	True	(0, -3, 1)	()	0	0	minor	minor	i	i, minor	i		i	i	True	i	i, minor		i, minor		i	2	2	2	0	0	0	True	True	True
88.0	8.0	22.0	62	2	D	0.0	3.0	3	4	4	1.0	1.0	1/2	True	0	6.0	6.0	6.0	6a	4	22	False	False				False	7	i\\		d	i		i	i					m	True	True	(0, -3, 1)	()	0	0	minor	minor	i	i, minor	i		i	i	True	i	i, minor		i, minor		i	2	2	2	0	0	0	True	True	True
96.0	8.0	24.0	48	0	C	0.0	1.0	1	4	4	3.0	1.0	1/2	True	0	7.0	7.0	7.0	7a	3	24	False	True				False	8	v6		d	i		v6	v		6			m	True	True	(-2, 2, 1)	()	1	-2	minor	minor	i	i, minor	v		i	i	True	v6	v6, minor		v6, minor		v	2	2	2	-2	-2	-2	True	False	True
96.0	8.0	24.0	64	4	E	0.0	1.0	1	4	4	1.0	1.0	1/2	True	0	7.0	7.0	7.0	7a	4	24	False	True				False	8	v6		d	i		v6	v		6			m	True	True	(-2, 2, 1)	()	1	-2	minor	minor	i	i, minor	v		i	i	True	v6	v6, minor		v6, minor		v	2	2	2	2	2	2	True	False	False
104.0	8.0	26.0	50	2	D	0.0	3.0	3	4	4	3.0	1.0	1/2	True	0	7.0	7.0	7.0	7a	3	26	False	True				False	9	IV/v		d	i		IV/v	IV				v	M	True	True	(0, 4, 1)	()	0	0	minor	minor	i	i, minor	IV/v	v	v/i	v	True	IV/v	IV/v, minor		IV/v, minor	v	v	2	2	3	0	0	-1	True	True	True
104.0	8.0	26.0	66	6	F	1.0	3.0	3	4	4	1.0	1.0	1/2	True	0	7.0	7.0	7.0	7a	4	26	False	True				False	9	IV/v		d	i		IV/v	IV				v	M	True	True	(0, 4, 1)	()	0	0	minor	minor	i	i, minor	IV/v	v	v/i	v	True	IV/v	IV/v, minor		IV/v, minor	v	v	2	2	3	4	4	3	True	False	False
112.0	8.0	28.0	52	4	E	0.0	1.0	1	4	4	3.0	1.0	1/2	True	0	8.0	8.0	8.0	8a	3	28	False	True				False	10	V/v		d	i		V/v	V				v	M	True	True	(2, 6, 3)	()	2	2	minor	minor	i	i, minor	V/v	v	v/i	v	True	V/v	V/v, minor		V/v, minor	v	v	2	2	3	2	2	1	True	True	True
112.0	8.0	28.0	68	8	G	1.0	1.0	1	4	4	1.0	1.0	1/2	True	0	8.0	8.0	8.0	8a	4	28	False	True				False	10	V/v		d	i		V/v	V				v	M	True	True	(2, 6, 3)	()	2	2	minor	minor	i	i, minor	V/v	v	v/i	v	True	V/v	V/v, minor		V/v, minor	v	v	2	2	3	6	6	5	True	False	False
120.0	8.0	30.0	53	-1	F	0.0	3.0	3	4	4	3.0	1.0	1/2	True	0	8.0	8.0	8.0	8a	3	30	False	True				False	11	VI/v	iv6/v	d	i		VI/v	VI				v	M	True	True	(-3, 1, -2)	()	-3	-3	minor	minor	i	i, minor	VI/v	v	v/i	v	True	VI/v	VI/v, minor		VI/v, minor	v	v	2	2	3	-3	-3	-4	True	True	True
120.0	4.0	30.0	69	3	A	0.0	3.0	3	4	4	1.0	1.0	1/4	True	0	8.0	8.0	8.0	8a	4	30	False	True				False	11	VI/v	iv6/v	d	i		VI/v	VI				v	M	True	True	(-3, 1, -2)	()	-3	-3	minor	minor	i	i, minor	VI/v	v	v/i	v	True	VI/v	VI/v, minor		VI/v, minor	v	v	2	2	3	1	1	0	True	False	False
124.0	4.0	31.0	69	3	A	0.0	4.0	4	4	4	1.0	1.0	1/4	True	0	8.0	8.0	8.0	8a	4	31	False	False				False	11	VI/v	iv6/v	d	i		VI/v	VI				v	M	True	True	(-3, 1, -2)	()	-3	-3	minor	minor	i	i, minor	VI/v	v	v/i	v	True	VI/v	VI/v, minor		VI/v, minor	v	v	2	2	3	1	1	0	True	False	False
128.0	8.0	32.0	52	4	E	0.0	1.0	1	4	4	3.0	1.0	1/2	True	0	9.0	9.0	9.0	9a	3	32	False	True				False	12	V(4)/v		d	i		V(4)/v	V			4	v	M	True	True	(2, 1, 3)	()	2	2	minor	minor	i	i, minor	V/v	v	v/i	v	True	V/v	V/v, minor		V(4)/v, minor	v	v	2	2	3	2	2	1	True	True	True
128.0	8.0	32.0	69	3	A	0.0	1.0	1	4	4	1.0	1.0	1/2	True	0	9.0	9.0	9.0	9a	4	32	False	True				False	12	V(4)/v		d	i		V(4)/v	V			4	v	M	True	True	(2, 1, 3)	()	2	2	minor	minor	i	i, minor	V/v	v	v/i	v	True	V/v	V/v, minor		V(4)/v, minor	v	v	2	2	3	1	1	0	True	False	False
136.0	8.0	34.0	52	4	E	0.0	3.0	3	4	4	3.0	1.0	1/2	False	0	9.0	9.0	9.0	9a	3	34	False	True				False	13	V/v		d	i		V/v	V				v	M	True	True	(2, 6, 3)	()	2	2	minor	minor	i	i, minor	V/v	v	v/i	v	True	V/v	V/v, minor		V/v, minor	v	v	2	2	3	2	2	1	True	True	True
136.0	8.0	34.0	68	8	G	1.0	3.0	3	4	4	1.0	1.0	1/2	True	0	9.0	9.0	9.0	9a	4	34	False	True				False	13	V/v		d	i		V/v	V				v	M	True	True	(2, 6, 3)	()	2	2	minor	minor	i	i, minor	V/v	v	v/i	v	True	V/v	V/v, minor		V/v, minor	v	v	2	2	3	6	6	5	True	False	False
144.0	16.0	36.0	45	3	A	0.0	1.0	1	4	4	3.0	1.0	1	True	0	10.0	10.0	10.0	10a	2	36	False	True			\\	True	14	v\\		d	i		v	v					m	True	True	(1, -2, 2)	()	1	1	minor	minor	i	i, minor	v		i	i	True	v	v, minor		v, minor		v	2	2	2	1	1	1	True	True	True
144.0	16.0	36.0	57	3	A	0.0	1.0	1	4	4	2.0	1.0	1	True	0	10.0	10.0	10.0	10a	3	36	False	True			\\	True	14	v\\		d	i		v	v					m	True	True	(1, -2, 2)	()	1	1	minor	minor	i	i, minor	v		i	i	True	v	v, minor		v, minor		v	2	2	2	1	1	1	True	True	True
144.0	8.0	36.0	69	3	A	0.0	1.0	1	4	4	1.0	1.0	1/2	True	0	10.0	10.0	10.0	10a	4	36	False	True			\\	True	14	v\\		d	i		v	v					m	True	True	(1, -2, 2)	()	1	1	minor	minor	i	i, minor	v		i	i	True	v	v, minor		v, minor		v	2	2	2	1	1	1	True	True	True
156.0	2.0	39.0	69	3	A	0.0	4.0	4	4	4	1.0	1.0	1/8	True	0	10.0	10.0	10.0	10a	4	39	False	False				False	14	v\\		d	i		v	v					m	True	True	(1, -2, 2)	()	1	1	minor	minor	i	i, minor	v		i	i	True	v	v, minor		v, minor		v	2	2	2	1	1	1	True	True	True
158.0	2.0	39.5	68	8	G	1.0	4.5	0	4	4	1.0	1.0	1/8	True	0	10.0	10.0	10.0	10a	4	79/2	False	False				False	14	v\\		d	i		v	v					m	True	True	(1, -2, 2)	()	1	1	minor	minor	i	i, minor	v		i	i	True	v	v, minor		v, minor		v	2	2	2	6	6	6	False	False	False
160.0	8.0	40.0	50	2	D	0.0	1.0	1	4	4	3.0	1.0	1/2	True	0	11.0	11.0	11.0	11a	3	40	False	True				False	15	V/IV		d	i		V/IV	V				IV	M	True	True	(0, 4, 1)	()	0	0	minor	minor	i	i, minor	V/IV	IV	IV/i	IV	False	V/IV	V/IV, minor		V/IV, minor	IV	IV	2	2	1	0	0	1	True	True	True
160.0	8.0	40.0	57	3	A	0.0	1.0	1	4	4	2.0	1.0	1/2	False	0	11.0	11.0	11.0	11a	3	40	False	True				False	15	V/IV		d	i		V/IV	V				IV	M	True	True	(0, 4, 1)	()	0	0	minor	minor	i	i, minor	V/IV	IV	IV/i	IV	False	V/IV	V/IV, minor		V/IV, minor	IV	IV	2	2	1	1	1	2	True	False	False
160.0	2.0	40.0	66	6	F	1.0	1.0	1	4	4	1.0	1.0	1/8	True	0	11.0	11.0	11.0	11a	4	40	False	True				False	15	V/IV		d	i		V/IV	V				IV	M	True	True	(0, 4, 1)	()	0	0	minor	minor	i	i, minor	V/IV	IV	IV/i	IV	False	V/IV	V/IV, minor		V/IV, minor	IV	IV	2	2	1	4	4	5	True	False	False
162.0	2.0	40.5	62	2	D	0.0	1.5	0	4	4	1.0	1.0	1/8	True	0	11.0	11.0	11.0	11a	4	81/2	False	False				False	15	V/IV		d	i		V/IV	V				IV	M	True	True	(0, 4, 1)	()	0	0	minor	minor	i	i, minor	V/IV	IV	IV/i	IV	False	V/IV	V/IV, minor		V/IV, minor	IV	IV	2	2	1	0	0	1	True	True	True
164.0	2.0	41.0	74	2	D	0.0	2.0	2	4	4	1.0	1.0	1/8	True	0	11.0	11.0	11.0	11a	5	41	False	True				False	16	V7/IV		d	i		V7/IV	V		7		IV	Mm7	True	True	(0, 4, 1, -2)	()	0	0	minor	minor	i	i, minor	V/IV	IV	IV/i	IV	False	V7/IV	V7/IV, minor		V7/IV, minor	IV	IV	2	2	1	0	0	1	True	True	True
166.0	2.0	41.5	72	0	C	0.0	2.5	0	4	4	1.0	1.0	1/8	True	0	11.0	11.0	11.0	11a	5	83/2	False	False				False	16	V7/IV		d	i		V7/IV	V		7		IV	Mm7	True	True	(0, 4, 1, -2)	()	0	0	minor	minor	i	i, minor	V/IV	IV	IV/i	IV	False	V7/IV	V7/IV, minor		V7/IV, minor	IV	IV	2	2	1	-2	-2	-1	True	False	False
168.0	8.0	42.0	55	1	G	0.0	3.0	3	4	4	3.0	1.0	1/2	True	0	11.0	11.0	11.0	11a	3	42	False	True				False	17	V/VII		d	i		V/VII	V				VII	M	True	True	(-1, 3, 0)	()	-1	-1	minor	minor	i	i, minor	V/VII	VII	VII/i	VII	False	V/VII	V/VII, minor		V/VII, minor	VII	VII	2	2	0	-1	-1	1	True	True	True
168.0	4.0	42.0	59	5	B	0.0	3.0	3	4	4	2.0	1.0	1/4	True	0	11.0	11.0	11.0	11a	3	42	False	True				False	17	V/VII		d	i		V/VII	V				VII	M	True	True	(-1, 3, 0)	()	-1	-1	minor	minor	i	i, minor	V/VII	VII	VII/i	VII	False	V/VII	V/VII, minor		V/VII, minor	VII	VII	2	2	0	3	3	5	True	False	False
168.0	2.0	42.0	71	5	B	0.0	3.0	3	4	4	1.0	1.0	1/8	True	0	11.0	11.0	11.0	11a	4	42	False	True				False	17	V/VII		d	i		V/VII	V				VII	M	True	True	(-1, 3, 0)	()	-1	-1	minor	minor	i	i, minor	V/VII	VII	VII/i	VII	False	V/VII	V/VII, minor		V/VII, minor	VII	VII	2	2	0	3	3	5	True	False	False
170.0	2.0	42.5	67	1	G	0.0	3.5	0	4	4	1.0	1.0	1/8	True	0	11.0	11.0	11.0	11a	4	85/2	False	False				False	17	V/VII		d	i		V/VII	V				VII	M	True	True	(-1, 3, 0)	()	-1	-1	minor	minor	i	i, minor	V/VII	VII	VII/i	VII	False	V/VII	V/VII, minor		V/VII, minor	VII	VII	2	2	0	-1	-1	1	True	True	True
172.0	4.0	43.0	59	5	B	0.0	4.0	4	4	4	2.0	1.0	1/4	True	0	11.0	11.0	11.0	11a	3	43	False	True				False	18	V7/VII		d	i		V7/VII	V		7		VII	Mm7	True	True	(-1, 3, 0, -3)	()	-1	-1	minor	minor	i	i, minor	V/VII	VII	VII/i	VII	False	V7/VII	V7/VII, minor		V7/VII, minor	VII	VII	2	2	0	3	3	5	True	False	False
172.0	2.0	43.0	67	1	G	0.0	4.0	4	4	4	1.0	1.0	1/8	True	0	11.0	11.0	11.0	11a	4	43	False	True				False	18	V7/VII		d	i		V7/VII	V		7		VII	Mm7	True	True	(-1, 3, 0, -3)	()	-1	-1	minor	minor	i	i, minor	V/VII	VII	VII/i	VII	False	V7/VII	V7/VII, minor		V7/VII, minor	VII	VII	2	2	0	-1	-1	1	True	True	True
174.0	2.0	43.5	65	-1	F	0.0	4.5	0	4	4	1.0	1.0	1/8	True	0	11.0	11.0	11.0	11a	4	87/2	False	False				False	18	V7/VII		d	i		V7/VII	V		7		VII	Mm7	True	True	(-1, 3, 0, -3)	()	-1	-1	minor	minor	i	i, minor	V/VII	VII	VII/i	VII	False	V7/VII	V7/VII, minor		V7/VII, minor	VII	VII	2	2	0	-3	-3	-1	True	False	False
176.0	8.0	44.0	57	3	A	0.0	1.0	1	4	4	3.0	1.0	1/2	True	0	12.0	12.0	12.0	12a	3	44	False	True				False	19	V		d	i		V	V					M	True	True	(1, 5, 2)	()	1	1	minor	minor	i	i, minor	V		i	i	True	V	V, minor		V, minor		V	2	2	2	1	1	1	True	True	True
176.0	8.0	44.0	61	7	C	1.0	1.0	1	4	4	2.0	1.0	1/2	True	0	12.0	12.0	12.0	12a	4	44	False	True				False	19	V		d	i		V	V					M	True	True	(1, 5, 2)	()	1	1	minor	minor	i	i, minor	V		i	i	True	V	V, minor		V, minor		V	2	2	2	5	5	5	True	False	False
176.0	2.0	44.0	64	4	E	0.0	1.0	1	4	4	1.0	1.0	1/8	True	0	12.0	12.0	12.0	12a	4	44	False	True				False	19	V		d	i		V	V					M	True	True	(1, 5, 2)	()	1	1	minor	minor	i	i, minor	V		i	i	True	V	V, minor		V, minor		V	2	2	2	2	2	2	True	False	False
178.0	2.0	44.5	61	7	C	1.0	1.5	0	4	4	1.0	1.0	1/8	True	0	12.0	12.0	12.0	12a	4	89/2	False	False				False	19	V		d	i		V	V					M	True	True	(1, 5, 2)	()	1	1	minor	minor	i	i, minor	V		i	i	True	V	V, minor		V, minor		V	2	2	2	5	5	5	True	False	False
180.0	2.0	45.0	69	3	A	0.0	2.0	2	4	4	1.0	1.0	1/8	True	0	12.0	12.0	12.0	12a	4	45	False	True				False	20	V7		d	i		V7	V		7			Mm7	True	True	(1, 5, 2, -1)	()	1	1	minor	minor	i	i, minor	V		i	i	True	V7	V7, minor		V7, minor		V	2	2	2	1	1	1	True	True	True
182.0	2.0	45.5	67	1	G	0.0	2.5	0	4	4	1.0	1.0	1/8	True	0	12.0	12.0	12.0	12a	4	91/2	False	False				False	20	V7		d	i		V7	V		7			Mm7	True	True	(1, 5, 2, -1)	()	1	1	minor	minor	i	i, minor	V		i	i	True	V7	V7, minor		V7, minor		V	2	2	2	-1	-1	-1	True	False	False
184.0	8.0	46.0	58	-2	B	-1.0	3.0	3	4	4	3.0	1.0	1/2	True	0	12.0	12.0	12.0	12a	3	46	False	True				False	21	VI		d	i		VI	VI					M	True	True	(-4, 0, -3)	()	-4	-4	minor	minor	i	i, minor	VI		i	i	True	VI	VI, minor		VI, minor		VI	2	2	2	-4	-4	-4	True	True	True
184.0	8.0	46.0	62	2	D	0.0	3.0	3	4	4	2.0	1.0	1/2	True	0	12.0	12.0	12.0	12a	4	46	False	True				False	21	VI		d	i		VI	VI					M	True	True	(-4, 0, -3)	()	-4	-4	minor	minor	i	i, minor	VI		i	i	True	VI	VI, minor		VI, minor		VI	2	2	2	0	0	0	True	False	False
184.0	2.0	46.0	65	-1	F	0.0	3.0	3	4	4	1.0	1.0	1/8	True	0	12.0	12.0	12.0	12a	4	46	False	True				False	21	VI		d	i		VI	VI					M	True	True	(-4, 0, -3)	()	-4	-4	minor	minor	i	i, minor	VI		i	i	True	VI	VI, minor		VI, minor		VI	2	2	2	-3	-3	-3	True	False	False
186.0	2.0	46.5	62	2	D	0.0	3.5	0	4	4	1.0	1.0	1/8	True	0	12.0	12.0	12.0	12a	4	93/2	False	False				False	21	VI		d	i		VI	VI					M	True	True	(-4, 0, -3)	()	-4	-4	minor	minor	i	i, minor	VI		i	i	True	VI	VI, minor		VI, minor		VI	2	2	2	0	0	0	True	False	False
188.0	2.0	47.0	67	1	G	0.0	4.0	4	4	4	1.0	1.0	1/8	True	0	12.0	12.0	12.0	12a	4	47	False	True				False	22	iv65		d	i		iv65	iv		65			mm7	True	True	(-4, 0, -3, -1)	()	-1	-4	minor	minor	i	i, minor	iv		i	i	True	iv65	iv65, minor		iv65, minor		iv	2	2	2	-1	-1	-1	True	True	False
190.0	2.0	47.5	65	-1	F	0.0	4.5	0	4	4	1.0	1.0	1/8	True	0	12.0	12.0	12.0	12a	4	95/2	False	False				False	22	iv65		d	i		iv65	iv		65			mm7	True	True	(-4, 0, -3, -1)	()	-1	-4	minor	minor	i	i, minor	iv		i	i	True	iv65	iv65, minor		iv65, minor		iv	2	2	2	-3	-3	-3	True	False	False
192.0	8.0	48.0	55	1	G	0.0	1.0	1	4	4	3.0	1.0	1/2	True	0	13.0	13.0	13.0	13a	3	48	False	True				False	23	ii%65		d	i		ii%65	ii	%	65			%7	True	True	(-1, -4, 0, 2)	()	2	-1	minor	minor	i	i, minor	ii		i	i	True	ii%65	ii%65, minor		ii%65, minor		ii	2	2	2	-1	-1	-1	True	False	True
192.0	8.0	48.0	62	2	D	0.0	1.0	1	4	4	2.0	1.0	1/2	True	0	13.0	13.0	13.0	13a	4	48	False	True				False	23	ii%65		d	i		ii%65	ii	%	65			%7	True	True	(-1, -4, 0, 2)	()	2	-1	minor	minor	i	i, minor	ii		i	i	True	ii%65	ii%65, minor		ii%65, minor		ii	2	2	2	0	0	0	True	False	False
192.0	16.0	48.0	64	4	E	0.0	1.0	1	4	4	1.0	1.0	1	True	0	13.0	13.0	13.0	13a	4	48	False	True				False	23	ii%65		d	i		ii%65	ii	%	65			%7	True	True	(-1, -4, 0, 2)	()	2	-1	minor	minor	i	i, minor	ii		i	i	True	ii%65	ii%65, minor		ii%65, minor		ii	2	2	2	2	2	2	True	True	False
200.0	8.0	50.0	57	3	A	0.0	3.0	3	4	4	3.0	1.0	1/2	True	0	13.0	13.0	13.0	13a	3	50	False	True				False	24	V		d	i		V	V					M	True	True	(1, 5, 2)	()	1	1	minor	minor	i	i, minor	V		i	i	True	V	V, minor		V, minor		V	2	2	2	1	1	1	True	True	True
200.0	8.0	50.0	61	7	C	1.0	3.0	3	4	4	2.0	1.0	1/2	True	0	13.0	13.0	13.0	13a	4	50	False	True				False	24	V		d	i		V	V					M	True	True	(1, 5, 2)	()	1	1	minor	minor	i	i, minor	V		i	i	True	V	V, minor		V, minor		V	2	2	2	5	5	5	True	False	False
208.0	16.0	52.0	50	2	D	0.0	1.0	1	4	4	3.0	1.0	1	True	0	14.0	14.0	14.0	14a	3	52	False	True			\\	True	25	i\\		d	i		i	i					m	True	True	(0, -3, 1)	()	0	0	minor	minor	i	i, minor	i		i	i	True	i	i, minor		i, minor		i	2	2	2	0	0	0	True	True	True
208.0	8.0	52.0	62	2	D	0.0	1.0	1	4	4	2.0	1.0	1/2	True	0	14.0	14.0	14.0	14a	4	52	False	True			\\	True	25	i\\		d	i		i	i					m	True	True	(0, -3, 1)	()	0	0	minor	minor	i	i, minor	i		i	i	True	i	i, minor		i, minor		i	2	2	2	0	0	0	True	True	True
208.0	16.0	52.0	62	2	D	0.0	1.0	1	4	4	1.0	1.0	1	True	0	14.0	14.0	14.0	14a	4	52	False	True			\\	True	25	i\\		d	i		i	i					m	True	True	(0, -3, 1)	()	0	0	minor	minor	i	i, minor	i		i	i	True	i	i, minor		i, minor		i	2	2	2	0	0	0	True	True	True
216.0	8.0	54.0	50	2	D	0.0	3.0	3	4	4	2.0	1.0	1/2	True	0	14.0	14.0	14.0	14a	3	54	False	False				False	25	i\\		d	i		i	i					m	True	True	(0, -3, 1)	()	0	0	minor	minor	i	i, minor	i		i	i	True	i	i, minor		i, minor		i	2	2	2	0	0	0	True	True	True
224.0	8.0	56.0	50	2	D	0.0	1.0	1	4	4	2.0	1.0	1/2	False	0	15.0	15.0	15.0	15a	3	56	False	False				False	25	i\\		d	i		i	i					m	True	True	(0, -3, 1)	()	0	0	minor	minor	i	i, minor	i		i	i	True	i	i, minor		i, minor		i	2	2	2	0	0	0	True	True	True
224.0	16.0	56.0	50	2	D	0.0	1.0	1	4	4	3.0	1.0	1	True	0	15.0	15.0	15.0	15a	3	56	False	False				False	25	i\\		d	i		i	i					m	True	True	(0, -3, 1)	()	0	0	minor	minor	i	i, minor	i		i	i	True	i	i, minor		i, minor		i	2	2	2	0	0	0	True	True	True
232.0	8.0	58.0	50	2	D	0.0	3.0	3	4	4	2.0	1.0	1/2	True	0	15.0	15.0	15.0	15a	3	58	False	False				False	25	i\\		d	i		i	i					m	True	True	(0, -3, 1)	()	0	0	minor	minor	i	i, minor	i		i	i	True	i	i, minor		i, minor		i	2	2	2	0	0	0	True	True	True
240.0	8.0	60.0	48	0	C	0.0	1.0	1	4	4	3.0	1.0	1/2	True	0	16.0	16.0	16.0	16a	3	60	False	True				False	26	v6		d	i		v6	v		6			m	True	True	(-2, 2, 1)	()	1	-2	minor	minor	i	i, minor	v		i	i	True	v6	v6, minor		v6, minor		v	2	2	2	-2	-2	-2	True	False	True
240.0	8.0	60.0	52	4	E	0.0	1.0	1	4	4	2.0	1.0	1/2	True	0	16.0	16.0	16.0	16a	3	60	False	True				False	26	v6		d	i		v6	v		6			m	True	True	(-2, 2, 1)	()	1	-2	minor	minor	i	i, minor	v		i	i	True	v6	v6, minor		v6, minor		v	2	2	2	2	2	2	True	False	False
248.0	8.0	62.0	50	2	D	0.0	3.0	3	4	4	3.0	1.0	1/2	True	0	16.0	16.0	16.0	16a	3	62	False	True				False	27	IV/v		d	i		IV/v	IV				v	M	True	True	(0, 4, 1)	()	0	0	minor	minor	i	i, minor	IV/v	v	v/i	v	True	IV/v	IV/v, minor		IV/v, minor	v	v	2	2	3	0	0	-1	True	True	True
248.0	8.0	62.0	54	6	F	1.0	3.0	3	4	4	2.0	1.0	1/2	True	0	16.0	16.0	16.0	16a	3	62	False	True				False	27	IV/v		d	i		IV/v	IV				v	M	True	True	(0, 4, 1)	()	0	0	minor	minor	i	i, minor	IV/v	v	v/i	v	True	IV/v	IV/v, minor		IV/v, minor	v	v	2	2	3	4	4	3	True	False	False
256.0	8.0	64.0	52	4	E	0.0	1.0	1	4	4	3.0	1.0	1/2	True	0	17.0	17.0	17.0	17a	3	64	False	True				False	28	V/v		d	i		V/v	V				v	M	True	True	(2, 6, 3)	()	2	2	minor	minor	i	i, minor	V/v	v	v/i	v	True	V/v	V/v, minor		V/v, minor	v	v	2	2	3	2	2	1	True	True	True
256.0	8.0	64.0	56	8	G	1.0	1.0	1	4	4	2.0	1.0	1/2	True	0	17.0	17.0	17.0	17a	3	64	False	True				False	28	V/v		d	i		V/v	V				v	M	True	True	(2, 6, 3)	()	2	2	minor	minor	i	i, minor	V/v	v	v/i	v	True	V/v	V/v, minor		V/v, minor	v	v	2	2	3	6	6	5	True	False	False
264.0	8.0	66.0	45	3	A	0.0	3.0	3	4	4	3.0	1.0	1/2	True	0	17.0	17.0	17.0	17a	2	66	False	True				False	29	v		d	i		v	v					m	True	True	(1, -2, 2)	()	1	1	minor	minor	i	i, minor	v		i	i	True	v	v, minor		v, minor		v	2	2	2	1	1	1	True	True	True
264.0	4.0	66.0	57	3	A	0.0	3.0	3	4	4	2.0	1.0	1/4	True	0	17.0	17.0	17.0	17a	3	66	False	True				False	29	v		d	i		v	v					m	True	True	(1, -2, 2)	()	1	1	minor	minor	i	i, minor	v		i	i	True	v	v, minor		v, minor		v	2	2	2	1	1	1	True	True	True
268.0	4.0	67.0	57	3	A	0.0	4.0	4	4	4	2.0	1.0	1/4	True	0	17.0	17.0	17.0	17a	3	67	False	False				False	29	v		d	i		v	v					m	True	True	(1, -2, 2)	()	1	1	minor	minor	i	i, minor	v		i	i	True	v	v, minor		v, minor		v	2	2	2	1	1	1	True	True	True
272.0	8.0	68.0	52	4	E	0.0	1.0	1	4	4	3.0	1.0	1/2	True	0	18.0	18.0	18.0	18a	3	68	False	True				False	30	V(4)/v		d	i		V(4)/v	V			4	v	M	True	True	(2, 1, 3)	()	2	2	minor	minor	i	i, minor	V/v	v	v/i	v	True	V/v	V/v, minor		V(4)/v, minor	v	v	2	2	3	2	2	1	True	True	True
272.0	8.0	68.0	57	3	A	0.0	1.0	1	4	4	2.0	1.0	1/2	True	0	18.0	18.0	18.0	18a	3	68	False	True				False	30	V(4)/v		d	i		V(4)/v	V			4	v	M	True	True	(2, 1, 3)	()	2	2	minor	minor	i	i, minor	V/v	v	v/i	v	True	V/v	V/v, minor		V(4)/v, minor	v	v	2	2	3	1	1	0	True	False	False
280.0	8.0	70.0	52	4	E	0.0	3.0	3	4	4	3.0	1.0	1/2	False	0	18.0	18.0	18.0	18a	3	70	False	True				False	31	V/v		d	i		V/v	V				v	M	True	True	(2, 6, 3)	()	2	2	minor	minor	i	i, minor	V/v	v	v/i	v	True	V/v	V/v, minor		V/v, minor	v	v	2	2	3	2	2	1	True	True	True
280.0	8.0	70.0	56	8	G	1.0	3.0	3	4	4	2.0	1.0	1/2	True	0	18.0	18.0	18.0	18a	3	70	False	True				False	31	V/v		d	i		V/v	V				v	M	True	True	(2, 6, 3)	()	2	2	minor	minor	i	i, minor	V/v	v	v/i	v	True	V/v	V/v, minor		V/v, minor	v	v	2	2	3	6	6	5	True	False	False
288.0	16.0	72.0	45	3	A	0.0	1.0	1	4	4	3.0	1.0	1	True	0	19.0	19.0	19.0	19a	2	72	False	True			\\	True	32	v\\		d	i		v	v					m	True	True	(1, -2, 2)	()	1	1	minor	minor	i	i, minor	v		i	i	True	v	v, minor		v, minor		v	2	2	2	1	1	1	True	True	True
288.0	8.0	72.0	57	3	A	0.0	1.0	1	4	4	2.0	1.0	1/2	True	0	19.0	19.0	19.0	19a	3	72	False	True			\\	True	32	v\\		d	i		v	v					m	True	True	(1, -2, 2)	()	1	1	minor	minor	i	i, minor	v		i	i	True	v	v, minor		v, minor		v	2	2	2	1	1	1	True	True	True
288.0	16.0	72.0	69	3	A	0.0	1.0	1	4	4	1.0	1.0	1	True	0	19.0	19.0	19.0	19a	4	72	False	True			\\	True	32	v\\		d	i		v	v					m	True	True	(1, -2, 2)	()	1	1	minor	minor	i	i, minor	v		i	i	True	v	v, minor		v, minor		v	2	2	2	1	1	1	True	True	True
296.0	8.0	74.0	61	7	C	1.0	3.0	3	4	4	2.0	1.0	1/2	True	0	19.0	19.0	19.0	19a	4	74	False	True				False	33	V		d	i		V	V					M	True	True	(1, 5, 2)	()	1	1	minor	minor	i	i, minor	V		i	i	True	V	V, minor		V, minor		V	2	2	2	5	5	5	True	False	False
304.0	16.0	76.0	45	3	A	0.0	1.0	1	4	4	3.0	1.0	1	False	0	20.0	20.0	20.0	20a	2	76	False	False				False	33	V		d	i		V	V					M	True	True	(1, 5, 2)	()	1	1	minor	minor	i	i, minor	V		i	i	True	V	V, minor		V, minor		V	2	2	2	1	1	1	True	True	True
304.0	8.0	76.0	61	7	C	1.0	1.0	1	4	4	2.0	1.0	1/2	False	0	20.0	20.0	20.0	20a	4	76	False	False				False	33	V		d	i		V	V					M	True	True	(1, 5, 2)	()	1	1	minor	minor	i	i, minor	V		i	i	True	V	V, minor		V, minor		V	2	2	2	5	5	5	True	False	False
304.0	8.0	76.0	69	3	A	0.0	1.0	1	4	4	1.0	1.0	1/2	False	0	20.0	20.0	20.0	20a	4	76	False	False				False	33	V		d	i		V	V					M	True	True	(1, 5, 2)	()	1	1	minor	minor	i	i, minor	V		i	i	True	V	V, minor		V, minor		V	2	2	2	1	1	1	True	True	True
312.0	4.0	78.0	62	2	D	0.0	3.0	3	4	4	2.0	1.0	1/4	True	0	20.0	20.0	20.0	20a	4	78	False	True				False	34	#vi%2		d	i		#vi%2	#vi	%	2			%7	True	True	(1, 3, 0, -3)	()	3	1	minor	minor	i	i, minor	#vi		i	i	True	#vi%2	#vi%2, minor		#vi%2, minor		#vi	2	2	2	0	0	0	True	False	False
312.0	4.0	78.0	71	5	B	0.0	3.0	3	4	4	1.0	1.0	1/4	True	0	20.0	20.0	20.0	20a	4	78	False	True				False	34	#vi%2		d	i		#vi%2	#vi	%	2			%7	True	True	(1, 3, 0, -3)	()	3	1	minor	minor	i	i, minor	#vi		i	i	True	#vi%2	#vi%2, minor		#vi%2, minor		#vi	2	2	2	3	3	3	True	True	False
316.0	4.0	79.0	62	2	D	0.0	4.0	4	4	4	2.0	1.0	1/4	True	0	20.0	20.0	20.0	20a	4	79	False	False				False	34	#vi%2		d	i		#vi%2	#vi	%	2			%7	True	True	(1, 3, 0, -3)	()	3	1	minor	minor	i	i, minor	#vi		i	i	True	#vi%2	#vi%2, minor		#vi%2, minor		#vi	2	2	2	0	0	0	True	False	False
316.0	4.0	79.0	71	5	B	0.0	4.0	4	4	4	1.0	1.0	1/4	True	0	20.0	20.0	20.0	20a	4	79	False	False				False	34	#vi%2		d	i		#vi%2	#vi	%	2			%7	True	True	(1, 3, 0, -3)	()	3	1	minor	minor	i	i, minor	#vi		i	i	True	#vi%2	#vi%2, minor		#vi%2, minor		#vi	2	2	2	3	3	3	True	True	False
320.0	8.0	80.0	45	3	A	0.0	1.0	1	4	4	3.0	1.0	1/2	True	0	21.0	21.0	21.0	21a	2	80	False	True				False	35	V		d	i		V	V					M	True	True	(1, 5, 2)	()	1	1	minor	minor	i	i, minor	V		i	i	True	V	V, minor		V, minor		V	2	2	2	1	1	1	True	True	True
320.0	8.0	80.0	64	4	E	0.0	1.0	1	4	4	2.0	1.0	1/2	True	0	21.0	21.0	21.0	21a	4	80	False	True				False	35	V		d	i		V	V					M	True	True	(1, 5, 2)	()	1	1	minor	minor	i	i, minor	V		i	i	True	V	V, minor		V, minor		V	2	2	2	2	2	2	True	False	False
320.0	8.0	80.0	73	7	C	1.0	1.0	1	4	4	1.0	1.0	1/2	True	0	21.0	21.0	21.0	21a	5	80	False	True				False	35	V		d	i		V	V					M	True	True	(1, 5, 2)	()	1	1	minor	minor	i	i, minor	V		i	i	True	V	V, minor		V, minor		V	2	2	2	5	5	5	True	False	False
328.0	8.0	82.0	45	3	A	0.0	3.0	3	4	4	3.0	1.0	1/2	False	0	21.0	21.0	21.0	21a	2	82	False	True				False	36	V(64)		d	i		V(64)	V			64		M	True	True	(1, 0, -3)	()	1	1	minor	minor	i	i, minor	V		i	i	True	V	V, minor		V(64), minor		V	2	2	2	1	1	1	True	True	True
328.0	8.0	82.0	65	-1	F	0.0	3.0	3	4	4	2.0	1.0	1/2	True	0	21.0	21.0	21.0	21a	4	82	False	True				False	36	V(64)		d	i		V(64)	V			64		M	True	True	(1, 0, -3)	()	1	1	minor	minor	i	i, minor	V		i	i	True	V	V, minor		V(64), minor		V	2	2	2	-3	-3	-3	True	False	False
328.0	8.0	82.0	74	2	D	0.0	3.0	3	4	4	1.0	1.0	1/2	True	0	21.0	21.0	21.0	21a	5	82	False	True				False	36	V(64)		d	i		V(64)	V			64		M	True	True	(1, 0, -3)	()	1	1	minor	minor	i	i, minor	V		i	i	True	V	V, minor		V(64), minor		V	2	2	2	0	0	0	True	False	False
336.0	8.0	84.0	45	3	A	0.0	1.0	1	4	4	3.0	1.0	1/2	False	0	22.0	22.0	22.0	22a	2	84	False	True				False	37	V(4)		d	i		V(4)	V			4		M	True	True	(1, 0, 2)	()	1	1	minor	minor	i	i, minor	V		i	i	True	V	V, minor		V(4), minor		V	2	2	2	1	1	1	True	True	True
336.0	8.0	84.0	64	4	E	0.0	1.0	1	4	4	2.0	1.0	1/2	True	0	22.0	22.0	22.0	22a	4	84	False	True				False	37	V(4)		d	i		V(4)	V			4		M	True	True	(1, 0, 2)	()	1	1	minor	minor	i	i, minor	V		i	i	True	V	V, minor		V(4), minor		V	2	2	2	2	2	2	True	False	False
336.0	8.0	84.0	74	2	D	0.0	1.0	1	4	4	1.0	1.0	1/2	True	0	22.0	22.0	22.0	22a	5	84	False	True				False	37	V(4)		d	i		V(4)	V			4		M	True	True	(1, 0, 2)	()	1	1	minor	minor	i	i, minor	V		i	i	True	V	V, minor		V(4), minor		V	2	2	2	0	0	0	True	False	False
344.0	4.0	86.0	45	3	A	0.0	3.0	3	4	4	3.0	1.0	1/4	True	0	22.0	22.0	22.0	22a	2	86	False	True				False	38	V		d	i		V	V					M	True	True	(1, 5, 2)	()	1	1	minor	minor	i	i, minor	V		i	i	True	V	V, minor		V, minor		V	2	2	2	1	1	1	True	True	True
344.0	8.0	86.0	64	4	E	0.0	3.0	3	4	4	2.0	1.0	1/2	True	0	22.0	22.0	22.0	22a	4	86	False	True				False	38	V		d	i		V	V					M	True	True	(1, 5, 2)	()	1	1	minor	minor	i	i, minor	V		i	i	True	V	V, minor		V, minor		V	2	2	2	2	2	2	True	False	False
344.0	8.0	86.0	73	7	C	1.0	3.0	3	4	4	1.0	1.0	1/2	True	0	22.0	22.0	22.0	22a	5	86	False	True				False	38	V		d	i		V	V					M	True	True	(1, 5, 2)	()	1	1	minor	minor	i	i, minor	V		i	i	True	V	V, minor		V, minor		V	2	2	2	5	5	5	True	False	False
348.0	4.0	87.0	45	3	A	0.0	4.0	4	4	4	3.0	1.0	1/4	True	0	22.0	22.0	22.0	22a	2	87	False	False				False	38	V		d	i		V	V					M	True	True	(1, 5, 2)	()	1	1	minor	minor	i	i, minor	V		i	i	True	V	V, minor		V, minor		V	2	2	2	1	1	1	True	True	True
352.0	8.0	88.0	47	5	B	0.0	1.0	1	4	4	3.0	1.0	1/2	True	0	23.0	23.0	23.0	23a	2	88	False	True			\\	True	39	#vi\\		d	i		#vi	#vi					m	True	True	(3, 0, 4)	()	3	3	minor	minor	i	i, minor	#vi		i	i	True	#vi	#vi, minor		#vi, minor		#vi	2	2	2	3	3	3	True	True	True
352.0	16.0	88.0	62	2	D	0.0	1.0	1	4	4	2.0	1.0	1	True	0	23.0	23.0	23.0	23a	4	88	False	True			\\	True	39	#vi\\		d	i		#vi	#vi					m	True	True	(3, 0, 4)	()	3	3	minor	minor	i	i, minor	#vi		i	i	True	#vi	#vi, minor		#vi, minor		#vi	2	2	2	0	0	0	True	False	False
352.0	8.0	88.0	74	2	D	0.0	1.0	1	4	4	1.0	1.0	1/2	True	0	23.0	23.0	23.0	23a	5	88	False	True			\\	True	39	#vi\\		d	i		#vi	#vi					m	True	True	(3, 0, 4)	()	3	3	minor	minor	i	i, minor	#vi		i	i	True	#vi	#vi, minor		#vi, minor		#vi	2	2	2	0	0	0	True	False	False
360.0	8.0	90.0	50	2	D	0.0	3.0	3	4	4	3.0	1.0	1/2	True	0	23.0	23.0	23.0	23a	3	90	False	True				False	40	I		d	i		I	I					M	True	True	(0, 4, 1)	()	0	0	minor	minor	i	i, minor	I		i	i	True	I	I, minor		I, minor		I	2	2	2	0	0	0	True	True	True
360.0	8.0	90.0	69	3	A	0.0	3.0	3	4	4	1.0	1.0	1/2	True	0	23.0	23.0	23.0	23a	4	90	False	True				False	40	I		d	i		I	I					M	True	True	(0, 4, 1)	()	0	0	minor	minor	i	i, minor	I		i	i	True	I	I, minor		I, minor		I	2	2	2	1	1	1	True	False	False
368.0	8.0	92.0	50	2	D	0.0	1.0	1	4	4	3.0	1.0	1/2	True	0	24.0	24.0	24.0	24a	3	92	False	False				False	40	I		d	i		I	I					M	True	True	(0, 4, 1)	()	0	0	minor	minor	i	i, minor	I		i	i	True	I	I, minor		I, minor		I	2	2	2	0	0	0	True	True	True
368.0	8.0	92.0	69	3	A	0.0	1.0	1	4	4	1.0	1.0	1/2	False	0	24.0	24.0	24.0	24a	4	92	False	False				False	40	I		d	i		I	I					M	True	True	(0, 4, 1)	()	0	0	minor	minor	i	i, minor	I		i	i	True	I	I, minor		I, minor		I	2	2	2	1	1	1	True	False	False
376.0	8.0	94.0	49	7	C	1.0	3.0	3	4	4	3.0	1.0	1/2	True	0	24.0	24.0	24.0	24a	3	94	False	True				False	41	V6		d	i		V6	V		6			M	True	True	(5, 2, 1)	()	1	5	minor	minor	i	i, minor	V		i	i	True	V6	V6, minor		V6, minor		V	2	2	2	5	5	5	True	False	True
376.0	8.0	94.0	69	3	A	0.0	3.0	3	4	4	1.0	1.0	1/2	True	0	24.0	24.0	24.0	24a	4	94	False	True				False	41	V6		d	i		V6	V		6			M	True	True	(5, 2, 1)	()	1	5	minor	minor	i	i, minor	V		i	i	True	V6	V6, minor		V6, minor		V	2	2	2	1	1	1	True	True	False
380.0	2.0	95.0	57	3	A	0.0	4.0	4	4	4	2.0	1.0	1/8	True	0	24.0	24.0	24.0	24a	3	95	False	True				False	42	V65		d	i		V65	V		65			Mm7	True	True	(5, 2, -1, 1)	()	1	5	minor	minor	i	i, minor	V		i	i	True	V65	V65, minor		V65, minor		V	2	2	2	1	1	1	True	True	False
382.0	2.0	95.5	55	1	G	0.0	4.5	0	4	4	2.0	1.0	1/8	True	0	24.0	24.0	24.0	24a	3	191/2	False	False				False	42	V65		d	i		V65	V		65			Mm7	True	True	(5, 2, -1, 1)	()	1	5	minor	minor	i	i, minor	V		i	i	True	V65	V65, minor		V65, minor		V	2	2	2	-1	-1	-1	True	False	False
384.0	8.0	96.0	50	2	D	0.0	1.0	1	4	4	3.0	1.0	1/2	True	0	25.0	25.0	25.0	25a	3	96	False	True				False	43	V/IV		d	i		V/IV	V				IV	M	True	True	(0, 4, 1)	()	0	0	minor	minor	i	i, minor	V/IV	IV	IV/i	IV	False	V/IV	V/IV, minor		V/IV, minor	IV	IV	2	2	1	0	0	1	True	True	True
384.0	2.0	96.0	54	6	F	1.0	1.0	1	4	4	2.0	1.0	1/8	True	0	25.0	25.0	25.0	25a	3	96	False	True				False	43	V/IV		d	i		V/IV	V				IV	M	True	True	(0, 4, 1)	()	0	0	minor	minor	i	i, minor	V/IV	IV	IV/i	IV	False	V/IV	V/IV, minor		V/IV, minor	IV	IV	2	2	1	4	4	5	True	False	False
384.0	8.0	96.0	69	3	A	0.0	1.0	1	4	4	1.0	1.0	1/2	True	0	25.0	25.0	25.0	25a	4	96	False	True				False	43	V/IV		d	i		V/IV	V				IV	M	True	True	(0, 4, 1)	()	0	0	minor	minor	i	i, minor	V/IV	IV	IV/i	IV	False	V/IV	V/IV, minor		V/IV, minor	IV	IV	2	2	1	1	1	2	True	False	False
386.0	2.0	96.5	50	2	D	0.0	1.5	0	4	4	2.0	1.0	1/8	True	0	25.0	25.0	25.0	25a	3	193/2	False	False				False	43	V/IV		d	i		V/IV	V				IV	M	True	True	(0, 4, 1)	()	0	0	minor	minor	i	i, minor	V/IV	IV	IV/i	IV	False	V/IV	V/IV, minor		V/IV, minor	IV	IV	2	2	1	0	0	1	True	True	True
388.0	2.0	97.0	62	2	D	0.0	2.0	2	4	4	2.0	1.0	1/8	True	0	25.0	25.0	25.0	25a	4	97	False	True				False	44	V7/IV		d	i		V7/IV	V		7		IV	Mm7	True	True	(0, 4, 1, -2)	()	0	0	minor	minor	i	i, minor	V/IV	IV	IV/i	IV	False	V7/IV	V7/IV, minor		V7/IV, minor	IV	IV	2	2	1	0	0	1	True	True	True
390.0	2.0	97.5	60	0	C	0.0	2.5	0	4	4	2.0	1.0	1/8	True	0	25.0	25.0	25.0	25a	4	195/2	False	False				False	44	V7/IV		d	i		V7/IV	V		7		IV	Mm7	True	True	(0, 4, 1, -2)	()	0	0	minor	minor	i	i, minor	V/IV	IV	IV/i	IV	False	V7/IV	V7/IV, minor		V7/IV, minor	IV	IV	2	2	1	-2	-2	-1	True	False	False
392.0	8.0	98.0	43	1	G	0.0	3.0	3	4	4	3.0	1.0	1/2	True	0	25.0	25.0	25.0	25a	2	98	False	True				False	45	V/VII		d	i		V/VII	V				VII	M	True	True	(-1, 3, 0)	()	-1	-1	minor	minor	i	i, minor	V/VII	VII	VII/i	VII	False	V/VII	V/VII, minor		V/VII, minor	VII	VII	2	2	0	-1	-1	1	True	True	True
392.0	2.0	98.0	59	5	B	0.0	3.0	3	4	4	2.0	1.0	1/8	True	0	25.0	25.0	25.0	25a	3	98	False	True				False	45	V/VII		d	i		V/VII	V				VII	M	True	True	(-1, 3, 0)	()	-1	-1	minor	minor	i	i, minor	V/VII	VII	VII/i	VII	False	V/VII	V/VII, minor		V/VII, minor	VII	VII	2	2	0	3	3	5	True	False	False
392.0	8.0	98.0	71	5	B	0.0	3.0	3	4	4	1.0	1.0	1/2	True	0	25.0	25.0	25.0	25a	4	98	False	True				False	45	V/VII		d	i		V/VII	V				VII	M	True	True	(-1, 3, 0)	()	-1	-1	minor	minor	i	i, minor	V/VII	VII	VII/i	VII	False	V/VII	V/VII, minor		V/VII, minor	VII	VII	2	2	0	3	3	5	True	False	False
394.0	2.0	98.5	55	1	G	0.0	3.5	0	4	4	2.0	1.0	1/8	True	0	25.0	25.0	25.0	25a	3	197/2	False	False				False	45	V/VII		d	i		V/VII	V				VII	M	True	True	(-1, 3, 0)	()	-1	-1	minor	minor	i	i, minor	V/VII	VII	VII/i	VII	False	V/VII	V/VII, minor		V/VII, minor	VII	VII	2	2	0	-1	-1	1	True	True	True
396.0	2.0	99.0	55	1	G	0.0	4.0	4	4	4	2.0	1.0	1/8	True	0	25.0	25.0	25.0	25a	3	99	False	True				False	46	V7/VII		d	i		V7/VII	V		7		VII	Mm7	True	True	(-1, 3, 0, -3)	()	-1	-1	minor	minor	i	i, minor	V/VII	VII	VII/i	VII	False	V7/VII	V7/VII, minor		V7/VII, minor	VII	VII	2	2	0	-1	-1	1	True	True	True
398.0	2.0	99.5	53	-1	F	0.0	4.5	0	4	4	2.0	1.0	1/8	True	0	25.0	25.0	25.0	25a	3	199/2	False	False				False	46	V7/VII		d	i		V7/VII	V		7		VII	Mm7	True	True	(-1, 3, 0, -3)	()	-1	-1	minor	minor	i	i, minor	V/VII	VII	VII/i	VII	False	V7/VII	V7/VII, minor		V7/VII, minor	VII	VII	2	2	0	-3	-3	-1	True	False	False
400.0	8.0	100.0	45	3	A	0.0	1.0	1	4	4	3.0	1.0	1/2	True	0	26.0	26.0	26.0	26a	2	100	False	True				False	47	V		d	i		V	V					M	True	True	(1, 5, 2)	()	1	1	minor	minor	i	i, minor	V		i	i	True	V	V, minor		V, minor		V	2	2	2	1	1	1	True	True	True
400.0	2.0	100.0	52	4	E	0.0	1.0	1	4	4	2.0	1.0	1/8	True	0	26.0	26.0	26.0	26a	3	100	False	True				False	47	V		d	i		V	V					M	True	True	(1, 5, 2)	()	1	1	minor	minor	i	i, minor	V		i	i	True	V	V, minor		V, minor		V	2	2	2	2	2	2	True	False	False
400.0	8.0	100.0	73	7	C	1.0	1.0	1	4	4	1.0	1.0	1/2	True	0	26.0	26.0	26.0	26a	5	100	False	True				False	47	V		d	i		V	V					M	True	True	(1, 5, 2)	()	1	1	minor	minor	i	i, minor	V		i	i	True	V	V, minor		V, minor		V	2	2	2	5	5	5	True	False	False
402.0	2.0	100.5	49	7	C	1.0	1.5	0	4	4	2.0	1.0	1/8	True	0	26.0	26.0	26.0	26a	3	201/2	False	False				False	47	V		d	i		V	V					M	True	True	(1, 5, 2)	()	1	1	minor	minor	i	i, minor	V		i	i	True	V	V, minor		V, minor		V	2	2	2	5	5	5	True	False	False
404.0	2.0	101.0	57	3	A	0.0	2.0	2	4	4	2.0	1.0	1/8	True	0	26.0	26.0	26.0	26a	3	101	False	True				False	48	V7		d	i		V7	V		7			Mm7	True	True	(1, 5, 2, -1)	()	1	1	minor	minor	i	i, minor	V		i	i	True	V7	V7, minor		V7, minor		V	2	2	2	1	1	1	True	True	True
406.0	2.0	101.5	55	1	G	0.0	2.5	0	4	4	2.0	1.0	1/8	True	0	26.0	26.0	26.0	26a	3	203/2	False	False				False	48	V7		d	i		V7	V		7			Mm7	True	True	(1, 5, 2, -1)	()	1	1	minor	minor	i	i, minor	V		i	i	True	V7	V7, minor		V7, minor		V	2	2	2	-1	-1	-1	True	False	False
408.0	8.0	102.0	46	-2	B	-1.0	3.0	3	4	4	3.0	1.0	1/2	True	0	26.0	26.0	26.0	26a	2	102	False	True				False	49	VI		d	i		VI	VI					M	True	True	(-4, 0, -3)	()	-4	-4	minor	minor	i	i, minor	VI		i	i	True	VI	VI, minor		VI, minor		VI	2	2	2	-4	-4	-4	True	True	True
408.0	2.0	102.0	53	-1	F	0.0	3.0	3	4	4	2.0	1.0	1/8	True	0	26.0	26.0	26.0	26a	3	102	False	True				False	49	VI		d	i		VI	VI					M	True	True	(-4, 0, -3)	()	-4	-4	minor	minor	i	i, minor	VI		i	i	True	VI	VI, minor		VI, minor		VI	2	2	2	-3	-3	-3	True	False	False
408.0	4.0	102.0	74	2	D	0.0	3.0	3	4	4	1.0	1.0	1/4	True	0	26.0	26.0	26.0	26a	5	102	False	True				False	49	VI		d	i		VI	VI					M	True	True	(-4, 0, -3)	()	-4	-4	minor	minor	i	i, minor	VI		i	i	True	VI	VI, minor		VI, minor		VI	2	2	2	0	0	0	True	False	False
410.0	2.0	102.5	50	2	D	0.0	3.5	0	4	4	2.0	1.0	1/8	True	0	26.0	26.0	26.0	26a	3	205/2	False	False				False	49	VI		d	i		VI	VI					M	True	True	(-4, 0, -3)	()	-4	-4	minor	minor	i	i, minor	VI		i	i	True	VI	VI, minor		VI, minor		VI	2	2	2	0	0	0	True	False	False
412.0	2.0	103.0	55	1	G	0.0	4.0	4	4	4	2.0	1.0	1/8	True	0	26.0	26.0	26.0	26a	3	103	False	True				False	50	iv65		d	i		iv65	iv		65			mm7	True	True	(-4, 0, -3, -1)	()	-1	-4	minor	minor	i	i, minor	iv		i	i	True	iv65	iv65, minor		iv65, minor		iv	2	2	2	-1	-1	-1	True	True	False
412.0	4.0	103.0	74	2	D	0.0	4.0	4	4	4	1.0	1.0	1/4	True	0	26.0	26.0	26.0	26a	5	103	False	True				False	50	iv65		d	i		iv65	iv		65			mm7	True	True	(-4, 0, -3, -1)	()	-1	-4	minor	minor	i	i, minor	iv		i	i	True	iv65	iv65, minor		iv65, minor		iv	2	2	2	0	0	0	True	False	False
414.0	2.0	103.5	53	-1	F	0.0	4.5	0	4	4	2.0	1.0	1/8	True	0	26.0	26.0	26.0	26a	3	207/2	False	False				False	50	iv65		d	i		iv65	iv		65			mm7	True	True	(-4, 0, -3, -1)	()	-1	-4	minor	minor	i	i, minor	iv		i	i	True	iv65	iv65, minor		iv65, minor		iv	2	2	2	-3	-3	-3	True	False	False
416.0	8.0	104.0	43	1	G	0.0	1.0	1	4	4	3.0	1.0	1/2	True	0	27.0	27.0	27.0	27a	2	104	False	True				False	51	ii%65		d	i		ii%65	ii	%	65			%7	True	True	(-1, -4, 0, 2)	()	2	-1	minor	minor	i	i, minor	ii		i	i	True	ii%65	ii%65, minor		ii%65, minor		ii	2	2	2	-1	-1	-1	True	False	True
416.0	16.0	104.0	52	4	E	0.0	1.0	1	4	4	2.0	1.0	1	True	0	27.0	27.0	27.0	27a	3	104	False	True				False	51	ii%65		d	i		ii%65	ii	%	65			%7	True	True	(-1, -4, 0, 2)	()	2	-1	minor	minor	i	i, minor	ii		i	i	True	ii%65	ii%65, minor		ii%65, minor		ii	2	2	2	2	2	2	True	True	False
416.0	8.0	104.0	74	2	D	0.0	1.0	1	4	4	1.0	1.0	1/2	True	0	27.0	27.0	27.0	27a	5	104	False	True				False	51	ii%65		d	i		ii%65	ii	%	65			%7	True	True	(-1, -4, 0, 2)	()	2	-1	minor	minor	i	i, minor	ii		i	i	True	ii%65	ii%65, minor		ii%65, minor		ii	2	2	2	0	0	0	True	False	False
424.0	8.0	106.0	45	3	A	0.0	3.0	3	4	4	3.0	1.0	1/2	True	0	27.0	27.0	27.0	27a	2	106	False	True				False	52	V		d	i		V	V					M	True	True	(1, 5, 2)	()	1	1	minor	minor	i	i, minor	V		i	i	True	V	V, minor		V, minor		V	2	2	2	1	1	1	True	True	True
424.0	8.0	106.0	73	7	C	1.0	3.0	3	4	4	1.0	1.0	1/2	True	0	27.0	27.0	27.0	27a	5	106	False	True				False	52	V		d	i		V	V					M	True	True	(1, 5, 2)	()	1	1	minor	minor	i	i, minor	V		i	i	True	V	V, minor		V, minor		V	2	2	2	5	5	5	True	False	False
432.0	8.0	108.0	50	2	D	0.0	1.0	1	4	4	2.0	1.0	1/2	True	0	28.0	28.0	28.0	28a	3	108	False	True			\\	True	53	i\\	I\\	d	i		i	i					m	True	True	(0, -3, 1)	()	0	0	minor	minor	i	i, minor	i		i	i	True	i	i, minor		i, minor		i	2	2	2	0	0	0	True	True	True
432.0	8.0	108.0	50	2	D	0.0	1.0	1	4	4	3.0	1.0	1/2	True	0	28.0	28.0	28.0	28a	3	108	False	True			\\	True	53	i\\	I\\	d	i		i	i					m	True	True	(0, -3, 1)	()	0	0	minor	minor	i	i, minor	i		i	i	True	i	i, minor		i, minor		i	2	2	2	0	0	0	True	True	True
432.0	4.0	108.0	74	2	D	0.0	1.0	1	4	4	1.0	1.0	1/4	True	0	28.0	28.0	28.0	28a	5	108	False	True			\\	True	53	i\\	I\\	d	i		i	i					m	True	True	(0, -3, 1)	()	0	0	minor	minor	i	i, minor	i		i	i	True	i	i, minor		i, minor		i	2	2	2	0	0	0	True	True	True
436.0	2.0	109.0	69	3	A	0.0	2.0	2	4	4	1.0	1.0	1/8	True	0	28.0	28.0	28.0	28a	4	109	False	False				False	53	i\\	I\\	d	i		i	i					m	True	True	(0, -3, 1)	()	0	0	minor	minor	i	i, minor	i		i	i	True	i	i, minor		i, minor		i	2	2	2	1	1	1	True	False	False
438.0	2.0	109.5	67	1	G	0.0	2.5	0	4	4	1.0	1.0	1/8	True	0	28.0	28.0	28.0	28a	4	219/2	False	False				False	53	i\\	I\\	d	i		i	i					m	True	True	(0, -3, 1)	()	0	0	minor	minor	i	i, minor	i		i	i	True	i	i, minor		i, minor		i	2	2	2	-1	-1	-1	False	False	False
440.0	8.0	110.0	50	2	D	0.0	3.0	3	4	4	3.0	1.0	1/2	True	0	28.0	28.0	28.0	28a	3	110	False	True				False	54	V/IV		d	i		V/IV	V				IV	M	True	True	(0, 4, 1)	()	0	0	minor	minor	i	i, minor	V/IV	IV	IV/i	IV	False	V/IV	V/IV, minor		V/IV, minor	IV	IV	2	2	1	0	0	1	True	True	True
440.0	2.0	110.0	66	6	F	1.0	3.0	3	4	4	1.0	1.0	1/8	True	0	28.0	28.0	28.0	28a	4	110	False	True				False	54	V/IV		d	i		V/IV	V				IV	M	True	True	(0, 4, 1)	()	0	0	minor	minor	i	i, minor	V/IV	IV	IV/i	IV	False	V/IV	V/IV, minor		V/IV, minor	IV	IV	2	2	1	4	4	5	True	False	False
442.0	2.0	110.5	62	2	D	0.0	3.5	0	4	4	1.0	1.0	1/8	True	0	28.0	28.0	28.0	28a	4	221/2	False	False				False	54	V/IV		d	i		V/IV	V				IV	M	True	True	(0, 4, 1)	()	0	0	minor	minor	i	i, minor	V/IV	IV	IV/i	IV	False	V/IV	V/IV, minor		V/IV, minor	IV	IV	2	2	1	0	0	1	True	True	True
444.0	2.0	111.0	74	2	D	0.0	4.0	4	4	4	1.0	1.0	1/8	True	0	28.0	28.0	28.0	28a	5	111	False	True				False	55	V7/IV		d	i		V7/IV	V		7		IV	Mm7	True	True	(0, 4, 1, -2)	()	0	0	minor	minor	i	i, minor	V/IV	IV	IV/i	IV	False	V7/IV	V7/IV, minor		V7/IV, minor	IV	IV	2	2	1	0	0	1	True	True	True
446.0	2.0	111.5	72	0	C	0.0	4.5	0	4	4	1.0	1.0	1/8	True	0	28.0	28.0	28.0	28a	5	223/2	False	False				False	55	V7/IV		d	i		V7/IV	V		7		IV	Mm7	True	True	(0, 4, 1, -2)	()	0	0	minor	minor	i	i, minor	V/IV	IV	IV/i	IV	False	V7/IV	V7/IV, minor		V7/IV, minor	IV	IV	2	2	1	-2	-2	-1	True	False	False
448.0	8.0	112.0	52	4	E	0.0	1.0	1	4	4	3.0	1.0	1/2	True	0	29.0	29.0	29.0	29a	3	112	False	True				False	56	ii		d	i		ii	ii					m	True	True	(2, -1, 3)	()	2	2	minor	minor	i	i, minor	ii		i	i	True	ii	ii, minor		ii, minor		ii	2	2	2	2	2	2	True	True	True
448.0	8.0	112.0	71	5	B	0.0	1.0	1	4	4	1.0	1.0	1/2	True	0	29.0	29.0	29.0	29a	4	112	False	True				False	56	ii		d	i		ii	ii					m	True	True	(2, -1, 3)	()	2	2	minor	minor	i	i, minor	ii		i	i	True	ii	ii, minor		ii, minor		ii	2	2	2	3	3	3	True	False	False
452.0	2.0	113.0	64	4	E	0.0	2.0	2	4	4	2.0	1.0	1/8	True	0	29.0	29.0	29.0	29a	4	113	False	False				False	56	ii		d	i		ii	ii					m	True	True	(2, -1, 3)	()	2	2	minor	minor	i	i, minor	ii		i	i	True	ii	ii, minor		ii, minor		ii	2	2	2	2	2	2	True	True	True
454.0	2.0	113.5	62	2	D	0.0	2.5	0	4	4	2.0	1.0	1/8	True	0	29.0	29.0	29.0	29a	4	227/2	False	False				False	56	ii		d	i		ii	ii					m	True	True	(2, -1, 3)	()	2	2	minor	minor	i	i, minor	ii		i	i	True	ii	ii, minor		ii, minor		ii	2	2	2	0	0	0	False	False	False
456.0	8.0	114.0	53	-1	F	0.0	3.0	3	4	4	3.0	1.0	1/2	True	0	29.0	29.0	29.0	29a	3	114	False	True				False	57	IV/VII		d	i		IV/VII	IV				VII	M	True	True	(-3, 1, -2)	()	-3	-3	minor	minor	i	i, minor	IV/VII	VII	VII/i	VII	False	IV/VII	IV/VII, minor		IV/VII, minor	VII	VII	2	2	0	-3	-3	-1	True	True	True
456.0	2.0	114.0	60	0	C	0.0	3.0	3	4	4	2.0	1.0	1/8	True	0	29.0	29.0	29.0	29a	4	114	False	True				False	57	IV/VII		d	i		IV/VII	IV				VII	M	True	True	(-3, 1, -2)	()	-3	-3	minor	minor	i	i, minor	IV/VII	VII	VII/i	VII	False	IV/VII	IV/VII, minor		IV/VII, minor	VII	VII	2	2	0	-2	-2	0	True	False	False
456.0	8.0	114.0	69	3	A	0.0	3.0	3	4	4	1.0	1.0	1/2	True	0	29.0	29.0	29.0	29a	4	114	False	True				False	57	IV/VII		d	i		IV/VII	IV				VII	M	True	True	(-3, 1, -2)	()	-3	-3	minor	minor	i	i, minor	IV/VII	VII	VII/i	VII	False	IV/VII	IV/VII, minor		IV/VII, minor	VII	VII	2	2	0	1	1	3	True	False	False
458.0	2.0	114.5	57	3	A	0.0	3.5	0	4	4	2.0	1.0	1/8	True	0	29.0	29.0	29.0	29a	3	229/2	False	False				False	57	IV/VII		d	i		IV/VII	IV				VII	M	True	True	(-3, 1, -2)	()	-3	-3	minor	minor	i	i, minor	IV/VII	VII	VII/i	VII	False	IV/VII	IV/VII, minor		IV/VII, minor	VII	VII	2	2	0	1	1	3	True	False	False
460.0	2.0	115.0	65	-1	F	0.0	4.0	4	4	4	2.0	1.0	1/8	True	0	29.0	29.0	29.0	29a	4	115	False	False				False	57	IV/VII		d	i		IV/VII	IV				VII	M	True	True	(-3, 1, -2)	()	-3	-3	minor	minor	i	i, minor	IV/VII	VII	VII/i	VII	False	IV/VII	IV/VII, minor		IV/VII, minor	VII	VII	2	2	0	-3	-3	-1	True	True	True
462.0	2.0	115.5	64	4	E	0.0	4.5	0	4	4	2.0	1.0	1/8	True	0	29.0	29.0	29.0	29a	4	231/2	False	False				False	57	IV/VII		d	i		IV/VII	IV				VII	M	True	True	(-3, 1, -2)	()	-3	-3	minor	minor	i	i, minor	IV/VII	VII	VII/i	VII	False	IV/VII	IV/VII, minor		IV/VII, minor	VII	VII	2	2	0	2	2	4	False	False	False
464.0	8.0	116.0	55	1	G	0.0	1.0	1	4	4	3.0	1.0	1/2	True	0	30.0	30.0	30.0	30a	3	116	False	True				False	58	V/VII		d	i		V/VII	V				VII	M	True	True	(-1, 3, 0)	()	-1	-1	minor	minor	i	i, minor	V/VII	VII	VII/i	VII	False	V/VII	V/VII, minor		V/VII, minor	VII	VII	2	2	0	-1	-1	1	True	True	True
464.0	8.0	116.0	62	2	D	0.0	1.0	1	4	4	2.0	1.0	1/2	True	0	30.0	30.0	30.0	30a	4	116	False	True				False	58	V/VII		d	i		V/VII	V				VII	M	True	True	(-1, 3, 0)	()	-1	-1	minor	minor	i	i, minor	V/VII	VII	VII/i	VII	False	V/VII	V/VII, minor		V/VII, minor	VII	VII	2	2	0	0	0	2	True	False	False
468.0	2.0	117.0	67	1	G	0.0	2.0	2	4	4	1.0	1.0	1/8	True	0	30.0	30.0	30.0	30a	4	117	False	True				False	59	V7/VII		d	i		V7/VII	V		7		VII	Mm7	True	True	(-1, 3, 0, -3)	()	-1	-1	minor	minor	i	i, minor	V/VII	VII	VII/i	VII	False	V7/VII	V7/VII, minor		V7/VII, minor	VII	VII	2	2	0	-1	-1	1	True	True	True
470.0	2.0	117.5	65	-1	F	0.0	2.5	0	4	4	1.0	1.0	1/8	True	0	30.0	30.0	30.0	30a	4	235/2	False	False				False	59	V7/VII		d	i		V7/VII	V		7		VII	Mm7	True	True	(-1, 3, 0, -3)	()	-1	-1	minor	minor	i	i, minor	V/VII	VII	VII/i	VII	False	V7/VII	V7/VII, minor		V7/VII, minor	VII	VII	2	2	0	-3	-3	-1	True	False	False
472.0	8.0	118.0	48	0	C	0.0	3.0	3	4	4	3.0	1.0	1/2	True	0	30.0	30.0	30.0	30a	3	118	False	True				False	60	VII		d	i		VII	VII					M	True	True	(-2, 2, -1)	()	-2	-2	minor	minor	i	i, minor	VII		i	i	True	VII	VII, minor		VII, minor		VII	2	2	2	-2	-2	-2	True	True	True
472.0	8.0	118.0	60	0	C	0.0	3.0	3	4	4	2.0	1.0	1/2	True	0	30.0	30.0	30.0	30a	4	118	False	True				False	60	VII		d	i		VII	VII					M	True	True	(-2, 2, -1)	()	-2	-2	minor	minor	i	i, minor	VII		i	i	True	VII	VII, minor		VII, minor		VII	2	2	2	-2	-2	-2	True	True	True
472.0	2.0	118.0	64	4	E	0.0	3.0	3	4	4	1.0	1.0	1/8	True	0	30.0	30.0	30.0	30a	4	118	False	True				False	60	VII		d	i		VII	VII					M	True	True	(-2, 2, -1)	()	-2	-2	minor	minor	i	i, minor	VII		i	i	True	VII	VII, minor		VII, minor		VII	2	2	2	2	2	2	True	False	False
474.0	2.0	118.5	60	0	C	0.0	3.5	0	4	4	1.0	1.0	1/8	True	0	30.0	30.0	30.0	30a	4	237/2	False	False				False	60	VII		d	i		VII	VII					M	True	True	(-2, 2, -1)	()	-2	-2	minor	minor	i	i, minor	VII		i	i	True	VII	VII, minor		VII, minor		VII	2	2	2	-2	-2	-2	True	True	True
476.0	2.0	119.0	72	0	C	0.0	4.0	4	4	4	1.0	1.0	1/8	True	0	30.0	30.0	30.0	30a	5	119	False	False				False	60	VII		d	i		VII	VII					M	True	True	(-2, 2, -1)	()	-2	-2	minor	minor	i	i, minor	VII		i	i	True	VII	VII, minor		VII, minor		VII	2	2	2	-2	-2	-2	True	True	True
478.0	2.0	119.5	71	5	B	0.0	4.5	0	4	4	1.0	1.0	1/8	True	0	30.0	30.0	30.0	30a	4	239/2	False	False				False	60	VII		d	i		VII	VII					M	True	True	(-2, 2, -1)	()	-2	-2	minor	minor	i	i, minor	VII		i	i	True	VII	VII, minor		VII, minor		VII	2	2	2	3	3	3	False	False	False
480.0	8.0	120.0	50	2	D	0.0	1.0	1	4	4	3.0	1.0	1/2	True	0	31.0	31.0	31.0	31a	3	120	False	True				False	61	i		d	i		i	i					m	True	True	(0, -3, 1)	()	0	0	minor	minor	i	i, minor	i		i	i	True	i	i, minor		i, minor		i	2	2	2	0	0	0	True	True	True
480.0	2.0	120.0	69	3	A	0.0	1.0	1	4	4	1.0	1.0	1/8	True	0	31.0	31.0	31.0	31a	4	120	False	True				False	61	i		d	i		i	i					m	True	True	(0, -3, 1)	()	0	0	minor	minor	i	i, minor	i		i	i	True	i	i, minor		i, minor		i	2	2	2	1	1	1	True	False	False
482.0	2.0	120.5	69	3	A	0.0	1.5	0	4	4	1.0	1.0	1/8	True	0	31.0	31.0	31.0	31a	4	241/2	False	False				False	61	i		d	i		i	i					m	True	True	(0, -3, 1)	()	0	0	minor	minor	i	i, minor	i		i	i	True	i	i, minor		i, minor		i	2	2	2	1	1	1	True	False	False
484.0	2.0	121.0	65	-1	F	0.0	2.0	2	4	4	2.0	1.0	1/8	True	0	31.0	31.0	31.0	31a	4	121	False	False				False	61	i		d	i		i	i					m	True	True	(0, -3, 1)	()	0	0	minor	minor	i	i, minor	i		i	i	True	i	i, minor		i, minor		i	2	2	2	-3	-3	-3	True	False	False
484.0	2.0	121.0	74	2	D	0.0	2.0	2	4	4	1.0	1.0	1/8	True	0	31.0	31.0	31.0	31a	5	121	False	False				False	61	i		d	i		i	i					m	True	True	(0, -3, 1)	()	0	0	minor	minor	i	i, minor	i		i	i	True	i	i, minor		i, minor		i	2	2	2	0	0	0	True	True	True
486.0	2.0	121.5	64	4	E	0.0	2.5	0	4	4	2.0	1.0	1/8	True	0	31.0	31.0	31.0	31a	4	243/2	False	False				False	61	i		d	i		i	i					m	True	True	(0, -3, 1)	()	0	0	minor	minor	i	i, minor	i		i	i	True	i	i, minor		i, minor		i	2	2	2	2	2	2	False	False	False
486.0	2.0	121.5	72	0	C	0.0	2.5	0	4	4	1.0	1.0	1/8	True	0	31.0	31.0	31.0	31a	5	243/2	False	False				False	61	i		d	i		i	i					m	True	True	(0, -3, 1)	()	0	0	minor	minor	i	i, minor	i		i	i	True	i	i, minor		i, minor		i	2	2	2	-2	-2	-2	False	False	False
488.0	8.0	122.0	55	1	G	0.0	3.0	3	4	4	3.0	1.0	1/2	True	0	31.0	31.0	31.0	31a	3	122	False	True				False	62	IV		d	i		IV	IV					M	True	True	(-1, 3, 0)	()	-1	-1	minor	minor	i	i, minor	IV		i	i	True	IV	IV, minor		IV, minor		IV	2	2	2	-1	-1	-1	True	True	True
488.0	2.0	122.0	62	2	D	0.0	3.0	3	4	4	2.0	1.0	1/8	True	0	31.0	31.0	31.0	31a	4	122	False	True				False	62	IV		d	i		IV	IV					M	True	True	(-1, 3, 0)	()	-1	-1	minor	minor	i	i, minor	IV		i	i	True	IV	IV, minor		IV, minor		IV	2	2	2	0	0	0	True	False	False
488.0	2.0	122.0	71	5	B	0.0	3.0	3	4	4	1.0	1.0	1/8	True	0	31.0	31.0	31.0	31a	4	122	False	True				False	62	IV		d	i		IV	IV					M	True	True	(-1, 3, 0)	()	-1	-1	minor	minor	i	i, minor	IV		i	i	True	IV	IV, minor		IV, minor		IV	2	2	2	3	3	3	True	False	False
490.0	2.0	122.5	62	2	D	0.0	3.5	0	4	4	2.0	1.0	1/8	True	0	31.0	31.0	31.0	31a	4	245/2	False	False				False	62	IV		d	i		IV	IV					M	True	True	(-1, 3, 0)	()	-1	-1	minor	minor	i	i, minor	IV		i	i	True	IV	IV, minor		IV, minor		IV	2	2	2	0	0	0	True	False	False
490.0	2.0	122.5	71	5	B	0.0	3.5	0	4	4	1.0	1.0	1/8	True	0	31.0	31.0	31.0	31a	4	245/2	False	False				False	62	IV		d	i		IV	IV					M	True	True	(-1, 3, 0)	()	-1	-1	minor	minor	i	i, minor	IV		i	i	True	IV	IV, minor		IV, minor		IV	2	2	2	3	3	3	True	False	False
492.0	2.0	123.0	67	1	G	0.0	4.0	4	4	4	2.0	1.0	1/8	True	0	31.0	31.0	31.0	31a	4	123	False	True				False	63	ii6		d	i		ii6	ii		6			m	True	True	(-1, 3, 2)	()	2	-1	minor	minor	i	i, minor	ii		i	i	True	ii6	ii6, minor		ii6, minor		ii	2	2	2	-1	-1	-1	True	False	True
492.0	2.0	123.0	76	4	E	0.0	4.0	4	4	4	1.0	1.0	1/8	True	0	31.0	31.0	31.0	31a	5	123	False	True				False	63	ii6		d	i		ii6	ii		6			m	True	True	(-1, 3, 2)	()	2	-1	minor	minor	i	i, minor	ii		i	i	True	ii6	ii6, minor		ii6, minor		ii	2	2	2	2	2	2	True	True	False
494.0	2.0	123.5	65	-1	F	0.0	4.5	0	4	4	2.0	1.0	1/8	True	0	31.0	31.0	31.0	31a	4	247/2	False	True				False	64	IV7		d	i		IV7	IV		7			Mm7	True	True	(-1, 3, 0, -3)	()	-1	-1	minor	minor	i	i, minor	IV		i	i	True	IV7	IV7, minor		IV7, minor		IV	2	2	2	-3	-3	-3	True	False	False
494.0	2.0	123.5	74	2	D	0.0	4.5	0	4	4	1.0	1.0	1/8	True	0	31.0	31.0	31.0	31a	5	247/2	False	True				False	64	IV7		d	i		IV7	IV		7			Mm7	True	True	(-1, 3, 0, -3)	()	-1	-1	minor	minor	i	i, minor	IV		i	i	True	IV7	IV7, minor		IV7, minor		IV	2	2	2	0	0	0	True	False	False
496.0	4.0	124.0	57	3	A	0.0	1.0	1	4	4	3.0	1.0	1/4	True	0	32.0	32.0	32.0	32a	3	124	False	True				False	65	V		d	i		V	V					M	True	True	(1, 5, 2)	()	1	1	minor	minor	i	i, minor	V		i	i	True	V	V, minor		V, minor		V	2	2	2	1	1	1	True	True	True
496.0	16.0	124.0	64	4	E	0.0	1.0	1	4	4	2.0	1.0	1	True	0	32.0	32.0	32.0	32a	4	124	False	True				False	65	V		d	i		V	V					M	True	True	(1, 5, 2)	()	1	1	minor	minor	i	i, minor	V		i	i	True	V	V, minor		V, minor		V	2	2	2	2	2	2	True	False	False
496.0	4.0	124.0	73	7	C	1.0	1.0	1	4	4	1.0	1.0	1/4	True	0	32.0	32.0	32.0	32a	5	124	False	True				False	65	V		d	i		V	V					M	True	True	(1, 5, 2)	()	1	1	minor	minor	i	i, minor	V		i	i	True	V	V, minor		V, minor		V	2	2	2	5	5	5	True	False	False
500.0	8.0	125.0	57	3	A	0.0	2.0	2	4	4	3.0	1.0	1/2	False	0	32.0	32.0	32.0	32a	3	125	False	True				False	66	V(64)		d	i		V(64)	V			64		M	True	True	(1, 0, -3)	()	1	1	minor	minor	i	i, minor	V		i	i	True	V	V, minor		V(64), minor		V	2	2	2	1	1	1	True	True	True
500.0	8.0	125.0	74	2	D	0.0	2.0	2	4	4	1.0	1.0	1/2	True	0	32.0	32.0	32.0	32a	5	125	False	True				False	66	V(64)		d	i		V(64)	V			64		M	True	True	(1, 0, -3)	()	1	1	minor	minor	i	i, minor	V		i	i	True	V	V, minor		V(64), minor		V	2	2	2	0	0	0	True	False	False
508.0	4.0	127.0	57	3	A	0.0	4.0	4	4	4	3.0	1.0	1/4	False	0	32.0	32.0	32.0	32a	3	127	False	True				False	68	V		d	i		V	V					M	True	True	(1, 5, 2)	()	1	1	minor	minor	i	i, minor	V		i	i	True	V	V, minor		V, minor		V	2	2	2	1	1	1	True	True	True
508.0	4.0	127.0	73	7	C	1.0	4.0	4	4	4	1.0	1.0	1/4	True	0	32.0	32.0	32.0	32a	5	127	False	True				False	68	V		d	i		V	V					M	True	True	(1, 5, 2)	()	1	1	minor	minor	i	i, minor	V		i	i	True	V	V, minor		V, minor		V	2	2	2	5	5	5	True	False	False
512.0	16.0	128.0	50	2	D	0.0	1.0	1	4	4	3.0	1.0	1	True	0	33.0	33.0	33.0	33a	3	128	False	False			\\	True	69	i\\	I\\	d	i		i	i					m	True	True	(0, -3, 1)	()	0	0	minor	minor	i	i, minor	i		i	i	True	i	i, minor		i, minor		i	2	2	2	0	0	0	True	True	True
512.0	16.0	128.0	62	2	D	0.0	1.0	1	4	4	2.0	1.0	1	True	0	33.0	33.0	33.0	33a	4	128	False	False			\\	True	69	i\\	I\\	d	i		i	i					m	True	True	(0, -3, 1)	()	0	0	minor	minor	i	i, minor	i		i	i	True	i	i, minor		i, minor		i	2	2	2	0	0	0	True	True	True
512.0	16.0	128.0	74	2	D	0.0	1.0	1	4	4	1.0	1.0	1	True	0	33.0	33.0	33.0	33a	5	128	False	False			\\	True	69	i\\	I\\	d	i		i	i					m	True	True	(0, -3, 1)	()	0	0	minor	minor	i	i, minor	i		i	i	True	i	i, minor		i, minor		i	2	2	2	0	0	0	True	True	True
528.0	16.0	132.0	50	2	D	0.0	1.0	1	4	4	3.0	1.0	1	True	0	34.0	34.0	34.0	34a	3	132	True	True				False	70	i		d	i		i	i					m	True	True	(0, -3, 1)	()	0	0	minor	minor	i	i, minor	i		i	i	True	i	i, minor		i, minor		i	2	2	2	0	0	0	True	True	True
528.0	6.0	132.0	57	3	A	0.0	1.0	1	4	4	2.0	1.0	3/8	True	0	34.0	34.0	34.0	34a	3	132	True	True				False	70	i		d	i		i	i					m	True	True	(0, -3, 1)	()	0	0	minor	minor	i	i, minor	i		i	i	True	i	i, minor		i, minor		i	2	2	2	1	1	1	True	False	False
534.0	2.0	133.5	57	3	A	0.0	2.5	0	4	4	2.0	1.0	1/8	True	0	34.0	34.0	34.0	34a	3	267/2	False	False				False	70	i		d	i		i	i					m	True	True	(0, -3, 1)	()	0	0	minor	minor	i	i, minor	i		i	i	True	i	i, minor		i, minor		i	2	2	2	1	1	1	True	False	False
536.0	4.0	134.0	57	3	A	0.0	3.0	3	4	4	2.0	1.0	1/4	True	0	34.0	34.0	34.0	34a	3	134	False	False				False	70	i		d	i		i	i					m	True	True	(0, -3, 1)	()	0	0	minor	minor	i	i, minor	i		i	i	True	i	i, minor		i, minor		i	2	2	2	1	1	1	True	False	False
540.0	4.0	135.0	57	3	A	0.0	4.0	4	4	4	2.0	1.0	1/4	True	0	34.0	34.0	34.0	34a	3	135	False	False				False	70	i		d	i		i	i					m	True	True	(0, -3, 1)	()	0	0	minor	minor	i	i, minor	i		i	i	True	i	i, minor		i, minor		i	2	2	2	1	1	1	True	False	False
544.0	8.0	136.0	50	2	D	0.0	1.0	1	4	4	2.0	1.0	1/2	True	0	35.0	35.0	35.0	35a	3	136	False	False				False	70	i		d	i		i	i					m	True	True	(0, -3, 1)	()	0	0	minor	minor	i	i, minor	i		i	i	True	i	i, minor		i, minor		i	2	2	2	0	0	0	True	True	True
544.0	8.0	136.0	50	2	D	0.0	1.0	1	4	4	3.0	1.0	1/2	True	0	35.0	35.0	35.0	35a	3	136	False	False				False	70	i		d	i		i	i					m	True	True	(0, -3, 1)	()	0	0	minor	minor	i	i, minor	i		i	i	True	i	i, minor		i, minor		i	2	2	2	0	0	0	True	True	True
552.0	8.0	138.0	49	7	C	1.0	3.0	3	4	4	3.0	1.0	1/2	True	0	35.0	35.0	35.0	35a	3	138	False	True				False	71	V6		d	i		V6	V		6			M	True	True	(5, 2, 1)	()	1	5	minor	minor	i	i, minor	V		i	i	True	V6	V6, minor		V6, minor		V	2	2	2	5	5	5	True	False	True
552.0	8.0	138.0	52	4	E	0.0	3.0	3	4	4	2.0	1.0	1/2	True	0	35.0	35.0	35.0	35a	3	138	False	True				False	71	V6		d	i		V6	V		6			M	True	True	(5, 2, 1)	()	1	5	minor	minor	i	i, minor	V		i	i	True	V6	V6, minor		V6, minor		V	2	2	2	2	2	2	True	False	False
560.0	16.0	140.0	50	2	D	0.0	1.0	1	4	4	3.0	1.0	1	True	0	36.0	36.0	36.0	36a	3	140	False	True				False	72	i		d	i		i	i					m	True	True	(0, -3, 1)	()	0	0	minor	minor	i	i, minor	i		i	i	True	i	i, minor		i, minor		i	2	2	2	0	0	0	True	True	True
560.0	2.0	140.0	53	-1	F	0.0	1.0	1	4	4	2.0	1.0	1/8	True	0	36.0	36.0	36.0	36a	3	140	False	True				False	72	i		d	i		i	i					m	True	True	(0, -3, 1)	()	0	0	minor	minor	i	i, minor	i		i	i	True	i	i, minor		i, minor		i	2	2	2	-3	-3	-3	True	False	False
562.0	2.0	140.5	52	4	E	0.0	1.5	0	4	4	2.0	1.0	1/8	True	0	36.0	36.0	36.0	36a	3	281/2	False	False				False	72	i		d	i		i	i					m	True	True	(0, -3, 1)	()	0	0	minor	minor	i	i, minor	i		i	i	True	i	i, minor		i, minor		i	2	2	2	2	2	2	False	False	False
564.0	2.0	141.0	52	4	E	0.0	2.0	2	4	4	2.0	1.0	1/8	True	0	36.0	36.0	36.0	36a	3	141	False	False				False	72	i		d	i		i	i					m	True	True	(0, -3, 1)	()	0	0	minor	minor	i	i, minor	i		i	i	True	i	i, minor		i, minor		i	2	2	2	2	2	2	False	False	False
566.0	1.0	141.5	50	2	D	0.0	2.5	0	4	4	2.0	1.0	1/16	True	0	36.0	36.0	36.0	36a	3	283/2	False	False				False	72	i		d	i		i	i					m	True	True	(0, -3, 1)	()	0	0	minor	minor	i	i, minor	i		i	i	True	i	i, minor		i, minor		i	2	2	2	0	0	0	True	True	True
567.0	1.0	141.75	48	0	C	0.0	2.75	0	4	4	2.0	1.0	1/16	True	0	36.0	36.0	36.0	36a	3	567/4	False	False				False	72	i		d	i		i	i					m	True	True	(0, -3, 1)	()	0	0	minor	minor	i	i, minor	i		i	i	True	i	i, minor		i, minor		i	2	2	2	-2	-2	-2	False	False	False
568.0	3.0	142.0	50	2	D	0.0	3.0	3	4	4	2.0	1.0	3/16	True	0	36.0	36.0	36.0	36a	3	142	False	False				False	72	i		d	i		i	i					m	True	True	(0, -3, 1)	()	0	0	minor	minor	i	i, minor	i		i	i	True	i	i, minor		i, minor		i	2	2	2	0	0	0	True	True	True
571.0	1.0	142.75	52	4	E	0.0	3.75	0	4	4	2.0	1.0	1/16	True	0	36.0	36.0	36.0	36a	3	571/4	False	False				False	72	i		d	i		i	i					m	True	True	(0, -3, 1)	()	0	0	minor	minor	i	i, minor	i		i	i	True	i	i, minor		i, minor		i	2	2	2	2	2	2	False	False	False
572.0	1.0	143.0	53	-1	F	0.0	4.0	4	4	4	2.0	1.0	1/16	True	0	36.0	36.0	36.0	36a	3	143	False	False				False	72	i		d	i		i	i					m	True	True	(0, -3, 1)	()	0	0	minor	minor	i	i, minor	i		i	i	True	i	i, minor		i, minor		i	2	2	2	-3	-3	-3	True	False	False
573.0	1.0	143.25	55	1	G	0.0	4.25	0	4	4	2.0	1.0	1/16	True	0	36.0	36.0	36.0	36a	3	573/4	False	False				False	72	i		d	i		i	i					m	True	True	(0, -3, 1)	()	0	0	minor	minor	i	i, minor	i		i	i	True	i	i, minor		i, minor		i	2	2	2	-1	-1	-1	False	False	False
574.0	1.0	143.5	57	3	A	0.0	4.5	0	4	4	2.0	1.0	1/16	True	0	36.0	36.0	36.0	36a	3	287/2	False	False				False	72	i		d	i		i	i					m	True	True	(0, -3, 1)	()	0	0	minor	minor	i	i, minor	i		i	i	True	i	i, minor		i, minor		i	2	2	2	1	1	1	True	False	False
575.0	1.0	143.75	59	5	B	0.0	4.75	0	4	4	2.0	1.0	1/16	True	0	36.0	36.0	36.0	36a	3	575/4	False	False				False	72	i		d	i		i	i					m	True	True	(0, -3, 1)	()	0	0	minor	minor	i	i, minor	i		i	i	True	i	i, minor		i, minor		i	2	2	2	3	3	3	False	False	False
576.0	8.0	144.0	45	3	A	0.0	1.0	1	4	4	3.0	1.0	1/2	True	0	37.0	37.0	37.0	37a	2	144	False	True				False	73	v		d	i		v	v					m	True	True	(1, -2, 2)	()	1	1	minor	minor	i	i, minor	v		i	i	True	v	v, minor		v, minor		v	2	2	2	1	1	1	True	True	True
576.0	2.0	144.0	60	0	C	0.0	1.0	1	4	4	2.0	1.0	1/8	True	0	37.0	37.0	37.0	37a	4	144	False	True				False	73	v		d	i		v	v					m	True	True	(1, -2, 2)	()	1	1	minor	minor	i	i, minor	v		i	i	True	v	v, minor		v, minor		v	2	2	2	-2	-2	-2	True	False	False
578.0	1.0	144.5	62	2	D	0.0	1.5	0	4	4	2.0	1.0	1/16	True	0	37.0	37.0	37.0	37a	4	289/2	False	False				False	73	v		d	i		v	v					m	True	True	(1, -2, 2)	()	1	1	minor	minor	i	i, minor	v		i	i	True	v	v, minor		v, minor		v	2	2	2	0	0	0	False	False	False
579.0	1.0	144.75	64	4	E	0.0	1.75	0	4	4	2.0	1.0	1/16	True	0	37.0	37.0	37.0	37a	4	579/4	False	False				False	73	v		d	i		v	v					m	True	True	(1, -2, 2)	()	1	1	minor	minor	i	i, minor	v		i	i	True	v	v, minor		v, minor		v	2	2	2	2	2	2	True	False	False
580.0	2.0	145.0	57	3	A	0.0	2.0	2	4	4	2.0	1.0	1/8	True	0	37.0	37.0	37.0	37a	3	145	False	False				False	73	v		d	i		v	v					m	True	True	(1, -2, 2)	()	1	1	minor	minor	i	i, minor	v		i	i	True	v	v, minor		v, minor		v	2	2	2	1	1	1	True	True	True
582.0	1.0	145.5	59	5	B	0.0	2.5	0	4	4	2.0	1.0	1/16	True	0	37.0	37.0	37.0	37a	3	291/2	False	False				False	73	v		d	i		v	v					m	True	True	(1, -2, 2)	()	1	1	minor	minor	i	i, minor	v		i	i	True	v	v, minor		v, minor		v	2	2	2	3	3	3	False	False	False
583.0	1.0	145.75	60	0	C	0.0	2.75	0	4	4	2.0	1.0	1/16	True	0	37.0	37.0	37.0	37a	4	583/4	False	False				False	73	v		d	i		v	v					m	True	True	(1, -2, 2)	()	1	1	minor	minor	i	i, minor	v		i	i	True	v	v, minor		v, minor		v	2	2	2	-2	-2	-2	True	False	False
584.0	8.0	146.0	52	4	E	0.0	3.0	3	4	4	3.0	1.0	1/2	True	0	37.0	37.0	37.0	37a	3	146	False	True				False	74	ii		d	i		ii	ii					m	True	True	(2, -1, 3)	()	2	2	minor	minor	i	i, minor	ii		i	i	True	ii	ii, minor		ii, minor		ii	2	2	2	2	2	2	True	True	True
584.0	3.0	146.0	59	5	B	0.0	3.0	3	4	4	2.0	1.0	3/16	True	0	37.0	37.0	37.0	37a	3	146	False	True				False	74	ii		d	i		ii	ii					m	True	True	(2, -1, 3)	()	2	2	minor	minor	i	i, minor	ii		i	i	True	ii	ii, minor		ii, minor		ii	2	2	2	3	3	3	True	False	False
587.0	1.0	146.75	55	1	G	0.0	3.75	0	4	4	2.0	1.0	1/16	True	0	37.0	37.0	37.0	37a	3	587/4	False	False				False	74	ii		d	i		ii	ii					m	True	True	(2, -1, 3)	()	2	2	minor	minor	i	i, minor	ii		i	i	True	ii	ii, minor		ii, minor		ii	2	2	2	-1	-1	-1	True	False	False
588.0	1.0	147.0	57	3	A	0.0	4.0	4	4	4	2.0	1.0	1/16	True	0	37.0	37.0	37.0	37a	3	147	False	False				False	74	ii		d	i		ii	ii					m	True	True	(2, -1, 3)	()	2	2	minor	minor	i	i, minor	ii		i	i	True	ii	ii, minor		ii, minor		ii	2	2	2	1	1	1	False	False	False
589.0	1.0	147.25	59	5	B	0.0	4.25	0	4	4	2.0	1.0	1/16	True	0	37.0	37.0	37.0	37a	3	589/4	False	False				False	74	ii		d	i		ii	ii					m	True	True	(2, -1, 3)	()	2	2	minor	minor	i	i, minor	ii		i	i	True	ii	ii, minor		ii, minor		ii	2	2	2	3	3	3	True	False	False
590.0	1.0	147.5	60	0	C	0.0	4.5	0	4	4	2.0	1.0	1/16	True	0	37.0	37.0	37.0	37a	4	295/2	False	False				False	74	ii		d	i		ii	ii					m	True	True	(2, -1, 3)	()	2	2	minor	minor	i	i, minor	ii		i	i	True	ii	ii, minor		ii, minor		ii	2	2	2	-2	-2	-2	False	False	False
591.0	1.0	147.75	62	2	D	0.0	4.75	0	4	4	2.0	1.0	1/16	True	0	37.0	37.0	37.0	37a	4	591/4	False	False				False	74	ii		d	i		ii	ii					m	True	True	(2, -1, 3)	()	2	2	minor	minor	i	i, minor	ii		i	i	True	ii	ii, minor		ii, minor		ii	2	2	2	0	0	0	False	False	False
592.0	8.0	148.0	48	0	C	0.0	1.0	1	4	4	3.0	1.0	1/2	True	0	38.0	38.0	38.0	38a	3	148	False	True				False	75	VII		d	i		VII	VII					M	True	True	(-2, 2, -1)	()	-2	-2	minor	minor	i	i, minor	VII		i	i	True	VII	VII, minor		VII, minor		VII	2	2	2	-2	-2	-2	True	True	True
592.0	1.0	148.0	64	4	E	0.0	1.0	1	4	4	2.0	1.0	1/16	True	0	38.0	38.0	38.0	38a	4	148	False	True				False	75	VII		d	i		VII	VII					M	True	True	(-2, 2, -1)	()	-2	-2	minor	minor	i	i, minor	VII		i	i	True	VII	VII, minor		VII, minor		VII	2	2	2	2	2	2	True	False	False
593.0	1.0	148.25	65	-1	F	0.0	1.25	0	4	4	2.0	1.0	1/16	True	0	38.0	38.0	38.0	38a	4	593/4	False	False				False	75	VII		d	i		VII	VII					M	True	True	(-2, 2, -1)	()	-2	-2	minor	minor	i	i, minor	VII		i	i	True	VII	VII, minor		VII, minor		VII	2	2	2	-3	-3	-3	False	False	False
594.0	1.0	148.5	67	1	G	0.0	1.5	0	4	4	2.0	1.0	1/16	True	0	38.0	38.0	38.0	38a	4	297/2	False	False				False	75	VII		d	i		VII	VII					M	True	True	(-2, 2, -1)	()	-2	-2	minor	minor	i	i, minor	VII		i	i	True	VII	VII, minor		VII, minor		VII	2	2	2	-1	-1	-1	True	False	False
595.0	1.0	148.75	62	2	D	0.0	1.75	0	4	4	2.0	1.0	1/16	True	0	38.0	38.0	38.0	38a	4	595/4	False	False				False	75	VII		d	i		VII	VII					M	True	True	(-2, 2, -1)	()	-2	-2	minor	minor	i	i, minor	VII		i	i	True	VII	VII, minor		VII, minor		VII	2	2	2	0	0	0	False	False	False
596.0	1.0	149.0	64	4	E	0.0	2.0	2	4	4	2.0	1.0	1/16	True	0	38.0	38.0	38.0	38a	4	149	False	False				False	75	VII		d	i		VII	VII					M	True	True	(-2, 2, -1)	()	-2	-2	minor	minor	i	i, minor	VII		i	i	True	VII	VII, minor		VII, minor		VII	2	2	2	2	2	2	True	False	False
597.0	1.0	149.25	62	2	D	0.0	2.25	0	4	4	2.0	1.0	1/16	True	0	38.0	38.0	38.0	38a	4	597/4	False	False				False	75	VII		d	i		VII	VII					M	True	True	(-2, 2, -1)	()	-2	-2	minor	minor	i	i, minor	VII		i	i	True	VII	VII, minor		VII, minor		VII	2	2	2	0	0	0	False	False	False
598.0	1.0	149.5	64	4	E	0.0	2.5	0	4	4	2.0	1.0	1/16	True	0	38.0	38.0	38.0	38a	4	299/2	False	False				False	75	VII		d	i		VII	VII					M	True	True	(-2, 2, -1)	()	-2	-2	minor	minor	i	i, minor	VII		i	i	True	VII	VII, minor		VII, minor		VII	2	2	2	2	2	2	True	False	False
599.0	1.0	149.75	60	0	C	0.0	2.75	0	4	4	2.0	1.0	1/16	True	0	38.0	38.0	38.0	38a	4	599/4	False	False				False	75	VII		d	i		VII	VII					M	True	True	(-2, 2, -1)	()	-2	-2	minor	minor	i	i, minor	VII		i	i	True	VII	VII, minor		VII, minor		VII	2	2	2	-2	-2	-2	True	True	True
600.0	4.0	150.0	55	1	G	0.0	3.0	3	4	4	3.0	1.0	1/4	True	0	38.0	38.0	38.0	38a	3	150	False	True				False	76	V/VII		d	i		V/VII	V				VII	M	True	True	(-1, 3, 0)	()	-1	-1	minor	minor	i	i, minor	V/VII	VII	VII/i	VII	False	V/VII	V/VII, minor		V/VII, minor	VII	VII	2	2	0	-1	-1	1	True	True	True
600.0	2.0	150.0	62	2	D	0.0	3.0	3	4	4	2.0	1.0	1/8	True	0	38.0	38.0	38.0	38a	4	150	False	True				False	76	V/VII		d	i		V/VII	V				VII	M	True	True	(-1, 3, 0)	()	-1	-1	minor	minor	i	i, minor	V/VII	VII	VII/i	VII	False	V/VII	V/VII, minor		V/VII, minor	VII	VII	2	2	0	0	0	2	True	False	False
602.0	2.0	150.5	55	1	G	0.0	3.5	0	4	4	2.0	1.0	1/8	True	0	38.0	38.0	38.0	38a	3	301/2	False	False				False	76	V/VII		d	i		V/VII	V				VII	M	True	True	(-1, 3, 0)	()	-1	-1	minor	minor	i	i, minor	V/VII	VII	VII/i	VII	False	V/VII	V/VII, minor		V/VII, minor	VII	VII	2	2	0	-1	-1	1	True	True	True
604.0	4.0	151.0	52	4	E	0.0	4.0	4	4	4	3.0	1.0	1/4	True	0	38.0	38.0	38.0	38a	3	151	False	True				False	77	VII6		d	i		VII6	VII		6			M	True	True	(2, -1, -2)	()	-2	2	minor	minor	i	i, minor	VII		i	i	True	VII6	VII6, minor		VII6, minor		VII	2	2	2	2	2	2	True	False	True
604.0	4.0	151.0	60	0	C	0.0	4.0	4	4	4	2.0	1.0	1/4	True	0	38.0	38.0	38.0	38a	4	151	False	True				False	77	VII6		d	i		VII6	VII		6			M	True	True	(2, -1, -2)	()	-2	2	minor	minor	i	i, minor	VII		i	i	True	VII6	VII6, minor		VII6, minor		VII	2	2	2	-2	-2	-2	True	True	False
608.0	8.0	152.0	50	2	D	0.0	1.0	1	4	4	3.0	1.0	1/2	True	0	39.0	39.0	39.0	39a	3	152	False	True				False	78	viio6(2)/VII		d	i		viio6(2)/VII	vii	o	6	2	VII	o	True	True	(0, -3, -2)	()	3	0	minor	minor	i	i, minor	vii/VII	VII	VII/i	VII	False	viio6/VII	viio6/VII, minor		viio6(2)/VII, minor	VII	VII	2	2	0	0	0	2	True	False	True
608.0	4.0	152.0	60	0	C	0.0	1.0	1	4	4	2.0	1.0	1/4	False	0	39.0	39.0	39.0	39a	4	152	False	True				False	78	viio6(2)/VII		d	i		viio6(2)/VII	vii	o	6	2	VII	o	True	True	(0, -3, -2)	()	3	0	minor	minor	i	i, minor	vii/VII	VII	VII/i	VII	False	viio6/VII	viio6/VII, minor		viio6(2)/VII, minor	VII	VII	2	2	0	-2	-2	0	True	False	False
608.0	6.0	152.0	74	2	D	0.0	1.0	1	4	4	1.0	1.0	3/8	True	0	39.0	39.0	39.0	39a	5	152	False	True				False	78	viio6(2)/VII		d	i		viio6(2)/VII	vii	o	6	2	VII	o	True	True	(0, -3, -2)	()	3	0	minor	minor	i	i, minor	vii/VII	VII	VII/i	VII	False	viio6/VII	viio6/VII, minor		viio6(2)/VII, minor	VII	VII	2	2	0	0	0	2	True	False	True
612.0	2.0	153.0	59	5	B	0.0	2.0	2	4	4	2.0	1.0	1/8	True	0	39.0	39.0	39.0	39a	3	153	False	True				False	79	viio6/VII		d	i		viio6/VII	vii	o	6		VII	o	True	True	(0, -3, 3)	()	3	0	minor	minor	i	i, minor	vii/VII	VII	VII/i	VII	False	viio6/VII	viio6/VII, minor		viio6/VII, minor	VII	VII	2	2	0	3	3	5	True	True	False
614.0	2.0	153.5	57	3	A	0.0	2.5	0	4	4	2.0	1.0	1/8	True	0	39.0	39.0	39.0	39a	3	307/2	False	False				False	79	viio6/VII		d	i		viio6/VII	vii	o	6		VII	o	True	True	(0, -3, 3)	()	3	0	minor	minor	i	i, minor	vii/VII	VII	VII/i	VII	False	viio6/VII	viio6/VII, minor		viio6/VII, minor	VII	VII	2	2	0	1	1	3	False	False	False
614.0	2.0	153.5	74	2	D	0.0	2.5	0	4	4	1.0	1.0	1/8	True	0	39.0	39.0	39.0	39a	5	307/2	False	False				False	79	viio6/VII		d	i		viio6/VII	vii	o	6		VII	o	True	True	(0, -3, 3)	()	3	0	minor	minor	i	i, minor	vii/VII	VII	VII/i	VII	False	viio6/VII	viio6/VII, minor		viio6/VII, minor	VII	VII	2	2	0	0	0	2	True	False	True
616.0	8.0	154.0	50	2	D	0.0	3.0	3	4	4	3.0	1.0	1/2	False	0	39.0	39.0	39.0	39a	3	154	False	False				False	79	viio6/VII		d	i		viio6/VII	vii	o	6		VII	o	True	True	(0, -3, 3)	()	3	0	minor	minor	i	i, minor	vii/VII	VII	VII/i	VII	False	viio6/VII	viio6/VII, minor		viio6/VII, minor	VII	VII	2	2	0	0	0	2	True	False	True
616.0	6.0	154.0	59	5	B	0.0	3.0	3	4	4	2.0	1.0	3/8	True	0	39.0	39.0	39.0	39a	3	154	False	False				False	79	viio6/VII		d	i		viio6/VII	vii	o	6		VII	o	True	True	(0, -3, 3)	()	3	0	minor	minor	i	i, minor	vii/VII	VII	VII/i	VII	False	viio6/VII	viio6/VII, minor		viio6/VII, minor	VII	VII	2	2	0	3	3	5	True	True	False
616.0	4.0	154.0	74	2	D	0.0	3.0	3	4	4	1.0	1.0	1/4	True	0	39.0	39.0	39.0	39a	5	154	False	False				False	79	viio6/VII		d	i		viio6/VII	vii	o	6		VII	o	True	True	(0, -3, 3)	()	3	0	minor	minor	i	i, minor	vii/VII	VII	VII/i	VII	False	viio6/VII	viio6/VII, minor		viio6/VII, minor	VII	VII	2	2	0	0	0	2	True	False	True
620.0	4.0	155.0	74	2	D	0.0	4.0	4	4	4	1.0	1.0	1/4	True	0	39.0	39.0	39.0	39a	5	155	False	False				False	79	viio6/VII		d	i		viio6/VII	vii	o	6		VII	o	True	True	(0, -3, 3)	()	3	0	minor	minor	i	i, minor	vii/VII	VII	VII/i	VII	False	viio6/VII	viio6/VII, minor		viio6/VII, minor	VII	VII	2	2	0	0	0	2	True	False	True
622.0	2.0	155.5	59	5	B	0.0	4.5	0	4	4	2.0	1.0	1/8	True	0	39.0	39.0	39.0	39a	3	311/2	False	False				False	79	viio6/VII		d	i		viio6/VII	vii	o	6		VII	o	True	True	(0, -3, 3)	()	3	0	minor	minor	i	i, minor	vii/VII	VII	VII/i	VII	False	viio6/VII	viio6/VII, minor		viio6/VII, minor	VII	VII	2	2	0	3	3	5	True	True	False
624.0	8.0	156.0	48	0	C	0.0	1.0	1	4	4	3.0	1.0	1/2	True	0	40.0	40.0	40.0	40a	3	156	False	True			\\	True	80	VII\\		d	i		VII	VII					M	True	True	(-2, 2, -1)	()	-2	-2	minor	minor	i	i, minor	VII		i	i	True	VII	VII, minor		VII, minor		VII	2	2	2	-2	-2	-2	True	True	True
624.0	16.0	156.0	60	0	C	0.0	1.0	1	4	4	2.0	1.0	1	True	0	40.0	40.0	40.0	40a	4	156	False	True			\\	True	80	VII\\		d	i		VII	VII					M	True	True	(-2, 2, -1)	()	-2	-2	minor	minor	i	i, minor	VII		i	i	True	VII	VII, minor		VII, minor		VII	2	2	2	-2	-2	-2	True	True	True
624.0	8.0	156.0	67	1	G	0.0	1.0	1	4	4	1.0	1.0	1/2	True	0	40.0	40.0	40.0	40a	4	156	False	True			\\	True	80	VII\\		d	i		VII	VII					M	True	True	(-2, 2, -1)	()	-2	-2	minor	minor	i	i, minor	VII		i	i	True	VII	VII, minor		VII, minor		VII	2	2	2	-1	-1	-1	True	False	False
632.0	8.0	158.0	45	3	A	0.0	3.0	3	4	4	3.0	1.0	1/2	True	0	40.0	40.0	40.0	40a	2	158	False	True				False	81	v		d	i		v	v					m	True	True	(1, -2, 2)	()	1	1	minor	minor	i	i, minor	v		i	i	True	v	v, minor		v, minor		v	2	2	2	1	1	1	True	True	True
632.0	8.0	158.0	69	3	A	0.0	3.0	3	4	4	1.0	1.0	1/2	True	0	40.0	40.0	40.0	40a	4	158	False	True				False	81	v		d	i		v	v					m	True	True	(1, -2, 2)	()	1	1	minor	minor	i	i, minor	v		i	i	True	v	v, minor		v, minor		v	2	2	2	1	1	1	True	True	True
640.0	16.0	160.0	43	1	G	0.0	1.0	1	4	4	3.0	1.0	1	True	0	41.0	41.0	41.0	41a	2	160	False	True				False	82	iv		d	i		iv	iv					m	True	True	(-1, -4, 0)	()	-1	-1	minor	minor	i	i, minor	iv		i	i	True	iv	iv, minor		iv, minor		iv	2	2	2	-1	-1	-1	True	True	True
640.0	2.0	160.0	70	-2	B	-1.0	1.0	1	4	4	1.0	1.0	1/8	True	0	41.0	41.0	41.0	41a	4	160	False	True				False	82	iv		d	i		iv	iv					m	True	True	(-1, -4, 0)	()	-1	-1	minor	minor	i	i, minor	iv		i	i	True	iv	iv, minor		iv, minor		iv	2	2	2	-4	-4	-4	True	False	False
642.0	2.0	160.5	69	3	A	0.0	1.5	0	4	4	1.0	1.0	1/8	True	0	41.0	41.0	41.0	41a	4	321/2	False	False				False	82	iv		d	i		iv	iv					m	True	True	(-1, -4, 0)	()	-1	-1	minor	minor	i	i, minor	iv		i	i	True	iv	iv, minor		iv, minor		iv	2	2	2	1	1	1	False	False	False
644.0	2.0	161.0	69	3	A	0.0	2.0	2	4	4	1.0	1.0	1/8	True	0	41.0	41.0	41.0	41a	4	161	False	False				False	82	iv		d	i		iv	iv					m	True	True	(-1, -4, 0)	()	-1	-1	minor	minor	i	i, minor	iv		i	i	True	iv	iv, minor		iv, minor		iv	2	2	2	1	1	1	False	False	False
646.0	1.0	161.5	67	1	G	0.0	2.5	0	4	4	1.0	1.0	1/16	True	0	41.0	41.0	41.0	41a	4	323/2	False	False				False	82	iv		d	i		iv	iv					m	True	True	(-1, -4, 0)	()	-1	-1	minor	minor	i	i, minor	iv		i	i	True	iv	iv, minor		iv, minor		iv	2	2	2	-1	-1	-1	True	True	True
647.0	1.0	161.75	65	-1	F	0.0	2.75	0	4	4	1.0	1.0	1/16	True	0	41.0	41.0	41.0	41a	4	647/4	False	False				False	82	iv		d	i		iv	iv					m	True	True	(-1, -4, 0)	()	-1	-1	minor	minor	i	i, minor	iv		i	i	True	iv	iv, minor		iv, minor		iv	2	2	2	-3	-3	-3	False	False	False
648.0	3.0	162.0	67	1	G	0.0	3.0	3	4	4	1.0	1.0	3/16	True	0	41.0	41.0	41.0	41a	4	162	False	False				False	82	iv		d	i		iv	iv					m	True	True	(-1, -4, 0)	()	-1	-1	minor	minor	i	i, minor	iv		i	i	True	iv	iv, minor		iv, minor		iv	2	2	2	-1	-1	-1	True	True	True
651.0	1.0	162.75	65	-1	F	0.0	3.75	0	4	4	1.0	1.0	1/16	True	0	41.0	41.0	41.0	41a	4	651/4	False	False				False	82	iv		d	i		iv	iv					m	True	True	(-1, -4, 0)	()	-1	-1	minor	minor	i	i, minor	iv		i	i	True	iv	iv, minor		iv, minor		iv	2	2	2	-3	-3	-3	False	False	False
652.0	1.0	163.0	64	4	E	0.0	4.0	4	4	4	1.0	1.0	1/16	True	0	41.0	41.0	41.0	41a	4	163	False	False				False	82	iv		d	i		iv	iv					m	True	True	(-1, -4, 0)	()	-1	-1	minor	minor	i	i, minor	iv		i	i	True	iv	iv, minor		iv, minor		iv	2	2	2	2	2	2	False	False	False
653.0	1.0	163.25	65	-1	F	0.0	4.25	0	4	4	1.0	1.0	1/16	True	0	41.0	41.0	41.0	41a	4	653/4	False	False				False	82	iv		d	i		iv	iv					m	True	True	(-1, -4, 0)	()	-1	-1	minor	minor	i	i, minor	iv		i	i	True	iv	iv, minor		iv, minor		iv	2	2	2	-3	-3	-3	False	False	False
654.0	1.0	163.5	67	1	G	0.0	4.5	0	4	4	1.0	1.0	1/16	True	0	41.0	41.0	41.0	41a	4	327/2	False	False				False	82	iv		d	i		iv	iv					m	True	True	(-1, -4, 0)	()	-1	-1	minor	minor	i	i, minor	iv		i	i	True	iv	iv, minor		iv, minor		iv	2	2	2	-1	-1	-1	True	True	True
655.0	1.0	163.75	69	3	A	0.0	4.75	0	4	4	1.0	1.0	1/16	True	0	41.0	41.0	41.0	41a	4	655/4	False	False				False	82	iv		d	i		iv	iv					m	True	True	(-1, -4, 0)	()	-1	-1	minor	minor	i	i, minor	iv		i	i	True	iv	iv, minor		iv, minor		iv	2	2	2	1	1	1	False	False	False
656.0	8.0	164.0	43	1	G	0.0	1.0	1	4	4	3.0	1.0	1/2	False	0	42.0	42.0	42.0	42a	2	164	False	False				False	82	iv		d	i		iv	iv					m	True	True	(-1, -4, 0)	()	-1	-1	minor	minor	i	i, minor	iv		i	i	True	iv	iv, minor		iv, minor		iv	2	2	2	-1	-1	-1	True	True	True
656.0	2.0	164.0	70	-2	B	-1.0	1.0	1	4	4	1.0	1.0	1/8	True	0	42.0	42.0	42.0	42a	4	164	False	False				False	82	iv		d	i		iv	iv					m	True	True	(-1, -4, 0)	()	-1	-1	minor	minor	i	i, minor	iv		i	i	True	iv	iv, minor		iv, minor		iv	2	2	2	-4	-4	-4	True	False	False
658.0	1.0	164.5	72	0	C	0.0	1.5	0	4	4	1.0	1.0	1/16	True	0	42.0	42.0	42.0	42a	5	329/2	False	False				False	82	iv		d	i		iv	iv					m	True	True	(-1, -4, 0)	()	-1	-1	minor	minor	i	i, minor	iv		i	i	True	iv	iv, minor		iv, minor		iv	2	2	2	-2	-2	-2	False	False	False
659.0	1.0	164.75	74	2	D	0.0	1.75	0	4	4	1.0	1.0	1/16	True	0	42.0	42.0	42.0	42a	5	659/4	False	False				False	82	iv		d	i		iv	iv					m	True	True	(-1, -4, 0)	()	-1	-1	minor	minor	i	i, minor	iv		i	i	True	iv	iv, minor		iv, minor		iv	2	2	2	0	0	0	True	False	False
660.0	2.0	165.0	67	1	G	0.0	2.0	2	4	4	1.0	1.0	1/8	True	0	42.0	42.0	42.0	42a	4	165	False	False				False	82	iv		d	i		iv	iv					m	True	True	(-1, -4, 0)	()	-1	-1	minor	minor	i	i, minor	iv		i	i	True	iv	iv, minor		iv, minor		iv	2	2	2	-1	-1	-1	True	True	True
662.0	1.0	165.5	69	3	A	0.0	2.5	0	4	4	1.0	1.0	1/16	True	0	42.0	42.0	42.0	42a	4	331/2	False	False				False	82	iv		d	i		iv	iv					m	True	True	(-1, -4, 0)	()	-1	-1	minor	minor	i	i, minor	iv		i	i	True	iv	iv, minor		iv, minor		iv	2	2	2	1	1	1	False	False	False
663.0	1.0	165.75	70	-2	B	-1.0	2.75	0	4	4	1.0	1.0	1/16	True	0	42.0	42.0	42.0	42a	4	663/4	False	False				False	82	iv		d	i		iv	iv					m	True	True	(-1, -4, 0)	()	-1	-1	minor	minor	i	i, minor	iv		i	i	True	iv	iv, minor		iv, minor		iv	2	2	2	-4	-4	-4	True	False	False
664.0	8.0	166.0	50	2	D	0.0	3.0	3	4	4	3.0	1.0	1/2	True	0	42.0	42.0	42.0	42a	3	166	False	True				False	83	i		d	i		i	i					m	True	True	(0, -3, 1)	()	0	0	minor	minor	i	i, minor	i		i	i	True	i	i, minor		i, minor		i	2	2	2	0	0	0	True	True	True
664.0	3.0	166.0	69	3	A	0.0	3.0	3	4	4	1.0	1.0	3/16	True	0	42.0	42.0	42.0	42a	4	166	False	True				False	83	i		d	i		i	i					m	True	True	(0, -3, 1)	()	0	0	minor	minor	i	i, minor	i		i	i	True	i	i, minor		i, minor		i	2	2	2	1	1	1	True	False	False
667.0	1.0	166.75	67	1	G	0.0	3.75	0	4	4	1.0	1.0	1/16	True	0	42.0	42.0	42.0	42a	4	667/4	False	False				False	83	i		d	i		i	i					m	True	True	(0, -3, 1)	()	0	0	minor	minor	i	i, minor	i		i	i	True	i	i, minor		i, minor		i	2	2	2	-1	-1	-1	False	False	False
668.0	1.0	167.0	65	-1	F	0.0	4.0	4	4	4	1.0	1.0	1/16	True	0	42.0	42.0	42.0	42a	4	167	False	False				False	83	i		d	i		i	i					m	True	True	(0, -3, 1)	()	0	0	minor	minor	i	i, minor	i		i	i	True	i	i, minor		i, minor		i	2	2	2	-3	-3	-3	True	False	False
669.0	1.0	167.25	67	1	G	0.0	4.25	0	4	4	1.0	1.0	1/16	True	0	42.0	42.0	42.0	42a	4	669/4	False	False				False	83	i		d	i		i	i					m	True	True	(0, -3, 1)	()	0	0	minor	minor	i	i, minor	i		i	i	True	i	i, minor		i, minor		i	2	2	2	-1	-1	-1	False	False	False
670.0	1.0	167.5	69	3	A	0.0	4.5	0	4	4	1.0	1.0	1/16	True	0	42.0	42.0	42.0	42a	4	335/2	False	False				False	83	i		d	i		i	i					m	True	True	(0, -3, 1)	()	0	0	minor	minor	i	i, minor	i		i	i	True	i	i, minor		i, minor		i	2	2	2	1	1	1	True	False	False
671.0	1.0	167.75	71	5	B	0.0	4.75	0	4	4	1.0	1.0	1/16	True	0	42.0	42.0	42.0	42a	4	671/4	False	False				False	83	i		d	i		i	i					m	True	True	(0, -3, 1)	()	0	0	minor	minor	i	i, minor	i		i	i	True	i	i, minor		i, minor		i	2	2	2	3	3	3	False	False	False
672.0	8.0	168.0	45	3	A	0.0	1.0	1	4	4	3.0	1.0	1/2	True	0	43.0	43.0	43.0	43a	2	168	False	True				False	84	v		d	i		v	v					m	True	True	(1, -2, 2)	()	1	1	minor	minor	i	i, minor	v		i	i	True	v	v, minor		v, minor		v	2	2	2	1	1	1	True	True	True
672.0	1.0	168.0	72	0	C	0.0	1.0	1	4	4	1.0	1.0	1/16	True	0	43.0	43.0	43.0	43a	5	168	False	True				False	84	v		d	i		v	v					m	True	True	(1, -2, 2)	()	1	1	minor	minor	i	i, minor	v		i	i	True	v	v, minor		v, minor		v	2	2	2	-2	-2	-2	True	False	False
673.0	1.0	168.25	74	2	D	0.0	1.25	0	4	4	1.0	1.0	1/16	True	0	43.0	43.0	43.0	43a	5	673/4	False	False				False	84	v		d	i		v	v					m	True	True	(1, -2, 2)	()	1	1	minor	minor	i	i, minor	v		i	i	True	v	v, minor		v, minor		v	2	2	2	0	0	0	False	False	False
674.0	1.0	168.5	76	4	E	0.0	1.5	0	4	4	1.0	1.0	1/16	True	0	43.0	43.0	43.0	43a	5	337/2	False	False				False	84	v		d	i		v	v					m	True	True	(1, -2, 2)	()	1	1	minor	minor	i	i, minor	v		i	i	True	v	v, minor		v, minor		v	2	2	2	2	2	2	True	False	False
675.0	1.0	168.75	71	5	B	0.0	1.75	0	4	4	1.0	1.0	1/16	True	0	43.0	43.0	43.0	43a	4	675/4	False	False				False	84	v		d	i		v	v					m	True	True	(1, -2, 2)	()	1	1	minor	minor	i	i, minor	v		i	i	True	v	v, minor		v, minor		v	2	2	2	3	3	3	False	False	False
676.0	1.0	169.0	72	0	C	0.0	2.0	2	4	4	1.0	1.0	1/16	True	0	43.0	43.0	43.0	43a	5	169	False	False				False	84	v		d	i		v	v					m	True	True	(1, -2, 2)	()	1	1	minor	minor	i	i, minor	v		i	i	True	v	v, minor		v, minor		v	2	2	2	-2	-2	-2	True	False	False
677.0	1.0	169.25	71	5	B	0.0	2.25	0	4	4	1.0	1.0	1/16	True	0	43.0	43.0	43.0	43a	4	677/4	False	False				False	84	v		d	i		v	v					m	True	True	(1, -2, 2)	()	1	1	minor	minor	i	i, minor	v		i	i	True	v	v, minor		v, minor		v	2	2	2	3	3	3	False	False	False
678.0	1.0	169.5	72	0	C	0.0	2.5	0	4	4	1.0	1.0	1/16	True	0	43.0	43.0	43.0	43a	5	339/2	False	False				False	84	v		d	i		v	v					m	True	True	(1, -2, 2)	()	1	1	minor	minor	i	i, minor	v		i	i	True	v	v, minor		v, minor		v	2	2	2	-2	-2	-2	True	False	False
679.0	1.0	169.75	69	3	A	0.0	2.75	0	4	4	1.0	1.0	1/16	True	0	43.0	43.0	43.0	43a	4	679/4	False	False				False	84	v		d	i		v	v					m	True	True	(1, -2, 2)	()	1	1	minor	minor	i	i, minor	v		i	i	True	v	v, minor		v, minor		v	2	2	2	1	1	1	True	True	True
680.0	4.0	170.0	52	4	E	0.0	3.0	3	4	4	3.0	1.0	1/4	True	0	43.0	43.0	43.0	43a	3	170	False	True				False	85	V/v		d	i		V/v	V				v	M	True	True	(2, 6, 3)	()	2	2	minor	minor	i	i, minor	V/v	v	v/i	v	True	V/v	V/v, minor		V/v, minor	v	v	2	2	3	2	2	1	True	True	True
680.0	2.0	170.0	71	5	B	0.0	3.0	3	4	4	1.0	1.0	1/8	True	0	43.0	43.0	43.0	43a	4	170	False	True				False	85	V/v		d	i		V/v	V				v	M	True	True	(2, 6, 3)	()	2	2	minor	minor	i	i, minor	V/v	v	v/i	v	True	V/v	V/v, minor		V/v, minor	v	v	2	2	3	3	3	2	True	False	False
682.0	2.0	170.5	64	4	E	0.0	3.5	0	4	4	1.0	1.0	1/8	True	0	43.0	43.0	43.0	43a	4	341/2	False	False				False	85	V/v		d	i		V/v	V				v	M	True	True	(2, 6, 3)	()	2	2	minor	minor	i	i, minor	V/v	v	v/i	v	True	V/v	V/v, minor		V/v, minor	v	v	2	2	3	2	2	1	True	True	True
684.0	4.0	171.0	50	2	D	0.0	4.0	4	4	4	3.0	1.0	1/4	True	0	43.0	43.0	43.0	43a	3	171	False	True				False	86	iv/v		d	i		iv/v	iv				v	m	True	True	(0, -3, 1)	()	0	0	minor	minor	i	i, minor	iv/v	v	v/i	v	True	iv/v	iv/v, minor		iv/v, minor	v	v	2	2	3	0	0	-1	True	True	True
684.0	4.0	171.0	69	3	A	0.0	4.0	4	4	4	1.0	1.0	1/4	True	0	43.0	43.0	43.0	43a	4	171	False	True				False	86	iv/v		d	i		iv/v	iv				v	m	True	True	(0, -3, 1)	()	0	0	minor	minor	i	i, minor	iv/v	v	v/i	v	True	iv/v	iv/v, minor		iv/v, minor	v	v	2	2	3	1	1	0	True	False	False
688.0	8.0	172.0	52	4	E	0.0	1.0	1	4	4	3.0	1.0	1/2	True	0	44.0	44.0	44.0	44a	3	172	False	True				False	87	V(4)/v		d	i		V(4)/v	V			4	v	M	True	True	(2, 1, 3)	()	2	2	minor	minor	i	i, minor	V/v	v	v/i	v	True	V/v	V/v, minor		V(4)/v, minor	v	v	2	2	3	2	2	1	True	True	True
688.0	6.0	172.0	64	4	E	0.0	1.0	1	4	4	2.0	1.0	3/8	True	0	44.0	44.0	44.0	44a	4	172	False	True				False	87	V(4)/v		d	i		V(4)/v	V			4	v	M	True	True	(2, 1, 3)	()	2	2	minor	minor	i	i, minor	V/v	v	v/i	v	True	V/v	V/v, minor		V(4)/v, minor	v	v	2	2	3	2	2	1	True	True	True
688.0	4.0	172.0	69	3	A	0.0	1.0	1	4	4	1.0	1.0	1/4	False	0	44.0	44.0	44.0	44a	4	172	False	True				False	87	V(4)/v		d	i		V(4)/v	V			4	v	M	True	True	(2, 1, 3)	()	2	2	minor	minor	i	i, minor	V/v	v	v/i	v	True	V/v	V/v, minor		V(4)/v, minor	v	v	2	2	3	1	1	0	True	False	False
692.0	2.0	173.0	68	8	G	1.0	2.0	2	4	4	1.0	1.0	1/8	True	0	44.0	44.0	44.0	44a	4	173	False	True				False	88	V/v		d	i		V/v	V				v	M	True	True	(2, 6, 3)	()	2	2	minor	minor	i	i, minor	V/v	v	v/i	v	True	V/v	V/v, minor		V/v, minor	v	v	2	2	3	6	6	5	True	False	False
694.0	2.0	173.5	64	4	E	0.0	2.5	0	4	4	2.0	1.0	1/8	True	0	44.0	44.0	44.0	44a	4	347/2	False	False				False	88	V/v		d	i		V/v	V				v	M	True	True	(2, 6, 3)	()	2	2	minor	minor	i	i, minor	V/v	v	v/i	v	True	V/v	V/v, minor		V/v, minor	v	v	2	2	3	2	2	1	True	True	True
694.0	2.0	173.5	66	6	F	1.0	2.5	0	4	4	1.0	1.0	1/8	True	0	44.0	44.0	44.0	44a	4	347/2	False	False				False	88	V/v		d	i		V/v	V				v	M	True	True	(2, 6, 3)	()	2	2	minor	minor	i	i, minor	V/v	v	v/i	v	True	V/v	V/v, minor		V/v, minor	v	v	2	2	3	4	4	3	False	False	False
696.0	8.0	174.0	52	4	E	0.0	3.0	3	4	4	3.0	1.0	1/2	False	0	44.0	44.0	44.0	44a	3	174	False	False				False	88	V/v		d	i		V/v	V				v	M	True	True	(2, 6, 3)	()	2	2	minor	minor	i	i, minor	V/v	v	v/i	v	True	V/v	V/v, minor		V/v, minor	v	v	2	2	3	2	2	1	True	True	True
696.0	4.0	174.0	64	4	E	0.0	3.0	3	4	4	2.0	1.0	1/4	True	0	44.0	44.0	44.0	44a	4	174	False	False				False	88	V/v		d	i		V/v	V				v	M	True	True	(2, 6, 3)	()	2	2	minor	minor	i	i, minor	V/v	v	v/i	v	True	V/v	V/v, minor		V/v, minor	v	v	2	2	3	2	2	1	True	True	True
696.0	6.0	174.0	68	8	G	1.0	3.0	3	4	4	1.0	1.0	3/8	True	0	44.0	44.0	44.0	44a	4	174	False	False				False	88	V/v		d	i		V/v	V				v	M	True	True	(2, 6, 3)	()	2	2	minor	minor	i	i, minor	V/v	v	v/i	v	True	V/v	V/v, minor		V/v, minor	v	v	2	2	3	6	6	5	True	False	False
700.0	4.0	175.0	64	4	E	0.0	4.0	4	4	4	2.0	1.0	1/4	True	0	44.0	44.0	44.0	44a	4	175	False	False				False	88	V/v		d	i		V/v	V				v	M	True	True	(2, 6, 3)	()	2	2	minor	minor	i	i, minor	V/v	v	v/i	v	True	V/v	V/v, minor		V/v, minor	v	v	2	2	3	2	2	1	True	True	True
702.0	2.0	175.5	68	8	G	1.0	4.5	0	4	4	1.0	1.0	1/8	True	0	44.0	44.0	44.0	44a	4	351/2	False	False				False	88	V/v		d	i		V/v	V				v	M	True	True	(2, 6, 3)	()	2	2	minor	minor	i	i, minor	V/v	v	v/i	v	True	V/v	V/v, minor		V/v, minor	v	v	2	2	3	6	6	5	True	False	False
704.0	8.0	176.0	45	3	A	0.0	1.0	1	4	4	3.0	1.0	1/2	True	0	45.0	45.0	45.0	45a	2	176	False	True			\\	True	89	v\\		d	i		v	v					m	True	True	(1, -2, 2)	()	1	1	minor	minor	i	i, minor	v		i	i	True	v	v, minor		v, minor		v	2	2	2	1	1	1	True	True	True
704.0	8.0	176.0	57	3	A	0.0	1.0	1	4	4	2.0	1.0	1/2	True	0	45.0	45.0	45.0	45a	3	176	False	True			\\	True	89	v\\		d	i		v	v					m	True	True	(1, -2, 2)	()	1	1	minor	minor	i	i, minor	v		i	i	True	v	v, minor		v, minor		v	2	2	2	1	1	1	True	True	True
704.0	4.0	176.0	69	3	A	0.0	1.0	1	4	4	1.0	1.0	1/4	True	0	45.0	45.0	45.0	45a	4	176	False	True			\\	True	89	v\\		d	i		v	v					m	True	True	(1, -2, 2)	()	1	1	minor	minor	i	i, minor	v		i	i	True	v	v, minor		v, minor		v	2	2	2	1	1	1	True	True	True
708.0	2.0	177.0	76	4	E	0.0	2.0	2	4	4	1.0	1.0	1/8	True	0	45.0	45.0	45.0	45a	5	177	False	False				False	89	v\\		d	i		v	v					m	True	True	(1, -2, 2)	()	1	1	minor	minor	i	i, minor	v		i	i	True	v	v, minor		v, minor		v	2	2	2	2	2	2	True	False	False
710.0	2.0	177.5	76	4	E	0.0	2.5	0	4	4	1.0	1.0	1/8	True	0	45.0	45.0	45.0	45a	5	355/2	False	False				False	89	v\\		d	i		v	v					m	True	True	(1, -2, 2)	()	1	1	minor	minor	i	i, minor	v		i	i	True	v	v, minor		v, minor		v	2	2	2	2	2	2	True	False	False
712.0	4.0	178.0	45	3	A	0.0	3.0	3	4	4	3.0	1.0	1/4	True	0	45.0	45.0	45.0	45a	2	178	False	False				False	89	v\\		d	i		v	v					m	True	True	(1, -2, 2)	()	1	1	minor	minor	i	i, minor	v		i	i	True	v	v, minor		v, minor		v	2	2	2	1	1	1	True	True	True
712.0	4.0	178.0	57	3	A	0.0	3.0	3	4	4	2.0	1.0	1/4	True	0	45.0	45.0	45.0	45a	3	178	False	False				False	89	v\\		d	i		v	v					m	True	True	(1, -2, 2)	()	1	1	minor	minor	i	i, minor	v		i	i	True	v	v, minor		v, minor		v	2	2	2	1	1	1	True	True	True
712.0	4.0	178.0	76	4	E	0.0	3.0	3	4	4	1.0	1.0	1/4	True	0	45.0	45.0	45.0	45a	5	178	False	False				False	89	v\\		d	i		v	v					m	True	True	(1, -2, 2)	()	1	1	minor	minor	i	i, minor	v		i	i	True	v	v, minor		v, minor		v	2	2	2	2	2	2	True	False	False
716.0	4.0	179.0	57	3	A	0.0	4.0	4	4	4	2.0	1.0	1/4	True	0	45.0	45.0	45.0	45a	3	179	False	False				False	89	v\\		d	i		v	v					m	True	True	(1, -2, 2)	()	1	1	minor	minor	i	i, minor	v		i	i	True	v	v, minor		v, minor		v	2	2	2	1	1	1	True	True	True
716.0	4.0	179.0	57	3	A	0.0	4.0	4	4	4	3.0	1.0	1/4	True	0	45.0	45.0	45.0	45a	3	179	False	False				False	89	v\\		d	i		v	v					m	True	True	(1, -2, 2)	()	1	1	minor	minor	i	i, minor	v		i	i	True	v	v, minor		v, minor		v	2	2	2	1	1	1	True	True	True
716.0	4.0	179.0	76	4	E	0.0	4.0	4	4	4	1.0	1.0	1/4	True	0	45.0	45.0	45.0	45a	5	179	False	False				False	89	v\\		d	i		v	v					m	True	True	(1, -2, 2)	()	1	1	minor	minor	i	i, minor	v		i	i	True	v	v, minor		v, minor		v	2	2	2	2	2	2	True	False	False
720.0	8.0	180.0	53	-1	F	0.0	1.0	1	4	4	2.0	1.0	1/2	True	0	46.0	46.0	46.0	46a	3	180	False	True				False	90	III		d	i		III	III					M	True	True	(-3, 1, -2)	()	-3	-3	minor	minor	i	i, minor	III		i	i	True	III	III, minor		III, minor		III	2	2	2	-3	-3	-3	True	True	True
720.0	16.0	180.0	53	-1	F	0.0	1.0	1	4	4	3.0	1.0	1	True	0	46.0	46.0	46.0	46a	3	180	False	True				False	90	III		d	i		III	III					M	True	True	(-3, 1, -2)	()	-3	-3	minor	minor	i	i, minor	III		i	i	True	III	III, minor		III, minor		III	2	2	2	-3	-3	-3	True	True	True
720.0	8.0	180.0	69	3	A	0.0	1.0	1	4	4	1.0	1.0	1/2	True	0	46.0	46.0	46.0	46a	4	180	False	True				False	90	III		d	i		III	III					M	True	True	(-3, 1, -2)	()	-3	-3	minor	minor	i	i, minor	III		i	i	True	III	III, minor		III, minor		III	2	2	2	1	1	1	True	False	False
728.0	8.0	182.0	53	-1	F	0.0	3.0	3	4	4	2.0	1.0	1/2	True	0	46.0	46.0	46.0	46a	3	182	False	False				False	90	III		d	i		III	III					M	True	True	(-3, 1, -2)	()	-3	-3	minor	minor	i	i, minor	III		i	i	True	III	III, minor		III, minor		III	2	2	2	-3	-3	-3	True	True	True
728.0	8.0	182.0	69	3	A	0.0	3.0	3	4	4	1.0	1.0	1/2	True	0	46.0	46.0	46.0	46a	4	182	False	False				False	90	III		d	i		III	III					M	True	True	(-3, 1, -2)	()	-3	-3	minor	minor	i	i, minor	III		i	i	True	III	III, minor		III, minor		III	2	2	2	1	1	1	True	False	False
736.0	8.0	184.0	53	-1	F	0.0	1.0	1	4	4	3.0	1.0	1/2	True	0	47.0	47.0	47.0	47a	3	184	False	False				False	90	III		d	i		III	III					M	True	True	(-3, 1, -2)	()	-3	-3	minor	minor	i	i, minor	III		i	i	True	III	III, minor		III, minor		III	2	2	2	-3	-3	-3	True	True	True
736.0	1.0	184.0	57	3	A	0.0	1.0	1	4	4	2.0	1.0	1/16	True	0	47.0	47.0	47.0	47a	3	184	False	False				False	90	III		d	i		III	III					M	True	True	(-3, 1, -2)	()	-3	-3	minor	minor	i	i, minor	III		i	i	True	III	III, minor		III, minor		III	2	2	2	1	1	1	True	False	False
737.0	1.0	184.25	59	5	B	0.0	1.25	0	4	4	2.0	1.0	1/16	True	0	47.0	47.0	47.0	47a	3	737/4	False	False				False	90	III		d	i		III	III					M	True	True	(-3, 1, -2)	()	-3	-3	minor	minor	i	i, minor	III		i	i	True	III	III, minor		III, minor		III	2	2	2	3	3	3	False	False	False
738.0	1.0	184.5	60	0	C	0.0	1.5	0	4	4	2.0	1.0	1/16	True	0	47.0	47.0	47.0	47a	4	369/2	False	False				False	90	III		d	i		III	III					M	True	True	(-3, 1, -2)	()	-3	-3	minor	minor	i	i, minor	III		i	i	True	III	III, minor		III, minor		III	2	2	2	-2	-2	-2	True	False	False
739.0	1.0	184.75	55	1	G	0.0	1.75	0	4	4	2.0	1.0	1/16	True	0	47.0	47.0	47.0	47a	3	739/4	False	False				False	90	III		d	i		III	III					M	True	True	(-3, 1, -2)	()	-3	-3	minor	minor	i	i, minor	III		i	i	True	III	III, minor		III, minor		III	2	2	2	-1	-1	-1	False	False	False
740.0	1.0	185.0	57	3	A	0.0	2.0	2	4	4	2.0	1.0	1/16	True	0	47.0	47.0	47.0	47a	3	185	False	False				False	90	III		d	i		III	III					M	True	True	(-3, 1, -2)	()	-3	-3	minor	minor	i	i, minor	III		i	i	True	III	III, minor		III, minor		III	2	2	2	1	1	1	True	False	False
741.0	1.0	185.25	55	1	G	0.0	2.25	0	4	4	2.0	1.0	1/16	True	0	47.0	47.0	47.0	47a	3	741/4	False	False				False	90	III		d	i		III	III					M	True	True	(-3, 1, -2)	()	-3	-3	minor	minor	i	i, minor	III		i	i	True	III	III, minor		III, minor		III	2	2	2	-1	-1	-1	False	False	False
742.0	1.0	185.5	57	3	A	0.0	2.5	0	4	4	2.0	1.0	1/16	True	0	47.0	47.0	47.0	47a	3	371/2	False	False				False	90	III		d	i		III	III					M	True	True	(-3, 1, -2)	()	-3	-3	minor	minor	i	i, minor	III		i	i	True	III	III, minor		III, minor		III	2	2	2	1	1	1	True	False	False
743.0	1.0	185.75	53	-1	F	0.0	2.75	0	4	4	2.0	1.0	1/16	True	0	47.0	47.0	47.0	47a	3	743/4	False	False				False	90	III		d	i		III	III					M	True	True	(-3, 1, -2)	()	-3	-3	minor	minor	i	i, minor	III		i	i	True	III	III, minor		III, minor		III	2	2	2	-3	-3	-3	True	True	True
744.0	8.0	186.0	48	0	C	0.0	3.0	3	4	4	3.0	1.0	1/2	True	0	47.0	47.0	47.0	47a	3	186	False	True				False	91	VII		d	i		VII	VII					M	True	True	(-2, 2, -1)	()	-2	-2	minor	minor	i	i, minor	VII		i	i	True	VII	VII, minor		VII, minor		VII	2	2	2	-2	-2	-2	True	True	True
744.0	2.0	186.0	55	1	G	0.0	3.0	3	4	4	2.0	1.0	1/8	True	0	47.0	47.0	47.0	47a	3	186	False	True				False	91	VII		d	i		VII	VII					M	True	True	(-2, 2, -1)	()	-2	-2	minor	minor	i	i, minor	VII		i	i	True	VII	VII, minor		VII, minor		VII	2	2	2	-1	-1	-1	True	False	False
744.0	1.0	186.0	64	4	E	0.0	3.0	3	4	4	1.0	1.0	1/16	True	0	47.0	47.0	47.0	47a	4	186	False	True				False	91	VII		d	i		VII	VII					M	True	True	(-2, 2, -1)	()	-2	-2	minor	minor	i	i, minor	VII		i	i	True	VII	VII, minor		VII, minor		VII	2	2	2	2	2	2	True	False	False
745.0	1.0	186.25	65	-1	F	0.0	3.25	0	4	4	1.0	1.0	1/16	True	0	47.0	47.0	47.0	47a	4	745/4	False	False				False	91	VII		d	i		VII	VII					M	True	True	(-2, 2, -1)	()	-2	-2	minor	minor	i	i, minor	VII		i	i	True	VII	VII, minor		VII, minor		VII	2	2	2	-3	-3	-3	False	False	False
746.0	2.0	186.5	55	1	G	0.0	3.5	0	4	4	2.0	1.0	1/8	True	0	47.0	47.0	47.0	47a	3	373/2	False	False				False	91	VII		d	i		VII	VII					M	True	True	(-2, 2, -1)	()	-2	-2	minor	minor	i	i, minor	VII		i	i	True	VII	VII, minor		VII, minor		VII	2	2	2	-1	-1	-1	True	False	False
746.0	1.0	186.5	67	1	G	0.0	3.5	0	4	4	1.0	1.0	1/16	True	0	47.0	47.0	47.0	47a	4	373/2	False	False				False	91	VII		d	i		VII	VII					M	True	True	(-2, 2, -1)	()	-2	-2	minor	minor	i	i, minor	VII		i	i	True	VII	VII, minor		VII, minor		VII	2	2	2	-1	-1	-1	True	False	False
747.0	1.0	186.75	62	2	D	0.0	3.75	0	4	4	1.0	1.0	1/16	True	0	47.0	47.0	47.0	47a	4	747/4	False	False				False	91	VII		d	i		VII	VII					M	True	True	(-2, 2, -1)	()	-2	-2	minor	minor	i	i, minor	VII		i	i	True	VII	VII, minor		VII, minor		VII	2	2	2	0	0	0	False	False	False
748.0	1.0	187.0	64	4	E	0.0	4.0	4	4	4	1.0	1.0	1/16	True	0	47.0	47.0	47.0	47a	4	187	False	False				False	91	VII		d	i		VII	VII					M	True	True	(-2, 2, -1)	()	-2	-2	minor	minor	i	i, minor	VII		i	i	True	VII	VII, minor		VII, minor		VII	2	2	2	2	2	2	True	False	False
749.0	1.0	187.25	62	2	D	0.0	4.25	0	4	4	1.0	1.0	1/16	True	0	47.0	47.0	47.0	47a	4	749/4	False	False				False	91	VII		d	i		VII	VII					M	True	True	(-2, 2, -1)	()	-2	-2	minor	minor	i	i, minor	VII		i	i	True	VII	VII, minor		VII, minor		VII	2	2	2	0	0	0	False	False	False
750.0	1.0	187.5	64	4	E	0.0	4.5	0	4	4	1.0	1.0	1/16	True	0	47.0	47.0	47.0	47a	4	375/2	False	False				False	91	VII		d	i		VII	VII					M	True	True	(-2, 2, -1)	()	-2	-2	minor	minor	i	i, minor	VII		i	i	True	VII	VII, minor		VII, minor		VII	2	2	2	2	2	2	True	False	False
751.0	1.0	187.75	60	0	C	0.0	4.75	0	4	4	1.0	1.0	1/16	True	0	47.0	47.0	47.0	47a	4	751/4	False	False				False	91	VII		d	i		VII	VII					M	True	True	(-2, 2, -1)	()	-2	-2	minor	minor	i	i, minor	VII		i	i	True	VII	VII, minor		VII, minor		VII	2	2	2	-2	-2	-2	True	True	True
752.0	8.0	188.0	55	1	G	0.0	1.0	1	4	4	3.0	1.0	1/2	True	0	48.0	48.0	48.0	48a	3	188	False	True				False	92	IV		d	i		IV	IV					M	True	True	(-1, 3, 0)	()	-1	-1	minor	minor	i	i, minor	IV		i	i	True	IV	IV, minor		IV, minor		IV	2	2	2	-1	-1	-1	True	True	True
752.0	1.0	188.0	59	5	B	0.0	1.0	1	4	4	2.0	1.0	1/16	True	0	48.0	48.0	48.0	48a	3	188	False	True				False	92	IV		d	i		IV	IV					M	True	True	(-1, 3, 0)	()	-1	-1	minor	minor	i	i, minor	IV		i	i	True	IV	IV, minor		IV, minor		IV	2	2	2	3	3	3	True	False	False
752.0	2.0	188.0	62	2	D	0.0	1.0	1	4	4	1.0	1.0	1/8	True	0	48.0	48.0	48.0	48a	4	188	False	True				False	92	IV		d	i		IV	IV					M	True	True	(-1, 3, 0)	()	-1	-1	minor	minor	i	i, minor	IV		i	i	True	IV	IV, minor		IV, minor		IV	2	2	2	0	0	0	True	False	False
753.0	1.0	188.25	60	0	C	0.0	1.25	0	4	4	2.0	1.0	1/16	True	0	48.0	48.0	48.0	48a	4	753/4	False	False				False	92	IV		d	i		IV	IV					M	True	True	(-1, 3, 0)	()	-1	-1	minor	minor	i	i, minor	IV		i	i	True	IV	IV, minor		IV, minor		IV	2	2	2	-2	-2	-2	False	False	False
754.0	1.0	188.5	62	2	D	0.0	1.5	0	4	4	2.0	1.0	1/16	True	0	48.0	48.0	48.0	48a	4	377/2	False	False				False	92	IV		d	i		IV	IV					M	True	True	(-1, 3, 0)	()	-1	-1	minor	minor	i	i, minor	IV		i	i	True	IV	IV, minor		IV, minor		IV	2	2	2	0	0	0	True	False	False
754.0	2.0	188.5	62	2	D	0.0	1.5	0	4	4	1.0	1.0	1/8	True	0	48.0	48.0	48.0	48a	4	377/2	False	False				False	92	IV		d	i		IV	IV					M	True	True	(-1, 3, 0)	()	-1	-1	minor	minor	i	i, minor	IV		i	i	True	IV	IV, minor		IV, minor		IV	2	2	2	0	0	0	True	False	False
755.0	1.0	188.75	57	3	A	0.0	1.75	0	4	4	2.0	1.0	1/16	True	0	48.0	48.0	48.0	48a	3	755/4	False	False				False	92	IV		d	i		IV	IV					M	True	True	(-1, 3, 0)	()	-1	-1	minor	minor	i	i, minor	IV		i	i	True	IV	IV, minor		IV, minor		IV	2	2	2	1	1	1	False	False	False
756.0	1.0	189.0	59	5	B	0.0	2.0	2	4	4	2.0	1.0	1/16	True	0	48.0	48.0	48.0	48a	3	189	False	False				False	92	IV		d	i		IV	IV					M	True	True	(-1, 3, 0)	()	-1	-1	minor	minor	i	i, minor	IV		i	i	True	IV	IV, minor		IV, minor		IV	2	2	2	3	3	3	True	False	False
757.0	1.0	189.25	57	3	A	0.0	2.25	0	4	4	2.0	1.0	1/16	True	0	48.0	48.0	48.0	48a	3	757/4	False	False				False	92	IV		d	i		IV	IV					M	True	True	(-1, 3, 0)	()	-1	-1	minor	minor	i	i, minor	IV		i	i	True	IV	IV, minor		IV, minor		IV	2	2	2	1	1	1	False	False	False
758.0	1.0	189.5	59	5	B	0.0	2.5	0	4	4	2.0	1.0	1/16	True	0	48.0	48.0	48.0	48a	3	379/2	False	False				False	92	IV		d	i		IV	IV					M	True	True	(-1, 3, 0)	()	-1	-1	minor	minor	i	i, minor	IV		i	i	True	IV	IV, minor		IV, minor		IV	2	2	2	3	3	3	True	False	False
759.0	1.0	189.75	55	1	G	0.0	2.75	0	4	4	2.0	1.0	1/16	True	0	48.0	48.0	48.0	48a	3	759/4	False	False				False	92	IV		d	i		IV	IV					M	True	True	(-1, 3, 0)	()	-1	-1	minor	minor	i	i, minor	IV		i	i	True	IV	IV, minor		IV, minor		IV	2	2	2	-1	-1	-1	True	True	True
760.0	8.0	190.0	50	2	D	0.0	3.0	3	4	4	3.0	1.0	1/2	True	0	48.0	48.0	48.0	48a	3	190	False	True				False	93	i		d	i		i	i					m	True	True	(0, -3, 1)	()	0	0	minor	minor	i	i, minor	i		i	i	True	i	i, minor		i, minor		i	2	2	2	0	0	0	True	True	True
760.0	2.0	190.0	57	3	A	0.0	3.0	3	4	4	2.0	1.0	1/8	True	0	48.0	48.0	48.0	48a	3	190	False	True				False	93	i		d	i		i	i					m	True	True	(0, -3, 1)	()	0	0	minor	minor	i	i, minor	i		i	i	True	i	i, minor		i, minor		i	2	2	2	1	1	1	True	False	False
760.0	1.0	190.0	65	-1	F	0.0	3.0	3	4	4	1.0	1.0	1/16	True	0	48.0	48.0	48.0	48a	4	190	False	True				False	93	i		d	i		i	i					m	True	True	(0, -3, 1)	()	0	0	minor	minor	i	i, minor	i		i	i	True	i	i, minor		i, minor		i	2	2	2	-3	-3	-3	True	False	False
761.0	1.0	190.25	67	1	G	0.0	3.25	0	4	4	1.0	1.0	1/16	True	0	48.0	48.0	48.0	48a	4	761/4	False	False				False	93	i		d	i		i	i					m	True	True	(0, -3, 1)	()	0	0	minor	minor	i	i, minor	i		i	i	True	i	i, minor		i, minor		i	2	2	2	-1	-1	-1	False	False	False
762.0	2.0	190.5	57	3	A	0.0	3.5	0	4	4	2.0	1.0	1/8	True	0	48.0	48.0	48.0	48a	3	381/2	False	False				False	93	i		d	i		i	i					m	True	True	(0, -3, 1)	()	0	0	minor	minor	i	i, minor	i		i	i	True	i	i, minor		i, minor		i	2	2	2	1	1	1	True	False	False
762.0	1.0	190.5	69	3	A	0.0	3.5	0	4	4	1.0	1.0	1/16	True	0	48.0	48.0	48.0	48a	4	381/2	False	False				False	93	i		d	i		i	i					m	True	True	(0, -3, 1)	()	0	0	minor	minor	i	i, minor	i		i	i	True	i	i, minor		i, minor		i	2	2	2	1	1	1	True	False	False
763.0	1.0	190.75	64	4	E	0.0	3.75	0	4	4	1.0	1.0	1/16	True	0	48.0	48.0	48.0	48a	4	763/4	False	False				False	93	i		d	i		i	i					m	True	True	(0, -3, 1)	()	0	0	minor	minor	i	i, minor	i		i	i	True	i	i, minor		i, minor		i	2	2	2	2	2	2	False	False	False
764.0	1.0	191.0	65	-1	F	0.0	4.0	4	4	4	1.0	1.0	1/16	True	0	48.0	48.0	48.0	48a	4	191	False	False				False	93	i		d	i		i	i					m	True	True	(0, -3, 1)	()	0	0	minor	minor	i	i, minor	i		i	i	True	i	i, minor		i, minor		i	2	2	2	-3	-3	-3	True	False	False
765.0	1.0	191.25	64	4	E	0.0	4.25	0	4	4	1.0	1.0	1/16	True	0	48.0	48.0	48.0	48a	4	765/4	False	False				False	93	i		d	i		i	i					m	True	True	(0, -3, 1)	()	0	0	minor	minor	i	i, minor	i		i	i	True	i	i, minor		i, minor		i	2	2	2	2	2	2	False	False	False
766.0	1.0	191.5	65	-1	F	0.0	4.5	0	4	4	1.0	1.0	1/16	True	0	48.0	48.0	48.0	48a	4	383/2	False	False				False	93	i		d	i		i	i					m	True	True	(0, -3, 1)	()	0	0	minor	minor	i	i, minor	i		i	i	True	i	i, minor		i, minor		i	2	2	2	-3	-3	-3	True	False	False
767.0	1.0	191.75	62	2	D	0.0	4.75	0	4	4	1.0	1.0	1/16	True	0	48.0	48.0	48.0	48a	4	767/4	False	False				False	93	i		d	i		i	i					m	True	True	(0, -3, 1)	()	0	0	minor	minor	i	i, minor	i		i	i	True	i	i, minor		i, minor		i	2	2	2	0	0	0	True	True	True
768.0	8.0	192.0	57	3	A	0.0	1.0	1	4	4	3.0	1.0	1/2	True	0	49.0	49.0	49.0	49a	3	192	False	True				False	94	v		d	i		v	v					m	True	True	(1, -2, 2)	()	1	1	minor	minor	i	i, minor	v		i	i	True	v	v, minor		v, minor		v	2	2	2	1	1	1	True	True	True
768.0	1.0	192.0	60	0	C	0.0	1.0	1	4	4	2.0	1.0	1/16	True	0	49.0	49.0	49.0	49a	4	192	False	True				False	94	v		d	i		v	v					m	True	True	(1, -2, 2)	()	1	1	minor	minor	i	i, minor	v		i	i	True	v	v, minor		v, minor		v	2	2	2	-2	-2	-2	True	False	False
768.0	2.0	192.0	64	4	E	0.0	1.0	1	4	4	1.0	1.0	1/8	True	0	49.0	49.0	49.0	49a	4	192	False	True				False	94	v		d	i		v	v					m	True	True	(1, -2, 2)	()	1	1	minor	minor	i	i, minor	v		i	i	True	v	v, minor		v, minor		v	2	2	2	2	2	2	True	False	False
769.0	1.0	192.25	62	2	D	0.0	1.25	0	4	4	2.0	1.0	1/16	True	0	49.0	49.0	49.0	49a	4	769/4	False	False				False	94	v		d	i		v	v					m	True	True	(1, -2, 2)	()	1	1	minor	minor	i	i, minor	v		i	i	True	v	v, minor		v, minor		v	2	2	2	0	0	0	False	False	False
770.0	1.0	192.5	64	4	E	0.0	1.5	0	4	4	2.0	1.0	1/16	True	0	49.0	49.0	49.0	49a	4	385/2	False	False				False	94	v		d	i		v	v					m	True	True	(1, -2, 2)	()	1	1	minor	minor	i	i, minor	v		i	i	True	v	v, minor		v, minor		v	2	2	2	2	2	2	True	False	False
770.0	2.0	192.5	64	4	E	0.0	1.5	0	4	4	1.0	1.0	1/8	True	0	49.0	49.0	49.0	49a	4	385/2	False	False				False	94	v		d	i		v	v					m	True	True	(1, -2, 2)	()	1	1	minor	minor	i	i, minor	v		i	i	True	v	v, minor		v, minor		v	2	2	2	2	2	2	True	False	False
771.0	1.0	192.75	59	5	B	0.0	1.75	0	4	4	2.0	1.0	1/16	True	0	49.0	49.0	49.0	49a	3	771/4	False	False				False	94	v		d	i		v	v					m	True	True	(1, -2, 2)	()	1	1	minor	minor	i	i, minor	v		i	i	True	v	v, minor		v, minor		v	2	2	2	3	3	3	False	False	False
772.0	1.0	193.0	60	0	C	0.0	2.0	2	4	4	2.0	1.0	1/16	True	0	49.0	49.0	49.0	49a	4	193	False	False				False	94	v		d	i		v	v					m	True	True	(1, -2, 2)	()	1	1	minor	minor	i	i, minor	v		i	i	True	v	v, minor		v, minor		v	2	2	2	-2	-2	-2	True	False	False
772.0	1.0	193.0	64	4	E	0.0	2.0	2	4	4	1.0	1.0	1/16	True	0	49.0	49.0	49.0	49a	4	193	False	False				False	94	v		d	i		v	v					m	True	True	(1, -2, 2)	()	1	1	minor	minor	i	i, minor	v		i	i	True	v	v, minor		v, minor		v	2	2	2	2	2	2	True	False	False
773.0	1.0	193.25	59	5	B	0.0	2.25	0	4	4	2.0	1.0	1/16	True	0	49.0	49.0	49.0	49a	3	773/4	False	False				False	94	v		d	i		v	v					m	True	True	(1, -2, 2)	()	1	1	minor	minor	i	i, minor	v		i	i	True	v	v, minor		v, minor		v	2	2	2	3	3	3	False	False	False
773.0	1.0	193.25	62	2	D	0.0	2.25	0	4	4	1.0	1.0	1/16	True	0	49.0	49.0	49.0	49a	4	773/4	False	False				False	94	v		d	i		v	v					m	True	True	(1, -2, 2)	()	1	1	minor	minor	i	i, minor	v		i	i	True	v	v, minor		v, minor		v	2	2	2	0	0	0	False	False	False
774.0	1.0	193.5	60	0	C	0.0	2.5	0	4	4	2.0	1.0	1/16	True	0	49.0	49.0	49.0	49a	4	387/2	False	False				False	94	v		d	i		v	v					m	True	True	(1, -2, 2)	()	1	1	minor	minor	i	i, minor	v		i	i	True	v	v, minor		v, minor		v	2	2	2	-2	-2	-2	True	False	False
774.0	1.0	193.5	64	4	E	0.0	2.5	0	4	4	1.0	1.0	1/16	True	0	49.0	49.0	49.0	49a	4	387/2	False	False				False	94	v		d	i		v	v					m	True	True	(1, -2, 2)	()	1	1	minor	minor	i	i, minor	v		i	i	True	v	v, minor		v, minor		v	2	2	2	2	2	2	True	False	False
775.0	1.0	193.75	57	3	A	0.0	2.75	0	4	4	2.0	1.0	1/16	True	0	49.0	49.0	49.0	49a	3	775/4	False	False				False	94	v		d	i		v	v					m	True	True	(1, -2, 2)	()	1	1	minor	minor	i	i, minor	v		i	i	True	v	v, minor		v, minor		v	2	2	2	1	1	1	True	True	True
775.0	1.0	193.75	65	-1	F	0.0	2.75	0	4	4	1.0	1.0	1/16	True	0	49.0	49.0	49.0	49a	4	775/4	False	False				False	94	v		d	i		v	v					m	True	True	(1, -2, 2)	()	1	1	minor	minor	i	i, minor	v		i	i	True	v	v, minor		v, minor		v	2	2	2	-3	-3	-3	False	False	False
776.0	4.0	194.0	55	1	G	0.0	3.0	3	4	4	3.0	1.0	1/4	True	0	49.0	49.0	49.0	49a	3	194	False	True				False	95	IV		d	i		IV	IV					M	True	True	(-1, 3, 0)	()	-1	-1	minor	minor	i	i, minor	IV		i	i	True	IV	IV, minor		IV, minor		IV	2	2	2	-1	-1	-1	True	True	True
776.0	1.0	194.0	59	5	B	0.0	3.0	3	4	4	2.0	1.0	1/16	True	0	49.0	49.0	49.0	49a	3	194	False	True				False	95	IV		d	i		IV	IV					M	True	True	(-1, 3, 0)	()	-1	-1	minor	minor	i	i, minor	IV		i	i	True	IV	IV, minor		IV, minor		IV	2	2	2	3	3	3	True	False	False
776.0	1.0	194.0	67	1	G	0.0	3.0	3	4	4	1.0	1.0	1/16	True	0	49.0	49.0	49.0	49a	4	194	False	True				False	95	IV		d	i		IV	IV					M	True	True	(-1, 3, 0)	()	-1	-1	minor	minor	i	i, minor	IV		i	i	True	IV	IV, minor		IV, minor		IV	2	2	2	-1	-1	-1	True	True	True
777.0	1.0	194.25	57	3	A	0.0	3.25	0	4	4	2.0	1.0	1/16	True	0	49.0	49.0	49.0	49a	3	777/4	False	False				False	95	IV		d	i		IV	IV					M	True	True	(-1, 3, 0)	()	-1	-1	minor	minor	i	i, minor	IV		i	i	True	IV	IV, minor		IV, minor		IV	2	2	2	1	1	1	False	False	False
777.0	1.0	194.25	65	-1	F	0.0	3.25	0	4	4	1.0	1.0	1/16	True	0	49.0	49.0	49.0	49a	4	777/4	False	False				False	95	IV		d	i		IV	IV					M	True	True	(-1, 3, 0)	()	-1	-1	minor	minor	i	i, minor	IV		i	i	True	IV	IV, minor		IV, minor		IV	2	2	2	-3	-3	-3	False	False	False
778.0	1.0	194.5	59	5	B	0.0	3.5	0	4	4	2.0	1.0	1/16	True	0	49.0	49.0	49.0	49a	3	389/2	False	True				False	96	#viio64		d	i		#viio64	#vii	o	64			o	True	True	(-1, 5, 2)	()	5	-1	minor	minor	i	i, minor	#vii		i	i	True	#viio64	#viio64, minor		#viio64, minor		#vii	2	2	2	3	3	3	False	False	False
778.0	1.0	194.5	67	1	G	0.0	3.5	0	4	4	1.0	1.0	1/16	True	0	49.0	49.0	49.0	49a	4	389/2	False	True				False	96	#viio64		d	i		#viio64	#vii	o	64			o	True	True	(-1, 5, 2)	()	5	-1	minor	minor	i	i, minor	#vii		i	i	True	#viio64	#viio64, minor		#viio64, minor		#vii	2	2	2	-1	-1	-1	True	False	True
779.0	1.0	194.75	61	7	C	1.0	3.75	0	4	4	2.0	1.0	1/16	True	0	49.0	49.0	49.0	49a	4	779/4	False	False				False	96	#viio64		d	i		#viio64	#vii	o	64			o	True	True	(-1, 5, 2)	()	5	-1	minor	minor	i	i, minor	#vii		i	i	True	#viio64	#viio64, minor		#viio64, minor		#vii	2	2	2	5	5	5	True	True	False
779.0	1.0	194.75	64	4	E	0.0	3.75	0	4	4	1.0	1.0	1/16	True	0	49.0	49.0	49.0	49a	4	779/4	False	False				False	96	#viio64		d	i		#viio64	#vii	o	64			o	True	True	(-1, 5, 2)	()	5	-1	minor	minor	i	i, minor	#vii		i	i	True	#viio64	#viio64, minor		#viio64, minor		#vii	2	2	2	2	2	2	True	False	False
780.0	4.0	195.0	50	2	D	0.0	4.0	4	4	4	3.0	1.0	1/4	True	0	49.0	49.0	49.0	49a	3	195	False	True				False	97	i		d	i		i	i					m	True	True	(0, -3, 1)	()	0	0	minor	minor	i	i, minor	i		i	i	True	i	i, minor		i, minor		i	2	2	2	0	0	0	True	True	True
780.0	1.0	195.0	62	2	D	0.0	4.0	4	4	4	2.0	1.0	1/16	True	0	49.0	49.0	49.0	49a	4	195	False	True				False	97	i		d	i		i	i					m	True	True	(0, -3, 1)	()	0	0	minor	minor	i	i, minor	i		i	i	True	i	i, minor		i, minor		i	2	2	2	0	0	0	True	True	True
780.0	1.0	195.0	65	-1	F	0.0	4.0	4	4	4	1.0	1.0	1/16	True	0	49.0	49.0	49.0	49a	4	195	False	True				False	97	i		d	i		i	i					m	True	True	(0, -3, 1)	()	0	0	minor	minor	i	i, minor	i		i	i	True	i	i, minor		i, minor		i	2	2	2	-3	-3	-3	True	False	False
781.0	1.0	195.25	60	0	C	0.0	4.25	0	4	4	2.0	1.0	1/16	True	0	49.0	49.0	49.0	49a	4	781/4	False	False				False	97	i		d	i		i	i					m	True	True	(0, -3, 1)	()	0	0	minor	minor	i	i, minor	i		i	i	True	i	i, minor		i, minor		i	2	2	2	-2	-2	-2	False	False	False
781.0	1.0	195.25	64	4	E	0.0	4.25	0	4	4	1.0	1.0	1/16	True	0	49.0	49.0	49.0	49a	4	781/4	False	False				False	97	i		d	i		i	i					m	True	True	(0, -3, 1)	()	0	0	minor	minor	i	i, minor	i		i	i	True	i	i, minor		i, minor		i	2	2	2	2	2	2	False	False	False
782.0	1.0	195.5	62	2	D	0.0	4.5	0	4	4	2.0	1.0	1/16	True	0	49.0	49.0	49.0	49a	4	391/2	False	False				False	97	i		d	i		i	i					m	True	True	(0, -3, 1)	()	0	0	minor	minor	i	i, minor	i		i	i	True	i	i, minor		i, minor		i	2	2	2	0	0	0	True	True	True
782.0	1.0	195.5	65	-1	F	0.0	4.5	0	4	4	1.0	1.0	1/16	True	0	49.0	49.0	49.0	49a	4	391/2	False	False				False	97	i		d	i		i	i					m	True	True	(0, -3, 1)	()	0	0	minor	minor	i	i, minor	i		i	i	True	i	i, minor		i, minor		i	2	2	2	-3	-3	-3	True	False	False
783.0	1.0	195.75	59	5	B	0.0	4.75	0	4	4	2.0	1.0	1/16	True	0	49.0	49.0	49.0	49a	3	783/4	False	False				False	97	i		d	i		i	i					m	True	True	(0, -3, 1)	()	0	0	minor	minor	i	i, minor	i		i	i	True	i	i, minor		i, minor		i	2	2	2	3	3	3	False	False	False
783.0	1.0	195.75	62	2	D	0.0	4.75	0	4	4	1.0	1.0	1/16	True	0	49.0	49.0	49.0	49a	4	783/4	False	False				False	97	i		d	i		i	i					m	True	True	(0, -3, 1)	()	0	0	minor	minor	i	i, minor	i		i	i	True	i	i, minor		i, minor		i	2	2	2	0	0	0	True	True	True
784.0	4.0	196.0	57	3	A	0.0	1.0	1	4	4	3.0	1.0	1/4	True	0	50.0	50.0	50.0	50a	3	196	False	True				False	98	V		d	i		V	V					M	True	True	(1, 5, 2)	()	1	1	minor	minor	i	i, minor	V		i	i	True	V	V, minor		V, minor		V	2	2	2	1	1	1	True	True	True
784.0	4.0	196.0	61	7	C	1.0	1.0	1	4	4	2.0	1.0	1/4	True	0	50.0	50.0	50.0	50a	4	196	False	True				False	98	V		d	i		V	V					M	True	True	(1, 5, 2)	()	1	1	minor	minor	i	i, minor	V		i	i	True	V	V, minor		V, minor		V	2	2	2	5	5	5	True	False	False
784.0	2.0	196.0	64	4	E	0.0	1.0	1	4	4	1.0	1.0	1/8	True	0	50.0	50.0	50.0	50a	4	196	False	True				False	98	V		d	i		V	V					M	True	True	(1, 5, 2)	()	1	1	minor	minor	i	i, minor	V		i	i	True	V	V, minor		V, minor		V	2	2	2	2	2	2	True	False	False
786.0	2.0	196.5	65	-1	F	0.0	1.5	0	4	4	1.0	1.0	1/8	True	0	50.0	50.0	50.0	50a	4	393/2	False	False				False	98	V		d	i		V	V					M	True	True	(1, 5, 2)	()	1	1	minor	minor	i	i, minor	V		i	i	True	V	V, minor		V, minor		V	2	2	2	-3	-3	-3	False	False	False
788.0	4.0	197.0	55	1	G	0.0	2.0	2	4	4	3.0	1.0	1/4	True	0	50.0	50.0	50.0	50a	3	197	False	True				False	99	IV		d	i		IV	IV					M	True	True	(-1, 3, 0)	()	-1	-1	minor	minor	i	i, minor	IV		i	i	True	IV	IV, minor		IV, minor		IV	2	2	2	-1	-1	-1	True	True	True
788.0	4.0	197.0	62	2	D	0.0	2.0	2	4	4	2.0	1.0	1/4	True	0	50.0	50.0	50.0	50a	4	197	False	True				False	99	IV		d	i		IV	IV					M	True	True	(-1, 3, 0)	()	-1	-1	minor	minor	i	i, minor	IV		i	i	True	IV	IV, minor		IV, minor		IV	2	2	2	0	0	0	True	False	False
788.0	2.0	197.0	67	1	G	0.0	2.0	2	4	4	1.0	1.0	1/8	True	0	50.0	50.0	50.0	50a	4	197	False	True				False	99	IV		d	i		IV	IV					M	True	True	(-1, 3, 0)	()	-1	-1	minor	minor	i	i, minor	IV		i	i	True	IV	IV, minor		IV, minor		IV	2	2	2	-1	-1	-1	True	True	True
790.0	2.0	197.5	65	-1	F	0.0	2.5	0	4	4	1.0	1.0	1/8	True	0	50.0	50.0	50.0	50a	4	395/2	False	False				False	99	IV		d	i		IV	IV					M	True	True	(-1, 3, 0)	()	-1	-1	minor	minor	i	i, minor	IV		i	i	True	IV	IV, minor		IV, minor		IV	2	2	2	-3	-3	-3	False	False	False
792.0	4.0	198.0	57	3	A	0.0	3.0	3	4	4	3.0	1.0	1/4	True	0	50.0	50.0	50.0	50a	3	198	False	True				False	100	V(4)		d	i		V(4)	V			4		M	True	True	(1, 0, 2)	()	1	1	minor	minor	i	i, minor	V		i	i	True	V	V, minor		V(4), minor		V	2	2	2	1	1	1	True	True	True
792.0	6.0	198.0	62	2	D	0.0	3.0	3	4	4	2.0	1.0	3/8	True	0	50.0	50.0	50.0	50a	4	198	False	True				False	100	V(4)		d	i		V(4)	V			4		M	True	True	(1, 0, 2)	()	1	1	minor	minor	i	i, minor	V		i	i	True	V	V, minor		V(4), minor		V	2	2	2	0	0	0	True	False	False
792.0	6.0	198.0	64	4	E	0.0	3.0	3	4	4	1.0	1.0	3/8	True	0	50.0	50.0	50.0	50a	4	198	False	True				False	100	V(4)		d	i		V(4)	V			4		M	True	True	(1, 0, 2)	()	1	1	minor	minor	i	i, minor	V		i	i	True	V	V, minor		V(4), minor		V	2	2	2	2	2	2	True	False	False
796.0	4.0	199.0	57	3	A	0.0	4.0	4	4	4	3.0	1.0	1/4	False	0	50.0	50.0	50.0	50a	3	199	False	False				False	100	V(4)		d	i		V(4)	V			4		M	True	True	(1, 0, 2)	()	1	1	minor	minor	i	i, minor	V		i	i	True	V	V, minor		V(4), minor		V	2	2	2	1	1	1	True	True	True
798.0	2.0	199.5	61	7	C	1.0	4.5	0	4	4	2.0	1.0	1/8	True	0	50.0	50.0	50.0	50a	4	399/2	False	True				False	101	V		d	i		V	V					M	True	True	(1, 5, 2)	()	1	1	minor	minor	i	i, minor	V		i	i	True	V	V, minor		V, minor		V	2	2	2	5	5	5	True	False	False
798.0	2.0	199.5	62	2	D	0.0	4.5	0	4	4	1.0	1.0	1/8	True	0	50.0	50.0	50.0	50a	4	399/2	False	True				False	101	V		d	i		V	V					M	True	True	(1, 5, 2)	()	1	1	minor	minor	i	i, minor	V		i	i	True	V	V, minor		V, minor		V	2	2	2	0	0	0	False	False	False
800.0	8.0	200.0	50	2	D	0.0	1.0	1	4	4	3.0	1.0	1/2	True	0	51.0	51.0	51.0	51a	3	200	False	True			\\	True	102	i\\		d	i		i	i					m	True	True	(0, -3, 1)	()	0	0	minor	minor	i	i, minor	i		i	i	True	i	i, minor		i, minor		i	2	2	2	0	0	0	True	True	True
800.0	8.0	200.0	62	2	D	0.0	1.0	1	4	4	2.0	1.0	1/2	True	0	51.0	51.0	51.0	51a	4	200	False	True			\\	True	102	i\\		d	i		i	i					m	True	True	(0, -3, 1)	()	0	0	minor	minor	i	i, minor	i		i	i	True	i	i, minor		i, minor		i	2	2	2	0	0	0	True	True	True
800.0	16.0	200.0	62	2	D	0.0	1.0	1	4	4	1.0	1.0	1	True	0	51.0	51.0	51.0	51a	4	200	False	True			\\	True	102	i\\		d	i		i	i					m	True	True	(0, -3, 1)	()	0	0	minor	minor	i	i, minor	i		i	i	True	i	i, minor		i, minor		i	2	2	2	0	0	0	True	True	True
808.0	4.0	202.0	50	2	D	0.0	3.0	3	4	4	3.0	1.0	1/4	True	0	51.0	51.0	51.0	51a	3	202	False	False				False	102	i\\		d	i		i	i					m	True	True	(0, -3, 1)	()	0	0	minor	minor	i	i, minor	i		i	i	True	i	i, minor		i, minor		i	2	2	2	0	0	0	True	True	True
810.0	2.0	202.5	57	3	A	0.0	3.5	0	4	4	2.0	1.0	1/8	True	0	51.0	51.0	51.0	51a	3	405/2	False	False				False	102	i\\		d	i		i	i					m	True	True	(0, -3, 1)	()	0	0	minor	minor	i	i, minor	i		i	i	True	i	i, minor		i, minor		i	2	2	2	1	1	1	True	False	False
812.0	4.0	203.0	50	2	D	0.0	4.0	4	4	4	3.0	1.0	1/4	False	0	51.0	51.0	51.0	51a	3	203	False	True				False	103	#vio6		d	i		#vio6	#vi	o	6			o	True	True	(0, -3, 3)	()	3	0	minor	minor	i	i, minor	#vi		i	i	True	#vio6	#vio6, minor		#vio6, minor		#vi	2	2	2	0	0	0	True	False	True
812.0	4.0	203.0	59	5	B	0.0	4.0	4	4	4	2.0	1.0	1/4	True	0	51.0	51.0	51.0	51a	3	203	False	True				False	103	#vio6		d	i		#vio6	#vi	o	6			o	True	True	(0, -3, 3)	()	3	0	minor	minor	i	i, minor	#vi		i	i	True	#vio6	#vio6, minor		#vio6, minor		#vi	2	2	2	3	3	3	True	True	False
816.0	4.0	204.0	52	4	E	0.0	1.0	1	4	4	3.0	1.0	1/4	True	0	52.0	52.0	52.0	52a	3	204	False	True				False	104	ii		d	i		ii	ii					m	True	True	(2, -1, 3)	()	2	2	minor	minor	i	i, minor	ii		i	i	True	ii	ii, minor		ii, minor		ii	2	2	2	2	2	2	True	True	True
816.0	1.0	204.0	59	5	B	0.0	1.0	1	4	4	2.0	1.0	1/16	False	0	52.0	52.0	52.0	52a	3	204	False	True				False	104	ii		d	i		ii	ii					m	True	True	(2, -1, 3)	()	2	2	minor	minor	i	i, minor	ii		i	i	True	ii	ii, minor		ii, minor		ii	2	2	2	3	3	3	True	False	False
817.0	1.0	204.25	55	1	G	0.0	1.25	0	4	4	2.0	1.0	1/16	True	0	52.0	52.0	52.0	52a	3	817/4	False	False				False	104	ii		d	i		ii	ii					m	True	True	(2, -1, 3)	()	2	2	minor	minor	i	i, minor	ii		i	i	True	ii	ii, minor		ii, minor		ii	2	2	2	-1	-1	-1	True	False	False
818.0	1.0	204.5	57	3	A	0.0	1.5	0	4	4	2.0	1.0	1/16	True	0	52.0	52.0	52.0	52a	3	409/2	False	False				False	104	ii		d	i		ii	ii					m	True	True	(2, -1, 3)	()	2	2	minor	minor	i	i, minor	ii		i	i	True	ii	ii, minor		ii, minor		ii	2	2	2	1	1	1	False	False	False
819.0	1.0	204.75	59	5	B	0.0	1.75	0	4	4	2.0	1.0	1/16	True	0	52.0	52.0	52.0	52a	3	819/4	False	False				False	104	ii		d	i		ii	ii					m	True	True	(2, -1, 3)	()	2	2	minor	minor	i	i, minor	ii		i	i	True	ii	ii, minor		ii, minor		ii	2	2	2	3	3	3	True	False	False
820.0	4.0	205.0	52	4	E	0.0	2.0	2	4	4	3.0	1.0	1/4	False	0	52.0	52.0	52.0	52a	3	205	False	True				False	105	VII6		d	i		VII6	VII		6			M	True	True	(2, -1, -2)	()	-2	2	minor	minor	i	i, minor	VII		i	i	True	VII6	VII6, minor		VII6, minor		VII	2	2	2	2	2	2	True	False	True
820.0	4.0	205.0	60	0	C	0.0	2.0	2	4	4	2.0	1.0	1/4	True	0	52.0	52.0	52.0	52a	4	205	False	True				False	105	VII6		d	i		VII6	VII		6			M	True	True	(2, -1, -2)	()	-2	2	minor	minor	i	i, minor	VII		i	i	True	VII6	VII6, minor		VII6, minor		VII	2	2	2	-2	-2	-2	True	True	False
824.0	4.0	206.0	53	-1	F	0.0	3.0	3	4	4	3.0	1.0	1/4	True	0	52.0	52.0	52.0	52a	3	206	False	True				False	106	III		d	i		III	III					M	True	True	(-3, 1, -2)	()	-3	-3	minor	minor	i	i, minor	III		i	i	True	III	III, minor		III, minor		III	2	2	2	-3	-3	-3	True	True	True
824.0	1.0	206.0	60	0	C	0.0	3.0	3	4	4	2.0	1.0	1/16	False	0	52.0	52.0	52.0	52a	4	206	False	True				False	106	III		d	i		III	III					M	True	True	(-3, 1, -2)	()	-3	-3	minor	minor	i	i, minor	III		i	i	True	III	III, minor		III, minor		III	2	2	2	-2	-2	-2	True	False	False
825.0	1.0	206.25	57	3	A	0.0	3.25	0	4	4	2.0	1.0	1/16	True	0	52.0	52.0	52.0	52a	3	825/4	False	False				False	106	III		d	i		III	III					M	True	True	(-3, 1, -2)	()	-3	-3	minor	minor	i	i, minor	III		i	i	True	III	III, minor		III, minor		III	2	2	2	1	1	1	True	False	False
826.0	1.0	206.5	59	5	B	0.0	3.5	0	4	4	2.0	1.0	1/16	True	0	52.0	52.0	52.0	52a	3	413/2	False	False				False	106	III		d	i		III	III					M	True	True	(-3, 1, -2)	()	-3	-3	minor	minor	i	i, minor	III		i	i	True	III	III, minor		III, minor		III	2	2	2	3	3	3	False	False	False
827.0	1.0	206.75	60	0	C	0.0	3.75	0	4	4	2.0	1.0	1/16	True	0	52.0	52.0	52.0	52a	4	827/4	False	False				False	106	III		d	i		III	III					M	True	True	(-3, 1, -2)	()	-3	-3	minor	minor	i	i, minor	III		i	i	True	III	III, minor		III, minor		III	2	2	2	-2	-2	-2	True	False	False
828.0	4.0	207.0	53	-1	F	0.0	4.0	4	4	4	3.0	1.0	1/4	False	0	52.0	52.0	52.0	52a	3	207	False	True				False	107	i6		d	i		i6	i		6			m	True	True	(-3, 1, 0)	()	0	-3	minor	minor	i	i, minor	i		i	i	True	i6	i6, minor		i6, minor		i	2	2	2	-3	-3	-3	True	False	True
828.0	4.0	207.0	62	2	D	0.0	4.0	4	4	4	2.0	1.0	1/4	True	0	52.0	52.0	52.0	52a	4	207	False	True				False	107	i6		d	i		i6	i		6			m	True	True	(-3, 1, 0)	()	0	-3	minor	minor	i	i, minor	i		i	i	True	i6	i6, minor		i6, minor		i	2	2	2	0	0	0	True	True	False
832.0	4.0	208.0	55	1	G	0.0	1.0	1	4	4	3.0	1.0	1/4	True	0	53.0	53.0	53.0	53a	3	208	False	True				False	108	IV		d	i		IV	IV					M	True	True	(-1, 3, 0)	()	-1	-1	minor	minor	i	i, minor	IV		i	i	True	IV	IV, minor		IV, minor		IV	2	2	2	-1	-1	-1	True	True	True
832.0	1.0	208.0	62	2	D	0.0	1.0	1	4	4	2.0	1.0	1/16	False	0	53.0	53.0	53.0	53a	4	208	False	True				False	108	IV		d	i		IV	IV					M	True	True	(-1, 3, 0)	()	-1	-1	minor	minor	i	i, minor	IV		i	i	True	IV	IV, minor		IV, minor		IV	2	2	2	0	0	0	True	False	False
833.0	1.0	208.25	59	5	B	0.0	1.25	0	4	4	2.0	1.0	1/16	True	0	53.0	53.0	53.0	53a	3	833/4	False	False				False	108	IV		d	i		IV	IV					M	True	True	(-1, 3, 0)	()	-1	-1	minor	minor	i	i, minor	IV		i	i	True	IV	IV, minor		IV, minor		IV	2	2	2	3	3	3	True	False	False
834.0	1.0	208.5	60	0	C	0.0	1.5	0	4	4	2.0	1.0	1/16	True	0	53.0	53.0	53.0	53a	4	417/2	False	False				False	108	IV		d	i		IV	IV					M	True	True	(-1, 3, 0)	()	-1	-1	minor	minor	i	i, minor	IV		i	i	True	IV	IV, minor		IV, minor		IV	2	2	2	-2	-2	-2	False	False	False
835.0	1.0	208.75	62	2	D	0.0	1.75	0	4	4	2.0	1.0	1/16	True	0	53.0	53.0	53.0	53a	4	835/4	False	False				False	108	IV		d	i		IV	IV					M	True	True	(-1, 3, 0)	()	-1	-1	minor	minor	i	i, minor	IV		i	i	True	IV	IV, minor		IV, minor		IV	2	2	2	0	0	0	True	False	False
836.0	4.0	209.0	55	1	G	0.0	2.0	2	4	4	3.0	1.0	1/4	False	0	53.0	53.0	53.0	53a	3	209	False	True				False	109	ii6		d	i		ii6	ii		6			m	True	True	(-1, 3, 2)	()	2	-1	minor	minor	i	i, minor	ii		i	i	True	ii6	ii6, minor		ii6, minor		ii	2	2	2	-1	-1	-1	True	False	True
836.0	8.0	209.0	64	4	E	0.0	2.0	2	4	4	2.0	1.0	1/2	True	0	53.0	53.0	53.0	53a	4	209	False	True				False	109	ii6		d	i		ii6	ii		6			m	True	True	(-1, 3, 2)	()	2	-1	minor	minor	i	i, minor	ii		i	i	True	ii6	ii6, minor		ii6, minor		ii	2	2	2	2	2	2	True	True	False
840.0	4.0	210.0	57	3	A	0.0	3.0	3	4	4	3.0	1.0	1/4	True	0	53.0	53.0	53.0	53a	3	210	False	True				False	110	v		d	i		v	v					m	True	True	(1, -2, 2)	()	1	1	minor	minor	i	i, minor	v		i	i	True	v	v, minor		v, minor		v	2	2	2	1	1	1	True	True	True
844.0	4.0	211.0	50	2	D	0.0	4.0	4	4	4	3.0	1.0	1/4	True	0	53.0	53.0	53.0	53a	3	211	False	True				False	111	iv/v		d	i		iv/v	iv				v	m	True	True	(0, -3, 1)	()	0	0	minor	minor	i	i, minor	iv/v	v	v/i	v	True	iv/v	iv/v, minor		iv/v, minor	v	v	2	2	3	0	0	-1	True	True	True
844.0	2.0	211.0	62	2	D	0.0	4.0	4	4	4	2.0	1.0	1/8	True	0	53.0	53.0	53.0	53a	4	211	False	True				False	111	iv/v		d	i		iv/v	iv				v	m	True	True	(0, -3, 1)	()	0	0	minor	minor	i	i, minor	iv/v	v	v/i	v	True	iv/v	iv/v, minor		iv/v, minor	v	v	2	2	3	0	0	-1	True	True	True
846.0	2.0	211.5	60	0	C	0.0	4.5	0	4	4	2.0	1.0	1/8	True	0	53.0	53.0	53.0	53a	4	423/2	False	False				False	111	iv/v		d	i		iv/v	iv				v	m	True	True	(0, -3, 1)	()	0	0	minor	minor	i	i, minor	iv/v	v	v/i	v	True	iv/v	iv/v, minor		iv/v, minor	v	v	2	2	3	-2	-2	-3	False	False	False
848.0	4.0	212.0	52	4	E	0.0	1.0	1	4	4	3.0	1.0	1/4	True	0	54.0	54.0	54.0	54a	3	212	False	True				False	112	V/v		d	i		V/v	V				v	M	True	True	(2, 6, 3)	()	2	2	minor	minor	i	i, minor	V/v	v	v/i	v	True	V/v	V/v, minor		V/v, minor	v	v	2	2	3	2	2	1	True	True	True
848.0	12.0	212.0	59	5	B	0.0	1.0	1	4	4	2.0	1.0	3/4	True	0	54.0	54.0	54.0	54a	3	212	False	True				False	112	V/v		d	i		V/v	V				v	M	True	True	(2, 6, 3)	()	2	2	minor	minor	i	i, minor	V/v	v	v/i	v	True	V/v	V/v, minor		V/v, minor	v	v	2	2	3	3	3	2	True	False	False
852.0	8.0	213.0	52	4	E	0.0	2.0	2	4	4	3.0	1.0	1/2	False	0	54.0	54.0	54.0	54a	3	213	False	True				False	113	V(64)/v		d	i		V(64)/v	V			64	v	M	True	True	(2, 1, -2)	()	2	2	minor	minor	i	i, minor	V/v	v	v/i	v	True	V/v	V/v, minor		V(64)/v, minor	v	v	2	2	3	2	2	1	True	True	True
860.0	4.0	215.0	52	4	E	0.0	4.0	4	4	4	3.0	1.0	1/4	False	0	54.0	54.0	54.0	54a	3	215	False	True				False	115	V/v		d	i		V/v	V				v	M	True	True	(2, 6, 3)	()	2	2	minor	minor	i	i, minor	V/v	v	v/i	v	True	V/v	V/v, minor		V/v, minor	v	v	2	2	3	2	2	1	True	True	True
860.0	4.0	215.0	59	5	B	0.0	4.0	4	4	4	2.0	1.0	1/4	True	0	54.0	54.0	54.0	54a	3	215	False	True				False	115	V/v		d	i		V/v	V				v	M	True	True	(2, 6, 3)	()	2	2	minor	minor	i	i, minor	V/v	v	v/i	v	True	V/v	V/v, minor		V/v, minor	v	v	2	2	3	3	3	2	True	False	False
864.0	4.0	216.0	45	3	A	0.0	1.0	1	4	4	3.0	1.0	1/4	True	0	55.0	55.0	55.0	55a	2	216	False	True			\\	True	116	v\\		d	i		v	v					m	True	True	(1, -2, 2)	()	1	1	minor	minor	i	i, minor	v		i	i	True	v	v, minor		v, minor		v	2	2	2	1	1	1	True	True	True
864.0	8.0	216.0	57	3	A	0.0	1.0	1	4	4	2.0	1.0	1/2	True	0	55.0	55.0	55.0	55a	3	216	False	True			\\	True	116	v\\		d	i		v	v					m	True	True	(1, -2, 2)	()	1	1	minor	minor	i	i, minor	v		i	i	True	v	v, minor		v, minor		v	2	2	2	1	1	1	True	True	True
866.0	2.0	216.5	64	4	E	0.0	1.5	0	4	4	1.0	1.0	1/8	True	0	55.0	55.0	55.0	55a	4	433/2	False	False				False	116	v\\		d	i		v	v					m	True	True	(1, -2, 2)	()	1	1	minor	minor	i	i, minor	v		i	i	True	v	v, minor		v, minor		v	2	2	2	2	2	2	True	False	False
868.0	4.0	217.0	45	3	A	0.0	2.0	2	4	4	3.0	1.0	1/4	False	0	55.0	55.0	55.0	55a	2	217	False	True				False	117	#iiio6		d	i		#iiio6	#iii	o	6			o	True	True	(1, -2, 4)	()	4	1	minor	minor	i	i, minor	#iii		i	i	True	#iiio6	#iiio6, minor		#iiio6, minor		#iii	2	2	2	1	1	1	True	False	True
868.0	4.0	217.0	66	6	F	1.0	2.0	2	4	4	1.0	1.0	1/4	True	0	55.0	55.0	55.0	55a	4	217	False	True				False	117	#iiio6		d	i		#iiio6	#iii	o	6			o	True	True	(1, -2, 4)	()	4	1	minor	minor	i	i, minor	#iii		i	i	True	#iiio6	#iiio6, minor		#iiio6, minor		#iii	2	2	2	4	4	4	True	True	False
872.0	4.0	218.0	47	5	B	0.0	3.0	3	4	4	3.0	1.0	1/4	True	0	55.0	55.0	55.0	55a	2	218	False	True				False	118	#vi		d	i		#vi	#vi					m	True	True	(3, 0, 4)	()	3	3	minor	minor	i	i, minor	#vi		i	i	True	#vi	#vi, minor		#vi, minor		#vi	2	2	2	3	3	3	True	True	True
872.0	1.0	218.0	66	6	F	1.0	3.0	3	4	4	1.0	1.0	1/16	False	0	55.0	55.0	55.0	55a	4	218	False	True				False	118	#vi		d	i		#vi	#vi					m	True	True	(3, 0, 4)	()	3	3	minor	minor	i	i, minor	#vi		i	i	True	#vi	#vi, minor		#vi, minor		#vi	2	2	2	4	4	4	True	False	False
873.0	1.0	218.25	62	2	D	0.0	3.25	0	4	4	1.0	1.0	1/16	True	0	55.0	55.0	55.0	55a	4	873/4	False	False				False	118	#vi		d	i		#vi	#vi					m	True	True	(3, 0, 4)	()	3	3	minor	minor	i	i, minor	#vi		i	i	True	#vi	#vi, minor		#vi, minor		#vi	2	2	2	0	0	0	True	False	False
874.0	1.0	218.5	64	4	E	0.0	3.5	0	4	4	1.0	1.0	1/16	True	0	55.0	55.0	55.0	55a	4	437/2	False	False				False	118	#vi		d	i		#vi	#vi					m	True	True	(3, 0, 4)	()	3	3	minor	minor	i	i, minor	#vi		i	i	True	#vi	#vi, minor		#vi, minor		#vi	2	2	2	2	2	2	False	False	False
875.0	1.0	218.75	66	6	F	1.0	3.75	0	4	4	1.0	1.0	1/16	True	0	55.0	55.0	55.0	55a	4	875/4	False	False				False	118	#vi		d	i		#vi	#vi					m	True	True	(3, 0, 4)	()	3	3	minor	minor	i	i, minor	#vi		i	i	True	#vi	#vi, minor		#vi, minor		#vi	2	2	2	4	4	4	True	False	False
876.0	4.0	219.0	47	5	B	0.0	4.0	4	4	4	3.0	1.0	1/4	False	0	55.0	55.0	55.0	55a	2	219	False	True				False	119	IV6		d	i		IV6	IV		6			M	True	True	(3, 0, -1)	()	-1	3	minor	minor	i	i, minor	IV		i	i	True	IV6	IV6, minor		IV6, minor		IV	2	2	2	3	3	3	True	False	True
876.0	4.0	219.0	67	1	G	0.0	4.0	4	4	4	1.0	1.0	1/4	True	0	55.0	55.0	55.0	55a	4	219	False	True				False	119	IV6		d	i		IV6	IV		6			M	True	True	(3, 0, -1)	()	-1	3	minor	minor	i	i, minor	IV		i	i	True	IV6	IV6, minor		IV6, minor		IV	2	2	2	-1	-1	-1	True	True	False
880.0	4.0	220.0	48	0	C	0.0	1.0	1	4	4	3.0	1.0	1/4	True	0	56.0	56.0	56.0	56a	3	220	False	True				False	120	VII		d	i		VII	VII					M	True	True	(-2, 2, -1)	()	-2	-2	minor	minor	i	i, minor	VII		i	i	True	VII	VII, minor		VII, minor		VII	2	2	2	-2	-2	-2	True	True	True
880.0	1.0	220.0	67	1	G	0.0	1.0	1	4	4	1.0	1.0	1/16	False	0	56.0	56.0	56.0	56a	4	220	False	True				False	120	VII		d	i		VII	VII					M	True	True	(-2, 2, -1)	()	-2	-2	minor	minor	i	i, minor	VII		i	i	True	VII	VII, minor		VII, minor		VII	2	2	2	-1	-1	-1	True	False	False
881.0	1.0	220.25	64	4	E	0.0	1.25	0	4	4	1.0	1.0	1/16	True	0	56.0	56.0	56.0	56a	4	881/4	False	False				False	120	VII		d	i		VII	VII					M	True	True	(-2, 2, -1)	()	-2	-2	minor	minor	i	i, minor	VII		i	i	True	VII	VII, minor		VII, minor		VII	2	2	2	2	2	2	True	False	False
882.0	1.0	220.5	65	-1	F	0.0	1.5	0	4	4	1.0	1.0	1/16	True	0	56.0	56.0	56.0	56a	4	441/2	False	False				False	120	VII		d	i		VII	VII					M	True	True	(-2, 2, -1)	()	-2	-2	minor	minor	i	i, minor	VII		i	i	True	VII	VII, minor		VII, minor		VII	2	2	2	-3	-3	-3	False	False	False
883.0	1.0	220.75	67	1	G	0.0	1.75	0	4	4	1.0	1.0	1/16	True	0	56.0	56.0	56.0	56a	4	883/4	False	False				False	120	VII		d	i		VII	VII					M	True	True	(-2, 2, -1)	()	-2	-2	minor	minor	i	i, minor	VII		i	i	True	VII	VII, minor		VII, minor		VII	2	2	2	-1	-1	-1	True	False	False
884.0	4.0	221.0	48	0	C	0.0	2.0	2	4	4	3.0	1.0	1/4	False	0	56.0	56.0	56.0	56a	3	221	False	True				False	121	v6		d	i		v6	v		6			m	True	True	(-2, 2, 1)	()	1	-2	minor	minor	i	i, minor	v		i	i	True	v6	v6, minor		v6, minor		v	2	2	2	-2	-2	-2	True	False	True
884.0	8.0	221.0	69	3	A	0.0	2.0	2	4	4	1.0	1.0	1/2	True	0	56.0	56.0	56.0	56a	4	221	False	True				False	121	v6		d	i		v6	v		6			m	True	True	(-2, 2, 1)	()	1	-2	minor	minor	i	i, minor	v		i	i	True	v6	v6, minor		v6, minor		v	2	2	2	1	1	1	True	True	False
888.0	8.0	222.0	50	2	D	0.0	3.0	3	4	4	3.0	1.0	1/2	True	0	56.0	56.0	56.0	56a	3	222	False	True				False	122	i		d	i		i	i					m	True	True	(0, -3, 1)	()	0	0	minor	minor	i	i, minor	i		i	i	True	i	i, minor		i, minor		i	2	2	2	0	0	0	True	True	True
892.0	2.0	223.0	67	1	G	0.0	4.0	4	4	4	1.0	1.0	1/8	True	0	56.0	56.0	56.0	56a	4	223	False	False				False	122	i		d	i		i	i					m	True	True	(0, -3, 1)	()	0	0	minor	minor	i	i, minor	i		i	i	True	i	i, minor		i, minor		i	2	2	2	-1	-1	-1	False	False	False
894.0	2.0	223.5	65	-1	F	0.0	4.5	0	4	4	1.0	1.0	1/8	True	0	56.0	56.0	56.0	56a	4	447/2	False	False				False	122	i		d	i		i	i					m	True	True	(0, -3, 1)	()	0	0	minor	minor	i	i, minor	i		i	i	True	i	i, minor		i, minor		i	2	2	2	-3	-3	-3	True	False	False
896.0	4.0	224.0	48	0	C	0.0	1.0	1	4	4	3.0	1.0	1/4	True	0	57.0	57.0	57.0	57a	3	224	False	True				False	123	V/III		d	i		V/III	V				III	M	True	True	(-2, 2, -1)	()	-2	-2	minor	minor	i	i, minor	V/III	III	III/i	III	False	V/III	V/III, minor		V/III, minor	III	III	2	2	-1	-2	-2	1	True	True	True
896.0	4.0	224.0	64	4	E	0.0	1.0	1	4	4	1.0	1.0	1/4	True	0	57.0	57.0	57.0	57a	4	224	False	True				False	123	V/III		d	i		V/III	V				III	M	True	True	(-2, 2, -1)	()	-2	-2	minor	minor	i	i, minor	V/III	III	III/i	III	False	V/III	V/III, minor		V/III, minor	III	III	2	2	-1	2	2	5	True	False	False
900.0	4.0	225.0	46	-2	B	-1.0	2.0	2	4	4	3.0	1.0	1/4	True	0	57.0	57.0	57.0	57a	2	225	False	True				False	124	IV/III		d	i		IV/III	IV				III	M	True	True	(-4, 0, -3)	()	-4	-4	minor	minor	i	i, minor	IV/III	III	III/i	III	False	IV/III	IV/III, minor		IV/III, minor	III	III	2	2	-1	-4	-4	-1	True	True	True
900.0	8.0	225.0	65	-1	F	0.0	2.0	2	4	4	1.0	1.0	1/2	True	0	57.0	57.0	57.0	57a	4	225	False	True				False	124	IV/III		d	i		IV/III	IV				III	M	True	True	(-4, 0, -3)	()	-4	-4	minor	minor	i	i, minor	IV/III	III	III/i	III	False	IV/III	IV/III, minor		IV/III, minor	III	III	2	2	-1	-3	-3	0	True	False	False
904.0	4.0	226.0	48	0	C	0.0	3.0	3	4	4	3.0	1.0	1/4	True	0	57.0	57.0	57.0	57a	3	226	False	True				False	125	V(4)/III		d	i		V(4)/III	V			4	III	M	True	True	(-2, -3, -1)	()	-2	-2	minor	minor	i	i, minor	V/III	III	III/i	III	False	V/III	V/III, minor		V(4)/III, minor	III	III	2	2	-1	-2	-2	1	True	True	True
908.0	4.0	227.0	48	0	C	0.0	4.0	4	4	4	3.0	1.0	1/4	False	0	57.0	57.0	57.0	57a	3	227	False	True				False	126	V/III		d	i		V/III	V				III	M	True	True	(-2, 2, -1)	()	-2	-2	minor	minor	i	i, minor	V/III	III	III/i	III	False	V/III	V/III, minor		V/III, minor	III	III	2	2	-1	-2	-2	1	True	True	True
908.0	4.0	227.0	64	4	E	0.0	4.0	4	4	4	1.0	1.0	1/4	True	0	57.0	57.0	57.0	57a	4	227	False	True				False	126	V/III		d	i		V/III	V				III	M	True	True	(-2, 2, -1)	()	-2	-2	minor	minor	i	i, minor	V/III	III	III/i	III	False	V/III	V/III, minor		V/III, minor	III	III	2	2	-1	2	2	5	True	False	False
912.0	8.0	228.0	41	-1	F	0.0	1.0	1	4	4	3.0	1.0	1/2	True	0	58.0	58.0	58.0	58a	2	228	False	True			\\	True	127	III\\		d	i		III	III					M	True	True	(-3, 1, -2)	()	-3	-3	minor	minor	i	i, minor	III		i	i	True	III	III, minor		III, minor		III	2	2	2	-3	-3	-3	True	True	True
912.0	4.0	228.0	65	-1	F	0.0	1.0	1	4	4	1.0	1.0	1/4	True	0	58.0	58.0	58.0	58a	4	228	False	True			\\	True	127	III\\		d	i		III	III					M	True	True	(-3, 1, -2)	()	-3	-3	minor	minor	i	i, minor	III		i	i	True	III	III, minor		III, minor		III	2	2	2	-3	-3	-3	True	True	True
916.0	2.0	229.0	69	3	A	0.0	2.0	2	4	4	1.0	1.0	1/8	True	0	58.0	58.0	58.0	58a	4	229	False	False				False	127	III\\		d	i		III	III					M	True	True	(-3, 1, -2)	()	-3	-3	minor	minor	i	i, minor	III		i	i	True	III	III, minor		III, minor		III	2	2	2	1	1	1	True	False	False
918.0	2.0	229.5	67	1	G	0.0	2.5	0	4	4	1.0	1.0	1/8	True	0	58.0	58.0	58.0	58a	4	459/2	False	False				False	127	III\\		d	i		III	III					M	True	True	(-3, 1, -2)	()	-3	-3	minor	minor	i	i, minor	III		i	i	True	III	III, minor		III, minor		III	2	2	2	-1	-1	-1	False	False	False
920.0	8.0	230.0	50	2	D	0.0	3.0	3	4	4	3.0	1.0	1/2	True	0	58.0	58.0	58.0	58a	3	230	False	True				False	128	i		d	i		i	i					m	True	True	(0, -3, 1)	()	0	0	minor	minor	i	i, minor	i		i	i	True	i	i, minor		i, minor		i	2	2	2	0	0	0	True	True	True
920.0	2.0	230.0	65	-1	F	0.0	3.0	3	4	4	1.0	1.0	1/8	True	0	58.0	58.0	58.0	58a	4	230	False	True				False	128	i		d	i		i	i					m	True	True	(0, -3, 1)	()	0	0	minor	minor	i	i, minor	i		i	i	True	i	i, minor		i, minor		i	2	2	2	-3	-3	-3	True	False	False
922.0	2.0	230.5	62	2	D	0.0	3.5	0	4	4	1.0	1.0	1/8	True	0	58.0	58.0	58.0	58a	4	461/2	False	False				False	128	i		d	i		i	i					m	True	True	(0, -3, 1)	()	0	0	minor	minor	i	i, minor	i		i	i	True	i	i, minor		i, minor		i	2	2	2	0	0	0	True	True	True
924.0	2.0	231.0	74	2	D	0.0	4.0	4	4	4	1.0	1.0	1/8	True	0	58.0	58.0	58.0	58a	5	231	False	False				False	128	i		d	i		i	i					m	True	True	(0, -3, 1)	()	0	0	minor	minor	i	i, minor	i		i	i	True	i	i, minor		i, minor		i	2	2	2	0	0	0	True	True	True
926.0	2.0	231.5	72	0	C	0.0	4.5	0	4	4	1.0	1.0	1/8	True	0	58.0	58.0	58.0	58a	5	463/2	False	False				False	128	i		d	i		i	i					m	True	True	(0, -3, 1)	()	0	0	minor	minor	i	i, minor	i		i	i	True	i	i, minor		i, minor		i	2	2	2	-2	-2	-2	False	False	False
928.0	8.0	232.0	52	4	E	0.0	1.0	1	4	4	3.0	1.0	1/2	True	0	59.0	59.0	59.0	59a	3	232	False	True				False	129	ii		d	i		ii	ii					m	True	True	(2, -1, 3)	()	2	2	minor	minor	i	i, minor	ii		i	i	True	ii	ii, minor		ii, minor		ii	2	2	2	2	2	2	True	True	True
928.0	8.0	232.0	71	5	B	0.0	1.0	1	4	4	1.0	1.0	1/2	True	0	59.0	59.0	59.0	59a	4	232	False	True				False	129	ii		d	i		ii	ii					m	True	True	(2, -1, 3)	()	2	2	minor	minor	i	i, minor	ii		i	i	True	ii	ii, minor		ii, minor		ii	2	2	2	3	3	3	True	False	False
932.0	2.0	233.0	64	4	E	0.0	2.0	2	4	4	2.0	1.0	1/8	True	0	59.0	59.0	59.0	59a	4	233	False	False				False	129	ii		d	i		ii	ii					m	True	True	(2, -1, 3)	()	2	2	minor	minor	i	i, minor	ii		i	i	True	ii	ii, minor		ii, minor		ii	2	2	2	2	2	2	True	True	True
934.0	2.0	233.5	62	2	D	0.0	2.5	0	4	4	2.0	1.0	1/8	True	0	59.0	59.0	59.0	59a	4	467/2	False	False				False	129	ii		d	i		ii	ii					m	True	True	(2, -1, 3)	()	2	2	minor	minor	i	i, minor	ii		i	i	True	ii	ii, minor		ii, minor		ii	2	2	2	0	0	0	False	False	False
936.0	8.0	234.0	53	-1	F	0.0	3.0	3	4	4	3.0	1.0	1/2	True	0	59.0	59.0	59.0	59a	3	234	False	True				False	130	IV/VII		d	i		IV/VII	IV				VII	M	True	True	(-3, 1, -2)	()	-3	-3	minor	minor	i	i, minor	IV/VII	VII	VII/i	VII	False	IV/VII	IV/VII, minor		IV/VII, minor	VII	VII	2	2	0	-3	-3	-1	True	True	True
936.0	2.0	234.0	60	0	C	0.0	3.0	3	4	4	2.0	1.0	1/8	True	0	59.0	59.0	59.0	59a	4	234	False	True				False	130	IV/VII		d	i		IV/VII	IV				VII	M	True	True	(-3, 1, -2)	()	-3	-3	minor	minor	i	i, minor	IV/VII	VII	VII/i	VII	False	IV/VII	IV/VII, minor		IV/VII, minor	VII	VII	2	2	0	-2	-2	0	True	False	False
936.0	8.0	234.0	69	3	A	0.0	3.0	3	4	4	1.0	1.0	1/2	True	0	59.0	59.0	59.0	59a	4	234	False	True				False	130	IV/VII		d	i		IV/VII	IV				VII	M	True	True	(-3, 1, -2)	()	-3	-3	minor	minor	i	i, minor	IV/VII	VII	VII/i	VII	False	IV/VII	IV/VII, minor		IV/VII, minor	VII	VII	2	2	0	1	1	3	True	False	False
938.0	2.0	234.5	57	3	A	0.0	3.5	0	4	4	2.0	1.0	1/8	True	0	59.0	59.0	59.0	59a	3	469/2	False	False				False	130	IV/VII		d	i		IV/VII	IV				VII	M	True	True	(-3, 1, -2)	()	-3	-3	minor	minor	i	i, minor	IV/VII	VII	VII/i	VII	False	IV/VII	IV/VII, minor		IV/VII, minor	VII	VII	2	2	0	1	1	3	True	False	False
940.0	2.0	235.0	65	-1	F	0.0	4.0	4	4	4	2.0	1.0	1/8	True	0	59.0	59.0	59.0	59a	4	235	False	False				False	130	IV/VII		d	i		IV/VII	IV				VII	M	True	True	(-3, 1, -2)	()	-3	-3	minor	minor	i	i, minor	IV/VII	VII	VII/i	VII	False	IV/VII	IV/VII, minor		IV/VII, minor	VII	VII	2	2	0	-3	-3	-1	True	True	True
942.0	2.0	235.5	64	4	E	0.0	4.5	0	4	4	2.0	1.0	1/8	True	0	59.0	59.0	59.0	59a	4	471/2	False	False				False	130	IV/VII		d	i		IV/VII	IV				VII	M	True	True	(-3, 1, -2)	()	-3	-3	minor	minor	i	i, minor	IV/VII	VII	VII/i	VII	False	IV/VII	IV/VII, minor		IV/VII, minor	VII	VII	2	2	0	2	2	4	False	False	False
944.0	8.0	236.0	55	1	G	0.0	1.0	1	4	4	3.0	1.0	1/2	True	0	60.0	60.0	60.0	60a	3	236	False	True				False	131	V/VII		d	i		V/VII	V				VII	M	True	True	(-1, 3, 0)	()	-1	-1	minor	minor	i	i, minor	V/VII	VII	VII/i	VII	False	V/VII	V/VII, minor		V/VII, minor	VII	VII	2	2	0	-1	-1	1	True	True	True
944.0	8.0	236.0	62	2	D	0.0	1.0	1	4	4	2.0	1.0	1/2	True	0	60.0	60.0	60.0	60a	4	236	False	True				False	131	V/VII		d	i		V/VII	V				VII	M	True	True	(-1, 3, 0)	()	-1	-1	minor	minor	i	i, minor	V/VII	VII	VII/i	VII	False	V/VII	V/VII, minor		V/VII, minor	VII	VII	2	2	0	0	0	2	True	False	False
948.0	2.0	237.0	67	1	G	0.0	2.0	2	4	4	1.0	1.0	1/8	True	0	60.0	60.0	60.0	60a	4	237	False	True				False	132	V7/VII		d	i		V7/VII	V		7		VII	Mm7	True	True	(-1, 3, 0, -3)	()	-1	-1	minor	minor	i	i, minor	V/VII	VII	VII/i	VII	False	V7/VII	V7/VII, minor		V7/VII, minor	VII	VII	2	2	0	-1	-1	1	True	True	True
950.0	2.0	237.5	65	-1	F	0.0	2.5	0	4	4	1.0	1.0	1/8	True	0	60.0	60.0	60.0	60a	4	475/2	False	False				False	132	V7/VII		d	i		V7/VII	V		7		VII	Mm7	True	True	(-1, 3, 0, -3)	()	-1	-1	minor	minor	i	i, minor	V/VII	VII	VII/i	VII	False	V7/VII	V7/VII, minor		V7/VII, minor	VII	VII	2	2	0	-3	-3	-1	True	False	False
952.0	8.0	238.0	48	0	C	0.0	3.0	3	4	4	3.0	1.0	1/2	True	0	60.0	60.0	60.0	60a	3	238	False	True				False	133	VII		d	i		VII	VII					M	True	True	(-2, 2, -1)	()	-2	-2	minor	minor	i	i, minor	VII		i	i	True	VII	VII, minor		VII, minor		VII	2	2	2	-2	-2	-2	True	True	True
952.0	8.0	238.0	60	0	C	0.0	3.0	3	4	4	2.0	1.0	1/2	True	0	60.0	60.0	60.0	60a	4	238	False	True				False	133	VII		d	i		VII	VII					M	True	True	(-2, 2, -1)	()	-2	-2	minor	minor	i	i, minor	VII		i	i	True	VII	VII, minor		VII, minor		VII	2	2	2	-2	-2	-2	True	True	True
952.0	2.0	238.0	64	4	E	0.0	3.0	3	4	4	1.0	1.0	1/8	True	0	60.0	60.0	60.0	60a	4	238	False	True				False	133	VII		d	i		VII	VII					M	True	True	(-2, 2, -1)	()	-2	-2	minor	minor	i	i, minor	VII		i	i	True	VII	VII, minor		VII, minor		VII	2	2	2	2	2	2	True	False	False
954.0	2.0	238.5	60	0	C	0.0	3.5	0	4	4	1.0	1.0	1/8	True	0	60.0	60.0	60.0	60a	4	477/2	False	False				False	133	VII		d	i		VII	VII					M	True	True	(-2, 2, -1)	()	-2	-2	minor	minor	i	i, minor	VII		i	i	True	VII	VII, minor		VII, minor		VII	2	2	2	-2	-2	-2	True	True	True
956.0	2.0	239.0	72	0	C	0.0	4.0	4	4	4	1.0	1.0	1/8	True	0	60.0	60.0	60.0	60a	5	239	False	False				False	133	VII		d	i		VII	VII					M	True	True	(-2, 2, -1)	()	-2	-2	minor	minor	i	i, minor	VII		i	i	True	VII	VII, minor		VII, minor		VII	2	2	2	-2	-2	-2	True	True	True
958.0	2.0	239.5	71	5	B	0.0	4.5	0	4	4	1.0	1.0	1/8	True	0	60.0	60.0	60.0	60a	4	479/2	False	False				False	133	VII		d	i		VII	VII					M	True	True	(-2, 2, -1)	()	-2	-2	minor	minor	i	i, minor	VII		i	i	True	VII	VII, minor		VII, minor		VII	2	2	2	3	3	3	False	False	False
960.0	8.0	240.0	50	2	D	0.0	1.0	1	4	4	3.0	1.0	1/2	True	0	61.0	61.0	61.0	61a	3	240	False	True				False	134	i		d	i		i	i					m	True	True	(0, -3, 1)	()	0	0	minor	minor	i	i, minor	i		i	i	True	i	i, minor		i, minor		i	2	2	2	0	0	0	True	True	True
960.0	2.0	240.0	69	3	A	0.0	1.0	1	4	4	1.0	1.0	1/8	True	0	61.0	61.0	61.0	61a	4	240	False	True				False	134	i		d	i		i	i					m	True	True	(0, -3, 1)	()	0	0	minor	minor	i	i, minor	i		i	i	True	i	i, minor		i, minor		i	2	2	2	1	1	1	True	False	False
962.0	2.0	240.5	69	3	A	0.0	1.5	0	4	4	1.0	1.0	1/8	True	0	61.0	61.0	61.0	61a	4	481/2	False	False				False	134	i		d	i		i	i					m	True	True	(0, -3, 1)	()	0	0	minor	minor	i	i, minor	i		i	i	True	i	i, minor		i, minor		i	2	2	2	1	1	1	True	False	False
964.0	2.0	241.0	65	-1	F	0.0	2.0	2	4	4	2.0	1.0	1/8	True	0	61.0	61.0	61.0	61a	4	241	False	False				False	134	i		d	i		i	i					m	True	True	(0, -3, 1)	()	0	0	minor	minor	i	i, minor	i		i	i	True	i	i, minor		i, minor		i	2	2	2	-3	-3	-3	True	False	False
964.0	2.0	241.0	74	2	D	0.0	2.0	2	4	4	1.0	1.0	1/8	True	0	61.0	61.0	61.0	61a	5	241	False	False				False	134	i		d	i		i	i					m	True	True	(0, -3, 1)	()	0	0	minor	minor	i	i, minor	i		i	i	True	i	i, minor		i, minor		i	2	2	2	0	0	0	True	True	True
966.0	2.0	241.5	64	4	E	0.0	2.5	0	4	4	2.0	1.0	1/8	True	0	61.0	61.0	61.0	61a	4	483/2	False	False				False	134	i		d	i		i	i					m	True	True	(0, -3, 1)	()	0	0	minor	minor	i	i, minor	i		i	i	True	i	i, minor		i, minor		i	2	2	2	2	2	2	False	False	False
966.0	2.0	241.5	72	0	C	0.0	2.5	0	4	4	1.0	1.0	1/8	True	0	61.0	61.0	61.0	61a	5	483/2	False	False				False	134	i		d	i		i	i					m	True	True	(0, -3, 1)	()	0	0	minor	minor	i	i, minor	i		i	i	True	i	i, minor		i, minor		i	2	2	2	-2	-2	-2	False	False	False
968.0	8.0	242.0	55	1	G	0.0	3.0	3	4	4	3.0	1.0	1/2	True	0	61.0	61.0	61.0	61a	3	242	False	True				False	135	IV		d	i		IV	IV					M	True	True	(-1, 3, 0)	()	-1	-1	minor	minor	i	i, minor	IV		i	i	True	IV	IV, minor		IV, minor		IV	2	2	2	-1	-1	-1	True	True	True
968.0	2.0	242.0	62	2	D	0.0	3.0	3	4	4	2.0	1.0	1/8	True	0	61.0	61.0	61.0	61a	4	242	False	True				False	135	IV		d	i		IV	IV					M	True	True	(-1, 3, 0)	()	-1	-1	minor	minor	i	i, minor	IV		i	i	True	IV	IV, minor		IV, minor		IV	2	2	2	0	0	0	True	False	False
968.0	2.0	242.0	71	5	B	0.0	3.0	3	4	4	1.0	1.0	1/8	True	0	61.0	61.0	61.0	61a	4	242	False	True				False	135	IV		d	i		IV	IV					M	True	True	(-1, 3, 0)	()	-1	-1	minor	minor	i	i, minor	IV		i	i	True	IV	IV, minor		IV, minor		IV	2	2	2	3	3	3	True	False	False
970.0	2.0	242.5	62	2	D	0.0	3.5	0	4	4	2.0	1.0	1/8	True	0	61.0	61.0	61.0	61a	4	485/2	False	False				False	135	IV		d	i		IV	IV					M	True	True	(-1, 3, 0)	()	-1	-1	minor	minor	i	i, minor	IV		i	i	True	IV	IV, minor		IV, minor		IV	2	2	2	0	0	0	True	False	False
970.0	2.0	242.5	71	5	B	0.0	3.5	0	4	4	1.0	1.0	1/8	True	0	61.0	61.0	61.0	61a	4	485/2	False	False				False	135	IV		d	i		IV	IV					M	True	True	(-1, 3, 0)	()	-1	-1	minor	minor	i	i, minor	IV		i	i	True	IV	IV, minor		IV, minor		IV	2	2	2	3	3	3	True	False	False
972.0	2.0	243.0	67	1	G	0.0	4.0	4	4	4	2.0	1.0	1/8	True	0	61.0	61.0	61.0	61a	4	243	False	True				False	136	ii6		d	i		ii6	ii		6			m	True	True	(-1, 3, 2)	()	2	-1	minor	minor	i	i, minor	ii		i	i	True	ii6	ii6, minor		ii6, minor		ii	2	2	2	-1	-1	-1	True	False	True
972.0	2.0	243.0	76	4	E	0.0	4.0	4	4	4	1.0	1.0	1/8	True	0	61.0	61.0	61.0	61a	5	243	False	True				False	136	ii6		d	i		ii6	ii		6			m	True	True	(-1, 3, 2)	()	2	-1	minor	minor	i	i, minor	ii		i	i	True	ii6	ii6, minor		ii6, minor		ii	2	2	2	2	2	2	True	True	False
974.0	2.0	243.5	65	-1	F	0.0	4.5	0	4	4	2.0	1.0	1/8	True	0	61.0	61.0	61.0	61a	4	487/2	False	True				False	137	IV7		d	i		IV7	IV		7			Mm7	True	True	(-1, 3, 0, -3)	()	-1	-1	minor	minor	i	i, minor	IV		i	i	True	IV7	IV7, minor		IV7, minor		IV	2	2	2	-3	-3	-3	True	False	False
974.0	2.0	243.5	74	2	D	0.0	4.5	0	4	4	1.0	1.0	1/8	True	0	61.0	61.0	61.0	61a	5	487/2	False	True				False	137	IV7		d	i		IV7	IV		7			Mm7	True	True	(-1, 3, 0, -3)	()	-1	-1	minor	minor	i	i, minor	IV		i	i	True	IV7	IV7, minor		IV7, minor		IV	2	2	2	0	0	0	True	False	False
976.0	4.0	244.0	57	3	A	0.0	1.0	1	4	4	3.0	1.0	1/4	True	0	62.0	62.0	62.0	62a	3	244	False	True				False	138	V		d	i		V	V					M	True	True	(1, 5, 2)	()	1	1	minor	minor	i	i, minor	V		i	i	True	V	V, minor		V, minor		V	2	2	2	1	1	1	True	True	True
976.0	16.0	244.0	64	4	E	0.0	1.0	1	4	4	2.0	1.0	1	True	0	62.0	62.0	62.0	62a	4	244	False	True				False	138	V		d	i		V	V					M	True	True	(1, 5, 2)	()	1	1	minor	minor	i	i, minor	V		i	i	True	V	V, minor		V, minor		V	2	2	2	2	2	2	True	False	False
976.0	4.0	244.0	73	7	C	1.0	1.0	1	4	4	1.0	1.0	1/4	True	0	62.0	62.0	62.0	62a	5	244	False	True				False	138	V		d	i		V	V					M	True	True	(1, 5, 2)	()	1	1	minor	minor	i	i, minor	V		i	i	True	V	V, minor		V, minor		V	2	2	2	5	5	5	True	False	False
980.0	8.0	245.0	57	3	A	0.0	2.0	2	4	4	3.0	1.0	1/2	False	0	62.0	62.0	62.0	62a	3	245	False	True				False	139	V(64)		d	i		V(64)	V			64		M	True	True	(1, 0, -3)	()	1	1	minor	minor	i	i, minor	V		i	i	True	V	V, minor		V(64), minor		V	2	2	2	1	1	1	True	True	True
980.0	8.0	245.0	74	2	D	0.0	2.0	2	4	4	1.0	1.0	1/2	True	0	62.0	62.0	62.0	62a	5	245	False	True				False	139	V(64)		d	i		V(64)	V			64		M	True	True	(1, 0, -3)	()	1	1	minor	minor	i	i, minor	V		i	i	True	V	V, minor		V(64), minor		V	2	2	2	0	0	0	True	False	False
988.0	4.0	247.0	57	3	A	0.0	4.0	4	4	4	3.0	1.0	1/4	False	0	62.0	62.0	62.0	62a	3	247	False	True				False	141	V		d	i		V	V					M	True	True	(1, 5, 2)	()	1	1	minor	minor	i	i, minor	V		i	i	True	V	V, minor		V, minor		V	2	2	2	1	1	1	True	True	True
988.0	4.0	247.0	73	7	C	1.0	4.0	4	4	4	1.0	1.0	1/4	True	0	62.0	62.0	62.0	62a	5	247	False	True				False	141	V		d	i		V	V					M	True	True	(1, 5, 2)	()	1	1	minor	minor	i	i, minor	V		i	i	True	V	V, minor		V, minor		V	2	2	2	5	5	5	True	False	False
992.0	16.0	248.0	50	2	D	0.0	1.0	1	4	4	3.0	1.0	1	True	0	63.0	63.0	63.0	63a	3	248	False	True			\\	True	142	i\\	I\\	d	i		i	i					m	True	True	(0, -3, 1)	()	0	0	minor	minor	i	i, minor	i		i	i	True	i	i, minor		i, minor		i	2	2	2	0	0	0	True	True	True
992.0	16.0	248.0	62	2	D	0.0	1.0	1	4	4	2.0	1.0	1	True	0	63.0	63.0	63.0	63a	4	248	False	True			\\	True	142	i\\	I\\	d	i		i	i					m	True	True	(0, -3, 1)	()	0	0	minor	minor	i	i, minor	i		i	i	True	i	i, minor		i, minor		i	2	2	2	0	0	0	True	True	True
992.0	16.0	248.0	74	2	D	0.0	1.0	1	4	4	1.0	1.0	1	True	0	63.0	63.0	63.0	63a	5	248	False	True			\\	True	142	i\\	I\\	d	i		i	i					m	True	True	(0, -3, 1)	()	0	0	minor	minor	i	i, minor	i		i	i	True	i	i, minor		i, minor		i	2	2	2	0	0	0	True	True	True
1008.0	12.0	252.0	41	-1	F	0.0	1.0	1	4	4	3.0	1.0	3/4	True	0	64.0	64.0	64.0	64a	2	252	True	True				False	143	III		d	i		III	III					M	True	True	(-3, 1, -2)	()	-3	-3	minor	minor	i	i, minor	III		i	i	True	III	III, minor		III, minor		III	2	2	2	-3	-3	-3	True	True	True
1008.0	12.0	252.0	60	0	C	0.0	1.0	1	4	4	2.0	1.0	3/4	True	0	64.0	64.0	64.0	64a	4	252	True	True				False	143	III		d	i		III	III					M	True	True	(-3, 1, -2)	()	-3	-3	minor	minor	i	i, minor	III		i	i	True	III	III, minor		III, minor		III	2	2	2	-2	-2	-2	True	False	False
1008.0	12.0	252.0	69	3	A	0.0	1.0	1	4	4	1.0	1.0	3/4	True	0	64.0	64.0	64.0	64a	4	252	True	True				False	143	III		d	i		III	III					M	True	True	(-3, 1, -2)	()	-3	-3	minor	minor	i	i, minor	III		i	i	True	III	III, minor		III, minor		III	2	2	2	1	1	1	True	False	False
1020.0	4.0	255.0	41	-1	F	0.0	4.0	4	4	4	3.0	1.0	1/4	True	0	64.0	64.0	64.0	64a	2	255	False	False				False	143	III		d	i		III	III					M	True	True	(-3, 1, -2)	()	-3	-3	minor	minor	i	i, minor	III		i	i	True	III	III, minor		III, minor		III	2	2	2	-3	-3	-3	True	True	True
1020.0	4.0	255.0	60	0	C	0.0	4.0	4	4	4	2.0	1.0	1/4	True	0	64.0	64.0	64.0	64a	4	255	False	False				False	143	III		d	i		III	III					M	True	True	(-3, 1, -2)	()	-3	-3	minor	minor	i	i, minor	III		i	i	True	III	III, minor		III, minor		III	2	2	2	-2	-2	-2	True	False	False
1020.0	4.0	255.0	69	3	A	0.0	4.0	4	4	4	1.0	1.0	1/4	True	0	64.0	64.0	64.0	64a	4	255	False	False				False	143	III		d	i		III	III					M	True	True	(-3, 1, -2)	()	-3	-3	minor	minor	i	i, minor	III		i	i	True	III	III, minor		III, minor		III	2	2	2	1	1	1	True	False	False
1024.0	16.0	256.0	41	-1	F	0.0	1.0	1	4	4	3.0	1.0	1	True	0	65.0	65.0	65.0	65a	2	256	False	False				False	143	III		d	i		III	III					M	True	True	(-3, 1, -2)	()	-3	-3	minor	minor	i	i, minor	III		i	i	True	III	III, minor		III, minor		III	2	2	2	-3	-3	-3	True	True	True
1024.0	16.0	256.0	60	0	C	0.0	1.0	1	4	4	2.0	1.0	1	True	0	65.0	65.0	65.0	65a	4	256	False	False				False	143	III		d	i		III	III					M	True	True	(-3, 1, -2)	()	-3	-3	minor	minor	i	i, minor	III		i	i	True	III	III, minor		III, minor		III	2	2	2	-2	-2	-2	True	False	False
1024.0	8.0	256.0	69	3	A	0.0	1.0	1	4	4	1.0	1.0	1/2	True	0	65.0	65.0	65.0	65a	4	256	False	False				False	143	III		d	i		III	III					M	True	True	(-3, 1, -2)	()	-3	-3	minor	minor	i	i, minor	III		i	i	True	III	III, minor		III, minor		III	2	2	2	1	1	1	True	False	False
1034.0	2.0	258.5	69	3	A	0.0	3.5	0	4	4	1.0	1.0	1/8	True	0	65.0	65.0	65.0	65a	4	517/2	False	False				False	143	III		d	i		III	III					M	True	True	(-3, 1, -2)	()	-3	-3	minor	minor	i	i, minor	III		i	i	True	III	III, minor		III, minor		III	2	2	2	1	1	1	True	False	False
1036.0	2.0	259.0	65	-1	F	0.0	4.0	4	4	4	1.0	1.0	1/8	True	0	65.0	65.0	65.0	65a	4	259	False	False				False	143	III		d	i		III	III					M	True	True	(-3, 1, -2)	()	-3	-3	minor	minor	i	i, minor	III		i	i	True	III	III, minor		III, minor		III	2	2	2	-3	-3	-3	True	True	True
1038.0	2.0	259.5	69	3	A	0.0	4.5	0	4	4	1.0	1.0	1/8	True	0	65.0	65.0	65.0	65a	4	519/2	False	False				False	143	III		d	i		III	III					M	True	True	(-3, 1, -2)	()	-3	-3	minor	minor	i	i, minor	III		i	i	True	III	III, minor		III, minor		III	2	2	2	1	1	1	True	False	False
1040.0	8.0	260.0	48	0	C	0.0	1.0	1	4	4	3.0	1.0	1/2	True	0	66.0	66.0	66.0	66a	3	260	False	True				False	144	VII		d	i		VII	VII					M	True	True	(-2, 2, -1)	()	-2	-2	minor	minor	i	i, minor	VII		i	i	True	VII	VII, minor		VII, minor		VII	2	2	2	-2	-2	-2	True	True	True
1040.0	4.0	260.0	67	1	G	0.0	1.0	1	4	4	1.0	1.0	1/4	True	0	66.0	66.0	66.0	66a	4	260	False	True				False	144	VII		d	i		VII	VII					M	True	True	(-2, 2, -1)	()	-2	-2	minor	minor	i	i, minor	VII		i	i	True	VII	VII, minor		VII, minor		VII	2	2	2	-1	-1	-1	True	False	False
1042.0	2.0	260.5	60	0	C	0.0	1.5	0	4	4	2.0	1.0	1/8	True	0	66.0	66.0	66.0	66a	4	521/2	False	False				False	144	VII		d	i		VII	VII					M	True	True	(-2, 2, -1)	()	-2	-2	minor	minor	i	i, minor	VII		i	i	True	VII	VII, minor		VII, minor		VII	2	2	2	-2	-2	-2	True	True	True
1044.0	2.0	261.0	55	1	G	0.0	2.0	2	4	4	2.0	1.0	1/8	True	0	66.0	66.0	66.0	66a	3	261	False	False				False	144	VII		d	i		VII	VII					M	True	True	(-2, 2, -1)	()	-2	-2	minor	minor	i	i, minor	VII		i	i	True	VII	VII, minor		VII, minor		VII	2	2	2	-1	-1	-1	True	False	False
1044.0	4.0	261.0	64	4	E	0.0	2.0	2	4	4	1.0	1.0	1/4	True	0	66.0	66.0	66.0	66a	4	261	False	False				False	144	VII		d	i		VII	VII					M	True	True	(-2, 2, -1)	()	-2	-2	minor	minor	i	i, minor	VII		i	i	True	VII	VII, minor		VII, minor		VII	2	2	2	2	2	2	True	False	False
1046.0	2.0	261.5	60	0	C	0.0	2.5	0	4	4	2.0	1.0	1/8	True	0	66.0	66.0	66.0	66a	4	523/2	False	False				False	144	VII		d	i		VII	VII					M	True	True	(-2, 2, -1)	()	-2	-2	minor	minor	i	i, minor	VII		i	i	True	VII	VII, minor		VII, minor		VII	2	2	2	-2	-2	-2	True	True	True
1048.0	8.0	262.0	43	1	G	0.0	3.0	3	4	4	3.0	1.0	1/2	True	0	66.0	66.0	66.0	66a	2	262	False	True				False	145	iv		d	i		iv	iv					m	True	True	(-1, -4, 0)	()	-1	-1	minor	minor	i	i, minor	iv		i	i	True	iv	iv, minor		iv, minor		iv	2	2	2	-1	-1	-1	True	True	True
1048.0	4.0	262.0	58	-2	B	-1.0	3.0	3	4	4	2.0	1.0	1/4	True	0	66.0	66.0	66.0	66a	3	262	False	True				False	145	iv		d	i		iv	iv					m	True	True	(-1, -4, 0)	()	-1	-1	minor	minor	i	i, minor	iv		i	i	True	iv	iv, minor		iv, minor		iv	2	2	2	-4	-4	-4	True	False	False
1050.0	2.0	262.5	67	1	G	0.0	3.5	0	4	4	1.0	1.0	1/8	True	0	66.0	66.0	66.0	66a	4	525/2	False	False				False	145	iv		d	i		iv	iv					m	True	True	(-1, -4, 0)	()	-1	-1	minor	minor	i	i, minor	iv		i	i	True	iv	iv, minor		iv, minor		iv	2	2	2	-1	-1	-1	True	True	True
1052.0	4.0	263.0	55	1	G	0.0	4.0	4	4	4	2.0	1.0	1/4	True	0	66.0	66.0	66.0	66a	3	263	False	False				False	145	iv		d	i		iv	iv					m	True	True	(-1, -4, 0)	()	-1	-1	minor	minor	i	i, minor	iv		i	i	True	iv	iv, minor		iv, minor		iv	2	2	2	-1	-1	-1	True	True	True
1052.0	2.0	263.0	62	2	D	0.0	4.0	4	4	4	1.0	1.0	1/8	True	0	66.0	66.0	66.0	66a	4	263	False	False				False	145	iv		d	i		iv	iv					m	True	True	(-1, -4, 0)	()	-1	-1	minor	minor	i	i, minor	iv		i	i	True	iv	iv, minor		iv, minor		iv	2	2	2	0	0	0	True	False	False
1054.0	2.0	263.5	67	1	G	0.0	4.5	0	4	4	1.0	1.0	1/8	True	0	66.0	66.0	66.0	66a	4	527/2	False	False				False	145	iv		d	i		iv	iv					m	True	True	(-1, -4, 0)	()	-1	-1	minor	minor	i	i, minor	iv		i	i	True	iv	iv, minor		iv, minor		iv	2	2	2	-1	-1	-1	True	True	True
1056.0	8.0	264.0	50	2	D	0.0	1.0	1	4	4	3.0	1.0	1/2	True	0	67.0	67.0	67.0	67a	3	264	False	True				False	146	i		d	i		i	i					m	True	True	(0, -3, 1)	()	0	0	minor	minor	i	i, minor	i		i	i	True	i	i, minor		i, minor		i	2	2	2	0	0	0	True	True	True
1056.0	4.0	264.0	65	-1	F	0.0	1.0	1	4	4	1.0	1.0	1/4	True	0	67.0	67.0	67.0	67a	4	264	False	True				False	146	i		d	i		i	i					m	True	True	(0, -3, 1)	()	0	0	minor	minor	i	i, minor	i		i	i	True	i	i, minor		i, minor		i	2	2	2	-3	-3	-3	True	False	False
1058.0	2.0	264.5	62	2	D	0.0	1.5	0	4	4	2.0	1.0	1/8	True	0	67.0	67.0	67.0	67a	4	529/2	False	False				False	146	i		d	i		i	i					m	True	True	(0, -3, 1)	()	0	0	minor	minor	i	i, minor	i		i	i	True	i	i, minor		i, minor		i	2	2	2	0	0	0	True	True	True
1060.0	2.0	265.0	57	3	A	0.0	2.0	2	4	4	2.0	1.0	1/8	True	0	67.0	67.0	67.0	67a	3	265	False	False				False	146	i		d	i		i	i					m	True	True	(0, -3, 1)	()	0	0	minor	minor	i	i, minor	i		i	i	True	i	i, minor		i, minor		i	2	2	2	1	1	1	True	False	False
1060.0	2.0	265.0	62	2	D	0.0	2.0	2	4	4	1.0	1.0	1/8	True	0	67.0	67.0	67.0	67a	4	265	False	False				False	146	i		d	i		i	i					m	True	True	(0, -3, 1)	()	0	0	minor	minor	i	i, minor	i		i	i	True	i	i, minor		i, minor		i	2	2	2	0	0	0	True	True	True
1062.0	2.0	265.5	62	2	D	0.0	2.5	0	4	4	2.0	1.0	1/8	True	0	67.0	67.0	67.0	67a	4	531/2	False	False				False	146	i		d	i		i	i					m	True	True	(0, -3, 1)	()	0	0	minor	minor	i	i, minor	i		i	i	True	i	i, minor		i, minor		i	2	2	2	0	0	0	True	True	True
1062.0	2.0	265.5	65	-1	F	0.0	2.5	0	4	4	1.0	1.0	1/8	True	0	67.0	67.0	67.0	67a	4	531/2	False	False				False	146	i		d	i		i	i					m	True	True	(0, -3, 1)	()	0	0	minor	minor	i	i, minor	i		i	i	True	i	i, minor		i, minor		i	2	2	2	-3	-3	-3	True	False	False
1064.0	4.0	266.0	48	0	C	0.0	3.0	3	4	4	3.0	1.0	1/4	True	0	67.0	67.0	67.0	67a	3	266	False	True				False	147	VII		d	i		VII	VII					M	True	True	(-2, 2, -1)	()	-2	-2	minor	minor	i	i, minor	VII		i	i	True	VII	VII, minor		VII, minor		VII	2	2	2	-2	-2	-2	True	True	True
1064.0	4.0	266.0	60	0	C	0.0	3.0	3	4	4	2.0	1.0	1/4	True	0	67.0	67.0	67.0	67a	4	266	False	True				False	147	VII		d	i		VII	VII					M	True	True	(-2, 2, -1)	()	-2	-2	minor	minor	i	i, minor	VII		i	i	True	VII	VII, minor		VII, minor		VII	2	2	2	-2	-2	-2	True	True	True
1064.0	4.0	266.0	67	1	G	0.0	3.0	3	4	4	1.0	1.0	1/4	True	0	67.0	67.0	67.0	67a	4	266	False	True				False	147	VII		d	i		VII	VII					M	True	True	(-2, 2, -1)	()	-2	-2	minor	minor	i	i, minor	VII		i	i	True	VII	VII, minor		VII, minor		VII	2	2	2	-1	-1	-1	True	False	False
1068.0	4.0	267.0	45	3	A	0.0	4.0	4	4	4	3.0	1.0	1/4	True	0	67.0	67.0	67.0	67a	2	267	False	True				False	148	v		d	i		v	v					m	True	True	(1, -2, 2)	()	1	1	minor	minor	i	i, minor	v		i	i	True	v	v, minor		v, minor		v	2	2	2	1	1	1	True	True	True
1068.0	2.0	267.0	57	3	A	0.0	4.0	4	4	4	2.0	1.0	1/8	True	0	67.0	67.0	67.0	67a	3	267	False	True				False	148	v		d	i		v	v					m	True	True	(1, -2, 2)	()	1	1	minor	minor	i	i, minor	v		i	i	True	v	v, minor		v, minor		v	2	2	2	1	1	1	True	True	True
1068.0	4.0	267.0	69	3	A	0.0	4.0	4	4	4	1.0	1.0	1/4	True	0	67.0	67.0	67.0	67a	4	267	False	True				False	148	v		d	i		v	v					m	True	True	(1, -2, 2)	()	1	1	minor	minor	i	i, minor	v		i	i	True	v	v, minor		v, minor		v	2	2	2	1	1	1	True	True	True
1070.0	2.0	267.5	57	3	A	0.0	4.5	0	4	4	2.0	1.0	1/8	True	0	67.0	67.0	67.0	67a	3	535/2	False	False				False	148	v		d	i		v	v					m	True	True	(1, -2, 2)	()	1	1	minor	minor	i	i, minor	v		i	i	True	v	v, minor		v, minor		v	2	2	2	1	1	1	True	True	True
1072.0	8.0	268.0	46	-2	B	-1.0	1.0	1	4	4	3.0	1.0	1/2	True	0	68.0	68.0	68.0	68a	2	268	False	True				False	149	iv6(2)		d	i		iv6(2)	iv		6	2		m	True	True	(-4, 0, 1)	()	-1	-4	minor	minor	i	i, minor	iv		i	i	True	iv6	iv6, minor		iv6(2), minor		iv	2	2	2	-4	-4	-4	True	False	True
1072.0	16.0	268.0	58	-2	B	-1.0	1.0	1	4	4	2.0	1.0	1	True	0	68.0	68.0	68.0	68a	3	268	False	True				False	149	iv6(2)		d	i		iv6(2)	iv		6	2		m	True	True	(-4, 0, 1)	()	-1	-4	minor	minor	i	i, minor	iv		i	i	True	iv6	iv6, minor		iv6(2), minor		iv	2	2	2	-4	-4	-4	True	False	True
1072.0	4.0	268.0	69	3	A	0.0	1.0	1	4	4	1.0	1.0	1/4	False	0	68.0	68.0	68.0	68a	4	268	False	True				False	149	iv6(2)		d	i		iv6(2)	iv		6	2		m	True	True	(-4, 0, 1)	()	-1	-4	minor	minor	i	i, minor	iv		i	i	True	iv6	iv6, minor		iv6(2), minor		iv	2	2	2	1	1	1	True	False	False
1076.0	2.0	269.0	67	1	G	0.0	2.0	2	4	4	1.0	1.0	1/8	True	0	68.0	68.0	68.0	68a	4	269	False	True				False	150	iv6		d	i		iv6	iv		6			m	True	True	(-4, 0, -1)	()	-1	-4	minor	minor	i	i, minor	iv		i	i	True	iv6	iv6, minor		iv6, minor		iv	2	2	2	-1	-1	-1	True	True	False
1078.0	2.0	269.5	65	-1	F	0.0	2.5	0	4	4	1.0	1.0	1/8	True	0	68.0	68.0	68.0	68a	4	539/2	False	False				False	150	iv6		d	i		iv6	iv		6			m	True	True	(-4, 0, -1)	()	-1	-4	minor	minor	i	i, minor	iv		i	i	True	iv6	iv6, minor		iv6, minor		iv	2	2	2	-3	-3	-3	False	False	False
1080.0	8.0	270.0	46	-2	B	-1.0	3.0	3	4	4	3.0	1.0	1/2	False	0	68.0	68.0	68.0	68a	2	270	False	False				False	150	iv6		d	i		iv6	iv		6			m	True	True	(-4, 0, -1)	()	-1	-4	minor	minor	i	i, minor	iv		i	i	True	iv6	iv6, minor		iv6, minor		iv	2	2	2	-4	-4	-4	True	False	True
1080.0	8.0	270.0	67	1	G	0.0	3.0	3	4	4	1.0	1.0	1/2	True	0	68.0	68.0	68.0	68a	4	270	False	False				False	150	iv6		d	i		iv6	iv		6			m	True	True	(-4, 0, -1)	()	-1	-4	minor	minor	i	i, minor	iv		i	i	True	iv6	iv6, minor		iv6, minor		iv	2	2	2	-1	-1	-1	True	True	False
1088.0	16.0	272.0	45	3	A	0.0	1.0	1	4	4	3.0	1.0	1	True	0	69.0	69.0	69.0	69a	2	272	False	True			\\	True	151	V\\		d	i		V	V					M	True	True	(1, 5, 2)	()	1	1	minor	minor	i	i, minor	V		i	i	True	V	V, minor		V, minor		V	2	2	2	1	1	1	True	True	True
1088.0	16.0	272.0	57	3	A	0.0	1.0	1	4	4	2.0	1.0	1	True	0	69.0	69.0	69.0	69a	3	272	False	True			\\	True	151	V\\		d	i		V	V					M	True	True	(1, 5, 2)	()	1	1	minor	minor	i	i, minor	V		i	i	True	V	V, minor		V, minor		V	2	2	2	1	1	1	True	True	True
1088.0	16.0	272.0	69	3	A	0.0	1.0	1	4	4	1.0	1.0	1	True	0	69.0	69.0	69.0	69a	4	272	False	True			\\	True	151	V\\		d	i		V	V					M	True	True	(1, 5, 2)	()	1	1	minor	minor	i	i, minor	V		i	i	True	V	V, minor		V, minor		V	2	2	2	1	1	1	True	True	True
1104.0	1.0	276.0	53	-1	F	0.0	1.0	1	4	4	2.0	1.0	1/16	True	0	70.0	70.0	70.0	70a	3	276	False	True				False	152	III		d	i		III	III					M	True	True	(-3, 1, -2)	()	-3	-3	minor	minor	i	i, minor	III		i	i	True	III	III, minor		III, minor		III	2	2	2	-3	-3	-3	True	True	True
1104.0	4.0	276.0	53	-1	F	0.0	1.0	1	4	4	3.0	1.0	1/4	True	0	70.0	70.0	70.0	70a	3	276	False	True				False	152	III		d	i		III	III					M	True	True	(-3, 1, -2)	()	-3	-3	minor	minor	i	i, minor	III		i	i	True	III	III, minor		III, minor		III	2	2	2	-3	-3	-3	True	True	True
1105.0	1.0	276.25	55	1	G	0.0	1.25	0	4	4	2.0	1.0	1/16	True	0	70.0	70.0	70.0	70a	3	1105/4	False	False				False	152	III		d	i		III	III					M	True	True	(-3, 1, -2)	()	-3	-3	minor	minor	i	i, minor	III		i	i	True	III	III, minor		III, minor		III	2	2	2	-1	-1	-1	False	False	False
1106.0	1.0	276.5	57	3	A	0.0	1.5	0	4	4	2.0	1.0	1/16	True	0	70.0	70.0	70.0	70a	3	553/2	False	False				False	152	III		d	i		III	III					M	True	True	(-3, 1, -2)	()	-3	-3	minor	minor	i	i, minor	III		i	i	True	III	III, minor		III, minor		III	2	2	2	1	1	1	True	False	False
1107.0	1.0	276.75	59	5	B	0.0	1.75	0	4	4	2.0	1.0	1/16	True	0	70.0	70.0	70.0	70a	3	1107/4	False	False				False	152	III		d	i		III	III					M	True	True	(-3, 1, -2)	()	-3	-3	minor	minor	i	i, minor	III		i	i	True	III	III, minor		III, minor		III	2	2	2	3	3	3	False	False	False
1108.0	4.0	277.0	52	4	E	0.0	2.0	2	4	4	3.0	1.0	1/4	True	0	70.0	70.0	70.0	70a	3	277	False	True				False	153	V6/III		d	i		V6/III	V		6		III	M	True	True	(2, -1, -2)	()	-2	2	minor	minor	i	i, minor	V/III	III	III/i	III	False	V6/III	V6/III, minor		V6/III, minor	III	III	2	2	-1	2	2	5	True	False	True
1108.0	1.0	277.0	60	0	C	0.0	2.0	2	4	4	2.0	1.0	1/16	True	0	70.0	70.0	70.0	70a	4	277	False	True				False	153	V6/III		d	i		V6/III	V		6		III	M	True	True	(2, -1, -2)	()	-2	2	minor	minor	i	i, minor	V/III	III	III/i	III	False	V6/III	V6/III, minor		V6/III, minor	III	III	2	2	-1	-2	-2	1	True	True	False
1109.0	1.0	277.25	62	2	D	0.0	2.25	0	4	4	2.0	1.0	1/16	True	0	70.0	70.0	70.0	70a	4	1109/4	False	False				False	153	V6/III		d	i		V6/III	V		6		III	M	True	True	(2, -1, -2)	()	-2	2	minor	minor	i	i, minor	V/III	III	III/i	III	False	V6/III	V6/III, minor		V6/III, minor	III	III	2	2	-1	0	0	3	False	False	False
1110.0	1.0	277.5	64	4	E	0.0	2.5	0	4	4	2.0	1.0	1/16	True	0	70.0	70.0	70.0	70a	4	555/2	False	False				False	153	V6/III		d	i		V6/III	V		6		III	M	True	True	(2, -1, -2)	()	-2	2	minor	minor	i	i, minor	V/III	III	III/i	III	False	V6/III	V6/III, minor		V6/III, minor	III	III	2	2	-1	2	2	5	True	False	True
1111.0	1.0	277.75	60	0	C	0.0	2.75	0	4	4	2.0	1.0	1/16	True	0	70.0	70.0	70.0	70a	4	1111/4	False	False				False	153	V6/III		d	i		V6/III	V		6		III	M	True	True	(2, -1, -2)	()	-2	2	minor	minor	i	i, minor	V/III	III	III/i	III	False	V6/III	V6/III, minor		V6/III, minor	III	III	2	2	-1	-2	-2	1	True	True	False
1112.0	4.0	278.0	50	2	D	0.0	3.0	3	4	4	3.0	1.0	1/4	True	0	70.0	70.0	70.0	70a	3	278	False	True				False	154	vi/III		d	i		vi/III	vi				III	m	True	True	(0, -3, 1)	()	0	0	minor	minor	i	i, minor	vi/III	III	III/i	III	False	vi/III	vi/III, minor		vi/III, minor	III	III	2	2	-1	0	0	3	True	True	True
1112.0	4.0	278.0	65	-1	F	0.0	3.0	3	4	4	2.0	1.0	1/4	True	0	70.0	70.0	70.0	70a	4	278	False	True				False	154	vi/III		d	i		vi/III	vi				III	m	True	True	(0, -3, 1)	()	0	0	minor	minor	i	i, minor	vi/III	III	III/i	III	False	vi/III	vi/III, minor		vi/III, minor	III	III	2	2	-1	-3	-3	0	True	False	False
1116.0	4.0	279.0	48	0	C	0.0	4.0	4	4	4	3.0	1.0	1/4	True	0	70.0	70.0	70.0	70a	3	279	False	True				False	155	V/III		d	i		V/III	V				III	M	True	True	(-2, 2, -1)	()	-2	-2	minor	minor	i	i, minor	V/III	III	III/i	III	False	V/III	V/III, minor		V/III, minor	III	III	2	2	-1	-2	-2	1	True	True	True
1116.0	2.0	279.0	64	4	E	0.0	4.0	4	4	4	2.0	1.0	1/8	True	0	70.0	70.0	70.0	70a	4	279	False	True				False	155	V/III		d	i		V/III	V				III	M	True	True	(-2, 2, -1)	()	-2	-2	minor	minor	i	i, minor	V/III	III	III/i	III	False	V/III	V/III, minor		V/III, minor	III	III	2	2	-1	2	2	5	True	False	False
1118.0	2.0	279.5	64	4	E	0.0	4.5	0	4	4	2.0	1.0	1/8	True	0	70.0	70.0	70.0	70a	4	559/2	False	False				False	155	V/III		d	i		V/III	V				III	M	True	True	(-2, 2, -1)	()	-2	-2	minor	minor	i	i, minor	V/III	III	III/i	III	False	V/III	V/III, minor		V/III, minor	III	III	2	2	-1	2	2	5	True	False	False
1120.0	4.0	280.0	46	-2	B	-1.0	1.0	1	4	4	3.0	1.0	1/4	True	0	71.0	71.0	71.0	71a	2	280	False	True				False	156	IV/III		d	i		IV/III	IV				III	M	True	True	(-4, 0, -3)	()	-4	-4	minor	minor	i	i, minor	IV/III	III	III/i	III	False	IV/III	IV/III, minor		IV/III, minor	III	III	2	2	-1	-4	-4	-1	True	True	True
1120.0	2.0	280.0	62	2	D	0.0	1.0	1	4	4	2.0	1.0	1/8	True	0	71.0	71.0	71.0	71a	4	280	False	True				False	156	IV/III		d	i		IV/III	IV				III	M	True	True	(-4, 0, -3)	()	-4	-4	minor	minor	i	i, minor	IV/III	III	III/i	III	False	IV/III	IV/III, minor		IV/III, minor	III	III	2	2	-1	0	0	3	True	False	False
1122.0	2.0	280.5	65	-1	F	0.0	1.5	0	4	4	2.0	1.0	1/8	True	0	71.0	71.0	71.0	71a	4	561/2	False	False				False	156	IV/III		d	i		IV/III	IV				III	M	True	True	(-4, 0, -3)	()	-4	-4	minor	minor	i	i, minor	IV/III	III	III/i	III	False	IV/III	IV/III, minor		IV/III, minor	III	III	2	2	-1	-3	-3	0	True	False	False
1124.0	4.0	281.0	48	0	C	0.0	2.0	2	4	4	3.0	1.0	1/4	True	0	71.0	71.0	71.0	71a	3	281	False	True				False	157	V(4)/III		d	i		V(4)/III	V			4	III	M	True	True	(-2, -3, -1)	()	-2	-2	minor	minor	i	i, minor	V/III	III	III/i	III	False	V/III	V/III, minor		V(4)/III, minor	III	III	2	2	-1	-2	-2	1	True	True	True
1124.0	3.0	281.0	65	-1	F	0.0	2.0	2	4	4	2.0	1.0	3/16	True	0	71.0	71.0	71.0	71a	4	281	False	True				False	157	V(4)/III		d	i		V(4)/III	V			4	III	M	True	True	(-2, -3, -1)	()	-2	-2	minor	minor	i	i, minor	V/III	III	III/i	III	False	V/III	V/III, minor		V(4)/III, minor	III	III	2	2	-1	-3	-3	0	True	False	False
1127.0	1.0	281.75	64	4	E	0.0	2.75	0	4	4	2.0	1.0	1/16	True	0	71.0	71.0	71.0	71a	4	1127/4	False	True				False	158	V/III		d	i		V/III	V				III	M	True	True	(-2, 2, -1)	()	-2	-2	minor	minor	i	i, minor	V/III	III	III/i	III	False	V/III	V/III, minor		V/III, minor	III	III	2	2	-1	2	2	5	True	False	False
1128.0	4.0	282.0	41	-1	F	0.0	3.0	3	4	4	3.0	1.0	1/4	True	0	71.0	71.0	71.0	71a	2	282	False	True			\\	True	159	III\\		d	i		III	III					M	True	True	(-3, 1, -2)	()	-3	-3	minor	minor	i	i, minor	III		i	i	True	III	III, minor		III, minor		III	2	2	2	-3	-3	-3	True	True	True
1128.0	1.0	282.0	65	-1	F	0.0	3.0	3	4	4	1.0	1.0	1/16	True	0	71.0	71.0	71.0	71a	4	282	False	True			\\	True	159	III\\		d	i		III	III					M	True	True	(-3, 1, -2)	()	-3	-3	minor	minor	i	i, minor	III		i	i	True	III	III, minor		III, minor		III	2	2	2	-3	-3	-3	True	True	True
1128.0	2.0	282.0	65	-1	F	0.0	3.0	3	4	4	2.0	1.0	1/8	True	0	71.0	71.0	71.0	71a	4	282	False	True			\\	True	159	III\\		d	i		III	III					M	True	True	(-3, 1, -2)	()	-3	-3	minor	minor	i	i, minor	III		i	i	True	III	III, minor		III, minor		III	2	2	2	-3	-3	-3	True	True	True
1129.0	1.0	282.25	67	1	G	0.0	3.25	0	4	4	1.0	1.0	1/16	True	0	71.0	71.0	71.0	71a	4	1129/4	False	False				False	159	III\\		d	i		III	III					M	True	True	(-3, 1, -2)	()	-3	-3	minor	minor	i	i, minor	III		i	i	True	III	III, minor		III, minor		III	2	2	2	-1	-1	-1	False	False	False
1130.0	2.0	282.5	65	-1	F	0.0	3.5	0	4	4	2.0	1.0	1/8	True	0	71.0	71.0	71.0	71a	4	565/2	False	False				False	159	III\\		d	i		III	III					M	True	True	(-3, 1, -2)	()	-3	-3	minor	minor	i	i, minor	III		i	i	True	III	III, minor		III, minor		III	2	2	2	-3	-3	-3	True	True	True
1130.0	1.0	282.5	69	3	A	0.0	3.5	0	4	4	1.0	1.0	1/16	True	0	71.0	71.0	71.0	71a	4	565/2	False	False				False	159	III\\		d	i		III	III					M	True	True	(-3, 1, -2)	()	-3	-3	minor	minor	i	i, minor	III		i	i	True	III	III, minor		III, minor		III	2	2	2	1	1	1	True	False	False
1131.0	1.0	282.75	71	5	B	0.0	3.75	0	4	4	1.0	1.0	1/16	True	0	71.0	71.0	71.0	71a	4	1131/4	False	False				False	159	III\\		d	i		III	III					M	True	True	(-3, 1, -2)	()	-3	-3	minor	minor	i	i, minor	III		i	i	True	III	III, minor		III, minor		III	2	2	2	3	3	3	False	False	False
1132.0	4.0	283.0	52	4	E	0.0	4.0	4	4	4	3.0	1.0	1/4	True	0	71.0	71.0	71.0	71a	3	283	False	True				False	160	VII6		d	i		VII6	VII		6			M	True	True	(2, -1, -2)	()	-2	2	minor	minor	i	i, minor	VII		i	i	True	VII6	VII6, minor		VII6, minor		VII	2	2	2	2	2	2	True	False	True
1132.0	1.0	283.0	72	0	C	0.0	4.0	4	4	4	1.0	1.0	1/16	True	0	71.0	71.0	71.0	71a	5	283	False	True				False	160	VII6		d	i		VII6	VII		6			M	True	True	(2, -1, -2)	()	-2	2	minor	minor	i	i, minor	VII		i	i	True	VII6	VII6, minor		VII6, minor		VII	2	2	2	-2	-2	-2	True	True	False
1133.0	1.0	283.25	74	2	D	0.0	4.25	0	4	4	1.0	1.0	1/16	True	0	71.0	71.0	71.0	71a	5	1133/4	False	False				False	160	VII6		d	i		VII6	VII		6			M	True	True	(2, -1, -2)	()	-2	2	minor	minor	i	i, minor	VII		i	i	True	VII6	VII6, minor		VII6, minor		VII	2	2	2	0	0	0	False	False	False
1134.0	1.0	283.5	76	4	E	0.0	4.5	0	4	4	1.0	1.0	1/16	True	0	71.0	71.0	71.0	71a	5	567/2	False	False				False	160	VII6		d	i		VII6	VII		6			M	True	True	(2, -1, -2)	()	-2	2	minor	minor	i	i, minor	VII		i	i	True	VII6	VII6, minor		VII6, minor		VII	2	2	2	2	2	2	True	False	True
1135.0	1.0	283.75	72	0	C	0.0	4.75	0	4	4	1.0	1.0	1/16	True	0	71.0	71.0	71.0	71a	5	1135/4	False	False				False	160	VII6		d	i		VII6	VII		6			M	True	True	(2, -1, -2)	()	-2	2	minor	minor	i	i, minor	VII		i	i	True	VII6	VII6, minor		VII6, minor		VII	2	2	2	-2	-2	-2	True	True	False
1136.0	4.0	284.0	50	2	D	0.0	1.0	1	4	4	3.0	1.0	1/4	True	0	72.0	72.0	72.0	72a	3	284	False	True				False	161	i		d	i		i	i					m	True	True	(0, -3, 1)	()	0	0	minor	minor	i	i, minor	i		i	i	True	i	i, minor		i, minor		i	2	2	2	0	0	0	True	True	True
1136.0	4.0	284.0	77	-1	F	0.0	1.0	1	4	4	1.0	1.0	1/4	True	0	72.0	72.0	72.0	72a	5	284	False	True				False	161	i		d	i		i	i					m	True	True	(0, -3, 1)	()	0	0	minor	minor	i	i, minor	i		i	i	True	i	i, minor		i, minor		i	2	2	2	-3	-3	-3	True	False	False
1140.0	4.0	285.0	48	0	C	0.0	2.0	2	4	4	3.0	1.0	1/4	True	0	72.0	72.0	72.0	72a	3	285	False	True				False	162	VII		d	i		VII	VII					M	True	True	(-2, 2, -1)	()	-2	-2	minor	minor	i	i, minor	VII		i	i	True	VII	VII, minor		VII, minor		VII	2	2	2	-2	-2	-2	True	True	True
1140.0	2.0	285.0	76	4	E	0.0	2.0	2	4	4	1.0	1.0	1/8	True	0	72.0	72.0	72.0	72a	5	285	False	True				False	162	VII		d	i		VII	VII					M	True	True	(-2, 2, -1)	()	-2	-2	minor	minor	i	i, minor	VII		i	i	True	VII	VII, minor		VII, minor		VII	2	2	2	2	2	2	True	False	False
1142.0	2.0	285.5	76	4	E	0.0	2.5	0	4	4	1.0	1.0	1/8	True	0	72.0	72.0	72.0	72a	5	571/2	False	False				False	162	VII		d	i		VII	VII					M	True	True	(-2, 2, -1)	()	-2	-2	minor	minor	i	i, minor	VII		i	i	True	VII	VII, minor		VII, minor		VII	2	2	2	2	2	2	True	False	False
1144.0	2.0	286.0	46	-2	B	-1.0	3.0	3	4	4	3.0	1.0	1/8	True	0	72.0	72.0	72.0	72a	2	286	False	True				False	163	VI		d	i		VI	VI					M	True	True	(-4, 0, -3)	()	-4	-4	minor	minor	i	i, minor	VI		i	i	True	VI	VI, minor		VI, minor		VI	2	2	2	-4	-4	-4	True	True	True
1144.0	2.0	286.0	74	2	D	0.0	3.0	3	4	4	1.0	1.0	1/8	True	0	72.0	72.0	72.0	72a	5	286	False	True				False	163	VI		d	i		VI	VI					M	True	True	(-4, 0, -3)	()	-4	-4	minor	minor	i	i, minor	VI		i	i	True	VI	VI, minor		VI, minor		VI	2	2	2	0	0	0	True	False	False
1146.0	2.0	286.5	43	1	G	0.0	3.5	0	4	4	3.0	1.0	1/8	True	0	72.0	72.0	72.0	72a	2	573/2	False	True				False	164	iv		d	i		iv	iv					m	True	True	(-1, -4, 0)	()	-1	-1	minor	minor	i	i, minor	iv		i	i	True	iv	iv, minor		iv, minor		iv	2	2	2	-1	-1	-1	True	True	True
1146.0	2.0	286.5	74	2	D	0.0	3.5	0	4	4	1.0	1.0	1/8	True	0	72.0	72.0	72.0	72a	5	573/2	False	True				False	164	iv		d	i		iv	iv					m	True	True	(-1, -4, 0)	()	-1	-1	minor	minor	i	i, minor	iv		i	i	True	iv	iv, minor		iv, minor		iv	2	2	2	0	0	0	True	False	False
1148.0	4.0	287.0	45	3	A	0.0	4.0	4	4	4	3.0	1.0	1/4	True	0	72.0	72.0	72.0	72a	2	287	False	True				False	165	V(4)		d	i		V(4)	V			4		M	True	True	(1, 0, 2)	()	1	1	minor	minor	i	i, minor	V		i	i	True	V	V, minor		V(4), minor		V	2	2	2	1	1	1	True	True	True
1148.0	3.0	287.0	74	2	D	0.0	4.0	4	4	4	1.0	1.0	3/16	True	0	72.0	72.0	72.0	72a	5	287	False	True				False	165	V(4)		d	i		V(4)	V			4		M	True	True	(1, 0, 2)	()	1	1	minor	minor	i	i, minor	V		i	i	True	V	V, minor		V(4), minor		V	2	2	2	0	0	0	True	False	False
1151.0	1.0	287.75	73	7	C	1.0	4.75	0	4	4	1.0	1.0	1/16	True	0	72.0	72.0	72.0	72a	5	1151/4	False	True				False	166	V		d	i		V	V					M	True	True	(1, 5, 2)	()	1	1	minor	minor	i	i, minor	V		i	i	True	V	V, minor		V, minor		V	2	2	2	5	5	5	True	False	False
1152.0	1.0	288.0	50	2	D	0.0	1.0	1	4	4	2.0	1.0	1/16	True	0	73.0	73.0	73.0	73a	3	288	False	True			\\	True	167	i\\		d	i		i	i					m	True	True	(0, -3, 1)	()	0	0	minor	minor	i	i, minor	i		i	i	True	i	i, minor		i, minor		i	2	2	2	0	0	0	True	True	True
1152.0	4.0	288.0	50	2	D	0.0	1.0	1	4	4	3.0	1.0	1/4	True	0	73.0	73.0	73.0	73a	3	288	False	True			\\	True	167	i\\		d	i		i	i					m	True	True	(0, -3, 1)	()	0	0	minor	minor	i	i, minor	i		i	i	True	i	i, minor		i, minor		i	2	2	2	0	0	0	True	True	True
1152.0	2.0	288.0	74	2	D	0.0	1.0	1	4	4	1.0	1.0	1/8	True	0	73.0	73.0	73.0	73a	5	288	False	True			\\	True	167	i\\		d	i		i	i					m	True	True	(0, -3, 1)	()	0	0	minor	minor	i	i, minor	i		i	i	True	i	i, minor		i, minor		i	2	2	2	0	0	0	True	True	True
1153.0	1.0	288.25	52	4	E	0.0	1.25	0	4	4	2.0	1.0	1/16	True	0	73.0	73.0	73.0	73a	3	1153/4	False	False				False	167	i\\		d	i		i	i					m	True	True	(0, -3, 1)	()	0	0	minor	minor	i	i, minor	i		i	i	True	i	i, minor		i, minor		i	2	2	2	2	2	2	False	False	False
1154.0	1.0	288.5	53	-1	F	0.0	1.5	0	4	4	2.0	1.0	1/16	True	0	73.0	73.0	73.0	73a	3	577/2	False	False				False	167	i\\		d	i		i	i					m	True	True	(0, -3, 1)	()	0	0	minor	minor	i	i, minor	i		i	i	True	i	i, minor		i, minor		i	2	2	2	-3	-3	-3	True	False	False
1154.0	2.0	288.5	74	2	D	0.0	1.5	0	4	4	1.0	1.0	1/8	True	0	73.0	73.0	73.0	73a	5	577/2	False	False				False	167	i\\		d	i		i	i					m	True	True	(0, -3, 1)	()	0	0	minor	minor	i	i, minor	i		i	i	True	i	i, minor		i, minor		i	2	2	2	0	0	0	True	True	True
1155.0	1.0	288.75	55	1	G	0.0	1.75	0	4	4	2.0	1.0	1/16	True	0	73.0	73.0	73.0	73a	3	1155/4	False	False				False	167	i\\		d	i		i	i					m	True	True	(0, -3, 1)	()	0	0	minor	minor	i	i, minor	i		i	i	True	i	i, minor		i, minor		i	2	2	2	-1	-1	-1	False	False	False
1156.0	4.0	289.0	48	0	C	0.0	2.0	2	4	4	3.0	1.0	1/4	True	0	73.0	73.0	73.0	73a	3	289	False	True				False	168	vi6/VII		d	i		vi6/VII	vi		6		VII	m	True	True	(-2, 2, 1)	()	1	-2	minor	minor	i	i, minor	vi/VII	VII	VII/i	VII	False	vi6/VII	vi6/VII, minor		vi6/VII, minor	VII	VII	2	2	0	-2	-2	0	True	False	True
1156.0	1.0	289.0	57	3	A	0.0	2.0	2	4	4	2.0	1.0	1/16	True	0	73.0	73.0	73.0	73a	3	289	False	True				False	168	vi6/VII		d	i		vi6/VII	vi		6		VII	m	True	True	(-2, 2, 1)	()	1	-2	minor	minor	i	i, minor	vi/VII	VII	VII/i	VII	False	vi6/VII	vi6/VII, minor		vi6/VII, minor	VII	VII	2	2	0	1	1	3	True	True	False
1157.0	1.0	289.25	59	5	B	0.0	2.25	0	4	4	2.0	1.0	1/16	True	0	73.0	73.0	73.0	73a	3	1157/4	False	False				False	168	vi6/VII		d	i		vi6/VII	vi		6		VII	m	True	True	(-2, 2, 1)	()	1	-2	minor	minor	i	i, minor	vi/VII	VII	VII/i	VII	False	vi6/VII	vi6/VII, minor		vi6/VII, minor	VII	VII	2	2	0	3	3	5	False	False	False
1158.0	1.0	289.5	60	0	C	0.0	2.5	0	4	4	2.0	1.0	1/16	True	0	73.0	73.0	73.0	73a	4	579/2	False	False				False	168	vi6/VII		d	i		vi6/VII	vi		6		VII	m	True	True	(-2, 2, 1)	()	1	-2	minor	minor	i	i, minor	vi/VII	VII	VII/i	VII	False	vi6/VII	vi6/VII, minor		vi6/VII, minor	VII	VII	2	2	0	-2	-2	0	True	False	True
1159.0	1.0	289.75	57	3	A	0.0	2.75	0	4	4	2.0	1.0	1/16	True	0	73.0	73.0	73.0	73a	3	1159/4	False	False				False	168	vi6/VII		d	i		vi6/VII	vi		6		VII	m	True	True	(-2, 2, 1)	()	1	-2	minor	minor	i	i, minor	vi/VII	VII	VII/i	VII	False	vi6/VII	vi6/VII, minor		vi6/VII, minor	VII	VII	2	2	0	1	1	3	True	True	False
1160.0	1.0	290.0	43	1	G	0.0	3.0	3	4	4	3.0	1.0	1/16	True	0	73.0	73.0	73.0	73a	2	290	False	True				False	169	V/VII		d	i		V/VII	V				VII	M	True	True	(-1, 3, 0)	()	-1	-1	minor	minor	i	i, minor	V/VII	VII	VII/i	VII	False	V/VII	V/VII, minor		V/VII, minor	VII	VII	2	2	0	-1	-1	1	True	True	True
1160.0	4.0	290.0	62	2	D	0.0	3.0	3	4	4	2.0	1.0	1/4	True	0	73.0	73.0	73.0	73a	4	290	False	True				False	169	V/VII		d	i		V/VII	V				VII	M	True	True	(-1, 3, 0)	()	-1	-1	minor	minor	i	i, minor	V/VII	VII	VII/i	VII	False	V/VII	V/VII, minor		V/VII, minor	VII	VII	2	2	0	0	0	2	True	False	False
1161.0	1.0	290.25	45	3	A	0.0	3.25	0	4	4	3.0	1.0	1/16	True	0	73.0	73.0	73.0	73a	2	1161/4	False	False				False	169	V/VII		d	i		V/VII	V				VII	M	True	True	(-1, 3, 0)	()	-1	-1	minor	minor	i	i, minor	V/VII	VII	VII/i	VII	False	V/VII	V/VII, minor		V/VII, minor	VII	VII	2	2	0	1	1	3	False	False	False
1162.0	1.0	290.5	47	5	B	0.0	3.5	0	4	4	3.0	1.0	1/16	True	0	73.0	73.0	73.0	73a	2	581/2	False	False				False	169	V/VII		d	i		V/VII	V				VII	M	True	True	(-1, 3, 0)	()	-1	-1	minor	minor	i	i, minor	V/VII	VII	VII/i	VII	False	V/VII	V/VII, minor		V/VII, minor	VII	VII	2	2	0	3	3	5	True	False	False
1163.0	1.0	290.75	48	0	C	0.0	3.75	0	4	4	3.0	1.0	1/16	True	0	73.0	73.0	73.0	73a	3	1163/4	False	False				False	169	V/VII		d	i		V/VII	V				VII	M	True	True	(-1, 3, 0)	()	-1	-1	minor	minor	i	i, minor	V/VII	VII	VII/i	VII	False	V/VII	V/VII, minor		V/VII, minor	VII	VII	2	2	0	-2	-2	0	False	False	False
1164.0	1.0	291.0	50	2	D	0.0	4.0	4	4	4	3.0	1.0	1/16	True	0	73.0	73.0	73.0	73a	3	291	False	True				False	170	ii7/VII		d	i		ii7/VII	ii		7		VII	mm7	True	True	(0, -3, 1, -2)	()	0	0	minor	minor	i	i, minor	ii/VII	VII	VII/i	VII	False	ii7/VII	ii7/VII, minor		ii7/VII, minor	VII	VII	2	2	0	0	0	2	True	True	True
1164.0	2.0	291.0	60	0	C	0.0	4.0	4	4	4	2.0	1.0	1/8	True	0	73.0	73.0	73.0	73a	4	291	False	True				False	170	ii7/VII		d	i		ii7/VII	ii		7		VII	mm7	True	True	(0, -3, 1, -2)	()	0	0	minor	minor	i	i, minor	ii/VII	VII	VII/i	VII	False	ii7/VII	ii7/VII, minor		ii7/VII, minor	VII	VII	2	2	0	-2	-2	0	True	False	False
1165.0	1.0	291.25	52	4	E	0.0	4.25	0	4	4	3.0	1.0	1/16	True	0	73.0	73.0	73.0	73a	3	1165/4	False	False				False	170	ii7/VII		d	i		ii7/VII	ii		7		VII	mm7	True	True	(0, -3, 1, -2)	()	0	0	minor	minor	i	i, minor	ii/VII	VII	VII/i	VII	False	ii7/VII	ii7/VII, minor		ii7/VII, minor	VII	VII	2	2	0	2	2	4	False	False	False
1166.0	1.0	291.5	53	-1	F	0.0	4.5	0	4	4	3.0	1.0	1/16	True	0	73.0	73.0	73.0	73a	3	583/2	False	False				False	170	ii7/VII		d	i		ii7/VII	ii		7		VII	mm7	True	True	(0, -3, 1, -2)	()	0	0	minor	minor	i	i, minor	ii/VII	VII	VII/i	VII	False	ii7/VII	ii7/VII, minor		ii7/VII, minor	VII	VII	2	2	0	-3	-3	-1	True	False	False
1166.0	2.0	291.5	60	0	C	0.0	4.5	0	4	4	2.0	1.0	1/8	True	0	73.0	73.0	73.0	73a	4	583/2	False	False				False	170	ii7/VII		d	i		ii7/VII	ii		7		VII	mm7	True	True	(0, -3, 1, -2)	()	0	0	minor	minor	i	i, minor	ii/VII	VII	VII/i	VII	False	ii7/VII	ii7/VII, minor		ii7/VII, minor	VII	VII	2	2	0	-2	-2	0	True	False	False
1167.0	1.0	291.75	50	2	D	0.0	4.75	0	4	4	3.0	1.0	1/16	True	0	73.0	73.0	73.0	73a	3	1167/4	False	False				False	170	ii7/VII		d	i		ii7/VII	ii		7		VII	mm7	True	True	(0, -3, 1, -2)	()	0	0	minor	minor	i	i, minor	ii/VII	VII	VII/i	VII	False	ii7/VII	ii7/VII, minor		ii7/VII, minor	VII	VII	2	2	0	0	0	2	True	True	True
1168.0	4.0	292.0	55	1	G	0.0	1.0	1	4	4	3.0	1.0	1/4	True	0	74.0	74.0	74.0	74a	3	292	False	True				False	171	V/VII		d	i		V/VII	V				VII	M	True	True	(-1, 3, 0)	()	-1	-1	minor	minor	i	i, minor	V/VII	VII	VII/i	VII	False	V/VII	V/VII, minor		V/VII, minor	VII	VII	2	2	0	-1	-1	1	True	True	True
1168.0	2.0	292.0	59	5	B	0.0	1.0	1	4	4	2.0	1.0	1/8	True	0	74.0	74.0	74.0	74a	3	292	False	True				False	171	V/VII		d	i		V/VII	V				VII	M	True	True	(-1, 3, 0)	()	-1	-1	minor	minor	i	i, minor	V/VII	VII	VII/i	VII	False	V/VII	V/VII, minor		V/VII, minor	VII	VII	2	2	0	3	3	5	True	False	False
1168.0	1.0	292.0	67	1	G	0.0	1.0	1	4	4	1.0	1.0	1/16	True	0	74.0	74.0	74.0	74a	4	292	False	True				False	171	V/VII		d	i		V/VII	V				VII	M	True	True	(-1, 3, 0)	()	-1	-1	minor	minor	i	i, minor	V/VII	VII	VII/i	VII	False	V/VII	V/VII, minor		V/VII, minor	VII	VII	2	2	0	-1	-1	1	True	True	True
1169.0	1.0	292.25	69	3	A	0.0	1.25	0	4	4	1.0	1.0	1/16	True	0	74.0	74.0	74.0	74a	4	1169/4	False	False				False	171	V/VII		d	i		V/VII	V				VII	M	True	True	(-1, 3, 0)	()	-1	-1	minor	minor	i	i, minor	V/VII	VII	VII/i	VII	False	V/VII	V/VII, minor		V/VII, minor	VII	VII	2	2	0	1	1	3	False	False	False
1170.0	2.0	292.5	59	5	B	0.0	1.5	0	4	4	2.0	1.0	1/8	True	0	74.0	74.0	74.0	74a	3	585/2	False	False				False	171	V/VII		d	i		V/VII	V				VII	M	True	True	(-1, 3, 0)	()	-1	-1	minor	minor	i	i, minor	V/VII	VII	VII/i	VII	False	V/VII	V/VII, minor		V/VII, minor	VII	VII	2	2	0	3	3	5	True	False	False
1170.0	1.0	292.5	71	5	B	0.0	1.5	0	4	4	1.0	1.0	1/16	True	0	74.0	74.0	74.0	74a	4	585/2	False	False				False	171	V/VII		d	i		V/VII	V				VII	M	True	True	(-1, 3, 0)	()	-1	-1	minor	minor	i	i, minor	V/VII	VII	VII/i	VII	False	V/VII	V/VII, minor		V/VII, minor	VII	VII	2	2	0	3	3	5	True	False	False
1171.0	1.0	292.75	72	0	C	0.0	1.75	0	4	4	1.0	1.0	1/16	True	0	74.0	74.0	74.0	74a	5	1171/4	False	False				False	171	V/VII		d	i		V/VII	V				VII	M	True	True	(-1, 3, 0)	()	-1	-1	minor	minor	i	i, minor	V/VII	VII	VII/i	VII	False	V/VII	V/VII, minor		V/VII, minor	VII	VII	2	2	0	-2	-2	0	False	False	False
1172.0	2.0	293.0	53	-1	F	0.0	2.0	2	4	4	3.0	1.0	1/8	True	0	74.0	74.0	74.0	74a	3	293	False	True				False	172	ii6/VII		d	i		ii6/VII	ii		6		VII	m	True	True	(-3, 1, 0)	()	0	-3	minor	minor	i	i, minor	ii/VII	VII	VII/i	VII	False	ii6/VII	ii6/VII, minor		ii6/VII, minor	VII	VII	2	2	0	-3	-3	-1	True	False	True
1172.0	2.0	293.0	57	3	A	0.0	2.0	2	4	4	2.0	1.0	1/8	True	0	74.0	74.0	74.0	74a	3	293	False	True				False	172	ii6/VII		d	i		ii6/VII	ii		6		VII	m	True	True	(-3, 1, 0)	()	0	-3	minor	minor	i	i, minor	ii/VII	VII	VII/i	VII	False	ii6/VII	ii6/VII, minor		ii6/VII, minor	VII	VII	2	2	0	1	1	3	True	False	False
1172.0	1.0	293.0	74	2	D	0.0	2.0	2	4	4	1.0	1.0	1/16	True	0	74.0	74.0	74.0	74a	5	293	False	True				False	172	ii6/VII		d	i		ii6/VII	ii		6		VII	m	True	True	(-3, 1, 0)	()	0	-3	minor	minor	i	i, minor	ii/VII	VII	VII/i	VII	False	ii6/VII	ii6/VII, minor		ii6/VII, minor	VII	VII	2	2	0	0	0	2	True	True	False
1173.0	1.0	293.25	76	4	E	0.0	2.25	0	4	4	1.0	1.0	1/16	True	0	74.0	74.0	74.0	74a	5	1173/4	False	False				False	172	ii6/VII		d	i		ii6/VII	ii		6		VII	m	True	True	(-3, 1, 0)	()	0	-3	minor	minor	i	i, minor	ii/VII	VII	VII/i	VII	False	ii6/VII	ii6/VII, minor		ii6/VII, minor	VII	VII	2	2	0	2	2	4	False	False	False
1174.0	2.0	293.5	53	-1	F	0.0	2.5	0	4	4	3.0	1.0	1/8	True	0	74.0	74.0	74.0	74a	3	587/2	False	False				False	172	ii6/VII		d	i		ii6/VII	ii		6		VII	m	True	True	(-3, 1, 0)	()	0	-3	minor	minor	i	i, minor	ii/VII	VII	VII/i	VII	False	ii6/VII	ii6/VII, minor		ii6/VII, minor	VII	VII	2	2	0	-3	-3	-1	True	False	True
1174.0	2.0	293.5	57	3	A	0.0	2.5	0	4	4	2.0	1.0	1/8	True	0	74.0	74.0	74.0	74a	3	587/2	False	False				False	172	ii6/VII		d	i		ii6/VII	ii		6		VII	m	True	True	(-3, 1, 0)	()	0	-3	minor	minor	i	i, minor	ii/VII	VII	VII/i	VII	False	ii6/VII	ii6/VII, minor		ii6/VII, minor	VII	VII	2	2	0	1	1	3	True	False	False
1174.0	1.0	293.5	77	-1	F	0.0	2.5	0	4	4	1.0	1.0	1/16	True	0	74.0	74.0	74.0	74a	5	587/2	False	False				False	172	ii6/VII		d	i		ii6/VII	ii		6		VII	m	True	True	(-3, 1, 0)	()	0	-3	minor	minor	i	i, minor	ii/VII	VII	VII/i	VII	False	ii6/VII	ii6/VII, minor		ii6/VII, minor	VII	VII	2	2	0	-3	-3	-1	True	False	True
1175.0	1.0	293.75	74	2	D	0.0	2.75	0	4	4	1.0	1.0	1/16	True	0	74.0	74.0	74.0	74a	5	1175/4	False	False				False	172	ii6/VII		d	i		ii6/VII	ii		6		VII	m	True	True	(-3, 1, 0)	()	0	-3	minor	minor	i	i, minor	ii/VII	VII	VII/i	VII	False	ii6/VII	ii6/VII, minor		ii6/VII, minor	VII	VII	2	2	0	0	0	2	True	True	False
1176.0	4.0	294.0	52	4	E	0.0	3.0	3	4	4	3.0	1.0	1/4	True	0	74.0	74.0	74.0	74a	3	294	False	True				False	173	iii/VII		d	i		iii/VII	iii				VII	m	True	True	(2, -1, 3)	()	2	2	minor	minor	i	i, minor	iii/VII	VII	VII/i	VII	False	iii/VII	iii/VII, minor		iii/VII, minor	VII	VII	2	2	0	2	2	4	True	True	True
1176.0	1.0	294.0	55	1	G	0.0	3.0	3	4	4	2.0	1.0	1/16	True	0	74.0	74.0	74.0	74a	3	294	False	True				False	173	iii/VII		d	i		iii/VII	iii				VII	m	True	True	(2, -1, 3)	()	2	2	minor	minor	i	i, minor	iii/VII	VII	VII/i	VII	False	iii/VII	iii/VII, minor		iii/VII, minor	VII	VII	2	2	0	-1	-1	1	True	False	False
1176.0	4.0	294.0	79	1	G	0.0	3.0	3	4	4	1.0	1.0	1/4	True	0	74.0	74.0	74.0	74a	5	294	False	True				False	173	iii/VII		d	i		iii/VII	iii				VII	m	True	True	(2, -1, 3)	()	2	2	minor	minor	i	i, minor	iii/VII	VII	VII/i	VII	False	iii/VII	iii/VII, minor		iii/VII, minor	VII	VII	2	2	0	-1	-1	1	True	False	False
1177.0	1.0	294.25	57	3	A	0.0	3.25	0	4	4	2.0	1.0	1/16	True	0	74.0	74.0	74.0	74a	3	1177/4	False	False				False	173	iii/VII		d	i		iii/VII	iii				VII	m	True	True	(2, -1, 3)	()	2	2	minor	minor	i	i, minor	iii/VII	VII	VII/i	VII	False	iii/VII	iii/VII, minor		iii/VII, minor	VII	VII	2	2	0	1	1	3	False	False	False
1178.0	1.0	294.5	59	5	B	0.0	3.5	0	4	4	2.0	1.0	1/16	True	0	74.0	74.0	74.0	74a	3	589/2	False	False				False	173	iii/VII		d	i		iii/VII	iii				VII	m	True	True	(2, -1, 3)	()	2	2	minor	minor	i	i, minor	iii/VII	VII	VII/i	VII	False	iii/VII	iii/VII, minor		iii/VII, minor	VII	VII	2	2	0	3	3	5	True	False	False
1179.0	1.0	294.75	60	0	C	0.0	3.75	0	4	4	2.0	1.0	1/16	True	0	74.0	74.0	74.0	74a	4	1179/4	False	False				False	173	iii/VII		d	i		iii/VII	iii				VII	m	True	True	(2, -1, 3)	()	2	2	minor	minor	i	i, minor	iii/VII	VII	VII/i	VII	False	iii/VII	iii/VII, minor		iii/VII, minor	VII	VII	2	2	0	-2	-2	0	False	False	False
1180.0	4.0	295.0	50	2	D	0.0	4.0	4	4	4	3.0	1.0	1/4	True	0	74.0	74.0	74.0	74a	3	295	False	True				False	174	ii/VII	viio6/VII	d	i		ii/VII	ii				VII	m	True	True	(0, -3, 1)	()	0	0	minor	minor	i	i, minor	ii/VII	VII	VII/i	VII	False	ii/VII	ii/VII, minor		ii/VII, minor	VII	VII	2	2	0	0	0	2	True	True	True
1180.0	1.0	295.0	62	2	D	0.0	4.0	4	4	4	2.0	1.0	1/16	True	0	74.0	74.0	74.0	74a	4	295	False	True				False	174	ii/VII	viio6/VII	d	i		ii/VII	ii				VII	m	True	True	(0, -3, 1)	()	0	0	minor	minor	i	i, minor	ii/VII	VII	VII/i	VII	False	ii/VII	ii/VII, minor		ii/VII, minor	VII	VII	2	2	0	0	0	2	True	True	True
1180.0	2.0	295.0	77	-1	F	0.0	4.0	4	4	4	1.0	1.0	1/8	True	0	74.0	74.0	74.0	74a	5	295	False	True				False	174	ii/VII	viio6/VII	d	i		ii/VII	ii				VII	m	True	True	(0, -3, 1)	()	0	0	minor	minor	i	i, minor	ii/VII	VII	VII/i	VII	False	ii/VII	ii/VII, minor		ii/VII, minor	VII	VII	2	2	0	-3	-3	-1	True	False	False
1181.0	1.0	295.25	64	4	E	0.0	4.25	0	4	4	2.0	1.0	1/16	True	0	74.0	74.0	74.0	74a	4	1181/4	False	False				False	174	ii/VII	viio6/VII	d	i		ii/VII	ii				VII	m	True	True	(0, -3, 1)	()	0	0	minor	minor	i	i, minor	ii/VII	VII	VII/i	VII	False	ii/VII	ii/VII, minor		ii/VII, minor	VII	VII	2	2	0	2	2	4	False	False	False
1182.0	1.0	295.5	65	-1	F	0.0	4.5	0	4	4	2.0	1.0	1/16	True	0	74.0	74.0	74.0	74a	4	591/2	False	False				False	174	ii/VII	viio6/VII	d	i		ii/VII	ii				VII	m	True	True	(0, -3, 1)	()	0	0	minor	minor	i	i, minor	ii/VII	VII	VII/i	VII	False	ii/VII	ii/VII, minor		ii/VII, minor	VII	VII	2	2	0	-3	-3	-1	True	False	False
1182.0	2.0	295.5	77	-1	F	0.0	4.5	0	4	4	1.0	1.0	1/8	True	0	74.0	74.0	74.0	74a	5	591/2	False	False				False	174	ii/VII	viio6/VII	d	i		ii/VII	ii				VII	m	True	True	(0, -3, 1)	()	0	0	minor	minor	i	i, minor	ii/VII	VII	VII/i	VII	False	ii/VII	ii/VII, minor		ii/VII, minor	VII	VII	2	2	0	-3	-3	-1	True	False	False
1183.0	1.0	295.75	62	2	D	0.0	4.75	0	4	4	2.0	1.0	1/16	True	0	74.0	74.0	74.0	74a	4	1183/4	False	False				False	174	ii/VII	viio6/VII	d	i		ii/VII	ii				VII	m	True	True	(0, -3, 1)	()	0	0	minor	minor	i	i, minor	ii/VII	VII	VII/i	VII	False	ii/VII	ii/VII, minor		ii/VII, minor	VII	VII	2	2	0	0	0	2	True	True	True
1184.0	4.0	296.0	48	0	C	0.0	1.0	1	4	4	3.0	1.0	1/4	True	0	75.0	75.0	75.0	75a	3	296	False	True				False	175	VII		d	i		VII	VII					M	True	True	(-2, 2, -1)	()	-2	-2	minor	minor	i	i, minor	VII		i	i	True	VII	VII, minor		VII, minor		VII	2	2	2	-2	-2	-2	True	True	True
1184.0	4.0	296.0	67	1	G	0.0	1.0	1	4	4	2.0	1.0	1/4	True	0	75.0	75.0	75.0	75a	4	296	False	True				False	175	VII		d	i		VII	VII					M	True	True	(-2, 2, -1)	()	-2	-2	minor	minor	i	i, minor	VII		i	i	True	VII	VII, minor		VII, minor		VII	2	2	2	-1	-1	-1	True	False	False
1184.0	2.0	296.0	76	4	E	0.0	1.0	1	4	4	1.0	1.0	1/8	True	0	75.0	75.0	75.0	75a	5	296	False	True				False	175	VII		d	i		VII	VII					M	True	True	(-2, 2, -1)	()	-2	-2	minor	minor	i	i, minor	VII		i	i	True	VII	VII, minor		VII, minor		VII	2	2	2	2	2	2	True	False	False
1186.0	2.0	296.5	76	4	E	0.0	1.5	0	4	4	1.0	1.0	1/8	True	0	75.0	75.0	75.0	75a	5	593/2	False	False				False	175	VII		d	i		VII	VII					M	True	True	(-2, 2, -1)	()	-2	-2	minor	minor	i	i, minor	VII		i	i	True	VII	VII, minor		VII, minor		VII	2	2	2	2	2	2	True	False	False
1188.0	4.0	297.0	50	2	D	0.0	2.0	2	4	4	3.0	1.0	1/4	True	0	75.0	75.0	75.0	75a	3	297	False	True				False	176	ii/VII	viio6/VII	d	i		ii/VII	ii				VII	m	True	True	(0, -3, 1)	()	0	0	minor	minor	i	i, minor	ii/VII	VII	VII/i	VII	False	ii/VII	ii/VII, minor		ii/VII, minor	VII	VII	2	2	0	0	0	2	True	True	True
1188.0	2.0	297.0	65	-1	F	0.0	2.0	2	4	4	2.0	1.0	1/8	True	0	75.0	75.0	75.0	75a	4	297	False	True				False	176	ii/VII	viio6/VII	d	i		ii/VII	ii				VII	m	True	True	(0, -3, 1)	()	0	0	minor	minor	i	i, minor	ii/VII	VII	VII/i	VII	False	ii/VII	ii/VII, minor		ii/VII, minor	VII	VII	2	2	0	-3	-3	-1	True	False	False
1188.0	2.0	297.0	74	2	D	0.0	2.0	2	4	4	1.0	1.0	1/8	True	0	75.0	75.0	75.0	75a	5	297	False	True				False	176	ii/VII	viio6/VII	d	i		ii/VII	ii				VII	m	True	True	(0, -3, 1)	()	0	0	minor	minor	i	i, minor	ii/VII	VII	VII/i	VII	False	ii/VII	ii/VII, minor		ii/VII, minor	VII	VII	2	2	0	0	0	2	True	True	True
1190.0	2.0	297.5	65	-1	F	0.0	2.5	0	4	4	2.0	1.0	1/8	True	0	75.0	75.0	75.0	75a	4	595/2	False	False				False	176	ii/VII	viio6/VII	d	i		ii/VII	ii				VII	m	True	True	(0, -3, 1)	()	0	0	minor	minor	i	i, minor	ii/VII	VII	VII/i	VII	False	ii/VII	ii/VII, minor		ii/VII, minor	VII	VII	2	2	0	-3	-3	-1	True	False	False
1190.0	2.0	297.5	74	2	D	0.0	2.5	0	4	4	1.0	1.0	1/8	True	0	75.0	75.0	75.0	75a	5	595/2	False	False				False	176	ii/VII	viio6/VII	d	i		ii/VII	ii				VII	m	True	True	(0, -3, 1)	()	0	0	minor	minor	i	i, minor	ii/VII	VII	VII/i	VII	False	ii/VII	ii/VII, minor		ii/VII, minor	VII	VII	2	2	0	0	0	2	True	True	True
1192.0	4.0	298.0	52	4	E	0.0	3.0	3	4	4	3.0	1.0	1/4	True	0	75.0	75.0	75.0	75a	3	298	False	True				False	177	VII6		d	i		VII6	VII		6			M	True	True	(2, -1, -2)	()	-2	2	minor	minor	i	i, minor	VII		i	i	True	VII6	VII6, minor		VII6, minor		VII	2	2	2	2	2	2	True	False	True
1192.0	2.0	298.0	64	4	E	0.0	3.0	3	4	4	2.0	1.0	1/8	True	0	75.0	75.0	75.0	75a	4	298	False	True				False	177	VII6		d	i		VII6	VII		6			M	True	True	(2, -1, -2)	()	-2	2	minor	minor	i	i, minor	VII		i	i	True	VII6	VII6, minor		VII6, minor		VII	2	2	2	2	2	2	True	False	True
1192.0	2.0	298.0	72	0	C	0.0	3.0	3	4	4	1.0	1.0	1/8	True	0	75.0	75.0	75.0	75a	5	298	False	True				False	177	VII6		d	i		VII6	VII		6			M	True	True	(2, -1, -2)	()	-2	2	minor	minor	i	i, minor	VII		i	i	True	VII6	VII6, minor		VII6, minor		VII	2	2	2	-2	-2	-2	True	True	False
1194.0	2.0	298.5	64	4	E	0.0	3.5	0	4	4	2.0	1.0	1/8	True	0	75.0	75.0	75.0	75a	4	597/2	False	False				False	177	VII6		d	i		VII6	VII		6			M	True	True	(2, -1, -2)	()	-2	2	minor	minor	i	i, minor	VII		i	i	True	VII6	VII6, minor		VII6, minor		VII	2	2	2	2	2	2	True	False	True
1194.0	2.0	298.5	72	0	C	0.0	3.5	0	4	4	1.0	1.0	1/8	True	0	75.0	75.0	75.0	75a	5	597/2	False	False				False	177	VII6		d	i		VII6	VII		6			M	True	True	(2, -1, -2)	()	-2	2	minor	minor	i	i, minor	VII		i	i	True	VII6	VII6, minor		VII6, minor		VII	2	2	2	-2	-2	-2	True	True	False
1196.0	2.0	299.0	55	1	G	0.0	4.0	4	4	4	3.0	1.0	1/8	True	0	75.0	75.0	75.0	75a	3	299	False	True				False	178	V/VII		d	i		V/VII	V				VII	M	True	True	(-1, 3, 0)	()	-1	-1	minor	minor	i	i, minor	V/VII	VII	VII/i	VII	False	V/VII	V/VII, minor		V/VII, minor	VII	VII	2	2	0	-1	-1	1	True	True	True
1196.0	2.0	299.0	62	2	D	0.0	4.0	4	4	4	2.0	1.0	1/8	True	0	75.0	75.0	75.0	75a	4	299	False	True				False	178	V/VII		d	i		V/VII	V				VII	M	True	True	(-1, 3, 0)	()	-1	-1	minor	minor	i	i, minor	V/VII	VII	VII/i	VII	False	V/VII	V/VII, minor		V/VII, minor	VII	VII	2	2	0	0	0	2	True	False	False
1196.0	2.0	299.0	71	5	B	0.0	4.0	4	4	4	1.0	1.0	1/8	True	0	75.0	75.0	75.0	75a	4	299	False	True				False	178	V/VII		d	i		V/VII	V				VII	M	True	True	(-1, 3, 0)	()	-1	-1	minor	minor	i	i, minor	V/VII	VII	VII/i	VII	False	V/VII	V/VII, minor		V/VII, minor	VII	VII	2	2	0	3	3	5	True	False	False
1198.0	2.0	299.5	43	1	G	0.0	4.5	0	4	4	3.0	1.0	1/8	True	0	75.0	75.0	75.0	75a	2	599/2	False	False				False	178	V/VII		d	i		V/VII	V				VII	M	True	True	(-1, 3, 0)	()	-1	-1	minor	minor	i	i, minor	V/VII	VII	VII/i	VII	False	V/VII	V/VII, minor		V/VII, minor	VII	VII	2	2	0	-1	-1	1	True	True	True
1198.0	2.0	299.5	62	2	D	0.0	4.5	0	4	4	2.0	1.0	1/8	True	0	75.0	75.0	75.0	75a	4	599/2	False	False				False	178	V/VII		d	i		V/VII	V				VII	M	True	True	(-1, 3, 0)	()	-1	-1	minor	minor	i	i, minor	V/VII	VII	VII/i	VII	False	V/VII	V/VII, minor		V/VII, minor	VII	VII	2	2	0	0	0	2	True	False	False
1198.0	2.0	299.5	71	5	B	0.0	4.5	0	4	4	1.0	1.0	1/8	True	0	75.0	75.0	75.0	75a	4	599/2	False	False				False	178	V/VII		d	i		V/VII	V				VII	M	True	True	(-1, 3, 0)	()	-1	-1	minor	minor	i	i, minor	V/VII	VII	VII/i	VII	False	V/VII	V/VII, minor		V/VII, minor	VII	VII	2	2	0	3	3	5	True	False	False
1200.0	4.0	300.0	48	0	C	0.0	1.0	1	4	4	3.0	1.0	1/4	True	0	76.0	76.0	76.0	76a	3	300	False	True				False	179	VII		d	i		VII	VII					M	True	True	(-2, 2, -1)	()	-2	-2	minor	minor	i	i, minor	VII		i	i	True	VII	VII, minor		VII, minor		VII	2	2	2	-2	-2	-2	True	True	True
1200.0	2.0	300.0	60	0	C	0.0	1.0	1	4	4	2.0	1.0	1/8	True	0	76.0	76.0	76.0	76a	4	300	False	True				False	179	VII		d	i		VII	VII					M	True	True	(-2, 2, -1)	()	-2	-2	minor	minor	i	i, minor	VII		i	i	True	VII	VII, minor		VII, minor		VII	2	2	2	-2	-2	-2	True	True	True
1200.0	2.0	300.0	76	4	E	0.0	1.0	1	4	4	1.0	1.0	1/8	True	0	76.0	76.0	76.0	76a	5	300	False	True				False	179	VII		d	i		VII	VII					M	True	True	(-2, 2, -1)	()	-2	-2	minor	minor	i	i, minor	VII		i	i	True	VII	VII, minor		VII, minor		VII	2	2	2	2	2	2	True	False	False
1202.0	2.0	300.5	60	0	C	0.0	1.5	0	4	4	2.0	1.0	1/8	True	0	76.0	76.0	76.0	76a	4	601/2	False	False				False	179	VII		d	i		VII	VII					M	True	True	(-2, 2, -1)	()	-2	-2	minor	minor	i	i, minor	VII		i	i	True	VII	VII, minor		VII, minor		VII	2	2	2	-2	-2	-2	True	True	True
1202.0	2.0	300.5	76	4	E	0.0	1.5	0	4	4	1.0	1.0	1/8	True	0	76.0	76.0	76.0	76a	5	601/2	False	False				False	179	VII		d	i		VII	VII					M	True	True	(-2, 2, -1)	()	-2	-2	minor	minor	i	i, minor	VII		i	i	True	VII	VII, minor		VII, minor		VII	2	2	2	2	2	2	True	False	False
1204.0	4.0	301.0	55	1	G	0.0	2.0	2	4	4	3.0	1.0	1/4	True	0	76.0	76.0	76.0	76a	3	301	False	True				False	180	V/VII		d	i		V/VII	V				VII	M	True	True	(-1, 3, 0)	()	-1	-1	minor	minor	i	i, minor	V/VII	VII	VII/i	VII	False	V/VII	V/VII, minor		V/VII, minor	VII	VII	2	2	0	-1	-1	1	True	True	True
1204.0	2.0	301.0	59	5	B	0.0	2.0	2	4	4	2.0	1.0	1/8	True	0	76.0	76.0	76.0	76a	3	301	False	True				False	180	V/VII		d	i		V/VII	V				VII	M	True	True	(-1, 3, 0)	()	-1	-1	minor	minor	i	i, minor	V/VII	VII	VII/i	VII	False	V/VII	V/VII, minor		V/VII, minor	VII	VII	2	2	0	3	3	5	True	False	False
1204.0	2.0	301.0	74	2	D	0.0	2.0	2	4	4	1.0	1.0	1/8	True	0	76.0	76.0	76.0	76a	5	301	False	True				False	180	V/VII		d	i		V/VII	V				VII	M	True	True	(-1, 3, 0)	()	-1	-1	minor	minor	i	i, minor	V/VII	VII	VII/i	VII	False	V/VII	V/VII, minor		V/VII, minor	VII	VII	2	2	0	0	0	2	True	False	False
1206.0	2.0	301.5	59	5	B	0.0	2.5	0	4	4	2.0	1.0	1/8	True	0	76.0	76.0	76.0	76a	3	603/2	False	False				False	180	V/VII		d	i		V/VII	V				VII	M	True	True	(-1, 3, 0)	()	-1	-1	minor	minor	i	i, minor	V/VII	VII	VII/i	VII	False	V/VII	V/VII, minor		V/VII, minor	VII	VII	2	2	0	3	3	5	True	False	False
1206.0	2.0	301.5	74	2	D	0.0	2.5	0	4	4	1.0	1.0	1/8	True	0	76.0	76.0	76.0	76a	5	603/2	False	False				False	180	V/VII		d	i		V/VII	V				VII	M	True	True	(-1, 3, 0)	()	-1	-1	minor	minor	i	i, minor	V/VII	VII	VII/i	VII	False	V/VII	V/VII, minor		V/VII, minor	VII	VII	2	2	0	0	0	2	True	False	False
1208.0	4.0	302.0	48	0	C	0.0	3.0	3	4	4	3.0	1.0	1/4	True	0	76.0	76.0	76.0	76a	3	302	False	True			\\	True	181	VII\\		d	i		VII	VII					M	True	True	(-2, 2, -1)	()	-2	-2	minor	minor	i	i, minor	VII		i	i	True	VII	VII, minor		VII, minor		VII	2	2	2	-2	-2	-2	True	True	True
1208.0	2.0	302.0	60	0	C	0.0	3.0	3	4	4	2.0	1.0	1/8	True	0	76.0	76.0	76.0	76a	4	302	False	True			\\	True	181	VII\\		d	i		VII	VII					M	True	True	(-2, 2, -1)	()	-2	-2	minor	minor	i	i, minor	VII		i	i	True	VII	VII, minor		VII, minor		VII	2	2	2	-2	-2	-2	True	True	True
1208.0	2.0	302.0	72	0	C	0.0	3.0	3	4	4	1.0	1.0	1/8	True	0	76.0	76.0	76.0	76a	5	302	False	True			\\	True	181	VII\\		d	i		VII	VII					M	True	True	(-2, 2, -1)	()	-2	-2	minor	minor	i	i, minor	VII		i	i	True	VII	VII, minor		VII, minor		VII	2	2	2	-2	-2	-2	True	True	True
1210.0	2.0	302.5	60	0	C	0.0	3.5	0	4	4	2.0	1.0	1/8	True	0	76.0	76.0	76.0	76a	4	605/2	False	False				False	181	VII\\		d	i		VII	VII					M	True	True	(-2, 2, -1)	()	-2	-2	minor	minor	i	i, minor	VII		i	i	True	VII	VII, minor		VII, minor		VII	2	2	2	-2	-2	-2	True	True	True
1210.0	2.0	302.5	72	0	C	0.0	3.5	0	4	4	1.0	1.0	1/8	True	0	76.0	76.0	76.0	76a	5	605/2	False	False				False	181	VII\\		d	i		VII	VII					M	True	True	(-2, 2, -1)	()	-2	-2	minor	minor	i	i, minor	VII		i	i	True	VII	VII, minor		VII, minor		VII	2	2	2	-2	-2	-2	True	True	True
1216.0	8.0	304.0	43	1	G	0.0	1.0	1	4	4	3.0	1.0	1/2	True	0	77.0	77.0	77.0	77a	2	304	False	True				False	182	iv		d	i		iv	iv					m	True	True	(-1, -4, 0)	()	-1	-1	minor	minor	i	i, minor	iv		i	i	True	iv	iv, minor		iv, minor		iv	2	2	2	-1	-1	-1	True	True	True
1216.0	8.0	304.0	58	-2	B	-1.0	1.0	1	4	4	2.0	1.0	1/2	True	0	77.0	77.0	77.0	77a	3	304	False	True				False	182	iv		d	i		iv	iv					m	True	True	(-1, -4, 0)	()	-1	-1	minor	minor	i	i, minor	iv		i	i	True	iv	iv, minor		iv, minor		iv	2	2	2	-4	-4	-4	True	False	False
1216.0	8.0	304.0	74	2	D	0.0	1.0	1	4	4	1.0	1.0	1/2	True	0	77.0	77.0	77.0	77a	5	304	False	True				False	182	iv		d	i		iv	iv					m	True	True	(-1, -4, 0)	()	-1	-1	minor	minor	i	i, minor	iv		i	i	True	iv	iv, minor		iv, minor		iv	2	2	2	0	0	0	True	False	False
1228.0	4.0	307.0	43	1	G	0.0	4.0	4	4	4	3.0	1.0	1/4	True	0	77.0	77.0	77.0	77a	2	307	False	False				False	182	iv		d	i		iv	iv					m	True	True	(-1, -4, 0)	()	-1	-1	minor	minor	i	i, minor	iv		i	i	True	iv	iv, minor		iv, minor		iv	2	2	2	-1	-1	-1	True	True	True
1228.0	4.0	307.0	55	1	G	0.0	4.0	4	4	4	2.0	1.0	1/4	True	0	77.0	77.0	77.0	77a	3	307	False	False				False	182	iv		d	i		iv	iv					m	True	True	(-1, -4, 0)	()	-1	-1	minor	minor	i	i, minor	iv		i	i	True	iv	iv, minor		iv, minor		iv	2	2	2	-1	-1	-1	True	True	True
1228.0	4.0	307.0	70	-2	B	-1.0	4.0	4	4	4	1.0	1.0	1/4	True	0	77.0	77.0	77.0	77a	4	307	False	False				False	182	iv		d	i		iv	iv					m	True	True	(-1, -4, 0)	()	-1	-1	minor	minor	i	i, minor	iv		i	i	True	iv	iv, minor		iv, minor		iv	2	2	2	-4	-4	-4	True	False	False
1232.0	8.0	308.0	48	0	C	0.0	1.0	1	4	4	3.0	1.0	1/2	True	0	78.0	78.0	78.0	78a	3	308	False	True				False	183	VII		d	i		VII	VII					M	True	True	(-2, 2, -1)	()	-2	-2	minor	minor	i	i, minor	VII		i	i	True	VII	VII, minor		VII, minor		VII	2	2	2	-2	-2	-2	True	True	True
1232.0	4.0	308.0	52	4	E	0.0	1.0	1	4	4	2.0	1.0	1/4	True	0	78.0	78.0	78.0	78a	3	308	False	True				False	183	VII		d	i		VII	VII					M	True	True	(-2, 2, -1)	()	-2	-2	minor	minor	i	i, minor	VII		i	i	True	VII	VII, minor		VII, minor		VII	2	2	2	2	2	2	True	False	False
1232.0	4.0	308.0	67	1	G	0.0	1.0	1	4	4	1.0	1.0	1/4	True	0	78.0	78.0	78.0	78a	4	308	False	True				False	183	VII		d	i		VII	VII					M	True	True	(-2, 2, -1)	()	-2	-2	minor	minor	i	i, minor	VII		i	i	True	VII	VII, minor		VII, minor		VII	2	2	2	-1	-1	-1	True	False	False
1236.0	4.0	309.0	52	4	E	0.0	2.0	2	4	4	2.0	1.0	1/4	True	0	78.0	78.0	78.0	78a	3	309	False	False				False	183	VII		d	i		VII	VII					M	True	True	(-2, 2, -1)	()	-2	-2	minor	minor	i	i, minor	VII		i	i	True	VII	VII, minor		VII, minor		VII	2	2	2	2	2	2	True	False	False
1236.0	4.0	309.0	67	1	G	0.0	2.0	2	4	4	1.0	1.0	1/4	True	0	78.0	78.0	78.0	78a	4	309	False	False				False	183	VII		d	i		VII	VII					M	True	True	(-2, 2, -1)	()	-2	-2	minor	minor	i	i, minor	VII		i	i	True	VII	VII, minor		VII, minor		VII	2	2	2	-1	-1	-1	True	False	False
1244.0	4.0	311.0	41	-1	F	0.0	4.0	4	4	4	3.0	1.0	1/4	True	0	78.0	78.0	78.0	78a	2	311	False	True				False	184	III		d	i		III	III					M	True	True	(-3, 1, -2)	()	-3	-3	minor	minor	i	i, minor	III		i	i	True	III	III, minor		III, minor		III	2	2	2	-3	-3	-3	True	True	True
1244.0	4.0	311.0	53	-1	F	0.0	4.0	4	4	4	2.0	1.0	1/4	True	0	78.0	78.0	78.0	78a	3	311	False	True				False	184	III		d	i		III	III					M	True	True	(-3, 1, -2)	()	-3	-3	minor	minor	i	i, minor	III		i	i	True	III	III, minor		III, minor		III	2	2	2	-3	-3	-3	True	True	True
1244.0	4.0	311.0	69	3	A	0.0	4.0	4	4	4	1.0	1.0	1/4	True	0	78.0	78.0	78.0	78a	4	311	False	True				False	184	III		d	i		III	III					M	True	True	(-3, 1, -2)	()	-3	-3	minor	minor	i	i, minor	III		i	i	True	III	III, minor		III, minor		III	2	2	2	1	1	1	True	False	False
1248.0	4.0	312.0	43	1	G	0.0	1.0	1	4	4	3.0	1.0	1/4	True	0	79.0	79.0	79.0	79a	2	312	False	True				False	185	ii6		d	i		ii6	ii		6			m	True	True	(-1, 3, 2)	()	2	-1	minor	minor	i	i, minor	ii		i	i	True	ii6	ii6, minor		ii6, minor		ii	2	2	2	-1	-1	-1	True	False	True
1248.0	4.0	312.0	52	4	E	0.0	1.0	1	4	4	2.0	1.0	1/4	True	0	79.0	79.0	79.0	79a	3	312	False	True				False	185	ii6		d	i		ii6	ii		6			m	True	True	(-1, 3, 2)	()	2	-1	minor	minor	i	i, minor	ii		i	i	True	ii6	ii6, minor		ii6, minor		ii	2	2	2	2	2	2	True	True	False
1248.0	8.0	312.0	67	1	G	0.0	1.0	1	4	4	1.0	1.0	1/2	True	0	79.0	79.0	79.0	79a	4	312	False	True				False	185	ii6		d	i		ii6	ii		6			m	True	True	(-1, 3, 2)	()	2	-1	minor	minor	i	i, minor	ii		i	i	True	ii6	ii6, minor		ii6, minor		ii	2	2	2	-1	-1	-1	True	False	True
1252.0	4.0	313.0	43	1	G	0.0	2.0	2	4	4	3.0	1.0	1/4	False	0	79.0	79.0	79.0	79a	2	313	False	True				False	186	IV		d	i		IV	IV					M	True	True	(-1, 3, 0)	()	-1	-1	minor	minor	i	i, minor	IV		i	i	True	IV	IV, minor		IV, minor		IV	2	2	2	-1	-1	-1	True	True	True
1252.0	8.0	313.0	50	2	D	0.0	2.0	2	4	4	2.0	1.0	1/2	True	0	79.0	79.0	79.0	79a	3	313	False	True				False	186	IV		d	i		IV	IV					M	True	True	(-1, 3, 0)	()	-1	-1	minor	minor	i	i, minor	IV		i	i	True	IV	IV, minor		IV, minor		IV	2	2	2	0	0	0	True	False	False
1256.0	4.0	314.0	45	3	A	0.0	3.0	3	4	4	3.0	1.0	1/4	True	0	79.0	79.0	79.0	79a	2	314	False	True				False	187	V(4)		d	i		V(4)	V			4		M	True	True	(1, 0, 2)	()	1	1	minor	minor	i	i, minor	V		i	i	True	V	V, minor		V(4), minor		V	2	2	2	1	1	1	True	True	True
1256.0	8.0	314.0	64	4	E	0.0	3.0	3	4	4	1.0	1.0	1/2	True	0	79.0	79.0	79.0	79a	4	314	False	True				False	187	V(4)		d	i		V(4)	V			4		M	True	True	(1, 0, 2)	()	1	1	minor	minor	i	i, minor	V		i	i	True	V	V, minor		V(4), minor		V	2	2	2	2	2	2	True	False	False
1260.0	4.0	315.0	45	3	A	0.0	4.0	4	4	4	3.0	1.0	1/4	False	0	79.0	79.0	79.0	79a	2	315	False	True				False	188	V		d	i		V	V					M	True	True	(1, 5, 2)	()	1	1	minor	minor	i	i, minor	V		i	i	True	V	V, minor		V, minor		V	2	2	2	1	1	1	True	True	True
1260.0	4.0	315.0	49	7	C	1.0	4.0	4	4	4	2.0	1.0	1/4	True	0	79.0	79.0	79.0	79a	3	315	False	True				False	188	V		d	i		V	V					M	True	True	(1, 5, 2)	()	1	1	minor	minor	i	i, minor	V		i	i	True	V	V, minor		V, minor		V	2	2	2	5	5	5	True	False	False
1264.0	8.0	316.0	38	2	D	0.0	1.0	1	4	4	3.0	1.0	1/2	True	0	80.0	80.0	80.0	80a	2	316	False	False			\\	True	189	i\\	I\\	d	i		i	i					m	True	True	(0, -3, 1)	()	0	0	minor	minor	i	i, minor	i		i	i	True	i	i, minor		i, minor		i	2	2	2	0	0	0	True	True	True
1264.0	8.0	316.0	50	2	D	0.0	1.0	1	4	4	2.0	1.0	1/2	True	0	80.0	80.0	80.0	80a	3	316	False	False			\\	True	189	i\\	I\\	d	i		i	i					m	True	True	(0, -3, 1)	()	0	0	minor	minor	i	i, minor	i		i	i	True	i	i, minor		i, minor		i	2	2	2	0	0	0	True	True	True
1264.0	8.0	316.0	62	2	D	0.0	1.0	1	4	4	1.0	1.0	1/2	True	0	80.0	80.0	80.0	80a	4	316	False	False			\\	True	189	i\\	I\\	d	i		i	i					m	True	True	(0, -3, 1)	()	0	0	minor	minor	i	i, minor	i		i	i	True	i	i, minor		i, minor		i	2	2	2	0	0	0	True	True	True
1284.0	4.0	321.0	50	2	D	0.0	2.0	2	4	4	3.0	1.0	1/4	True	0	81.0	81.0	81.0	81a	3	321	False	True				False	190	i		d	i		i	i					m	True	True	(0, -3, 1)	()	0	0	minor	minor	i	i, minor	i		i	i	True	i	i, minor		i, minor		i	2	2	2	0	0	0	True	True	True
1284.0	4.0	321.0	65	-1	F	0.0	2.0	2	4	4	1.0	1.0	1/4	True	0	81.0	81.0	81.0	81a	4	321	False	True				False	190	i		d	i		i	i					m	True	True	(0, -3, 1)	()	0	0	minor	minor	i	i, minor	i		i	i	True	i	i, minor		i, minor		i	2	2	2	-3	-3	-3	True	False	False
1288.0	4.0	322.0	48	0	C	0.0	3.0	3	4	4	3.0	1.0	1/4	True	0	81.0	81.0	81.0	81a	3	322	False	True				False	191	VII		d	i		VII	VII					M	True	True	(-2, 2, -1)	()	-2	-2	minor	minor	i	i, minor	VII		i	i	True	VII	VII, minor		VII, minor		VII	2	2	2	-2	-2	-2	True	True	True
1288.0	4.0	322.0	67	1	G	0.0	3.0	3	4	4	1.0	1.0	1/4	True	0	81.0	81.0	81.0	81a	4	322	False	True				False	191	VII		d	i		VII	VII					M	True	True	(-2, 2, -1)	()	-2	-2	minor	minor	i	i, minor	VII		i	i	True	VII	VII, minor		VII, minor		VII	2	2	2	-1	-1	-1	True	False	False
1292.0	4.0	323.0	48	0	C	0.0	4.0	4	4	4	3.0	1.0	1/4	False	0	81.0	81.0	81.0	81a	3	323	False	True				False	192	v6		d	i		v6	v		6			m	True	True	(-2, 2, 1)	()	1	-2	minor	minor	i	i, minor	v		i	i	True	v6	v6, minor		v6, minor		v	2	2	2	-2	-2	-2	True	False	True
1292.0	4.0	323.0	64	4	E	0.0	4.0	4	4	4	2.0	1.0	1/4	True	0	81.0	81.0	81.0	81a	4	323	False	True				False	192	v6		d	i		v6	v		6			m	True	True	(-2, 2, 1)	()	1	-2	minor	minor	i	i, minor	v		i	i	True	v6	v6, minor		v6, minor		v	2	2	2	2	2	2	True	False	False
1292.0	4.0	323.0	69	3	A	0.0	4.0	4	4	4	1.0	1.0	1/4	True	0	81.0	81.0	81.0	81a	4	323	False	True				False	192	v6		d	i		v6	v		6			m	True	True	(-2, 2, 1)	()	1	-2	minor	minor	i	i, minor	v		i	i	True	v6	v6, minor		v6, minor		v	2	2	2	1	1	1	True	True	False
1296.0	8.0	324.0	50	2	D	0.0	1.0	1	4	4	3.0	1.0	1/2	True	0	82.0	82.0	82.0	82a	3	324	False	True				False	193	IV/v		d	i		IV/v	IV				v	M	True	True	(0, 4, 1)	()	0	0	minor	minor	i	i, minor	IV/v	v	v/i	v	True	IV/v	IV/v, minor		IV/v, minor	v	v	2	2	3	0	0	-1	True	True	True
1296.0	8.0	324.0	62	2	D	0.0	1.0	1	4	4	2.0	1.0	1/2	True	0	82.0	82.0	82.0	82a	4	324	False	True				False	193	IV/v		d	i		IV/v	IV				v	M	True	True	(0, 4, 1)	()	0	0	minor	minor	i	i, minor	IV/v	v	v/i	v	True	IV/v	IV/v, minor		IV/v, minor	v	v	2	2	3	0	0	-1	True	True	True
1296.0	4.0	324.0	69	3	A	0.0	1.0	1	4	4	1.0	1.0	1/4	False	0	82.0	82.0	82.0	82a	4	324	False	True				False	193	IV/v		d	i		IV/v	IV				v	M	True	True	(0, 4, 1)	()	0	0	minor	minor	i	i, minor	IV/v	v	v/i	v	True	IV/v	IV/v, minor		IV/v, minor	v	v	2	2	3	1	1	0	True	False	False
1300.0	2.0	325.0	68	8	G	1.0	2.0	2	4	4	1.0	1.0	1/8	True	0	82.0	82.0	82.0	82a	4	325	False	False				False	193	IV/v		d	i		IV/v	IV				v	M	True	True	(0, 4, 1)	()	0	0	minor	minor	i	i, minor	IV/v	v	v/i	v	True	IV/v	IV/v, minor		IV/v, minor	v	v	2	2	3	6	6	5	False	False	False
1302.0	2.0	325.5	66	6	F	1.0	2.5	0	4	4	1.0	1.0	1/8	True	0	82.0	82.0	82.0	82a	4	651/2	False	False				False	193	IV/v		d	i		IV/v	IV				v	M	True	True	(0, 4, 1)	()	0	0	minor	minor	i	i, minor	IV/v	v	v/i	v	True	IV/v	IV/v, minor		IV/v, minor	v	v	2	2	3	4	4	3	True	False	False
1304.0	8.0	326.0	52	4	E	0.0	3.0	3	4	4	3.0	1.0	1/2	True	0	82.0	82.0	82.0	82a	3	326	False	True				False	194	V/v		d	i		V/v	V				v	M	True	True	(2, 6, 3)	()	2	2	minor	minor	i	i, minor	V/v	v	v/i	v	True	V/v	V/v, minor		V/v, minor	v	v	2	2	3	2	2	1	True	True	True
1304.0	8.0	326.0	59	5	B	0.0	3.0	3	4	4	2.0	1.0	1/2	True	0	82.0	82.0	82.0	82a	3	326	False	True				False	194	V/v		d	i		V/v	V				v	M	True	True	(2, 6, 3)	()	2	2	minor	minor	i	i, minor	V/v	v	v/i	v	True	V/v	V/v, minor		V/v, minor	v	v	2	2	3	3	3	2	True	False	False
1304.0	2.0	326.0	68	8	G	1.0	3.0	3	4	4	1.0	1.0	1/8	True	0	82.0	82.0	82.0	82a	4	326	False	True				False	194	V/v		d	i		V/v	V				v	M	True	True	(2, 6, 3)	()	2	2	minor	minor	i	i, minor	V/v	v	v/i	v	True	V/v	V/v, minor		V/v, minor	v	v	2	2	3	6	6	5	True	False	False
1306.0	2.0	326.5	69	3	A	0.0	3.5	0	4	4	1.0	1.0	1/8	True	0	82.0	82.0	82.0	82a	4	653/2	False	False				False	194	V/v		d	i		V/v	V				v	M	True	True	(2, 6, 3)	()	2	2	minor	minor	i	i, minor	V/v	v	v/i	v	True	V/v	V/v, minor		V/v, minor	v	v	2	2	3	1	1	0	False	False	False
1308.0	2.0	327.0	71	5	B	0.0	4.0	4	4	4	1.0	1.0	1/8	True	0	82.0	82.0	82.0	82a	4	327	False	False				False	194	V/v		d	i		V/v	V				v	M	True	True	(2, 6, 3)	()	2	2	minor	minor	i	i, minor	V/v	v	v/i	v	True	V/v	V/v, minor		V/v, minor	v	v	2	2	3	3	3	2	True	False	False
1310.0	2.0	327.5	68	8	G	1.0	4.5	0	4	4	1.0	1.0	1/8	True	0	82.0	82.0	82.0	82a	4	655/2	False	False				False	194	V/v		d	i		V/v	V				v	M	True	True	(2, 6, 3)	()	2	2	minor	minor	i	i, minor	V/v	v	v/i	v	True	V/v	V/v, minor		V/v, minor	v	v	2	2	3	6	6	5	True	False	False
1312.0	4.0	328.0	45	3	A	0.0	1.0	1	4	4	3.0	1.0	1/4	True	0	83.0	83.0	83.0	83a	2	328	False	True			\\	True	195	v\\		d	i		v	v					m	True	True	(1, -2, 2)	()	1	1	minor	minor	i	i, minor	v		i	i	True	v	v, minor		v, minor		v	2	2	2	1	1	1	True	True	True
1312.0	4.0	328.0	57	3	A	0.0	1.0	1	4	4	2.0	1.0	1/4	True	0	83.0	83.0	83.0	83a	3	328	False	True			\\	True	195	v\\		d	i		v	v					m	True	True	(1, -2, 2)	()	1	1	minor	minor	i	i, minor	v		i	i	True	v	v, minor		v, minor		v	2	2	2	1	1	1	True	True	True
1312.0	4.0	328.0	69	3	A	0.0	1.0	1	4	4	1.0	1.0	1/4	True	0	83.0	83.0	83.0	83a	4	328	False	True			\\	True	195	v\\		d	i		v	v					m	True	True	(1, -2, 2)	()	1	1	minor	minor	i	i, minor	v		i	i	True	v	v, minor		v, minor		v	2	2	2	1	1	1	True	True	True
1316.0	4.0	329.0	57	3	A	0.0	2.0	2	4	4	3.0	1.0	1/4	True	0	83.0	83.0	83.0	83a	3	329	False	False				False	195	v\\		d	i		v	v					m	True	True	(1, -2, 2)	()	1	1	minor	minor	i	i, minor	v		i	i	True	v	v, minor		v, minor		v	2	2	2	1	1	1	True	True	True
1316.0	4.0	329.0	60	0	C	0.0	2.0	2	4	4	2.0	1.0	1/4	True	0	83.0	83.0	83.0	83a	4	329	False	False				False	195	v\\		d	i		v	v					m	True	True	(1, -2, 2)	()	1	1	minor	minor	i	i, minor	v		i	i	True	v	v, minor		v, minor		v	2	2	2	-2	-2	-2	True	False	False
1316.0	4.0	329.0	69	3	A	0.0	2.0	2	4	4	1.0	1.0	1/4	True	0	83.0	83.0	83.0	83a	4	329	False	False				False	195	v\\		d	i		v	v					m	True	True	(1, -2, 2)	()	1	1	minor	minor	i	i, minor	v		i	i	True	v	v, minor		v, minor		v	2	2	2	1	1	1	True	True	True
1320.0	4.0	330.0	55	1	G	0.0	3.0	3	4	4	3.0	1.0	1/4	True	0	83.0	83.0	83.0	83a	3	330	False	True				False	196	VII/v		d	i		VII/v	VII				v	M	True	True	(-1, 3, 0)	()	-1	-1	minor	minor	i	i, minor	VII/v	v	v/i	v	True	VII/v	VII/v, minor		VII/v, minor	v	v	2	2	3	-1	-1	-2	True	True	True
1320.0	4.0	330.0	62	2	D	0.0	3.0	3	4	4	2.0	1.0	1/4	True	0	83.0	83.0	83.0	83a	4	330	False	True				False	196	VII/v		d	i		VII/v	VII				v	M	True	True	(-1, 3, 0)	()	-1	-1	minor	minor	i	i, minor	VII/v	v	v/i	v	True	VII/v	VII/v, minor		VII/v, minor	v	v	2	2	3	0	0	-1	True	False	False
1324.0	4.0	331.0	52	4	E	0.0	4.0	4	4	4	3.0	1.0	1/4	True	0	83.0	83.0	83.0	83a	3	331	False	True				False	197	III6/v		d	i		III6/v	III		6		v	M	True	True	(2, -1, -2)	()	-2	2	minor	minor	i	i, minor	III/v	v	v/i	v	True	III6/v	III6/v, minor		III6/v, minor	v	v	2	2	3	2	2	1	True	False	True
1324.0	4.0	331.0	64	4	E	0.0	4.0	4	4	4	2.0	1.0	1/4	True	0	83.0	83.0	83.0	83a	4	331	False	True				False	197	III6/v		d	i		III6/v	III		6		v	M	True	True	(2, -1, -2)	()	-2	2	minor	minor	i	i, minor	III/v	v	v/i	v	True	III6/v	III6/v, minor		III6/v, minor	v	v	2	2	3	2	2	1	True	False	True
1324.0	4.0	331.0	76	4	E	0.0	4.0	4	4	4	1.0	1.0	1/4	True	0	83.0	83.0	83.0	83a	5	331	False	True				False	197	III6/v		d	i		III6/v	III		6		v	M	True	True	(2, -1, -2)	()	-2	2	minor	minor	i	i, minor	III/v	v	v/i	v	True	III6/v	III6/v, minor		III6/v, minor	v	v	2	2	3	2	2	1	True	False	True
1328.0	8.0	332.0	53	-1	F	0.0	1.0	1	4	4	3.0	1.0	1/2	True	0	84.0	84.0	84.0	84a	3	332	False	True				False	198	iv65(2)/v		d	i		iv65(2)/v	iv		65	2	v	mm7	True	True	(-3, 1, -2, 2)	()	0	-3	minor	minor	i	i, minor	iv/v	v	v/i	v	True	iv65/v	iv65/v, minor		iv65(2)/v, minor	v	v	2	2	3	-3	-3	-4	True	False	True
1328.0	4.0	332.0	64	4	E	0.0	1.0	1	4	4	2.0	1.0	1/4	False	0	84.0	84.0	84.0	84a	4	332	False	True				False	198	iv65(2)/v		d	i		iv65(2)/v	iv		65	2	v	mm7	True	True	(-3, 1, -2, 2)	()	0	-3	minor	minor	i	i, minor	iv/v	v	v/i	v	True	iv65/v	iv65/v, minor		iv65(2)/v, minor	v	v	2	2	3	2	2	1	True	False	False
1328.0	8.0	332.0	72	0	C	0.0	1.0	1	4	4	1.0	1.0	1/2	True	0	84.0	84.0	84.0	84a	5	332	False	True				False	198	iv65(2)/v		d	i		iv65(2)/v	iv		65	2	v	mm7	True	True	(-3, 1, -2, 2)	()	0	-3	minor	minor	i	i, minor	iv/v	v	v/i	v	True	iv65/v	iv65/v, minor		iv65(2)/v, minor	v	v	2	2	3	-2	-2	-3	True	False	False
1332.0	2.0	333.0	62	2	D	0.0	2.0	2	4	4	2.0	1.0	1/8	True	0	84.0	84.0	84.0	84a	4	333	False	False				False	198	iv65(2)/v		d	i		iv65(2)/v	iv		65	2	v	mm7	True	True	(-3, 1, -2, 2)	()	0	-3	minor	minor	i	i, minor	iv/v	v	v/i	v	True	iv65/v	iv65/v, minor		iv65(2)/v, minor	v	v	2	2	3	0	0	-1	False	True	False
1334.0	2.0	333.5	60	0	C	0.0	2.5	0	4	4	2.0	1.0	1/8	True	0	84.0	84.0	84.0	84a	4	667/2	False	False				False	198	iv65(2)/v		d	i		iv65(2)/v	iv		65	2	v	mm7	True	True	(-3, 1, -2, 2)	()	0	-3	minor	minor	i	i, minor	iv/v	v	v/i	v	True	iv65/v	iv65/v, minor		iv65(2)/v, minor	v	v	2	2	3	-2	-2	-3	True	False	False
1336.0	8.0	334.0	53	-1	F	0.0	3.0	3	4	4	3.0	1.0	1/2	False	0	84.0	84.0	84.0	84a	3	334	False	True				False	199	iv6/v		d	i		iv6/v	iv		6		v	m	True	True	(-3, 1, 0)	()	0	-3	minor	minor	i	i, minor	iv/v	v	v/i	v	True	iv6/v	iv6/v, minor		iv6/v, minor	v	v	2	2	3	-3	-3	-4	True	False	True
1336.0	2.0	334.0	62	2	D	0.0	3.0	3	4	4	2.0	1.0	1/8	True	0	84.0	84.0	84.0	84a	4	334	False	True				False	199	iv6/v		d	i		iv6/v	iv		6		v	m	True	True	(-3, 1, 0)	()	0	-3	minor	minor	i	i, minor	iv/v	v	v/i	v	True	iv6/v	iv6/v, minor		iv6/v, minor	v	v	2	2	3	0	0	-1	True	True	False
1336.0	8.0	334.0	69	3	A	0.0	3.0	3	4	4	1.0	1.0	1/2	True	0	84.0	84.0	84.0	84a	4	334	False	True				False	199	iv6/v		d	i		iv6/v	iv		6		v	m	True	True	(-3, 1, 0)	()	0	-3	minor	minor	i	i, minor	iv/v	v	v/i	v	True	iv6/v	iv6/v, minor		iv6/v, minor	v	v	2	2	3	1	1	0	True	False	False
1338.0	2.0	334.5	64	4	E	0.0	3.5	0	4	4	2.0	1.0	1/8	True	0	84.0	84.0	84.0	84a	4	669/2	False	False				False	199	iv6/v		d	i		iv6/v	iv		6		v	m	True	True	(-3, 1, 0)	()	0	-3	minor	minor	i	i, minor	iv/v	v	v/i	v	True	iv6/v	iv6/v, minor		iv6/v, minor	v	v	2	2	3	2	2	1	False	False	False
1340.0	2.0	335.0	65	-1	F	0.0	4.0	4	4	4	2.0	1.0	1/8	True	0	84.0	84.0	84.0	84a	4	335	False	False				False	199	iv6/v		d	i		iv6/v	iv		6		v	m	True	True	(-3, 1, 0)	()	0	-3	minor	minor	i	i, minor	iv/v	v	v/i	v	True	iv6/v	iv6/v, minor		iv6/v, minor	v	v	2	2	3	-3	-3	-4	True	False	True
1342.0	2.0	335.5	62	2	D	0.0	4.5	0	4	4	2.0	1.0	1/8	True	0	84.0	84.0	84.0	84a	4	671/2	False	False				False	199	iv6/v		d	i		iv6/v	iv		6		v	m	True	True	(-3, 1, 0)	()	0	-3	minor	minor	i	i, minor	iv/v	v	v/i	v	True	iv6/v	iv6/v, minor		iv6/v, minor	v	v	2	2	3	0	0	-1	True	True	False
1344.0	8.0	336.0	52	4	E	0.0	1.0	1	4	4	3.0	1.0	1/2	True	0	85.0	85.0	85.0	85a	3	336	False	True			\\	True	200	V/v\\		d	i		V/v	V				v	M	True	True	(2, 6, 3)	()	2	2	minor	minor	i	i, minor	V/v	v	v/i	v	True	V/v	V/v, minor		V/v, minor	v	v	2	2	3	2	2	1	True	True	True
1344.0	4.0	336.0	64	4	E	0.0	1.0	1	4	4	2.0	1.0	1/4	True	0	85.0	85.0	85.0	85a	4	336	False	True			\\	True	200	V/v\\		d	i		V/v	V				v	M	True	True	(2, 6, 3)	()	2	2	minor	minor	i	i, minor	V/v	v	v/i	v	True	V/v	V/v, minor		V/v, minor	v	v	2	2	3	2	2	1	True	True	True
1344.0	4.0	336.0	68	8	G	1.0	1.0	1	4	4	1.0	1.0	1/4	True	0	85.0	85.0	85.0	85a	4	336	False	True			\\	True	200	V/v\\		d	i		V/v	V				v	M	True	True	(2, 6, 3)	()	2	2	minor	minor	i	i, minor	V/v	v	v/i	v	True	V/v	V/v, minor		V/v, minor	v	v	2	2	3	6	6	5	True	False	False
1348.0	4.0	337.0	64	4	E	0.0	2.0	2	4	4	2.0	1.0	1/4	True	0	85.0	85.0	85.0	85a	4	337	False	False				False	200	V/v\\		d	i		V/v	V				v	M	True	True	(2, 6, 3)	()	2	2	minor	minor	i	i, minor	V/v	v	v/i	v	True	V/v	V/v, minor		V/v, minor	v	v	2	2	3	2	2	1	True	True	True
1348.0	4.0	337.0	71	5	B	0.0	2.0	2	4	4	1.0	1.0	1/4	True	0	85.0	85.0	85.0	85a	4	337	False	False				False	200	V/v\\		d	i		V/v	V				v	M	True	True	(2, 6, 3)	()	2	2	minor	minor	i	i, minor	V/v	v	v/i	v	True	V/v	V/v, minor		V/v, minor	v	v	2	2	3	3	3	2	True	False	False
1352.0	4.0	338.0	57	3	A	0.0	3.0	3	4	4	3.0	1.0	1/4	True	0	85.0	85.0	85.0	85a	3	338	False	True				False	201	V		d	i		V	V					M	True	True	(1, 5, 2)	()	1	1	minor	minor	i	i, minor	V		i	i	True	V	V, minor		V, minor		V	2	2	2	1	1	1	True	True	True
1352.0	4.0	338.0	73	7	C	1.0	3.0	3	4	4	1.0	1.0	1/4	True	0	85.0	85.0	85.0	85a	5	338	False	True				False	201	V		d	i		V	V					M	True	True	(1, 5, 2)	()	1	1	minor	minor	i	i, minor	V		i	i	True	V	V, minor		V, minor		V	2	2	2	5	5	5	True	False	False
1356.0	4.0	339.0	53	-1	F	0.0	4.0	4	4	4	3.0	1.0	1/4	True	0	85.0	85.0	85.0	85a	3	339	False	True				False	202	i6		d	i		i6	i		6			m	True	True	(-3, 1, 0)	()	0	-3	minor	minor	i	i, minor	i		i	i	True	i6	i6, minor		i6, minor		i	2	2	2	-3	-3	-3	True	False	True
1356.0	4.0	339.0	57	3	A	0.0	4.0	4	4	4	2.0	1.0	1/4	True	0	85.0	85.0	85.0	85a	3	339	False	True				False	202	i6		d	i		i6	i		6			m	True	True	(-3, 1, 0)	()	0	-3	minor	minor	i	i, minor	i		i	i	True	i6	i6, minor		i6, minor		i	2	2	2	1	1	1	True	False	False
1356.0	4.0	339.0	74	2	D	0.0	4.0	4	4	4	1.0	1.0	1/4	True	0	85.0	85.0	85.0	85a	5	339	False	True				False	202	i6		d	i		i6	i		6			m	True	True	(-3, 1, 0)	()	0	-3	minor	minor	i	i, minor	i		i	i	True	i6	i6, minor		i6, minor		i	2	2	2	0	0	0	True	True	False
1360.0	8.0	340.0	52	4	E	0.0	1.0	1	4	4	3.0	1.0	1/2	True	0	86.0	86.0	86.0	86a	3	340	False	True				False	203	#viio6(2)		d	i		#viio6(2)	#vii	o	6	2		o	True	True	(2, -1, 0)	()	5	2	minor	minor	i	i, minor	#vii		i	i	True	#viio6	#viio6, minor		#viio6(2), minor		#vii	2	2	2	2	2	2	True	False	True
1360.0	8.0	340.0	55	1	G	0.0	1.0	1	4	4	2.0	1.0	1/2	True	0	86.0	86.0	86.0	86a	3	340	False	True				False	203	#viio6(2)		d	i		#viio6(2)	#vii	o	6	2		o	True	True	(2, -1, 0)	()	5	2	minor	minor	i	i, minor	#vii		i	i	True	#viio6	#viio6, minor		#viio6(2), minor		#vii	2	2	2	-1	-1	-1	True	False	False
1360.0	4.0	340.0	74	2	D	0.0	1.0	1	4	4	1.0	1.0	1/4	False	0	86.0	86.0	86.0	86a	5	340	False	True				False	203	#viio6(2)		d	i		#viio6(2)	#vii	o	6	2		o	True	True	(2, -1, 0)	()	5	2	minor	minor	i	i, minor	#vii		i	i	True	#viio6	#viio6, minor		#viio6(2), minor		#vii	2	2	2	0	0	0	True	False	False
1364.0	2.0	341.0	73	7	C	1.0	2.0	2	4	4	1.0	1.0	1/8	True	0	86.0	86.0	86.0	86a	5	341	False	True				False	204	#viio6		d	i		#viio6	#vii	o	6			o	True	True	(2, -1, 5)	()	5	2	minor	minor	i	i, minor	#vii		i	i	True	#viio6	#viio6, minor		#viio6, minor		#vii	2	2	2	5	5	5	True	True	False
1366.0	2.0	341.5	71	5	B	0.0	2.5	0	4	4	1.0	1.0	1/8	True	0	86.0	86.0	86.0	86a	4	683/2	False	False				False	204	#viio6		d	i		#viio6	#vii	o	6			o	True	True	(2, -1, 5)	()	5	2	minor	minor	i	i, minor	#vii		i	i	True	#viio6	#viio6, minor		#viio6, minor		#vii	2	2	2	3	3	3	False	False	False
1368.0	8.0	342.0	52	4	E	0.0	3.0	3	4	4	2.0	1.0	1/2	True	0	86.0	86.0	86.0	86a	3	342	False	False				False	204	#viio6		d	i		#viio6	#vii	o	6			o	True	True	(2, -1, 5)	()	5	2	minor	minor	i	i, minor	#vii		i	i	True	#viio6	#viio6, minor		#viio6, minor		#vii	2	2	2	2	2	2	True	False	True
1368.0	8.0	342.0	52	4	E	0.0	3.0	3	4	4	3.0	1.0	1/2	False	0	86.0	86.0	86.0	86a	3	342	False	False				False	204	#viio6		d	i		#viio6	#vii	o	6			o	True	True	(2, -1, 5)	()	5	2	minor	minor	i	i, minor	#vii		i	i	True	#viio6	#viio6, minor		#viio6, minor		#vii	2	2	2	2	2	2	True	False	True
1368.0	2.0	342.0	73	7	C	1.0	3.0	3	4	4	1.0	1.0	1/8	True	0	86.0	86.0	86.0	86a	5	342	False	False				False	204	#viio6		d	i		#viio6	#vii	o	6			o	True	True	(2, -1, 5)	()	5	2	minor	minor	i	i, minor	#vii		i	i	True	#viio6	#viio6, minor		#viio6, minor		#vii	2	2	2	5	5	5	True	True	False
1370.0	2.0	342.5	74	2	D	0.0	3.5	0	4	4	1.0	1.0	1/8	True	0	86.0	86.0	86.0	86a	5	685/2	False	False				False	204	#viio6		d	i		#viio6	#vii	o	6			o	True	True	(2, -1, 5)	()	5	2	minor	minor	i	i, minor	#vii		i	i	True	#viio6	#viio6, minor		#viio6, minor		#vii	2	2	2	0	0	0	False	False	False
1372.0	2.0	343.0	76	4	E	0.0	4.0	4	4	4	1.0	1.0	1/8	True	0	86.0	86.0	86.0	86a	5	343	False	False				False	204	#viio6		d	i		#viio6	#vii	o	6			o	True	True	(2, -1, 5)	()	5	2	minor	minor	i	i, minor	#vii		i	i	True	#viio6	#viio6, minor		#viio6, minor		#vii	2	2	2	2	2	2	True	False	True
1374.0	2.0	343.5	73	7	C	1.0	4.5	0	4	4	1.0	1.0	1/8	True	0	86.0	86.0	86.0	86a	5	687/2	False	False				False	204	#viio6		d	i		#viio6	#vii	o	6			o	True	True	(2, -1, 5)	()	5	2	minor	minor	i	i, minor	#vii		i	i	True	#viio6	#viio6, minor		#viio6, minor		#vii	2	2	2	5	5	5	True	True	False
1376.0	4.0	344.0	50	2	D	0.0	1.0	1	4	4	2.0	1.0	1/4	True	0	87.0	87.0	87.0	87a	3	344	False	True			\\	True	205	i\\		d	i		i	i					m	True	True	(0, -3, 1)	()	0	0	minor	minor	i	i, minor	i		i	i	True	i	i, minor		i, minor		i	2	2	2	0	0	0	True	True	True
1376.0	8.0	344.0	50	2	D	0.0	1.0	1	4	4	3.0	1.0	1/2	True	0	87.0	87.0	87.0	87a	3	344	False	True			\\	True	205	i\\		d	i		i	i					m	True	True	(0, -3, 1)	()	0	0	minor	minor	i	i, minor	i		i	i	True	i	i, minor		i, minor		i	2	2	2	0	0	0	True	True	True
1376.0	4.0	344.0	74	2	D	0.0	1.0	1	4	4	1.0	1.0	1/4	True	0	87.0	87.0	87.0	87a	5	344	False	True			\\	True	205	i\\		d	i		i	i					m	True	True	(0, -3, 1)	()	0	0	minor	minor	i	i, minor	i		i	i	True	i	i, minor		i, minor		i	2	2	2	0	0	0	True	True	True
1380.0	4.0	345.0	53	-1	F	0.0	2.0	2	4	4	2.0	1.0	1/4	True	0	87.0	87.0	87.0	87a	3	345	False	False				False	205	i\\		d	i		i	i					m	True	True	(0, -3, 1)	()	0	0	minor	minor	i	i, minor	i		i	i	True	i	i, minor		i, minor		i	2	2	2	-3	-3	-3	True	False	False
1380.0	4.0	345.0	74	2	D	0.0	2.0	2	4	4	1.0	1.0	1/4	True	0	87.0	87.0	87.0	87a	5	345	False	False				False	205	i\\		d	i		i	i					m	True	True	(0, -3, 1)	()	0	0	minor	minor	i	i, minor	i		i	i	True	i	i, minor		i, minor		i	2	2	2	0	0	0	True	True	True
1384.0	4.0	346.0	48	0	C	0.0	3.0	3	4	4	3.0	1.0	1/4	True	0	87.0	87.0	87.0	87a	3	346	False	True				False	206	VII		d	i		VII	VII					M	True	True	(-2, 2, -1)	()	-2	-2	minor	minor	i	i, minor	VII		i	i	True	VII	VII, minor		VII, minor		VII	2	2	2	-2	-2	-2	True	True	True
1384.0	4.0	346.0	55	1	G	0.0	3.0	3	4	4	2.0	1.0	1/4	True	0	87.0	87.0	87.0	87a	3	346	False	True				False	206	VII		d	i		VII	VII					M	True	True	(-2, 2, -1)	()	-2	-2	minor	minor	i	i, minor	VII		i	i	True	VII	VII, minor		VII, minor		VII	2	2	2	-1	-1	-1	True	False	False
1388.0	2.0	347.0	41	-1	F	0.0	4.0	4	4	4	3.0	1.0	1/8	True	0	87.0	87.0	87.0	87a	2	347	False	True				False	207	III		d	i		III	III					M	True	True	(-3, 1, -2)	()	-3	-3	minor	minor	i	i, minor	III		i	i	True	III	III, minor		III, minor		III	2	2	2	-3	-3	-3	True	True	True
1388.0	4.0	347.0	57	3	A	0.0	4.0	4	4	4	2.0	1.0	1/4	True	0	87.0	87.0	87.0	87a	3	347	False	True				False	207	III		d	i		III	III					M	True	True	(-3, 1, -2)	()	-3	-3	minor	minor	i	i, minor	III		i	i	True	III	III, minor		III, minor		III	2	2	2	1	1	1	True	False	False
1390.0	2.0	347.5	43	1	G	0.0	4.5	0	4	4	3.0	1.0	1/8	True	0	87.0	87.0	87.0	87a	2	695/2	False	False				False	207	III		d	i		III	III					M	True	True	(-3, 1, -2)	()	-3	-3	minor	minor	i	i, minor	III		i	i	True	III	III, minor		III, minor		III	2	2	2	-1	-1	-1	False	False	False
1392.0	2.0	348.0	45	3	A	0.0	1.0	1	4	4	3.0	1.0	1/8	True	0	88.0	88.0	88.0	88a	2	348	False	True				False	208	v		d	i		v	v					m	True	True	(1, -2, 2)	()	1	1	minor	minor	i	i, minor	v		i	i	True	v	v, minor		v, minor		v	2	2	2	1	1	1	True	True	True
1392.0	4.0	348.0	57	3	A	0.0	1.0	1	4	4	2.0	1.0	1/4	False	0	88.0	88.0	88.0	88a	3	348	False	True				False	208	v		d	i		v	v					m	True	True	(1, -2, 2)	()	1	1	minor	minor	i	i, minor	v		i	i	True	v	v, minor		v, minor		v	2	2	2	1	1	1	True	True	True
1394.0	2.0	348.5	47	5	B	0.0	1.5	0	4	4	3.0	1.0	1/8	True	0	88.0	88.0	88.0	88a	2	697/2	False	False				False	208	v		d	i		v	v					m	True	True	(1, -2, 2)	()	1	1	minor	minor	i	i, minor	v		i	i	True	v	v, minor		v, minor		v	2	2	2	3	3	3	False	False	False
1396.0	4.0	349.0	48	0	C	0.0	2.0	2	4	4	3.0	1.0	1/4	True	0	88.0	88.0	88.0	88a	3	349	False	True				False	209	VII		d	i		VII	VII					M	True	True	(-2, 2, -1)	()	-2	-2	minor	minor	i	i, minor	VII		i	i	True	VII	VII, minor		VII, minor		VII	2	2	2	-2	-2	-2	True	True	True
1396.0	2.0	349.0	55	1	G	0.0	2.0	2	4	4	2.0	1.0	1/8	True	0	88.0	88.0	88.0	88a	3	349	False	True				False	209	VII		d	i		VII	VII					M	True	True	(-2, 2, -1)	()	-2	-2	minor	minor	i	i, minor	VII		i	i	True	VII	VII, minor		VII, minor		VII	2	2	2	-1	-1	-1	True	False	False
1398.0	2.0	349.5	52	4	E	0.0	2.5	0	4	4	2.0	1.0	1/8	True	0	88.0	88.0	88.0	88a	3	699/2	False	False				False	209	VII		d	i		VII	VII					M	True	True	(-2, 2, -1)	()	-2	-2	minor	minor	i	i, minor	VII		i	i	True	VII	VII, minor		VII, minor		VII	2	2	2	2	2	2	True	False	False
1400.0	2.0	350.0	50	2	D	0.0	3.0	3	4	4	3.0	1.0	1/8	True	0	88.0	88.0	88.0	88a	3	350	False	True				False	210	i		d	i		i	i					m	True	True	(0, -3, 1)	()	0	0	minor	minor	i	i, minor	i		i	i	True	i	i, minor		i, minor		i	2	2	2	0	0	0	True	True	True
1400.0	2.0	350.0	53	-1	F	0.0	3.0	3	4	4	2.0	1.0	1/8	True	0	88.0	88.0	88.0	88a	3	350	False	True				False	210	i		d	i		i	i					m	True	True	(0, -3, 1)	()	0	0	minor	minor	i	i, minor	i		i	i	True	i	i, minor		i, minor		i	2	2	2	-3	-3	-3	True	False	False
1402.0	2.0	350.5	43	1	G	0.0	3.5	0	4	4	3.0	1.0	1/8	True	0	88.0	88.0	88.0	88a	2	701/2	False	True				False	211	IV		d	i		IV	IV					M	True	True	(-1, 3, 0)	()	-1	-1	minor	minor	i	i, minor	IV		i	i	True	IV	IV, minor		IV, minor		IV	2	2	2	-1	-1	-1	True	True	True
1402.0	2.0	350.5	55	1	G	0.0	3.5	0	4	4	2.0	1.0	1/8	True	0	88.0	88.0	88.0	88a	3	701/2	False	True				False	211	IV		d	i		IV	IV					M	True	True	(-1, 3, 0)	()	-1	-1	minor	minor	i	i, minor	IV		i	i	True	IV	IV, minor		IV, minor		IV	2	2	2	-1	-1	-1	True	True	True
1404.0	4.0	351.0	45	3	A	0.0	4.0	4	4	4	3.0	1.0	1/4	True	0	88.0	88.0	88.0	88a	2	351	False	True				False	212	V		d	i		V	V					M	True	True	(1, 5, 2)	()	1	1	minor	minor	i	i, minor	V		i	i	True	V	V, minor		V, minor		V	2	2	2	1	1	1	True	True	True
1404.0	3.0	351.0	52	4	E	0.0	4.0	4	4	4	2.0	1.0	3/16	True	0	88.0	88.0	88.0	88a	3	351	False	True				False	212	V		d	i		V	V					M	True	True	(1, 5, 2)	()	1	1	minor	minor	i	i, minor	V		i	i	True	V	V, minor		V, minor		V	2	2	2	2	2	2	True	False	False
1407.0	1.0	351.75	50	2	D	0.0	4.75	0	4	4	2.0	1.0	1/16	True	0	88.0	88.0	88.0	88a	3	1407/4	False	False				False	212	V		d	i		V	V					M	True	True	(1, 5, 2)	()	1	1	minor	minor	i	i, minor	V		i	i	True	V	V, minor		V, minor		V	2	2	2	0	0	0	False	False	False
1408.0	4.0	352.0	50	2	D	0.0	1.0	1	4	4	2.0	1.0	1/4	True	0	89.0	89.0	89.0	89a	3	352	False	True			\\	True	213	i\\		d	i		i	i					m	True	True	(0, -3, 1)	()	0	0	minor	minor	i	i, minor	i		i	i	True	i	i, minor		i, minor		i	2	2	2	0	0	0	True	True	True
1408.0	8.0	352.0	50	2	D	0.0	1.0	1	4	4	3.0	1.0	1/2	True	0	89.0	89.0	89.0	89a	3	352	False	True			\\	True	213	i\\		d	i		i	i					m	True	True	(0, -3, 1)	()	0	0	minor	minor	i	i, minor	i		i	i	True	i	i, minor		i, minor		i	2	2	2	0	0	0	True	True	True
1412.0	4.0	353.0	50	2	D	0.0	2.0	2	4	4	2.0	1.0	1/4	True	0	89.0	89.0	89.0	89a	3	353	False	False				False	213	i\\		d	i		i	i					m	True	True	(0, -3, 1)	()	0	0	minor	minor	i	i, minor	i		i	i	True	i	i, minor		i, minor		i	2	2	2	0	0	0	True	True	True
1412.0	2.0	353.0	69	3	A	0.0	2.0	2	4	4	1.0	1.0	1/8	True	0	89.0	89.0	89.0	89a	4	353	False	False				False	213	i\\		d	i		i	i					m	True	True	(0, -3, 1)	()	0	0	minor	minor	i	i, minor	i		i	i	True	i	i, minor		i, minor		i	2	2	2	1	1	1	True	False	False
1414.0	2.0	353.5	67	1	G	0.0	2.5	0	4	4	1.0	1.0	1/8	True	0	89.0	89.0	89.0	89a	4	707/2	False	False				False	213	i\\		d	i		i	i					m	True	True	(0, -3, 1)	()	0	0	minor	minor	i	i, minor	i		i	i	True	i	i, minor		i, minor		i	2	2	2	-1	-1	-1	False	False	False
1416.0	4.0	354.0	50	2	D	0.0	3.0	3	4	4	3.0	1.0	1/4	True	0	89.0	89.0	89.0	89a	3	354	False	False				False	213	i\\		d	i		i	i					m	True	True	(0, -3, 1)	()	0	0	minor	minor	i	i, minor	i		i	i	True	i	i, minor		i, minor		i	2	2	2	0	0	0	True	True	True
1416.0	2.0	354.0	65	-1	F	0.0	3.0	3	4	4	1.0	1.0	1/8	True	0	89.0	89.0	89.0	89a	4	354	False	False				False	213	i\\		d	i		i	i					m	True	True	(0, -3, 1)	()	0	0	minor	minor	i	i, minor	i		i	i	True	i	i, minor		i, minor		i	2	2	2	-3	-3	-3	True	False	False
1418.0	2.0	354.5	62	2	D	0.0	3.5	0	4	4	1.0	1.0	1/8	True	0	89.0	89.0	89.0	89a	4	709/2	False	False				False	213	i\\		d	i		i	i					m	True	True	(0, -3, 1)	()	0	0	minor	minor	i	i, minor	i		i	i	True	i	i, minor		i, minor		i	2	2	2	0	0	0	True	True	True
1420.0	4.0	355.0	43	1	G	0.0	4.0	4	4	4	3.0	1.0	1/4	True	0	89.0	89.0	89.0	89a	2	355	False	True				False	214	IV		d	i		IV	IV					M	True	True	(-1, 3, 0)	()	-1	-1	minor	minor	i	i, minor	IV		i	i	True	IV	IV, minor		IV, minor		IV	2	2	2	-1	-1	-1	True	True	True
1420.0	2.0	355.0	67	1	G	0.0	4.0	4	4	4	1.0	1.0	1/8	True	0	89.0	89.0	89.0	89a	4	355	False	True				False	214	IV		d	i		IV	IV					M	True	True	(-1, 3, 0)	()	-1	-1	minor	minor	i	i, minor	IV		i	i	True	IV	IV, minor		IV, minor		IV	2	2	2	-1	-1	-1	True	True	True
1422.0	2.0	355.5	65	-1	F	0.0	4.5	0	4	4	1.0	1.0	1/8	True	0	89.0	89.0	89.0	89a	4	711/2	False	False				False	214	IV		d	i		IV	IV					M	True	True	(-1, 3, 0)	()	-1	-1	minor	minor	i	i, minor	IV		i	i	True	IV	IV, minor		IV, minor		IV	2	2	2	-3	-3	-3	False	False	False
1424.0	8.0	356.0	45	3	A	0.0	1.0	1	4	4	3.0	1.0	1/2	True	0	90.0	90.0	90.0	90a	2	356	False	True				False	215	V		d	i		V	V					M	True	True	(1, 5, 2)	()	1	1	minor	minor	i	i, minor	V		i	i	True	V	V, minor		V, minor		V	2	2	2	1	1	1	True	True	True
1424.0	8.0	356.0	64	4	E	0.0	1.0	1	4	4	1.0	1.0	1/2	True	0	90.0	90.0	90.0	90a	4	356	False	True				False	215	V		d	i		V	V					M	True	True	(1, 5, 2)	()	1	1	minor	minor	i	i, minor	V		i	i	True	V	V, minor		V, minor		V	2	2	2	2	2	2	True	False	False
1428.0	2.0	357.0	57	3	A	0.0	2.0	2	4	4	2.0	1.0	1/8	True	0	90.0	90.0	90.0	90a	3	357	False	True				False	216	V7		d	i		V7	V		7			Mm7	True	True	(1, 5, 2, -1)	()	1	1	minor	minor	i	i, minor	V		i	i	True	V7	V7, minor		V7, minor		V	2	2	2	1	1	1	True	True	True
1430.0	2.0	357.5	55	1	G	0.0	2.5	0	4	4	2.0	1.0	1/8	True	0	90.0	90.0	90.0	90a	3	715/2	False	False				False	216	V7		d	i		V7	V		7			Mm7	True	True	(1, 5, 2, -1)	()	1	1	minor	minor	i	i, minor	V		i	i	True	V7	V7, minor		V7, minor		V	2	2	2	-1	-1	-1	True	False	False
1432.0	8.0	358.0	50	2	D	0.0	3.0	3	4	4	3.0	1.0	1/2	True	0	90.0	90.0	90.0	90a	3	358	False	True			\\	True	217	i\\		d	i		i	i					m	True	True	(0, -3, 1)	()	0	0	minor	minor	i	i, minor	i		i	i	True	i	i, minor		i, minor		i	2	2	2	0	0	0	True	True	True
1432.0	2.0	358.0	53	-1	F	0.0	3.0	3	4	4	2.0	1.0	1/8	True	0	90.0	90.0	90.0	90a	3	358	False	True			\\	True	217	i\\		d	i		i	i					m	True	True	(0, -3, 1)	()	0	0	minor	minor	i	i, minor	i		i	i	True	i	i, minor		i, minor		i	2	2	2	-3	-3	-3	True	False	False
1432.0	8.0	358.0	65	-1	F	0.0	3.0	3	4	4	1.0	1.0	1/2	True	0	90.0	90.0	90.0	90a	4	358	False	True			\\	True	217	i\\		d	i		i	i					m	True	True	(0, -3, 1)	()	0	0	minor	minor	i	i, minor	i		i	i	True	i	i, minor		i, minor		i	2	2	2	-3	-3	-3	True	False	False
1434.0	2.0	358.5	50	2	D	0.0	3.5	0	4	4	2.0	1.0	1/8	True	0	90.0	90.0	90.0	90a	3	717/2	False	False				False	217	i\\		d	i		i	i					m	True	True	(0, -3, 1)	()	0	0	minor	minor	i	i, minor	i		i	i	True	i	i, minor		i, minor		i	2	2	2	0	0	0	True	True	True
1436.0	2.0	359.0	62	2	D	0.0	4.0	4	4	4	2.0	1.0	1/8	True	0	90.0	90.0	90.0	90a	4	359	False	False				False	217	i\\		d	i		i	i					m	True	True	(0, -3, 1)	()	0	0	minor	minor	i	i, minor	i		i	i	True	i	i, minor		i, minor		i	2	2	2	0	0	0	True	True	True
1438.0	2.0	359.5	60	0	C	0.0	4.5	0	4	4	2.0	1.0	1/8	True	0	90.0	90.0	90.0	90a	4	719/2	False	False				False	217	i\\		d	i		i	i					m	True	True	(0, -3, 1)	()	0	0	minor	minor	i	i, minor	i		i	i	True	i	i, minor		i, minor		i	2	2	2	-2	-2	-2	False	False	False
1440.0	8.0	360.0	52	4	E	0.0	1.0	1	4	4	3.0	1.0	1/2	True	0	91.0	91.0	91.0	91a	3	360	False	True				False	218	ii		d	i		ii	ii					m	True	True	(2, -1, 3)	()	2	2	minor	minor	i	i, minor	ii		i	i	True	ii	ii, minor		ii, minor		ii	2	2	2	2	2	2	True	True	True
1440.0	8.0	360.0	59	5	B	0.0	1.0	1	4	4	2.0	1.0	1/2	True	0	91.0	91.0	91.0	91a	3	360	False	True				False	218	ii		d	i		ii	ii					m	True	True	(2, -1, 3)	()	2	2	minor	minor	i	i, minor	ii		i	i	True	ii	ii, minor		ii, minor		ii	2	2	2	3	3	3	True	False	False
1444.0	2.0	361.0	76	4	E	0.0	2.0	2	4	4	1.0	1.0	1/8	True	0	91.0	91.0	91.0	91a	5	361	False	False				False	218	ii		d	i		ii	ii					m	True	True	(2, -1, 3)	()	2	2	minor	minor	i	i, minor	ii		i	i	True	ii	ii, minor		ii, minor		ii	2	2	2	2	2	2	True	True	True
1446.0	2.0	361.5	74	2	D	0.0	2.5	0	4	4	1.0	1.0	1/8	True	0	91.0	91.0	91.0	91a	5	723/2	False	False				False	218	ii		d	i		ii	ii					m	True	True	(2, -1, 3)	()	2	2	minor	minor	i	i, minor	ii		i	i	True	ii	ii, minor		ii, minor		ii	2	2	2	0	0	0	False	False	False
1448.0	4.0	362.0	53	-1	F	0.0	3.0	3	4	4	3.0	1.0	1/4	True	0	91.0	91.0	91.0	91a	3	362	False	True				False	219	III		d	i		III	III					M	True	True	(-3, 1, -2)	()	-3	-3	minor	minor	i	i, minor	III		i	i	True	III	III, minor		III, minor		III	2	2	2	-3	-3	-3	True	True	True
1448.0	8.0	362.0	57	3	A	0.0	3.0	3	4	4	2.0	1.0	1/2	True	0	91.0	91.0	91.0	91a	3	362	False	True				False	219	III		d	i		III	III					M	True	True	(-3, 1, -2)	()	-3	-3	minor	minor	i	i, minor	III		i	i	True	III	III, minor		III, minor		III	2	2	2	1	1	1	True	False	False
1448.0	2.0	362.0	72	0	C	0.0	3.0	3	4	4	1.0	1.0	1/8	True	0	91.0	91.0	91.0	91a	5	362	False	True				False	219	III		d	i		III	III					M	True	True	(-3, 1, -2)	()	-3	-3	minor	minor	i	i, minor	III		i	i	True	III	III, minor		III, minor		III	2	2	2	-2	-2	-2	True	False	False
1450.0	2.0	362.5	69	3	A	0.0	3.5	0	4	4	1.0	1.0	1/8	True	0	91.0	91.0	91.0	91a	4	725/2	False	False				False	219	III		d	i		III	III					M	True	True	(-3, 1, -2)	()	-3	-3	minor	minor	i	i, minor	III		i	i	True	III	III, minor		III, minor		III	2	2	2	1	1	1	True	False	False
1452.0	4.0	363.0	50	2	D	0.0	4.0	4	4	4	3.0	1.0	1/4	True	0	91.0	91.0	91.0	91a	3	363	False	True				False	220	i		d	i		i	i					m	True	True	(0, -3, 1)	()	0	0	minor	minor	i	i, minor	i		i	i	True	i	i, minor		i, minor		i	2	2	2	0	0	0	True	True	True
1452.0	2.0	363.0	74	2	D	0.0	4.0	4	4	4	1.0	1.0	1/8	True	0	91.0	91.0	91.0	91a	5	363	False	True				False	220	i		d	i		i	i					m	True	True	(0, -3, 1)	()	0	0	minor	minor	i	i, minor	i		i	i	True	i	i, minor		i, minor		i	2	2	2	0	0	0	True	True	True
1454.0	2.0	363.5	72	0	C	0.0	4.5	0	4	4	1.0	1.0	1/8	True	0	91.0	91.0	91.0	91a	5	727/2	False	False				False	220	i		d	i		i	i					m	True	True	(0, -3, 1)	()	0	0	minor	minor	i	i, minor	i		i	i	True	i	i, minor		i, minor		i	2	2	2	-2	-2	-2	False	False	False
1456.0	8.0	364.0	52	4	E	0.0	1.0	1	4	4	3.0	1.0	1/2	True	0	92.0	92.0	92.0	92a	3	364	False	True				False	221	ii		d	i		ii	ii					m	True	True	(2, -1, 3)	()	2	2	minor	minor	i	i, minor	ii		i	i	True	ii	ii, minor		ii, minor		ii	2	2	2	2	2	2	True	True	True
1456.0	8.0	364.0	71	5	B	0.0	1.0	1	4	4	1.0	1.0	1/2	True	0	92.0	92.0	92.0	92a	4	364	False	True				False	221	ii		d	i		ii	ii					m	True	True	(2, -1, 3)	()	2	2	minor	minor	i	i, minor	ii		i	i	True	ii	ii, minor		ii, minor		ii	2	2	2	3	3	3	True	False	False
1460.0	2.0	365.0	64	4	E	0.0	2.0	2	4	4	2.0	1.0	1/8	True	0	92.0	92.0	92.0	92a	4	365	False	False				False	221	ii		d	i		ii	ii					m	True	True	(2, -1, 3)	()	2	2	minor	minor	i	i, minor	ii		i	i	True	ii	ii, minor		ii, minor		ii	2	2	2	2	2	2	True	True	True
1462.0	2.0	365.5	62	2	D	0.0	2.5	0	4	4	2.0	1.0	1/8	True	0	92.0	92.0	92.0	92a	4	731/2	False	False				False	221	ii		d	i		ii	ii					m	True	True	(2, -1, 3)	()	2	2	minor	minor	i	i, minor	ii		i	i	True	ii	ii, minor		ii, minor		ii	2	2	2	0	0	0	False	False	False
1464.0	8.0	366.0	53	-1	F	0.0	3.0	3	4	4	3.0	1.0	1/2	True	0	92.0	92.0	92.0	92a	3	366	False	True				False	222	IV/VII		d	i		IV/VII	IV				VII	M	True	True	(-3, 1, -2)	()	-3	-3	minor	minor	i	i, minor	IV/VII	VII	VII/i	VII	False	IV/VII	IV/VII, minor		IV/VII, minor	VII	VII	2	2	0	-3	-3	-1	True	True	True
1464.0	2.0	366.0	60	0	C	0.0	3.0	3	4	4	2.0	1.0	1/8	True	0	92.0	92.0	92.0	92a	4	366	False	True				False	222	IV/VII		d	i		IV/VII	IV				VII	M	True	True	(-3, 1, -2)	()	-3	-3	minor	minor	i	i, minor	IV/VII	VII	VII/i	VII	False	IV/VII	IV/VII, minor		IV/VII, minor	VII	VII	2	2	0	-2	-2	0	True	False	False
1464.0	8.0	366.0	69	3	A	0.0	3.0	3	4	4	1.0	1.0	1/2	True	0	92.0	92.0	92.0	92a	4	366	False	True				False	222	IV/VII		d	i		IV/VII	IV				VII	M	True	True	(-3, 1, -2)	()	-3	-3	minor	minor	i	i, minor	IV/VII	VII	VII/i	VII	False	IV/VII	IV/VII, minor		IV/VII, minor	VII	VII	2	2	0	1	1	3	True	False	False
1466.0	2.0	366.5	57	3	A	0.0	3.5	0	4	4	2.0	1.0	1/8	True	0	92.0	92.0	92.0	92a	3	733/2	False	False				False	222	IV/VII		d	i		IV/VII	IV				VII	M	True	True	(-3, 1, -2)	()	-3	-3	minor	minor	i	i, minor	IV/VII	VII	VII/i	VII	False	IV/VII	IV/VII, minor		IV/VII, minor	VII	VII	2	2	0	1	1	3	True	False	False
1468.0	2.0	367.0	65	-1	F	0.0	4.0	4	4	4	2.0	1.0	1/8	True	0	92.0	92.0	92.0	92a	4	367	False	False				False	222	IV/VII		d	i		IV/VII	IV				VII	M	True	True	(-3, 1, -2)	()	-3	-3	minor	minor	i	i, minor	IV/VII	VII	VII/i	VII	False	IV/VII	IV/VII, minor		IV/VII, minor	VII	VII	2	2	0	-3	-3	-1	True	True	True
1470.0	2.0	367.5	64	4	E	0.0	4.5	0	4	4	2.0	1.0	1/8	True	0	92.0	92.0	92.0	92a	4	735/2	False	False				False	222	IV/VII		d	i		IV/VII	IV				VII	M	True	True	(-3, 1, -2)	()	-3	-3	minor	minor	i	i, minor	IV/VII	VII	VII/i	VII	False	IV/VII	IV/VII, minor		IV/VII, minor	VII	VII	2	2	0	2	2	4	False	False	False
1472.0	8.0	368.0	55	1	G	0.0	1.0	1	4	4	3.0	1.0	1/2	True	0	93.0	93.0	93.0	93a	3	368	False	True				False	223	V/VII		d	i		V/VII	V				VII	M	True	True	(-1, 3, 0)	()	-1	-1	minor	minor	i	i, minor	V/VII	VII	VII/i	VII	False	V/VII	V/VII, minor		V/VII, minor	VII	VII	2	2	0	-1	-1	1	True	True	True
1472.0	8.0	368.0	62	2	D	0.0	1.0	1	4	4	2.0	1.0	1/2	True	0	93.0	93.0	93.0	93a	4	368	False	True				False	223	V/VII		d	i		V/VII	V				VII	M	True	True	(-1, 3, 0)	()	-1	-1	minor	minor	i	i, minor	V/VII	VII	VII/i	VII	False	V/VII	V/VII, minor		V/VII, minor	VII	VII	2	2	0	0	0	2	True	False	False
1476.0	2.0	369.0	67	1	G	0.0	2.0	2	4	4	1.0	1.0	1/8	True	0	93.0	93.0	93.0	93a	4	369	False	True				False	224	V7/VII		d	i		V7/VII	V		7		VII	Mm7	True	True	(-1, 3, 0, -3)	()	-1	-1	minor	minor	i	i, minor	V/VII	VII	VII/i	VII	False	V7/VII	V7/VII, minor		V7/VII, minor	VII	VII	2	2	0	-1	-1	1	True	True	True
1478.0	2.0	369.5	65	-1	F	0.0	2.5	0	4	4	1.0	1.0	1/8	True	0	93.0	93.0	93.0	93a	4	739/2	False	False				False	224	V7/VII		d	i		V7/VII	V		7		VII	Mm7	True	True	(-1, 3, 0, -3)	()	-1	-1	minor	minor	i	i, minor	V/VII	VII	VII/i	VII	False	V7/VII	V7/VII, minor		V7/VII, minor	VII	VII	2	2	0	-3	-3	-1	True	False	False
1480.0	8.0	370.0	48	0	C	0.0	3.0	3	4	4	3.0	1.0	1/2	True	0	93.0	93.0	93.0	93a	3	370	False	True				False	225	VII		d	i		VII	VII					M	True	True	(-2, 2, -1)	()	-2	-2	minor	minor	i	i, minor	VII		i	i	True	VII	VII, minor		VII, minor		VII	2	2	2	-2	-2	-2	True	True	True
1480.0	8.0	370.0	60	0	C	0.0	3.0	3	4	4	2.0	1.0	1/2	True	0	93.0	93.0	93.0	93a	4	370	False	True				False	225	VII		d	i		VII	VII					M	True	True	(-2, 2, -1)	()	-2	-2	minor	minor	i	i, minor	VII		i	i	True	VII	VII, minor		VII, minor		VII	2	2	2	-2	-2	-2	True	True	True
1480.0	2.0	370.0	64	4	E	0.0	3.0	3	4	4	1.0	1.0	1/8	True	0	93.0	93.0	93.0	93a	4	370	False	True				False	225	VII		d	i		VII	VII					M	True	True	(-2, 2, -1)	()	-2	-2	minor	minor	i	i, minor	VII		i	i	True	VII	VII, minor		VII, minor		VII	2	2	2	2	2	2	True	False	False
1482.0	2.0	370.5	60	0	C	0.0	3.5	0	4	4	1.0	1.0	1/8	True	0	93.0	93.0	93.0	93a	4	741/2	False	False				False	225	VII		d	i		VII	VII					M	True	True	(-2, 2, -1)	()	-2	-2	minor	minor	i	i, minor	VII		i	i	True	VII	VII, minor		VII, minor		VII	2	2	2	-2	-2	-2	True	True	True
1484.0	2.0	371.0	72	0	C	0.0	4.0	4	4	4	1.0	1.0	1/8	True	0	93.0	93.0	93.0	93a	5	371	False	False				False	225	VII		d	i		VII	VII					M	True	True	(-2, 2, -1)	()	-2	-2	minor	minor	i	i, minor	VII		i	i	True	VII	VII, minor		VII, minor		VII	2	2	2	-2	-2	-2	True	True	True
1486.0	2.0	371.5	71	5	B	0.0	4.5	0	4	4	1.0	1.0	1/8	True	0	93.0	93.0	93.0	93a	4	743/2	False	False				False	225	VII		d	i		VII	VII					M	True	True	(-2, 2, -1)	()	-2	-2	minor	minor	i	i, minor	VII		i	i	True	VII	VII, minor		VII, minor		VII	2	2	2	3	3	3	False	False	False
1488.0	8.0	372.0	50	2	D	0.0	1.0	1	4	4	3.0	1.0	1/2	True	0	94.0	94.0	94.0	94a	3	372	False	True				False	226	i		d	i		i	i					m	True	True	(0, -3, 1)	()	0	0	minor	minor	i	i, minor	i		i	i	True	i	i, minor		i, minor		i	2	2	2	0	0	0	True	True	True
1488.0	2.0	372.0	69	3	A	0.0	1.0	1	4	4	1.0	1.0	1/8	True	0	94.0	94.0	94.0	94a	4	372	False	True				False	226	i		d	i		i	i					m	True	True	(0, -3, 1)	()	0	0	minor	minor	i	i, minor	i		i	i	True	i	i, minor		i, minor		i	2	2	2	1	1	1	True	False	False
1490.0	2.0	372.5	69	3	A	0.0	1.5	0	4	4	1.0	1.0	1/8	True	0	94.0	94.0	94.0	94a	4	745/2	False	False				False	226	i		d	i		i	i					m	True	True	(0, -3, 1)	()	0	0	minor	minor	i	i, minor	i		i	i	True	i	i, minor		i, minor		i	2	2	2	1	1	1	True	False	False
1492.0	2.0	373.0	65	-1	F	0.0	2.0	2	4	4	2.0	1.0	1/8	True	0	94.0	94.0	94.0	94a	4	373	False	False				False	226	i		d	i		i	i					m	True	True	(0, -3, 1)	()	0	0	minor	minor	i	i, minor	i		i	i	True	i	i, minor		i, minor		i	2	2	2	-3	-3	-3	True	False	False
1492.0	2.0	373.0	74	2	D	0.0	2.0	2	4	4	1.0	1.0	1/8	True	0	94.0	94.0	94.0	94a	5	373	False	False				False	226	i		d	i		i	i					m	True	True	(0, -3, 1)	()	0	0	minor	minor	i	i, minor	i		i	i	True	i	i, minor		i, minor		i	2	2	2	0	0	0	True	True	True
1494.0	2.0	373.5	64	4	E	0.0	2.5	0	4	4	2.0	1.0	1/8	True	0	94.0	94.0	94.0	94a	4	747/2	False	False				False	226	i		d	i		i	i					m	True	True	(0, -3, 1)	()	0	0	minor	minor	i	i, minor	i		i	i	True	i	i, minor		i, minor		i	2	2	2	2	2	2	False	False	False
1494.0	2.0	373.5	72	0	C	0.0	2.5	0	4	4	1.0	1.0	1/8	True	0	94.0	94.0	94.0	94a	5	747/2	False	False				False	226	i		d	i		i	i					m	True	True	(0, -3, 1)	()	0	0	minor	minor	i	i, minor	i		i	i	True	i	i, minor		i, minor		i	2	2	2	-2	-2	-2	False	False	False
1496.0	8.0	374.0	55	1	G	0.0	3.0	3	4	4	3.0	1.0	1/2	True	0	94.0	94.0	94.0	94a	3	374	False	True				False	227	IV		d	i		IV	IV					M	True	True	(-1, 3, 0)	()	-1	-1	minor	minor	i	i, minor	IV		i	i	True	IV	IV, minor		IV, minor		IV	2	2	2	-1	-1	-1	True	True	True
1496.0	2.0	374.0	62	2	D	0.0	3.0	3	4	4	2.0	1.0	1/8	True	0	94.0	94.0	94.0	94a	4	374	False	True				False	227	IV		d	i		IV	IV					M	True	True	(-1, 3, 0)	()	-1	-1	minor	minor	i	i, minor	IV		i	i	True	IV	IV, minor		IV, minor		IV	2	2	2	0	0	0	True	False	False
1496.0	2.0	374.0	71	5	B	0.0	3.0	3	4	4	1.0	1.0	1/8	True	0	94.0	94.0	94.0	94a	4	374	False	True				False	227	IV		d	i		IV	IV					M	True	True	(-1, 3, 0)	()	-1	-1	minor	minor	i	i, minor	IV		i	i	True	IV	IV, minor		IV, minor		IV	2	2	2	3	3	3	True	False	False
1498.0	2.0	374.5	62	2	D	0.0	3.5	0	4	4	2.0	1.0	1/8	True	0	94.0	94.0	94.0	94a	4	749/2	False	False				False	227	IV		d	i		IV	IV					M	True	True	(-1, 3, 0)	()	-1	-1	minor	minor	i	i, minor	IV		i	i	True	IV	IV, minor		IV, minor		IV	2	2	2	0	0	0	True	False	False
1498.0	2.0	374.5	71	5	B	0.0	3.5	0	4	4	1.0	1.0	1/8	True	0	94.0	94.0	94.0	94a	4	749/2	False	False				False	227	IV		d	i		IV	IV					M	True	True	(-1, 3, 0)	()	-1	-1	minor	minor	i	i, minor	IV		i	i	True	IV	IV, minor		IV, minor		IV	2	2	2	3	3	3	True	False	False
1500.0	2.0	375.0	67	1	G	0.0	4.0	4	4	4	2.0	1.0	1/8	True	0	94.0	94.0	94.0	94a	4	375	False	True				False	228	ii6		d	i		ii6	ii		6			m	True	True	(-1, 3, 2)	()	2	-1	minor	minor	i	i, minor	ii		i	i	True	ii6	ii6, minor		ii6, minor		ii	2	2	2	-1	-1	-1	True	False	True
1500.0	2.0	375.0	76	4	E	0.0	4.0	4	4	4	1.0	1.0	1/8	True	0	94.0	94.0	94.0	94a	5	375	False	True				False	228	ii6		d	i		ii6	ii		6			m	True	True	(-1, 3, 2)	()	2	-1	minor	minor	i	i, minor	ii		i	i	True	ii6	ii6, minor		ii6, minor		ii	2	2	2	2	2	2	True	True	False
1502.0	2.0	375.5	65	-1	F	0.0	4.5	0	4	4	2.0	1.0	1/8	True	0	94.0	94.0	94.0	94a	4	751/2	False	True				False	229	IV7		d	i		IV7	IV		7			Mm7	True	True	(-1, 3, 0, -3)	()	-1	-1	minor	minor	i	i, minor	IV		i	i	True	IV7	IV7, minor		IV7, minor		IV	2	2	2	-3	-3	-3	True	False	False
1502.0	2.0	375.5	74	2	D	0.0	4.5	0	4	4	1.0	1.0	1/8	True	0	94.0	94.0	94.0	94a	5	751/2	False	True				False	229	IV7		d	i		IV7	IV		7			Mm7	True	True	(-1, 3, 0, -3)	()	-1	-1	minor	minor	i	i, minor	IV		i	i	True	IV7	IV7, minor		IV7, minor		IV	2	2	2	0	0	0	True	False	False
1504.0	4.0	376.0	57	3	A	0.0	1.0	1	4	4	3.0	1.0	1/4	True	0	95.0	95.0	95.0	95a	3	376	False	True				False	230	V		d	i		V	V					M	True	True	(1, 5, 2)	()	1	1	minor	minor	i	i, minor	V		i	i	True	V	V, minor		V, minor		V	2	2	2	1	1	1	True	True	True
1504.0	16.0	376.0	64	4	E	0.0	1.0	1	4	4	2.0	1.0	1	True	0	95.0	95.0	95.0	95a	4	376	False	True				False	230	V		d	i		V	V					M	True	True	(1, 5, 2)	()	1	1	minor	minor	i	i, minor	V		i	i	True	V	V, minor		V, minor		V	2	2	2	2	2	2	True	False	False
1504.0	4.0	376.0	73	7	C	1.0	1.0	1	4	4	1.0	1.0	1/4	True	0	95.0	95.0	95.0	95a	5	376	False	True				False	230	V		d	i		V	V					M	True	True	(1, 5, 2)	()	1	1	minor	minor	i	i, minor	V		i	i	True	V	V, minor		V, minor		V	2	2	2	5	5	5	True	False	False
1508.0	8.0	377.0	57	3	A	0.0	2.0	2	4	4	3.0	1.0	1/2	False	0	95.0	95.0	95.0	95a	3	377	False	True				False	231	V(64)		d	i		V(64)	V			64		M	True	True	(1, 0, -3)	()	1	1	minor	minor	i	i, minor	V		i	i	True	V	V, minor		V(64), minor		V	2	2	2	1	1	1	True	True	True
1508.0	8.0	377.0	74	2	D	0.0	2.0	2	4	4	1.0	1.0	1/2	True	0	95.0	95.0	95.0	95a	5	377	False	True				False	231	V(64)		d	i		V(64)	V			64		M	True	True	(1, 0, -3)	()	1	1	minor	minor	i	i, minor	V		i	i	True	V	V, minor		V(64), minor		V	2	2	2	0	0	0	True	False	False
1516.0	4.0	379.0	57	3	A	0.0	4.0	4	4	4	3.0	1.0	1/4	False	0	95.0	95.0	95.0	95a	3	379	False	True				False	233	V		d	i		V	V					M	True	True	(1, 5, 2)	()	1	1	minor	minor	i	i, minor	V		i	i	True	V	V, minor		V, minor		V	2	2	2	1	1	1	True	True	True
1516.0	4.0	379.0	73	7	C	1.0	4.0	4	4	4	1.0	1.0	1/4	True	0	95.0	95.0	95.0	95a	5	379	False	True				False	233	V		d	i		V	V					M	True	True	(1, 5, 2)	()	1	1	minor	minor	i	i, minor	V		i	i	True	V	V, minor		V, minor		V	2	2	2	5	5	5	True	False	False
1520.0	8.0	380.0	50	2	D	0.0	1.0	1	4	4	3.0	1.0	1/2	True	0	96.0	96.0	96.0	96a	3	380	False	True			\\	True	234	i\\		d	i		i	i					m	True	True	(0, -3, 1)	()	0	0	minor	minor	i	i, minor	i		i	i	True	i	i, minor		i, minor		i	2	2	2	0	0	0	True	True	True
1520.0	16.0	380.0	62	2	D	0.0	1.0	1	4	4	2.0	1.0	1	True	0	96.0	96.0	96.0	96a	4	380	False	True			\\	True	234	i\\		d	i		i	i					m	True	True	(0, -3, 1)	()	0	0	minor	minor	i	i, minor	i		i	i	True	i	i, minor		i, minor		i	2	2	2	0	0	0	True	True	True
1520.0	4.0	380.0	74	2	D	0.0	1.0	1	4	4	1.0	1.0	1/4	True	0	96.0	96.0	96.0	96a	5	380	False	True			\\	True	234	i\\		d	i		i	i					m	True	True	(0, -3, 1)	()	0	0	minor	minor	i	i, minor	i		i	i	True	i	i, minor		i, minor		i	2	2	2	0	0	0	True	True	True
1524.0	8.0	381.0	74	2	D	0.0	2.0	2	4	4	1.0	1.0	1/2	True	0	96.0	96.0	96.0	96a	5	381	False	False				False	234	i\\		d	i		i	i					m	True	True	(0, -3, 1)	()	0	0	minor	minor	i	i, minor	i		i	i	True	i	i, minor		i, minor		i	2	2	2	0	0	0	True	True	True
1528.0	4.0	382.0	46	-2	B	-1.0	3.0	3	4	4	3.0	1.0	1/4	True	0	96.0	96.0	96.0	96a	2	382	False	True				False	235	VI		d	i		VI	VI					M	True	True	(-4, 0, -3)	()	-4	-4	minor	minor	i	i, minor	VI		i	i	True	VI	VI, minor		VI, minor		VI	2	2	2	-4	-4	-4	True	True	True
1532.0	4.0	383.0	45	3	A	0.0	4.0	4	4	4	3.0	1.0	1/4	True	0	96.0	96.0	96.0	96a	2	383	False	True				False	236	i43		d	i		i43	i		43			mm7	True	True	(1, -2, 0, -3)	()	0	1	minor	minor	i	i, minor	i		i	i	True	i43	i43, minor		i43, minor		i	2	2	2	1	1	1	True	False	True
1532.0	4.0	383.0	72	0	C	0.0	4.0	4	4	4	1.0	1.0	1/4	True	0	96.0	96.0	96.0	96a	5	383	False	True				False	236	i43		d	i		i43	i		43			mm7	True	True	(1, -2, 0, -3)	()	0	1	minor	minor	i	i, minor	i		i	i	True	i43	i43, minor		i43, minor		i	2	2	2	-2	-2	-2	True	False	False
1536.0	16.0	384.0	43	1	G	0.0	1.0	1	4	4	3.0	1.0	1	True	0	97.0	97.0	97.0	97a	2	384	False	True				False	237	iv		d	i		iv	iv					m	True	True	(-1, -4, 0)	()	-1	-1	minor	minor	i	i, minor	iv		i	i	True	iv	iv, minor		iv, minor		iv	2	2	2	-1	-1	-1	True	True	True
1536.0	12.0	384.0	70	-2	B	-1.0	1.0	1	4	4	1.0	1.0	3/4	True	0	97.0	97.0	97.0	97a	4	384	False	True				False	237	iv		d	i		iv	iv					m	True	True	(-1, -4, 0)	()	-1	-1	minor	minor	i	i, minor	iv		i	i	True	iv	iv, minor		iv, minor		iv	2	2	2	-4	-4	-4	True	False	False
1540.0	8.0	385.0	62	2	D	0.0	2.0	2	4	4	2.0	1.0	1/2	True	0	97.0	97.0	97.0	97a	4	385	False	False				False	237	iv		d	i		iv	iv					m	True	True	(-1, -4, 0)	()	-1	-1	minor	minor	i	i, minor	iv		i	i	True	iv	iv, minor		iv, minor		iv	2	2	2	0	0	0	True	False	False
1548.0	4.0	387.0	60	0	C	0.0	4.0	4	4	4	2.0	1.0	1/4	True	0	97.0	97.0	97.0	97a	4	387	False	True				False	238	v2		d	i		v2	v		2			mm7	True	True	(-1, 1, -2, 2)	()	1	-1	minor	minor	i	i, minor	v		i	i	True	v2	v2, minor		v2, minor		v	2	2	2	-2	-2	-2	True	False	False
1548.0	4.0	387.0	69	3	A	0.0	4.0	4	4	4	1.0	1.0	1/4	True	0	97.0	97.0	97.0	97a	4	387	False	True				False	238	v2		d	i		v2	v		2			mm7	True	True	(-1, 1, -2, 2)	()	1	-1	minor	minor	i	i, minor	v		i	i	True	v2	v2, minor		v2, minor		v	2	2	2	1	1	1	True	True	False
1552.0	16.0	388.0	43	1	G	0.0	1.0	1	4	4	3.0	1.0	1	True	0	98.0	98.0	98.0	98a	2	388	False	True				False	239	iv		d	i		iv	iv					m	True	True	(-1, -4, 0)	()	-1	-1	minor	minor	i	i, minor	iv		i	i	True	iv	iv, minor		iv, minor		iv	2	2	2	-1	-1	-1	True	True	True
1552.0	16.0	388.0	58	-2	B	-1.0	1.0	1	4	4	2.0	1.0	1	True	0	98.0	98.0	98.0	98a	3	388	False	True				False	239	iv		d	i		iv	iv					m	True	True	(-1, -4, 0)	()	-1	-1	minor	minor	i	i, minor	iv		i	i	True	iv	iv, minor		iv, minor		iv	2	2	2	-4	-4	-4	True	False	False
1552.0	16.0	388.0	67	1	G	0.0	1.0	1	4	4	1.0	1.0	1	True	0	98.0	98.0	98.0	98a	4	388	False	True				False	239	iv		d	i		iv	iv					m	True	True	(-1, -4, 0)	()	-1	-1	minor	minor	i	i, minor	iv		i	i	True	iv	iv, minor		iv, minor		iv	2	2	2	-1	-1	-1	True	True	True
1568.0	16.0	392.0	50	2	D	0.0	1.0	1	4	4	3.0	1.0	1	True	0	99.0	99.0	99.0	99a	3	392	False	True			\\	True	240	I\\		d	i		I	I					M	True	True	(0, 4, 1)	()	0	0	minor	minor	i	i, minor	I		i	i	True	I	I, minor		I, minor		I	2	2	2	0	0	0	True	True	True
1568.0	16.0	392.0	57	3	A	0.0	1.0	1	4	4	2.0	1.0	1	True	0	99.0	99.0	99.0	99a	3	392	False	True			\\	True	240	I\\		d	i		I	I					M	True	True	(0, 4, 1)	()	0	0	minor	minor	i	i, minor	I		i	i	True	I	I, minor		I, minor		I	2	2	2	1	1	1	True	False	False
1568.0	16.0	392.0	66	6	F	1.0	1.0	1	4	4	1.0	1.0	1	True	0	99.0	99.0	99.0	99a	4	392	False	True			\\	True	240	I\\		d	i		I	I					M	True	True	(0, 4, 1)	()	0	0	minor	minor	i	i, minor	I		i	i	True	I	I, minor		I, minor		I	2	2	2	4	4	4	True	False	False
																					126		True				False	67	V(4)		d	i		V(4)	V			4		M	True	True	(1, 0, 2)	()	1	1	minor	minor	i	i, minor	V		i	i	True	V	V, minor		V(4), minor		V	2	2	2						
																					214		True				False	114	V(4)/v		d	i		V(4)/v	V			4	v	M	True	True	(2, 1, 3)	()	2	2	minor	minor	i	i, minor	V/v	v	v/i	v	True	V/v	V/v, minor		V(4)/v, minor	v	v	2	2	3						
																					246		True				False	140	V(4)		d	i		V(4)	V			4		M	True	True	(1, 0, 2)	()	1	1	minor	minor	i	i, minor	V		i	i	True	V	V, minor		V(4), minor		V	2	2	2						
																					378		True				False	232	V(4)		d	i		V(4)	V			4		M	True	True	(1, 0, 2)	()	1	1	minor	minor	i	i, minor	V		i	i	True	V	V, minor		V(4), minor		V	2	2	2						
