onset_div	duration_div	pitch	tpc	step	alter	ts_beats	ts_beat_type	staff	voice	is_note_onset	beat	ks_fifths	mc	mn	mc_playthrough	mn_playthrough	quarterbeats_playthrough	duration	section_start	octave	is_harmony_onset	cadence	cadence_type	phraseend	is_phrase_ending	unfolded_harmony_index	label	alt_label	globalkey	localkey	pedal	chord	numeral	form	figbass	changes	relativeroot	chord_type	globalkey_is_minor	localkey_is_minor	chord_tones	added_tones	root	bass_note	globalkey_mode	localkey_mode	localkey_resolved	localkey_and_mode	root_roman	relativeroot_resolved	effective_localkey	effective_localkey_resolved	effective_localkey_is_minor	chord_reduced	chord_reduced_and_mode	pedal_resolved	chord_and_mode	applied_to_numeral	numeral_or_applied_to_numeral	globalkey_tpc	localkey_tpc	tonicized_tpc	sic_with_global	sic_with_local	sic_with_tonicized	tpc_is_in_label	tpc_is_root	tpc_is_bass
0	40	72	0	C	0	3	8	1	1	True	1.0	-1	1	1	1	1a	0	1/8	True	5	True			{	False	0	F.I{		F	I		I	I					M	False	False	(0, 4, 1)	()	0	0	major	major	I	I, major	I		I	I	False	I	I, major		I, major		I	-1	-1	-1	1	1	1	True	False	False
40	40	65	-1	F	0	3	8	2	1	True	2.0	-1	1	1	1	1a	1/2	1/8	False	4	False				False	0	F.I{		F	I		I	I					M	False	False	(0, 4, 1)	()	0	0	major	major	I	I, major	I		I	I	False	I	I, major		I, major		I	-1	-1	-1	0	0	0	True	True	True
40	40	69	3	A	0	3	8	2	1	True	2.0	-1	1	1	1	1a	1/2	1/8	False	4	False				False	0	F.I{		F	I		I	I					M	False	False	(0, 4, 1)	()	0	0	major	major	I	I, major	I		I	I	False	I	I, major		I, major		I	-1	-1	-1	4	4	4	True	False	False
40	80	81	3	A	0	3	8	1	1	True	2.0	-1	1	1	1	1a	1/2	1/4	False	5	False				False	0	F.I{		F	I		I	I					M	False	False	(0, 4, 1)	()	0	0	major	major	I	I, major	I		I	I	False	I	I, major		I, major		I	-1	-1	-1	4	4	4	True	False	False
80	40	65	-1	F	0	3	8	2	1	True	3.0	-1	1	1	1	1a	1	1/8	False	4	False				False	0	F.I{		F	I		I	I					M	False	False	(0, 4, 1)	()	0	0	major	major	I	I, major	I		I	I	False	I	I, major		I, major		I	-1	-1	-1	0	0	0	True	True	True
80	40	69	3	A	0	3	8	2	1	True	3.0	-1	1	1	1	1a	1	1/8	False	4	False				False	0	F.I{		F	I		I	I					M	False	False	(0, 4, 1)	()	0	0	major	major	I	I, major	I		I	I	False	I	I, major		I, major		I	-1	-1	-1	4	4	4	True	False	False
120	40	67	1	G	0	3	8	2	1	True	1.0	-1	2	2	2	2a	3/2	1/8	False	4	True				False	1	ii		F	I		ii	ii					m	False	False	(2, -1, 3)	()	2	2	major	major	I	I, major	ii		I	I	False	ii	ii, major		ii, major		ii	-1	-1	-1	2	2	2	True	True	True
120	40	70	-2	B	-1	3	8	2	1	True	1.0	-1	2	2	2	2a	3/2	1/8	False	4	True				False	1	ii		F	I		ii	ii					m	False	False	(2, -1, 3)	()	2	2	major	major	I	I, major	ii		I	I	False	ii	ii, major		ii, major		ii	-1	-1	-1	-1	-1	-1	True	False	False
120	20	81	3	A	0	3	8	1	1	False	1.0	-1	2	2	2	2a	3/2	1/16	False	5	True				False	1	ii		F	I		ii	ii					m	False	False	(2, -1, 3)	()	2	2	major	major	I	I, major	ii		I	I	False	ii	ii, major		ii, major		ii	-1	-1	-1	4	4	4	False	False	False
140	20	82	-2	B	-1	3	8	1	1	True	1.5	-1	2	2	2	2a	7/4	1/16	False	5	False				False	1	ii		F	I		ii	ii					m	False	False	(2, -1, 3)	()	2	2	major	major	I	I, major	ii		I	I	False	ii	ii, major		ii, major		ii	-1	-1	-1	-1	-1	-1	True	False	False
160	40	67	1	G	0	3	8	2	1	True	2.0	-1	2	2	2	2a	2	1/8	False	4	False				False	1	ii		F	I		ii	ii					m	False	False	(2, -1, 3)	()	2	2	major	major	I	I, major	ii		I	I	False	ii	ii, major		ii, major		ii	-1	-1	-1	2	2	2	True	True	True
160	40	70	-2	B	-1	3	8	2	1	True	2.0	-1	2	2	2	2a	2	1/8	False	4	False				False	1	ii		F	I		ii	ii					m	False	False	(2, -1, 3)	()	2	2	major	major	I	I, major	ii		I	I	False	ii	ii, major		ii, major		ii	-1	-1	-1	-1	-1	-1	True	False	False
160	20	79	1	G	0	3	8	1	1	True	2.0	-1	2	2	2	2a	2	1/16	False	5	False				False	1	ii		F	I		ii	ii					m	False	False	(2, -1, 3)	()	2	2	major	major	I	I, major	ii		I	I	False	ii	ii, major		ii, major		ii	-1	-1	-1	2	2	2	True	True	True
180	20	77	-1	F	0	3	8	1	1	True	2.5	-1	2	2	2	2a	9/4	1/16	False	5	False				False	1	ii		F	I		ii	ii					m	False	False	(2, -1, 3)	()	2	2	major	major	I	I, major	ii		I	I	False	ii	ii, major		ii, major		ii	-1	-1	-1	0	0	0	False	False	False
200	20	76	4	E	0	3	8	1	1	True	3.0	-1	2	2	2	2a	5/2	1/16	False	5	False				False	1	ii		F	I		ii	ii					m	False	False	(2, -1, 3)	()	2	2	major	major	I	I, major	ii		I	I	False	ii	ii, major		ii, major		ii	-1	-1	-1	5	5	5	False	False	False
220	20	74	2	D	0	3	8	1	1	True	3.5	-1	2	2	2	2a	11/4	1/16	False	5	False				False	1	ii		F	I		ii	ii					m	False	False	(2, -1, 3)	()	2	2	major	major	I	I, major	ii		I	I	False	ii	ii, major		ii, major		ii	-1	-1	-1	3	3	3	True	False	False
240	0	72	0	C	0	3	8	1	1	True	1.0	-1	3	3	3	3a	3	0	False	5	True				False	2	viio		F	I		viio	vii	o				o	False	False	(5, 2, -1)	()	5	5	major	major	I	I, major	vii		I	I	False	viio	viio, major		viio, major		vii	-1	-1	-1	1	1	1	False	False	False
240	40	70	-2	B	-1	3	8	1	1	True	1.0	-1	3	3	3	3a	3	1/8	False	4	True				False	2	viio		F	I		viio	vii	o				o	False	False	(5, 2, -1)	()	5	5	major	major	I	I, major	vii		I	I	False	viio	viio, major		viio, major		vii	-1	-1	-1	-1	-1	-1	True	False	False
280	40	64	4	E	0	3	8	2	1	True	2.0	-1	3	3	3	3a	7/2	1/8	False	4	False				False	2	viio		F	I		viio	vii	o				o	False	False	(5, 2, -1)	()	5	5	major	major	I	I, major	vii		I	I	False	viio	viio, major		viio, major		vii	-1	-1	-1	5	5	5	True	True	True
280	40	67	1	G	0	3	8	2	1	True	2.0	-1	3	3	3	3a	7/2	1/8	False	4	False				False	2	viio		F	I		viio	vii	o				o	False	False	(5, 2, -1)	()	5	5	major	major	I	I, major	vii		I	I	False	viio	viio, major		viio, major		vii	-1	-1	-1	2	2	2	True	False	False
280	80	79	1	G	0	3	8	1	1	True	2.0	-1	3	3	3	3a	7/2	1/4	False	5	False				False	2	viio		F	I		viio	vii	o				o	False	False	(5, 2, -1)	()	5	5	major	major	I	I, major	vii		I	I	False	viio	viio, major		viio, major		vii	-1	-1	-1	2	2	2	True	False	False
320	40	64	4	E	0	3	8	2	1	True	3.0	-1	3	3	3	3a	4	1/8	False	4	False				False	2	viio		F	I		viio	vii	o				o	False	False	(5, 2, -1)	()	5	5	major	major	I	I, major	vii		I	I	False	viio	viio, major		viio, major		vii	-1	-1	-1	5	5	5	True	True	True
320	40	67	1	G	0	3	8	2	1	True	3.0	-1	3	3	3	3a	4	1/8	False	4	False				False	2	viio		F	I		viio	vii	o				o	False	False	(5, 2, -1)	()	5	5	major	major	I	I, major	vii		I	I	False	viio	viio, major		viio, major		vii	-1	-1	-1	2	2	2	True	False	False
360	40	65	-1	F	0	3	8	2	1	True	1.0	-1	4	4	4	4a	9/2	1/8	False	4	True				False	3	I		F	I		I	I					M	False	False	(0, 4, 1)	()	0	0	major	major	I	I, major	I		I	I	False	I	I, major		I, major		I	-1	-1	-1	0	0	0	True	True	True
360	40	69	3	A	0	3	8	2	1	True	1.0	-1	4	4	4	4a	9/2	1/8	False	4	True				False	3	I		F	I		I	I					M	False	False	(0, 4, 1)	()	0	0	major	major	I	I, major	I		I	I	False	I	I, major		I, major		I	-1	-1	-1	4	4	4	True	False	False
360	20	79	1	G	0	3	8	1	1	False	1.0	-1	4	4	4	4a	9/2	1/16	False	5	True				False	3	I		F	I		I	I					M	False	False	(0, 4, 1)	()	0	0	major	major	I	I, major	I		I	I	False	I	I, major		I, major		I	-1	-1	-1	2	2	2	False	False	False
380	20	81	3	A	0	3	8	1	1	True	1.5	-1	4	4	4	4a	19/4	1/16	False	5	False				False	3	I		F	I		I	I					M	False	False	(0, 4, 1)	()	0	0	major	major	I	I, major	I		I	I	False	I	I, major		I, major		I	-1	-1	-1	4	4	4	True	False	False
400	40	65	-1	F	0	3	8	2	1	True	2.0	-1	4	4	4	4a	5	1/8	False	4	False				False	3	I		F	I		I	I					M	False	False	(0, 4, 1)	()	0	0	major	major	I	I, major	I		I	I	False	I	I, major		I, major		I	-1	-1	-1	0	0	0	True	True	True
400	40	69	3	A	0	3	8	2	1	True	2.0	-1	4	4	4	4a	5	1/8	False	4	False				False	3	I		F	I		I	I					M	False	False	(0, 4, 1)	()	0	0	major	major	I	I, major	I		I	I	False	I	I, major		I, major		I	-1	-1	-1	4	4	4	True	False	False
400	20	77	-1	F	0	3	8	1	1	True	2.0	-1	4	4	4	4a	5	1/16	False	5	False				False	3	I		F	I		I	I					M	False	False	(0, 4, 1)	()	0	0	major	major	I	I, major	I		I	I	False	I	I, major		I, major		I	-1	-1	-1	0	0	0	True	True	True
420	20	76	4	E	0	3	8	1	1	True	2.5	-1	4	4	4	4a	21/4	1/16	False	5	False				False	3	I		F	I		I	I					M	False	False	(0, 4, 1)	()	0	0	major	major	I	I, major	I		I	I	False	I	I, major		I, major		I	-1	-1	-1	5	5	5	False	False	False
440	20	74	2	D	0	3	8	1	1	True	3.0	-1	4	4	4	4a	11/2	1/16	False	5	False				False	3	I		F	I		I	I					M	False	False	(0, 4, 1)	()	0	0	major	major	I	I, major	I		I	I	False	I	I, major		I, major		I	-1	-1	-1	3	3	3	False	False	False
460	20	72	0	C	0	3	8	1	1	True	3.5	-1	4	4	4	4a	23/4	1/16	False	5	False				False	3	I		F	I		I	I					M	False	False	(0, 4, 1)	()	0	0	major	major	I	I, major	I		I	I	False	I	I, major		I, major		I	-1	-1	-1	1	1	1	True	False	False
480	0	70	-2	B	-1	3	8	1	1	True	1.0	-1	5	5	5	5a	6	0	False	4	True				False	4	I6		F	I		I6	I		6			M	False	False	(4, 1, 0)	()	0	4	major	major	I	I, major	I		I	I	False	I6	I6, major		I6, major		I	-1	-1	-1	-1	-1	-1	False	False	False
480	40	69	3	A	0	3	8	1	1	True	1.0	-1	5	5	5	5a	6	1/8	False	4	True				False	4	I6		F	I		I6	I		6			M	False	False	(4, 1, 0)	()	0	4	major	major	I	I, major	I		I	I	False	I6	I6, major		I6, major		I	-1	-1	-1	4	4	4	True	False	True
520	40	57	3	A	0	3	8	2	1	True	2.0	-1	5	5	5	5a	13/2	1/8	False	3	False				False	4	I6		F	I		I6	I		6			M	False	False	(4, 1, 0)	()	0	4	major	major	I	I, major	I		I	I	False	I6	I6, major		I6, major		I	-1	-1	-1	4	4	4	True	False	True
520	40	65	-1	F	0	3	8	2	1	True	2.0	-1	5	5	5	5a	13/2	1/8	False	4	False				False	4	I6		F	I		I6	I		6			M	False	False	(4, 1, 0)	()	0	4	major	major	I	I, major	I		I	I	False	I6	I6, major		I6, major		I	-1	-1	-1	0	0	0	True	True	False
520	80	77	-1	F	0	3	8	1	1	True	2.0	-1	5	5	5	5a	13/2	1/4	False	5	False				False	4	I6		F	I		I6	I		6			M	False	False	(4, 1, 0)	()	0	4	major	major	I	I, major	I		I	I	False	I6	I6, major		I6, major		I	-1	-1	-1	0	0	0	True	True	False
560	40	57	3	A	0	3	8	2	1	True	3.0	-1	5	5	5	5a	7	1/8	False	3	False				False	4	I6		F	I		I6	I		6			M	False	False	(4, 1, 0)	()	0	4	major	major	I	I, major	I		I	I	False	I6	I6, major		I6, major		I	-1	-1	-1	4	4	4	True	False	True
560	40	65	-1	F	0	3	8	2	1	True	3.0	-1	5	5	5	5a	7	1/8	False	4	False				False	4	I6		F	I		I6	I		6			M	False	False	(4, 1, 0)	()	0	4	major	major	I	I, major	I		I	I	False	I6	I6, major		I6, major		I	-1	-1	-1	0	0	0	True	True	False
600	40	58	-2	B	-1	3	8	2	1	True	1.0	-1	6	6	6	6a	15/2	1/8	False	3	True				False	5	ii65		F	I		ii65	ii		65			mm7	False	False	(-1, 3, 0, 2)	()	2	-1	major	major	I	I, major	ii		I	I	False	ii65	ii65, major		ii65, major		ii	-1	-1	-1	-1	-1	-1	True	False	True
600	40	65	-1	F	0	3	8	2	1	True	1.0	-1	6	6	6	6a	15/2	1/8	False	4	True				False	5	ii65		F	I		ii65	ii		65			mm7	False	False	(-1, 3, 0, 2)	()	2	-1	major	major	I	I, major	ii		I	I	False	ii65	ii65, major		ii65, major		ii	-1	-1	-1	0	0	0	True	False	False
600	40	67	1	G	0	3	8	2	1	True	1.0	-1	6	6	6	6a	15/2	1/8	False	4	True				False	5	ii65		F	I		ii65	ii		65			mm7	False	False	(-1, 3, 0, 2)	()	2	-1	major	major	I	I, major	ii		I	I	False	ii65	ii65, major		ii65, major		ii	-1	-1	-1	2	2	2	True	True	False
600	20	77	-1	F	0	3	8	1	1	False	1.0	-1	6	6	6	6a	15/2	1/16	False	5	True				False	5	ii65		F	I		ii65	ii		65			mm7	False	False	(-1, 3, 0, 2)	()	2	-1	major	major	I	I, major	ii		I	I	False	ii65	ii65, major		ii65, major		ii	-1	-1	-1	0	0	0	True	False	False
620	20	84	0	C	0	3	8	1	1	True	1.5	-1	6	6	6	6a	31/4	1/16	False	6	False				False	5	ii65		F	I		ii65	ii		65			mm7	False	False	(-1, 3, 0, 2)	()	2	-1	major	major	I	I, major	ii		I	I	False	ii65	ii65, major		ii65, major		ii	-1	-1	-1	1	1	1	False	False	False
640	40	58	-2	B	-1	3	8	2	1	True	2.0	-1	6	6	6	6a	8	1/8	False	3	False				False	5	ii65		F	I		ii65	ii		65			mm7	False	False	(-1, 3, 0, 2)	()	2	-1	major	major	I	I, major	ii		I	I	False	ii65	ii65, major		ii65, major		ii	-1	-1	-1	-1	-1	-1	True	False	True
640	40	65	-1	F	0	3	8	2	1	True	2.0	-1	6	6	6	6a	8	1/8	False	4	False				False	5	ii65		F	I		ii65	ii		65			mm7	False	False	(-1, 3, 0, 2)	()	2	-1	major	major	I	I, major	ii		I	I	False	ii65	ii65, major		ii65, major		ii	-1	-1	-1	0	0	0	True	False	False
640	40	67	1	G	0	3	8	2	1	True	2.0	-1	6	6	6	6a	8	1/8	False	4	False				False	5	ii65		F	I		ii65	ii		65			mm7	False	False	(-1, 3, 0, 2)	()	2	-1	major	major	I	I, major	ii		I	I	False	ii65	ii65, major		ii65, major		ii	-1	-1	-1	2	2	2	True	True	False
640	20	82	-2	B	-1	3	8	1	1	True	2.0	-1	6	6	6	6a	8	1/16	False	5	False				False	5	ii65		F	I		ii65	ii		65			mm7	False	False	(-1, 3, 0, 2)	()	2	-1	major	major	I	I, major	ii		I	I	False	ii65	ii65, major		ii65, major		ii	-1	-1	-1	-1	-1	-1	True	False	True
660	20	81	3	A	0	3	8	1	1	True	2.5	-1	6	6	6	6a	33/4	1/16	False	5	False				False	5	ii65		F	I		ii65	ii		65			mm7	False	False	(-1, 3, 0, 2)	()	2	-1	major	major	I	I, major	ii		I	I	False	ii65	ii65, major		ii65, major		ii	-1	-1	-1	4	4	4	False	False	False
680	40	58	-2	B	-1	3	8	2	1	True	3.0	-1	6	6	6	6a	17/2	1/8	False	3	False				False	5	ii65		F	I		ii65	ii		65			mm7	False	False	(-1, 3, 0, 2)	()	2	-1	major	major	I	I, major	ii		I	I	False	ii65	ii65, major		ii65, major		ii	-1	-1	-1	-1	-1	-1	True	False	True
680	40	65	-1	F	0	3	8	2	1	True	3.0	-1	6	6	6	6a	17/2	1/8	False	4	False				False	5	ii65		F	I		ii65	ii		65			mm7	False	False	(-1, 3, 0, 2)	()	2	-1	major	major	I	I, major	ii		I	I	False	ii65	ii65, major		ii65, major		ii	-1	-1	-1	0	0	0	True	False	False
680	40	67	1	G	0	3	8	2	1	True	3.0	-1	6	6	6	6a	17/2	1/8	False	4	False				False	5	ii65		F	I		ii65	ii		65			mm7	False	False	(-1, 3, 0, 2)	()	2	-1	major	major	I	I, major	ii		I	I	False	ii65	ii65, major		ii65, major		ii	-1	-1	-1	2	2	2	True	True	False
680	20	79	1	G	0	3	8	1	1	True	3.0	-1	6	6	6	6a	17/2	1/16	False	5	False				False	5	ii65		F	I		ii65	ii		65			mm7	False	False	(-1, 3, 0, 2)	()	2	-1	major	major	I	I, major	ii		I	I	False	ii65	ii65, major		ii65, major		ii	-1	-1	-1	2	2	2	True	True	False
700	20	77	-1	F	0	3	8	1	1	True	3.5	-1	6	6	6	6a	35/4	1/16	False	5	False				False	5	ii65		F	I		ii65	ii		65			mm7	False	False	(-1, 3, 0, 2)	()	2	-1	major	major	I	I, major	ii		I	I	False	ii65	ii65, major		ii65, major		ii	-1	-1	-1	0	0	0	True	False	False
720	40	60	0	C	0	3	8	2	1	True	1.0	-1	7	7	7	7a	9	1/8	False	4	True				False	6	V		F	I		V	V					M	False	False	(1, 5, 2)	()	1	1	major	major	I	I, major	V		I	I	False	V	V, major		V, major		V	-1	-1	-1	1	1	1	True	True	True
720	40	67	1	G	0	3	8	2	1	True	1.0	-1	7	7	7	7a	9	1/8	False	4	True				False	6	V		F	I		V	V					M	False	False	(1, 5, 2)	()	1	1	major	major	I	I, major	V		I	I	False	V	V, major		V, major		V	-1	-1	-1	2	2	2	True	False	False
720	20	76	4	E	0	3	8	1	1	True	1.0	-1	7	7	7	7a	9	1/16	False	5	True				False	6	V		F	I		V	V					M	False	False	(1, 5, 2)	()	1	1	major	major	I	I, major	V		I	I	False	V	V, major		V, major		V	-1	-1	-1	5	5	5	True	False	False
740	20	74	2	D	0	3	8	1	1	True	1.5	-1	7	7	7	7a	37/4	1/16	False	5	False				False	6	V		F	I		V	V					M	False	False	(1, 5, 2)	()	1	1	major	major	I	I, major	V		I	I	False	V	V, major		V, major		V	-1	-1	-1	3	3	3	False	False	False
760	40	60	0	C	0	3	8	2	1	True	2.0	-1	7	7	7	7a	19/2	1/8	False	4	False				False	6	V		F	I		V	V					M	False	False	(1, 5, 2)	()	1	1	major	major	I	I, major	V		I	I	False	V	V, major		V, major		V	-1	-1	-1	1	1	1	True	True	True
760	40	67	1	G	0	3	8	2	1	True	2.0	-1	7	7	7	7a	19/2	1/8	False	4	False				False	6	V		F	I		V	V					M	False	False	(1, 5, 2)	()	1	1	major	major	I	I, major	V		I	I	False	V	V, major		V, major		V	-1	-1	-1	2	2	2	True	False	False
760	20	72	0	C	0	3	8	1	1	True	2.0	-1	7	7	7	7a	19/2	1/16	False	5	False				False	6	V		F	I		V	V					M	False	False	(1, 5, 2)	()	1	1	major	major	I	I, major	V		I	I	False	V	V, major		V, major		V	-1	-1	-1	1	1	1	True	True	True
780	20	70	-2	B	-1	3	8	1	1	True	2.5	-1	7	7	7	7a	39/4	1/16	False	4	False				False	6	V		F	I		V	V					M	False	False	(1, 5, 2)	()	1	1	major	major	I	I, major	V		I	I	False	V	V, major		V, major		V	-1	-1	-1	-1	-1	-1	False	False	False
800	40	48	0	C	0	3	8	2	1	True	3.0	-1	7	7	7	7a	10	1/8	False	3	False				False	6	V		F	I		V	V					M	False	False	(1, 5, 2)	()	1	1	major	major	I	I, major	V		I	I	False	V	V, major		V, major		V	-1	-1	-1	1	1	1	True	True	True
800	20	69	3	A	0	3	8	1	1	True	3.0	-1	7	7	7	7a	10	1/16	False	4	False				False	6	V		F	I		V	V					M	False	False	(1, 5, 2)	()	1	1	major	major	I	I, major	V		I	I	False	V	V, major		V, major		V	-1	-1	-1	4	4	4	False	False	False
820	20	67	1	G	0	3	8	1	1	True	3.5	-1	7	7	7	7a	41/4	1/16	False	4	False				False	6	V		F	I		V	V					M	False	False	(1, 5, 2)	()	1	1	major	major	I	I, major	V		I	I	False	V	V, major		V, major		V	-1	-1	-1	2	2	2	True	False	False
840	40	53	-1	F	0	3	8	2	1	True	1.0	-1	8	8	8	8a	21/2	1/8	False	3	True			}	True	7	I}		F	I		I	I					M	False	False	(0, 4, 1)	()	0	0	major	major	I	I, major	I		I	I	False	I	I, major		I, major		I	-1	-1	-1	0	0	0	True	True	True
840	20	69	3	A	0	3	8	1	1	True	1.0	-1	8	8	8	8a	21/2	1/16	False	4	True			}	True	7	I}		F	I		I	I					M	False	False	(0, 4, 1)	()	0	0	major	major	I	I, major	I		I	I	False	I	I, major		I, major		I	-1	-1	-1	4	4	4	True	False	False
860	20	67	1	G	0	3	8	1	1	True	1.5	-1	8	8	8	8a	43/4	1/16	False	4	False				False	7	I}		F	I		I	I					M	False	False	(0, 4, 1)	()	0	0	major	major	I	I, major	I		I	I	False	I	I, major		I, major		I	-1	-1	-1	2	2	2	False	False	False
880	40	48	0	C	0	3	8	2	1	True	2.0	-1	8	8	8	8a	11	1/8	False	3	True				False	8	V		F	I		V	V					M	False	False	(1, 5, 2)	()	1	1	major	major	I	I, major	V		I	I	False	V	V, major		V, major		V	-1	-1	-1	1	1	1	True	True	True
880	20	65	-1	F	0	3	8	1	1	True	2.0	-1	8	8	8	8a	11	1/16	False	4	True				False	8	V		F	I		V	V					M	False	False	(1, 5, 2)	()	1	1	major	major	I	I, major	V		I	I	False	V	V, major		V, major		V	-1	-1	-1	0	0	0	False	False	False
900	20	64	4	E	0	3	8	1	1	True	2.5	-1	8	8	8	8a	45/4	1/16	False	4	False				False	8	V		F	I		V	V					M	False	False	(1, 5, 2)	()	1	1	major	major	I	I, major	V		I	I	False	V	V, major		V, major		V	-1	-1	-1	5	5	5	True	False	False
920	40	41	-1	F	0	3	8	2	1	True	3.0	-1	8	8	8	8a	23/2	1/8	False	2	False	PAC	PAC		False	9	I|PAC		F	I		I	I					M	False	False	(0, 4, 1)	()	0	0	major	major	I	I, major	I		I	I	False	I	I, major		I, major		I	-1	-1	-1	0	0	0	True	True	True
920	40	65	-1	F	0	3	8	1	1	True	3.0	-1	8	8	8	8a	23/2	1/8	False	4	False	PAC	PAC		False	9	I|PAC		F	I		I	I					M	False	False	(0, 4, 1)	()	0	0	major	major	I	I, major	I		I	I	False	I	I, major		I, major		I	-1	-1	-1	0	0	0	True	True	True
960	20	72	0	C	0	3	8	1	1	True	1.0	-1	9	9	9	9a	12	1/16	False	5	True			{	False	10	I{		F	I		I	I					M	False	False	(0, 4, 1)	()	0	0	major	major	I	I, major	I		I	I	False	I	I, major		I, major		I	-1	-1	-1	1	1	1	True	False	False
980	5	74	2	D	0	3	8	1	1	True	1.5	-1	9	9	9	9a	49/4	1/64	False	5	False				False	10	I{		F	I		I	I					M	False	False	(0, 4, 1)	()	0	0	major	major	I	I, major	I		I	I	False	I	I, major		I, major		I	-1	-1	-1	3	3	3	False	False	False
985	5	76	4	E	0	3	8	1	1	True	1.625	-1	9	9	9	9a	197/16	1/64	False	5	False				False	10	I{		F	I		I	I					M	False	False	(0, 4, 1)	()	0	0	major	major	I	I, major	I		I	I	False	I	I, major		I, major		I	-1	-1	-1	5	5	5	False	False	False
990	5	77	-1	F	0	3	8	1	1	True	1.75	-1	9	9	9	9a	99/8	1/64	False	5	False				False	10	I{		F	I		I	I					M	False	False	(0, 4, 1)	()	0	0	major	major	I	I, major	I		I	I	False	I	I, major		I, major		I	-1	-1	-1	0	0	0	True	True	True
995	5	79	1	G	0	3	8	1	1	True	1.875	-1	9	9	9	9a	199/16	1/64	False	5	False				False	10	I{		F	I		I	I					M	False	False	(0, 4, 1)	()	0	0	major	major	I	I, major	I		I	I	False	I	I, major		I, major		I	-1	-1	-1	2	2	2	False	False	False
1000	40	65	-1	F	0	3	8	2	1	True	2.0	-1	9	9	9	9a	25/2	1/8	False	4	False				False	10	I{		F	I		I	I					M	False	False	(0, 4, 1)	()	0	0	major	major	I	I, major	I		I	I	False	I	I, major		I, major		I	-1	-1	-1	0	0	0	True	True	True
1000	40	69	3	A	0	3	8	2	1	True	2.0	-1	9	9	9	9a	25/2	1/8	False	4	False				False	10	I{		F	I		I	I					M	False	False	(0, 4, 1)	()	0	0	major	major	I	I, major	I		I	I	False	I	I, major		I, major		I	-1	-1	-1	4	4	4	True	False	False
1000	80	81	3	A	0	3	8	1	1	True	2.0	-1	9	9	9	9a	25/2	1/4	False	5	False				False	10	I{		F	I		I	I					M	False	False	(0, 4, 1)	()	0	0	major	major	I	I, major	I		I	I	False	I	I, major		I, major		I	-1	-1	-1	4	4	4	True	False	False
1040	40	65	-1	F	0	3	8	2	1	True	3.0	-1	9	9	9	9a	13	1/8	False	4	False				False	10	I{		F	I		I	I					M	False	False	(0, 4, 1)	()	0	0	major	major	I	I, major	I		I	I	False	I	I, major		I, major		I	-1	-1	-1	0	0	0	True	True	True
1040	40	69	3	A	0	3	8	2	1	True	3.0	-1	9	9	9	9a	13	1/8	False	4	False				False	10	I{		F	I		I	I					M	False	False	(0, 4, 1)	()	0	0	major	major	I	I, major	I		I	I	False	I	I, major		I, major		I	-1	-1	-1	4	4	4	True	False	False
1080	40	67	1	G	0	3	8	2	1	True	1.0	-1	10	10	10	10a	27/2	1/8	False	4	True				False	11	ii		F	I		ii	ii					m	False	False	(2, -1, 3)	()	2	2	major	major	I	I, major	ii		I	I	False	ii	ii, major		ii, major		ii	-1	-1	-1	2	2	2	True	True	True
1080	40	70	-2	B	-1	3	8	2	1	True	1.0	-1	10	10	10	10a	27/2	1/8	False	4	True				False	11	ii		F	I		ii	ii					m	False	False	(2, -1, 3)	()	2	2	major	major	I	I, major	ii		I	I	False	ii	ii, major		ii, major		ii	-1	-1	-1	-1	-1	-1	True	False	False
1080	20	81	3	A	0	3	8	1	1	False	1.0	-1	10	10	10	10a	27/2	1/16	False	5	True				False	11	ii		F	I		ii	ii					m	False	False	(2, -1, 3)	()	2	2	major	major	I	I, major	ii		I	I	False	ii	ii, major		ii, major		ii	-1	-1	-1	4	4	4	False	False	False
1100	20	82	-2	B	-1	3	8	1	1	True	1.5	-1	10	10	10	10a	55/4	1/16	False	5	False				False	11	ii		F	I		ii	ii					m	False	False	(2, -1, 3)	()	2	2	major	major	I	I, major	ii		I	I	False	ii	ii, major		ii, major		ii	-1	-1	-1	-1	-1	-1	True	False	False
1120	40	67	1	G	0	3	8	2	1	True	2.0	-1	10	10	10	10a	14	1/8	False	4	False				False	11	ii		F	I		ii	ii					m	False	False	(2, -1, 3)	()	2	2	major	major	I	I, major	ii		I	I	False	ii	ii, major		ii, major		ii	-1	-1	-1	2	2	2	True	True	True
1120	40	70	-2	B	-1	3	8	2	1	True	2.0	-1	10	10	10	10a	14	1/8	False	4	False				False	11	ii		F	I		ii	ii					m	False	False	(2, -1, 3)	()	2	2	major	major	I	I, major	ii		I	I	False	ii	ii, major		ii, major		ii	-1	-1	-1	-1	-1	-1	True	False	False
1120	20	79	1	G	0	3	8	1	1	True	2.0	-1	10	10	10	10a	14	1/16	False	5	False				False	11	ii		F	I		ii	ii					m	False	False	(2, -1, 3)	()	2	2	major	major	I	I, major	ii		I	I	False	ii	ii, major		ii, major		ii	-1	-1	-1	2	2	2	True	True	True
1140	20	77	-1	F	0	3	8	1	1	True	2.5	-1	10	10	10	10a	57/4	1/16	False	5	False				False	11	ii		F	I		ii	ii					m	False	False	(2, -1, 3)	()	2	2	major	major	I	I, major	ii		I	I	False	ii	ii, major		ii, major		ii	-1	-1	-1	0	0	0	False	False	False
1160	20	76	4	E	0	3	8	1	1	True	3.0	-1	10	10	10	10a	29/2	1/16	False	5	False				False	11	ii		F	I		ii	ii					m	False	False	(2, -1, 3)	()	2	2	major	major	I	I, major	ii		I	I	False	ii	ii, major		ii, major		ii	-1	-1	-1	5	5	5	False	False	False
1180	20	74	2	D	0	3	8	1	1	True	3.5	-1	10	10	10	10a	59/4	1/16	False	5	False				False	11	ii		F	I		ii	ii					m	False	False	(2, -1, 3)	()	2	2	major	major	I	I, major	ii		I	I	False	ii	ii, major		ii, major		ii	-1	-1	-1	3	3	3	True	False	False
1200	0	72	0	C	0	3	8	1	1	True	1.0	-1	11	11	11	11a	15	0	False	5	True				False	12	viio		F	I		viio	vii	o				o	False	False	(5, 2, -1)	()	5	5	major	major	I	I, major	vii		I	I	False	viio	viio, major		viio, major		vii	-1	-1	-1	1	1	1	False	False	False
1200	20	70	-2	B	-1	3	8	1	1	True	1.0	-1	11	11	11	11a	15	1/16	False	4	True				False	12	viio		F	I		viio	vii	o				o	False	False	(5, 2, -1)	()	5	5	major	major	I	I, major	vii		I	I	False	viio	viio, major		viio, major		vii	-1	-1	-1	-1	-1	-1	True	False	False
1220	5	72	0	C	0	3	8	1	1	True	1.5	-1	11	11	11	11a	61/4	1/64	False	5	False				False	12	viio		F	I		viio	vii	o				o	False	False	(5, 2, -1)	()	5	5	major	major	I	I, major	vii		I	I	False	viio	viio, major		viio, major		vii	-1	-1	-1	1	1	1	False	False	False
1225	5	74	2	D	0	3	8	1	1	True	1.625	-1	11	11	11	11a	245/16	1/64	False	5	False				False	12	viio		F	I		viio	vii	o				o	False	False	(5, 2, -1)	()	5	5	major	major	I	I, major	vii		I	I	False	viio	viio, major		viio, major		vii	-1	-1	-1	3	3	3	False	False	False
1230	5	76	4	E	0	3	8	1	1	True	1.75	-1	11	11	11	11a	123/8	1/64	False	5	False				False	12	viio		F	I		viio	vii	o				o	False	False	(5, 2, -1)	()	5	5	major	major	I	I, major	vii		I	I	False	viio	viio, major		viio, major		vii	-1	-1	-1	5	5	5	True	True	True
1235	5	77	-1	F	0	3	8	1	1	True	1.875	-1	11	11	11	11a	247/16	1/64	False	5	False				False	12	viio		F	I		viio	vii	o				o	False	False	(5, 2, -1)	()	5	5	major	major	I	I, major	vii		I	I	False	viio	viio, major		viio, major		vii	-1	-1	-1	0	0	0	False	False	False
1240	40	64	4	E	0	3	8	2	1	True	2.0	-1	11	11	11	11a	31/2	1/8	False	4	False				False	12	viio		F	I		viio	vii	o				o	False	False	(5, 2, -1)	()	5	5	major	major	I	I, major	vii		I	I	False	viio	viio, major		viio, major		vii	-1	-1	-1	5	5	5	True	True	True
1240	40	67	1	G	0	3	8	2	1	True	2.0	-1	11	11	11	11a	31/2	1/8	False	4	False				False	12	viio		F	I		viio	vii	o				o	False	False	(5, 2, -1)	()	5	5	major	major	I	I, major	vii		I	I	False	viio	viio, major		viio, major		vii	-1	-1	-1	2	2	2	True	False	False
1240	80	79	1	G	0	3	8	1	1	True	2.0	-1	11	11	11	11a	31/2	1/4	False	5	False				False	12	viio		F	I		viio	vii	o				o	False	False	(5, 2, -1)	()	5	5	major	major	I	I, major	vii		I	I	False	viio	viio, major		viio, major		vii	-1	-1	-1	2	2	2	True	False	False
1280	40	64	4	E	0	3	8	2	1	True	3.0	-1	11	11	11	11a	16	1/8	False	4	False				False	12	viio		F	I		viio	vii	o				o	False	False	(5, 2, -1)	()	5	5	major	major	I	I, major	vii		I	I	False	viio	viio, major		viio, major		vii	-1	-1	-1	5	5	5	True	True	True
1280	40	67	1	G	0	3	8	2	1	True	3.0	-1	11	11	11	11a	16	1/8	False	4	False				False	12	viio		F	I		viio	vii	o				o	False	False	(5, 2, -1)	()	5	5	major	major	I	I, major	vii		I	I	False	viio	viio, major		viio, major		vii	-1	-1	-1	2	2	2	True	False	False
1320	40	65	-1	F	0	3	8	2	1	True	1.0	-1	12	12	12	12a	33/2	1/8	False	4	True				False	13	I		F	I		I	I					M	False	False	(0, 4, 1)	()	0	0	major	major	I	I, major	I		I	I	False	I	I, major		I, major		I	-1	-1	-1	0	0	0	True	True	True
1320	40	69	3	A	0	3	8	2	1	True	1.0	-1	12	12	12	12a	33/2	1/8	False	4	True				False	13	I		F	I		I	I					M	False	False	(0, 4, 1)	()	0	0	major	major	I	I, major	I		I	I	False	I	I, major		I, major		I	-1	-1	-1	4	4	4	True	False	False
1320	20	79	1	G	0	3	8	1	1	False	1.0	-1	12	12	12	12a	33/2	1/16	False	5	True				False	13	I		F	I		I	I					M	False	False	(0, 4, 1)	()	0	0	major	major	I	I, major	I		I	I	False	I	I, major		I, major		I	-1	-1	-1	2	2	2	False	False	False
1340	20	81	3	A	0	3	8	1	1	True	1.5	-1	12	12	12	12a	67/4	1/16	False	5	False				False	13	I		F	I		I	I					M	False	False	(0, 4, 1)	()	0	0	major	major	I	I, major	I		I	I	False	I	I, major		I, major		I	-1	-1	-1	4	4	4	True	False	False
1360	40	65	-1	F	0	3	8	2	1	True	2.0	-1	12	12	12	12a	17	1/8	False	4	False				False	13	I		F	I		I	I					M	False	False	(0, 4, 1)	()	0	0	major	major	I	I, major	I		I	I	False	I	I, major		I, major		I	-1	-1	-1	0	0	0	True	True	True
1360	40	69	3	A	0	3	8	2	1	True	2.0	-1	12	12	12	12a	17	1/8	False	4	False				False	13	I		F	I		I	I					M	False	False	(0, 4, 1)	()	0	0	major	major	I	I, major	I		I	I	False	I	I, major		I, major		I	-1	-1	-1	4	4	4	True	False	False
1360	20	77	-1	F	0	3	8	1	1	True	2.0	-1	12	12	12	12a	17	1/16	False	5	False				False	13	I		F	I		I	I					M	False	False	(0, 4, 1)	()	0	0	major	major	I	I, major	I		I	I	False	I	I, major		I, major		I	-1	-1	-1	0	0	0	True	True	True
1380	20	76	4	E	0	3	8	1	1	True	2.5	-1	12	12	12	12a	69/4	1/16	False	5	False				False	13	I		F	I		I	I					M	False	False	(0, 4, 1)	()	0	0	major	major	I	I, major	I		I	I	False	I	I, major		I, major		I	-1	-1	-1	5	5	5	False	False	False
1400	20	74	2	D	0	3	8	1	1	True	3.0	-1	12	12	12	12a	35/2	1/16	False	5	False				False	13	I		F	I		I	I					M	False	False	(0, 4, 1)	()	0	0	major	major	I	I, major	I		I	I	False	I	I, major		I, major		I	-1	-1	-1	3	3	3	False	False	False
1420	20	72	0	C	0	3	8	1	1	True	3.5	-1	12	12	12	12a	71/4	1/16	False	5	False				False	13	I		F	I		I	I					M	False	False	(0, 4, 1)	()	0	0	major	major	I	I, major	I		I	I	False	I	I, major		I, major		I	-1	-1	-1	1	1	1	True	False	False
1440	0	70	-2	B	-1	3	8	1	1	True	1.0	-1	13	13	13	13a	18	0	False	4	True				False	14	I6		F	I		I6	I		6			M	False	False	(4, 1, 0)	()	0	4	major	major	I	I, major	I		I	I	False	I6	I6, major		I6, major		I	-1	-1	-1	-1	-1	-1	False	False	False
1440	20	69	3	A	0	3	8	1	1	True	1.0	-1	13	13	13	13a	18	1/16	False	4	True				False	14	I6		F	I		I6	I		6			M	False	False	(4, 1, 0)	()	0	4	major	major	I	I, major	I		I	I	False	I6	I6, major		I6, major		I	-1	-1	-1	4	4	4	True	False	True
1460	5	70	-2	B	-1	3	8	1	1	True	1.5	-1	13	13	13	13a	73/4	1/64	False	4	False				False	14	I6		F	I		I6	I		6			M	False	False	(4, 1, 0)	()	0	4	major	major	I	I, major	I		I	I	False	I6	I6, major		I6, major		I	-1	-1	-1	-1	-1	-1	False	False	False
1465	5	72	0	C	0	3	8	1	1	True	1.625	-1	13	13	13	13a	293/16	1/64	False	5	False				False	14	I6		F	I		I6	I		6			M	False	False	(4, 1, 0)	()	0	4	major	major	I	I, major	I		I	I	False	I6	I6, major		I6, major		I	-1	-1	-1	1	1	1	True	False	False
1470	5	74	2	D	0	3	8	1	1	True	1.75	-1	13	13	13	13a	147/8	1/64	False	5	False				False	14	I6		F	I		I6	I		6			M	False	False	(4, 1, 0)	()	0	4	major	major	I	I, major	I		I	I	False	I6	I6, major		I6, major		I	-1	-1	-1	3	3	3	False	False	False
1475	5	76	4	E	0	3	8	1	1	True	1.875	-1	13	13	13	13a	295/16	1/64	False	5	False				False	14	I6		F	I		I6	I		6			M	False	False	(4, 1, 0)	()	0	4	major	major	I	I, major	I		I	I	False	I6	I6, major		I6, major		I	-1	-1	-1	5	5	5	False	False	False
1480	40	57	3	A	0	3	8	2	1	True	2.0	-1	13	13	13	13a	37/2	1/8	False	3	False				False	14	I6		F	I		I6	I		6			M	False	False	(4, 1, 0)	()	0	4	major	major	I	I, major	I		I	I	False	I6	I6, major		I6, major		I	-1	-1	-1	4	4	4	True	False	True
1480	40	65	-1	F	0	3	8	2	1	True	2.0	-1	13	13	13	13a	37/2	1/8	False	4	False				False	14	I6		F	I		I6	I		6			M	False	False	(4, 1, 0)	()	0	4	major	major	I	I, major	I		I	I	False	I6	I6, major		I6, major		I	-1	-1	-1	0	0	0	True	True	False
1480	80	77	-1	F	0	3	8	1	1	True	2.0	-1	13	13	13	13a	37/2	1/4	False	5	False				False	14	I6		F	I		I6	I		6			M	False	False	(4, 1, 0)	()	0	4	major	major	I	I, major	I		I	I	False	I6	I6, major		I6, major		I	-1	-1	-1	0	0	0	True	True	False
1520	40	57	3	A	0	3	8	2	1	True	3.0	-1	13	13	13	13a	19	1/8	False	3	False				False	14	I6		F	I		I6	I		6			M	False	False	(4, 1, 0)	()	0	4	major	major	I	I, major	I		I	I	False	I6	I6, major		I6, major		I	-1	-1	-1	4	4	4	True	False	True
1520	40	65	-1	F	0	3	8	2	1	True	3.0	-1	13	13	13	13a	19	1/8	False	4	False				False	14	I6		F	I		I6	I		6			M	False	False	(4, 1, 0)	()	0	4	major	major	I	I, major	I		I	I	False	I6	I6, major		I6, major		I	-1	-1	-1	0	0	0	True	True	False
1560	40	58	-2	B	-1	3	8	2	1	True	1.0	-1	14	14	14	14a	39/2	1/8	False	3	True				False	15	ii65		F	I		ii65	ii		65			mm7	False	False	(-1, 3, 0, 2)	()	2	-1	major	major	I	I, major	ii		I	I	False	ii65	ii65, major		ii65, major		ii	-1	-1	-1	-1	-1	-1	True	False	True
1560	40	65	-1	F	0	3	8	2	1	True	1.0	-1	14	14	14	14a	39/2	1/8	False	4	True				False	15	ii65		F	I		ii65	ii		65			mm7	False	False	(-1, 3, 0, 2)	()	2	-1	major	major	I	I, major	ii		I	I	False	ii65	ii65, major		ii65, major		ii	-1	-1	-1	0	0	0	True	False	False
1560	40	67	1	G	0	3	8	2	1	True	1.0	-1	14	14	14	14a	39/2	1/8	False	4	True				False	15	ii65		F	I		ii65	ii		65			mm7	False	False	(-1, 3, 0, 2)	()	2	-1	major	major	I	I, major	ii		I	I	False	ii65	ii65, major		ii65, major		ii	-1	-1	-1	2	2	2	True	True	False
1560	20	77	-1	F	0	3	8	1	1	False	1.0	-1	14	14	14	14a	39/2	1/16	False	5	True				False	15	ii65		F	I		ii65	ii		65			mm7	False	False	(-1, 3, 0, 2)	()	2	-1	major	major	I	I, major	ii		I	I	False	ii65	ii65, major		ii65, major		ii	-1	-1	-1	0	0	0	True	False	False
1580	20	84	0	C	0	3	8	1	1	True	1.5	-1	14	14	14	14a	79/4	1/16	False	6	False				False	15	ii65		F	I		ii65	ii		65			mm7	False	False	(-1, 3, 0, 2)	()	2	-1	major	major	I	I, major	ii		I	I	False	ii65	ii65, major		ii65, major		ii	-1	-1	-1	1	1	1	False	False	False
1600	40	58	-2	B	-1	3	8	2	1	True	2.0	-1	14	14	14	14a	20	1/8	False	3	False				False	15	ii65		F	I		ii65	ii		65			mm7	False	False	(-1, 3, 0, 2)	()	2	-1	major	major	I	I, major	ii		I	I	False	ii65	ii65, major		ii65, major		ii	-1	-1	-1	-1	-1	-1	True	False	True
1600	40	65	-1	F	0	3	8	2	1	True	2.0	-1	14	14	14	14a	20	1/8	False	4	False				False	15	ii65		F	I		ii65	ii		65			mm7	False	False	(-1, 3, 0, 2)	()	2	-1	major	major	I	I, major	ii		I	I	False	ii65	ii65, major		ii65, major		ii	-1	-1	-1	0	0	0	True	False	False
1600	40	67	1	G	0	3	8	2	1	True	2.0	-1	14	14	14	14a	20	1/8	False	4	False				False	15	ii65		F	I		ii65	ii		65			mm7	False	False	(-1, 3, 0, 2)	()	2	-1	major	major	I	I, major	ii		I	I	False	ii65	ii65, major		ii65, major		ii	-1	-1	-1	2	2	2	True	True	False
1600	20	82	-2	B	-1	3	8	1	1	True	2.0	-1	14	14	14	14a	20	1/16	False	5	False				False	15	ii65		F	I		ii65	ii		65			mm7	False	False	(-1, 3, 0, 2)	()	2	-1	major	major	I	I, major	ii		I	I	False	ii65	ii65, major		ii65, major		ii	-1	-1	-1	-1	-1	-1	True	False	True
1620	20	81	3	A	0	3	8	1	1	True	2.5	-1	14	14	14	14a	81/4	1/16	False	5	False				False	15	ii65		F	I		ii65	ii		65			mm7	False	False	(-1, 3, 0, 2)	()	2	-1	major	major	I	I, major	ii		I	I	False	ii65	ii65, major		ii65, major		ii	-1	-1	-1	4	4	4	False	False	False
1640	40	58	-2	B	-1	3	8	2	1	True	3.0	-1	14	14	14	14a	41/2	1/8	False	3	False				False	15	ii65		F	I		ii65	ii		65			mm7	False	False	(-1, 3, 0, 2)	()	2	-1	major	major	I	I, major	ii		I	I	False	ii65	ii65, major		ii65, major		ii	-1	-1	-1	-1	-1	-1	True	False	True
1640	40	65	-1	F	0	3	8	2	1	True	3.0	-1	14	14	14	14a	41/2	1/8	False	4	False				False	15	ii65		F	I		ii65	ii		65			mm7	False	False	(-1, 3, 0, 2)	()	2	-1	major	major	I	I, major	ii		I	I	False	ii65	ii65, major		ii65, major		ii	-1	-1	-1	0	0	0	True	False	False
1640	40	67	1	G	0	3	8	2	1	True	3.0	-1	14	14	14	14a	41/2	1/8	False	4	False				False	15	ii65		F	I		ii65	ii		65			mm7	False	False	(-1, 3, 0, 2)	()	2	-1	major	major	I	I, major	ii		I	I	False	ii65	ii65, major		ii65, major		ii	-1	-1	-1	2	2	2	True	True	False
1640	20	79	1	G	0	3	8	1	1	True	3.0	-1	14	14	14	14a	41/2	1/16	False	5	False				False	15	ii65		F	I		ii65	ii		65			mm7	False	False	(-1, 3, 0, 2)	()	2	-1	major	major	I	I, major	ii		I	I	False	ii65	ii65, major		ii65, major		ii	-1	-1	-1	2	2	2	True	True	False
1660	20	77	-1	F	0	3	8	1	1	True	3.5	-1	14	14	14	14a	83/4	1/16	False	5	False				False	15	ii65		F	I		ii65	ii		65			mm7	False	False	(-1, 3, 0, 2)	()	2	-1	major	major	I	I, major	ii		I	I	False	ii65	ii65, major		ii65, major		ii	-1	-1	-1	0	0	0	True	False	False
1680	40	60	0	C	0	3	8	2	1	True	1.0	-1	15	15	15	15a	21	1/8	False	4	True				False	16	V		F	I		V	V					M	False	False	(1, 5, 2)	()	1	1	major	major	I	I, major	V		I	I	False	V	V, major		V, major		V	-1	-1	-1	1	1	1	True	True	True
1680	40	67	1	G	0	3	8	2	1	True	1.0	-1	15	15	15	15a	21	1/8	False	4	True				False	16	V		F	I		V	V					M	False	False	(1, 5, 2)	()	1	1	major	major	I	I, major	V		I	I	False	V	V, major		V, major		V	-1	-1	-1	2	2	2	True	False	False
1680	20	76	4	E	0	3	8	1	1	True	1.0	-1	15	15	15	15a	21	1/16	False	5	True				False	16	V		F	I		V	V					M	False	False	(1, 5, 2)	()	1	1	major	major	I	I, major	V		I	I	False	V	V, major		V, major		V	-1	-1	-1	5	5	5	True	False	False
1700	20	74	2	D	0	3	8	1	1	True	1.5	-1	15	15	15	15a	85/4	1/16	False	5	False				False	16	V		F	I		V	V					M	False	False	(1, 5, 2)	()	1	1	major	major	I	I, major	V		I	I	False	V	V, major		V, major		V	-1	-1	-1	3	3	3	False	False	False
1720	40	60	0	C	0	3	8	2	1	True	2.0	-1	15	15	15	15a	43/2	1/8	False	4	False				False	16	V		F	I		V	V					M	False	False	(1, 5, 2)	()	1	1	major	major	I	I, major	V		I	I	False	V	V, major		V, major		V	-1	-1	-1	1	1	1	True	True	True
1720	40	67	1	G	0	3	8	2	1	True	2.0	-1	15	15	15	15a	43/2	1/8	False	4	False				False	16	V		F	I		V	V					M	False	False	(1, 5, 2)	()	1	1	major	major	I	I, major	V		I	I	False	V	V, major		V, major		V	-1	-1	-1	2	2	2	True	False	False
1720	20	72	0	C	0	3	8	1	1	True	2.0	-1	15	15	15	15a	43/2	1/16	False	5	False				False	16	V		F	I		V	V					M	False	False	(1, 5, 2)	()	1	1	major	major	I	I, major	V		I	I	False	V	V, major		V, major		V	-1	-1	-1	1	1	1	True	True	True
1740	20	70	-2	B	-1	3	8	1	1	True	2.5	-1	15	15	15	15a	87/4	1/16	False	4	False				False	16	V		F	I		V	V					M	False	False	(1, 5, 2)	()	1	1	major	major	I	I, major	V		I	I	False	V	V, major		V, major		V	-1	-1	-1	-1	-1	-1	False	False	False
1760	40	48	0	C	0	3	8	2	1	True	3.0	-1	15	15	15	15a	22	1/8	False	3	False				False	16	V		F	I		V	V					M	False	False	(1, 5, 2)	()	1	1	major	major	I	I, major	V		I	I	False	V	V, major		V, major		V	-1	-1	-1	1	1	1	True	True	True
1760	20	69	3	A	0	3	8	1	1	True	3.0	-1	15	15	15	15a	22	1/16	False	4	False				False	16	V		F	I		V	V					M	False	False	(1, 5, 2)	()	1	1	major	major	I	I, major	V		I	I	False	V	V, major		V, major		V	-1	-1	-1	4	4	4	False	False	False
1780	20	67	1	G	0	3	8	1	1	True	3.5	-1	15	15	15	15a	89/4	1/16	False	4	False				False	16	V		F	I		V	V					M	False	False	(1, 5, 2)	()	1	1	major	major	I	I, major	V		I	I	False	V	V, major		V, major		V	-1	-1	-1	2	2	2	True	False	False
1800	40	53	-1	F	0	3	8	2	1	True	1.0	-1	16	16	16	16a	45/2	1/8	False	3	True			}	True	17	I}		F	I		I	I					M	False	False	(0, 4, 1)	()	0	0	major	major	I	I, major	I		I	I	False	I	I, major		I, major		I	-1	-1	-1	0	0	0	True	True	True
1800	20	69	3	A	0	3	8	1	1	True	1.0	-1	16	16	16	16a	45/2	1/16	False	4	True			}	True	17	I}		F	I		I	I					M	False	False	(0, 4, 1)	()	0	0	major	major	I	I, major	I		I	I	False	I	I, major		I, major		I	-1	-1	-1	4	4	4	True	False	False
1820	20	67	1	G	0	3	8	1	1	True	1.5	-1	16	16	16	16a	91/4	1/16	False	4	False				False	17	I}		F	I		I	I					M	False	False	(0, 4, 1)	()	0	0	major	major	I	I, major	I		I	I	False	I	I, major		I, major		I	-1	-1	-1	2	2	2	False	False	False
1840	40	48	0	C	0	3	8	2	1	True	2.0	-1	16	16	16	16a	23	1/8	False	3	True				False	18	V		F	I		V	V					M	False	False	(1, 5, 2)	()	1	1	major	major	I	I, major	V		I	I	False	V	V, major		V, major		V	-1	-1	-1	1	1	1	True	True	True
1840	20	65	-1	F	0	3	8	1	1	True	2.0	-1	16	16	16	16a	23	1/16	False	4	True				False	18	V		F	I		V	V					M	False	False	(1, 5, 2)	()	1	1	major	major	I	I, major	V		I	I	False	V	V, major		V, major		V	-1	-1	-1	0	0	0	False	False	False
1860	20	64	4	E	0	3	8	1	1	True	2.5	-1	16	16	16	16a	93/4	1/16	False	4	False				False	18	V		F	I		V	V					M	False	False	(1, 5, 2)	()	1	1	major	major	I	I, major	V		I	I	False	V	V, major		V, major		V	-1	-1	-1	5	5	5	True	False	False
1880	40	41	-1	F	0	3	8	2	1	True	3.0	-1	16	16	16	16a	47/2	1/8	False	2	False	PAC	PAC		False	19	I|PAC		F	I		I	I					M	False	False	(0, 4, 1)	()	0	0	major	major	I	I, major	I		I	I	False	I	I, major		I, major		I	-1	-1	-1	0	0	0	True	True	True
1880	40	65	-1	F	0	3	8	1	1	True	3.0	-1	16	16	16	16a	47/2	1/8	False	4	False	PAC	PAC		False	19	I|PAC		F	I		I	I					M	False	False	(0, 4, 1)	()	0	0	major	major	I	I, major	I		I	I	False	I	I, major		I, major		I	-1	-1	-1	0	0	0	True	True	True
1920	20	65	-1	F	0	3	8	2	1	True	1.0	-1	17	17	17	17a	24	1/16	False	4	True			{	False	20	I{		F	I		I	I					M	False	False	(0, 4, 1)	()	0	0	major	major	I	I, major	I		I	I	False	I	I, major		I, major		I	-1	-1	-1	0	0	0	True	True	True
1920	40	84	0	C	0	3	8	1	1	True	1.0	-1	17	17	17	17a	24	1/8	False	6	True			{	False	20	I{		F	I		I	I					M	False	False	(0, 4, 1)	()	0	0	major	major	I	I, major	I		I	I	False	I	I, major		I, major		I	-1	-1	-1	1	1	1	True	False	False
1940	20	69	3	A	0	3	8	2	1	True	1.5	-1	17	17	17	17a	97/4	1/16	False	4	False				False	20	I{		F	I		I	I					M	False	False	(0, 4, 1)	()	0	0	major	major	I	I, major	I		I	I	False	I	I, major		I, major		I	-1	-1	-1	4	4	4	True	False	False
1960	20	67	1	G	0	3	8	2	1	True	2.0	-1	17	17	17	17a	49/2	1/16	False	4	False				False	20	I{		F	I		I	I					M	False	False	(0, 4, 1)	()	0	0	major	major	I	I, major	I		I	I	False	I	I, major		I, major		I	-1	-1	-1	2	2	2	False	False	False
1960	40	76	4	E	0	3	8	1	1	True	2.0	-1	17	17	17	17a	49/2	1/8	False	5	False				False	20	I{		F	I		I	I					M	False	False	(0, 4, 1)	()	0	0	major	major	I	I, major	I		I	I	False	I	I, major		I, major		I	-1	-1	-1	5	5	5	False	False	False
1980	20	70	-2	B	-1	3	8	2	1	True	2.5	-1	17	17	17	17a	99/4	1/16	False	4	False				False	20	I{		F	I		I	I					M	False	False	(0, 4, 1)	()	0	0	major	major	I	I, major	I		I	I	False	I	I, major		I, major		I	-1	-1	-1	-1	-1	-1	False	False	False
2000	40	69	3	A	0	3	8	2	1	True	3.0	-1	17	17	17	17a	25	1/8	False	4	False				False	20	I{		F	I		I	I					M	False	False	(0, 4, 1)	()	0	0	major	major	I	I, major	I		I	I	False	I	I, major		I, major		I	-1	-1	-1	4	4	4	True	False	False
2000	40	77	-1	F	0	3	8	1	1	True	3.0	-1	17	17	17	17a	25	1/8	False	5	False				False	20	I{		F	I		I	I					M	False	False	(0, 4, 1)	()	0	0	major	major	I	I, major	I		I	I	False	I	I, major		I, major		I	-1	-1	-1	0	0	0	True	True	True
2040	40	36	0	C	0	3	8	2	1	True	1.0	-1	18	18	18	18a	51/2	1/8	False	2	True				False	21	V		F	I		V	V					M	False	False	(1, 5, 2)	()	1	1	major	major	I	I, major	V		I	I	False	V	V, major		V, major		V	-1	-1	-1	1	1	1	True	True	True
2040	60	79	1	G	0	3	8	1	1	True	1.0	-1	18	18	18	18a	51/2	3/16	False	5	True				False	21	V		F	I		V	V					M	False	False	(1, 5, 2)	()	1	1	major	major	I	I, major	V		I	I	False	V	V, major		V, major		V	-1	-1	-1	2	2	2	True	False	False
2080	40	36	0	C	0	3	8	2	1	True	2.0	-1	18	18	18	18a	26	1/8	False	2	False				False	21	V		F	I		V	V					M	False	False	(1, 5, 2)	()	1	1	major	major	I	I, major	V		I	I	False	V	V, major		V, major		V	-1	-1	-1	1	1	1	True	True	True
2100	10	81	3	A	0	3	8	1	1	True	2.5	-1	18	18	18	18a	105/4	1/32	False	5	False				False	21	V		F	I		V	V					M	False	False	(1, 5, 2)	()	1	1	major	major	I	I, major	V		I	I	False	V	V, major		V, major		V	-1	-1	-1	4	4	4	False	False	False
2110	10	82	-2	B	-1	3	8	1	1	True	2.75	-1	18	18	18	18a	211/8	1/32	False	5	False				False	21	V		F	I		V	V					M	False	False	(1, 5, 2)	()	1	1	major	major	I	I, major	V		I	I	False	V	V, major		V, major		V	-1	-1	-1	-1	-1	-1	False	False	False
2120	40	41	-1	F	0	3	8	2	1	True	3.0	-1	18	18	18	18a	53/2	1/8	False	2	False				False	22	I		F	I		I	I					M	False	False	(0, 4, 1)	()	0	0	major	major	I	I, major	I		I	I	False	I	I, major		I, major		I	-1	-1	-1	0	0	0	True	True	True
2120	40	81	3	A	0	3	8	1	1	True	3.0	-1	18	18	18	18a	53/2	1/8	False	5	False				False	22	I		F	I		I	I					M	False	False	(0, 4, 1)	()	0	0	major	major	I	I, major	I		I	I	False	I	I, major		I, major		I	-1	-1	-1	4	4	4	True	False	False
2160	20	65	-1	F	0	3	8	2	1	True	1.0	-1	19	19	19	19a	27	1/16	False	4	True				False	23	I		F	I		I	I					M	False	False	(0, 4, 1)	()	0	0	major	major	I	I, major	I		I	I	False	I	I, major		I, major		I	-1	-1	-1	0	0	0	True	True	True
2160	40	84	0	C	0	3	8	1	1	True	1.0	-1	19	19	19	19a	27	1/8	False	6	True				False	23	I		F	I		I	I					M	False	False	(0, 4, 1)	()	0	0	major	major	I	I, major	I		I	I	False	I	I, major		I, major		I	-1	-1	-1	1	1	1	True	False	False
2180	20	69	3	A	0	3	8	2	1	True	1.5	-1	19	19	19	19a	109/4	1/16	False	4	False				False	23	I		F	I		I	I					M	False	False	(0, 4, 1)	()	0	0	major	major	I	I, major	I		I	I	False	I	I, major		I, major		I	-1	-1	-1	4	4	4	True	False	False
2200	20	67	1	G	0	3	8	2	1	True	2.0	-1	19	19	19	19a	55/2	1/16	False	4	False				False	23	I		F	I		I	I					M	False	False	(0, 4, 1)	()	0	0	major	major	I	I, major	I		I	I	False	I	I, major		I, major		I	-1	-1	-1	2	2	2	False	False	False
2200	40	76	4	E	0	3	8	1	1	True	2.0	-1	19	19	19	19a	55/2	1/8	False	5	False				False	23	I		F	I		I	I					M	False	False	(0, 4, 1)	()	0	0	major	major	I	I, major	I		I	I	False	I	I, major		I, major		I	-1	-1	-1	5	5	5	False	False	False
2220	20	70	-2	B	-1	3	8	2	1	True	2.5	-1	19	19	19	19a	111/4	1/16	False	4	False				False	23	I		F	I		I	I					M	False	False	(0, 4, 1)	()	0	0	major	major	I	I, major	I		I	I	False	I	I, major		I, major		I	-1	-1	-1	-1	-1	-1	False	False	False
2240	40	69	3	A	0	3	8	2	1	True	3.0	-1	19	19	19	19a	28	1/8	False	4	False				False	23	I		F	I		I	I					M	False	False	(0, 4, 1)	()	0	0	major	major	I	I, major	I		I	I	False	I	I, major		I, major		I	-1	-1	-1	4	4	4	True	False	False
2240	40	77	-1	F	0	3	8	1	1	True	3.0	-1	19	19	19	19a	28	1/8	False	5	False				False	23	I		F	I		I	I					M	False	False	(0, 4, 1)	()	0	0	major	major	I	I, major	I		I	I	False	I	I, major		I, major		I	-1	-1	-1	0	0	0	True	True	True
2280	40	36	0	C	0	3	8	2	1	True	1.0	-1	20	20	20	20a	57/2	1/8	False	2	True			}	True	24	V}		F	I		V	V					M	False	False	(1, 5, 2)	()	1	1	major	major	I	I, major	V		I	I	False	V	V, major		V, major		V	-1	-1	-1	1	1	1	True	True	True
2280	60	79	1	G	0	3	8	1	1	True	1.0	-1	20	20	20	20a	57/2	3/16	False	5	True			}	True	24	V}		F	I		V	V					M	False	False	(1, 5, 2)	()	1	1	major	major	I	I, major	V		I	I	False	V	V, major		V, major		V	-1	-1	-1	2	2	2	True	False	False
2320	40	36	0	C	0	3	8	2	1	True	2.0	-1	20	20	20	20a	29	1/8	False	2	False				False	24	V}		F	I		V	V					M	False	False	(1, 5, 2)	()	1	1	major	major	I	I, major	V		I	I	False	V	V, major		V, major		V	-1	-1	-1	1	1	1	True	True	True
2340	10	81	3	A	0	3	8	1	1	True	2.5	-1	20	20	20	20a	117/4	1/32	False	5	False				False	24	V}		F	I		V	V					M	False	False	(1, 5, 2)	()	1	1	major	major	I	I, major	V		I	I	False	V	V, major		V, major		V	-1	-1	-1	4	4	4	False	False	False
2350	10	82	-2	B	-1	3	8	1	1	True	2.75	-1	20	20	20	20a	235/8	1/32	False	5	False				False	24	V}		F	I		V	V					M	False	False	(1, 5, 2)	()	1	1	major	major	I	I, major	V		I	I	False	V	V, major		V, major		V	-1	-1	-1	-1	-1	-1	False	False	False
2360	40	41	-1	F	0	3	8	2	1	True	3.0	-1	20	20	20	20a	59/2	1/8	False	2	True				False	25	I		F	I		I	I					M	False	False	(0, 4, 1)	()	0	0	major	major	I	I, major	I		I	I	False	I	I, major		I, major		I	-1	-1	-1	0	0	0	True	True	True
2360	40	81	3	A	0	3	8	1	1	True	3.0	-1	20	20	20	20a	59/2	1/8	False	5	True				False	25	I		F	I		I	I					M	False	False	(0, 4, 1)	()	0	0	major	major	I	I, major	I		I	I	False	I	I, major		I, major		I	-1	-1	-1	4	4	4	True	False	False
2400	40	65	-1	F	0	3	8	2	1	True	1.0	-1	21	21	21	21a	30	1/8	False	4	True			{	False	26	V.IV{		F	V		IV	IV					M	False	False	(-1, 3, 0)	()	-1	-1	major	major	V	V, major	IV		V	V	False	IV	IV, major		IV, major		IV	-1	0	0	0	-1	-1	True	True	True
2400	40	72	0	C	0	3	8	2	1	True	1.0	-1	21	21	21	21a	30	1/8	False	5	True			{	False	26	V.IV{		F	V		IV	IV					M	False	False	(-1, 3, 0)	()	-1	-1	major	major	V	V, major	IV		V	V	False	IV	IV, major		IV, major		IV	-1	0	0	1	0	0	True	False	False
2420	20	81	3	A	0	3	8	1	1	True	1.5	-1	21	21	21	21a	121/4	1/16	False	5	False				False	26	V.IV{		F	V		IV	IV					M	False	False	(-1, 3, 0)	()	-1	-1	major	major	V	V, major	IV		V	V	False	IV	IV, major		IV, major		IV	-1	0	0	4	3	3	True	False	False
2440	40	65	-1	F	0	3	8	2	1	True	2.0	-1	21	21	21	21a	61/2	1/8	False	4	False				False	26	V.IV{		F	V		IV	IV					M	False	False	(-1, 3, 0)	()	-1	-1	major	major	V	V, major	IV		V	V	False	IV	IV, major		IV, major		IV	-1	0	0	0	-1	-1	True	True	True
2440	40	72	0	C	0	3	8	2	1	True	2.0	-1	21	21	21	21a	61/2	1/8	False	5	False				False	26	V.IV{		F	V		IV	IV					M	False	False	(-1, 3, 0)	()	-1	-1	major	major	V	V, major	IV		V	V	False	IV	IV, major		IV, major		IV	-1	0	0	1	0	0	True	False	False
2440	20	82	-2	B	-1	3	8	1	1	True	2.0	-1	21	21	21	21a	61/2	1/16	False	5	False				False	26	V.IV{		F	V		IV	IV					M	False	False	(-1, 3, 0)	()	-1	-1	major	major	V	V, major	IV		V	V	False	IV	IV, major		IV, major		IV	-1	0	0	-1	-2	-2	False	False	False
2460	20	83	5	B	0	3	8	1	1	True	2.5	-1	21	21	21	21a	123/4	1/16	False	5	False				False	26	V.IV{		F	V		IV	IV					M	False	False	(-1, 3, 0)	()	-1	-1	major	major	V	V, major	IV		V	V	False	IV	IV, major		IV, major		IV	-1	0	0	6	5	5	False	False	False
2480	40	65	-1	F	0	3	8	2	1	True	3.0	-1	21	21	21	21a	31	1/8	False	4	False				False	26	V.IV{		F	V		IV	IV					M	False	False	(-1, 3, 0)	()	-1	-1	major	major	V	V, major	IV		V	V	False	IV	IV, major		IV, major		IV	-1	0	0	0	-1	-1	True	True	True
2480	40	72	0	C	0	3	8	2	1	True	3.0	-1	21	21	21	21a	31	1/8	False	5	False				False	26	V.IV{		F	V		IV	IV					M	False	False	(-1, 3, 0)	()	-1	-1	major	major	V	V, major	IV		V	V	False	IV	IV, major		IV, major		IV	-1	0	0	1	0	0	True	False	False
2480	20	84	0	C	0	3	8	1	1	True	3.0	-1	21	21	21	21a	31	1/16	False	6	False				False	26	V.IV{		F	V		IV	IV					M	False	False	(-1, 3, 0)	()	-1	-1	major	major	V	V, major	IV		V	V	False	IV	IV, major		IV, major		IV	-1	0	0	1	0	0	True	False	False
2500	20	81	3	A	0	3	8	1	1	True	3.5	-1	21	21	21	21a	125/4	1/16	False	5	False				False	26	V.IV{		F	V		IV	IV					M	False	False	(-1, 3, 0)	()	-1	-1	major	major	V	V, major	IV		V	V	False	IV	IV, major		IV, major		IV	-1	0	0	4	3	3	True	False	False
2520	40	64	4	E	0	3	8	2	1	True	1.0	-1	22	22	22	22a	63/2	1/8	False	4	True				False	27	I6		F	V		I6	I		6			M	False	False	(4, 1, 0)	()	0	4	major	major	V	V, major	I		V	V	False	I6	I6, major		I6, major		I	-1	0	0	5	4	4	True	False	True
2520	40	67	1	G	0	3	8	2	1	True	1.0	-1	22	22	22	22a	63/2	1/8	False	4	True				False	27	I6		F	V		I6	I		6			M	False	False	(4, 1, 0)	()	0	4	major	major	V	V, major	I		V	V	False	I6	I6, major		I6, major		I	-1	0	0	2	1	1	True	False	False
2520	40	72	0	C	0	3	8	2	1	True	1.0	-1	22	22	22	22a	63/2	1/8	False	5	True				False	27	I6		F	V		I6	I		6			M	False	False	(4, 1, 0)	()	0	4	major	major	V	V, major	I		V	V	False	I6	I6, major		I6, major		I	-1	0	0	1	0	0	True	True	False
2520	20	79	1	G	0	3	8	1	1	True	1.0	-1	22	22	22	22a	63/2	1/16	False	5	True				False	27	I6		F	V		I6	I		6			M	False	False	(4, 1, 0)	()	0	4	major	major	V	V, major	I		V	V	False	I6	I6, major		I6, major		I	-1	0	0	2	1	1	True	False	False
2540	20	78	6	F	1	3	8	1	1	True	1.5	-1	22	22	22	22a	127/4	1/16	False	5	False				False	27	I6		F	V		I6	I		6			M	False	False	(4, 1, 0)	()	0	4	major	major	V	V, major	I		V	V	False	I6	I6, major		I6, major		I	-1	0	0	7	6	6	False	False	False
2560	40	64	4	E	0	3	8	2	1	True	2.0	-1	22	22	22	22a	32	1/8	False	4	False				False	27	I6		F	V		I6	I		6			M	False	False	(4, 1, 0)	()	0	4	major	major	V	V, major	I		V	V	False	I6	I6, major		I6, major		I	-1	0	0	5	4	4	True	False	True
2560	40	67	1	G	0	3	8	2	1	True	2.0	-1	22	22	22	22a	32	1/8	False	4	False				False	27	I6		F	V		I6	I		6			M	False	False	(4, 1, 0)	()	0	4	major	major	V	V, major	I		V	V	False	I6	I6, major		I6, major		I	-1	0	0	2	1	1	True	False	False
2560	40	72	0	C	0	3	8	2	1	True	2.0	-1	22	22	22	22a	32	1/8	False	5	False				False	27	I6		F	V		I6	I		6			M	False	False	(4, 1, 0)	()	0	4	major	major	V	V, major	I		V	V	False	I6	I6, major		I6, major		I	-1	0	0	1	0	0	True	True	False
2560	20	78	6	F	1	3	8	1	1	True	2.0	-1	22	22	22	22a	32	1/16	False	5	False				False	27	I6		F	V		I6	I		6			M	False	False	(4, 1, 0)	()	0	4	major	major	V	V, major	I		V	V	False	I6	I6, major		I6, major		I	-1	0	0	7	6	6	False	False	False
2580	20	79	1	G	0	3	8	1	1	True	2.5	-1	22	22	22	22a	129/4	1/16	False	5	False				False	27	I6		F	V		I6	I		6			M	False	False	(4, 1, 0)	()	0	4	major	major	V	V, major	I		V	V	False	I6	I6, major		I6, major		I	-1	0	0	2	1	1	True	False	False
2600	40	64	4	E	0	3	8	2	1	True	3.0	-1	22	22	22	22a	65/2	1/8	False	4	False				False	27	I6		F	V		I6	I		6			M	False	False	(4, 1, 0)	()	0	4	major	major	V	V, major	I		V	V	False	I6	I6, major		I6, major		I	-1	0	0	5	4	4	True	False	True
2600	40	67	1	G	0	3	8	2	1	True	3.0	-1	22	22	22	22a	65/2	1/8	False	4	False				False	27	I6		F	V		I6	I		6			M	False	False	(4, 1, 0)	()	0	4	major	major	V	V, major	I		V	V	False	I6	I6, major		I6, major		I	-1	0	0	2	1	1	True	False	False
2600	40	72	0	C	0	3	8	2	1	True	3.0	-1	22	22	22	22a	65/2	1/8	False	5	False				False	27	I6		F	V		I6	I		6			M	False	False	(4, 1, 0)	()	0	4	major	major	V	V, major	I		V	V	False	I6	I6, major		I6, major		I	-1	0	0	1	0	0	True	True	False
2600	40	79	1	G	0	3	8	1	1	True	3.0	-1	22	22	22	22a	65/2	1/8	False	5	False				False	27	I6		F	V		I6	I		6			M	False	False	(4, 1, 0)	()	0	4	major	major	V	V, major	I		V	V	False	I6	I6, major		I6, major		I	-1	0	0	2	1	1	True	False	False
2640	40	62	2	D	0	3	8	2	1	True	1.0	-1	23	23	23	23a	33	1/8	False	4	True				False	28	viio6(2)		F	V		viio6(2)	vii	o	6	2		o	False	False	(2, -1, 0)	()	5	2	major	major	V	V, major	vii		V	V	False	viio6	viio6, major		viio6(2), major		vii	-1	0	0	3	2	2	True	False	True
2640	40	65	-1	F	0	3	8	2	1	True	1.0	-1	23	23	23	23a	33	1/8	False	4	True				False	28	viio6(2)		F	V		viio6(2)	vii	o	6	2		o	False	False	(2, -1, 0)	()	5	2	major	major	V	V, major	vii		V	V	False	viio6	viio6, major		viio6(2), major		vii	-1	0	0	0	-1	-1	True	False	False
2640	40	72	0	C	0	3	8	2	1	True	1.0	-1	23	23	23	23a	33	1/8	False	5	True				False	28	viio6(2)		F	V		viio6(2)	vii	o	6	2		o	False	False	(2, -1, 0)	()	5	2	major	major	V	V, major	vii		V	V	False	viio6	viio6, major		viio6(2), major		vii	-1	0	0	1	0	0	True	False	False
2660	20	76	4	E	0	3	8	1	1	True	1.5	-1	23	23	23	23a	133/4	1/16	False	5	False				False	28	viio6(2)		F	V		viio6(2)	vii	o	6	2		o	False	False	(2, -1, 0)	()	5	2	major	major	V	V, major	vii		V	V	False	viio6	viio6, major		viio6(2), major		vii	-1	0	0	5	4	4	False	False	False
2680	40	62	2	D	0	3	8	2	1	True	2.0	-1	23	23	23	23a	67/2	1/8	False	4	False				False	28	viio6(2)		F	V		viio6(2)	vii	o	6	2		o	False	False	(2, -1, 0)	()	5	2	major	major	V	V, major	vii		V	V	False	viio6	viio6, major		viio6(2), major		vii	-1	0	0	3	2	2	True	False	True
2680	40	65	-1	F	0	3	8	2	1	True	2.0	-1	23	23	23	23a	67/2	1/8	False	4	False				False	28	viio6(2)		F	V		viio6(2)	vii	o	6	2		o	False	False	(2, -1, 0)	()	5	2	major	major	V	V, major	vii		V	V	False	viio6	viio6, major		viio6(2), major		vii	-1	0	0	0	-1	-1	True	False	False
2680	40	72	0	C	0	3	8	2	1	True	2.0	-1	23	23	23	23a	67/2	1/8	False	5	False				False	28	viio6(2)		F	V		viio6(2)	vii	o	6	2		o	False	False	(2, -1, 0)	()	5	2	major	major	V	V, major	vii		V	V	False	viio6	viio6, major		viio6(2), major		vii	-1	0	0	1	0	0	True	False	False
2680	20	77	-1	F	0	3	8	1	1	True	2.0	-1	23	23	23	23a	67/2	1/16	False	5	False				False	28	viio6(2)		F	V		viio6(2)	vii	o	6	2		o	False	False	(2, -1, 0)	()	5	2	major	major	V	V, major	vii		V	V	False	viio6	viio6, major		viio6(2), major		vii	-1	0	0	0	-1	-1	True	False	False
2700	20	80	8	G	1	3	8	1	1	True	2.5	-1	23	23	23	23a	135/4	1/16	False	5	False				False	28	viio6(2)		F	V		viio6(2)	vii	o	6	2		o	False	False	(2, -1, 0)	()	5	2	major	major	V	V, major	vii		V	V	False	viio6	viio6, major		viio6(2), major		vii	-1	0	0	9	8	8	False	False	False
2720	40	62	2	D	0	3	8	2	1	True	3.0	-1	23	23	23	23a	34	1/8	False	4	True				False	29	viio6		F	V		viio6	vii	o	6			o	False	False	(2, -1, 5)	()	5	2	major	major	V	V, major	vii		V	V	False	viio6	viio6, major		viio6, major		vii	-1	0	0	3	2	2	True	False	True
2720	40	65	-1	F	0	3	8	2	1	True	3.0	-1	23	23	23	23a	34	1/8	False	4	True				False	29	viio6		F	V		viio6	vii	o	6			o	False	False	(2, -1, 5)	()	5	2	major	major	V	V, major	vii		V	V	False	viio6	viio6, major		viio6, major		vii	-1	0	0	0	-1	-1	True	False	False
2720	40	71	5	B	0	3	8	2	1	True	3.0	-1	23	23	23	23a	34	1/8	False	4	True				False	29	viio6		F	V		viio6	vii	o	6			o	False	False	(2, -1, 5)	()	5	2	major	major	V	V, major	vii		V	V	False	viio6	viio6, major		viio6, major		vii	-1	0	0	6	5	5	True	True	False
2720	20	81	3	A	0	3	8	1	1	True	3.0	-1	23	23	23	23a	34	1/16	False	5	True				False	29	viio6		F	V		viio6	vii	o	6			o	False	False	(2, -1, 5)	()	5	2	major	major	V	V, major	vii		V	V	False	viio6	viio6, major		viio6, major		vii	-1	0	0	4	3	3	False	False	False
2740	20	77	-1	F	0	3	8	1	1	True	3.5	-1	23	23	23	23a	137/4	1/16	False	5	False				False	29	viio6		F	V		viio6	vii	o	6			o	False	False	(2, -1, 5)	()	5	2	major	major	V	V, major	vii		V	V	False	viio6	viio6, major		viio6, major		vii	-1	0	0	0	-1	-1	True	False	False
2760	40	60	0	C	0	3	8	2	1	True	1.0	-1	24	24	24	24a	69/2	1/8	False	4	True				False	30	vi6(2)		F	V		vi6(2)	vi		6	2		m	False	False	(0, 4, 5)	()	3	0	major	major	V	V, major	vi		V	V	False	vi6	vi6, major		vi6(2), major		vi	-1	0	0	1	0	0	True	False	True
2760	40	64	4	E	0	3	8	2	1	True	1.0	-1	24	24	24	24a	69/2	1/8	False	4	True				False	30	vi6(2)		F	V		vi6(2)	vi		6	2		m	False	False	(0, 4, 5)	()	3	0	major	major	V	V, major	vi		V	V	False	vi6	vi6, major		vi6(2), major		vi	-1	0	0	5	4	4	True	False	False
2760	40	71	5	B	0	3	8	2	1	True	1.0	-1	24	24	24	24a	69/2	1/8	False	4	True				False	30	vi6(2)		F	V		vi6(2)	vi		6	2		m	False	False	(0, 4, 5)	()	3	0	major	major	V	V, major	vi		V	V	False	vi6	vi6, major		vi6(2), major		vi	-1	0	0	6	5	5	True	False	False
2760	20	76	4	E	0	3	8	1	1	True	1.0	-1	24	24	24	24a	69/2	1/16	False	5	True				False	30	vi6(2)		F	V		vi6(2)	vi		6	2		m	False	False	(0, 4, 5)	()	3	0	major	major	V	V, major	vi		V	V	False	vi6	vi6, major		vi6(2), major		vi	-1	0	0	5	4	4	True	False	False
2780	20	75	9	D	1	3	8	1	1	True	1.5	-1	24	24	24	24a	139/4	1/16	False	5	False				False	30	vi6(2)		F	V		vi6(2)	vi		6	2		m	False	False	(0, 4, 5)	()	3	0	major	major	V	V, major	vi		V	V	False	vi6	vi6, major		vi6(2), major		vi	-1	0	0	10	9	9	False	False	False
2800	40	60	0	C	0	3	8	2	1	True	2.0	-1	24	24	24	24a	35	1/8	False	4	False				False	30	vi6(2)		F	V		vi6(2)	vi		6	2		m	False	False	(0, 4, 5)	()	3	0	major	major	V	V, major	vi		V	V	False	vi6	vi6, major		vi6(2), major		vi	-1	0	0	1	0	0	True	False	True
2800	40	64	4	E	0	3	8	2	1	True	2.0	-1	24	24	24	24a	35	1/8	False	4	False				False	30	vi6(2)		F	V		vi6(2)	vi		6	2		m	False	False	(0, 4, 5)	()	3	0	major	major	V	V, major	vi		V	V	False	vi6	vi6, major		vi6(2), major		vi	-1	0	0	5	4	4	True	False	False
2800	40	69	3	A	0	3	8	2	1	True	2.0	-1	24	24	24	24a	35	1/8	False	4	False				False	30	vi6(2)		F	V		vi6(2)	vi		6	2		m	False	False	(0, 4, 5)	()	3	0	major	major	V	V, major	vi		V	V	False	vi6	vi6, major		vi6(2), major		vi	-1	0	0	4	3	3	False	True	False
2800	20	75	9	D	1	3	8	1	1	True	2.0	-1	24	24	24	24a	35	1/16	False	5	False				False	30	vi6(2)		F	V		vi6(2)	vi		6	2		m	False	False	(0, 4, 5)	()	3	0	major	major	V	V, major	vi		V	V	False	vi6	vi6, major		vi6(2), major		vi	-1	0	0	10	9	9	False	False	False
2820	20	76	4	E	0	3	8	1	1	True	2.5	-1	24	24	24	24a	141/4	1/16	False	5	False				False	30	vi6(2)		F	V		vi6(2)	vi		6	2		m	False	False	(0, 4, 5)	()	3	0	major	major	V	V, major	vi		V	V	False	vi6	vi6, major		vi6(2), major		vi	-1	0	0	5	4	4	True	False	False
2840	40	60	0	C	0	3	8	2	1	True	3.0	-1	24	24	24	24a	71/2	1/8	False	4	True				False	31	vi6		F	V		vi6	vi		6			m	False	False	(0, 4, 3)	()	3	0	major	major	V	V, major	vi		V	V	False	vi6	vi6, major		vi6, major		vi	-1	0	0	1	0	0	True	False	True
2840	40	64	4	E	0	3	8	2	1	True	3.0	-1	24	24	24	24a	71/2	1/8	False	4	True				False	31	vi6		F	V		vi6	vi		6			m	False	False	(0, 4, 3)	()	3	0	major	major	V	V, major	vi		V	V	False	vi6	vi6, major		vi6, major		vi	-1	0	0	5	4	4	True	False	False
2840	40	69	3	A	0	3	8	2	1	True	3.0	-1	24	24	24	24a	71/2	1/8	False	4	True				False	31	vi6		F	V		vi6	vi		6			m	False	False	(0, 4, 3)	()	3	0	major	major	V	V, major	vi		V	V	False	vi6	vi6, major		vi6, major		vi	-1	0	0	4	3	3	True	True	False
2840	40	76	4	E	0	3	8	1	1	True	3.0	-1	24	24	24	24a	71/2	1/8	False	5	True				False	31	vi6		F	V		vi6	vi		6			m	False	False	(0, 4, 3)	()	3	0	major	major	V	V, major	vi		V	V	False	vi6	vi6, major		vi6, major		vi	-1	0	0	5	4	4	True	False	False
2880	40	59	5	B	0	3	8	2	1	True	1.0	-1	25	25	25	25a	36	1/8	False	3	True				False	32	V6(2)		F	V		V6(2)	V		6	2		M	False	False	(5, 2, 3)	()	1	5	major	major	V	V, major	V		V	V	False	V6	V6, major		V6(2), major		V	-1	0	0	6	5	5	True	False	True
2880	40	62	2	D	0	3	8	2	1	True	1.0	-1	25	25	25	25a	36	1/8	False	4	True				False	32	V6(2)		F	V		V6(2)	V		6	2		M	False	False	(5, 2, 3)	()	1	5	major	major	V	V, major	V		V	V	False	V6	V6, major		V6(2), major		V	-1	0	0	3	2	2	True	False	False
2880	40	69	3	A	0	3	8	2	1	True	1.0	-1	25	25	25	25a	36	1/8	False	4	True				False	32	V6(2)		F	V		V6(2)	V		6	2		M	False	False	(5, 2, 3)	()	1	5	major	major	V	V, major	V		V	V	False	V6	V6, major		V6(2), major		V	-1	0	0	4	3	3	True	False	False
2900	20	76	4	E	0	3	8	1	1	True	1.5	-1	25	25	25	25a	145/4	1/16	False	5	False				False	32	V6(2)		F	V		V6(2)	V		6	2		M	False	False	(5, 2, 3)	()	1	5	major	major	V	V, major	V		V	V	False	V6	V6, major		V6(2), major		V	-1	0	0	5	4	4	False	False	False
2920	40	59	5	B	0	3	8	2	1	True	2.0	-1	25	25	25	25a	73/2	1/8	False	3	False				False	32	V6(2)		F	V		V6(2)	V		6	2		M	False	False	(5, 2, 3)	()	1	5	major	major	V	V, major	V		V	V	False	V6	V6, major		V6(2), major		V	-1	0	0	6	5	5	True	False	True
2920	40	62	2	D	0	3	8	2	1	True	2.0	-1	25	25	25	25a	73/2	1/8	False	4	False				False	32	V6(2)		F	V		V6(2)	V		6	2		M	False	False	(5, 2, 3)	()	1	5	major	major	V	V, major	V		V	V	False	V6	V6, major		V6(2), major		V	-1	0	0	3	2	2	True	False	False
2920	40	67	1	G	0	3	8	2	1	True	2.0	-1	25	25	25	25a	73/2	1/8	False	4	False				False	32	V6(2)		F	V		V6(2)	V		6	2		M	False	False	(5, 2, 3)	()	1	5	major	major	V	V, major	V		V	V	False	V6	V6, major		V6(2), major		V	-1	0	0	2	1	1	False	True	False
2920	20	77	-1	F	0	3	8	1	1	True	2.0	-1	25	25	25	25a	73/2	1/16	False	5	False				False	32	V6(2)		F	V		V6(2)	V		6	2		M	False	False	(5, 2, 3)	()	1	5	major	major	V	V, major	V		V	V	False	V6	V6, major		V6(2), major		V	-1	0	0	0	-1	-1	False	False	False
2940	20	78	6	F	1	3	8	1	1	True	2.5	-1	25	25	25	25a	147/4	1/16	False	5	False				False	32	V6(2)		F	V		V6(2)	V		6	2		M	False	False	(5, 2, 3)	()	1	5	major	major	V	V, major	V		V	V	False	V6	V6, major		V6(2), major		V	-1	0	0	7	6	6	False	False	False
2960	40	59	5	B	0	3	8	2	1	True	3.0	-1	25	25	25	25a	37	1/8	False	3	True				False	33	V6		F	V		V6	V		6			M	False	False	(5, 2, 1)	()	1	5	major	major	V	V, major	V		V	V	False	V6	V6, major		V6, major		V	-1	0	0	6	5	5	True	False	True
2960	40	62	2	D	0	3	8	2	1	True	3.0	-1	25	25	25	25a	37	1/8	False	4	True				False	33	V6		F	V		V6	V		6			M	False	False	(5, 2, 1)	()	1	5	major	major	V	V, major	V		V	V	False	V6	V6, major		V6, major		V	-1	0	0	3	2	2	True	False	False
2960	40	67	1	G	0	3	8	2	1	True	3.0	-1	25	25	25	25a	37	1/8	False	4	True				False	33	V6		F	V		V6	V		6			M	False	False	(5, 2, 1)	()	1	5	major	major	V	V, major	V		V	V	False	V6	V6, major		V6, major		V	-1	0	0	2	1	1	True	True	False
2960	20	79	1	G	0	3	8	1	1	True	3.0	-1	25	25	25	25a	37	1/16	False	5	True				False	33	V6		F	V		V6	V		6			M	False	False	(5, 2, 1)	()	1	5	major	major	V	V, major	V		V	V	False	V6	V6, major		V6, major		V	-1	0	0	2	1	1	True	True	False
2980	20	74	2	D	0	3	8	1	1	True	3.5	-1	25	25	25	25a	149/4	1/16	False	5	False				False	33	V6		F	V		V6	V		6			M	False	False	(5, 2, 1)	()	1	5	major	major	V	V, major	V		V	V	False	V6	V6, major		V6, major		V	-1	0	0	3	2	2	True	False	False
3000	40	57	3	A	0	3	8	2	1	True	1.0	-1	26	26	26	26a	75/2	1/8	False	3	True				False	34	IV6(2)		F	V		IV6(2)	IV		6	2		M	False	False	(3, 0, 1)	()	-1	3	major	major	V	V, major	IV		V	V	False	IV6	IV6, major		IV6(2), major		IV	-1	0	0	4	3	3	True	False	True
3000	40	67	1	G	0	3	8	2	1	True	1.0	-1	26	26	26	26a	75/2	1/8	False	4	True				False	34	IV6(2)		F	V		IV6(2)	IV		6	2		M	False	False	(3, 0, 1)	()	-1	3	major	major	V	V, major	IV		V	V	False	IV6	IV6, major		IV6(2), major		IV	-1	0	0	2	1	1	True	False	False
3000	20	74	2	D	0	3	8	1	1	True	1.0	-1	26	26	26	26a	75/2	1/16	False	5	True				False	34	IV6(2)		F	V		IV6(2)	IV		6	2		M	False	False	(3, 0, 1)	()	-1	3	major	major	V	V, major	IV		V	V	False	IV6	IV6, major		IV6(2), major		IV	-1	0	0	3	2	2	False	False	False
3020	20	72	0	C	0	3	8	1	1	True	1.5	-1	26	26	26	26a	151/4	1/16	False	5	False				False	34	IV6(2)		F	V		IV6(2)	IV		6	2		M	False	False	(3, 0, 1)	()	-1	3	major	major	V	V, major	IV		V	V	False	IV6	IV6, major		IV6(2), major		IV	-1	0	0	1	0	0	True	False	False
3040	40	57	3	A	0	3	8	2	1	True	2.0	-1	26	26	26	26a	38	1/8	False	3	True				False	35	IV6		F	V		IV6	IV		6			M	False	False	(3, 0, -1)	()	-1	3	major	major	V	V, major	IV		V	V	False	IV6	IV6, major		IV6, major		IV	-1	0	0	4	3	3	True	False	True
3040	40	65	-1	F	0	3	8	2	1	True	2.0	-1	26	26	26	26a	38	1/8	False	4	True				False	35	IV6		F	V		IV6	IV		6			M	False	False	(3, 0, -1)	()	-1	3	major	major	V	V, major	IV		V	V	False	IV6	IV6, major		IV6, major		IV	-1	0	0	0	-1	-1	True	True	False
3040	20	74	2	D	0	3	8	1	1	True	2.0	-1	26	26	26	26a	38	1/16	False	5	True				False	35	IV6		F	V		IV6	IV		6			M	False	False	(3, 0, -1)	()	-1	3	major	major	V	V, major	IV		V	V	False	IV6	IV6, major		IV6, major		IV	-1	0	0	3	2	2	False	False	False
3060	20	76	4	E	0	3	8	1	1	True	2.5	-1	26	26	26	26a	153/4	1/16	False	5	False				False	35	IV6		F	V		IV6	IV		6			M	False	False	(3, 0, -1)	()	-1	3	major	major	V	V, major	IV		V	V	False	IV6	IV6, major		IV6, major		IV	-1	0	0	5	4	4	False	False	False
3080	40	55	1	G	0	3	8	2	1	True	3.0	-1	26	26	26	26a	77/2	1/8	False	3	True				False	36	iii6	I64	F	V		iii6	iii		6			m	False	False	(1, 5, 4)	()	4	1	major	major	V	V, major	iii		V	V	False	iii6	iii6, major		iii6, major		iii	-1	0	0	2	1	1	True	False	True
3080	40	64	4	E	0	3	8	2	1	True	3.0	-1	26	26	26	26a	77/2	1/8	False	4	True				False	36	iii6	I64	F	V		iii6	iii		6			m	False	False	(1, 5, 4)	()	4	1	major	major	V	V, major	iii		V	V	False	iii6	iii6, major		iii6, major		iii	-1	0	0	5	4	4	True	True	False
3080	20	77	-1	F	0	3	8	1	1	True	3.0	-1	26	26	26	26a	77/2	1/16	False	5	True				False	36	iii6	I64	F	V		iii6	iii		6			m	False	False	(1, 5, 4)	()	4	1	major	major	V	V, major	iii		V	V	False	iii6	iii6, major		iii6, major		iii	-1	0	0	0	-1	-1	False	False	False
3100	20	79	1	G	0	3	8	1	1	True	3.5	-1	26	26	26	26a	155/4	1/16	False	5	False				False	36	iii6	I64	F	V		iii6	iii		6			m	False	False	(1, 5, 4)	()	4	1	major	major	V	V, major	iii		V	V	False	iii6	iii6, major		iii6, major		iii	-1	0	0	2	1	1	True	False	True
3120	40	53	-1	F	0	3	8	2	1	True	1.0	-1	27	27	27	27a	39	1/8	False	3	True				False	37	ii6	IV	F	V		ii6	ii		6			m	False	False	(-1, 3, 2)	()	2	-1	major	major	V	V, major	ii		V	V	False	ii6	ii6, major		ii6, major		ii	-1	0	0	0	-1	-1	True	False	True
3120	20	80	8	G	1	3	8	1	1	True	1.0	-1	27	27	27	27a	39	1/16	False	5	True				False	37	ii6	IV	F	V		ii6	ii		6			m	False	False	(-1, 3, 2)	()	2	-1	major	major	V	V, major	ii		V	V	False	ii6	ii6, major		ii6, major		ii	-1	0	0	9	8	8	False	False	False
3140	20	81	3	A	0	3	8	1	1	True	1.5	-1	27	27	27	27a	157/4	1/16	False	5	False				False	37	ii6	IV	F	V		ii6	ii		6			m	False	False	(-1, 3, 2)	()	2	-1	major	major	V	V, major	ii		V	V	False	ii6	ii6, major		ii6, major		ii	-1	0	0	4	3	3	True	False	False
3160	40	65	-1	F	0	3	8	2	1	True	2.0	-1	27	27	27	27a	79/2	1/8	False	4	False				False	37	ii6	IV	F	V		ii6	ii		6			m	False	False	(-1, 3, 2)	()	2	-1	major	major	V	V, major	ii		V	V	False	ii6	ii6, major		ii6, major		ii	-1	0	0	0	-1	-1	True	False	True
3160	20	77	-1	F	0	3	8	1	1	True	2.0	-1	27	27	27	27a	79/2	1/16	False	5	False				False	37	ii6	IV	F	V		ii6	ii		6			m	False	False	(-1, 3, 2)	()	2	-1	major	major	V	V, major	ii		V	V	False	ii6	ii6, major		ii6, major		ii	-1	0	0	0	-1	-1	True	False	True
3180	20	76	4	E	0	3	8	1	1	True	2.5	-1	27	27	27	27a	159/4	1/16	False	5	False				False	37	ii6	IV	F	V		ii6	ii		6			m	False	False	(-1, 3, 2)	()	2	-1	major	major	V	V, major	ii		V	V	False	ii6	ii6, major		ii6, major		ii	-1	0	0	5	4	4	False	False	False
3200	40	53	-1	F	0	3	8	2	1	True	3.0	-1	27	27	27	27a	40	1/8	False	3	False				False	37	ii6	IV	F	V		ii6	ii		6			m	False	False	(-1, 3, 2)	()	2	-1	major	major	V	V, major	ii		V	V	False	ii6	ii6, major		ii6, major		ii	-1	0	0	0	-1	-1	True	False	True
3200	20	74	2	D	0	3	8	1	1	True	3.0	-1	27	27	27	27a	40	1/16	False	5	False				False	37	ii6	IV	F	V		ii6	ii		6			m	False	False	(-1, 3, 2)	()	2	-1	major	major	V	V, major	ii		V	V	False	ii6	ii6, major		ii6, major		ii	-1	0	0	3	2	2	True	True	False
3220	20	72	0	C	0	3	8	1	1	True	3.5	-1	27	27	27	27a	161/4	1/16	False	5	False				False	37	ii6	IV	F	V		ii6	ii		6			m	False	False	(-1, 3, 2)	()	2	-1	major	major	V	V, major	ii		V	V	False	ii6	ii6, major		ii6, major		ii	-1	0	0	1	0	0	False	False	False
3240	40	55	1	G	0	3	8	2	1	True	1.0	-1	28	28	28	28a	81/2	1/8	False	3	True				False	38	V		F	V		V	V					M	False	False	(1, 5, 2)	()	1	1	major	major	V	V, major	V		V	V	False	V	V, major		V, major		V	-1	0	0	2	1	1	True	True	True
3240	20	71	5	B	0	3	8	1	1	True	1.0	-1	28	28	28	28a	81/2	1/16	False	4	True				False	38	V		F	V		V	V					M	False	False	(1, 5, 2)	()	1	1	major	major	V	V, major	V		V	V	False	V	V, major		V, major		V	-1	0	0	6	5	5	True	False	False
3260	20	72	0	C	0	3	8	1	1	True	1.5	-1	28	28	28	28a	163/4	1/16	False	5	False				False	38	V		F	V		V	V					M	False	False	(1, 5, 2)	()	1	1	major	major	V	V, major	V		V	V	False	V	V, major		V, major		V	-1	0	0	1	0	0	False	False	False
3280	40	67	1	G	0	3	8	2	1	True	2.0	-1	28	28	28	28a	41	1/8	False	4	False				False	38	V		F	V		V	V					M	False	False	(1, 5, 2)	()	1	1	major	major	V	V, major	V		V	V	False	V	V, major		V, major		V	-1	0	0	2	1	1	True	True	True
3280	20	74	2	D	0	3	8	1	1	True	2.0	-1	28	28	28	28a	41	1/16	False	5	False				False	38	V		F	V		V	V					M	False	False	(1, 5, 2)	()	1	1	major	major	V	V, major	V		V	V	False	V	V, major		V, major		V	-1	0	0	3	2	2	True	False	False
3300	20	76	4	E	0	3	8	1	1	True	2.5	-1	28	28	28	28a	165/4	1/16	False	5	False				False	38	V		F	V		V	V					M	False	False	(1, 5, 2)	()	1	1	major	major	V	V, major	V		V	V	False	V	V, major		V, major		V	-1	0	0	5	4	4	False	False	False
3320	40	64	4	E	0	3	8	2	1	True	3.0	-1	28	28	28	28a	83/2	1/8	False	4	True				False	39	I6		F	V		I6	I		6			M	False	False	(4, 1, 0)	()	0	4	major	major	V	V, major	I		V	V	False	I6	I6, major		I6, major		I	-1	0	0	5	4	4	True	False	True
3320	20	77	-1	F	0	3	8	1	1	True	3.0	-1	28	28	28	28a	83/2	1/16	False	5	True				False	39	I6		F	V		I6	I		6			M	False	False	(4, 1, 0)	()	0	4	major	major	V	V, major	I		V	V	False	I6	I6, major		I6, major		I	-1	0	0	0	-1	-1	False	False	False
3340	20	79	1	G	0	3	8	1	1	True	3.5	-1	28	28	28	28a	167/4	1/16	False	5	False				False	39	I6		F	V		I6	I		6			M	False	False	(4, 1, 0)	()	0	4	major	major	V	V, major	I		V	V	False	I6	I6, major		I6, major		I	-1	0	0	2	1	1	True	False	False
3360	40	65	-1	F	0	3	8	2	1	True	1.0	-1	29	29	29	29a	42	1/8	False	4	True				False	40	ii6	IV	F	V		ii6	ii		6			m	False	False	(-1, 3, 2)	()	2	-1	major	major	V	V, major	ii		V	V	False	ii6	ii6, major		ii6, major		ii	-1	0	0	0	-1	-1	True	False	True
3360	20	80	8	G	1	3	8	1	1	True	1.0	-1	29	29	29	29a	42	1/16	False	5	True				False	40	ii6	IV	F	V		ii6	ii		6			m	False	False	(-1, 3, 2)	()	2	-1	major	major	V	V, major	ii		V	V	False	ii6	ii6, major		ii6, major		ii	-1	0	0	9	8	8	False	False	False
3380	20	81	3	A	0	3	8	1	1	True	1.5	-1	29	29	29	29a	169/4	1/16	False	5	False				False	40	ii6	IV	F	V		ii6	ii		6			m	False	False	(-1, 3, 2)	()	2	-1	major	major	V	V, major	ii		V	V	False	ii6	ii6, major		ii6, major		ii	-1	0	0	4	3	3	True	False	False
3400	0	79	1	G	0	3	8	1	1	True	2.0	-1	29	29	29	29a	85/2	0	False	5	False				False	40	ii6	IV	F	V		ii6	ii		6			m	False	False	(-1, 3, 2)	()	2	-1	major	major	V	V, major	ii		V	V	False	ii6	ii6, major		ii6, major		ii	-1	0	0	2	1	1	False	False	False
3400	40	67	1	G	0	3	8	2	1	True	2.0	-1	29	29	29	29a	85/2	1/8	False	4	False				False	40	ii6	IV	F	V		ii6	ii		6			m	False	False	(-1, 3, 2)	()	2	-1	major	major	V	V, major	ii		V	V	False	ii6	ii6, major		ii6, major		ii	-1	0	0	2	1	1	False	False	False
3400	20	77	-1	F	0	3	8	1	1	True	2.0	-1	29	29	29	29a	85/2	1/16	False	5	False				False	40	ii6	IV	F	V		ii6	ii		6			m	False	False	(-1, 3, 2)	()	2	-1	major	major	V	V, major	ii		V	V	False	ii6	ii6, major		ii6, major		ii	-1	0	0	0	-1	-1	True	False	True
3420	20	76	4	E	0	3	8	1	1	True	2.5	-1	29	29	29	29a	171/4	1/16	False	5	False				False	40	ii6	IV	F	V		ii6	ii		6			m	False	False	(-1, 3, 2)	()	2	-1	major	major	V	V, major	ii		V	V	False	ii6	ii6, major		ii6, major		ii	-1	0	0	5	4	4	False	False	False
3440	40	69	3	A	0	3	8	2	1	True	3.0	-1	29	29	29	29a	43	1/8	False	4	False				False	40	ii6	IV	F	V		ii6	ii		6			m	False	False	(-1, 3, 2)	()	2	-1	major	major	V	V, major	ii		V	V	False	ii6	ii6, major		ii6, major		ii	-1	0	0	4	3	3	True	False	False
3440	20	74	2	D	0	3	8	1	1	True	3.0	-1	29	29	29	29a	43	1/16	False	5	False				False	40	ii6	IV	F	V		ii6	ii		6			m	False	False	(-1, 3, 2)	()	2	-1	major	major	V	V, major	ii		V	V	False	ii6	ii6, major		ii6, major		ii	-1	0	0	3	2	2	True	True	False
3460	20	72	0	C	0	3	8	1	1	True	3.5	-1	29	29	29	29a	173/4	1/16	False	5	False				False	40	ii6	IV	F	V		ii6	ii		6			m	False	False	(-1, 3, 2)	()	2	-1	major	major	V	V, major	ii		V	V	False	ii6	ii6, major		ii6, major		ii	-1	0	0	1	0	0	False	False	False
3480	40	67	1	G	0	3	8	2	1	True	1.0	-1	30	30	30	30a	87/2	1/8	False	4	True	HC	HC	}	True	41	V|HC}		F	V		V	V					M	False	False	(1, 5, 2)	()	1	1	major	major	V	V, major	V		V	V	False	V	V, major		V, major		V	-1	0	0	2	1	1	True	True	True
3480	60	71	5	B	0	3	8	1	1	True	1.0	-1	30	30	30	30a	87/2	3/16	False	4	True	HC	HC	}	True	41	V|HC}		F	V		V	V					M	False	False	(1, 5, 2)	()	1	1	major	major	V	V, major	V		V	V	False	V	V, major		V, major		V	-1	0	0	6	5	5	True	False	False
3520	40	55	1	G	0	3	8	2	1	True	2.0	-1	30	30	30	30a	44	1/8	False	3	False				False	41	V|HC}		F	V		V	V					M	False	False	(1, 5, 2)	()	1	1	major	major	V	V, major	V		V	V	False	V	V, major		V, major		V	-1	0	0	2	1	1	True	True	True
3540	20	69	3	A	0	3	8	1	1	True	2.5	-1	30	30	30	30a	177/4	1/16	False	4	False				False	41	V|HC}		F	V		V	V					M	False	False	(1, 5, 2)	()	1	1	major	major	V	V, major	V		V	V	False	V	V, major		V, major		V	-1	0	0	4	3	3	False	False	False
3560	40	67	1	G	0	3	8	1	1	True	3.0	-1	30	30	30	30a	89/2	1/8	False	4	False				False	41	V|HC}		F	V		V	V					M	False	False	(1, 5, 2)	()	1	1	major	major	V	V, major	V		V	V	False	V	V, major		V, major		V	-1	0	0	2	1	1	True	True	True
3600	20	60	0	C	0	3	8	2	1	True	1.0	-1	31	31	31	31a	45	1/16	False	4	True			{	False	42	I{		F	V		I	I					M	False	False	(0, 4, 1)	()	0	0	major	major	V	V, major	I		V	V	False	I	I, major		I, major		I	-1	0	0	1	0	0	True	True	True
3600	40	79	1	G	0	3	8	1	1	True	1.0	-1	31	31	31	31a	45	1/8	False	5	True			{	False	42	I{		F	V		I	I					M	False	False	(0, 4, 1)	()	0	0	major	major	V	V, major	I		V	V	False	I	I, major		I, major		I	-1	0	0	2	1	1	True	False	False
3620	20	64	4	E	0	3	8	2	1	True	1.5	-1	31	31	31	31a	181/4	1/16	False	4	False				False	42	I{		F	V		I	I					M	False	False	(0, 4, 1)	()	0	0	major	major	V	V, major	I		V	V	False	I	I, major		I, major		I	-1	0	0	5	4	4	True	False	False
3640	20	62	2	D	0	3	8	2	1	True	2.0	-1	31	31	31	31a	91/2	1/16	False	4	False				False	42	I{		F	V		I	I					M	False	False	(0, 4, 1)	()	0	0	major	major	V	V, major	I		V	V	False	I	I, major		I, major		I	-1	0	0	3	2	2	False	False	False
3640	40	71	5	B	0	3	8	1	1	True	2.0	-1	31	31	31	31a	91/2	1/8	False	4	False				False	42	I{		F	V		I	I					M	False	False	(0, 4, 1)	()	0	0	major	major	V	V, major	I		V	V	False	I	I, major		I, major		I	-1	0	0	6	5	5	False	False	False
3660	20	65	-1	F	0	3	8	2	1	True	2.5	-1	31	31	31	31a	183/4	1/16	False	4	False				False	42	I{		F	V		I	I					M	False	False	(0, 4, 1)	()	0	0	major	major	V	V, major	I		V	V	False	I	I, major		I, major		I	-1	0	0	0	-1	-1	False	False	False
3680	40	64	4	E	0	3	8	2	1	True	3.0	-1	31	31	31	31a	46	1/8	False	4	False				False	42	I{		F	V		I	I					M	False	False	(0, 4, 1)	()	0	0	major	major	V	V, major	I		V	V	False	I	I, major		I, major		I	-1	0	0	5	4	4	True	False	False
3680	40	72	0	C	0	3	8	1	1	True	3.0	-1	31	31	31	31a	46	1/8	False	5	False				False	42	I{		F	V		I	I					M	False	False	(0, 4, 1)	()	0	0	major	major	V	V, major	I		V	V	False	I	I, major		I, major		I	-1	0	0	1	0	0	True	True	True
3720	40	43	1	G	0	3	8	2	1	True	1.0	-1	32	32	32	32a	93/2	1/8	False	2	True				False	43	V		F	V		V	V					M	False	False	(1, 5, 2)	()	1	1	major	major	V	V, major	V		V	V	False	V	V, major		V, major		V	-1	0	0	2	1	1	True	True	True
3720	60	74	2	D	0	3	8	1	1	True	1.0	-1	32	32	32	32a	93/2	3/16	False	5	True				False	43	V		F	V		V	V					M	False	False	(1, 5, 2)	()	1	1	major	major	V	V, major	V		V	V	False	V	V, major		V, major		V	-1	0	0	3	2	2	True	False	False
3760	40	43	1	G	0	3	8	2	1	True	2.0	-1	32	32	32	32a	47	1/8	False	2	False				False	43	V		F	V		V	V					M	False	False	(1, 5, 2)	()	1	1	major	major	V	V, major	V		V	V	False	V	V, major		V, major		V	-1	0	0	2	1	1	True	True	True
3780	10	76	4	E	0	3	8	1	1	True	2.5	-1	32	32	32	32a	189/4	1/32	False	5	False				False	43	V		F	V		V	V					M	False	False	(1, 5, 2)	()	1	1	major	major	V	V, major	V		V	V	False	V	V, major		V, major		V	-1	0	0	5	4	4	False	False	False
3790	10	77	-1	F	0	3	8	1	1	True	2.75	-1	32	32	32	32a	379/8	1/32	False	5	False				False	43	V		F	V		V	V					M	False	False	(1, 5, 2)	()	1	1	major	major	V	V, major	V		V	V	False	V	V, major		V, major		V	-1	0	0	0	-1	-1	False	False	False
3800	40	48	0	C	0	3	8	2	1	True	3.0	-1	32	32	32	32a	95/2	1/8	False	3	False				False	44	I		F	V		I	I					M	False	False	(0, 4, 1)	()	0	0	major	major	V	V, major	I		V	V	False	I	I, major		I, major		I	-1	0	0	1	0	0	True	True	True
3800	40	76	4	E	0	3	8	1	1	True	3.0	-1	32	32	32	32a	95/2	1/8	False	5	False				False	44	I		F	V		I	I					M	False	False	(0, 4, 1)	()	0	0	major	major	V	V, major	I		V	V	False	I	I, major		I, major		I	-1	0	0	5	4	4	True	False	False
3840	20	60	0	C	0	3	8	2	1	True	1.0	-1	33	33	33	33a	48	1/16	False	4	True				False	45	I		F	V		I	I					M	False	False	(0, 4, 1)	()	0	0	major	major	V	V, major	I		V	V	False	I	I, major		I, major		I	-1	0	0	1	0	0	True	True	True
3840	40	79	1	G	0	3	8	1	1	True	1.0	-1	33	33	33	33a	48	1/8	False	5	True				False	45	I		F	V		I	I					M	False	False	(0, 4, 1)	()	0	0	major	major	V	V, major	I		V	V	False	I	I, major		I, major		I	-1	0	0	2	1	1	True	False	False
3860	20	64	4	E	0	3	8	2	1	True	1.5	-1	33	33	33	33a	193/4	1/16	False	4	False				False	45	I		F	V		I	I					M	False	False	(0, 4, 1)	()	0	0	major	major	V	V, major	I		V	V	False	I	I, major		I, major		I	-1	0	0	5	4	4	True	False	False
3880	20	62	2	D	0	3	8	2	1	True	2.0	-1	33	33	33	33a	97/2	1/16	False	4	False				False	45	I		F	V		I	I					M	False	False	(0, 4, 1)	()	0	0	major	major	V	V, major	I		V	V	False	I	I, major		I, major		I	-1	0	0	3	2	2	False	False	False
3880	40	71	5	B	0	3	8	1	1	True	2.0	-1	33	33	33	33a	97/2	1/8	False	4	False				False	45	I		F	V		I	I					M	False	False	(0, 4, 1)	()	0	0	major	major	V	V, major	I		V	V	False	I	I, major		I, major		I	-1	0	0	6	5	5	False	False	False
3900	20	65	-1	F	0	3	8	2	1	True	2.5	-1	33	33	33	33a	195/4	1/16	False	4	False				False	45	I		F	V		I	I					M	False	False	(0, 4, 1)	()	0	0	major	major	V	V, major	I		V	V	False	I	I, major		I, major		I	-1	0	0	0	-1	-1	False	False	False
3920	40	64	4	E	0	3	8	2	1	True	3.0	-1	33	33	33	33a	49	1/8	False	4	False				False	45	I		F	V		I	I					M	False	False	(0, 4, 1)	()	0	0	major	major	V	V, major	I		V	V	False	I	I, major		I, major		I	-1	0	0	5	4	4	True	False	False
3920	40	72	0	C	0	3	8	1	1	True	3.0	-1	33	33	33	33a	49	1/8	False	5	False				False	45	I		F	V		I	I					M	False	False	(0, 4, 1)	()	0	0	major	major	V	V, major	I		V	V	False	I	I, major		I, major		I	-1	0	0	1	0	0	True	True	True
3960	40	43	1	G	0	3	8	2	1	True	1.0	-1	34	34	34	34a	99/2	1/8	False	2	True			}	True	46	V}		F	V		V	V					M	False	False	(1, 5, 2)	()	1	1	major	major	V	V, major	V		V	V	False	V	V, major		V, major		V	-1	0	0	2	1	1	True	True	True
3960	60	74	2	D	0	3	8	1	1	True	1.0	-1	34	34	34	34a	99/2	3/16	False	5	True			}	True	46	V}		F	V		V	V					M	False	False	(1, 5, 2)	()	1	1	major	major	V	V, major	V		V	V	False	V	V, major		V, major		V	-1	0	0	3	2	2	True	False	False
4000	40	43	1	G	0	3	8	2	1	True	2.0	-1	34	34	34	34a	50	1/8	False	2	False				False	46	V}		F	V		V	V					M	False	False	(1, 5, 2)	()	1	1	major	major	V	V, major	V		V	V	False	V	V, major		V, major		V	-1	0	0	2	1	1	True	True	True
4020	10	76	4	E	0	3	8	1	1	True	2.5	-1	34	34	34	34a	201/4	1/32	False	5	False				False	46	V}		F	V		V	V					M	False	False	(1, 5, 2)	()	1	1	major	major	V	V, major	V		V	V	False	V	V, major		V, major		V	-1	0	0	5	4	4	False	False	False
4030	10	77	-1	F	0	3	8	1	1	True	2.75	-1	34	34	34	34a	403/8	1/32	False	5	False				False	46	V}		F	V		V	V					M	False	False	(1, 5, 2)	()	1	1	major	major	V	V, major	V		V	V	False	V	V, major		V, major		V	-1	0	0	0	-1	-1	False	False	False
4040	40	48	0	C	0	3	8	2	1	True	3.0	-1	34	34	34	34a	101/2	1/8	False	3	True				False	47	I		F	V		I	I					M	False	False	(0, 4, 1)	()	0	0	major	major	V	V, major	I		V	V	False	I	I, major		I, major		I	-1	0	0	1	0	0	True	True	True
4040	40	76	4	E	0	3	8	1	1	True	3.0	-1	34	34	34	34a	101/2	1/8	False	5	True				False	47	I		F	V		I	I					M	False	False	(0, 4, 1)	()	0	0	major	major	V	V, major	I		V	V	False	I	I, major		I, major		I	-1	0	0	5	4	4	True	False	False
4080	40	60	0	C	0	3	8	2	1	True	1.0	-1	35	35	35	35a	51	1/8	False	4	False			{	False	48	{		F	V		I	I					M	False	False	(0, 4, 1)	()	0	0	major	major	V	V, major	I		V	V	False		, major		I, major		I	-1	0	0	1	0	0	True	True	True
4100	20	72	0	C	0	3	8	1	1	True	1.5	-1	35	35	35	35a	205/4	1/16	False	5	False				False	48	{		F	V		I	I					M	False	False	(0, 4, 1)	()	0	0	major	major	V	V, major	I		V	V	False		, major		I, major		I	-1	0	0	1	0	0	True	True	True
4120	40	62	2	D	0	3	8	2	1	True	2.0	-1	35	35	35	35a	103/2	1/8	False	4	False				False	48	{		F	V		I	I					M	False	False	(0, 4, 1)	()	0	0	major	major	V	V, major	I		V	V	False		, major		I, major		I	-1	0	0	3	2	2	False	False	False
4120	20	74	2	D	0	3	8	1	1	True	2.0	-1	35	35	35	35a	103/2	1/16	False	5	False				False	48	{		F	V		I	I					M	False	False	(0, 4, 1)	()	0	0	major	major	V	V, major	I		V	V	False		, major		I, major		I	-1	0	0	3	2	2	False	False	False
4140	20	76	4	E	0	3	8	1	1	True	2.5	-1	35	35	35	35a	207/4	1/16	False	5	False				False	48	{		F	V		I	I					M	False	False	(0, 4, 1)	()	0	0	major	major	V	V, major	I		V	V	False		, major		I, major		I	-1	0	0	5	4	4	True	False	False
4160	40	64	4	E	0	3	8	2	1	True	3.0	-1	35	35	35	35a	52	1/8	False	4	False				False	48	{		F	V		I	I					M	False	False	(0, 4, 1)	()	0	0	major	major	V	V, major	I		V	V	False		, major		I, major		I	-1	0	0	5	4	4	True	False	False
4160	20	77	-1	F	0	3	8	1	1	True	3.0	-1	35	35	35	35a	52	1/16	False	5	False				False	48	{		F	V		I	I					M	False	False	(0, 4, 1)	()	0	0	major	major	V	V, major	I		V	V	False		, major		I, major		I	-1	0	0	0	-1	-1	False	False	False
4180	20	79	1	G	0	3	8	1	1	True	3.5	-1	35	35	35	35a	209/4	1/16	False	5	False				False	48	{		F	V		I	I					M	False	False	(0, 4, 1)	()	0	0	major	major	V	V, major	I		V	V	False		, major		I, major		I	-1	0	0	2	1	1	True	False	False
4200	40	65	-1	F	0	3	8	2	1	True	1.0	-1	36	36	36	36a	105/2	1/8	False	4	True				False	49	ii6	IV	F	V		ii6	ii		6			m	False	False	(-1, 3, 2)	()	2	-1	major	major	V	V, major	ii		V	V	False	ii6	ii6, major		ii6, major		ii	-1	0	0	0	-1	-1	True	False	True
4200	20	80	8	G	1	3	8	1	1	True	1.0	-1	36	36	36	36a	105/2	1/16	False	5	True				False	49	ii6	IV	F	V		ii6	ii		6			m	False	False	(-1, 3, 2)	()	2	-1	major	major	V	V, major	ii		V	V	False	ii6	ii6, major		ii6, major		ii	-1	0	0	9	8	8	False	False	False
4220	20	81	3	A	0	3	8	1	1	True	1.5	-1	36	36	36	36a	211/4	1/16	False	5	False				False	49	ii6	IV	F	V		ii6	ii		6			m	False	False	(-1, 3, 2)	()	2	-1	major	major	V	V, major	ii		V	V	False	ii6	ii6, major		ii6, major		ii	-1	0	0	4	3	3	True	False	False
4240	40	67	1	G	0	3	8	2	1	True	2.0	-1	36	36	36	36a	53	1/8	False	4	False				False	49	ii6	IV	F	V		ii6	ii		6			m	False	False	(-1, 3, 2)	()	2	-1	major	major	V	V, major	ii		V	V	False	ii6	ii6, major		ii6, major		ii	-1	0	0	2	1	1	False	False	False
4240	20	79	1	G	0	3	8	1	1	True	2.0	-1	36	36	36	36a	53	1/16	False	5	False				False	49	ii6	IV	F	V		ii6	ii		6			m	False	False	(-1, 3, 2)	()	2	-1	major	major	V	V, major	ii		V	V	False	ii6	ii6, major		ii6, major		ii	-1	0	0	2	1	1	False	False	False
4260	20	77	-1	F	0	3	8	1	1	True	2.5	-1	36	36	36	36a	213/4	1/16	False	5	False				False	49	ii6	IV	F	V		ii6	ii		6			m	False	False	(-1, 3, 2)	()	2	-1	major	major	V	V, major	ii		V	V	False	ii6	ii6, major		ii6, major		ii	-1	0	0	0	-1	-1	True	False	True
4280	40	69	3	A	0	3	8	2	1	True	3.0	-1	36	36	36	36a	107/2	1/8	False	4	False				False	49	ii6	IV	F	V		ii6	ii		6			m	False	False	(-1, 3, 2)	()	2	-1	major	major	V	V, major	ii		V	V	False	ii6	ii6, major		ii6, major		ii	-1	0	0	4	3	3	True	False	False
4280	20	76	4	E	0	3	8	1	1	True	3.0	-1	36	36	36	36a	107/2	1/16	False	5	False				False	49	ii6	IV	F	V		ii6	ii		6			m	False	False	(-1, 3, 2)	()	2	-1	major	major	V	V, major	ii		V	V	False	ii6	ii6, major		ii6, major		ii	-1	0	0	5	4	4	False	False	False
4300	20	74	2	D	0	3	8	1	1	True	3.5	-1	36	36	36	36a	215/4	1/16	False	5	False				False	49	ii6	IV	F	V		ii6	ii		6			m	False	False	(-1, 3, 2)	()	2	-1	major	major	V	V, major	ii		V	V	False	ii6	ii6, major		ii6, major		ii	-1	0	0	3	2	2	True	True	False
4320	80	67	1	G	0	3	8	2	1	True	1.0	-1	37	37	37	37a	54	1/4	False	4	True				False	50	V(64)		F	V		V(64)	V			64		M	False	False	(1, 0, 4)	()	1	1	major	major	V	V, major	V		V	V	False	V	V, major		V(64), major		V	-1	0	0	2	1	1	True	True	True
4320	10	72	0	C	0	3	8	1	1	True	1.0	-1	37	37	37	37a	54	1/32	False	5	True				False	50	V(64)		F	V		V(64)	V			64		M	False	False	(1, 0, 4)	()	1	1	major	major	V	V, major	V		V	V	False	V	V, major		V(64), major		V	-1	0	0	1	0	0	True	False	False
4330	6	74	2	D	0	3	8	1	1	True	1.25	-1	37	37	37	37a	433/8	3/160	False	5	False				False	50	V(64)		F	V		V(64)	V			64		M	False	False	(1, 0, 4)	()	1	1	major	major	V	V, major	V		V	V	False	V	V, major		V(64), major		V	-1	0	0	3	2	2	False	False	False
4336	6	72	0	C	0	3	8	1	1	True	1.4	-1	37	37	37	37a	271/5	3/160	False	5	False				False	50	V(64)		F	V		V(64)	V			64		M	False	False	(1, 0, 4)	()	1	1	major	major	V	V, major	V		V	V	False	V	V, major		V(64), major		V	-1	0	0	1	0	0	True	False	False
4342	6	71	5	B	0	3	8	1	1	True	1.55	-1	37	37	37	37a	2171/40	3/160	False	4	False				False	50	V(64)		F	V		V(64)	V			64		M	False	False	(1, 0, 4)	()	1	1	major	major	V	V, major	V		V	V	False	V	V, major		V(64), major		V	-1	0	0	6	5	5	False	False	False
4348	6	72	0	C	0	3	8	1	1	True	1.7	-1	37	37	37	37a	1087/20	3/160	False	5	False				False	50	V(64)		F	V		V(64)	V			64		M	False	False	(1, 0, 4)	()	1	1	major	major	V	V, major	V		V	V	False	V	V, major		V(64), major		V	-1	0	0	1	0	0	True	False	False
4354	6	74	2	D	0	3	8	1	1	True	1.85	-1	37	37	37	37a	2177/40	3/160	False	5	False				False	50	V(64)		F	V		V(64)	V			64		M	False	False	(1, 0, 4)	()	1	1	major	major	V	V, major	V		V	V	False	V	V, major		V(64), major		V	-1	0	0	3	2	2	False	False	False
4360	60	74	2	D	0	3	8	1	1	True	2.0	-1	37	37	37	37a	109/2	3/16	False	5	False				False	50	V(64)		F	V		V(64)	V			64		M	False	False	(1, 0, 4)	()	1	1	major	major	V	V, major	V		V	V	False	V	V, major		V(64), major		V	-1	0	0	3	2	2	False	False	False
4400	40	55	1	G	0	3	8	2	1	True	3.0	-1	37	37	37	37a	55	1/8	False	3	True				False	51	V		F	V		V	V					M	False	False	(1, 5, 2)	()	1	1	major	major	V	V, major	V		V	V	False	V	V, major		V, major		V	-1	0	0	2	1	1	True	True	True
4420	20	72	0	C	0	3	8	1	1	True	3.5	-1	37	37	37	37a	221/4	1/16	False	5	False				False	51	V		F	V		V	V					M	False	False	(1, 5, 2)	()	1	1	major	major	V	V, major	V		V	V	False	V	V, major		V, major		V	-1	0	0	1	0	0	False	False	False
4440	120	48	0	C	0	3	8	2	1	True	1.0	-1	38	38	38	38a	111/2	3/8	False	3	True	PAC	PAC	}	True	52	I|PAC}		F	V		I	I					M	False	False	(0, 4, 1)	()	0	0	major	major	V	V, major	I		V	V	False	I	I, major		I, major		I	-1	0	0	1	0	0	True	True	True
4440	20	72	0	C	0	3	8	1	1	True	1.0	-1	38	38	38	38a	111/2	1/16	False	5	True	PAC	PAC	}	True	52	I|PAC}		F	V		I	I					M	False	False	(0, 4, 1)	()	0	0	major	major	V	V, major	I		V	V	False	I	I, major		I, major		I	-1	0	0	1	0	0	True	True	True
4460	20	84	0	C	0	3	8	1	1	True	1.5	-1	38	38	38	38a	223/4	1/16	False	6	False				False	52	I|PAC}		F	V		I	I					M	False	False	(0, 4, 1)	()	0	0	major	major	V	V, major	I		V	V	False	I	I, major		I, major		I	-1	0	0	1	0	0	True	True	True
4480	20	79	1	G	0	3	8	1	1	True	2.0	-1	38	38	38	38a	56	1/16	False	5	False				False	52	I|PAC}		F	V		I	I					M	False	False	(0, 4, 1)	()	0	0	major	major	V	V, major	I		V	V	False	I	I, major		I, major		I	-1	0	0	2	1	1	True	False	False
4500	20	76	4	E	0	3	8	1	1	True	2.5	-1	38	38	38	38a	225/4	1/16	False	5	False				False	52	I|PAC}		F	V		I	I					M	False	False	(0, 4, 1)	()	0	0	major	major	V	V, major	I		V	V	False	I	I, major		I, major		I	-1	0	0	5	4	4	True	False	False
4520	20	72	0	C	0	3	8	1	1	True	3.0	-1	38	38	38	38a	113/2	1/16	False	5	False				False	52	I|PAC}		F	V		I	I					M	False	False	(0, 4, 1)	()	0	0	major	major	V	V, major	I		V	V	False	I	I, major		I, major		I	-1	0	0	1	0	0	True	True	True
4540	20	67	1	G	0	3	8	1	1	True	3.5	-1	38	38	38	38a	227/4	1/16	False	4	False				False	52	I|PAC}		F	V		I	I					M	False	False	(0, 4, 1)	()	0	0	major	major	V	V, major	I		V	V	False	I	I, major		I, major		I	-1	0	0	2	1	1	True	False	False
4560	40	60	0	C	0	3	8	2	1	True	1.0	-1	39	39	39	39a	57	1/8	False	4	False			{	False	53	{		F	V		I	I					M	False	False	(0, 4, 1)	()	0	0	major	major	V	V, major	I		V	V	False		, major		I, major		I	-1	0	0	1	0	0	True	True	True
4580	20	72	0	C	0	3	8	1	1	True	1.5	-1	39	39	39	39a	229/4	1/16	False	5	False				False	53	{		F	V		I	I					M	False	False	(0, 4, 1)	()	0	0	major	major	V	V, major	I		V	V	False		, major		I, major		I	-1	0	0	1	0	0	True	True	True
4600	40	62	2	D	0	3	8	2	1	True	2.0	-1	39	39	39	39a	115/2	1/8	False	4	False				False	53	{		F	V		I	I					M	False	False	(0, 4, 1)	()	0	0	major	major	V	V, major	I		V	V	False		, major		I, major		I	-1	0	0	3	2	2	False	False	False
4600	20	74	2	D	0	3	8	1	1	True	2.0	-1	39	39	39	39a	115/2	1/16	False	5	False				False	53	{		F	V		I	I					M	False	False	(0, 4, 1)	()	0	0	major	major	V	V, major	I		V	V	False		, major		I, major		I	-1	0	0	3	2	2	False	False	False
4620	20	76	4	E	0	3	8	1	1	True	2.5	-1	39	39	39	39a	231/4	1/16	False	5	False				False	53	{		F	V		I	I					M	False	False	(0, 4, 1)	()	0	0	major	major	V	V, major	I		V	V	False		, major		I, major		I	-1	0	0	5	4	4	True	False	False
4640	40	64	4	E	0	3	8	2	1	True	3.0	-1	39	39	39	39a	58	1/8	False	4	False				False	53	{		F	V		I	I					M	False	False	(0, 4, 1)	()	0	0	major	major	V	V, major	I		V	V	False		, major		I, major		I	-1	0	0	5	4	4	True	False	False
4640	20	77	-1	F	0	3	8	1	1	True	3.0	-1	39	39	39	39a	58	1/16	False	5	False				False	53	{		F	V		I	I					M	False	False	(0, 4, 1)	()	0	0	major	major	V	V, major	I		V	V	False		, major		I, major		I	-1	0	0	0	-1	-1	False	False	False
4660	20	79	1	G	0	3	8	1	1	True	3.5	-1	39	39	39	39a	233/4	1/16	False	5	False				False	53	{		F	V		I	I					M	False	False	(0, 4, 1)	()	0	0	major	major	V	V, major	I		V	V	False		, major		I, major		I	-1	0	0	2	1	1	True	False	False
4680	40	65	-1	F	0	3	8	2	1	True	1.0	-1	40	40	40	40a	117/2	1/8	False	4	True				False	54	ii6	IV	F	V		ii6	ii		6			m	False	False	(-1, 3, 2)	()	2	-1	major	major	V	V, major	ii		V	V	False	ii6	ii6, major		ii6, major		ii	-1	0	0	0	-1	-1	True	False	True
4680	20	80	8	G	1	3	8	1	1	True	1.0	-1	40	40	40	40a	117/2	1/16	False	5	True				False	54	ii6	IV	F	V		ii6	ii		6			m	False	False	(-1, 3, 2)	()	2	-1	major	major	V	V, major	ii		V	V	False	ii6	ii6, major		ii6, major		ii	-1	0	0	9	8	8	False	False	False
4700	20	81	3	A	0	3	8	1	1	True	1.5	-1	40	40	40	40a	235/4	1/16	False	5	False				False	54	ii6	IV	F	V		ii6	ii		6			m	False	False	(-1, 3, 2)	()	2	-1	major	major	V	V, major	ii		V	V	False	ii6	ii6, major		ii6, major		ii	-1	0	0	4	3	3	True	False	False
4720	40	67	1	G	0	3	8	2	1	True	2.0	-1	40	40	40	40a	59	1/8	False	4	False				False	54	ii6	IV	F	V		ii6	ii		6			m	False	False	(-1, 3, 2)	()	2	-1	major	major	V	V, major	ii		V	V	False	ii6	ii6, major		ii6, major		ii	-1	0	0	2	1	1	False	False	False
4720	20	79	1	G	0	3	8	1	1	True	2.0	-1	40	40	40	40a	59	1/16	False	5	False				False	54	ii6	IV	F	V		ii6	ii		6			m	False	False	(-1, 3, 2)	()	2	-1	major	major	V	V, major	ii		V	V	False	ii6	ii6, major		ii6, major		ii	-1	0	0	2	1	1	False	False	False
4740	20	77	-1	F	0	3	8	1	1	True	2.5	-1	40	40	40	40a	237/4	1/16	False	5	False				False	54	ii6	IV	F	V		ii6	ii		6			m	False	False	(-1, 3, 2)	()	2	-1	major	major	V	V, major	ii		V	V	False	ii6	ii6, major		ii6, major		ii	-1	0	0	0	-1	-1	True	False	True
4760	40	69	3	A	0	3	8	2	1	True	3.0	-1	40	40	40	40a	119/2	1/8	False	4	False				False	54	ii6	IV	F	V		ii6	ii		6			m	False	False	(-1, 3, 2)	()	2	-1	major	major	V	V, major	ii		V	V	False	ii6	ii6, major		ii6, major		ii	-1	0	0	4	3	3	True	False	False
4760	20	76	4	E	0	3	8	1	1	True	3.0	-1	40	40	40	40a	119/2	1/16	False	5	False				False	54	ii6	IV	F	V		ii6	ii		6			m	False	False	(-1, 3, 2)	()	2	-1	major	major	V	V, major	ii		V	V	False	ii6	ii6, major		ii6, major		ii	-1	0	0	5	4	4	False	False	False
4780	20	74	2	D	0	3	8	1	1	True	3.5	-1	40	40	40	40a	239/4	1/16	False	5	False				False	54	ii6	IV	F	V		ii6	ii		6			m	False	False	(-1, 3, 2)	()	2	-1	major	major	V	V, major	ii		V	V	False	ii6	ii6, major		ii6, major		ii	-1	0	0	3	2	2	True	True	False
4800	40	67	1	G	0	3	8	2	1	True	1.0	-1	41	41	41	41a	60	1/8	False	4	True				False	55	V(64)		F	V		V(64)	V			64		M	False	False	(1, 0, 4)	()	1	1	major	major	V	V, major	V		V	V	False	V	V, major		V(64), major		V	-1	0	0	2	1	1	True	True	True
4800	20	72	0	C	0	3	8	1	1	True	1.0	-1	41	41	41	41a	60	1/16	False	5	True				False	55	V(64)		F	V		V(64)	V			64		M	False	False	(1, 0, 4)	()	1	1	major	major	V	V, major	V		V	V	False	V	V, major		V(64), major		V	-1	0	0	1	0	0	True	False	False
4820	20	74	2	D	0	3	8	1	1	True	1.5	-1	41	41	41	41a	241/4	1/16	False	5	False				False	55	V(64)		F	V		V(64)	V			64		M	False	False	(1, 0, 4)	()	1	1	major	major	V	V, major	V		V	V	False	V	V, major		V(64), major		V	-1	0	0	3	2	2	False	False	False
4840	40	55	1	G	0	3	8	2	1	True	2.0	-1	41	41	41	41a	121/2	1/8	False	3	False				False	55	V(64)		F	V		V(64)	V			64		M	False	False	(1, 0, 4)	()	1	1	major	major	V	V, major	V		V	V	False	V	V, major		V(64), major		V	-1	0	0	2	1	1	True	True	True
4840	60	74	2	D	0	3	8	1	1	True	2.0	-1	41	41	41	41a	121/2	3/16	False	5	False				False	55	V(64)		F	V		V(64)	V			64		M	False	False	(1, 0, 4)	()	1	1	major	major	V	V, major	V		V	V	False	V	V, major		V(64), major		V	-1	0	0	3	2	2	False	False	False
4880	40	43	1	G	0	3	8	2	1	True	3.0	-1	41	41	41	41a	61	1/8	False	2	True				False	56	V		F	V		V	V					M	False	False	(1, 5, 2)	()	1	1	major	major	V	V, major	V		V	V	False	V	V, major		V, major		V	-1	0	0	2	1	1	True	True	True
4900	20	72	0	C	0	3	8	1	1	True	3.5	-1	41	41	41	41a	245/4	1/16	False	5	False				False	56	V		F	V		V	V					M	False	False	(1, 5, 2)	()	1	1	major	major	V	V, major	V		V	V	False	V	V, major		V, major		V	-1	0	0	1	0	0	False	False	False
4920	40	36	0	C	0	3	8	2	1	True	1.0	-1	42	42	42	42a	123/2	1/8	False	2	True	PAC	PAC	}	True	57	I|PAC}		F	V		I	I					M	False	False	(0, 4, 1)	()	0	0	major	major	V	V, major	I		V	V	False	I	I, major		I, major		I	-1	0	0	1	0	0	True	True	True
4920	120	72	0	C	0	3	8	1	1	True	1.0	-1	42	42	42	42a	123/2	3/8	False	5	True	PAC	PAC	}	True	57	I|PAC}		F	V		I	I					M	False	False	(0, 4, 1)	()	0	0	major	major	V	V, major	I		V	V	False	I	I, major		I, major		I	-1	0	0	1	0	0	True	True	True
4960	40	48	0	C	0	3	8	2	1	True	2.0	-1	42	42	42	42a	62	1/8	False	3	False				False	57	I|PAC}		F	V		I	I					M	False	False	(0, 4, 1)	()	0	0	major	major	V	V, major	I		V	V	False	I	I, major		I, major		I	-1	0	0	1	0	0	True	True	True
5000	40	60	0	C	0	3	8	2	1	True	3.0	-1	42	42	42	42a	125/2	1/8	False	4	False				False	57	I|PAC}		F	V		I	I					M	False	False	(0, 4, 1)	()	0	0	major	major	V	V, major	I		V	V	False	I	I, major		I, major		I	-1	0	0	1	0	0	True	True	True
5040	80	72	0	C	0	3	8	2	1	True	1.0	-1	43	43	43	43a	63	1/4	False	5	True			{	False	58	v.i{		F	v		i	i					m	False	True	(0, -3, 1)	()	0	0	major	minor	v	v, major	i		v	v	True	i	i, minor		i, minor		i	-1	0	0	1	0	0	True	True	True
5060	20	79	1	G	0	3	8	1	1	True	1.5	-1	43	43	43	43a	253/4	1/16	False	5	False				False	58	v.i{		F	v		i	i					m	False	True	(0, -3, 1)	()	0	0	major	minor	v	v, major	i		v	v	True	i	i, minor		i, minor		i	-1	0	0	2	1	1	True	False	False
5080	0	82	-2	B	-1	3	8	1	1	True	2.0	-1	43	43	43	43a	127/2	0	False	5	False				False	58	v.i{		F	v		i	i					m	False	True	(0, -3, 1)	()	0	0	major	minor	v	v, major	i		v	v	True	i	i, minor		i, minor		i	-1	0	0	-1	-2	-2	False	False	False
5080	20	80	-4	A	-1	3	8	1	1	True	2.0	-1	43	43	43	43a	127/2	1/16	False	5	False				False	58	v.i{		F	v		i	i					m	False	True	(0, -3, 1)	()	0	0	major	minor	v	v, major	i		v	v	True	i	i, minor		i, minor		i	-1	0	0	-3	-4	-4	False	False	False
5100	20	79	1	G	0	3	8	1	1	True	2.5	-1	43	43	43	43a	255/4	1/16	False	5	False				False	58	v.i{		F	v		i	i					m	False	True	(0, -3, 1)	()	0	0	major	minor	v	v, major	i		v	v	True	i	i, minor		i, minor		i	-1	0	0	2	1	1	True	False	False
5120	40	70	-2	B	-1	3	8	2	1	True	3.0	-1	43	43	43	43a	64	1/8	False	4	True				False	59	v6		F	v		v6	v		6			m	False	True	(-2, 2, 1)	()	1	-2	major	minor	v	v, major	v		v	v	True	v6	v6, minor		v6, minor		v	-1	0	0	-1	-2	-2	True	False	True
5120	20	80	-4	A	-1	3	8	1	1	True	3.0	-1	43	43	43	43a	64	1/16	False	5	True				False	59	v6		F	v		v6	v		6			m	False	True	(-2, 2, 1)	()	1	-2	major	minor	v	v, major	v		v	v	True	v6	v6, minor		v6, minor		v	-1	0	0	-3	-4	-4	False	False	False
5140	20	79	1	G	0	3	8	1	1	True	3.5	-1	43	43	43	43a	257/4	1/16	False	5	False				False	59	v6		F	v		v6	v		6			m	False	True	(-2, 2, 1)	()	1	-2	major	minor	v	v, major	v		v	v	True	v6	v6, minor		v6, minor		v	-1	0	0	2	1	1	True	True	False
5160	80	68	-4	A	-1	3	8	2	1	True	1.0	-1	44	44	44	44a	129/2	1/4	False	4	True				False	60	iv6		F	v		iv6	iv		6			m	False	True	(-4, 0, -1)	()	-1	-4	major	minor	v	v, major	iv		v	v	True	iv6	iv6, minor		iv6, minor		iv	-1	0	0	-3	-4	-4	True	False	True
5160	80	72	0	C	0	3	8	2	1	True	1.0	-1	44	44	44	44a	129/2	1/4	False	5	True				False	60	iv6		F	v		iv6	iv		6			m	False	True	(-4, 0, -1)	()	-1	-4	major	minor	v	v, major	iv		v	v	True	iv6	iv6, minor		iv6, minor		iv	-1	0	0	1	0	0	True	False	False
5180	20	76	4	E	0	3	8	1	1	True	1.5	-1	44	44	44	44a	259/4	1/16	False	5	False				False	60	iv6		F	v		iv6	iv		6			m	False	True	(-4, 0, -1)	()	-1	-4	major	minor	v	v, major	iv		v	v	True	iv6	iv6, minor		iv6, minor		iv	-1	0	0	5	4	4	False	False	False
5200	0	79	1	G	0	3	8	1	1	True	2.0	-1	44	44	44	44a	65	0	False	5	False				False	60	iv6		F	v		iv6	iv		6			m	False	True	(-4, 0, -1)	()	-1	-4	major	minor	v	v, major	iv		v	v	True	iv6	iv6, minor		iv6, minor		iv	-1	0	0	2	1	1	False	False	False
5200	20	77	-1	F	0	3	8	1	1	True	2.0	-1	44	44	44	44a	65	1/16	False	5	False				False	60	iv6		F	v		iv6	iv		6			m	False	True	(-4, 0, -1)	()	-1	-4	major	minor	v	v, major	iv		v	v	True	iv6	iv6, minor		iv6, minor		iv	-1	0	0	0	-1	-1	True	True	False
5220	20	76	4	E	0	3	8	1	1	True	2.5	-1	44	44	44	44a	261/4	1/16	False	5	False				False	60	iv6		F	v		iv6	iv		6			m	False	True	(-4, 0, -1)	()	-1	-4	major	minor	v	v, major	iv		v	v	True	iv6	iv6, minor		iv6, minor		iv	-1	0	0	5	4	4	False	False	False
5240	40	67	1	G	0	3	8	2	1	True	3.0	-1	44	44	44	44a	131/2	1/8	False	4	True				False	61	#viio6/iv		F	v		#viio6/iv	#vii	o	6		iv	o	False	True	(1, -2, 4)	()	4	1	major	minor	v	v, major	#vii/iv	iv	iv/v	i	True	#viio6/iv	#viio6/iv, minor		#viio6/iv, minor	iv	iv	-1	0	-1	2	1	2	True	False	True
5240	40	70	-2	B	-1	3	8	2	1	True	3.0	-1	44	44	44	44a	131/2	1/8	False	4	True				False	61	#viio6/iv		F	v		#viio6/iv	#vii	o	6		iv	o	False	True	(1, -2, 4)	()	4	1	major	minor	v	v, major	#vii/iv	iv	iv/v	i	True	#viio6/iv	#viio6/iv, minor		#viio6/iv, minor	iv	iv	-1	0	-1	-1	-2	-1	True	False	False
5240	20	77	-1	F	0	3	8	1	1	True	3.0	-1	44	44	44	44a	131/2	1/16	False	5	True				False	61	#viio6/iv		F	v		#viio6/iv	#vii	o	6		iv	o	False	True	(1, -2, 4)	()	4	1	major	minor	v	v, major	#vii/iv	iv	iv/v	i	True	#viio6/iv	#viio6/iv, minor		#viio6/iv, minor	iv	iv	-1	0	-1	0	-1	0	False	False	False
5260	20	76	4	E	0	3	8	1	1	True	3.5	-1	44	44	44	44a	263/4	1/16	False	5	False				False	61	#viio6/iv		F	v		#viio6/iv	#vii	o	6		iv	o	False	True	(1, -2, 4)	()	4	1	major	minor	v	v, major	#vii/iv	iv	iv/v	i	True	#viio6/iv	#viio6/iv, minor		#viio6/iv, minor	iv	iv	-1	0	-1	5	4	5	True	True	False
5280	40	65	-1	F	0	3	8	2	2	True	1.0	-1	45	45	45	45a	66	1/8	False	4	True				False	62	iv		F	v		iv	iv					m	False	True	(-1, -4, 0)	()	-1	-1	major	minor	v	v, major	iv		v	v	True	iv	iv, minor		iv, minor		iv	-1	0	0	0	-1	-1	True	True	True
5280	40	72	0	C	0	3	8	2	1	True	1.0	-1	45	45	45	45a	66	1/8	False	5	True				False	62	iv		F	v		iv	iv					m	False	True	(-1, -4, 0)	()	-1	-1	major	minor	v	v, major	iv		v	v	True	iv	iv, minor		iv, minor		iv	-1	0	0	1	0	0	True	False	False
5280	20	77	-1	F	0	3	8	1	1	True	1.0	-1	45	45	45	45a	66	1/16	False	5	True				False	62	iv		F	v		iv	iv					m	False	True	(-1, -4, 0)	()	-1	-1	major	minor	v	v, major	iv		v	v	True	iv	iv, minor		iv, minor		iv	-1	0	0	0	-1	-1	True	True	True
5300	20	79	1	G	0	3	8	1	1	True	1.5	-1	45	45	45	45a	265/4	1/16	False	5	False				False	62	iv		F	v		iv	iv					m	False	True	(-1, -4, 0)	()	-1	-1	major	minor	v	v, major	iv		v	v	True	iv	iv, minor		iv, minor		iv	-1	0	0	2	1	1	False	False	False
5320	40	67	1	G	0	3	8	2	2	True	2.0	-1	45	45	45	45a	133/2	1/8	False	4	False				False	62	iv		F	v		iv	iv					m	False	True	(-1, -4, 0)	()	-1	-1	major	minor	v	v, major	iv		v	v	True	iv	iv, minor		iv, minor		iv	-1	0	0	2	1	1	False	False	False
5320	20	77	-1	F	0	3	8	1	1	True	2.0	-1	45	45	45	45a	133/2	1/16	False	5	False				False	62	iv		F	v		iv	iv					m	False	True	(-1, -4, 0)	()	-1	-1	major	minor	v	v, major	iv		v	v	True	iv	iv, minor		iv, minor		iv	-1	0	0	0	-1	-1	True	True	True
5340	20	75	-3	E	-1	3	8	1	1	True	2.5	-1	45	45	45	45a	267/4	1/16	False	5	False				False	62	iv		F	v		iv	iv					m	False	True	(-1, -4, 0)	()	-1	-1	major	minor	v	v, major	iv		v	v	True	iv	iv, minor		iv, minor		iv	-1	0	0	-2	-3	-3	False	False	False
5360	40	68	-4	A	-1	3	8	2	2	True	3.0	-1	45	45	45	45a	67	1/8	False	4	False				False	62	iv		F	v		iv	iv					m	False	True	(-1, -4, 0)	()	-1	-1	major	minor	v	v, major	iv		v	v	True	iv	iv, minor		iv, minor		iv	-1	0	0	-3	-4	-4	True	False	False
5360	20	74	2	D	0	3	8	1	1	True	3.0	-1	45	45	45	45a	67	1/16	False	5	False				False	62	iv		F	v		iv	iv					m	False	True	(-1, -4, 0)	()	-1	-1	major	minor	v	v, major	iv		v	v	True	iv	iv, minor		iv, minor		iv	-1	0	0	3	2	2	False	False	False
5380	20	72	0	C	0	3	8	1	1	True	3.5	-1	45	45	45	45a	269/4	1/16	False	5	False				False	62	iv		F	v		iv	iv					m	False	True	(-1, -4, 0)	()	-1	-1	major	minor	v	v, major	iv		v	v	True	iv	iv, minor		iv, minor		iv	-1	0	0	1	0	0	True	False	False
5400	20	67	1	G	0	3	8	2	1	True	1.0	-1	46	46	46	46a	135/2	1/16	False	4	True	HC	HC	}	True	63	V|HC}		F	v		V	V					M	False	True	(1, 5, 2)	()	1	1	major	minor	v	v, major	V		v	v	True	V	V, minor		V, minor		V	-1	0	0	2	1	1	True	True	True
5400	120	71	5	B	0	3	8	1	1	True	1.0	-1	46	46	46	46a	135/2	3/8	False	4	True	HC	HC	}	True	63	V|HC}		F	v		V	V					M	False	True	(1, 5, 2)	()	1	1	major	minor	v	v, major	V		v	v	True	V	V, minor		V, minor		V	-1	0	0	6	5	5	True	False	False
5420	20	68	-4	A	-1	3	8	2	1	True	1.5	-1	46	46	46	46a	271/4	1/16	False	4	False				False	63	V|HC}		F	v		V	V					M	False	True	(1, 5, 2)	()	1	1	major	minor	v	v, major	V		v	v	True	V	V, minor		V, minor		V	-1	0	0	-3	-4	-4	False	False	False
5440	20	67	1	G	0	3	8	2	1	True	2.0	-1	46	46	46	46a	68	1/16	False	4	False				False	63	V|HC}		F	v		V	V					M	False	True	(1, 5, 2)	()	1	1	major	minor	v	v, major	V		v	v	True	V	V, minor		V, minor		V	-1	0	0	2	1	1	True	True	True
5460	20	65	-1	F	0	3	8	2	1	True	2.5	-1	46	46	46	46a	273/4	1/16	False	4	False				False	63	V|HC}		F	v		V	V					M	False	True	(1, 5, 2)	()	1	1	major	minor	v	v, major	V		v	v	True	V	V, minor		V, minor		V	-1	0	0	0	-1	-1	False	False	False
5480	20	63	-3	E	-1	3	8	2	1	True	3.0	-1	46	46	46	46a	137/2	1/16	False	4	False				False	63	V|HC}		F	v		V	V					M	False	True	(1, 5, 2)	()	1	1	major	minor	v	v, major	V		v	v	True	V	V, minor		V, minor		V	-1	0	0	-2	-3	-3	False	False	False
5500	20	62	2	D	0	3	8	2	1	True	3.5	-1	46	46	46	46a	275/4	1/16	False	4	False				False	63	V|HC}		F	v		V	V					M	False	True	(1, 5, 2)	()	1	1	major	minor	v	v, major	V		v	v	True	V	V, minor		V, minor		V	-1	0	0	3	2	2	True	False	False
5520	40	60	0	C	0	3	8	2	1	True	1.0	-1	47	47	47	47a	69	1/8	False	4	True			{	False	64	i{		F	v		i	i					m	False	True	(0, -3, 1)	()	0	0	major	minor	v	v, major	i		v	v	True	i	i, minor		i, minor		i	-1	0	0	1	0	0	True	True	True
5540	20	79	1	G	0	3	8	1	1	True	1.5	-1	47	47	47	47a	277/4	1/16	False	5	False				False	64	i{		F	v		i	i					m	False	True	(0, -3, 1)	()	0	0	major	minor	v	v, major	i		v	v	True	i	i, minor		i, minor		i	-1	0	0	2	1	1	True	False	False
5560	0	82	-2	B	-1	3	8	1	1	True	2.0	-1	47	47	47	47a	139/2	0	False	5	False				False	64	i{		F	v		i	i					m	False	True	(0, -3, 1)	()	0	0	major	minor	v	v, major	i		v	v	True	i	i, minor		i, minor		i	-1	0	0	-1	-2	-2	False	False	False
5560	40	72	0	C	0	3	8	2	1	True	2.0	-1	47	47	47	47a	139/2	1/8	False	5	False				False	64	i{		F	v		i	i					m	False	True	(0, -3, 1)	()	0	0	major	minor	v	v, major	i		v	v	True	i	i, minor		i, minor		i	-1	0	0	1	0	0	True	True	True
5560	20	80	-4	A	-1	3	8	1	1	True	2.0	-1	47	47	47	47a	139/2	1/16	False	5	False				False	64	i{		F	v		i	i					m	False	True	(0, -3, 1)	()	0	0	major	minor	v	v, major	i		v	v	True	i	i, minor		i, minor		i	-1	0	0	-3	-4	-4	False	False	False
5580	20	79	1	G	0	3	8	1	1	True	2.5	-1	47	47	47	47a	279/4	1/16	False	5	False				False	64	i{		F	v		i	i					m	False	True	(0, -3, 1)	()	0	0	major	minor	v	v, major	i		v	v	True	i	i, minor		i, minor		i	-1	0	0	2	1	1	True	False	False
5600	40	70	-2	B	-1	3	8	2	1	True	3.0	-1	47	47	47	47a	70	1/8	False	4	True				False	65	v6		F	v		v6	v		6			m	False	True	(-2, 2, 1)	()	1	-2	major	minor	v	v, major	v		v	v	True	v6	v6, minor		v6, minor		v	-1	0	0	-1	-2	-2	True	False	True
5600	20	80	-4	A	-1	3	8	1	1	True	3.0	-1	47	47	47	47a	70	1/16	False	5	True				False	65	v6		F	v		v6	v		6			m	False	True	(-2, 2, 1)	()	1	-2	major	minor	v	v, major	v		v	v	True	v6	v6, minor		v6, minor		v	-1	0	0	-3	-4	-4	False	False	False
5620	20	79	1	G	0	3	8	1	1	True	3.5	-1	47	47	47	47a	281/4	1/16	False	5	False				False	65	v6		F	v		v6	v		6			m	False	True	(-2, 2, 1)	()	1	-2	major	minor	v	v, major	v		v	v	True	v6	v6, minor		v6, minor		v	-1	0	0	2	1	1	True	True	False
5640	80	68	-4	A	-1	3	8	2	1	True	1.0	-1	48	48	48	48a	141/2	1/4	False	4	True				False	66	iv6		F	v		iv6	iv		6			m	False	True	(-4, 0, -1)	()	-1	-4	major	minor	v	v, major	iv		v	v	True	iv6	iv6, minor		iv6, minor		iv	-1	0	0	-3	-4	-4	True	False	True
5640	80	72	0	C	0	3	8	2	1	True	1.0	-1	48	48	48	48a	141/2	1/4	False	5	True				False	66	iv6		F	v		iv6	iv		6			m	False	True	(-4, 0, -1)	()	-1	-4	major	minor	v	v, major	iv		v	v	True	iv6	iv6, minor		iv6, minor		iv	-1	0	0	1	0	0	True	False	False
5660	20	76	4	E	0	3	8	1	1	True	1.5	-1	48	48	48	48a	283/4	1/16	False	5	False				False	66	iv6		F	v		iv6	iv		6			m	False	True	(-4, 0, -1)	()	-1	-4	major	minor	v	v, major	iv		v	v	True	iv6	iv6, minor		iv6, minor		iv	-1	0	0	5	4	4	False	False	False
5680	0	79	1	G	0	3	8	1	1	True	2.0	-1	48	48	48	48a	71	0	False	5	False				False	66	iv6		F	v		iv6	iv		6			m	False	True	(-4, 0, -1)	()	-1	-4	major	minor	v	v, major	iv		v	v	True	iv6	iv6, minor		iv6, minor		iv	-1	0	0	2	1	1	False	False	False
5680	20	77	-1	F	0	3	8	1	1	True	2.0	-1	48	48	48	48a	71	1/16	False	5	False				False	66	iv6		F	v		iv6	iv		6			m	False	True	(-4, 0, -1)	()	-1	-4	major	minor	v	v, major	iv		v	v	True	iv6	iv6, minor		iv6, minor		iv	-1	0	0	0	-1	-1	True	True	False
5700	20	76	4	E	0	3	8	1	1	True	2.5	-1	48	48	48	48a	285/4	1/16	False	5	False				False	66	iv6		F	v		iv6	iv		6			m	False	True	(-4, 0, -1)	()	-1	-4	major	minor	v	v, major	iv		v	v	True	iv6	iv6, minor		iv6, minor		iv	-1	0	0	5	4	4	False	False	False
5720	40	67	1	G	0	3	8	2	1	True	3.0	-1	48	48	48	48a	143/2	1/8	False	4	True				False	67	#viio6/iv		F	v		#viio6/iv	#vii	o	6		iv	o	False	True	(1, -2, 4)	()	4	1	major	minor	v	v, major	#vii/iv	iv	iv/v	i	True	#viio6/iv	#viio6/iv, minor		#viio6/iv, minor	iv	iv	-1	0	-1	2	1	2	True	False	True
5720	40	70	-2	B	-1	3	8	2	1	True	3.0	-1	48	48	48	48a	143/2	1/8	False	4	True				False	67	#viio6/iv		F	v		#viio6/iv	#vii	o	6		iv	o	False	True	(1, -2, 4)	()	4	1	major	minor	v	v, major	#vii/iv	iv	iv/v	i	True	#viio6/iv	#viio6/iv, minor		#viio6/iv, minor	iv	iv	-1	0	-1	-1	-2	-1	True	False	False
5720	20	77	-1	F	0	3	8	1	1	True	3.0	-1	48	48	48	48a	143/2	1/16	False	5	True				False	67	#viio6/iv		F	v		#viio6/iv	#vii	o	6		iv	o	False	True	(1, -2, 4)	()	4	1	major	minor	v	v, major	#vii/iv	iv	iv/v	i	True	#viio6/iv	#viio6/iv, minor		#viio6/iv, minor	iv	iv	-1	0	-1	0	-1	0	False	False	False
5740	20	76	4	E	0	3	8	1	1	True	3.5	-1	48	48	48	48a	287/4	1/16	False	5	False				False	67	#viio6/iv		F	v		#viio6/iv	#vii	o	6		iv	o	False	True	(1, -2, 4)	()	4	1	major	minor	v	v, major	#vii/iv	iv	iv/v	i	True	#viio6/iv	#viio6/iv, minor		#viio6/iv, minor	iv	iv	-1	0	-1	5	4	5	True	True	False
5760	40	65	-1	F	0	3	8	2	2	True	1.0	-1	49	49	49	49a	72	1/8	False	4	True				False	68	iv		F	v		iv	iv					m	False	True	(-1, -4, 0)	()	-1	-1	major	minor	v	v, major	iv		v	v	True	iv	iv, minor		iv, minor		iv	-1	0	0	0	-1	-1	True	True	True
5760	40	72	0	C	0	3	8	2	1	True	1.0	-1	49	49	49	49a	72	1/8	False	5	True				False	68	iv		F	v		iv	iv					m	False	True	(-1, -4, 0)	()	-1	-1	major	minor	v	v, major	iv		v	v	True	iv	iv, minor		iv, minor		iv	-1	0	0	1	0	0	True	False	False
5760	20	77	-1	F	0	3	8	1	1	True	1.0	-1	49	49	49	49a	72	1/16	False	5	True				False	68	iv		F	v		iv	iv					m	False	True	(-1, -4, 0)	()	-1	-1	major	minor	v	v, major	iv		v	v	True	iv	iv, minor		iv, minor		iv	-1	0	0	0	-1	-1	True	True	True
5780	20	79	1	G	0	3	8	1	1	True	1.5	-1	49	49	49	49a	289/4	1/16	False	5	False				False	68	iv		F	v		iv	iv					m	False	True	(-1, -4, 0)	()	-1	-1	major	minor	v	v, major	iv		v	v	True	iv	iv, minor		iv, minor		iv	-1	0	0	2	1	1	False	False	False
5800	40	67	1	G	0	3	8	2	2	True	2.0	-1	49	49	49	49a	145/2	1/8	False	4	False				False	68	iv		F	v		iv	iv					m	False	True	(-1, -4, 0)	()	-1	-1	major	minor	v	v, major	iv		v	v	True	iv	iv, minor		iv, minor		iv	-1	0	0	2	1	1	False	False	False
5800	20	77	-1	F	0	3	8	1	1	True	2.0	-1	49	49	49	49a	145/2	1/16	False	5	False				False	68	iv		F	v		iv	iv					m	False	True	(-1, -4, 0)	()	-1	-1	major	minor	v	v, major	iv		v	v	True	iv	iv, minor		iv, minor		iv	-1	0	0	0	-1	-1	True	True	True
5820	20	75	-3	E	-1	3	8	1	1	True	2.5	-1	49	49	49	49a	291/4	1/16	False	5	False				False	68	iv		F	v		iv	iv					m	False	True	(-1, -4, 0)	()	-1	-1	major	minor	v	v, major	iv		v	v	True	iv	iv, minor		iv, minor		iv	-1	0	0	-2	-3	-3	False	False	False
5840	40	68	-4	A	-1	3	8	2	2	True	3.0	-1	49	49	49	49a	73	1/8	False	4	False				False	68	iv		F	v		iv	iv					m	False	True	(-1, -4, 0)	()	-1	-1	major	minor	v	v, major	iv		v	v	True	iv	iv, minor		iv, minor		iv	-1	0	0	-3	-4	-4	True	False	False
5840	20	74	2	D	0	3	8	1	1	True	3.0	-1	49	49	49	49a	73	1/16	False	5	False				False	68	iv		F	v		iv	iv					m	False	True	(-1, -4, 0)	()	-1	-1	major	minor	v	v, major	iv		v	v	True	iv	iv, minor		iv, minor		iv	-1	0	0	3	2	2	False	False	False
5860	20	72	0	C	0	3	8	1	1	True	3.5	-1	49	49	49	49a	293/4	1/16	False	5	False				False	68	iv		F	v		iv	iv					m	False	True	(-1, -4, 0)	()	-1	-1	major	minor	v	v, major	iv		v	v	True	iv	iv, minor		iv, minor		iv	-1	0	0	1	0	0	True	False	False
5880	40	67	1	G	0	3	8	2	1	True	1.0	-1	50	50	50	50a	147/2	1/8	False	4	True	HC	HC	}	True	69	V|HC}		F	v		V	V					M	False	True	(1, 5, 2)	()	1	1	major	minor	v	v, major	V		v	v	True	V	V, minor		V, minor		V	-1	0	0	2	1	1	True	True	True
5880	20	71	5	B	0	3	8	1	1	True	1.0	-1	50	50	50	50a	147/2	1/16	False	4	True	HC	HC	}	True	69	V|HC}		F	v		V	V					M	False	True	(1, 5, 2)	()	1	1	major	minor	v	v, major	V		v	v	True	V	V, minor		V, minor		V	-1	0	0	6	5	5	True	False	False
5900	20	74	2	D	0	3	8	1	1	True	1.5	-1	50	50	50	50a	295/4	1/16	False	5	False				False	69	V|HC}		F	v		V	V					M	False	True	(1, 5, 2)	()	1	1	major	minor	v	v, major	V		v	v	True	V	V, minor		V, minor		V	-1	0	0	3	2	2	True	False	False
5920	20	71	5	B	0	3	8	1	1	True	2.0	-1	50	50	50	50a	74	1/16	False	4	False				False	69	V|HC}		F	v		V	V					M	False	True	(1, 5, 2)	()	1	1	major	minor	v	v, major	V		v	v	True	V	V, minor		V, minor		V	-1	0	0	6	5	5	True	False	False
5940	20	67	1	G	0	3	8	1	1	True	2.5	-1	50	50	50	50a	297/4	1/16	False	4	False				False	69	V|HC}		F	v		V	V					M	False	True	(1, 5, 2)	()	1	1	major	minor	v	v, major	V		v	v	True	V	V, minor		V, minor		V	-1	0	0	2	1	1	True	True	True
5960	20	62	2	D	0	3	8	1	1	True	3.0	-1	50	50	50	50a	149/2	1/16	False	4	False				False	69	V|HC}		F	v		V	V					M	False	True	(1, 5, 2)	()	1	1	major	minor	v	v, major	V		v	v	True	V	V, minor		V, minor		V	-1	0	0	3	2	2	True	False	False
5980	20	59	5	B	0	3	8	1	1	True	3.5	-1	50	50	50	50a	299/4	1/16	False	3	False				False	69	V|HC}		F	v		V	V					M	False	True	(1, 5, 2)	()	1	1	major	minor	v	v, major	V		v	v	True	V	V, minor		V, minor		V	-1	0	0	6	5	5	True	False	False
6000	40	55	1	G	0	3	8	2	1	True	1.0	-1	51	51	51	51a	75	1/8	False	3	True			{	False	70	V7{		F	v		V7	V		7			Mm7	False	True	(1, 5, 2, -1)	()	1	1	major	minor	v	v, major	V		v	v	True	V7	V7, minor		V7, minor		V	-1	0	0	2	1	1	True	True	True
6020	20	77	-1	F	0	3	8	1	1	True	1.5	-1	51	51	51	51a	301/4	1/16	False	5	False				False	70	V7{		F	v		V7	V		7			Mm7	False	True	(1, 5, 2, -1)	()	1	1	major	minor	v	v, major	V		v	v	True	V7	V7, minor		V7, minor		V	-1	0	0	0	-1	-1	True	False	False
6040	40	62	2	D	0	3	8	2	1	True	2.0	-1	51	51	51	51a	151/2	1/8	False	4	False				False	70	V7{		F	v		V7	V		7			Mm7	False	True	(1, 5, 2, -1)	()	1	1	major	minor	v	v, major	V		v	v	True	V7	V7, minor		V7, minor		V	-1	0	0	3	2	2	True	False	False
6040	20	75	-3	E	-1	3	8	1	1	True	2.0	-1	51	51	51	51a	151/2	1/16	False	5	False				False	70	V7{		F	v		V7	V		7			Mm7	False	True	(1, 5, 2, -1)	()	1	1	major	minor	v	v, major	V		v	v	True	V7	V7, minor		V7, minor		V	-1	0	0	-2	-3	-3	False	False	False
6060	20	74	2	D	0	3	8	1	1	True	2.5	-1	51	51	51	51a	303/4	1/16	False	5	False				False	70	V7{		F	v		V7	V		7			Mm7	False	True	(1, 5, 2, -1)	()	1	1	major	minor	v	v, major	V		v	v	True	V7	V7, minor		V7, minor		V	-1	0	0	3	2	2	True	False	False
6080	40	65	-1	F	0	3	8	2	1	True	3.0	-1	51	51	51	51a	76	1/8	False	4	False				False	70	V7{		F	v		V7	V		7			Mm7	False	True	(1, 5, 2, -1)	()	1	1	major	minor	v	v, major	V		v	v	True	V7	V7, minor		V7, minor		V	-1	0	0	0	-1	-1	True	False	False
6080	20	72	0	C	0	3	8	1	1	True	3.0	-1	51	51	51	51a	76	1/16	False	5	False				False	70	V7{		F	v		V7	V		7			Mm7	False	True	(1, 5, 2, -1)	()	1	1	major	minor	v	v, major	V		v	v	True	V7	V7, minor		V7, minor		V	-1	0	0	1	0	0	False	False	False
6100	20	71	5	B	0	3	8	1	1	True	3.5	-1	51	51	51	51a	305/4	1/16	False	4	False				False	70	V7{		F	v		V7	V		7			Mm7	False	True	(1, 5, 2, -1)	()	1	1	major	minor	v	v, major	V		v	v	True	V7	V7, minor		V7, minor		V	-1	0	0	6	5	5	True	False	False
6120	20	63	-3	E	-1	3	8	2	1	True	1.0	-1	52	52	52	52a	153/2	1/16	False	4	True				False	71	i6		F	v		i6	i		6			m	False	True	(-3, 1, 0)	()	0	-3	major	minor	v	v, major	i		v	v	True	i6	i6, minor		i6, minor		i	-1	0	0	-2	-3	-3	True	False	True
6120	40	72	0	C	0	3	8	1	1	True	1.0	-1	52	52	52	52a	153/2	1/8	False	5	True				False	71	i6		F	v		i6	i		6			m	False	True	(-3, 1, 0)	()	0	-3	major	minor	v	v, major	i		v	v	True	i6	i6, minor		i6, minor		i	-1	0	0	1	0	0	True	True	False
6140	20	62	2	D	0	3	8	2	1	True	1.5	-1	52	52	52	52a	307/4	1/16	False	4	False				False	71	i6		F	v		i6	i		6			m	False	True	(-3, 1, 0)	()	0	-3	major	minor	v	v, major	i		v	v	True	i6	i6, minor		i6, minor		i	-1	0	0	3	2	2	False	False	False
6160	20	60	0	C	0	3	8	2	1	True	2.0	-1	52	52	52	52a	77	1/16	False	4	False				False	71	i6		F	v		i6	i		6			m	False	True	(-3, 1, 0)	()	0	-3	major	minor	v	v, major	i		v	v	True	i6	i6, minor		i6, minor		i	-1	0	0	1	0	0	True	True	False
6160	40	72	0	C	0	3	8	1	1	True	2.0	-1	52	52	52	52a	77	1/8	False	5	False				False	71	i6		F	v		i6	i		6			m	False	True	(-3, 1, 0)	()	0	-3	major	minor	v	v, major	i		v	v	True	i6	i6, minor		i6, minor		i	-1	0	0	1	0	0	True	True	False
6180	20	59	5	B	0	3	8	2	1	True	2.5	-1	52	52	52	52a	309/4	1/16	False	3	False				False	71	i6		F	v		i6	i		6			m	False	True	(-3, 1, 0)	()	0	-3	major	minor	v	v, major	i		v	v	True	i6	i6, minor		i6, minor		i	-1	0	0	6	5	5	False	False	False
6200	20	60	0	C	0	3	8	2	1	True	3.0	-1	52	52	52	52a	155/2	1/16	False	4	False				False	71	i6		F	v		i6	i		6			m	False	True	(-3, 1, 0)	()	0	-3	major	minor	v	v, major	i		v	v	True	i6	i6, minor		i6, minor		i	-1	0	0	1	0	0	True	True	False
6200	40	72	0	C	0	3	8	1	1	True	3.0	-1	52	52	52	52a	155/2	1/8	False	5	False				False	71	i6		F	v		i6	i		6			m	False	True	(-3, 1, 0)	()	0	-3	major	minor	v	v, major	i		v	v	True	i6	i6, minor		i6, minor		i	-1	0	0	1	0	0	True	True	False
6220	20	56	-4	A	-1	3	8	2	1	True	3.5	-1	52	52	52	52a	311/4	1/16	False	3	False				False	71	i6		F	v		i6	i		6			m	False	True	(-3, 1, 0)	()	0	-3	major	minor	v	v, major	i		v	v	True	i6	i6, minor		i6, minor		i	-1	0	0	-3	-4	-4	False	False	False
6240	40	55	1	G	0	3	8	2	1	True	1.0	-1	53	53	53	53a	78	1/8	False	3	True				False	72	V7		F	v		V7	V		7			Mm7	False	True	(1, 5, 2, -1)	()	1	1	major	minor	v	v, major	V		v	v	True	V7	V7, minor		V7, minor		V	-1	0	0	2	1	1	True	True	True
6260	20	77	-1	F	0	3	8	1	1	True	1.5	-1	53	53	53	53a	313/4	1/16	False	5	False				False	72	V7		F	v		V7	V		7			Mm7	False	True	(1, 5, 2, -1)	()	1	1	major	minor	v	v, major	V		v	v	True	V7	V7, minor		V7, minor		V	-1	0	0	0	-1	-1	True	False	False
6280	40	62	2	D	0	3	8	2	1	True	2.0	-1	53	53	53	53a	157/2	1/8	False	4	False				False	72	V7		F	v		V7	V		7			Mm7	False	True	(1, 5, 2, -1)	()	1	1	major	minor	v	v, major	V		v	v	True	V7	V7, minor		V7, minor		V	-1	0	0	3	2	2	True	False	False
6280	20	75	-3	E	-1	3	8	1	1	True	2.0	-1	53	53	53	53a	157/2	1/16	False	5	False				False	72	V7		F	v		V7	V		7			Mm7	False	True	(1, 5, 2, -1)	()	1	1	major	minor	v	v, major	V		v	v	True	V7	V7, minor		V7, minor		V	-1	0	0	-2	-3	-3	False	False	False
6300	20	74	2	D	0	3	8	1	1	True	2.5	-1	53	53	53	53a	315/4	1/16	False	5	False				False	72	V7		F	v		V7	V		7			Mm7	False	True	(1, 5, 2, -1)	()	1	1	major	minor	v	v, major	V		v	v	True	V7	V7, minor		V7, minor		V	-1	0	0	3	2	2	True	False	False
6320	40	65	-1	F	0	3	8	2	1	True	3.0	-1	53	53	53	53a	79	1/8	False	4	False				False	72	V7		F	v		V7	V		7			Mm7	False	True	(1, 5, 2, -1)	()	1	1	major	minor	v	v, major	V		v	v	True	V7	V7, minor		V7, minor		V	-1	0	0	0	-1	-1	True	False	False
6320	20	72	0	C	0	3	8	1	1	True	3.0	-1	53	53	53	53a	79	1/16	False	5	False				False	72	V7		F	v		V7	V		7			Mm7	False	True	(1, 5, 2, -1)	()	1	1	major	minor	v	v, major	V		v	v	True	V7	V7, minor		V7, minor		V	-1	0	0	1	0	0	False	False	False
6340	20	71	5	B	0	3	8	1	1	True	3.5	-1	53	53	53	53a	317/4	1/16	False	4	False				False	72	V7		F	v		V7	V		7			Mm7	False	True	(1, 5, 2, -1)	()	1	1	major	minor	v	v, major	V		v	v	True	V7	V7, minor		V7, minor		V	-1	0	0	6	5	5	True	False	False
6360	20	63	-3	E	-1	3	8	2	1	True	1.0	-1	54	54	54	54a	159/2	1/16	False	4	True				False	73	i6		F	v		i6	i		6			m	False	True	(-3, 1, 0)	()	0	-3	major	minor	v	v, major	i		v	v	True	i6	i6, minor		i6, minor		i	-1	0	0	-2	-3	-3	True	False	True
6360	40	72	0	C	0	3	8	1	1	True	1.0	-1	54	54	54	54a	159/2	1/8	False	5	True				False	73	i6		F	v		i6	i		6			m	False	True	(-3, 1, 0)	()	0	-3	major	minor	v	v, major	i		v	v	True	i6	i6, minor		i6, minor		i	-1	0	0	1	0	0	True	True	False
6380	20	62	2	D	0	3	8	2	1	True	1.5	-1	54	54	54	54a	319/4	1/16	False	4	False				False	73	i6		F	v		i6	i		6			m	False	True	(-3, 1, 0)	()	0	-3	major	minor	v	v, major	i		v	v	True	i6	i6, minor		i6, minor		i	-1	0	0	3	2	2	False	False	False
6400	20	60	0	C	0	3	8	2	1	True	2.0	-1	54	54	54	54a	80	1/16	False	4	False				False	73	i6		F	v		i6	i		6			m	False	True	(-3, 1, 0)	()	0	-3	major	minor	v	v, major	i		v	v	True	i6	i6, minor		i6, minor		i	-1	0	0	1	0	0	True	True	False
6400	40	72	0	C	0	3	8	1	1	True	2.0	-1	54	54	54	54a	80	1/8	False	5	False				False	73	i6		F	v		i6	i		6			m	False	True	(-3, 1, 0)	()	0	-3	major	minor	v	v, major	i		v	v	True	i6	i6, minor		i6, minor		i	-1	0	0	1	0	0	True	True	False
6420	20	59	5	B	0	3	8	2	1	True	2.5	-1	54	54	54	54a	321/4	1/16	False	3	False				False	73	i6		F	v		i6	i		6			m	False	True	(-3, 1, 0)	()	0	-3	major	minor	v	v, major	i		v	v	True	i6	i6, minor		i6, minor		i	-1	0	0	6	5	5	False	False	False
6440	20	60	0	C	0	3	8	2	1	True	3.0	-1	54	54	54	54a	161/2	1/16	False	4	False				False	73	i6		F	v		i6	i		6			m	False	True	(-3, 1, 0)	()	0	-3	major	minor	v	v, major	i		v	v	True	i6	i6, minor		i6, minor		i	-1	0	0	1	0	0	True	True	False
6440	40	72	0	C	0	3	8	1	1	True	3.0	-1	54	54	54	54a	161/2	1/8	False	5	False				False	73	i6		F	v		i6	i		6			m	False	True	(-3, 1, 0)	()	0	-3	major	minor	v	v, major	i		v	v	True	i6	i6, minor		i6, minor		i	-1	0	0	1	0	0	True	True	False
6460	20	56	-4	A	-1	3	8	2	1	True	3.5	-1	54	54	54	54a	323/4	1/16	False	3	False				False	73	i6		F	v		i6	i		6			m	False	True	(-3, 1, 0)	()	0	-3	major	minor	v	v, major	i		v	v	True	i6	i6, minor		i6, minor		i	-1	0	0	-3	-4	-4	False	False	False
6480	40	55	1	G	0	3	8	2	1	True	1.0	-1	55	55	55	55a	81	1/8	False	3	True				False	74	V7		F	v		V7	V		7			Mm7	False	True	(1, 5, 2, -1)	()	1	1	major	minor	v	v, major	V		v	v	True	V7	V7, minor		V7, minor		V	-1	0	0	2	1	1	True	True	True
6500	20	80	-4	A	-1	3	8	1	1	True	1.5	-1	55	55	55	55a	325/4	1/16	False	5	False				False	74	V7		F	v		V7	V		7			Mm7	False	True	(1, 5, 2, -1)	()	1	1	major	minor	v	v, major	V		v	v	True	V7	V7, minor		V7, minor		V	-1	0	0	-3	-4	-4	False	False	False
6520	40	62	2	D	0	3	8	2	1	True	2.0	-1	55	55	55	55a	163/2	1/8	False	4	False				False	74	V7		F	v		V7	V		7			Mm7	False	True	(1, 5, 2, -1)	()	1	1	major	minor	v	v, major	V		v	v	True	V7	V7, minor		V7, minor		V	-1	0	0	3	2	2	True	False	False
6520	20	79	1	G	0	3	8	1	1	True	2.0	-1	55	55	55	55a	163/2	1/16	False	5	False				False	74	V7		F	v		V7	V		7			Mm7	False	True	(1, 5, 2, -1)	()	1	1	major	minor	v	v, major	V		v	v	True	V7	V7, minor		V7, minor		V	-1	0	0	2	1	1	True	True	True
6540	20	77	-1	F	0	3	8	1	1	True	2.5	-1	55	55	55	55a	327/4	1/16	False	5	False				False	74	V7		F	v		V7	V		7			Mm7	False	True	(1, 5, 2, -1)	()	1	1	major	minor	v	v, major	V		v	v	True	V7	V7, minor		V7, minor		V	-1	0	0	0	-1	-1	True	False	False
6560	40	65	-1	F	0	3	8	2	1	True	3.0	-1	55	55	55	55a	82	1/8	False	4	False				False	74	V7		F	v		V7	V		7			Mm7	False	True	(1, 5, 2, -1)	()	1	1	major	minor	v	v, major	V		v	v	True	V7	V7, minor		V7, minor		V	-1	0	0	0	-1	-1	True	False	False
6560	20	75	-3	E	-1	3	8	1	1	True	3.0	-1	55	55	55	55a	82	1/16	False	5	False				False	74	V7		F	v		V7	V		7			Mm7	False	True	(1, 5, 2, -1)	()	1	1	major	minor	v	v, major	V		v	v	True	V7	V7, minor		V7, minor		V	-1	0	0	-2	-3	-3	False	False	False
6580	20	74	2	D	0	3	8	1	1	True	3.5	-1	55	55	55	55a	329/4	1/16	False	5	False				False	74	V7		F	v		V7	V		7			Mm7	False	True	(1, 5, 2, -1)	()	1	1	major	minor	v	v, major	V		v	v	True	V7	V7, minor		V7, minor		V	-1	0	0	3	2	2	True	False	False
6600	20	63	-3	E	-1	3	8	1	2	True	1.0	-1	56	56	56	56a	165/2	1/16	False	4	True				False	75	i6		F	v		i6	i		6			m	False	True	(-3, 1, 0)	()	0	-3	major	minor	v	v, major	i		v	v	True	i6	i6, minor		i6, minor		i	-1	0	0	-2	-3	-3	True	False	True
6600	60	72	0	C	0	3	8	1	1	True	1.0	-1	56	56	56	56a	165/2	3/16	False	5	True				False	75	i6		F	v		i6	i		6			m	False	True	(-3, 1, 0)	()	0	-3	major	minor	v	v, major	i		v	v	True	i6	i6, minor		i6, minor		i	-1	0	0	1	0	0	True	True	False
6620	20	62	2	D	0	3	8	1	2	True	1.5	-1	56	56	56	56a	331/4	1/16	False	4	False				False	75	i6		F	v		i6	i		6			m	False	True	(-3, 1, 0)	()	0	-3	major	minor	v	v, major	i		v	v	True	i6	i6, minor		i6, minor		i	-1	0	0	3	2	2	False	False	False
6640	20	63	-3	E	-1	3	8	1	2	True	2.0	-1	56	56	56	56a	83	1/16	False	4	False				False	75	i6		F	v		i6	i		6			m	False	True	(-3, 1, 0)	()	0	-3	major	minor	v	v, major	i		v	v	True	i6	i6, minor		i6, minor		i	-1	0	0	-2	-3	-3	True	False	True
6660	20	65	-1	F	0	3	8	1	2	True	2.5	-1	56	56	56	56a	333/4	1/16	False	4	False				False	75	i6		F	v		i6	i		6			m	False	True	(-3, 1, 0)	()	0	-3	major	minor	v	v, major	i		v	v	True	i6	i6, minor		i6, minor		i	-1	0	0	0	-1	-1	False	False	False
6660	20	74	2	D	0	3	8	1	1	True	2.5	-1	56	56	56	56a	333/4	1/16	False	5	False				False	75	i6		F	v		i6	i		6			m	False	True	(-3, 1, 0)	()	0	-3	major	minor	v	v, major	i		v	v	True	i6	i6, minor		i6, minor		i	-1	0	0	3	2	2	False	False	False
6680	20	67	1	G	0	3	8	1	2	True	3.0	-1	56	56	56	56a	167/2	1/16	False	4	False				False	75	i6		F	v		i6	i		6			m	False	True	(-3, 1, 0)	()	0	-3	major	minor	v	v, major	i		v	v	True	i6	i6, minor		i6, minor		i	-1	0	0	2	1	1	True	False	False
6680	40	75	-3	E	-1	3	8	1	1	True	3.0	-1	56	56	56	56a	167/2	1/8	False	5	False				False	75	i6		F	v		i6	i		6			m	False	True	(-3, 1, 0)	()	0	-3	major	minor	v	v, major	i		v	v	True	i6	i6, minor		i6, minor		i	-1	0	0	-2	-3	-3	True	False	True
6700	20	60	0	C	0	3	8	1	2	True	3.5	-1	56	56	56	56a	335/4	1/16	False	4	False				False	75	i6		F	v		i6	i		6			m	False	True	(-3, 1, 0)	()	0	-3	major	minor	v	v, major	i		v	v	True	i6	i6, minor		i6, minor		i	-1	0	0	1	0	0	True	True	False
6720	40	53	-1	F	0	3	8	2	1	True	1.0	-1	57	57	57	57a	84	1/8	False	3	True				False	76	iio6		F	v		iio6	ii	o	6			o	False	True	(-1, -4, 2)	()	2	-1	major	minor	v	v, major	ii		v	v	True	iio6	iio6, minor		iio6, minor		ii	-1	0	0	0	-1	-1	True	False	True
6720	20	62	2	D	0	3	8	1	1	True	1.0	-1	57	57	57	57a	84	1/16	False	4	True				False	76	iio6		F	v		iio6	ii	o	6			o	False	True	(-1, -4, 2)	()	2	-1	major	minor	v	v, major	ii		v	v	True	iio6	iio6, minor		iio6, minor		ii	-1	0	0	3	2	2	True	True	False
6740	20	65	-1	F	0	3	8	1	1	True	1.5	-1	57	57	57	57a	337/4	1/16	False	4	False				False	76	iio6		F	v		iio6	ii	o	6			o	False	True	(-1, -4, 2)	()	2	-1	major	minor	v	v, major	ii		v	v	True	iio6	iio6, minor		iio6, minor		ii	-1	0	0	0	-1	-1	True	False	True
6760	40	55	1	G	0	3	8	2	1	True	2.0	-1	57	57	57	57a	169/2	1/8	False	3	True				False	77	V(64)		F	v		V(64)	V			64		M	False	True	(1, 0, -3)	()	1	1	major	minor	v	v, major	V		v	v	True	V	V, minor		V(64), minor		V	-1	0	0	2	1	1	True	True	True
6760	20	63	-3	E	-1	3	8	1	1	True	2.0	-1	57	57	57	57a	169/2	1/16	False	4	True				False	77	V(64)		F	v		V(64)	V			64		M	False	True	(1, 0, -3)	()	1	1	major	minor	v	v, major	V		v	v	True	V	V, minor		V(64), minor		V	-1	0	0	-2	-3	-3	True	False	False
6780	20	62	2	D	0	3	8	1	1	True	2.5	-1	57	57	57	57a	339/4	1/16	False	4	False				False	77	V(64)		F	v		V(64)	V			64		M	False	True	(1, 0, -3)	()	1	1	major	minor	v	v, major	V		v	v	True	V	V, minor		V(64), minor		V	-1	0	0	3	2	2	False	False	False
6800	40	43	1	G	0	3	8	2	1	True	3.0	-1	57	57	57	57a	85	1/8	False	2	True				False	78	V		F	v		V	V					M	False	True	(1, 5, 2)	()	1	1	major	minor	v	v, major	V		v	v	True	V	V, minor		V, minor		V	-1	0	0	2	1	1	True	True	True
6800	20	60	0	C	0	3	8	1	1	True	3.0	-1	57	57	57	57a	85	1/16	False	4	True				False	78	V		F	v		V	V					M	False	True	(1, 5, 2)	()	1	1	major	minor	v	v, major	V		v	v	True	V	V, minor		V, minor		V	-1	0	0	1	0	0	False	False	False
6820	20	59	5	B	0	3	8	1	1	True	3.5	-1	57	57	57	57a	341/4	1/16	False	3	False				False	78	V		F	v		V	V					M	False	True	(1, 5, 2)	()	1	1	major	minor	v	v, major	V		v	v	True	V	V, minor		V, minor		V	-1	0	0	6	5	5	True	False	False
6840	0	59	5	B	0	3	8	1	1	True	1.0	-1	58	58	58	58a	171/2	0	False	3	True	PAC	PAC	}	True	79	i|PAC}		F	v		i	i					m	False	True	(0, -3, 1)	()	0	0	major	minor	v	v, major	i		v	v	True	i	i, minor		i, minor		i	-1	0	0	6	5	5	False	False	False
6840	120	48	0	C	0	3	8	2	1	True	1.0	-1	58	58	58	58a	171/2	3/8	False	3	True	PAC	PAC	}	True	79	i|PAC}		F	v		i	i					m	False	True	(0, -3, 1)	()	0	0	major	minor	v	v, major	i		v	v	True	i	i, minor		i, minor		i	-1	0	0	1	0	0	True	True	True
6840	120	60	0	C	0	3	8	1	1	True	1.0	-1	58	58	58	58a	171/2	3/8	False	4	True	PAC	PAC	}	True	79	i|PAC}		F	v		i	i					m	False	True	(0, -3, 1)	()	0	0	major	minor	v	v, major	i		v	v	True	i	i, minor		i, minor		i	-1	0	0	1	0	0	True	True	True
6960	40	55	1	G	0	3	8	2	1	True	1.0	-1	59	59	59	59a	87	1/8	False	3	True			{	False	80	V7{		F	v		V7	V		7			Mm7	False	True	(1, 5, 2, -1)	()	1	1	major	minor	v	v, major	V		v	v	True	V7	V7, minor		V7, minor		V	-1	0	0	2	1	1	True	True	True
6980	20	77	-1	F	0	3	8	1	1	True	1.5	-1	59	59	59	59a	349/4	1/16	False	5	False				False	80	V7{		F	v		V7	V		7			Mm7	False	True	(1, 5, 2, -1)	()	1	1	major	minor	v	v, major	V		v	v	True	V7	V7, minor		V7, minor		V	-1	0	0	0	-1	-1	True	False	False
7000	40	62	2	D	0	3	8	2	1	True	2.0	-1	59	59	59	59a	175/2	1/8	False	4	False				False	80	V7{		F	v		V7	V		7			Mm7	False	True	(1, 5, 2, -1)	()	1	1	major	minor	v	v, major	V		v	v	True	V7	V7, minor		V7, minor		V	-1	0	0	3	2	2	True	False	False
7000	20	75	-3	E	-1	3	8	1	1	True	2.0	-1	59	59	59	59a	175/2	1/16	False	5	False				False	80	V7{		F	v		V7	V		7			Mm7	False	True	(1, 5, 2, -1)	()	1	1	major	minor	v	v, major	V		v	v	True	V7	V7, minor		V7, minor		V	-1	0	0	-2	-3	-3	False	False	False
7020	20	74	2	D	0	3	8	1	1	True	2.5	-1	59	59	59	59a	351/4	1/16	False	5	False				False	80	V7{		F	v		V7	V		7			Mm7	False	True	(1, 5, 2, -1)	()	1	1	major	minor	v	v, major	V		v	v	True	V7	V7, minor		V7, minor		V	-1	0	0	3	2	2	True	False	False
7040	40	65	-1	F	0	3	8	2	1	True	3.0	-1	59	59	59	59a	88	1/8	False	4	False				False	80	V7{		F	v		V7	V		7			Mm7	False	True	(1, 5, 2, -1)	()	1	1	major	minor	v	v, major	V		v	v	True	V7	V7, minor		V7, minor		V	-1	0	0	0	-1	-1	True	False	False
7040	20	72	0	C	0	3	8	1	1	True	3.0	-1	59	59	59	59a	88	1/16	False	5	False				False	80	V7{		F	v		V7	V		7			Mm7	False	True	(1, 5, 2, -1)	()	1	1	major	minor	v	v, major	V		v	v	True	V7	V7, minor		V7, minor		V	-1	0	0	1	0	0	False	False	False
7060	20	71	5	B	0	3	8	1	1	True	3.5	-1	59	59	59	59a	353/4	1/16	False	4	False				False	80	V7{		F	v		V7	V		7			Mm7	False	True	(1, 5, 2, -1)	()	1	1	major	minor	v	v, major	V		v	v	True	V7	V7, minor		V7, minor		V	-1	0	0	6	5	5	True	False	False
7080	20	63	-3	E	-1	3	8	2	1	True	1.0	-1	60	60	60	60a	177/2	1/16	False	4	True				False	81	i6		F	v		i6	i		6			m	False	True	(-3, 1, 0)	()	0	-3	major	minor	v	v, major	i		v	v	True	i6	i6, minor		i6, minor		i	-1	0	0	-2	-3	-3	True	False	True
7080	40	72	0	C	0	3	8	1	1	True	1.0	-1	60	60	60	60a	177/2	1/8	False	5	True				False	81	i6		F	v		i6	i		6			m	False	True	(-3, 1, 0)	()	0	-3	major	minor	v	v, major	i		v	v	True	i6	i6, minor		i6, minor		i	-1	0	0	1	0	0	True	True	False
7100	20	62	2	D	0	3	8	2	1	True	1.5	-1	60	60	60	60a	355/4	1/16	False	4	False				False	81	i6		F	v		i6	i		6			m	False	True	(-3, 1, 0)	()	0	-3	major	minor	v	v, major	i		v	v	True	i6	i6, minor		i6, minor		i	-1	0	0	3	2	2	False	False	False
7120	20	60	0	C	0	3	8	2	1	True	2.0	-1	60	60	60	60a	89	1/16	False	4	False				False	81	i6		F	v		i6	i		6			m	False	True	(-3, 1, 0)	()	0	-3	major	minor	v	v, major	i		v	v	True	i6	i6, minor		i6, minor		i	-1	0	0	1	0	0	True	True	False
7120	40	72	0	C	0	3	8	1	1	True	2.0	-1	60	60	60	60a	89	1/8	False	5	False				False	81	i6		F	v		i6	i		6			m	False	True	(-3, 1, 0)	()	0	-3	major	minor	v	v, major	i		v	v	True	i6	i6, minor		i6, minor		i	-1	0	0	1	0	0	True	True	False
7140	20	59	5	B	0	3	8	2	1	True	2.5	-1	60	60	60	60a	357/4	1/16	False	3	False				False	81	i6		F	v		i6	i		6			m	False	True	(-3, 1, 0)	()	0	-3	major	minor	v	v, major	i		v	v	True	i6	i6, minor		i6, minor		i	-1	0	0	6	5	5	False	False	False
7160	20	60	0	C	0	3	8	2	1	True	3.0	-1	60	60	60	60a	179/2	1/16	False	4	False				False	81	i6		F	v		i6	i		6			m	False	True	(-3, 1, 0)	()	0	-3	major	minor	v	v, major	i		v	v	True	i6	i6, minor		i6, minor		i	-1	0	0	1	0	0	True	True	False
7160	40	72	0	C	0	3	8	1	1	True	3.0	-1	60	60	60	60a	179/2	1/8	False	5	False				False	81	i6		F	v		i6	i		6			m	False	True	(-3, 1, 0)	()	0	-3	major	minor	v	v, major	i		v	v	True	i6	i6, minor		i6, minor		i	-1	0	0	1	0	0	True	True	False
7180	20	56	-4	A	-1	3	8	2	1	True	3.5	-1	60	60	60	60a	359/4	1/16	False	3	False				False	81	i6		F	v		i6	i		6			m	False	True	(-3, 1, 0)	()	0	-3	major	minor	v	v, major	i		v	v	True	i6	i6, minor		i6, minor		i	-1	0	0	-3	-4	-4	False	False	False
7200	40	55	1	G	0	3	8	2	1	True	1.0	-1	61	61	61	61a	90	1/8	False	3	True				False	82	V7		F	v		V7	V		7			Mm7	False	True	(1, 5, 2, -1)	()	1	1	major	minor	v	v, major	V		v	v	True	V7	V7, minor		V7, minor		V	-1	0	0	2	1	1	True	True	True
7220	20	77	-1	F	0	3	8	1	1	True	1.5	-1	61	61	61	61a	361/4	1/16	False	5	False				False	82	V7		F	v		V7	V		7			Mm7	False	True	(1, 5, 2, -1)	()	1	1	major	minor	v	v, major	V		v	v	True	V7	V7, minor		V7, minor		V	-1	0	0	0	-1	-1	True	False	False
7240	40	62	2	D	0	3	8	2	1	True	2.0	-1	61	61	61	61a	181/2	1/8	False	4	False				False	82	V7		F	v		V7	V		7			Mm7	False	True	(1, 5, 2, -1)	()	1	1	major	minor	v	v, major	V		v	v	True	V7	V7, minor		V7, minor		V	-1	0	0	3	2	2	True	False	False
7240	20	75	-3	E	-1	3	8	1	1	True	2.0	-1	61	61	61	61a	181/2	1/16	False	5	False				False	82	V7		F	v		V7	V		7			Mm7	False	True	(1, 5, 2, -1)	()	1	1	major	minor	v	v, major	V		v	v	True	V7	V7, minor		V7, minor		V	-1	0	0	-2	-3	-3	False	False	False
7260	20	74	2	D	0	3	8	1	1	True	2.5	-1	61	61	61	61a	363/4	1/16	False	5	False				False	82	V7		F	v		V7	V		7			Mm7	False	True	(1, 5, 2, -1)	()	1	1	major	minor	v	v, major	V		v	v	True	V7	V7, minor		V7, minor		V	-1	0	0	3	2	2	True	False	False
7280	40	65	-1	F	0	3	8	2	1	True	3.0	-1	61	61	61	61a	91	1/8	False	4	False				False	82	V7		F	v		V7	V		7			Mm7	False	True	(1, 5, 2, -1)	()	1	1	major	minor	v	v, major	V		v	v	True	V7	V7, minor		V7, minor		V	-1	0	0	0	-1	-1	True	False	False
7280	20	72	0	C	0	3	8	1	1	True	3.0	-1	61	61	61	61a	91	1/16	False	5	False				False	82	V7		F	v		V7	V		7			Mm7	False	True	(1, 5, 2, -1)	()	1	1	major	minor	v	v, major	V		v	v	True	V7	V7, minor		V7, minor		V	-1	0	0	1	0	0	False	False	False
7300	20	71	5	B	0	3	8	1	1	True	3.5	-1	61	61	61	61a	365/4	1/16	False	4	False				False	82	V7		F	v		V7	V		7			Mm7	False	True	(1, 5, 2, -1)	()	1	1	major	minor	v	v, major	V		v	v	True	V7	V7, minor		V7, minor		V	-1	0	0	6	5	5	True	False	False
7320	20	63	-3	E	-1	3	8	2	1	True	1.0	-1	62	62	62	62a	183/2	1/16	False	4	True				False	83	i6		F	v		i6	i		6			m	False	True	(-3, 1, 0)	()	0	-3	major	minor	v	v, major	i		v	v	True	i6	i6, minor		i6, minor		i	-1	0	0	-2	-3	-3	True	False	True
7320	40	72	0	C	0	3	8	1	1	True	1.0	-1	62	62	62	62a	183/2	1/8	False	5	True				False	83	i6		F	v		i6	i		6			m	False	True	(-3, 1, 0)	()	0	-3	major	minor	v	v, major	i		v	v	True	i6	i6, minor		i6, minor		i	-1	0	0	1	0	0	True	True	False
7340	20	62	2	D	0	3	8	2	1	True	1.5	-1	62	62	62	62a	367/4	1/16	False	4	False				False	83	i6		F	v		i6	i		6			m	False	True	(-3, 1, 0)	()	0	-3	major	minor	v	v, major	i		v	v	True	i6	i6, minor		i6, minor		i	-1	0	0	3	2	2	False	False	False
7360	20	60	0	C	0	3	8	2	1	True	2.0	-1	62	62	62	62a	92	1/16	False	4	False				False	83	i6		F	v		i6	i		6			m	False	True	(-3, 1, 0)	()	0	-3	major	minor	v	v, major	i		v	v	True	i6	i6, minor		i6, minor		i	-1	0	0	1	0	0	True	True	False
7360	40	72	0	C	0	3	8	1	1	True	2.0	-1	62	62	62	62a	92	1/8	False	5	False				False	83	i6		F	v		i6	i		6			m	False	True	(-3, 1, 0)	()	0	-3	major	minor	v	v, major	i		v	v	True	i6	i6, minor		i6, minor		i	-1	0	0	1	0	0	True	True	False
7380	20	59	5	B	0	3	8	2	1	True	2.5	-1	62	62	62	62a	369/4	1/16	False	3	False				False	83	i6		F	v		i6	i		6			m	False	True	(-3, 1, 0)	()	0	-3	major	minor	v	v, major	i		v	v	True	i6	i6, minor		i6, minor		i	-1	0	0	6	5	5	False	False	False
7400	20	60	0	C	0	3	8	2	1	True	3.0	-1	62	62	62	62a	185/2	1/16	False	4	False				False	83	i6		F	v		i6	i		6			m	False	True	(-3, 1, 0)	()	0	-3	major	minor	v	v, major	i		v	v	True	i6	i6, minor		i6, minor		i	-1	0	0	1	0	0	True	True	False
7400	40	72	0	C	0	3	8	1	1	True	3.0	-1	62	62	62	62a	185/2	1/8	False	5	False				False	83	i6		F	v		i6	i		6			m	False	True	(-3, 1, 0)	()	0	-3	major	minor	v	v, major	i		v	v	True	i6	i6, minor		i6, minor		i	-1	0	0	1	0	0	True	True	False
7420	20	56	-4	A	-1	3	8	2	1	True	3.5	-1	62	62	62	62a	371/4	1/16	False	3	False				False	83	i6		F	v		i6	i		6			m	False	True	(-3, 1, 0)	()	0	-3	major	minor	v	v, major	i		v	v	True	i6	i6, minor		i6, minor		i	-1	0	0	-3	-4	-4	False	False	False
7440	40	55	1	G	0	3	8	2	1	True	1.0	-1	63	63	63	63a	93	1/8	False	3	True				False	84	V7		F	v		V7	V		7			Mm7	False	True	(1, 5, 2, -1)	()	1	1	major	minor	v	v, major	V		v	v	True	V7	V7, minor		V7, minor		V	-1	0	0	2	1	1	True	True	True
7460	20	80	-4	A	-1	3	8	1	1	True	1.5	-1	63	63	63	63a	373/4	1/16	False	5	False				False	84	V7		F	v		V7	V		7			Mm7	False	True	(1, 5, 2, -1)	()	1	1	major	minor	v	v, major	V		v	v	True	V7	V7, minor		V7, minor		V	-1	0	0	-3	-4	-4	False	False	False
7480	40	62	2	D	0	3	8	2	1	True	2.0	-1	63	63	63	63a	187/2	1/8	False	4	False				False	84	V7		F	v		V7	V		7			Mm7	False	True	(1, 5, 2, -1)	()	1	1	major	minor	v	v, major	V		v	v	True	V7	V7, minor		V7, minor		V	-1	0	0	3	2	2	True	False	False
7480	20	79	1	G	0	3	8	1	1	True	2.0	-1	63	63	63	63a	187/2	1/16	False	5	False				False	84	V7		F	v		V7	V		7			Mm7	False	True	(1, 5, 2, -1)	()	1	1	major	minor	v	v, major	V		v	v	True	V7	V7, minor		V7, minor		V	-1	0	0	2	1	1	True	True	True
7500	20	77	-1	F	0	3	8	1	1	True	2.5	-1	63	63	63	63a	375/4	1/16	False	5	False				False	84	V7		F	v		V7	V		7			Mm7	False	True	(1, 5, 2, -1)	()	1	1	major	minor	v	v, major	V		v	v	True	V7	V7, minor		V7, minor		V	-1	0	0	0	-1	-1	True	False	False
7520	40	65	-1	F	0	3	8	2	1	True	3.0	-1	63	63	63	63a	94	1/8	False	4	False				False	84	V7		F	v		V7	V		7			Mm7	False	True	(1, 5, 2, -1)	()	1	1	major	minor	v	v, major	V		v	v	True	V7	V7, minor		V7, minor		V	-1	0	0	0	-1	-1	True	False	False
7520	20	75	-3	E	-1	3	8	1	1	True	3.0	-1	63	63	63	63a	94	1/16	False	5	False				False	84	V7		F	v		V7	V		7			Mm7	False	True	(1, 5, 2, -1)	()	1	1	major	minor	v	v, major	V		v	v	True	V7	V7, minor		V7, minor		V	-1	0	0	-2	-3	-3	False	False	False
7540	20	74	2	D	0	3	8	1	1	True	3.5	-1	63	63	63	63a	377/4	1/16	False	5	False				False	84	V7		F	v		V7	V		7			Mm7	False	True	(1, 5, 2, -1)	()	1	1	major	minor	v	v, major	V		v	v	True	V7	V7, minor		V7, minor		V	-1	0	0	3	2	2	True	False	False
7560	20	63	-3	E	-1	3	8	1	2	True	1.0	-1	64	64	64	64a	189/2	1/16	False	4	True				False	85	i6		F	v		i6	i		6			m	False	True	(-3, 1, 0)	()	0	-3	major	minor	v	v, major	i		v	v	True	i6	i6, minor		i6, minor		i	-1	0	0	-2	-3	-3	True	False	True
7560	60	72	0	C	0	3	8	1	1	True	1.0	-1	64	64	64	64a	189/2	3/16	False	5	True				False	85	i6		F	v		i6	i		6			m	False	True	(-3, 1, 0)	()	0	-3	major	minor	v	v, major	i		v	v	True	i6	i6, minor		i6, minor		i	-1	0	0	1	0	0	True	True	False
7580	20	62	2	D	0	3	8	1	2	True	1.5	-1	64	64	64	64a	379/4	1/16	False	4	False				False	85	i6		F	v		i6	i		6			m	False	True	(-3, 1, 0)	()	0	-3	major	minor	v	v, major	i		v	v	True	i6	i6, minor		i6, minor		i	-1	0	0	3	2	2	False	False	False
7600	20	63	-3	E	-1	3	8	1	2	True	2.0	-1	64	64	64	64a	95	1/16	False	4	False				False	85	i6		F	v		i6	i		6			m	False	True	(-3, 1, 0)	()	0	-3	major	minor	v	v, major	i		v	v	True	i6	i6, minor		i6, minor		i	-1	0	0	-2	-3	-3	True	False	True
7620	20	65	-1	F	0	3	8	1	2	True	2.5	-1	64	64	64	64a	381/4	1/16	False	4	False				False	85	i6		F	v		i6	i		6			m	False	True	(-3, 1, 0)	()	0	-3	major	minor	v	v, major	i		v	v	True	i6	i6, minor		i6, minor		i	-1	0	0	0	-1	-1	False	False	False
7620	20	74	2	D	0	3	8	1	1	True	2.5	-1	64	64	64	64a	381/4	1/16	False	5	False				False	85	i6		F	v		i6	i		6			m	False	True	(-3, 1, 0)	()	0	-3	major	minor	v	v, major	i		v	v	True	i6	i6, minor		i6, minor		i	-1	0	0	3	2	2	False	False	False
7640	20	67	1	G	0	3	8	1	2	True	3.0	-1	64	64	64	64a	191/2	1/16	False	4	False				False	85	i6		F	v		i6	i		6			m	False	True	(-3, 1, 0)	()	0	-3	major	minor	v	v, major	i		v	v	True	i6	i6, minor		i6, minor		i	-1	0	0	2	1	1	True	False	False
7640	40	75	-3	E	-1	3	8	1	1	True	3.0	-1	64	64	64	64a	191/2	1/8	False	5	False				False	85	i6		F	v		i6	i		6			m	False	True	(-3, 1, 0)	()	0	-3	major	minor	v	v, major	i		v	v	True	i6	i6, minor		i6, minor		i	-1	0	0	-2	-3	-3	True	False	True
7660	20	60	0	C	0	3	8	1	2	True	3.5	-1	64	64	64	64a	383/4	1/16	False	4	False				False	85	i6		F	v		i6	i		6			m	False	True	(-3, 1, 0)	()	0	-3	major	minor	v	v, major	i		v	v	True	i6	i6, minor		i6, minor		i	-1	0	0	1	0	0	True	True	False
7680	40	53	-1	F	0	3	8	2	1	True	1.0	-1	65	65	65	65a	96	1/8	False	3	True				False	86	iio6		F	v		iio6	ii	o	6			o	False	True	(-1, -4, 2)	()	2	-1	major	minor	v	v, major	ii		v	v	True	iio6	iio6, minor		iio6, minor		ii	-1	0	0	0	-1	-1	True	False	True
7680	20	62	2	D	0	3	8	1	1	True	1.0	-1	65	65	65	65a	96	1/16	False	4	True				False	86	iio6		F	v		iio6	ii	o	6			o	False	True	(-1, -4, 2)	()	2	-1	major	minor	v	v, major	ii		v	v	True	iio6	iio6, minor		iio6, minor		ii	-1	0	0	3	2	2	True	True	False
7700	20	65	-1	F	0	3	8	1	1	True	1.5	-1	65	65	65	65a	385/4	1/16	False	4	False				False	86	iio6		F	v		iio6	ii	o	6			o	False	True	(-1, -4, 2)	()	2	-1	major	minor	v	v, major	ii		v	v	True	iio6	iio6, minor		iio6, minor		ii	-1	0	0	0	-1	-1	True	False	True
7720	40	55	1	G	0	3	8	2	1	True	2.0	-1	65	65	65	65a	193/2	1/8	False	3	True				False	87	V(64)		F	v		V(64)	V			64		M	False	True	(1, 0, -3)	()	1	1	major	minor	v	v, major	V		v	v	True	V	V, minor		V(64), minor		V	-1	0	0	2	1	1	True	True	True
7720	20	63	-3	E	-1	3	8	1	1	True	2.0	-1	65	65	65	65a	193/2	1/16	False	4	True				False	87	V(64)		F	v		V(64)	V			64		M	False	True	(1, 0, -3)	()	1	1	major	minor	v	v, major	V		v	v	True	V	V, minor		V(64), minor		V	-1	0	0	-2	-3	-3	True	False	False
7740	20	62	2	D	0	3	8	1	1	True	2.5	-1	65	65	65	65a	387/4	1/16	False	4	False				False	87	V(64)		F	v		V(64)	V			64		M	False	True	(1, 0, -3)	()	1	1	major	minor	v	v, major	V		v	v	True	V	V, minor		V(64), minor		V	-1	0	0	3	2	2	False	False	False
7760	40	43	1	G	0	3	8	2	1	True	3.0	-1	65	65	65	65a	97	1/8	False	2	True				False	88	V		F	v		V	V					M	False	True	(1, 5, 2)	()	1	1	major	minor	v	v, major	V		v	v	True	V	V, minor		V, minor		V	-1	0	0	2	1	1	True	True	True
7760	20	60	0	C	0	3	8	1	1	True	3.0	-1	65	65	65	65a	97	1/16	False	4	True				False	88	V		F	v		V	V					M	False	True	(1, 5, 2)	()	1	1	major	minor	v	v, major	V		v	v	True	V	V, minor		V, minor		V	-1	0	0	1	0	0	False	False	False
7780	20	59	5	B	0	3	8	1	1	True	3.5	-1	65	65	65	65a	389/4	1/16	False	3	False				False	88	V		F	v		V	V					M	False	True	(1, 5, 2)	()	1	1	major	minor	v	v, major	V		v	v	True	V	V, minor		V, minor		V	-1	0	0	6	5	5	True	False	False
7800	60	48	0	C	0	3	8	2	1	True	1.0	-1	66	66	66	66a	195/2	3/16	False	3	True	PAC	PAC	}{	True	89	V.I|PAC}{		F	V		I	I					M	False	False	(0, 4, 1)	()	0	0	major	major	V	V, major	I		V	V	False	I	I, major		I, major		I	-1	0	0	1	0	0	True	True	True
7820	20	67	1	G	0	3	8	1	1	True	1.5	-1	66	66	66	66a	391/4	1/16	False	4	False				False	89	V.I|PAC}{		F	V		I	I					M	False	False	(0, 4, 1)	()	0	0	major	major	V	V, major	I		V	V	False	I	I, major		I, major		I	-1	0	0	2	1	1	True	False	False
7840	80	67	1	G	0	3	8	1	1	False	2.0	-1	66	66	66	66a	98	1/4	False	4	False				False	89	V.I|PAC}{		F	V		I	I					M	False	False	(0, 4, 1)	()	0	0	major	major	V	V, major	I		V	V	False	I	I, major		I, major		I	-1	0	0	2	1	1	True	False	False
7840	80	76	4	E	0	3	8	1	1	True	2.0	-1	66	66	66	66a	98	1/4	False	5	False				False	89	V.I|PAC}{		F	V		I	I					M	False	False	(0, 4, 1)	()	0	0	major	major	V	V, major	I		V	V	False	I	I, major		I, major		I	-1	0	0	5	4	4	True	False	False
7860	20	48	0	C	0	3	8	2	1	True	2.5	-1	66	66	66	66a	393/4	1/16	False	3	False				False	89	V.I|PAC}{		F	V		I	I					M	False	False	(0, 4, 1)	()	0	0	major	major	V	V, major	I		V	V	False	I	I, major		I, major		I	-1	0	0	1	0	0	True	True	True
7860	20	60	0	C	0	3	8	2	1	True	2.5	-1	66	66	66	66a	393/4	1/16	False	4	False				False	89	V.I|PAC}{		F	V		I	I					M	False	False	(0, 4, 1)	()	0	0	major	major	V	V, major	I		V	V	False	I	I, major		I, major		I	-1	0	0	1	0	0	True	True	True
7880	20	43	1	G	0	3	8	2	1	True	3.0	-1	66	66	66	66a	197/2	1/16	False	2	False				False	89	V.I|PAC}{		F	V		I	I					M	False	False	(0, 4, 1)	()	0	0	major	major	V	V, major	I		V	V	False	I	I, major		I, major		I	-1	0	0	2	1	1	True	False	False
7880	20	55	1	G	0	3	8	2	1	True	3.0	-1	66	66	66	66a	197/2	1/16	False	3	False				False	89	V.I|PAC}{		F	V		I	I					M	False	False	(0, 4, 1)	()	0	0	major	major	V	V, major	I		V	V	False	I	I, major		I, major		I	-1	0	0	2	1	1	True	False	False
7900	20	40	4	E	0	3	8	2	1	True	3.5	-1	66	66	66	66a	395/4	1/16	False	2	False				False	89	V.I|PAC}{		F	V		I	I					M	False	False	(0, 4, 1)	()	0	0	major	major	V	V, major	I		V	V	False	I	I, major		I, major		I	-1	0	0	5	4	4	True	False	False
7900	20	52	4	E	0	3	8	2	1	True	3.5	-1	66	66	66	66a	395/4	1/16	False	3	False				False	89	V.I|PAC}{		F	V		I	I					M	False	False	(0, 4, 1)	()	0	0	major	major	V	V, major	I		V	V	False	I	I, major		I, major		I	-1	0	0	5	4	4	True	False	False
7920	60	36	0	C	0	3	8	2	1	True	1.0	-1	67	67	67	67a	99	3/16	False	2	False				False	89	V.I|PAC}{		F	V		I	I					M	False	False	(0, 4, 1)	()	0	0	major	major	V	V, major	I		V	V	False	I	I, major		I, major		I	-1	0	0	1	0	0	True	True	True
7920	60	48	0	C	0	3	8	2	1	True	1.0	-1	67	67	67	67a	99	3/16	False	3	False				False	89	V.I|PAC}{		F	V		I	I					M	False	False	(0, 4, 1)	()	0	0	major	major	V	V, major	I		V	V	False	I	I, major		I, major		I	-1	0	0	1	0	0	True	True	True
7920	20	67	1	G	0	3	8	1	1	False	1.0	-1	67	67	67	67a	99	1/16	False	4	False				False	89	V.I|PAC}{		F	V		I	I					M	False	False	(0, 4, 1)	()	0	0	major	major	V	V, major	I		V	V	False	I	I, major		I, major		I	-1	0	0	2	1	1	True	False	False
7920	20	76	4	E	0	3	8	1	1	False	1.0	-1	67	67	67	67a	99	1/16	False	5	False				False	89	V.I|PAC}{		F	V		I	I					M	False	False	(0, 4, 1)	()	0	0	major	major	V	V, major	I		V	V	False	I	I, major		I, major		I	-1	0	0	5	4	4	True	False	False
7940	20	69	3	A	0	3	8	1	1	True	1.5	-1	67	67	67	67a	397/4	1/16	False	4	False				False	89	V.I|PAC}{		F	V		I	I					M	False	False	(0, 4, 1)	()	0	0	major	major	V	V, major	I		V	V	False	I	I, major		I, major		I	-1	0	0	4	3	3	False	False	False
7940	20	77	-1	F	0	3	8	1	1	True	1.5	-1	67	67	67	67a	397/4	1/16	False	5	False				False	89	V.I|PAC}{		F	V		I	I					M	False	False	(0, 4, 1)	()	0	0	major	major	V	V, major	I		V	V	False	I	I, major		I, major		I	-1	0	0	0	-1	-1	False	False	False
7960	40	67	1	G	0	3	8	1	1	True	2.0	-1	67	67	67	67a	199/2	1/8	False	4	False				False	89	V.I|PAC}{		F	V		I	I					M	False	False	(0, 4, 1)	()	0	0	major	major	V	V, major	I		V	V	False	I	I, major		I, major		I	-1	0	0	2	1	1	True	False	False
7960	40	76	4	E	0	3	8	1	1	True	2.0	-1	67	67	67	67a	199/2	1/8	False	5	False				False	89	V.I|PAC}{		F	V		I	I					M	False	False	(0, 4, 1)	()	0	0	major	major	V	V, major	I		V	V	False	I	I, major		I, major		I	-1	0	0	5	4	4	True	False	False
7980	20	48	0	C	0	3	8	2	1	True	2.5	-1	67	67	67	67a	399/4	1/16	False	3	False				False	89	V.I|PAC}{		F	V		I	I					M	False	False	(0, 4, 1)	()	0	0	major	major	V	V, major	I		V	V	False	I	I, major		I, major		I	-1	0	0	1	0	0	True	True	True
7980	20	60	0	C	0	3	8	2	1	True	2.5	-1	67	67	67	67a	399/4	1/16	False	4	False				False	89	V.I|PAC}{		F	V		I	I					M	False	False	(0, 4, 1)	()	0	0	major	major	V	V, major	I		V	V	False	I	I, major		I, major		I	-1	0	0	1	0	0	True	True	True
8000	20	43	1	G	0	3	8	2	1	True	3.0	-1	67	67	67	67a	100	1/16	False	2	False				False	89	V.I|PAC}{		F	V		I	I					M	False	False	(0, 4, 1)	()	0	0	major	major	V	V, major	I		V	V	False	I	I, major		I, major		I	-1	0	0	2	1	1	True	False	False
8000	20	55	1	G	0	3	8	2	1	True	3.0	-1	67	67	67	67a	100	1/16	False	3	False				False	89	V.I|PAC}{		F	V		I	I					M	False	False	(0, 4, 1)	()	0	0	major	major	V	V, major	I		V	V	False	I	I, major		I, major		I	-1	0	0	2	1	1	True	False	False
8000	40	67	1	G	0	3	8	1	1	True	3.0	-1	67	67	67	67a	100	1/8	False	4	False				False	89	V.I|PAC}{		F	V		I	I					M	False	False	(0, 4, 1)	()	0	0	major	major	V	V, major	I		V	V	False	I	I, major		I, major		I	-1	0	0	2	1	1	True	False	False
8000	40	76	4	E	0	3	8	1	1	True	3.0	-1	67	67	67	67a	100	1/8	False	5	False				False	89	V.I|PAC}{		F	V		I	I					M	False	False	(0, 4, 1)	()	0	0	major	major	V	V, major	I		V	V	False	I	I, major		I, major		I	-1	0	0	5	4	4	True	False	False
8020	20	40	4	E	0	3	8	2	1	True	3.5	-1	67	67	67	67a	401/4	1/16	False	2	False				False	89	V.I|PAC}{		F	V		I	I					M	False	False	(0, 4, 1)	()	0	0	major	major	V	V, major	I		V	V	False	I	I, major		I, major		I	-1	0	0	5	4	4	True	False	False
8020	20	52	4	E	0	3	8	2	1	True	3.5	-1	67	67	67	67a	401/4	1/16	False	3	False				False	89	V.I|PAC}{		F	V		I	I					M	False	False	(0, 4, 1)	()	0	0	major	major	V	V, major	I		V	V	False	I	I, major		I, major		I	-1	0	0	5	4	4	True	False	False
8040	60	36	0	C	0	3	8	2	1	True	1.0	-1	68	68	68	68a	201/2	3/16	False	2	False				False	89	V.I|PAC}{		F	V		I	I					M	False	False	(0, 4, 1)	()	0	0	major	major	V	V, major	I		V	V	False	I	I, major		I, major		I	-1	0	0	1	0	0	True	True	True
8040	60	48	0	C	0	3	8	2	1	True	1.0	-1	68	68	68	68a	201/2	3/16	False	3	False				False	89	V.I|PAC}{		F	V		I	I					M	False	False	(0, 4, 1)	()	0	0	major	major	V	V, major	I		V	V	False	I	I, major		I, major		I	-1	0	0	1	0	0	True	True	True
8040	20	67	1	G	0	3	8	1	1	False	1.0	-1	68	68	68	68a	201/2	1/16	False	4	False				False	89	V.I|PAC}{		F	V		I	I					M	False	False	(0, 4, 1)	()	0	0	major	major	V	V, major	I		V	V	False	I	I, major		I, major		I	-1	0	0	2	1	1	True	False	False
8040	20	76	4	E	0	3	8	1	1	False	1.0	-1	68	68	68	68a	201/2	1/16	False	5	False				False	89	V.I|PAC}{		F	V		I	I					M	False	False	(0, 4, 1)	()	0	0	major	major	V	V, major	I		V	V	False	I	I, major		I, major		I	-1	0	0	5	4	4	True	False	False
8060	20	74	2	D	0	3	8	1	1	True	1.5	-1	68	68	68	68a	403/4	1/16	False	5	False				False	89	V.I|PAC}{		F	V		I	I					M	False	False	(0, 4, 1)	()	0	0	major	major	V	V, major	I		V	V	False	I	I, major		I, major		I	-1	0	0	3	2	2	False	False	False
8060	20	77	-1	F	0	3	8	1	1	True	1.5	-1	68	68	68	68a	403/4	1/16	False	5	False				False	89	V.I|PAC}{		F	V		I	I					M	False	False	(0, 4, 1)	()	0	0	major	major	V	V, major	I		V	V	False	I	I, major		I, major		I	-1	0	0	0	-1	-1	False	False	False
8080	40	76	4	E	0	3	8	1	1	True	2.0	-1	68	68	68	68a	101	1/8	False	5	False				False	89	V.I|PAC}{		F	V		I	I					M	False	False	(0, 4, 1)	()	0	0	major	major	V	V, major	I		V	V	False	I	I, major		I, major		I	-1	0	0	5	4	4	True	False	False
8080	40	79	1	G	0	3	8	1	1	True	2.0	-1	68	68	68	68a	101	1/8	False	5	False				False	89	V.I|PAC}{		F	V		I	I					M	False	False	(0, 4, 1)	()	0	0	major	major	V	V, major	I		V	V	False	I	I, major		I, major		I	-1	0	0	2	1	1	True	False	False
8100	20	52	4	E	0	3	8	2	1	True	2.5	-1	68	68	68	68a	405/4	1/16	False	3	False				False	89	V.I|PAC}{		F	V		I	I					M	False	False	(0, 4, 1)	()	0	0	major	major	V	V, major	I		V	V	False	I	I, major		I, major		I	-1	0	0	5	4	4	True	False	False
8100	20	64	4	E	0	3	8	2	1	True	2.5	-1	68	68	68	68a	405/4	1/16	False	4	False				False	89	V.I|PAC}{		F	V		I	I					M	False	False	(0, 4, 1)	()	0	0	major	major	V	V, major	I		V	V	False	I	I, major		I, major		I	-1	0	0	5	4	4	True	False	False
8120	20	48	0	C	0	3	8	2	1	True	3.0	-1	68	68	68	68a	203/2	1/16	False	3	False				False	89	V.I|PAC}{		F	V		I	I					M	False	False	(0, 4, 1)	()	0	0	major	major	V	V, major	I		V	V	False	I	I, major		I, major		I	-1	0	0	1	0	0	True	True	True
8120	20	60	0	C	0	3	8	2	1	True	3.0	-1	68	68	68	68a	203/2	1/16	False	4	False				False	89	V.I|PAC}{		F	V		I	I					M	False	False	(0, 4, 1)	()	0	0	major	major	V	V, major	I		V	V	False	I	I, major		I, major		I	-1	0	0	1	0	0	True	True	True
8120	40	76	4	E	0	3	8	1	1	True	3.0	-1	68	68	68	68a	203/2	1/8	False	5	False				False	89	V.I|PAC}{		F	V		I	I					M	False	False	(0, 4, 1)	()	0	0	major	major	V	V, major	I		V	V	False	I	I, major		I, major		I	-1	0	0	5	4	4	True	False	False
8120	40	79	1	G	0	3	8	1	1	True	3.0	-1	68	68	68	68a	203/2	1/8	False	5	False				False	89	V.I|PAC}{		F	V		I	I					M	False	False	(0, 4, 1)	()	0	0	major	major	V	V, major	I		V	V	False	I	I, major		I, major		I	-1	0	0	2	1	1	True	False	False
8140	20	43	1	G	0	3	8	2	1	True	3.5	-1	68	68	68	68a	407/4	1/16	False	2	False				False	89	V.I|PAC}{		F	V		I	I					M	False	False	(0, 4, 1)	()	0	0	major	major	V	V, major	I		V	V	False	I	I, major		I, major		I	-1	0	0	2	1	1	True	False	False
8140	20	55	1	G	0	3	8	2	1	True	3.5	-1	68	68	68	68a	407/4	1/16	False	3	False				False	89	V.I|PAC}{		F	V		I	I					M	False	False	(0, 4, 1)	()	0	0	major	major	V	V, major	I		V	V	False	I	I, major		I, major		I	-1	0	0	2	1	1	True	False	False
8160	60	40	4	E	0	3	8	2	1	True	1.0	-1	69	69	69	69a	102	3/16	False	2	True				False	90	I6		F	V		I6	I		6			M	False	False	(4, 1, 0)	()	0	4	major	major	V	V, major	I		V	V	False	I6	I6, major		I6, major		I	-1	0	0	5	4	4	True	False	True
8160	60	52	4	E	0	3	8	2	1	True	1.0	-1	69	69	69	69a	102	3/16	False	3	True				False	90	I6		F	V		I6	I		6			M	False	False	(4, 1, 0)	()	0	4	major	major	V	V, major	I		V	V	False	I6	I6, major		I6, major		I	-1	0	0	5	4	4	True	False	True
8160	20	76	4	E	0	3	8	1	1	False	1.0	-1	69	69	69	69a	102	1/16	False	5	True				False	90	I6		F	V		I6	I		6			M	False	False	(4, 1, 0)	()	0	4	major	major	V	V, major	I		V	V	False	I6	I6, major		I6, major		I	-1	0	0	5	4	4	True	False	True
8160	20	79	1	G	0	3	8	1	1	False	1.0	-1	69	69	69	69a	102	1/16	False	5	True				False	90	I6		F	V		I6	I		6			M	False	False	(4, 1, 0)	()	0	4	major	major	V	V, major	I		V	V	False	I6	I6, major		I6, major		I	-1	0	0	2	1	1	True	False	False
8180	20	77	-1	F	0	3	8	1	1	True	1.5	-1	69	69	69	69a	409/4	1/16	False	5	False				False	90	I6		F	V		I6	I		6			M	False	False	(4, 1, 0)	()	0	4	major	major	V	V, major	I		V	V	False	I6	I6, major		I6, major		I	-1	0	0	0	-1	-1	False	False	False
8180	20	81	3	A	0	3	8	1	1	True	1.5	-1	69	69	69	69a	409/4	1/16	False	5	False				False	90	I6		F	V		I6	I		6			M	False	False	(4, 1, 0)	()	0	4	major	major	V	V, major	I		V	V	False	I6	I6, major		I6, major		I	-1	0	0	4	3	3	False	False	False
8200	40	76	4	E	0	3	8	1	1	True	2.0	-1	69	69	69	69a	205/2	1/8	False	5	False				False	90	I6		F	V		I6	I		6			M	False	False	(4, 1, 0)	()	0	4	major	major	V	V, major	I		V	V	False	I6	I6, major		I6, major		I	-1	0	0	5	4	4	True	False	True
8200	40	79	1	G	0	3	8	1	1	True	2.0	-1	69	69	69	69a	205/2	1/8	False	5	False				False	90	I6		F	V		I6	I		6			M	False	False	(4, 1, 0)	()	0	4	major	major	V	V, major	I		V	V	False	I6	I6, major		I6, major		I	-1	0	0	2	1	1	True	False	False
8220	20	52	4	E	0	3	8	2	1	True	2.5	-1	69	69	69	69a	411/4	1/16	False	3	False				False	90	I6		F	V		I6	I		6			M	False	False	(4, 1, 0)	()	0	4	major	major	V	V, major	I		V	V	False	I6	I6, major		I6, major		I	-1	0	0	5	4	4	True	False	True
8220	20	64	4	E	0	3	8	2	1	True	2.5	-1	69	69	69	69a	411/4	1/16	False	4	False				False	90	I6		F	V		I6	I		6			M	False	False	(4, 1, 0)	()	0	4	major	major	V	V, major	I		V	V	False	I6	I6, major		I6, major		I	-1	0	0	5	4	4	True	False	True
8240	20	48	0	C	0	3	8	2	1	True	3.0	-1	69	69	69	69a	103	1/16	False	3	False				False	90	I6		F	V		I6	I		6			M	False	False	(4, 1, 0)	()	0	4	major	major	V	V, major	I		V	V	False	I6	I6, major		I6, major		I	-1	0	0	1	0	0	True	True	False
8240	20	60	0	C	0	3	8	2	1	True	3.0	-1	69	69	69	69a	103	1/16	False	4	False				False	90	I6		F	V		I6	I		6			M	False	False	(4, 1, 0)	()	0	4	major	major	V	V, major	I		V	V	False	I6	I6, major		I6, major		I	-1	0	0	1	0	0	True	True	False
8240	40	76	4	E	0	3	8	1	1	True	3.0	-1	69	69	69	69a	103	1/8	False	5	False				False	90	I6		F	V		I6	I		6			M	False	False	(4, 1, 0)	()	0	4	major	major	V	V, major	I		V	V	False	I6	I6, major		I6, major		I	-1	0	0	5	4	4	True	False	True
8240	40	79	1	G	0	3	8	1	1	True	3.0	-1	69	69	69	69a	103	1/8	False	5	False				False	90	I6		F	V		I6	I		6			M	False	False	(4, 1, 0)	()	0	4	major	major	V	V, major	I		V	V	False	I6	I6, major		I6, major		I	-1	0	0	2	1	1	True	False	False
8260	20	43	1	G	0	3	8	2	1	True	3.5	-1	69	69	69	69a	413/4	1/16	False	2	False				False	90	I6		F	V		I6	I		6			M	False	False	(4, 1, 0)	()	0	4	major	major	V	V, major	I		V	V	False	I6	I6, major		I6, major		I	-1	0	0	2	1	1	True	False	False
8260	20	55	1	G	0	3	8	2	1	True	3.5	-1	69	69	69	69a	413/4	1/16	False	3	False				False	90	I6		F	V		I6	I		6			M	False	False	(4, 1, 0)	()	0	4	major	major	V	V, major	I		V	V	False	I6	I6, major		I6, major		I	-1	0	0	2	1	1	True	False	False
8280	60	40	4	E	0	3	8	2	1	True	1.0	-1	70	70	70	70a	207/2	3/16	False	2	False				False	90	I6		F	V		I6	I		6			M	False	False	(4, 1, 0)	()	0	4	major	major	V	V, major	I		V	V	False	I6	I6, major		I6, major		I	-1	0	0	5	4	4	True	False	True
8280	60	52	4	E	0	3	8	2	1	True	1.0	-1	70	70	70	70a	207/2	3/16	False	3	False				False	90	I6		F	V		I6	I		6			M	False	False	(4, 1, 0)	()	0	4	major	major	V	V, major	I		V	V	False	I6	I6, major		I6, major		I	-1	0	0	5	4	4	True	False	True
8280	20	76	4	E	0	3	8	1	1	False	1.0	-1	70	70	70	70a	207/2	1/16	False	5	False				False	90	I6		F	V		I6	I		6			M	False	False	(4, 1, 0)	()	0	4	major	major	V	V, major	I		V	V	False	I6	I6, major		I6, major		I	-1	0	0	5	4	4	True	False	True
8280	20	79	1	G	0	3	8	1	1	False	1.0	-1	70	70	70	70a	207/2	1/16	False	5	False				False	90	I6		F	V		I6	I		6			M	False	False	(4, 1, 0)	()	0	4	major	major	V	V, major	I		V	V	False	I6	I6, major		I6, major		I	-1	0	0	2	1	1	True	False	False
8300	20	77	-1	F	0	3	8	1	1	True	1.5	-1	70	70	70	70a	415/4	1/16	False	5	False				False	90	I6		F	V		I6	I		6			M	False	False	(4, 1, 0)	()	0	4	major	major	V	V, major	I		V	V	False	I6	I6, major		I6, major		I	-1	0	0	0	-1	-1	False	False	False
8300	20	81	3	A	0	3	8	1	1	True	1.5	-1	70	70	70	70a	415/4	1/16	False	5	False				False	90	I6		F	V		I6	I		6			M	False	False	(4, 1, 0)	()	0	4	major	major	V	V, major	I		V	V	False	I6	I6, major		I6, major		I	-1	0	0	4	3	3	False	False	False
8320	40	76	4	E	0	3	8	1	1	True	2.0	-1	70	70	70	70a	104	1/8	False	5	False				False	90	I6		F	V		I6	I		6			M	False	False	(4, 1, 0)	()	0	4	major	major	V	V, major	I		V	V	False	I6	I6, major		I6, major		I	-1	0	0	5	4	4	True	False	True
8320	40	79	1	G	0	3	8	1	1	True	2.0	-1	70	70	70	70a	104	1/8	False	5	False				False	90	I6		F	V		I6	I		6			M	False	False	(4, 1, 0)	()	0	4	major	major	V	V, major	I		V	V	False	I6	I6, major		I6, major		I	-1	0	0	2	1	1	True	False	False
8340	20	43	1	G	0	3	8	2	1	True	2.5	-1	70	70	70	70a	417/4	1/16	False	2	False				False	90	I6		F	V		I6	I		6			M	False	False	(4, 1, 0)	()	0	4	major	major	V	V, major	I		V	V	False	I6	I6, major		I6, major		I	-1	0	0	2	1	1	True	False	False
8340	20	55	1	G	0	3	8	2	1	True	2.5	-1	70	70	70	70a	417/4	1/16	False	3	False				False	90	I6		F	V		I6	I		6			M	False	False	(4, 1, 0)	()	0	4	major	major	V	V, major	I		V	V	False	I6	I6, major		I6, major		I	-1	0	0	2	1	1	True	False	False
8360	20	40	4	E	0	3	8	2	1	True	3.0	-1	70	70	70	70a	209/2	1/16	False	2	False				False	90	I6		F	V		I6	I		6			M	False	False	(4, 1, 0)	()	0	4	major	major	V	V, major	I		V	V	False	I6	I6, major		I6, major		I	-1	0	0	5	4	4	True	False	True
8360	20	52	4	E	0	3	8	2	1	True	3.0	-1	70	70	70	70a	209/2	1/16	False	3	False				False	90	I6		F	V		I6	I		6			M	False	False	(4, 1, 0)	()	0	4	major	major	V	V, major	I		V	V	False	I6	I6, major		I6, major		I	-1	0	0	5	4	4	True	False	True
8360	40	76	4	E	0	3	8	1	1	True	3.0	-1	70	70	70	70a	209/2	1/8	False	5	False				False	90	I6		F	V		I6	I		6			M	False	False	(4, 1, 0)	()	0	4	major	major	V	V, major	I		V	V	False	I6	I6, major		I6, major		I	-1	0	0	5	4	4	True	False	True
8360	40	79	1	G	0	3	8	1	1	True	3.0	-1	70	70	70	70a	209/2	1/8	False	5	False				False	90	I6		F	V		I6	I		6			M	False	False	(4, 1, 0)	()	0	4	major	major	V	V, major	I		V	V	False	I6	I6, major		I6, major		I	-1	0	0	2	1	1	True	False	False
8380	20	36	0	C	0	3	8	2	1	True	3.5	-1	70	70	70	70a	419/4	1/16	False	2	False				False	90	I6		F	V		I6	I		6			M	False	False	(4, 1, 0)	()	0	4	major	major	V	V, major	I		V	V	False	I6	I6, major		I6, major		I	-1	0	0	1	0	0	True	True	False
8380	20	48	0	C	0	3	8	2	1	True	3.5	-1	70	70	70	70a	419/4	1/16	False	3	False				False	90	I6		F	V		I6	I		6			M	False	False	(4, 1, 0)	()	0	4	major	major	V	V, major	I		V	V	False	I6	I6, major		I6, major		I	-1	0	0	1	0	0	True	True	False
8400	40	41	-1	F	0	3	8	2	1	True	1.0	-1	71	71	71	71a	105	1/8	False	2	True				False	91	IV		F	V		IV	IV					M	False	False	(-1, 3, 0)	()	-1	-1	major	major	V	V, major	IV		V	V	False	IV	IV, major		IV, major		IV	-1	0	0	0	-1	-1	True	True	True
8400	40	53	-1	F	0	3	8	2	1	True	1.0	-1	71	71	71	71a	105	1/8	False	3	True				False	91	IV		F	V		IV	IV					M	False	False	(-1, 3, 0)	()	-1	-1	major	major	V	V, major	IV		V	V	False	IV	IV, major		IV, major		IV	-1	0	0	0	-1	-1	True	True	True
8400	20	76	4	E	0	3	8	1	1	False	1.0	-1	71	71	71	71a	105	1/16	False	5	True				False	91	IV		F	V		IV	IV					M	False	False	(-1, 3, 0)	()	-1	-1	major	major	V	V, major	IV		V	V	False	IV	IV, major		IV, major		IV	-1	0	0	5	4	4	False	False	False
8400	20	79	1	G	0	3	8	1	1	False	1.0	-1	71	71	71	71a	105	1/16	False	5	True				False	91	IV		F	V		IV	IV					M	False	False	(-1, 3, 0)	()	-1	-1	major	major	V	V, major	IV		V	V	False	IV	IV, major		IV, major		IV	-1	0	0	2	1	1	False	False	False
8420	20	69	3	A	0	3	8	1	1	True	1.5	-1	71	71	71	71a	421/4	1/16	False	4	False				False	91	IV		F	V		IV	IV					M	False	False	(-1, 3, 0)	()	-1	-1	major	major	V	V, major	IV		V	V	False	IV	IV, major		IV, major		IV	-1	0	0	4	3	3	True	False	False
8420	20	77	-1	F	0	3	8	1	1	True	1.5	-1	71	71	71	71a	421/4	1/16	False	5	False				False	91	IV		F	V		IV	IV					M	False	False	(-1, 3, 0)	()	-1	-1	major	major	V	V, major	IV		V	V	False	IV	IV, major		IV, major		IV	-1	0	0	0	-1	-1	True	True	True
8440	40	43	1	G	0	3	8	2	1	True	2.0	-1	71	71	71	71a	211/2	1/8	False	2	True				False	92	V(64)		F	V		V(64)	V			64		M	False	False	(1, 0, 4)	()	1	1	major	major	V	V, major	V		V	V	False	V	V, major		V(64), major		V	-1	0	0	2	1	1	True	True	True
8440	40	55	1	G	0	3	8	2	1	True	2.0	-1	71	71	71	71a	211/2	1/8	False	3	True				False	92	V(64)		F	V		V(64)	V			64		M	False	False	(1, 0, 4)	()	1	1	major	major	V	V, major	V		V	V	False	V	V, major		V(64), major		V	-1	0	0	2	1	1	True	True	True
8440	20	67	1	G	0	3	8	1	1	True	2.0	-1	71	71	71	71a	211/2	1/16	False	4	True				False	92	V(64)		F	V		V(64)	V			64		M	False	False	(1, 0, 4)	()	1	1	major	major	V	V, major	V		V	V	False	V	V, major		V(64), major		V	-1	0	0	2	1	1	True	True	True
8440	20	76	4	E	0	3	8	1	1	True	2.0	-1	71	71	71	71a	211/2	1/16	False	5	True				False	92	V(64)		F	V		V(64)	V			64		M	False	False	(1, 0, 4)	()	1	1	major	major	V	V, major	V		V	V	False	V	V, major		V(64), major		V	-1	0	0	5	4	4	True	False	False
8460	20	65	-1	F	0	3	8	1	1	True	2.5	-1	71	71	71	71a	423/4	1/16	False	4	False				False	92	V(64)		F	V		V(64)	V			64		M	False	False	(1, 0, 4)	()	1	1	major	major	V	V, major	V		V	V	False	V	V, major		V(64), major		V	-1	0	0	0	-1	-1	False	False	False
8460	20	74	2	D	0	3	8	1	1	True	2.5	-1	71	71	71	71a	423/4	1/16	False	5	False				False	92	V(64)		F	V		V(64)	V			64		M	False	False	(1, 0, 4)	()	1	1	major	major	V	V, major	V		V	V	False	V	V, major		V(64), major		V	-1	0	0	3	2	2	False	False	False
8480	40	43	1	G	0	3	8	2	1	True	3.0	-1	71	71	71	71a	106	1/8	False	2	True				False	93	V		F	V		V	V					M	False	False	(1, 5, 2)	()	1	1	major	major	V	V, major	V		V	V	False	V	V, major		V, major		V	-1	0	0	2	1	1	True	True	True
8480	40	55	1	G	0	3	8	2	1	True	3.0	-1	71	71	71	71a	106	1/8	False	3	True				False	93	V		F	V		V	V					M	False	False	(1, 5, 2)	()	1	1	major	major	V	V, major	V		V	V	False	V	V, major		V, major		V	-1	0	0	2	1	1	True	True	True
8480	20	64	4	E	0	3	8	1	1	True	3.0	-1	71	71	71	71a	106	1/16	False	4	True				False	93	V		F	V		V	V					M	False	False	(1, 5, 2)	()	1	1	major	major	V	V, major	V		V	V	False	V	V, major		V, major		V	-1	0	0	5	4	4	False	False	False
8480	20	72	0	C	0	3	8	1	1	True	3.0	-1	71	71	71	71a	106	1/16	False	5	True				False	93	V		F	V		V	V					M	False	False	(1, 5, 2)	()	1	1	major	major	V	V, major	V		V	V	False	V	V, major		V, major		V	-1	0	0	1	0	0	False	False	False
8500	20	62	2	D	0	3	8	1	1	True	3.5	-1	71	71	71	71a	425/4	1/16	False	4	False				False	93	V		F	V		V	V					M	False	False	(1, 5, 2)	()	1	1	major	major	V	V, major	V		V	V	False	V	V, major		V, major		V	-1	0	0	3	2	2	True	False	False
8500	20	71	5	B	0	3	8	1	1	True	3.5	-1	71	71	71	71a	425/4	1/16	False	4	False				False	93	V		F	V		V	V					M	False	False	(1, 5, 2)	()	1	1	major	major	V	V, major	V		V	V	False	V	V, major		V, major		V	-1	0	0	6	5	5	True	False	False
8520	60	36	0	C	0	3	8	2	1	True	1.0	-1	72	72	72	72a	213/2	3/16	False	2	True	PAC	PAC		False	94	I|PAC		F	V		I	I					M	False	False	(0, 4, 1)	()	0	0	major	major	V	V, major	I		V	V	False	I	I, major		I, major		I	-1	0	0	1	0	0	True	True	True
8520	60	48	0	C	0	3	8	2	1	True	1.0	-1	72	72	72	72a	213/2	3/16	False	3	True	PAC	PAC		False	94	I|PAC		F	V		I	I					M	False	False	(0, 4, 1)	()	0	0	major	major	V	V, major	I		V	V	False	I	I, major		I, major		I	-1	0	0	1	0	0	True	True	True
8520	20	64	4	E	0	3	8	1	1	True	1.0	-1	72	72	72	72a	213/2	1/16	False	4	True	PAC	PAC		False	94	I|PAC		F	V		I	I					M	False	False	(0, 4, 1)	()	0	0	major	major	V	V, major	I		V	V	False	I	I, major		I, major		I	-1	0	0	5	4	4	True	False	False
8520	20	72	0	C	0	3	8	1	1	True	1.0	-1	72	72	72	72a	213/2	1/16	False	5	True	PAC	PAC		False	94	I|PAC		F	V		I	I					M	False	False	(0, 4, 1)	()	0	0	major	major	V	V, major	I		V	V	False	I	I, major		I, major		I	-1	0	0	1	0	0	True	True	True
8540	20	65	-1	F	0	3	8	1	1	True	1.5	-1	72	72	72	72a	427/4	1/16	False	4	False				False	94	I|PAC		F	V		I	I					M	False	False	(0, 4, 1)	()	0	0	major	major	V	V, major	I		V	V	False	I	I, major		I, major		I	-1	0	0	0	-1	-1	False	False	False
8540	20	74	2	D	0	3	8	1	1	True	1.5	-1	72	72	72	72a	427/4	1/16	False	5	False				False	94	I|PAC		F	V		I	I					M	False	False	(0, 4, 1)	()	0	0	major	major	V	V, major	I		V	V	False	I	I, major		I, major		I	-1	0	0	3	2	2	False	False	False
8560	40	67	1	G	0	3	8	1	1	True	2.0	-1	72	72	72	72a	107	1/8	False	4	False				False	94	I|PAC		F	V		I	I					M	False	False	(0, 4, 1)	()	0	0	major	major	V	V, major	I		V	V	False	I	I, major		I, major		I	-1	0	0	2	1	1	True	False	False
8560	40	76	4	E	0	3	8	1	1	True	2.0	-1	72	72	72	72a	107	1/8	False	5	False				False	94	I|PAC		F	V		I	I					M	False	False	(0, 4, 1)	()	0	0	major	major	V	V, major	I		V	V	False	I	I, major		I, major		I	-1	0	0	5	4	4	True	False	False
8580	20	48	0	C	0	3	8	2	1	True	2.5	-1	72	72	72	72a	429/4	1/16	False	3	False				False	94	I|PAC		F	V		I	I					M	False	False	(0, 4, 1)	()	0	0	major	major	V	V, major	I		V	V	False	I	I, major		I, major		I	-1	0	0	1	0	0	True	True	True
8580	20	60	0	C	0	3	8	2	1	True	2.5	-1	72	72	72	72a	429/4	1/16	False	4	False				False	94	I|PAC		F	V		I	I					M	False	False	(0, 4, 1)	()	0	0	major	major	V	V, major	I		V	V	False	I	I, major		I, major		I	-1	0	0	1	0	0	True	True	True
8600	20	43	1	G	0	3	8	2	1	True	3.0	-1	72	72	72	72a	215/2	1/16	False	2	False				False	94	I|PAC		F	V		I	I					M	False	False	(0, 4, 1)	()	0	0	major	major	V	V, major	I		V	V	False	I	I, major		I, major		I	-1	0	0	2	1	1	True	False	False
8600	20	55	1	G	0	3	8	2	1	True	3.0	-1	72	72	72	72a	215/2	1/16	False	3	False				False	94	I|PAC		F	V		I	I					M	False	False	(0, 4, 1)	()	0	0	major	major	V	V, major	I		V	V	False	I	I, major		I, major		I	-1	0	0	2	1	1	True	False	False
8600	40	67	1	G	0	3	8	1	1	True	3.0	-1	72	72	72	72a	215/2	1/8	False	4	False				False	94	I|PAC		F	V		I	I					M	False	False	(0, 4, 1)	()	0	0	major	major	V	V, major	I		V	V	False	I	I, major		I, major		I	-1	0	0	2	1	1	True	False	False
8600	40	76	4	E	0	3	8	1	1	True	3.0	-1	72	72	72	72a	215/2	1/8	False	5	False				False	94	I|PAC		F	V		I	I					M	False	False	(0, 4, 1)	()	0	0	major	major	V	V, major	I		V	V	False	I	I, major		I, major		I	-1	0	0	5	4	4	True	False	False
8620	20	40	4	E	0	3	8	2	1	True	3.5	-1	72	72	72	72a	431/4	1/16	False	2	False				False	94	I|PAC		F	V		I	I					M	False	False	(0, 4, 1)	()	0	0	major	major	V	V, major	I		V	V	False	I	I, major		I, major		I	-1	0	0	5	4	4	True	False	False
8620	20	52	4	E	0	3	8	2	1	True	3.5	-1	72	72	72	72a	431/4	1/16	False	3	False				False	94	I|PAC		F	V		I	I					M	False	False	(0, 4, 1)	()	0	0	major	major	V	V, major	I		V	V	False	I	I, major		I, major		I	-1	0	0	5	4	4	True	False	False
8640	60	36	0	C	0	3	8	2	1	True	1.0	-1	73	73	73	73a	108	3/16	False	2	False				False	94	I|PAC		F	V		I	I					M	False	False	(0, 4, 1)	()	0	0	major	major	V	V, major	I		V	V	False	I	I, major		I, major		I	-1	0	0	1	0	0	True	True	True
8640	60	48	0	C	0	3	8	2	1	True	1.0	-1	73	73	73	73a	108	3/16	False	3	False				False	94	I|PAC		F	V		I	I					M	False	False	(0, 4, 1)	()	0	0	major	major	V	V, major	I		V	V	False	I	I, major		I, major		I	-1	0	0	1	0	0	True	True	True
8640	20	67	1	G	0	3	8	1	1	False	1.0	-1	73	73	73	73a	108	1/16	False	4	False				False	94	I|PAC		F	V		I	I					M	False	False	(0, 4, 1)	()	0	0	major	major	V	V, major	I		V	V	False	I	I, major		I, major		I	-1	0	0	2	1	1	True	False	False
8640	20	76	4	E	0	3	8	1	1	False	1.0	-1	73	73	73	73a	108	1/16	False	5	False				False	94	I|PAC		F	V		I	I					M	False	False	(0, 4, 1)	()	0	0	major	major	V	V, major	I		V	V	False	I	I, major		I, major		I	-1	0	0	5	4	4	True	False	False
8660	20	69	3	A	0	3	8	1	1	True	1.5	-1	73	73	73	73a	433/4	1/16	False	4	False				False	94	I|PAC		F	V		I	I					M	False	False	(0, 4, 1)	()	0	0	major	major	V	V, major	I		V	V	False	I	I, major		I, major		I	-1	0	0	4	3	3	False	False	False
8660	20	77	-1	F	0	3	8	1	1	True	1.5	-1	73	73	73	73a	433/4	1/16	False	5	False				False	94	I|PAC		F	V		I	I					M	False	False	(0, 4, 1)	()	0	0	major	major	V	V, major	I		V	V	False	I	I, major		I, major		I	-1	0	0	0	-1	-1	False	False	False
8680	40	67	1	G	0	3	8	1	1	True	2.0	-1	73	73	73	73a	217/2	1/8	False	4	False				False	94	I|PAC		F	V		I	I					M	False	False	(0, 4, 1)	()	0	0	major	major	V	V, major	I		V	V	False	I	I, major		I, major		I	-1	0	0	2	1	1	True	False	False
8680	40	76	4	E	0	3	8	1	1	True	2.0	-1	73	73	73	73a	217/2	1/8	False	5	False				False	94	I|PAC		F	V		I	I					M	False	False	(0, 4, 1)	()	0	0	major	major	V	V, major	I		V	V	False	I	I, major		I, major		I	-1	0	0	5	4	4	True	False	False
8700	20	48	0	C	0	3	8	2	1	True	2.5	-1	73	73	73	73a	435/4	1/16	False	3	False				False	94	I|PAC		F	V		I	I					M	False	False	(0, 4, 1)	()	0	0	major	major	V	V, major	I		V	V	False	I	I, major		I, major		I	-1	0	0	1	0	0	True	True	True
8700	20	60	0	C	0	3	8	2	1	True	2.5	-1	73	73	73	73a	435/4	1/16	False	4	False				False	94	I|PAC		F	V		I	I					M	False	False	(0, 4, 1)	()	0	0	major	major	V	V, major	I		V	V	False	I	I, major		I, major		I	-1	0	0	1	0	0	True	True	True
8720	20	43	1	G	0	3	8	2	1	True	3.0	-1	73	73	73	73a	109	1/16	False	2	False				False	94	I|PAC		F	V		I	I					M	False	False	(0, 4, 1)	()	0	0	major	major	V	V, major	I		V	V	False	I	I, major		I, major		I	-1	0	0	2	1	1	True	False	False
8720	20	55	1	G	0	3	8	2	1	True	3.0	-1	73	73	73	73a	109	1/16	False	3	False				False	94	I|PAC		F	V		I	I					M	False	False	(0, 4, 1)	()	0	0	major	major	V	V, major	I		V	V	False	I	I, major		I, major		I	-1	0	0	2	1	1	True	False	False
8720	40	67	1	G	0	3	8	1	1	True	3.0	-1	73	73	73	73a	109	1/8	False	4	False				False	94	I|PAC		F	V		I	I					M	False	False	(0, 4, 1)	()	0	0	major	major	V	V, major	I		V	V	False	I	I, major		I, major		I	-1	0	0	2	1	1	True	False	False
8720	40	76	4	E	0	3	8	1	1	True	3.0	-1	73	73	73	73a	109	1/8	False	5	False				False	94	I|PAC		F	V		I	I					M	False	False	(0, 4, 1)	()	0	0	major	major	V	V, major	I		V	V	False	I	I, major		I, major		I	-1	0	0	5	4	4	True	False	False
8740	20	40	4	E	0	3	8	2	1	True	3.5	-1	73	73	73	73a	437/4	1/16	False	2	False				False	94	I|PAC		F	V		I	I					M	False	False	(0, 4, 1)	()	0	0	major	major	V	V, major	I		V	V	False	I	I, major		I, major		I	-1	0	0	5	4	4	True	False	False
8740	20	52	4	E	0	3	8	2	1	True	3.5	-1	73	73	73	73a	437/4	1/16	False	3	False				False	94	I|PAC		F	V		I	I					M	False	False	(0, 4, 1)	()	0	0	major	major	V	V, major	I		V	V	False	I	I, major		I, major		I	-1	0	0	5	4	4	True	False	False
8760	60	36	0	C	0	3	8	2	1	True	1.0	-1	74	74	74	74a	219/2	3/16	False	2	False				False	94	I|PAC		F	V		I	I					M	False	False	(0, 4, 1)	()	0	0	major	major	V	V, major	I		V	V	False	I	I, major		I, major		I	-1	0	0	1	0	0	True	True	True
8760	60	48	0	C	0	3	8	2	1	True	1.0	-1	74	74	74	74a	219/2	3/16	False	3	False				False	94	I|PAC		F	V		I	I					M	False	False	(0, 4, 1)	()	0	0	major	major	V	V, major	I		V	V	False	I	I, major		I, major		I	-1	0	0	1	0	0	True	True	True
8760	20	67	1	G	0	3	8	1	1	False	1.0	-1	74	74	74	74a	219/2	1/16	False	4	False				False	94	I|PAC		F	V		I	I					M	False	False	(0, 4, 1)	()	0	0	major	major	V	V, major	I		V	V	False	I	I, major		I, major		I	-1	0	0	2	1	1	True	False	False
8760	20	76	4	E	0	3	8	1	1	False	1.0	-1	74	74	74	74a	219/2	1/16	False	5	False				False	94	I|PAC		F	V		I	I					M	False	False	(0, 4, 1)	()	0	0	major	major	V	V, major	I		V	V	False	I	I, major		I, major		I	-1	0	0	5	4	4	True	False	False
8780	20	74	2	D	0	3	8	1	1	True	1.5	-1	74	74	74	74a	439/4	1/16	False	5	False				False	94	I|PAC		F	V		I	I					M	False	False	(0, 4, 1)	()	0	0	major	major	V	V, major	I		V	V	False	I	I, major		I, major		I	-1	0	0	3	2	2	False	False	False
8780	20	77	-1	F	0	3	8	1	1	True	1.5	-1	74	74	74	74a	439/4	1/16	False	5	False				False	94	I|PAC		F	V		I	I					M	False	False	(0, 4, 1)	()	0	0	major	major	V	V, major	I		V	V	False	I	I, major		I, major		I	-1	0	0	0	-1	-1	False	False	False
8800	40	76	4	E	0	3	8	1	1	True	2.0	-1	74	74	74	74a	110	1/8	False	5	False				False	94	I|PAC		F	V		I	I					M	False	False	(0, 4, 1)	()	0	0	major	major	V	V, major	I		V	V	False	I	I, major		I, major		I	-1	0	0	5	4	4	True	False	False
8800	40	79	1	G	0	3	8	1	1	True	2.0	-1	74	74	74	74a	110	1/8	False	5	False				False	94	I|PAC		F	V		I	I					M	False	False	(0, 4, 1)	()	0	0	major	major	V	V, major	I		V	V	False	I	I, major		I, major		I	-1	0	0	2	1	1	True	False	False
8820	20	52	4	E	0	3	8	2	1	True	2.5	-1	74	74	74	74a	441/4	1/16	False	3	False				False	94	I|PAC		F	V		I	I					M	False	False	(0, 4, 1)	()	0	0	major	major	V	V, major	I		V	V	False	I	I, major		I, major		I	-1	0	0	5	4	4	True	False	False
8820	20	64	4	E	0	3	8	2	1	True	2.5	-1	74	74	74	74a	441/4	1/16	False	4	False				False	94	I|PAC		F	V		I	I					M	False	False	(0, 4, 1)	()	0	0	major	major	V	V, major	I		V	V	False	I	I, major		I, major		I	-1	0	0	5	4	4	True	False	False
8840	20	48	0	C	0	3	8	2	1	True	3.0	-1	74	74	74	74a	221/2	1/16	False	3	False				False	94	I|PAC		F	V		I	I					M	False	False	(0, 4, 1)	()	0	0	major	major	V	V, major	I		V	V	False	I	I, major		I, major		I	-1	0	0	1	0	0	True	True	True
8840	20	60	0	C	0	3	8	2	1	True	3.0	-1	74	74	74	74a	221/2	1/16	False	4	False				False	94	I|PAC		F	V		I	I					M	False	False	(0, 4, 1)	()	0	0	major	major	V	V, major	I		V	V	False	I	I, major		I, major		I	-1	0	0	1	0	0	True	True	True
8840	40	76	4	E	0	3	8	1	1	True	3.0	-1	74	74	74	74a	221/2	1/8	False	5	False				False	94	I|PAC		F	V		I	I					M	False	False	(0, 4, 1)	()	0	0	major	major	V	V, major	I		V	V	False	I	I, major		I, major		I	-1	0	0	5	4	4	True	False	False
8840	40	79	1	G	0	3	8	1	1	True	3.0	-1	74	74	74	74a	221/2	1/8	False	5	False				False	94	I|PAC		F	V		I	I					M	False	False	(0, 4, 1)	()	0	0	major	major	V	V, major	I		V	V	False	I	I, major		I, major		I	-1	0	0	2	1	1	True	False	False
8860	20	43	1	G	0	3	8	2	1	True	3.5	-1	74	74	74	74a	443/4	1/16	False	2	False				False	94	I|PAC		F	V		I	I					M	False	False	(0, 4, 1)	()	0	0	major	major	V	V, major	I		V	V	False	I	I, major		I, major		I	-1	0	0	2	1	1	True	False	False
8860	20	55	1	G	0	3	8	2	1	True	3.5	-1	74	74	74	74a	443/4	1/16	False	3	False				False	94	I|PAC		F	V		I	I					M	False	False	(0, 4, 1)	()	0	0	major	major	V	V, major	I		V	V	False	I	I, major		I, major		I	-1	0	0	2	1	1	True	False	False
8880	60	40	4	E	0	3	8	2	1	True	1.0	-1	75	75	75	75a	111	3/16	False	2	True				False	95	I6		F	V		I6	I		6			M	False	False	(4, 1, 0)	()	0	4	major	major	V	V, major	I		V	V	False	I6	I6, major		I6, major		I	-1	0	0	5	4	4	True	False	True
8880	60	52	4	E	0	3	8	2	1	True	1.0	-1	75	75	75	75a	111	3/16	False	3	True				False	95	I6		F	V		I6	I		6			M	False	False	(4, 1, 0)	()	0	4	major	major	V	V, major	I		V	V	False	I6	I6, major		I6, major		I	-1	0	0	5	4	4	True	False	True
8880	20	76	4	E	0	3	8	1	1	False	1.0	-1	75	75	75	75a	111	1/16	False	5	True				False	95	I6		F	V		I6	I		6			M	False	False	(4, 1, 0)	()	0	4	major	major	V	V, major	I		V	V	False	I6	I6, major		I6, major		I	-1	0	0	5	4	4	True	False	True
8880	20	79	1	G	0	3	8	1	1	False	1.0	-1	75	75	75	75a	111	1/16	False	5	True				False	95	I6		F	V		I6	I		6			M	False	False	(4, 1, 0)	()	0	4	major	major	V	V, major	I		V	V	False	I6	I6, major		I6, major		I	-1	0	0	2	1	1	True	False	False
8900	20	77	-1	F	0	3	8	1	1	True	1.5	-1	75	75	75	75a	445/4	1/16	False	5	False				False	95	I6		F	V		I6	I		6			M	False	False	(4, 1, 0)	()	0	4	major	major	V	V, major	I		V	V	False	I6	I6, major		I6, major		I	-1	0	0	0	-1	-1	False	False	False
8900	20	81	3	A	0	3	8	1	1	True	1.5	-1	75	75	75	75a	445/4	1/16	False	5	False				False	95	I6		F	V		I6	I		6			M	False	False	(4, 1, 0)	()	0	4	major	major	V	V, major	I		V	V	False	I6	I6, major		I6, major		I	-1	0	0	4	3	3	False	False	False
8920	40	76	4	E	0	3	8	1	1	True	2.0	-1	75	75	75	75a	223/2	1/8	False	5	False				False	95	I6		F	V		I6	I		6			M	False	False	(4, 1, 0)	()	0	4	major	major	V	V, major	I		V	V	False	I6	I6, major		I6, major		I	-1	0	0	5	4	4	True	False	True
8920	40	79	1	G	0	3	8	1	1	True	2.0	-1	75	75	75	75a	223/2	1/8	False	5	False				False	95	I6		F	V		I6	I		6			M	False	False	(4, 1, 0)	()	0	4	major	major	V	V, major	I		V	V	False	I6	I6, major		I6, major		I	-1	0	0	2	1	1	True	False	False
8940	20	52	4	E	0	3	8	2	1	True	2.5	-1	75	75	75	75a	447/4	1/16	False	3	False				False	95	I6		F	V		I6	I		6			M	False	False	(4, 1, 0)	()	0	4	major	major	V	V, major	I		V	V	False	I6	I6, major		I6, major		I	-1	0	0	5	4	4	True	False	True
8940	20	64	4	E	0	3	8	2	1	True	2.5	-1	75	75	75	75a	447/4	1/16	False	4	False				False	95	I6		F	V		I6	I		6			M	False	False	(4, 1, 0)	()	0	4	major	major	V	V, major	I		V	V	False	I6	I6, major		I6, major		I	-1	0	0	5	4	4	True	False	True
8960	20	48	0	C	0	3	8	2	1	True	3.0	-1	75	75	75	75a	112	1/16	False	3	False				False	95	I6		F	V		I6	I		6			M	False	False	(4, 1, 0)	()	0	4	major	major	V	V, major	I		V	V	False	I6	I6, major		I6, major		I	-1	0	0	1	0	0	True	True	False
8960	20	60	0	C	0	3	8	2	1	True	3.0	-1	75	75	75	75a	112	1/16	False	4	False				False	95	I6		F	V		I6	I		6			M	False	False	(4, 1, 0)	()	0	4	major	major	V	V, major	I		V	V	False	I6	I6, major		I6, major		I	-1	0	0	1	0	0	True	True	False
8960	40	76	4	E	0	3	8	1	1	True	3.0	-1	75	75	75	75a	112	1/8	False	5	False				False	95	I6		F	V		I6	I		6			M	False	False	(4, 1, 0)	()	0	4	major	major	V	V, major	I		V	V	False	I6	I6, major		I6, major		I	-1	0	0	5	4	4	True	False	True
8960	40	79	1	G	0	3	8	1	1	True	3.0	-1	75	75	75	75a	112	1/8	False	5	False				False	95	I6		F	V		I6	I		6			M	False	False	(4, 1, 0)	()	0	4	major	major	V	V, major	I		V	V	False	I6	I6, major		I6, major		I	-1	0	0	2	1	1	True	False	False
8980	20	43	1	G	0	3	8	2	1	True	3.5	-1	75	75	75	75a	449/4	1/16	False	2	False				False	95	I6		F	V		I6	I		6			M	False	False	(4, 1, 0)	()	0	4	major	major	V	V, major	I		V	V	False	I6	I6, major		I6, major		I	-1	0	0	2	1	1	True	False	False
8980	20	55	1	G	0	3	8	2	1	True	3.5	-1	75	75	75	75a	449/4	1/16	False	3	False				False	95	I6		F	V		I6	I		6			M	False	False	(4, 1, 0)	()	0	4	major	major	V	V, major	I		V	V	False	I6	I6, major		I6, major		I	-1	0	0	2	1	1	True	False	False
9000	60	40	4	E	0	3	8	2	1	True	1.0	-1	76	76	76	76a	225/2	3/16	False	2	False				False	95	I6		F	V		I6	I		6			M	False	False	(4, 1, 0)	()	0	4	major	major	V	V, major	I		V	V	False	I6	I6, major		I6, major		I	-1	0	0	5	4	4	True	False	True
9000	60	52	4	E	0	3	8	2	1	True	1.0	-1	76	76	76	76a	225/2	3/16	False	3	False				False	95	I6		F	V		I6	I		6			M	False	False	(4, 1, 0)	()	0	4	major	major	V	V, major	I		V	V	False	I6	I6, major		I6, major		I	-1	0	0	5	4	4	True	False	True
9000	20	76	4	E	0	3	8	1	1	False	1.0	-1	76	76	76	76a	225/2	1/16	False	5	False				False	95	I6		F	V		I6	I		6			M	False	False	(4, 1, 0)	()	0	4	major	major	V	V, major	I		V	V	False	I6	I6, major		I6, major		I	-1	0	0	5	4	4	True	False	True
9000	20	79	1	G	0	3	8	1	1	False	1.0	-1	76	76	76	76a	225/2	1/16	False	5	False				False	95	I6		F	V		I6	I		6			M	False	False	(4, 1, 0)	()	0	4	major	major	V	V, major	I		V	V	False	I6	I6, major		I6, major		I	-1	0	0	2	1	1	True	False	False
9020	20	77	-1	F	0	3	8	1	1	True	1.5	-1	76	76	76	76a	451/4	1/16	False	5	False				False	95	I6		F	V		I6	I		6			M	False	False	(4, 1, 0)	()	0	4	major	major	V	V, major	I		V	V	False	I6	I6, major		I6, major		I	-1	0	0	0	-1	-1	False	False	False
9020	20	81	3	A	0	3	8	1	1	True	1.5	-1	76	76	76	76a	451/4	1/16	False	5	False				False	95	I6		F	V		I6	I		6			M	False	False	(4, 1, 0)	()	0	4	major	major	V	V, major	I		V	V	False	I6	I6, major		I6, major		I	-1	0	0	4	3	3	False	False	False
9040	40	76	4	E	0	3	8	1	1	True	2.0	-1	76	76	76	76a	113	1/8	False	5	False				False	95	I6		F	V		I6	I		6			M	False	False	(4, 1, 0)	()	0	4	major	major	V	V, major	I		V	V	False	I6	I6, major		I6, major		I	-1	0	0	5	4	4	True	False	True
9040	40	79	1	G	0	3	8	1	1	True	2.0	-1	76	76	76	76a	113	1/8	False	5	False				False	95	I6		F	V		I6	I		6			M	False	False	(4, 1, 0)	()	0	4	major	major	V	V, major	I		V	V	False	I6	I6, major		I6, major		I	-1	0	0	2	1	1	True	False	False
9060	20	43	1	G	0	3	8	2	1	True	2.5	-1	76	76	76	76a	453/4	1/16	False	2	False				False	95	I6		F	V		I6	I		6			M	False	False	(4, 1, 0)	()	0	4	major	major	V	V, major	I		V	V	False	I6	I6, major		I6, major		I	-1	0	0	2	1	1	True	False	False
9060	20	55	1	G	0	3	8	2	1	True	2.5	-1	76	76	76	76a	453/4	1/16	False	3	False				False	95	I6		F	V		I6	I		6			M	False	False	(4, 1, 0)	()	0	4	major	major	V	V, major	I		V	V	False	I6	I6, major		I6, major		I	-1	0	0	2	1	1	True	False	False
9080	20	40	4	E	0	3	8	2	1	True	3.0	-1	76	76	76	76a	227/2	1/16	False	2	False				False	95	I6		F	V		I6	I		6			M	False	False	(4, 1, 0)	()	0	4	major	major	V	V, major	I		V	V	False	I6	I6, major		I6, major		I	-1	0	0	5	4	4	True	False	True
9080	20	52	4	E	0	3	8	2	1	True	3.0	-1	76	76	76	76a	227/2	1/16	False	3	False				False	95	I6		F	V		I6	I		6			M	False	False	(4, 1, 0)	()	0	4	major	major	V	V, major	I		V	V	False	I6	I6, major		I6, major		I	-1	0	0	5	4	4	True	False	True
9080	40	76	4	E	0	3	8	1	1	True	3.0	-1	76	76	76	76a	227/2	1/8	False	5	False				False	95	I6		F	V		I6	I		6			M	False	False	(4, 1, 0)	()	0	4	major	major	V	V, major	I		V	V	False	I6	I6, major		I6, major		I	-1	0	0	5	4	4	True	False	True
9080	40	79	1	G	0	3	8	1	1	True	3.0	-1	76	76	76	76a	227/2	1/8	False	5	False				False	95	I6		F	V		I6	I		6			M	False	False	(4, 1, 0)	()	0	4	major	major	V	V, major	I		V	V	False	I6	I6, major		I6, major		I	-1	0	0	2	1	1	True	False	False
9100	20	36	0	C	0	3	8	2	1	True	3.5	-1	76	76	76	76a	455/4	1/16	False	2	False				False	95	I6		F	V		I6	I		6			M	False	False	(4, 1, 0)	()	0	4	major	major	V	V, major	I		V	V	False	I6	I6, major		I6, major		I	-1	0	0	1	0	0	True	True	False
9100	20	48	0	C	0	3	8	2	1	True	3.5	-1	76	76	76	76a	455/4	1/16	False	3	False				False	95	I6		F	V		I6	I		6			M	False	False	(4, 1, 0)	()	0	4	major	major	V	V, major	I		V	V	False	I6	I6, major		I6, major		I	-1	0	0	1	0	0	True	True	False
9120	40	41	-1	F	0	3	8	2	1	True	1.0	-1	77	77	77	77a	114	1/8	False	2	True				False	96	IV		F	V		IV	IV					M	False	False	(-1, 3, 0)	()	-1	-1	major	major	V	V, major	IV		V	V	False	IV	IV, major		IV, major		IV	-1	0	0	0	-1	-1	True	True	True
9120	40	53	-1	F	0	3	8	2	1	True	1.0	-1	77	77	77	77a	114	1/8	False	3	True				False	96	IV		F	V		IV	IV					M	False	False	(-1, 3, 0)	()	-1	-1	major	major	V	V, major	IV		V	V	False	IV	IV, major		IV, major		IV	-1	0	0	0	-1	-1	True	True	True
9120	20	76	4	E	0	3	8	1	1	False	1.0	-1	77	77	77	77a	114	1/16	False	5	True				False	96	IV		F	V		IV	IV					M	False	False	(-1, 3, 0)	()	-1	-1	major	major	V	V, major	IV		V	V	False	IV	IV, major		IV, major		IV	-1	0	0	5	4	4	False	False	False
9120	20	79	1	G	0	3	8	1	1	False	1.0	-1	77	77	77	77a	114	1/16	False	5	True				False	96	IV		F	V		IV	IV					M	False	False	(-1, 3, 0)	()	-1	-1	major	major	V	V, major	IV		V	V	False	IV	IV, major		IV, major		IV	-1	0	0	2	1	1	False	False	False
9140	20	77	-1	F	0	3	8	1	1	True	1.5	-1	77	77	77	77a	457/4	1/16	False	5	False				False	96	IV		F	V		IV	IV					M	False	False	(-1, 3, 0)	()	-1	-1	major	major	V	V, major	IV		V	V	False	IV	IV, major		IV, major		IV	-1	0	0	0	-1	-1	True	True	True
9140	20	81	3	A	0	3	8	1	1	True	1.5	-1	77	77	77	77a	457/4	1/16	False	5	False				False	96	IV		F	V		IV	IV					M	False	False	(-1, 3, 0)	()	-1	-1	major	major	V	V, major	IV		V	V	False	IV	IV, major		IV, major		IV	-1	0	0	4	3	3	True	False	False
9160	40	43	1	G	0	3	8	2	1	True	2.0	-1	77	77	77	77a	229/2	1/8	False	2	True				False	97	V(64)		F	V		V(64)	V			64		M	False	False	(1, 0, 4)	()	1	1	major	major	V	V, major	V		V	V	False	V	V, major		V(64), major		V	-1	0	0	2	1	1	True	True	True
9160	40	55	1	G	0	3	8	2	1	True	2.0	-1	77	77	77	77a	229/2	1/8	False	3	True				False	97	V(64)		F	V		V(64)	V			64		M	False	False	(1, 0, 4)	()	1	1	major	major	V	V, major	V		V	V	False	V	V, major		V(64), major		V	-1	0	0	2	1	1	True	True	True
9160	20	76	4	E	0	3	8	1	1	True	2.0	-1	77	77	77	77a	229/2	1/16	False	5	True				False	97	V(64)		F	V		V(64)	V			64		M	False	False	(1, 0, 4)	()	1	1	major	major	V	V, major	V		V	V	False	V	V, major		V(64), major		V	-1	0	0	5	4	4	True	False	False
9160	20	79	1	G	0	3	8	1	1	True	2.0	-1	77	77	77	77a	229/2	1/16	False	5	True				False	97	V(64)		F	V		V(64)	V			64		M	False	False	(1, 0, 4)	()	1	1	major	major	V	V, major	V		V	V	False	V	V, major		V(64), major		V	-1	0	0	2	1	1	True	True	True
9180	20	74	2	D	0	3	8	1	1	True	2.5	-1	77	77	77	77a	459/4	1/16	False	5	False				False	97	V(64)		F	V		V(64)	V			64		M	False	False	(1, 0, 4)	()	1	1	major	major	V	V, major	V		V	V	False	V	V, major		V(64), major		V	-1	0	0	3	2	2	False	False	False
9180	20	77	-1	F	0	3	8	1	1	True	2.5	-1	77	77	77	77a	459/4	1/16	False	5	False				False	97	V(64)		F	V		V(64)	V			64		M	False	False	(1, 0, 4)	()	1	1	major	major	V	V, major	V		V	V	False	V	V, major		V(64), major		V	-1	0	0	0	-1	-1	False	False	False
9200	40	43	1	G	0	3	8	2	1	True	3.0	-1	77	77	77	77a	115	1/8	False	2	True				False	98	V		F	V		V	V					M	False	False	(1, 5, 2)	()	1	1	major	major	V	V, major	V		V	V	False	V	V, major		V, major		V	-1	0	0	2	1	1	True	True	True
9200	40	55	1	G	0	3	8	2	1	True	3.0	-1	77	77	77	77a	115	1/8	False	3	True				False	98	V		F	V		V	V					M	False	False	(1, 5, 2)	()	1	1	major	major	V	V, major	V		V	V	False	V	V, major		V, major		V	-1	0	0	2	1	1	True	True	True
9200	20	72	0	C	0	3	8	1	1	True	3.0	-1	77	77	77	77a	115	1/16	False	5	True				False	98	V		F	V		V	V					M	False	False	(1, 5, 2)	()	1	1	major	major	V	V, major	V		V	V	False	V	V, major		V, major		V	-1	0	0	1	0	0	False	False	False
9200	20	76	4	E	0	3	8	1	1	True	3.0	-1	77	77	77	77a	115	1/16	False	5	True				False	98	V		F	V		V	V					M	False	False	(1, 5, 2)	()	1	1	major	major	V	V, major	V		V	V	False	V	V, major		V, major		V	-1	0	0	5	4	4	False	False	False
9220	20	71	5	B	0	3	8	1	1	True	3.5	-1	77	77	77	77a	461/4	1/16	False	4	False				False	98	V		F	V		V	V					M	False	False	(1, 5, 2)	()	1	1	major	major	V	V, major	V		V	V	False	V	V, major		V, major		V	-1	0	0	6	5	5	True	False	False
9220	20	74	2	D	0	3	8	1	1	True	3.5	-1	77	77	77	77a	461/4	1/16	False	5	False				False	98	V		F	V		V	V					M	False	False	(1, 5, 2)	()	1	1	major	major	V	V, major	V		V	V	False	V	V, major		V, major		V	-1	0	0	3	2	2	True	False	False
9240	60	48	0	C	0	3	8	2	2	True	1.0	-1	78	78	78	78a	231/2	3/16	False	3	True	IAC	IAC		False	99	I|IAC		F	V		I	I					M	False	False	(0, 4, 1)	()	0	0	major	major	V	V, major	I		V	V	False	I	I, major		I, major		I	-1	0	0	1	0	0	True	True	True
9240	120	60	0	C	0	3	8	2	1	True	1.0	-1	78	78	78	78a	231/2	3/8	False	4	True	IAC	IAC		False	99	I|IAC		F	V		I	I					M	False	False	(0, 4, 1)	()	0	0	major	major	V	V, major	I		V	V	False	I	I, major		I, major		I	-1	0	0	1	0	0	True	True	True
9240	20	76	4	E	0	3	8	1	1	True	1.0	-1	78	78	78	78a	231/2	1/16	False	5	True	IAC	IAC		False	99	I|IAC		F	V		I	I					M	False	False	(0, 4, 1)	()	0	0	major	major	V	V, major	I		V	V	False	I	I, major		I, major		I	-1	0	0	5	4	4	True	False	False
9260	20	72	0	C	0	3	8	1	1	True	1.5	-1	78	78	78	78a	463/4	1/16	False	5	False				False	99	I|IAC		F	V		I	I					M	False	False	(0, 4, 1)	()	0	0	major	major	V	V, major	I		V	V	False	I	I, major		I, major		I	-1	0	0	1	0	0	True	True	True
9280	20	79	1	G	0	3	8	1	1	True	2.0	-1	78	78	78	78a	116	1/16	False	5	False				False	99	I|IAC		F	V		I	I					M	False	False	(0, 4, 1)	()	0	0	major	major	V	V, major	I		V	V	False	I	I, major		I, major		I	-1	0	0	2	1	1	True	False	False
9300	20	50	2	D	0	3	8	2	2	True	2.5	-1	78	78	78	78a	465/4	1/16	False	3	False				False	99	I|IAC		F	V		I	I					M	False	False	(0, 4, 1)	()	0	0	major	major	V	V, major	I		V	V	False	I	I, major		I, major		I	-1	0	0	3	2	2	False	False	False
9300	20	72	0	C	0	3	8	1	1	True	2.5	-1	78	78	78	78a	465/4	1/16	False	5	False				False	99	I|IAC		F	V		I	I					M	False	False	(0, 4, 1)	()	0	0	major	major	V	V, major	I		V	V	False	I	I, major		I, major		I	-1	0	0	1	0	0	True	True	True
9320	40	52	4	E	0	3	8	2	2	True	3.0	-1	78	78	78	78a	233/2	1/8	False	3	True				False	100	I6		F	V		I6	I		6			M	False	False	(4, 1, 0)	()	0	4	major	major	V	V, major	I		V	V	False	I6	I6, major		I6, major		I	-1	0	0	5	4	4	True	False	True
9320	20	84	0	C	0	3	8	1	1	True	3.0	-1	78	78	78	78a	233/2	1/16	False	6	True				False	100	I6		F	V		I6	I		6			M	False	False	(4, 1, 0)	()	0	4	major	major	V	V, major	I		V	V	False	I6	I6, major		I6, major		I	-1	0	0	1	0	0	True	True	False
9340	20	72	0	C	0	3	8	1	1	True	3.5	-1	78	78	78	78a	467/4	1/16	False	5	False				False	100	I6		F	V		I6	I		6			M	False	False	(4, 1, 0)	()	0	4	major	major	V	V, major	I		V	V	False	I6	I6, major		I6, major		I	-1	0	0	1	0	0	True	True	False
9360	40	53	-1	F	0	3	8	2	1	True	1.0	-1	79	79	79	79a	117	1/8	False	3	True				False	101	IV		F	V		IV	IV					M	False	False	(-1, 3, 0)	()	-1	-1	major	major	V	V, major	IV		V	V	False	IV	IV, major		IV, major		IV	-1	0	0	0	-1	-1	True	True	True
9360	20	72	0	C	0	3	8	1	1	True	1.0	-1	79	79	79	79a	117	1/16	False	5	True				False	101	IV		F	V		IV	IV					M	False	False	(-1, 3, 0)	()	-1	-1	major	major	V	V, major	IV		V	V	False	IV	IV, major		IV, major		IV	-1	0	0	1	0	0	True	False	False
9380	20	74	2	D	0	3	8	1	1	True	1.5	-1	79	79	79	79a	469/4	1/16	False	5	False				False	101	IV		F	V		IV	IV					M	False	False	(-1, 3, 0)	()	-1	-1	major	major	V	V, major	IV		V	V	False	IV	IV, major		IV, major		IV	-1	0	0	3	2	2	False	False	False
9400	40	55	1	G	0	3	8	2	1	True	2.0	-1	79	79	79	79a	235/2	1/8	False	3	True				False	102	V(64)		F	V		V(64)	V			64		M	False	False	(1, 0, 4)	()	1	1	major	major	V	V, major	V		V	V	False	V	V, major		V(64), major		V	-1	0	0	2	1	1	True	True	True
9400	60	74	2	D	0	3	8	1	1	True	2.0	-1	79	79	79	79a	235/2	3/16	False	5	True				False	102	V(64)		F	V		V(64)	V			64		M	False	False	(1, 0, 4)	()	1	1	major	major	V	V, major	V		V	V	False	V	V, major		V(64), major		V	-1	0	0	3	2	2	False	False	False
9440	40	43	1	G	0	3	8	2	1	True	3.0	-1	79	79	79	79a	118	1/8	False	2	True				False	103	V		F	V		V	V					M	False	False	(1, 5, 2)	()	1	1	major	major	V	V, major	V		V	V	False	V	V, major		V, major		V	-1	0	0	2	1	1	True	True	True
9460	10	72	0	C	0	3	8	1	1	True	3.5	-1	79	79	79	79a	473/4	1/32	False	5	False				False	103	V		F	V		V	V					M	False	False	(1, 5, 2)	()	1	1	major	major	V	V, major	V		V	V	False	V	V, major		V, major		V	-1	0	0	1	0	0	False	False	False
9470	10	74	2	D	0	3	8	1	1	True	3.75	-1	79	79	79	79a	947/8	1/32	False	5	False				False	103	V		F	V		V	V					M	False	False	(1, 5, 2)	()	1	1	major	major	V	V, major	V		V	V	False	V	V, major		V, major		V	-1	0	0	3	2	2	True	False	False
9480	60	48	0	C	0	3	8	2	2	True	1.0	-1	80	80	80	80a	237/2	3/16	False	3	True	IAC	IAC		False	104	I|IAC		F	V		I	I					M	False	False	(0, 4, 1)	()	0	0	major	major	V	V, major	I		V	V	False	I	I, major		I, major		I	-1	0	0	1	0	0	True	True	True
9480	120	60	0	C	0	3	8	2	1	True	1.0	-1	80	80	80	80a	237/2	3/8	False	4	True	IAC	IAC		False	104	I|IAC		F	V		I	I					M	False	False	(0, 4, 1)	()	0	0	major	major	V	V, major	I		V	V	False	I	I, major		I, major		I	-1	0	0	1	0	0	True	True	True
9480	20	76	4	E	0	3	8	1	1	True	1.0	-1	80	80	80	80a	237/2	1/16	False	5	True	IAC	IAC		False	104	I|IAC		F	V		I	I					M	False	False	(0, 4, 1)	()	0	0	major	major	V	V, major	I		V	V	False	I	I, major		I, major		I	-1	0	0	5	4	4	True	False	False
9500	20	72	0	C	0	3	8	1	1	True	1.5	-1	80	80	80	80a	475/4	1/16	False	5	False				False	104	I|IAC		F	V		I	I					M	False	False	(0, 4, 1)	()	0	0	major	major	V	V, major	I		V	V	False	I	I, major		I, major		I	-1	0	0	1	0	0	True	True	True
9520	20	79	1	G	0	3	8	1	1	True	2.0	-1	80	80	80	80a	119	1/16	False	5	False				False	104	I|IAC		F	V		I	I					M	False	False	(0, 4, 1)	()	0	0	major	major	V	V, major	I		V	V	False	I	I, major		I, major		I	-1	0	0	2	1	1	True	False	False
9540	20	50	2	D	0	3	8	2	2	True	2.5	-1	80	80	80	80a	477/4	1/16	False	3	False				False	104	I|IAC		F	V		I	I					M	False	False	(0, 4, 1)	()	0	0	major	major	V	V, major	I		V	V	False	I	I, major		I, major		I	-1	0	0	3	2	2	False	False	False
9540	20	72	0	C	0	3	8	1	1	True	2.5	-1	80	80	80	80a	477/4	1/16	False	5	False				False	104	I|IAC		F	V		I	I					M	False	False	(0, 4, 1)	()	0	0	major	major	V	V, major	I		V	V	False	I	I, major		I, major		I	-1	0	0	1	0	0	True	True	True
9560	40	52	4	E	0	3	8	2	2	True	3.0	-1	80	80	80	80a	239/2	1/8	False	3	True				False	105	I6		F	V		I6	I		6			M	False	False	(4, 1, 0)	()	0	4	major	major	V	V, major	I		V	V	False	I6	I6, major		I6, major		I	-1	0	0	5	4	4	True	False	True
9560	20	84	0	C	0	3	8	1	1	True	3.0	-1	80	80	80	80a	239/2	1/16	False	6	True				False	105	I6		F	V		I6	I		6			M	False	False	(4, 1, 0)	()	0	4	major	major	V	V, major	I		V	V	False	I6	I6, major		I6, major		I	-1	0	0	1	0	0	True	True	False
9580	20	72	0	C	0	3	8	1	1	True	3.5	-1	80	80	80	80a	479/4	1/16	False	5	False				False	105	I6		F	V		I6	I		6			M	False	False	(4, 1, 0)	()	0	4	major	major	V	V, major	I		V	V	False	I6	I6, major		I6, major		I	-1	0	0	1	0	0	True	True	False
9600	40	53	-1	F	0	3	8	2	1	True	1.0	-1	81	81	81	81a	120	1/8	False	3	True				False	106	IV		F	V		IV	IV					M	False	False	(-1, 3, 0)	()	-1	-1	major	major	V	V, major	IV		V	V	False	IV	IV, major		IV, major		IV	-1	0	0	0	-1	-1	True	True	True
9600	20	69	3	A	0	3	8	1	1	True	1.0	-1	81	81	81	81a	120	1/16	False	4	True				False	106	IV		F	V		IV	IV					M	False	False	(-1, 3, 0)	()	-1	-1	major	major	V	V, major	IV		V	V	False	IV	IV, major		IV, major		IV	-1	0	0	4	3	3	True	False	False
9620	20	77	-1	F	0	3	8	1	1	True	1.5	-1	81	81	81	81a	481/4	1/16	False	5	False				False	106	IV		F	V		IV	IV					M	False	False	(-1, 3, 0)	()	-1	-1	major	major	V	V, major	IV		V	V	False	IV	IV, major		IV, major		IV	-1	0	0	0	-1	-1	True	True	True
9640	40	55	1	G	0	3	8	2	1	True	2.0	-1	81	81	81	81a	241/2	1/8	False	3	True				False	107	V(64)		F	V		V(64)	V			64		M	False	False	(1, 0, 4)	()	1	1	major	major	V	V, major	V		V	V	False	V	V, major		V(64), major		V	-1	0	0	2	1	1	True	True	True
9640	60	74	2	D	0	3	8	1	1	True	2.0	-1	81	81	81	81a	241/2	3/16	False	5	True				False	107	V(64)		F	V		V(64)	V			64		M	False	False	(1, 0, 4)	()	1	1	major	major	V	V, major	V		V	V	False	V	V, major		V(64), major		V	-1	0	0	3	2	2	False	False	False
9680	40	43	1	G	0	3	8	2	1	True	3.0	-1	81	81	81	81a	121	1/8	False	2	True				False	108	V		F	V		V	V					M	False	False	(1, 5, 2)	()	1	1	major	major	V	V, major	V		V	V	False	V	V, major		V, major		V	-1	0	0	2	1	1	True	True	True
9700	10	72	0	C	0	3	8	1	1	True	3.5	-1	81	81	81	81a	485/4	1/32	False	5	False				False	108	V		F	V		V	V					M	False	False	(1, 5, 2)	()	1	1	major	major	V	V, major	V		V	V	False	V	V, major		V, major		V	-1	0	0	1	0	0	False	False	False
9710	10	74	2	D	0	3	8	1	1	True	3.75	-1	81	81	81	81a	971/8	1/32	False	5	False				False	108	V		F	V		V	V					M	False	False	(1, 5, 2)	()	1	1	major	major	V	V, major	V		V	V	False	V	V, major		V, major		V	-1	0	0	3	2	2	True	False	False
9720	120	48	0	C	0	3	8	2	1	True	1.0	-1	82	82	82	82a	243/2	3/8	False	3	False	PAC	PAC	}	True	109	I|PAC}		F	V		I	I					M	False	False	(0, 4, 1)	()	0	0	major	major	V	V, major	I		V	V	False	I	I, major		I, major		I	-1	0	0	1	0	0	True	True	True
9720	120	72	0	C	0	3	8	1	1	True	1.0	-1	82	82	82	82a	243/2	3/8	False	5	False	PAC	PAC	}	True	109	I|PAC}		F	V		I	I					M	False	False	(0, 4, 1)	()	0	0	major	major	V	V, major	I		V	V	False	I	I, major		I, major		I	-1	0	0	1	0	0	True	True	True
9840	40	72	0	C	0	3	8	1	1	True	1.0	-1	1	1	83	1b	123	1/8	True	5	True			{	False	110	F.I{		F	I		I	I					M	False	False	(0, 4, 1)	()	0	0	major	major	I	I, major	I		I	I	False	I	I, major		I, major		I	-1	-1	-1	1	1	1	True	False	False
9880	40	65	-1	F	0	3	8	2	1	True	2.0	-1	1	1	83	1b	247/2	1/8	False	4	False				False	110	F.I{		F	I		I	I					M	False	False	(0, 4, 1)	()	0	0	major	major	I	I, major	I		I	I	False	I	I, major		I, major		I	-1	-1	-1	0	0	0	True	True	True
9880	40	69	3	A	0	3	8	2	1	True	2.0	-1	1	1	83	1b	247/2	1/8	False	4	False				False	110	F.I{		F	I		I	I					M	False	False	(0, 4, 1)	()	0	0	major	major	I	I, major	I		I	I	False	I	I, major		I, major		I	-1	-1	-1	4	4	4	True	False	False
9880	80	81	3	A	0	3	8	1	1	True	2.0	-1	1	1	83	1b	247/2	1/4	False	5	False				False	110	F.I{		F	I		I	I					M	False	False	(0, 4, 1)	()	0	0	major	major	I	I, major	I		I	I	False	I	I, major		I, major		I	-1	-1	-1	4	4	4	True	False	False
9920	40	65	-1	F	0	3	8	2	1	True	3.0	-1	1	1	83	1b	124	1/8	False	4	False				False	110	F.I{		F	I		I	I					M	False	False	(0, 4, 1)	()	0	0	major	major	I	I, major	I		I	I	False	I	I, major		I, major		I	-1	-1	-1	0	0	0	True	True	True
9920	40	69	3	A	0	3	8	2	1	True	3.0	-1	1	1	83	1b	124	1/8	False	4	False				False	110	F.I{		F	I		I	I					M	False	False	(0, 4, 1)	()	0	0	major	major	I	I, major	I		I	I	False	I	I, major		I, major		I	-1	-1	-1	4	4	4	True	False	False
9960	40	67	1	G	0	3	8	2	1	True	1.0	-1	2	2	84	2b	249/2	1/8	False	4	True				False	111	ii		F	I		ii	ii					m	False	False	(2, -1, 3)	()	2	2	major	major	I	I, major	ii		I	I	False	ii	ii, major		ii, major		ii	-1	-1	-1	2	2	2	True	True	True
9960	40	70	-2	B	-1	3	8	2	1	True	1.0	-1	2	2	84	2b	249/2	1/8	False	4	True				False	111	ii		F	I		ii	ii					m	False	False	(2, -1, 3)	()	2	2	major	major	I	I, major	ii		I	I	False	ii	ii, major		ii, major		ii	-1	-1	-1	-1	-1	-1	True	False	False
9960	20	81	3	A	0	3	8	1	1	False	1.0	-1	2	2	84	2b	249/2	1/16	False	5	True				False	111	ii		F	I		ii	ii					m	False	False	(2, -1, 3)	()	2	2	major	major	I	I, major	ii		I	I	False	ii	ii, major		ii, major		ii	-1	-1	-1	4	4	4	False	False	False
9980	20	82	-2	B	-1	3	8	1	1	True	1.5	-1	2	2	84	2b	499/4	1/16	False	5	False				False	111	ii		F	I		ii	ii					m	False	False	(2, -1, 3)	()	2	2	major	major	I	I, major	ii		I	I	False	ii	ii, major		ii, major		ii	-1	-1	-1	-1	-1	-1	True	False	False
10000	40	67	1	G	0	3	8	2	1	True	2.0	-1	2	2	84	2b	125	1/8	False	4	False				False	111	ii		F	I		ii	ii					m	False	False	(2, -1, 3)	()	2	2	major	major	I	I, major	ii		I	I	False	ii	ii, major		ii, major		ii	-1	-1	-1	2	2	2	True	True	True
10000	40	70	-2	B	-1	3	8	2	1	True	2.0	-1	2	2	84	2b	125	1/8	False	4	False				False	111	ii		F	I		ii	ii					m	False	False	(2, -1, 3)	()	2	2	major	major	I	I, major	ii		I	I	False	ii	ii, major		ii, major		ii	-1	-1	-1	-1	-1	-1	True	False	False
10000	20	79	1	G	0	3	8	1	1	True	2.0	-1	2	2	84	2b	125	1/16	False	5	False				False	111	ii		F	I		ii	ii					m	False	False	(2, -1, 3)	()	2	2	major	major	I	I, major	ii		I	I	False	ii	ii, major		ii, major		ii	-1	-1	-1	2	2	2	True	True	True
10020	20	77	-1	F	0	3	8	1	1	True	2.5	-1	2	2	84	2b	501/4	1/16	False	5	False				False	111	ii		F	I		ii	ii					m	False	False	(2, -1, 3)	()	2	2	major	major	I	I, major	ii		I	I	False	ii	ii, major		ii, major		ii	-1	-1	-1	0	0	0	False	False	False
10040	20	76	4	E	0	3	8	1	1	True	3.0	-1	2	2	84	2b	251/2	1/16	False	5	False				False	111	ii		F	I		ii	ii					m	False	False	(2, -1, 3)	()	2	2	major	major	I	I, major	ii		I	I	False	ii	ii, major		ii, major		ii	-1	-1	-1	5	5	5	False	False	False
10060	20	74	2	D	0	3	8	1	1	True	3.5	-1	2	2	84	2b	503/4	1/16	False	5	False				False	111	ii		F	I		ii	ii					m	False	False	(2, -1, 3)	()	2	2	major	major	I	I, major	ii		I	I	False	ii	ii, major		ii, major		ii	-1	-1	-1	3	3	3	True	False	False
10080	0	72	0	C	0	3	8	1	1	True	1.0	-1	3	3	85	3b	126	0	False	5	True				False	112	viio		F	I		viio	vii	o				o	False	False	(5, 2, -1)	()	5	5	major	major	I	I, major	vii		I	I	False	viio	viio, major		viio, major		vii	-1	-1	-1	1	1	1	False	False	False
10080	40	70	-2	B	-1	3	8	1	1	True	1.0	-1	3	3	85	3b	126	1/8	False	4	True				False	112	viio		F	I		viio	vii	o				o	False	False	(5, 2, -1)	()	5	5	major	major	I	I, major	vii		I	I	False	viio	viio, major		viio, major		vii	-1	-1	-1	-1	-1	-1	True	False	False
10120	40	64	4	E	0	3	8	2	1	True	2.0	-1	3	3	85	3b	253/2	1/8	False	4	False				False	112	viio		F	I		viio	vii	o				o	False	False	(5, 2, -1)	()	5	5	major	major	I	I, major	vii		I	I	False	viio	viio, major		viio, major		vii	-1	-1	-1	5	5	5	True	True	True
10120	40	67	1	G	0	3	8	2	1	True	2.0	-1	3	3	85	3b	253/2	1/8	False	4	False				False	112	viio		F	I		viio	vii	o				o	False	False	(5, 2, -1)	()	5	5	major	major	I	I, major	vii		I	I	False	viio	viio, major		viio, major		vii	-1	-1	-1	2	2	2	True	False	False
10120	80	79	1	G	0	3	8	1	1	True	2.0	-1	3	3	85	3b	253/2	1/4	False	5	False				False	112	viio		F	I		viio	vii	o				o	False	False	(5, 2, -1)	()	5	5	major	major	I	I, major	vii		I	I	False	viio	viio, major		viio, major		vii	-1	-1	-1	2	2	2	True	False	False
10160	40	64	4	E	0	3	8	2	1	True	3.0	-1	3	3	85	3b	127	1/8	False	4	False				False	112	viio		F	I		viio	vii	o				o	False	False	(5, 2, -1)	()	5	5	major	major	I	I, major	vii		I	I	False	viio	viio, major		viio, major		vii	-1	-1	-1	5	5	5	True	True	True
10160	40	67	1	G	0	3	8	2	1	True	3.0	-1	3	3	85	3b	127	1/8	False	4	False				False	112	viio		F	I		viio	vii	o				o	False	False	(5, 2, -1)	()	5	5	major	major	I	I, major	vii		I	I	False	viio	viio, major		viio, major		vii	-1	-1	-1	2	2	2	True	False	False
10200	40	65	-1	F	0	3	8	2	1	True	1.0	-1	4	4	86	4b	255/2	1/8	False	4	True				False	113	I		F	I		I	I					M	False	False	(0, 4, 1)	()	0	0	major	major	I	I, major	I		I	I	False	I	I, major		I, major		I	-1	-1	-1	0	0	0	True	True	True
10200	40	69	3	A	0	3	8	2	1	True	1.0	-1	4	4	86	4b	255/2	1/8	False	4	True				False	113	I		F	I		I	I					M	False	False	(0, 4, 1)	()	0	0	major	major	I	I, major	I		I	I	False	I	I, major		I, major		I	-1	-1	-1	4	4	4	True	False	False
10200	20	79	1	G	0	3	8	1	1	False	1.0	-1	4	4	86	4b	255/2	1/16	False	5	True				False	113	I		F	I		I	I					M	False	False	(0, 4, 1)	()	0	0	major	major	I	I, major	I		I	I	False	I	I, major		I, major		I	-1	-1	-1	2	2	2	False	False	False
10220	20	81	3	A	0	3	8	1	1	True	1.5	-1	4	4	86	4b	511/4	1/16	False	5	False				False	113	I		F	I		I	I					M	False	False	(0, 4, 1)	()	0	0	major	major	I	I, major	I		I	I	False	I	I, major		I, major		I	-1	-1	-1	4	4	4	True	False	False
10240	40	65	-1	F	0	3	8	2	1	True	2.0	-1	4	4	86	4b	128	1/8	False	4	False				False	113	I		F	I		I	I					M	False	False	(0, 4, 1)	()	0	0	major	major	I	I, major	I		I	I	False	I	I, major		I, major		I	-1	-1	-1	0	0	0	True	True	True
10240	40	69	3	A	0	3	8	2	1	True	2.0	-1	4	4	86	4b	128	1/8	False	4	False				False	113	I		F	I		I	I					M	False	False	(0, 4, 1)	()	0	0	major	major	I	I, major	I		I	I	False	I	I, major		I, major		I	-1	-1	-1	4	4	4	True	False	False
10240	20	77	-1	F	0	3	8	1	1	True	2.0	-1	4	4	86	4b	128	1/16	False	5	False				False	113	I		F	I		I	I					M	False	False	(0, 4, 1)	()	0	0	major	major	I	I, major	I		I	I	False	I	I, major		I, major		I	-1	-1	-1	0	0	0	True	True	True
10260	20	76	4	E	0	3	8	1	1	True	2.5	-1	4	4	86	4b	513/4	1/16	False	5	False				False	113	I		F	I		I	I					M	False	False	(0, 4, 1)	()	0	0	major	major	I	I, major	I		I	I	False	I	I, major		I, major		I	-1	-1	-1	5	5	5	False	False	False
10280	20	74	2	D	0	3	8	1	1	True	3.0	-1	4	4	86	4b	257/2	1/16	False	5	False				False	113	I		F	I		I	I					M	False	False	(0, 4, 1)	()	0	0	major	major	I	I, major	I		I	I	False	I	I, major		I, major		I	-1	-1	-1	3	3	3	False	False	False
10300	20	72	0	C	0	3	8	1	1	True	3.5	-1	4	4	86	4b	515/4	1/16	False	5	False				False	113	I		F	I		I	I					M	False	False	(0, 4, 1)	()	0	0	major	major	I	I, major	I		I	I	False	I	I, major		I, major		I	-1	-1	-1	1	1	1	True	False	False
10320	0	70	-2	B	-1	3	8	1	1	True	1.0	-1	5	5	87	5b	129	0	False	4	True				False	114	I6		F	I		I6	I		6			M	False	False	(4, 1, 0)	()	0	4	major	major	I	I, major	I		I	I	False	I6	I6, major		I6, major		I	-1	-1	-1	-1	-1	-1	False	False	False
10320	40	69	3	A	0	3	8	1	1	True	1.0	-1	5	5	87	5b	129	1/8	False	4	True				False	114	I6		F	I		I6	I		6			M	False	False	(4, 1, 0)	()	0	4	major	major	I	I, major	I		I	I	False	I6	I6, major		I6, major		I	-1	-1	-1	4	4	4	True	False	True
10360	40	57	3	A	0	3	8	2	1	True	2.0	-1	5	5	87	5b	259/2	1/8	False	3	False				False	114	I6		F	I		I6	I		6			M	False	False	(4, 1, 0)	()	0	4	major	major	I	I, major	I		I	I	False	I6	I6, major		I6, major		I	-1	-1	-1	4	4	4	True	False	True
10360	40	65	-1	F	0	3	8	2	1	True	2.0	-1	5	5	87	5b	259/2	1/8	False	4	False				False	114	I6		F	I		I6	I		6			M	False	False	(4, 1, 0)	()	0	4	major	major	I	I, major	I		I	I	False	I6	I6, major		I6, major		I	-1	-1	-1	0	0	0	True	True	False
10360	80	77	-1	F	0	3	8	1	1	True	2.0	-1	5	5	87	5b	259/2	1/4	False	5	False				False	114	I6		F	I		I6	I		6			M	False	False	(4, 1, 0)	()	0	4	major	major	I	I, major	I		I	I	False	I6	I6, major		I6, major		I	-1	-1	-1	0	0	0	True	True	False
10400	40	57	3	A	0	3	8	2	1	True	3.0	-1	5	5	87	5b	130	1/8	False	3	False				False	114	I6		F	I		I6	I		6			M	False	False	(4, 1, 0)	()	0	4	major	major	I	I, major	I		I	I	False	I6	I6, major		I6, major		I	-1	-1	-1	4	4	4	True	False	True
10400	40	65	-1	F	0	3	8	2	1	True	3.0	-1	5	5	87	5b	130	1/8	False	4	False				False	114	I6		F	I		I6	I		6			M	False	False	(4, 1, 0)	()	0	4	major	major	I	I, major	I		I	I	False	I6	I6, major		I6, major		I	-1	-1	-1	0	0	0	True	True	False
10440	40	58	-2	B	-1	3	8	2	1	True	1.0	-1	6	6	88	6b	261/2	1/8	False	3	True				False	115	ii65		F	I		ii65	ii		65			mm7	False	False	(-1, 3, 0, 2)	()	2	-1	major	major	I	I, major	ii		I	I	False	ii65	ii65, major		ii65, major		ii	-1	-1	-1	-1	-1	-1	True	False	True
10440	40	65	-1	F	0	3	8	2	1	True	1.0	-1	6	6	88	6b	261/2	1/8	False	4	True				False	115	ii65		F	I		ii65	ii		65			mm7	False	False	(-1, 3, 0, 2)	()	2	-1	major	major	I	I, major	ii		I	I	False	ii65	ii65, major		ii65, major		ii	-1	-1	-1	0	0	0	True	False	False
10440	40	67	1	G	0	3	8	2	1	True	1.0	-1	6	6	88	6b	261/2	1/8	False	4	True				False	115	ii65		F	I		ii65	ii		65			mm7	False	False	(-1, 3, 0, 2)	()	2	-1	major	major	I	I, major	ii		I	I	False	ii65	ii65, major		ii65, major		ii	-1	-1	-1	2	2	2	True	True	False
10440	20	77	-1	F	0	3	8	1	1	False	1.0	-1	6	6	88	6b	261/2	1/16	False	5	True				False	115	ii65		F	I		ii65	ii		65			mm7	False	False	(-1, 3, 0, 2)	()	2	-1	major	major	I	I, major	ii		I	I	False	ii65	ii65, major		ii65, major		ii	-1	-1	-1	0	0	0	True	False	False
10460	20	84	0	C	0	3	8	1	1	True	1.5	-1	6	6	88	6b	523/4	1/16	False	6	False				False	115	ii65		F	I		ii65	ii		65			mm7	False	False	(-1, 3, 0, 2)	()	2	-1	major	major	I	I, major	ii		I	I	False	ii65	ii65, major		ii65, major		ii	-1	-1	-1	1	1	1	False	False	False
10480	40	58	-2	B	-1	3	8	2	1	True	2.0	-1	6	6	88	6b	131	1/8	False	3	False				False	115	ii65		F	I		ii65	ii		65			mm7	False	False	(-1, 3, 0, 2)	()	2	-1	major	major	I	I, major	ii		I	I	False	ii65	ii65, major		ii65, major		ii	-1	-1	-1	-1	-1	-1	True	False	True
10480	40	65	-1	F	0	3	8	2	1	True	2.0	-1	6	6	88	6b	131	1/8	False	4	False				False	115	ii65		F	I		ii65	ii		65			mm7	False	False	(-1, 3, 0, 2)	()	2	-1	major	major	I	I, major	ii		I	I	False	ii65	ii65, major		ii65, major		ii	-1	-1	-1	0	0	0	True	False	False
10480	40	67	1	G	0	3	8	2	1	True	2.0	-1	6	6	88	6b	131	1/8	False	4	False				False	115	ii65		F	I		ii65	ii		65			mm7	False	False	(-1, 3, 0, 2)	()	2	-1	major	major	I	I, major	ii		I	I	False	ii65	ii65, major		ii65, major		ii	-1	-1	-1	2	2	2	True	True	False
10480	20	82	-2	B	-1	3	8	1	1	True	2.0	-1	6	6	88	6b	131	1/16	False	5	False				False	115	ii65		F	I		ii65	ii		65			mm7	False	False	(-1, 3, 0, 2)	()	2	-1	major	major	I	I, major	ii		I	I	False	ii65	ii65, major		ii65, major		ii	-1	-1	-1	-1	-1	-1	True	False	True
10500	20	81	3	A	0	3	8	1	1	True	2.5	-1	6	6	88	6b	525/4	1/16	False	5	False				False	115	ii65		F	I		ii65	ii		65			mm7	False	False	(-1, 3, 0, 2)	()	2	-1	major	major	I	I, major	ii		I	I	False	ii65	ii65, major		ii65, major		ii	-1	-1	-1	4	4	4	False	False	False
10520	40	58	-2	B	-1	3	8	2	1	True	3.0	-1	6	6	88	6b	263/2	1/8	False	3	False				False	115	ii65		F	I		ii65	ii		65			mm7	False	False	(-1, 3, 0, 2)	()	2	-1	major	major	I	I, major	ii		I	I	False	ii65	ii65, major		ii65, major		ii	-1	-1	-1	-1	-1	-1	True	False	True
10520	40	65	-1	F	0	3	8	2	1	True	3.0	-1	6	6	88	6b	263/2	1/8	False	4	False				False	115	ii65		F	I		ii65	ii		65			mm7	False	False	(-1, 3, 0, 2)	()	2	-1	major	major	I	I, major	ii		I	I	False	ii65	ii65, major		ii65, major		ii	-1	-1	-1	0	0	0	True	False	False
10520	40	67	1	G	0	3	8	2	1	True	3.0	-1	6	6	88	6b	263/2	1/8	False	4	False				False	115	ii65		F	I		ii65	ii		65			mm7	False	False	(-1, 3, 0, 2)	()	2	-1	major	major	I	I, major	ii		I	I	False	ii65	ii65, major		ii65, major		ii	-1	-1	-1	2	2	2	True	True	False
10520	20	79	1	G	0	3	8	1	1	True	3.0	-1	6	6	88	6b	263/2	1/16	False	5	False				False	115	ii65		F	I		ii65	ii		65			mm7	False	False	(-1, 3, 0, 2)	()	2	-1	major	major	I	I, major	ii		I	I	False	ii65	ii65, major		ii65, major		ii	-1	-1	-1	2	2	2	True	True	False
10540	20	77	-1	F	0	3	8	1	1	True	3.5	-1	6	6	88	6b	527/4	1/16	False	5	False				False	115	ii65		F	I		ii65	ii		65			mm7	False	False	(-1, 3, 0, 2)	()	2	-1	major	major	I	I, major	ii		I	I	False	ii65	ii65, major		ii65, major		ii	-1	-1	-1	0	0	0	True	False	False
10560	40	60	0	C	0	3	8	2	1	True	1.0	-1	7	7	89	7b	132	1/8	False	4	True				False	116	V		F	I		V	V					M	False	False	(1, 5, 2)	()	1	1	major	major	I	I, major	V		I	I	False	V	V, major		V, major		V	-1	-1	-1	1	1	1	True	True	True
10560	40	67	1	G	0	3	8	2	1	True	1.0	-1	7	7	89	7b	132	1/8	False	4	True				False	116	V		F	I		V	V					M	False	False	(1, 5, 2)	()	1	1	major	major	I	I, major	V		I	I	False	V	V, major		V, major		V	-1	-1	-1	2	2	2	True	False	False
10560	20	76	4	E	0	3	8	1	1	True	1.0	-1	7	7	89	7b	132	1/16	False	5	True				False	116	V		F	I		V	V					M	False	False	(1, 5, 2)	()	1	1	major	major	I	I, major	V		I	I	False	V	V, major		V, major		V	-1	-1	-1	5	5	5	True	False	False
10580	20	74	2	D	0	3	8	1	1	True	1.5	-1	7	7	89	7b	529/4	1/16	False	5	False				False	116	V		F	I		V	V					M	False	False	(1, 5, 2)	()	1	1	major	major	I	I, major	V		I	I	False	V	V, major		V, major		V	-1	-1	-1	3	3	3	False	False	False
10600	40	60	0	C	0	3	8	2	1	True	2.0	-1	7	7	89	7b	265/2	1/8	False	4	False				False	116	V		F	I		V	V					M	False	False	(1, 5, 2)	()	1	1	major	major	I	I, major	V		I	I	False	V	V, major		V, major		V	-1	-1	-1	1	1	1	True	True	True
10600	40	67	1	G	0	3	8	2	1	True	2.0	-1	7	7	89	7b	265/2	1/8	False	4	False				False	116	V		F	I		V	V					M	False	False	(1, 5, 2)	()	1	1	major	major	I	I, major	V		I	I	False	V	V, major		V, major		V	-1	-1	-1	2	2	2	True	False	False
10600	20	72	0	C	0	3	8	1	1	True	2.0	-1	7	7	89	7b	265/2	1/16	False	5	False				False	116	V		F	I		V	V					M	False	False	(1, 5, 2)	()	1	1	major	major	I	I, major	V		I	I	False	V	V, major		V, major		V	-1	-1	-1	1	1	1	True	True	True
10620	20	70	-2	B	-1	3	8	1	1	True	2.5	-1	7	7	89	7b	531/4	1/16	False	4	False				False	116	V		F	I		V	V					M	False	False	(1, 5, 2)	()	1	1	major	major	I	I, major	V		I	I	False	V	V, major		V, major		V	-1	-1	-1	-1	-1	-1	False	False	False
10640	40	48	0	C	0	3	8	2	1	True	3.0	-1	7	7	89	7b	133	1/8	False	3	False				False	116	V		F	I		V	V					M	False	False	(1, 5, 2)	()	1	1	major	major	I	I, major	V		I	I	False	V	V, major		V, major		V	-1	-1	-1	1	1	1	True	True	True
10640	20	69	3	A	0	3	8	1	1	True	3.0	-1	7	7	89	7b	133	1/16	False	4	False				False	116	V		F	I		V	V					M	False	False	(1, 5, 2)	()	1	1	major	major	I	I, major	V		I	I	False	V	V, major		V, major		V	-1	-1	-1	4	4	4	False	False	False
10660	20	67	1	G	0	3	8	1	1	True	3.5	-1	7	7	89	7b	533/4	1/16	False	4	False				False	116	V		F	I		V	V					M	False	False	(1, 5, 2)	()	1	1	major	major	I	I, major	V		I	I	False	V	V, major		V, major		V	-1	-1	-1	2	2	2	True	False	False
10680	40	53	-1	F	0	3	8	2	1	True	1.0	-1	8	8	90	8b	267/2	1/8	False	3	True			}	True	117	I}		F	I		I	I					M	False	False	(0, 4, 1)	()	0	0	major	major	I	I, major	I		I	I	False	I	I, major		I, major		I	-1	-1	-1	0	0	0	True	True	True
10680	20	69	3	A	0	3	8	1	1	True	1.0	-1	8	8	90	8b	267/2	1/16	False	4	True			}	True	117	I}		F	I		I	I					M	False	False	(0, 4, 1)	()	0	0	major	major	I	I, major	I		I	I	False	I	I, major		I, major		I	-1	-1	-1	4	4	4	True	False	False
10700	20	67	1	G	0	3	8	1	1	True	1.5	-1	8	8	90	8b	535/4	1/16	False	4	False				False	117	I}		F	I		I	I					M	False	False	(0, 4, 1)	()	0	0	major	major	I	I, major	I		I	I	False	I	I, major		I, major		I	-1	-1	-1	2	2	2	False	False	False
10720	40	48	0	C	0	3	8	2	1	True	2.0	-1	8	8	90	8b	134	1/8	False	3	True				False	118	V		F	I		V	V					M	False	False	(1, 5, 2)	()	1	1	major	major	I	I, major	V		I	I	False	V	V, major		V, major		V	-1	-1	-1	1	1	1	True	True	True
10720	20	65	-1	F	0	3	8	1	1	True	2.0	-1	8	8	90	8b	134	1/16	False	4	True				False	118	V		F	I		V	V					M	False	False	(1, 5, 2)	()	1	1	major	major	I	I, major	V		I	I	False	V	V, major		V, major		V	-1	-1	-1	0	0	0	False	False	False
10740	20	64	4	E	0	3	8	1	1	True	2.5	-1	8	8	90	8b	537/4	1/16	False	4	False				False	118	V		F	I		V	V					M	False	False	(1, 5, 2)	()	1	1	major	major	I	I, major	V		I	I	False	V	V, major		V, major		V	-1	-1	-1	5	5	5	True	False	False
10760	40	41	-1	F	0	3	8	2	1	True	3.0	-1	8	8	90	8b	269/2	1/8	False	2	False	PAC	PAC		False	119	I|PAC		F	I		I	I					M	False	False	(0, 4, 1)	()	0	0	major	major	I	I, major	I		I	I	False	I	I, major		I, major		I	-1	-1	-1	0	0	0	True	True	True
10760	40	65	-1	F	0	3	8	1	1	True	3.0	-1	8	8	90	8b	269/2	1/8	False	4	False	PAC	PAC		False	119	I|PAC		F	I		I	I					M	False	False	(0, 4, 1)	()	0	0	major	major	I	I, major	I		I	I	False	I	I, major		I, major		I	-1	-1	-1	0	0	0	True	True	True
10800	20	72	0	C	0	3	8	1	1	True	1.0	-1	9	9	91	9b	135	1/16	False	5	True			{	False	120	I{		F	I		I	I					M	False	False	(0, 4, 1)	()	0	0	major	major	I	I, major	I		I	I	False	I	I, major		I, major		I	-1	-1	-1	1	1	1	True	False	False
10820	5	74	2	D	0	3	8	1	1	True	1.5	-1	9	9	91	9b	541/4	1/64	False	5	False				False	120	I{		F	I		I	I					M	False	False	(0, 4, 1)	()	0	0	major	major	I	I, major	I		I	I	False	I	I, major		I, major		I	-1	-1	-1	3	3	3	False	False	False
10825	5	76	4	E	0	3	8	1	1	True	1.625	-1	9	9	91	9b	2165/16	1/64	False	5	False				False	120	I{		F	I		I	I					M	False	False	(0, 4, 1)	()	0	0	major	major	I	I, major	I		I	I	False	I	I, major		I, major		I	-1	-1	-1	5	5	5	False	False	False
10830	5	77	-1	F	0	3	8	1	1	True	1.75	-1	9	9	91	9b	1083/8	1/64	False	5	False				False	120	I{		F	I		I	I					M	False	False	(0, 4, 1)	()	0	0	major	major	I	I, major	I		I	I	False	I	I, major		I, major		I	-1	-1	-1	0	0	0	True	True	True
10835	5	79	1	G	0	3	8	1	1	True	1.875	-1	9	9	91	9b	2167/16	1/64	False	5	False				False	120	I{		F	I		I	I					M	False	False	(0, 4, 1)	()	0	0	major	major	I	I, major	I		I	I	False	I	I, major		I, major		I	-1	-1	-1	2	2	2	False	False	False
10840	40	65	-1	F	0	3	8	2	1	True	2.0	-1	9	9	91	9b	271/2	1/8	False	4	False				False	120	I{		F	I		I	I					M	False	False	(0, 4, 1)	()	0	0	major	major	I	I, major	I		I	I	False	I	I, major		I, major		I	-1	-1	-1	0	0	0	True	True	True
10840	40	69	3	A	0	3	8	2	1	True	2.0	-1	9	9	91	9b	271/2	1/8	False	4	False				False	120	I{		F	I		I	I					M	False	False	(0, 4, 1)	()	0	0	major	major	I	I, major	I		I	I	False	I	I, major		I, major		I	-1	-1	-1	4	4	4	True	False	False
10840	80	81	3	A	0	3	8	1	1	True	2.0	-1	9	9	91	9b	271/2	1/4	False	5	False				False	120	I{		F	I		I	I					M	False	False	(0, 4, 1)	()	0	0	major	major	I	I, major	I		I	I	False	I	I, major		I, major		I	-1	-1	-1	4	4	4	True	False	False
10880	40	65	-1	F	0	3	8	2	1	True	3.0	-1	9	9	91	9b	136	1/8	False	4	False				False	120	I{		F	I		I	I					M	False	False	(0, 4, 1)	()	0	0	major	major	I	I, major	I		I	I	False	I	I, major		I, major		I	-1	-1	-1	0	0	0	True	True	True
10880	40	69	3	A	0	3	8	2	1	True	3.0	-1	9	9	91	9b	136	1/8	False	4	False				False	120	I{		F	I		I	I					M	False	False	(0, 4, 1)	()	0	0	major	major	I	I, major	I		I	I	False	I	I, major		I, major		I	-1	-1	-1	4	4	4	True	False	False
10920	40	67	1	G	0	3	8	2	1	True	1.0	-1	10	10	92	10b	273/2	1/8	False	4	True				False	121	ii		F	I		ii	ii					m	False	False	(2, -1, 3)	()	2	2	major	major	I	I, major	ii		I	I	False	ii	ii, major		ii, major		ii	-1	-1	-1	2	2	2	True	True	True
10920	40	70	-2	B	-1	3	8	2	1	True	1.0	-1	10	10	92	10b	273/2	1/8	False	4	True				False	121	ii		F	I		ii	ii					m	False	False	(2, -1, 3)	()	2	2	major	major	I	I, major	ii		I	I	False	ii	ii, major		ii, major		ii	-1	-1	-1	-1	-1	-1	True	False	False
10920	20	81	3	A	0	3	8	1	1	False	1.0	-1	10	10	92	10b	273/2	1/16	False	5	True				False	121	ii		F	I		ii	ii					m	False	False	(2, -1, 3)	()	2	2	major	major	I	I, major	ii		I	I	False	ii	ii, major		ii, major		ii	-1	-1	-1	4	4	4	False	False	False
10940	20	82	-2	B	-1	3	8	1	1	True	1.5	-1	10	10	92	10b	547/4	1/16	False	5	False				False	121	ii		F	I		ii	ii					m	False	False	(2, -1, 3)	()	2	2	major	major	I	I, major	ii		I	I	False	ii	ii, major		ii, major		ii	-1	-1	-1	-1	-1	-1	True	False	False
10960	40	67	1	G	0	3	8	2	1	True	2.0	-1	10	10	92	10b	137	1/8	False	4	False				False	121	ii		F	I		ii	ii					m	False	False	(2, -1, 3)	()	2	2	major	major	I	I, major	ii		I	I	False	ii	ii, major		ii, major		ii	-1	-1	-1	2	2	2	True	True	True
10960	40	70	-2	B	-1	3	8	2	1	True	2.0	-1	10	10	92	10b	137	1/8	False	4	False				False	121	ii		F	I		ii	ii					m	False	False	(2, -1, 3)	()	2	2	major	major	I	I, major	ii		I	I	False	ii	ii, major		ii, major		ii	-1	-1	-1	-1	-1	-1	True	False	False
10960	20	79	1	G	0	3	8	1	1	True	2.0	-1	10	10	92	10b	137	1/16	False	5	False				False	121	ii		F	I		ii	ii					m	False	False	(2, -1, 3)	()	2	2	major	major	I	I, major	ii		I	I	False	ii	ii, major		ii, major		ii	-1	-1	-1	2	2	2	True	True	True
10980	20	77	-1	F	0	3	8	1	1	True	2.5	-1	10	10	92	10b	549/4	1/16	False	5	False				False	121	ii		F	I		ii	ii					m	False	False	(2, -1, 3)	()	2	2	major	major	I	I, major	ii		I	I	False	ii	ii, major		ii, major		ii	-1	-1	-1	0	0	0	False	False	False
11000	20	76	4	E	0	3	8	1	1	True	3.0	-1	10	10	92	10b	275/2	1/16	False	5	False				False	121	ii		F	I		ii	ii					m	False	False	(2, -1, 3)	()	2	2	major	major	I	I, major	ii		I	I	False	ii	ii, major		ii, major		ii	-1	-1	-1	5	5	5	False	False	False
11020	20	74	2	D	0	3	8	1	1	True	3.5	-1	10	10	92	10b	551/4	1/16	False	5	False				False	121	ii		F	I		ii	ii					m	False	False	(2, -1, 3)	()	2	2	major	major	I	I, major	ii		I	I	False	ii	ii, major		ii, major		ii	-1	-1	-1	3	3	3	True	False	False
11040	0	72	0	C	0	3	8	1	1	True	1.0	-1	11	11	93	11b	138	0	False	5	True				False	122	viio		F	I		viio	vii	o				o	False	False	(5, 2, -1)	()	5	5	major	major	I	I, major	vii		I	I	False	viio	viio, major		viio, major		vii	-1	-1	-1	1	1	1	False	False	False
11040	20	70	-2	B	-1	3	8	1	1	True	1.0	-1	11	11	93	11b	138	1/16	False	4	True				False	122	viio		F	I		viio	vii	o				o	False	False	(5, 2, -1)	()	5	5	major	major	I	I, major	vii		I	I	False	viio	viio, major		viio, major		vii	-1	-1	-1	-1	-1	-1	True	False	False
11060	5	72	0	C	0	3	8	1	1	True	1.5	-1	11	11	93	11b	553/4	1/64	False	5	False				False	122	viio		F	I		viio	vii	o				o	False	False	(5, 2, -1)	()	5	5	major	major	I	I, major	vii		I	I	False	viio	viio, major		viio, major		vii	-1	-1	-1	1	1	1	False	False	False
11065	5	74	2	D	0	3	8	1	1	True	1.625	-1	11	11	93	11b	2213/16	1/64	False	5	False				False	122	viio		F	I		viio	vii	o				o	False	False	(5, 2, -1)	()	5	5	major	major	I	I, major	vii		I	I	False	viio	viio, major		viio, major		vii	-1	-1	-1	3	3	3	False	False	False
11070	5	76	4	E	0	3	8	1	1	True	1.75	-1	11	11	93	11b	1107/8	1/64	False	5	False				False	122	viio		F	I		viio	vii	o				o	False	False	(5, 2, -1)	()	5	5	major	major	I	I, major	vii		I	I	False	viio	viio, major		viio, major		vii	-1	-1	-1	5	5	5	True	True	True
11075	5	77	-1	F	0	3	8	1	1	True	1.875	-1	11	11	93	11b	2215/16	1/64	False	5	False				False	122	viio		F	I		viio	vii	o				o	False	False	(5, 2, -1)	()	5	5	major	major	I	I, major	vii		I	I	False	viio	viio, major		viio, major		vii	-1	-1	-1	0	0	0	False	False	False
11080	40	64	4	E	0	3	8	2	1	True	2.0	-1	11	11	93	11b	277/2	1/8	False	4	False				False	122	viio		F	I		viio	vii	o				o	False	False	(5, 2, -1)	()	5	5	major	major	I	I, major	vii		I	I	False	viio	viio, major		viio, major		vii	-1	-1	-1	5	5	5	True	True	True
11080	40	67	1	G	0	3	8	2	1	True	2.0	-1	11	11	93	11b	277/2	1/8	False	4	False				False	122	viio		F	I		viio	vii	o				o	False	False	(5, 2, -1)	()	5	5	major	major	I	I, major	vii		I	I	False	viio	viio, major		viio, major		vii	-1	-1	-1	2	2	2	True	False	False
11080	80	79	1	G	0	3	8	1	1	True	2.0	-1	11	11	93	11b	277/2	1/4	False	5	False				False	122	viio		F	I		viio	vii	o				o	False	False	(5, 2, -1)	()	5	5	major	major	I	I, major	vii		I	I	False	viio	viio, major		viio, major		vii	-1	-1	-1	2	2	2	True	False	False
11120	40	64	4	E	0	3	8	2	1	True	3.0	-1	11	11	93	11b	139	1/8	False	4	False				False	122	viio		F	I		viio	vii	o				o	False	False	(5, 2, -1)	()	5	5	major	major	I	I, major	vii		I	I	False	viio	viio, major		viio, major		vii	-1	-1	-1	5	5	5	True	True	True
11120	40	67	1	G	0	3	8	2	1	True	3.0	-1	11	11	93	11b	139	1/8	False	4	False				False	122	viio		F	I		viio	vii	o				o	False	False	(5, 2, -1)	()	5	5	major	major	I	I, major	vii		I	I	False	viio	viio, major		viio, major		vii	-1	-1	-1	2	2	2	True	False	False
11160	40	65	-1	F	0	3	8	2	1	True	1.0	-1	12	12	94	12b	279/2	1/8	False	4	True				False	123	I		F	I		I	I					M	False	False	(0, 4, 1)	()	0	0	major	major	I	I, major	I		I	I	False	I	I, major		I, major		I	-1	-1	-1	0	0	0	True	True	True
11160	40	69	3	A	0	3	8	2	1	True	1.0	-1	12	12	94	12b	279/2	1/8	False	4	True				False	123	I		F	I		I	I					M	False	False	(0, 4, 1)	()	0	0	major	major	I	I, major	I		I	I	False	I	I, major		I, major		I	-1	-1	-1	4	4	4	True	False	False
11160	20	79	1	G	0	3	8	1	1	False	1.0	-1	12	12	94	12b	279/2	1/16	False	5	True				False	123	I		F	I		I	I					M	False	False	(0, 4, 1)	()	0	0	major	major	I	I, major	I		I	I	False	I	I, major		I, major		I	-1	-1	-1	2	2	2	False	False	False
11180	20	81	3	A	0	3	8	1	1	True	1.5	-1	12	12	94	12b	559/4	1/16	False	5	False				False	123	I		F	I		I	I					M	False	False	(0, 4, 1)	()	0	0	major	major	I	I, major	I		I	I	False	I	I, major		I, major		I	-1	-1	-1	4	4	4	True	False	False
11200	40	65	-1	F	0	3	8	2	1	True	2.0	-1	12	12	94	12b	140	1/8	False	4	False				False	123	I		F	I		I	I					M	False	False	(0, 4, 1)	()	0	0	major	major	I	I, major	I		I	I	False	I	I, major		I, major		I	-1	-1	-1	0	0	0	True	True	True
11200	40	69	3	A	0	3	8	2	1	True	2.0	-1	12	12	94	12b	140	1/8	False	4	False				False	123	I		F	I		I	I					M	False	False	(0, 4, 1)	()	0	0	major	major	I	I, major	I		I	I	False	I	I, major		I, major		I	-1	-1	-1	4	4	4	True	False	False
11200	20	77	-1	F	0	3	8	1	1	True	2.0	-1	12	12	94	12b	140	1/16	False	5	False				False	123	I		F	I		I	I					M	False	False	(0, 4, 1)	()	0	0	major	major	I	I, major	I		I	I	False	I	I, major		I, major		I	-1	-1	-1	0	0	0	True	True	True
11220	20	76	4	E	0	3	8	1	1	True	2.5	-1	12	12	94	12b	561/4	1/16	False	5	False				False	123	I		F	I		I	I					M	False	False	(0, 4, 1)	()	0	0	major	major	I	I, major	I		I	I	False	I	I, major		I, major		I	-1	-1	-1	5	5	5	False	False	False
11240	20	74	2	D	0	3	8	1	1	True	3.0	-1	12	12	94	12b	281/2	1/16	False	5	False				False	123	I		F	I		I	I					M	False	False	(0, 4, 1)	()	0	0	major	major	I	I, major	I		I	I	False	I	I, major		I, major		I	-1	-1	-1	3	3	3	False	False	False
11260	20	72	0	C	0	3	8	1	1	True	3.5	-1	12	12	94	12b	563/4	1/16	False	5	False				False	123	I		F	I		I	I					M	False	False	(0, 4, 1)	()	0	0	major	major	I	I, major	I		I	I	False	I	I, major		I, major		I	-1	-1	-1	1	1	1	True	False	False
11280	0	70	-2	B	-1	3	8	1	1	True	1.0	-1	13	13	95	13b	141	0	False	4	True				False	124	I6		F	I		I6	I		6			M	False	False	(4, 1, 0)	()	0	4	major	major	I	I, major	I		I	I	False	I6	I6, major		I6, major		I	-1	-1	-1	-1	-1	-1	False	False	False
11280	20	69	3	A	0	3	8	1	1	True	1.0	-1	13	13	95	13b	141	1/16	False	4	True				False	124	I6		F	I		I6	I		6			M	False	False	(4, 1, 0)	()	0	4	major	major	I	I, major	I		I	I	False	I6	I6, major		I6, major		I	-1	-1	-1	4	4	4	True	False	True
11300	5	70	-2	B	-1	3	8	1	1	True	1.5	-1	13	13	95	13b	565/4	1/64	False	4	False				False	124	I6		F	I		I6	I		6			M	False	False	(4, 1, 0)	()	0	4	major	major	I	I, major	I		I	I	False	I6	I6, major		I6, major		I	-1	-1	-1	-1	-1	-1	False	False	False
11305	5	72	0	C	0	3	8	1	1	True	1.625	-1	13	13	95	13b	2261/16	1/64	False	5	False				False	124	I6		F	I		I6	I		6			M	False	False	(4, 1, 0)	()	0	4	major	major	I	I, major	I		I	I	False	I6	I6, major		I6, major		I	-1	-1	-1	1	1	1	True	False	False
11310	5	74	2	D	0	3	8	1	1	True	1.75	-1	13	13	95	13b	1131/8	1/64	False	5	False				False	124	I6		F	I		I6	I		6			M	False	False	(4, 1, 0)	()	0	4	major	major	I	I, major	I		I	I	False	I6	I6, major		I6, major		I	-1	-1	-1	3	3	3	False	False	False
11315	5	76	4	E	0	3	8	1	1	True	1.875	-1	13	13	95	13b	2263/16	1/64	False	5	False				False	124	I6		F	I		I6	I		6			M	False	False	(4, 1, 0)	()	0	4	major	major	I	I, major	I		I	I	False	I6	I6, major		I6, major		I	-1	-1	-1	5	5	5	False	False	False
11320	40	57	3	A	0	3	8	2	1	True	2.0	-1	13	13	95	13b	283/2	1/8	False	3	False				False	124	I6		F	I		I6	I		6			M	False	False	(4, 1, 0)	()	0	4	major	major	I	I, major	I		I	I	False	I6	I6, major		I6, major		I	-1	-1	-1	4	4	4	True	False	True
11320	40	65	-1	F	0	3	8	2	1	True	2.0	-1	13	13	95	13b	283/2	1/8	False	4	False				False	124	I6		F	I		I6	I		6			M	False	False	(4, 1, 0)	()	0	4	major	major	I	I, major	I		I	I	False	I6	I6, major		I6, major		I	-1	-1	-1	0	0	0	True	True	False
11320	80	77	-1	F	0	3	8	1	1	True	2.0	-1	13	13	95	13b	283/2	1/4	False	5	False				False	124	I6		F	I		I6	I		6			M	False	False	(4, 1, 0)	()	0	4	major	major	I	I, major	I		I	I	False	I6	I6, major		I6, major		I	-1	-1	-1	0	0	0	True	True	False
11360	40	57	3	A	0	3	8	2	1	True	3.0	-1	13	13	95	13b	142	1/8	False	3	False				False	124	I6		F	I		I6	I		6			M	False	False	(4, 1, 0)	()	0	4	major	major	I	I, major	I		I	I	False	I6	I6, major		I6, major		I	-1	-1	-1	4	4	4	True	False	True
11360	40	65	-1	F	0	3	8	2	1	True	3.0	-1	13	13	95	13b	142	1/8	False	4	False				False	124	I6		F	I		I6	I		6			M	False	False	(4, 1, 0)	()	0	4	major	major	I	I, major	I		I	I	False	I6	I6, major		I6, major		I	-1	-1	-1	0	0	0	True	True	False
11400	40	58	-2	B	-1	3	8	2	1	True	1.0	-1	14	14	96	14b	285/2	1/8	False	3	True				False	125	ii65		F	I		ii65	ii		65			mm7	False	False	(-1, 3, 0, 2)	()	2	-1	major	major	I	I, major	ii		I	I	False	ii65	ii65, major		ii65, major		ii	-1	-1	-1	-1	-1	-1	True	False	True
11400	40	65	-1	F	0	3	8	2	1	True	1.0	-1	14	14	96	14b	285/2	1/8	False	4	True				False	125	ii65		F	I		ii65	ii		65			mm7	False	False	(-1, 3, 0, 2)	()	2	-1	major	major	I	I, major	ii		I	I	False	ii65	ii65, major		ii65, major		ii	-1	-1	-1	0	0	0	True	False	False
11400	40	67	1	G	0	3	8	2	1	True	1.0	-1	14	14	96	14b	285/2	1/8	False	4	True				False	125	ii65		F	I		ii65	ii		65			mm7	False	False	(-1, 3, 0, 2)	()	2	-1	major	major	I	I, major	ii		I	I	False	ii65	ii65, major		ii65, major		ii	-1	-1	-1	2	2	2	True	True	False
11400	20	77	-1	F	0	3	8	1	1	False	1.0	-1	14	14	96	14b	285/2	1/16	False	5	True				False	125	ii65		F	I		ii65	ii		65			mm7	False	False	(-1, 3, 0, 2)	()	2	-1	major	major	I	I, major	ii		I	I	False	ii65	ii65, major		ii65, major		ii	-1	-1	-1	0	0	0	True	False	False
11420	20	84	0	C	0	3	8	1	1	True	1.5	-1	14	14	96	14b	571/4	1/16	False	6	False				False	125	ii65		F	I		ii65	ii		65			mm7	False	False	(-1, 3, 0, 2)	()	2	-1	major	major	I	I, major	ii		I	I	False	ii65	ii65, major		ii65, major		ii	-1	-1	-1	1	1	1	False	False	False
11440	40	58	-2	B	-1	3	8	2	1	True	2.0	-1	14	14	96	14b	143	1/8	False	3	False				False	125	ii65		F	I		ii65	ii		65			mm7	False	False	(-1, 3, 0, 2)	()	2	-1	major	major	I	I, major	ii		I	I	False	ii65	ii65, major		ii65, major		ii	-1	-1	-1	-1	-1	-1	True	False	True
11440	40	65	-1	F	0	3	8	2	1	True	2.0	-1	14	14	96	14b	143	1/8	False	4	False				False	125	ii65		F	I		ii65	ii		65			mm7	False	False	(-1, 3, 0, 2)	()	2	-1	major	major	I	I, major	ii		I	I	False	ii65	ii65, major		ii65, major		ii	-1	-1	-1	0	0	0	True	False	False
11440	40	67	1	G	0	3	8	2	1	True	2.0	-1	14	14	96	14b	143	1/8	False	4	False				False	125	ii65		F	I		ii65	ii		65			mm7	False	False	(-1, 3, 0, 2)	()	2	-1	major	major	I	I, major	ii		I	I	False	ii65	ii65, major		ii65, major		ii	-1	-1	-1	2	2	2	True	True	False
11440	20	82	-2	B	-1	3	8	1	1	True	2.0	-1	14	14	96	14b	143	1/16	False	5	False				False	125	ii65		F	I		ii65	ii		65			mm7	False	False	(-1, 3, 0, 2)	()	2	-1	major	major	I	I, major	ii		I	I	False	ii65	ii65, major		ii65, major		ii	-1	-1	-1	-1	-1	-1	True	False	True
11460	20	81	3	A	0	3	8	1	1	True	2.5	-1	14	14	96	14b	573/4	1/16	False	5	False				False	125	ii65		F	I		ii65	ii		65			mm7	False	False	(-1, 3, 0, 2)	()	2	-1	major	major	I	I, major	ii		I	I	False	ii65	ii65, major		ii65, major		ii	-1	-1	-1	4	4	4	False	False	False
11480	40	58	-2	B	-1	3	8	2	1	True	3.0	-1	14	14	96	14b	287/2	1/8	False	3	False				False	125	ii65		F	I		ii65	ii		65			mm7	False	False	(-1, 3, 0, 2)	()	2	-1	major	major	I	I, major	ii		I	I	False	ii65	ii65, major		ii65, major		ii	-1	-1	-1	-1	-1	-1	True	False	True
11480	40	65	-1	F	0	3	8	2	1	True	3.0	-1	14	14	96	14b	287/2	1/8	False	4	False				False	125	ii65		F	I		ii65	ii		65			mm7	False	False	(-1, 3, 0, 2)	()	2	-1	major	major	I	I, major	ii		I	I	False	ii65	ii65, major		ii65, major		ii	-1	-1	-1	0	0	0	True	False	False
11480	40	67	1	G	0	3	8	2	1	True	3.0	-1	14	14	96	14b	287/2	1/8	False	4	False				False	125	ii65		F	I		ii65	ii		65			mm7	False	False	(-1, 3, 0, 2)	()	2	-1	major	major	I	I, major	ii		I	I	False	ii65	ii65, major		ii65, major		ii	-1	-1	-1	2	2	2	True	True	False
11480	20	79	1	G	0	3	8	1	1	True	3.0	-1	14	14	96	14b	287/2	1/16	False	5	False				False	125	ii65		F	I		ii65	ii		65			mm7	False	False	(-1, 3, 0, 2)	()	2	-1	major	major	I	I, major	ii		I	I	False	ii65	ii65, major		ii65, major		ii	-1	-1	-1	2	2	2	True	True	False
11500	20	77	-1	F	0	3	8	1	1	True	3.5	-1	14	14	96	14b	575/4	1/16	False	5	False				False	125	ii65		F	I		ii65	ii		65			mm7	False	False	(-1, 3, 0, 2)	()	2	-1	major	major	I	I, major	ii		I	I	False	ii65	ii65, major		ii65, major		ii	-1	-1	-1	0	0	0	True	False	False
11520	40	60	0	C	0	3	8	2	1	True	1.0	-1	15	15	97	15b	144	1/8	False	4	True				False	126	V		F	I		V	V					M	False	False	(1, 5, 2)	()	1	1	major	major	I	I, major	V		I	I	False	V	V, major		V, major		V	-1	-1	-1	1	1	1	True	True	True
11520	40	67	1	G	0	3	8	2	1	True	1.0	-1	15	15	97	15b	144	1/8	False	4	True				False	126	V		F	I		V	V					M	False	False	(1, 5, 2)	()	1	1	major	major	I	I, major	V		I	I	False	V	V, major		V, major		V	-1	-1	-1	2	2	2	True	False	False
11520	20	76	4	E	0	3	8	1	1	True	1.0	-1	15	15	97	15b	144	1/16	False	5	True				False	126	V		F	I		V	V					M	False	False	(1, 5, 2)	()	1	1	major	major	I	I, major	V		I	I	False	V	V, major		V, major		V	-1	-1	-1	5	5	5	True	False	False
11540	20	74	2	D	0	3	8	1	1	True	1.5	-1	15	15	97	15b	577/4	1/16	False	5	False				False	126	V		F	I		V	V					M	False	False	(1, 5, 2)	()	1	1	major	major	I	I, major	V		I	I	False	V	V, major		V, major		V	-1	-1	-1	3	3	3	False	False	False
11560	40	60	0	C	0	3	8	2	1	True	2.0	-1	15	15	97	15b	289/2	1/8	False	4	False				False	126	V		F	I		V	V					M	False	False	(1, 5, 2)	()	1	1	major	major	I	I, major	V		I	I	False	V	V, major		V, major		V	-1	-1	-1	1	1	1	True	True	True
11560	40	67	1	G	0	3	8	2	1	True	2.0	-1	15	15	97	15b	289/2	1/8	False	4	False				False	126	V		F	I		V	V					M	False	False	(1, 5, 2)	()	1	1	major	major	I	I, major	V		I	I	False	V	V, major		V, major		V	-1	-1	-1	2	2	2	True	False	False
11560	20	72	0	C	0	3	8	1	1	True	2.0	-1	15	15	97	15b	289/2	1/16	False	5	False				False	126	V		F	I		V	V					M	False	False	(1, 5, 2)	()	1	1	major	major	I	I, major	V		I	I	False	V	V, major		V, major		V	-1	-1	-1	1	1	1	True	True	True
11580	20	70	-2	B	-1	3	8	1	1	True	2.5	-1	15	15	97	15b	579/4	1/16	False	4	False				False	126	V		F	I		V	V					M	False	False	(1, 5, 2)	()	1	1	major	major	I	I, major	V		I	I	False	V	V, major		V, major		V	-1	-1	-1	-1	-1	-1	False	False	False
11600	40	48	0	C	0	3	8	2	1	True	3.0	-1	15	15	97	15b	145	1/8	False	3	False				False	126	V		F	I		V	V					M	False	False	(1, 5, 2)	()	1	1	major	major	I	I, major	V		I	I	False	V	V, major		V, major		V	-1	-1	-1	1	1	1	True	True	True
11600	20	69	3	A	0	3	8	1	1	True	3.0	-1	15	15	97	15b	145	1/16	False	4	False				False	126	V		F	I		V	V					M	False	False	(1, 5, 2)	()	1	1	major	major	I	I, major	V		I	I	False	V	V, major		V, major		V	-1	-1	-1	4	4	4	False	False	False
11620	20	67	1	G	0	3	8	1	1	True	3.5	-1	15	15	97	15b	581/4	1/16	False	4	False				False	126	V		F	I		V	V					M	False	False	(1, 5, 2)	()	1	1	major	major	I	I, major	V		I	I	False	V	V, major		V, major		V	-1	-1	-1	2	2	2	True	False	False
11640	40	53	-1	F	0	3	8	2	1	True	1.0	-1	16	16	98	16b	291/2	1/8	False	3	True			}	True	127	I}		F	I		I	I					M	False	False	(0, 4, 1)	()	0	0	major	major	I	I, major	I		I	I	False	I	I, major		I, major		I	-1	-1	-1	0	0	0	True	True	True
11640	20	69	3	A	0	3	8	1	1	True	1.0	-1	16	16	98	16b	291/2	1/16	False	4	True			}	True	127	I}		F	I		I	I					M	False	False	(0, 4, 1)	()	0	0	major	major	I	I, major	I		I	I	False	I	I, major		I, major		I	-1	-1	-1	4	4	4	True	False	False
11660	20	67	1	G	0	3	8	1	1	True	1.5	-1	16	16	98	16b	583/4	1/16	False	4	False				False	127	I}		F	I		I	I					M	False	False	(0, 4, 1)	()	0	0	major	major	I	I, major	I		I	I	False	I	I, major		I, major		I	-1	-1	-1	2	2	2	False	False	False
11680	40	48	0	C	0	3	8	2	1	True	2.0	-1	16	16	98	16b	146	1/8	False	3	True				False	128	V		F	I		V	V					M	False	False	(1, 5, 2)	()	1	1	major	major	I	I, major	V		I	I	False	V	V, major		V, major		V	-1	-1	-1	1	1	1	True	True	True
11680	20	65	-1	F	0	3	8	1	1	True	2.0	-1	16	16	98	16b	146	1/16	False	4	True				False	128	V		F	I		V	V					M	False	False	(1, 5, 2)	()	1	1	major	major	I	I, major	V		I	I	False	V	V, major		V, major		V	-1	-1	-1	0	0	0	False	False	False
11700	20	64	4	E	0	3	8	1	1	True	2.5	-1	16	16	98	16b	585/4	1/16	False	4	False				False	128	V		F	I		V	V					M	False	False	(1, 5, 2)	()	1	1	major	major	I	I, major	V		I	I	False	V	V, major		V, major		V	-1	-1	-1	5	5	5	True	False	False
11720	40	41	-1	F	0	3	8	2	1	True	3.0	-1	16	16	98	16b	293/2	1/8	False	2	False	PAC	PAC		False	129	I|PAC		F	I		I	I					M	False	False	(0, 4, 1)	()	0	0	major	major	I	I, major	I		I	I	False	I	I, major		I, major		I	-1	-1	-1	0	0	0	True	True	True
11720	40	65	-1	F	0	3	8	1	1	True	3.0	-1	16	16	98	16b	293/2	1/8	False	4	False	PAC	PAC		False	129	I|PAC		F	I		I	I					M	False	False	(0, 4, 1)	()	0	0	major	major	I	I, major	I		I	I	False	I	I, major		I, major		I	-1	-1	-1	0	0	0	True	True	True
11760	20	65	-1	F	0	3	8	2	1	True	1.0	-1	17	17	99	17b	147	1/16	False	4	True			{	False	130	I{		F	I		I	I					M	False	False	(0, 4, 1)	()	0	0	major	major	I	I, major	I		I	I	False	I	I, major		I, major		I	-1	-1	-1	0	0	0	True	True	True
11760	40	84	0	C	0	3	8	1	1	True	1.0	-1	17	17	99	17b	147	1/8	False	6	True			{	False	130	I{		F	I		I	I					M	False	False	(0, 4, 1)	()	0	0	major	major	I	I, major	I		I	I	False	I	I, major		I, major		I	-1	-1	-1	1	1	1	True	False	False
11780	20	69	3	A	0	3	8	2	1	True	1.5	-1	17	17	99	17b	589/4	1/16	False	4	False				False	130	I{		F	I		I	I					M	False	False	(0, 4, 1)	()	0	0	major	major	I	I, major	I		I	I	False	I	I, major		I, major		I	-1	-1	-1	4	4	4	True	False	False
11800	20	67	1	G	0	3	8	2	1	True	2.0	-1	17	17	99	17b	295/2	1/16	False	4	False				False	130	I{		F	I		I	I					M	False	False	(0, 4, 1)	()	0	0	major	major	I	I, major	I		I	I	False	I	I, major		I, major		I	-1	-1	-1	2	2	2	False	False	False
11800	40	76	4	E	0	3	8	1	1	True	2.0	-1	17	17	99	17b	295/2	1/8	False	5	False				False	130	I{		F	I		I	I					M	False	False	(0, 4, 1)	()	0	0	major	major	I	I, major	I		I	I	False	I	I, major		I, major		I	-1	-1	-1	5	5	5	False	False	False
11820	20	70	-2	B	-1	3	8	2	1	True	2.5	-1	17	17	99	17b	591/4	1/16	False	4	False				False	130	I{		F	I		I	I					M	False	False	(0, 4, 1)	()	0	0	major	major	I	I, major	I		I	I	False	I	I, major		I, major		I	-1	-1	-1	-1	-1	-1	False	False	False
11840	40	69	3	A	0	3	8	2	1	True	3.0	-1	17	17	99	17b	148	1/8	False	4	False				False	130	I{		F	I		I	I					M	False	False	(0, 4, 1)	()	0	0	major	major	I	I, major	I		I	I	False	I	I, major		I, major		I	-1	-1	-1	4	4	4	True	False	False
11840	40	77	-1	F	0	3	8	1	1	True	3.0	-1	17	17	99	17b	148	1/8	False	5	False				False	130	I{		F	I		I	I					M	False	False	(0, 4, 1)	()	0	0	major	major	I	I, major	I		I	I	False	I	I, major		I, major		I	-1	-1	-1	0	0	0	True	True	True
11880	40	36	0	C	0	3	8	2	1	True	1.0	-1	18	18	100	18b	297/2	1/8	False	2	True				False	131	V		F	I		V	V					M	False	False	(1, 5, 2)	()	1	1	major	major	I	I, major	V		I	I	False	V	V, major		V, major		V	-1	-1	-1	1	1	1	True	True	True
11880	60	79	1	G	0	3	8	1	1	True	1.0	-1	18	18	100	18b	297/2	3/16	False	5	True				False	131	V		F	I		V	V					M	False	False	(1, 5, 2)	()	1	1	major	major	I	I, major	V		I	I	False	V	V, major		V, major		V	-1	-1	-1	2	2	2	True	False	False
11920	40	36	0	C	0	3	8	2	1	True	2.0	-1	18	18	100	18b	149	1/8	False	2	False				False	131	V		F	I		V	V					M	False	False	(1, 5, 2)	()	1	1	major	major	I	I, major	V		I	I	False	V	V, major		V, major		V	-1	-1	-1	1	1	1	True	True	True
11940	10	81	3	A	0	3	8	1	1	True	2.5	-1	18	18	100	18b	597/4	1/32	False	5	False				False	131	V		F	I		V	V					M	False	False	(1, 5, 2)	()	1	1	major	major	I	I, major	V		I	I	False	V	V, major		V, major		V	-1	-1	-1	4	4	4	False	False	False
11950	10	82	-2	B	-1	3	8	1	1	True	2.75	-1	18	18	100	18b	1195/8	1/32	False	5	False				False	131	V		F	I		V	V					M	False	False	(1, 5, 2)	()	1	1	major	major	I	I, major	V		I	I	False	V	V, major		V, major		V	-1	-1	-1	-1	-1	-1	False	False	False
11960	40	41	-1	F	0	3	8	2	1	True	3.0	-1	18	18	100	18b	299/2	1/8	False	2	False				False	132	I		F	I		I	I					M	False	False	(0, 4, 1)	()	0	0	major	major	I	I, major	I		I	I	False	I	I, major		I, major		I	-1	-1	-1	0	0	0	True	True	True
11960	40	81	3	A	0	3	8	1	1	True	3.0	-1	18	18	100	18b	299/2	1/8	False	5	False				False	132	I		F	I		I	I					M	False	False	(0, 4, 1)	()	0	0	major	major	I	I, major	I		I	I	False	I	I, major		I, major		I	-1	-1	-1	4	4	4	True	False	False
12000	20	65	-1	F	0	3	8	2	1	True	1.0	-1	19	19	101	19b	150	1/16	False	4	True				False	133	I		F	I		I	I					M	False	False	(0, 4, 1)	()	0	0	major	major	I	I, major	I		I	I	False	I	I, major		I, major		I	-1	-1	-1	0	0	0	True	True	True
12000	40	84	0	C	0	3	8	1	1	True	1.0	-1	19	19	101	19b	150	1/8	False	6	True				False	133	I		F	I		I	I					M	False	False	(0, 4, 1)	()	0	0	major	major	I	I, major	I		I	I	False	I	I, major		I, major		I	-1	-1	-1	1	1	1	True	False	False
12020	20	69	3	A	0	3	8	2	1	True	1.5	-1	19	19	101	19b	601/4	1/16	False	4	False				False	133	I		F	I		I	I					M	False	False	(0, 4, 1)	()	0	0	major	major	I	I, major	I		I	I	False	I	I, major		I, major		I	-1	-1	-1	4	4	4	True	False	False
12040	20	67	1	G	0	3	8	2	1	True	2.0	-1	19	19	101	19b	301/2	1/16	False	4	False				False	133	I		F	I		I	I					M	False	False	(0, 4, 1)	()	0	0	major	major	I	I, major	I		I	I	False	I	I, major		I, major		I	-1	-1	-1	2	2	2	False	False	False
12040	40	76	4	E	0	3	8	1	1	True	2.0	-1	19	19	101	19b	301/2	1/8	False	5	False				False	133	I		F	I		I	I					M	False	False	(0, 4, 1)	()	0	0	major	major	I	I, major	I		I	I	False	I	I, major		I, major		I	-1	-1	-1	5	5	5	False	False	False
12060	20	70	-2	B	-1	3	8	2	1	True	2.5	-1	19	19	101	19b	603/4	1/16	False	4	False				False	133	I		F	I		I	I					M	False	False	(0, 4, 1)	()	0	0	major	major	I	I, major	I		I	I	False	I	I, major		I, major		I	-1	-1	-1	-1	-1	-1	False	False	False
12080	40	69	3	A	0	3	8	2	1	True	3.0	-1	19	19	101	19b	151	1/8	False	4	False				False	133	I		F	I		I	I					M	False	False	(0, 4, 1)	()	0	0	major	major	I	I, major	I		I	I	False	I	I, major		I, major		I	-1	-1	-1	4	4	4	True	False	False
12080	40	77	-1	F	0	3	8	1	1	True	3.0	-1	19	19	101	19b	151	1/8	False	5	False				False	133	I		F	I		I	I					M	False	False	(0, 4, 1)	()	0	0	major	major	I	I, major	I		I	I	False	I	I, major		I, major		I	-1	-1	-1	0	0	0	True	True	True
12120	40	36	0	C	0	3	8	2	1	True	1.0	-1	20	20	102	20b	303/2	1/8	False	2	True			}	True	134	V}		F	I		V	V					M	False	False	(1, 5, 2)	()	1	1	major	major	I	I, major	V		I	I	False	V	V, major		V, major		V	-1	-1	-1	1	1	1	True	True	True
12120	60	79	1	G	0	3	8	1	1	True	1.0	-1	20	20	102	20b	303/2	3/16	False	5	True			}	True	134	V}		F	I		V	V					M	False	False	(1, 5, 2)	()	1	1	major	major	I	I, major	V		I	I	False	V	V, major		V, major		V	-1	-1	-1	2	2	2	True	False	False
12160	40	36	0	C	0	3	8	2	1	True	2.0	-1	20	20	102	20b	152	1/8	False	2	False				False	134	V}		F	I		V	V					M	False	False	(1, 5, 2)	()	1	1	major	major	I	I, major	V		I	I	False	V	V, major		V, major		V	-1	-1	-1	1	1	1	True	True	True
12180	10	81	3	A	0	3	8	1	1	True	2.5	-1	20	20	102	20b	609/4	1/32	False	5	False				False	134	V}		F	I		V	V					M	False	False	(1, 5, 2)	()	1	1	major	major	I	I, major	V		I	I	False	V	V, major		V, major		V	-1	-1	-1	4	4	4	False	False	False
12190	10	82	-2	B	-1	3	8	1	1	True	2.75	-1	20	20	102	20b	1219/8	1/32	False	5	False				False	134	V}		F	I		V	V					M	False	False	(1, 5, 2)	()	1	1	major	major	I	I, major	V		I	I	False	V	V, major		V, major		V	-1	-1	-1	-1	-1	-1	False	False	False
12200	40	41	-1	F	0	3	8	2	1	True	3.0	-1	20	20	102	20b	305/2	1/8	False	2	True				False	135	I		F	I		I	I					M	False	False	(0, 4, 1)	()	0	0	major	major	I	I, major	I		I	I	False	I	I, major		I, major		I	-1	-1	-1	0	0	0	True	True	True
12200	40	81	3	A	0	3	8	1	1	True	3.0	-1	20	20	102	20b	305/2	1/8	False	5	True				False	135	I		F	I		I	I					M	False	False	(0, 4, 1)	()	0	0	major	major	I	I, major	I		I	I	False	I	I, major		I, major		I	-1	-1	-1	4	4	4	True	False	False
12240	40	65	-1	F	0	3	8	2	1	True	1.0	-1	21	21	103	21b	153	1/8	False	4	True			{	False	136	V.IV{		F	V		IV	IV					M	False	False	(-1, 3, 0)	()	-1	-1	major	major	V	V, major	IV		V	V	False	IV	IV, major		IV, major		IV	-1	0	0	0	-1	-1	True	True	True
12240	40	72	0	C	0	3	8	2	1	True	1.0	-1	21	21	103	21b	153	1/8	False	5	True			{	False	136	V.IV{		F	V		IV	IV					M	False	False	(-1, 3, 0)	()	-1	-1	major	major	V	V, major	IV		V	V	False	IV	IV, major		IV, major		IV	-1	0	0	1	0	0	True	False	False
12260	20	81	3	A	0	3	8	1	1	True	1.5	-1	21	21	103	21b	613/4	1/16	False	5	False				False	136	V.IV{		F	V		IV	IV					M	False	False	(-1, 3, 0)	()	-1	-1	major	major	V	V, major	IV		V	V	False	IV	IV, major		IV, major		IV	-1	0	0	4	3	3	True	False	False
12280	40	65	-1	F	0	3	8	2	1	True	2.0	-1	21	21	103	21b	307/2	1/8	False	4	False				False	136	V.IV{		F	V		IV	IV					M	False	False	(-1, 3, 0)	()	-1	-1	major	major	V	V, major	IV		V	V	False	IV	IV, major		IV, major		IV	-1	0	0	0	-1	-1	True	True	True
12280	40	72	0	C	0	3	8	2	1	True	2.0	-1	21	21	103	21b	307/2	1/8	False	5	False				False	136	V.IV{		F	V		IV	IV					M	False	False	(-1, 3, 0)	()	-1	-1	major	major	V	V, major	IV		V	V	False	IV	IV, major		IV, major		IV	-1	0	0	1	0	0	True	False	False
12280	20	82	-2	B	-1	3	8	1	1	True	2.0	-1	21	21	103	21b	307/2	1/16	False	5	False				False	136	V.IV{		F	V		IV	IV					M	False	False	(-1, 3, 0)	()	-1	-1	major	major	V	V, major	IV		V	V	False	IV	IV, major		IV, major		IV	-1	0	0	-1	-2	-2	False	False	False
12300	20	83	5	B	0	3	8	1	1	True	2.5	-1	21	21	103	21b	615/4	1/16	False	5	False				False	136	V.IV{		F	V		IV	IV					M	False	False	(-1, 3, 0)	()	-1	-1	major	major	V	V, major	IV		V	V	False	IV	IV, major		IV, major		IV	-1	0	0	6	5	5	False	False	False
12320	40	65	-1	F	0	3	8	2	1	True	3.0	-1	21	21	103	21b	154	1/8	False	4	False				False	136	V.IV{		F	V		IV	IV					M	False	False	(-1, 3, 0)	()	-1	-1	major	major	V	V, major	IV		V	V	False	IV	IV, major		IV, major		IV	-1	0	0	0	-1	-1	True	True	True
12320	40	72	0	C	0	3	8	2	1	True	3.0	-1	21	21	103	21b	154	1/8	False	5	False				False	136	V.IV{		F	V		IV	IV					M	False	False	(-1, 3, 0)	()	-1	-1	major	major	V	V, major	IV		V	V	False	IV	IV, major		IV, major		IV	-1	0	0	1	0	0	True	False	False
12320	20	84	0	C	0	3	8	1	1	True	3.0	-1	21	21	103	21b	154	1/16	False	6	False				False	136	V.IV{		F	V		IV	IV					M	False	False	(-1, 3, 0)	()	-1	-1	major	major	V	V, major	IV		V	V	False	IV	IV, major		IV, major		IV	-1	0	0	1	0	0	True	False	False
12340	20	81	3	A	0	3	8	1	1	True	3.5	-1	21	21	103	21b	617/4	1/16	False	5	False				False	136	V.IV{		F	V		IV	IV					M	False	False	(-1, 3, 0)	()	-1	-1	major	major	V	V, major	IV		V	V	False	IV	IV, major		IV, major		IV	-1	0	0	4	3	3	True	False	False
12360	40	64	4	E	0	3	8	2	1	True	1.0	-1	22	22	104	22b	309/2	1/8	False	4	True				False	137	I6		F	V		I6	I		6			M	False	False	(4, 1, 0)	()	0	4	major	major	V	V, major	I		V	V	False	I6	I6, major		I6, major		I	-1	0	0	5	4	4	True	False	True
12360	40	67	1	G	0	3	8	2	1	True	1.0	-1	22	22	104	22b	309/2	1/8	False	4	True				False	137	I6		F	V		I6	I		6			M	False	False	(4, 1, 0)	()	0	4	major	major	V	V, major	I		V	V	False	I6	I6, major		I6, major		I	-1	0	0	2	1	1	True	False	False
12360	40	72	0	C	0	3	8	2	1	True	1.0	-1	22	22	104	22b	309/2	1/8	False	5	True				False	137	I6		F	V		I6	I		6			M	False	False	(4, 1, 0)	()	0	4	major	major	V	V, major	I		V	V	False	I6	I6, major		I6, major		I	-1	0	0	1	0	0	True	True	False
12360	20	79	1	G	0	3	8	1	1	True	1.0	-1	22	22	104	22b	309/2	1/16	False	5	True				False	137	I6		F	V		I6	I		6			M	False	False	(4, 1, 0)	()	0	4	major	major	V	V, major	I		V	V	False	I6	I6, major		I6, major		I	-1	0	0	2	1	1	True	False	False
12380	20	78	6	F	1	3	8	1	1	True	1.5	-1	22	22	104	22b	619/4	1/16	False	5	False				False	137	I6		F	V		I6	I		6			M	False	False	(4, 1, 0)	()	0	4	major	major	V	V, major	I		V	V	False	I6	I6, major		I6, major		I	-1	0	0	7	6	6	False	False	False
12400	40	64	4	E	0	3	8	2	1	True	2.0	-1	22	22	104	22b	155	1/8	False	4	False				False	137	I6		F	V		I6	I		6			M	False	False	(4, 1, 0)	()	0	4	major	major	V	V, major	I		V	V	False	I6	I6, major		I6, major		I	-1	0	0	5	4	4	True	False	True
12400	40	67	1	G	0	3	8	2	1	True	2.0	-1	22	22	104	22b	155	1/8	False	4	False				False	137	I6		F	V		I6	I		6			M	False	False	(4, 1, 0)	()	0	4	major	major	V	V, major	I		V	V	False	I6	I6, major		I6, major		I	-1	0	0	2	1	1	True	False	False
12400	40	72	0	C	0	3	8	2	1	True	2.0	-1	22	22	104	22b	155	1/8	False	5	False				False	137	I6		F	V		I6	I		6			M	False	False	(4, 1, 0)	()	0	4	major	major	V	V, major	I		V	V	False	I6	I6, major		I6, major		I	-1	0	0	1	0	0	True	True	False
12400	20	78	6	F	1	3	8	1	1	True	2.0	-1	22	22	104	22b	155	1/16	False	5	False				False	137	I6		F	V		I6	I		6			M	False	False	(4, 1, 0)	()	0	4	major	major	V	V, major	I		V	V	False	I6	I6, major		I6, major		I	-1	0	0	7	6	6	False	False	False
12420	20	79	1	G	0	3	8	1	1	True	2.5	-1	22	22	104	22b	621/4	1/16	False	5	False				False	137	I6		F	V		I6	I		6			M	False	False	(4, 1, 0)	()	0	4	major	major	V	V, major	I		V	V	False	I6	I6, major		I6, major		I	-1	0	0	2	1	1	True	False	False
12440	40	64	4	E	0	3	8	2	1	True	3.0	-1	22	22	104	22b	311/2	1/8	False	4	False				False	137	I6		F	V		I6	I		6			M	False	False	(4, 1, 0)	()	0	4	major	major	V	V, major	I		V	V	False	I6	I6, major		I6, major		I	-1	0	0	5	4	4	True	False	True
12440	40	67	1	G	0	3	8	2	1	True	3.0	-1	22	22	104	22b	311/2	1/8	False	4	False				False	137	I6		F	V		I6	I		6			M	False	False	(4, 1, 0)	()	0	4	major	major	V	V, major	I		V	V	False	I6	I6, major		I6, major		I	-1	0	0	2	1	1	True	False	False
12440	40	72	0	C	0	3	8	2	1	True	3.0	-1	22	22	104	22b	311/2	1/8	False	5	False				False	137	I6		F	V		I6	I		6			M	False	False	(4, 1, 0)	()	0	4	major	major	V	V, major	I		V	V	False	I6	I6, major		I6, major		I	-1	0	0	1	0	0	True	True	False
12440	40	79	1	G	0	3	8	1	1	True	3.0	-1	22	22	104	22b	311/2	1/8	False	5	False				False	137	I6		F	V		I6	I		6			M	False	False	(4, 1, 0)	()	0	4	major	major	V	V, major	I		V	V	False	I6	I6, major		I6, major		I	-1	0	0	2	1	1	True	False	False
12480	40	62	2	D	0	3	8	2	1	True	1.0	-1	23	23	105	23b	156	1/8	False	4	True				False	138	viio6(2)		F	V		viio6(2)	vii	o	6	2		o	False	False	(2, -1, 0)	()	5	2	major	major	V	V, major	vii		V	V	False	viio6	viio6, major		viio6(2), major		vii	-1	0	0	3	2	2	True	False	True
12480	40	65	-1	F	0	3	8	2	1	True	1.0	-1	23	23	105	23b	156	1/8	False	4	True				False	138	viio6(2)		F	V		viio6(2)	vii	o	6	2		o	False	False	(2, -1, 0)	()	5	2	major	major	V	V, major	vii		V	V	False	viio6	viio6, major		viio6(2), major		vii	-1	0	0	0	-1	-1	True	False	False
12480	40	72	0	C	0	3	8	2	1	True	1.0	-1	23	23	105	23b	156	1/8	False	5	True				False	138	viio6(2)		F	V		viio6(2)	vii	o	6	2		o	False	False	(2, -1, 0)	()	5	2	major	major	V	V, major	vii		V	V	False	viio6	viio6, major		viio6(2), major		vii	-1	0	0	1	0	0	True	False	False
12500	20	76	4	E	0	3	8	1	1	True	1.5	-1	23	23	105	23b	625/4	1/16	False	5	False				False	138	viio6(2)		F	V		viio6(2)	vii	o	6	2		o	False	False	(2, -1, 0)	()	5	2	major	major	V	V, major	vii		V	V	False	viio6	viio6, major		viio6(2), major		vii	-1	0	0	5	4	4	False	False	False
12520	40	62	2	D	0	3	8	2	1	True	2.0	-1	23	23	105	23b	313/2	1/8	False	4	False				False	138	viio6(2)		F	V		viio6(2)	vii	o	6	2		o	False	False	(2, -1, 0)	()	5	2	major	major	V	V, major	vii		V	V	False	viio6	viio6, major		viio6(2), major		vii	-1	0	0	3	2	2	True	False	True
12520	40	65	-1	F	0	3	8	2	1	True	2.0	-1	23	23	105	23b	313/2	1/8	False	4	False				False	138	viio6(2)		F	V		viio6(2)	vii	o	6	2		o	False	False	(2, -1, 0)	()	5	2	major	major	V	V, major	vii		V	V	False	viio6	viio6, major		viio6(2), major		vii	-1	0	0	0	-1	-1	True	False	False
12520	40	72	0	C	0	3	8	2	1	True	2.0	-1	23	23	105	23b	313/2	1/8	False	5	False				False	138	viio6(2)		F	V		viio6(2)	vii	o	6	2		o	False	False	(2, -1, 0)	()	5	2	major	major	V	V, major	vii		V	V	False	viio6	viio6, major		viio6(2), major		vii	-1	0	0	1	0	0	True	False	False
12520	20	77	-1	F	0	3	8	1	1	True	2.0	-1	23	23	105	23b	313/2	1/16	False	5	False				False	138	viio6(2)		F	V		viio6(2)	vii	o	6	2		o	False	False	(2, -1, 0)	()	5	2	major	major	V	V, major	vii		V	V	False	viio6	viio6, major		viio6(2), major		vii	-1	0	0	0	-1	-1	True	False	False
12540	20	80	8	G	1	3	8	1	1	True	2.5	-1	23	23	105	23b	627/4	1/16	False	5	False				False	138	viio6(2)		F	V		viio6(2)	vii	o	6	2		o	False	False	(2, -1, 0)	()	5	2	major	major	V	V, major	vii		V	V	False	viio6	viio6, major		viio6(2), major		vii	-1	0	0	9	8	8	False	False	False
12560	40	62	2	D	0	3	8	2	1	True	3.0	-1	23	23	105	23b	157	1/8	False	4	True				False	139	viio6		F	V		viio6	vii	o	6			o	False	False	(2, -1, 5)	()	5	2	major	major	V	V, major	vii		V	V	False	viio6	viio6, major		viio6, major		vii	-1	0	0	3	2	2	True	False	True
12560	40	65	-1	F	0	3	8	2	1	True	3.0	-1	23	23	105	23b	157	1/8	False	4	True				False	139	viio6		F	V		viio6	vii	o	6			o	False	False	(2, -1, 5)	()	5	2	major	major	V	V, major	vii		V	V	False	viio6	viio6, major		viio6, major		vii	-1	0	0	0	-1	-1	True	False	False
12560	40	71	5	B	0	3	8	2	1	True	3.0	-1	23	23	105	23b	157	1/8	False	4	True				False	139	viio6		F	V		viio6	vii	o	6			o	False	False	(2, -1, 5)	()	5	2	major	major	V	V, major	vii		V	V	False	viio6	viio6, major		viio6, major		vii	-1	0	0	6	5	5	True	True	False
12560	20	81	3	A	0	3	8	1	1	True	3.0	-1	23	23	105	23b	157	1/16	False	5	True				False	139	viio6		F	V		viio6	vii	o	6			o	False	False	(2, -1, 5)	()	5	2	major	major	V	V, major	vii		V	V	False	viio6	viio6, major		viio6, major		vii	-1	0	0	4	3	3	False	False	False
12580	20	77	-1	F	0	3	8	1	1	True	3.5	-1	23	23	105	23b	629/4	1/16	False	5	False				False	139	viio6		F	V		viio6	vii	o	6			o	False	False	(2, -1, 5)	()	5	2	major	major	V	V, major	vii		V	V	False	viio6	viio6, major		viio6, major		vii	-1	0	0	0	-1	-1	True	False	False
12600	40	60	0	C	0	3	8	2	1	True	1.0	-1	24	24	106	24b	315/2	1/8	False	4	True				False	140	vi6(2)		F	V		vi6(2)	vi		6	2		m	False	False	(0, 4, 5)	()	3	0	major	major	V	V, major	vi		V	V	False	vi6	vi6, major		vi6(2), major		vi	-1	0	0	1	0	0	True	False	True
12600	40	64	4	E	0	3	8	2	1	True	1.0	-1	24	24	106	24b	315/2	1/8	False	4	True				False	140	vi6(2)		F	V		vi6(2)	vi		6	2		m	False	False	(0, 4, 5)	()	3	0	major	major	V	V, major	vi		V	V	False	vi6	vi6, major		vi6(2), major		vi	-1	0	0	5	4	4	True	False	False
12600	40	71	5	B	0	3	8	2	1	True	1.0	-1	24	24	106	24b	315/2	1/8	False	4	True				False	140	vi6(2)		F	V		vi6(2)	vi		6	2		m	False	False	(0, 4, 5)	()	3	0	major	major	V	V, major	vi		V	V	False	vi6	vi6, major		vi6(2), major		vi	-1	0	0	6	5	5	True	False	False
12600	20	76	4	E	0	3	8	1	1	True	1.0	-1	24	24	106	24b	315/2	1/16	False	5	True				False	140	vi6(2)		F	V		vi6(2)	vi		6	2		m	False	False	(0, 4, 5)	()	3	0	major	major	V	V, major	vi		V	V	False	vi6	vi6, major		vi6(2), major		vi	-1	0	0	5	4	4	True	False	False
12620	20	75	9	D	1	3	8	1	1	True	1.5	-1	24	24	106	24b	631/4	1/16	False	5	False				False	140	vi6(2)		F	V		vi6(2)	vi		6	2		m	False	False	(0, 4, 5)	()	3	0	major	major	V	V, major	vi		V	V	False	vi6	vi6, major		vi6(2), major		vi	-1	0	0	10	9	9	False	False	False
12640	40	60	0	C	0	3	8	2	1	True	2.0	-1	24	24	106	24b	158	1/8	False	4	False				False	140	vi6(2)		F	V		vi6(2)	vi		6	2		m	False	False	(0, 4, 5)	()	3	0	major	major	V	V, major	vi		V	V	False	vi6	vi6, major		vi6(2), major		vi	-1	0	0	1	0	0	True	False	True
12640	40	64	4	E	0	3	8	2	1	True	2.0	-1	24	24	106	24b	158	1/8	False	4	False				False	140	vi6(2)		F	V		vi6(2)	vi		6	2		m	False	False	(0, 4, 5)	()	3	0	major	major	V	V, major	vi		V	V	False	vi6	vi6, major		vi6(2), major		vi	-1	0	0	5	4	4	True	False	False
12640	40	69	3	A	0	3	8	2	1	True	2.0	-1	24	24	106	24b	158	1/8	False	4	False				False	140	vi6(2)		F	V		vi6(2)	vi		6	2		m	False	False	(0, 4, 5)	()	3	0	major	major	V	V, major	vi		V	V	False	vi6	vi6, major		vi6(2), major		vi	-1	0	0	4	3	3	False	True	False
12640	20	75	9	D	1	3	8	1	1	True	2.0	-1	24	24	106	24b	158	1/16	False	5	False				False	140	vi6(2)		F	V		vi6(2)	vi		6	2		m	False	False	(0, 4, 5)	()	3	0	major	major	V	V, major	vi		V	V	False	vi6	vi6, major		vi6(2), major		vi	-1	0	0	10	9	9	False	False	False
12660	20	76	4	E	0	3	8	1	1	True	2.5	-1	24	24	106	24b	633/4	1/16	False	5	False				False	140	vi6(2)		F	V		vi6(2)	vi		6	2		m	False	False	(0, 4, 5)	()	3	0	major	major	V	V, major	vi		V	V	False	vi6	vi6, major		vi6(2), major		vi	-1	0	0	5	4	4	True	False	False
12680	40	60	0	C	0	3	8	2	1	True	3.0	-1	24	24	106	24b	317/2	1/8	False	4	True				False	141	vi6		F	V		vi6	vi		6			m	False	False	(0, 4, 3)	()	3	0	major	major	V	V, major	vi		V	V	False	vi6	vi6, major		vi6, major		vi	-1	0	0	1	0	0	True	False	True
12680	40	64	4	E	0	3	8	2	1	True	3.0	-1	24	24	106	24b	317/2	1/8	False	4	True				False	141	vi6		F	V		vi6	vi		6			m	False	False	(0, 4, 3)	()	3	0	major	major	V	V, major	vi		V	V	False	vi6	vi6, major		vi6, major		vi	-1	0	0	5	4	4	True	False	False
12680	40	69	3	A	0	3	8	2	1	True	3.0	-1	24	24	106	24b	317/2	1/8	False	4	True				False	141	vi6		F	V		vi6	vi		6			m	False	False	(0, 4, 3)	()	3	0	major	major	V	V, major	vi		V	V	False	vi6	vi6, major		vi6, major		vi	-1	0	0	4	3	3	True	True	False
12680	40	76	4	E	0	3	8	1	1	True	3.0	-1	24	24	106	24b	317/2	1/8	False	5	True				False	141	vi6		F	V		vi6	vi		6			m	False	False	(0, 4, 3)	()	3	0	major	major	V	V, major	vi		V	V	False	vi6	vi6, major		vi6, major		vi	-1	0	0	5	4	4	True	False	False
12720	40	59	5	B	0	3	8	2	1	True	1.0	-1	25	25	107	25b	159	1/8	False	3	True				False	142	V6(2)		F	V		V6(2)	V		6	2		M	False	False	(5, 2, 3)	()	1	5	major	major	V	V, major	V		V	V	False	V6	V6, major		V6(2), major		V	-1	0	0	6	5	5	True	False	True
12720	40	62	2	D	0	3	8	2	1	True	1.0	-1	25	25	107	25b	159	1/8	False	4	True				False	142	V6(2)		F	V		V6(2)	V		6	2		M	False	False	(5, 2, 3)	()	1	5	major	major	V	V, major	V		V	V	False	V6	V6, major		V6(2), major		V	-1	0	0	3	2	2	True	False	False
12720	40	69	3	A	0	3	8	2	1	True	1.0	-1	25	25	107	25b	159	1/8	False	4	True				False	142	V6(2)		F	V		V6(2)	V		6	2		M	False	False	(5, 2, 3)	()	1	5	major	major	V	V, major	V		V	V	False	V6	V6, major		V6(2), major		V	-1	0	0	4	3	3	True	False	False
12740	20	76	4	E	0	3	8	1	1	True	1.5	-1	25	25	107	25b	637/4	1/16	False	5	False				False	142	V6(2)		F	V		V6(2)	V		6	2		M	False	False	(5, 2, 3)	()	1	5	major	major	V	V, major	V		V	V	False	V6	V6, major		V6(2), major		V	-1	0	0	5	4	4	False	False	False
12760	40	59	5	B	0	3	8	2	1	True	2.0	-1	25	25	107	25b	319/2	1/8	False	3	False				False	142	V6(2)		F	V		V6(2)	V		6	2		M	False	False	(5, 2, 3)	()	1	5	major	major	V	V, major	V		V	V	False	V6	V6, major		V6(2), major		V	-1	0	0	6	5	5	True	False	True
12760	40	62	2	D	0	3	8	2	1	True	2.0	-1	25	25	107	25b	319/2	1/8	False	4	False				False	142	V6(2)		F	V		V6(2)	V		6	2		M	False	False	(5, 2, 3)	()	1	5	major	major	V	V, major	V		V	V	False	V6	V6, major		V6(2), major		V	-1	0	0	3	2	2	True	False	False
12760	40	67	1	G	0	3	8	2	1	True	2.0	-1	25	25	107	25b	319/2	1/8	False	4	False				False	142	V6(2)		F	V		V6(2)	V		6	2		M	False	False	(5, 2, 3)	()	1	5	major	major	V	V, major	V		V	V	False	V6	V6, major		V6(2), major		V	-1	0	0	2	1	1	False	True	False
12760	20	77	-1	F	0	3	8	1	1	True	2.0	-1	25	25	107	25b	319/2	1/16	False	5	False				False	142	V6(2)		F	V		V6(2)	V		6	2		M	False	False	(5, 2, 3)	()	1	5	major	major	V	V, major	V		V	V	False	V6	V6, major		V6(2), major		V	-1	0	0	0	-1	-1	False	False	False
12780	20	78	6	F	1	3	8	1	1	True	2.5	-1	25	25	107	25b	639/4	1/16	False	5	False				False	142	V6(2)		F	V		V6(2)	V		6	2		M	False	False	(5, 2, 3)	()	1	5	major	major	V	V, major	V		V	V	False	V6	V6, major		V6(2), major		V	-1	0	0	7	6	6	False	False	False
12800	40	59	5	B	0	3	8	2	1	True	3.0	-1	25	25	107	25b	160	1/8	False	3	True				False	143	V6		F	V		V6	V		6			M	False	False	(5, 2, 1)	()	1	5	major	major	V	V, major	V		V	V	False	V6	V6, major		V6, major		V	-1	0	0	6	5	5	True	False	True
12800	40	62	2	D	0	3	8	2	1	True	3.0	-1	25	25	107	25b	160	1/8	False	4	True				False	143	V6		F	V		V6	V		6			M	False	False	(5, 2, 1)	()	1	5	major	major	V	V, major	V		V	V	False	V6	V6, major		V6, major		V	-1	0	0	3	2	2	True	False	False
12800	40	67	1	G	0	3	8	2	1	True	3.0	-1	25	25	107	25b	160	1/8	False	4	True				False	143	V6		F	V		V6	V		6			M	False	False	(5, 2, 1)	()	1	5	major	major	V	V, major	V		V	V	False	V6	V6, major		V6, major		V	-1	0	0	2	1	1	True	True	False
12800	20	79	1	G	0	3	8	1	1	True	3.0	-1	25	25	107	25b	160	1/16	False	5	True				False	143	V6		F	V		V6	V		6			M	False	False	(5, 2, 1)	()	1	5	major	major	V	V, major	V		V	V	False	V6	V6, major		V6, major		V	-1	0	0	2	1	1	True	True	False
12820	20	74	2	D	0	3	8	1	1	True	3.5	-1	25	25	107	25b	641/4	1/16	False	5	False				False	143	V6		F	V		V6	V		6			M	False	False	(5, 2, 1)	()	1	5	major	major	V	V, major	V		V	V	False	V6	V6, major		V6, major		V	-1	0	0	3	2	2	True	False	False
12840	40	57	3	A	0	3	8	2	1	True	1.0	-1	26	26	108	26b	321/2	1/8	False	3	True				False	144	IV6(2)		F	V		IV6(2)	IV		6	2		M	False	False	(3, 0, 1)	()	-1	3	major	major	V	V, major	IV		V	V	False	IV6	IV6, major		IV6(2), major		IV	-1	0	0	4	3	3	True	False	True
12840	40	67	1	G	0	3	8	2	1	True	1.0	-1	26	26	108	26b	321/2	1/8	False	4	True				False	144	IV6(2)		F	V		IV6(2)	IV		6	2		M	False	False	(3, 0, 1)	()	-1	3	major	major	V	V, major	IV		V	V	False	IV6	IV6, major		IV6(2), major		IV	-1	0	0	2	1	1	True	False	False
12840	20	74	2	D	0	3	8	1	1	True	1.0	-1	26	26	108	26b	321/2	1/16	False	5	True				False	144	IV6(2)		F	V		IV6(2)	IV		6	2		M	False	False	(3, 0, 1)	()	-1	3	major	major	V	V, major	IV		V	V	False	IV6	IV6, major		IV6(2), major		IV	-1	0	0	3	2	2	False	False	False
12860	20	72	0	C	0	3	8	1	1	True	1.5	-1	26	26	108	26b	643/4	1/16	False	5	False				False	144	IV6(2)		F	V		IV6(2)	IV		6	2		M	False	False	(3, 0, 1)	()	-1	3	major	major	V	V, major	IV		V	V	False	IV6	IV6, major		IV6(2), major		IV	-1	0	0	1	0	0	True	False	False
12880	40	57	3	A	0	3	8	2	1	True	2.0	-1	26	26	108	26b	161	1/8	False	3	True				False	145	IV6		F	V		IV6	IV		6			M	False	False	(3, 0, -1)	()	-1	3	major	major	V	V, major	IV		V	V	False	IV6	IV6, major		IV6, major		IV	-1	0	0	4	3	3	True	False	True
12880	40	65	-1	F	0	3	8	2	1	True	2.0	-1	26	26	108	26b	161	1/8	False	4	True				False	145	IV6		F	V		IV6	IV		6			M	False	False	(3, 0, -1)	()	-1	3	major	major	V	V, major	IV		V	V	False	IV6	IV6, major		IV6, major		IV	-1	0	0	0	-1	-1	True	True	False
12880	20	74	2	D	0	3	8	1	1	True	2.0	-1	26	26	108	26b	161	1/16	False	5	True				False	145	IV6		F	V		IV6	IV		6			M	False	False	(3, 0, -1)	()	-1	3	major	major	V	V, major	IV		V	V	False	IV6	IV6, major		IV6, major		IV	-1	0	0	3	2	2	False	False	False
12900	20	76	4	E	0	3	8	1	1	True	2.5	-1	26	26	108	26b	645/4	1/16	False	5	False				False	145	IV6		F	V		IV6	IV		6			M	False	False	(3, 0, -1)	()	-1	3	major	major	V	V, major	IV		V	V	False	IV6	IV6, major		IV6, major		IV	-1	0	0	5	4	4	False	False	False
12920	40	55	1	G	0	3	8	2	1	True	3.0	-1	26	26	108	26b	323/2	1/8	False	3	True				False	146	iii6	I64	F	V		iii6	iii		6			m	False	False	(1, 5, 4)	()	4	1	major	major	V	V, major	iii		V	V	False	iii6	iii6, major		iii6, major		iii	-1	0	0	2	1	1	True	False	True
12920	40	64	4	E	0	3	8	2	1	True	3.0	-1	26	26	108	26b	323/2	1/8	False	4	True				False	146	iii6	I64	F	V		iii6	iii		6			m	False	False	(1, 5, 4)	()	4	1	major	major	V	V, major	iii		V	V	False	iii6	iii6, major		iii6, major		iii	-1	0	0	5	4	4	True	True	False
12920	20	77	-1	F	0	3	8	1	1	True	3.0	-1	26	26	108	26b	323/2	1/16	False	5	True				False	146	iii6	I64	F	V		iii6	iii		6			m	False	False	(1, 5, 4)	()	4	1	major	major	V	V, major	iii		V	V	False	iii6	iii6, major		iii6, major		iii	-1	0	0	0	-1	-1	False	False	False
12940	20	79	1	G	0	3	8	1	1	True	3.5	-1	26	26	108	26b	647/4	1/16	False	5	False				False	146	iii6	I64	F	V		iii6	iii		6			m	False	False	(1, 5, 4)	()	4	1	major	major	V	V, major	iii		V	V	False	iii6	iii6, major		iii6, major		iii	-1	0	0	2	1	1	True	False	True
12960	40	53	-1	F	0	3	8	2	1	True	1.0	-1	27	27	109	27b	162	1/8	False	3	True				False	147	ii6	IV	F	V		ii6	ii		6			m	False	False	(-1, 3, 2)	()	2	-1	major	major	V	V, major	ii		V	V	False	ii6	ii6, major		ii6, major		ii	-1	0	0	0	-1	-1	True	False	True
12960	20	80	8	G	1	3	8	1	1	True	1.0	-1	27	27	109	27b	162	1/16	False	5	True				False	147	ii6	IV	F	V		ii6	ii		6			m	False	False	(-1, 3, 2)	()	2	-1	major	major	V	V, major	ii		V	V	False	ii6	ii6, major		ii6, major		ii	-1	0	0	9	8	8	False	False	False
12980	20	81	3	A	0	3	8	1	1	True	1.5	-1	27	27	109	27b	649/4	1/16	False	5	False				False	147	ii6	IV	F	V		ii6	ii		6			m	False	False	(-1, 3, 2)	()	2	-1	major	major	V	V, major	ii		V	V	False	ii6	ii6, major		ii6, major		ii	-1	0	0	4	3	3	True	False	False
13000	40	65	-1	F	0	3	8	2	1	True	2.0	-1	27	27	109	27b	325/2	1/8	False	4	False				False	147	ii6	IV	F	V		ii6	ii		6			m	False	False	(-1, 3, 2)	()	2	-1	major	major	V	V, major	ii		V	V	False	ii6	ii6, major		ii6, major		ii	-1	0	0	0	-1	-1	True	False	True
13000	20	77	-1	F	0	3	8	1	1	True	2.0	-1	27	27	109	27b	325/2	1/16	False	5	False				False	147	ii6	IV	F	V		ii6	ii		6			m	False	False	(-1, 3, 2)	()	2	-1	major	major	V	V, major	ii		V	V	False	ii6	ii6, major		ii6, major		ii	-1	0	0	0	-1	-1	True	False	True
13020	20	76	4	E	0	3	8	1	1	True	2.5	-1	27	27	109	27b	651/4	1/16	False	5	False				False	147	ii6	IV	F	V		ii6	ii		6			m	False	False	(-1, 3, 2)	()	2	-1	major	major	V	V, major	ii		V	V	False	ii6	ii6, major		ii6, major		ii	-1	0	0	5	4	4	False	False	False
13040	40	53	-1	F	0	3	8	2	1	True	3.0	-1	27	27	109	27b	163	1/8	False	3	False				False	147	ii6	IV	F	V		ii6	ii		6			m	False	False	(-1, 3, 2)	()	2	-1	major	major	V	V, major	ii		V	V	False	ii6	ii6, major		ii6, major		ii	-1	0	0	0	-1	-1	True	False	True
13040	20	74	2	D	0	3	8	1	1	True	3.0	-1	27	27	109	27b	163	1/16	False	5	False				False	147	ii6	IV	F	V		ii6	ii		6			m	False	False	(-1, 3, 2)	()	2	-1	major	major	V	V, major	ii		V	V	False	ii6	ii6, major		ii6, major		ii	-1	0	0	3	2	2	True	True	False
13060	20	72	0	C	0	3	8	1	1	True	3.5	-1	27	27	109	27b	653/4	1/16	False	5	False				False	147	ii6	IV	F	V		ii6	ii		6			m	False	False	(-1, 3, 2)	()	2	-1	major	major	V	V, major	ii		V	V	False	ii6	ii6, major		ii6, major		ii	-1	0	0	1	0	0	False	False	False
13080	40	55	1	G	0	3	8	2	1	True	1.0	-1	28	28	110	28b	327/2	1/8	False	3	True				False	148	V		F	V		V	V					M	False	False	(1, 5, 2)	()	1	1	major	major	V	V, major	V		V	V	False	V	V, major		V, major		V	-1	0	0	2	1	1	True	True	True
13080	20	71	5	B	0	3	8	1	1	True	1.0	-1	28	28	110	28b	327/2	1/16	False	4	True				False	148	V		F	V		V	V					M	False	False	(1, 5, 2)	()	1	1	major	major	V	V, major	V		V	V	False	V	V, major		V, major		V	-1	0	0	6	5	5	True	False	False
13100	20	72	0	C	0	3	8	1	1	True	1.5	-1	28	28	110	28b	655/4	1/16	False	5	False				False	148	V		F	V		V	V					M	False	False	(1, 5, 2)	()	1	1	major	major	V	V, major	V		V	V	False	V	V, major		V, major		V	-1	0	0	1	0	0	False	False	False
13120	40	67	1	G	0	3	8	2	1	True	2.0	-1	28	28	110	28b	164	1/8	False	4	False				False	148	V		F	V		V	V					M	False	False	(1, 5, 2)	()	1	1	major	major	V	V, major	V		V	V	False	V	V, major		V, major		V	-1	0	0	2	1	1	True	True	True
13120	20	74	2	D	0	3	8	1	1	True	2.0	-1	28	28	110	28b	164	1/16	False	5	False				False	148	V		F	V		V	V					M	False	False	(1, 5, 2)	()	1	1	major	major	V	V, major	V		V	V	False	V	V, major		V, major		V	-1	0	0	3	2	2	True	False	False
13140	20	76	4	E	0	3	8	1	1	True	2.5	-1	28	28	110	28b	657/4	1/16	False	5	False				False	148	V		F	V		V	V					M	False	False	(1, 5, 2)	()	1	1	major	major	V	V, major	V		V	V	False	V	V, major		V, major		V	-1	0	0	5	4	4	False	False	False
13160	40	64	4	E	0	3	8	2	1	True	3.0	-1	28	28	110	28b	329/2	1/8	False	4	True				False	149	I6		F	V		I6	I		6			M	False	False	(4, 1, 0)	()	0	4	major	major	V	V, major	I		V	V	False	I6	I6, major		I6, major		I	-1	0	0	5	4	4	True	False	True
13160	20	77	-1	F	0	3	8	1	1	True	3.0	-1	28	28	110	28b	329/2	1/16	False	5	True				False	149	I6		F	V		I6	I		6			M	False	False	(4, 1, 0)	()	0	4	major	major	V	V, major	I		V	V	False	I6	I6, major		I6, major		I	-1	0	0	0	-1	-1	False	False	False
13180	20	79	1	G	0	3	8	1	1	True	3.5	-1	28	28	110	28b	659/4	1/16	False	5	False				False	149	I6		F	V		I6	I		6			M	False	False	(4, 1, 0)	()	0	4	major	major	V	V, major	I		V	V	False	I6	I6, major		I6, major		I	-1	0	0	2	1	1	True	False	False
13200	40	65	-1	F	0	3	8	2	1	True	1.0	-1	29	29	111	29b	165	1/8	False	4	True				False	150	ii6	IV	F	V		ii6	ii		6			m	False	False	(-1, 3, 2)	()	2	-1	major	major	V	V, major	ii		V	V	False	ii6	ii6, major		ii6, major		ii	-1	0	0	0	-1	-1	True	False	True
13200	20	80	8	G	1	3	8	1	1	True	1.0	-1	29	29	111	29b	165	1/16	False	5	True				False	150	ii6	IV	F	V		ii6	ii		6			m	False	False	(-1, 3, 2)	()	2	-1	major	major	V	V, major	ii		V	V	False	ii6	ii6, major		ii6, major		ii	-1	0	0	9	8	8	False	False	False
13220	20	81	3	A	0	3	8	1	1	True	1.5	-1	29	29	111	29b	661/4	1/16	False	5	False				False	150	ii6	IV	F	V		ii6	ii		6			m	False	False	(-1, 3, 2)	()	2	-1	major	major	V	V, major	ii		V	V	False	ii6	ii6, major		ii6, major		ii	-1	0	0	4	3	3	True	False	False
13240	0	79	1	G	0	3	8	1	1	True	2.0	-1	29	29	111	29b	331/2	0	False	5	False				False	150	ii6	IV	F	V		ii6	ii		6			m	False	False	(-1, 3, 2)	()	2	-1	major	major	V	V, major	ii		V	V	False	ii6	ii6, major		ii6, major		ii	-1	0	0	2	1	1	False	False	False
13240	40	67	1	G	0	3	8	2	1	True	2.0	-1	29	29	111	29b	331/2	1/8	False	4	False				False	150	ii6	IV	F	V		ii6	ii		6			m	False	False	(-1, 3, 2)	()	2	-1	major	major	V	V, major	ii		V	V	False	ii6	ii6, major		ii6, major		ii	-1	0	0	2	1	1	False	False	False
13240	20	77	-1	F	0	3	8	1	1	True	2.0	-1	29	29	111	29b	331/2	1/16	False	5	False				False	150	ii6	IV	F	V		ii6	ii		6			m	False	False	(-1, 3, 2)	()	2	-1	major	major	V	V, major	ii		V	V	False	ii6	ii6, major		ii6, major		ii	-1	0	0	0	-1	-1	True	False	True
13260	20	76	4	E	0	3	8	1	1	True	2.5	-1	29	29	111	29b	663/4	1/16	False	5	False				False	150	ii6	IV	F	V		ii6	ii		6			m	False	False	(-1, 3, 2)	()	2	-1	major	major	V	V, major	ii		V	V	False	ii6	ii6, major		ii6, major		ii	-1	0	0	5	4	4	False	False	False
13280	40	69	3	A	0	3	8	2	1	True	3.0	-1	29	29	111	29b	166	1/8	False	4	False				False	150	ii6	IV	F	V		ii6	ii		6			m	False	False	(-1, 3, 2)	()	2	-1	major	major	V	V, major	ii		V	V	False	ii6	ii6, major		ii6, major		ii	-1	0	0	4	3	3	True	False	False
13280	20	74	2	D	0	3	8	1	1	True	3.0	-1	29	29	111	29b	166	1/16	False	5	False				False	150	ii6	IV	F	V		ii6	ii		6			m	False	False	(-1, 3, 2)	()	2	-1	major	major	V	V, major	ii		V	V	False	ii6	ii6, major		ii6, major		ii	-1	0	0	3	2	2	True	True	False
13300	20	72	0	C	0	3	8	1	1	True	3.5	-1	29	29	111	29b	665/4	1/16	False	5	False				False	150	ii6	IV	F	V		ii6	ii		6			m	False	False	(-1, 3, 2)	()	2	-1	major	major	V	V, major	ii		V	V	False	ii6	ii6, major		ii6, major		ii	-1	0	0	1	0	0	False	False	False
13320	40	67	1	G	0	3	8	2	1	True	1.0	-1	30	30	112	30b	333/2	1/8	False	4	True	HC	HC	}	True	151	V|HC}		F	V		V	V					M	False	False	(1, 5, 2)	()	1	1	major	major	V	V, major	V		V	V	False	V	V, major		V, major		V	-1	0	0	2	1	1	True	True	True
13320	60	71	5	B	0	3	8	1	1	True	1.0	-1	30	30	112	30b	333/2	3/16	False	4	True	HC	HC	}	True	151	V|HC}		F	V		V	V					M	False	False	(1, 5, 2)	()	1	1	major	major	V	V, major	V		V	V	False	V	V, major		V, major		V	-1	0	0	6	5	5	True	False	False
13360	40	55	1	G	0	3	8	2	1	True	2.0	-1	30	30	112	30b	167	1/8	False	3	False				False	151	V|HC}		F	V		V	V					M	False	False	(1, 5, 2)	()	1	1	major	major	V	V, major	V		V	V	False	V	V, major		V, major		V	-1	0	0	2	1	1	True	True	True
13380	20	69	3	A	0	3	8	1	1	True	2.5	-1	30	30	112	30b	669/4	1/16	False	4	False				False	151	V|HC}		F	V		V	V					M	False	False	(1, 5, 2)	()	1	1	major	major	V	V, major	V		V	V	False	V	V, major		V, major		V	-1	0	0	4	3	3	False	False	False
13400	40	67	1	G	0	3	8	1	1	True	3.0	-1	30	30	112	30b	335/2	1/8	False	4	False				False	151	V|HC}		F	V		V	V					M	False	False	(1, 5, 2)	()	1	1	major	major	V	V, major	V		V	V	False	V	V, major		V, major		V	-1	0	0	2	1	1	True	True	True
13440	20	60	0	C	0	3	8	2	1	True	1.0	-1	31	31	113	31b	168	1/16	False	4	True			{	False	152	I{		F	V		I	I					M	False	False	(0, 4, 1)	()	0	0	major	major	V	V, major	I		V	V	False	I	I, major		I, major		I	-1	0	0	1	0	0	True	True	True
13440	40	79	1	G	0	3	8	1	1	True	1.0	-1	31	31	113	31b	168	1/8	False	5	True			{	False	152	I{		F	V		I	I					M	False	False	(0, 4, 1)	()	0	0	major	major	V	V, major	I		V	V	False	I	I, major		I, major		I	-1	0	0	2	1	1	True	False	False
13460	20	64	4	E	0	3	8	2	1	True	1.5	-1	31	31	113	31b	673/4	1/16	False	4	False				False	152	I{		F	V		I	I					M	False	False	(0, 4, 1)	()	0	0	major	major	V	V, major	I		V	V	False	I	I, major		I, major		I	-1	0	0	5	4	4	True	False	False
13480	20	62	2	D	0	3	8	2	1	True	2.0	-1	31	31	113	31b	337/2	1/16	False	4	False				False	152	I{		F	V		I	I					M	False	False	(0, 4, 1)	()	0	0	major	major	V	V, major	I		V	V	False	I	I, major		I, major		I	-1	0	0	3	2	2	False	False	False
13480	40	71	5	B	0	3	8	1	1	True	2.0	-1	31	31	113	31b	337/2	1/8	False	4	False				False	152	I{		F	V		I	I					M	False	False	(0, 4, 1)	()	0	0	major	major	V	V, major	I		V	V	False	I	I, major		I, major		I	-1	0	0	6	5	5	False	False	False
13500	20	65	-1	F	0	3	8	2	1	True	2.5	-1	31	31	113	31b	675/4	1/16	False	4	False				False	152	I{		F	V		I	I					M	False	False	(0, 4, 1)	()	0	0	major	major	V	V, major	I		V	V	False	I	I, major		I, major		I	-1	0	0	0	-1	-1	False	False	False
13520	40	64	4	E	0	3	8	2	1	True	3.0	-1	31	31	113	31b	169	1/8	False	4	False				False	152	I{		F	V		I	I					M	False	False	(0, 4, 1)	()	0	0	major	major	V	V, major	I		V	V	False	I	I, major		I, major		I	-1	0	0	5	4	4	True	False	False
13520	40	72	0	C	0	3	8	1	1	True	3.0	-1	31	31	113	31b	169	1/8	False	5	False				False	152	I{		F	V		I	I					M	False	False	(0, 4, 1)	()	0	0	major	major	V	V, major	I		V	V	False	I	I, major		I, major		I	-1	0	0	1	0	0	True	True	True
13560	40	43	1	G	0	3	8	2	1	True	1.0	-1	32	32	114	32b	339/2	1/8	False	2	True				False	153	V		F	V		V	V					M	False	False	(1, 5, 2)	()	1	1	major	major	V	V, major	V		V	V	False	V	V, major		V, major		V	-1	0	0	2	1	1	True	True	True
13560	60	74	2	D	0	3	8	1	1	True	1.0	-1	32	32	114	32b	339/2	3/16	False	5	True				False	153	V		F	V		V	V					M	False	False	(1, 5, 2)	()	1	1	major	major	V	V, major	V		V	V	False	V	V, major		V, major		V	-1	0	0	3	2	2	True	False	False
13600	40	43	1	G	0	3	8	2	1	True	2.0	-1	32	32	114	32b	170	1/8	False	2	False				False	153	V		F	V		V	V					M	False	False	(1, 5, 2)	()	1	1	major	major	V	V, major	V		V	V	False	V	V, major		V, major		V	-1	0	0	2	1	1	True	True	True
13620	10	76	4	E	0	3	8	1	1	True	2.5	-1	32	32	114	32b	681/4	1/32	False	5	False				False	153	V		F	V		V	V					M	False	False	(1, 5, 2)	()	1	1	major	major	V	V, major	V		V	V	False	V	V, major		V, major		V	-1	0	0	5	4	4	False	False	False
13630	10	77	-1	F	0	3	8	1	1	True	2.75	-1	32	32	114	32b	1363/8	1/32	False	5	False				False	153	V		F	V		V	V					M	False	False	(1, 5, 2)	()	1	1	major	major	V	V, major	V		V	V	False	V	V, major		V, major		V	-1	0	0	0	-1	-1	False	False	False
13640	40	48	0	C	0	3	8	2	1	True	3.0	-1	32	32	114	32b	341/2	1/8	False	3	False				False	154	I		F	V		I	I					M	False	False	(0, 4, 1)	()	0	0	major	major	V	V, major	I		V	V	False	I	I, major		I, major		I	-1	0	0	1	0	0	True	True	True
13640	40	76	4	E	0	3	8	1	1	True	3.0	-1	32	32	114	32b	341/2	1/8	False	5	False				False	154	I		F	V		I	I					M	False	False	(0, 4, 1)	()	0	0	major	major	V	V, major	I		V	V	False	I	I, major		I, major		I	-1	0	0	5	4	4	True	False	False
13680	20	60	0	C	0	3	8	2	1	True	1.0	-1	33	33	115	33b	171	1/16	False	4	True				False	155	I		F	V		I	I					M	False	False	(0, 4, 1)	()	0	0	major	major	V	V, major	I		V	V	False	I	I, major		I, major		I	-1	0	0	1	0	0	True	True	True
13680	40	79	1	G	0	3	8	1	1	True	1.0	-1	33	33	115	33b	171	1/8	False	5	True				False	155	I		F	V		I	I					M	False	False	(0, 4, 1)	()	0	0	major	major	V	V, major	I		V	V	False	I	I, major		I, major		I	-1	0	0	2	1	1	True	False	False
13700	20	64	4	E	0	3	8	2	1	True	1.5	-1	33	33	115	33b	685/4	1/16	False	4	False				False	155	I		F	V		I	I					M	False	False	(0, 4, 1)	()	0	0	major	major	V	V, major	I		V	V	False	I	I, major		I, major		I	-1	0	0	5	4	4	True	False	False
13720	20	62	2	D	0	3	8	2	1	True	2.0	-1	33	33	115	33b	343/2	1/16	False	4	False				False	155	I		F	V		I	I					M	False	False	(0, 4, 1)	()	0	0	major	major	V	V, major	I		V	V	False	I	I, major		I, major		I	-1	0	0	3	2	2	False	False	False
13720	40	71	5	B	0	3	8	1	1	True	2.0	-1	33	33	115	33b	343/2	1/8	False	4	False				False	155	I		F	V		I	I					M	False	False	(0, 4, 1)	()	0	0	major	major	V	V, major	I		V	V	False	I	I, major		I, major		I	-1	0	0	6	5	5	False	False	False
13740	20	65	-1	F	0	3	8	2	1	True	2.5	-1	33	33	115	33b	687/4	1/16	False	4	False				False	155	I		F	V		I	I					M	False	False	(0, 4, 1)	()	0	0	major	major	V	V, major	I		V	V	False	I	I, major		I, major		I	-1	0	0	0	-1	-1	False	False	False
13760	40	64	4	E	0	3	8	2	1	True	3.0	-1	33	33	115	33b	172	1/8	False	4	False				False	155	I		F	V		I	I					M	False	False	(0, 4, 1)	()	0	0	major	major	V	V, major	I		V	V	False	I	I, major		I, major		I	-1	0	0	5	4	4	True	False	False
13760	40	72	0	C	0	3	8	1	1	True	3.0	-1	33	33	115	33b	172	1/8	False	5	False				False	155	I		F	V		I	I					M	False	False	(0, 4, 1)	()	0	0	major	major	V	V, major	I		V	V	False	I	I, major		I, major		I	-1	0	0	1	0	0	True	True	True
13800	40	43	1	G	0	3	8	2	1	True	1.0	-1	34	34	116	34b	345/2	1/8	False	2	True			}	True	156	V}		F	V		V	V					M	False	False	(1, 5, 2)	()	1	1	major	major	V	V, major	V		V	V	False	V	V, major		V, major		V	-1	0	0	2	1	1	True	True	True
13800	60	74	2	D	0	3	8	1	1	True	1.0	-1	34	34	116	34b	345/2	3/16	False	5	True			}	True	156	V}		F	V		V	V					M	False	False	(1, 5, 2)	()	1	1	major	major	V	V, major	V		V	V	False	V	V, major		V, major		V	-1	0	0	3	2	2	True	False	False
13840	40	43	1	G	0	3	8	2	1	True	2.0	-1	34	34	116	34b	173	1/8	False	2	False				False	156	V}		F	V		V	V					M	False	False	(1, 5, 2)	()	1	1	major	major	V	V, major	V		V	V	False	V	V, major		V, major		V	-1	0	0	2	1	1	True	True	True
13860	10	76	4	E	0	3	8	1	1	True	2.5	-1	34	34	116	34b	693/4	1/32	False	5	False				False	156	V}		F	V		V	V					M	False	False	(1, 5, 2)	()	1	1	major	major	V	V, major	V		V	V	False	V	V, major		V, major		V	-1	0	0	5	4	4	False	False	False
13870	10	77	-1	F	0	3	8	1	1	True	2.75	-1	34	34	116	34b	1387/8	1/32	False	5	False				False	156	V}		F	V		V	V					M	False	False	(1, 5, 2)	()	1	1	major	major	V	V, major	V		V	V	False	V	V, major		V, major		V	-1	0	0	0	-1	-1	False	False	False
13880	40	48	0	C	0	3	8	2	1	True	3.0	-1	34	34	116	34b	347/2	1/8	False	3	True				False	157	I		F	V		I	I					M	False	False	(0, 4, 1)	()	0	0	major	major	V	V, major	I		V	V	False	I	I, major		I, major		I	-1	0	0	1	0	0	True	True	True
13880	40	76	4	E	0	3	8	1	1	True	3.0	-1	34	34	116	34b	347/2	1/8	False	5	True				False	157	I		F	V		I	I					M	False	False	(0, 4, 1)	()	0	0	major	major	V	V, major	I		V	V	False	I	I, major		I, major		I	-1	0	0	5	4	4	True	False	False
13920	40	60	0	C	0	3	8	2	1	True	1.0	-1	35	35	117	35b	174	1/8	False	4	False			{	False	158	{		F	V		I	I					M	False	False	(0, 4, 1)	()	0	0	major	major	V	V, major	I		V	V	False		, major		I, major		I	-1	0	0	1	0	0	True	True	True
13940	20	72	0	C	0	3	8	1	1	True	1.5	-1	35	35	117	35b	697/4	1/16	False	5	False				False	158	{		F	V		I	I					M	False	False	(0, 4, 1)	()	0	0	major	major	V	V, major	I		V	V	False		, major		I, major		I	-1	0	0	1	0	0	True	True	True
13960	40	62	2	D	0	3	8	2	1	True	2.0	-1	35	35	117	35b	349/2	1/8	False	4	False				False	158	{		F	V		I	I					M	False	False	(0, 4, 1)	()	0	0	major	major	V	V, major	I		V	V	False		, major		I, major		I	-1	0	0	3	2	2	False	False	False
13960	20	74	2	D	0	3	8	1	1	True	2.0	-1	35	35	117	35b	349/2	1/16	False	5	False				False	158	{		F	V		I	I					M	False	False	(0, 4, 1)	()	0	0	major	major	V	V, major	I		V	V	False		, major		I, major		I	-1	0	0	3	2	2	False	False	False
13980	20	76	4	E	0	3	8	1	1	True	2.5	-1	35	35	117	35b	699/4	1/16	False	5	False				False	158	{		F	V		I	I					M	False	False	(0, 4, 1)	()	0	0	major	major	V	V, major	I		V	V	False		, major		I, major		I	-1	0	0	5	4	4	True	False	False
14000	40	64	4	E	0	3	8	2	1	True	3.0	-1	35	35	117	35b	175	1/8	False	4	False				False	158	{		F	V		I	I					M	False	False	(0, 4, 1)	()	0	0	major	major	V	V, major	I		V	V	False		, major		I, major		I	-1	0	0	5	4	4	True	False	False
14000	20	77	-1	F	0	3	8	1	1	True	3.0	-1	35	35	117	35b	175	1/16	False	5	False				False	158	{		F	V		I	I					M	False	False	(0, 4, 1)	()	0	0	major	major	V	V, major	I		V	V	False		, major		I, major		I	-1	0	0	0	-1	-1	False	False	False
14020	20	79	1	G	0	3	8	1	1	True	3.5	-1	35	35	117	35b	701/4	1/16	False	5	False				False	158	{		F	V		I	I					M	False	False	(0, 4, 1)	()	0	0	major	major	V	V, major	I		V	V	False		, major		I, major		I	-1	0	0	2	1	1	True	False	False
14040	40	65	-1	F	0	3	8	2	1	True	1.0	-1	36	36	118	36b	351/2	1/8	False	4	True				False	159	ii6	IV	F	V		ii6	ii		6			m	False	False	(-1, 3, 2)	()	2	-1	major	major	V	V, major	ii		V	V	False	ii6	ii6, major		ii6, major		ii	-1	0	0	0	-1	-1	True	False	True
14040	20	80	8	G	1	3	8	1	1	True	1.0	-1	36	36	118	36b	351/2	1/16	False	5	True				False	159	ii6	IV	F	V		ii6	ii		6			m	False	False	(-1, 3, 2)	()	2	-1	major	major	V	V, major	ii		V	V	False	ii6	ii6, major		ii6, major		ii	-1	0	0	9	8	8	False	False	False
14060	20	81	3	A	0	3	8	1	1	True	1.5	-1	36	36	118	36b	703/4	1/16	False	5	False				False	159	ii6	IV	F	V		ii6	ii		6			m	False	False	(-1, 3, 2)	()	2	-1	major	major	V	V, major	ii		V	V	False	ii6	ii6, major		ii6, major		ii	-1	0	0	4	3	3	True	False	False
14080	40	67	1	G	0	3	8	2	1	True	2.0	-1	36	36	118	36b	176	1/8	False	4	False				False	159	ii6	IV	F	V		ii6	ii		6			m	False	False	(-1, 3, 2)	()	2	-1	major	major	V	V, major	ii		V	V	False	ii6	ii6, major		ii6, major		ii	-1	0	0	2	1	1	False	False	False
14080	20	79	1	G	0	3	8	1	1	True	2.0	-1	36	36	118	36b	176	1/16	False	5	False				False	159	ii6	IV	F	V		ii6	ii		6			m	False	False	(-1, 3, 2)	()	2	-1	major	major	V	V, major	ii		V	V	False	ii6	ii6, major		ii6, major		ii	-1	0	0	2	1	1	False	False	False
14100	20	77	-1	F	0	3	8	1	1	True	2.5	-1	36	36	118	36b	705/4	1/16	False	5	False				False	159	ii6	IV	F	V		ii6	ii		6			m	False	False	(-1, 3, 2)	()	2	-1	major	major	V	V, major	ii		V	V	False	ii6	ii6, major		ii6, major		ii	-1	0	0	0	-1	-1	True	False	True
14120	40	69	3	A	0	3	8	2	1	True	3.0	-1	36	36	118	36b	353/2	1/8	False	4	False				False	159	ii6	IV	F	V		ii6	ii		6			m	False	False	(-1, 3, 2)	()	2	-1	major	major	V	V, major	ii		V	V	False	ii6	ii6, major		ii6, major		ii	-1	0	0	4	3	3	True	False	False
14120	20	76	4	E	0	3	8	1	1	True	3.0	-1	36	36	118	36b	353/2	1/16	False	5	False				False	159	ii6	IV	F	V		ii6	ii		6			m	False	False	(-1, 3, 2)	()	2	-1	major	major	V	V, major	ii		V	V	False	ii6	ii6, major		ii6, major		ii	-1	0	0	5	4	4	False	False	False
14140	20	74	2	D	0	3	8	1	1	True	3.5	-1	36	36	118	36b	707/4	1/16	False	5	False				False	159	ii6	IV	F	V		ii6	ii		6			m	False	False	(-1, 3, 2)	()	2	-1	major	major	V	V, major	ii		V	V	False	ii6	ii6, major		ii6, major		ii	-1	0	0	3	2	2	True	True	False
14160	80	67	1	G	0	3	8	2	1	True	1.0	-1	37	37	119	37b	177	1/4	False	4	True				False	160	V(64)		F	V		V(64)	V			64		M	False	False	(1, 0, 4)	()	1	1	major	major	V	V, major	V		V	V	False	V	V, major		V(64), major		V	-1	0	0	2	1	1	True	True	True
14160	10	72	0	C	0	3	8	1	1	True	1.0	-1	37	37	119	37b	177	1/32	False	5	True				False	160	V(64)		F	V		V(64)	V			64		M	False	False	(1, 0, 4)	()	1	1	major	major	V	V, major	V		V	V	False	V	V, major		V(64), major		V	-1	0	0	1	0	0	True	False	False
14170	6	74	2	D	0	3	8	1	1	True	1.25	-1	37	37	119	37b	1417/8	3/160	False	5	False				False	160	V(64)		F	V		V(64)	V			64		M	False	False	(1, 0, 4)	()	1	1	major	major	V	V, major	V		V	V	False	V	V, major		V(64), major		V	-1	0	0	3	2	2	False	False	False
14176	6	72	0	C	0	3	8	1	1	True	1.4	-1	37	37	119	37b	886/5	3/160	False	5	False				False	160	V(64)		F	V		V(64)	V			64		M	False	False	(1, 0, 4)	()	1	1	major	major	V	V, major	V		V	V	False	V	V, major		V(64), major		V	-1	0	0	1	0	0	True	False	False
14182	6	71	5	B	0	3	8	1	1	True	1.55	-1	37	37	119	37b	7091/40	3/160	False	4	False				False	160	V(64)		F	V		V(64)	V			64		M	False	False	(1, 0, 4)	()	1	1	major	major	V	V, major	V		V	V	False	V	V, major		V(64), major		V	-1	0	0	6	5	5	False	False	False
14188	6	72	0	C	0	3	8	1	1	True	1.7	-1	37	37	119	37b	3547/20	3/160	False	5	False				False	160	V(64)		F	V		V(64)	V			64		M	False	False	(1, 0, 4)	()	1	1	major	major	V	V, major	V		V	V	False	V	V, major		V(64), major		V	-1	0	0	1	0	0	True	False	False
14194	6	74	2	D	0	3	8	1	1	True	1.85	-1	37	37	119	37b	7097/40	3/160	False	5	False				False	160	V(64)		F	V		V(64)	V			64		M	False	False	(1, 0, 4)	()	1	1	major	major	V	V, major	V		V	V	False	V	V, major		V(64), major		V	-1	0	0	3	2	2	False	False	False
14200	60	74	2	D	0	3	8	1	1	True	2.0	-1	37	37	119	37b	355/2	3/16	False	5	False				False	160	V(64)		F	V		V(64)	V			64		M	False	False	(1, 0, 4)	()	1	1	major	major	V	V, major	V		V	V	False	V	V, major		V(64), major		V	-1	0	0	3	2	2	False	False	False
14240	40	55	1	G	0	3	8	2	1	True	3.0	-1	37	37	119	37b	178	1/8	False	3	True				False	161	V		F	V		V	V					M	False	False	(1, 5, 2)	()	1	1	major	major	V	V, major	V		V	V	False	V	V, major		V, major		V	-1	0	0	2	1	1	True	True	True
14260	20	72	0	C	0	3	8	1	1	True	3.5	-1	37	37	119	37b	713/4	1/16	False	5	False				False	161	V		F	V		V	V					M	False	False	(1, 5, 2)	()	1	1	major	major	V	V, major	V		V	V	False	V	V, major		V, major		V	-1	0	0	1	0	0	False	False	False
14280	120	48	0	C	0	3	8	2	1	True	1.0	-1	38	38	120	38b	357/2	3/8	False	3	True	PAC	PAC	}	True	162	I|PAC}		F	V		I	I					M	False	False	(0, 4, 1)	()	0	0	major	major	V	V, major	I		V	V	False	I	I, major		I, major		I	-1	0	0	1	0	0	True	True	True
14280	20	72	0	C	0	3	8	1	1	True	1.0	-1	38	38	120	38b	357/2	1/16	False	5	True	PAC	PAC	}	True	162	I|PAC}		F	V		I	I					M	False	False	(0, 4, 1)	()	0	0	major	major	V	V, major	I		V	V	False	I	I, major		I, major		I	-1	0	0	1	0	0	True	True	True
14300	20	84	0	C	0	3	8	1	1	True	1.5	-1	38	38	120	38b	715/4	1/16	False	6	False				False	162	I|PAC}		F	V		I	I					M	False	False	(0, 4, 1)	()	0	0	major	major	V	V, major	I		V	V	False	I	I, major		I, major		I	-1	0	0	1	0	0	True	True	True
14320	20	79	1	G	0	3	8	1	1	True	2.0	-1	38	38	120	38b	179	1/16	False	5	False				False	162	I|PAC}		F	V		I	I					M	False	False	(0, 4, 1)	()	0	0	major	major	V	V, major	I		V	V	False	I	I, major		I, major		I	-1	0	0	2	1	1	True	False	False
14340	20	76	4	E	0	3	8	1	1	True	2.5	-1	38	38	120	38b	717/4	1/16	False	5	False				False	162	I|PAC}		F	V		I	I					M	False	False	(0, 4, 1)	()	0	0	major	major	V	V, major	I		V	V	False	I	I, major		I, major		I	-1	0	0	5	4	4	True	False	False
14360	20	72	0	C	0	3	8	1	1	True	3.0	-1	38	38	120	38b	359/2	1/16	False	5	False				False	162	I|PAC}		F	V		I	I					M	False	False	(0, 4, 1)	()	0	0	major	major	V	V, major	I		V	V	False	I	I, major		I, major		I	-1	0	0	1	0	0	True	True	True
14380	20	67	1	G	0	3	8	1	1	True	3.5	-1	38	38	120	38b	719/4	1/16	False	4	False				False	162	I|PAC}		F	V		I	I					M	False	False	(0, 4, 1)	()	0	0	major	major	V	V, major	I		V	V	False	I	I, major		I, major		I	-1	0	0	2	1	1	True	False	False
14400	40	60	0	C	0	3	8	2	1	True	1.0	-1	39	39	121	39b	180	1/8	False	4	False			{	False	163	{		F	V		I	I					M	False	False	(0, 4, 1)	()	0	0	major	major	V	V, major	I		V	V	False		, major		I, major		I	-1	0	0	1	0	0	True	True	True
14420	20	72	0	C	0	3	8	1	1	True	1.5	-1	39	39	121	39b	721/4	1/16	False	5	False				False	163	{		F	V		I	I					M	False	False	(0, 4, 1)	()	0	0	major	major	V	V, major	I		V	V	False		, major		I, major		I	-1	0	0	1	0	0	True	True	True
14440	40	62	2	D	0	3	8	2	1	True	2.0	-1	39	39	121	39b	361/2	1/8	False	4	False				False	163	{		F	V		I	I					M	False	False	(0, 4, 1)	()	0	0	major	major	V	V, major	I		V	V	False		, major		I, major		I	-1	0	0	3	2	2	False	False	False
14440	20	74	2	D	0	3	8	1	1	True	2.0	-1	39	39	121	39b	361/2	1/16	False	5	False				False	163	{		F	V		I	I					M	False	False	(0, 4, 1)	()	0	0	major	major	V	V, major	I		V	V	False		, major		I, major		I	-1	0	0	3	2	2	False	False	False
14460	20	76	4	E	0	3	8	1	1	True	2.5	-1	39	39	121	39b	723/4	1/16	False	5	False				False	163	{		F	V		I	I					M	False	False	(0, 4, 1)	()	0	0	major	major	V	V, major	I		V	V	False		, major		I, major		I	-1	0	0	5	4	4	True	False	False
14480	40	64	4	E	0	3	8	2	1	True	3.0	-1	39	39	121	39b	181	1/8	False	4	False				False	163	{		F	V		I	I					M	False	False	(0, 4, 1)	()	0	0	major	major	V	V, major	I		V	V	False		, major		I, major		I	-1	0	0	5	4	4	True	False	False
14480	20	77	-1	F	0	3	8	1	1	True	3.0	-1	39	39	121	39b	181	1/16	False	5	False				False	163	{		F	V		I	I					M	False	False	(0, 4, 1)	()	0	0	major	major	V	V, major	I		V	V	False		, major		I, major		I	-1	0	0	0	-1	-1	False	False	False
14500	20	79	1	G	0	3	8	1	1	True	3.5	-1	39	39	121	39b	725/4	1/16	False	5	False				False	163	{		F	V		I	I					M	False	False	(0, 4, 1)	()	0	0	major	major	V	V, major	I		V	V	False		, major		I, major		I	-1	0	0	2	1	1	True	False	False
14520	40	65	-1	F	0	3	8	2	1	True	1.0	-1	40	40	122	40b	363/2	1/8	False	4	True				False	164	ii6	IV	F	V		ii6	ii		6			m	False	False	(-1, 3, 2)	()	2	-1	major	major	V	V, major	ii		V	V	False	ii6	ii6, major		ii6, major		ii	-1	0	0	0	-1	-1	True	False	True
14520	20	80	8	G	1	3	8	1	1	True	1.0	-1	40	40	122	40b	363/2	1/16	False	5	True				False	164	ii6	IV	F	V		ii6	ii		6			m	False	False	(-1, 3, 2)	()	2	-1	major	major	V	V, major	ii		V	V	False	ii6	ii6, major		ii6, major		ii	-1	0	0	9	8	8	False	False	False
14540	20	81	3	A	0	3	8	1	1	True	1.5	-1	40	40	122	40b	727/4	1/16	False	5	False				False	164	ii6	IV	F	V		ii6	ii		6			m	False	False	(-1, 3, 2)	()	2	-1	major	major	V	V, major	ii		V	V	False	ii6	ii6, major		ii6, major		ii	-1	0	0	4	3	3	True	False	False
14560	40	67	1	G	0	3	8	2	1	True	2.0	-1	40	40	122	40b	182	1/8	False	4	False				False	164	ii6	IV	F	V		ii6	ii		6			m	False	False	(-1, 3, 2)	()	2	-1	major	major	V	V, major	ii		V	V	False	ii6	ii6, major		ii6, major		ii	-1	0	0	2	1	1	False	False	False
14560	20	79	1	G	0	3	8	1	1	True	2.0	-1	40	40	122	40b	182	1/16	False	5	False				False	164	ii6	IV	F	V		ii6	ii		6			m	False	False	(-1, 3, 2)	()	2	-1	major	major	V	V, major	ii		V	V	False	ii6	ii6, major		ii6, major		ii	-1	0	0	2	1	1	False	False	False
14580	20	77	-1	F	0	3	8	1	1	True	2.5	-1	40	40	122	40b	729/4	1/16	False	5	False				False	164	ii6	IV	F	V		ii6	ii		6			m	False	False	(-1, 3, 2)	()	2	-1	major	major	V	V, major	ii		V	V	False	ii6	ii6, major		ii6, major		ii	-1	0	0	0	-1	-1	True	False	True
14600	40	69	3	A	0	3	8	2	1	True	3.0	-1	40	40	122	40b	365/2	1/8	False	4	False				False	164	ii6	IV	F	V		ii6	ii		6			m	False	False	(-1, 3, 2)	()	2	-1	major	major	V	V, major	ii		V	V	False	ii6	ii6, major		ii6, major		ii	-1	0	0	4	3	3	True	False	False
14600	20	76	4	E	0	3	8	1	1	True	3.0	-1	40	40	122	40b	365/2	1/16	False	5	False				False	164	ii6	IV	F	V		ii6	ii		6			m	False	False	(-1, 3, 2)	()	2	-1	major	major	V	V, major	ii		V	V	False	ii6	ii6, major		ii6, major		ii	-1	0	0	5	4	4	False	False	False
14620	20	74	2	D	0	3	8	1	1	True	3.5	-1	40	40	122	40b	731/4	1/16	False	5	False				False	164	ii6	IV	F	V		ii6	ii		6			m	False	False	(-1, 3, 2)	()	2	-1	major	major	V	V, major	ii		V	V	False	ii6	ii6, major		ii6, major		ii	-1	0	0	3	2	2	True	True	False
14640	40	67	1	G	0	3	8	2	1	True	1.0	-1	41	41	123	41b	183	1/8	False	4	True				False	165	V(64)		F	V		V(64)	V			64		M	False	False	(1, 0, 4)	()	1	1	major	major	V	V, major	V		V	V	False	V	V, major		V(64), major		V	-1	0	0	2	1	1	True	True	True
14640	20	72	0	C	0	3	8	1	1	True	1.0	-1	41	41	123	41b	183	1/16	False	5	True				False	165	V(64)		F	V		V(64)	V			64		M	False	False	(1, 0, 4)	()	1	1	major	major	V	V, major	V		V	V	False	V	V, major		V(64), major		V	-1	0	0	1	0	0	True	False	False
14660	20	74	2	D	0	3	8	1	1	True	1.5	-1	41	41	123	41b	733/4	1/16	False	5	False				False	165	V(64)		F	V		V(64)	V			64		M	False	False	(1, 0, 4)	()	1	1	major	major	V	V, major	V		V	V	False	V	V, major		V(64), major		V	-1	0	0	3	2	2	False	False	False
14680	40	55	1	G	0	3	8	2	1	True	2.0	-1	41	41	123	41b	367/2	1/8	False	3	False				False	165	V(64)		F	V		V(64)	V			64		M	False	False	(1, 0, 4)	()	1	1	major	major	V	V, major	V		V	V	False	V	V, major		V(64), major		V	-1	0	0	2	1	1	True	True	True
14680	60	74	2	D	0	3	8	1	1	True	2.0	-1	41	41	123	41b	367/2	3/16	False	5	False				False	165	V(64)		F	V		V(64)	V			64		M	False	False	(1, 0, 4)	()	1	1	major	major	V	V, major	V		V	V	False	V	V, major		V(64), major		V	-1	0	0	3	2	2	False	False	False
14720	40	43	1	G	0	3	8	2	1	True	3.0	-1	41	41	123	41b	184	1/8	False	2	True				False	166	V		F	V		V	V					M	False	False	(1, 5, 2)	()	1	1	major	major	V	V, major	V		V	V	False	V	V, major		V, major		V	-1	0	0	2	1	1	True	True	True
14740	20	72	0	C	0	3	8	1	1	True	3.5	-1	41	41	123	41b	737/4	1/16	False	5	False				False	166	V		F	V		V	V					M	False	False	(1, 5, 2)	()	1	1	major	major	V	V, major	V		V	V	False	V	V, major		V, major		V	-1	0	0	1	0	0	False	False	False
14760	40	36	0	C	0	3	8	2	1	True	1.0	-1	42	42	124	42b	369/2	1/8	False	2	True	PAC	PAC	}	True	167	I|PAC}		F	V		I	I					M	False	False	(0, 4, 1)	()	0	0	major	major	V	V, major	I		V	V	False	I	I, major		I, major		I	-1	0	0	1	0	0	True	True	True
14760	120	72	0	C	0	3	8	1	1	True	1.0	-1	42	42	124	42b	369/2	3/8	False	5	True	PAC	PAC	}	True	167	I|PAC}		F	V		I	I					M	False	False	(0, 4, 1)	()	0	0	major	major	V	V, major	I		V	V	False	I	I, major		I, major		I	-1	0	0	1	0	0	True	True	True
14800	40	48	0	C	0	3	8	2	1	True	2.0	-1	42	42	124	42b	185	1/8	False	3	False				False	167	I|PAC}		F	V		I	I					M	False	False	(0, 4, 1)	()	0	0	major	major	V	V, major	I		V	V	False	I	I, major		I, major		I	-1	0	0	1	0	0	True	True	True
14840	40	60	0	C	0	3	8	2	1	True	3.0	-1	42	42	124	42b	371/2	1/8	False	4	False				False	167	I|PAC}		F	V		I	I					M	False	False	(0, 4, 1)	()	0	0	major	major	V	V, major	I		V	V	False	I	I, major		I, major		I	-1	0	0	1	0	0	True	True	True
14880	80	72	0	C	0	3	8	2	1	True	1.0	-1	43	43	125	43b	186	1/4	False	5	True			{	False	168	v.i{		F	v		i	i					m	False	True	(0, -3, 1)	()	0	0	major	minor	v	v, major	i		v	v	True	i	i, minor		i, minor		i	-1	0	0	1	0	0	True	True	True
14900	20	79	1	G	0	3	8	1	1	True	1.5	-1	43	43	125	43b	745/4	1/16	False	5	False				False	168	v.i{		F	v		i	i					m	False	True	(0, -3, 1)	()	0	0	major	minor	v	v, major	i		v	v	True	i	i, minor		i, minor		i	-1	0	0	2	1	1	True	False	False
14920	0	82	-2	B	-1	3	8	1	1	True	2.0	-1	43	43	125	43b	373/2	0	False	5	False				False	168	v.i{		F	v		i	i					m	False	True	(0, -3, 1)	()	0	0	major	minor	v	v, major	i		v	v	True	i	i, minor		i, minor		i	-1	0	0	-1	-2	-2	False	False	False
14920	20	80	-4	A	-1	3	8	1	1	True	2.0	-1	43	43	125	43b	373/2	1/16	False	5	False				False	168	v.i{		F	v		i	i					m	False	True	(0, -3, 1)	()	0	0	major	minor	v	v, major	i		v	v	True	i	i, minor		i, minor		i	-1	0	0	-3	-4	-4	False	False	False
14940	20	79	1	G	0	3	8	1	1	True	2.5	-1	43	43	125	43b	747/4	1/16	False	5	False				False	168	v.i{		F	v		i	i					m	False	True	(0, -3, 1)	()	0	0	major	minor	v	v, major	i		v	v	True	i	i, minor		i, minor		i	-1	0	0	2	1	1	True	False	False
14960	40	70	-2	B	-1	3	8	2	1	True	3.0	-1	43	43	125	43b	187	1/8	False	4	True				False	169	v6		F	v		v6	v		6			m	False	True	(-2, 2, 1)	()	1	-2	major	minor	v	v, major	v		v	v	True	v6	v6, minor		v6, minor		v	-1	0	0	-1	-2	-2	True	False	True
14960	20	80	-4	A	-1	3	8	1	1	True	3.0	-1	43	43	125	43b	187	1/16	False	5	True				False	169	v6		F	v		v6	v		6			m	False	True	(-2, 2, 1)	()	1	-2	major	minor	v	v, major	v		v	v	True	v6	v6, minor		v6, minor		v	-1	0	0	-3	-4	-4	False	False	False
14980	20	79	1	G	0	3	8	1	1	True	3.5	-1	43	43	125	43b	749/4	1/16	False	5	False				False	169	v6		F	v		v6	v		6			m	False	True	(-2, 2, 1)	()	1	-2	major	minor	v	v, major	v		v	v	True	v6	v6, minor		v6, minor		v	-1	0	0	2	1	1	True	True	False
15000	80	68	-4	A	-1	3	8	2	1	True	1.0	-1	44	44	126	44b	375/2	1/4	False	4	True				False	170	iv6		F	v		iv6	iv		6			m	False	True	(-4, 0, -1)	()	-1	-4	major	minor	v	v, major	iv		v	v	True	iv6	iv6, minor		iv6, minor		iv	-1	0	0	-3	-4	-4	True	False	True
15000	80	72	0	C	0	3	8	2	1	True	1.0	-1	44	44	126	44b	375/2	1/4	False	5	True				False	170	iv6		F	v		iv6	iv		6			m	False	True	(-4, 0, -1)	()	-1	-4	major	minor	v	v, major	iv		v	v	True	iv6	iv6, minor		iv6, minor		iv	-1	0	0	1	0	0	True	False	False
15020	20	76	4	E	0	3	8	1	1	True	1.5	-1	44	44	126	44b	751/4	1/16	False	5	False				False	170	iv6		F	v		iv6	iv		6			m	False	True	(-4, 0, -1)	()	-1	-4	major	minor	v	v, major	iv		v	v	True	iv6	iv6, minor		iv6, minor		iv	-1	0	0	5	4	4	False	False	False
15040	0	79	1	G	0	3	8	1	1	True	2.0	-1	44	44	126	44b	188	0	False	5	False				False	170	iv6		F	v		iv6	iv		6			m	False	True	(-4, 0, -1)	()	-1	-4	major	minor	v	v, major	iv		v	v	True	iv6	iv6, minor		iv6, minor		iv	-1	0	0	2	1	1	False	False	False
15040	20	77	-1	F	0	3	8	1	1	True	2.0	-1	44	44	126	44b	188	1/16	False	5	False				False	170	iv6		F	v		iv6	iv		6			m	False	True	(-4, 0, -1)	()	-1	-4	major	minor	v	v, major	iv		v	v	True	iv6	iv6, minor		iv6, minor		iv	-1	0	0	0	-1	-1	True	True	False
15060	20	76	4	E	0	3	8	1	1	True	2.5	-1	44	44	126	44b	753/4	1/16	False	5	False				False	170	iv6		F	v		iv6	iv		6			m	False	True	(-4, 0, -1)	()	-1	-4	major	minor	v	v, major	iv		v	v	True	iv6	iv6, minor		iv6, minor		iv	-1	0	0	5	4	4	False	False	False
15080	40	67	1	G	0	3	8	2	1	True	3.0	-1	44	44	126	44b	377/2	1/8	False	4	True				False	171	#viio6/iv		F	v		#viio6/iv	#vii	o	6		iv	o	False	True	(1, -2, 4)	()	4	1	major	minor	v	v, major	#vii/iv	iv	iv/v	i	True	#viio6/iv	#viio6/iv, minor		#viio6/iv, minor	iv	iv	-1	0	-1	2	1	2	True	False	True
15080	40	70	-2	B	-1	3	8	2	1	True	3.0	-1	44	44	126	44b	377/2	1/8	False	4	True				False	171	#viio6/iv		F	v		#viio6/iv	#vii	o	6		iv	o	False	True	(1, -2, 4)	()	4	1	major	minor	v	v, major	#vii/iv	iv	iv/v	i	True	#viio6/iv	#viio6/iv, minor		#viio6/iv, minor	iv	iv	-1	0	-1	-1	-2	-1	True	False	False
15080	20	77	-1	F	0	3	8	1	1	True	3.0	-1	44	44	126	44b	377/2	1/16	False	5	True				False	171	#viio6/iv		F	v		#viio6/iv	#vii	o	6		iv	o	False	True	(1, -2, 4)	()	4	1	major	minor	v	v, major	#vii/iv	iv	iv/v	i	True	#viio6/iv	#viio6/iv, minor		#viio6/iv, minor	iv	iv	-1	0	-1	0	-1	0	False	False	False
15100	20	76	4	E	0	3	8	1	1	True	3.5	-1	44	44	126	44b	755/4	1/16	False	5	False				False	171	#viio6/iv		F	v		#viio6/iv	#vii	o	6		iv	o	False	True	(1, -2, 4)	()	4	1	major	minor	v	v, major	#vii/iv	iv	iv/v	i	True	#viio6/iv	#viio6/iv, minor		#viio6/iv, minor	iv	iv	-1	0	-1	5	4	5	True	True	False
15120	40	65	-1	F	0	3	8	2	2	True	1.0	-1	45	45	127	45b	189	1/8	False	4	True				False	172	iv		F	v		iv	iv					m	False	True	(-1, -4, 0)	()	-1	-1	major	minor	v	v, major	iv		v	v	True	iv	iv, minor		iv, minor		iv	-1	0	0	0	-1	-1	True	True	True
15120	40	72	0	C	0	3	8	2	1	True	1.0	-1	45	45	127	45b	189	1/8	False	5	True				False	172	iv		F	v		iv	iv					m	False	True	(-1, -4, 0)	()	-1	-1	major	minor	v	v, major	iv		v	v	True	iv	iv, minor		iv, minor		iv	-1	0	0	1	0	0	True	False	False
15120	20	77	-1	F	0	3	8	1	1	True	1.0	-1	45	45	127	45b	189	1/16	False	5	True				False	172	iv		F	v		iv	iv					m	False	True	(-1, -4, 0)	()	-1	-1	major	minor	v	v, major	iv		v	v	True	iv	iv, minor		iv, minor		iv	-1	0	0	0	-1	-1	True	True	True
15140	20	79	1	G	0	3	8	1	1	True	1.5	-1	45	45	127	45b	757/4	1/16	False	5	False				False	172	iv		F	v		iv	iv					m	False	True	(-1, -4, 0)	()	-1	-1	major	minor	v	v, major	iv		v	v	True	iv	iv, minor		iv, minor		iv	-1	0	0	2	1	1	False	False	False
15160	40	67	1	G	0	3	8	2	2	True	2.0	-1	45	45	127	45b	379/2	1/8	False	4	False				False	172	iv		F	v		iv	iv					m	False	True	(-1, -4, 0)	()	-1	-1	major	minor	v	v, major	iv		v	v	True	iv	iv, minor		iv, minor		iv	-1	0	0	2	1	1	False	False	False
15160	20	77	-1	F	0	3	8	1	1	True	2.0	-1	45	45	127	45b	379/2	1/16	False	5	False				False	172	iv		F	v		iv	iv					m	False	True	(-1, -4, 0)	()	-1	-1	major	minor	v	v, major	iv		v	v	True	iv	iv, minor		iv, minor		iv	-1	0	0	0	-1	-1	True	True	True
15180	20	75	-3	E	-1	3	8	1	1	True	2.5	-1	45	45	127	45b	759/4	1/16	False	5	False				False	172	iv		F	v		iv	iv					m	False	True	(-1, -4, 0)	()	-1	-1	major	minor	v	v, major	iv		v	v	True	iv	iv, minor		iv, minor		iv	-1	0	0	-2	-3	-3	False	False	False
15200	40	68	-4	A	-1	3	8	2	2	True	3.0	-1	45	45	127	45b	190	1/8	False	4	False				False	172	iv		F	v		iv	iv					m	False	True	(-1, -4, 0)	()	-1	-1	major	minor	v	v, major	iv		v	v	True	iv	iv, minor		iv, minor		iv	-1	0	0	-3	-4	-4	True	False	False
15200	20	74	2	D	0	3	8	1	1	True	3.0	-1	45	45	127	45b	190	1/16	False	5	False				False	172	iv		F	v		iv	iv					m	False	True	(-1, -4, 0)	()	-1	-1	major	minor	v	v, major	iv		v	v	True	iv	iv, minor		iv, minor		iv	-1	0	0	3	2	2	False	False	False
15220	20	72	0	C	0	3	8	1	1	True	3.5	-1	45	45	127	45b	761/4	1/16	False	5	False				False	172	iv		F	v		iv	iv					m	False	True	(-1, -4, 0)	()	-1	-1	major	minor	v	v, major	iv		v	v	True	iv	iv, minor		iv, minor		iv	-1	0	0	1	0	0	True	False	False
15240	20	67	1	G	0	3	8	2	1	True	1.0	-1	46	46	128	46b	381/2	1/16	False	4	True	HC	HC	}	True	173	V|HC}		F	v		V	V					M	False	True	(1, 5, 2)	()	1	1	major	minor	v	v, major	V		v	v	True	V	V, minor		V, minor		V	-1	0	0	2	1	1	True	True	True
15240	120	71	5	B	0	3	8	1	1	True	1.0	-1	46	46	128	46b	381/2	3/8	False	4	True	HC	HC	}	True	173	V|HC}		F	v		V	V					M	False	True	(1, 5, 2)	()	1	1	major	minor	v	v, major	V		v	v	True	V	V, minor		V, minor		V	-1	0	0	6	5	5	True	False	False
15260	20	68	-4	A	-1	3	8	2	1	True	1.5	-1	46	46	128	46b	763/4	1/16	False	4	False				False	173	V|HC}		F	v		V	V					M	False	True	(1, 5, 2)	()	1	1	major	minor	v	v, major	V		v	v	True	V	V, minor		V, minor		V	-1	0	0	-3	-4	-4	False	False	False
15280	20	67	1	G	0	3	8	2	1	True	2.0	-1	46	46	128	46b	191	1/16	False	4	False				False	173	V|HC}		F	v		V	V					M	False	True	(1, 5, 2)	()	1	1	major	minor	v	v, major	V		v	v	True	V	V, minor		V, minor		V	-1	0	0	2	1	1	True	True	True
15300	20	65	-1	F	0	3	8	2	1	True	2.5	-1	46	46	128	46b	765/4	1/16	False	4	False				False	173	V|HC}		F	v		V	V					M	False	True	(1, 5, 2)	()	1	1	major	minor	v	v, major	V		v	v	True	V	V, minor		V, minor		V	-1	0	0	0	-1	-1	False	False	False
15320	20	63	-3	E	-1	3	8	2	1	True	3.0	-1	46	46	128	46b	383/2	1/16	False	4	False				False	173	V|HC}		F	v		V	V					M	False	True	(1, 5, 2)	()	1	1	major	minor	v	v, major	V		v	v	True	V	V, minor		V, minor		V	-1	0	0	-2	-3	-3	False	False	False
15340	20	62	2	D	0	3	8	2	1	True	3.5	-1	46	46	128	46b	767/4	1/16	False	4	False				False	173	V|HC}		F	v		V	V					M	False	True	(1, 5, 2)	()	1	1	major	minor	v	v, major	V		v	v	True	V	V, minor		V, minor		V	-1	0	0	3	2	2	True	False	False
15360	40	60	0	C	0	3	8	2	1	True	1.0	-1	47	47	129	47b	192	1/8	False	4	True			{	False	174	i{		F	v		i	i					m	False	True	(0, -3, 1)	()	0	0	major	minor	v	v, major	i		v	v	True	i	i, minor		i, minor		i	-1	0	0	1	0	0	True	True	True
15380	20	79	1	G	0	3	8	1	1	True	1.5	-1	47	47	129	47b	769/4	1/16	False	5	False				False	174	i{		F	v		i	i					m	False	True	(0, -3, 1)	()	0	0	major	minor	v	v, major	i		v	v	True	i	i, minor		i, minor		i	-1	0	0	2	1	1	True	False	False
15400	0	82	-2	B	-1	3	8	1	1	True	2.0	-1	47	47	129	47b	385/2	0	False	5	False				False	174	i{		F	v		i	i					m	False	True	(0, -3, 1)	()	0	0	major	minor	v	v, major	i		v	v	True	i	i, minor		i, minor		i	-1	0	0	-1	-2	-2	False	False	False
15400	40	72	0	C	0	3	8	2	1	True	2.0	-1	47	47	129	47b	385/2	1/8	False	5	False				False	174	i{		F	v		i	i					m	False	True	(0, -3, 1)	()	0	0	major	minor	v	v, major	i		v	v	True	i	i, minor		i, minor		i	-1	0	0	1	0	0	True	True	True
15400	20	80	-4	A	-1	3	8	1	1	True	2.0	-1	47	47	129	47b	385/2	1/16	False	5	False				False	174	i{		F	v		i	i					m	False	True	(0, -3, 1)	()	0	0	major	minor	v	v, major	i		v	v	True	i	i, minor		i, minor		i	-1	0	0	-3	-4	-4	False	False	False
15420	20	79	1	G	0	3	8	1	1	True	2.5	-1	47	47	129	47b	771/4	1/16	False	5	False				False	174	i{		F	v		i	i					m	False	True	(0, -3, 1)	()	0	0	major	minor	v	v, major	i		v	v	True	i	i, minor		i, minor		i	-1	0	0	2	1	1	True	False	False
15440	40	70	-2	B	-1	3	8	2	1	True	3.0	-1	47	47	129	47b	193	1/8	False	4	True				False	175	v6		F	v		v6	v		6			m	False	True	(-2, 2, 1)	()	1	-2	major	minor	v	v, major	v		v	v	True	v6	v6, minor		v6, minor		v	-1	0	0	-1	-2	-2	True	False	True
15440	20	80	-4	A	-1	3	8	1	1	True	3.0	-1	47	47	129	47b	193	1/16	False	5	True				False	175	v6		F	v		v6	v		6			m	False	True	(-2, 2, 1)	()	1	-2	major	minor	v	v, major	v		v	v	True	v6	v6, minor		v6, minor		v	-1	0	0	-3	-4	-4	False	False	False
15460	20	79	1	G	0	3	8	1	1	True	3.5	-1	47	47	129	47b	773/4	1/16	False	5	False				False	175	v6		F	v		v6	v		6			m	False	True	(-2, 2, 1)	()	1	-2	major	minor	v	v, major	v		v	v	True	v6	v6, minor		v6, minor		v	-1	0	0	2	1	1	True	True	False
15480	80	68	-4	A	-1	3	8	2	1	True	1.0	-1	48	48	130	48b	387/2	1/4	False	4	True				False	176	iv6		F	v		iv6	iv		6			m	False	True	(-4, 0, -1)	()	-1	-4	major	minor	v	v, major	iv		v	v	True	iv6	iv6, minor		iv6, minor		iv	-1	0	0	-3	-4	-4	True	False	True
15480	80	72	0	C	0	3	8	2	1	True	1.0	-1	48	48	130	48b	387/2	1/4	False	5	True				False	176	iv6		F	v		iv6	iv		6			m	False	True	(-4, 0, -1)	()	-1	-4	major	minor	v	v, major	iv		v	v	True	iv6	iv6, minor		iv6, minor		iv	-1	0	0	1	0	0	True	False	False
15500	20	76	4	E	0	3	8	1	1	True	1.5	-1	48	48	130	48b	775/4	1/16	False	5	False				False	176	iv6		F	v		iv6	iv		6			m	False	True	(-4, 0, -1)	()	-1	-4	major	minor	v	v, major	iv		v	v	True	iv6	iv6, minor		iv6, minor		iv	-1	0	0	5	4	4	False	False	False
15520	0	79	1	G	0	3	8	1	1	True	2.0	-1	48	48	130	48b	194	0	False	5	False				False	176	iv6		F	v		iv6	iv		6			m	False	True	(-4, 0, -1)	()	-1	-4	major	minor	v	v, major	iv		v	v	True	iv6	iv6, minor		iv6, minor		iv	-1	0	0	2	1	1	False	False	False
15520	20	77	-1	F	0	3	8	1	1	True	2.0	-1	48	48	130	48b	194	1/16	False	5	False				False	176	iv6		F	v		iv6	iv		6			m	False	True	(-4, 0, -1)	()	-1	-4	major	minor	v	v, major	iv		v	v	True	iv6	iv6, minor		iv6, minor		iv	-1	0	0	0	-1	-1	True	True	False
15540	20	76	4	E	0	3	8	1	1	True	2.5	-1	48	48	130	48b	777/4	1/16	False	5	False				False	176	iv6		F	v		iv6	iv		6			m	False	True	(-4, 0, -1)	()	-1	-4	major	minor	v	v, major	iv		v	v	True	iv6	iv6, minor		iv6, minor		iv	-1	0	0	5	4	4	False	False	False
15560	40	67	1	G	0	3	8	2	1	True	3.0	-1	48	48	130	48b	389/2	1/8	False	4	True				False	177	#viio6/iv		F	v		#viio6/iv	#vii	o	6		iv	o	False	True	(1, -2, 4)	()	4	1	major	minor	v	v, major	#vii/iv	iv	iv/v	i	True	#viio6/iv	#viio6/iv, minor		#viio6/iv, minor	iv	iv	-1	0	-1	2	1	2	True	False	True
15560	40	70	-2	B	-1	3	8	2	1	True	3.0	-1	48	48	130	48b	389/2	1/8	False	4	True				False	177	#viio6/iv		F	v		#viio6/iv	#vii	o	6		iv	o	False	True	(1, -2, 4)	()	4	1	major	minor	v	v, major	#vii/iv	iv	iv/v	i	True	#viio6/iv	#viio6/iv, minor		#viio6/iv, minor	iv	iv	-1	0	-1	-1	-2	-1	True	False	False
15560	20	77	-1	F	0	3	8	1	1	True	3.0	-1	48	48	130	48b	389/2	1/16	False	5	True				False	177	#viio6/iv		F	v		#viio6/iv	#vii	o	6		iv	o	False	True	(1, -2, 4)	()	4	1	major	minor	v	v, major	#vii/iv	iv	iv/v	i	True	#viio6/iv	#viio6/iv, minor		#viio6/iv, minor	iv	iv	-1	0	-1	0	-1	0	False	False	False
15580	20	76	4	E	0	3	8	1	1	True	3.5	-1	48	48	130	48b	779/4	1/16	False	5	False				False	177	#viio6/iv		F	v		#viio6/iv	#vii	o	6		iv	o	False	True	(1, -2, 4)	()	4	1	major	minor	v	v, major	#vii/iv	iv	iv/v	i	True	#viio6/iv	#viio6/iv, minor		#viio6/iv, minor	iv	iv	-1	0	-1	5	4	5	True	True	False
15600	40	65	-1	F	0	3	8	2	2	True	1.0	-1	49	49	131	49b	195	1/8	False	4	True				False	178	iv		F	v		iv	iv					m	False	True	(-1, -4, 0)	()	-1	-1	major	minor	v	v, major	iv		v	v	True	iv	iv, minor		iv, minor		iv	-1	0	0	0	-1	-1	True	True	True
15600	40	72	0	C	0	3	8	2	1	True	1.0	-1	49	49	131	49b	195	1/8	False	5	True				False	178	iv		F	v		iv	iv					m	False	True	(-1, -4, 0)	()	-1	-1	major	minor	v	v, major	iv		v	v	True	iv	iv, minor		iv, minor		iv	-1	0	0	1	0	0	True	False	False
15600	20	77	-1	F	0	3	8	1	1	True	1.0	-1	49	49	131	49b	195	1/16	False	5	True				False	178	iv		F	v		iv	iv					m	False	True	(-1, -4, 0)	()	-1	-1	major	minor	v	v, major	iv		v	v	True	iv	iv, minor		iv, minor		iv	-1	0	0	0	-1	-1	True	True	True
15620	20	79	1	G	0	3	8	1	1	True	1.5	-1	49	49	131	49b	781/4	1/16	False	5	False				False	178	iv		F	v		iv	iv					m	False	True	(-1, -4, 0)	()	-1	-1	major	minor	v	v, major	iv		v	v	True	iv	iv, minor		iv, minor		iv	-1	0	0	2	1	1	False	False	False
15640	40	67	1	G	0	3	8	2	2	True	2.0	-1	49	49	131	49b	391/2	1/8	False	4	False				False	178	iv		F	v		iv	iv					m	False	True	(-1, -4, 0)	()	-1	-1	major	minor	v	v, major	iv		v	v	True	iv	iv, minor		iv, minor		iv	-1	0	0	2	1	1	False	False	False
15640	20	77	-1	F	0	3	8	1	1	True	2.0	-1	49	49	131	49b	391/2	1/16	False	5	False				False	178	iv		F	v		iv	iv					m	False	True	(-1, -4, 0)	()	-1	-1	major	minor	v	v, major	iv		v	v	True	iv	iv, minor		iv, minor		iv	-1	0	0	0	-1	-1	True	True	True
15660	20	75	-3	E	-1	3	8	1	1	True	2.5	-1	49	49	131	49b	783/4	1/16	False	5	False				False	178	iv		F	v		iv	iv					m	False	True	(-1, -4, 0)	()	-1	-1	major	minor	v	v, major	iv		v	v	True	iv	iv, minor		iv, minor		iv	-1	0	0	-2	-3	-3	False	False	False
15680	40	68	-4	A	-1	3	8	2	2	True	3.0	-1	49	49	131	49b	196	1/8	False	4	False				False	178	iv		F	v		iv	iv					m	False	True	(-1, -4, 0)	()	-1	-1	major	minor	v	v, major	iv		v	v	True	iv	iv, minor		iv, minor		iv	-1	0	0	-3	-4	-4	True	False	False
15680	20	74	2	D	0	3	8	1	1	True	3.0	-1	49	49	131	49b	196	1/16	False	5	False				False	178	iv		F	v		iv	iv					m	False	True	(-1, -4, 0)	()	-1	-1	major	minor	v	v, major	iv		v	v	True	iv	iv, minor		iv, minor		iv	-1	0	0	3	2	2	False	False	False
15700	20	72	0	C	0	3	8	1	1	True	3.5	-1	49	49	131	49b	785/4	1/16	False	5	False				False	178	iv		F	v		iv	iv					m	False	True	(-1, -4, 0)	()	-1	-1	major	minor	v	v, major	iv		v	v	True	iv	iv, minor		iv, minor		iv	-1	0	0	1	0	0	True	False	False
15720	40	67	1	G	0	3	8	2	1	True	1.0	-1	50	50	132	50b	393/2	1/8	False	4	True	HC	HC	}	True	179	V|HC}		F	v		V	V					M	False	True	(1, 5, 2)	()	1	1	major	minor	v	v, major	V		v	v	True	V	V, minor		V, minor		V	-1	0	0	2	1	1	True	True	True
15720	20	71	5	B	0	3	8	1	1	True	1.0	-1	50	50	132	50b	393/2	1/16	False	4	True	HC	HC	}	True	179	V|HC}		F	v		V	V					M	False	True	(1, 5, 2)	()	1	1	major	minor	v	v, major	V		v	v	True	V	V, minor		V, minor		V	-1	0	0	6	5	5	True	False	False
15740	20	74	2	D	0	3	8	1	1	True	1.5	-1	50	50	132	50b	787/4	1/16	False	5	False				False	179	V|HC}		F	v		V	V					M	False	True	(1, 5, 2)	()	1	1	major	minor	v	v, major	V		v	v	True	V	V, minor		V, minor		V	-1	0	0	3	2	2	True	False	False
15760	20	71	5	B	0	3	8	1	1	True	2.0	-1	50	50	132	50b	197	1/16	False	4	False				False	179	V|HC}		F	v		V	V					M	False	True	(1, 5, 2)	()	1	1	major	minor	v	v, major	V		v	v	True	V	V, minor		V, minor		V	-1	0	0	6	5	5	True	False	False
15780	20	67	1	G	0	3	8	1	1	True	2.5	-1	50	50	132	50b	789/4	1/16	False	4	False				False	179	V|HC}		F	v		V	V					M	False	True	(1, 5, 2)	()	1	1	major	minor	v	v, major	V		v	v	True	V	V, minor		V, minor		V	-1	0	0	2	1	1	True	True	True
15800	20	62	2	D	0	3	8	1	1	True	3.0	-1	50	50	132	50b	395/2	1/16	False	4	False				False	179	V|HC}		F	v		V	V					M	False	True	(1, 5, 2)	()	1	1	major	minor	v	v, major	V		v	v	True	V	V, minor		V, minor		V	-1	0	0	3	2	2	True	False	False
15820	20	59	5	B	0	3	8	1	1	True	3.5	-1	50	50	132	50b	791/4	1/16	False	3	False				False	179	V|HC}		F	v		V	V					M	False	True	(1, 5, 2)	()	1	1	major	minor	v	v, major	V		v	v	True	V	V, minor		V, minor		V	-1	0	0	6	5	5	True	False	False
15840	40	55	1	G	0	3	8	2	1	True	1.0	-1	51	51	133	51b	198	1/8	False	3	True			{	False	180	V7{		F	v		V7	V		7			Mm7	False	True	(1, 5, 2, -1)	()	1	1	major	minor	v	v, major	V		v	v	True	V7	V7, minor		V7, minor		V	-1	0	0	2	1	1	True	True	True
15860	20	77	-1	F	0	3	8	1	1	True	1.5	-1	51	51	133	51b	793/4	1/16	False	5	False				False	180	V7{		F	v		V7	V		7			Mm7	False	True	(1, 5, 2, -1)	()	1	1	major	minor	v	v, major	V		v	v	True	V7	V7, minor		V7, minor		V	-1	0	0	0	-1	-1	True	False	False
15880	40	62	2	D	0	3	8	2	1	True	2.0	-1	51	51	133	51b	397/2	1/8	False	4	False				False	180	V7{		F	v		V7	V		7			Mm7	False	True	(1, 5, 2, -1)	()	1	1	major	minor	v	v, major	V		v	v	True	V7	V7, minor		V7, minor		V	-1	0	0	3	2	2	True	False	False
15880	20	75	-3	E	-1	3	8	1	1	True	2.0	-1	51	51	133	51b	397/2	1/16	False	5	False				False	180	V7{		F	v		V7	V		7			Mm7	False	True	(1, 5, 2, -1)	()	1	1	major	minor	v	v, major	V		v	v	True	V7	V7, minor		V7, minor		V	-1	0	0	-2	-3	-3	False	False	False
15900	20	74	2	D	0	3	8	1	1	True	2.5	-1	51	51	133	51b	795/4	1/16	False	5	False				False	180	V7{		F	v		V7	V		7			Mm7	False	True	(1, 5, 2, -1)	()	1	1	major	minor	v	v, major	V		v	v	True	V7	V7, minor		V7, minor		V	-1	0	0	3	2	2	True	False	False
15920	40	65	-1	F	0	3	8	2	1	True	3.0	-1	51	51	133	51b	199	1/8	False	4	False				False	180	V7{		F	v		V7	V		7			Mm7	False	True	(1, 5, 2, -1)	()	1	1	major	minor	v	v, major	V		v	v	True	V7	V7, minor		V7, minor		V	-1	0	0	0	-1	-1	True	False	False
15920	20	72	0	C	0	3	8	1	1	True	3.0	-1	51	51	133	51b	199	1/16	False	5	False				False	180	V7{		F	v		V7	V		7			Mm7	False	True	(1, 5, 2, -1)	()	1	1	major	minor	v	v, major	V		v	v	True	V7	V7, minor		V7, minor		V	-1	0	0	1	0	0	False	False	False
15940	20	71	5	B	0	3	8	1	1	True	3.5	-1	51	51	133	51b	797/4	1/16	False	4	False				False	180	V7{		F	v		V7	V		7			Mm7	False	True	(1, 5, 2, -1)	()	1	1	major	minor	v	v, major	V		v	v	True	V7	V7, minor		V7, minor		V	-1	0	0	6	5	5	True	False	False
15960	20	63	-3	E	-1	3	8	2	1	True	1.0	-1	52	52	134	52b	399/2	1/16	False	4	True				False	181	i6		F	v		i6	i		6			m	False	True	(-3, 1, 0)	()	0	-3	major	minor	v	v, major	i		v	v	True	i6	i6, minor		i6, minor		i	-1	0	0	-2	-3	-3	True	False	True
15960	40	72	0	C	0	3	8	1	1	True	1.0	-1	52	52	134	52b	399/2	1/8	False	5	True				False	181	i6		F	v		i6	i		6			m	False	True	(-3, 1, 0)	()	0	-3	major	minor	v	v, major	i		v	v	True	i6	i6, minor		i6, minor		i	-1	0	0	1	0	0	True	True	False
15980	20	62	2	D	0	3	8	2	1	True	1.5	-1	52	52	134	52b	799/4	1/16	False	4	False				False	181	i6		F	v		i6	i		6			m	False	True	(-3, 1, 0)	()	0	-3	major	minor	v	v, major	i		v	v	True	i6	i6, minor		i6, minor		i	-1	0	0	3	2	2	False	False	False
16000	20	60	0	C	0	3	8	2	1	True	2.0	-1	52	52	134	52b	200	1/16	False	4	False				False	181	i6		F	v		i6	i		6			m	False	True	(-3, 1, 0)	()	0	-3	major	minor	v	v, major	i		v	v	True	i6	i6, minor		i6, minor		i	-1	0	0	1	0	0	True	True	False
16000	40	72	0	C	0	3	8	1	1	True	2.0	-1	52	52	134	52b	200	1/8	False	5	False				False	181	i6		F	v		i6	i		6			m	False	True	(-3, 1, 0)	()	0	-3	major	minor	v	v, major	i		v	v	True	i6	i6, minor		i6, minor		i	-1	0	0	1	0	0	True	True	False
16020	20	59	5	B	0	3	8	2	1	True	2.5	-1	52	52	134	52b	801/4	1/16	False	3	False				False	181	i6		F	v		i6	i		6			m	False	True	(-3, 1, 0)	()	0	-3	major	minor	v	v, major	i		v	v	True	i6	i6, minor		i6, minor		i	-1	0	0	6	5	5	False	False	False
16040	20	60	0	C	0	3	8	2	1	True	3.0	-1	52	52	134	52b	401/2	1/16	False	4	False				False	181	i6		F	v		i6	i		6			m	False	True	(-3, 1, 0)	()	0	-3	major	minor	v	v, major	i		v	v	True	i6	i6, minor		i6, minor		i	-1	0	0	1	0	0	True	True	False
16040	40	72	0	C	0	3	8	1	1	True	3.0	-1	52	52	134	52b	401/2	1/8	False	5	False				False	181	i6		F	v		i6	i		6			m	False	True	(-3, 1, 0)	()	0	-3	major	minor	v	v, major	i		v	v	True	i6	i6, minor		i6, minor		i	-1	0	0	1	0	0	True	True	False
16060	20	56	-4	A	-1	3	8	2	1	True	3.5	-1	52	52	134	52b	803/4	1/16	False	3	False				False	181	i6		F	v		i6	i		6			m	False	True	(-3, 1, 0)	()	0	-3	major	minor	v	v, major	i		v	v	True	i6	i6, minor		i6, minor		i	-1	0	0	-3	-4	-4	False	False	False
16080	40	55	1	G	0	3	8	2	1	True	1.0	-1	53	53	135	53b	201	1/8	False	3	True				False	182	V7		F	v		V7	V		7			Mm7	False	True	(1, 5, 2, -1)	()	1	1	major	minor	v	v, major	V		v	v	True	V7	V7, minor		V7, minor		V	-1	0	0	2	1	1	True	True	True
16100	20	77	-1	F	0	3	8	1	1	True	1.5	-1	53	53	135	53b	805/4	1/16	False	5	False				False	182	V7		F	v		V7	V		7			Mm7	False	True	(1, 5, 2, -1)	()	1	1	major	minor	v	v, major	V		v	v	True	V7	V7, minor		V7, minor		V	-1	0	0	0	-1	-1	True	False	False
16120	40	62	2	D	0	3	8	2	1	True	2.0	-1	53	53	135	53b	403/2	1/8	False	4	False				False	182	V7		F	v		V7	V		7			Mm7	False	True	(1, 5, 2, -1)	()	1	1	major	minor	v	v, major	V		v	v	True	V7	V7, minor		V7, minor		V	-1	0	0	3	2	2	True	False	False
16120	20	75	-3	E	-1	3	8	1	1	True	2.0	-1	53	53	135	53b	403/2	1/16	False	5	False				False	182	V7		F	v		V7	V		7			Mm7	False	True	(1, 5, 2, -1)	()	1	1	major	minor	v	v, major	V		v	v	True	V7	V7, minor		V7, minor		V	-1	0	0	-2	-3	-3	False	False	False
16140	20	74	2	D	0	3	8	1	1	True	2.5	-1	53	53	135	53b	807/4	1/16	False	5	False				False	182	V7		F	v		V7	V		7			Mm7	False	True	(1, 5, 2, -1)	()	1	1	major	minor	v	v, major	V		v	v	True	V7	V7, minor		V7, minor		V	-1	0	0	3	2	2	True	False	False
16160	40	65	-1	F	0	3	8	2	1	True	3.0	-1	53	53	135	53b	202	1/8	False	4	False				False	182	V7		F	v		V7	V		7			Mm7	False	True	(1, 5, 2, -1)	()	1	1	major	minor	v	v, major	V		v	v	True	V7	V7, minor		V7, minor		V	-1	0	0	0	-1	-1	True	False	False
16160	20	72	0	C	0	3	8	1	1	True	3.0	-1	53	53	135	53b	202	1/16	False	5	False				False	182	V7		F	v		V7	V		7			Mm7	False	True	(1, 5, 2, -1)	()	1	1	major	minor	v	v, major	V		v	v	True	V7	V7, minor		V7, minor		V	-1	0	0	1	0	0	False	False	False
16180	20	71	5	B	0	3	8	1	1	True	3.5	-1	53	53	135	53b	809/4	1/16	False	4	False				False	182	V7		F	v		V7	V		7			Mm7	False	True	(1, 5, 2, -1)	()	1	1	major	minor	v	v, major	V		v	v	True	V7	V7, minor		V7, minor		V	-1	0	0	6	5	5	True	False	False
16200	20	63	-3	E	-1	3	8	2	1	True	1.0	-1	54	54	136	54b	405/2	1/16	False	4	True				False	183	i6		F	v		i6	i		6			m	False	True	(-3, 1, 0)	()	0	-3	major	minor	v	v, major	i		v	v	True	i6	i6, minor		i6, minor		i	-1	0	0	-2	-3	-3	True	False	True
16200	40	72	0	C	0	3	8	1	1	True	1.0	-1	54	54	136	54b	405/2	1/8	False	5	True				False	183	i6		F	v		i6	i		6			m	False	True	(-3, 1, 0)	()	0	-3	major	minor	v	v, major	i		v	v	True	i6	i6, minor		i6, minor		i	-1	0	0	1	0	0	True	True	False
16220	20	62	2	D	0	3	8	2	1	True	1.5	-1	54	54	136	54b	811/4	1/16	False	4	False				False	183	i6		F	v		i6	i		6			m	False	True	(-3, 1, 0)	()	0	-3	major	minor	v	v, major	i		v	v	True	i6	i6, minor		i6, minor		i	-1	0	0	3	2	2	False	False	False
16240	20	60	0	C	0	3	8	2	1	True	2.0	-1	54	54	136	54b	203	1/16	False	4	False				False	183	i6		F	v		i6	i		6			m	False	True	(-3, 1, 0)	()	0	-3	major	minor	v	v, major	i		v	v	True	i6	i6, minor		i6, minor		i	-1	0	0	1	0	0	True	True	False
16240	40	72	0	C	0	3	8	1	1	True	2.0	-1	54	54	136	54b	203	1/8	False	5	False				False	183	i6		F	v		i6	i		6			m	False	True	(-3, 1, 0)	()	0	-3	major	minor	v	v, major	i		v	v	True	i6	i6, minor		i6, minor		i	-1	0	0	1	0	0	True	True	False
16260	20	59	5	B	0	3	8	2	1	True	2.5	-1	54	54	136	54b	813/4	1/16	False	3	False				False	183	i6		F	v		i6	i		6			m	False	True	(-3, 1, 0)	()	0	-3	major	minor	v	v, major	i		v	v	True	i6	i6, minor		i6, minor		i	-1	0	0	6	5	5	False	False	False
16280	20	60	0	C	0	3	8	2	1	True	3.0	-1	54	54	136	54b	407/2	1/16	False	4	False				False	183	i6		F	v		i6	i		6			m	False	True	(-3, 1, 0)	()	0	-3	major	minor	v	v, major	i		v	v	True	i6	i6, minor		i6, minor		i	-1	0	0	1	0	0	True	True	False
16280	40	72	0	C	0	3	8	1	1	True	3.0	-1	54	54	136	54b	407/2	1/8	False	5	False				False	183	i6		F	v		i6	i		6			m	False	True	(-3, 1, 0)	()	0	-3	major	minor	v	v, major	i		v	v	True	i6	i6, minor		i6, minor		i	-1	0	0	1	0	0	True	True	False
16300	20	56	-4	A	-1	3	8	2	1	True	3.5	-1	54	54	136	54b	815/4	1/16	False	3	False				False	183	i6		F	v		i6	i		6			m	False	True	(-3, 1, 0)	()	0	-3	major	minor	v	v, major	i		v	v	True	i6	i6, minor		i6, minor		i	-1	0	0	-3	-4	-4	False	False	False
16320	40	55	1	G	0	3	8	2	1	True	1.0	-1	55	55	137	55b	204	1/8	False	3	True				False	184	V7		F	v		V7	V		7			Mm7	False	True	(1, 5, 2, -1)	()	1	1	major	minor	v	v, major	V		v	v	True	V7	V7, minor		V7, minor		V	-1	0	0	2	1	1	True	True	True
16340	20	80	-4	A	-1	3	8	1	1	True	1.5	-1	55	55	137	55b	817/4	1/16	False	5	False				False	184	V7		F	v		V7	V		7			Mm7	False	True	(1, 5, 2, -1)	()	1	1	major	minor	v	v, major	V		v	v	True	V7	V7, minor		V7, minor		V	-1	0	0	-3	-4	-4	False	False	False
16360	40	62	2	D	0	3	8	2	1	True	2.0	-1	55	55	137	55b	409/2	1/8	False	4	False				False	184	V7		F	v		V7	V		7			Mm7	False	True	(1, 5, 2, -1)	()	1	1	major	minor	v	v, major	V		v	v	True	V7	V7, minor		V7, minor		V	-1	0	0	3	2	2	True	False	False
16360	20	79	1	G	0	3	8	1	1	True	2.0	-1	55	55	137	55b	409/2	1/16	False	5	False				False	184	V7		F	v		V7	V		7			Mm7	False	True	(1, 5, 2, -1)	()	1	1	major	minor	v	v, major	V		v	v	True	V7	V7, minor		V7, minor		V	-1	0	0	2	1	1	True	True	True
16380	20	77	-1	F	0	3	8	1	1	True	2.5	-1	55	55	137	55b	819/4	1/16	False	5	False				False	184	V7		F	v		V7	V		7			Mm7	False	True	(1, 5, 2, -1)	()	1	1	major	minor	v	v, major	V		v	v	True	V7	V7, minor		V7, minor		V	-1	0	0	0	-1	-1	True	False	False
16400	40	65	-1	F	0	3	8	2	1	True	3.0	-1	55	55	137	55b	205	1/8	False	4	False				False	184	V7		F	v		V7	V		7			Mm7	False	True	(1, 5, 2, -1)	()	1	1	major	minor	v	v, major	V		v	v	True	V7	V7, minor		V7, minor		V	-1	0	0	0	-1	-1	True	False	False
16400	20	75	-3	E	-1	3	8	1	1	True	3.0	-1	55	55	137	55b	205	1/16	False	5	False				False	184	V7		F	v		V7	V		7			Mm7	False	True	(1, 5, 2, -1)	()	1	1	major	minor	v	v, major	V		v	v	True	V7	V7, minor		V7, minor		V	-1	0	0	-2	-3	-3	False	False	False
16420	20	74	2	D	0	3	8	1	1	True	3.5	-1	55	55	137	55b	821/4	1/16	False	5	False				False	184	V7		F	v		V7	V		7			Mm7	False	True	(1, 5, 2, -1)	()	1	1	major	minor	v	v, major	V		v	v	True	V7	V7, minor		V7, minor		V	-1	0	0	3	2	2	True	False	False
16440	20	63	-3	E	-1	3	8	1	2	True	1.0	-1	56	56	138	56b	411/2	1/16	False	4	True				False	185	i6		F	v		i6	i		6			m	False	True	(-3, 1, 0)	()	0	-3	major	minor	v	v, major	i		v	v	True	i6	i6, minor		i6, minor		i	-1	0	0	-2	-3	-3	True	False	True
16440	60	72	0	C	0	3	8	1	1	True	1.0	-1	56	56	138	56b	411/2	3/16	False	5	True				False	185	i6		F	v		i6	i		6			m	False	True	(-3, 1, 0)	()	0	-3	major	minor	v	v, major	i		v	v	True	i6	i6, minor		i6, minor		i	-1	0	0	1	0	0	True	True	False
16460	20	62	2	D	0	3	8	1	2	True	1.5	-1	56	56	138	56b	823/4	1/16	False	4	False				False	185	i6		F	v		i6	i		6			m	False	True	(-3, 1, 0)	()	0	-3	major	minor	v	v, major	i		v	v	True	i6	i6, minor		i6, minor		i	-1	0	0	3	2	2	False	False	False
16480	20	63	-3	E	-1	3	8	1	2	True	2.0	-1	56	56	138	56b	206	1/16	False	4	False				False	185	i6		F	v		i6	i		6			m	False	True	(-3, 1, 0)	()	0	-3	major	minor	v	v, major	i		v	v	True	i6	i6, minor		i6, minor		i	-1	0	0	-2	-3	-3	True	False	True
16500	20	65	-1	F	0	3	8	1	2	True	2.5	-1	56	56	138	56b	825/4	1/16	False	4	False				False	185	i6		F	v		i6	i		6			m	False	True	(-3, 1, 0)	()	0	-3	major	minor	v	v, major	i		v	v	True	i6	i6, minor		i6, minor		i	-1	0	0	0	-1	-1	False	False	False
16500	20	74	2	D	0	3	8	1	1	True	2.5	-1	56	56	138	56b	825/4	1/16	False	5	False				False	185	i6		F	v		i6	i		6			m	False	True	(-3, 1, 0)	()	0	-3	major	minor	v	v, major	i		v	v	True	i6	i6, minor		i6, minor		i	-1	0	0	3	2	2	False	False	False
16520	20	67	1	G	0	3	8	1	2	True	3.0	-1	56	56	138	56b	413/2	1/16	False	4	False				False	185	i6		F	v		i6	i		6			m	False	True	(-3, 1, 0)	()	0	-3	major	minor	v	v, major	i		v	v	True	i6	i6, minor		i6, minor		i	-1	0	0	2	1	1	True	False	False
16520	40	75	-3	E	-1	3	8	1	1	True	3.0	-1	56	56	138	56b	413/2	1/8	False	5	False				False	185	i6		F	v		i6	i		6			m	False	True	(-3, 1, 0)	()	0	-3	major	minor	v	v, major	i		v	v	True	i6	i6, minor		i6, minor		i	-1	0	0	-2	-3	-3	True	False	True
16540	20	60	0	C	0	3	8	1	2	True	3.5	-1	56	56	138	56b	827/4	1/16	False	4	False				False	185	i6		F	v		i6	i		6			m	False	True	(-3, 1, 0)	()	0	-3	major	minor	v	v, major	i		v	v	True	i6	i6, minor		i6, minor		i	-1	0	0	1	0	0	True	True	False
16560	40	53	-1	F	0	3	8	2	1	True	1.0	-1	57	57	139	57b	207	1/8	False	3	True				False	186	iio6		F	v		iio6	ii	o	6			o	False	True	(-1, -4, 2)	()	2	-1	major	minor	v	v, major	ii		v	v	True	iio6	iio6, minor		iio6, minor		ii	-1	0	0	0	-1	-1	True	False	True
16560	20	62	2	D	0	3	8	1	1	True	1.0	-1	57	57	139	57b	207	1/16	False	4	True				False	186	iio6		F	v		iio6	ii	o	6			o	False	True	(-1, -4, 2)	()	2	-1	major	minor	v	v, major	ii		v	v	True	iio6	iio6, minor		iio6, minor		ii	-1	0	0	3	2	2	True	True	False
16580	20	65	-1	F	0	3	8	1	1	True	1.5	-1	57	57	139	57b	829/4	1/16	False	4	False				False	186	iio6		F	v		iio6	ii	o	6			o	False	True	(-1, -4, 2)	()	2	-1	major	minor	v	v, major	ii		v	v	True	iio6	iio6, minor		iio6, minor		ii	-1	0	0	0	-1	-1	True	False	True
16600	40	55	1	G	0	3	8	2	1	True	2.0	-1	57	57	139	57b	415/2	1/8	False	3	True				False	187	V(64)		F	v		V(64)	V			64		M	False	True	(1, 0, -3)	()	1	1	major	minor	v	v, major	V		v	v	True	V	V, minor		V(64), minor		V	-1	0	0	2	1	1	True	True	True
16600	20	63	-3	E	-1	3	8	1	1	True	2.0	-1	57	57	139	57b	415/2	1/16	False	4	True				False	187	V(64)		F	v		V(64)	V			64		M	False	True	(1, 0, -3)	()	1	1	major	minor	v	v, major	V		v	v	True	V	V, minor		V(64), minor		V	-1	0	0	-2	-3	-3	True	False	False
16620	20	62	2	D	0	3	8	1	1	True	2.5	-1	57	57	139	57b	831/4	1/16	False	4	False				False	187	V(64)		F	v		V(64)	V			64		M	False	True	(1, 0, -3)	()	1	1	major	minor	v	v, major	V		v	v	True	V	V, minor		V(64), minor		V	-1	0	0	3	2	2	False	False	False
16640	40	43	1	G	0	3	8	2	1	True	3.0	-1	57	57	139	57b	208	1/8	False	2	True				False	188	V		F	v		V	V					M	False	True	(1, 5, 2)	()	1	1	major	minor	v	v, major	V		v	v	True	V	V, minor		V, minor		V	-1	0	0	2	1	1	True	True	True
16640	20	60	0	C	0	3	8	1	1	True	3.0	-1	57	57	139	57b	208	1/16	False	4	True				False	188	V		F	v		V	V					M	False	True	(1, 5, 2)	()	1	1	major	minor	v	v, major	V		v	v	True	V	V, minor		V, minor		V	-1	0	0	1	0	0	False	False	False
16660	20	59	5	B	0	3	8	1	1	True	3.5	-1	57	57	139	57b	833/4	1/16	False	3	False				False	188	V		F	v		V	V					M	False	True	(1, 5, 2)	()	1	1	major	minor	v	v, major	V		v	v	True	V	V, minor		V, minor		V	-1	0	0	6	5	5	True	False	False
16680	0	59	5	B	0	3	8	1	1	True	1.0	-1	58	58	140	58b	417/2	0	False	3	True	PAC	PAC	}	True	189	i|PAC}		F	v		i	i					m	False	True	(0, -3, 1)	()	0	0	major	minor	v	v, major	i		v	v	True	i	i, minor		i, minor		i	-1	0	0	6	5	5	False	False	False
16680	120	48	0	C	0	3	8	2	1	True	1.0	-1	58	58	140	58b	417/2	3/8	False	3	True	PAC	PAC	}	True	189	i|PAC}		F	v		i	i					m	False	True	(0, -3, 1)	()	0	0	major	minor	v	v, major	i		v	v	True	i	i, minor		i, minor		i	-1	0	0	1	0	0	True	True	True
16680	120	60	0	C	0	3	8	1	1	True	1.0	-1	58	58	140	58b	417/2	3/8	False	4	True	PAC	PAC	}	True	189	i|PAC}		F	v		i	i					m	False	True	(0, -3, 1)	()	0	0	major	minor	v	v, major	i		v	v	True	i	i, minor		i, minor		i	-1	0	0	1	0	0	True	True	True
16800	40	55	1	G	0	3	8	2	1	True	1.0	-1	59	59	141	59b	210	1/8	False	3	True			{	False	190	V7{		F	v		V7	V		7			Mm7	False	True	(1, 5, 2, -1)	()	1	1	major	minor	v	v, major	V		v	v	True	V7	V7, minor		V7, minor		V	-1	0	0	2	1	1	True	True	True
16820	20	77	-1	F	0	3	8	1	1	True	1.5	-1	59	59	141	59b	841/4	1/16	False	5	False				False	190	V7{		F	v		V7	V		7			Mm7	False	True	(1, 5, 2, -1)	()	1	1	major	minor	v	v, major	V		v	v	True	V7	V7, minor		V7, minor		V	-1	0	0	0	-1	-1	True	False	False
16840	40	62	2	D	0	3	8	2	1	True	2.0	-1	59	59	141	59b	421/2	1/8	False	4	False				False	190	V7{		F	v		V7	V		7			Mm7	False	True	(1, 5, 2, -1)	()	1	1	major	minor	v	v, major	V		v	v	True	V7	V7, minor		V7, minor		V	-1	0	0	3	2	2	True	False	False
16840	20	75	-3	E	-1	3	8	1	1	True	2.0	-1	59	59	141	59b	421/2	1/16	False	5	False				False	190	V7{		F	v		V7	V		7			Mm7	False	True	(1, 5, 2, -1)	()	1	1	major	minor	v	v, major	V		v	v	True	V7	V7, minor		V7, minor		V	-1	0	0	-2	-3	-3	False	False	False
16860	20	74	2	D	0	3	8	1	1	True	2.5	-1	59	59	141	59b	843/4	1/16	False	5	False				False	190	V7{		F	v		V7	V		7			Mm7	False	True	(1, 5, 2, -1)	()	1	1	major	minor	v	v, major	V		v	v	True	V7	V7, minor		V7, minor		V	-1	0	0	3	2	2	True	False	False
16880	40	65	-1	F	0	3	8	2	1	True	3.0	-1	59	59	141	59b	211	1/8	False	4	False				False	190	V7{		F	v		V7	V		7			Mm7	False	True	(1, 5, 2, -1)	()	1	1	major	minor	v	v, major	V		v	v	True	V7	V7, minor		V7, minor		V	-1	0	0	0	-1	-1	True	False	False
16880	20	72	0	C	0	3	8	1	1	True	3.0	-1	59	59	141	59b	211	1/16	False	5	False				False	190	V7{		F	v		V7	V		7			Mm7	False	True	(1, 5, 2, -1)	()	1	1	major	minor	v	v, major	V		v	v	True	V7	V7, minor		V7, minor		V	-1	0	0	1	0	0	False	False	False
16900	20	71	5	B	0	3	8	1	1	True	3.5	-1	59	59	141	59b	845/4	1/16	False	4	False				False	190	V7{		F	v		V7	V		7			Mm7	False	True	(1, 5, 2, -1)	()	1	1	major	minor	v	v, major	V		v	v	True	V7	V7, minor		V7, minor		V	-1	0	0	6	5	5	True	False	False
16920	20	63	-3	E	-1	3	8	2	1	True	1.0	-1	60	60	142	60b	423/2	1/16	False	4	True				False	191	i6		F	v		i6	i		6			m	False	True	(-3, 1, 0)	()	0	-3	major	minor	v	v, major	i		v	v	True	i6	i6, minor		i6, minor		i	-1	0	0	-2	-3	-3	True	False	True
16920	40	72	0	C	0	3	8	1	1	True	1.0	-1	60	60	142	60b	423/2	1/8	False	5	True				False	191	i6		F	v		i6	i		6			m	False	True	(-3, 1, 0)	()	0	-3	major	minor	v	v, major	i		v	v	True	i6	i6, minor		i6, minor		i	-1	0	0	1	0	0	True	True	False
16940	20	62	2	D	0	3	8	2	1	True	1.5	-1	60	60	142	60b	847/4	1/16	False	4	False				False	191	i6		F	v		i6	i		6			m	False	True	(-3, 1, 0)	()	0	-3	major	minor	v	v, major	i		v	v	True	i6	i6, minor		i6, minor		i	-1	0	0	3	2	2	False	False	False
16960	20	60	0	C	0	3	8	2	1	True	2.0	-1	60	60	142	60b	212	1/16	False	4	False				False	191	i6		F	v		i6	i		6			m	False	True	(-3, 1, 0)	()	0	-3	major	minor	v	v, major	i		v	v	True	i6	i6, minor		i6, minor		i	-1	0	0	1	0	0	True	True	False
16960	40	72	0	C	0	3	8	1	1	True	2.0	-1	60	60	142	60b	212	1/8	False	5	False				False	191	i6		F	v		i6	i		6			m	False	True	(-3, 1, 0)	()	0	-3	major	minor	v	v, major	i		v	v	True	i6	i6, minor		i6, minor		i	-1	0	0	1	0	0	True	True	False
16980	20	59	5	B	0	3	8	2	1	True	2.5	-1	60	60	142	60b	849/4	1/16	False	3	False				False	191	i6		F	v		i6	i		6			m	False	True	(-3, 1, 0)	()	0	-3	major	minor	v	v, major	i		v	v	True	i6	i6, minor		i6, minor		i	-1	0	0	6	5	5	False	False	False
17000	20	60	0	C	0	3	8	2	1	True	3.0	-1	60	60	142	60b	425/2	1/16	False	4	False				False	191	i6		F	v		i6	i		6			m	False	True	(-3, 1, 0)	()	0	-3	major	minor	v	v, major	i		v	v	True	i6	i6, minor		i6, minor		i	-1	0	0	1	0	0	True	True	False
17000	40	72	0	C	0	3	8	1	1	True	3.0	-1	60	60	142	60b	425/2	1/8	False	5	False				False	191	i6		F	v		i6	i		6			m	False	True	(-3, 1, 0)	()	0	-3	major	minor	v	v, major	i		v	v	True	i6	i6, minor		i6, minor		i	-1	0	0	1	0	0	True	True	False
17020	20	56	-4	A	-1	3	8	2	1	True	3.5	-1	60	60	142	60b	851/4	1/16	False	3	False				False	191	i6		F	v		i6	i		6			m	False	True	(-3, 1, 0)	()	0	-3	major	minor	v	v, major	i		v	v	True	i6	i6, minor		i6, minor		i	-1	0	0	-3	-4	-4	False	False	False
17040	40	55	1	G	0	3	8	2	1	True	1.0	-1	61	61	143	61b	213	1/8	False	3	True				False	192	V7		F	v		V7	V		7			Mm7	False	True	(1, 5, 2, -1)	()	1	1	major	minor	v	v, major	V		v	v	True	V7	V7, minor		V7, minor		V	-1	0	0	2	1	1	True	True	True
17060	20	77	-1	F	0	3	8	1	1	True	1.5	-1	61	61	143	61b	853/4	1/16	False	5	False				False	192	V7		F	v		V7	V		7			Mm7	False	True	(1, 5, 2, -1)	()	1	1	major	minor	v	v, major	V		v	v	True	V7	V7, minor		V7, minor		V	-1	0	0	0	-1	-1	True	False	False
17080	40	62	2	D	0	3	8	2	1	True	2.0	-1	61	61	143	61b	427/2	1/8	False	4	False				False	192	V7		F	v		V7	V		7			Mm7	False	True	(1, 5, 2, -1)	()	1	1	major	minor	v	v, major	V		v	v	True	V7	V7, minor		V7, minor		V	-1	0	0	3	2	2	True	False	False
17080	20	75	-3	E	-1	3	8	1	1	True	2.0	-1	61	61	143	61b	427/2	1/16	False	5	False				False	192	V7		F	v		V7	V		7			Mm7	False	True	(1, 5, 2, -1)	()	1	1	major	minor	v	v, major	V		v	v	True	V7	V7, minor		V7, minor		V	-1	0	0	-2	-3	-3	False	False	False
17100	20	74	2	D	0	3	8	1	1	True	2.5	-1	61	61	143	61b	855/4	1/16	False	5	False				False	192	V7		F	v		V7	V		7			Mm7	False	True	(1, 5, 2, -1)	()	1	1	major	minor	v	v, major	V		v	v	True	V7	V7, minor		V7, minor		V	-1	0	0	3	2	2	True	False	False
17120	40	65	-1	F	0	3	8	2	1	True	3.0	-1	61	61	143	61b	214	1/8	False	4	False				False	192	V7		F	v		V7	V		7			Mm7	False	True	(1, 5, 2, -1)	()	1	1	major	minor	v	v, major	V		v	v	True	V7	V7, minor		V7, minor		V	-1	0	0	0	-1	-1	True	False	False
17120	20	72	0	C	0	3	8	1	1	True	3.0	-1	61	61	143	61b	214	1/16	False	5	False				False	192	V7		F	v		V7	V		7			Mm7	False	True	(1, 5, 2, -1)	()	1	1	major	minor	v	v, major	V		v	v	True	V7	V7, minor		V7, minor		V	-1	0	0	1	0	0	False	False	False
17140	20	71	5	B	0	3	8	1	1	True	3.5	-1	61	61	143	61b	857/4	1/16	False	4	False				False	192	V7		F	v		V7	V		7			Mm7	False	True	(1, 5, 2, -1)	()	1	1	major	minor	v	v, major	V		v	v	True	V7	V7, minor		V7, minor		V	-1	0	0	6	5	5	True	False	False
17160	20	63	-3	E	-1	3	8	2	1	True	1.0	-1	62	62	144	62b	429/2	1/16	False	4	True				False	193	i6		F	v		i6	i		6			m	False	True	(-3, 1, 0)	()	0	-3	major	minor	v	v, major	i		v	v	True	i6	i6, minor		i6, minor		i	-1	0	0	-2	-3	-3	True	False	True
17160	40	72	0	C	0	3	8	1	1	True	1.0	-1	62	62	144	62b	429/2	1/8	False	5	True				False	193	i6		F	v		i6	i		6			m	False	True	(-3, 1, 0)	()	0	-3	major	minor	v	v, major	i		v	v	True	i6	i6, minor		i6, minor		i	-1	0	0	1	0	0	True	True	False
17180	20	62	2	D	0	3	8	2	1	True	1.5	-1	62	62	144	62b	859/4	1/16	False	4	False				False	193	i6		F	v		i6	i		6			m	False	True	(-3, 1, 0)	()	0	-3	major	minor	v	v, major	i		v	v	True	i6	i6, minor		i6, minor		i	-1	0	0	3	2	2	False	False	False
17200	20	60	0	C	0	3	8	2	1	True	2.0	-1	62	62	144	62b	215	1/16	False	4	False				False	193	i6		F	v		i6	i		6			m	False	True	(-3, 1, 0)	()	0	-3	major	minor	v	v, major	i		v	v	True	i6	i6, minor		i6, minor		i	-1	0	0	1	0	0	True	True	False
17200	40	72	0	C	0	3	8	1	1	True	2.0	-1	62	62	144	62b	215	1/8	False	5	False				False	193	i6		F	v		i6	i		6			m	False	True	(-3, 1, 0)	()	0	-3	major	minor	v	v, major	i		v	v	True	i6	i6, minor		i6, minor		i	-1	0	0	1	0	0	True	True	False
17220	20	59	5	B	0	3	8	2	1	True	2.5	-1	62	62	144	62b	861/4	1/16	False	3	False				False	193	i6		F	v		i6	i		6			m	False	True	(-3, 1, 0)	()	0	-3	major	minor	v	v, major	i		v	v	True	i6	i6, minor		i6, minor		i	-1	0	0	6	5	5	False	False	False
17240	20	60	0	C	0	3	8	2	1	True	3.0	-1	62	62	144	62b	431/2	1/16	False	4	False				False	193	i6		F	v		i6	i		6			m	False	True	(-3, 1, 0)	()	0	-3	major	minor	v	v, major	i		v	v	True	i6	i6, minor		i6, minor		i	-1	0	0	1	0	0	True	True	False
17240	40	72	0	C	0	3	8	1	1	True	3.0	-1	62	62	144	62b	431/2	1/8	False	5	False				False	193	i6		F	v		i6	i		6			m	False	True	(-3, 1, 0)	()	0	-3	major	minor	v	v, major	i		v	v	True	i6	i6, minor		i6, minor		i	-1	0	0	1	0	0	True	True	False
17260	20	56	-4	A	-1	3	8	2	1	True	3.5	-1	62	62	144	62b	863/4	1/16	False	3	False				False	193	i6		F	v		i6	i		6			m	False	True	(-3, 1, 0)	()	0	-3	major	minor	v	v, major	i		v	v	True	i6	i6, minor		i6, minor		i	-1	0	0	-3	-4	-4	False	False	False
17280	40	55	1	G	0	3	8	2	1	True	1.0	-1	63	63	145	63b	216	1/8	False	3	True				False	194	V7		F	v		V7	V		7			Mm7	False	True	(1, 5, 2, -1)	()	1	1	major	minor	v	v, major	V		v	v	True	V7	V7, minor		V7, minor		V	-1	0	0	2	1	1	True	True	True
17300	20	80	-4	A	-1	3	8	1	1	True	1.5	-1	63	63	145	63b	865/4	1/16	False	5	False				False	194	V7		F	v		V7	V		7			Mm7	False	True	(1, 5, 2, -1)	()	1	1	major	minor	v	v, major	V		v	v	True	V7	V7, minor		V7, minor		V	-1	0	0	-3	-4	-4	False	False	False
17320	40	62	2	D	0	3	8	2	1	True	2.0	-1	63	63	145	63b	433/2	1/8	False	4	False				False	194	V7		F	v		V7	V		7			Mm7	False	True	(1, 5, 2, -1)	()	1	1	major	minor	v	v, major	V		v	v	True	V7	V7, minor		V7, minor		V	-1	0	0	3	2	2	True	False	False
17320	20	79	1	G	0	3	8	1	1	True	2.0	-1	63	63	145	63b	433/2	1/16	False	5	False				False	194	V7		F	v		V7	V		7			Mm7	False	True	(1, 5, 2, -1)	()	1	1	major	minor	v	v, major	V		v	v	True	V7	V7, minor		V7, minor		V	-1	0	0	2	1	1	True	True	True
17340	20	77	-1	F	0	3	8	1	1	True	2.5	-1	63	63	145	63b	867/4	1/16	False	5	False				False	194	V7		F	v		V7	V		7			Mm7	False	True	(1, 5, 2, -1)	()	1	1	major	minor	v	v, major	V		v	v	True	V7	V7, minor		V7, minor		V	-1	0	0	0	-1	-1	True	False	False
17360	40	65	-1	F	0	3	8	2	1	True	3.0	-1	63	63	145	63b	217	1/8	False	4	False				False	194	V7		F	v		V7	V		7			Mm7	False	True	(1, 5, 2, -1)	()	1	1	major	minor	v	v, major	V		v	v	True	V7	V7, minor		V7, minor		V	-1	0	0	0	-1	-1	True	False	False
17360	20	75	-3	E	-1	3	8	1	1	True	3.0	-1	63	63	145	63b	217	1/16	False	5	False				False	194	V7		F	v		V7	V		7			Mm7	False	True	(1, 5, 2, -1)	()	1	1	major	minor	v	v, major	V		v	v	True	V7	V7, minor		V7, minor		V	-1	0	0	-2	-3	-3	False	False	False
17380	20	74	2	D	0	3	8	1	1	True	3.5	-1	63	63	145	63b	869/4	1/16	False	5	False				False	194	V7		F	v		V7	V		7			Mm7	False	True	(1, 5, 2, -1)	()	1	1	major	minor	v	v, major	V		v	v	True	V7	V7, minor		V7, minor		V	-1	0	0	3	2	2	True	False	False
17400	20	63	-3	E	-1	3	8	1	2	True	1.0	-1	64	64	146	64b	435/2	1/16	False	4	True				False	195	i6		F	v		i6	i		6			m	False	True	(-3, 1, 0)	()	0	-3	major	minor	v	v, major	i		v	v	True	i6	i6, minor		i6, minor		i	-1	0	0	-2	-3	-3	True	False	True
17400	60	72	0	C	0	3	8	1	1	True	1.0	-1	64	64	146	64b	435/2	3/16	False	5	True				False	195	i6		F	v		i6	i		6			m	False	True	(-3, 1, 0)	()	0	-3	major	minor	v	v, major	i		v	v	True	i6	i6, minor		i6, minor		i	-1	0	0	1	0	0	True	True	False
17420	20	62	2	D	0	3	8	1	2	True	1.5	-1	64	64	146	64b	871/4	1/16	False	4	False				False	195	i6		F	v		i6	i		6			m	False	True	(-3, 1, 0)	()	0	-3	major	minor	v	v, major	i		v	v	True	i6	i6, minor		i6, minor		i	-1	0	0	3	2	2	False	False	False
17440	20	63	-3	E	-1	3	8	1	2	True	2.0	-1	64	64	146	64b	218	1/16	False	4	False				False	195	i6		F	v		i6	i		6			m	False	True	(-3, 1, 0)	()	0	-3	major	minor	v	v, major	i		v	v	True	i6	i6, minor		i6, minor		i	-1	0	0	-2	-3	-3	True	False	True
17460	20	65	-1	F	0	3	8	1	2	True	2.5	-1	64	64	146	64b	873/4	1/16	False	4	False				False	195	i6		F	v		i6	i		6			m	False	True	(-3, 1, 0)	()	0	-3	major	minor	v	v, major	i		v	v	True	i6	i6, minor		i6, minor		i	-1	0	0	0	-1	-1	False	False	False
17460	20	74	2	D	0	3	8	1	1	True	2.5	-1	64	64	146	64b	873/4	1/16	False	5	False				False	195	i6		F	v		i6	i		6			m	False	True	(-3, 1, 0)	()	0	-3	major	minor	v	v, major	i		v	v	True	i6	i6, minor		i6, minor		i	-1	0	0	3	2	2	False	False	False
17480	20	67	1	G	0	3	8	1	2	True	3.0	-1	64	64	146	64b	437/2	1/16	False	4	False				False	195	i6		F	v		i6	i		6			m	False	True	(-3, 1, 0)	()	0	-3	major	minor	v	v, major	i		v	v	True	i6	i6, minor		i6, minor		i	-1	0	0	2	1	1	True	False	False
17480	40	75	-3	E	-1	3	8	1	1	True	3.0	-1	64	64	146	64b	437/2	1/8	False	5	False				False	195	i6		F	v		i6	i		6			m	False	True	(-3, 1, 0)	()	0	-3	major	minor	v	v, major	i		v	v	True	i6	i6, minor		i6, minor		i	-1	0	0	-2	-3	-3	True	False	True
17500	20	60	0	C	0	3	8	1	2	True	3.5	-1	64	64	146	64b	875/4	1/16	False	4	False				False	195	i6		F	v		i6	i		6			m	False	True	(-3, 1, 0)	()	0	-3	major	minor	v	v, major	i		v	v	True	i6	i6, minor		i6, minor		i	-1	0	0	1	0	0	True	True	False
17520	40	53	-1	F	0	3	8	2	1	True	1.0	-1	65	65	147	65b	219	1/8	False	3	True				False	196	iio6		F	v		iio6	ii	o	6			o	False	True	(-1, -4, 2)	()	2	-1	major	minor	v	v, major	ii		v	v	True	iio6	iio6, minor		iio6, minor		ii	-1	0	0	0	-1	-1	True	False	True
17520	20	62	2	D	0	3	8	1	1	True	1.0	-1	65	65	147	65b	219	1/16	False	4	True				False	196	iio6		F	v		iio6	ii	o	6			o	False	True	(-1, -4, 2)	()	2	-1	major	minor	v	v, major	ii		v	v	True	iio6	iio6, minor		iio6, minor		ii	-1	0	0	3	2	2	True	True	False
17540	20	65	-1	F	0	3	8	1	1	True	1.5	-1	65	65	147	65b	877/4	1/16	False	4	False				False	196	iio6		F	v		iio6	ii	o	6			o	False	True	(-1, -4, 2)	()	2	-1	major	minor	v	v, major	ii		v	v	True	iio6	iio6, minor		iio6, minor		ii	-1	0	0	0	-1	-1	True	False	True
17560	40	55	1	G	0	3	8	2	1	True	2.0	-1	65	65	147	65b	439/2	1/8	False	3	True				False	197	V(64)		F	v		V(64)	V			64		M	False	True	(1, 0, -3)	()	1	1	major	minor	v	v, major	V		v	v	True	V	V, minor		V(64), minor		V	-1	0	0	2	1	1	True	True	True
17560	20	63	-3	E	-1	3	8	1	1	True	2.0	-1	65	65	147	65b	439/2	1/16	False	4	True				False	197	V(64)		F	v		V(64)	V			64		M	False	True	(1, 0, -3)	()	1	1	major	minor	v	v, major	V		v	v	True	V	V, minor		V(64), minor		V	-1	0	0	-2	-3	-3	True	False	False
17580	20	62	2	D	0	3	8	1	1	True	2.5	-1	65	65	147	65b	879/4	1/16	False	4	False				False	197	V(64)		F	v		V(64)	V			64		M	False	True	(1, 0, -3)	()	1	1	major	minor	v	v, major	V		v	v	True	V	V, minor		V(64), minor		V	-1	0	0	3	2	2	False	False	False
17600	40	43	1	G	0	3	8	2	1	True	3.0	-1	65	65	147	65b	220	1/8	False	2	True				False	198	V		F	v		V	V					M	False	True	(1, 5, 2)	()	1	1	major	minor	v	v, major	V		v	v	True	V	V, minor		V, minor		V	-1	0	0	2	1	1	True	True	True
17600	20	60	0	C	0	3	8	1	1	True	3.0	-1	65	65	147	65b	220	1/16	False	4	True				False	198	V		F	v		V	V					M	False	True	(1, 5, 2)	()	1	1	major	minor	v	v, major	V		v	v	True	V	V, minor		V, minor		V	-1	0	0	1	0	0	False	False	False
17620	20	59	5	B	0	3	8	1	1	True	3.5	-1	65	65	147	65b	881/4	1/16	False	3	False				False	198	V		F	v		V	V					M	False	True	(1, 5, 2)	()	1	1	major	minor	v	v, major	V		v	v	True	V	V, minor		V, minor		V	-1	0	0	6	5	5	True	False	False
17640	60	48	0	C	0	3	8	2	1	True	1.0	-1	66	66	148	66b	441/2	3/16	False	3	True	PAC	PAC	}{	True	199	V.I|PAC}{		F	V		I	I					M	False	False	(0, 4, 1)	()	0	0	major	major	V	V, major	I		V	V	False	I	I, major		I, major		I	-1	0	0	1	0	0	True	True	True
17660	20	67	1	G	0	3	8	1	1	True	1.5	-1	66	66	148	66b	883/4	1/16	False	4	False				False	199	V.I|PAC}{		F	V		I	I					M	False	False	(0, 4, 1)	()	0	0	major	major	V	V, major	I		V	V	False	I	I, major		I, major		I	-1	0	0	2	1	1	True	False	False
17680	80	67	1	G	0	3	8	1	1	False	2.0	-1	66	66	148	66b	221	1/4	False	4	False				False	199	V.I|PAC}{		F	V		I	I					M	False	False	(0, 4, 1)	()	0	0	major	major	V	V, major	I		V	V	False	I	I, major		I, major		I	-1	0	0	2	1	1	True	False	False
17680	80	76	4	E	0	3	8	1	1	True	2.0	-1	66	66	148	66b	221	1/4	False	5	False				False	199	V.I|PAC}{		F	V		I	I					M	False	False	(0, 4, 1)	()	0	0	major	major	V	V, major	I		V	V	False	I	I, major		I, major		I	-1	0	0	5	4	4	True	False	False
17700	20	48	0	C	0	3	8	2	1	True	2.5	-1	66	66	148	66b	885/4	1/16	False	3	False				False	199	V.I|PAC}{		F	V		I	I					M	False	False	(0, 4, 1)	()	0	0	major	major	V	V, major	I		V	V	False	I	I, major		I, major		I	-1	0	0	1	0	0	True	True	True
17700	20	60	0	C	0	3	8	2	1	True	2.5	-1	66	66	148	66b	885/4	1/16	False	4	False				False	199	V.I|PAC}{		F	V		I	I					M	False	False	(0, 4, 1)	()	0	0	major	major	V	V, major	I		V	V	False	I	I, major		I, major		I	-1	0	0	1	0	0	True	True	True
17720	20	43	1	G	0	3	8	2	1	True	3.0	-1	66	66	148	66b	443/2	1/16	False	2	False				False	199	V.I|PAC}{		F	V		I	I					M	False	False	(0, 4, 1)	()	0	0	major	major	V	V, major	I		V	V	False	I	I, major		I, major		I	-1	0	0	2	1	1	True	False	False
17720	20	55	1	G	0	3	8	2	1	True	3.0	-1	66	66	148	66b	443/2	1/16	False	3	False				False	199	V.I|PAC}{		F	V		I	I					M	False	False	(0, 4, 1)	()	0	0	major	major	V	V, major	I		V	V	False	I	I, major		I, major		I	-1	0	0	2	1	1	True	False	False
17740	20	40	4	E	0	3	8	2	1	True	3.5	-1	66	66	148	66b	887/4	1/16	False	2	False				False	199	V.I|PAC}{		F	V		I	I					M	False	False	(0, 4, 1)	()	0	0	major	major	V	V, major	I		V	V	False	I	I, major		I, major		I	-1	0	0	5	4	4	True	False	False
17740	20	52	4	E	0	3	8	2	1	True	3.5	-1	66	66	148	66b	887/4	1/16	False	3	False				False	199	V.I|PAC}{		F	V		I	I					M	False	False	(0, 4, 1)	()	0	0	major	major	V	V, major	I		V	V	False	I	I, major		I, major		I	-1	0	0	5	4	4	True	False	False
17760	60	36	0	C	0	3	8	2	1	True	1.0	-1	67	67	149	67b	222	3/16	False	2	False				False	199	V.I|PAC}{		F	V		I	I					M	False	False	(0, 4, 1)	()	0	0	major	major	V	V, major	I		V	V	False	I	I, major		I, major		I	-1	0	0	1	0	0	True	True	True
17760	60	48	0	C	0	3	8	2	1	True	1.0	-1	67	67	149	67b	222	3/16	False	3	False				False	199	V.I|PAC}{		F	V		I	I					M	False	False	(0, 4, 1)	()	0	0	major	major	V	V, major	I		V	V	False	I	I, major		I, major		I	-1	0	0	1	0	0	True	True	True
17760	20	67	1	G	0	3	8	1	1	False	1.0	-1	67	67	149	67b	222	1/16	False	4	False				False	199	V.I|PAC}{		F	V		I	I					M	False	False	(0, 4, 1)	()	0	0	major	major	V	V, major	I		V	V	False	I	I, major		I, major		I	-1	0	0	2	1	1	True	False	False
17760	20	76	4	E	0	3	8	1	1	False	1.0	-1	67	67	149	67b	222	1/16	False	5	False				False	199	V.I|PAC}{		F	V		I	I					M	False	False	(0, 4, 1)	()	0	0	major	major	V	V, major	I		V	V	False	I	I, major		I, major		I	-1	0	0	5	4	4	True	False	False
17780	20	69	3	A	0	3	8	1	1	True	1.5	-1	67	67	149	67b	889/4	1/16	False	4	False				False	199	V.I|PAC}{		F	V		I	I					M	False	False	(0, 4, 1)	()	0	0	major	major	V	V, major	I		V	V	False	I	I, major		I, major		I	-1	0	0	4	3	3	False	False	False
17780	20	77	-1	F	0	3	8	1	1	True	1.5	-1	67	67	149	67b	889/4	1/16	False	5	False				False	199	V.I|PAC}{		F	V		I	I					M	False	False	(0, 4, 1)	()	0	0	major	major	V	V, major	I		V	V	False	I	I, major		I, major		I	-1	0	0	0	-1	-1	False	False	False
17800	40	67	1	G	0	3	8	1	1	True	2.0	-1	67	67	149	67b	445/2	1/8	False	4	False				False	199	V.I|PAC}{		F	V		I	I					M	False	False	(0, 4, 1)	()	0	0	major	major	V	V, major	I		V	V	False	I	I, major		I, major		I	-1	0	0	2	1	1	True	False	False
17800	40	76	4	E	0	3	8	1	1	True	2.0	-1	67	67	149	67b	445/2	1/8	False	5	False				False	199	V.I|PAC}{		F	V		I	I					M	False	False	(0, 4, 1)	()	0	0	major	major	V	V, major	I		V	V	False	I	I, major		I, major		I	-1	0	0	5	4	4	True	False	False
17820	20	48	0	C	0	3	8	2	1	True	2.5	-1	67	67	149	67b	891/4	1/16	False	3	False				False	199	V.I|PAC}{		F	V		I	I					M	False	False	(0, 4, 1)	()	0	0	major	major	V	V, major	I		V	V	False	I	I, major		I, major		I	-1	0	0	1	0	0	True	True	True
17820	20	60	0	C	0	3	8	2	1	True	2.5	-1	67	67	149	67b	891/4	1/16	False	4	False				False	199	V.I|PAC}{		F	V		I	I					M	False	False	(0, 4, 1)	()	0	0	major	major	V	V, major	I		V	V	False	I	I, major		I, major		I	-1	0	0	1	0	0	True	True	True
17840	20	43	1	G	0	3	8	2	1	True	3.0	-1	67	67	149	67b	223	1/16	False	2	False				False	199	V.I|PAC}{		F	V		I	I					M	False	False	(0, 4, 1)	()	0	0	major	major	V	V, major	I		V	V	False	I	I, major		I, major		I	-1	0	0	2	1	1	True	False	False
17840	20	55	1	G	0	3	8	2	1	True	3.0	-1	67	67	149	67b	223	1/16	False	3	False				False	199	V.I|PAC}{		F	V		I	I					M	False	False	(0, 4, 1)	()	0	0	major	major	V	V, major	I		V	V	False	I	I, major		I, major		I	-1	0	0	2	1	1	True	False	False
17840	40	67	1	G	0	3	8	1	1	True	3.0	-1	67	67	149	67b	223	1/8	False	4	False				False	199	V.I|PAC}{		F	V		I	I					M	False	False	(0, 4, 1)	()	0	0	major	major	V	V, major	I		V	V	False	I	I, major		I, major		I	-1	0	0	2	1	1	True	False	False
17840	40	76	4	E	0	3	8	1	1	True	3.0	-1	67	67	149	67b	223	1/8	False	5	False				False	199	V.I|PAC}{		F	V		I	I					M	False	False	(0, 4, 1)	()	0	0	major	major	V	V, major	I		V	V	False	I	I, major		I, major		I	-1	0	0	5	4	4	True	False	False
17860	20	40	4	E	0	3	8	2	1	True	3.5	-1	67	67	149	67b	893/4	1/16	False	2	False				False	199	V.I|PAC}{		F	V		I	I					M	False	False	(0, 4, 1)	()	0	0	major	major	V	V, major	I		V	V	False	I	I, major		I, major		I	-1	0	0	5	4	4	True	False	False
17860	20	52	4	E	0	3	8	2	1	True	3.5	-1	67	67	149	67b	893/4	1/16	False	3	False				False	199	V.I|PAC}{		F	V		I	I					M	False	False	(0, 4, 1)	()	0	0	major	major	V	V, major	I		V	V	False	I	I, major		I, major		I	-1	0	0	5	4	4	True	False	False
17880	60	36	0	C	0	3	8	2	1	True	1.0	-1	68	68	150	68b	447/2	3/16	False	2	False				False	199	V.I|PAC}{		F	V		I	I					M	False	False	(0, 4, 1)	()	0	0	major	major	V	V, major	I		V	V	False	I	I, major		I, major		I	-1	0	0	1	0	0	True	True	True
17880	60	48	0	C	0	3	8	2	1	True	1.0	-1	68	68	150	68b	447/2	3/16	False	3	False				False	199	V.I|PAC}{		F	V		I	I					M	False	False	(0, 4, 1)	()	0	0	major	major	V	V, major	I		V	V	False	I	I, major		I, major		I	-1	0	0	1	0	0	True	True	True
17880	20	67	1	G	0	3	8	1	1	False	1.0	-1	68	68	150	68b	447/2	1/16	False	4	False				False	199	V.I|PAC}{		F	V		I	I					M	False	False	(0, 4, 1)	()	0	0	major	major	V	V, major	I		V	V	False	I	I, major		I, major		I	-1	0	0	2	1	1	True	False	False
17880	20	76	4	E	0	3	8	1	1	False	1.0	-1	68	68	150	68b	447/2	1/16	False	5	False				False	199	V.I|PAC}{		F	V		I	I					M	False	False	(0, 4, 1)	()	0	0	major	major	V	V, major	I		V	V	False	I	I, major		I, major		I	-1	0	0	5	4	4	True	False	False
17900	20	74	2	D	0	3	8	1	1	True	1.5	-1	68	68	150	68b	895/4	1/16	False	5	False				False	199	V.I|PAC}{		F	V		I	I					M	False	False	(0, 4, 1)	()	0	0	major	major	V	V, major	I		V	V	False	I	I, major		I, major		I	-1	0	0	3	2	2	False	False	False
17900	20	77	-1	F	0	3	8	1	1	True	1.5	-1	68	68	150	68b	895/4	1/16	False	5	False				False	199	V.I|PAC}{		F	V		I	I					M	False	False	(0, 4, 1)	()	0	0	major	major	V	V, major	I		V	V	False	I	I, major		I, major		I	-1	0	0	0	-1	-1	False	False	False
17920	40	76	4	E	0	3	8	1	1	True	2.0	-1	68	68	150	68b	224	1/8	False	5	False				False	199	V.I|PAC}{		F	V		I	I					M	False	False	(0, 4, 1)	()	0	0	major	major	V	V, major	I		V	V	False	I	I, major		I, major		I	-1	0	0	5	4	4	True	False	False
17920	40	79	1	G	0	3	8	1	1	True	2.0	-1	68	68	150	68b	224	1/8	False	5	False				False	199	V.I|PAC}{		F	V		I	I					M	False	False	(0, 4, 1)	()	0	0	major	major	V	V, major	I		V	V	False	I	I, major		I, major		I	-1	0	0	2	1	1	True	False	False
17940	20	52	4	E	0	3	8	2	1	True	2.5	-1	68	68	150	68b	897/4	1/16	False	3	False				False	199	V.I|PAC}{		F	V		I	I					M	False	False	(0, 4, 1)	()	0	0	major	major	V	V, major	I		V	V	False	I	I, major		I, major		I	-1	0	0	5	4	4	True	False	False
17940	20	64	4	E	0	3	8	2	1	True	2.5	-1	68	68	150	68b	897/4	1/16	False	4	False				False	199	V.I|PAC}{		F	V		I	I					M	False	False	(0, 4, 1)	()	0	0	major	major	V	V, major	I		V	V	False	I	I, major		I, major		I	-1	0	0	5	4	4	True	False	False
17960	20	48	0	C	0	3	8	2	1	True	3.0	-1	68	68	150	68b	449/2	1/16	False	3	False				False	199	V.I|PAC}{		F	V		I	I					M	False	False	(0, 4, 1)	()	0	0	major	major	V	V, major	I		V	V	False	I	I, major		I, major		I	-1	0	0	1	0	0	True	True	True
17960	20	60	0	C	0	3	8	2	1	True	3.0	-1	68	68	150	68b	449/2	1/16	False	4	False				False	199	V.I|PAC}{		F	V		I	I					M	False	False	(0, 4, 1)	()	0	0	major	major	V	V, major	I		V	V	False	I	I, major		I, major		I	-1	0	0	1	0	0	True	True	True
17960	40	76	4	E	0	3	8	1	1	True	3.0	-1	68	68	150	68b	449/2	1/8	False	5	False				False	199	V.I|PAC}{		F	V		I	I					M	False	False	(0, 4, 1)	()	0	0	major	major	V	V, major	I		V	V	False	I	I, major		I, major		I	-1	0	0	5	4	4	True	False	False
17960	40	79	1	G	0	3	8	1	1	True	3.0	-1	68	68	150	68b	449/2	1/8	False	5	False				False	199	V.I|PAC}{		F	V		I	I					M	False	False	(0, 4, 1)	()	0	0	major	major	V	V, major	I		V	V	False	I	I, major		I, major		I	-1	0	0	2	1	1	True	False	False
17980	20	43	1	G	0	3	8	2	1	True	3.5	-1	68	68	150	68b	899/4	1/16	False	2	False				False	199	V.I|PAC}{		F	V		I	I					M	False	False	(0, 4, 1)	()	0	0	major	major	V	V, major	I		V	V	False	I	I, major		I, major		I	-1	0	0	2	1	1	True	False	False
17980	20	55	1	G	0	3	8	2	1	True	3.5	-1	68	68	150	68b	899/4	1/16	False	3	False				False	199	V.I|PAC}{		F	V		I	I					M	False	False	(0, 4, 1)	()	0	0	major	major	V	V, major	I		V	V	False	I	I, major		I, major		I	-1	0	0	2	1	1	True	False	False
18000	60	40	4	E	0	3	8	2	1	True	1.0	-1	69	69	151	69b	225	3/16	False	2	True				False	200	I6		F	V		I6	I		6			M	False	False	(4, 1, 0)	()	0	4	major	major	V	V, major	I		V	V	False	I6	I6, major		I6, major		I	-1	0	0	5	4	4	True	False	True
18000	60	52	4	E	0	3	8	2	1	True	1.0	-1	69	69	151	69b	225	3/16	False	3	True				False	200	I6		F	V		I6	I		6			M	False	False	(4, 1, 0)	()	0	4	major	major	V	V, major	I		V	V	False	I6	I6, major		I6, major		I	-1	0	0	5	4	4	True	False	True
18000	20	76	4	E	0	3	8	1	1	False	1.0	-1	69	69	151	69b	225	1/16	False	5	True				False	200	I6		F	V		I6	I		6			M	False	False	(4, 1, 0)	()	0	4	major	major	V	V, major	I		V	V	False	I6	I6, major		I6, major		I	-1	0	0	5	4	4	True	False	True
18000	20	79	1	G	0	3	8	1	1	False	1.0	-1	69	69	151	69b	225	1/16	False	5	True				False	200	I6		F	V		I6	I		6			M	False	False	(4, 1, 0)	()	0	4	major	major	V	V, major	I		V	V	False	I6	I6, major		I6, major		I	-1	0	0	2	1	1	True	False	False
18020	20	77	-1	F	0	3	8	1	1	True	1.5	-1	69	69	151	69b	901/4	1/16	False	5	False				False	200	I6		F	V		I6	I		6			M	False	False	(4, 1, 0)	()	0	4	major	major	V	V, major	I		V	V	False	I6	I6, major		I6, major		I	-1	0	0	0	-1	-1	False	False	False
18020	20	81	3	A	0	3	8	1	1	True	1.5	-1	69	69	151	69b	901/4	1/16	False	5	False				False	200	I6		F	V		I6	I		6			M	False	False	(4, 1, 0)	()	0	4	major	major	V	V, major	I		V	V	False	I6	I6, major		I6, major		I	-1	0	0	4	3	3	False	False	False
18040	40	76	4	E	0	3	8	1	1	True	2.0	-1	69	69	151	69b	451/2	1/8	False	5	False				False	200	I6		F	V		I6	I		6			M	False	False	(4, 1, 0)	()	0	4	major	major	V	V, major	I		V	V	False	I6	I6, major		I6, major		I	-1	0	0	5	4	4	True	False	True
18040	40	79	1	G	0	3	8	1	1	True	2.0	-1	69	69	151	69b	451/2	1/8	False	5	False				False	200	I6		F	V		I6	I		6			M	False	False	(4, 1, 0)	()	0	4	major	major	V	V, major	I		V	V	False	I6	I6, major		I6, major		I	-1	0	0	2	1	1	True	False	False
18060	20	52	4	E	0	3	8	2	1	True	2.5	-1	69	69	151	69b	903/4	1/16	False	3	False				False	200	I6		F	V		I6	I		6			M	False	False	(4, 1, 0)	()	0	4	major	major	V	V, major	I		V	V	False	I6	I6, major		I6, major		I	-1	0	0	5	4	4	True	False	True
18060	20	64	4	E	0	3	8	2	1	True	2.5	-1	69	69	151	69b	903/4	1/16	False	4	False				False	200	I6		F	V		I6	I		6			M	False	False	(4, 1, 0)	()	0	4	major	major	V	V, major	I		V	V	False	I6	I6, major		I6, major		I	-1	0	0	5	4	4	True	False	True
18080	20	48	0	C	0	3	8	2	1	True	3.0	-1	69	69	151	69b	226	1/16	False	3	False				False	200	I6		F	V		I6	I		6			M	False	False	(4, 1, 0)	()	0	4	major	major	V	V, major	I		V	V	False	I6	I6, major		I6, major		I	-1	0	0	1	0	0	True	True	False
18080	20	60	0	C	0	3	8	2	1	True	3.0	-1	69	69	151	69b	226	1/16	False	4	False				False	200	I6		F	V		I6	I		6			M	False	False	(4, 1, 0)	()	0	4	major	major	V	V, major	I		V	V	False	I6	I6, major		I6, major		I	-1	0	0	1	0	0	True	True	False
18080	40	76	4	E	0	3	8	1	1	True	3.0	-1	69	69	151	69b	226	1/8	False	5	False				False	200	I6		F	V		I6	I		6			M	False	False	(4, 1, 0)	()	0	4	major	major	V	V, major	I		V	V	False	I6	I6, major		I6, major		I	-1	0	0	5	4	4	True	False	True
18080	40	79	1	G	0	3	8	1	1	True	3.0	-1	69	69	151	69b	226	1/8	False	5	False				False	200	I6		F	V		I6	I		6			M	False	False	(4, 1, 0)	()	0	4	major	major	V	V, major	I		V	V	False	I6	I6, major		I6, major		I	-1	0	0	2	1	1	True	False	False
18100	20	43	1	G	0	3	8	2	1	True	3.5	-1	69	69	151	69b	905/4	1/16	False	2	False				False	200	I6		F	V		I6	I		6			M	False	False	(4, 1, 0)	()	0	4	major	major	V	V, major	I		V	V	False	I6	I6, major		I6, major		I	-1	0	0	2	1	1	True	False	False
18100	20	55	1	G	0	3	8	2	1	True	3.5	-1	69	69	151	69b	905/4	1/16	False	3	False				False	200	I6		F	V		I6	I		6			M	False	False	(4, 1, 0)	()	0	4	major	major	V	V, major	I		V	V	False	I6	I6, major		I6, major		I	-1	0	0	2	1	1	True	False	False
18120	60	40	4	E	0	3	8	2	1	True	1.0	-1	70	70	152	70b	453/2	3/16	False	2	False				False	200	I6		F	V		I6	I		6			M	False	False	(4, 1, 0)	()	0	4	major	major	V	V, major	I		V	V	False	I6	I6, major		I6, major		I	-1	0	0	5	4	4	True	False	True
18120	60	52	4	E	0	3	8	2	1	True	1.0	-1	70	70	152	70b	453/2	3/16	False	3	False				False	200	I6		F	V		I6	I		6			M	False	False	(4, 1, 0)	()	0	4	major	major	V	V, major	I		V	V	False	I6	I6, major		I6, major		I	-1	0	0	5	4	4	True	False	True
18120	20	76	4	E	0	3	8	1	1	False	1.0	-1	70	70	152	70b	453/2	1/16	False	5	False				False	200	I6		F	V		I6	I		6			M	False	False	(4, 1, 0)	()	0	4	major	major	V	V, major	I		V	V	False	I6	I6, major		I6, major		I	-1	0	0	5	4	4	True	False	True
18120	20	79	1	G	0	3	8	1	1	False	1.0	-1	70	70	152	70b	453/2	1/16	False	5	False				False	200	I6		F	V		I6	I		6			M	False	False	(4, 1, 0)	()	0	4	major	major	V	V, major	I		V	V	False	I6	I6, major		I6, major		I	-1	0	0	2	1	1	True	False	False
18140	20	77	-1	F	0	3	8	1	1	True	1.5	-1	70	70	152	70b	907/4	1/16	False	5	False				False	200	I6		F	V		I6	I		6			M	False	False	(4, 1, 0)	()	0	4	major	major	V	V, major	I		V	V	False	I6	I6, major		I6, major		I	-1	0	0	0	-1	-1	False	False	False
18140	20	81	3	A	0	3	8	1	1	True	1.5	-1	70	70	152	70b	907/4	1/16	False	5	False				False	200	I6		F	V		I6	I		6			M	False	False	(4, 1, 0)	()	0	4	major	major	V	V, major	I		V	V	False	I6	I6, major		I6, major		I	-1	0	0	4	3	3	False	False	False
18160	40	76	4	E	0	3	8	1	1	True	2.0	-1	70	70	152	70b	227	1/8	False	5	False				False	200	I6		F	V		I6	I		6			M	False	False	(4, 1, 0)	()	0	4	major	major	V	V, major	I		V	V	False	I6	I6, major		I6, major		I	-1	0	0	5	4	4	True	False	True
18160	40	79	1	G	0	3	8	1	1	True	2.0	-1	70	70	152	70b	227	1/8	False	5	False				False	200	I6		F	V		I6	I		6			M	False	False	(4, 1, 0)	()	0	4	major	major	V	V, major	I		V	V	False	I6	I6, major		I6, major		I	-1	0	0	2	1	1	True	False	False
18180	20	43	1	G	0	3	8	2	1	True	2.5	-1	70	70	152	70b	909/4	1/16	False	2	False				False	200	I6		F	V		I6	I		6			M	False	False	(4, 1, 0)	()	0	4	major	major	V	V, major	I		V	V	False	I6	I6, major		I6, major		I	-1	0	0	2	1	1	True	False	False
18180	20	55	1	G	0	3	8	2	1	True	2.5	-1	70	70	152	70b	909/4	1/16	False	3	False				False	200	I6		F	V		I6	I		6			M	False	False	(4, 1, 0)	()	0	4	major	major	V	V, major	I		V	V	False	I6	I6, major		I6, major		I	-1	0	0	2	1	1	True	False	False
18200	20	40	4	E	0	3	8	2	1	True	3.0	-1	70	70	152	70b	455/2	1/16	False	2	False				False	200	I6		F	V		I6	I		6			M	False	False	(4, 1, 0)	()	0	4	major	major	V	V, major	I		V	V	False	I6	I6, major		I6, major		I	-1	0	0	5	4	4	True	False	True
18200	20	52	4	E	0	3	8	2	1	True	3.0	-1	70	70	152	70b	455/2	1/16	False	3	False				False	200	I6		F	V		I6	I		6			M	False	False	(4, 1, 0)	()	0	4	major	major	V	V, major	I		V	V	False	I6	I6, major		I6, major		I	-1	0	0	5	4	4	True	False	True
18200	40	76	4	E	0	3	8	1	1	True	3.0	-1	70	70	152	70b	455/2	1/8	False	5	False				False	200	I6		F	V		I6	I		6			M	False	False	(4, 1, 0)	()	0	4	major	major	V	V, major	I		V	V	False	I6	I6, major		I6, major		I	-1	0	0	5	4	4	True	False	True
18200	40	79	1	G	0	3	8	1	1	True	3.0	-1	70	70	152	70b	455/2	1/8	False	5	False				False	200	I6		F	V		I6	I		6			M	False	False	(4, 1, 0)	()	0	4	major	major	V	V, major	I		V	V	False	I6	I6, major		I6, major		I	-1	0	0	2	1	1	True	False	False
18220	20	36	0	C	0	3	8	2	1	True	3.5	-1	70	70	152	70b	911/4	1/16	False	2	False				False	200	I6		F	V		I6	I		6			M	False	False	(4, 1, 0)	()	0	4	major	major	V	V, major	I		V	V	False	I6	I6, major		I6, major		I	-1	0	0	1	0	0	True	True	False
18220	20	48	0	C	0	3	8	2	1	True	3.5	-1	70	70	152	70b	911/4	1/16	False	3	False				False	200	I6		F	V		I6	I		6			M	False	False	(4, 1, 0)	()	0	4	major	major	V	V, major	I		V	V	False	I6	I6, major		I6, major		I	-1	0	0	1	0	0	True	True	False
18240	40	41	-1	F	0	3	8	2	1	True	1.0	-1	71	71	153	71b	228	1/8	False	2	True				False	201	IV		F	V		IV	IV					M	False	False	(-1, 3, 0)	()	-1	-1	major	major	V	V, major	IV		V	V	False	IV	IV, major		IV, major		IV	-1	0	0	0	-1	-1	True	True	True
18240	40	53	-1	F	0	3	8	2	1	True	1.0	-1	71	71	153	71b	228	1/8	False	3	True				False	201	IV		F	V		IV	IV					M	False	False	(-1, 3, 0)	()	-1	-1	major	major	V	V, major	IV		V	V	False	IV	IV, major		IV, major		IV	-1	0	0	0	-1	-1	True	True	True
18240	20	76	4	E	0	3	8	1	1	False	1.0	-1	71	71	153	71b	228	1/16	False	5	True				False	201	IV		F	V		IV	IV					M	False	False	(-1, 3, 0)	()	-1	-1	major	major	V	V, major	IV		V	V	False	IV	IV, major		IV, major		IV	-1	0	0	5	4	4	False	False	False
18240	20	79	1	G	0	3	8	1	1	False	1.0	-1	71	71	153	71b	228	1/16	False	5	True				False	201	IV		F	V		IV	IV					M	False	False	(-1, 3, 0)	()	-1	-1	major	major	V	V, major	IV		V	V	False	IV	IV, major		IV, major		IV	-1	0	0	2	1	1	False	False	False
18260	20	69	3	A	0	3	8	1	1	True	1.5	-1	71	71	153	71b	913/4	1/16	False	4	False				False	201	IV		F	V		IV	IV					M	False	False	(-1, 3, 0)	()	-1	-1	major	major	V	V, major	IV		V	V	False	IV	IV, major		IV, major		IV	-1	0	0	4	3	3	True	False	False
18260	20	77	-1	F	0	3	8	1	1	True	1.5	-1	71	71	153	71b	913/4	1/16	False	5	False				False	201	IV		F	V		IV	IV					M	False	False	(-1, 3, 0)	()	-1	-1	major	major	V	V, major	IV		V	V	False	IV	IV, major		IV, major		IV	-1	0	0	0	-1	-1	True	True	True
18280	40	43	1	G	0	3	8	2	1	True	2.0	-1	71	71	153	71b	457/2	1/8	False	2	True				False	202	V(64)		F	V		V(64)	V			64		M	False	False	(1, 0, 4)	()	1	1	major	major	V	V, major	V		V	V	False	V	V, major		V(64), major		V	-1	0	0	2	1	1	True	True	True
18280	40	55	1	G	0	3	8	2	1	True	2.0	-1	71	71	153	71b	457/2	1/8	False	3	True				False	202	V(64)		F	V		V(64)	V			64		M	False	False	(1, 0, 4)	()	1	1	major	major	V	V, major	V		V	V	False	V	V, major		V(64), major		V	-1	0	0	2	1	1	True	True	True
18280	20	67	1	G	0	3	8	1	1	True	2.0	-1	71	71	153	71b	457/2	1/16	False	4	True				False	202	V(64)		F	V		V(64)	V			64		M	False	False	(1, 0, 4)	()	1	1	major	major	V	V, major	V		V	V	False	V	V, major		V(64), major		V	-1	0	0	2	1	1	True	True	True
18280	20	76	4	E	0	3	8	1	1	True	2.0	-1	71	71	153	71b	457/2	1/16	False	5	True				False	202	V(64)		F	V		V(64)	V			64		M	False	False	(1, 0, 4)	()	1	1	major	major	V	V, major	V		V	V	False	V	V, major		V(64), major		V	-1	0	0	5	4	4	True	False	False
18300	20	65	-1	F	0	3	8	1	1	True	2.5	-1	71	71	153	71b	915/4	1/16	False	4	False				False	202	V(64)		F	V		V(64)	V			64		M	False	False	(1, 0, 4)	()	1	1	major	major	V	V, major	V		V	V	False	V	V, major		V(64), major		V	-1	0	0	0	-1	-1	False	False	False
18300	20	74	2	D	0	3	8	1	1	True	2.5	-1	71	71	153	71b	915/4	1/16	False	5	False				False	202	V(64)		F	V		V(64)	V			64		M	False	False	(1, 0, 4)	()	1	1	major	major	V	V, major	V		V	V	False	V	V, major		V(64), major		V	-1	0	0	3	2	2	False	False	False
18320	40	43	1	G	0	3	8	2	1	True	3.0	-1	71	71	153	71b	229	1/8	False	2	True				False	203	V		F	V		V	V					M	False	False	(1, 5, 2)	()	1	1	major	major	V	V, major	V		V	V	False	V	V, major		V, major		V	-1	0	0	2	1	1	True	True	True
18320	40	55	1	G	0	3	8	2	1	True	3.0	-1	71	71	153	71b	229	1/8	False	3	True				False	203	V		F	V		V	V					M	False	False	(1, 5, 2)	()	1	1	major	major	V	V, major	V		V	V	False	V	V, major		V, major		V	-1	0	0	2	1	1	True	True	True
18320	20	64	4	E	0	3	8	1	1	True	3.0	-1	71	71	153	71b	229	1/16	False	4	True				False	203	V		F	V		V	V					M	False	False	(1, 5, 2)	()	1	1	major	major	V	V, major	V		V	V	False	V	V, major		V, major		V	-1	0	0	5	4	4	False	False	False
18320	20	72	0	C	0	3	8	1	1	True	3.0	-1	71	71	153	71b	229	1/16	False	5	True				False	203	V		F	V		V	V					M	False	False	(1, 5, 2)	()	1	1	major	major	V	V, major	V		V	V	False	V	V, major		V, major		V	-1	0	0	1	0	0	False	False	False
18340	20	62	2	D	0	3	8	1	1	True	3.5	-1	71	71	153	71b	917/4	1/16	False	4	False				False	203	V		F	V		V	V					M	False	False	(1, 5, 2)	()	1	1	major	major	V	V, major	V		V	V	False	V	V, major		V, major		V	-1	0	0	3	2	2	True	False	False
18340	20	71	5	B	0	3	8	1	1	True	3.5	-1	71	71	153	71b	917/4	1/16	False	4	False				False	203	V		F	V		V	V					M	False	False	(1, 5, 2)	()	1	1	major	major	V	V, major	V		V	V	False	V	V, major		V, major		V	-1	0	0	6	5	5	True	False	False
18360	60	36	0	C	0	3	8	2	1	True	1.0	-1	72	72	154	72b	459/2	3/16	False	2	True	PAC	PAC		False	204	I|PAC		F	V		I	I					M	False	False	(0, 4, 1)	()	0	0	major	major	V	V, major	I		V	V	False	I	I, major		I, major		I	-1	0	0	1	0	0	True	True	True
18360	60	48	0	C	0	3	8	2	1	True	1.0	-1	72	72	154	72b	459/2	3/16	False	3	True	PAC	PAC		False	204	I|PAC		F	V		I	I					M	False	False	(0, 4, 1)	()	0	0	major	major	V	V, major	I		V	V	False	I	I, major		I, major		I	-1	0	0	1	0	0	True	True	True
18360	20	64	4	E	0	3	8	1	1	True	1.0	-1	72	72	154	72b	459/2	1/16	False	4	True	PAC	PAC		False	204	I|PAC		F	V		I	I					M	False	False	(0, 4, 1)	()	0	0	major	major	V	V, major	I		V	V	False	I	I, major		I, major		I	-1	0	0	5	4	4	True	False	False
18360	20	72	0	C	0	3	8	1	1	True	1.0	-1	72	72	154	72b	459/2	1/16	False	5	True	PAC	PAC		False	204	I|PAC		F	V		I	I					M	False	False	(0, 4, 1)	()	0	0	major	major	V	V, major	I		V	V	False	I	I, major		I, major		I	-1	0	0	1	0	0	True	True	True
18380	20	65	-1	F	0	3	8	1	1	True	1.5	-1	72	72	154	72b	919/4	1/16	False	4	False				False	204	I|PAC		F	V		I	I					M	False	False	(0, 4, 1)	()	0	0	major	major	V	V, major	I		V	V	False	I	I, major		I, major		I	-1	0	0	0	-1	-1	False	False	False
18380	20	74	2	D	0	3	8	1	1	True	1.5	-1	72	72	154	72b	919/4	1/16	False	5	False				False	204	I|PAC		F	V		I	I					M	False	False	(0, 4, 1)	()	0	0	major	major	V	V, major	I		V	V	False	I	I, major		I, major		I	-1	0	0	3	2	2	False	False	False
18400	40	67	1	G	0	3	8	1	1	True	2.0	-1	72	72	154	72b	230	1/8	False	4	False				False	204	I|PAC		F	V		I	I					M	False	False	(0, 4, 1)	()	0	0	major	major	V	V, major	I		V	V	False	I	I, major		I, major		I	-1	0	0	2	1	1	True	False	False
18400	40	76	4	E	0	3	8	1	1	True	2.0	-1	72	72	154	72b	230	1/8	False	5	False				False	204	I|PAC		F	V		I	I					M	False	False	(0, 4, 1)	()	0	0	major	major	V	V, major	I		V	V	False	I	I, major		I, major		I	-1	0	0	5	4	4	True	False	False
18420	20	48	0	C	0	3	8	2	1	True	2.5	-1	72	72	154	72b	921/4	1/16	False	3	False				False	204	I|PAC		F	V		I	I					M	False	False	(0, 4, 1)	()	0	0	major	major	V	V, major	I		V	V	False	I	I, major		I, major		I	-1	0	0	1	0	0	True	True	True
18420	20	60	0	C	0	3	8	2	1	True	2.5	-1	72	72	154	72b	921/4	1/16	False	4	False				False	204	I|PAC		F	V		I	I					M	False	False	(0, 4, 1)	()	0	0	major	major	V	V, major	I		V	V	False	I	I, major		I, major		I	-1	0	0	1	0	0	True	True	True
18440	20	43	1	G	0	3	8	2	1	True	3.0	-1	72	72	154	72b	461/2	1/16	False	2	False				False	204	I|PAC		F	V		I	I					M	False	False	(0, 4, 1)	()	0	0	major	major	V	V, major	I		V	V	False	I	I, major		I, major		I	-1	0	0	2	1	1	True	False	False
18440	20	55	1	G	0	3	8	2	1	True	3.0	-1	72	72	154	72b	461/2	1/16	False	3	False				False	204	I|PAC		F	V		I	I					M	False	False	(0, 4, 1)	()	0	0	major	major	V	V, major	I		V	V	False	I	I, major		I, major		I	-1	0	0	2	1	1	True	False	False
18440	40	67	1	G	0	3	8	1	1	True	3.0	-1	72	72	154	72b	461/2	1/8	False	4	False				False	204	I|PAC		F	V		I	I					M	False	False	(0, 4, 1)	()	0	0	major	major	V	V, major	I		V	V	False	I	I, major		I, major		I	-1	0	0	2	1	1	True	False	False
18440	40	76	4	E	0	3	8	1	1	True	3.0	-1	72	72	154	72b	461/2	1/8	False	5	False				False	204	I|PAC		F	V		I	I					M	False	False	(0, 4, 1)	()	0	0	major	major	V	V, major	I		V	V	False	I	I, major		I, major		I	-1	0	0	5	4	4	True	False	False
18460	20	40	4	E	0	3	8	2	1	True	3.5	-1	72	72	154	72b	923/4	1/16	False	2	False				False	204	I|PAC		F	V		I	I					M	False	False	(0, 4, 1)	()	0	0	major	major	V	V, major	I		V	V	False	I	I, major		I, major		I	-1	0	0	5	4	4	True	False	False
18460	20	52	4	E	0	3	8	2	1	True	3.5	-1	72	72	154	72b	923/4	1/16	False	3	False				False	204	I|PAC		F	V		I	I					M	False	False	(0, 4, 1)	()	0	0	major	major	V	V, major	I		V	V	False	I	I, major		I, major		I	-1	0	0	5	4	4	True	False	False
18480	60	36	0	C	0	3	8	2	1	True	1.0	-1	73	73	155	73b	231	3/16	False	2	False				False	204	I|PAC		F	V		I	I					M	False	False	(0, 4, 1)	()	0	0	major	major	V	V, major	I		V	V	False	I	I, major		I, major		I	-1	0	0	1	0	0	True	True	True
18480	60	48	0	C	0	3	8	2	1	True	1.0	-1	73	73	155	73b	231	3/16	False	3	False				False	204	I|PAC		F	V		I	I					M	False	False	(0, 4, 1)	()	0	0	major	major	V	V, major	I		V	V	False	I	I, major		I, major		I	-1	0	0	1	0	0	True	True	True
18480	20	67	1	G	0	3	8	1	1	False	1.0	-1	73	73	155	73b	231	1/16	False	4	False				False	204	I|PAC		F	V		I	I					M	False	False	(0, 4, 1)	()	0	0	major	major	V	V, major	I		V	V	False	I	I, major		I, major		I	-1	0	0	2	1	1	True	False	False
18480	20	76	4	E	0	3	8	1	1	False	1.0	-1	73	73	155	73b	231	1/16	False	5	False				False	204	I|PAC		F	V		I	I					M	False	False	(0, 4, 1)	()	0	0	major	major	V	V, major	I		V	V	False	I	I, major		I, major		I	-1	0	0	5	4	4	True	False	False
18500	20	69	3	A	0	3	8	1	1	True	1.5	-1	73	73	155	73b	925/4	1/16	False	4	False				False	204	I|PAC		F	V		I	I					M	False	False	(0, 4, 1)	()	0	0	major	major	V	V, major	I		V	V	False	I	I, major		I, major		I	-1	0	0	4	3	3	False	False	False
18500	20	77	-1	F	0	3	8	1	1	True	1.5	-1	73	73	155	73b	925/4	1/16	False	5	False				False	204	I|PAC		F	V		I	I					M	False	False	(0, 4, 1)	()	0	0	major	major	V	V, major	I		V	V	False	I	I, major		I, major		I	-1	0	0	0	-1	-1	False	False	False
18520	40	67	1	G	0	3	8	1	1	True	2.0	-1	73	73	155	73b	463/2	1/8	False	4	False				False	204	I|PAC		F	V		I	I					M	False	False	(0, 4, 1)	()	0	0	major	major	V	V, major	I		V	V	False	I	I, major		I, major		I	-1	0	0	2	1	1	True	False	False
18520	40	76	4	E	0	3	8	1	1	True	2.0	-1	73	73	155	73b	463/2	1/8	False	5	False				False	204	I|PAC		F	V		I	I					M	False	False	(0, 4, 1)	()	0	0	major	major	V	V, major	I		V	V	False	I	I, major		I, major		I	-1	0	0	5	4	4	True	False	False
18540	20	48	0	C	0	3	8	2	1	True	2.5	-1	73	73	155	73b	927/4	1/16	False	3	False				False	204	I|PAC		F	V		I	I					M	False	False	(0, 4, 1)	()	0	0	major	major	V	V, major	I		V	V	False	I	I, major		I, major		I	-1	0	0	1	0	0	True	True	True
18540	20	60	0	C	0	3	8	2	1	True	2.5	-1	73	73	155	73b	927/4	1/16	False	4	False				False	204	I|PAC		F	V		I	I					M	False	False	(0, 4, 1)	()	0	0	major	major	V	V, major	I		V	V	False	I	I, major		I, major		I	-1	0	0	1	0	0	True	True	True
18560	20	43	1	G	0	3	8	2	1	True	3.0	-1	73	73	155	73b	232	1/16	False	2	False				False	204	I|PAC		F	V		I	I					M	False	False	(0, 4, 1)	()	0	0	major	major	V	V, major	I		V	V	False	I	I, major		I, major		I	-1	0	0	2	1	1	True	False	False
18560	20	55	1	G	0	3	8	2	1	True	3.0	-1	73	73	155	73b	232	1/16	False	3	False				False	204	I|PAC		F	V		I	I					M	False	False	(0, 4, 1)	()	0	0	major	major	V	V, major	I		V	V	False	I	I, major		I, major		I	-1	0	0	2	1	1	True	False	False
18560	40	67	1	G	0	3	8	1	1	True	3.0	-1	73	73	155	73b	232	1/8	False	4	False				False	204	I|PAC		F	V		I	I					M	False	False	(0, 4, 1)	()	0	0	major	major	V	V, major	I		V	V	False	I	I, major		I, major		I	-1	0	0	2	1	1	True	False	False
18560	40	76	4	E	0	3	8	1	1	True	3.0	-1	73	73	155	73b	232	1/8	False	5	False				False	204	I|PAC		F	V		I	I					M	False	False	(0, 4, 1)	()	0	0	major	major	V	V, major	I		V	V	False	I	I, major		I, major		I	-1	0	0	5	4	4	True	False	False
18580	20	40	4	E	0	3	8	2	1	True	3.5	-1	73	73	155	73b	929/4	1/16	False	2	False				False	204	I|PAC		F	V		I	I					M	False	False	(0, 4, 1)	()	0	0	major	major	V	V, major	I		V	V	False	I	I, major		I, major		I	-1	0	0	5	4	4	True	False	False
18580	20	52	4	E	0	3	8	2	1	True	3.5	-1	73	73	155	73b	929/4	1/16	False	3	False				False	204	I|PAC		F	V		I	I					M	False	False	(0, 4, 1)	()	0	0	major	major	V	V, major	I		V	V	False	I	I, major		I, major		I	-1	0	0	5	4	4	True	False	False
18600	60	36	0	C	0	3	8	2	1	True	1.0	-1	74	74	156	74b	465/2	3/16	False	2	False				False	204	I|PAC		F	V		I	I					M	False	False	(0, 4, 1)	()	0	0	major	major	V	V, major	I		V	V	False	I	I, major		I, major		I	-1	0	0	1	0	0	True	True	True
18600	60	48	0	C	0	3	8	2	1	True	1.0	-1	74	74	156	74b	465/2	3/16	False	3	False				False	204	I|PAC		F	V		I	I					M	False	False	(0, 4, 1)	()	0	0	major	major	V	V, major	I		V	V	False	I	I, major		I, major		I	-1	0	0	1	0	0	True	True	True
18600	20	67	1	G	0	3	8	1	1	False	1.0	-1	74	74	156	74b	465/2	1/16	False	4	False				False	204	I|PAC		F	V		I	I					M	False	False	(0, 4, 1)	()	0	0	major	major	V	V, major	I		V	V	False	I	I, major		I, major		I	-1	0	0	2	1	1	True	False	False
18600	20	76	4	E	0	3	8	1	1	False	1.0	-1	74	74	156	74b	465/2	1/16	False	5	False				False	204	I|PAC		F	V		I	I					M	False	False	(0, 4, 1)	()	0	0	major	major	V	V, major	I		V	V	False	I	I, major		I, major		I	-1	0	0	5	4	4	True	False	False
18620	20	74	2	D	0	3	8	1	1	True	1.5	-1	74	74	156	74b	931/4	1/16	False	5	False				False	204	I|PAC		F	V		I	I					M	False	False	(0, 4, 1)	()	0	0	major	major	V	V, major	I		V	V	False	I	I, major		I, major		I	-1	0	0	3	2	2	False	False	False
18620	20	77	-1	F	0	3	8	1	1	True	1.5	-1	74	74	156	74b	931/4	1/16	False	5	False				False	204	I|PAC		F	V		I	I					M	False	False	(0, 4, 1)	()	0	0	major	major	V	V, major	I		V	V	False	I	I, major		I, major		I	-1	0	0	0	-1	-1	False	False	False
18640	40	76	4	E	0	3	8	1	1	True	2.0	-1	74	74	156	74b	233	1/8	False	5	False				False	204	I|PAC		F	V		I	I					M	False	False	(0, 4, 1)	()	0	0	major	major	V	V, major	I		V	V	False	I	I, major		I, major		I	-1	0	0	5	4	4	True	False	False
18640	40	79	1	G	0	3	8	1	1	True	2.0	-1	74	74	156	74b	233	1/8	False	5	False				False	204	I|PAC		F	V		I	I					M	False	False	(0, 4, 1)	()	0	0	major	major	V	V, major	I		V	V	False	I	I, major		I, major		I	-1	0	0	2	1	1	True	False	False
18660	20	52	4	E	0	3	8	2	1	True	2.5	-1	74	74	156	74b	933/4	1/16	False	3	False				False	204	I|PAC		F	V		I	I					M	False	False	(0, 4, 1)	()	0	0	major	major	V	V, major	I		V	V	False	I	I, major		I, major		I	-1	0	0	5	4	4	True	False	False
18660	20	64	4	E	0	3	8	2	1	True	2.5	-1	74	74	156	74b	933/4	1/16	False	4	False				False	204	I|PAC		F	V		I	I					M	False	False	(0, 4, 1)	()	0	0	major	major	V	V, major	I		V	V	False	I	I, major		I, major		I	-1	0	0	5	4	4	True	False	False
18680	20	48	0	C	0	3	8	2	1	True	3.0	-1	74	74	156	74b	467/2	1/16	False	3	False				False	204	I|PAC		F	V		I	I					M	False	False	(0, 4, 1)	()	0	0	major	major	V	V, major	I		V	V	False	I	I, major		I, major		I	-1	0	0	1	0	0	True	True	True
18680	20	60	0	C	0	3	8	2	1	True	3.0	-1	74	74	156	74b	467/2	1/16	False	4	False				False	204	I|PAC		F	V		I	I					M	False	False	(0, 4, 1)	()	0	0	major	major	V	V, major	I		V	V	False	I	I, major		I, major		I	-1	0	0	1	0	0	True	True	True
18680	40	76	4	E	0	3	8	1	1	True	3.0	-1	74	74	156	74b	467/2	1/8	False	5	False				False	204	I|PAC		F	V		I	I					M	False	False	(0, 4, 1)	()	0	0	major	major	V	V, major	I		V	V	False	I	I, major		I, major		I	-1	0	0	5	4	4	True	False	False
18680	40	79	1	G	0	3	8	1	1	True	3.0	-1	74	74	156	74b	467/2	1/8	False	5	False				False	204	I|PAC		F	V		I	I					M	False	False	(0, 4, 1)	()	0	0	major	major	V	V, major	I		V	V	False	I	I, major		I, major		I	-1	0	0	2	1	1	True	False	False
18700	20	43	1	G	0	3	8	2	1	True	3.5	-1	74	74	156	74b	935/4	1/16	False	2	False				False	204	I|PAC		F	V		I	I					M	False	False	(0, 4, 1)	()	0	0	major	major	V	V, major	I		V	V	False	I	I, major		I, major		I	-1	0	0	2	1	1	True	False	False
18700	20	55	1	G	0	3	8	2	1	True	3.5	-1	74	74	156	74b	935/4	1/16	False	3	False				False	204	I|PAC		F	V		I	I					M	False	False	(0, 4, 1)	()	0	0	major	major	V	V, major	I		V	V	False	I	I, major		I, major		I	-1	0	0	2	1	1	True	False	False
18720	60	40	4	E	0	3	8	2	1	True	1.0	-1	75	75	157	75b	234	3/16	False	2	True				False	205	I6		F	V		I6	I		6			M	False	False	(4, 1, 0)	()	0	4	major	major	V	V, major	I		V	V	False	I6	I6, major		I6, major		I	-1	0	0	5	4	4	True	False	True
18720	60	52	4	E	0	3	8	2	1	True	1.0	-1	75	75	157	75b	234	3/16	False	3	True				False	205	I6		F	V		I6	I		6			M	False	False	(4, 1, 0)	()	0	4	major	major	V	V, major	I		V	V	False	I6	I6, major		I6, major		I	-1	0	0	5	4	4	True	False	True
18720	20	76	4	E	0	3	8	1	1	False	1.0	-1	75	75	157	75b	234	1/16	False	5	True				False	205	I6		F	V		I6	I		6			M	False	False	(4, 1, 0)	()	0	4	major	major	V	V, major	I		V	V	False	I6	I6, major		I6, major		I	-1	0	0	5	4	4	True	False	True
18720	20	79	1	G	0	3	8	1	1	False	1.0	-1	75	75	157	75b	234	1/16	False	5	True				False	205	I6		F	V		I6	I		6			M	False	False	(4, 1, 0)	()	0	4	major	major	V	V, major	I		V	V	False	I6	I6, major		I6, major		I	-1	0	0	2	1	1	True	False	False
18740	20	77	-1	F	0	3	8	1	1	True	1.5	-1	75	75	157	75b	937/4	1/16	False	5	False				False	205	I6		F	V		I6	I		6			M	False	False	(4, 1, 0)	()	0	4	major	major	V	V, major	I		V	V	False	I6	I6, major		I6, major		I	-1	0	0	0	-1	-1	False	False	False
18740	20	81	3	A	0	3	8	1	1	True	1.5	-1	75	75	157	75b	937/4	1/16	False	5	False				False	205	I6		F	V		I6	I		6			M	False	False	(4, 1, 0)	()	0	4	major	major	V	V, major	I		V	V	False	I6	I6, major		I6, major		I	-1	0	0	4	3	3	False	False	False
18760	40	76	4	E	0	3	8	1	1	True	2.0	-1	75	75	157	75b	469/2	1/8	False	5	False				False	205	I6		F	V		I6	I		6			M	False	False	(4, 1, 0)	()	0	4	major	major	V	V, major	I		V	V	False	I6	I6, major		I6, major		I	-1	0	0	5	4	4	True	False	True
18760	40	79	1	G	0	3	8	1	1	True	2.0	-1	75	75	157	75b	469/2	1/8	False	5	False				False	205	I6		F	V		I6	I		6			M	False	False	(4, 1, 0)	()	0	4	major	major	V	V, major	I		V	V	False	I6	I6, major		I6, major		I	-1	0	0	2	1	1	True	False	False
18780	20	52	4	E	0	3	8	2	1	True	2.5	-1	75	75	157	75b	939/4	1/16	False	3	False				False	205	I6		F	V		I6	I		6			M	False	False	(4, 1, 0)	()	0	4	major	major	V	V, major	I		V	V	False	I6	I6, major		I6, major		I	-1	0	0	5	4	4	True	False	True
18780	20	64	4	E	0	3	8	2	1	True	2.5	-1	75	75	157	75b	939/4	1/16	False	4	False				False	205	I6		F	V		I6	I		6			M	False	False	(4, 1, 0)	()	0	4	major	major	V	V, major	I		V	V	False	I6	I6, major		I6, major		I	-1	0	0	5	4	4	True	False	True
18800	20	48	0	C	0	3	8	2	1	True	3.0	-1	75	75	157	75b	235	1/16	False	3	False				False	205	I6		F	V		I6	I		6			M	False	False	(4, 1, 0)	()	0	4	major	major	V	V, major	I		V	V	False	I6	I6, major		I6, major		I	-1	0	0	1	0	0	True	True	False
18800	20	60	0	C	0	3	8	2	1	True	3.0	-1	75	75	157	75b	235	1/16	False	4	False				False	205	I6		F	V		I6	I		6			M	False	False	(4, 1, 0)	()	0	4	major	major	V	V, major	I		V	V	False	I6	I6, major		I6, major		I	-1	0	0	1	0	0	True	True	False
18800	40	76	4	E	0	3	8	1	1	True	3.0	-1	75	75	157	75b	235	1/8	False	5	False				False	205	I6		F	V		I6	I		6			M	False	False	(4, 1, 0)	()	0	4	major	major	V	V, major	I		V	V	False	I6	I6, major		I6, major		I	-1	0	0	5	4	4	True	False	True
18800	40	79	1	G	0	3	8	1	1	True	3.0	-1	75	75	157	75b	235	1/8	False	5	False				False	205	I6		F	V		I6	I		6			M	False	False	(4, 1, 0)	()	0	4	major	major	V	V, major	I		V	V	False	I6	I6, major		I6, major		I	-1	0	0	2	1	1	True	False	False
18820	20	43	1	G	0	3	8	2	1	True	3.5	-1	75	75	157	75b	941/4	1/16	False	2	False				False	205	I6		F	V		I6	I		6			M	False	False	(4, 1, 0)	()	0	4	major	major	V	V, major	I		V	V	False	I6	I6, major		I6, major		I	-1	0	0	2	1	1	True	False	False
18820	20	55	1	G	0	3	8	2	1	True	3.5	-1	75	75	157	75b	941/4	1/16	False	3	False				False	205	I6		F	V		I6	I		6			M	False	False	(4, 1, 0)	()	0	4	major	major	V	V, major	I		V	V	False	I6	I6, major		I6, major		I	-1	0	0	2	1	1	True	False	False
18840	60	40	4	E	0	3	8	2	1	True	1.0	-1	76	76	158	76b	471/2	3/16	False	2	False				False	205	I6		F	V		I6	I		6			M	False	False	(4, 1, 0)	()	0	4	major	major	V	V, major	I		V	V	False	I6	I6, major		I6, major		I	-1	0	0	5	4	4	True	False	True
18840	60	52	4	E	0	3	8	2	1	True	1.0	-1	76	76	158	76b	471/2	3/16	False	3	False				False	205	I6		F	V		I6	I		6			M	False	False	(4, 1, 0)	()	0	4	major	major	V	V, major	I		V	V	False	I6	I6, major		I6, major		I	-1	0	0	5	4	4	True	False	True
18840	20	76	4	E	0	3	8	1	1	False	1.0	-1	76	76	158	76b	471/2	1/16	False	5	False				False	205	I6		F	V		I6	I		6			M	False	False	(4, 1, 0)	()	0	4	major	major	V	V, major	I		V	V	False	I6	I6, major		I6, major		I	-1	0	0	5	4	4	True	False	True
18840	20	79	1	G	0	3	8	1	1	False	1.0	-1	76	76	158	76b	471/2	1/16	False	5	False				False	205	I6		F	V		I6	I		6			M	False	False	(4, 1, 0)	()	0	4	major	major	V	V, major	I		V	V	False	I6	I6, major		I6, major		I	-1	0	0	2	1	1	True	False	False
18860	20	77	-1	F	0	3	8	1	1	True	1.5	-1	76	76	158	76b	943/4	1/16	False	5	False				False	205	I6		F	V		I6	I		6			M	False	False	(4, 1, 0)	()	0	4	major	major	V	V, major	I		V	V	False	I6	I6, major		I6, major		I	-1	0	0	0	-1	-1	False	False	False
18860	20	81	3	A	0	3	8	1	1	True	1.5	-1	76	76	158	76b	943/4	1/16	False	5	False				False	205	I6		F	V		I6	I		6			M	False	False	(4, 1, 0)	()	0	4	major	major	V	V, major	I		V	V	False	I6	I6, major		I6, major		I	-1	0	0	4	3	3	False	False	False
18880	40	76	4	E	0	3	8	1	1	True	2.0	-1	76	76	158	76b	236	1/8	False	5	False				False	205	I6		F	V		I6	I		6			M	False	False	(4, 1, 0)	()	0	4	major	major	V	V, major	I		V	V	False	I6	I6, major		I6, major		I	-1	0	0	5	4	4	True	False	True
18880	40	79	1	G	0	3	8	1	1	True	2.0	-1	76	76	158	76b	236	1/8	False	5	False				False	205	I6		F	V		I6	I		6			M	False	False	(4, 1, 0)	()	0	4	major	major	V	V, major	I		V	V	False	I6	I6, major		I6, major		I	-1	0	0	2	1	1	True	False	False
18900	20	43	1	G	0	3	8	2	1	True	2.5	-1	76	76	158	76b	945/4	1/16	False	2	False				False	205	I6		F	V		I6	I		6			M	False	False	(4, 1, 0)	()	0	4	major	major	V	V, major	I		V	V	False	I6	I6, major		I6, major		I	-1	0	0	2	1	1	True	False	False
18900	20	55	1	G	0	3	8	2	1	True	2.5	-1	76	76	158	76b	945/4	1/16	False	3	False				False	205	I6		F	V		I6	I		6			M	False	False	(4, 1, 0)	()	0	4	major	major	V	V, major	I		V	V	False	I6	I6, major		I6, major		I	-1	0	0	2	1	1	True	False	False
18920	20	40	4	E	0	3	8	2	1	True	3.0	-1	76	76	158	76b	473/2	1/16	False	2	False				False	205	I6		F	V		I6	I		6			M	False	False	(4, 1, 0)	()	0	4	major	major	V	V, major	I		V	V	False	I6	I6, major		I6, major		I	-1	0	0	5	4	4	True	False	True
18920	20	52	4	E	0	3	8	2	1	True	3.0	-1	76	76	158	76b	473/2	1/16	False	3	False				False	205	I6		F	V		I6	I		6			M	False	False	(4, 1, 0)	()	0	4	major	major	V	V, major	I		V	V	False	I6	I6, major		I6, major		I	-1	0	0	5	4	4	True	False	True
18920	40	76	4	E	0	3	8	1	1	True	3.0	-1	76	76	158	76b	473/2	1/8	False	5	False				False	205	I6		F	V		I6	I		6			M	False	False	(4, 1, 0)	()	0	4	major	major	V	V, major	I		V	V	False	I6	I6, major		I6, major		I	-1	0	0	5	4	4	True	False	True
18920	40	79	1	G	0	3	8	1	1	True	3.0	-1	76	76	158	76b	473/2	1/8	False	5	False				False	205	I6		F	V		I6	I		6			M	False	False	(4, 1, 0)	()	0	4	major	major	V	V, major	I		V	V	False	I6	I6, major		I6, major		I	-1	0	0	2	1	1	True	False	False
18940	20	36	0	C	0	3	8	2	1	True	3.5	-1	76	76	158	76b	947/4	1/16	False	2	False				False	205	I6		F	V		I6	I		6			M	False	False	(4, 1, 0)	()	0	4	major	major	V	V, major	I		V	V	False	I6	I6, major		I6, major		I	-1	0	0	1	0	0	True	True	False
18940	20	48	0	C	0	3	8	2	1	True	3.5	-1	76	76	158	76b	947/4	1/16	False	3	False				False	205	I6		F	V		I6	I		6			M	False	False	(4, 1, 0)	()	0	4	major	major	V	V, major	I		V	V	False	I6	I6, major		I6, major		I	-1	0	0	1	0	0	True	True	False
18960	40	41	-1	F	0	3	8	2	1	True	1.0	-1	77	77	159	77b	237	1/8	False	2	True				False	206	IV		F	V		IV	IV					M	False	False	(-1, 3, 0)	()	-1	-1	major	major	V	V, major	IV		V	V	False	IV	IV, major		IV, major		IV	-1	0	0	0	-1	-1	True	True	True
18960	40	53	-1	F	0	3	8	2	1	True	1.0	-1	77	77	159	77b	237	1/8	False	3	True				False	206	IV		F	V		IV	IV					M	False	False	(-1, 3, 0)	()	-1	-1	major	major	V	V, major	IV		V	V	False	IV	IV, major		IV, major		IV	-1	0	0	0	-1	-1	True	True	True
18960	20	76	4	E	0	3	8	1	1	False	1.0	-1	77	77	159	77b	237	1/16	False	5	True				False	206	IV		F	V		IV	IV					M	False	False	(-1, 3, 0)	()	-1	-1	major	major	V	V, major	IV		V	V	False	IV	IV, major		IV, major		IV	-1	0	0	5	4	4	False	False	False
18960	20	79	1	G	0	3	8	1	1	False	1.0	-1	77	77	159	77b	237	1/16	False	5	True				False	206	IV		F	V		IV	IV					M	False	False	(-1, 3, 0)	()	-1	-1	major	major	V	V, major	IV		V	V	False	IV	IV, major		IV, major		IV	-1	0	0	2	1	1	False	False	False
18980	20	77	-1	F	0	3	8	1	1	True	1.5	-1	77	77	159	77b	949/4	1/16	False	5	False				False	206	IV		F	V		IV	IV					M	False	False	(-1, 3, 0)	()	-1	-1	major	major	V	V, major	IV		V	V	False	IV	IV, major		IV, major		IV	-1	0	0	0	-1	-1	True	True	True
18980	20	81	3	A	0	3	8	1	1	True	1.5	-1	77	77	159	77b	949/4	1/16	False	5	False				False	206	IV		F	V		IV	IV					M	False	False	(-1, 3, 0)	()	-1	-1	major	major	V	V, major	IV		V	V	False	IV	IV, major		IV, major		IV	-1	0	0	4	3	3	True	False	False
19000	40	43	1	G	0	3	8	2	1	True	2.0	-1	77	77	159	77b	475/2	1/8	False	2	True				False	207	V(64)		F	V		V(64)	V			64		M	False	False	(1, 0, 4)	()	1	1	major	major	V	V, major	V		V	V	False	V	V, major		V(64), major		V	-1	0	0	2	1	1	True	True	True
19000	40	55	1	G	0	3	8	2	1	True	2.0	-1	77	77	159	77b	475/2	1/8	False	3	True				False	207	V(64)		F	V		V(64)	V			64		M	False	False	(1, 0, 4)	()	1	1	major	major	V	V, major	V		V	V	False	V	V, major		V(64), major		V	-1	0	0	2	1	1	True	True	True
19000	20	76	4	E	0	3	8	1	1	True	2.0	-1	77	77	159	77b	475/2	1/16	False	5	True				False	207	V(64)		F	V		V(64)	V			64		M	False	False	(1, 0, 4)	()	1	1	major	major	V	V, major	V		V	V	False	V	V, major		V(64), major		V	-1	0	0	5	4	4	True	False	False
19000	20	79	1	G	0	3	8	1	1	True	2.0	-1	77	77	159	77b	475/2	1/16	False	5	True				False	207	V(64)		F	V		V(64)	V			64		M	False	False	(1, 0, 4)	()	1	1	major	major	V	V, major	V		V	V	False	V	V, major		V(64), major		V	-1	0	0	2	1	1	True	True	True
19020	20	74	2	D	0	3	8	1	1	True	2.5	-1	77	77	159	77b	951/4	1/16	False	5	False				False	207	V(64)		F	V		V(64)	V			64		M	False	False	(1, 0, 4)	()	1	1	major	major	V	V, major	V		V	V	False	V	V, major		V(64), major		V	-1	0	0	3	2	2	False	False	False
19020	20	77	-1	F	0	3	8	1	1	True	2.5	-1	77	77	159	77b	951/4	1/16	False	5	False				False	207	V(64)		F	V		V(64)	V			64		M	False	False	(1, 0, 4)	()	1	1	major	major	V	V, major	V		V	V	False	V	V, major		V(64), major		V	-1	0	0	0	-1	-1	False	False	False
19040	40	43	1	G	0	3	8	2	1	True	3.0	-1	77	77	159	77b	238	1/8	False	2	True				False	208	V		F	V		V	V					M	False	False	(1, 5, 2)	()	1	1	major	major	V	V, major	V		V	V	False	V	V, major		V, major		V	-1	0	0	2	1	1	True	True	True
19040	40	55	1	G	0	3	8	2	1	True	3.0	-1	77	77	159	77b	238	1/8	False	3	True				False	208	V		F	V		V	V					M	False	False	(1, 5, 2)	()	1	1	major	major	V	V, major	V		V	V	False	V	V, major		V, major		V	-1	0	0	2	1	1	True	True	True
19040	20	72	0	C	0	3	8	1	1	True	3.0	-1	77	77	159	77b	238	1/16	False	5	True				False	208	V		F	V		V	V					M	False	False	(1, 5, 2)	()	1	1	major	major	V	V, major	V		V	V	False	V	V, major		V, major		V	-1	0	0	1	0	0	False	False	False
19040	20	76	4	E	0	3	8	1	1	True	3.0	-1	77	77	159	77b	238	1/16	False	5	True				False	208	V		F	V		V	V					M	False	False	(1, 5, 2)	()	1	1	major	major	V	V, major	V		V	V	False	V	V, major		V, major		V	-1	0	0	5	4	4	False	False	False
19060	20	71	5	B	0	3	8	1	1	True	3.5	-1	77	77	159	77b	953/4	1/16	False	4	False				False	208	V		F	V		V	V					M	False	False	(1, 5, 2)	()	1	1	major	major	V	V, major	V		V	V	False	V	V, major		V, major		V	-1	0	0	6	5	5	True	False	False
19060	20	74	2	D	0	3	8	1	1	True	3.5	-1	77	77	159	77b	953/4	1/16	False	5	False				False	208	V		F	V		V	V					M	False	False	(1, 5, 2)	()	1	1	major	major	V	V, major	V		V	V	False	V	V, major		V, major		V	-1	0	0	3	2	2	True	False	False
19080	60	48	0	C	0	3	8	2	2	True	1.0	-1	78	78	160	78b	477/2	3/16	False	3	True	IAC	IAC		False	209	I|IAC		F	V		I	I					M	False	False	(0, 4, 1)	()	0	0	major	major	V	V, major	I		V	V	False	I	I, major		I, major		I	-1	0	0	1	0	0	True	True	True
19080	120	60	0	C	0	3	8	2	1	True	1.0	-1	78	78	160	78b	477/2	3/8	False	4	True	IAC	IAC		False	209	I|IAC		F	V		I	I					M	False	False	(0, 4, 1)	()	0	0	major	major	V	V, major	I		V	V	False	I	I, major		I, major		I	-1	0	0	1	0	0	True	True	True
19080	20	76	4	E	0	3	8	1	1	True	1.0	-1	78	78	160	78b	477/2	1/16	False	5	True	IAC	IAC		False	209	I|IAC		F	V		I	I					M	False	False	(0, 4, 1)	()	0	0	major	major	V	V, major	I		V	V	False	I	I, major		I, major		I	-1	0	0	5	4	4	True	False	False
19100	20	72	0	C	0	3	8	1	1	True	1.5	-1	78	78	160	78b	955/4	1/16	False	5	False				False	209	I|IAC		F	V		I	I					M	False	False	(0, 4, 1)	()	0	0	major	major	V	V, major	I		V	V	False	I	I, major		I, major		I	-1	0	0	1	0	0	True	True	True
19120	20	79	1	G	0	3	8	1	1	True	2.0	-1	78	78	160	78b	239	1/16	False	5	False				False	209	I|IAC		F	V		I	I					M	False	False	(0, 4, 1)	()	0	0	major	major	V	V, major	I		V	V	False	I	I, major		I, major		I	-1	0	0	2	1	1	True	False	False
19140	20	50	2	D	0	3	8	2	2	True	2.5	-1	78	78	160	78b	957/4	1/16	False	3	False				False	209	I|IAC		F	V		I	I					M	False	False	(0, 4, 1)	()	0	0	major	major	V	V, major	I		V	V	False	I	I, major		I, major		I	-1	0	0	3	2	2	False	False	False
19140	20	72	0	C	0	3	8	1	1	True	2.5	-1	78	78	160	78b	957/4	1/16	False	5	False				False	209	I|IAC		F	V		I	I					M	False	False	(0, 4, 1)	()	0	0	major	major	V	V, major	I		V	V	False	I	I, major		I, major		I	-1	0	0	1	0	0	True	True	True
19160	40	52	4	E	0	3	8	2	2	True	3.0	-1	78	78	160	78b	479/2	1/8	False	3	True				False	210	I6		F	V		I6	I		6			M	False	False	(4, 1, 0)	()	0	4	major	major	V	V, major	I		V	V	False	I6	I6, major		I6, major		I	-1	0	0	5	4	4	True	False	True
19160	20	84	0	C	0	3	8	1	1	True	3.0	-1	78	78	160	78b	479/2	1/16	False	6	True				False	210	I6		F	V		I6	I		6			M	False	False	(4, 1, 0)	()	0	4	major	major	V	V, major	I		V	V	False	I6	I6, major		I6, major		I	-1	0	0	1	0	0	True	True	False
19180	20	72	0	C	0	3	8	1	1	True	3.5	-1	78	78	160	78b	959/4	1/16	False	5	False				False	210	I6		F	V		I6	I		6			M	False	False	(4, 1, 0)	()	0	4	major	major	V	V, major	I		V	V	False	I6	I6, major		I6, major		I	-1	0	0	1	0	0	True	True	False
19200	40	53	-1	F	0	3	8	2	1	True	1.0	-1	79	79	161	79b	240	1/8	False	3	True				False	211	IV		F	V		IV	IV					M	False	False	(-1, 3, 0)	()	-1	-1	major	major	V	V, major	IV		V	V	False	IV	IV, major		IV, major		IV	-1	0	0	0	-1	-1	True	True	True
19200	20	72	0	C	0	3	8	1	1	True	1.0	-1	79	79	161	79b	240	1/16	False	5	True				False	211	IV		F	V		IV	IV					M	False	False	(-1, 3, 0)	()	-1	-1	major	major	V	V, major	IV		V	V	False	IV	IV, major		IV, major		IV	-1	0	0	1	0	0	True	False	False
19220	20	74	2	D	0	3	8	1	1	True	1.5	-1	79	79	161	79b	961/4	1/16	False	5	False				False	211	IV		F	V		IV	IV					M	False	False	(-1, 3, 0)	()	-1	-1	major	major	V	V, major	IV		V	V	False	IV	IV, major		IV, major		IV	-1	0	0	3	2	2	False	False	False
19240	40	55	1	G	0	3	8	2	1	True	2.0	-1	79	79	161	79b	481/2	1/8	False	3	True				False	212	V(64)		F	V		V(64)	V			64		M	False	False	(1, 0, 4)	()	1	1	major	major	V	V, major	V		V	V	False	V	V, major		V(64), major		V	-1	0	0	2	1	1	True	True	True
19240	60	74	2	D	0	3	8	1	1	True	2.0	-1	79	79	161	79b	481/2	3/16	False	5	True				False	212	V(64)		F	V		V(64)	V			64		M	False	False	(1, 0, 4)	()	1	1	major	major	V	V, major	V		V	V	False	V	V, major		V(64), major		V	-1	0	0	3	2	2	False	False	False
19280	40	43	1	G	0	3	8	2	1	True	3.0	-1	79	79	161	79b	241	1/8	False	2	True				False	213	V		F	V		V	V					M	False	False	(1, 5, 2)	()	1	1	major	major	V	V, major	V		V	V	False	V	V, major		V, major		V	-1	0	0	2	1	1	True	True	True
19300	10	72	0	C	0	3	8	1	1	True	3.5	-1	79	79	161	79b	965/4	1/32	False	5	False				False	213	V		F	V		V	V					M	False	False	(1, 5, 2)	()	1	1	major	major	V	V, major	V		V	V	False	V	V, major		V, major		V	-1	0	0	1	0	0	False	False	False
19310	10	74	2	D	0	3	8	1	1	True	3.75	-1	79	79	161	79b	1931/8	1/32	False	5	False				False	213	V		F	V		V	V					M	False	False	(1, 5, 2)	()	1	1	major	major	V	V, major	V		V	V	False	V	V, major		V, major		V	-1	0	0	3	2	2	True	False	False
19320	60	48	0	C	0	3	8	2	2	True	1.0	-1	80	80	162	80b	483/2	3/16	False	3	True	IAC	IAC		False	214	I|IAC		F	V		I	I					M	False	False	(0, 4, 1)	()	0	0	major	major	V	V, major	I		V	V	False	I	I, major		I, major		I	-1	0	0	1	0	0	True	True	True
19320	120	60	0	C	0	3	8	2	1	True	1.0	-1	80	80	162	80b	483/2	3/8	False	4	True	IAC	IAC		False	214	I|IAC		F	V		I	I					M	False	False	(0, 4, 1)	()	0	0	major	major	V	V, major	I		V	V	False	I	I, major		I, major		I	-1	0	0	1	0	0	True	True	True
19320	20	76	4	E	0	3	8	1	1	True	1.0	-1	80	80	162	80b	483/2	1/16	False	5	True	IAC	IAC		False	214	I|IAC		F	V		I	I					M	False	False	(0, 4, 1)	()	0	0	major	major	V	V, major	I		V	V	False	I	I, major		I, major		I	-1	0	0	5	4	4	True	False	False
19340	20	72	0	C	0	3	8	1	1	True	1.5	-1	80	80	162	80b	967/4	1/16	False	5	False				False	214	I|IAC		F	V		I	I					M	False	False	(0, 4, 1)	()	0	0	major	major	V	V, major	I		V	V	False	I	I, major		I, major		I	-1	0	0	1	0	0	True	True	True
19360	20	79	1	G	0	3	8	1	1	True	2.0	-1	80	80	162	80b	242	1/16	False	5	False				False	214	I|IAC		F	V		I	I					M	False	False	(0, 4, 1)	()	0	0	major	major	V	V, major	I		V	V	False	I	I, major		I, major		I	-1	0	0	2	1	1	True	False	False
19380	20	50	2	D	0	3	8	2	2	True	2.5	-1	80	80	162	80b	969/4	1/16	False	3	False				False	214	I|IAC		F	V		I	I					M	False	False	(0, 4, 1)	()	0	0	major	major	V	V, major	I		V	V	False	I	I, major		I, major		I	-1	0	0	3	2	2	False	False	False
19380	20	72	0	C	0	3	8	1	1	True	2.5	-1	80	80	162	80b	969/4	1/16	False	5	False				False	214	I|IAC		F	V		I	I					M	False	False	(0, 4, 1)	()	0	0	major	major	V	V, major	I		V	V	False	I	I, major		I, major		I	-1	0	0	1	0	0	True	True	True
19400	40	52	4	E	0	3	8	2	2	True	3.0	-1	80	80	162	80b	485/2	1/8	False	3	True				False	215	I6		F	V		I6	I		6			M	False	False	(4, 1, 0)	()	0	4	major	major	V	V, major	I		V	V	False	I6	I6, major		I6, major		I	-1	0	0	5	4	4	True	False	True
19400	20	84	0	C	0	3	8	1	1	True	3.0	-1	80	80	162	80b	485/2	1/16	False	6	True				False	215	I6		F	V		I6	I		6			M	False	False	(4, 1, 0)	()	0	4	major	major	V	V, major	I		V	V	False	I6	I6, major		I6, major		I	-1	0	0	1	0	0	True	True	False
19420	20	72	0	C	0	3	8	1	1	True	3.5	-1	80	80	162	80b	971/4	1/16	False	5	False				False	215	I6		F	V		I6	I		6			M	False	False	(4, 1, 0)	()	0	4	major	major	V	V, major	I		V	V	False	I6	I6, major		I6, major		I	-1	0	0	1	0	0	True	True	False
19440	40	53	-1	F	0	3	8	2	1	True	1.0	-1	81	81	163	81b	243	1/8	False	3	True				False	216	IV		F	V		IV	IV					M	False	False	(-1, 3, 0)	()	-1	-1	major	major	V	V, major	IV		V	V	False	IV	IV, major		IV, major		IV	-1	0	0	0	-1	-1	True	True	True
19440	20	69	3	A	0	3	8	1	1	True	1.0	-1	81	81	163	81b	243	1/16	False	4	True				False	216	IV		F	V		IV	IV					M	False	False	(-1, 3, 0)	()	-1	-1	major	major	V	V, major	IV		V	V	False	IV	IV, major		IV, major		IV	-1	0	0	4	3	3	True	False	False
19460	20	77	-1	F	0	3	8	1	1	True	1.5	-1	81	81	163	81b	973/4	1/16	False	5	False				False	216	IV		F	V		IV	IV					M	False	False	(-1, 3, 0)	()	-1	-1	major	major	V	V, major	IV		V	V	False	IV	IV, major		IV, major		IV	-1	0	0	0	-1	-1	True	True	True
19480	40	55	1	G	0	3	8	2	1	True	2.0	-1	81	81	163	81b	487/2	1/8	False	3	True				False	217	V(64)		F	V		V(64)	V			64		M	False	False	(1, 0, 4)	()	1	1	major	major	V	V, major	V		V	V	False	V	V, major		V(64), major		V	-1	0	0	2	1	1	True	True	True
19480	60	74	2	D	0	3	8	1	1	True	2.0	-1	81	81	163	81b	487/2	3/16	False	5	True				False	217	V(64)		F	V		V(64)	V			64		M	False	False	(1, 0, 4)	()	1	1	major	major	V	V, major	V		V	V	False	V	V, major		V(64), major		V	-1	0	0	3	2	2	False	False	False
19520	40	43	1	G	0	3	8	2	1	True	3.0	-1	81	81	163	81b	244	1/8	False	2	True				False	218	V		F	V		V	V					M	False	False	(1, 5, 2)	()	1	1	major	major	V	V, major	V		V	V	False	V	V, major		V, major		V	-1	0	0	2	1	1	True	True	True
19540	10	72	0	C	0	3	8	1	1	True	3.5	-1	81	81	163	81b	977/4	1/32	False	5	False				False	218	V		F	V		V	V					M	False	False	(1, 5, 2)	()	1	1	major	major	V	V, major	V		V	V	False	V	V, major		V, major		V	-1	0	0	1	0	0	False	False	False
19550	10	74	2	D	0	3	8	1	1	True	3.75	-1	81	81	163	81b	1955/8	1/32	False	5	False				False	218	V		F	V		V	V					M	False	False	(1, 5, 2)	()	1	1	major	major	V	V, major	V		V	V	False	V	V, major		V, major		V	-1	0	0	3	2	2	True	False	False
19560	120	48	0	C	0	3	8	2	1	True	1.0	-1	82	82	164	82b	489/2	3/8	False	3	True	PAC	PAC	}	True	219	I|PAC}		F	V		I	I					M	False	False	(0, 4, 1)	()	0	0	major	major	V	V, major	I		V	V	False	I	I, major		I, major		I	-1	0	0	1	0	0	True	True	True
19560	120	72	0	C	0	3	8	1	1	True	1.0	-1	82	82	164	82b	489/2	3/8	False	5	True	PAC	PAC	}	True	219	I|PAC}		F	V		I	I					M	False	False	(0, 4, 1)	()	0	0	major	major	V	V, major	I		V	V	False	I	I, major		I, major		I	-1	0	0	1	0	0	True	True	True
19680	40	72	0	C	0	3	8	1	1	True	1.0	-1	83	83	165	83a	246	1/8	True	5	True			{	False	220	i.V7{		F	i		V7	V		7			Mm7	False	True	(1, 5, 2, -1)	()	1	1	major	minor	i	i, major	V		i	i	True	V7	V7, minor		V7, minor		V	-1	-1	-1	1	1	1	True	True	True
19720	40	72	0	C	0	3	8	1	1	True	2.0	-1	83	83	165	83a	493/2	1/8	False	5	False				False	220	i.V7{		F	i		V7	V		7			Mm7	False	True	(1, 5, 2, -1)	()	1	1	major	minor	i	i, major	V		i	i	True	V7	V7, minor		V7, minor		V	-1	-1	-1	1	1	1	True	True	True
19760	40	72	0	C	0	3	8	1	1	True	3.0	-1	83	83	165	83a	247	1/8	False	5	False				False	220	i.V7{		F	i		V7	V		7			Mm7	False	True	(1, 5, 2, -1)	()	1	1	major	minor	i	i, major	V		i	i	True	V7	V7, minor		V7, minor		V	-1	-1	-1	1	1	1	True	True	True
19800	20	82	-2	B	-1	3	8	1	1	True	1.0	-1	84	84	166	84a	495/2	1/16	False	5	False				False	220	i.V7{		F	i		V7	V		7			Mm7	False	True	(1, 5, 2, -1)	()	1	1	major	minor	i	i, major	V		i	i	True	V7	V7, minor		V7, minor		V	-1	-1	-1	-1	-1	-1	True	False	False
19820	20	79	1	G	0	3	8	1	1	True	1.5	-1	84	84	166	84a	991/4	1/16	False	5	False				False	220	i.V7{		F	i		V7	V		7			Mm7	False	True	(1, 5, 2, -1)	()	1	1	major	minor	i	i, major	V		i	i	True	V7	V7, minor		V7, minor		V	-1	-1	-1	2	2	2	True	False	False
19840	20	76	4	E	0	3	8	1	1	True	2.0	-1	84	84	166	84a	248	1/16	False	5	False				False	220	i.V7{		F	i		V7	V		7			Mm7	False	True	(1, 5, 2, -1)	()	1	1	major	minor	i	i, major	V		i	i	True	V7	V7, minor		V7, minor		V	-1	-1	-1	5	5	5	True	False	False
19860	20	73	-5	D	-1	3	8	1	1	True	2.5	-1	84	84	166	84a	993/4	1/16	False	5	False				False	220	i.V7{		F	i		V7	V		7			Mm7	False	True	(1, 5, 2, -1)	()	1	1	major	minor	i	i, major	V		i	i	True	V7	V7, minor		V7, minor		V	-1	-1	-1	-4	-4	-4	False	False	False
19880	0	72	0	C	0	3	8	1	1	True	3.0	-1	84	84	166	84a	497/2	0	False	5	False				False	220	i.V7{		F	i		V7	V		7			Mm7	False	True	(1, 5, 2, -1)	()	1	1	major	minor	i	i, major	V		i	i	True	V7	V7, minor		V7, minor		V	-1	-1	-1	1	1	1	True	True	True
19880	40	70	-2	B	-1	3	8	1	1	True	3.0	-1	84	84	166	84a	497/2	1/8	False	4	False				False	220	i.V7{		F	i		V7	V		7			Mm7	False	True	(1, 5, 2, -1)	()	1	1	major	minor	i	i, major	V		i	i	True	V7	V7, minor		V7, minor		V	-1	-1	-1	-1	-1	-1	True	False	False
19920	40	60	0	C	0	3	8	2	1	True	1.0	-1	85	85	167	85a	249	1/8	False	4	False				False	220	i.V7{		F	i		V7	V		7			Mm7	False	True	(1, 5, 2, -1)	()	1	1	major	minor	i	i, major	V		i	i	True	V7	V7, minor		V7, minor		V	-1	-1	-1	1	1	1	True	True	True
19920	20	70	-2	B	-1	3	8	1	1	False	1.0	-1	85	85	167	85a	249	1/16	False	4	False				False	220	i.V7{		F	i		V7	V		7			Mm7	False	True	(1, 5, 2, -1)	()	1	1	major	minor	i	i, major	V		i	i	True	V7	V7, minor		V7, minor		V	-1	-1	-1	-1	-1	-1	True	False	False
19940	20	73	-5	D	-1	3	8	1	1	True	1.5	-1	85	85	167	85a	997/4	1/16	False	5	False				False	220	i.V7{		F	i		V7	V		7			Mm7	False	True	(1, 5, 2, -1)	()	1	1	major	minor	i	i, major	V		i	i	True	V7	V7, minor		V7, minor		V	-1	-1	-1	-4	-4	-4	False	False	False
19960	40	60	0	C	0	3	8	2	1	True	2.0	-1	85	85	167	85a	499/2	1/8	False	4	False				False	220	i.V7{		F	i		V7	V		7			Mm7	False	True	(1, 5, 2, -1)	()	1	1	major	minor	i	i, major	V		i	i	True	V7	V7, minor		V7, minor		V	-1	-1	-1	1	1	1	True	True	True
19960	20	72	0	C	0	3	8	1	1	True	2.0	-1	85	85	167	85a	499/2	1/16	False	5	False				False	220	i.V7{		F	i		V7	V		7			Mm7	False	True	(1, 5, 2, -1)	()	1	1	major	minor	i	i, major	V		i	i	True	V7	V7, minor		V7, minor		V	-1	-1	-1	1	1	1	True	True	True
19980	20	70	-2	B	-1	3	8	1	1	True	2.5	-1	85	85	167	85a	999/4	1/16	False	4	False				False	220	i.V7{		F	i		V7	V		7			Mm7	False	True	(1, 5, 2, -1)	()	1	1	major	minor	i	i, major	V		i	i	True	V7	V7, minor		V7, minor		V	-1	-1	-1	-1	-1	-1	True	False	False
20000	40	60	0	C	0	3	8	2	1	True	3.0	-1	85	85	167	85a	250	1/8	False	4	False				False	220	i.V7{		F	i		V7	V		7			Mm7	False	True	(1, 5, 2, -1)	()	1	1	major	minor	i	i, major	V		i	i	True	V7	V7, minor		V7, minor		V	-1	-1	-1	1	1	1	True	True	True
20000	20	68	-4	A	-1	3	8	1	1	True	3.0	-1	85	85	167	85a	250	1/16	False	4	False				False	220	i.V7{		F	i		V7	V		7			Mm7	False	True	(1, 5, 2, -1)	()	1	1	major	minor	i	i, major	V		i	i	True	V7	V7, minor		V7, minor		V	-1	-1	-1	-3	-3	-3	False	False	False
20020	20	67	1	G	0	3	8	1	1	True	3.5	-1	85	85	167	85a	1001/4	1/16	False	4	False				False	220	i.V7{		F	i		V7	V		7			Mm7	False	True	(1, 5, 2, -1)	()	1	1	major	minor	i	i, major	V		i	i	True	V7	V7, minor		V7, minor		V	-1	-1	-1	2	2	2	True	False	False
20040	40	65	-1	F	0	3	8	2	1	True	1.0	-1	86	86	168	86a	501/2	1/8	False	4	True				False	221	i		F	i		i	i					m	False	True	(0, -3, 1)	()	0	0	major	minor	i	i, major	i		i	i	True	i	i, minor		i, minor		i	-1	-1	-1	0	0	0	True	True	True
20040	20	72	0	C	0	3	8	1	1	True	1.0	-1	86	86	168	86a	501/2	1/16	False	5	True				False	221	i		F	i		i	i					m	False	True	(0, -3, 1)	()	0	0	major	minor	i	i, major	i		i	i	True	i	i, minor		i, minor		i	-1	-1	-1	1	1	1	True	False	False
20060	20	68	-4	A	-1	3	8	1	1	True	1.5	-1	86	86	168	86a	1003/4	1/16	False	4	False				False	221	i		F	i		i	i					m	False	True	(0, -3, 1)	()	0	0	major	minor	i	i, major	i		i	i	True	i	i, minor		i, minor		i	-1	-1	-1	-3	-3	-3	True	False	False
20080	40	65	-1	F	0	3	8	2	1	True	2.0	-1	86	86	168	86a	251	1/8	False	4	False				False	221	i		F	i		i	i					m	False	True	(0, -3, 1)	()	0	0	major	minor	i	i, major	i		i	i	True	i	i, minor		i, minor		i	-1	-1	-1	0	0	0	True	True	True
20080	20	70	-2	B	-1	3	8	1	1	True	2.0	-1	86	86	168	86a	251	1/16	False	4	False				False	221	i		F	i		i	i					m	False	True	(0, -3, 1)	()	0	0	major	minor	i	i, major	i		i	i	True	i	i, minor		i, minor		i	-1	-1	-1	-1	-1	-1	False	False	False
20100	20	67	1	G	0	3	8	1	1	True	2.5	-1	86	86	168	86a	1005/4	1/16	False	4	False				False	221	i		F	i		i	i					m	False	True	(0, -3, 1)	()	0	0	major	minor	i	i, major	i		i	i	True	i	i, minor		i, minor		i	-1	-1	-1	2	2	2	False	False	False
20120	40	65	-1	F	0	3	8	2	1	True	3.0	-1	86	86	168	86a	503/2	1/8	False	4	True				False	222	i(#7)		F	i		i(#7)	i			#7		m	False	True	(0, -3, 1)	(5,)	0	0	major	minor	i	i, major	i		i	i	True	i	i, minor		i(#7), minor		i	-1	-1	-1	0	0	0	True	True	True
20120	40	76	4	E	0	3	8	1	1	True	3.0	-1	86	86	168	86a	503/2	1/8	False	5	True				False	222	i(#7)		F	i		i(#7)	i			#7		m	False	True	(0, -3, 1)	(5,)	0	0	major	minor	i	i, major	i		i	i	True	i	i, minor		i(#7), minor		i	-1	-1	-1	5	5	5	False	False	False
20160	40	58	-2	B	-1	3	8	2	2	True	1.0	-1	87	87	169	87a	252	1/8	False	3	True				False	223	iv		F	i		iv	iv					m	False	True	(-1, -4, 0)	()	-1	-1	major	minor	i	i, major	iv		i	i	True	iv	iv, minor		iv, minor		iv	-1	-1	-1	-1	-1	-1	True	True	True
20160	40	65	-1	F	0	3	8	2	1	False	1.0	-1	87	87	169	87a	252	1/8	False	4	True				False	223	iv		F	i		iv	iv					m	False	True	(-1, -4, 0)	()	-1	-1	major	minor	i	i, major	iv		i	i	True	iv	iv, minor		iv, minor		iv	-1	-1	-1	0	0	0	True	False	False
20160	20	76	4	E	0	3	8	1	1	False	1.0	-1	87	87	169	87a	252	1/16	False	5	True				False	223	iv		F	i		iv	iv					m	False	True	(-1, -4, 0)	()	-1	-1	major	minor	i	i, major	iv		i	i	True	iv	iv, minor		iv, minor		iv	-1	-1	-1	5	5	5	False	False	False
20180	20	77	-1	F	0	3	8	1	1	True	1.5	-1	87	87	169	87a	1009/4	1/16	False	5	False				False	223	iv		F	i		iv	iv					m	False	True	(-1, -4, 0)	()	-1	-1	major	minor	i	i, major	iv		i	i	True	iv	iv, minor		iv, minor		iv	-1	-1	-1	0	0	0	True	False	False
20200	40	60	0	C	0	3	8	2	2	True	2.0	-1	87	87	169	87a	505/2	1/8	False	4	True				False	224	V(9)		F	i		V(9)	V			9		M	False	True	(1, 5, 2)	(-4,)	1	1	major	minor	i	i, major	V		i	i	True	V	V, minor		V(9), minor		V	-1	-1	-1	1	1	1	True	True	True
20200	20	73	-5	D	-1	3	8	1	1	True	2.0	-1	87	87	169	87a	505/2	1/16	False	5	True				False	224	V(9)		F	i		V(9)	V			9		M	False	True	(1, 5, 2)	(-4,)	1	1	major	minor	i	i, major	V		i	i	True	V	V, minor		V(9), minor		V	-1	-1	-1	-4	-4	-4	False	False	False
20220	20	70	-2	B	-1	3	8	1	1	True	2.5	-1	87	87	169	87a	1011/4	1/16	False	4	False				False	224	V(9)		F	i		V(9)	V			9		M	False	True	(1, 5, 2)	(-4,)	1	1	major	minor	i	i, major	V		i	i	True	V	V, minor		V(9), minor		V	-1	-1	-1	-1	-1	-1	False	False	False
20240	40	64	4	E	0	3	8	2	2	True	3.0	-1	87	87	169	87a	253	1/8	False	4	True				False	225	V6		F	i		V6	V		6			M	False	True	(5, 2, 1)	()	1	5	major	minor	i	i, major	V		i	i	True	V6	V6, minor		V6, minor		V	-1	-1	-1	5	5	5	True	False	True
20240	20	72	0	C	0	3	8	1	1	True	3.0	-1	87	87	169	87a	253	1/16	False	5	True				False	225	V6		F	i		V6	V		6			M	False	True	(5, 2, 1)	()	1	5	major	minor	i	i, major	V		i	i	True	V6	V6, minor		V6, minor		V	-1	-1	-1	1	1	1	True	True	False
20260	20	67	1	G	0	3	8	1	1	True	3.5	-1	87	87	169	87a	1013/4	1/16	False	4	False				False	225	V6		F	i		V6	V		6			M	False	True	(5, 2, 1)	()	1	5	major	minor	i	i, major	V		i	i	True	V6	V6, minor		V6, minor		V	-1	-1	-1	2	2	2	True	False	False
20280	40	65	-1	F	0	3	8	2	1	True	1.0	-1	88	88	170	88a	507/2	1/8	False	4	True				False	226	i		F	i		i	i					m	False	True	(0, -3, 1)	()	0	0	major	minor	i	i, major	i		i	i	True	i	i, minor		i, minor		i	-1	-1	-1	0	0	0	True	True	True
20280	20	72	0	C	0	3	8	1	1	True	1.0	-1	88	88	170	88a	507/2	1/16	False	5	True				False	226	i		F	i		i	i					m	False	True	(0, -3, 1)	()	0	0	major	minor	i	i, major	i		i	i	True	i	i, minor		i, minor		i	-1	-1	-1	1	1	1	True	False	False
20300	20	68	-4	A	-1	3	8	1	1	True	1.5	-1	88	88	170	88a	1015/4	1/16	False	4	False				False	226	i		F	i		i	i					m	False	True	(0, -3, 1)	()	0	0	major	minor	i	i, major	i		i	i	True	i	i, minor		i, minor		i	-1	-1	-1	-3	-3	-3	True	False	False
20320	40	65	-1	F	0	3	8	2	1	True	2.0	-1	88	88	170	88a	254	1/8	False	4	False				False	226	i		F	i		i	i					m	False	True	(0, -3, 1)	()	0	0	major	minor	i	i, major	i		i	i	True	i	i, minor		i, minor		i	-1	-1	-1	0	0	0	True	True	True
20320	20	70	-2	B	-1	3	8	1	1	True	2.0	-1	88	88	170	88a	254	1/16	False	4	False				False	226	i		F	i		i	i					m	False	True	(0, -3, 1)	()	0	0	major	minor	i	i, major	i		i	i	True	i	i, minor		i, minor		i	-1	-1	-1	-1	-1	-1	False	False	False
20340	20	67	1	G	0	3	8	1	1	True	2.5	-1	88	88	170	88a	1017/4	1/16	False	4	False				False	226	i		F	i		i	i					m	False	True	(0, -3, 1)	()	0	0	major	minor	i	i, major	i		i	i	True	i	i, minor		i, minor		i	-1	-1	-1	2	2	2	False	False	False
20360	40	65	-1	F	0	3	8	2	1	True	3.0	-1	88	88	170	88a	509/2	1/8	False	4	True				False	227	i(#7)		F	i		i(#7)	i			#7		m	False	True	(0, -3, 1)	(5,)	0	0	major	minor	i	i, major	i		i	i	True	i	i, minor		i(#7), minor		i	-1	-1	-1	0	0	0	True	True	True
20360	40	76	4	E	0	3	8	1	1	True	3.0	-1	88	88	170	88a	509/2	1/8	False	5	True				False	227	i(#7)		F	i		i(#7)	i			#7		m	False	True	(0, -3, 1)	(5,)	0	0	major	minor	i	i, major	i		i	i	True	i	i, minor		i(#7), minor		i	-1	-1	-1	5	5	5	False	False	False
20400	40	58	-2	B	-1	3	8	2	2	True	1.0	-1	89	89	171	89a	255	1/8	False	3	True				False	228	iv		F	i		iv	iv					m	False	True	(-1, -4, 0)	()	-1	-1	major	minor	i	i, major	iv		i	i	True	iv	iv, minor		iv, minor		iv	-1	-1	-1	-1	-1	-1	True	True	True
20400	40	65	-1	F	0	3	8	2	1	False	1.0	-1	89	89	171	89a	255	1/8	False	4	True				False	228	iv		F	i		iv	iv					m	False	True	(-1, -4, 0)	()	-1	-1	major	minor	i	i, major	iv		i	i	True	iv	iv, minor		iv, minor		iv	-1	-1	-1	0	0	0	True	False	False
20400	20	76	4	E	0	3	8	1	1	False	1.0	-1	89	89	171	89a	255	1/16	False	5	True				False	228	iv		F	i		iv	iv					m	False	True	(-1, -4, 0)	()	-1	-1	major	minor	i	i, major	iv		i	i	True	iv	iv, minor		iv, minor		iv	-1	-1	-1	5	5	5	False	False	False
20420	20	77	-1	F	0	3	8	1	1	True	1.5	-1	89	89	171	89a	1021/4	1/16	False	5	False				False	228	iv		F	i		iv	iv					m	False	True	(-1, -4, 0)	()	-1	-1	major	minor	i	i, major	iv		i	i	True	iv	iv, minor		iv, minor		iv	-1	-1	-1	0	0	0	True	False	False
20440	40	60	0	C	0	3	8	2	2	True	2.0	-1	89	89	171	89a	511/2	1/8	False	4	True				False	229	V(9)		F	i		V(9)	V			9		M	False	True	(1, 5, 2)	(-4,)	1	1	major	minor	i	i, major	V		i	i	True	V	V, minor		V(9), minor		V	-1	-1	-1	1	1	1	True	True	True
20440	20	73	-5	D	-1	3	8	1	1	True	2.0	-1	89	89	171	89a	511/2	1/16	False	5	True				False	229	V(9)		F	i		V(9)	V			9		M	False	True	(1, 5, 2)	(-4,)	1	1	major	minor	i	i, major	V		i	i	True	V	V, minor		V(9), minor		V	-1	-1	-1	-4	-4	-4	False	False	False
20460	20	70	-2	B	-1	3	8	1	1	True	2.5	-1	89	89	171	89a	1023/4	1/16	False	4	False				False	229	V(9)		F	i		V(9)	V			9		M	False	True	(1, 5, 2)	(-4,)	1	1	major	minor	i	i, major	V		i	i	True	V	V, minor		V(9), minor		V	-1	-1	-1	-1	-1	-1	False	False	False
20480	40	64	4	E	0	3	8	2	2	True	3.0	-1	89	89	171	89a	256	1/8	False	4	True				False	230	V6		F	i		V6	V		6			M	False	True	(5, 2, 1)	()	1	5	major	minor	i	i, major	V		i	i	True	V6	V6, minor		V6, minor		V	-1	-1	-1	5	5	5	True	False	True
20480	20	72	0	C	0	3	8	1	1	True	3.0	-1	89	89	171	89a	256	1/16	False	5	True				False	230	V6		F	i		V6	V		6			M	False	True	(5, 2, 1)	()	1	5	major	minor	i	i, major	V		i	i	True	V6	V6, minor		V6, minor		V	-1	-1	-1	1	1	1	True	True	False
20500	20	67	1	G	0	3	8	1	1	True	3.5	-1	89	89	171	89a	1025/4	1/16	False	4	False				False	230	V6		F	i		V6	V		6			M	False	True	(5, 2, 1)	()	1	5	major	minor	i	i, major	V		i	i	True	V6	V6, minor		V6, minor		V	-1	-1	-1	2	2	2	True	False	False
20520	40	53	-1	F	0	3	8	2	1	True	1.0	-1	90	90	172	90a	513/2	1/8	False	3	False	IAC	IAC	}	True	231	i|IAC}		F	i		i	i					m	False	True	(0, -3, 1)	()	0	0	major	minor	i	i, major	i		i	i	True	i	i, minor		i, minor		i	-1	-1	-1	0	0	0	True	True	True
20520	60	68	-4	A	-1	3	8	1	1	True	1.0	-1	90	90	172	90a	513/2	3/16	False	4	False	IAC	IAC	}	True	231	i|IAC}		F	i		i	i					m	False	True	(0, -3, 1)	()	0	0	major	minor	i	i, major	i		i	i	True	i	i, minor		i, minor		i	-1	-1	-1	-3	-3	-3	True	False	False
20560	40	65	-1	F	0	3	8	2	1	True	2.0	-1	90	90	172	90a	257	1/8	False	4	False				False	231	i|IAC}		F	i		i	i					m	False	True	(0, -3, 1)	()	0	0	major	minor	i	i, major	i		i	i	True	i	i, minor		i, minor		i	-1	-1	-1	0	0	0	True	True	True
20580	20	67	1	G	0	3	8	1	1	True	2.5	-1	90	90	172	90a	1029/4	1/16	False	4	False				False	231	i|IAC}		F	i		i	i					m	False	True	(0, -3, 1)	()	0	0	major	minor	i	i, major	i		i	i	True	i	i, minor		i, minor		i	-1	-1	-1	2	2	2	False	False	False
20600	40	65	-1	F	0	3	8	1	1	True	3.0	-1	90	90	172	90a	515/2	1/8	False	4	False				False	231	i|IAC}		F	i		i	i					m	False	True	(0, -3, 1)	()	0	0	major	minor	i	i, major	i		i	i	True	i	i, minor		i, minor		i	-1	-1	-1	0	0	0	True	True	True
20640	80	65	-1	F	0	3	8	2	1	True	1.0	-1	91	91	173	91a	258	1/4	False	4	True			{	False	232	i{		F	i		i	i					m	False	True	(0, -3, 1)	()	0	0	major	minor	i	i, major	i		i	i	True	i	i, minor		i, minor		i	-1	-1	-1	0	0	0	True	True	True
20660	20	72	0	C	0	3	8	1	1	True	1.5	-1	91	91	173	91a	1033/4	1/16	False	5	False				False	232	i{		F	i		i	i					m	False	True	(0, -3, 1)	()	0	0	major	minor	i	i, major	i		i	i	True	i	i, minor		i, minor		i	-1	-1	-1	1	1	1	True	False	False
20680	20	73	-5	D	-1	3	8	1	1	True	2.0	-1	91	91	173	91a	517/2	1/16	False	5	False				False	232	i{		F	i		i	i					m	False	True	(0, -3, 1)	()	0	0	major	minor	i	i, major	i		i	i	True	i	i, minor		i, minor		i	-1	-1	-1	-4	-4	-4	False	False	False
20700	20	72	0	C	0	3	8	1	1	True	2.5	-1	91	91	173	91a	1035/4	1/16	False	5	False				False	232	i{		F	i		i	i					m	False	True	(0, -3, 1)	()	0	0	major	minor	i	i, major	i		i	i	True	i	i, minor		i, minor		i	-1	-1	-1	1	1	1	True	False	False
20720	40	63	-3	E	-1	3	8	2	1	True	3.0	-1	91	91	173	91a	259	1/8	False	4	True				False	233	v6		F	i		v6	v		6			m	False	True	(-2, 2, 1)	()	1	-2	major	minor	i	i, major	v		i	i	True	v6	v6, minor		v6, minor		v	-1	-1	-1	-2	-2	-2	True	False	True
20720	20	80	-4	A	-1	3	8	1	1	True	3.0	-1	91	91	173	91a	259	1/16	False	5	True				False	233	v6		F	i		v6	v		6			m	False	True	(-2, 2, 1)	()	1	-2	major	minor	i	i, major	v		i	i	True	v6	v6, minor		v6, minor		v	-1	-1	-1	-3	-3	-3	False	False	False
20740	20	79	1	G	0	3	8	1	1	True	3.5	-1	91	91	173	91a	1037/4	1/16	False	5	False				False	233	v6		F	i		v6	v		6			m	False	True	(-2, 2, 1)	()	1	-2	major	minor	i	i, major	v		i	i	True	v6	v6, minor		v6, minor		v	-1	-1	-1	2	2	2	True	False	False
20760	80	61	-5	D	-1	3	8	2	1	True	1.0	-1	92	92	174	92a	519/2	1/4	False	4	True				False	234	iv6		F	i		iv6	iv		6			m	False	True	(-4, 0, -1)	()	-1	-4	major	minor	i	i, major	iv		i	i	True	iv6	iv6, minor		iv6, minor		iv	-1	-1	-1	-4	-4	-4	True	False	True
20760	20	76	4	E	0	3	8	1	1	True	1.0	-1	92	92	174	92a	519/2	1/16	False	5	True				False	234	iv6		F	i		iv6	iv		6			m	False	True	(-4, 0, -1)	()	-1	-4	major	minor	i	i, major	iv		i	i	True	iv6	iv6, minor		iv6, minor		iv	-1	-1	-1	5	5	5	False	False	False
20780	20	77	-1	F	0	3	8	1	1	True	1.5	-1	92	92	174	92a	1039/4	1/16	False	5	False				False	234	iv6		F	i		iv6	iv		6			m	False	True	(-4, 0, -1)	()	-1	-4	major	minor	i	i, major	iv		i	i	True	iv6	iv6, minor		iv6, minor		iv	-1	-1	-1	0	0	0	True	False	False
20800	20	69	3	A	0	3	8	1	1	True	2.0	-1	92	92	174	92a	260	1/16	False	4	False				False	234	iv6		F	i		iv6	iv		6			m	False	True	(-4, 0, -1)	()	-1	-4	major	minor	i	i, major	iv		i	i	True	iv6	iv6, minor		iv6, minor		iv	-1	-1	-1	4	4	4	False	False	False
20820	20	70	-2	B	-1	3	8	1	1	True	2.5	-1	92	92	174	92a	1041/4	1/16	False	4	False				False	234	iv6		F	i		iv6	iv		6			m	False	True	(-4, 0, -1)	()	-1	-4	major	minor	i	i, major	iv		i	i	True	iv6	iv6, minor		iv6, minor		iv	-1	-1	-1	-1	-1	-1	True	True	False
20840	40	60	0	C	0	3	8	2	1	True	3.0	-1	92	92	174	92a	521/2	1/8	False	4	True				False	235	III6		F	i		III6	III		6			M	False	True	(1, -2, -3)	()	-3	1	major	minor	i	i, major	III		i	i	True	III6	III6, minor		III6, minor		III	-1	-1	-1	1	1	1	True	False	True
20840	20	77	-1	F	0	3	8	1	1	True	3.0	-1	92	92	174	92a	521/2	1/16	False	5	True				False	235	III6		F	i		III6	III		6			M	False	True	(1, -2, -3)	()	-3	1	major	minor	i	i, major	III		i	i	True	III6	III6, minor		III6, minor		III	-1	-1	-1	0	0	0	False	False	False
20860	20	75	-3	E	-1	3	8	1	1	True	3.5	-1	92	92	174	92a	1043/4	1/16	False	5	False				False	235	III6		F	i		III6	III		6			M	False	True	(1, -2, -3)	()	-3	1	major	minor	i	i, major	III		i	i	True	III6	III6, minor		III6, minor		III	-1	-1	-1	-2	-2	-2	True	False	False
20880	80	58	-2	B	-1	3	8	2	1	True	1.0	-1	93	93	175	93a	261	1/4	False	3	True				False	236	iv		F	i		iv	iv					m	False	True	(-1, -4, 0)	()	-1	-1	major	minor	i	i, major	iv		i	i	True	iv	iv, minor		iv, minor		iv	-1	-1	-1	-1	-1	-1	True	True	True
20880	20	72	0	C	0	3	8	1	1	True	1.0	-1	93	93	175	93a	261	1/16	False	5	True				False	236	iv		F	i		iv	iv					m	False	True	(-1, -4, 0)	()	-1	-1	major	minor	i	i, major	iv		i	i	True	iv	iv, minor		iv, minor		iv	-1	-1	-1	1	1	1	False	False	False
20900	20	73	-5	D	-1	3	8	1	1	True	1.5	-1	93	93	175	93a	1045/4	1/16	False	5	False				False	236	iv		F	i		iv	iv					m	False	True	(-1, -4, 0)	()	-1	-1	major	minor	i	i, major	iv		i	i	True	iv	iv, minor		iv, minor		iv	-1	-1	-1	-4	-4	-4	True	False	False
20920	20	64	4	E	0	3	8	1	1	True	2.0	-1	93	93	175	93a	523/2	1/16	False	4	False				False	236	iv		F	i		iv	iv					m	False	True	(-1, -4, 0)	()	-1	-1	major	minor	i	i, major	iv		i	i	True	iv	iv, minor		iv, minor		iv	-1	-1	-1	5	5	5	False	False	False
20940	20	65	-1	F	0	3	8	1	1	True	2.5	-1	93	93	175	93a	1047/4	1/16	False	4	False				False	236	iv		F	i		iv	iv					m	False	True	(-1, -4, 0)	()	-1	-1	major	minor	i	i, major	iv		i	i	True	iv	iv, minor		iv, minor		iv	-1	-1	-1	0	0	0	True	False	False
20960	40	56	-4	A	-1	3	8	2	1	True	3.0	-1	93	93	175	93a	262	1/8	False	3	True				False	237	i6		F	i		i6	i		6			m	False	True	(-3, 1, 0)	()	0	-3	major	minor	i	i, major	i		i	i	True	i6	i6, minor		i6, minor		i	-1	-1	-1	-3	-3	-3	True	False	True
20960	40	60	0	C	0	3	8	2	1	True	3.0	-1	93	93	175	93a	262	1/8	False	4	True				False	237	i6		F	i		i6	i		6			m	False	True	(-3, 1, 0)	()	0	-3	major	minor	i	i, major	i		i	i	True	i6	i6, minor		i6, minor		i	-1	-1	-1	1	1	1	True	False	False
20960	20	68	-4	A	-1	3	8	1	1	True	3.0	-1	93	93	175	93a	262	1/16	False	4	True				False	237	i6		F	i		i6	i		6			m	False	True	(-3, 1, 0)	()	0	-3	major	minor	i	i, major	i		i	i	True	i6	i6, minor		i6, minor		i	-1	-1	-1	-3	-3	-3	True	False	True
20980	20	67	1	G	0	3	8	1	1	True	3.5	-1	93	93	175	93a	1049/4	1/16	False	4	False				False	237	i6		F	i		i6	i		6			m	False	True	(-3, 1, 0)	()	0	-3	major	minor	i	i, major	i		i	i	True	i6	i6, minor		i6, minor		i	-1	-1	-1	2	2	2	False	False	False
21000	40	55	1	G	0	3	8	2	2	True	1.0	-1	94	94	176	94a	525/2	1/8	False	3	True				False	238	V43		F	i		V43	V		43			Mm7	False	True	(2, -1, 1, 5)	()	1	2	major	minor	i	i, major	V		i	i	True	V43	V43, minor		V43, minor		V	-1	-1	-1	2	2	2	True	False	True
21000	120	60	0	C	0	3	8	2	1	True	1.0	-1	94	94	176	94a	525/2	3/8	False	4	True				False	238	V43		F	i		V43	V		43			Mm7	False	True	(2, -1, 1, 5)	()	1	2	major	minor	i	i, major	V		i	i	True	V43	V43, minor		V43, minor		V	-1	-1	-1	1	1	1	True	True	False
21000	40	64	4	E	0	3	8	1	2	True	1.0	-1	94	94	176	94a	525/2	1/8	False	4	True				False	238	V43		F	i		V43	V		43			Mm7	False	True	(2, -1, 1, 5)	()	1	2	major	minor	i	i, major	V		i	i	True	V43	V43, minor		V43, minor		V	-1	-1	-1	5	5	5	True	False	False
21000	20	72	0	C	0	3	8	1	1	True	1.0	-1	94	94	176	94a	525/2	1/16	False	5	True				False	238	V43		F	i		V43	V		43			Mm7	False	True	(2, -1, 1, 5)	()	1	2	major	minor	i	i, major	V		i	i	True	V43	V43, minor		V43, minor		V	-1	-1	-1	1	1	1	True	True	False
21020	20	70	-2	B	-1	3	8	1	1	True	1.5	-1	94	94	176	94a	1051/4	1/16	False	4	False				False	238	V43		F	i		V43	V		43			Mm7	False	True	(2, -1, 1, 5)	()	1	2	major	minor	i	i, major	V		i	i	True	V43	V43, minor		V43, minor		V	-1	-1	-1	-1	-1	-1	True	False	False
21040	40	53	-1	F	0	3	8	2	2	True	2.0	-1	94	94	176	94a	263	1/8	False	3	True				False	239	i		F	i		i	i					m	False	True	(0, -3, 1)	()	0	0	major	minor	i	i, major	i		i	i	True	i	i, minor		i, minor		i	-1	-1	-1	0	0	0	True	True	True
21040	60	68	-4	A	-1	3	8	1	1	True	2.0	-1	94	94	176	94a	263	3/16	False	4	True				False	239	i		F	i		i	i					m	False	True	(0, -3, 1)	()	0	0	major	minor	i	i, major	i		i	i	True	i	i, minor		i, minor		i	-1	-1	-1	-3	-3	-3	True	False	False
21080	40	65	-1	F	0	3	8	2	2	True	3.0	-1	94	94	176	94a	527/2	1/8	False	4	False				False	239	i		F	i		i	i					m	False	True	(0, -3, 1)	()	0	0	major	minor	i	i, major	i		i	i	True	i	i, minor		i, minor		i	-1	-1	-1	0	0	0	True	True	True
21100	10	67	1	G	0	3	8	1	1	True	3.5	-1	94	94	176	94a	1055/4	1/32	False	4	False				False	239	i		F	i		i	i					m	False	True	(0, -3, 1)	()	0	0	major	minor	i	i, major	i		i	i	True	i	i, minor		i, minor		i	-1	-1	-1	2	2	2	False	False	False
21110	10	68	-4	A	-1	3	8	1	1	True	3.75	-1	94	94	176	94a	2111/8	1/32	False	4	False				False	239	i		F	i		i	i					m	False	True	(0, -3, 1)	()	0	0	major	minor	i	i, major	i		i	i	True	i	i, minor		i, minor		i	-1	-1	-1	-3	-3	-3	True	False	False
21120	0	68	-4	A	-1	3	8	1	1	True	1.0	-1	95	95	177	95a	264	0	False	4	True	HC	HC	}	True	240	V|HC}		F	i		V	V					M	False	True	(1, 5, 2)	()	1	1	major	minor	i	i, major	V		i	i	True	V	V, minor		V, minor		V	-1	-1	-1	-3	-3	-3	False	False	False
21120	20	60	0	C	0	3	8	2	1	True	1.0	-1	95	95	177	95a	264	1/16	False	4	True	HC	HC	}	True	240	V|HC}		F	i		V	V					M	False	True	(1, 5, 2)	()	1	1	major	minor	i	i, major	V		i	i	True	V	V, minor		V, minor		V	-1	-1	-1	1	1	1	True	True	True
21120	120	67	1	G	0	3	8	1	1	True	1.0	-1	95	95	177	95a	264	3/8	False	4	True	HC	HC	}	True	240	V|HC}		F	i		V	V					M	False	True	(1, 5, 2)	()	1	1	major	minor	i	i, major	V		i	i	True	V	V, minor		V, minor		V	-1	-1	-1	2	2	2	True	False	False
21140	20	61	-5	D	-1	3	8	2	1	True	1.5	-1	95	95	177	95a	1057/4	1/16	False	4	False				False	240	V|HC}		F	i		V	V					M	False	True	(1, 5, 2)	()	1	1	major	minor	i	i, major	V		i	i	True	V	V, minor		V, minor		V	-1	-1	-1	-4	-4	-4	False	False	False
21160	20	60	0	C	0	3	8	2	1	True	2.0	-1	95	95	177	95a	529/2	1/16	False	4	False				False	240	V|HC}		F	i		V	V					M	False	True	(1, 5, 2)	()	1	1	major	minor	i	i, major	V		i	i	True	V	V, minor		V, minor		V	-1	-1	-1	1	1	1	True	True	True
21180	20	58	-2	B	-1	3	8	2	1	True	2.5	-1	95	95	177	95a	1059/4	1/16	False	3	False				False	240	V|HC}		F	i		V	V					M	False	True	(1, 5, 2)	()	1	1	major	minor	i	i, major	V		i	i	True	V	V, minor		V, minor		V	-1	-1	-1	-1	-1	-1	False	False	False
21200	20	56	-4	A	-1	3	8	2	1	True	3.0	-1	95	95	177	95a	265	1/16	False	3	False				False	240	V|HC}		F	i		V	V					M	False	True	(1, 5, 2)	()	1	1	major	minor	i	i, major	V		i	i	True	V	V, minor		V, minor		V	-1	-1	-1	-3	-3	-3	False	False	False
21220	20	55	1	G	0	3	8	2	1	True	3.5	-1	95	95	177	95a	1061/4	1/16	False	3	False				False	240	V|HC}		F	i		V	V					M	False	True	(1, 5, 2)	()	1	1	major	minor	i	i, major	V		i	i	True	V	V, minor		V, minor		V	-1	-1	-1	2	2	2	True	False	False
21240	80	53	-1	F	0	3	8	2	2	True	1.0	-1	96	96	178	96a	531/2	1/4	False	3	True			{	False	241	i{		F	i		i	i					m	False	True	(0, -3, 1)	()	0	0	major	minor	i	i, major	i		i	i	True	i	i, minor		i, minor		i	-1	-1	-1	0	0	0	True	True	True
21240	80	65	-1	F	0	3	8	2	1	True	1.0	-1	96	96	178	96a	531/2	1/4	False	4	True			{	False	241	i{		F	i		i	i					m	False	True	(0, -3, 1)	()	0	0	major	minor	i	i, major	i		i	i	True	i	i, minor		i, minor		i	-1	-1	-1	0	0	0	True	True	True
21260	20	72	0	C	0	3	8	1	1	True	1.5	-1	96	96	178	96a	1063/4	1/16	False	5	False				False	241	i{		F	i		i	i					m	False	True	(0, -3, 1)	()	0	0	major	minor	i	i, major	i		i	i	True	i	i, minor		i, minor		i	-1	-1	-1	1	1	1	True	False	False
21280	20	73	-5	D	-1	3	8	1	1	True	2.0	-1	96	96	178	96a	266	1/16	False	5	False				False	241	i{		F	i		i	i					m	False	True	(0, -3, 1)	()	0	0	major	minor	i	i, major	i		i	i	True	i	i, minor		i, minor		i	-1	-1	-1	-4	-4	-4	False	False	False
21300	20	72	0	C	0	3	8	1	1	True	2.5	-1	96	96	178	96a	1065/4	1/16	False	5	False				False	241	i{		F	i		i	i					m	False	True	(0, -3, 1)	()	0	0	major	minor	i	i, major	i		i	i	True	i	i, minor		i, minor		i	-1	-1	-1	1	1	1	True	False	False
21320	40	64	4	E	0	3	8	2	1	True	3.0	-1	96	96	178	96a	533/2	1/8	False	4	True				False	242	v6		F	i		v6	v		6			m	False	True	(-2, 2, 1)	()	1	-2	major	minor	i	i, major	v		i	i	True	v6	v6, minor		v6, minor		v	-1	-1	-1	5	5	5	False	False	False
21320	20	80	-4	A	-1	3	8	1	1	True	3.0	-1	96	96	178	96a	533/2	1/16	False	5	True				False	242	v6		F	i		v6	v		6			m	False	True	(-2, 2, 1)	()	1	-2	major	minor	i	i, major	v		i	i	True	v6	v6, minor		v6, minor		v	-1	-1	-1	-3	-3	-3	False	False	False
21340	20	79	1	G	0	3	8	1	1	True	3.5	-1	96	96	178	96a	1067/4	1/16	False	5	False				False	242	v6		F	i		v6	v		6			m	False	True	(-2, 2, 1)	()	1	-2	major	minor	i	i, major	v		i	i	True	v6	v6, minor		v6, minor		v	-1	-1	-1	2	2	2	True	False	False
21360	80	61	-5	D	-1	3	8	2	1	True	1.0	-1	97	97	179	97a	267	1/4	False	4	True				False	243	iv6		F	i		iv6	iv		6			m	False	True	(-4, 0, -1)	()	-1	-4	major	minor	i	i, major	iv		i	i	True	iv6	iv6, minor		iv6, minor		iv	-1	-1	-1	-4	-4	-4	True	False	True
21360	20	76	4	E	0	3	8	1	1	True	1.0	-1	97	97	179	97a	267	1/16	False	5	True				False	243	iv6		F	i		iv6	iv		6			m	False	True	(-4, 0, -1)	()	-1	-4	major	minor	i	i, major	iv		i	i	True	iv6	iv6, minor		iv6, minor		iv	-1	-1	-1	5	5	5	False	False	False
21380	20	77	-1	F	0	3	8	1	1	True	1.5	-1	97	97	179	97a	1069/4	1/16	False	5	False				False	243	iv6		F	i		iv6	iv		6			m	False	True	(-4, 0, -1)	()	-1	-4	major	minor	i	i, major	iv		i	i	True	iv6	iv6, minor		iv6, minor		iv	-1	-1	-1	0	0	0	True	False	False
21400	20	69	3	A	0	3	8	1	1	True	2.0	-1	97	97	179	97a	535/2	1/16	False	4	False				False	243	iv6		F	i		iv6	iv		6			m	False	True	(-4, 0, -1)	()	-1	-4	major	minor	i	i, major	iv		i	i	True	iv6	iv6, minor		iv6, minor		iv	-1	-1	-1	4	4	4	False	False	False
21420	20	70	-2	B	-1	3	8	1	1	True	2.5	-1	97	97	179	97a	1071/4	1/16	False	4	False				False	243	iv6		F	i		iv6	iv		6			m	False	True	(-4, 0, -1)	()	-1	-4	major	minor	i	i, major	iv		i	i	True	iv6	iv6, minor		iv6, minor		iv	-1	-1	-1	-1	-1	-1	True	True	False
21440	40	60	0	C	0	3	8	2	1	True	3.0	-1	97	97	179	97a	268	1/8	False	4	True				False	244	III6		F	i		III6	III		6			M	False	True	(1, -2, -3)	()	-3	1	major	minor	i	i, major	III		i	i	True	III6	III6, minor		III6, minor		III	-1	-1	-1	1	1	1	True	False	True
21440	20	77	-1	F	0	3	8	1	1	True	3.0	-1	97	97	179	97a	268	1/16	False	5	True				False	244	III6		F	i		III6	III		6			M	False	True	(1, -2, -3)	()	-3	1	major	minor	i	i, major	III		i	i	True	III6	III6, minor		III6, minor		III	-1	-1	-1	0	0	0	False	False	False
21460	20	75	-3	E	-1	3	8	1	1	True	3.5	-1	97	97	179	97a	1073/4	1/16	False	5	False				False	244	III6		F	i		III6	III		6			M	False	True	(1, -2, -3)	()	-3	1	major	minor	i	i, major	III		i	i	True	III6	III6, minor		III6, minor		III	-1	-1	-1	-2	-2	-2	True	False	False
21480	80	58	-2	B	-1	3	8	2	1	True	1.0	-1	98	98	180	98a	537/2	1/4	False	3	True				False	245	iv		F	i		iv	iv					m	False	True	(-1, -4, 0)	()	-1	-1	major	minor	i	i, major	iv		i	i	True	iv	iv, minor		iv, minor		iv	-1	-1	-1	-1	-1	-1	True	True	True
21480	20	72	0	C	0	3	8	1	1	True	1.0	-1	98	98	180	98a	537/2	1/16	False	5	True				False	245	iv		F	i		iv	iv					m	False	True	(-1, -4, 0)	()	-1	-1	major	minor	i	i, major	iv		i	i	True	iv	iv, minor		iv, minor		iv	-1	-1	-1	1	1	1	False	False	False
21500	20	73	-5	D	-1	3	8	1	1	True	1.5	-1	98	98	180	98a	1075/4	1/16	False	5	False				False	245	iv		F	i		iv	iv					m	False	True	(-1, -4, 0)	()	-1	-1	major	minor	i	i, major	iv		i	i	True	iv	iv, minor		iv, minor		iv	-1	-1	-1	-4	-4	-4	True	False	False
21520	20	64	4	E	0	3	8	1	1	True	2.0	-1	98	98	180	98a	269	1/16	False	4	False				False	245	iv		F	i		iv	iv					m	False	True	(-1, -4, 0)	()	-1	-1	major	minor	i	i, major	iv		i	i	True	iv	iv, minor		iv, minor		iv	-1	-1	-1	5	5	5	False	False	False
21540	20	65	-1	F	0	3	8	1	1	True	2.5	-1	98	98	180	98a	1077/4	1/16	False	4	False				False	245	iv		F	i		iv	iv					m	False	True	(-1, -4, 0)	()	-1	-1	major	minor	i	i, major	iv		i	i	True	iv	iv, minor		iv, minor		iv	-1	-1	-1	0	0	0	True	False	False
21560	40	56	-4	A	-1	3	8	2	1	True	3.0	-1	98	98	180	98a	539/2	1/8	False	3	True				False	246	i6		F	i		i6	i		6			m	False	True	(-3, 1, 0)	()	0	-3	major	minor	i	i, major	i		i	i	True	i6	i6, minor		i6, minor		i	-1	-1	-1	-3	-3	-3	True	False	True
21560	40	60	0	C	0	3	8	2	1	True	3.0	-1	98	98	180	98a	539/2	1/8	False	4	True				False	246	i6		F	i		i6	i		6			m	False	True	(-3, 1, 0)	()	0	-3	major	minor	i	i, major	i		i	i	True	i6	i6, minor		i6, minor		i	-1	-1	-1	1	1	1	True	False	False
21560	20	68	-4	A	-1	3	8	1	1	True	3.0	-1	98	98	180	98a	539/2	1/16	False	4	True				False	246	i6		F	i		i6	i		6			m	False	True	(-3, 1, 0)	()	0	-3	major	minor	i	i, major	i		i	i	True	i6	i6, minor		i6, minor		i	-1	-1	-1	-3	-3	-3	True	False	True
21580	20	67	1	G	0	3	8	1	1	True	3.5	-1	98	98	180	98a	1079/4	1/16	False	4	False				False	246	i6		F	i		i6	i		6			m	False	True	(-3, 1, 0)	()	0	-3	major	minor	i	i, major	i		i	i	True	i6	i6, minor		i6, minor		i	-1	-1	-1	2	2	2	False	False	False
21600	40	55	1	G	0	3	8	2	2	True	1.0	-1	99	99	181	99a	270	1/8	False	3	True				False	247	V43		F	i		V43	V		43			Mm7	False	True	(2, -1, 1, 5)	()	1	2	major	minor	i	i, major	V		i	i	True	V43	V43, minor		V43, minor		V	-1	-1	-1	2	2	2	True	False	True
21600	120	60	0	C	0	3	8	2	1	True	1.0	-1	99	99	181	99a	270	3/8	False	4	True				False	247	V43		F	i		V43	V		43			Mm7	False	True	(2, -1, 1, 5)	()	1	2	major	minor	i	i, major	V		i	i	True	V43	V43, minor		V43, minor		V	-1	-1	-1	1	1	1	True	True	False
21600	40	64	4	E	0	3	8	1	2	True	1.0	-1	99	99	181	99a	270	1/8	False	4	True				False	247	V43		F	i		V43	V		43			Mm7	False	True	(2, -1, 1, 5)	()	1	2	major	minor	i	i, major	V		i	i	True	V43	V43, minor		V43, minor		V	-1	-1	-1	5	5	5	True	False	False
21600	20	72	0	C	0	3	8	1	1	True	1.0	-1	99	99	181	99a	270	1/16	False	5	True				False	247	V43		F	i		V43	V		43			Mm7	False	True	(2, -1, 1, 5)	()	1	2	major	minor	i	i, major	V		i	i	True	V43	V43, minor		V43, minor		V	-1	-1	-1	1	1	1	True	True	False
21620	20	70	-2	B	-1	3	8	1	1	True	1.5	-1	99	99	181	99a	1081/4	1/16	False	4	False				False	247	V43		F	i		V43	V		43			Mm7	False	True	(2, -1, 1, 5)	()	1	2	major	minor	i	i, major	V		i	i	True	V43	V43, minor		V43, minor		V	-1	-1	-1	-1	-1	-1	True	False	False
21640	40	53	-1	F	0	3	8	2	2	True	2.0	-1	99	99	181	99a	541/2	1/8	False	3	True				False	248	i		F	i		i	i					m	False	True	(0, -3, 1)	()	0	0	major	minor	i	i, major	i		i	i	True	i	i, minor		i, minor		i	-1	-1	-1	0	0	0	True	True	True
21640	60	68	-4	A	-1	3	8	1	1	True	2.0	-1	99	99	181	99a	541/2	3/16	False	4	True				False	248	i		F	i		i	i					m	False	True	(0, -3, 1)	()	0	0	major	minor	i	i, major	i		i	i	True	i	i, minor		i, minor		i	-1	-1	-1	-3	-3	-3	True	False	False
21680	40	65	-1	F	0	3	8	2	2	True	3.0	-1	99	99	181	99a	271	1/8	False	4	False				False	248	i		F	i		i	i					m	False	True	(0, -3, 1)	()	0	0	major	minor	i	i, major	i		i	i	True	i	i, minor		i, minor		i	-1	-1	-1	0	0	0	True	True	True
21700	10	67	1	G	0	3	8	1	1	True	3.5	-1	99	99	181	99a	1085/4	1/32	False	4	False				False	248	i		F	i		i	i					m	False	True	(0, -3, 1)	()	0	0	major	minor	i	i, major	i		i	i	True	i	i, minor		i, minor		i	-1	-1	-1	2	2	2	False	False	False
21710	10	68	-4	A	-1	3	8	1	1	True	3.75	-1	99	99	181	99a	2171/8	1/32	False	4	False				False	248	i		F	i		i	i					m	False	True	(0, -3, 1)	()	0	0	major	minor	i	i, major	i		i	i	True	i	i, minor		i, minor		i	-1	-1	-1	-3	-3	-3	True	False	False
21720	40	60	0	C	0	3	8	2	1	True	1.0	-1	100	100	182	100a	543/2	1/8	False	4	True	HC	HC	}	True	249	V|HC}		F	i		V	V					M	False	True	(1, 5, 2)	()	1	1	major	minor	i	i, major	V		i	i	True	V	V, minor		V, minor		V	-1	-1	-1	1	1	1	True	True	True
21720	120	67	1	G	0	3	8	1	1	True	1.0	-1	100	100	182	100a	543/2	3/8	False	4	True	HC	HC	}	True	249	V|HC}		F	i		V	V					M	False	True	(1, 5, 2)	()	1	1	major	minor	i	i, major	V		i	i	True	V	V, minor		V, minor		V	-1	-1	-1	2	2	2	True	False	False
21760	40	48	0	C	0	3	8	2	1	True	2.0	-1	100	100	182	100a	272	1/8	False	3	False				False	249	V|HC}		F	i		V	V					M	False	True	(1, 5, 2)	()	1	1	major	minor	i	i, major	V		i	i	True	V	V, minor		V, minor		V	-1	-1	-1	1	1	1	True	True	True
21800	40	36	0	C	0	3	8	2	1	True	3.0	-1	100	100	182	100a	545/2	1/8	False	2	False				False	249	V|HC}		F	i		V	V					M	False	True	(1, 5, 2)	()	1	1	major	minor	i	i, major	V		i	i	True	V	V, minor		V, minor		V	-1	-1	-1	1	1	1	True	True	True
21840	20	60	0	C	0	3	8	2	1	True	1.0	-1	101	101	183	101a	273	1/16	False	4	True			{	False	250	i/v{		F	i		i/v	i				v	m	False	True	(1, -2, 2)	()	1	1	major	minor	i	i, major	i/v	v	v/i	v	True	i/v	i/v, minor		i/v, minor	v	v	-1	-1	0	1	1	0	True	True	True
21840	40	79	1	G	0	3	8	1	1	True	1.0	-1	101	101	183	101a	273	1/8	False	5	True			{	False	250	i/v{		F	i		i/v	i				v	m	False	True	(1, -2, 2)	()	1	1	major	minor	i	i, major	i/v	v	v/i	v	True	i/v	i/v, minor		i/v, minor	v	v	-1	-1	0	2	2	1	True	False	False
21860	20	63	-3	E	-1	3	8	2	1	True	1.5	-1	101	101	183	101a	1093/4	1/16	False	4	False				False	250	i/v{		F	i		i/v	i				v	m	False	True	(1, -2, 2)	()	1	1	major	minor	i	i, major	i/v	v	v/i	v	True	i/v	i/v, minor		i/v, minor	v	v	-1	-1	0	-2	-2	-3	True	False	False
21880	20	62	2	D	0	3	8	2	1	True	2.0	-1	101	101	183	101a	547/2	1/16	False	4	False				False	250	i/v{		F	i		i/v	i				v	m	False	True	(1, -2, 2)	()	1	1	major	minor	i	i, major	i/v	v	v/i	v	True	i/v	i/v, minor		i/v, minor	v	v	-1	-1	0	3	3	2	False	False	False
21880	40	71	5	B	0	3	8	1	1	True	2.0	-1	101	101	183	101a	547/2	1/8	False	4	False				False	250	i/v{		F	i		i/v	i				v	m	False	True	(1, -2, 2)	()	1	1	major	minor	i	i, major	i/v	v	v/i	v	True	i/v	i/v, minor		i/v, minor	v	v	-1	-1	0	6	6	5	False	False	False
21900	20	65	-1	F	0	3	8	2	1	True	2.5	-1	101	101	183	101a	1095/4	1/16	False	4	False				False	250	i/v{		F	i		i/v	i				v	m	False	True	(1, -2, 2)	()	1	1	major	minor	i	i, major	i/v	v	v/i	v	True	i/v	i/v, minor		i/v, minor	v	v	-1	-1	0	0	0	-1	False	False	False
21920	40	63	-3	E	-1	3	8	2	1	True	3.0	-1	101	101	183	101a	274	1/8	False	4	False				False	250	i/v{		F	i		i/v	i				v	m	False	True	(1, -2, 2)	()	1	1	major	minor	i	i, major	i/v	v	v/i	v	True	i/v	i/v, minor		i/v, minor	v	v	-1	-1	0	-2	-2	-3	True	False	False
21920	40	72	0	C	0	3	8	1	1	True	3.0	-1	101	101	183	101a	274	1/8	False	5	False				False	250	i/v{		F	i		i/v	i				v	m	False	True	(1, -2, 2)	()	1	1	major	minor	i	i, major	i/v	v	v/i	v	True	i/v	i/v, minor		i/v, minor	v	v	-1	-1	0	1	1	0	True	True	True
21960	40	43	1	G	0	3	8	2	1	True	1.0	-1	102	102	184	102a	549/2	1/8	False	2	True				False	251	V/v		F	i		V/v	V				v	M	False	True	(2, 6, 3)	()	2	2	major	minor	i	i, major	V/v	v	v/i	v	True	V/v	V/v, minor		V/v, minor	v	v	-1	-1	0	2	2	1	True	True	True
21960	60	74	2	D	0	3	8	1	1	True	1.0	-1	102	102	184	102a	549/2	3/16	False	5	True				False	251	V/v		F	i		V/v	V				v	M	False	True	(2, 6, 3)	()	2	2	major	minor	i	i, major	V/v	v	v/i	v	True	V/v	V/v, minor		V/v, minor	v	v	-1	-1	0	3	3	2	True	False	False
22000	40	43	1	G	0	3	8	2	1	True	2.0	-1	102	102	184	102a	275	1/8	False	2	False				False	251	V/v		F	i		V/v	V				v	M	False	True	(2, 6, 3)	()	2	2	major	minor	i	i, major	V/v	v	v/i	v	True	V/v	V/v, minor		V/v, minor	v	v	-1	-1	0	2	2	1	True	True	True
22020	10	75	-3	E	-1	3	8	1	1	True	2.5	-1	102	102	184	102a	1101/4	1/32	False	5	False				False	251	V/v		F	i		V/v	V				v	M	False	True	(2, 6, 3)	()	2	2	major	minor	i	i, major	V/v	v	v/i	v	True	V/v	V/v, minor		V/v, minor	v	v	-1	-1	0	-2	-2	-3	False	False	False
22030	10	77	-1	F	0	3	8	1	1	True	2.75	-1	102	102	184	102a	2203/8	1/32	False	5	False				False	251	V/v		F	i		V/v	V				v	M	False	True	(2, 6, 3)	()	2	2	major	minor	i	i, major	V/v	v	v/i	v	True	V/v	V/v, minor		V/v, minor	v	v	-1	-1	0	0	0	-1	False	False	False
22040	40	48	0	C	0	3	8	2	1	True	3.0	-1	102	102	184	102a	551/2	1/8	False	3	True				False	252	i/v		F	i		i/v	i				v	m	False	True	(1, -2, 2)	()	1	1	major	minor	i	i, major	i/v	v	v/i	v	True	i/v	i/v, minor		i/v, minor	v	v	-1	-1	0	1	1	0	True	True	True
22040	40	75	-3	E	-1	3	8	1	1	True	3.0	-1	102	102	184	102a	551/2	1/8	False	5	True				False	252	i/v		F	i		i/v	i				v	m	False	True	(1, -2, 2)	()	1	1	major	minor	i	i, major	i/v	v	v/i	v	True	i/v	i/v, minor		i/v, minor	v	v	-1	-1	0	-2	-2	-3	True	False	False
22080	20	60	0	C	0	3	8	2	1	True	1.0	-1	103	103	185	103a	276	1/16	False	4	False				False	252	i/v		F	i		i/v	i				v	m	False	True	(1, -2, 2)	()	1	1	major	minor	i	i, major	i/v	v	v/i	v	True	i/v	i/v, minor		i/v, minor	v	v	-1	-1	0	1	1	0	True	True	True
22080	40	79	1	G	0	3	8	1	1	True	1.0	-1	103	103	185	103a	276	1/8	False	5	False				False	252	i/v		F	i		i/v	i				v	m	False	True	(1, -2, 2)	()	1	1	major	minor	i	i, major	i/v	v	v/i	v	True	i/v	i/v, minor		i/v, minor	v	v	-1	-1	0	2	2	1	True	False	False
22100	20	63	-3	E	-1	3	8	2	1	True	1.5	-1	103	103	185	103a	1105/4	1/16	False	4	False				False	252	i/v		F	i		i/v	i				v	m	False	True	(1, -2, 2)	()	1	1	major	minor	i	i, major	i/v	v	v/i	v	True	i/v	i/v, minor		i/v, minor	v	v	-1	-1	0	-2	-2	-3	True	False	False
22120	20	62	2	D	0	3	8	2	1	True	2.0	-1	103	103	185	103a	553/2	1/16	False	4	False				False	252	i/v		F	i		i/v	i				v	m	False	True	(1, -2, 2)	()	1	1	major	minor	i	i, major	i/v	v	v/i	v	True	i/v	i/v, minor		i/v, minor	v	v	-1	-1	0	3	3	2	False	False	False
22120	40	71	5	B	0	3	8	1	1	True	2.0	-1	103	103	185	103a	553/2	1/8	False	4	False				False	252	i/v		F	i		i/v	i				v	m	False	True	(1, -2, 2)	()	1	1	major	minor	i	i, major	i/v	v	v/i	v	True	i/v	i/v, minor		i/v, minor	v	v	-1	-1	0	6	6	5	False	False	False
22140	20	65	-1	F	0	3	8	2	1	True	2.5	-1	103	103	185	103a	1107/4	1/16	False	4	False				False	252	i/v		F	i		i/v	i				v	m	False	True	(1, -2, 2)	()	1	1	major	minor	i	i, major	i/v	v	v/i	v	True	i/v	i/v, minor		i/v, minor	v	v	-1	-1	0	0	0	-1	False	False	False
22160	40	63	-3	E	-1	3	8	2	1	True	3.0	-1	103	103	185	103a	277	1/8	False	4	False				False	252	i/v		F	i		i/v	i				v	m	False	True	(1, -2, 2)	()	1	1	major	minor	i	i, major	i/v	v	v/i	v	True	i/v	i/v, minor		i/v, minor	v	v	-1	-1	0	-2	-2	-3	True	False	False
22160	40	72	0	C	0	3	8	1	1	True	3.0	-1	103	103	185	103a	277	1/8	False	5	False				False	252	i/v		F	i		i/v	i				v	m	False	True	(1, -2, 2)	()	1	1	major	minor	i	i, major	i/v	v	v/i	v	True	i/v	i/v, minor		i/v, minor	v	v	-1	-1	0	1	1	0	True	True	True
22200	40	43	1	G	0	3	8	2	1	True	1.0	-1	104	104	186	104a	555/2	1/8	False	2	True			}	True	253	V/v}		F	i		V/v	V				v	M	False	True	(2, 6, 3)	()	2	2	major	minor	i	i, major	V/v	v	v/i	v	True	V/v	V/v, minor		V/v, minor	v	v	-1	-1	0	2	2	1	True	True	True
22200	60	74	2	D	0	3	8	1	1	True	1.0	-1	104	104	186	104a	555/2	3/16	False	5	True			}	True	253	V/v}		F	i		V/v	V				v	M	False	True	(2, 6, 3)	()	2	2	major	minor	i	i, major	V/v	v	v/i	v	True	V/v	V/v, minor		V/v, minor	v	v	-1	-1	0	3	3	2	True	False	False
22240	40	43	1	G	0	3	8	2	1	True	2.0	-1	104	104	186	104a	278	1/8	False	2	False				False	253	V/v}		F	i		V/v	V				v	M	False	True	(2, 6, 3)	()	2	2	major	minor	i	i, major	V/v	v	v/i	v	True	V/v	V/v, minor		V/v, minor	v	v	-1	-1	0	2	2	1	True	True	True
22260	10	76	4	E	0	3	8	1	1	True	2.5	-1	104	104	186	104a	1113/4	1/32	False	5	False				False	253	V/v}		F	i		V/v	V				v	M	False	True	(2, 6, 3)	()	2	2	major	minor	i	i, major	V/v	v	v/i	v	True	V/v	V/v, minor		V/v, minor	v	v	-1	-1	0	5	5	4	False	False	False
22270	10	77	-1	F	0	3	8	1	1	True	2.75	-1	104	104	186	104a	2227/8	1/32	False	5	False				False	253	V/v}		F	i		V/v	V				v	M	False	True	(2, 6, 3)	()	2	2	major	minor	i	i, major	V/v	v	v/i	v	True	V/v	V/v, minor		V/v, minor	v	v	-1	-1	0	0	0	-1	False	False	False
22280	40	48	0	C	0	3	8	2	1	True	3.0	-1	104	104	186	104a	557/2	1/8	False	3	True				False	254	i/v		F	i		i/v	i				v	m	False	True	(1, -2, 2)	()	1	1	major	minor	i	i, major	i/v	v	v/i	v	True	i/v	i/v, minor		i/v, minor	v	v	-1	-1	0	1	1	0	True	True	True
22280	40	76	4	E	0	3	8	1	1	True	3.0	-1	104	104	186	104a	557/2	1/8	False	5	True				False	254	i/v		F	i		i/v	i				v	m	False	True	(1, -2, 2)	()	1	1	major	minor	i	i, major	i/v	v	v/i	v	True	i/v	i/v, minor		i/v, minor	v	v	-1	-1	0	5	5	4	False	False	False
22320	20	65	-1	F	0	3	8	2	1	True	1.0	-1	105	105	187	105a	279	1/16	False	4	True			{	False	255	i{		F	i		i	i					m	False	True	(0, -3, 1)	()	0	0	major	minor	i	i, major	i		i	i	True	i	i, minor		i, minor		i	-1	-1	-1	0	0	0	True	True	True
22320	40	84	0	C	0	3	8	1	1	True	1.0	-1	105	105	187	105a	279	1/8	False	6	True			{	False	255	i{		F	i		i	i					m	False	True	(0, -3, 1)	()	0	0	major	minor	i	i, major	i		i	i	True	i	i, minor		i, minor		i	-1	-1	-1	1	1	1	True	False	False
22340	20	68	-4	A	-1	3	8	2	1	True	1.5	-1	105	105	187	105a	1117/4	1/16	False	4	False				False	255	i{		F	i		i	i					m	False	True	(0, -3, 1)	()	0	0	major	minor	i	i, major	i		i	i	True	i	i, minor		i, minor		i	-1	-1	-1	-3	-3	-3	True	False	False
22360	20	67	1	G	0	3	8	2	1	True	2.0	-1	105	105	187	105a	559/2	1/16	False	4	False				False	255	i{		F	i		i	i					m	False	True	(0, -3, 1)	()	0	0	major	minor	i	i, major	i		i	i	True	i	i, minor		i, minor		i	-1	-1	-1	2	2	2	False	False	False
22360	40	76	4	E	0	3	8	1	1	True	2.0	-1	105	105	187	105a	559/2	1/8	False	5	False				False	255	i{		F	i		i	i					m	False	True	(0, -3, 1)	()	0	0	major	minor	i	i, major	i		i	i	True	i	i, minor		i, minor		i	-1	-1	-1	5	5	5	False	False	False
22380	20	70	-2	B	-1	3	8	2	1	True	2.5	-1	105	105	187	105a	1119/4	1/16	False	4	False				False	255	i{		F	i		i	i					m	False	True	(0, -3, 1)	()	0	0	major	minor	i	i, major	i		i	i	True	i	i, minor		i, minor		i	-1	-1	-1	-1	-1	-1	False	False	False
22400	40	68	-4	A	-1	3	8	2	1	True	3.0	-1	105	105	187	105a	280	1/8	False	4	False				False	255	i{		F	i		i	i					m	False	True	(0, -3, 1)	()	0	0	major	minor	i	i, major	i		i	i	True	i	i, minor		i, minor		i	-1	-1	-1	-3	-3	-3	True	False	False
22400	40	77	-1	F	0	3	8	1	1	True	3.0	-1	105	105	187	105a	280	1/8	False	5	False				False	255	i{		F	i		i	i					m	False	True	(0, -3, 1)	()	0	0	major	minor	i	i, major	i		i	i	True	i	i, minor		i, minor		i	-1	-1	-1	0	0	0	True	True	True
22440	40	36	0	C	0	3	8	2	1	True	1.0	-1	106	106	188	106a	561/2	1/8	False	2	True				False	256	V		F	i		V	V					M	False	True	(1, 5, 2)	()	1	1	major	minor	i	i, major	V		i	i	True	V	V, minor		V, minor		V	-1	-1	-1	1	1	1	True	True	True
22440	60	79	1	G	0	3	8	1	1	True	1.0	-1	106	106	188	106a	561/2	3/16	False	5	True				False	256	V		F	i		V	V					M	False	True	(1, 5, 2)	()	1	1	major	minor	i	i, major	V		i	i	True	V	V, minor		V, minor		V	-1	-1	-1	2	2	2	True	False	False
22480	40	36	0	C	0	3	8	2	1	True	2.0	-1	106	106	188	106a	281	1/8	False	2	False				False	256	V		F	i		V	V					M	False	True	(1, 5, 2)	()	1	1	major	minor	i	i, major	V		i	i	True	V	V, minor		V, minor		V	-1	-1	-1	1	1	1	True	True	True
22500	10	80	-4	A	-1	3	8	1	1	True	2.5	-1	106	106	188	106a	1125/4	1/32	False	5	False				False	256	V		F	i		V	V					M	False	True	(1, 5, 2)	()	1	1	major	minor	i	i, major	V		i	i	True	V	V, minor		V, minor		V	-1	-1	-1	-3	-3	-3	False	False	False
22510	10	82	-2	B	-1	3	8	1	1	True	2.75	-1	106	106	188	106a	2251/8	1/32	False	5	False				False	256	V		F	i		V	V					M	False	True	(1, 5, 2)	()	1	1	major	minor	i	i, major	V		i	i	True	V	V, minor		V, minor		V	-1	-1	-1	-1	-1	-1	False	False	False
22520	40	41	-1	F	0	3	8	2	1	True	3.0	-1	106	106	188	106a	563/2	1/8	False	2	False				False	257	i		F	i		i	i					m	False	True	(0, -3, 1)	()	0	0	major	minor	i	i, major	i		i	i	True	i	i, minor		i, minor		i	-1	-1	-1	0	0	0	True	True	True
22520	40	80	-4	A	-1	3	8	1	1	True	3.0	-1	106	106	188	106a	563/2	1/8	False	5	False				False	257	i		F	i		i	i					m	False	True	(0, -3, 1)	()	0	0	major	minor	i	i, major	i		i	i	True	i	i, minor		i, minor		i	-1	-1	-1	-3	-3	-3	True	False	False
22560	20	65	-1	F	0	3	8	2	1	True	1.0	-1	107	107	189	107a	282	1/16	False	4	True				False	258	i		F	i		i	i					m	False	True	(0, -3, 1)	()	0	0	major	minor	i	i, major	i		i	i	True	i	i, minor		i, minor		i	-1	-1	-1	0	0	0	True	True	True
22560	40	84	0	C	0	3	8	1	1	True	1.0	-1	107	107	189	107a	282	1/8	False	6	True				False	258	i		F	i		i	i					m	False	True	(0, -3, 1)	()	0	0	major	minor	i	i, major	i		i	i	True	i	i, minor		i, minor		i	-1	-1	-1	1	1	1	True	False	False
22580	20	68	-4	A	-1	3	8	2	1	True	1.5	-1	107	107	189	107a	1129/4	1/16	False	4	False				False	258	i		F	i		i	i					m	False	True	(0, -3, 1)	()	0	0	major	minor	i	i, major	i		i	i	True	i	i, minor		i, minor		i	-1	-1	-1	-3	-3	-3	True	False	False
22600	20	67	1	G	0	3	8	2	1	True	2.0	-1	107	107	189	107a	565/2	1/16	False	4	False				False	258	i		F	i		i	i					m	False	True	(0, -3, 1)	()	0	0	major	minor	i	i, major	i		i	i	True	i	i, minor		i, minor		i	-1	-1	-1	2	2	2	False	False	False
22600	40	76	4	E	0	3	8	1	1	True	2.0	-1	107	107	189	107a	565/2	1/8	False	5	False				False	258	i		F	i		i	i					m	False	True	(0, -3, 1)	()	0	0	major	minor	i	i, major	i		i	i	True	i	i, minor		i, minor		i	-1	-1	-1	5	5	5	False	False	False
22620	20	70	-2	B	-1	3	8	2	1	True	2.5	-1	107	107	189	107a	1131/4	1/16	False	4	False				False	258	i		F	i		i	i					m	False	True	(0, -3, 1)	()	0	0	major	minor	i	i, major	i		i	i	True	i	i, minor		i, minor		i	-1	-1	-1	-1	-1	-1	False	False	False
22640	40	68	-4	A	-1	3	8	2	1	True	3.0	-1	107	107	189	107a	283	1/8	False	4	False				False	258	i		F	i		i	i					m	False	True	(0, -3, 1)	()	0	0	major	minor	i	i, major	i		i	i	True	i	i, minor		i, minor		i	-1	-1	-1	-3	-3	-3	True	False	False
22640	40	77	-1	F	0	3	8	1	1	True	3.0	-1	107	107	189	107a	283	1/8	False	5	False				False	258	i		F	i		i	i					m	False	True	(0, -3, 1)	()	0	0	major	minor	i	i, major	i		i	i	True	i	i, minor		i, minor		i	-1	-1	-1	0	0	0	True	True	True
22680	40	36	0	C	0	3	8	2	1	True	1.0	-1	108	108	190	108a	567/2	1/8	False	2	True			}	True	259	V}		F	i		V	V					M	False	True	(1, 5, 2)	()	1	1	major	minor	i	i, major	V		i	i	True	V	V, minor		V, minor		V	-1	-1	-1	1	1	1	True	True	True
22680	60	79	1	G	0	3	8	1	1	True	1.0	-1	108	108	190	108a	567/2	3/16	False	5	True			}	True	259	V}		F	i		V	V					M	False	True	(1, 5, 2)	()	1	1	major	minor	i	i, major	V		i	i	True	V	V, minor		V, minor		V	-1	-1	-1	2	2	2	True	False	False
22720	40	36	0	C	0	3	8	2	1	True	2.0	-1	108	108	190	108a	284	1/8	False	2	False				False	259	V}		F	i		V	V					M	False	True	(1, 5, 2)	()	1	1	major	minor	i	i, major	V		i	i	True	V	V, minor		V, minor		V	-1	-1	-1	1	1	1	True	True	True
22740	10	81	3	A	0	3	8	1	1	True	2.5	-1	108	108	190	108a	1137/4	1/32	False	5	False				False	259	V}		F	i		V	V					M	False	True	(1, 5, 2)	()	1	1	major	minor	i	i, major	V		i	i	True	V	V, minor		V, minor		V	-1	-1	-1	4	4	4	False	False	False
22750	10	82	-2	B	-1	3	8	1	1	True	2.75	-1	108	108	190	108a	2275/8	1/32	False	5	False				False	259	V}		F	i		V	V					M	False	True	(1, 5, 2)	()	1	1	major	minor	i	i, major	V		i	i	True	V	V, minor		V, minor		V	-1	-1	-1	-1	-1	-1	False	False	False
22760	40	41	-1	F	0	3	8	2	1	True	3.0	-1	108	108	190	108a	569/2	1/8	False	2	True			{	False	260	V/iv{		F	i		V/iv	V				iv	M	False	True	(0, 4, 1)	()	0	0	major	minor	i	i, major	V/iv	iv	iv/i	iv	True	V/iv	V/iv, minor		V/iv, minor	iv	iv	-1	-1	-2	0	0	1	True	True	True
22760	40	81	3	A	0	3	8	1	1	True	3.0	-1	108	108	190	108a	569/2	1/8	False	5	True			{	False	260	V/iv{		F	i		V/iv	V				iv	M	False	True	(0, 4, 1)	()	0	0	major	minor	i	i, major	V/iv	iv	iv/i	iv	True	V/iv	V/iv, minor		V/iv, minor	iv	iv	-1	-1	-2	4	4	5	True	False	False
22800	40	65	-1	F	0	3	8	2	1	True	1.0	-1	109	109	191	109a	285	1/8	False	4	False				False	260	V/iv{		F	i		V/iv	V				iv	M	False	True	(0, 4, 1)	()	0	0	major	minor	i	i, major	V/iv	iv	iv/i	iv	True	V/iv	V/iv, minor		V/iv, minor	iv	iv	-1	-1	-2	0	0	1	True	True	True
22800	40	72	0	C	0	3	8	2	1	True	1.0	-1	109	109	191	109a	285	1/8	False	5	False				False	260	V/iv{		F	i		V/iv	V				iv	M	False	True	(0, 4, 1)	()	0	0	major	minor	i	i, major	V/iv	iv	iv/i	iv	True	V/iv	V/iv, minor		V/iv, minor	iv	iv	-1	-1	-2	1	1	2	True	False	False
22800	20	81	3	A	0	3	8	1	1	False	1.0	-1	109	109	191	109a	285	1/16	False	5	False				False	260	V/iv{		F	i		V/iv	V				iv	M	False	True	(0, 4, 1)	()	0	0	major	minor	i	i, major	V/iv	iv	iv/i	iv	True	V/iv	V/iv, minor		V/iv, minor	iv	iv	-1	-1	-2	4	4	5	True	False	False
22820	20	84	0	C	0	3	8	1	1	True	1.5	-1	109	109	191	109a	1141/4	1/16	False	6	False				False	260	V/iv{		F	i		V/iv	V				iv	M	False	True	(0, 4, 1)	()	0	0	major	minor	i	i, major	V/iv	iv	iv/i	iv	True	V/iv	V/iv, minor		V/iv, minor	iv	iv	-1	-1	-2	1	1	2	True	False	False
22840	40	65	-1	F	0	3	8	2	1	True	2.0	-1	109	109	191	109a	571/2	1/8	False	4	True				False	261	V7(9)/iv		F	i		V7(9)/iv	V		7	9	iv	Mm7	False	True	(0, 4, 1, -2)	(-5,)	0	0	major	minor	i	i, major	V/iv	iv	iv/i	iv	True	V7/iv	V7/iv, minor		V7(9)/iv, minor	iv	iv	-1	-1	-2	0	0	1	True	True	True
22840	40	72	0	C	0	3	8	2	1	True	2.0	-1	109	109	191	109a	571/2	1/8	False	5	True				False	261	V7(9)/iv		F	i		V7(9)/iv	V		7	9	iv	Mm7	False	True	(0, 4, 1, -2)	(-5,)	0	0	major	minor	i	i, major	V/iv	iv	iv/i	iv	True	V7/iv	V7/iv, minor		V7(9)/iv, minor	iv	iv	-1	-1	-2	1	1	2	True	False	False
22840	20	81	3	A	0	3	8	1	1	True	2.0	-1	109	109	191	109a	571/2	1/16	False	5	True				False	261	V7(9)/iv		F	i		V7(9)/iv	V		7	9	iv	Mm7	False	True	(0, 4, 1, -2)	(-5,)	0	0	major	minor	i	i, major	V/iv	iv	iv/i	iv	True	V7/iv	V7/iv, minor		V7(9)/iv, minor	iv	iv	-1	-1	-2	4	4	5	True	False	False
22860	20	78	-6	G	-1	3	8	1	1	True	2.5	-1	109	109	191	109a	1143/4	1/16	False	5	False				False	261	V7(9)/iv		F	i		V7(9)/iv	V		7	9	iv	Mm7	False	True	(0, 4, 1, -2)	(-5,)	0	0	major	minor	i	i, major	V/iv	iv	iv/i	iv	True	V7/iv	V7/iv, minor		V7(9)/iv, minor	iv	iv	-1	-1	-2	-5	-5	-4	False	False	False
22880	40	65	-1	F	0	3	8	2	1	True	3.0	-1	109	109	191	109a	286	1/8	False	4	False				False	261	V7(9)/iv		F	i		V7(9)/iv	V		7	9	iv	Mm7	False	True	(0, 4, 1, -2)	(-5,)	0	0	major	minor	i	i, major	V/iv	iv	iv/i	iv	True	V7/iv	V7/iv, minor		V7(9)/iv, minor	iv	iv	-1	-1	-2	0	0	1	True	True	True
22880	40	72	0	C	0	3	8	2	1	True	3.0	-1	109	109	191	109a	286	1/8	False	5	False				False	261	V7(9)/iv		F	i		V7(9)/iv	V		7	9	iv	Mm7	False	True	(0, 4, 1, -2)	(-5,)	0	0	major	minor	i	i, major	V/iv	iv	iv/i	iv	True	V7/iv	V7/iv, minor		V7(9)/iv, minor	iv	iv	-1	-1	-2	1	1	2	True	False	False
22880	20	75	-3	E	-1	3	8	1	1	True	3.0	-1	109	109	191	109a	286	1/16	False	5	False				False	261	V7(9)/iv		F	i		V7(9)/iv	V		7	9	iv	Mm7	False	True	(0, 4, 1, -2)	(-5,)	0	0	major	minor	i	i, major	V/iv	iv	iv/i	iv	True	V7/iv	V7/iv, minor		V7(9)/iv, minor	iv	iv	-1	-1	-2	-2	-2	-1	True	False	False
22900	20	72	0	C	0	3	8	1	1	True	3.5	-1	109	109	191	109a	1145/4	1/16	False	5	False				False	261	V7(9)/iv		F	i		V7(9)/iv	V		7	9	iv	Mm7	False	True	(0, 4, 1, -2)	(-5,)	0	0	major	minor	i	i, major	V/iv	iv	iv/i	iv	True	V7/iv	V7/iv, minor		V7(9)/iv, minor	iv	iv	-1	-1	-2	1	1	2	True	False	False
22920	40	65	-1	F	0	3	8	2	1	True	1.0	-1	110	110	192	110a	573/2	1/8	False	4	True				False	262	iv64		F	i		iv64	iv		64			m	False	True	(0, -1, -4)	()	-1	0	major	minor	i	i, major	iv		i	i	True	iv64	iv64, minor		iv64, minor		iv	-1	-1	-1	0	0	0	True	False	True
22920	40	70	-2	B	-1	3	8	2	1	True	1.0	-1	110	110	192	110a	573/2	1/8	False	4	True				False	262	iv64		F	i		iv64	iv		64			m	False	True	(0, -1, -4)	()	-1	0	major	minor	i	i, major	iv		i	i	True	iv64	iv64, minor		iv64, minor		iv	-1	-1	-1	-1	-1	-1	True	True	False
22920	40	73	-5	D	-1	3	8	1	1	True	1.0	-1	110	110	192	110a	573/2	1/8	False	5	True				False	262	iv64		F	i		iv64	iv		64			m	False	True	(0, -1, -4)	()	-1	0	major	minor	i	i, major	iv		i	i	True	iv64	iv64, minor		iv64, minor		iv	-1	-1	-1	-4	-4	-4	True	False	False
22960	40	65	-1	F	0	3	8	2	1	True	2.0	-1	110	110	192	110a	287	1/8	False	4	False				False	262	iv64		F	i		iv64	iv		64			m	False	True	(0, -1, -4)	()	-1	0	major	minor	i	i, major	iv		i	i	True	iv64	iv64, minor		iv64, minor		iv	-1	-1	-1	0	0	0	True	False	True
22960	40	70	-2	B	-1	3	8	2	1	True	2.0	-1	110	110	192	110a	287	1/8	False	4	False				False	262	iv64		F	i		iv64	iv		64			m	False	True	(0, -1, -4)	()	-1	0	major	minor	i	i, major	iv		i	i	True	iv64	iv64, minor		iv64, minor		iv	-1	-1	-1	-1	-1	-1	True	True	False
22960	20	72	0	C	0	3	8	1	1	True	2.0	-1	110	110	192	110a	287	1/16	False	5	False				False	262	iv64		F	i		iv64	iv		64			m	False	True	(0, -1, -4)	()	-1	0	major	minor	i	i, major	iv		i	i	True	iv64	iv64, minor		iv64, minor		iv	-1	-1	-1	1	1	1	False	False	False
22980	60	73	-5	D	-1	3	8	1	1	True	2.5	-1	110	110	192	110a	1149/4	3/16	False	5	False				False	262	iv64		F	i		iv64	iv		64			m	False	True	(0, -1, -4)	()	-1	0	major	minor	i	i, major	iv		i	i	True	iv64	iv64, minor		iv64, minor		iv	-1	-1	-1	-4	-4	-4	True	False	False
23000	40	65	-1	F	0	3	8	2	1	True	3.0	-1	110	110	192	110a	575/2	1/8	False	4	False				False	262	iv64		F	i		iv64	iv		64			m	False	True	(0, -1, -4)	()	-1	0	major	minor	i	i, major	iv		i	i	True	iv64	iv64, minor		iv64, minor		iv	-1	-1	-1	0	0	0	True	False	True
23000	40	70	-2	B	-1	3	8	2	1	True	3.0	-1	110	110	192	110a	575/2	1/8	False	4	False				False	262	iv64		F	i		iv64	iv		64			m	False	True	(0, -1, -4)	()	-1	0	major	minor	i	i, major	iv		i	i	True	iv64	iv64, minor		iv64, minor		iv	-1	-1	-1	-1	-1	-1	True	True	False
23040	40	64	4	E	0	3	8	2	1	True	1.0	-1	111	111	193	111a	288	1/8	False	4	True				False	263	#viio7		F	i		#viio7	#vii	o	7			o7	False	True	(5, 2, -1, -4)	()	5	5	major	minor	i	i, major	#vii		i	i	True	#viio7	#viio7, minor		#viio7, minor		#vii	-1	-1	-1	5	5	5	True	True	True
23040	40	67	1	G	0	3	8	2	1	True	1.0	-1	111	111	193	111a	288	1/8	False	4	True				False	263	#viio7		F	i		#viio7	#vii	o	7			o7	False	True	(5, 2, -1, -4)	()	5	5	major	minor	i	i, major	#vii		i	i	True	#viio7	#viio7, minor		#viio7, minor		#vii	-1	-1	-1	2	2	2	True	False	False
23040	40	70	-2	B	-1	3	8	2	1	True	1.0	-1	111	111	193	111a	288	1/8	False	4	True				False	263	#viio7		F	i		#viio7	#vii	o	7			o7	False	True	(5, 2, -1, -4)	()	5	5	major	minor	i	i, major	#vii		i	i	True	#viio7	#viio7, minor		#viio7, minor		#vii	-1	-1	-1	-1	-1	-1	True	False	False
23040	20	73	-5	D	-1	3	8	1	1	False	1.0	-1	111	111	193	111a	288	1/16	False	5	True				False	263	#viio7		F	i		#viio7	#vii	o	7			o7	False	True	(5, 2, -1, -4)	()	5	5	major	minor	i	i, major	#vii		i	i	True	#viio7	#viio7, minor		#viio7, minor		#vii	-1	-1	-1	-4	-4	-4	True	False	False
23060	20	82	-2	B	-1	3	8	1	1	True	1.5	-1	111	111	193	111a	1153/4	1/16	False	5	False				False	263	#viio7		F	i		#viio7	#vii	o	7			o7	False	True	(5, 2, -1, -4)	()	5	5	major	minor	i	i, major	#vii		i	i	True	#viio7	#viio7, minor		#viio7, minor		#vii	-1	-1	-1	-1	-1	-1	True	False	False
23080	40	64	4	E	0	3	8	2	1	True	2.0	-1	111	111	193	111a	577/2	1/8	False	4	False				False	263	#viio7		F	i		#viio7	#vii	o	7			o7	False	True	(5, 2, -1, -4)	()	5	5	major	minor	i	i, major	#vii		i	i	True	#viio7	#viio7, minor		#viio7, minor		#vii	-1	-1	-1	5	5	5	True	True	True
23080	40	67	1	G	0	3	8	2	1	True	2.0	-1	111	111	193	111a	577/2	1/8	False	4	False				False	263	#viio7		F	i		#viio7	#vii	o	7			o7	False	True	(5, 2, -1, -4)	()	5	5	major	minor	i	i, major	#vii		i	i	True	#viio7	#viio7, minor		#viio7, minor		#vii	-1	-1	-1	2	2	2	True	False	False
23080	40	70	-2	B	-1	3	8	2	1	True	2.0	-1	111	111	193	111a	577/2	1/8	False	4	False				False	263	#viio7		F	i		#viio7	#vii	o	7			o7	False	True	(5, 2, -1, -4)	()	5	5	major	minor	i	i, major	#vii		i	i	True	#viio7	#viio7, minor		#viio7, minor		#vii	-1	-1	-1	-1	-1	-1	True	False	False
23080	20	79	1	G	0	3	8	1	1	True	2.0	-1	111	111	193	111a	577/2	1/16	False	5	False				False	263	#viio7		F	i		#viio7	#vii	o	7			o7	False	True	(5, 2, -1, -4)	()	5	5	major	minor	i	i, major	#vii		i	i	True	#viio7	#viio7, minor		#viio7, minor		#vii	-1	-1	-1	2	2	2	True	False	False
23100	20	76	4	E	0	3	8	1	1	True	2.5	-1	111	111	193	111a	1155/4	1/16	False	5	False				False	263	#viio7		F	i		#viio7	#vii	o	7			o7	False	True	(5, 2, -1, -4)	()	5	5	major	minor	i	i, major	#vii		i	i	True	#viio7	#viio7, minor		#viio7, minor		#vii	-1	-1	-1	5	5	5	True	True	True
23120	40	64	4	E	0	3	8	2	1	True	3.0	-1	111	111	193	111a	289	1/8	False	4	False				False	263	#viio7		F	i		#viio7	#vii	o	7			o7	False	True	(5, 2, -1, -4)	()	5	5	major	minor	i	i, major	#vii		i	i	True	#viio7	#viio7, minor		#viio7, minor		#vii	-1	-1	-1	5	5	5	True	True	True
23120	40	67	1	G	0	3	8	2	1	True	3.0	-1	111	111	193	111a	289	1/8	False	4	False				False	263	#viio7		F	i		#viio7	#vii	o	7			o7	False	True	(5, 2, -1, -4)	()	5	5	major	minor	i	i, major	#vii		i	i	True	#viio7	#viio7, minor		#viio7, minor		#vii	-1	-1	-1	2	2	2	True	False	False
23120	20	70	-2	B	-1	3	8	1	1	True	3.0	-1	111	111	193	111a	289	1/16	False	4	False				False	263	#viio7		F	i		#viio7	#vii	o	7			o7	False	True	(5, 2, -1, -4)	()	5	5	major	minor	i	i, major	#vii		i	i	True	#viio7	#viio7, minor		#viio7, minor		#vii	-1	-1	-1	-1	-1	-1	True	False	False
23140	20	67	1	G	0	3	8	1	1	True	3.5	-1	111	111	193	111a	1157/4	1/16	False	4	False				False	263	#viio7		F	i		#viio7	#vii	o	7			o7	False	True	(5, 2, -1, -4)	()	5	5	major	minor	i	i, major	#vii		i	i	True	#viio7	#viio7, minor		#viio7, minor		#vii	-1	-1	-1	2	2	2	True	False	False
23160	40	65	-1	F	0	3	8	2	1	True	1.0	-1	112	112	194	112a	579/2	1/8	False	4	True				False	264	i		F	i		i	i					m	False	True	(0, -3, 1)	()	0	0	major	minor	i	i, major	i		i	i	True	i	i, minor		i, minor		i	-1	-1	-1	0	0	0	True	True	True
23160	60	68	-4	A	-1	3	8	1	1	True	1.0	-1	112	112	194	112a	579/2	3/16	False	4	True				False	264	i		F	i		i	i					m	False	True	(0, -3, 1)	()	0	0	major	minor	i	i, major	i		i	i	True	i	i, minor		i, minor		i	-1	-1	-1	-3	-3	-3	True	False	False
23200	40	65	-1	F	0	3	8	2	1	True	2.0	-1	112	112	194	112a	290	1/8	False	4	False				False	264	i		F	i		i	i					m	False	True	(0, -3, 1)	()	0	0	major	minor	i	i, major	i		i	i	True	i	i, minor		i, minor		i	-1	-1	-1	0	0	0	True	True	True
23220	20	67	1	G	0	3	8	1	1	True	2.5	-1	112	112	194	112a	1161/4	1/16	False	4	False				False	264	i		F	i		i	i					m	False	True	(0, -3, 1)	()	0	0	major	minor	i	i, major	i		i	i	True	i	i, minor		i, minor		i	-1	-1	-1	2	2	2	False	False	False
23240	40	65	-1	F	0	3	8	2	1	True	3.0	-1	112	112	194	112a	581/2	1/8	False	4	False				False	264	i		F	i		i	i					m	False	True	(0, -3, 1)	()	0	0	major	minor	i	i, major	i		i	i	True	i	i, minor		i, minor		i	-1	-1	-1	0	0	0	True	True	True
23240	40	68	-4	A	-1	3	8	1	1	True	3.0	-1	112	112	194	112a	581/2	1/8	False	4	False				False	264	i		F	i		i	i					m	False	True	(0, -3, 1)	()	0	0	major	minor	i	i, major	i		i	i	True	i	i, minor		i, minor		i	-1	-1	-1	-3	-3	-3	True	False	False
23280	40	65	-1	F	0	3	8	2	1	True	1.0	-1	113	113	195	113a	291	1/8	False	4	False				False	264	i		F	i		i	i					m	False	True	(0, -3, 1)	()	0	0	major	minor	i	i, major	i		i	i	True	i	i, minor		i, minor		i	-1	-1	-1	0	0	0	True	True	True
23280	20	68	-4	A	-1	3	8	1	1	False	1.0	-1	113	113	195	113a	291	1/16	False	4	False				False	264	i		F	i		i	i					m	False	True	(0, -3, 1)	()	0	0	major	minor	i	i, major	i		i	i	True	i	i, minor		i, minor		i	-1	-1	-1	-3	-3	-3	True	False	False
23300	20	84	0	C	0	3	8	1	1	True	1.5	-1	113	113	195	113a	1165/4	1/16	False	6	False				False	264	i		F	i		i	i					m	False	True	(0, -3, 1)	()	0	0	major	minor	i	i, major	i		i	i	True	i	i, minor		i, minor		i	-1	-1	-1	1	1	1	True	False	False
23320	40	65	-1	F	0	3	8	2	1	True	2.0	-1	113	113	195	113a	583/2	1/8	False	4	True				False	265	V7(9)/iv		F	i		V7(9)/iv	V		7	9	iv	Mm7	False	True	(0, 4, 1, -2)	(-5,)	0	0	major	minor	i	i, major	V/iv	iv	iv/i	iv	True	V7/iv	V7/iv, minor		V7(9)/iv, minor	iv	iv	-1	-1	-2	0	0	1	True	True	True
23320	40	72	0	C	0	3	8	2	1	True	2.0	-1	113	113	195	113a	583/2	1/8	False	5	True				False	265	V7(9)/iv		F	i		V7(9)/iv	V		7	9	iv	Mm7	False	True	(0, 4, 1, -2)	(-5,)	0	0	major	minor	i	i, major	V/iv	iv	iv/i	iv	True	V7/iv	V7/iv, minor		V7(9)/iv, minor	iv	iv	-1	-1	-2	1	1	2	True	False	False
23320	20	81	3	A	0	3	8	1	1	True	2.0	-1	113	113	195	113a	583/2	1/16	False	5	True				False	265	V7(9)/iv		F	i		V7(9)/iv	V		7	9	iv	Mm7	False	True	(0, 4, 1, -2)	(-5,)	0	0	major	minor	i	i, major	V/iv	iv	iv/i	iv	True	V7/iv	V7/iv, minor		V7(9)/iv, minor	iv	iv	-1	-1	-2	4	4	5	True	False	False
23340	20	78	-6	G	-1	3	8	1	1	True	2.5	-1	113	113	195	113a	1167/4	1/16	False	5	False				False	265	V7(9)/iv		F	i		V7(9)/iv	V		7	9	iv	Mm7	False	True	(0, 4, 1, -2)	(-5,)	0	0	major	minor	i	i, major	V/iv	iv	iv/i	iv	True	V7/iv	V7/iv, minor		V7(9)/iv, minor	iv	iv	-1	-1	-2	-5	-5	-4	False	False	False
23360	40	65	-1	F	0	3	8	2	1	True	3.0	-1	113	113	195	113a	292	1/8	False	4	False				False	265	V7(9)/iv		F	i		V7(9)/iv	V		7	9	iv	Mm7	False	True	(0, 4, 1, -2)	(-5,)	0	0	major	minor	i	i, major	V/iv	iv	iv/i	iv	True	V7/iv	V7/iv, minor		V7(9)/iv, minor	iv	iv	-1	-1	-2	0	0	1	True	True	True
23360	40	72	0	C	0	3	8	2	1	True	3.0	-1	113	113	195	113a	292	1/8	False	5	False				False	265	V7(9)/iv		F	i		V7(9)/iv	V		7	9	iv	Mm7	False	True	(0, 4, 1, -2)	(-5,)	0	0	major	minor	i	i, major	V/iv	iv	iv/i	iv	True	V7/iv	V7/iv, minor		V7(9)/iv, minor	iv	iv	-1	-1	-2	1	1	2	True	False	False
23360	20	75	-3	E	-1	3	8	1	1	True	3.0	-1	113	113	195	113a	292	1/16	False	5	False				False	265	V7(9)/iv		F	i		V7(9)/iv	V		7	9	iv	Mm7	False	True	(0, 4, 1, -2)	(-5,)	0	0	major	minor	i	i, major	V/iv	iv	iv/i	iv	True	V7/iv	V7/iv, minor		V7(9)/iv, minor	iv	iv	-1	-1	-2	-2	-2	-1	True	False	False
23380	20	72	0	C	0	3	8	1	1	True	3.5	-1	113	113	195	113a	1169/4	1/16	False	5	False				False	265	V7(9)/iv		F	i		V7(9)/iv	V		7	9	iv	Mm7	False	True	(0, 4, 1, -2)	(-5,)	0	0	major	minor	i	i, major	V/iv	iv	iv/i	iv	True	V7/iv	V7/iv, minor		V7(9)/iv, minor	iv	iv	-1	-1	-2	1	1	2	True	False	False
23400	40	65	-1	F	0	3	8	2	1	True	1.0	-1	114	114	196	114a	585/2	1/8	False	4	True				False	266	iv64		F	i		iv64	iv		64			m	False	True	(0, -1, -4)	()	-1	0	major	minor	i	i, major	iv		i	i	True	iv64	iv64, minor		iv64, minor		iv	-1	-1	-1	0	0	0	True	False	True
23400	40	70	-2	B	-1	3	8	2	1	True	1.0	-1	114	114	196	114a	585/2	1/8	False	4	True				False	266	iv64		F	i		iv64	iv		64			m	False	True	(0, -1, -4)	()	-1	0	major	minor	i	i, major	iv		i	i	True	iv64	iv64, minor		iv64, minor		iv	-1	-1	-1	-1	-1	-1	True	True	False
23400	60	73	-5	D	-1	3	8	1	1	True	1.0	-1	114	114	196	114a	585/2	3/16	False	5	True				False	266	iv64		F	i		iv64	iv		64			m	False	True	(0, -1, -4)	()	-1	0	major	minor	i	i, major	iv		i	i	True	iv64	iv64, minor		iv64, minor		iv	-1	-1	-1	-4	-4	-4	True	False	False
23440	40	65	-1	F	0	3	8	2	1	True	2.0	-1	114	114	196	114a	293	1/8	False	4	False				False	266	iv64		F	i		iv64	iv		64			m	False	True	(0, -1, -4)	()	-1	0	major	minor	i	i, major	iv		i	i	True	iv64	iv64, minor		iv64, minor		iv	-1	-1	-1	0	0	0	True	False	True
23440	40	70	-2	B	-1	3	8	2	1	True	2.0	-1	114	114	196	114a	293	1/8	False	4	False				False	266	iv64		F	i		iv64	iv		64			m	False	True	(0, -1, -4)	()	-1	0	major	minor	i	i, major	iv		i	i	True	iv64	iv64, minor		iv64, minor		iv	-1	-1	-1	-1	-1	-1	True	True	False
23460	20	72	0	C	0	3	8	1	1	True	2.5	-1	114	114	196	114a	1173/4	1/16	False	5	False				False	266	iv64		F	i		iv64	iv		64			m	False	True	(0, -1, -4)	()	-1	0	major	minor	i	i, major	iv		i	i	True	iv64	iv64, minor		iv64, minor		iv	-1	-1	-1	1	1	1	False	False	False
23480	40	65	-1	F	0	3	8	2	1	True	3.0	-1	114	114	196	114a	587/2	1/8	False	4	False				False	266	iv64		F	i		iv64	iv		64			m	False	True	(0, -1, -4)	()	-1	0	major	minor	i	i, major	iv		i	i	True	iv64	iv64, minor		iv64, minor		iv	-1	-1	-1	0	0	0	True	False	True
23480	40	70	-2	B	-1	3	8	2	1	True	3.0	-1	114	114	196	114a	587/2	1/8	False	4	False				False	266	iv64		F	i		iv64	iv		64			m	False	True	(0, -1, -4)	()	-1	0	major	minor	i	i, major	iv		i	i	True	iv64	iv64, minor		iv64, minor		iv	-1	-1	-1	-1	-1	-1	True	True	False
23480	40	73	-5	D	-1	3	8	1	1	True	3.0	-1	114	114	196	114a	587/2	1/8	False	5	False				False	266	iv64		F	i		iv64	iv		64			m	False	True	(0, -1, -4)	()	-1	0	major	minor	i	i, major	iv		i	i	True	iv64	iv64, minor		iv64, minor		iv	-1	-1	-1	-4	-4	-4	True	False	False
23520	40	64	4	E	0	3	8	2	1	True	1.0	-1	115	115	197	115a	294	1/8	False	4	True				False	267	#viio7		F	i		#viio7	#vii	o	7			o7	False	True	(5, 2, -1, -4)	()	5	5	major	minor	i	i, major	#vii		i	i	True	#viio7	#viio7, minor		#viio7, minor		#vii	-1	-1	-1	5	5	5	True	True	True
23520	40	67	1	G	0	3	8	2	1	True	1.0	-1	115	115	197	115a	294	1/8	False	4	True				False	267	#viio7		F	i		#viio7	#vii	o	7			o7	False	True	(5, 2, -1, -4)	()	5	5	major	minor	i	i, major	#vii		i	i	True	#viio7	#viio7, minor		#viio7, minor		#vii	-1	-1	-1	2	2	2	True	False	False
23520	40	70	-2	B	-1	3	8	2	1	True	1.0	-1	115	115	197	115a	294	1/8	False	4	True				False	267	#viio7		F	i		#viio7	#vii	o	7			o7	False	True	(5, 2, -1, -4)	()	5	5	major	minor	i	i, major	#vii		i	i	True	#viio7	#viio7, minor		#viio7, minor		#vii	-1	-1	-1	-1	-1	-1	True	False	False
23520	20	73	-5	D	-1	3	8	1	1	False	1.0	-1	115	115	197	115a	294	1/16	False	5	True				False	267	#viio7		F	i		#viio7	#vii	o	7			o7	False	True	(5, 2, -1, -4)	()	5	5	major	minor	i	i, major	#vii		i	i	True	#viio7	#viio7, minor		#viio7, minor		#vii	-1	-1	-1	-4	-4	-4	True	False	False
23540	20	82	-2	B	-1	3	8	1	1	True	1.5	-1	115	115	197	115a	1177/4	1/16	False	5	False				False	267	#viio7		F	i		#viio7	#vii	o	7			o7	False	True	(5, 2, -1, -4)	()	5	5	major	minor	i	i, major	#vii		i	i	True	#viio7	#viio7, minor		#viio7, minor		#vii	-1	-1	-1	-1	-1	-1	True	False	False
23560	40	64	4	E	0	3	8	2	1	True	2.0	-1	115	115	197	115a	589/2	1/8	False	4	False				False	267	#viio7		F	i		#viio7	#vii	o	7			o7	False	True	(5, 2, -1, -4)	()	5	5	major	minor	i	i, major	#vii		i	i	True	#viio7	#viio7, minor		#viio7, minor		#vii	-1	-1	-1	5	5	5	True	True	True
23560	40	67	1	G	0	3	8	2	1	True	2.0	-1	115	115	197	115a	589/2	1/8	False	4	False				False	267	#viio7		F	i		#viio7	#vii	o	7			o7	False	True	(5, 2, -1, -4)	()	5	5	major	minor	i	i, major	#vii		i	i	True	#viio7	#viio7, minor		#viio7, minor		#vii	-1	-1	-1	2	2	2	True	False	False
23560	40	70	-2	B	-1	3	8	2	1	True	2.0	-1	115	115	197	115a	589/2	1/8	False	4	False				False	267	#viio7		F	i		#viio7	#vii	o	7			o7	False	True	(5, 2, -1, -4)	()	5	5	major	minor	i	i, major	#vii		i	i	True	#viio7	#viio7, minor		#viio7, minor		#vii	-1	-1	-1	-1	-1	-1	True	False	False
23560	20	79	1	G	0	3	8	1	1	True	2.0	-1	115	115	197	115a	589/2	1/16	False	5	False				False	267	#viio7		F	i		#viio7	#vii	o	7			o7	False	True	(5, 2, -1, -4)	()	5	5	major	minor	i	i, major	#vii		i	i	True	#viio7	#viio7, minor		#viio7, minor		#vii	-1	-1	-1	2	2	2	True	False	False
23580	20	76	4	E	0	3	8	1	1	True	2.5	-1	115	115	197	115a	1179/4	1/16	False	5	False				False	267	#viio7		F	i		#viio7	#vii	o	7			o7	False	True	(5, 2, -1, -4)	()	5	5	major	minor	i	i, major	#vii		i	i	True	#viio7	#viio7, minor		#viio7, minor		#vii	-1	-1	-1	5	5	5	True	True	True
23600	40	64	4	E	0	3	8	2	1	True	3.0	-1	115	115	197	115a	295	1/8	False	4	False				False	267	#viio7		F	i		#viio7	#vii	o	7			o7	False	True	(5, 2, -1, -4)	()	5	5	major	minor	i	i, major	#vii		i	i	True	#viio7	#viio7, minor		#viio7, minor		#vii	-1	-1	-1	5	5	5	True	True	True
23600	40	67	1	G	0	3	8	2	1	True	3.0	-1	115	115	197	115a	295	1/8	False	4	False				False	267	#viio7		F	i		#viio7	#vii	o	7			o7	False	True	(5, 2, -1, -4)	()	5	5	major	minor	i	i, major	#vii		i	i	True	#viio7	#viio7, minor		#viio7, minor		#vii	-1	-1	-1	2	2	2	True	False	False
23600	20	70	-2	B	-1	3	8	1	1	True	3.0	-1	115	115	197	115a	295	1/16	False	4	False				False	267	#viio7		F	i		#viio7	#vii	o	7			o7	False	True	(5, 2, -1, -4)	()	5	5	major	minor	i	i, major	#vii		i	i	True	#viio7	#viio7, minor		#viio7, minor		#vii	-1	-1	-1	-1	-1	-1	True	False	False
23620	20	67	1	G	0	3	8	1	1	True	3.5	-1	115	115	197	115a	1181/4	1/16	False	4	False				False	267	#viio7		F	i		#viio7	#vii	o	7			o7	False	True	(5, 2, -1, -4)	()	5	5	major	minor	i	i, major	#vii		i	i	True	#viio7	#viio7, minor		#viio7, minor		#vii	-1	-1	-1	2	2	2	True	False	False
23640	40	65	-1	F	0	3	8	2	1	True	1.0	-1	116	116	198	116a	591/2	1/8	False	4	True				False	268	i		F	i		i	i					m	False	True	(0, -3, 1)	()	0	0	major	minor	i	i, major	i		i	i	True	i	i, minor		i, minor		i	-1	-1	-1	0	0	0	True	True	True
23640	60	68	-4	A	-1	3	8	1	1	True	1.0	-1	116	116	198	116a	591/2	3/16	False	4	True				False	268	i		F	i		i	i					m	False	True	(0, -3, 1)	()	0	0	major	minor	i	i, major	i		i	i	True	i	i, minor		i, minor		i	-1	-1	-1	-3	-3	-3	True	False	False
23680	40	65	-1	F	0	3	8	2	1	True	2.0	-1	116	116	198	116a	296	1/8	False	4	False				False	268	i		F	i		i	i					m	False	True	(0, -3, 1)	()	0	0	major	minor	i	i, major	i		i	i	True	i	i, minor		i, minor		i	-1	-1	-1	0	0	0	True	True	True
23700	20	67	1	G	0	3	8	1	1	True	2.5	-1	116	116	198	116a	1185/4	1/16	False	4	False				False	268	i		F	i		i	i					m	False	True	(0, -3, 1)	()	0	0	major	minor	i	i, major	i		i	i	True	i	i, minor		i, minor		i	-1	-1	-1	2	2	2	False	False	False
23720	40	65	-1	F	0	3	8	2	1	True	3.0	-1	116	116	198	116a	593/2	1/8	False	4	False				False	268	i		F	i		i	i					m	False	True	(0, -3, 1)	()	0	0	major	minor	i	i, major	i		i	i	True	i	i, minor		i, minor		i	-1	-1	-1	0	0	0	True	True	True
23720	40	68	-4	A	-1	3	8	1	1	True	3.0	-1	116	116	198	116a	593/2	1/8	False	4	False				False	268	i		F	i		i	i					m	False	True	(0, -3, 1)	()	0	0	major	minor	i	i, major	i		i	i	True	i	i, minor		i, minor		i	-1	-1	-1	-3	-3	-3	True	False	False
23760	40	65	-1	F	0	3	8	2	1	True	1.0	-1	117	117	199	117a	297	1/8	False	4	False				False	268	i		F	i		i	i					m	False	True	(0, -3, 1)	()	0	0	major	minor	i	i, major	i		i	i	True	i	i, minor		i, minor		i	-1	-1	-1	0	0	0	True	True	True
23760	10	68	-4	A	-1	3	8	1	1	True	1.0	-1	117	117	199	117a	297	1/32	False	4	False				False	268	i		F	i		i	i					m	False	True	(0, -3, 1)	()	0	0	major	minor	i	i, major	i		i	i	True	i	i, minor		i, minor		i	-1	-1	-1	-3	-3	-3	True	False	False
23770	10	67	1	G	0	3	8	1	1	True	1.25	-1	117	117	199	117a	2377/8	1/32	False	4	False				False	268	i		F	i		i	i					m	False	True	(0, -3, 1)	()	0	0	major	minor	i	i, major	i		i	i	True	i	i, minor		i, minor		i	-1	-1	-1	2	2	2	False	False	False
23780	20	68	-4	A	-1	3	8	1	1	True	1.5	-1	117	117	199	117a	1189/4	1/16	False	4	False				False	268	i		F	i		i	i					m	False	True	(0, -3, 1)	()	0	0	major	minor	i	i, major	i		i	i	True	i	i, minor		i, minor		i	-1	-1	-1	-3	-3	-3	True	False	False
23800	40	61	-5	D	-1	3	8	2	1	True	2.0	-1	117	117	199	117a	595/2	1/8	False	4	True				False	269	iv6		F	i		iv6	iv		6			m	False	True	(-4, 0, -1)	()	-1	-4	major	minor	i	i, major	iv		i	i	True	iv6	iv6, minor		iv6, minor		iv	-1	-1	-1	-4	-4	-4	True	False	True
23800	10	70	-2	B	-1	3	8	1	1	True	2.0	-1	117	117	199	117a	595/2	1/32	False	4	True				False	269	iv6		F	i		iv6	iv		6			m	False	True	(-4, 0, -1)	()	-1	-4	major	minor	i	i, major	iv		i	i	True	iv6	iv6, minor		iv6, minor		iv	-1	-1	-1	-1	-1	-1	True	True	False
23810	10	68	-4	A	-1	3	8	1	1	True	2.25	-1	117	117	199	117a	2381/8	1/32	False	4	False				False	269	iv6		F	i		iv6	iv		6			m	False	True	(-4, 0, -1)	()	-1	-4	major	minor	i	i, major	iv		i	i	True	iv6	iv6, minor		iv6, minor		iv	-1	-1	-1	-3	-3	-3	False	False	False
23820	20	70	-2	B	-1	3	8	1	1	True	2.5	-1	117	117	199	117a	1191/4	1/16	False	4	False				False	269	iv6		F	i		iv6	iv		6			m	False	True	(-4, 0, -1)	()	-1	-4	major	minor	i	i, major	iv		i	i	True	iv6	iv6, minor		iv6, minor		iv	-1	-1	-1	-1	-1	-1	True	True	False
23840	40	56	-4	A	-1	3	8	2	1	True	3.0	-1	117	117	199	117a	298	1/8	False	3	True				False	270	i6		F	i		i6	i		6			m	False	True	(-3, 1, 0)	()	0	-3	major	minor	i	i, major	i		i	i	True	i6	i6, minor		i6, minor		i	-1	-1	-1	-3	-3	-3	True	False	True
23840	40	60	0	C	0	3	8	2	1	True	3.0	-1	117	117	199	117a	298	1/8	False	4	True				False	270	i6		F	i		i6	i		6			m	False	True	(-3, 1, 0)	()	0	-3	major	minor	i	i, major	i		i	i	True	i6	i6, minor		i6, minor		i	-1	-1	-1	1	1	1	True	False	False
23840	40	65	-1	F	0	3	8	2	1	True	3.0	-1	117	117	199	117a	298	1/8	False	4	True				False	270	i6		F	i		i6	i		6			m	False	True	(-3, 1, 0)	()	0	-3	major	minor	i	i, major	i		i	i	True	i6	i6, minor		i6, minor		i	-1	-1	-1	0	0	0	True	True	False
23840	10	72	0	C	0	3	8	1	1	True	3.0	-1	117	117	199	117a	298	1/32	False	5	True				False	270	i6		F	i		i6	i		6			m	False	True	(-3, 1, 0)	()	0	-3	major	minor	i	i, major	i		i	i	True	i6	i6, minor		i6, minor		i	-1	-1	-1	1	1	1	True	False	False
23850	10	70	-2	B	-1	3	8	1	1	True	3.25	-1	117	117	199	117a	2385/8	1/32	False	4	False				False	270	i6		F	i		i6	i		6			m	False	True	(-3, 1, 0)	()	0	-3	major	minor	i	i, major	i		i	i	True	i6	i6, minor		i6, minor		i	-1	-1	-1	-1	-1	-1	False	False	False
23860	20	72	0	C	0	3	8	1	1	True	3.5	-1	117	117	199	117a	1193/4	1/16	False	5	False				False	270	i6		F	i		i6	i		6			m	False	True	(-3, 1, 0)	()	0	-3	major	minor	i	i, major	i		i	i	True	i6	i6, minor		i6, minor		i	-1	-1	-1	1	1	1	True	False	False
23880	40	58	-2	B	-1	3	8	2	1	True	1.0	-1	118	118	200	118a	597/2	1/8	False	3	True				False	271	IV		F	i		IV	IV					M	False	True	(-1, 3, 0)	()	-1	-1	major	minor	i	i, major	IV		i	i	True	IV	IV, minor		IV, minor		IV	-1	-1	-1	-1	-1	-1	True	True	True
23880	40	65	-1	F	0	3	8	2	1	True	1.0	-1	118	118	200	118a	597/2	1/8	False	4	True				False	271	IV		F	i		IV	IV					M	False	True	(-1, 3, 0)	()	-1	-1	major	minor	i	i, major	IV		i	i	True	IV	IV, minor		IV, minor		IV	-1	-1	-1	0	0	0	True	False	False
23880	10	74	2	D	0	3	8	1	1	True	1.0	-1	118	118	200	118a	597/2	1/32	False	5	True				False	271	IV		F	i		IV	IV					M	False	True	(-1, 3, 0)	()	-1	-1	major	minor	i	i, major	IV		i	i	True	IV	IV, minor		IV, minor		IV	-1	-1	-1	3	3	3	True	False	False
23890	10	72	0	C	0	3	8	1	1	True	1.25	-1	118	118	200	118a	2389/8	1/32	False	5	False				False	271	IV		F	i		IV	IV					M	False	True	(-1, 3, 0)	()	-1	-1	major	minor	i	i, major	IV		i	i	True	IV	IV, minor		IV, minor		IV	-1	-1	-1	1	1	1	False	False	False
23900	20	74	2	D	0	3	8	1	1	True	1.5	-1	118	118	200	118a	1195/4	1/16	False	5	False				False	271	IV		F	i		IV	IV					M	False	True	(-1, 3, 0)	()	-1	-1	major	minor	i	i, major	IV		i	i	True	IV	IV, minor		IV, minor		IV	-1	-1	-1	3	3	3	True	False	False
23920	40	55	1	G	0	3	8	2	1	True	2.0	-1	118	118	200	118a	299	1/8	False	3	True				False	272	#viio6		F	i		#viio6	#vii	o	6			o	False	True	(2, -1, 5)	()	5	2	major	minor	i	i, major	#vii		i	i	True	#viio6	#viio6, minor		#viio6, minor		#vii	-1	-1	-1	2	2	2	True	False	True
23920	40	64	4	E	0	3	8	2	1	True	2.0	-1	118	118	200	118a	299	1/8	False	4	True				False	272	#viio6		F	i		#viio6	#vii	o	6			o	False	True	(2, -1, 5)	()	5	2	major	minor	i	i, major	#vii		i	i	True	#viio6	#viio6, minor		#viio6, minor		#vii	-1	-1	-1	5	5	5	True	True	False
23920	10	76	4	E	0	3	8	1	1	True	2.0	-1	118	118	200	118a	299	1/32	False	5	True				False	272	#viio6		F	i		#viio6	#vii	o	6			o	False	True	(2, -1, 5)	()	5	2	major	minor	i	i, major	#vii		i	i	True	#viio6	#viio6, minor		#viio6, minor		#vii	-1	-1	-1	5	5	5	True	True	False
23930	10	74	2	D	0	3	8	1	1	True	2.25	-1	118	118	200	118a	2393/8	1/32	False	5	False				False	272	#viio6		F	i		#viio6	#vii	o	6			o	False	True	(2, -1, 5)	()	5	2	major	minor	i	i, major	#vii		i	i	True	#viio6	#viio6, minor		#viio6, minor		#vii	-1	-1	-1	3	3	3	False	False	False
23940	20	76	4	E	0	3	8	1	1	True	2.5	-1	118	118	200	118a	1197/4	1/16	False	5	False				False	272	#viio6		F	i		#viio6	#vii	o	6			o	False	True	(2, -1, 5)	()	5	2	major	minor	i	i, major	#vii		i	i	True	#viio6	#viio6, minor		#viio6, minor		#vii	-1	-1	-1	5	5	5	True	True	False
23960	40	56	-4	A	-1	3	8	2	1	True	3.0	-1	118	118	200	118a	599/2	1/8	False	3	True				False	273	i6		F	i		i6	i		6			m	False	True	(-3, 1, 0)	()	0	-3	major	minor	i	i, major	i		i	i	True	i6	i6, minor		i6, minor		i	-1	-1	-1	-3	-3	-3	True	False	True
23960	40	65	-1	F	0	3	8	2	1	True	3.0	-1	118	118	200	118a	599/2	1/8	False	4	True				False	273	i6		F	i		i6	i		6			m	False	True	(-3, 1, 0)	()	0	-3	major	minor	i	i, major	i		i	i	True	i6	i6, minor		i6, minor		i	-1	-1	-1	0	0	0	True	True	False
23960	10	77	-1	F	0	3	8	1	1	True	3.0	-1	118	118	200	118a	599/2	1/32	False	5	True				False	273	i6		F	i		i6	i		6			m	False	True	(-3, 1, 0)	()	0	-3	major	minor	i	i, major	i		i	i	True	i6	i6, minor		i6, minor		i	-1	-1	-1	0	0	0	True	True	False
23970	10	76	4	E	0	3	8	1	1	True	3.25	-1	118	118	200	118a	2397/8	1/32	False	5	False				False	273	i6		F	i		i6	i		6			m	False	True	(-3, 1, 0)	()	0	-3	major	minor	i	i, major	i		i	i	True	i6	i6, minor		i6, minor		i	-1	-1	-1	5	5	5	False	False	False
23980	20	77	-1	F	0	3	8	1	1	True	3.5	-1	118	118	200	118a	1199/4	1/16	False	5	False				False	273	i6		F	i		i6	i		6			m	False	True	(-3, 1, 0)	()	0	-3	major	minor	i	i, major	i		i	i	True	i6	i6, minor		i6, minor		i	-1	-1	-1	0	0	0	True	True	False
24000	40	52	4	E	0	3	8	2	2	True	1.0	-1	119	119	201	119a	300	1/8	False	3	True				False	274	V6		F	i		V6	V		6			M	False	True	(5, 2, 1)	()	1	5	major	minor	i	i, major	V		i	i	True	V6	V6, minor		V6, minor		V	-1	-1	-1	5	5	5	True	False	True
24000	80	60	0	C	0	3	8	2	1	True	1.0	-1	119	119	201	119a	300	1/4	False	4	True				False	274	V6		F	i		V6	V		6			M	False	True	(5, 2, 1)	()	1	5	major	minor	i	i, major	V		i	i	True	V6	V6, minor		V6, minor		V	-1	-1	-1	1	1	1	True	True	False
24000	10	79	1	G	0	3	8	1	1	True	1.0	-1	119	119	201	119a	300	1/32	False	5	True				False	274	V6		F	i		V6	V		6			M	False	True	(5, 2, 1)	()	1	5	major	minor	i	i, major	V		i	i	True	V6	V6, minor		V6, minor		V	-1	-1	-1	2	2	2	True	False	False
24010	10	77	-1	F	0	3	8	1	1	True	1.25	-1	119	119	201	119a	2401/8	1/32	False	5	False				False	274	V6		F	i		V6	V		6			M	False	True	(5, 2, 1)	()	1	5	major	minor	i	i, major	V		i	i	True	V6	V6, minor		V6, minor		V	-1	-1	-1	0	0	0	False	False	False
24020	20	79	1	G	0	3	8	1	1	True	1.5	-1	119	119	201	119a	1201/4	1/16	False	5	False				False	274	V6		F	i		V6	V		6			M	False	True	(5, 2, 1)	()	1	5	major	minor	i	i, major	V		i	i	True	V6	V6, minor		V6, minor		V	-1	-1	-1	2	2	2	True	False	False
24040	40	53	-1	F	0	3	8	2	2	True	2.0	-1	119	119	201	119a	601/2	1/8	False	3	True				False	275	i		F	i		i	i					m	False	True	(0, -3, 1)	()	0	0	major	minor	i	i, major	i		i	i	True	i	i, minor		i, minor		i	-1	-1	-1	0	0	0	True	True	True
24040	10	80	-4	A	-1	3	8	1	1	True	2.0	-1	119	119	201	119a	601/2	1/32	False	5	True				False	275	i		F	i		i	i					m	False	True	(0, -3, 1)	()	0	0	major	minor	i	i, major	i		i	i	True	i	i, minor		i, minor		i	-1	-1	-1	-3	-3	-3	True	False	False
24050	10	79	1	G	0	3	8	1	1	True	2.25	-1	119	119	201	119a	2405/8	1/32	False	5	False				False	275	i		F	i		i	i					m	False	True	(0, -3, 1)	()	0	0	major	minor	i	i, major	i		i	i	True	i	i, minor		i, minor		i	-1	-1	-1	2	2	2	False	False	False
24060	20	80	-4	A	-1	3	8	1	1	True	2.5	-1	119	119	201	119a	1203/4	1/16	False	5	False				False	275	i		F	i		i	i					m	False	True	(0, -3, 1)	()	0	0	major	minor	i	i, major	i		i	i	True	i	i, minor		i, minor		i	-1	-1	-1	-3	-3	-3	True	False	False
24080	40	49	-5	D	-1	3	8	2	2	True	3.0	-1	119	119	201	119a	301	1/8	False	3	True				False	276	iv6		F	i		iv6	iv		6			m	False	True	(-4, 0, -1)	()	-1	-4	major	minor	i	i, major	iv		i	i	True	iv6	iv6, minor		iv6, minor		iv	-1	-1	-1	-4	-4	-4	True	False	True
24080	10	82	-2	B	-1	3	8	1	1	True	3.0	-1	119	119	201	119a	301	1/32	False	5	True				False	276	iv6		F	i		iv6	iv		6			m	False	True	(-4, 0, -1)	()	-1	-4	major	minor	i	i, major	iv		i	i	True	iv6	iv6, minor		iv6, minor		iv	-1	-1	-1	-1	-1	-1	True	True	False
24090	10	80	-4	A	-1	3	8	1	1	True	3.25	-1	119	119	201	119a	2409/8	1/32	False	5	False				False	276	iv6		F	i		iv6	iv		6			m	False	True	(-4, 0, -1)	()	-1	-4	major	minor	i	i, major	iv		i	i	True	iv6	iv6, minor		iv6, minor		iv	-1	-1	-1	-3	-3	-3	False	False	False
24100	20	82	-2	B	-1	3	8	1	1	True	3.5	-1	119	119	201	119a	1205/4	1/16	False	5	False				False	276	iv6		F	i		iv6	iv		6			m	False	True	(-4, 0, -1)	()	-1	-4	major	minor	i	i, major	iv		i	i	True	iv6	iv6, minor		iv6, minor		iv	-1	-1	-1	-1	-1	-1	True	True	False
24120	120	48	0	C	0	3	8	2	1	True	1.0	-1	120	120	202	120a	603/2	3/8	False	3	True	HC	HC	}	True	277	V|HC}		F	i		V	V					M	False	True	(1, 5, 2)	()	1	1	major	minor	i	i, major	V		i	i	True	V	V, minor		V, minor		V	-1	-1	-1	1	1	1	True	True	True
24120	20	84	0	C	0	3	8	1	1	True	1.0	-1	120	120	202	120a	603/2	1/16	False	6	True	HC	HC	}	True	277	V|HC}		F	i		V	V					M	False	True	(1, 5, 2)	()	1	1	major	minor	i	i, major	V		i	i	True	V	V, minor		V, minor		V	-1	-1	-1	1	1	1	True	True	True
24140	20	79	1	G	0	3	8	1	1	True	1.5	-1	120	120	202	120a	1207/4	1/16	False	5	False				False	277	V|HC}		F	i		V	V					M	False	True	(1, 5, 2)	()	1	1	major	minor	i	i, major	V		i	i	True	V	V, minor		V, minor		V	-1	-1	-1	2	2	2	True	False	False
24160	20	76	4	E	0	3	8	1	1	True	2.0	-1	120	120	202	120a	302	1/16	False	5	False				False	277	V|HC}		F	i		V	V					M	False	True	(1, 5, 2)	()	1	1	major	minor	i	i, major	V		i	i	True	V	V, minor		V, minor		V	-1	-1	-1	5	5	5	True	False	False
24180	20	72	0	C	0	3	8	1	1	True	2.5	-1	120	120	202	120a	1209/4	1/16	False	5	False				False	277	V|HC}		F	i		V	V					M	False	True	(1, 5, 2)	()	1	1	major	minor	i	i, major	V		i	i	True	V	V, minor		V, minor		V	-1	-1	-1	1	1	1	True	True	True
24200	20	67	1	G	0	3	8	1	1	True	3.0	-1	120	120	202	120a	605/2	1/16	False	4	False				False	277	V|HC}		F	i		V	V					M	False	True	(1, 5, 2)	()	1	1	major	minor	i	i, major	V		i	i	True	V	V, minor		V, minor		V	-1	-1	-1	2	2	2	True	False	False
24220	20	64	4	E	0	3	8	1	1	True	3.5	-1	120	120	202	120a	1211/4	1/16	False	4	False				False	277	V|HC}		F	i		V	V					M	False	True	(1, 5, 2)	()	1	1	major	minor	i	i, major	V		i	i	True	V	V, minor		V, minor		V	-1	-1	-1	5	5	5	True	False	False
24240	40	60	0	C	0	3	8	1	2	True	1.0	-1	121	121	203	121a	303	1/8	False	4	True			{	False	278	V7{		F	i		V7	V		7			Mm7	False	True	(1, 5, 2, -1)	()	1	1	major	minor	i	i, major	V		i	i	True	V7	V7, minor		V7, minor		V	-1	-1	-1	1	1	1	True	True	True
24260	20	82	-2	B	-1	3	8	1	1	True	1.5	-1	121	121	203	121a	1213/4	1/16	False	5	False				False	278	V7{		F	i		V7	V		7			Mm7	False	True	(1, 5, 2, -1)	()	1	1	major	minor	i	i, major	V		i	i	True	V7	V7, minor		V7, minor		V	-1	-1	-1	-1	-1	-1	True	False	False
24280	40	67	1	G	0	3	8	1	2	True	2.0	-1	121	121	203	121a	607/2	1/8	False	4	False				False	278	V7{		F	i		V7	V		7			Mm7	False	True	(1, 5, 2, -1)	()	1	1	major	minor	i	i, major	V		i	i	True	V7	V7, minor		V7, minor		V	-1	-1	-1	2	2	2	True	False	False
24280	20	80	-4	A	-1	3	8	1	1	True	2.0	-1	121	121	203	121a	607/2	1/16	False	5	False				False	278	V7{		F	i		V7	V		7			Mm7	False	True	(1, 5, 2, -1)	()	1	1	major	minor	i	i, major	V		i	i	True	V7	V7, minor		V7, minor		V	-1	-1	-1	-3	-3	-3	False	False	False
24300	20	79	1	G	0	3	8	1	1	True	2.5	-1	121	121	203	121a	1215/4	1/16	False	5	False				False	278	V7{		F	i		V7	V		7			Mm7	False	True	(1, 5, 2, -1)	()	1	1	major	minor	i	i, major	V		i	i	True	V7	V7, minor		V7, minor		V	-1	-1	-1	2	2	2	True	False	False
24320	40	70	-2	B	-1	3	8	1	2	True	3.0	-1	121	121	203	121a	304	1/8	False	4	False				False	278	V7{		F	i		V7	V		7			Mm7	False	True	(1, 5, 2, -1)	()	1	1	major	minor	i	i, major	V		i	i	True	V7	V7, minor		V7, minor		V	-1	-1	-1	-1	-1	-1	True	False	False
24320	20	77	-1	F	0	3	8	1	1	True	3.0	-1	121	121	203	121a	304	1/16	False	5	False				False	278	V7{		F	i		V7	V		7			Mm7	False	True	(1, 5, 2, -1)	()	1	1	major	minor	i	i, major	V		i	i	True	V7	V7, minor		V7, minor		V	-1	-1	-1	0	0	0	False	False	False
24340	20	76	4	E	0	3	8	1	1	True	3.5	-1	121	121	203	121a	1217/4	1/16	False	5	False				False	278	V7{		F	i		V7	V		7			Mm7	False	True	(1, 5, 2, -1)	()	1	1	major	minor	i	i, major	V		i	i	True	V7	V7, minor		V7, minor		V	-1	-1	-1	5	5	5	True	False	False
24360	20	68	-4	A	-1	3	8	1	2	True	1.0	-1	122	122	204	122a	609/2	1/16	False	4	True				False	279	i		F	i		i	i					m	False	True	(0, -3, 1)	()	0	0	major	minor	i	i, major	i		i	i	True	i	i, minor		i, minor		i	-1	-1	-1	-3	-3	-3	True	False	False
24360	40	77	-1	F	0	3	8	1	1	True	1.0	-1	122	122	204	122a	609/2	1/8	False	5	True				False	279	i		F	i		i	i					m	False	True	(0, -3, 1)	()	0	0	major	minor	i	i, major	i		i	i	True	i	i, minor		i, minor		i	-1	-1	-1	0	0	0	True	True	True
24380	20	67	1	G	0	3	8	1	2	True	1.5	-1	122	122	204	122a	1219/4	1/16	False	4	False				False	279	i		F	i		i	i					m	False	True	(0, -3, 1)	()	0	0	major	minor	i	i, major	i		i	i	True	i	i, minor		i, minor		i	-1	-1	-1	2	2	2	False	False	False
24400	20	65	-1	F	0	3	8	1	2	True	2.0	-1	122	122	204	122a	305	1/16	False	4	False				False	279	i		F	i		i	i					m	False	True	(0, -3, 1)	()	0	0	major	minor	i	i, major	i		i	i	True	i	i, minor		i, minor		i	-1	-1	-1	0	0	0	True	True	True
24400	40	77	-1	F	0	3	8	1	1	True	2.0	-1	122	122	204	122a	305	1/8	False	5	False				False	279	i		F	i		i	i					m	False	True	(0, -3, 1)	()	0	0	major	minor	i	i, major	i		i	i	True	i	i, minor		i, minor		i	-1	-1	-1	0	0	0	True	True	True
24420	20	64	4	E	0	3	8	1	2	True	2.5	-1	122	122	204	122a	1221/4	1/16	False	4	False				False	279	i		F	i		i	i					m	False	True	(0, -3, 1)	()	0	0	major	minor	i	i, major	i		i	i	True	i	i, minor		i, minor		i	-1	-1	-1	5	5	5	False	False	False
24440	20	65	-1	F	0	3	8	1	2	True	3.0	-1	122	122	204	122a	611/2	1/16	False	4	False				False	279	i		F	i		i	i					m	False	True	(0, -3, 1)	()	0	0	major	minor	i	i, major	i		i	i	True	i	i, minor		i, minor		i	-1	-1	-1	0	0	0	True	True	True
24440	40	77	-1	F	0	3	8	1	1	True	3.0	-1	122	122	204	122a	611/2	1/8	False	5	False				False	279	i		F	i		i	i					m	False	True	(0, -3, 1)	()	0	0	major	minor	i	i, major	i		i	i	True	i	i, minor		i, minor		i	-1	-1	-1	0	0	0	True	True	True
24460	20	61	-5	D	-1	3	8	1	2	True	3.5	-1	122	122	204	122a	1223/4	1/16	False	4	False				False	279	i		F	i		i	i					m	False	True	(0, -3, 1)	()	0	0	major	minor	i	i, major	i		i	i	True	i	i, minor		i, minor		i	-1	-1	-1	-4	-4	-4	False	False	False
24480	40	60	0	C	0	3	8	1	2	True	1.0	-1	123	123	205	123a	306	1/8	False	4	True				False	280	V7		F	i		V7	V		7			Mm7	False	True	(1, 5, 2, -1)	()	1	1	major	minor	i	i, major	V		i	i	True	V7	V7, minor		V7, minor		V	-1	-1	-1	1	1	1	True	True	True
24500	20	82	-2	B	-1	3	8	1	1	True	1.5	-1	123	123	205	123a	1225/4	1/16	False	5	False				False	280	V7		F	i		V7	V		7			Mm7	False	True	(1, 5, 2, -1)	()	1	1	major	minor	i	i, major	V		i	i	True	V7	V7, minor		V7, minor		V	-1	-1	-1	-1	-1	-1	True	False	False
24520	40	67	1	G	0	3	8	1	2	True	2.0	-1	123	123	205	123a	613/2	1/8	False	4	False				False	280	V7		F	i		V7	V		7			Mm7	False	True	(1, 5, 2, -1)	()	1	1	major	minor	i	i, major	V		i	i	True	V7	V7, minor		V7, minor		V	-1	-1	-1	2	2	2	True	False	False
24520	20	80	-4	A	-1	3	8	1	1	True	2.0	-1	123	123	205	123a	613/2	1/16	False	5	False				False	280	V7		F	i		V7	V		7			Mm7	False	True	(1, 5, 2, -1)	()	1	1	major	minor	i	i, major	V		i	i	True	V7	V7, minor		V7, minor		V	-1	-1	-1	-3	-3	-3	False	False	False
24540	20	79	1	G	0	3	8	1	1	True	2.5	-1	123	123	205	123a	1227/4	1/16	False	5	False				False	280	V7		F	i		V7	V		7			Mm7	False	True	(1, 5, 2, -1)	()	1	1	major	minor	i	i, major	V		i	i	True	V7	V7, minor		V7, minor		V	-1	-1	-1	2	2	2	True	False	False
24560	40	70	-2	B	-1	3	8	1	2	True	3.0	-1	123	123	205	123a	307	1/8	False	4	False				False	280	V7		F	i		V7	V		7			Mm7	False	True	(1, 5, 2, -1)	()	1	1	major	minor	i	i, major	V		i	i	True	V7	V7, minor		V7, minor		V	-1	-1	-1	-1	-1	-1	True	False	False
24560	20	77	-1	F	0	3	8	1	1	True	3.0	-1	123	123	205	123a	307	1/16	False	5	False				False	280	V7		F	i		V7	V		7			Mm7	False	True	(1, 5, 2, -1)	()	1	1	major	minor	i	i, major	V		i	i	True	V7	V7, minor		V7, minor		V	-1	-1	-1	0	0	0	False	False	False
24580	20	76	4	E	0	3	8	1	1	True	3.5	-1	123	123	205	123a	1229/4	1/16	False	5	False				False	280	V7		F	i		V7	V		7			Mm7	False	True	(1, 5, 2, -1)	()	1	1	major	minor	i	i, major	V		i	i	True	V7	V7, minor		V7, minor		V	-1	-1	-1	5	5	5	True	False	False
24600	20	68	-4	A	-1	3	8	1	2	True	1.0	-1	124	124	206	124a	615/2	1/16	False	4	True				False	281	i		F	i		i	i					m	False	True	(0, -3, 1)	()	0	0	major	minor	i	i, major	i		i	i	True	i	i, minor		i, minor		i	-1	-1	-1	-3	-3	-3	True	False	False
24600	40	77	-1	F	0	3	8	1	1	True	1.0	-1	124	124	206	124a	615/2	1/8	False	5	True				False	281	i		F	i		i	i					m	False	True	(0, -3, 1)	()	0	0	major	minor	i	i, major	i		i	i	True	i	i, minor		i, minor		i	-1	-1	-1	0	0	0	True	True	True
24620	20	67	1	G	0	3	8	1	2	True	1.5	-1	124	124	206	124a	1231/4	1/16	False	4	False				False	281	i		F	i		i	i					m	False	True	(0, -3, 1)	()	0	0	major	minor	i	i, major	i		i	i	True	i	i, minor		i, minor		i	-1	-1	-1	2	2	2	False	False	False
24640	20	65	-1	F	0	3	8	1	2	True	2.0	-1	124	124	206	124a	308	1/16	False	4	False				False	281	i		F	i		i	i					m	False	True	(0, -3, 1)	()	0	0	major	minor	i	i, major	i		i	i	True	i	i, minor		i, minor		i	-1	-1	-1	0	0	0	True	True	True
24640	40	77	-1	F	0	3	8	1	1	True	2.0	-1	124	124	206	124a	308	1/8	False	5	False				False	281	i		F	i		i	i					m	False	True	(0, -3, 1)	()	0	0	major	minor	i	i, major	i		i	i	True	i	i, minor		i, minor		i	-1	-1	-1	0	0	0	True	True	True
24660	20	64	4	E	0	3	8	1	2	True	2.5	-1	124	124	206	124a	1233/4	1/16	False	4	False				False	281	i		F	i		i	i					m	False	True	(0, -3, 1)	()	0	0	major	minor	i	i, major	i		i	i	True	i	i, minor		i, minor		i	-1	-1	-1	5	5	5	False	False	False
24680	20	65	-1	F	0	3	8	1	2	True	3.0	-1	124	124	206	124a	617/2	1/16	False	4	False				False	281	i		F	i		i	i					m	False	True	(0, -3, 1)	()	0	0	major	minor	i	i, major	i		i	i	True	i	i, minor		i, minor		i	-1	-1	-1	0	0	0	True	True	True
24680	40	77	-1	F	0	3	8	1	1	True	3.0	-1	124	124	206	124a	617/2	1/8	False	5	False				False	281	i		F	i		i	i					m	False	True	(0, -3, 1)	()	0	0	major	minor	i	i, major	i		i	i	True	i	i, minor		i, minor		i	-1	-1	-1	0	0	0	True	True	True
24700	20	61	-5	D	-1	3	8	1	2	True	3.5	-1	124	124	206	124a	1235/4	1/16	False	4	False				False	281	i		F	i		i	i					m	False	True	(0, -3, 1)	()	0	0	major	minor	i	i, major	i		i	i	True	i	i, minor		i, minor		i	-1	-1	-1	-4	-4	-4	False	False	False
24720	40	60	0	C	0	3	8	1	2	True	1.0	-1	125	125	207	125a	309	1/8	False	4	True				False	282	V7		F	i		V7	V		7			Mm7	False	True	(1, 5, 2, -1)	()	1	1	major	minor	i	i, major	V		i	i	True	V7	V7, minor		V7, minor		V	-1	-1	-1	1	1	1	True	True	True
24740	20	85	-5	D	-1	3	8	1	1	True	1.5	-1	125	125	207	125a	1237/4	1/16	False	6	False				False	282	V7		F	i		V7	V		7			Mm7	False	True	(1, 5, 2, -1)	()	1	1	major	minor	i	i, major	V		i	i	True	V7	V7, minor		V7, minor		V	-1	-1	-1	-4	-4	-4	False	False	False
24760	40	67	1	G	0	3	8	1	2	True	2.0	-1	125	125	207	125a	619/2	1/8	False	4	False				False	282	V7		F	i		V7	V		7			Mm7	False	True	(1, 5, 2, -1)	()	1	1	major	minor	i	i, major	V		i	i	True	V7	V7, minor		V7, minor		V	-1	-1	-1	2	2	2	True	False	False
24760	20	84	0	C	0	3	8	1	1	True	2.0	-1	125	125	207	125a	619/2	1/16	False	6	False				False	282	V7		F	i		V7	V		7			Mm7	False	True	(1, 5, 2, -1)	()	1	1	major	minor	i	i, major	V		i	i	True	V7	V7, minor		V7, minor		V	-1	-1	-1	1	1	1	True	True	True
24780	20	82	-2	B	-1	3	8	1	1	True	2.5	-1	125	125	207	125a	1239/4	1/16	False	5	False				False	282	V7		F	i		V7	V		7			Mm7	False	True	(1, 5, 2, -1)	()	1	1	major	minor	i	i, major	V		i	i	True	V7	V7, minor		V7, minor		V	-1	-1	-1	-1	-1	-1	True	False	False
24800	40	70	-2	B	-1	3	8	1	2	True	3.0	-1	125	125	207	125a	310	1/8	False	4	False				False	282	V7		F	i		V7	V		7			Mm7	False	True	(1, 5, 2, -1)	()	1	1	major	minor	i	i, major	V		i	i	True	V7	V7, minor		V7, minor		V	-1	-1	-1	-1	-1	-1	True	False	False
24800	20	80	-4	A	-1	3	8	1	1	True	3.0	-1	125	125	207	125a	310	1/16	False	5	False				False	282	V7		F	i		V7	V		7			Mm7	False	True	(1, 5, 2, -1)	()	1	1	major	minor	i	i, major	V		i	i	True	V7	V7, minor		V7, minor		V	-1	-1	-1	-3	-3	-3	False	False	False
24820	20	79	1	G	0	3	8	1	1	True	3.5	-1	125	125	207	125a	1241/4	1/16	False	5	False				False	282	V7		F	i		V7	V		7			Mm7	False	True	(1, 5, 2, -1)	()	1	1	major	minor	i	i, major	V		i	i	True	V7	V7, minor		V7, minor		V	-1	-1	-1	2	2	2	True	False	False
24840	20	68	-4	A	-1	3	8	1	2	True	1.0	-1	126	126	208	126a	621/2	1/16	False	4	True				False	283	i6		F	i		i6	i		6			m	False	True	(-3, 1, 0)	()	0	-3	major	minor	i	i, major	i		i	i	True	i6	i6, minor		i6, minor		i	-1	-1	-1	-3	-3	-3	True	False	True
24840	60	77	-1	F	0	3	8	1	1	True	1.0	-1	126	126	208	126a	621/2	3/16	False	5	True				False	283	i6		F	i		i6	i		6			m	False	True	(-3, 1, 0)	()	0	-3	major	minor	i	i, major	i		i	i	True	i6	i6, minor		i6, minor		i	-1	-1	-1	0	0	0	True	True	False
24860	20	67	1	G	0	3	8	1	2	True	1.5	-1	126	126	208	126a	1243/4	1/16	False	4	False				False	283	i6		F	i		i6	i		6			m	False	True	(-3, 1, 0)	()	0	-3	major	minor	i	i, major	i		i	i	True	i6	i6, minor		i6, minor		i	-1	-1	-1	2	2	2	False	False	False
24880	20	68	-4	A	-1	3	8	1	2	True	2.0	-1	126	126	208	126a	311	1/16	False	4	False				False	283	i6		F	i		i6	i		6			m	False	True	(-3, 1, 0)	()	0	-3	major	minor	i	i, major	i		i	i	True	i6	i6, minor		i6, minor		i	-1	-1	-1	-3	-3	-3	True	False	True
24900	20	70	-2	B	-1	3	8	1	2	True	2.5	-1	126	126	208	126a	1245/4	1/16	False	4	False				False	283	i6		F	i		i6	i		6			m	False	True	(-3, 1, 0)	()	0	-3	major	minor	i	i, major	i		i	i	True	i6	i6, minor		i6, minor		i	-1	-1	-1	-1	-1	-1	False	False	False
24900	20	79	1	G	0	3	8	1	1	True	2.5	-1	126	126	208	126a	1245/4	1/16	False	5	False				False	283	i6		F	i		i6	i		6			m	False	True	(-3, 1, 0)	()	0	-3	major	minor	i	i, major	i		i	i	True	i6	i6, minor		i6, minor		i	-1	-1	-1	2	2	2	False	False	False
24920	20	72	0	C	0	3	8	1	2	True	3.0	-1	126	126	208	126a	623/2	1/16	False	5	False				False	283	i6		F	i		i6	i		6			m	False	True	(-3, 1, 0)	()	0	-3	major	minor	i	i, major	i		i	i	True	i6	i6, minor		i6, minor		i	-1	-1	-1	1	1	1	True	False	False
24920	40	80	-4	A	-1	3	8	1	1	True	3.0	-1	126	126	208	126a	623/2	1/8	False	5	False				False	283	i6		F	i		i6	i		6			m	False	True	(-3, 1, 0)	()	0	-3	major	minor	i	i, major	i		i	i	True	i6	i6, minor		i6, minor		i	-1	-1	-1	-3	-3	-3	True	False	True
24940	20	65	-1	F	0	3	8	1	2	True	3.5	-1	126	126	208	126a	1247/4	1/16	False	4	False				False	283	i6		F	i		i6	i		6			m	False	True	(-3, 1, 0)	()	0	-3	major	minor	i	i, major	i		i	i	True	i6	i6, minor		i6, minor		i	-1	-1	-1	0	0	0	True	True	False
24960	40	58	-2	B	-1	3	8	2	1	True	1.0	-1	127	127	209	127a	312	1/8	False	3	True				False	284	iio6		F	i		iio6	ii	o	6			o	False	True	(-1, -4, 2)	()	2	-1	major	minor	i	i, major	ii		i	i	True	iio6	iio6, minor		iio6, minor		ii	-1	-1	-1	-1	-1	-1	True	False	True
24960	20	67	1	G	0	3	8	1	1	True	1.0	-1	127	127	209	127a	312	1/16	False	4	True				False	284	iio6		F	i		iio6	ii	o	6			o	False	True	(-1, -4, 2)	()	2	-1	major	minor	i	i, major	ii		i	i	True	iio6	iio6, minor		iio6, minor		ii	-1	-1	-1	2	2	2	True	True	False
24980	20	70	-2	B	-1	3	8	1	1	True	1.5	-1	127	127	209	127a	1249/4	1/16	False	4	False				False	284	iio6		F	i		iio6	ii	o	6			o	False	True	(-1, -4, 2)	()	2	-1	major	minor	i	i, major	ii		i	i	True	iio6	iio6, minor		iio6, minor		ii	-1	-1	-1	-1	-1	-1	True	False	True
25000	40	60	0	C	0	3	8	2	1	True	2.0	-1	127	127	209	127a	625/2	1/8	False	4	True				False	285	V(64)		F	i		V(64)	V			64		M	False	True	(1, 0, -3)	()	1	1	major	minor	i	i, major	V		i	i	True	V	V, minor		V(64), minor		V	-1	-1	-1	1	1	1	True	True	True
25000	20	68	-4	A	-1	3	8	1	1	True	2.0	-1	127	127	209	127a	625/2	1/16	False	4	True				False	285	V(64)		F	i		V(64)	V			64		M	False	True	(1, 0, -3)	()	1	1	major	minor	i	i, major	V		i	i	True	V	V, minor		V(64), minor		V	-1	-1	-1	-3	-3	-3	True	False	False
25020	20	67	1	G	0	3	8	1	1	True	2.5	-1	127	127	209	127a	1251/4	1/16	False	4	False				False	285	V(64)		F	i		V(64)	V			64		M	False	True	(1, 0, -3)	()	1	1	major	minor	i	i, major	V		i	i	True	V	V, minor		V(64), minor		V	-1	-1	-1	2	2	2	False	False	False
25040	40	48	0	C	0	3	8	2	1	True	3.0	-1	127	127	209	127a	313	1/8	False	3	True				False	286	V		F	i		V	V					M	False	True	(1, 5, 2)	()	1	1	major	minor	i	i, major	V		i	i	True	V	V, minor		V, minor		V	-1	-1	-1	1	1	1	True	True	True
25040	20	65	-1	F	0	3	8	1	1	True	3.0	-1	127	127	209	127a	313	1/16	False	4	True				False	286	V		F	i		V	V					M	False	True	(1, 5, 2)	()	1	1	major	minor	i	i, major	V		i	i	True	V	V, minor		V, minor		V	-1	-1	-1	0	0	0	False	False	False
25060	20	64	4	E	0	3	8	1	1	True	3.5	-1	127	127	209	127a	1253/4	1/16	False	4	False				False	286	V		F	i		V	V					M	False	True	(1, 5, 2)	()	1	1	major	minor	i	i, major	V		i	i	True	V	V, minor		V, minor		V	-1	-1	-1	5	5	5	True	False	False
25080	0	64	4	E	0	3	8	1	1	True	1.0	-1	128	128	210	128a	627/2	0	False	4	True	PAC	PAC	}	True	287	i|PAC}		F	i		i	i					m	False	True	(0, -3, 1)	()	0	0	major	minor	i	i, major	i		i	i	True	i	i, minor		i, minor		i	-1	-1	-1	5	5	5	False	False	False
25080	120	53	-1	F	0	3	8	2	1	True	1.0	-1	128	128	210	128a	627/2	3/8	False	3	True	PAC	PAC	}	True	287	i|PAC}		F	i		i	i					m	False	True	(0, -3, 1)	()	0	0	major	minor	i	i, major	i		i	i	True	i	i, minor		i, minor		i	-1	-1	-1	0	0	0	True	True	True
25080	120	65	-1	F	0	3	8	1	1	True	1.0	-1	128	128	210	128a	627/2	3/8	False	4	True	PAC	PAC	}	True	287	i|PAC}		F	i		i	i					m	False	True	(0, -3, 1)	()	0	0	major	minor	i	i, major	i		i	i	True	i	i, minor		i, minor		i	-1	-1	-1	0	0	0	True	True	True
25200	40	60	0	C	0	3	8	1	2	True	1.0	-1	129	129	211	129a	315	1/8	False	4	True			{	False	288	V7{		F	i		V7	V		7			Mm7	False	True	(1, 5, 2, -1)	()	1	1	major	minor	i	i, major	V		i	i	True	V7	V7, minor		V7, minor		V	-1	-1	-1	1	1	1	True	True	True
25220	20	82	-2	B	-1	3	8	1	1	True	1.5	-1	129	129	211	129a	1261/4	1/16	False	5	False				False	288	V7{		F	i		V7	V		7			Mm7	False	True	(1, 5, 2, -1)	()	1	1	major	minor	i	i, major	V		i	i	True	V7	V7, minor		V7, minor		V	-1	-1	-1	-1	-1	-1	True	False	False
25240	40	67	1	G	0	3	8	1	2	True	2.0	-1	129	129	211	129a	631/2	1/8	False	4	False				False	288	V7{		F	i		V7	V		7			Mm7	False	True	(1, 5, 2, -1)	()	1	1	major	minor	i	i, major	V		i	i	True	V7	V7, minor		V7, minor		V	-1	-1	-1	2	2	2	True	False	False
25240	20	80	-4	A	-1	3	8	1	1	True	2.0	-1	129	129	211	129a	631/2	1/16	False	5	False				False	288	V7{		F	i		V7	V		7			Mm7	False	True	(1, 5, 2, -1)	()	1	1	major	minor	i	i, major	V		i	i	True	V7	V7, minor		V7, minor		V	-1	-1	-1	-3	-3	-3	False	False	False
25260	20	79	1	G	0	3	8	1	1	True	2.5	-1	129	129	211	129a	1263/4	1/16	False	5	False				False	288	V7{		F	i		V7	V		7			Mm7	False	True	(1, 5, 2, -1)	()	1	1	major	minor	i	i, major	V		i	i	True	V7	V7, minor		V7, minor		V	-1	-1	-1	2	2	2	True	False	False
25280	40	70	-2	B	-1	3	8	1	2	True	3.0	-1	129	129	211	129a	316	1/8	False	4	False				False	288	V7{		F	i		V7	V		7			Mm7	False	True	(1, 5, 2, -1)	()	1	1	major	minor	i	i, major	V		i	i	True	V7	V7, minor		V7, minor		V	-1	-1	-1	-1	-1	-1	True	False	False
25280	20	77	-1	F	0	3	8	1	1	True	3.0	-1	129	129	211	129a	316	1/16	False	5	False				False	288	V7{		F	i		V7	V		7			Mm7	False	True	(1, 5, 2, -1)	()	1	1	major	minor	i	i, major	V		i	i	True	V7	V7, minor		V7, minor		V	-1	-1	-1	0	0	0	False	False	False
25300	20	76	4	E	0	3	8	1	1	True	3.5	-1	129	129	211	129a	1265/4	1/16	False	5	False				False	288	V7{		F	i		V7	V		7			Mm7	False	True	(1, 5, 2, -1)	()	1	1	major	minor	i	i, major	V		i	i	True	V7	V7, minor		V7, minor		V	-1	-1	-1	5	5	5	True	False	False
25320	20	68	-4	A	-1	3	8	1	2	True	1.0	-1	130	130	212	130a	633/2	1/16	False	4	True				False	289	i		F	i		i	i					m	False	True	(0, -3, 1)	()	0	0	major	minor	i	i, major	i		i	i	True	i	i, minor		i, minor		i	-1	-1	-1	-3	-3	-3	True	False	False
25320	40	77	-1	F	0	3	8	1	1	True	1.0	-1	130	130	212	130a	633/2	1/8	False	5	True				False	289	i		F	i		i	i					m	False	True	(0, -3, 1)	()	0	0	major	minor	i	i, major	i		i	i	True	i	i, minor		i, minor		i	-1	-1	-1	0	0	0	True	True	True
25340	20	67	1	G	0	3	8	1	2	True	1.5	-1	130	130	212	130a	1267/4	1/16	False	4	False				False	289	i		F	i		i	i					m	False	True	(0, -3, 1)	()	0	0	major	minor	i	i, major	i		i	i	True	i	i, minor		i, minor		i	-1	-1	-1	2	2	2	False	False	False
25360	20	65	-1	F	0	3	8	1	2	True	2.0	-1	130	130	212	130a	317	1/16	False	4	False				False	289	i		F	i		i	i					m	False	True	(0, -3, 1)	()	0	0	major	minor	i	i, major	i		i	i	True	i	i, minor		i, minor		i	-1	-1	-1	0	0	0	True	True	True
25360	40	77	-1	F	0	3	8	1	1	True	2.0	-1	130	130	212	130a	317	1/8	False	5	False				False	289	i		F	i		i	i					m	False	True	(0, -3, 1)	()	0	0	major	minor	i	i, major	i		i	i	True	i	i, minor		i, minor		i	-1	-1	-1	0	0	0	True	True	True
25380	20	64	4	E	0	3	8	1	2	True	2.5	-1	130	130	212	130a	1269/4	1/16	False	4	False				False	289	i		F	i		i	i					m	False	True	(0, -3, 1)	()	0	0	major	minor	i	i, major	i		i	i	True	i	i, minor		i, minor		i	-1	-1	-1	5	5	5	False	False	False
25400	20	65	-1	F	0	3	8	1	2	True	3.0	-1	130	130	212	130a	635/2	1/16	False	4	False				False	289	i		F	i		i	i					m	False	True	(0, -3, 1)	()	0	0	major	minor	i	i, major	i		i	i	True	i	i, minor		i, minor		i	-1	-1	-1	0	0	0	True	True	True
25400	40	77	-1	F	0	3	8	1	1	True	3.0	-1	130	130	212	130a	635/2	1/8	False	5	False				False	289	i		F	i		i	i					m	False	True	(0, -3, 1)	()	0	0	major	minor	i	i, major	i		i	i	True	i	i, minor		i, minor		i	-1	-1	-1	0	0	0	True	True	True
25420	20	61	-5	D	-1	3	8	1	2	True	3.5	-1	130	130	212	130a	1271/4	1/16	False	4	False				False	289	i		F	i		i	i					m	False	True	(0, -3, 1)	()	0	0	major	minor	i	i, major	i		i	i	True	i	i, minor		i, minor		i	-1	-1	-1	-4	-4	-4	False	False	False
25440	40	60	0	C	0	3	8	1	2	True	1.0	-1	131	131	213	131a	318	1/8	False	4	True				False	290	V7		F	i		V7	V		7			Mm7	False	True	(1, 5, 2, -1)	()	1	1	major	minor	i	i, major	V		i	i	True	V7	V7, minor		V7, minor		V	-1	-1	-1	1	1	1	True	True	True
25460	20	82	-2	B	-1	3	8	1	1	True	1.5	-1	131	131	213	131a	1273/4	1/16	False	5	False				False	290	V7		F	i		V7	V		7			Mm7	False	True	(1, 5, 2, -1)	()	1	1	major	minor	i	i, major	V		i	i	True	V7	V7, minor		V7, minor		V	-1	-1	-1	-1	-1	-1	True	False	False
25480	40	67	1	G	0	3	8	1	2	True	2.0	-1	131	131	213	131a	637/2	1/8	False	4	False				False	290	V7		F	i		V7	V		7			Mm7	False	True	(1, 5, 2, -1)	()	1	1	major	minor	i	i, major	V		i	i	True	V7	V7, minor		V7, minor		V	-1	-1	-1	2	2	2	True	False	False
25480	20	80	-4	A	-1	3	8	1	1	True	2.0	-1	131	131	213	131a	637/2	1/16	False	5	False				False	290	V7		F	i		V7	V		7			Mm7	False	True	(1, 5, 2, -1)	()	1	1	major	minor	i	i, major	V		i	i	True	V7	V7, minor		V7, minor		V	-1	-1	-1	-3	-3	-3	False	False	False
25500	20	79	1	G	0	3	8	1	1	True	2.5	-1	131	131	213	131a	1275/4	1/16	False	5	False				False	290	V7		F	i		V7	V		7			Mm7	False	True	(1, 5, 2, -1)	()	1	1	major	minor	i	i, major	V		i	i	True	V7	V7, minor		V7, minor		V	-1	-1	-1	2	2	2	True	False	False
25520	40	70	-2	B	-1	3	8	1	2	True	3.0	-1	131	131	213	131a	319	1/8	False	4	False				False	290	V7		F	i		V7	V		7			Mm7	False	True	(1, 5, 2, -1)	()	1	1	major	minor	i	i, major	V		i	i	True	V7	V7, minor		V7, minor		V	-1	-1	-1	-1	-1	-1	True	False	False
25520	20	77	-1	F	0	3	8	1	1	True	3.0	-1	131	131	213	131a	319	1/16	False	5	False				False	290	V7		F	i		V7	V		7			Mm7	False	True	(1, 5, 2, -1)	()	1	1	major	minor	i	i, major	V		i	i	True	V7	V7, minor		V7, minor		V	-1	-1	-1	0	0	0	False	False	False
25540	20	76	4	E	0	3	8	1	1	True	3.5	-1	131	131	213	131a	1277/4	1/16	False	5	False				False	290	V7		F	i		V7	V		7			Mm7	False	True	(1, 5, 2, -1)	()	1	1	major	minor	i	i, major	V		i	i	True	V7	V7, minor		V7, minor		V	-1	-1	-1	5	5	5	True	False	False
25560	20	68	-4	A	-1	3	8	1	2	True	1.0	-1	132	132	214	132a	639/2	1/16	False	4	True				False	291	i		F	i		i	i					m	False	True	(0, -3, 1)	()	0	0	major	minor	i	i, major	i		i	i	True	i	i, minor		i, minor		i	-1	-1	-1	-3	-3	-3	True	False	False
25560	40	77	-1	F	0	3	8	1	1	True	1.0	-1	132	132	214	132a	639/2	1/8	False	5	True				False	291	i		F	i		i	i					m	False	True	(0, -3, 1)	()	0	0	major	minor	i	i, major	i		i	i	True	i	i, minor		i, minor		i	-1	-1	-1	0	0	0	True	True	True
25580	20	67	1	G	0	3	8	1	2	True	1.5	-1	132	132	214	132a	1279/4	1/16	False	4	False				False	291	i		F	i		i	i					m	False	True	(0, -3, 1)	()	0	0	major	minor	i	i, major	i		i	i	True	i	i, minor		i, minor		i	-1	-1	-1	2	2	2	False	False	False
25600	20	65	-1	F	0	3	8	1	2	True	2.0	-1	132	132	214	132a	320	1/16	False	4	False				False	291	i		F	i		i	i					m	False	True	(0, -3, 1)	()	0	0	major	minor	i	i, major	i		i	i	True	i	i, minor		i, minor		i	-1	-1	-1	0	0	0	True	True	True
25600	40	77	-1	F	0	3	8	1	1	True	2.0	-1	132	132	214	132a	320	1/8	False	5	False				False	291	i		F	i		i	i					m	False	True	(0, -3, 1)	()	0	0	major	minor	i	i, major	i		i	i	True	i	i, minor		i, minor		i	-1	-1	-1	0	0	0	True	True	True
25620	20	64	4	E	0	3	8	1	2	True	2.5	-1	132	132	214	132a	1281/4	1/16	False	4	False				False	291	i		F	i		i	i					m	False	True	(0, -3, 1)	()	0	0	major	minor	i	i, major	i		i	i	True	i	i, minor		i, minor		i	-1	-1	-1	5	5	5	False	False	False
25640	20	65	-1	F	0	3	8	1	2	True	3.0	-1	132	132	214	132a	641/2	1/16	False	4	False				False	291	i		F	i		i	i					m	False	True	(0, -3, 1)	()	0	0	major	minor	i	i, major	i		i	i	True	i	i, minor		i, minor		i	-1	-1	-1	0	0	0	True	True	True
25640	40	77	-1	F	0	3	8	1	1	True	3.0	-1	132	132	214	132a	641/2	1/8	False	5	False				False	291	i		F	i		i	i					m	False	True	(0, -3, 1)	()	0	0	major	minor	i	i, major	i		i	i	True	i	i, minor		i, minor		i	-1	-1	-1	0	0	0	True	True	True
25660	20	61	-5	D	-1	3	8	1	2	True	3.5	-1	132	132	214	132a	1283/4	1/16	False	4	False				False	291	i		F	i		i	i					m	False	True	(0, -3, 1)	()	0	0	major	minor	i	i, major	i		i	i	True	i	i, minor		i, minor		i	-1	-1	-1	-4	-4	-4	False	False	False
25680	40	60	0	C	0	3	8	1	2	True	1.0	-1	133	133	215	133a	321	1/8	False	4	True				False	292	V7		F	i		V7	V		7			Mm7	False	True	(1, 5, 2, -1)	()	1	1	major	minor	i	i, major	V		i	i	True	V7	V7, minor		V7, minor		V	-1	-1	-1	1	1	1	True	True	True
25700	20	85	-5	D	-1	3	8	1	1	True	1.5	-1	133	133	215	133a	1285/4	1/16	False	6	False				False	292	V7		F	i		V7	V		7			Mm7	False	True	(1, 5, 2, -1)	()	1	1	major	minor	i	i, major	V		i	i	True	V7	V7, minor		V7, minor		V	-1	-1	-1	-4	-4	-4	False	False	False
25720	40	67	1	G	0	3	8	1	2	True	2.0	-1	133	133	215	133a	643/2	1/8	False	4	False				False	292	V7		F	i		V7	V		7			Mm7	False	True	(1, 5, 2, -1)	()	1	1	major	minor	i	i, major	V		i	i	True	V7	V7, minor		V7, minor		V	-1	-1	-1	2	2	2	True	False	False
25720	20	84	0	C	0	3	8	1	1	True	2.0	-1	133	133	215	133a	643/2	1/16	False	6	False				False	292	V7		F	i		V7	V		7			Mm7	False	True	(1, 5, 2, -1)	()	1	1	major	minor	i	i, major	V		i	i	True	V7	V7, minor		V7, minor		V	-1	-1	-1	1	1	1	True	True	True
25740	20	82	-2	B	-1	3	8	1	1	True	2.5	-1	133	133	215	133a	1287/4	1/16	False	5	False				False	292	V7		F	i		V7	V		7			Mm7	False	True	(1, 5, 2, -1)	()	1	1	major	minor	i	i, major	V		i	i	True	V7	V7, minor		V7, minor		V	-1	-1	-1	-1	-1	-1	True	False	False
25760	40	70	-2	B	-1	3	8	1	2	True	3.0	-1	133	133	215	133a	322	1/8	False	4	False				False	292	V7		F	i		V7	V		7			Mm7	False	True	(1, 5, 2, -1)	()	1	1	major	minor	i	i, major	V		i	i	True	V7	V7, minor		V7, minor		V	-1	-1	-1	-1	-1	-1	True	False	False
25760	20	80	-4	A	-1	3	8	1	1	True	3.0	-1	133	133	215	133a	322	1/16	False	5	False				False	292	V7		F	i		V7	V		7			Mm7	False	True	(1, 5, 2, -1)	()	1	1	major	minor	i	i, major	V		i	i	True	V7	V7, minor		V7, minor		V	-1	-1	-1	-3	-3	-3	False	False	False
25780	20	79	1	G	0	3	8	1	1	True	3.5	-1	133	133	215	133a	1289/4	1/16	False	5	False				False	292	V7		F	i		V7	V		7			Mm7	False	True	(1, 5, 2, -1)	()	1	1	major	minor	i	i, major	V		i	i	True	V7	V7, minor		V7, minor		V	-1	-1	-1	2	2	2	True	False	False
25800	20	68	-4	A	-1	3	8	1	2	True	1.0	-1	134	134	216	134a	645/2	1/16	False	4	True				False	293	i6		F	i		i6	i		6			m	False	True	(-3, 1, 0)	()	0	-3	major	minor	i	i, major	i		i	i	True	i6	i6, minor		i6, minor		i	-1	-1	-1	-3	-3	-3	True	False	True
25800	60	77	-1	F	0	3	8	1	1	True	1.0	-1	134	134	216	134a	645/2	3/16	False	5	True				False	293	i6		F	i		i6	i		6			m	False	True	(-3, 1, 0)	()	0	-3	major	minor	i	i, major	i		i	i	True	i6	i6, minor		i6, minor		i	-1	-1	-1	0	0	0	True	True	False
25820	20	67	1	G	0	3	8	1	2	True	1.5	-1	134	134	216	134a	1291/4	1/16	False	4	False				False	293	i6		F	i		i6	i		6			m	False	True	(-3, 1, 0)	()	0	-3	major	minor	i	i, major	i		i	i	True	i6	i6, minor		i6, minor		i	-1	-1	-1	2	2	2	False	False	False
25840	20	68	-4	A	-1	3	8	1	2	True	2.0	-1	134	134	216	134a	323	1/16	False	4	False				False	293	i6		F	i		i6	i		6			m	False	True	(-3, 1, 0)	()	0	-3	major	minor	i	i, major	i		i	i	True	i6	i6, minor		i6, minor		i	-1	-1	-1	-3	-3	-3	True	False	True
25860	20	70	-2	B	-1	3	8	1	2	True	2.5	-1	134	134	216	134a	1293/4	1/16	False	4	False				False	293	i6		F	i		i6	i		6			m	False	True	(-3, 1, 0)	()	0	-3	major	minor	i	i, major	i		i	i	True	i6	i6, minor		i6, minor		i	-1	-1	-1	-1	-1	-1	False	False	False
25860	20	79	1	G	0	3	8	1	1	True	2.5	-1	134	134	216	134a	1293/4	1/16	False	5	False				False	293	i6		F	i		i6	i		6			m	False	True	(-3, 1, 0)	()	0	-3	major	minor	i	i, major	i		i	i	True	i6	i6, minor		i6, minor		i	-1	-1	-1	2	2	2	False	False	False
25880	20	72	0	C	0	3	8	1	2	True	3.0	-1	134	134	216	134a	647/2	1/16	False	5	False				False	293	i6		F	i		i6	i		6			m	False	True	(-3, 1, 0)	()	0	-3	major	minor	i	i, major	i		i	i	True	i6	i6, minor		i6, minor		i	-1	-1	-1	1	1	1	True	False	False
25880	40	80	-4	A	-1	3	8	1	1	True	3.0	-1	134	134	216	134a	647/2	1/8	False	5	False				False	293	i6		F	i		i6	i		6			m	False	True	(-3, 1, 0)	()	0	-3	major	minor	i	i, major	i		i	i	True	i6	i6, minor		i6, minor		i	-1	-1	-1	-3	-3	-3	True	False	True
25900	20	65	-1	F	0	3	8	1	2	True	3.5	-1	134	134	216	134a	1295/4	1/16	False	4	False				False	293	i6		F	i		i6	i		6			m	False	True	(-3, 1, 0)	()	0	-3	major	minor	i	i, major	i		i	i	True	i6	i6, minor		i6, minor		i	-1	-1	-1	0	0	0	True	True	False
25920	40	58	-2	B	-1	3	8	2	1	True	1.0	-1	135	135	217	135a	324	1/8	False	3	True				False	294	iio6		F	i		iio6	ii	o	6			o	False	True	(-1, -4, 2)	()	2	-1	major	minor	i	i, major	ii		i	i	True	iio6	iio6, minor		iio6, minor		ii	-1	-1	-1	-1	-1	-1	True	False	True
25920	20	67	1	G	0	3	8	1	1	True	1.0	-1	135	135	217	135a	324	1/16	False	4	True				False	294	iio6		F	i		iio6	ii	o	6			o	False	True	(-1, -4, 2)	()	2	-1	major	minor	i	i, major	ii		i	i	True	iio6	iio6, minor		iio6, minor		ii	-1	-1	-1	2	2	2	True	True	False
25940	20	70	-2	B	-1	3	8	1	1	True	1.5	-1	135	135	217	135a	1297/4	1/16	False	4	False				False	294	iio6		F	i		iio6	ii	o	6			o	False	True	(-1, -4, 2)	()	2	-1	major	minor	i	i, major	ii		i	i	True	iio6	iio6, minor		iio6, minor		ii	-1	-1	-1	-1	-1	-1	True	False	True
25960	40	60	0	C	0	3	8	2	1	True	2.0	-1	135	135	217	135a	649/2	1/8	False	4	True				False	295	V(64)		F	i		V(64)	V			64		M	False	True	(1, 0, -3)	()	1	1	major	minor	i	i, major	V		i	i	True	V	V, minor		V(64), minor		V	-1	-1	-1	1	1	1	True	True	True
25960	20	68	-4	A	-1	3	8	1	1	True	2.0	-1	135	135	217	135a	649/2	1/16	False	4	True				False	295	V(64)		F	i		V(64)	V			64		M	False	True	(1, 0, -3)	()	1	1	major	minor	i	i, major	V		i	i	True	V	V, minor		V(64), minor		V	-1	-1	-1	-3	-3	-3	True	False	False
25980	20	67	1	G	0	3	8	1	1	True	2.5	-1	135	135	217	135a	1299/4	1/16	False	4	False				False	295	V(64)		F	i		V(64)	V			64		M	False	True	(1, 0, -3)	()	1	1	major	minor	i	i, major	V		i	i	True	V	V, minor		V(64), minor		V	-1	-1	-1	2	2	2	False	False	False
26000	40	48	0	C	0	3	8	2	1	True	3.0	-1	135	135	217	135a	325	1/8	False	3	True				False	296	V		F	i		V	V					M	False	True	(1, 5, 2)	()	1	1	major	minor	i	i, major	V		i	i	True	V	V, minor		V, minor		V	-1	-1	-1	1	1	1	True	True	True
26000	20	65	-1	F	0	3	8	1	1	True	3.0	-1	135	135	217	135a	325	1/16	False	4	True				False	296	V		F	i		V	V					M	False	True	(1, 5, 2)	()	1	1	major	minor	i	i, major	V		i	i	True	V	V, minor		V, minor		V	-1	-1	-1	0	0	0	False	False	False
26020	20	64	4	E	0	3	8	1	1	True	3.5	-1	135	135	217	135a	1301/4	1/16	False	4	False				False	296	V		F	i		V	V					M	False	True	(1, 5, 2)	()	1	1	major	minor	i	i, major	V		i	i	True	V	V, minor		V, minor		V	-1	-1	-1	5	5	5	True	False	False
26040	60	53	-1	F	0	3	8	2	1	True	1.0	-1	136	136	218	136a	651/2	3/16	False	3	True	PAC	PAC	}{	True	297	I.I|PAC}{		F	I		I	I					M	False	False	(0, 4, 1)	()	0	0	major	major	I	I, major	I		I	I	False	I	I, major		I, major		I	-1	-1	-1	0	0	0	True	True	True
26060	20	72	0	C	0	3	8	1	1	True	1.5	-1	136	136	218	136a	1303/4	1/16	False	5	False				False	297	I.I|PAC}{		F	I		I	I					M	False	False	(0, 4, 1)	()	0	0	major	major	I	I, major	I		I	I	False	I	I, major		I, major		I	-1	-1	-1	1	1	1	True	False	False
26080	80	72	0	C	0	3	8	1	1	False	2.0	-1	136	136	218	136a	326	1/4	False	5	False				False	297	I.I|PAC}{		F	I		I	I					M	False	False	(0, 4, 1)	()	0	0	major	major	I	I, major	I		I	I	False	I	I, major		I, major		I	-1	-1	-1	1	1	1	True	False	False
26080	80	81	3	A	0	3	8	1	1	True	2.0	-1	136	136	218	136a	326	1/4	False	5	False				False	297	I.I|PAC}{		F	I		I	I					M	False	False	(0, 4, 1)	()	0	0	major	major	I	I, major	I		I	I	False	I	I, major		I, major		I	-1	-1	-1	4	4	4	True	False	False
26100	20	53	-1	F	0	3	8	2	1	True	2.5	-1	136	136	218	136a	1305/4	1/16	False	3	False				False	297	I.I|PAC}{		F	I		I	I					M	False	False	(0, 4, 1)	()	0	0	major	major	I	I, major	I		I	I	False	I	I, major		I, major		I	-1	-1	-1	0	0	0	True	True	True
26100	20	65	-1	F	0	3	8	2	1	True	2.5	-1	136	136	218	136a	1305/4	1/16	False	4	False				False	297	I.I|PAC}{		F	I		I	I					M	False	False	(0, 4, 1)	()	0	0	major	major	I	I, major	I		I	I	False	I	I, major		I, major		I	-1	-1	-1	0	0	0	True	True	True
26120	20	48	0	C	0	3	8	2	1	True	3.0	-1	136	136	218	136a	653/2	1/16	False	3	False				False	297	I.I|PAC}{		F	I		I	I					M	False	False	(0, 4, 1)	()	0	0	major	major	I	I, major	I		I	I	False	I	I, major		I, major		I	-1	-1	-1	1	1	1	True	False	False
26120	20	60	0	C	0	3	8	2	1	True	3.0	-1	136	136	218	136a	653/2	1/16	False	4	False				False	297	I.I|PAC}{		F	I		I	I					M	False	False	(0, 4, 1)	()	0	0	major	major	I	I, major	I		I	I	False	I	I, major		I, major		I	-1	-1	-1	1	1	1	True	False	False
26140	20	45	3	A	0	3	8	2	1	True	3.5	-1	136	136	218	136a	1307/4	1/16	False	2	False				False	297	I.I|PAC}{		F	I		I	I					M	False	False	(0, 4, 1)	()	0	0	major	major	I	I, major	I		I	I	False	I	I, major		I, major		I	-1	-1	-1	4	4	4	True	False	False
26140	20	57	3	A	0	3	8	2	1	True	3.5	-1	136	136	218	136a	1307/4	1/16	False	3	False				False	297	I.I|PAC}{		F	I		I	I					M	False	False	(0, 4, 1)	()	0	0	major	major	I	I, major	I		I	I	False	I	I, major		I, major		I	-1	-1	-1	4	4	4	True	False	False
26160	60	41	-1	F	0	3	8	2	1	True	1.0	-1	137	137	219	137a	327	3/16	False	2	False				False	297	I.I|PAC}{		F	I		I	I					M	False	False	(0, 4, 1)	()	0	0	major	major	I	I, major	I		I	I	False	I	I, major		I, major		I	-1	-1	-1	0	0	0	True	True	True
26160	60	53	-1	F	0	3	8	2	1	True	1.0	-1	137	137	219	137a	327	3/16	False	3	False				False	297	I.I|PAC}{		F	I		I	I					M	False	False	(0, 4, 1)	()	0	0	major	major	I	I, major	I		I	I	False	I	I, major		I, major		I	-1	-1	-1	0	0	0	True	True	True
26160	20	72	0	C	0	3	8	1	1	False	1.0	-1	137	137	219	137a	327	1/16	False	5	False				False	297	I.I|PAC}{		F	I		I	I					M	False	False	(0, 4, 1)	()	0	0	major	major	I	I, major	I		I	I	False	I	I, major		I, major		I	-1	-1	-1	1	1	1	True	False	False
26160	20	81	3	A	0	3	8	1	1	False	1.0	-1	137	137	219	137a	327	1/16	False	5	False				False	297	I.I|PAC}{		F	I		I	I					M	False	False	(0, 4, 1)	()	0	0	major	major	I	I, major	I		I	I	False	I	I, major		I, major		I	-1	-1	-1	4	4	4	True	False	False
26180	20	74	2	D	0	3	8	1	1	True	1.5	-1	137	137	219	137a	1309/4	1/16	False	5	False				False	297	I.I|PAC}{		F	I		I	I					M	False	False	(0, 4, 1)	()	0	0	major	major	I	I, major	I		I	I	False	I	I, major		I, major		I	-1	-1	-1	3	3	3	False	False	False
26180	20	82	-2	B	-1	3	8	1	1	True	1.5	-1	137	137	219	137a	1309/4	1/16	False	5	False				False	297	I.I|PAC}{		F	I		I	I					M	False	False	(0, 4, 1)	()	0	0	major	major	I	I, major	I		I	I	False	I	I, major		I, major		I	-1	-1	-1	-1	-1	-1	False	False	False
26200	40	72	0	C	0	3	8	1	1	True	2.0	-1	137	137	219	137a	655/2	1/8	False	5	False				False	297	I.I|PAC}{		F	I		I	I					M	False	False	(0, 4, 1)	()	0	0	major	major	I	I, major	I		I	I	False	I	I, major		I, major		I	-1	-1	-1	1	1	1	True	False	False
26200	40	81	3	A	0	3	8	1	1	True	2.0	-1	137	137	219	137a	655/2	1/8	False	5	False				False	297	I.I|PAC}{		F	I		I	I					M	False	False	(0, 4, 1)	()	0	0	major	major	I	I, major	I		I	I	False	I	I, major		I, major		I	-1	-1	-1	4	4	4	True	False	False
26220	20	53	-1	F	0	3	8	2	1	True	2.5	-1	137	137	219	137a	1311/4	1/16	False	3	False				False	297	I.I|PAC}{		F	I		I	I					M	False	False	(0, 4, 1)	()	0	0	major	major	I	I, major	I		I	I	False	I	I, major		I, major		I	-1	-1	-1	0	0	0	True	True	True
26220	20	65	-1	F	0	3	8	2	1	True	2.5	-1	137	137	219	137a	1311/4	1/16	False	4	False				False	297	I.I|PAC}{		F	I		I	I					M	False	False	(0, 4, 1)	()	0	0	major	major	I	I, major	I		I	I	False	I	I, major		I, major		I	-1	-1	-1	0	0	0	True	True	True
26240	20	48	0	C	0	3	8	2	1	True	3.0	-1	137	137	219	137a	328	1/16	False	3	False				False	297	I.I|PAC}{		F	I		I	I					M	False	False	(0, 4, 1)	()	0	0	major	major	I	I, major	I		I	I	False	I	I, major		I, major		I	-1	-1	-1	1	1	1	True	False	False
26240	20	60	0	C	0	3	8	2	1	True	3.0	-1	137	137	219	137a	328	1/16	False	4	False				False	297	I.I|PAC}{		F	I		I	I					M	False	False	(0, 4, 1)	()	0	0	major	major	I	I, major	I		I	I	False	I	I, major		I, major		I	-1	-1	-1	1	1	1	True	False	False
26240	40	72	0	C	0	3	8	1	1	True	3.0	-1	137	137	219	137a	328	1/8	False	5	False				False	297	I.I|PAC}{		F	I		I	I					M	False	False	(0, 4, 1)	()	0	0	major	major	I	I, major	I		I	I	False	I	I, major		I, major		I	-1	-1	-1	1	1	1	True	False	False
26240	40	81	3	A	0	3	8	1	1	True	3.0	-1	137	137	219	137a	328	1/8	False	5	False				False	297	I.I|PAC}{		F	I		I	I					M	False	False	(0, 4, 1)	()	0	0	major	major	I	I, major	I		I	I	False	I	I, major		I, major		I	-1	-1	-1	4	4	4	True	False	False
26260	20	45	3	A	0	3	8	2	1	True	3.5	-1	137	137	219	137a	1313/4	1/16	False	2	False				False	297	I.I|PAC}{		F	I		I	I					M	False	False	(0, 4, 1)	()	0	0	major	major	I	I, major	I		I	I	False	I	I, major		I, major		I	-1	-1	-1	4	4	4	True	False	False
26260	20	57	3	A	0	3	8	2	1	True	3.5	-1	137	137	219	137a	1313/4	1/16	False	3	False				False	297	I.I|PAC}{		F	I		I	I					M	False	False	(0, 4, 1)	()	0	0	major	major	I	I, major	I		I	I	False	I	I, major		I, major		I	-1	-1	-1	4	4	4	True	False	False
26280	60	41	-1	F	0	3	8	2	1	True	1.0	-1	138	138	220	138a	657/2	3/16	False	2	False				False	297	I.I|PAC}{		F	I		I	I					M	False	False	(0, 4, 1)	()	0	0	major	major	I	I, major	I		I	I	False	I	I, major		I, major		I	-1	-1	-1	0	0	0	True	True	True
26280	60	53	-1	F	0	3	8	2	1	True	1.0	-1	138	138	220	138a	657/2	3/16	False	3	False				False	297	I.I|PAC}{		F	I		I	I					M	False	False	(0, 4, 1)	()	0	0	major	major	I	I, major	I		I	I	False	I	I, major		I, major		I	-1	-1	-1	0	0	0	True	True	True
26280	20	72	0	C	0	3	8	1	1	False	1.0	-1	138	138	220	138a	657/2	1/16	False	5	False				False	297	I.I|PAC}{		F	I		I	I					M	False	False	(0, 4, 1)	()	0	0	major	major	I	I, major	I		I	I	False	I	I, major		I, major		I	-1	-1	-1	1	1	1	True	False	False
26280	20	81	3	A	0	3	8	1	1	False	1.0	-1	138	138	220	138a	657/2	1/16	False	5	False				False	297	I.I|PAC}{		F	I		I	I					M	False	False	(0, 4, 1)	()	0	0	major	major	I	I, major	I		I	I	False	I	I, major		I, major		I	-1	-1	-1	4	4	4	True	False	False
26300	20	79	1	G	0	3	8	1	1	True	1.5	-1	138	138	220	138a	1315/4	1/16	False	5	False				False	297	I.I|PAC}{		F	I		I	I					M	False	False	(0, 4, 1)	()	0	0	major	major	I	I, major	I		I	I	False	I	I, major		I, major		I	-1	-1	-1	2	2	2	False	False	False
26300	20	82	-2	B	-1	3	8	1	1	True	1.5	-1	138	138	220	138a	1315/4	1/16	False	5	False				False	297	I.I|PAC}{		F	I		I	I					M	False	False	(0, 4, 1)	()	0	0	major	major	I	I, major	I		I	I	False	I	I, major		I, major		I	-1	-1	-1	-1	-1	-1	False	False	False
26320	40	81	3	A	0	3	8	1	1	True	2.0	-1	138	138	220	138a	329	1/8	False	5	False				False	297	I.I|PAC}{		F	I		I	I					M	False	False	(0, 4, 1)	()	0	0	major	major	I	I, major	I		I	I	False	I	I, major		I, major		I	-1	-1	-1	4	4	4	True	False	False
26320	40	84	0	C	0	3	8	1	1	True	2.0	-1	138	138	220	138a	329	1/8	False	6	False				False	297	I.I|PAC}{		F	I		I	I					M	False	False	(0, 4, 1)	()	0	0	major	major	I	I, major	I		I	I	False	I	I, major		I, major		I	-1	-1	-1	1	1	1	True	False	False
26340	20	57	3	A	0	3	8	2	1	True	2.5	-1	138	138	220	138a	1317/4	1/16	False	3	False				False	297	I.I|PAC}{		F	I		I	I					M	False	False	(0, 4, 1)	()	0	0	major	major	I	I, major	I		I	I	False	I	I, major		I, major		I	-1	-1	-1	4	4	4	True	False	False
26340	20	69	3	A	0	3	8	2	1	True	2.5	-1	138	138	220	138a	1317/4	1/16	False	4	False				False	297	I.I|PAC}{		F	I		I	I					M	False	False	(0, 4, 1)	()	0	0	major	major	I	I, major	I		I	I	False	I	I, major		I, major		I	-1	-1	-1	4	4	4	True	False	False
26360	20	53	-1	F	0	3	8	2	1	True	3.0	-1	138	138	220	138a	659/2	1/16	False	3	False				False	297	I.I|PAC}{		F	I		I	I					M	False	False	(0, 4, 1)	()	0	0	major	major	I	I, major	I		I	I	False	I	I, major		I, major		I	-1	-1	-1	0	0	0	True	True	True
26360	20	65	-1	F	0	3	8	2	1	True	3.0	-1	138	138	220	138a	659/2	1/16	False	4	False				False	297	I.I|PAC}{		F	I		I	I					M	False	False	(0, 4, 1)	()	0	0	major	major	I	I, major	I		I	I	False	I	I, major		I, major		I	-1	-1	-1	0	0	0	True	True	True
26360	40	81	3	A	0	3	8	1	1	True	3.0	-1	138	138	220	138a	659/2	1/8	False	5	False				False	297	I.I|PAC}{		F	I		I	I					M	False	False	(0, 4, 1)	()	0	0	major	major	I	I, major	I		I	I	False	I	I, major		I, major		I	-1	-1	-1	4	4	4	True	False	False
26360	40	84	0	C	0	3	8	1	1	True	3.0	-1	138	138	220	138a	659/2	1/8	False	6	False				False	297	I.I|PAC}{		F	I		I	I					M	False	False	(0, 4, 1)	()	0	0	major	major	I	I, major	I		I	I	False	I	I, major		I, major		I	-1	-1	-1	1	1	1	True	False	False
26380	20	48	0	C	0	3	8	2	1	True	3.5	-1	138	138	220	138a	1319/4	1/16	False	3	False				False	297	I.I|PAC}{		F	I		I	I					M	False	False	(0, 4, 1)	()	0	0	major	major	I	I, major	I		I	I	False	I	I, major		I, major		I	-1	-1	-1	1	1	1	True	False	False
26380	20	60	0	C	0	3	8	2	1	True	3.5	-1	138	138	220	138a	1319/4	1/16	False	4	False				False	297	I.I|PAC}{		F	I		I	I					M	False	False	(0, 4, 1)	()	0	0	major	major	I	I, major	I		I	I	False	I	I, major		I, major		I	-1	-1	-1	1	1	1	True	False	False
26400	60	45	3	A	0	3	8	2	1	True	1.0	-1	139	139	221	139a	330	3/16	False	2	True				False	298	I6		F	I		I6	I		6			M	False	False	(4, 1, 0)	()	0	4	major	major	I	I, major	I		I	I	False	I6	I6, major		I6, major		I	-1	-1	-1	4	4	4	True	False	True
26400	60	57	3	A	0	3	8	2	1	True	1.0	-1	139	139	221	139a	330	3/16	False	3	True				False	298	I6		F	I		I6	I		6			M	False	False	(4, 1, 0)	()	0	4	major	major	I	I, major	I		I	I	False	I6	I6, major		I6, major		I	-1	-1	-1	4	4	4	True	False	True
26400	20	81	3	A	0	3	8	1	1	False	1.0	-1	139	139	221	139a	330	1/16	False	5	True				False	298	I6		F	I		I6	I		6			M	False	False	(4, 1, 0)	()	0	4	major	major	I	I, major	I		I	I	False	I6	I6, major		I6, major		I	-1	-1	-1	4	4	4	True	False	True
26400	20	84	0	C	0	3	8	1	1	False	1.0	-1	139	139	221	139a	330	1/16	False	6	True				False	298	I6		F	I		I6	I		6			M	False	False	(4, 1, 0)	()	0	4	major	major	I	I, major	I		I	I	False	I6	I6, major		I6, major		I	-1	-1	-1	1	1	1	True	False	False
26420	20	79	1	G	0	3	8	1	1	True	1.5	-1	139	139	221	139a	1321/4	1/16	False	5	False				False	298	I6		F	I		I6	I		6			M	False	False	(4, 1, 0)	()	0	4	major	major	I	I, major	I		I	I	False	I6	I6, major		I6, major		I	-1	-1	-1	2	2	2	False	False	False
26420	20	82	-2	B	-1	3	8	1	1	True	1.5	-1	139	139	221	139a	1321/4	1/16	False	5	False				False	298	I6		F	I		I6	I		6			M	False	False	(4, 1, 0)	()	0	4	major	major	I	I, major	I		I	I	False	I6	I6, major		I6, major		I	-1	-1	-1	-1	-1	-1	False	False	False
26440	40	81	3	A	0	3	8	1	1	True	2.0	-1	139	139	221	139a	661/2	1/8	False	5	False				False	298	I6		F	I		I6	I		6			M	False	False	(4, 1, 0)	()	0	4	major	major	I	I, major	I		I	I	False	I6	I6, major		I6, major		I	-1	-1	-1	4	4	4	True	False	True
26440	40	84	0	C	0	3	8	1	1	True	2.0	-1	139	139	221	139a	661/2	1/8	False	6	False				False	298	I6		F	I		I6	I		6			M	False	False	(4, 1, 0)	()	0	4	major	major	I	I, major	I		I	I	False	I6	I6, major		I6, major		I	-1	-1	-1	1	1	1	True	False	False
26460	20	57	3	A	0	3	8	2	1	True	2.5	-1	139	139	221	139a	1323/4	1/16	False	3	False				False	298	I6		F	I		I6	I		6			M	False	False	(4, 1, 0)	()	0	4	major	major	I	I, major	I		I	I	False	I6	I6, major		I6, major		I	-1	-1	-1	4	4	4	True	False	True
26460	20	69	3	A	0	3	8	2	1	True	2.5	-1	139	139	221	139a	1323/4	1/16	False	4	False				False	298	I6		F	I		I6	I		6			M	False	False	(4, 1, 0)	()	0	4	major	major	I	I, major	I		I	I	False	I6	I6, major		I6, major		I	-1	-1	-1	4	4	4	True	False	True
26480	20	53	-1	F	0	3	8	2	1	True	3.0	-1	139	139	221	139a	331	1/16	False	3	False				False	298	I6		F	I		I6	I		6			M	False	False	(4, 1, 0)	()	0	4	major	major	I	I, major	I		I	I	False	I6	I6, major		I6, major		I	-1	-1	-1	0	0	0	True	True	False
26480	20	65	-1	F	0	3	8	2	1	True	3.0	-1	139	139	221	139a	331	1/16	False	4	False				False	298	I6		F	I		I6	I		6			M	False	False	(4, 1, 0)	()	0	4	major	major	I	I, major	I		I	I	False	I6	I6, major		I6, major		I	-1	-1	-1	0	0	0	True	True	False
26480	40	81	3	A	0	3	8	1	1	True	3.0	-1	139	139	221	139a	331	1/8	False	5	False				False	298	I6		F	I		I6	I		6			M	False	False	(4, 1, 0)	()	0	4	major	major	I	I, major	I		I	I	False	I6	I6, major		I6, major		I	-1	-1	-1	4	4	4	True	False	True
26480	40	84	0	C	0	3	8	1	1	True	3.0	-1	139	139	221	139a	331	1/8	False	6	False				False	298	I6		F	I		I6	I		6			M	False	False	(4, 1, 0)	()	0	4	major	major	I	I, major	I		I	I	False	I6	I6, major		I6, major		I	-1	-1	-1	1	1	1	True	False	False
26500	20	48	0	C	0	3	8	2	1	True	3.5	-1	139	139	221	139a	1325/4	1/16	False	3	False				False	298	I6		F	I		I6	I		6			M	False	False	(4, 1, 0)	()	0	4	major	major	I	I, major	I		I	I	False	I6	I6, major		I6, major		I	-1	-1	-1	1	1	1	True	False	False
26500	20	60	0	C	0	3	8	2	1	True	3.5	-1	139	139	221	139a	1325/4	1/16	False	4	False				False	298	I6		F	I		I6	I		6			M	False	False	(4, 1, 0)	()	0	4	major	major	I	I, major	I		I	I	False	I6	I6, major		I6, major		I	-1	-1	-1	1	1	1	True	False	False
26520	60	45	3	A	0	3	8	2	1	True	1.0	-1	140	140	222	140a	663/2	3/16	False	2	False				False	298	I6		F	I		I6	I		6			M	False	False	(4, 1, 0)	()	0	4	major	major	I	I, major	I		I	I	False	I6	I6, major		I6, major		I	-1	-1	-1	4	4	4	True	False	True
26520	60	57	3	A	0	3	8	2	1	True	1.0	-1	140	140	222	140a	663/2	3/16	False	3	False				False	298	I6		F	I		I6	I		6			M	False	False	(4, 1, 0)	()	0	4	major	major	I	I, major	I		I	I	False	I6	I6, major		I6, major		I	-1	-1	-1	4	4	4	True	False	True
26520	20	81	3	A	0	3	8	1	1	False	1.0	-1	140	140	222	140a	663/2	1/16	False	5	False				False	298	I6		F	I		I6	I		6			M	False	False	(4, 1, 0)	()	0	4	major	major	I	I, major	I		I	I	False	I6	I6, major		I6, major		I	-1	-1	-1	4	4	4	True	False	True
26520	20	84	0	C	0	3	8	1	1	False	1.0	-1	140	140	222	140a	663/2	1/16	False	6	False				False	298	I6		F	I		I6	I		6			M	False	False	(4, 1, 0)	()	0	4	major	major	I	I, major	I		I	I	False	I6	I6, major		I6, major		I	-1	-1	-1	1	1	1	True	False	False
26540	20	79	1	G	0	3	8	1	1	True	1.5	-1	140	140	222	140a	1327/4	1/16	False	5	False				False	298	I6		F	I		I6	I		6			M	False	False	(4, 1, 0)	()	0	4	major	major	I	I, major	I		I	I	False	I6	I6, major		I6, major		I	-1	-1	-1	2	2	2	False	False	False
26540	20	82	-2	B	-1	3	8	1	1	True	1.5	-1	140	140	222	140a	1327/4	1/16	False	5	False				False	298	I6		F	I		I6	I		6			M	False	False	(4, 1, 0)	()	0	4	major	major	I	I, major	I		I	I	False	I6	I6, major		I6, major		I	-1	-1	-1	-1	-1	-1	False	False	False
26560	40	81	3	A	0	3	8	1	1	True	2.0	-1	140	140	222	140a	332	1/8	False	5	False				False	298	I6		F	I		I6	I		6			M	False	False	(4, 1, 0)	()	0	4	major	major	I	I, major	I		I	I	False	I6	I6, major		I6, major		I	-1	-1	-1	4	4	4	True	False	True
26560	40	84	0	C	0	3	8	1	1	True	2.0	-1	140	140	222	140a	332	1/8	False	6	False				False	298	I6		F	I		I6	I		6			M	False	False	(4, 1, 0)	()	0	4	major	major	I	I, major	I		I	I	False	I6	I6, major		I6, major		I	-1	-1	-1	1	1	1	True	False	False
26580	20	48	0	C	0	3	8	2	1	True	2.5	-1	140	140	222	140a	1329/4	1/16	False	3	False				False	298	I6		F	I		I6	I		6			M	False	False	(4, 1, 0)	()	0	4	major	major	I	I, major	I		I	I	False	I6	I6, major		I6, major		I	-1	-1	-1	1	1	1	True	False	False
26580	20	60	0	C	0	3	8	2	1	True	2.5	-1	140	140	222	140a	1329/4	1/16	False	4	False				False	298	I6		F	I		I6	I		6			M	False	False	(4, 1, 0)	()	0	4	major	major	I	I, major	I		I	I	False	I6	I6, major		I6, major		I	-1	-1	-1	1	1	1	True	False	False
26600	20	45	3	A	0	3	8	2	1	True	3.0	-1	140	140	222	140a	665/2	1/16	False	2	False				False	298	I6		F	I		I6	I		6			M	False	False	(4, 1, 0)	()	0	4	major	major	I	I, major	I		I	I	False	I6	I6, major		I6, major		I	-1	-1	-1	4	4	4	True	False	True
26600	20	57	3	A	0	3	8	2	1	True	3.0	-1	140	140	222	140a	665/2	1/16	False	3	False				False	298	I6		F	I		I6	I		6			M	False	False	(4, 1, 0)	()	0	4	major	major	I	I, major	I		I	I	False	I6	I6, major		I6, major		I	-1	-1	-1	4	4	4	True	False	True
26600	40	81	3	A	0	3	8	1	1	True	3.0	-1	140	140	222	140a	665/2	1/8	False	5	False				False	298	I6		F	I		I6	I		6			M	False	False	(4, 1, 0)	()	0	4	major	major	I	I, major	I		I	I	False	I6	I6, major		I6, major		I	-1	-1	-1	4	4	4	True	False	True
26600	40	84	0	C	0	3	8	1	1	True	3.0	-1	140	140	222	140a	665/2	1/8	False	6	False				False	298	I6		F	I		I6	I		6			M	False	False	(4, 1, 0)	()	0	4	major	major	I	I, major	I		I	I	False	I6	I6, major		I6, major		I	-1	-1	-1	1	1	1	True	False	False
26620	20	41	-1	F	0	3	8	2	1	True	3.5	-1	140	140	222	140a	1331/4	1/16	False	2	False				False	298	I6		F	I		I6	I		6			M	False	False	(4, 1, 0)	()	0	4	major	major	I	I, major	I		I	I	False	I6	I6, major		I6, major		I	-1	-1	-1	0	0	0	True	True	False
26620	20	53	-1	F	0	3	8	2	1	True	3.5	-1	140	140	222	140a	1331/4	1/16	False	3	False				False	298	I6		F	I		I6	I		6			M	False	False	(4, 1, 0)	()	0	4	major	major	I	I, major	I		I	I	False	I6	I6, major		I6, major		I	-1	-1	-1	0	0	0	True	True	False
26640	40	46	-2	B	-1	3	8	2	1	True	1.0	-1	141	141	223	141a	333	1/8	False	2	True				False	299	IV		F	I		IV	IV					M	False	False	(-1, 3, 0)	()	-1	-1	major	major	I	I, major	IV		I	I	False	IV	IV, major		IV, major		IV	-1	-1	-1	-1	-1	-1	True	True	True
26640	40	58	-2	B	-1	3	8	2	1	True	1.0	-1	141	141	223	141a	333	1/8	False	3	True				False	299	IV		F	I		IV	IV					M	False	False	(-1, 3, 0)	()	-1	-1	major	major	I	I, major	IV		I	I	False	IV	IV, major		IV, major		IV	-1	-1	-1	-1	-1	-1	True	True	True
26640	20	81	3	A	0	3	8	1	1	False	1.0	-1	141	141	223	141a	333	1/16	False	5	True				False	299	IV		F	I		IV	IV					M	False	False	(-1, 3, 0)	()	-1	-1	major	major	I	I, major	IV		I	I	False	IV	IV, major		IV, major		IV	-1	-1	-1	4	4	4	False	False	False
26640	20	84	0	C	0	3	8	1	1	False	1.0	-1	141	141	223	141a	333	1/16	False	6	True				False	299	IV		F	I		IV	IV					M	False	False	(-1, 3, 0)	()	-1	-1	major	major	I	I, major	IV		I	I	False	IV	IV, major		IV, major		IV	-1	-1	-1	1	1	1	False	False	False
26660	20	74	2	D	0	3	8	1	1	True	1.5	-1	141	141	223	141a	1333/4	1/16	False	5	False				False	299	IV		F	I		IV	IV					M	False	False	(-1, 3, 0)	()	-1	-1	major	major	I	I, major	IV		I	I	False	IV	IV, major		IV, major		IV	-1	-1	-1	3	3	3	True	False	False
26660	20	82	-2	B	-1	3	8	1	1	True	1.5	-1	141	141	223	141a	1333/4	1/16	False	5	False				False	299	IV		F	I		IV	IV					M	False	False	(-1, 3, 0)	()	-1	-1	major	major	I	I, major	IV		I	I	False	IV	IV, major		IV, major		IV	-1	-1	-1	-1	-1	-1	True	True	True
26680	40	48	0	C	0	3	8	2	1	True	2.0	-1	141	141	223	141a	667/2	1/8	False	3	True				False	300	V(64)		F	I		V(64)	V			64		M	False	False	(1, 0, 4)	()	1	1	major	major	I	I, major	V		I	I	False	V	V, major		V(64), major		V	-1	-1	-1	1	1	1	True	True	True
26680	40	60	0	C	0	3	8	2	1	True	2.0	-1	141	141	223	141a	667/2	1/8	False	4	True				False	300	V(64)		F	I		V(64)	V			64		M	False	False	(1, 0, 4)	()	1	1	major	major	I	I, major	V		I	I	False	V	V, major		V(64), major		V	-1	-1	-1	1	1	1	True	True	True
26680	20	72	0	C	0	3	8	1	1	True	2.0	-1	141	141	223	141a	667/2	1/16	False	5	True				False	300	V(64)		F	I		V(64)	V			64		M	False	False	(1, 0, 4)	()	1	1	major	major	I	I, major	V		I	I	False	V	V, major		V(64), major		V	-1	-1	-1	1	1	1	True	True	True
26680	20	81	3	A	0	3	8	1	1	True	2.0	-1	141	141	223	141a	667/2	1/16	False	5	True				False	300	V(64)		F	I		V(64)	V			64		M	False	False	(1, 0, 4)	()	1	1	major	major	I	I, major	V		I	I	False	V	V, major		V(64), major		V	-1	-1	-1	4	4	4	True	False	False
26700	20	70	-2	B	-1	3	8	1	1	True	2.5	-1	141	141	223	141a	1335/4	1/16	False	4	False				False	300	V(64)		F	I		V(64)	V			64		M	False	False	(1, 0, 4)	()	1	1	major	major	I	I, major	V		I	I	False	V	V, major		V(64), major		V	-1	-1	-1	-1	-1	-1	False	False	False
26700	20	79	1	G	0	3	8	1	1	True	2.5	-1	141	141	223	141a	1335/4	1/16	False	5	False				False	300	V(64)		F	I		V(64)	V			64		M	False	False	(1, 0, 4)	()	1	1	major	major	I	I, major	V		I	I	False	V	V, major		V(64), major		V	-1	-1	-1	2	2	2	False	False	False
26720	40	48	0	C	0	3	8	2	1	True	3.0	-1	141	141	223	141a	334	1/8	False	3	True				False	301	V		F	I		V	V					M	False	False	(1, 5, 2)	()	1	1	major	major	I	I, major	V		I	I	False	V	V, major		V, major		V	-1	-1	-1	1	1	1	True	True	True
26720	40	60	0	C	0	3	8	2	1	True	3.0	-1	141	141	223	141a	334	1/8	False	4	True				False	301	V		F	I		V	V					M	False	False	(1, 5, 2)	()	1	1	major	major	I	I, major	V		I	I	False	V	V, major		V, major		V	-1	-1	-1	1	1	1	True	True	True
26720	20	69	3	A	0	3	8	1	1	True	3.0	-1	141	141	223	141a	334	1/16	False	4	True				False	301	V		F	I		V	V					M	False	False	(1, 5, 2)	()	1	1	major	major	I	I, major	V		I	I	False	V	V, major		V, major		V	-1	-1	-1	4	4	4	False	False	False
26720	20	77	-1	F	0	3	8	1	1	True	3.0	-1	141	141	223	141a	334	1/16	False	5	True				False	301	V		F	I		V	V					M	False	False	(1, 5, 2)	()	1	1	major	major	I	I, major	V		I	I	False	V	V, major		V, major		V	-1	-1	-1	0	0	0	False	False	False
26740	20	67	1	G	0	3	8	1	1	True	3.5	-1	141	141	223	141a	1337/4	1/16	False	4	False				False	301	V		F	I		V	V					M	False	False	(1, 5, 2)	()	1	1	major	major	I	I, major	V		I	I	False	V	V, major		V, major		V	-1	-1	-1	2	2	2	True	False	False
26740	20	76	4	E	0	3	8	1	1	True	3.5	-1	141	141	223	141a	1337/4	1/16	False	5	False				False	301	V		F	I		V	V					M	False	False	(1, 5, 2)	()	1	1	major	major	I	I, major	V		I	I	False	V	V, major		V, major		V	-1	-1	-1	5	5	5	True	False	False
26760	60	41	-1	F	0	3	8	2	1	True	1.0	-1	142	142	224	142a	669/2	3/16	False	2	True	PAC	PAC		False	302	I|PAC		F	I		I	I					M	False	False	(0, 4, 1)	()	0	0	major	major	I	I, major	I		I	I	False	I	I, major		I, major		I	-1	-1	-1	0	0	0	True	True	True
26760	60	53	-1	F	0	3	8	2	1	True	1.0	-1	142	142	224	142a	669/2	3/16	False	3	True	PAC	PAC		False	302	I|PAC		F	I		I	I					M	False	False	(0, 4, 1)	()	0	0	major	major	I	I, major	I		I	I	False	I	I, major		I, major		I	-1	-1	-1	0	0	0	True	True	True
26760	20	69	3	A	0	3	8	1	1	True	1.0	-1	142	142	224	142a	669/2	1/16	False	4	True	PAC	PAC		False	302	I|PAC		F	I		I	I					M	False	False	(0, 4, 1)	()	0	0	major	major	I	I, major	I		I	I	False	I	I, major		I, major		I	-1	-1	-1	4	4	4	True	False	False
26760	20	77	-1	F	0	3	8	1	1	True	1.0	-1	142	142	224	142a	669/2	1/16	False	5	True	PAC	PAC		False	302	I|PAC		F	I		I	I					M	False	False	(0, 4, 1)	()	0	0	major	major	I	I, major	I		I	I	False	I	I, major		I, major		I	-1	-1	-1	0	0	0	True	True	True
26780	20	70	-2	B	-1	3	8	1	1	True	1.5	-1	142	142	224	142a	1339/4	1/16	False	4	False				False	302	I|PAC		F	I		I	I					M	False	False	(0, 4, 1)	()	0	0	major	major	I	I, major	I		I	I	False	I	I, major		I, major		I	-1	-1	-1	-1	-1	-1	False	False	False
26780	20	79	1	G	0	3	8	1	1	True	1.5	-1	142	142	224	142a	1339/4	1/16	False	5	False				False	302	I|PAC		F	I		I	I					M	False	False	(0, 4, 1)	()	0	0	major	major	I	I, major	I		I	I	False	I	I, major		I, major		I	-1	-1	-1	2	2	2	False	False	False
26800	40	72	0	C	0	3	8	1	1	True	2.0	-1	142	142	224	142a	335	1/8	False	5	False				False	302	I|PAC		F	I		I	I					M	False	False	(0, 4, 1)	()	0	0	major	major	I	I, major	I		I	I	False	I	I, major		I, major		I	-1	-1	-1	1	1	1	True	False	False
26800	40	81	3	A	0	3	8	1	1	True	2.0	-1	142	142	224	142a	335	1/8	False	5	False				False	302	I|PAC		F	I		I	I					M	False	False	(0, 4, 1)	()	0	0	major	major	I	I, major	I		I	I	False	I	I, major		I, major		I	-1	-1	-1	4	4	4	True	False	False
26820	20	53	-1	F	0	3	8	2	1	True	2.5	-1	142	142	224	142a	1341/4	1/16	False	3	False				False	302	I|PAC		F	I		I	I					M	False	False	(0, 4, 1)	()	0	0	major	major	I	I, major	I		I	I	False	I	I, major		I, major		I	-1	-1	-1	0	0	0	True	True	True
26820	20	65	-1	F	0	3	8	2	1	True	2.5	-1	142	142	224	142a	1341/4	1/16	False	4	False				False	302	I|PAC		F	I		I	I					M	False	False	(0, 4, 1)	()	0	0	major	major	I	I, major	I		I	I	False	I	I, major		I, major		I	-1	-1	-1	0	0	0	True	True	True
26840	20	48	0	C	0	3	8	2	1	True	3.0	-1	142	142	224	142a	671/2	1/16	False	3	False				False	302	I|PAC		F	I		I	I					M	False	False	(0, 4, 1)	()	0	0	major	major	I	I, major	I		I	I	False	I	I, major		I, major		I	-1	-1	-1	1	1	1	True	False	False
26840	20	60	0	C	0	3	8	2	1	True	3.0	-1	142	142	224	142a	671/2	1/16	False	4	False				False	302	I|PAC		F	I		I	I					M	False	False	(0, 4, 1)	()	0	0	major	major	I	I, major	I		I	I	False	I	I, major		I, major		I	-1	-1	-1	1	1	1	True	False	False
26840	40	72	0	C	0	3	8	1	1	True	3.0	-1	142	142	224	142a	671/2	1/8	False	5	False				False	302	I|PAC		F	I		I	I					M	False	False	(0, 4, 1)	()	0	0	major	major	I	I, major	I		I	I	False	I	I, major		I, major		I	-1	-1	-1	1	1	1	True	False	False
26840	40	81	3	A	0	3	8	1	1	True	3.0	-1	142	142	224	142a	671/2	1/8	False	5	False				False	302	I|PAC		F	I		I	I					M	False	False	(0, 4, 1)	()	0	0	major	major	I	I, major	I		I	I	False	I	I, major		I, major		I	-1	-1	-1	4	4	4	True	False	False
26860	20	45	3	A	0	3	8	2	1	True	3.5	-1	142	142	224	142a	1343/4	1/16	False	2	False				False	302	I|PAC		F	I		I	I					M	False	False	(0, 4, 1)	()	0	0	major	major	I	I, major	I		I	I	False	I	I, major		I, major		I	-1	-1	-1	4	4	4	True	False	False
26860	20	57	3	A	0	3	8	2	1	True	3.5	-1	142	142	224	142a	1343/4	1/16	False	3	False				False	302	I|PAC		F	I		I	I					M	False	False	(0, 4, 1)	()	0	0	major	major	I	I, major	I		I	I	False	I	I, major		I, major		I	-1	-1	-1	4	4	4	True	False	False
26880	60	41	-1	F	0	3	8	2	1	True	1.0	-1	143	143	225	143a	336	3/16	False	2	False				False	302	I|PAC		F	I		I	I					M	False	False	(0, 4, 1)	()	0	0	major	major	I	I, major	I		I	I	False	I	I, major		I, major		I	-1	-1	-1	0	0	0	True	True	True
26880	60	53	-1	F	0	3	8	2	1	True	1.0	-1	143	143	225	143a	336	3/16	False	3	False				False	302	I|PAC		F	I		I	I					M	False	False	(0, 4, 1)	()	0	0	major	major	I	I, major	I		I	I	False	I	I, major		I, major		I	-1	-1	-1	0	0	0	True	True	True
26880	20	72	0	C	0	3	8	1	1	False	1.0	-1	143	143	225	143a	336	1/16	False	5	False				False	302	I|PAC		F	I		I	I					M	False	False	(0, 4, 1)	()	0	0	major	major	I	I, major	I		I	I	False	I	I, major		I, major		I	-1	-1	-1	1	1	1	True	False	False
26880	20	81	3	A	0	3	8	1	1	False	1.0	-1	143	143	225	143a	336	1/16	False	5	False				False	302	I|PAC		F	I		I	I					M	False	False	(0, 4, 1)	()	0	0	major	major	I	I, major	I		I	I	False	I	I, major		I, major		I	-1	-1	-1	4	4	4	True	False	False
26900	20	74	2	D	0	3	8	1	1	True	1.5	-1	143	143	225	143a	1345/4	1/16	False	5	False				False	302	I|PAC		F	I		I	I					M	False	False	(0, 4, 1)	()	0	0	major	major	I	I, major	I		I	I	False	I	I, major		I, major		I	-1	-1	-1	3	3	3	False	False	False
26900	20	82	-2	B	-1	3	8	1	1	True	1.5	-1	143	143	225	143a	1345/4	1/16	False	5	False				False	302	I|PAC		F	I		I	I					M	False	False	(0, 4, 1)	()	0	0	major	major	I	I, major	I		I	I	False	I	I, major		I, major		I	-1	-1	-1	-1	-1	-1	False	False	False
26920	40	72	0	C	0	3	8	1	1	True	2.0	-1	143	143	225	143a	673/2	1/8	False	5	False				False	302	I|PAC		F	I		I	I					M	False	False	(0, 4, 1)	()	0	0	major	major	I	I, major	I		I	I	False	I	I, major		I, major		I	-1	-1	-1	1	1	1	True	False	False
26920	40	81	3	A	0	3	8	1	1	True	2.0	-1	143	143	225	143a	673/2	1/8	False	5	False				False	302	I|PAC		F	I		I	I					M	False	False	(0, 4, 1)	()	0	0	major	major	I	I, major	I		I	I	False	I	I, major		I, major		I	-1	-1	-1	4	4	4	True	False	False
26940	20	53	-1	F	0	3	8	2	1	True	2.5	-1	143	143	225	143a	1347/4	1/16	False	3	False				False	302	I|PAC		F	I		I	I					M	False	False	(0, 4, 1)	()	0	0	major	major	I	I, major	I		I	I	False	I	I, major		I, major		I	-1	-1	-1	0	0	0	True	True	True
26940	20	65	-1	F	0	3	8	2	1	True	2.5	-1	143	143	225	143a	1347/4	1/16	False	4	False				False	302	I|PAC		F	I		I	I					M	False	False	(0, 4, 1)	()	0	0	major	major	I	I, major	I		I	I	False	I	I, major		I, major		I	-1	-1	-1	0	0	0	True	True	True
26960	20	48	0	C	0	3	8	2	1	True	3.0	-1	143	143	225	143a	337	1/16	False	3	False				False	302	I|PAC		F	I		I	I					M	False	False	(0, 4, 1)	()	0	0	major	major	I	I, major	I		I	I	False	I	I, major		I, major		I	-1	-1	-1	1	1	1	True	False	False
26960	20	60	0	C	0	3	8	2	1	True	3.0	-1	143	143	225	143a	337	1/16	False	4	False				False	302	I|PAC		F	I		I	I					M	False	False	(0, 4, 1)	()	0	0	major	major	I	I, major	I		I	I	False	I	I, major		I, major		I	-1	-1	-1	1	1	1	True	False	False
26960	40	72	0	C	0	3	8	1	1	True	3.0	-1	143	143	225	143a	337	1/8	False	5	False				False	302	I|PAC		F	I		I	I					M	False	False	(0, 4, 1)	()	0	0	major	major	I	I, major	I		I	I	False	I	I, major		I, major		I	-1	-1	-1	1	1	1	True	False	False
26960	40	81	3	A	0	3	8	1	1	True	3.0	-1	143	143	225	143a	337	1/8	False	5	False				False	302	I|PAC		F	I		I	I					M	False	False	(0, 4, 1)	()	0	0	major	major	I	I, major	I		I	I	False	I	I, major		I, major		I	-1	-1	-1	4	4	4	True	False	False
26980	20	45	3	A	0	3	8	2	1	True	3.5	-1	143	143	225	143a	1349/4	1/16	False	2	False				False	302	I|PAC		F	I		I	I					M	False	False	(0, 4, 1)	()	0	0	major	major	I	I, major	I		I	I	False	I	I, major		I, major		I	-1	-1	-1	4	4	4	True	False	False
26980	20	57	3	A	0	3	8	2	1	True	3.5	-1	143	143	225	143a	1349/4	1/16	False	3	False				False	302	I|PAC		F	I		I	I					M	False	False	(0, 4, 1)	()	0	0	major	major	I	I, major	I		I	I	False	I	I, major		I, major		I	-1	-1	-1	4	4	4	True	False	False
27000	60	41	-1	F	0	3	8	2	1	True	1.0	-1	144	144	226	144a	675/2	3/16	False	2	False				False	302	I|PAC		F	I		I	I					M	False	False	(0, 4, 1)	()	0	0	major	major	I	I, major	I		I	I	False	I	I, major		I, major		I	-1	-1	-1	0	0	0	True	True	True
27000	60	53	-1	F	0	3	8	2	1	True	1.0	-1	144	144	226	144a	675/2	3/16	False	3	False				False	302	I|PAC		F	I		I	I					M	False	False	(0, 4, 1)	()	0	0	major	major	I	I, major	I		I	I	False	I	I, major		I, major		I	-1	-1	-1	0	0	0	True	True	True
27000	20	72	0	C	0	3	8	1	1	False	1.0	-1	144	144	226	144a	675/2	1/16	False	5	False				False	302	I|PAC		F	I		I	I					M	False	False	(0, 4, 1)	()	0	0	major	major	I	I, major	I		I	I	False	I	I, major		I, major		I	-1	-1	-1	1	1	1	True	False	False
27000	20	81	3	A	0	3	8	1	1	False	1.0	-1	144	144	226	144a	675/2	1/16	False	5	False				False	302	I|PAC		F	I		I	I					M	False	False	(0, 4, 1)	()	0	0	major	major	I	I, major	I		I	I	False	I	I, major		I, major		I	-1	-1	-1	4	4	4	True	False	False
27020	20	79	1	G	0	3	8	1	1	True	1.5	-1	144	144	226	144a	1351/4	1/16	False	5	False				False	302	I|PAC		F	I		I	I					M	False	False	(0, 4, 1)	()	0	0	major	major	I	I, major	I		I	I	False	I	I, major		I, major		I	-1	-1	-1	2	2	2	False	False	False
27020	20	82	-2	B	-1	3	8	1	1	True	1.5	-1	144	144	226	144a	1351/4	1/16	False	5	False				False	302	I|PAC		F	I		I	I					M	False	False	(0, 4, 1)	()	0	0	major	major	I	I, major	I		I	I	False	I	I, major		I, major		I	-1	-1	-1	-1	-1	-1	False	False	False
27040	40	81	3	A	0	3	8	1	1	True	2.0	-1	144	144	226	144a	338	1/8	False	5	False				False	302	I|PAC		F	I		I	I					M	False	False	(0, 4, 1)	()	0	0	major	major	I	I, major	I		I	I	False	I	I, major		I, major		I	-1	-1	-1	4	4	4	True	False	False
27040	40	84	0	C	0	3	8	1	1	True	2.0	-1	144	144	226	144a	338	1/8	False	6	False				False	302	I|PAC		F	I		I	I					M	False	False	(0, 4, 1)	()	0	0	major	major	I	I, major	I		I	I	False	I	I, major		I, major		I	-1	-1	-1	1	1	1	True	False	False
27060	20	57	3	A	0	3	8	2	1	True	2.5	-1	144	144	226	144a	1353/4	1/16	False	3	False				False	302	I|PAC		F	I		I	I					M	False	False	(0, 4, 1)	()	0	0	major	major	I	I, major	I		I	I	False	I	I, major		I, major		I	-1	-1	-1	4	4	4	True	False	False
27060	20	69	3	A	0	3	8	2	1	True	2.5	-1	144	144	226	144a	1353/4	1/16	False	4	False				False	302	I|PAC		F	I		I	I					M	False	False	(0, 4, 1)	()	0	0	major	major	I	I, major	I		I	I	False	I	I, major		I, major		I	-1	-1	-1	4	4	4	True	False	False
27080	20	53	-1	F	0	3	8	2	1	True	3.0	-1	144	144	226	144a	677/2	1/16	False	3	False				False	302	I|PAC		F	I		I	I					M	False	False	(0, 4, 1)	()	0	0	major	major	I	I, major	I		I	I	False	I	I, major		I, major		I	-1	-1	-1	0	0	0	True	True	True
27080	20	65	-1	F	0	3	8	2	1	True	3.0	-1	144	144	226	144a	677/2	1/16	False	4	False				False	302	I|PAC		F	I		I	I					M	False	False	(0, 4, 1)	()	0	0	major	major	I	I, major	I		I	I	False	I	I, major		I, major		I	-1	-1	-1	0	0	0	True	True	True
27080	40	81	3	A	0	3	8	1	1	True	3.0	-1	144	144	226	144a	677/2	1/8	False	5	False				False	302	I|PAC		F	I		I	I					M	False	False	(0, 4, 1)	()	0	0	major	major	I	I, major	I		I	I	False	I	I, major		I, major		I	-1	-1	-1	4	4	4	True	False	False
27080	40	84	0	C	0	3	8	1	1	True	3.0	-1	144	144	226	144a	677/2	1/8	False	6	False				False	302	I|PAC		F	I		I	I					M	False	False	(0, 4, 1)	()	0	0	major	major	I	I, major	I		I	I	False	I	I, major		I, major		I	-1	-1	-1	1	1	1	True	False	False
27100	20	48	0	C	0	3	8	2	1	True	3.5	-1	144	144	226	144a	1355/4	1/16	False	3	False				False	302	I|PAC		F	I		I	I					M	False	False	(0, 4, 1)	()	0	0	major	major	I	I, major	I		I	I	False	I	I, major		I, major		I	-1	-1	-1	1	1	1	True	False	False
27100	20	60	0	C	0	3	8	2	1	True	3.5	-1	144	144	226	144a	1355/4	1/16	False	4	False				False	302	I|PAC		F	I		I	I					M	False	False	(0, 4, 1)	()	0	0	major	major	I	I, major	I		I	I	False	I	I, major		I, major		I	-1	-1	-1	1	1	1	True	False	False
27120	60	45	3	A	0	3	8	2	1	True	1.0	-1	145	145	227	145a	339	3/16	False	2	True				False	303	I6		F	I		I6	I		6			M	False	False	(4, 1, 0)	()	0	4	major	major	I	I, major	I		I	I	False	I6	I6, major		I6, major		I	-1	-1	-1	4	4	4	True	False	True
27120	60	57	3	A	0	3	8	2	1	True	1.0	-1	145	145	227	145a	339	3/16	False	3	True				False	303	I6		F	I		I6	I		6			M	False	False	(4, 1, 0)	()	0	4	major	major	I	I, major	I		I	I	False	I6	I6, major		I6, major		I	-1	-1	-1	4	4	4	True	False	True
27120	20	81	3	A	0	3	8	1	1	False	1.0	-1	145	145	227	145a	339	1/16	False	5	True				False	303	I6		F	I		I6	I		6			M	False	False	(4, 1, 0)	()	0	4	major	major	I	I, major	I		I	I	False	I6	I6, major		I6, major		I	-1	-1	-1	4	4	4	True	False	True
27120	20	84	0	C	0	3	8	1	1	False	1.0	-1	145	145	227	145a	339	1/16	False	6	True				False	303	I6		F	I		I6	I		6			M	False	False	(4, 1, 0)	()	0	4	major	major	I	I, major	I		I	I	False	I6	I6, major		I6, major		I	-1	-1	-1	1	1	1	True	False	False
27140	20	79	1	G	0	3	8	1	1	True	1.5	-1	145	145	227	145a	1357/4	1/16	False	5	False				False	303	I6		F	I		I6	I		6			M	False	False	(4, 1, 0)	()	0	4	major	major	I	I, major	I		I	I	False	I6	I6, major		I6, major		I	-1	-1	-1	2	2	2	False	False	False
27140	20	82	-2	B	-1	3	8	1	1	True	1.5	-1	145	145	227	145a	1357/4	1/16	False	5	False				False	303	I6		F	I		I6	I		6			M	False	False	(4, 1, 0)	()	0	4	major	major	I	I, major	I		I	I	False	I6	I6, major		I6, major		I	-1	-1	-1	-1	-1	-1	False	False	False
27160	40	81	3	A	0	3	8	1	1	True	2.0	-1	145	145	227	145a	679/2	1/8	False	5	False				False	303	I6		F	I		I6	I		6			M	False	False	(4, 1, 0)	()	0	4	major	major	I	I, major	I		I	I	False	I6	I6, major		I6, major		I	-1	-1	-1	4	4	4	True	False	True
27160	40	84	0	C	0	3	8	1	1	True	2.0	-1	145	145	227	145a	679/2	1/8	False	6	False				False	303	I6		F	I		I6	I		6			M	False	False	(4, 1, 0)	()	0	4	major	major	I	I, major	I		I	I	False	I6	I6, major		I6, major		I	-1	-1	-1	1	1	1	True	False	False
27180	20	57	3	A	0	3	8	2	1	True	2.5	-1	145	145	227	145a	1359/4	1/16	False	3	False				False	303	I6		F	I		I6	I		6			M	False	False	(4, 1, 0)	()	0	4	major	major	I	I, major	I		I	I	False	I6	I6, major		I6, major		I	-1	-1	-1	4	4	4	True	False	True
27180	20	69	3	A	0	3	8	2	1	True	2.5	-1	145	145	227	145a	1359/4	1/16	False	4	False				False	303	I6		F	I		I6	I		6			M	False	False	(4, 1, 0)	()	0	4	major	major	I	I, major	I		I	I	False	I6	I6, major		I6, major		I	-1	-1	-1	4	4	4	True	False	True
27200	20	53	-1	F	0	3	8	2	1	True	3.0	-1	145	145	227	145a	340	1/16	False	3	False				False	303	I6		F	I		I6	I		6			M	False	False	(4, 1, 0)	()	0	4	major	major	I	I, major	I		I	I	False	I6	I6, major		I6, major		I	-1	-1	-1	0	0	0	True	True	False
27200	20	65	-1	F	0	3	8	2	1	True	3.0	-1	145	145	227	145a	340	1/16	False	4	False				False	303	I6		F	I		I6	I		6			M	False	False	(4, 1, 0)	()	0	4	major	major	I	I, major	I		I	I	False	I6	I6, major		I6, major		I	-1	-1	-1	0	0	0	True	True	False
27200	40	81	3	A	0	3	8	1	1	True	3.0	-1	145	145	227	145a	340	1/8	False	5	False				False	303	I6		F	I		I6	I		6			M	False	False	(4, 1, 0)	()	0	4	major	major	I	I, major	I		I	I	False	I6	I6, major		I6, major		I	-1	-1	-1	4	4	4	True	False	True
27200	40	84	0	C	0	3	8	1	1	True	3.0	-1	145	145	227	145a	340	1/8	False	6	False				False	303	I6		F	I		I6	I		6			M	False	False	(4, 1, 0)	()	0	4	major	major	I	I, major	I		I	I	False	I6	I6, major		I6, major		I	-1	-1	-1	1	1	1	True	False	False
27220	20	48	0	C	0	3	8	2	1	True	3.5	-1	145	145	227	145a	1361/4	1/16	False	3	False				False	303	I6		F	I		I6	I		6			M	False	False	(4, 1, 0)	()	0	4	major	major	I	I, major	I		I	I	False	I6	I6, major		I6, major		I	-1	-1	-1	1	1	1	True	False	False
27220	20	60	0	C	0	3	8	2	1	True	3.5	-1	145	145	227	145a	1361/4	1/16	False	4	False				False	303	I6		F	I		I6	I		6			M	False	False	(4, 1, 0)	()	0	4	major	major	I	I, major	I		I	I	False	I6	I6, major		I6, major		I	-1	-1	-1	1	1	1	True	False	False
27240	60	45	3	A	0	3	8	2	1	True	1.0	-1	146	146	228	146a	681/2	3/16	False	2	False				False	303	I6		F	I		I6	I		6			M	False	False	(4, 1, 0)	()	0	4	major	major	I	I, major	I		I	I	False	I6	I6, major		I6, major		I	-1	-1	-1	4	4	4	True	False	True
27240	60	57	3	A	0	3	8	2	1	True	1.0	-1	146	146	228	146a	681/2	3/16	False	3	False				False	303	I6		F	I		I6	I		6			M	False	False	(4, 1, 0)	()	0	4	major	major	I	I, major	I		I	I	False	I6	I6, major		I6, major		I	-1	-1	-1	4	4	4	True	False	True
27240	20	81	3	A	0	3	8	1	1	False	1.0	-1	146	146	228	146a	681/2	1/16	False	5	False				False	303	I6		F	I		I6	I		6			M	False	False	(4, 1, 0)	()	0	4	major	major	I	I, major	I		I	I	False	I6	I6, major		I6, major		I	-1	-1	-1	4	4	4	True	False	True
27240	20	84	0	C	0	3	8	1	1	False	1.0	-1	146	146	228	146a	681/2	1/16	False	6	False				False	303	I6		F	I		I6	I		6			M	False	False	(4, 1, 0)	()	0	4	major	major	I	I, major	I		I	I	False	I6	I6, major		I6, major		I	-1	-1	-1	1	1	1	True	False	False
27260	20	79	1	G	0	3	8	1	1	True	1.5	-1	146	146	228	146a	1363/4	1/16	False	5	False				False	303	I6		F	I		I6	I		6			M	False	False	(4, 1, 0)	()	0	4	major	major	I	I, major	I		I	I	False	I6	I6, major		I6, major		I	-1	-1	-1	2	2	2	False	False	False
27260	20	82	-2	B	-1	3	8	1	1	True	1.5	-1	146	146	228	146a	1363/4	1/16	False	5	False				False	303	I6		F	I		I6	I		6			M	False	False	(4, 1, 0)	()	0	4	major	major	I	I, major	I		I	I	False	I6	I6, major		I6, major		I	-1	-1	-1	-1	-1	-1	False	False	False
27280	40	81	3	A	0	3	8	1	1	True	2.0	-1	146	146	228	146a	341	1/8	False	5	False				False	303	I6		F	I		I6	I		6			M	False	False	(4, 1, 0)	()	0	4	major	major	I	I, major	I		I	I	False	I6	I6, major		I6, major		I	-1	-1	-1	4	4	4	True	False	True
27280	40	84	0	C	0	3	8	1	1	True	2.0	-1	146	146	228	146a	341	1/8	False	6	False				False	303	I6		F	I		I6	I		6			M	False	False	(4, 1, 0)	()	0	4	major	major	I	I, major	I		I	I	False	I6	I6, major		I6, major		I	-1	-1	-1	1	1	1	True	False	False
27300	20	48	0	C	0	3	8	2	1	True	2.5	-1	146	146	228	146a	1365/4	1/16	False	3	False				False	303	I6		F	I		I6	I		6			M	False	False	(4, 1, 0)	()	0	4	major	major	I	I, major	I		I	I	False	I6	I6, major		I6, major		I	-1	-1	-1	1	1	1	True	False	False
27300	20	60	0	C	0	3	8	2	1	True	2.5	-1	146	146	228	146a	1365/4	1/16	False	4	False				False	303	I6		F	I		I6	I		6			M	False	False	(4, 1, 0)	()	0	4	major	major	I	I, major	I		I	I	False	I6	I6, major		I6, major		I	-1	-1	-1	1	1	1	True	False	False
27320	20	45	3	A	0	3	8	2	1	True	3.0	-1	146	146	228	146a	683/2	1/16	False	2	False				False	303	I6		F	I		I6	I		6			M	False	False	(4, 1, 0)	()	0	4	major	major	I	I, major	I		I	I	False	I6	I6, major		I6, major		I	-1	-1	-1	4	4	4	True	False	True
27320	20	57	3	A	0	3	8	2	1	True	3.0	-1	146	146	228	146a	683/2	1/16	False	3	False				False	303	I6		F	I		I6	I		6			M	False	False	(4, 1, 0)	()	0	4	major	major	I	I, major	I		I	I	False	I6	I6, major		I6, major		I	-1	-1	-1	4	4	4	True	False	True
27320	40	81	3	A	0	3	8	1	1	True	3.0	-1	146	146	228	146a	683/2	1/8	False	5	False				False	303	I6		F	I		I6	I		6			M	False	False	(4, 1, 0)	()	0	4	major	major	I	I, major	I		I	I	False	I6	I6, major		I6, major		I	-1	-1	-1	4	4	4	True	False	True
27320	40	84	0	C	0	3	8	1	1	True	3.0	-1	146	146	228	146a	683/2	1/8	False	6	False				False	303	I6		F	I		I6	I		6			M	False	False	(4, 1, 0)	()	0	4	major	major	I	I, major	I		I	I	False	I6	I6, major		I6, major		I	-1	-1	-1	1	1	1	True	False	False
27340	20	41	-1	F	0	3	8	2	1	True	3.5	-1	146	146	228	146a	1367/4	1/16	False	2	False				False	303	I6		F	I		I6	I		6			M	False	False	(4, 1, 0)	()	0	4	major	major	I	I, major	I		I	I	False	I6	I6, major		I6, major		I	-1	-1	-1	0	0	0	True	True	False
27340	20	53	-1	F	0	3	8	2	1	True	3.5	-1	146	146	228	146a	1367/4	1/16	False	3	False				False	303	I6		F	I		I6	I		6			M	False	False	(4, 1, 0)	()	0	4	major	major	I	I, major	I		I	I	False	I6	I6, major		I6, major		I	-1	-1	-1	0	0	0	True	True	False
27360	40	46	-2	B	-1	3	8	2	1	True	1.0	-1	147	147	229	147a	342	1/8	False	2	True				False	304	IV		F	I		IV	IV					M	False	False	(-1, 3, 0)	()	-1	-1	major	major	I	I, major	IV		I	I	False	IV	IV, major		IV, major		IV	-1	-1	-1	-1	-1	-1	True	True	True
27360	40	58	-2	B	-1	3	8	2	1	True	1.0	-1	147	147	229	147a	342	1/8	False	3	True				False	304	IV		F	I		IV	IV					M	False	False	(-1, 3, 0)	()	-1	-1	major	major	I	I, major	IV		I	I	False	IV	IV, major		IV, major		IV	-1	-1	-1	-1	-1	-1	True	True	True
27360	20	81	3	A	0	3	8	1	1	False	1.0	-1	147	147	229	147a	342	1/16	False	5	True				False	304	IV		F	I		IV	IV					M	False	False	(-1, 3, 0)	()	-1	-1	major	major	I	I, major	IV		I	I	False	IV	IV, major		IV, major		IV	-1	-1	-1	4	4	4	False	False	False
27360	20	84	0	C	0	3	8	1	1	False	1.0	-1	147	147	229	147a	342	1/16	False	6	True				False	304	IV		F	I		IV	IV					M	False	False	(-1, 3, 0)	()	-1	-1	major	major	I	I, major	IV		I	I	False	IV	IV, major		IV, major		IV	-1	-1	-1	1	1	1	False	False	False
27380	20	74	2	D	0	3	8	1	1	True	1.5	-1	147	147	229	147a	1369/4	1/16	False	5	False				False	304	IV		F	I		IV	IV					M	False	False	(-1, 3, 0)	()	-1	-1	major	major	I	I, major	IV		I	I	False	IV	IV, major		IV, major		IV	-1	-1	-1	3	3	3	True	False	False
27380	20	82	-2	B	-1	3	8	1	1	True	1.5	-1	147	147	229	147a	1369/4	1/16	False	5	False				False	304	IV		F	I		IV	IV					M	False	False	(-1, 3, 0)	()	-1	-1	major	major	I	I, major	IV		I	I	False	IV	IV, major		IV, major		IV	-1	-1	-1	-1	-1	-1	True	True	True
27400	40	48	0	C	0	3	8	2	1	True	2.0	-1	147	147	229	147a	685/2	1/8	False	3	True				False	305	V(64)		F	I		V(64)	V			64		M	False	False	(1, 0, 4)	()	1	1	major	major	I	I, major	V		I	I	False	V	V, major		V(64), major		V	-1	-1	-1	1	1	1	True	True	True
27400	40	60	0	C	0	3	8	2	1	True	2.0	-1	147	147	229	147a	685/2	1/8	False	4	True				False	305	V(64)		F	I		V(64)	V			64		M	False	False	(1, 0, 4)	()	1	1	major	major	I	I, major	V		I	I	False	V	V, major		V(64), major		V	-1	-1	-1	1	1	1	True	True	True
27400	20	72	0	C	0	3	8	1	1	True	2.0	-1	147	147	229	147a	685/2	1/16	False	5	True				False	305	V(64)		F	I		V(64)	V			64		M	False	False	(1, 0, 4)	()	1	1	major	major	I	I, major	V		I	I	False	V	V, major		V(64), major		V	-1	-1	-1	1	1	1	True	True	True
27400	20	81	3	A	0	3	8	1	1	True	2.0	-1	147	147	229	147a	685/2	1/16	False	5	True				False	305	V(64)		F	I		V(64)	V			64		M	False	False	(1, 0, 4)	()	1	1	major	major	I	I, major	V		I	I	False	V	V, major		V(64), major		V	-1	-1	-1	4	4	4	True	False	False
27420	20	70	-2	B	-1	3	8	1	1	True	2.5	-1	147	147	229	147a	1371/4	1/16	False	4	False				False	305	V(64)		F	I		V(64)	V			64		M	False	False	(1, 0, 4)	()	1	1	major	major	I	I, major	V		I	I	False	V	V, major		V(64), major		V	-1	-1	-1	-1	-1	-1	False	False	False
27420	20	79	1	G	0	3	8	1	1	True	2.5	-1	147	147	229	147a	1371/4	1/16	False	5	False				False	305	V(64)		F	I		V(64)	V			64		M	False	False	(1, 0, 4)	()	1	1	major	major	I	I, major	V		I	I	False	V	V, major		V(64), major		V	-1	-1	-1	2	2	2	False	False	False
27440	40	48	0	C	0	3	8	2	1	True	3.0	-1	147	147	229	147a	343	1/8	False	3	True				False	306	V		F	I		V	V					M	False	False	(1, 5, 2)	()	1	1	major	major	I	I, major	V		I	I	False	V	V, major		V, major		V	-1	-1	-1	1	1	1	True	True	True
27440	40	60	0	C	0	3	8	2	1	True	3.0	-1	147	147	229	147a	343	1/8	False	4	True				False	306	V		F	I		V	V					M	False	False	(1, 5, 2)	()	1	1	major	major	I	I, major	V		I	I	False	V	V, major		V, major		V	-1	-1	-1	1	1	1	True	True	True
27440	20	69	3	A	0	3	8	1	1	True	3.0	-1	147	147	229	147a	343	1/16	False	4	True				False	306	V		F	I		V	V					M	False	False	(1, 5, 2)	()	1	1	major	major	I	I, major	V		I	I	False	V	V, major		V, major		V	-1	-1	-1	4	4	4	False	False	False
27440	20	77	-1	F	0	3	8	1	1	True	3.0	-1	147	147	229	147a	343	1/16	False	5	True				False	306	V		F	I		V	V					M	False	False	(1, 5, 2)	()	1	1	major	major	I	I, major	V		I	I	False	V	V, major		V, major		V	-1	-1	-1	0	0	0	False	False	False
27460	20	67	1	G	0	3	8	1	1	True	3.5	-1	147	147	229	147a	1373/4	1/16	False	4	False				False	306	V		F	I		V	V					M	False	False	(1, 5, 2)	()	1	1	major	major	I	I, major	V		I	I	False	V	V, major		V, major		V	-1	-1	-1	2	2	2	True	False	False
27460	20	76	4	E	0	3	8	1	1	True	3.5	-1	147	147	229	147a	1373/4	1/16	False	5	False				False	306	V		F	I		V	V					M	False	False	(1, 5, 2)	()	1	1	major	major	I	I, major	V		I	I	False	V	V, major		V, major		V	-1	-1	-1	5	5	5	True	False	False
27480	60	53	-1	F	0	3	8	2	1	True	1.0	-1	148	148	230	148a	687/2	3/16	False	3	True	PAC	PAC		False	307	I|PAC		F	I		I	I					M	False	False	(0, 4, 1)	()	0	0	major	major	I	I, major	I		I	I	False	I	I, major		I, major		I	-1	-1	-1	0	0	0	True	True	True
27480	20	69	3	A	0	3	8	1	1	True	1.0	-1	148	148	230	148a	687/2	1/16	False	4	True	PAC	PAC		False	307	I|PAC		F	I		I	I					M	False	False	(0, 4, 1)	()	0	0	major	major	I	I, major	I		I	I	False	I	I, major		I, major		I	-1	-1	-1	4	4	4	True	False	False
27480	20	77	-1	F	0	3	8	1	1	True	1.0	-1	148	148	230	148a	687/2	1/16	False	5	True	PAC	PAC		False	307	I|PAC		F	I		I	I					M	False	False	(0, 4, 1)	()	0	0	major	major	I	I, major	I		I	I	False	I	I, major		I, major		I	-1	-1	-1	0	0	0	True	True	True
27500	20	84	0	C	0	3	8	1	1	True	1.5	-1	148	148	230	148a	1375/4	1/16	False	6	False				False	307	I|PAC		F	I		I	I					M	False	False	(0, 4, 1)	()	0	0	major	major	I	I, major	I		I	I	False	I	I, major		I, major		I	-1	-1	-1	1	1	1	True	False	False
27520	20	81	3	A	0	3	8	1	1	True	2.0	-1	148	148	230	148a	344	1/16	False	5	False				False	307	I|PAC		F	I		I	I					M	False	False	(0, 4, 1)	()	0	0	major	major	I	I, major	I		I	I	False	I	I, major		I, major		I	-1	-1	-1	4	4	4	True	False	False
27540	20	55	1	G	0	3	8	2	1	True	2.5	-1	148	148	230	148a	1377/4	1/16	False	3	False				False	307	I|PAC		F	I		I	I					M	False	False	(0, 4, 1)	()	0	0	major	major	I	I, major	I		I	I	False	I	I, major		I, major		I	-1	-1	-1	2	2	2	False	False	False
27540	20	77	-1	F	0	3	8	1	1	True	2.5	-1	148	148	230	148a	1377/4	1/16	False	5	False				False	307	I|PAC		F	I		I	I					M	False	False	(0, 4, 1)	()	0	0	major	major	I	I, major	I		I	I	False	I	I, major		I, major		I	-1	-1	-1	0	0	0	True	True	True
27560	40	57	3	A	0	3	8	2	1	True	3.0	-1	148	148	230	148a	689/2	1/8	False	3	True				False	308	I6		F	I		I6	I		6			M	False	False	(4, 1, 0)	()	0	4	major	major	I	I, major	I		I	I	False	I6	I6, major		I6, major		I	-1	-1	-1	4	4	4	True	False	True
27560	20	72	0	C	0	3	8	1	1	True	3.0	-1	148	148	230	148a	689/2	1/16	False	5	True				False	308	I6		F	I		I6	I		6			M	False	False	(4, 1, 0)	()	0	4	major	major	I	I, major	I		I	I	False	I6	I6, major		I6, major		I	-1	-1	-1	1	1	1	True	False	False
27580	20	69	3	A	0	3	8	1	1	True	3.5	-1	148	148	230	148a	1379/4	1/16	False	4	False				False	308	I6		F	I		I6	I		6			M	False	False	(4, 1, 0)	()	0	4	major	major	I	I, major	I		I	I	False	I6	I6, major		I6, major		I	-1	-1	-1	4	4	4	True	False	True
27600	40	58	-2	B	-1	3	8	2	1	True	1.0	-1	149	149	231	149a	345	1/8	False	3	True				False	309	IV		F	I		IV	IV					M	False	False	(-1, 3, 0)	()	-1	-1	major	major	I	I, major	IV		I	I	False	IV	IV, major		IV, major		IV	-1	-1	-1	-1	-1	-1	True	True	True
27600	10	74	2	D	0	3	8	1	1	True	1.0	-1	149	149	231	149a	345	1/32	False	5	True				False	309	IV		F	I		IV	IV					M	False	False	(-1, 3, 0)	()	-1	-1	major	major	I	I, major	IV		I	I	False	IV	IV, major		IV, major		IV	-1	-1	-1	3	3	3	True	False	False
27610	10	76	4	E	0	3	8	1	1	True	1.25	-1	149	149	231	149a	2761/8	1/32	False	5	False				False	309	IV		F	I		IV	IV					M	False	False	(-1, 3, 0)	()	-1	-1	major	major	I	I, major	IV		I	I	False	IV	IV, major		IV, major		IV	-1	-1	-1	5	5	5	False	False	False
27620	10	77	-1	F	0	3	8	1	1	True	1.5	-1	149	149	231	149a	1381/4	1/32	False	5	False				False	309	IV		F	I		IV	IV					M	False	False	(-1, 3, 0)	()	-1	-1	major	major	I	I, major	IV		I	I	False	IV	IV, major		IV, major		IV	-1	-1	-1	0	0	0	True	False	False
27630	10	79	1	G	0	3	8	1	1	True	1.75	-1	149	149	231	149a	2763/8	1/32	False	5	False				False	309	IV		F	I		IV	IV					M	False	False	(-1, 3, 0)	()	-1	-1	major	major	I	I, major	IV		I	I	False	IV	IV, major		IV, major		IV	-1	-1	-1	2	2	2	False	False	False
27640	40	60	0	C	0	3	8	2	1	True	2.0	-1	149	149	231	149a	691/2	1/8	False	4	True				False	310	V(64)		F	I		V(64)	V			64		M	False	False	(1, 0, 4)	()	1	1	major	major	I	I, major	V		I	I	False	V	V, major		V(64), major		V	-1	-1	-1	1	1	1	True	True	True
27640	60	79	1	G	0	3	8	1	1	True	2.0	-1	149	149	231	149a	691/2	3/16	False	5	True				False	310	V(64)		F	I		V(64)	V			64		M	False	False	(1, 0, 4)	()	1	1	major	major	I	I, major	V		I	I	False	V	V, major		V(64), major		V	-1	-1	-1	2	2	2	False	False	False
27680	40	48	0	C	0	3	8	2	1	True	3.0	-1	149	149	231	149a	346	1/8	False	3	True				False	311	V		F	I		V	V					M	False	False	(1, 5, 2)	()	1	1	major	major	I	I, major	V		I	I	False	V	V, major		V, major		V	-1	-1	-1	1	1	1	True	True	True
27700	10	77	-1	F	0	3	8	1	1	True	3.5	-1	149	149	231	149a	1385/4	1/32	False	5	False				False	311	V		F	I		V	V					M	False	False	(1, 5, 2)	()	1	1	major	major	I	I, major	V		I	I	False	V	V, major		V, major		V	-1	-1	-1	0	0	0	False	False	False
27710	10	79	1	G	0	3	8	1	1	True	3.75	-1	149	149	231	149a	2771/8	1/32	False	5	False				False	311	V		F	I		V	V					M	False	False	(1, 5, 2)	()	1	1	major	major	I	I, major	V		I	I	False	V	V, major		V, major		V	-1	-1	-1	2	2	2	True	False	False
27720	60	53	-1	F	0	3	8	2	1	True	1.0	-1	150	150	232	150a	693/2	3/16	False	3	True	IAC	IAC		False	312	I|IAC		F	I		I	I					M	False	False	(0, 4, 1)	()	0	0	major	major	I	I, major	I		I	I	False	I	I, major		I, major		I	-1	-1	-1	0	0	0	True	True	True
27720	20	81	3	A	0	3	8	1	1	True	1.0	-1	150	150	232	150a	693/2	1/16	False	5	True	IAC	IAC		False	312	I|IAC		F	I		I	I					M	False	False	(0, 4, 1)	()	0	0	major	major	I	I, major	I		I	I	False	I	I, major		I, major		I	-1	-1	-1	4	4	4	True	False	False
27740	20	84	0	C	0	3	8	1	1	True	1.5	-1	150	150	232	150a	1387/4	1/16	False	6	False				False	312	I|IAC		F	I		I	I					M	False	False	(0, 4, 1)	()	0	0	major	major	I	I, major	I		I	I	False	I	I, major		I, major		I	-1	-1	-1	1	1	1	True	False	False
27760	20	81	3	A	0	3	8	1	1	True	2.0	-1	150	150	232	150a	347	1/16	False	5	False				False	312	I|IAC		F	I		I	I					M	False	False	(0, 4, 1)	()	0	0	major	major	I	I, major	I		I	I	False	I	I, major		I, major		I	-1	-1	-1	4	4	4	True	False	False
27780	20	55	1	G	0	3	8	2	1	True	2.5	-1	150	150	232	150a	1389/4	1/16	False	3	False				False	312	I|IAC		F	I		I	I					M	False	False	(0, 4, 1)	()	0	0	major	major	I	I, major	I		I	I	False	I	I, major		I, major		I	-1	-1	-1	2	2	2	False	False	False
27780	20	77	-1	F	0	3	8	1	1	True	2.5	-1	150	150	232	150a	1389/4	1/16	False	5	False				False	312	I|IAC		F	I		I	I					M	False	False	(0, 4, 1)	()	0	0	major	major	I	I, major	I		I	I	False	I	I, major		I, major		I	-1	-1	-1	0	0	0	True	True	True
27800	40	57	3	A	0	3	8	2	1	True	3.0	-1	150	150	232	150a	695/2	1/8	False	3	True				False	313	I6		F	I		I6	I		6			M	False	False	(4, 1, 0)	()	0	4	major	major	I	I, major	I		I	I	False	I6	I6, major		I6, major		I	-1	-1	-1	4	4	4	True	False	True
27800	20	72	0	C	0	3	8	1	1	True	3.0	-1	150	150	232	150a	695/2	1/16	False	5	True				False	313	I6		F	I		I6	I		6			M	False	False	(4, 1, 0)	()	0	4	major	major	I	I, major	I		I	I	False	I6	I6, major		I6, major		I	-1	-1	-1	1	1	1	True	False	False
27820	20	69	3	A	0	3	8	1	1	True	3.5	-1	150	150	232	150a	1391/4	1/16	False	4	False				False	313	I6		F	I		I6	I		6			M	False	False	(4, 1, 0)	()	0	4	major	major	I	I, major	I		I	I	False	I6	I6, major		I6, major		I	-1	-1	-1	4	4	4	True	False	True
27840	40	58	-2	B	-1	3	8	2	1	True	1.0	-1	151	151	233	151a	348	1/8	False	3	True				False	314	IV		F	I		IV	IV					M	False	False	(-1, 3, 0)	()	-1	-1	major	major	I	I, major	IV		I	I	False	IV	IV, major		IV, major		IV	-1	-1	-1	-1	-1	-1	True	True	True
27840	20	74	2	D	0	3	8	1	1	True	1.0	-1	151	151	233	151a	348	1/16	False	5	True				False	314	IV		F	I		IV	IV					M	False	False	(-1, 3, 0)	()	-1	-1	major	major	I	I, major	IV		I	I	False	IV	IV, major		IV, major		IV	-1	-1	-1	3	3	3	True	False	False
27860	20	70	-2	B	-1	3	8	1	1	True	1.5	-1	151	151	233	151a	1393/4	1/16	False	4	False				False	314	IV		F	I		IV	IV					M	False	False	(-1, 3, 0)	()	-1	-1	major	major	I	I, major	IV		I	I	False	IV	IV, major		IV, major		IV	-1	-1	-1	-1	-1	-1	True	True	True
27880	40	60	0	C	0	3	8	2	1	True	2.0	-1	151	151	233	151a	697/2	1/8	False	4	True				False	315	V(64)		F	I		V(64)	V			64		M	False	False	(1, 0, 4)	()	1	1	major	major	I	I, major	V		I	I	False	V	V, major		V(64), major		V	-1	-1	-1	1	1	1	True	True	True
27880	60	67	1	G	0	3	8	1	1	True	2.0	-1	151	151	233	151a	697/2	3/16	False	4	True				False	315	V(64)		F	I		V(64)	V			64		M	False	False	(1, 0, 4)	()	1	1	major	major	I	I, major	V		I	I	False	V	V, major		V(64), major		V	-1	-1	-1	2	2	2	False	False	False
27920	40	48	0	C	0	3	8	2	1	True	3.0	-1	151	151	233	151a	349	1/8	False	3	True				False	316	V		F	I		V	V					M	False	False	(1, 5, 2)	()	1	1	major	major	I	I, major	V		I	I	False	V	V, major		V, major		V	-1	-1	-1	1	1	1	True	True	True
27940	10	65	-1	F	0	3	8	1	1	True	3.5	-1	151	151	233	151a	1397/4	1/32	False	4	False				False	316	V		F	I		V	V					M	False	False	(1, 5, 2)	()	1	1	major	major	I	I, major	V		I	I	False	V	V, major		V, major		V	-1	-1	-1	0	0	0	False	False	False
27950	10	67	1	G	0	3	8	1	1	True	3.75	-1	151	151	233	151a	2795/8	1/32	False	4	False				False	316	V		F	I		V	V					M	False	False	(1, 5, 2)	()	1	1	major	major	I	I, major	V		I	I	False	V	V, major		V, major		V	-1	-1	-1	2	2	2	True	False	False
27960	120	41	-1	F	0	3	8	2	1	True	1.0	-1	152	152	234	152a	699/2	3/8	False	2	True	PAC	PAC	}	True	317	I|PAC}		F	I		I	I					M	False	False	(0, 4, 1)	()	0	0	major	major	I	I, major	I		I	I	False	I	I, major		I, major		I	-1	-1	-1	0	0	0	True	True	True
27960	120	65	-1	F	0	3	8	1	1	True	1.0	-1	152	152	234	152a	699/2	3/8	False	4	True	PAC	PAC	}	True	317	I|PAC}		F	I		I	I					M	False	False	(0, 4, 1)	()	0	0	major	major	I	I, major	I		I	I	False	I	I, major		I, major		I	-1	-1	-1	0	0	0	True	True	True
28080	40	72	0	C	0	3	8	1	1	True	1.0	-1	83	83	235	83b	351	1/8	True	5	True			{	False	318	i.V7{		F	i		V7	V		7			Mm7	False	True	(1, 5, 2, -1)	()	1	1	major	minor	i	i, major	V		i	i	True	V7	V7, minor		V7, minor		V	-1	-1	-1	1	1	1	True	True	True
28120	40	72	0	C	0	3	8	1	1	True	2.0	-1	83	83	235	83b	703/2	1/8	False	5	False				False	318	i.V7{		F	i		V7	V		7			Mm7	False	True	(1, 5, 2, -1)	()	1	1	major	minor	i	i, major	V		i	i	True	V7	V7, minor		V7, minor		V	-1	-1	-1	1	1	1	True	True	True
28160	40	72	0	C	0	3	8	1	1	True	3.0	-1	83	83	235	83b	352	1/8	False	5	False				False	318	i.V7{		F	i		V7	V		7			Mm7	False	True	(1, 5, 2, -1)	()	1	1	major	minor	i	i, major	V		i	i	True	V7	V7, minor		V7, minor		V	-1	-1	-1	1	1	1	True	True	True
28200	20	82	-2	B	-1	3	8	1	1	True	1.0	-1	84	84	236	84b	705/2	1/16	False	5	False				False	318	i.V7{		F	i		V7	V		7			Mm7	False	True	(1, 5, 2, -1)	()	1	1	major	minor	i	i, major	V		i	i	True	V7	V7, minor		V7, minor		V	-1	-1	-1	-1	-1	-1	True	False	False
28220	20	79	1	G	0	3	8	1	1	True	1.5	-1	84	84	236	84b	1411/4	1/16	False	5	False				False	318	i.V7{		F	i		V7	V		7			Mm7	False	True	(1, 5, 2, -1)	()	1	1	major	minor	i	i, major	V		i	i	True	V7	V7, minor		V7, minor		V	-1	-1	-1	2	2	2	True	False	False
28240	20	76	4	E	0	3	8	1	1	True	2.0	-1	84	84	236	84b	353	1/16	False	5	False				False	318	i.V7{		F	i		V7	V		7			Mm7	False	True	(1, 5, 2, -1)	()	1	1	major	minor	i	i, major	V		i	i	True	V7	V7, minor		V7, minor		V	-1	-1	-1	5	5	5	True	False	False
28260	20	73	-5	D	-1	3	8	1	1	True	2.5	-1	84	84	236	84b	1413/4	1/16	False	5	False				False	318	i.V7{		F	i		V7	V		7			Mm7	False	True	(1, 5, 2, -1)	()	1	1	major	minor	i	i, major	V		i	i	True	V7	V7, minor		V7, minor		V	-1	-1	-1	-4	-4	-4	False	False	False
28280	0	72	0	C	0	3	8	1	1	True	3.0	-1	84	84	236	84b	707/2	0	False	5	False				False	318	i.V7{		F	i		V7	V		7			Mm7	False	True	(1, 5, 2, -1)	()	1	1	major	minor	i	i, major	V		i	i	True	V7	V7, minor		V7, minor		V	-1	-1	-1	1	1	1	True	True	True
28280	40	70	-2	B	-1	3	8	1	1	True	3.0	-1	84	84	236	84b	707/2	1/8	False	4	False				False	318	i.V7{		F	i		V7	V		7			Mm7	False	True	(1, 5, 2, -1)	()	1	1	major	minor	i	i, major	V		i	i	True	V7	V7, minor		V7, minor		V	-1	-1	-1	-1	-1	-1	True	False	False
28320	40	60	0	C	0	3	8	2	1	True	1.0	-1	85	85	237	85b	354	1/8	False	4	False				False	318	i.V7{		F	i		V7	V		7			Mm7	False	True	(1, 5, 2, -1)	()	1	1	major	minor	i	i, major	V		i	i	True	V7	V7, minor		V7, minor		V	-1	-1	-1	1	1	1	True	True	True
28320	20	70	-2	B	-1	3	8	1	1	False	1.0	-1	85	85	237	85b	354	1/16	False	4	False				False	318	i.V7{		F	i		V7	V		7			Mm7	False	True	(1, 5, 2, -1)	()	1	1	major	minor	i	i, major	V		i	i	True	V7	V7, minor		V7, minor		V	-1	-1	-1	-1	-1	-1	True	False	False
28340	20	73	-5	D	-1	3	8	1	1	True	1.5	-1	85	85	237	85b	1417/4	1/16	False	5	False				False	318	i.V7{		F	i		V7	V		7			Mm7	False	True	(1, 5, 2, -1)	()	1	1	major	minor	i	i, major	V		i	i	True	V7	V7, minor		V7, minor		V	-1	-1	-1	-4	-4	-4	False	False	False
28360	40	60	0	C	0	3	8	2	1	True	2.0	-1	85	85	237	85b	709/2	1/8	False	4	False				False	318	i.V7{		F	i		V7	V		7			Mm7	False	True	(1, 5, 2, -1)	()	1	1	major	minor	i	i, major	V		i	i	True	V7	V7, minor		V7, minor		V	-1	-1	-1	1	1	1	True	True	True
28360	20	72	0	C	0	3	8	1	1	True	2.0	-1	85	85	237	85b	709/2	1/16	False	5	False				False	318	i.V7{		F	i		V7	V		7			Mm7	False	True	(1, 5, 2, -1)	()	1	1	major	minor	i	i, major	V		i	i	True	V7	V7, minor		V7, minor		V	-1	-1	-1	1	1	1	True	True	True
28380	20	70	-2	B	-1	3	8	1	1	True	2.5	-1	85	85	237	85b	1419/4	1/16	False	4	False				False	318	i.V7{		F	i		V7	V		7			Mm7	False	True	(1, 5, 2, -1)	()	1	1	major	minor	i	i, major	V		i	i	True	V7	V7, minor		V7, minor		V	-1	-1	-1	-1	-1	-1	True	False	False
28400	40	60	0	C	0	3	8	2	1	True	3.0	-1	85	85	237	85b	355	1/8	False	4	False				False	318	i.V7{		F	i		V7	V		7			Mm7	False	True	(1, 5, 2, -1)	()	1	1	major	minor	i	i, major	V		i	i	True	V7	V7, minor		V7, minor		V	-1	-1	-1	1	1	1	True	True	True
28400	20	68	-4	A	-1	3	8	1	1	True	3.0	-1	85	85	237	85b	355	1/16	False	4	False				False	318	i.V7{		F	i		V7	V		7			Mm7	False	True	(1, 5, 2, -1)	()	1	1	major	minor	i	i, major	V		i	i	True	V7	V7, minor		V7, minor		V	-1	-1	-1	-3	-3	-3	False	False	False
28420	20	67	1	G	0	3	8	1	1	True	3.5	-1	85	85	237	85b	1421/4	1/16	False	4	False				False	318	i.V7{		F	i		V7	V		7			Mm7	False	True	(1, 5, 2, -1)	()	1	1	major	minor	i	i, major	V		i	i	True	V7	V7, minor		V7, minor		V	-1	-1	-1	2	2	2	True	False	False
28440	40	65	-1	F	0	3	8	2	1	True	1.0	-1	86	86	238	86b	711/2	1/8	False	4	True				False	319	i		F	i		i	i					m	False	True	(0, -3, 1)	()	0	0	major	minor	i	i, major	i		i	i	True	i	i, minor		i, minor		i	-1	-1	-1	0	0	0	True	True	True
28440	20	72	0	C	0	3	8	1	1	True	1.0	-1	86	86	238	86b	711/2	1/16	False	5	True				False	319	i		F	i		i	i					m	False	True	(0, -3, 1)	()	0	0	major	minor	i	i, major	i		i	i	True	i	i, minor		i, minor		i	-1	-1	-1	1	1	1	True	False	False
28460	20	68	-4	A	-1	3	8	1	1	True	1.5	-1	86	86	238	86b	1423/4	1/16	False	4	False				False	319	i		F	i		i	i					m	False	True	(0, -3, 1)	()	0	0	major	minor	i	i, major	i		i	i	True	i	i, minor		i, minor		i	-1	-1	-1	-3	-3	-3	True	False	False
28480	40	65	-1	F	0	3	8	2	1	True	2.0	-1	86	86	238	86b	356	1/8	False	4	False				False	319	i		F	i		i	i					m	False	True	(0, -3, 1)	()	0	0	major	minor	i	i, major	i		i	i	True	i	i, minor		i, minor		i	-1	-1	-1	0	0	0	True	True	True
28480	20	70	-2	B	-1	3	8	1	1	True	2.0	-1	86	86	238	86b	356	1/16	False	4	False				False	319	i		F	i		i	i					m	False	True	(0, -3, 1)	()	0	0	major	minor	i	i, major	i		i	i	True	i	i, minor		i, minor		i	-1	-1	-1	-1	-1	-1	False	False	False
28500	20	67	1	G	0	3	8	1	1	True	2.5	-1	86	86	238	86b	1425/4	1/16	False	4	False				False	319	i		F	i		i	i					m	False	True	(0, -3, 1)	()	0	0	major	minor	i	i, major	i		i	i	True	i	i, minor		i, minor		i	-1	-1	-1	2	2	2	False	False	False
28520	40	65	-1	F	0	3	8	2	1	True	3.0	-1	86	86	238	86b	713/2	1/8	False	4	True				False	320	i(#7)		F	i		i(#7)	i			#7		m	False	True	(0, -3, 1)	(5,)	0	0	major	minor	i	i, major	i		i	i	True	i	i, minor		i(#7), minor		i	-1	-1	-1	0	0	0	True	True	True
28520	40	76	4	E	0	3	8	1	1	True	3.0	-1	86	86	238	86b	713/2	1/8	False	5	True				False	320	i(#7)		F	i		i(#7)	i			#7		m	False	True	(0, -3, 1)	(5,)	0	0	major	minor	i	i, major	i		i	i	True	i	i, minor		i(#7), minor		i	-1	-1	-1	5	5	5	False	False	False
28560	40	58	-2	B	-1	3	8	2	2	True	1.0	-1	87	87	239	87b	357	1/8	False	3	True				False	321	iv		F	i		iv	iv					m	False	True	(-1, -4, 0)	()	-1	-1	major	minor	i	i, major	iv		i	i	True	iv	iv, minor		iv, minor		iv	-1	-1	-1	-1	-1	-1	True	True	True
28560	40	65	-1	F	0	3	8	2	1	False	1.0	-1	87	87	239	87b	357	1/8	False	4	True				False	321	iv		F	i		iv	iv					m	False	True	(-1, -4, 0)	()	-1	-1	major	minor	i	i, major	iv		i	i	True	iv	iv, minor		iv, minor		iv	-1	-1	-1	0	0	0	True	False	False
28560	20	76	4	E	0	3	8	1	1	False	1.0	-1	87	87	239	87b	357	1/16	False	5	True				False	321	iv		F	i		iv	iv					m	False	True	(-1, -4, 0)	()	-1	-1	major	minor	i	i, major	iv		i	i	True	iv	iv, minor		iv, minor		iv	-1	-1	-1	5	5	5	False	False	False
28580	20	77	-1	F	0	3	8	1	1	True	1.5	-1	87	87	239	87b	1429/4	1/16	False	5	False				False	321	iv		F	i		iv	iv					m	False	True	(-1, -4, 0)	()	-1	-1	major	minor	i	i, major	iv		i	i	True	iv	iv, minor		iv, minor		iv	-1	-1	-1	0	0	0	True	False	False
28600	40	60	0	C	0	3	8	2	2	True	2.0	-1	87	87	239	87b	715/2	1/8	False	4	True				False	322	V(9)		F	i		V(9)	V			9		M	False	True	(1, 5, 2)	(-4,)	1	1	major	minor	i	i, major	V		i	i	True	V	V, minor		V(9), minor		V	-1	-1	-1	1	1	1	True	True	True
28600	20	73	-5	D	-1	3	8	1	1	True	2.0	-1	87	87	239	87b	715/2	1/16	False	5	True				False	322	V(9)		F	i		V(9)	V			9		M	False	True	(1, 5, 2)	(-4,)	1	1	major	minor	i	i, major	V		i	i	True	V	V, minor		V(9), minor		V	-1	-1	-1	-4	-4	-4	False	False	False
28620	20	70	-2	B	-1	3	8	1	1	True	2.5	-1	87	87	239	87b	1431/4	1/16	False	4	False				False	322	V(9)		F	i		V(9)	V			9		M	False	True	(1, 5, 2)	(-4,)	1	1	major	minor	i	i, major	V		i	i	True	V	V, minor		V(9), minor		V	-1	-1	-1	-1	-1	-1	False	False	False
28640	40	64	4	E	0	3	8	2	2	True	3.0	-1	87	87	239	87b	358	1/8	False	4	True				False	323	V6		F	i		V6	V		6			M	False	True	(5, 2, 1)	()	1	5	major	minor	i	i, major	V		i	i	True	V6	V6, minor		V6, minor		V	-1	-1	-1	5	5	5	True	False	True
28640	20	72	0	C	0	3	8	1	1	True	3.0	-1	87	87	239	87b	358	1/16	False	5	True				False	323	V6		F	i		V6	V		6			M	False	True	(5, 2, 1)	()	1	5	major	minor	i	i, major	V		i	i	True	V6	V6, minor		V6, minor		V	-1	-1	-1	1	1	1	True	True	False
28660	20	67	1	G	0	3	8	1	1	True	3.5	-1	87	87	239	87b	1433/4	1/16	False	4	False				False	323	V6		F	i		V6	V		6			M	False	True	(5, 2, 1)	()	1	5	major	minor	i	i, major	V		i	i	True	V6	V6, minor		V6, minor		V	-1	-1	-1	2	2	2	True	False	False
28680	40	65	-1	F	0	3	8	2	1	True	1.0	-1	88	88	240	88b	717/2	1/8	False	4	True				False	324	i		F	i		i	i					m	False	True	(0, -3, 1)	()	0	0	major	minor	i	i, major	i		i	i	True	i	i, minor		i, minor		i	-1	-1	-1	0	0	0	True	True	True
28680	20	72	0	C	0	3	8	1	1	True	1.0	-1	88	88	240	88b	717/2	1/16	False	5	True				False	324	i		F	i		i	i					m	False	True	(0, -3, 1)	()	0	0	major	minor	i	i, major	i		i	i	True	i	i, minor		i, minor		i	-1	-1	-1	1	1	1	True	False	False
28700	20	68	-4	A	-1	3	8	1	1	True	1.5	-1	88	88	240	88b	1435/4	1/16	False	4	False				False	324	i		F	i		i	i					m	False	True	(0, -3, 1)	()	0	0	major	minor	i	i, major	i		i	i	True	i	i, minor		i, minor		i	-1	-1	-1	-3	-3	-3	True	False	False
28720	40	65	-1	F	0	3	8	2	1	True	2.0	-1	88	88	240	88b	359	1/8	False	4	False				False	324	i		F	i		i	i					m	False	True	(0, -3, 1)	()	0	0	major	minor	i	i, major	i		i	i	True	i	i, minor		i, minor		i	-1	-1	-1	0	0	0	True	True	True
28720	20	70	-2	B	-1	3	8	1	1	True	2.0	-1	88	88	240	88b	359	1/16	False	4	False				False	324	i		F	i		i	i					m	False	True	(0, -3, 1)	()	0	0	major	minor	i	i, major	i		i	i	True	i	i, minor		i, minor		i	-1	-1	-1	-1	-1	-1	False	False	False
28740	20	67	1	G	0	3	8	1	1	True	2.5	-1	88	88	240	88b	1437/4	1/16	False	4	False				False	324	i		F	i		i	i					m	False	True	(0, -3, 1)	()	0	0	major	minor	i	i, major	i		i	i	True	i	i, minor		i, minor		i	-1	-1	-1	2	2	2	False	False	False
28760	40	65	-1	F	0	3	8	2	1	True	3.0	-1	88	88	240	88b	719/2	1/8	False	4	True				False	325	i(#7)		F	i		i(#7)	i			#7		m	False	True	(0, -3, 1)	(5,)	0	0	major	minor	i	i, major	i		i	i	True	i	i, minor		i(#7), minor		i	-1	-1	-1	0	0	0	True	True	True
28760	40	76	4	E	0	3	8	1	1	True	3.0	-1	88	88	240	88b	719/2	1/8	False	5	True				False	325	i(#7)		F	i		i(#7)	i			#7		m	False	True	(0, -3, 1)	(5,)	0	0	major	minor	i	i, major	i		i	i	True	i	i, minor		i(#7), minor		i	-1	-1	-1	5	5	5	False	False	False
28800	40	58	-2	B	-1	3	8	2	2	True	1.0	-1	89	89	241	89b	360	1/8	False	3	True				False	326	iv		F	i		iv	iv					m	False	True	(-1, -4, 0)	()	-1	-1	major	minor	i	i, major	iv		i	i	True	iv	iv, minor		iv, minor		iv	-1	-1	-1	-1	-1	-1	True	True	True
28800	40	65	-1	F	0	3	8	2	1	False	1.0	-1	89	89	241	89b	360	1/8	False	4	True				False	326	iv		F	i		iv	iv					m	False	True	(-1, -4, 0)	()	-1	-1	major	minor	i	i, major	iv		i	i	True	iv	iv, minor		iv, minor		iv	-1	-1	-1	0	0	0	True	False	False
28800	20	76	4	E	0	3	8	1	1	False	1.0	-1	89	89	241	89b	360	1/16	False	5	True				False	326	iv		F	i		iv	iv					m	False	True	(-1, -4, 0)	()	-1	-1	major	minor	i	i, major	iv		i	i	True	iv	iv, minor		iv, minor		iv	-1	-1	-1	5	5	5	False	False	False
28820	20	77	-1	F	0	3	8	1	1	True	1.5	-1	89	89	241	89b	1441/4	1/16	False	5	False				False	326	iv		F	i		iv	iv					m	False	True	(-1, -4, 0)	()	-1	-1	major	minor	i	i, major	iv		i	i	True	iv	iv, minor		iv, minor		iv	-1	-1	-1	0	0	0	True	False	False
28840	40	60	0	C	0	3	8	2	2	True	2.0	-1	89	89	241	89b	721/2	1/8	False	4	True				False	327	V(9)		F	i		V(9)	V			9		M	False	True	(1, 5, 2)	(-4,)	1	1	major	minor	i	i, major	V		i	i	True	V	V, minor		V(9), minor		V	-1	-1	-1	1	1	1	True	True	True
28840	20	73	-5	D	-1	3	8	1	1	True	2.0	-1	89	89	241	89b	721/2	1/16	False	5	True				False	327	V(9)		F	i		V(9)	V			9		M	False	True	(1, 5, 2)	(-4,)	1	1	major	minor	i	i, major	V		i	i	True	V	V, minor		V(9), minor		V	-1	-1	-1	-4	-4	-4	False	False	False
28860	20	70	-2	B	-1	3	8	1	1	True	2.5	-1	89	89	241	89b	1443/4	1/16	False	4	False				False	327	V(9)		F	i		V(9)	V			9		M	False	True	(1, 5, 2)	(-4,)	1	1	major	minor	i	i, major	V		i	i	True	V	V, minor		V(9), minor		V	-1	-1	-1	-1	-1	-1	False	False	False
28880	40	64	4	E	0	3	8	2	2	True	3.0	-1	89	89	241	89b	361	1/8	False	4	True				False	328	V6		F	i		V6	V		6			M	False	True	(5, 2, 1)	()	1	5	major	minor	i	i, major	V		i	i	True	V6	V6, minor		V6, minor		V	-1	-1	-1	5	5	5	True	False	True
28880	20	72	0	C	0	3	8	1	1	True	3.0	-1	89	89	241	89b	361	1/16	False	5	True				False	328	V6		F	i		V6	V		6			M	False	True	(5, 2, 1)	()	1	5	major	minor	i	i, major	V		i	i	True	V6	V6, minor		V6, minor		V	-1	-1	-1	1	1	1	True	True	False
28900	20	67	1	G	0	3	8	1	1	True	3.5	-1	89	89	241	89b	1445/4	1/16	False	4	False				False	328	V6		F	i		V6	V		6			M	False	True	(5, 2, 1)	()	1	5	major	minor	i	i, major	V		i	i	True	V6	V6, minor		V6, minor		V	-1	-1	-1	2	2	2	True	False	False
28920	40	53	-1	F	0	3	8	2	1	True	1.0	-1	90	90	242	90b	723/2	1/8	False	3	False	IAC	IAC	}	True	329	i|IAC}		F	i		i	i					m	False	True	(0, -3, 1)	()	0	0	major	minor	i	i, major	i		i	i	True	i	i, minor		i, minor		i	-1	-1	-1	0	0	0	True	True	True
28920	60	68	-4	A	-1	3	8	1	1	True	1.0	-1	90	90	242	90b	723/2	3/16	False	4	False	IAC	IAC	}	True	329	i|IAC}		F	i		i	i					m	False	True	(0, -3, 1)	()	0	0	major	minor	i	i, major	i		i	i	True	i	i, minor		i, minor		i	-1	-1	-1	-3	-3	-3	True	False	False
28960	40	65	-1	F	0	3	8	2	1	True	2.0	-1	90	90	242	90b	362	1/8	False	4	False				False	329	i|IAC}		F	i		i	i					m	False	True	(0, -3, 1)	()	0	0	major	minor	i	i, major	i		i	i	True	i	i, minor		i, minor		i	-1	-1	-1	0	0	0	True	True	True
28980	20	67	1	G	0	3	8	1	1	True	2.5	-1	90	90	242	90b	1449/4	1/16	False	4	False				False	329	i|IAC}		F	i		i	i					m	False	True	(0, -3, 1)	()	0	0	major	minor	i	i, major	i		i	i	True	i	i, minor		i, minor		i	-1	-1	-1	2	2	2	False	False	False
29000	40	65	-1	F	0	3	8	1	1	True	3.0	-1	90	90	242	90b	725/2	1/8	False	4	False				False	329	i|IAC}		F	i		i	i					m	False	True	(0, -3, 1)	()	0	0	major	minor	i	i, major	i		i	i	True	i	i, minor		i, minor		i	-1	-1	-1	0	0	0	True	True	True
29040	80	65	-1	F	0	3	8	2	1	True	1.0	-1	91	91	243	91b	363	1/4	False	4	True			{	False	330	i{		F	i		i	i					m	False	True	(0, -3, 1)	()	0	0	major	minor	i	i, major	i		i	i	True	i	i, minor		i, minor		i	-1	-1	-1	0	0	0	True	True	True
29060	20	72	0	C	0	3	8	1	1	True	1.5	-1	91	91	243	91b	1453/4	1/16	False	5	False				False	330	i{		F	i		i	i					m	False	True	(0, -3, 1)	()	0	0	major	minor	i	i, major	i		i	i	True	i	i, minor		i, minor		i	-1	-1	-1	1	1	1	True	False	False
29080	20	73	-5	D	-1	3	8	1	1	True	2.0	-1	91	91	243	91b	727/2	1/16	False	5	False				False	330	i{		F	i		i	i					m	False	True	(0, -3, 1)	()	0	0	major	minor	i	i, major	i		i	i	True	i	i, minor		i, minor		i	-1	-1	-1	-4	-4	-4	False	False	False
29100	20	72	0	C	0	3	8	1	1	True	2.5	-1	91	91	243	91b	1455/4	1/16	False	5	False				False	330	i{		F	i		i	i					m	False	True	(0, -3, 1)	()	0	0	major	minor	i	i, major	i		i	i	True	i	i, minor		i, minor		i	-1	-1	-1	1	1	1	True	False	False
29120	40	63	-3	E	-1	3	8	2	1	True	3.0	-1	91	91	243	91b	364	1/8	False	4	True				False	331	v6		F	i		v6	v		6			m	False	True	(-2, 2, 1)	()	1	-2	major	minor	i	i, major	v		i	i	True	v6	v6, minor		v6, minor		v	-1	-1	-1	-2	-2	-2	True	False	True
29120	20	80	-4	A	-1	3	8	1	1	True	3.0	-1	91	91	243	91b	364	1/16	False	5	True				False	331	v6		F	i		v6	v		6			m	False	True	(-2, 2, 1)	()	1	-2	major	minor	i	i, major	v		i	i	True	v6	v6, minor		v6, minor		v	-1	-1	-1	-3	-3	-3	False	False	False
29140	20	79	1	G	0	3	8	1	1	True	3.5	-1	91	91	243	91b	1457/4	1/16	False	5	False				False	331	v6		F	i		v6	v		6			m	False	True	(-2, 2, 1)	()	1	-2	major	minor	i	i, major	v		i	i	True	v6	v6, minor		v6, minor		v	-1	-1	-1	2	2	2	True	False	False
29160	80	61	-5	D	-1	3	8	2	1	True	1.0	-1	92	92	244	92b	729/2	1/4	False	4	True				False	332	iv6		F	i		iv6	iv		6			m	False	True	(-4, 0, -1)	()	-1	-4	major	minor	i	i, major	iv		i	i	True	iv6	iv6, minor		iv6, minor		iv	-1	-1	-1	-4	-4	-4	True	False	True
29160	20	76	4	E	0	3	8	1	1	True	1.0	-1	92	92	244	92b	729/2	1/16	False	5	True				False	332	iv6		F	i		iv6	iv		6			m	False	True	(-4, 0, -1)	()	-1	-4	major	minor	i	i, major	iv		i	i	True	iv6	iv6, minor		iv6, minor		iv	-1	-1	-1	5	5	5	False	False	False
29180	20	77	-1	F	0	3	8	1	1	True	1.5	-1	92	92	244	92b	1459/4	1/16	False	5	False				False	332	iv6		F	i		iv6	iv		6			m	False	True	(-4, 0, -1)	()	-1	-4	major	minor	i	i, major	iv		i	i	True	iv6	iv6, minor		iv6, minor		iv	-1	-1	-1	0	0	0	True	False	False
29200	20	69	3	A	0	3	8	1	1	True	2.0	-1	92	92	244	92b	365	1/16	False	4	False				False	332	iv6		F	i		iv6	iv		6			m	False	True	(-4, 0, -1)	()	-1	-4	major	minor	i	i, major	iv		i	i	True	iv6	iv6, minor		iv6, minor		iv	-1	-1	-1	4	4	4	False	False	False
29220	20	70	-2	B	-1	3	8	1	1	True	2.5	-1	92	92	244	92b	1461/4	1/16	False	4	False				False	332	iv6		F	i		iv6	iv		6			m	False	True	(-4, 0, -1)	()	-1	-4	major	minor	i	i, major	iv		i	i	True	iv6	iv6, minor		iv6, minor		iv	-1	-1	-1	-1	-1	-1	True	True	False
29240	40	60	0	C	0	3	8	2	1	True	3.0	-1	92	92	244	92b	731/2	1/8	False	4	True				False	333	III6		F	i		III6	III		6			M	False	True	(1, -2, -3)	()	-3	1	major	minor	i	i, major	III		i	i	True	III6	III6, minor		III6, minor		III	-1	-1	-1	1	1	1	True	False	True
29240	20	77	-1	F	0	3	8	1	1	True	3.0	-1	92	92	244	92b	731/2	1/16	False	5	True				False	333	III6		F	i		III6	III		6			M	False	True	(1, -2, -3)	()	-3	1	major	minor	i	i, major	III		i	i	True	III6	III6, minor		III6, minor		III	-1	-1	-1	0	0	0	False	False	False
29260	20	75	-3	E	-1	3	8	1	1	True	3.5	-1	92	92	244	92b	1463/4	1/16	False	5	False				False	333	III6		F	i		III6	III		6			M	False	True	(1, -2, -3)	()	-3	1	major	minor	i	i, major	III		i	i	True	III6	III6, minor		III6, minor		III	-1	-1	-1	-2	-2	-2	True	False	False
29280	80	58	-2	B	-1	3	8	2	1	True	1.0	-1	93	93	245	93b	366	1/4	False	3	True				False	334	iv		F	i		iv	iv					m	False	True	(-1, -4, 0)	()	-1	-1	major	minor	i	i, major	iv		i	i	True	iv	iv, minor		iv, minor		iv	-1	-1	-1	-1	-1	-1	True	True	True
29280	20	72	0	C	0	3	8	1	1	True	1.0	-1	93	93	245	93b	366	1/16	False	5	True				False	334	iv		F	i		iv	iv					m	False	True	(-1, -4, 0)	()	-1	-1	major	minor	i	i, major	iv		i	i	True	iv	iv, minor		iv, minor		iv	-1	-1	-1	1	1	1	False	False	False
29300	20	73	-5	D	-1	3	8	1	1	True	1.5	-1	93	93	245	93b	1465/4	1/16	False	5	False				False	334	iv		F	i		iv	iv					m	False	True	(-1, -4, 0)	()	-1	-1	major	minor	i	i, major	iv		i	i	True	iv	iv, minor		iv, minor		iv	-1	-1	-1	-4	-4	-4	True	False	False
29320	20	64	4	E	0	3	8	1	1	True	2.0	-1	93	93	245	93b	733/2	1/16	False	4	False				False	334	iv		F	i		iv	iv					m	False	True	(-1, -4, 0)	()	-1	-1	major	minor	i	i, major	iv		i	i	True	iv	iv, minor		iv, minor		iv	-1	-1	-1	5	5	5	False	False	False
29340	20	65	-1	F	0	3	8	1	1	True	2.5	-1	93	93	245	93b	1467/4	1/16	False	4	False				False	334	iv		F	i		iv	iv					m	False	True	(-1, -4, 0)	()	-1	-1	major	minor	i	i, major	iv		i	i	True	iv	iv, minor		iv, minor		iv	-1	-1	-1	0	0	0	True	False	False
29360	40	56	-4	A	-1	3	8	2	1	True	3.0	-1	93	93	245	93b	367	1/8	False	3	True				False	335	i6		F	i		i6	i		6			m	False	True	(-3, 1, 0)	()	0	-3	major	minor	i	i, major	i		i	i	True	i6	i6, minor		i6, minor		i	-1	-1	-1	-3	-3	-3	True	False	True
29360	40	60	0	C	0	3	8	2	1	True	3.0	-1	93	93	245	93b	367	1/8	False	4	True				False	335	i6		F	i		i6	i		6			m	False	True	(-3, 1, 0)	()	0	-3	major	minor	i	i, major	i		i	i	True	i6	i6, minor		i6, minor		i	-1	-1	-1	1	1	1	True	False	False
29360	20	68	-4	A	-1	3	8	1	1	True	3.0	-1	93	93	245	93b	367	1/16	False	4	True				False	335	i6		F	i		i6	i		6			m	False	True	(-3, 1, 0)	()	0	-3	major	minor	i	i, major	i		i	i	True	i6	i6, minor		i6, minor		i	-1	-1	-1	-3	-3	-3	True	False	True
29380	20	67	1	G	0	3	8	1	1	True	3.5	-1	93	93	245	93b	1469/4	1/16	False	4	False				False	335	i6		F	i		i6	i		6			m	False	True	(-3, 1, 0)	()	0	-3	major	minor	i	i, major	i		i	i	True	i6	i6, minor		i6, minor		i	-1	-1	-1	2	2	2	False	False	False
29400	40	55	1	G	0	3	8	2	2	True	1.0	-1	94	94	246	94b	735/2	1/8	False	3	True				False	336	V43		F	i		V43	V		43			Mm7	False	True	(2, -1, 1, 5)	()	1	2	major	minor	i	i, major	V		i	i	True	V43	V43, minor		V43, minor		V	-1	-1	-1	2	2	2	True	False	True
29400	120	60	0	C	0	3	8	2	1	True	1.0	-1	94	94	246	94b	735/2	3/8	False	4	True				False	336	V43		F	i		V43	V		43			Mm7	False	True	(2, -1, 1, 5)	()	1	2	major	minor	i	i, major	V		i	i	True	V43	V43, minor		V43, minor		V	-1	-1	-1	1	1	1	True	True	False
29400	40	64	4	E	0	3	8	1	2	True	1.0	-1	94	94	246	94b	735/2	1/8	False	4	True				False	336	V43		F	i		V43	V		43			Mm7	False	True	(2, -1, 1, 5)	()	1	2	major	minor	i	i, major	V		i	i	True	V43	V43, minor		V43, minor		V	-1	-1	-1	5	5	5	True	False	False
29400	20	72	0	C	0	3	8	1	1	True	1.0	-1	94	94	246	94b	735/2	1/16	False	5	True				False	336	V43		F	i		V43	V		43			Mm7	False	True	(2, -1, 1, 5)	()	1	2	major	minor	i	i, major	V		i	i	True	V43	V43, minor		V43, minor		V	-1	-1	-1	1	1	1	True	True	False
29420	20	70	-2	B	-1	3	8	1	1	True	1.5	-1	94	94	246	94b	1471/4	1/16	False	4	False				False	336	V43		F	i		V43	V		43			Mm7	False	True	(2, -1, 1, 5)	()	1	2	major	minor	i	i, major	V		i	i	True	V43	V43, minor		V43, minor		V	-1	-1	-1	-1	-1	-1	True	False	False
29440	40	53	-1	F	0	3	8	2	2	True	2.0	-1	94	94	246	94b	368	1/8	False	3	True				False	337	i		F	i		i	i					m	False	True	(0, -3, 1)	()	0	0	major	minor	i	i, major	i		i	i	True	i	i, minor		i, minor		i	-1	-1	-1	0	0	0	True	True	True
29440	60	68	-4	A	-1	3	8	1	1	True	2.0	-1	94	94	246	94b	368	3/16	False	4	True				False	337	i		F	i		i	i					m	False	True	(0, -3, 1)	()	0	0	major	minor	i	i, major	i		i	i	True	i	i, minor		i, minor		i	-1	-1	-1	-3	-3	-3	True	False	False
29480	40	65	-1	F	0	3	8	2	2	True	3.0	-1	94	94	246	94b	737/2	1/8	False	4	False				False	337	i		F	i		i	i					m	False	True	(0, -3, 1)	()	0	0	major	minor	i	i, major	i		i	i	True	i	i, minor		i, minor		i	-1	-1	-1	0	0	0	True	True	True
29500	10	67	1	G	0	3	8	1	1	True	3.5	-1	94	94	246	94b	1475/4	1/32	False	4	False				False	337	i		F	i		i	i					m	False	True	(0, -3, 1)	()	0	0	major	minor	i	i, major	i		i	i	True	i	i, minor		i, minor		i	-1	-1	-1	2	2	2	False	False	False
29510	10	68	-4	A	-1	3	8	1	1	True	3.75	-1	94	94	246	94b	2951/8	1/32	False	4	False				False	337	i		F	i		i	i					m	False	True	(0, -3, 1)	()	0	0	major	minor	i	i, major	i		i	i	True	i	i, minor		i, minor		i	-1	-1	-1	-3	-3	-3	True	False	False
29520	0	68	-4	A	-1	3	8	1	1	True	1.0	-1	95	95	247	95b	369	0	False	4	True	HC	HC	}	True	338	V|HC}		F	i		V	V					M	False	True	(1, 5, 2)	()	1	1	major	minor	i	i, major	V		i	i	True	V	V, minor		V, minor		V	-1	-1	-1	-3	-3	-3	False	False	False
29520	20	60	0	C	0	3	8	2	1	True	1.0	-1	95	95	247	95b	369	1/16	False	4	True	HC	HC	}	True	338	V|HC}		F	i		V	V					M	False	True	(1, 5, 2)	()	1	1	major	minor	i	i, major	V		i	i	True	V	V, minor		V, minor		V	-1	-1	-1	1	1	1	True	True	True
29520	120	67	1	G	0	3	8	1	1	True	1.0	-1	95	95	247	95b	369	3/8	False	4	True	HC	HC	}	True	338	V|HC}		F	i		V	V					M	False	True	(1, 5, 2)	()	1	1	major	minor	i	i, major	V		i	i	True	V	V, minor		V, minor		V	-1	-1	-1	2	2	2	True	False	False
29540	20	61	-5	D	-1	3	8	2	1	True	1.5	-1	95	95	247	95b	1477/4	1/16	False	4	False				False	338	V|HC}		F	i		V	V					M	False	True	(1, 5, 2)	()	1	1	major	minor	i	i, major	V		i	i	True	V	V, minor		V, minor		V	-1	-1	-1	-4	-4	-4	False	False	False
29560	20	60	0	C	0	3	8	2	1	True	2.0	-1	95	95	247	95b	739/2	1/16	False	4	False				False	338	V|HC}		F	i		V	V					M	False	True	(1, 5, 2)	()	1	1	major	minor	i	i, major	V		i	i	True	V	V, minor		V, minor		V	-1	-1	-1	1	1	1	True	True	True
29580	20	58	-2	B	-1	3	8	2	1	True	2.5	-1	95	95	247	95b	1479/4	1/16	False	3	False				False	338	V|HC}		F	i		V	V					M	False	True	(1, 5, 2)	()	1	1	major	minor	i	i, major	V		i	i	True	V	V, minor		V, minor		V	-1	-1	-1	-1	-1	-1	False	False	False
29600	20	56	-4	A	-1	3	8	2	1	True	3.0	-1	95	95	247	95b	370	1/16	False	3	False				False	338	V|HC}		F	i		V	V					M	False	True	(1, 5, 2)	()	1	1	major	minor	i	i, major	V		i	i	True	V	V, minor		V, minor		V	-1	-1	-1	-3	-3	-3	False	False	False
29620	20	55	1	G	0	3	8	2	1	True	3.5	-1	95	95	247	95b	1481/4	1/16	False	3	False				False	338	V|HC}		F	i		V	V					M	False	True	(1, 5, 2)	()	1	1	major	minor	i	i, major	V		i	i	True	V	V, minor		V, minor		V	-1	-1	-1	2	2	2	True	False	False
29640	80	53	-1	F	0	3	8	2	2	True	1.0	-1	96	96	248	96b	741/2	1/4	False	3	True			{	False	339	i{		F	i		i	i					m	False	True	(0, -3, 1)	()	0	0	major	minor	i	i, major	i		i	i	True	i	i, minor		i, minor		i	-1	-1	-1	0	0	0	True	True	True
29640	80	65	-1	F	0	3	8	2	1	True	1.0	-1	96	96	248	96b	741/2	1/4	False	4	True			{	False	339	i{		F	i		i	i					m	False	True	(0, -3, 1)	()	0	0	major	minor	i	i, major	i		i	i	True	i	i, minor		i, minor		i	-1	-1	-1	0	0	0	True	True	True
29660	20	72	0	C	0	3	8	1	1	True	1.5	-1	96	96	248	96b	1483/4	1/16	False	5	False				False	339	i{		F	i		i	i					m	False	True	(0, -3, 1)	()	0	0	major	minor	i	i, major	i		i	i	True	i	i, minor		i, minor		i	-1	-1	-1	1	1	1	True	False	False
29680	20	73	-5	D	-1	3	8	1	1	True	2.0	-1	96	96	248	96b	371	1/16	False	5	False				False	339	i{		F	i		i	i					m	False	True	(0, -3, 1)	()	0	0	major	minor	i	i, major	i		i	i	True	i	i, minor		i, minor		i	-1	-1	-1	-4	-4	-4	False	False	False
29700	20	72	0	C	0	3	8	1	1	True	2.5	-1	96	96	248	96b	1485/4	1/16	False	5	False				False	339	i{		F	i		i	i					m	False	True	(0, -3, 1)	()	0	0	major	minor	i	i, major	i		i	i	True	i	i, minor		i, minor		i	-1	-1	-1	1	1	1	True	False	False
29720	40	64	4	E	0	3	8	2	1	True	3.0	-1	96	96	248	96b	743/2	1/8	False	4	True				False	340	v6		F	i		v6	v		6			m	False	True	(-2, 2, 1)	()	1	-2	major	minor	i	i, major	v		i	i	True	v6	v6, minor		v6, minor		v	-1	-1	-1	5	5	5	False	False	False
29720	20	80	-4	A	-1	3	8	1	1	True	3.0	-1	96	96	248	96b	743/2	1/16	False	5	True				False	340	v6		F	i		v6	v		6			m	False	True	(-2, 2, 1)	()	1	-2	major	minor	i	i, major	v		i	i	True	v6	v6, minor		v6, minor		v	-1	-1	-1	-3	-3	-3	False	False	False
29740	20	79	1	G	0	3	8	1	1	True	3.5	-1	96	96	248	96b	1487/4	1/16	False	5	False				False	340	v6		F	i		v6	v		6			m	False	True	(-2, 2, 1)	()	1	-2	major	minor	i	i, major	v		i	i	True	v6	v6, minor		v6, minor		v	-1	-1	-1	2	2	2	True	False	False
29760	80	61	-5	D	-1	3	8	2	1	True	1.0	-1	97	97	249	97b	372	1/4	False	4	True				False	341	iv6		F	i		iv6	iv		6			m	False	True	(-4, 0, -1)	()	-1	-4	major	minor	i	i, major	iv		i	i	True	iv6	iv6, minor		iv6, minor		iv	-1	-1	-1	-4	-4	-4	True	False	True
29760	20	76	4	E	0	3	8	1	1	True	1.0	-1	97	97	249	97b	372	1/16	False	5	True				False	341	iv6		F	i		iv6	iv		6			m	False	True	(-4, 0, -1)	()	-1	-4	major	minor	i	i, major	iv		i	i	True	iv6	iv6, minor		iv6, minor		iv	-1	-1	-1	5	5	5	False	False	False
29780	20	77	-1	F	0	3	8	1	1	True	1.5	-1	97	97	249	97b	1489/4	1/16	False	5	False				False	341	iv6		F	i		iv6	iv		6			m	False	True	(-4, 0, -1)	()	-1	-4	major	minor	i	i, major	iv		i	i	True	iv6	iv6, minor		iv6, minor		iv	-1	-1	-1	0	0	0	True	False	False
29800	20	69	3	A	0	3	8	1	1	True	2.0	-1	97	97	249	97b	745/2	1/16	False	4	False				False	341	iv6		F	i		iv6	iv		6			m	False	True	(-4, 0, -1)	()	-1	-4	major	minor	i	i, major	iv		i	i	True	iv6	iv6, minor		iv6, minor		iv	-1	-1	-1	4	4	4	False	False	False
29820	20	70	-2	B	-1	3	8	1	1	True	2.5	-1	97	97	249	97b	1491/4	1/16	False	4	False				False	341	iv6		F	i		iv6	iv		6			m	False	True	(-4, 0, -1)	()	-1	-4	major	minor	i	i, major	iv		i	i	True	iv6	iv6, minor		iv6, minor		iv	-1	-1	-1	-1	-1	-1	True	True	False
29840	40	60	0	C	0	3	8	2	1	True	3.0	-1	97	97	249	97b	373	1/8	False	4	True				False	342	III6		F	i		III6	III		6			M	False	True	(1, -2, -3)	()	-3	1	major	minor	i	i, major	III		i	i	True	III6	III6, minor		III6, minor		III	-1	-1	-1	1	1	1	True	False	True
29840	20	77	-1	F	0	3	8	1	1	True	3.0	-1	97	97	249	97b	373	1/16	False	5	True				False	342	III6		F	i		III6	III		6			M	False	True	(1, -2, -3)	()	-3	1	major	minor	i	i, major	III		i	i	True	III6	III6, minor		III6, minor		III	-1	-1	-1	0	0	0	False	False	False
29860	20	75	-3	E	-1	3	8	1	1	True	3.5	-1	97	97	249	97b	1493/4	1/16	False	5	False				False	342	III6		F	i		III6	III		6			M	False	True	(1, -2, -3)	()	-3	1	major	minor	i	i, major	III		i	i	True	III6	III6, minor		III6, minor		III	-1	-1	-1	-2	-2	-2	True	False	False
29880	80	58	-2	B	-1	3	8	2	1	True	1.0	-1	98	98	250	98b	747/2	1/4	False	3	True				False	343	iv		F	i		iv	iv					m	False	True	(-1, -4, 0)	()	-1	-1	major	minor	i	i, major	iv		i	i	True	iv	iv, minor		iv, minor		iv	-1	-1	-1	-1	-1	-1	True	True	True
29880	20	72	0	C	0	3	8	1	1	True	1.0	-1	98	98	250	98b	747/2	1/16	False	5	True				False	343	iv		F	i		iv	iv					m	False	True	(-1, -4, 0)	()	-1	-1	major	minor	i	i, major	iv		i	i	True	iv	iv, minor		iv, minor		iv	-1	-1	-1	1	1	1	False	False	False
29900	20	73	-5	D	-1	3	8	1	1	True	1.5	-1	98	98	250	98b	1495/4	1/16	False	5	False				False	343	iv		F	i		iv	iv					m	False	True	(-1, -4, 0)	()	-1	-1	major	minor	i	i, major	iv		i	i	True	iv	iv, minor		iv, minor		iv	-1	-1	-1	-4	-4	-4	True	False	False
29920	20	64	4	E	0	3	8	1	1	True	2.0	-1	98	98	250	98b	374	1/16	False	4	False				False	343	iv		F	i		iv	iv					m	False	True	(-1, -4, 0)	()	-1	-1	major	minor	i	i, major	iv		i	i	True	iv	iv, minor		iv, minor		iv	-1	-1	-1	5	5	5	False	False	False
29940	20	65	-1	F	0	3	8	1	1	True	2.5	-1	98	98	250	98b	1497/4	1/16	False	4	False				False	343	iv		F	i		iv	iv					m	False	True	(-1, -4, 0)	()	-1	-1	major	minor	i	i, major	iv		i	i	True	iv	iv, minor		iv, minor		iv	-1	-1	-1	0	0	0	True	False	False
29960	40	56	-4	A	-1	3	8	2	1	True	3.0	-1	98	98	250	98b	749/2	1/8	False	3	True				False	344	i6		F	i		i6	i		6			m	False	True	(-3, 1, 0)	()	0	-3	major	minor	i	i, major	i		i	i	True	i6	i6, minor		i6, minor		i	-1	-1	-1	-3	-3	-3	True	False	True
29960	40	60	0	C	0	3	8	2	1	True	3.0	-1	98	98	250	98b	749/2	1/8	False	4	True				False	344	i6		F	i		i6	i		6			m	False	True	(-3, 1, 0)	()	0	-3	major	minor	i	i, major	i		i	i	True	i6	i6, minor		i6, minor		i	-1	-1	-1	1	1	1	True	False	False
29960	20	68	-4	A	-1	3	8	1	1	True	3.0	-1	98	98	250	98b	749/2	1/16	False	4	True				False	344	i6		F	i		i6	i		6			m	False	True	(-3, 1, 0)	()	0	-3	major	minor	i	i, major	i		i	i	True	i6	i6, minor		i6, minor		i	-1	-1	-1	-3	-3	-3	True	False	True
29980	20	67	1	G	0	3	8	1	1	True	3.5	-1	98	98	250	98b	1499/4	1/16	False	4	False				False	344	i6		F	i		i6	i		6			m	False	True	(-3, 1, 0)	()	0	-3	major	minor	i	i, major	i		i	i	True	i6	i6, minor		i6, minor		i	-1	-1	-1	2	2	2	False	False	False
30000	40	55	1	G	0	3	8	2	2	True	1.0	-1	99	99	251	99b	375	1/8	False	3	True				False	345	V43		F	i		V43	V		43			Mm7	False	True	(2, -1, 1, 5)	()	1	2	major	minor	i	i, major	V		i	i	True	V43	V43, minor		V43, minor		V	-1	-1	-1	2	2	2	True	False	True
30000	120	60	0	C	0	3	8	2	1	True	1.0	-1	99	99	251	99b	375	3/8	False	4	True				False	345	V43		F	i		V43	V		43			Mm7	False	True	(2, -1, 1, 5)	()	1	2	major	minor	i	i, major	V		i	i	True	V43	V43, minor		V43, minor		V	-1	-1	-1	1	1	1	True	True	False
30000	40	64	4	E	0	3	8	1	2	True	1.0	-1	99	99	251	99b	375	1/8	False	4	True				False	345	V43		F	i		V43	V		43			Mm7	False	True	(2, -1, 1, 5)	()	1	2	major	minor	i	i, major	V		i	i	True	V43	V43, minor		V43, minor		V	-1	-1	-1	5	5	5	True	False	False
30000	20	72	0	C	0	3	8	1	1	True	1.0	-1	99	99	251	99b	375	1/16	False	5	True				False	345	V43		F	i		V43	V		43			Mm7	False	True	(2, -1, 1, 5)	()	1	2	major	minor	i	i, major	V		i	i	True	V43	V43, minor		V43, minor		V	-1	-1	-1	1	1	1	True	True	False
30020	20	70	-2	B	-1	3	8	1	1	True	1.5	-1	99	99	251	99b	1501/4	1/16	False	4	False				False	345	V43		F	i		V43	V		43			Mm7	False	True	(2, -1, 1, 5)	()	1	2	major	minor	i	i, major	V		i	i	True	V43	V43, minor		V43, minor		V	-1	-1	-1	-1	-1	-1	True	False	False
30040	40	53	-1	F	0	3	8	2	2	True	2.0	-1	99	99	251	99b	751/2	1/8	False	3	True				False	346	i		F	i		i	i					m	False	True	(0, -3, 1)	()	0	0	major	minor	i	i, major	i		i	i	True	i	i, minor		i, minor		i	-1	-1	-1	0	0	0	True	True	True
30040	60	68	-4	A	-1	3	8	1	1	True	2.0	-1	99	99	251	99b	751/2	3/16	False	4	True				False	346	i		F	i		i	i					m	False	True	(0, -3, 1)	()	0	0	major	minor	i	i, major	i		i	i	True	i	i, minor		i, minor		i	-1	-1	-1	-3	-3	-3	True	False	False
30080	40	65	-1	F	0	3	8	2	2	True	3.0	-1	99	99	251	99b	376	1/8	False	4	False				False	346	i		F	i		i	i					m	False	True	(0, -3, 1)	()	0	0	major	minor	i	i, major	i		i	i	True	i	i, minor		i, minor		i	-1	-1	-1	0	0	0	True	True	True
30100	10	67	1	G	0	3	8	1	1	True	3.5	-1	99	99	251	99b	1505/4	1/32	False	4	False				False	346	i		F	i		i	i					m	False	True	(0, -3, 1)	()	0	0	major	minor	i	i, major	i		i	i	True	i	i, minor		i, minor		i	-1	-1	-1	2	2	2	False	False	False
30110	10	68	-4	A	-1	3	8	1	1	True	3.75	-1	99	99	251	99b	3011/8	1/32	False	4	False				False	346	i		F	i		i	i					m	False	True	(0, -3, 1)	()	0	0	major	minor	i	i, major	i		i	i	True	i	i, minor		i, minor		i	-1	-1	-1	-3	-3	-3	True	False	False
30120	40	60	0	C	0	3	8	2	1	True	1.0	-1	100	100	252	100b	753/2	1/8	False	4	True	HC	HC	}	True	347	V|HC}		F	i		V	V					M	False	True	(1, 5, 2)	()	1	1	major	minor	i	i, major	V		i	i	True	V	V, minor		V, minor		V	-1	-1	-1	1	1	1	True	True	True
30120	120	67	1	G	0	3	8	1	1	True	1.0	-1	100	100	252	100b	753/2	3/8	False	4	True	HC	HC	}	True	347	V|HC}		F	i		V	V					M	False	True	(1, 5, 2)	()	1	1	major	minor	i	i, major	V		i	i	True	V	V, minor		V, minor		V	-1	-1	-1	2	2	2	True	False	False
30160	40	48	0	C	0	3	8	2	1	True	2.0	-1	100	100	252	100b	377	1/8	False	3	False				False	347	V|HC}		F	i		V	V					M	False	True	(1, 5, 2)	()	1	1	major	minor	i	i, major	V		i	i	True	V	V, minor		V, minor		V	-1	-1	-1	1	1	1	True	True	True
30200	40	36	0	C	0	3	8	2	1	True	3.0	-1	100	100	252	100b	755/2	1/8	False	2	False				False	347	V|HC}		F	i		V	V					M	False	True	(1, 5, 2)	()	1	1	major	minor	i	i, major	V		i	i	True	V	V, minor		V, minor		V	-1	-1	-1	1	1	1	True	True	True
30240	20	60	0	C	0	3	8	2	1	True	1.0	-1	101	101	253	101b	378	1/16	False	4	True			{	False	348	i/v{		F	i		i/v	i				v	m	False	True	(1, -2, 2)	()	1	1	major	minor	i	i, major	i/v	v	v/i	v	True	i/v	i/v, minor		i/v, minor	v	v	-1	-1	0	1	1	0	True	True	True
30240	40	79	1	G	0	3	8	1	1	True	1.0	-1	101	101	253	101b	378	1/8	False	5	True			{	False	348	i/v{		F	i		i/v	i				v	m	False	True	(1, -2, 2)	()	1	1	major	minor	i	i, major	i/v	v	v/i	v	True	i/v	i/v, minor		i/v, minor	v	v	-1	-1	0	2	2	1	True	False	False
30260	20	63	-3	E	-1	3	8	2	1	True	1.5	-1	101	101	253	101b	1513/4	1/16	False	4	False				False	348	i/v{		F	i		i/v	i				v	m	False	True	(1, -2, 2)	()	1	1	major	minor	i	i, major	i/v	v	v/i	v	True	i/v	i/v, minor		i/v, minor	v	v	-1	-1	0	-2	-2	-3	True	False	False
30280	20	62	2	D	0	3	8	2	1	True	2.0	-1	101	101	253	101b	757/2	1/16	False	4	False				False	348	i/v{		F	i		i/v	i				v	m	False	True	(1, -2, 2)	()	1	1	major	minor	i	i, major	i/v	v	v/i	v	True	i/v	i/v, minor		i/v, minor	v	v	-1	-1	0	3	3	2	False	False	False
30280	40	71	5	B	0	3	8	1	1	True	2.0	-1	101	101	253	101b	757/2	1/8	False	4	False				False	348	i/v{		F	i		i/v	i				v	m	False	True	(1, -2, 2)	()	1	1	major	minor	i	i, major	i/v	v	v/i	v	True	i/v	i/v, minor		i/v, minor	v	v	-1	-1	0	6	6	5	False	False	False
30300	20	65	-1	F	0	3	8	2	1	True	2.5	-1	101	101	253	101b	1515/4	1/16	False	4	False				False	348	i/v{		F	i		i/v	i				v	m	False	True	(1, -2, 2)	()	1	1	major	minor	i	i, major	i/v	v	v/i	v	True	i/v	i/v, minor		i/v, minor	v	v	-1	-1	0	0	0	-1	False	False	False
30320	40	63	-3	E	-1	3	8	2	1	True	3.0	-1	101	101	253	101b	379	1/8	False	4	False				False	348	i/v{		F	i		i/v	i				v	m	False	True	(1, -2, 2)	()	1	1	major	minor	i	i, major	i/v	v	v/i	v	True	i/v	i/v, minor		i/v, minor	v	v	-1	-1	0	-2	-2	-3	True	False	False
30320	40	72	0	C	0	3	8	1	1	True	3.0	-1	101	101	253	101b	379	1/8	False	5	False				False	348	i/v{		F	i		i/v	i				v	m	False	True	(1, -2, 2)	()	1	1	major	minor	i	i, major	i/v	v	v/i	v	True	i/v	i/v, minor		i/v, minor	v	v	-1	-1	0	1	1	0	True	True	True
30360	40	43	1	G	0	3	8	2	1	True	1.0	-1	102	102	254	102b	759/2	1/8	False	2	True				False	349	V/v		F	i		V/v	V				v	M	False	True	(2, 6, 3)	()	2	2	major	minor	i	i, major	V/v	v	v/i	v	True	V/v	V/v, minor		V/v, minor	v	v	-1	-1	0	2	2	1	True	True	True
30360	60	74	2	D	0	3	8	1	1	True	1.0	-1	102	102	254	102b	759/2	3/16	False	5	True				False	349	V/v		F	i		V/v	V				v	M	False	True	(2, 6, 3)	()	2	2	major	minor	i	i, major	V/v	v	v/i	v	True	V/v	V/v, minor		V/v, minor	v	v	-1	-1	0	3	3	2	True	False	False
30400	40	43	1	G	0	3	8	2	1	True	2.0	-1	102	102	254	102b	380	1/8	False	2	False				False	349	V/v		F	i		V/v	V				v	M	False	True	(2, 6, 3)	()	2	2	major	minor	i	i, major	V/v	v	v/i	v	True	V/v	V/v, minor		V/v, minor	v	v	-1	-1	0	2	2	1	True	True	True
30420	10	75	-3	E	-1	3	8	1	1	True	2.5	-1	102	102	254	102b	1521/4	1/32	False	5	False				False	349	V/v		F	i		V/v	V				v	M	False	True	(2, 6, 3)	()	2	2	major	minor	i	i, major	V/v	v	v/i	v	True	V/v	V/v, minor		V/v, minor	v	v	-1	-1	0	-2	-2	-3	False	False	False
30430	10	77	-1	F	0	3	8	1	1	True	2.75	-1	102	102	254	102b	3043/8	1/32	False	5	False				False	349	V/v		F	i		V/v	V				v	M	False	True	(2, 6, 3)	()	2	2	major	minor	i	i, major	V/v	v	v/i	v	True	V/v	V/v, minor		V/v, minor	v	v	-1	-1	0	0	0	-1	False	False	False
30440	40	48	0	C	0	3	8	2	1	True	3.0	-1	102	102	254	102b	761/2	1/8	False	3	True				False	350	i/v		F	i		i/v	i				v	m	False	True	(1, -2, 2)	()	1	1	major	minor	i	i, major	i/v	v	v/i	v	True	i/v	i/v, minor		i/v, minor	v	v	-1	-1	0	1	1	0	True	True	True
30440	40	75	-3	E	-1	3	8	1	1	True	3.0	-1	102	102	254	102b	761/2	1/8	False	5	True				False	350	i/v		F	i		i/v	i				v	m	False	True	(1, -2, 2)	()	1	1	major	minor	i	i, major	i/v	v	v/i	v	True	i/v	i/v, minor		i/v, minor	v	v	-1	-1	0	-2	-2	-3	True	False	False
30480	20	60	0	C	0	3	8	2	1	True	1.0	-1	103	103	255	103b	381	1/16	False	4	False				False	350	i/v		F	i		i/v	i				v	m	False	True	(1, -2, 2)	()	1	1	major	minor	i	i, major	i/v	v	v/i	v	True	i/v	i/v, minor		i/v, minor	v	v	-1	-1	0	1	1	0	True	True	True
30480	40	79	1	G	0	3	8	1	1	True	1.0	-1	103	103	255	103b	381	1/8	False	5	False				False	350	i/v		F	i		i/v	i				v	m	False	True	(1, -2, 2)	()	1	1	major	minor	i	i, major	i/v	v	v/i	v	True	i/v	i/v, minor		i/v, minor	v	v	-1	-1	0	2	2	1	True	False	False
30500	20	63	-3	E	-1	3	8	2	1	True	1.5	-1	103	103	255	103b	1525/4	1/16	False	4	False				False	350	i/v		F	i		i/v	i				v	m	False	True	(1, -2, 2)	()	1	1	major	minor	i	i, major	i/v	v	v/i	v	True	i/v	i/v, minor		i/v, minor	v	v	-1	-1	0	-2	-2	-3	True	False	False
30520	20	62	2	D	0	3	8	2	1	True	2.0	-1	103	103	255	103b	763/2	1/16	False	4	False				False	350	i/v		F	i		i/v	i				v	m	False	True	(1, -2, 2)	()	1	1	major	minor	i	i, major	i/v	v	v/i	v	True	i/v	i/v, minor		i/v, minor	v	v	-1	-1	0	3	3	2	False	False	False
30520	40	71	5	B	0	3	8	1	1	True	2.0	-1	103	103	255	103b	763/2	1/8	False	4	False				False	350	i/v		F	i		i/v	i				v	m	False	True	(1, -2, 2)	()	1	1	major	minor	i	i, major	i/v	v	v/i	v	True	i/v	i/v, minor		i/v, minor	v	v	-1	-1	0	6	6	5	False	False	False
30540	20	65	-1	F	0	3	8	2	1	True	2.5	-1	103	103	255	103b	1527/4	1/16	False	4	False				False	350	i/v		F	i		i/v	i				v	m	False	True	(1, -2, 2)	()	1	1	major	minor	i	i, major	i/v	v	v/i	v	True	i/v	i/v, minor		i/v, minor	v	v	-1	-1	0	0	0	-1	False	False	False
30560	40	63	-3	E	-1	3	8	2	1	True	3.0	-1	103	103	255	103b	382	1/8	False	4	False				False	350	i/v		F	i		i/v	i				v	m	False	True	(1, -2, 2)	()	1	1	major	minor	i	i, major	i/v	v	v/i	v	True	i/v	i/v, minor		i/v, minor	v	v	-1	-1	0	-2	-2	-3	True	False	False
30560	40	72	0	C	0	3	8	1	1	True	3.0	-1	103	103	255	103b	382	1/8	False	5	False				False	350	i/v		F	i		i/v	i				v	m	False	True	(1, -2, 2)	()	1	1	major	minor	i	i, major	i/v	v	v/i	v	True	i/v	i/v, minor		i/v, minor	v	v	-1	-1	0	1	1	0	True	True	True
30600	40	43	1	G	0	3	8	2	1	True	1.0	-1	104	104	256	104b	765/2	1/8	False	2	True			}	True	351	V/v}		F	i		V/v	V				v	M	False	True	(2, 6, 3)	()	2	2	major	minor	i	i, major	V/v	v	v/i	v	True	V/v	V/v, minor		V/v, minor	v	v	-1	-1	0	2	2	1	True	True	True
30600	60	74	2	D	0	3	8	1	1	True	1.0	-1	104	104	256	104b	765/2	3/16	False	5	True			}	True	351	V/v}		F	i		V/v	V				v	M	False	True	(2, 6, 3)	()	2	2	major	minor	i	i, major	V/v	v	v/i	v	True	V/v	V/v, minor		V/v, minor	v	v	-1	-1	0	3	3	2	True	False	False
30640	40	43	1	G	0	3	8	2	1	True	2.0	-1	104	104	256	104b	383	1/8	False	2	False				False	351	V/v}		F	i		V/v	V				v	M	False	True	(2, 6, 3)	()	2	2	major	minor	i	i, major	V/v	v	v/i	v	True	V/v	V/v, minor		V/v, minor	v	v	-1	-1	0	2	2	1	True	True	True
30660	10	76	4	E	0	3	8	1	1	True	2.5	-1	104	104	256	104b	1533/4	1/32	False	5	False				False	351	V/v}		F	i		V/v	V				v	M	False	True	(2, 6, 3)	()	2	2	major	minor	i	i, major	V/v	v	v/i	v	True	V/v	V/v, minor		V/v, minor	v	v	-1	-1	0	5	5	4	False	False	False
30670	10	77	-1	F	0	3	8	1	1	True	2.75	-1	104	104	256	104b	3067/8	1/32	False	5	False				False	351	V/v}		F	i		V/v	V				v	M	False	True	(2, 6, 3)	()	2	2	major	minor	i	i, major	V/v	v	v/i	v	True	V/v	V/v, minor		V/v, minor	v	v	-1	-1	0	0	0	-1	False	False	False
30680	40	48	0	C	0	3	8	2	1	True	3.0	-1	104	104	256	104b	767/2	1/8	False	3	True				False	352	i/v		F	i		i/v	i				v	m	False	True	(1, -2, 2)	()	1	1	major	minor	i	i, major	i/v	v	v/i	v	True	i/v	i/v, minor		i/v, minor	v	v	-1	-1	0	1	1	0	True	True	True
30680	40	76	4	E	0	3	8	1	1	True	3.0	-1	104	104	256	104b	767/2	1/8	False	5	True				False	352	i/v		F	i		i/v	i				v	m	False	True	(1, -2, 2)	()	1	1	major	minor	i	i, major	i/v	v	v/i	v	True	i/v	i/v, minor		i/v, minor	v	v	-1	-1	0	5	5	4	False	False	False
30720	20	65	-1	F	0	3	8	2	1	True	1.0	-1	105	105	257	105b	384	1/16	False	4	True			{	False	353	i{		F	i		i	i					m	False	True	(0, -3, 1)	()	0	0	major	minor	i	i, major	i		i	i	True	i	i, minor		i, minor		i	-1	-1	-1	0	0	0	True	True	True
30720	40	84	0	C	0	3	8	1	1	True	1.0	-1	105	105	257	105b	384	1/8	False	6	True			{	False	353	i{		F	i		i	i					m	False	True	(0, -3, 1)	()	0	0	major	minor	i	i, major	i		i	i	True	i	i, minor		i, minor		i	-1	-1	-1	1	1	1	True	False	False
30740	20	68	-4	A	-1	3	8	2	1	True	1.5	-1	105	105	257	105b	1537/4	1/16	False	4	False				False	353	i{		F	i		i	i					m	False	True	(0, -3, 1)	()	0	0	major	minor	i	i, major	i		i	i	True	i	i, minor		i, minor		i	-1	-1	-1	-3	-3	-3	True	False	False
30760	20	67	1	G	0	3	8	2	1	True	2.0	-1	105	105	257	105b	769/2	1/16	False	4	False				False	353	i{		F	i		i	i					m	False	True	(0, -3, 1)	()	0	0	major	minor	i	i, major	i		i	i	True	i	i, minor		i, minor		i	-1	-1	-1	2	2	2	False	False	False
30760	40	76	4	E	0	3	8	1	1	True	2.0	-1	105	105	257	105b	769/2	1/8	False	5	False				False	353	i{		F	i		i	i					m	False	True	(0, -3, 1)	()	0	0	major	minor	i	i, major	i		i	i	True	i	i, minor		i, minor		i	-1	-1	-1	5	5	5	False	False	False
30780	20	70	-2	B	-1	3	8	2	1	True	2.5	-1	105	105	257	105b	1539/4	1/16	False	4	False				False	353	i{		F	i		i	i					m	False	True	(0, -3, 1)	()	0	0	major	minor	i	i, major	i		i	i	True	i	i, minor		i, minor		i	-1	-1	-1	-1	-1	-1	False	False	False
30800	40	68	-4	A	-1	3	8	2	1	True	3.0	-1	105	105	257	105b	385	1/8	False	4	False				False	353	i{		F	i		i	i					m	False	True	(0, -3, 1)	()	0	0	major	minor	i	i, major	i		i	i	True	i	i, minor		i, minor		i	-1	-1	-1	-3	-3	-3	True	False	False
30800	40	77	-1	F	0	3	8	1	1	True	3.0	-1	105	105	257	105b	385	1/8	False	5	False				False	353	i{		F	i		i	i					m	False	True	(0, -3, 1)	()	0	0	major	minor	i	i, major	i		i	i	True	i	i, minor		i, minor		i	-1	-1	-1	0	0	0	True	True	True
30840	40	36	0	C	0	3	8	2	1	True	1.0	-1	106	106	258	106b	771/2	1/8	False	2	True				False	354	V		F	i		V	V					M	False	True	(1, 5, 2)	()	1	1	major	minor	i	i, major	V		i	i	True	V	V, minor		V, minor		V	-1	-1	-1	1	1	1	True	True	True
30840	60	79	1	G	0	3	8	1	1	True	1.0	-1	106	106	258	106b	771/2	3/16	False	5	True				False	354	V		F	i		V	V					M	False	True	(1, 5, 2)	()	1	1	major	minor	i	i, major	V		i	i	True	V	V, minor		V, minor		V	-1	-1	-1	2	2	2	True	False	False
30880	40	36	0	C	0	3	8	2	1	True	2.0	-1	106	106	258	106b	386	1/8	False	2	False				False	354	V		F	i		V	V					M	False	True	(1, 5, 2)	()	1	1	major	minor	i	i, major	V		i	i	True	V	V, minor		V, minor		V	-1	-1	-1	1	1	1	True	True	True
30900	10	80	-4	A	-1	3	8	1	1	True	2.5	-1	106	106	258	106b	1545/4	1/32	False	5	False				False	354	V		F	i		V	V					M	False	True	(1, 5, 2)	()	1	1	major	minor	i	i, major	V		i	i	True	V	V, minor		V, minor		V	-1	-1	-1	-3	-3	-3	False	False	False
30910	10	82	-2	B	-1	3	8	1	1	True	2.75	-1	106	106	258	106b	3091/8	1/32	False	5	False				False	354	V		F	i		V	V					M	False	True	(1, 5, 2)	()	1	1	major	minor	i	i, major	V		i	i	True	V	V, minor		V, minor		V	-1	-1	-1	-1	-1	-1	False	False	False
30920	40	41	-1	F	0	3	8	2	1	True	3.0	-1	106	106	258	106b	773/2	1/8	False	2	False				False	355	i		F	i		i	i					m	False	True	(0, -3, 1)	()	0	0	major	minor	i	i, major	i		i	i	True	i	i, minor		i, minor		i	-1	-1	-1	0	0	0	True	True	True
30920	40	80	-4	A	-1	3	8	1	1	True	3.0	-1	106	106	258	106b	773/2	1/8	False	5	False				False	355	i		F	i		i	i					m	False	True	(0, -3, 1)	()	0	0	major	minor	i	i, major	i		i	i	True	i	i, minor		i, minor		i	-1	-1	-1	-3	-3	-3	True	False	False
30960	20	65	-1	F	0	3	8	2	1	True	1.0	-1	107	107	259	107b	387	1/16	False	4	True				False	356	i		F	i		i	i					m	False	True	(0, -3, 1)	()	0	0	major	minor	i	i, major	i		i	i	True	i	i, minor		i, minor		i	-1	-1	-1	0	0	0	True	True	True
30960	40	84	0	C	0	3	8	1	1	True	1.0	-1	107	107	259	107b	387	1/8	False	6	True				False	356	i		F	i		i	i					m	False	True	(0, -3, 1)	()	0	0	major	minor	i	i, major	i		i	i	True	i	i, minor		i, minor		i	-1	-1	-1	1	1	1	True	False	False
30980	20	68	-4	A	-1	3	8	2	1	True	1.5	-1	107	107	259	107b	1549/4	1/16	False	4	False				False	356	i		F	i		i	i					m	False	True	(0, -3, 1)	()	0	0	major	minor	i	i, major	i		i	i	True	i	i, minor		i, minor		i	-1	-1	-1	-3	-3	-3	True	False	False
31000	20	67	1	G	0	3	8	2	1	True	2.0	-1	107	107	259	107b	775/2	1/16	False	4	False				False	356	i		F	i		i	i					m	False	True	(0, -3, 1)	()	0	0	major	minor	i	i, major	i		i	i	True	i	i, minor		i, minor		i	-1	-1	-1	2	2	2	False	False	False
31000	40	76	4	E	0	3	8	1	1	True	2.0	-1	107	107	259	107b	775/2	1/8	False	5	False				False	356	i		F	i		i	i					m	False	True	(0, -3, 1)	()	0	0	major	minor	i	i, major	i		i	i	True	i	i, minor		i, minor		i	-1	-1	-1	5	5	5	False	False	False
31020	20	70	-2	B	-1	3	8	2	1	True	2.5	-1	107	107	259	107b	1551/4	1/16	False	4	False				False	356	i		F	i		i	i					m	False	True	(0, -3, 1)	()	0	0	major	minor	i	i, major	i		i	i	True	i	i, minor		i, minor		i	-1	-1	-1	-1	-1	-1	False	False	False
31040	40	68	-4	A	-1	3	8	2	1	True	3.0	-1	107	107	259	107b	388	1/8	False	4	False				False	356	i		F	i		i	i					m	False	True	(0, -3, 1)	()	0	0	major	minor	i	i, major	i		i	i	True	i	i, minor		i, minor		i	-1	-1	-1	-3	-3	-3	True	False	False
31040	40	77	-1	F	0	3	8	1	1	True	3.0	-1	107	107	259	107b	388	1/8	False	5	False				False	356	i		F	i		i	i					m	False	True	(0, -3, 1)	()	0	0	major	minor	i	i, major	i		i	i	True	i	i, minor		i, minor		i	-1	-1	-1	0	0	0	True	True	True
31080	40	36	0	C	0	3	8	2	1	True	1.0	-1	108	108	260	108b	777/2	1/8	False	2	True			}	True	357	V}		F	i		V	V					M	False	True	(1, 5, 2)	()	1	1	major	minor	i	i, major	V		i	i	True	V	V, minor		V, minor		V	-1	-1	-1	1	1	1	True	True	True
31080	60	79	1	G	0	3	8	1	1	True	1.0	-1	108	108	260	108b	777/2	3/16	False	5	True			}	True	357	V}		F	i		V	V					M	False	True	(1, 5, 2)	()	1	1	major	minor	i	i, major	V		i	i	True	V	V, minor		V, minor		V	-1	-1	-1	2	2	2	True	False	False
31120	40	36	0	C	0	3	8	2	1	True	2.0	-1	108	108	260	108b	389	1/8	False	2	False				False	357	V}		F	i		V	V					M	False	True	(1, 5, 2)	()	1	1	major	minor	i	i, major	V		i	i	True	V	V, minor		V, minor		V	-1	-1	-1	1	1	1	True	True	True
31140	10	81	3	A	0	3	8	1	1	True	2.5	-1	108	108	260	108b	1557/4	1/32	False	5	False				False	357	V}		F	i		V	V					M	False	True	(1, 5, 2)	()	1	1	major	minor	i	i, major	V		i	i	True	V	V, minor		V, minor		V	-1	-1	-1	4	4	4	False	False	False
31150	10	82	-2	B	-1	3	8	1	1	True	2.75	-1	108	108	260	108b	3115/8	1/32	False	5	False				False	357	V}		F	i		V	V					M	False	True	(1, 5, 2)	()	1	1	major	minor	i	i, major	V		i	i	True	V	V, minor		V, minor		V	-1	-1	-1	-1	-1	-1	False	False	False
31160	40	41	-1	F	0	3	8	2	1	True	3.0	-1	108	108	260	108b	779/2	1/8	False	2	True			{	False	358	V/iv{		F	i		V/iv	V				iv	M	False	True	(0, 4, 1)	()	0	0	major	minor	i	i, major	V/iv	iv	iv/i	iv	True	V/iv	V/iv, minor		V/iv, minor	iv	iv	-1	-1	-2	0	0	1	True	True	True
31160	40	81	3	A	0	3	8	1	1	True	3.0	-1	108	108	260	108b	779/2	1/8	False	5	True			{	False	358	V/iv{		F	i		V/iv	V				iv	M	False	True	(0, 4, 1)	()	0	0	major	minor	i	i, major	V/iv	iv	iv/i	iv	True	V/iv	V/iv, minor		V/iv, minor	iv	iv	-1	-1	-2	4	4	5	True	False	False
31200	40	65	-1	F	0	3	8	2	1	True	1.0	-1	109	109	261	109b	390	1/8	False	4	False				False	358	V/iv{		F	i		V/iv	V				iv	M	False	True	(0, 4, 1)	()	0	0	major	minor	i	i, major	V/iv	iv	iv/i	iv	True	V/iv	V/iv, minor		V/iv, minor	iv	iv	-1	-1	-2	0	0	1	True	True	True
31200	40	72	0	C	0	3	8	2	1	True	1.0	-1	109	109	261	109b	390	1/8	False	5	False				False	358	V/iv{		F	i		V/iv	V				iv	M	False	True	(0, 4, 1)	()	0	0	major	minor	i	i, major	V/iv	iv	iv/i	iv	True	V/iv	V/iv, minor		V/iv, minor	iv	iv	-1	-1	-2	1	1	2	True	False	False
31200	20	81	3	A	0	3	8	1	1	False	1.0	-1	109	109	261	109b	390	1/16	False	5	False				False	358	V/iv{		F	i		V/iv	V				iv	M	False	True	(0, 4, 1)	()	0	0	major	minor	i	i, major	V/iv	iv	iv/i	iv	True	V/iv	V/iv, minor		V/iv, minor	iv	iv	-1	-1	-2	4	4	5	True	False	False
31220	20	84	0	C	0	3	8	1	1	True	1.5	-1	109	109	261	109b	1561/4	1/16	False	6	False				False	358	V/iv{		F	i		V/iv	V				iv	M	False	True	(0, 4, 1)	()	0	0	major	minor	i	i, major	V/iv	iv	iv/i	iv	True	V/iv	V/iv, minor		V/iv, minor	iv	iv	-1	-1	-2	1	1	2	True	False	False
31240	40	65	-1	F	0	3	8	2	1	True	2.0	-1	109	109	261	109b	781/2	1/8	False	4	True				False	359	V7(9)/iv		F	i		V7(9)/iv	V		7	9	iv	Mm7	False	True	(0, 4, 1, -2)	(-5,)	0	0	major	minor	i	i, major	V/iv	iv	iv/i	iv	True	V7/iv	V7/iv, minor		V7(9)/iv, minor	iv	iv	-1	-1	-2	0	0	1	True	True	True
31240	40	72	0	C	0	3	8	2	1	True	2.0	-1	109	109	261	109b	781/2	1/8	False	5	True				False	359	V7(9)/iv		F	i		V7(9)/iv	V		7	9	iv	Mm7	False	True	(0, 4, 1, -2)	(-5,)	0	0	major	minor	i	i, major	V/iv	iv	iv/i	iv	True	V7/iv	V7/iv, minor		V7(9)/iv, minor	iv	iv	-1	-1	-2	1	1	2	True	False	False
31240	20	81	3	A	0	3	8	1	1	True	2.0	-1	109	109	261	109b	781/2	1/16	False	5	True				False	359	V7(9)/iv		F	i		V7(9)/iv	V		7	9	iv	Mm7	False	True	(0, 4, 1, -2)	(-5,)	0	0	major	minor	i	i, major	V/iv	iv	iv/i	iv	True	V7/iv	V7/iv, minor		V7(9)/iv, minor	iv	iv	-1	-1	-2	4	4	5	True	False	False
31260	20	78	-6	G	-1	3	8	1	1	True	2.5	-1	109	109	261	109b	1563/4	1/16	False	5	False				False	359	V7(9)/iv		F	i		V7(9)/iv	V		7	9	iv	Mm7	False	True	(0, 4, 1, -2)	(-5,)	0	0	major	minor	i	i, major	V/iv	iv	iv/i	iv	True	V7/iv	V7/iv, minor		V7(9)/iv, minor	iv	iv	-1	-1	-2	-5	-5	-4	False	False	False
31280	40	65	-1	F	0	3	8	2	1	True	3.0	-1	109	109	261	109b	391	1/8	False	4	False				False	359	V7(9)/iv		F	i		V7(9)/iv	V		7	9	iv	Mm7	False	True	(0, 4, 1, -2)	(-5,)	0	0	major	minor	i	i, major	V/iv	iv	iv/i	iv	True	V7/iv	V7/iv, minor		V7(9)/iv, minor	iv	iv	-1	-1	-2	0	0	1	True	True	True
31280	40	72	0	C	0	3	8	2	1	True	3.0	-1	109	109	261	109b	391	1/8	False	5	False				False	359	V7(9)/iv		F	i		V7(9)/iv	V		7	9	iv	Mm7	False	True	(0, 4, 1, -2)	(-5,)	0	0	major	minor	i	i, major	V/iv	iv	iv/i	iv	True	V7/iv	V7/iv, minor		V7(9)/iv, minor	iv	iv	-1	-1	-2	1	1	2	True	False	False
31280	20	75	-3	E	-1	3	8	1	1	True	3.0	-1	109	109	261	109b	391	1/16	False	5	False				False	359	V7(9)/iv		F	i		V7(9)/iv	V		7	9	iv	Mm7	False	True	(0, 4, 1, -2)	(-5,)	0	0	major	minor	i	i, major	V/iv	iv	iv/i	iv	True	V7/iv	V7/iv, minor		V7(9)/iv, minor	iv	iv	-1	-1	-2	-2	-2	-1	True	False	False
31300	20	72	0	C	0	3	8	1	1	True	3.5	-1	109	109	261	109b	1565/4	1/16	False	5	False				False	359	V7(9)/iv		F	i		V7(9)/iv	V		7	9	iv	Mm7	False	True	(0, 4, 1, -2)	(-5,)	0	0	major	minor	i	i, major	V/iv	iv	iv/i	iv	True	V7/iv	V7/iv, minor		V7(9)/iv, minor	iv	iv	-1	-1	-2	1	1	2	True	False	False
31320	40	65	-1	F	0	3	8	2	1	True	1.0	-1	110	110	262	110b	783/2	1/8	False	4	True				False	360	iv64		F	i		iv64	iv		64			m	False	True	(0, -1, -4)	()	-1	0	major	minor	i	i, major	iv		i	i	True	iv64	iv64, minor		iv64, minor		iv	-1	-1	-1	0	0	0	True	False	True
31320	40	70	-2	B	-1	3	8	2	1	True	1.0	-1	110	110	262	110b	783/2	1/8	False	4	True				False	360	iv64		F	i		iv64	iv		64			m	False	True	(0, -1, -4)	()	-1	0	major	minor	i	i, major	iv		i	i	True	iv64	iv64, minor		iv64, minor		iv	-1	-1	-1	-1	-1	-1	True	True	False
31320	40	73	-5	D	-1	3	8	1	1	True	1.0	-1	110	110	262	110b	783/2	1/8	False	5	True				False	360	iv64		F	i		iv64	iv		64			m	False	True	(0, -1, -4)	()	-1	0	major	minor	i	i, major	iv		i	i	True	iv64	iv64, minor		iv64, minor		iv	-1	-1	-1	-4	-4	-4	True	False	False
31360	40	65	-1	F	0	3	8	2	1	True	2.0	-1	110	110	262	110b	392	1/8	False	4	False				False	360	iv64		F	i		iv64	iv		64			m	False	True	(0, -1, -4)	()	-1	0	major	minor	i	i, major	iv		i	i	True	iv64	iv64, minor		iv64, minor		iv	-1	-1	-1	0	0	0	True	False	True
31360	40	70	-2	B	-1	3	8	2	1	True	2.0	-1	110	110	262	110b	392	1/8	False	4	False				False	360	iv64		F	i		iv64	iv		64			m	False	True	(0, -1, -4)	()	-1	0	major	minor	i	i, major	iv		i	i	True	iv64	iv64, minor		iv64, minor		iv	-1	-1	-1	-1	-1	-1	True	True	False
31360	20	72	0	C	0	3	8	1	1	True	2.0	-1	110	110	262	110b	392	1/16	False	5	False				False	360	iv64		F	i		iv64	iv		64			m	False	True	(0, -1, -4)	()	-1	0	major	minor	i	i, major	iv		i	i	True	iv64	iv64, minor		iv64, minor		iv	-1	-1	-1	1	1	1	False	False	False
31380	60	73	-5	D	-1	3	8	1	1	True	2.5	-1	110	110	262	110b	1569/4	3/16	False	5	False				False	360	iv64		F	i		iv64	iv		64			m	False	True	(0, -1, -4)	()	-1	0	major	minor	i	i, major	iv		i	i	True	iv64	iv64, minor		iv64, minor		iv	-1	-1	-1	-4	-4	-4	True	False	False
31400	40	65	-1	F	0	3	8	2	1	True	3.0	-1	110	110	262	110b	785/2	1/8	False	4	False				False	360	iv64		F	i		iv64	iv		64			m	False	True	(0, -1, -4)	()	-1	0	major	minor	i	i, major	iv		i	i	True	iv64	iv64, minor		iv64, minor		iv	-1	-1	-1	0	0	0	True	False	True
31400	40	70	-2	B	-1	3	8	2	1	True	3.0	-1	110	110	262	110b	785/2	1/8	False	4	False				False	360	iv64		F	i		iv64	iv		64			m	False	True	(0, -1, -4)	()	-1	0	major	minor	i	i, major	iv		i	i	True	iv64	iv64, minor		iv64, minor		iv	-1	-1	-1	-1	-1	-1	True	True	False
31440	40	64	4	E	0	3	8	2	1	True	1.0	-1	111	111	263	111b	393	1/8	False	4	True				False	361	#viio7		F	i		#viio7	#vii	o	7			o7	False	True	(5, 2, -1, -4)	()	5	5	major	minor	i	i, major	#vii		i	i	True	#viio7	#viio7, minor		#viio7, minor		#vii	-1	-1	-1	5	5	5	True	True	True
31440	40	67	1	G	0	3	8	2	1	True	1.0	-1	111	111	263	111b	393	1/8	False	4	True				False	361	#viio7		F	i		#viio7	#vii	o	7			o7	False	True	(5, 2, -1, -4)	()	5	5	major	minor	i	i, major	#vii		i	i	True	#viio7	#viio7, minor		#viio7, minor		#vii	-1	-1	-1	2	2	2	True	False	False
31440	40	70	-2	B	-1	3	8	2	1	True	1.0	-1	111	111	263	111b	393	1/8	False	4	True				False	361	#viio7		F	i		#viio7	#vii	o	7			o7	False	True	(5, 2, -1, -4)	()	5	5	major	minor	i	i, major	#vii		i	i	True	#viio7	#viio7, minor		#viio7, minor		#vii	-1	-1	-1	-1	-1	-1	True	False	False
31440	20	73	-5	D	-1	3	8	1	1	False	1.0	-1	111	111	263	111b	393	1/16	False	5	True				False	361	#viio7		F	i		#viio7	#vii	o	7			o7	False	True	(5, 2, -1, -4)	()	5	5	major	minor	i	i, major	#vii		i	i	True	#viio7	#viio7, minor		#viio7, minor		#vii	-1	-1	-1	-4	-4	-4	True	False	False
31460	20	82	-2	B	-1	3	8	1	1	True	1.5	-1	111	111	263	111b	1573/4	1/16	False	5	False				False	361	#viio7		F	i		#viio7	#vii	o	7			o7	False	True	(5, 2, -1, -4)	()	5	5	major	minor	i	i, major	#vii		i	i	True	#viio7	#viio7, minor		#viio7, minor		#vii	-1	-1	-1	-1	-1	-1	True	False	False
31480	40	64	4	E	0	3	8	2	1	True	2.0	-1	111	111	263	111b	787/2	1/8	False	4	False				False	361	#viio7		F	i		#viio7	#vii	o	7			o7	False	True	(5, 2, -1, -4)	()	5	5	major	minor	i	i, major	#vii		i	i	True	#viio7	#viio7, minor		#viio7, minor		#vii	-1	-1	-1	5	5	5	True	True	True
31480	40	67	1	G	0	3	8	2	1	True	2.0	-1	111	111	263	111b	787/2	1/8	False	4	False				False	361	#viio7		F	i		#viio7	#vii	o	7			o7	False	True	(5, 2, -1, -4)	()	5	5	major	minor	i	i, major	#vii		i	i	True	#viio7	#viio7, minor		#viio7, minor		#vii	-1	-1	-1	2	2	2	True	False	False
31480	40	70	-2	B	-1	3	8	2	1	True	2.0	-1	111	111	263	111b	787/2	1/8	False	4	False				False	361	#viio7		F	i		#viio7	#vii	o	7			o7	False	True	(5, 2, -1, -4)	()	5	5	major	minor	i	i, major	#vii		i	i	True	#viio7	#viio7, minor		#viio7, minor		#vii	-1	-1	-1	-1	-1	-1	True	False	False
31480	20	79	1	G	0	3	8	1	1	True	2.0	-1	111	111	263	111b	787/2	1/16	False	5	False				False	361	#viio7		F	i		#viio7	#vii	o	7			o7	False	True	(5, 2, -1, -4)	()	5	5	major	minor	i	i, major	#vii		i	i	True	#viio7	#viio7, minor		#viio7, minor		#vii	-1	-1	-1	2	2	2	True	False	False
31500	20	76	4	E	0	3	8	1	1	True	2.5	-1	111	111	263	111b	1575/4	1/16	False	5	False				False	361	#viio7		F	i		#viio7	#vii	o	7			o7	False	True	(5, 2, -1, -4)	()	5	5	major	minor	i	i, major	#vii		i	i	True	#viio7	#viio7, minor		#viio7, minor		#vii	-1	-1	-1	5	5	5	True	True	True
31520	40	64	4	E	0	3	8	2	1	True	3.0	-1	111	111	263	111b	394	1/8	False	4	False				False	361	#viio7		F	i		#viio7	#vii	o	7			o7	False	True	(5, 2, -1, -4)	()	5	5	major	minor	i	i, major	#vii		i	i	True	#viio7	#viio7, minor		#viio7, minor		#vii	-1	-1	-1	5	5	5	True	True	True
31520	40	67	1	G	0	3	8	2	1	True	3.0	-1	111	111	263	111b	394	1/8	False	4	False				False	361	#viio7		F	i		#viio7	#vii	o	7			o7	False	True	(5, 2, -1, -4)	()	5	5	major	minor	i	i, major	#vii		i	i	True	#viio7	#viio7, minor		#viio7, minor		#vii	-1	-1	-1	2	2	2	True	False	False
31520	20	70	-2	B	-1	3	8	1	1	True	3.0	-1	111	111	263	111b	394	1/16	False	4	False				False	361	#viio7		F	i		#viio7	#vii	o	7			o7	False	True	(5, 2, -1, -4)	()	5	5	major	minor	i	i, major	#vii		i	i	True	#viio7	#viio7, minor		#viio7, minor		#vii	-1	-1	-1	-1	-1	-1	True	False	False
31540	20	67	1	G	0	3	8	1	1	True	3.5	-1	111	111	263	111b	1577/4	1/16	False	4	False				False	361	#viio7		F	i		#viio7	#vii	o	7			o7	False	True	(5, 2, -1, -4)	()	5	5	major	minor	i	i, major	#vii		i	i	True	#viio7	#viio7, minor		#viio7, minor		#vii	-1	-1	-1	2	2	2	True	False	False
31560	40	65	-1	F	0	3	8	2	1	True	1.0	-1	112	112	264	112b	789/2	1/8	False	4	True				False	362	i		F	i		i	i					m	False	True	(0, -3, 1)	()	0	0	major	minor	i	i, major	i		i	i	True	i	i, minor		i, minor		i	-1	-1	-1	0	0	0	True	True	True
31560	60	68	-4	A	-1	3	8	1	1	True	1.0	-1	112	112	264	112b	789/2	3/16	False	4	True				False	362	i		F	i		i	i					m	False	True	(0, -3, 1)	()	0	0	major	minor	i	i, major	i		i	i	True	i	i, minor		i, minor		i	-1	-1	-1	-3	-3	-3	True	False	False
31600	40	65	-1	F	0	3	8	2	1	True	2.0	-1	112	112	264	112b	395	1/8	False	4	False				False	362	i		F	i		i	i					m	False	True	(0, -3, 1)	()	0	0	major	minor	i	i, major	i		i	i	True	i	i, minor		i, minor		i	-1	-1	-1	0	0	0	True	True	True
31620	20	67	1	G	0	3	8	1	1	True	2.5	-1	112	112	264	112b	1581/4	1/16	False	4	False				False	362	i		F	i		i	i					m	False	True	(0, -3, 1)	()	0	0	major	minor	i	i, major	i		i	i	True	i	i, minor		i, minor		i	-1	-1	-1	2	2	2	False	False	False
31640	40	65	-1	F	0	3	8	2	1	True	3.0	-1	112	112	264	112b	791/2	1/8	False	4	False				False	362	i		F	i		i	i					m	False	True	(0, -3, 1)	()	0	0	major	minor	i	i, major	i		i	i	True	i	i, minor		i, minor		i	-1	-1	-1	0	0	0	True	True	True
31640	40	68	-4	A	-1	3	8	1	1	True	3.0	-1	112	112	264	112b	791/2	1/8	False	4	False				False	362	i		F	i		i	i					m	False	True	(0, -3, 1)	()	0	0	major	minor	i	i, major	i		i	i	True	i	i, minor		i, minor		i	-1	-1	-1	-3	-3	-3	True	False	False
31680	40	65	-1	F	0	3	8	2	1	True	1.0	-1	113	113	265	113b	396	1/8	False	4	False				False	362	i		F	i		i	i					m	False	True	(0, -3, 1)	()	0	0	major	minor	i	i, major	i		i	i	True	i	i, minor		i, minor		i	-1	-1	-1	0	0	0	True	True	True
31680	20	68	-4	A	-1	3	8	1	1	False	1.0	-1	113	113	265	113b	396	1/16	False	4	False				False	362	i		F	i		i	i					m	False	True	(0, -3, 1)	()	0	0	major	minor	i	i, major	i		i	i	True	i	i, minor		i, minor		i	-1	-1	-1	-3	-3	-3	True	False	False
31700	20	84	0	C	0	3	8	1	1	True	1.5	-1	113	113	265	113b	1585/4	1/16	False	6	False				False	362	i		F	i		i	i					m	False	True	(0, -3, 1)	()	0	0	major	minor	i	i, major	i		i	i	True	i	i, minor		i, minor		i	-1	-1	-1	1	1	1	True	False	False
31720	40	65	-1	F	0	3	8	2	1	True	2.0	-1	113	113	265	113b	793/2	1/8	False	4	True				False	363	V7(9)/iv		F	i		V7(9)/iv	V		7	9	iv	Mm7	False	True	(0, 4, 1, -2)	(-5,)	0	0	major	minor	i	i, major	V/iv	iv	iv/i	iv	True	V7/iv	V7/iv, minor		V7(9)/iv, minor	iv	iv	-1	-1	-2	0	0	1	True	True	True
31720	40	72	0	C	0	3	8	2	1	True	2.0	-1	113	113	265	113b	793/2	1/8	False	5	True				False	363	V7(9)/iv		F	i		V7(9)/iv	V		7	9	iv	Mm7	False	True	(0, 4, 1, -2)	(-5,)	0	0	major	minor	i	i, major	V/iv	iv	iv/i	iv	True	V7/iv	V7/iv, minor		V7(9)/iv, minor	iv	iv	-1	-1	-2	1	1	2	True	False	False
31720	20	81	3	A	0	3	8	1	1	True	2.0	-1	113	113	265	113b	793/2	1/16	False	5	True				False	363	V7(9)/iv		F	i		V7(9)/iv	V		7	9	iv	Mm7	False	True	(0, 4, 1, -2)	(-5,)	0	0	major	minor	i	i, major	V/iv	iv	iv/i	iv	True	V7/iv	V7/iv, minor		V7(9)/iv, minor	iv	iv	-1	-1	-2	4	4	5	True	False	False
31740	20	78	-6	G	-1	3	8	1	1	True	2.5	-1	113	113	265	113b	1587/4	1/16	False	5	False				False	363	V7(9)/iv		F	i		V7(9)/iv	V		7	9	iv	Mm7	False	True	(0, 4, 1, -2)	(-5,)	0	0	major	minor	i	i, major	V/iv	iv	iv/i	iv	True	V7/iv	V7/iv, minor		V7(9)/iv, minor	iv	iv	-1	-1	-2	-5	-5	-4	False	False	False
31760	40	65	-1	F	0	3	8	2	1	True	3.0	-1	113	113	265	113b	397	1/8	False	4	False				False	363	V7(9)/iv		F	i		V7(9)/iv	V		7	9	iv	Mm7	False	True	(0, 4, 1, -2)	(-5,)	0	0	major	minor	i	i, major	V/iv	iv	iv/i	iv	True	V7/iv	V7/iv, minor		V7(9)/iv, minor	iv	iv	-1	-1	-2	0	0	1	True	True	True
31760	40	72	0	C	0	3	8	2	1	True	3.0	-1	113	113	265	113b	397	1/8	False	5	False				False	363	V7(9)/iv		F	i		V7(9)/iv	V		7	9	iv	Mm7	False	True	(0, 4, 1, -2)	(-5,)	0	0	major	minor	i	i, major	V/iv	iv	iv/i	iv	True	V7/iv	V7/iv, minor		V7(9)/iv, minor	iv	iv	-1	-1	-2	1	1	2	True	False	False
31760	20	75	-3	E	-1	3	8	1	1	True	3.0	-1	113	113	265	113b	397	1/16	False	5	False				False	363	V7(9)/iv		F	i		V7(9)/iv	V		7	9	iv	Mm7	False	True	(0, 4, 1, -2)	(-5,)	0	0	major	minor	i	i, major	V/iv	iv	iv/i	iv	True	V7/iv	V7/iv, minor		V7(9)/iv, minor	iv	iv	-1	-1	-2	-2	-2	-1	True	False	False
31780	20	72	0	C	0	3	8	1	1	True	3.5	-1	113	113	265	113b	1589/4	1/16	False	5	False				False	363	V7(9)/iv		F	i		V7(9)/iv	V		7	9	iv	Mm7	False	True	(0, 4, 1, -2)	(-5,)	0	0	major	minor	i	i, major	V/iv	iv	iv/i	iv	True	V7/iv	V7/iv, minor		V7(9)/iv, minor	iv	iv	-1	-1	-2	1	1	2	True	False	False
31800	40	65	-1	F	0	3	8	2	1	True	1.0	-1	114	114	266	114b	795/2	1/8	False	4	True				False	364	iv64		F	i		iv64	iv		64			m	False	True	(0, -1, -4)	()	-1	0	major	minor	i	i, major	iv		i	i	True	iv64	iv64, minor		iv64, minor		iv	-1	-1	-1	0	0	0	True	False	True
31800	40	70	-2	B	-1	3	8	2	1	True	1.0	-1	114	114	266	114b	795/2	1/8	False	4	True				False	364	iv64		F	i		iv64	iv		64			m	False	True	(0, -1, -4)	()	-1	0	major	minor	i	i, major	iv		i	i	True	iv64	iv64, minor		iv64, minor		iv	-1	-1	-1	-1	-1	-1	True	True	False
31800	60	73	-5	D	-1	3	8	1	1	True	1.0	-1	114	114	266	114b	795/2	3/16	False	5	True				False	364	iv64		F	i		iv64	iv		64			m	False	True	(0, -1, -4)	()	-1	0	major	minor	i	i, major	iv		i	i	True	iv64	iv64, minor		iv64, minor		iv	-1	-1	-1	-4	-4	-4	True	False	False
31840	40	65	-1	F	0	3	8	2	1	True	2.0	-1	114	114	266	114b	398	1/8	False	4	False				False	364	iv64		F	i		iv64	iv		64			m	False	True	(0, -1, -4)	()	-1	0	major	minor	i	i, major	iv		i	i	True	iv64	iv64, minor		iv64, minor		iv	-1	-1	-1	0	0	0	True	False	True
31840	40	70	-2	B	-1	3	8	2	1	True	2.0	-1	114	114	266	114b	398	1/8	False	4	False				False	364	iv64		F	i		iv64	iv		64			m	False	True	(0, -1, -4)	()	-1	0	major	minor	i	i, major	iv		i	i	True	iv64	iv64, minor		iv64, minor		iv	-1	-1	-1	-1	-1	-1	True	True	False
31860	20	72	0	C	0	3	8	1	1	True	2.5	-1	114	114	266	114b	1593/4	1/16	False	5	False				False	364	iv64		F	i		iv64	iv		64			m	False	True	(0, -1, -4)	()	-1	0	major	minor	i	i, major	iv		i	i	True	iv64	iv64, minor		iv64, minor		iv	-1	-1	-1	1	1	1	False	False	False
31880	40	65	-1	F	0	3	8	2	1	True	3.0	-1	114	114	266	114b	797/2	1/8	False	4	False				False	364	iv64		F	i		iv64	iv		64			m	False	True	(0, -1, -4)	()	-1	0	major	minor	i	i, major	iv		i	i	True	iv64	iv64, minor		iv64, minor		iv	-1	-1	-1	0	0	0	True	False	True
31880	40	70	-2	B	-1	3	8	2	1	True	3.0	-1	114	114	266	114b	797/2	1/8	False	4	False				False	364	iv64		F	i		iv64	iv		64			m	False	True	(0, -1, -4)	()	-1	0	major	minor	i	i, major	iv		i	i	True	iv64	iv64, minor		iv64, minor		iv	-1	-1	-1	-1	-1	-1	True	True	False
31880	40	73	-5	D	-1	3	8	1	1	True	3.0	-1	114	114	266	114b	797/2	1/8	False	5	False				False	364	iv64		F	i		iv64	iv		64			m	False	True	(0, -1, -4)	()	-1	0	major	minor	i	i, major	iv		i	i	True	iv64	iv64, minor		iv64, minor		iv	-1	-1	-1	-4	-4	-4	True	False	False
31920	40	64	4	E	0	3	8	2	1	True	1.0	-1	115	115	267	115b	399	1/8	False	4	True				False	365	#viio7		F	i		#viio7	#vii	o	7			o7	False	True	(5, 2, -1, -4)	()	5	5	major	minor	i	i, major	#vii		i	i	True	#viio7	#viio7, minor		#viio7, minor		#vii	-1	-1	-1	5	5	5	True	True	True
31920	40	67	1	G	0	3	8	2	1	True	1.0	-1	115	115	267	115b	399	1/8	False	4	True				False	365	#viio7		F	i		#viio7	#vii	o	7			o7	False	True	(5, 2, -1, -4)	()	5	5	major	minor	i	i, major	#vii		i	i	True	#viio7	#viio7, minor		#viio7, minor		#vii	-1	-1	-1	2	2	2	True	False	False
31920	40	70	-2	B	-1	3	8	2	1	True	1.0	-1	115	115	267	115b	399	1/8	False	4	True				False	365	#viio7		F	i		#viio7	#vii	o	7			o7	False	True	(5, 2, -1, -4)	()	5	5	major	minor	i	i, major	#vii		i	i	True	#viio7	#viio7, minor		#viio7, minor		#vii	-1	-1	-1	-1	-1	-1	True	False	False
31920	20	73	-5	D	-1	3	8	1	1	False	1.0	-1	115	115	267	115b	399	1/16	False	5	True				False	365	#viio7		F	i		#viio7	#vii	o	7			o7	False	True	(5, 2, -1, -4)	()	5	5	major	minor	i	i, major	#vii		i	i	True	#viio7	#viio7, minor		#viio7, minor		#vii	-1	-1	-1	-4	-4	-4	True	False	False
31940	20	82	-2	B	-1	3	8	1	1	True	1.5	-1	115	115	267	115b	1597/4	1/16	False	5	False				False	365	#viio7		F	i		#viio7	#vii	o	7			o7	False	True	(5, 2, -1, -4)	()	5	5	major	minor	i	i, major	#vii		i	i	True	#viio7	#viio7, minor		#viio7, minor		#vii	-1	-1	-1	-1	-1	-1	True	False	False
31960	40	64	4	E	0	3	8	2	1	True	2.0	-1	115	115	267	115b	799/2	1/8	False	4	False				False	365	#viio7		F	i		#viio7	#vii	o	7			o7	False	True	(5, 2, -1, -4)	()	5	5	major	minor	i	i, major	#vii		i	i	True	#viio7	#viio7, minor		#viio7, minor		#vii	-1	-1	-1	5	5	5	True	True	True
31960	40	67	1	G	0	3	8	2	1	True	2.0	-1	115	115	267	115b	799/2	1/8	False	4	False				False	365	#viio7		F	i		#viio7	#vii	o	7			o7	False	True	(5, 2, -1, -4)	()	5	5	major	minor	i	i, major	#vii		i	i	True	#viio7	#viio7, minor		#viio7, minor		#vii	-1	-1	-1	2	2	2	True	False	False
31960	40	70	-2	B	-1	3	8	2	1	True	2.0	-1	115	115	267	115b	799/2	1/8	False	4	False				False	365	#viio7		F	i		#viio7	#vii	o	7			o7	False	True	(5, 2, -1, -4)	()	5	5	major	minor	i	i, major	#vii		i	i	True	#viio7	#viio7, minor		#viio7, minor		#vii	-1	-1	-1	-1	-1	-1	True	False	False
31960	20	79	1	G	0	3	8	1	1	True	2.0	-1	115	115	267	115b	799/2	1/16	False	5	False				False	365	#viio7		F	i		#viio7	#vii	o	7			o7	False	True	(5, 2, -1, -4)	()	5	5	major	minor	i	i, major	#vii		i	i	True	#viio7	#viio7, minor		#viio7, minor		#vii	-1	-1	-1	2	2	2	True	False	False
31980	20	76	4	E	0	3	8	1	1	True	2.5	-1	115	115	267	115b	1599/4	1/16	False	5	False				False	365	#viio7		F	i		#viio7	#vii	o	7			o7	False	True	(5, 2, -1, -4)	()	5	5	major	minor	i	i, major	#vii		i	i	True	#viio7	#viio7, minor		#viio7, minor		#vii	-1	-1	-1	5	5	5	True	True	True
32000	40	64	4	E	0	3	8	2	1	True	3.0	-1	115	115	267	115b	400	1/8	False	4	False				False	365	#viio7		F	i		#viio7	#vii	o	7			o7	False	True	(5, 2, -1, -4)	()	5	5	major	minor	i	i, major	#vii		i	i	True	#viio7	#viio7, minor		#viio7, minor		#vii	-1	-1	-1	5	5	5	True	True	True
32000	40	67	1	G	0	3	8	2	1	True	3.0	-1	115	115	267	115b	400	1/8	False	4	False				False	365	#viio7		F	i		#viio7	#vii	o	7			o7	False	True	(5, 2, -1, -4)	()	5	5	major	minor	i	i, major	#vii		i	i	True	#viio7	#viio7, minor		#viio7, minor		#vii	-1	-1	-1	2	2	2	True	False	False
32000	20	70	-2	B	-1	3	8	1	1	True	3.0	-1	115	115	267	115b	400	1/16	False	4	False				False	365	#viio7		F	i		#viio7	#vii	o	7			o7	False	True	(5, 2, -1, -4)	()	5	5	major	minor	i	i, major	#vii		i	i	True	#viio7	#viio7, minor		#viio7, minor		#vii	-1	-1	-1	-1	-1	-1	True	False	False
32020	20	67	1	G	0	3	8	1	1	True	3.5	-1	115	115	267	115b	1601/4	1/16	False	4	False				False	365	#viio7		F	i		#viio7	#vii	o	7			o7	False	True	(5, 2, -1, -4)	()	5	5	major	minor	i	i, major	#vii		i	i	True	#viio7	#viio7, minor		#viio7, minor		#vii	-1	-1	-1	2	2	2	True	False	False
32040	40	65	-1	F	0	3	8	2	1	True	1.0	-1	116	116	268	116b	801/2	1/8	False	4	True				False	366	i		F	i		i	i					m	False	True	(0, -3, 1)	()	0	0	major	minor	i	i, major	i		i	i	True	i	i, minor		i, minor		i	-1	-1	-1	0	0	0	True	True	True
32040	60	68	-4	A	-1	3	8	1	1	True	1.0	-1	116	116	268	116b	801/2	3/16	False	4	True				False	366	i		F	i		i	i					m	False	True	(0, -3, 1)	()	0	0	major	minor	i	i, major	i		i	i	True	i	i, minor		i, minor		i	-1	-1	-1	-3	-3	-3	True	False	False
32080	40	65	-1	F	0	3	8	2	1	True	2.0	-1	116	116	268	116b	401	1/8	False	4	False				False	366	i		F	i		i	i					m	False	True	(0, -3, 1)	()	0	0	major	minor	i	i, major	i		i	i	True	i	i, minor		i, minor		i	-1	-1	-1	0	0	0	True	True	True
32100	20	67	1	G	0	3	8	1	1	True	2.5	-1	116	116	268	116b	1605/4	1/16	False	4	False				False	366	i		F	i		i	i					m	False	True	(0, -3, 1)	()	0	0	major	minor	i	i, major	i		i	i	True	i	i, minor		i, minor		i	-1	-1	-1	2	2	2	False	False	False
32120	40	65	-1	F	0	3	8	2	1	True	3.0	-1	116	116	268	116b	803/2	1/8	False	4	False				False	366	i		F	i		i	i					m	False	True	(0, -3, 1)	()	0	0	major	minor	i	i, major	i		i	i	True	i	i, minor		i, minor		i	-1	-1	-1	0	0	0	True	True	True
32120	40	68	-4	A	-1	3	8	1	1	True	3.0	-1	116	116	268	116b	803/2	1/8	False	4	False				False	366	i		F	i		i	i					m	False	True	(0, -3, 1)	()	0	0	major	minor	i	i, major	i		i	i	True	i	i, minor		i, minor		i	-1	-1	-1	-3	-3	-3	True	False	False
32160	40	65	-1	F	0	3	8	2	1	True	1.0	-1	117	117	269	117b	402	1/8	False	4	False				False	366	i		F	i		i	i					m	False	True	(0, -3, 1)	()	0	0	major	minor	i	i, major	i		i	i	True	i	i, minor		i, minor		i	-1	-1	-1	0	0	0	True	True	True
32160	10	68	-4	A	-1	3	8	1	1	True	1.0	-1	117	117	269	117b	402	1/32	False	4	False				False	366	i		F	i		i	i					m	False	True	(0, -3, 1)	()	0	0	major	minor	i	i, major	i		i	i	True	i	i, minor		i, minor		i	-1	-1	-1	-3	-3	-3	True	False	False
32170	10	67	1	G	0	3	8	1	1	True	1.25	-1	117	117	269	117b	3217/8	1/32	False	4	False				False	366	i		F	i		i	i					m	False	True	(0, -3, 1)	()	0	0	major	minor	i	i, major	i		i	i	True	i	i, minor		i, minor		i	-1	-1	-1	2	2	2	False	False	False
32180	20	68	-4	A	-1	3	8	1	1	True	1.5	-1	117	117	269	117b	1609/4	1/16	False	4	False				False	366	i		F	i		i	i					m	False	True	(0, -3, 1)	()	0	0	major	minor	i	i, major	i		i	i	True	i	i, minor		i, minor		i	-1	-1	-1	-3	-3	-3	True	False	False
32200	40	61	-5	D	-1	3	8	2	1	True	2.0	-1	117	117	269	117b	805/2	1/8	False	4	True				False	367	iv6		F	i		iv6	iv		6			m	False	True	(-4, 0, -1)	()	-1	-4	major	minor	i	i, major	iv		i	i	True	iv6	iv6, minor		iv6, minor		iv	-1	-1	-1	-4	-4	-4	True	False	True
32200	10	70	-2	B	-1	3	8	1	1	True	2.0	-1	117	117	269	117b	805/2	1/32	False	4	True				False	367	iv6		F	i		iv6	iv		6			m	False	True	(-4, 0, -1)	()	-1	-4	major	minor	i	i, major	iv		i	i	True	iv6	iv6, minor		iv6, minor		iv	-1	-1	-1	-1	-1	-1	True	True	False
32210	10	68	-4	A	-1	3	8	1	1	True	2.25	-1	117	117	269	117b	3221/8	1/32	False	4	False				False	367	iv6		F	i		iv6	iv		6			m	False	True	(-4, 0, -1)	()	-1	-4	major	minor	i	i, major	iv		i	i	True	iv6	iv6, minor		iv6, minor		iv	-1	-1	-1	-3	-3	-3	False	False	False
32220	20	70	-2	B	-1	3	8	1	1	True	2.5	-1	117	117	269	117b	1611/4	1/16	False	4	False				False	367	iv6		F	i		iv6	iv		6			m	False	True	(-4, 0, -1)	()	-1	-4	major	minor	i	i, major	iv		i	i	True	iv6	iv6, minor		iv6, minor		iv	-1	-1	-1	-1	-1	-1	True	True	False
32240	40	56	-4	A	-1	3	8	2	1	True	3.0	-1	117	117	269	117b	403	1/8	False	3	True				False	368	i6		F	i		i6	i		6			m	False	True	(-3, 1, 0)	()	0	-3	major	minor	i	i, major	i		i	i	True	i6	i6, minor		i6, minor		i	-1	-1	-1	-3	-3	-3	True	False	True
32240	40	60	0	C	0	3	8	2	1	True	3.0	-1	117	117	269	117b	403	1/8	False	4	True				False	368	i6		F	i		i6	i		6			m	False	True	(-3, 1, 0)	()	0	-3	major	minor	i	i, major	i		i	i	True	i6	i6, minor		i6, minor		i	-1	-1	-1	1	1	1	True	False	False
32240	40	65	-1	F	0	3	8	2	1	True	3.0	-1	117	117	269	117b	403	1/8	False	4	True				False	368	i6		F	i		i6	i		6			m	False	True	(-3, 1, 0)	()	0	-3	major	minor	i	i, major	i		i	i	True	i6	i6, minor		i6, minor		i	-1	-1	-1	0	0	0	True	True	False
32240	10	72	0	C	0	3	8	1	1	True	3.0	-1	117	117	269	117b	403	1/32	False	5	True				False	368	i6		F	i		i6	i		6			m	False	True	(-3, 1, 0)	()	0	-3	major	minor	i	i, major	i		i	i	True	i6	i6, minor		i6, minor		i	-1	-1	-1	1	1	1	True	False	False
32250	10	70	-2	B	-1	3	8	1	1	True	3.25	-1	117	117	269	117b	3225/8	1/32	False	4	False				False	368	i6		F	i		i6	i		6			m	False	True	(-3, 1, 0)	()	0	-3	major	minor	i	i, major	i		i	i	True	i6	i6, minor		i6, minor		i	-1	-1	-1	-1	-1	-1	False	False	False
32260	20	72	0	C	0	3	8	1	1	True	3.5	-1	117	117	269	117b	1613/4	1/16	False	5	False				False	368	i6		F	i		i6	i		6			m	False	True	(-3, 1, 0)	()	0	-3	major	minor	i	i, major	i		i	i	True	i6	i6, minor		i6, minor		i	-1	-1	-1	1	1	1	True	False	False
32280	40	58	-2	B	-1	3	8	2	1	True	1.0	-1	118	118	270	118b	807/2	1/8	False	3	True				False	369	IV		F	i		IV	IV					M	False	True	(-1, 3, 0)	()	-1	-1	major	minor	i	i, major	IV		i	i	True	IV	IV, minor		IV, minor		IV	-1	-1	-1	-1	-1	-1	True	True	True
32280	40	65	-1	F	0	3	8	2	1	True	1.0	-1	118	118	270	118b	807/2	1/8	False	4	True				False	369	IV		F	i		IV	IV					M	False	True	(-1, 3, 0)	()	-1	-1	major	minor	i	i, major	IV		i	i	True	IV	IV, minor		IV, minor		IV	-1	-1	-1	0	0	0	True	False	False
32280	10	74	2	D	0	3	8	1	1	True	1.0	-1	118	118	270	118b	807/2	1/32	False	5	True				False	369	IV		F	i		IV	IV					M	False	True	(-1, 3, 0)	()	-1	-1	major	minor	i	i, major	IV		i	i	True	IV	IV, minor		IV, minor		IV	-1	-1	-1	3	3	3	True	False	False
32290	10	72	0	C	0	3	8	1	1	True	1.25	-1	118	118	270	118b	3229/8	1/32	False	5	False				False	369	IV		F	i		IV	IV					M	False	True	(-1, 3, 0)	()	-1	-1	major	minor	i	i, major	IV		i	i	True	IV	IV, minor		IV, minor		IV	-1	-1	-1	1	1	1	False	False	False
32300	20	74	2	D	0	3	8	1	1	True	1.5	-1	118	118	270	118b	1615/4	1/16	False	5	False				False	369	IV		F	i		IV	IV					M	False	True	(-1, 3, 0)	()	-1	-1	major	minor	i	i, major	IV		i	i	True	IV	IV, minor		IV, minor		IV	-1	-1	-1	3	3	3	True	False	False
32320	40	55	1	G	0	3	8	2	1	True	2.0	-1	118	118	270	118b	404	1/8	False	3	True				False	370	#viio6		F	i		#viio6	#vii	o	6			o	False	True	(2, -1, 5)	()	5	2	major	minor	i	i, major	#vii		i	i	True	#viio6	#viio6, minor		#viio6, minor		#vii	-1	-1	-1	2	2	2	True	False	True
32320	40	64	4	E	0	3	8	2	1	True	2.0	-1	118	118	270	118b	404	1/8	False	4	True				False	370	#viio6		F	i		#viio6	#vii	o	6			o	False	True	(2, -1, 5)	()	5	2	major	minor	i	i, major	#vii		i	i	True	#viio6	#viio6, minor		#viio6, minor		#vii	-1	-1	-1	5	5	5	True	True	False
32320	10	76	4	E	0	3	8	1	1	True	2.0	-1	118	118	270	118b	404	1/32	False	5	True				False	370	#viio6		F	i		#viio6	#vii	o	6			o	False	True	(2, -1, 5)	()	5	2	major	minor	i	i, major	#vii		i	i	True	#viio6	#viio6, minor		#viio6, minor		#vii	-1	-1	-1	5	5	5	True	True	False
32330	10	74	2	D	0	3	8	1	1	True	2.25	-1	118	118	270	118b	3233/8	1/32	False	5	False				False	370	#viio6		F	i		#viio6	#vii	o	6			o	False	True	(2, -1, 5)	()	5	2	major	minor	i	i, major	#vii		i	i	True	#viio6	#viio6, minor		#viio6, minor		#vii	-1	-1	-1	3	3	3	False	False	False
32340	20	76	4	E	0	3	8	1	1	True	2.5	-1	118	118	270	118b	1617/4	1/16	False	5	False				False	370	#viio6		F	i		#viio6	#vii	o	6			o	False	True	(2, -1, 5)	()	5	2	major	minor	i	i, major	#vii		i	i	True	#viio6	#viio6, minor		#viio6, minor		#vii	-1	-1	-1	5	5	5	True	True	False
32360	40	56	-4	A	-1	3	8	2	1	True	3.0	-1	118	118	270	118b	809/2	1/8	False	3	True				False	371	i6		F	i		i6	i		6			m	False	True	(-3, 1, 0)	()	0	-3	major	minor	i	i, major	i		i	i	True	i6	i6, minor		i6, minor		i	-1	-1	-1	-3	-3	-3	True	False	True
32360	40	65	-1	F	0	3	8	2	1	True	3.0	-1	118	118	270	118b	809/2	1/8	False	4	True				False	371	i6		F	i		i6	i		6			m	False	True	(-3, 1, 0)	()	0	-3	major	minor	i	i, major	i		i	i	True	i6	i6, minor		i6, minor		i	-1	-1	-1	0	0	0	True	True	False
32360	10	77	-1	F	0	3	8	1	1	True	3.0	-1	118	118	270	118b	809/2	1/32	False	5	True				False	371	i6		F	i		i6	i		6			m	False	True	(-3, 1, 0)	()	0	-3	major	minor	i	i, major	i		i	i	True	i6	i6, minor		i6, minor		i	-1	-1	-1	0	0	0	True	True	False
32370	10	76	4	E	0	3	8	1	1	True	3.25	-1	118	118	270	118b	3237/8	1/32	False	5	False				False	371	i6		F	i		i6	i		6			m	False	True	(-3, 1, 0)	()	0	-3	major	minor	i	i, major	i		i	i	True	i6	i6, minor		i6, minor		i	-1	-1	-1	5	5	5	False	False	False
32380	20	77	-1	F	0	3	8	1	1	True	3.5	-1	118	118	270	118b	1619/4	1/16	False	5	False				False	371	i6		F	i		i6	i		6			m	False	True	(-3, 1, 0)	()	0	-3	major	minor	i	i, major	i		i	i	True	i6	i6, minor		i6, minor		i	-1	-1	-1	0	0	0	True	True	False
32400	40	52	4	E	0	3	8	2	2	True	1.0	-1	119	119	271	119b	405	1/8	False	3	True				False	372	V6		F	i		V6	V		6			M	False	True	(5, 2, 1)	()	1	5	major	minor	i	i, major	V		i	i	True	V6	V6, minor		V6, minor		V	-1	-1	-1	5	5	5	True	False	True
32400	80	60	0	C	0	3	8	2	1	True	1.0	-1	119	119	271	119b	405	1/4	False	4	True				False	372	V6		F	i		V6	V		6			M	False	True	(5, 2, 1)	()	1	5	major	minor	i	i, major	V		i	i	True	V6	V6, minor		V6, minor		V	-1	-1	-1	1	1	1	True	True	False
32400	10	79	1	G	0	3	8	1	1	True	1.0	-1	119	119	271	119b	405	1/32	False	5	True				False	372	V6		F	i		V6	V		6			M	False	True	(5, 2, 1)	()	1	5	major	minor	i	i, major	V		i	i	True	V6	V6, minor		V6, minor		V	-1	-1	-1	2	2	2	True	False	False
32410	10	77	-1	F	0	3	8	1	1	True	1.25	-1	119	119	271	119b	3241/8	1/32	False	5	False				False	372	V6		F	i		V6	V		6			M	False	True	(5, 2, 1)	()	1	5	major	minor	i	i, major	V		i	i	True	V6	V6, minor		V6, minor		V	-1	-1	-1	0	0	0	False	False	False
32420	20	79	1	G	0	3	8	1	1	True	1.5	-1	119	119	271	119b	1621/4	1/16	False	5	False				False	372	V6		F	i		V6	V		6			M	False	True	(5, 2, 1)	()	1	5	major	minor	i	i, major	V		i	i	True	V6	V6, minor		V6, minor		V	-1	-1	-1	2	2	2	True	False	False
32440	40	53	-1	F	0	3	8	2	2	True	2.0	-1	119	119	271	119b	811/2	1/8	False	3	True				False	373	i		F	i		i	i					m	False	True	(0, -3, 1)	()	0	0	major	minor	i	i, major	i		i	i	True	i	i, minor		i, minor		i	-1	-1	-1	0	0	0	True	True	True
32440	10	80	-4	A	-1	3	8	1	1	True	2.0	-1	119	119	271	119b	811/2	1/32	False	5	True				False	373	i		F	i		i	i					m	False	True	(0, -3, 1)	()	0	0	major	minor	i	i, major	i		i	i	True	i	i, minor		i, minor		i	-1	-1	-1	-3	-3	-3	True	False	False
32450	10	79	1	G	0	3	8	1	1	True	2.25	-1	119	119	271	119b	3245/8	1/32	False	5	False				False	373	i		F	i		i	i					m	False	True	(0, -3, 1)	()	0	0	major	minor	i	i, major	i		i	i	True	i	i, minor		i, minor		i	-1	-1	-1	2	2	2	False	False	False
32460	20	80	-4	A	-1	3	8	1	1	True	2.5	-1	119	119	271	119b	1623/4	1/16	False	5	False				False	373	i		F	i		i	i					m	False	True	(0, -3, 1)	()	0	0	major	minor	i	i, major	i		i	i	True	i	i, minor		i, minor		i	-1	-1	-1	-3	-3	-3	True	False	False
32480	40	49	-5	D	-1	3	8	2	2	True	3.0	-1	119	119	271	119b	406	1/8	False	3	True				False	374	iv6		F	i		iv6	iv		6			m	False	True	(-4, 0, -1)	()	-1	-4	major	minor	i	i, major	iv		i	i	True	iv6	iv6, minor		iv6, minor		iv	-1	-1	-1	-4	-4	-4	True	False	True
32480	10	82	-2	B	-1	3	8	1	1	True	3.0	-1	119	119	271	119b	406	1/32	False	5	True				False	374	iv6		F	i		iv6	iv		6			m	False	True	(-4, 0, -1)	()	-1	-4	major	minor	i	i, major	iv		i	i	True	iv6	iv6, minor		iv6, minor		iv	-1	-1	-1	-1	-1	-1	True	True	False
32490	10	80	-4	A	-1	3	8	1	1	True	3.25	-1	119	119	271	119b	3249/8	1/32	False	5	False				False	374	iv6		F	i		iv6	iv		6			m	False	True	(-4, 0, -1)	()	-1	-4	major	minor	i	i, major	iv		i	i	True	iv6	iv6, minor		iv6, minor		iv	-1	-1	-1	-3	-3	-3	False	False	False
32500	20	82	-2	B	-1	3	8	1	1	True	3.5	-1	119	119	271	119b	1625/4	1/16	False	5	False				False	374	iv6		F	i		iv6	iv		6			m	False	True	(-4, 0, -1)	()	-1	-4	major	minor	i	i, major	iv		i	i	True	iv6	iv6, minor		iv6, minor		iv	-1	-1	-1	-1	-1	-1	True	True	False
32520	120	48	0	C	0	3	8	2	1	True	1.0	-1	120	120	272	120b	813/2	3/8	False	3	True	HC	HC	}	True	375	V|HC}		F	i		V	V					M	False	True	(1, 5, 2)	()	1	1	major	minor	i	i, major	V		i	i	True	V	V, minor		V, minor		V	-1	-1	-1	1	1	1	True	True	True
32520	20	84	0	C	0	3	8	1	1	True	1.0	-1	120	120	272	120b	813/2	1/16	False	6	True	HC	HC	}	True	375	V|HC}		F	i		V	V					M	False	True	(1, 5, 2)	()	1	1	major	minor	i	i, major	V		i	i	True	V	V, minor		V, minor		V	-1	-1	-1	1	1	1	True	True	True
32540	20	79	1	G	0	3	8	1	1	True	1.5	-1	120	120	272	120b	1627/4	1/16	False	5	False				False	375	V|HC}		F	i		V	V					M	False	True	(1, 5, 2)	()	1	1	major	minor	i	i, major	V		i	i	True	V	V, minor		V, minor		V	-1	-1	-1	2	2	2	True	False	False
32560	20	76	4	E	0	3	8	1	1	True	2.0	-1	120	120	272	120b	407	1/16	False	5	False				False	375	V|HC}		F	i		V	V					M	False	True	(1, 5, 2)	()	1	1	major	minor	i	i, major	V		i	i	True	V	V, minor		V, minor		V	-1	-1	-1	5	5	5	True	False	False
32580	20	72	0	C	0	3	8	1	1	True	2.5	-1	120	120	272	120b	1629/4	1/16	False	5	False				False	375	V|HC}		F	i		V	V					M	False	True	(1, 5, 2)	()	1	1	major	minor	i	i, major	V		i	i	True	V	V, minor		V, minor		V	-1	-1	-1	1	1	1	True	True	True
32600	20	67	1	G	0	3	8	1	1	True	3.0	-1	120	120	272	120b	815/2	1/16	False	4	False				False	375	V|HC}		F	i		V	V					M	False	True	(1, 5, 2)	()	1	1	major	minor	i	i, major	V		i	i	True	V	V, minor		V, minor		V	-1	-1	-1	2	2	2	True	False	False
32620	20	64	4	E	0	3	8	1	1	True	3.5	-1	120	120	272	120b	1631/4	1/16	False	4	False				False	375	V|HC}		F	i		V	V					M	False	True	(1, 5, 2)	()	1	1	major	minor	i	i, major	V		i	i	True	V	V, minor		V, minor		V	-1	-1	-1	5	5	5	True	False	False
32640	40	60	0	C	0	3	8	1	2	True	1.0	-1	121	121	273	121b	408	1/8	False	4	True			{	False	376	V7{		F	i		V7	V		7			Mm7	False	True	(1, 5, 2, -1)	()	1	1	major	minor	i	i, major	V		i	i	True	V7	V7, minor		V7, minor		V	-1	-1	-1	1	1	1	True	True	True
32660	20	82	-2	B	-1	3	8	1	1	True	1.5	-1	121	121	273	121b	1633/4	1/16	False	5	False				False	376	V7{		F	i		V7	V		7			Mm7	False	True	(1, 5, 2, -1)	()	1	1	major	minor	i	i, major	V		i	i	True	V7	V7, minor		V7, minor		V	-1	-1	-1	-1	-1	-1	True	False	False
32680	40	67	1	G	0	3	8	1	2	True	2.0	-1	121	121	273	121b	817/2	1/8	False	4	False				False	376	V7{		F	i		V7	V		7			Mm7	False	True	(1, 5, 2, -1)	()	1	1	major	minor	i	i, major	V		i	i	True	V7	V7, minor		V7, minor		V	-1	-1	-1	2	2	2	True	False	False
32680	20	80	-4	A	-1	3	8	1	1	True	2.0	-1	121	121	273	121b	817/2	1/16	False	5	False				False	376	V7{		F	i		V7	V		7			Mm7	False	True	(1, 5, 2, -1)	()	1	1	major	minor	i	i, major	V		i	i	True	V7	V7, minor		V7, minor		V	-1	-1	-1	-3	-3	-3	False	False	False
32700	20	79	1	G	0	3	8	1	1	True	2.5	-1	121	121	273	121b	1635/4	1/16	False	5	False				False	376	V7{		F	i		V7	V		7			Mm7	False	True	(1, 5, 2, -1)	()	1	1	major	minor	i	i, major	V		i	i	True	V7	V7, minor		V7, minor		V	-1	-1	-1	2	2	2	True	False	False
32720	40	70	-2	B	-1	3	8	1	2	True	3.0	-1	121	121	273	121b	409	1/8	False	4	False				False	376	V7{		F	i		V7	V		7			Mm7	False	True	(1, 5, 2, -1)	()	1	1	major	minor	i	i, major	V		i	i	True	V7	V7, minor		V7, minor		V	-1	-1	-1	-1	-1	-1	True	False	False
32720	20	77	-1	F	0	3	8	1	1	True	3.0	-1	121	121	273	121b	409	1/16	False	5	False				False	376	V7{		F	i		V7	V		7			Mm7	False	True	(1, 5, 2, -1)	()	1	1	major	minor	i	i, major	V		i	i	True	V7	V7, minor		V7, minor		V	-1	-1	-1	0	0	0	False	False	False
32740	20	76	4	E	0	3	8	1	1	True	3.5	-1	121	121	273	121b	1637/4	1/16	False	5	False				False	376	V7{		F	i		V7	V		7			Mm7	False	True	(1, 5, 2, -1)	()	1	1	major	minor	i	i, major	V		i	i	True	V7	V7, minor		V7, minor		V	-1	-1	-1	5	5	5	True	False	False
32760	20	68	-4	A	-1	3	8	1	2	True	1.0	-1	122	122	274	122b	819/2	1/16	False	4	True				False	377	i		F	i		i	i					m	False	True	(0, -3, 1)	()	0	0	major	minor	i	i, major	i		i	i	True	i	i, minor		i, minor		i	-1	-1	-1	-3	-3	-3	True	False	False
32760	40	77	-1	F	0	3	8	1	1	True	1.0	-1	122	122	274	122b	819/2	1/8	False	5	True				False	377	i		F	i		i	i					m	False	True	(0, -3, 1)	()	0	0	major	minor	i	i, major	i		i	i	True	i	i, minor		i, minor		i	-1	-1	-1	0	0	0	True	True	True
32780	20	67	1	G	0	3	8	1	2	True	1.5	-1	122	122	274	122b	1639/4	1/16	False	4	False				False	377	i		F	i		i	i					m	False	True	(0, -3, 1)	()	0	0	major	minor	i	i, major	i		i	i	True	i	i, minor		i, minor		i	-1	-1	-1	2	2	2	False	False	False
32800	20	65	-1	F	0	3	8	1	2	True	2.0	-1	122	122	274	122b	410	1/16	False	4	False				False	377	i		F	i		i	i					m	False	True	(0, -3, 1)	()	0	0	major	minor	i	i, major	i		i	i	True	i	i, minor		i, minor		i	-1	-1	-1	0	0	0	True	True	True
32800	40	77	-1	F	0	3	8	1	1	True	2.0	-1	122	122	274	122b	410	1/8	False	5	False				False	377	i		F	i		i	i					m	False	True	(0, -3, 1)	()	0	0	major	minor	i	i, major	i		i	i	True	i	i, minor		i, minor		i	-1	-1	-1	0	0	0	True	True	True
32820	20	64	4	E	0	3	8	1	2	True	2.5	-1	122	122	274	122b	1641/4	1/16	False	4	False				False	377	i		F	i		i	i					m	False	True	(0, -3, 1)	()	0	0	major	minor	i	i, major	i		i	i	True	i	i, minor		i, minor		i	-1	-1	-1	5	5	5	False	False	False
32840	20	65	-1	F	0	3	8	1	2	True	3.0	-1	122	122	274	122b	821/2	1/16	False	4	False				False	377	i		F	i		i	i					m	False	True	(0, -3, 1)	()	0	0	major	minor	i	i, major	i		i	i	True	i	i, minor		i, minor		i	-1	-1	-1	0	0	0	True	True	True
32840	40	77	-1	F	0	3	8	1	1	True	3.0	-1	122	122	274	122b	821/2	1/8	False	5	False				False	377	i		F	i		i	i					m	False	True	(0, -3, 1)	()	0	0	major	minor	i	i, major	i		i	i	True	i	i, minor		i, minor		i	-1	-1	-1	0	0	0	True	True	True
32860	20	61	-5	D	-1	3	8	1	2	True	3.5	-1	122	122	274	122b	1643/4	1/16	False	4	False				False	377	i		F	i		i	i					m	False	True	(0, -3, 1)	()	0	0	major	minor	i	i, major	i		i	i	True	i	i, minor		i, minor		i	-1	-1	-1	-4	-4	-4	False	False	False
32880	40	60	0	C	0	3	8	1	2	True	1.0	-1	123	123	275	123b	411	1/8	False	4	True				False	378	V7		F	i		V7	V		7			Mm7	False	True	(1, 5, 2, -1)	()	1	1	major	minor	i	i, major	V		i	i	True	V7	V7, minor		V7, minor		V	-1	-1	-1	1	1	1	True	True	True
32900	20	82	-2	B	-1	3	8	1	1	True	1.5	-1	123	123	275	123b	1645/4	1/16	False	5	False				False	378	V7		F	i		V7	V		7			Mm7	False	True	(1, 5, 2, -1)	()	1	1	major	minor	i	i, major	V		i	i	True	V7	V7, minor		V7, minor		V	-1	-1	-1	-1	-1	-1	True	False	False
32920	40	67	1	G	0	3	8	1	2	True	2.0	-1	123	123	275	123b	823/2	1/8	False	4	False				False	378	V7		F	i		V7	V		7			Mm7	False	True	(1, 5, 2, -1)	()	1	1	major	minor	i	i, major	V		i	i	True	V7	V7, minor		V7, minor		V	-1	-1	-1	2	2	2	True	False	False
32920	20	80	-4	A	-1	3	8	1	1	True	2.0	-1	123	123	275	123b	823/2	1/16	False	5	False				False	378	V7		F	i		V7	V		7			Mm7	False	True	(1, 5, 2, -1)	()	1	1	major	minor	i	i, major	V		i	i	True	V7	V7, minor		V7, minor		V	-1	-1	-1	-3	-3	-3	False	False	False
32940	20	79	1	G	0	3	8	1	1	True	2.5	-1	123	123	275	123b	1647/4	1/16	False	5	False				False	378	V7		F	i		V7	V		7			Mm7	False	True	(1, 5, 2, -1)	()	1	1	major	minor	i	i, major	V		i	i	True	V7	V7, minor		V7, minor		V	-1	-1	-1	2	2	2	True	False	False
32960	40	70	-2	B	-1	3	8	1	2	True	3.0	-1	123	123	275	123b	412	1/8	False	4	False				False	378	V7		F	i		V7	V		7			Mm7	False	True	(1, 5, 2, -1)	()	1	1	major	minor	i	i, major	V		i	i	True	V7	V7, minor		V7, minor		V	-1	-1	-1	-1	-1	-1	True	False	False
32960	20	77	-1	F	0	3	8	1	1	True	3.0	-1	123	123	275	123b	412	1/16	False	5	False				False	378	V7		F	i		V7	V		7			Mm7	False	True	(1, 5, 2, -1)	()	1	1	major	minor	i	i, major	V		i	i	True	V7	V7, minor		V7, minor		V	-1	-1	-1	0	0	0	False	False	False
32980	20	76	4	E	0	3	8	1	1	True	3.5	-1	123	123	275	123b	1649/4	1/16	False	5	False				False	378	V7		F	i		V7	V		7			Mm7	False	True	(1, 5, 2, -1)	()	1	1	major	minor	i	i, major	V		i	i	True	V7	V7, minor		V7, minor		V	-1	-1	-1	5	5	5	True	False	False
33000	20	68	-4	A	-1	3	8	1	2	True	1.0	-1	124	124	276	124b	825/2	1/16	False	4	True				False	379	i		F	i		i	i					m	False	True	(0, -3, 1)	()	0	0	major	minor	i	i, major	i		i	i	True	i	i, minor		i, minor		i	-1	-1	-1	-3	-3	-3	True	False	False
33000	40	77	-1	F	0	3	8	1	1	True	1.0	-1	124	124	276	124b	825/2	1/8	False	5	True				False	379	i		F	i		i	i					m	False	True	(0, -3, 1)	()	0	0	major	minor	i	i, major	i		i	i	True	i	i, minor		i, minor		i	-1	-1	-1	0	0	0	True	True	True
33020	20	67	1	G	0	3	8	1	2	True	1.5	-1	124	124	276	124b	1651/4	1/16	False	4	False				False	379	i		F	i		i	i					m	False	True	(0, -3, 1)	()	0	0	major	minor	i	i, major	i		i	i	True	i	i, minor		i, minor		i	-1	-1	-1	2	2	2	False	False	False
33040	20	65	-1	F	0	3	8	1	2	True	2.0	-1	124	124	276	124b	413	1/16	False	4	False				False	379	i		F	i		i	i					m	False	True	(0, -3, 1)	()	0	0	major	minor	i	i, major	i		i	i	True	i	i, minor		i, minor		i	-1	-1	-1	0	0	0	True	True	True
33040	40	77	-1	F	0	3	8	1	1	True	2.0	-1	124	124	276	124b	413	1/8	False	5	False				False	379	i		F	i		i	i					m	False	True	(0, -3, 1)	()	0	0	major	minor	i	i, major	i		i	i	True	i	i, minor		i, minor		i	-1	-1	-1	0	0	0	True	True	True
33060	20	64	4	E	0	3	8	1	2	True	2.5	-1	124	124	276	124b	1653/4	1/16	False	4	False				False	379	i		F	i		i	i					m	False	True	(0, -3, 1)	()	0	0	major	minor	i	i, major	i		i	i	True	i	i, minor		i, minor		i	-1	-1	-1	5	5	5	False	False	False
33080	20	65	-1	F	0	3	8	1	2	True	3.0	-1	124	124	276	124b	827/2	1/16	False	4	False				False	379	i		F	i		i	i					m	False	True	(0, -3, 1)	()	0	0	major	minor	i	i, major	i		i	i	True	i	i, minor		i, minor		i	-1	-1	-1	0	0	0	True	True	True
33080	40	77	-1	F	0	3	8	1	1	True	3.0	-1	124	124	276	124b	827/2	1/8	False	5	False				False	379	i		F	i		i	i					m	False	True	(0, -3, 1)	()	0	0	major	minor	i	i, major	i		i	i	True	i	i, minor		i, minor		i	-1	-1	-1	0	0	0	True	True	True
33100	20	61	-5	D	-1	3	8	1	2	True	3.5	-1	124	124	276	124b	1655/4	1/16	False	4	False				False	379	i		F	i		i	i					m	False	True	(0, -3, 1)	()	0	0	major	minor	i	i, major	i		i	i	True	i	i, minor		i, minor		i	-1	-1	-1	-4	-4	-4	False	False	False
33120	40	60	0	C	0	3	8	1	2	True	1.0	-1	125	125	277	125b	414	1/8	False	4	True				False	380	V7		F	i		V7	V		7			Mm7	False	True	(1, 5, 2, -1)	()	1	1	major	minor	i	i, major	V		i	i	True	V7	V7, minor		V7, minor		V	-1	-1	-1	1	1	1	True	True	True
33140	20	85	-5	D	-1	3	8	1	1	True	1.5	-1	125	125	277	125b	1657/4	1/16	False	6	False				False	380	V7		F	i		V7	V		7			Mm7	False	True	(1, 5, 2, -1)	()	1	1	major	minor	i	i, major	V		i	i	True	V7	V7, minor		V7, minor		V	-1	-1	-1	-4	-4	-4	False	False	False
33160	40	67	1	G	0	3	8	1	2	True	2.0	-1	125	125	277	125b	829/2	1/8	False	4	False				False	380	V7		F	i		V7	V		7			Mm7	False	True	(1, 5, 2, -1)	()	1	1	major	minor	i	i, major	V		i	i	True	V7	V7, minor		V7, minor		V	-1	-1	-1	2	2	2	True	False	False
33160	20	84	0	C	0	3	8	1	1	True	2.0	-1	125	125	277	125b	829/2	1/16	False	6	False				False	380	V7		F	i		V7	V		7			Mm7	False	True	(1, 5, 2, -1)	()	1	1	major	minor	i	i, major	V		i	i	True	V7	V7, minor		V7, minor		V	-1	-1	-1	1	1	1	True	True	True
33180	20	82	-2	B	-1	3	8	1	1	True	2.5	-1	125	125	277	125b	1659/4	1/16	False	5	False				False	380	V7		F	i		V7	V		7			Mm7	False	True	(1, 5, 2, -1)	()	1	1	major	minor	i	i, major	V		i	i	True	V7	V7, minor		V7, minor		V	-1	-1	-1	-1	-1	-1	True	False	False
33200	40	70	-2	B	-1	3	8	1	2	True	3.0	-1	125	125	277	125b	415	1/8	False	4	False				False	380	V7		F	i		V7	V		7			Mm7	False	True	(1, 5, 2, -1)	()	1	1	major	minor	i	i, major	V		i	i	True	V7	V7, minor		V7, minor		V	-1	-1	-1	-1	-1	-1	True	False	False
33200	20	80	-4	A	-1	3	8	1	1	True	3.0	-1	125	125	277	125b	415	1/16	False	5	False				False	380	V7		F	i		V7	V		7			Mm7	False	True	(1, 5, 2, -1)	()	1	1	major	minor	i	i, major	V		i	i	True	V7	V7, minor		V7, minor		V	-1	-1	-1	-3	-3	-3	False	False	False
33220	20	79	1	G	0	3	8	1	1	True	3.5	-1	125	125	277	125b	1661/4	1/16	False	5	False				False	380	V7		F	i		V7	V		7			Mm7	False	True	(1, 5, 2, -1)	()	1	1	major	minor	i	i, major	V		i	i	True	V7	V7, minor		V7, minor		V	-1	-1	-1	2	2	2	True	False	False
33240	20	68	-4	A	-1	3	8	1	2	True	1.0	-1	126	126	278	126b	831/2	1/16	False	4	True				False	381	i6		F	i		i6	i		6			m	False	True	(-3, 1, 0)	()	0	-3	major	minor	i	i, major	i		i	i	True	i6	i6, minor		i6, minor		i	-1	-1	-1	-3	-3	-3	True	False	True
33240	60	77	-1	F	0	3	8	1	1	True	1.0	-1	126	126	278	126b	831/2	3/16	False	5	True				False	381	i6		F	i		i6	i		6			m	False	True	(-3, 1, 0)	()	0	-3	major	minor	i	i, major	i		i	i	True	i6	i6, minor		i6, minor		i	-1	-1	-1	0	0	0	True	True	False
33260	20	67	1	G	0	3	8	1	2	True	1.5	-1	126	126	278	126b	1663/4	1/16	False	4	False				False	381	i6		F	i		i6	i		6			m	False	True	(-3, 1, 0)	()	0	-3	major	minor	i	i, major	i		i	i	True	i6	i6, minor		i6, minor		i	-1	-1	-1	2	2	2	False	False	False
33280	20	68	-4	A	-1	3	8	1	2	True	2.0	-1	126	126	278	126b	416	1/16	False	4	False				False	381	i6		F	i		i6	i		6			m	False	True	(-3, 1, 0)	()	0	-3	major	minor	i	i, major	i		i	i	True	i6	i6, minor		i6, minor		i	-1	-1	-1	-3	-3	-3	True	False	True
33300	20	70	-2	B	-1	3	8	1	2	True	2.5	-1	126	126	278	126b	1665/4	1/16	False	4	False				False	381	i6		F	i		i6	i		6			m	False	True	(-3, 1, 0)	()	0	-3	major	minor	i	i, major	i		i	i	True	i6	i6, minor		i6, minor		i	-1	-1	-1	-1	-1	-1	False	False	False
33300	20	79	1	G	0	3	8	1	1	True	2.5	-1	126	126	278	126b	1665/4	1/16	False	5	False				False	381	i6		F	i		i6	i		6			m	False	True	(-3, 1, 0)	()	0	-3	major	minor	i	i, major	i		i	i	True	i6	i6, minor		i6, minor		i	-1	-1	-1	2	2	2	False	False	False
33320	20	72	0	C	0	3	8	1	2	True	3.0	-1	126	126	278	126b	833/2	1/16	False	5	False				False	381	i6		F	i		i6	i		6			m	False	True	(-3, 1, 0)	()	0	-3	major	minor	i	i, major	i		i	i	True	i6	i6, minor		i6, minor		i	-1	-1	-1	1	1	1	True	False	False
33320	40	80	-4	A	-1	3	8	1	1	True	3.0	-1	126	126	278	126b	833/2	1/8	False	5	False				False	381	i6		F	i		i6	i		6			m	False	True	(-3, 1, 0)	()	0	-3	major	minor	i	i, major	i		i	i	True	i6	i6, minor		i6, minor		i	-1	-1	-1	-3	-3	-3	True	False	True
33340	20	65	-1	F	0	3	8	1	2	True	3.5	-1	126	126	278	126b	1667/4	1/16	False	4	False				False	381	i6		F	i		i6	i		6			m	False	True	(-3, 1, 0)	()	0	-3	major	minor	i	i, major	i		i	i	True	i6	i6, minor		i6, minor		i	-1	-1	-1	0	0	0	True	True	False
33360	40	58	-2	B	-1	3	8	2	1	True	1.0	-1	127	127	279	127b	417	1/8	False	3	True				False	382	iio6		F	i		iio6	ii	o	6			o	False	True	(-1, -4, 2)	()	2	-1	major	minor	i	i, major	ii		i	i	True	iio6	iio6, minor		iio6, minor		ii	-1	-1	-1	-1	-1	-1	True	False	True
33360	20	67	1	G	0	3	8	1	1	True	1.0	-1	127	127	279	127b	417	1/16	False	4	True				False	382	iio6		F	i		iio6	ii	o	6			o	False	True	(-1, -4, 2)	()	2	-1	major	minor	i	i, major	ii		i	i	True	iio6	iio6, minor		iio6, minor		ii	-1	-1	-1	2	2	2	True	True	False
33380	20	70	-2	B	-1	3	8	1	1	True	1.5	-1	127	127	279	127b	1669/4	1/16	False	4	False				False	382	iio6		F	i		iio6	ii	o	6			o	False	True	(-1, -4, 2)	()	2	-1	major	minor	i	i, major	ii		i	i	True	iio6	iio6, minor		iio6, minor		ii	-1	-1	-1	-1	-1	-1	True	False	True
33400	40	60	0	C	0	3	8	2	1	True	2.0	-1	127	127	279	127b	835/2	1/8	False	4	True				False	383	V(64)		F	i		V(64)	V			64		M	False	True	(1, 0, -3)	()	1	1	major	minor	i	i, major	V		i	i	True	V	V, minor		V(64), minor		V	-1	-1	-1	1	1	1	True	True	True
33400	20	68	-4	A	-1	3	8	1	1	True	2.0	-1	127	127	279	127b	835/2	1/16	False	4	True				False	383	V(64)		F	i		V(64)	V			64		M	False	True	(1, 0, -3)	()	1	1	major	minor	i	i, major	V		i	i	True	V	V, minor		V(64), minor		V	-1	-1	-1	-3	-3	-3	True	False	False
33420	20	67	1	G	0	3	8	1	1	True	2.5	-1	127	127	279	127b	1671/4	1/16	False	4	False				False	383	V(64)		F	i		V(64)	V			64		M	False	True	(1, 0, -3)	()	1	1	major	minor	i	i, major	V		i	i	True	V	V, minor		V(64), minor		V	-1	-1	-1	2	2	2	False	False	False
33440	40	48	0	C	0	3	8	2	1	True	3.0	-1	127	127	279	127b	418	1/8	False	3	True				False	384	V		F	i		V	V					M	False	True	(1, 5, 2)	()	1	1	major	minor	i	i, major	V		i	i	True	V	V, minor		V, minor		V	-1	-1	-1	1	1	1	True	True	True
33440	20	65	-1	F	0	3	8	1	1	True	3.0	-1	127	127	279	127b	418	1/16	False	4	True				False	384	V		F	i		V	V					M	False	True	(1, 5, 2)	()	1	1	major	minor	i	i, major	V		i	i	True	V	V, minor		V, minor		V	-1	-1	-1	0	0	0	False	False	False
33460	20	64	4	E	0	3	8	1	1	True	3.5	-1	127	127	279	127b	1673/4	1/16	False	4	False				False	384	V		F	i		V	V					M	False	True	(1, 5, 2)	()	1	1	major	minor	i	i, major	V		i	i	True	V	V, minor		V, minor		V	-1	-1	-1	5	5	5	True	False	False
33480	0	64	4	E	0	3	8	1	1	True	1.0	-1	128	128	280	128b	837/2	0	False	4	True	PAC	PAC	}	True	385	i|PAC}		F	i		i	i					m	False	True	(0, -3, 1)	()	0	0	major	minor	i	i, major	i		i	i	True	i	i, minor		i, minor		i	-1	-1	-1	5	5	5	False	False	False
33480	120	53	-1	F	0	3	8	2	1	True	1.0	-1	128	128	280	128b	837/2	3/8	False	3	True	PAC	PAC	}	True	385	i|PAC}		F	i		i	i					m	False	True	(0, -3, 1)	()	0	0	major	minor	i	i, major	i		i	i	True	i	i, minor		i, minor		i	-1	-1	-1	0	0	0	True	True	True
33480	120	65	-1	F	0	3	8	1	1	True	1.0	-1	128	128	280	128b	837/2	3/8	False	4	True	PAC	PAC	}	True	385	i|PAC}		F	i		i	i					m	False	True	(0, -3, 1)	()	0	0	major	minor	i	i, major	i		i	i	True	i	i, minor		i, minor		i	-1	-1	-1	0	0	0	True	True	True
33600	40	60	0	C	0	3	8	1	2	True	1.0	-1	129	129	281	129b	420	1/8	False	4	True			{	False	386	V7{		F	i		V7	V		7			Mm7	False	True	(1, 5, 2, -1)	()	1	1	major	minor	i	i, major	V		i	i	True	V7	V7, minor		V7, minor		V	-1	-1	-1	1	1	1	True	True	True
33620	20	82	-2	B	-1	3	8	1	1	True	1.5	-1	129	129	281	129b	1681/4	1/16	False	5	False				False	386	V7{		F	i		V7	V		7			Mm7	False	True	(1, 5, 2, -1)	()	1	1	major	minor	i	i, major	V		i	i	True	V7	V7, minor		V7, minor		V	-1	-1	-1	-1	-1	-1	True	False	False
33640	40	67	1	G	0	3	8	1	2	True	2.0	-1	129	129	281	129b	841/2	1/8	False	4	False				False	386	V7{		F	i		V7	V		7			Mm7	False	True	(1, 5, 2, -1)	()	1	1	major	minor	i	i, major	V		i	i	True	V7	V7, minor		V7, minor		V	-1	-1	-1	2	2	2	True	False	False
33640	20	80	-4	A	-1	3	8	1	1	True	2.0	-1	129	129	281	129b	841/2	1/16	False	5	False				False	386	V7{		F	i		V7	V		7			Mm7	False	True	(1, 5, 2, -1)	()	1	1	major	minor	i	i, major	V		i	i	True	V7	V7, minor		V7, minor		V	-1	-1	-1	-3	-3	-3	False	False	False
33660	20	79	1	G	0	3	8	1	1	True	2.5	-1	129	129	281	129b	1683/4	1/16	False	5	False				False	386	V7{		F	i		V7	V		7			Mm7	False	True	(1, 5, 2, -1)	()	1	1	major	minor	i	i, major	V		i	i	True	V7	V7, minor		V7, minor		V	-1	-1	-1	2	2	2	True	False	False
33680	40	70	-2	B	-1	3	8	1	2	True	3.0	-1	129	129	281	129b	421	1/8	False	4	False				False	386	V7{		F	i		V7	V		7			Mm7	False	True	(1, 5, 2, -1)	()	1	1	major	minor	i	i, major	V		i	i	True	V7	V7, minor		V7, minor		V	-1	-1	-1	-1	-1	-1	True	False	False
33680	20	77	-1	F	0	3	8	1	1	True	3.0	-1	129	129	281	129b	421	1/16	False	5	False				False	386	V7{		F	i		V7	V		7			Mm7	False	True	(1, 5, 2, -1)	()	1	1	major	minor	i	i, major	V		i	i	True	V7	V7, minor		V7, minor		V	-1	-1	-1	0	0	0	False	False	False
33700	20	76	4	E	0	3	8	1	1	True	3.5	-1	129	129	281	129b	1685/4	1/16	False	5	False				False	386	V7{		F	i		V7	V		7			Mm7	False	True	(1, 5, 2, -1)	()	1	1	major	minor	i	i, major	V		i	i	True	V7	V7, minor		V7, minor		V	-1	-1	-1	5	5	5	True	False	False
33720	20	68	-4	A	-1	3	8	1	2	True	1.0	-1	130	130	282	130b	843/2	1/16	False	4	True				False	387	i		F	i		i	i					m	False	True	(0, -3, 1)	()	0	0	major	minor	i	i, major	i		i	i	True	i	i, minor		i, minor		i	-1	-1	-1	-3	-3	-3	True	False	False
33720	40	77	-1	F	0	3	8	1	1	True	1.0	-1	130	130	282	130b	843/2	1/8	False	5	True				False	387	i		F	i		i	i					m	False	True	(0, -3, 1)	()	0	0	major	minor	i	i, major	i		i	i	True	i	i, minor		i, minor		i	-1	-1	-1	0	0	0	True	True	True
33740	20	67	1	G	0	3	8	1	2	True	1.5	-1	130	130	282	130b	1687/4	1/16	False	4	False				False	387	i		F	i		i	i					m	False	True	(0, -3, 1)	()	0	0	major	minor	i	i, major	i		i	i	True	i	i, minor		i, minor		i	-1	-1	-1	2	2	2	False	False	False
33760	20	65	-1	F	0	3	8	1	2	True	2.0	-1	130	130	282	130b	422	1/16	False	4	False				False	387	i		F	i		i	i					m	False	True	(0, -3, 1)	()	0	0	major	minor	i	i, major	i		i	i	True	i	i, minor		i, minor		i	-1	-1	-1	0	0	0	True	True	True
33760	40	77	-1	F	0	3	8	1	1	True	2.0	-1	130	130	282	130b	422	1/8	False	5	False				False	387	i		F	i		i	i					m	False	True	(0, -3, 1)	()	0	0	major	minor	i	i, major	i		i	i	True	i	i, minor		i, minor		i	-1	-1	-1	0	0	0	True	True	True
33780	20	64	4	E	0	3	8	1	2	True	2.5	-1	130	130	282	130b	1689/4	1/16	False	4	False				False	387	i		F	i		i	i					m	False	True	(0, -3, 1)	()	0	0	major	minor	i	i, major	i		i	i	True	i	i, minor		i, minor		i	-1	-1	-1	5	5	5	False	False	False
33800	20	65	-1	F	0	3	8	1	2	True	3.0	-1	130	130	282	130b	845/2	1/16	False	4	False				False	387	i		F	i		i	i					m	False	True	(0, -3, 1)	()	0	0	major	minor	i	i, major	i		i	i	True	i	i, minor		i, minor		i	-1	-1	-1	0	0	0	True	True	True
33800	40	77	-1	F	0	3	8	1	1	True	3.0	-1	130	130	282	130b	845/2	1/8	False	5	False				False	387	i		F	i		i	i					m	False	True	(0, -3, 1)	()	0	0	major	minor	i	i, major	i		i	i	True	i	i, minor		i, minor		i	-1	-1	-1	0	0	0	True	True	True
33820	20	61	-5	D	-1	3	8	1	2	True	3.5	-1	130	130	282	130b	1691/4	1/16	False	4	False				False	387	i		F	i		i	i					m	False	True	(0, -3, 1)	()	0	0	major	minor	i	i, major	i		i	i	True	i	i, minor		i, minor		i	-1	-1	-1	-4	-4	-4	False	False	False
33840	40	60	0	C	0	3	8	1	2	True	1.0	-1	131	131	283	131b	423	1/8	False	4	True				False	388	V7		F	i		V7	V		7			Mm7	False	True	(1, 5, 2, -1)	()	1	1	major	minor	i	i, major	V		i	i	True	V7	V7, minor		V7, minor		V	-1	-1	-1	1	1	1	True	True	True
33860	20	82	-2	B	-1	3	8	1	1	True	1.5	-1	131	131	283	131b	1693/4	1/16	False	5	False				False	388	V7		F	i		V7	V		7			Mm7	False	True	(1, 5, 2, -1)	()	1	1	major	minor	i	i, major	V		i	i	True	V7	V7, minor		V7, minor		V	-1	-1	-1	-1	-1	-1	True	False	False
33880	40	67	1	G	0	3	8	1	2	True	2.0	-1	131	131	283	131b	847/2	1/8	False	4	False				False	388	V7		F	i		V7	V		7			Mm7	False	True	(1, 5, 2, -1)	()	1	1	major	minor	i	i, major	V		i	i	True	V7	V7, minor		V7, minor		V	-1	-1	-1	2	2	2	True	False	False
33880	20	80	-4	A	-1	3	8	1	1	True	2.0	-1	131	131	283	131b	847/2	1/16	False	5	False				False	388	V7		F	i		V7	V		7			Mm7	False	True	(1, 5, 2, -1)	()	1	1	major	minor	i	i, major	V		i	i	True	V7	V7, minor		V7, minor		V	-1	-1	-1	-3	-3	-3	False	False	False
33900	20	79	1	G	0	3	8	1	1	True	2.5	-1	131	131	283	131b	1695/4	1/16	False	5	False				False	388	V7		F	i		V7	V		7			Mm7	False	True	(1, 5, 2, -1)	()	1	1	major	minor	i	i, major	V		i	i	True	V7	V7, minor		V7, minor		V	-1	-1	-1	2	2	2	True	False	False
33920	40	70	-2	B	-1	3	8	1	2	True	3.0	-1	131	131	283	131b	424	1/8	False	4	False				False	388	V7		F	i		V7	V		7			Mm7	False	True	(1, 5, 2, -1)	()	1	1	major	minor	i	i, major	V		i	i	True	V7	V7, minor		V7, minor		V	-1	-1	-1	-1	-1	-1	True	False	False
33920	20	77	-1	F	0	3	8	1	1	True	3.0	-1	131	131	283	131b	424	1/16	False	5	False				False	388	V7		F	i		V7	V		7			Mm7	False	True	(1, 5, 2, -1)	()	1	1	major	minor	i	i, major	V		i	i	True	V7	V7, minor		V7, minor		V	-1	-1	-1	0	0	0	False	False	False
33940	20	76	4	E	0	3	8	1	1	True	3.5	-1	131	131	283	131b	1697/4	1/16	False	5	False				False	388	V7		F	i		V7	V		7			Mm7	False	True	(1, 5, 2, -1)	()	1	1	major	minor	i	i, major	V		i	i	True	V7	V7, minor		V7, minor		V	-1	-1	-1	5	5	5	True	False	False
33960	20	68	-4	A	-1	3	8	1	2	True	1.0	-1	132	132	284	132b	849/2	1/16	False	4	True				False	389	i		F	i		i	i					m	False	True	(0, -3, 1)	()	0	0	major	minor	i	i, major	i		i	i	True	i	i, minor		i, minor		i	-1	-1	-1	-3	-3	-3	True	False	False
33960	40	77	-1	F	0	3	8	1	1	True	1.0	-1	132	132	284	132b	849/2	1/8	False	5	True				False	389	i		F	i		i	i					m	False	True	(0, -3, 1)	()	0	0	major	minor	i	i, major	i		i	i	True	i	i, minor		i, minor		i	-1	-1	-1	0	0	0	True	True	True
33980	20	67	1	G	0	3	8	1	2	True	1.5	-1	132	132	284	132b	1699/4	1/16	False	4	False				False	389	i		F	i		i	i					m	False	True	(0, -3, 1)	()	0	0	major	minor	i	i, major	i		i	i	True	i	i, minor		i, minor		i	-1	-1	-1	2	2	2	False	False	False
34000	20	65	-1	F	0	3	8	1	2	True	2.0	-1	132	132	284	132b	425	1/16	False	4	False				False	389	i		F	i		i	i					m	False	True	(0, -3, 1)	()	0	0	major	minor	i	i, major	i		i	i	True	i	i, minor		i, minor		i	-1	-1	-1	0	0	0	True	True	True
34000	40	77	-1	F	0	3	8	1	1	True	2.0	-1	132	132	284	132b	425	1/8	False	5	False				False	389	i		F	i		i	i					m	False	True	(0, -3, 1)	()	0	0	major	minor	i	i, major	i		i	i	True	i	i, minor		i, minor		i	-1	-1	-1	0	0	0	True	True	True
34020	20	64	4	E	0	3	8	1	2	True	2.5	-1	132	132	284	132b	1701/4	1/16	False	4	False				False	389	i		F	i		i	i					m	False	True	(0, -3, 1)	()	0	0	major	minor	i	i, major	i		i	i	True	i	i, minor		i, minor		i	-1	-1	-1	5	5	5	False	False	False
34040	20	65	-1	F	0	3	8	1	2	True	3.0	-1	132	132	284	132b	851/2	1/16	False	4	False				False	389	i		F	i		i	i					m	False	True	(0, -3, 1)	()	0	0	major	minor	i	i, major	i		i	i	True	i	i, minor		i, minor		i	-1	-1	-1	0	0	0	True	True	True
34040	40	77	-1	F	0	3	8	1	1	True	3.0	-1	132	132	284	132b	851/2	1/8	False	5	False				False	389	i		F	i		i	i					m	False	True	(0, -3, 1)	()	0	0	major	minor	i	i, major	i		i	i	True	i	i, minor		i, minor		i	-1	-1	-1	0	0	0	True	True	True
34060	20	61	-5	D	-1	3	8	1	2	True	3.5	-1	132	132	284	132b	1703/4	1/16	False	4	False				False	389	i		F	i		i	i					m	False	True	(0, -3, 1)	()	0	0	major	minor	i	i, major	i		i	i	True	i	i, minor		i, minor		i	-1	-1	-1	-4	-4	-4	False	False	False
34080	40	60	0	C	0	3	8	1	2	True	1.0	-1	133	133	285	133b	426	1/8	False	4	True				False	390	V7		F	i		V7	V		7			Mm7	False	True	(1, 5, 2, -1)	()	1	1	major	minor	i	i, major	V		i	i	True	V7	V7, minor		V7, minor		V	-1	-1	-1	1	1	1	True	True	True
34100	20	85	-5	D	-1	3	8	1	1	True	1.5	-1	133	133	285	133b	1705/4	1/16	False	6	False				False	390	V7		F	i		V7	V		7			Mm7	False	True	(1, 5, 2, -1)	()	1	1	major	minor	i	i, major	V		i	i	True	V7	V7, minor		V7, minor		V	-1	-1	-1	-4	-4	-4	False	False	False
34120	40	67	1	G	0	3	8	1	2	True	2.0	-1	133	133	285	133b	853/2	1/8	False	4	False				False	390	V7		F	i		V7	V		7			Mm7	False	True	(1, 5, 2, -1)	()	1	1	major	minor	i	i, major	V		i	i	True	V7	V7, minor		V7, minor		V	-1	-1	-1	2	2	2	True	False	False
34120	20	84	0	C	0	3	8	1	1	True	2.0	-1	133	133	285	133b	853/2	1/16	False	6	False				False	390	V7		F	i		V7	V		7			Mm7	False	True	(1, 5, 2, -1)	()	1	1	major	minor	i	i, major	V		i	i	True	V7	V7, minor		V7, minor		V	-1	-1	-1	1	1	1	True	True	True
34140	20	82	-2	B	-1	3	8	1	1	True	2.5	-1	133	133	285	133b	1707/4	1/16	False	5	False				False	390	V7		F	i		V7	V		7			Mm7	False	True	(1, 5, 2, -1)	()	1	1	major	minor	i	i, major	V		i	i	True	V7	V7, minor		V7, minor		V	-1	-1	-1	-1	-1	-1	True	False	False
34160	40	70	-2	B	-1	3	8	1	2	True	3.0	-1	133	133	285	133b	427	1/8	False	4	False				False	390	V7		F	i		V7	V		7			Mm7	False	True	(1, 5, 2, -1)	()	1	1	major	minor	i	i, major	V		i	i	True	V7	V7, minor		V7, minor		V	-1	-1	-1	-1	-1	-1	True	False	False
34160	20	80	-4	A	-1	3	8	1	1	True	3.0	-1	133	133	285	133b	427	1/16	False	5	False				False	390	V7		F	i		V7	V		7			Mm7	False	True	(1, 5, 2, -1)	()	1	1	major	minor	i	i, major	V		i	i	True	V7	V7, minor		V7, minor		V	-1	-1	-1	-3	-3	-3	False	False	False
34180	20	79	1	G	0	3	8	1	1	True	3.5	-1	133	133	285	133b	1709/4	1/16	False	5	False				False	390	V7		F	i		V7	V		7			Mm7	False	True	(1, 5, 2, -1)	()	1	1	major	minor	i	i, major	V		i	i	True	V7	V7, minor		V7, minor		V	-1	-1	-1	2	2	2	True	False	False
34200	20	68	-4	A	-1	3	8	1	2	True	1.0	-1	134	134	286	134b	855/2	1/16	False	4	True				False	391	i6		F	i		i6	i		6			m	False	True	(-3, 1, 0)	()	0	-3	major	minor	i	i, major	i		i	i	True	i6	i6, minor		i6, minor		i	-1	-1	-1	-3	-3	-3	True	False	True
34200	60	77	-1	F	0	3	8	1	1	True	1.0	-1	134	134	286	134b	855/2	3/16	False	5	True				False	391	i6		F	i		i6	i		6			m	False	True	(-3, 1, 0)	()	0	-3	major	minor	i	i, major	i		i	i	True	i6	i6, minor		i6, minor		i	-1	-1	-1	0	0	0	True	True	False
34220	20	67	1	G	0	3	8	1	2	True	1.5	-1	134	134	286	134b	1711/4	1/16	False	4	False				False	391	i6		F	i		i6	i		6			m	False	True	(-3, 1, 0)	()	0	-3	major	minor	i	i, major	i		i	i	True	i6	i6, minor		i6, minor		i	-1	-1	-1	2	2	2	False	False	False
34240	20	68	-4	A	-1	3	8	1	2	True	2.0	-1	134	134	286	134b	428	1/16	False	4	False				False	391	i6		F	i		i6	i		6			m	False	True	(-3, 1, 0)	()	0	-3	major	minor	i	i, major	i		i	i	True	i6	i6, minor		i6, minor		i	-1	-1	-1	-3	-3	-3	True	False	True
34260	20	70	-2	B	-1	3	8	1	2	True	2.5	-1	134	134	286	134b	1713/4	1/16	False	4	False				False	391	i6		F	i		i6	i		6			m	False	True	(-3, 1, 0)	()	0	-3	major	minor	i	i, major	i		i	i	True	i6	i6, minor		i6, minor		i	-1	-1	-1	-1	-1	-1	False	False	False
34260	20	79	1	G	0	3	8	1	1	True	2.5	-1	134	134	286	134b	1713/4	1/16	False	5	False				False	391	i6		F	i		i6	i		6			m	False	True	(-3, 1, 0)	()	0	-3	major	minor	i	i, major	i		i	i	True	i6	i6, minor		i6, minor		i	-1	-1	-1	2	2	2	False	False	False
34280	20	72	0	C	0	3	8	1	2	True	3.0	-1	134	134	286	134b	857/2	1/16	False	5	False				False	391	i6		F	i		i6	i		6			m	False	True	(-3, 1, 0)	()	0	-3	major	minor	i	i, major	i		i	i	True	i6	i6, minor		i6, minor		i	-1	-1	-1	1	1	1	True	False	False
34280	40	80	-4	A	-1	3	8	1	1	True	3.0	-1	134	134	286	134b	857/2	1/8	False	5	False				False	391	i6		F	i		i6	i		6			m	False	True	(-3, 1, 0)	()	0	-3	major	minor	i	i, major	i		i	i	True	i6	i6, minor		i6, minor		i	-1	-1	-1	-3	-3	-3	True	False	True
34300	20	65	-1	F	0	3	8	1	2	True	3.5	-1	134	134	286	134b	1715/4	1/16	False	4	False				False	391	i6		F	i		i6	i		6			m	False	True	(-3, 1, 0)	()	0	-3	major	minor	i	i, major	i		i	i	True	i6	i6, minor		i6, minor		i	-1	-1	-1	0	0	0	True	True	False
34320	40	58	-2	B	-1	3	8	2	1	True	1.0	-1	135	135	287	135b	429	1/8	False	3	True				False	392	iio6		F	i		iio6	ii	o	6			o	False	True	(-1, -4, 2)	()	2	-1	major	minor	i	i, major	ii		i	i	True	iio6	iio6, minor		iio6, minor		ii	-1	-1	-1	-1	-1	-1	True	False	True
34320	20	67	1	G	0	3	8	1	1	True	1.0	-1	135	135	287	135b	429	1/16	False	4	True				False	392	iio6		F	i		iio6	ii	o	6			o	False	True	(-1, -4, 2)	()	2	-1	major	minor	i	i, major	ii		i	i	True	iio6	iio6, minor		iio6, minor		ii	-1	-1	-1	2	2	2	True	True	False
34340	20	70	-2	B	-1	3	8	1	1	True	1.5	-1	135	135	287	135b	1717/4	1/16	False	4	False				False	392	iio6		F	i		iio6	ii	o	6			o	False	True	(-1, -4, 2)	()	2	-1	major	minor	i	i, major	ii		i	i	True	iio6	iio6, minor		iio6, minor		ii	-1	-1	-1	-1	-1	-1	True	False	True
34360	40	60	0	C	0	3	8	2	1	True	2.0	-1	135	135	287	135b	859/2	1/8	False	4	True				False	393	V(64)		F	i		V(64)	V			64		M	False	True	(1, 0, -3)	()	1	1	major	minor	i	i, major	V		i	i	True	V	V, minor		V(64), minor		V	-1	-1	-1	1	1	1	True	True	True
34360	20	68	-4	A	-1	3	8	1	1	True	2.0	-1	135	135	287	135b	859/2	1/16	False	4	True				False	393	V(64)		F	i		V(64)	V			64		M	False	True	(1, 0, -3)	()	1	1	major	minor	i	i, major	V		i	i	True	V	V, minor		V(64), minor		V	-1	-1	-1	-3	-3	-3	True	False	False
34380	20	67	1	G	0	3	8	1	1	True	2.5	-1	135	135	287	135b	1719/4	1/16	False	4	False				False	393	V(64)		F	i		V(64)	V			64		M	False	True	(1, 0, -3)	()	1	1	major	minor	i	i, major	V		i	i	True	V	V, minor		V(64), minor		V	-1	-1	-1	2	2	2	False	False	False
34400	40	48	0	C	0	3	8	2	1	True	3.0	-1	135	135	287	135b	430	1/8	False	3	True				False	394	V		F	i		V	V					M	False	True	(1, 5, 2)	()	1	1	major	minor	i	i, major	V		i	i	True	V	V, minor		V, minor		V	-1	-1	-1	1	1	1	True	True	True
34400	20	65	-1	F	0	3	8	1	1	True	3.0	-1	135	135	287	135b	430	1/16	False	4	True				False	394	V		F	i		V	V					M	False	True	(1, 5, 2)	()	1	1	major	minor	i	i, major	V		i	i	True	V	V, minor		V, minor		V	-1	-1	-1	0	0	0	False	False	False
34420	20	64	4	E	0	3	8	1	1	True	3.5	-1	135	135	287	135b	1721/4	1/16	False	4	False				False	394	V		F	i		V	V					M	False	True	(1, 5, 2)	()	1	1	major	minor	i	i, major	V		i	i	True	V	V, minor		V, minor		V	-1	-1	-1	5	5	5	True	False	False
34440	60	53	-1	F	0	3	8	2	1	True	1.0	-1	136	136	288	136b	861/2	3/16	False	3	True	PAC	PAC	}{	True	395	I.I|PAC}{		F	I		I	I					M	False	False	(0, 4, 1)	()	0	0	major	major	I	I, major	I		I	I	False	I	I, major		I, major		I	-1	-1	-1	0	0	0	True	True	True
34460	20	72	0	C	0	3	8	1	1	True	1.5	-1	136	136	288	136b	1723/4	1/16	False	5	False				False	395	I.I|PAC}{		F	I		I	I					M	False	False	(0, 4, 1)	()	0	0	major	major	I	I, major	I		I	I	False	I	I, major		I, major		I	-1	-1	-1	1	1	1	True	False	False
34480	80	72	0	C	0	3	8	1	1	False	2.0	-1	136	136	288	136b	431	1/4	False	5	False				False	395	I.I|PAC}{		F	I		I	I					M	False	False	(0, 4, 1)	()	0	0	major	major	I	I, major	I		I	I	False	I	I, major		I, major		I	-1	-1	-1	1	1	1	True	False	False
34480	80	81	3	A	0	3	8	1	1	True	2.0	-1	136	136	288	136b	431	1/4	False	5	False				False	395	I.I|PAC}{		F	I		I	I					M	False	False	(0, 4, 1)	()	0	0	major	major	I	I, major	I		I	I	False	I	I, major		I, major		I	-1	-1	-1	4	4	4	True	False	False
34500	20	53	-1	F	0	3	8	2	1	True	2.5	-1	136	136	288	136b	1725/4	1/16	False	3	False				False	395	I.I|PAC}{		F	I		I	I					M	False	False	(0, 4, 1)	()	0	0	major	major	I	I, major	I		I	I	False	I	I, major		I, major		I	-1	-1	-1	0	0	0	True	True	True
34500	20	65	-1	F	0	3	8	2	1	True	2.5	-1	136	136	288	136b	1725/4	1/16	False	4	False				False	395	I.I|PAC}{		F	I		I	I					M	False	False	(0, 4, 1)	()	0	0	major	major	I	I, major	I		I	I	False	I	I, major		I, major		I	-1	-1	-1	0	0	0	True	True	True
34520	20	48	0	C	0	3	8	2	1	True	3.0	-1	136	136	288	136b	863/2	1/16	False	3	False				False	395	I.I|PAC}{		F	I		I	I					M	False	False	(0, 4, 1)	()	0	0	major	major	I	I, major	I		I	I	False	I	I, major		I, major		I	-1	-1	-1	1	1	1	True	False	False
34520	20	60	0	C	0	3	8	2	1	True	3.0	-1	136	136	288	136b	863/2	1/16	False	4	False				False	395	I.I|PAC}{		F	I		I	I					M	False	False	(0, 4, 1)	()	0	0	major	major	I	I, major	I		I	I	False	I	I, major		I, major		I	-1	-1	-1	1	1	1	True	False	False
34540	20	45	3	A	0	3	8	2	1	True	3.5	-1	136	136	288	136b	1727/4	1/16	False	2	False				False	395	I.I|PAC}{		F	I		I	I					M	False	False	(0, 4, 1)	()	0	0	major	major	I	I, major	I		I	I	False	I	I, major		I, major		I	-1	-1	-1	4	4	4	True	False	False
34540	20	57	3	A	0	3	8	2	1	True	3.5	-1	136	136	288	136b	1727/4	1/16	False	3	False				False	395	I.I|PAC}{		F	I		I	I					M	False	False	(0, 4, 1)	()	0	0	major	major	I	I, major	I		I	I	False	I	I, major		I, major		I	-1	-1	-1	4	4	4	True	False	False
34560	60	41	-1	F	0	3	8	2	1	True	1.0	-1	137	137	289	137b	432	3/16	False	2	False				False	395	I.I|PAC}{		F	I		I	I					M	False	False	(0, 4, 1)	()	0	0	major	major	I	I, major	I		I	I	False	I	I, major		I, major		I	-1	-1	-1	0	0	0	True	True	True
34560	60	53	-1	F	0	3	8	2	1	True	1.0	-1	137	137	289	137b	432	3/16	False	3	False				False	395	I.I|PAC}{		F	I		I	I					M	False	False	(0, 4, 1)	()	0	0	major	major	I	I, major	I		I	I	False	I	I, major		I, major		I	-1	-1	-1	0	0	0	True	True	True
34560	20	72	0	C	0	3	8	1	1	False	1.0	-1	137	137	289	137b	432	1/16	False	5	False				False	395	I.I|PAC}{		F	I		I	I					M	False	False	(0, 4, 1)	()	0	0	major	major	I	I, major	I		I	I	False	I	I, major		I, major		I	-1	-1	-1	1	1	1	True	False	False
34560	20	81	3	A	0	3	8	1	1	False	1.0	-1	137	137	289	137b	432	1/16	False	5	False				False	395	I.I|PAC}{		F	I		I	I					M	False	False	(0, 4, 1)	()	0	0	major	major	I	I, major	I		I	I	False	I	I, major		I, major		I	-1	-1	-1	4	4	4	True	False	False
34580	20	74	2	D	0	3	8	1	1	True	1.5	-1	137	137	289	137b	1729/4	1/16	False	5	False				False	395	I.I|PAC}{		F	I		I	I					M	False	False	(0, 4, 1)	()	0	0	major	major	I	I, major	I		I	I	False	I	I, major		I, major		I	-1	-1	-1	3	3	3	False	False	False
34580	20	82	-2	B	-1	3	8	1	1	True	1.5	-1	137	137	289	137b	1729/4	1/16	False	5	False				False	395	I.I|PAC}{		F	I		I	I					M	False	False	(0, 4, 1)	()	0	0	major	major	I	I, major	I		I	I	False	I	I, major		I, major		I	-1	-1	-1	-1	-1	-1	False	False	False
34600	40	72	0	C	0	3	8	1	1	True	2.0	-1	137	137	289	137b	865/2	1/8	False	5	False				False	395	I.I|PAC}{		F	I		I	I					M	False	False	(0, 4, 1)	()	0	0	major	major	I	I, major	I		I	I	False	I	I, major		I, major		I	-1	-1	-1	1	1	1	True	False	False
34600	40	81	3	A	0	3	8	1	1	True	2.0	-1	137	137	289	137b	865/2	1/8	False	5	False				False	395	I.I|PAC}{		F	I		I	I					M	False	False	(0, 4, 1)	()	0	0	major	major	I	I, major	I		I	I	False	I	I, major		I, major		I	-1	-1	-1	4	4	4	True	False	False
34620	20	53	-1	F	0	3	8	2	1	True	2.5	-1	137	137	289	137b	1731/4	1/16	False	3	False				False	395	I.I|PAC}{		F	I		I	I					M	False	False	(0, 4, 1)	()	0	0	major	major	I	I, major	I		I	I	False	I	I, major		I, major		I	-1	-1	-1	0	0	0	True	True	True
34620	20	65	-1	F	0	3	8	2	1	True	2.5	-1	137	137	289	137b	1731/4	1/16	False	4	False				False	395	I.I|PAC}{		F	I		I	I					M	False	False	(0, 4, 1)	()	0	0	major	major	I	I, major	I		I	I	False	I	I, major		I, major		I	-1	-1	-1	0	0	0	True	True	True
34640	20	48	0	C	0	3	8	2	1	True	3.0	-1	137	137	289	137b	433	1/16	False	3	False				False	395	I.I|PAC}{		F	I		I	I					M	False	False	(0, 4, 1)	()	0	0	major	major	I	I, major	I		I	I	False	I	I, major		I, major		I	-1	-1	-1	1	1	1	True	False	False
34640	20	60	0	C	0	3	8	2	1	True	3.0	-1	137	137	289	137b	433	1/16	False	4	False				False	395	I.I|PAC}{		F	I		I	I					M	False	False	(0, 4, 1)	()	0	0	major	major	I	I, major	I		I	I	False	I	I, major		I, major		I	-1	-1	-1	1	1	1	True	False	False
34640	40	72	0	C	0	3	8	1	1	True	3.0	-1	137	137	289	137b	433	1/8	False	5	False				False	395	I.I|PAC}{		F	I		I	I					M	False	False	(0, 4, 1)	()	0	0	major	major	I	I, major	I		I	I	False	I	I, major		I, major		I	-1	-1	-1	1	1	1	True	False	False
34640	40	81	3	A	0	3	8	1	1	True	3.0	-1	137	137	289	137b	433	1/8	False	5	False				False	395	I.I|PAC}{		F	I		I	I					M	False	False	(0, 4, 1)	()	0	0	major	major	I	I, major	I		I	I	False	I	I, major		I, major		I	-1	-1	-1	4	4	4	True	False	False
34660	20	45	3	A	0	3	8	2	1	True	3.5	-1	137	137	289	137b	1733/4	1/16	False	2	False				False	395	I.I|PAC}{		F	I		I	I					M	False	False	(0, 4, 1)	()	0	0	major	major	I	I, major	I		I	I	False	I	I, major		I, major		I	-1	-1	-1	4	4	4	True	False	False
34660	20	57	3	A	0	3	8	2	1	True	3.5	-1	137	137	289	137b	1733/4	1/16	False	3	False				False	395	I.I|PAC}{		F	I		I	I					M	False	False	(0, 4, 1)	()	0	0	major	major	I	I, major	I		I	I	False	I	I, major		I, major		I	-1	-1	-1	4	4	4	True	False	False
34680	60	41	-1	F	0	3	8	2	1	True	1.0	-1	138	138	290	138b	867/2	3/16	False	2	False				False	395	I.I|PAC}{		F	I		I	I					M	False	False	(0, 4, 1)	()	0	0	major	major	I	I, major	I		I	I	False	I	I, major		I, major		I	-1	-1	-1	0	0	0	True	True	True
34680	60	53	-1	F	0	3	8	2	1	True	1.0	-1	138	138	290	138b	867/2	3/16	False	3	False				False	395	I.I|PAC}{		F	I		I	I					M	False	False	(0, 4, 1)	()	0	0	major	major	I	I, major	I		I	I	False	I	I, major		I, major		I	-1	-1	-1	0	0	0	True	True	True
34680	20	72	0	C	0	3	8	1	1	False	1.0	-1	138	138	290	138b	867/2	1/16	False	5	False				False	395	I.I|PAC}{		F	I		I	I					M	False	False	(0, 4, 1)	()	0	0	major	major	I	I, major	I		I	I	False	I	I, major		I, major		I	-1	-1	-1	1	1	1	True	False	False
34680	20	81	3	A	0	3	8	1	1	False	1.0	-1	138	138	290	138b	867/2	1/16	False	5	False				False	395	I.I|PAC}{		F	I		I	I					M	False	False	(0, 4, 1)	()	0	0	major	major	I	I, major	I		I	I	False	I	I, major		I, major		I	-1	-1	-1	4	4	4	True	False	False
34700	20	79	1	G	0	3	8	1	1	True	1.5	-1	138	138	290	138b	1735/4	1/16	False	5	False				False	395	I.I|PAC}{		F	I		I	I					M	False	False	(0, 4, 1)	()	0	0	major	major	I	I, major	I		I	I	False	I	I, major		I, major		I	-1	-1	-1	2	2	2	False	False	False
34700	20	82	-2	B	-1	3	8	1	1	True	1.5	-1	138	138	290	138b	1735/4	1/16	False	5	False				False	395	I.I|PAC}{		F	I		I	I					M	False	False	(0, 4, 1)	()	0	0	major	major	I	I, major	I		I	I	False	I	I, major		I, major		I	-1	-1	-1	-1	-1	-1	False	False	False
34720	40	81	3	A	0	3	8	1	1	True	2.0	-1	138	138	290	138b	434	1/8	False	5	False				False	395	I.I|PAC}{		F	I		I	I					M	False	False	(0, 4, 1)	()	0	0	major	major	I	I, major	I		I	I	False	I	I, major		I, major		I	-1	-1	-1	4	4	4	True	False	False
34720	40	84	0	C	0	3	8	1	1	True	2.0	-1	138	138	290	138b	434	1/8	False	6	False				False	395	I.I|PAC}{		F	I		I	I					M	False	False	(0, 4, 1)	()	0	0	major	major	I	I, major	I		I	I	False	I	I, major		I, major		I	-1	-1	-1	1	1	1	True	False	False
34740	20	57	3	A	0	3	8	2	1	True	2.5	-1	138	138	290	138b	1737/4	1/16	False	3	False				False	395	I.I|PAC}{		F	I		I	I					M	False	False	(0, 4, 1)	()	0	0	major	major	I	I, major	I		I	I	False	I	I, major		I, major		I	-1	-1	-1	4	4	4	True	False	False
34740	20	69	3	A	0	3	8	2	1	True	2.5	-1	138	138	290	138b	1737/4	1/16	False	4	False				False	395	I.I|PAC}{		F	I		I	I					M	False	False	(0, 4, 1)	()	0	0	major	major	I	I, major	I		I	I	False	I	I, major		I, major		I	-1	-1	-1	4	4	4	True	False	False
34760	20	53	-1	F	0	3	8	2	1	True	3.0	-1	138	138	290	138b	869/2	1/16	False	3	False				False	395	I.I|PAC}{		F	I		I	I					M	False	False	(0, 4, 1)	()	0	0	major	major	I	I, major	I		I	I	False	I	I, major		I, major		I	-1	-1	-1	0	0	0	True	True	True
34760	20	65	-1	F	0	3	8	2	1	True	3.0	-1	138	138	290	138b	869/2	1/16	False	4	False				False	395	I.I|PAC}{		F	I		I	I					M	False	False	(0, 4, 1)	()	0	0	major	major	I	I, major	I		I	I	False	I	I, major		I, major		I	-1	-1	-1	0	0	0	True	True	True
34760	40	81	3	A	0	3	8	1	1	True	3.0	-1	138	138	290	138b	869/2	1/8	False	5	False				False	395	I.I|PAC}{		F	I		I	I					M	False	False	(0, 4, 1)	()	0	0	major	major	I	I, major	I		I	I	False	I	I, major		I, major		I	-1	-1	-1	4	4	4	True	False	False
34760	40	84	0	C	0	3	8	1	1	True	3.0	-1	138	138	290	138b	869/2	1/8	False	6	False				False	395	I.I|PAC}{		F	I		I	I					M	False	False	(0, 4, 1)	()	0	0	major	major	I	I, major	I		I	I	False	I	I, major		I, major		I	-1	-1	-1	1	1	1	True	False	False
34780	20	48	0	C	0	3	8	2	1	True	3.5	-1	138	138	290	138b	1739/4	1/16	False	3	False				False	395	I.I|PAC}{		F	I		I	I					M	False	False	(0, 4, 1)	()	0	0	major	major	I	I, major	I		I	I	False	I	I, major		I, major		I	-1	-1	-1	1	1	1	True	False	False
34780	20	60	0	C	0	3	8	2	1	True	3.5	-1	138	138	290	138b	1739/4	1/16	False	4	False				False	395	I.I|PAC}{		F	I		I	I					M	False	False	(0, 4, 1)	()	0	0	major	major	I	I, major	I		I	I	False	I	I, major		I, major		I	-1	-1	-1	1	1	1	True	False	False
34800	60	45	3	A	0	3	8	2	1	True	1.0	-1	139	139	291	139b	435	3/16	False	2	True				False	396	I6		F	I		I6	I		6			M	False	False	(4, 1, 0)	()	0	4	major	major	I	I, major	I		I	I	False	I6	I6, major		I6, major		I	-1	-1	-1	4	4	4	True	False	True
34800	60	57	3	A	0	3	8	2	1	True	1.0	-1	139	139	291	139b	435	3/16	False	3	True				False	396	I6		F	I		I6	I		6			M	False	False	(4, 1, 0)	()	0	4	major	major	I	I, major	I		I	I	False	I6	I6, major		I6, major		I	-1	-1	-1	4	4	4	True	False	True
34800	20	81	3	A	0	3	8	1	1	False	1.0	-1	139	139	291	139b	435	1/16	False	5	True				False	396	I6		F	I		I6	I		6			M	False	False	(4, 1, 0)	()	0	4	major	major	I	I, major	I		I	I	False	I6	I6, major		I6, major		I	-1	-1	-1	4	4	4	True	False	True
34800	20	84	0	C	0	3	8	1	1	False	1.0	-1	139	139	291	139b	435	1/16	False	6	True				False	396	I6		F	I		I6	I		6			M	False	False	(4, 1, 0)	()	0	4	major	major	I	I, major	I		I	I	False	I6	I6, major		I6, major		I	-1	-1	-1	1	1	1	True	False	False
34820	20	79	1	G	0	3	8	1	1	True	1.5	-1	139	139	291	139b	1741/4	1/16	False	5	False				False	396	I6		F	I		I6	I		6			M	False	False	(4, 1, 0)	()	0	4	major	major	I	I, major	I		I	I	False	I6	I6, major		I6, major		I	-1	-1	-1	2	2	2	False	False	False
34820	20	82	-2	B	-1	3	8	1	1	True	1.5	-1	139	139	291	139b	1741/4	1/16	False	5	False				False	396	I6		F	I		I6	I		6			M	False	False	(4, 1, 0)	()	0	4	major	major	I	I, major	I		I	I	False	I6	I6, major		I6, major		I	-1	-1	-1	-1	-1	-1	False	False	False
34840	40	81	3	A	0	3	8	1	1	True	2.0	-1	139	139	291	139b	871/2	1/8	False	5	False				False	396	I6		F	I		I6	I		6			M	False	False	(4, 1, 0)	()	0	4	major	major	I	I, major	I		I	I	False	I6	I6, major		I6, major		I	-1	-1	-1	4	4	4	True	False	True
34840	40	84	0	C	0	3	8	1	1	True	2.0	-1	139	139	291	139b	871/2	1/8	False	6	False				False	396	I6		F	I		I6	I		6			M	False	False	(4, 1, 0)	()	0	4	major	major	I	I, major	I		I	I	False	I6	I6, major		I6, major		I	-1	-1	-1	1	1	1	True	False	False
34860	20	57	3	A	0	3	8	2	1	True	2.5	-1	139	139	291	139b	1743/4	1/16	False	3	False				False	396	I6		F	I		I6	I		6			M	False	False	(4, 1, 0)	()	0	4	major	major	I	I, major	I		I	I	False	I6	I6, major		I6, major		I	-1	-1	-1	4	4	4	True	False	True
34860	20	69	3	A	0	3	8	2	1	True	2.5	-1	139	139	291	139b	1743/4	1/16	False	4	False				False	396	I6		F	I		I6	I		6			M	False	False	(4, 1, 0)	()	0	4	major	major	I	I, major	I		I	I	False	I6	I6, major		I6, major		I	-1	-1	-1	4	4	4	True	False	True
34880	20	53	-1	F	0	3	8	2	1	True	3.0	-1	139	139	291	139b	436	1/16	False	3	False				False	396	I6		F	I		I6	I		6			M	False	False	(4, 1, 0)	()	0	4	major	major	I	I, major	I		I	I	False	I6	I6, major		I6, major		I	-1	-1	-1	0	0	0	True	True	False
34880	20	65	-1	F	0	3	8	2	1	True	3.0	-1	139	139	291	139b	436	1/16	False	4	False				False	396	I6		F	I		I6	I		6			M	False	False	(4, 1, 0)	()	0	4	major	major	I	I, major	I		I	I	False	I6	I6, major		I6, major		I	-1	-1	-1	0	0	0	True	True	False
34880	40	81	3	A	0	3	8	1	1	True	3.0	-1	139	139	291	139b	436	1/8	False	5	False				False	396	I6		F	I		I6	I		6			M	False	False	(4, 1, 0)	()	0	4	major	major	I	I, major	I		I	I	False	I6	I6, major		I6, major		I	-1	-1	-1	4	4	4	True	False	True
34880	40	84	0	C	0	3	8	1	1	True	3.0	-1	139	139	291	139b	436	1/8	False	6	False				False	396	I6		F	I		I6	I		6			M	False	False	(4, 1, 0)	()	0	4	major	major	I	I, major	I		I	I	False	I6	I6, major		I6, major		I	-1	-1	-1	1	1	1	True	False	False
34900	20	48	0	C	0	3	8	2	1	True	3.5	-1	139	139	291	139b	1745/4	1/16	False	3	False				False	396	I6		F	I		I6	I		6			M	False	False	(4, 1, 0)	()	0	4	major	major	I	I, major	I		I	I	False	I6	I6, major		I6, major		I	-1	-1	-1	1	1	1	True	False	False
34900	20	60	0	C	0	3	8	2	1	True	3.5	-1	139	139	291	139b	1745/4	1/16	False	4	False				False	396	I6		F	I		I6	I		6			M	False	False	(4, 1, 0)	()	0	4	major	major	I	I, major	I		I	I	False	I6	I6, major		I6, major		I	-1	-1	-1	1	1	1	True	False	False
34920	60	45	3	A	0	3	8	2	1	True	1.0	-1	140	140	292	140b	873/2	3/16	False	2	False				False	396	I6		F	I		I6	I		6			M	False	False	(4, 1, 0)	()	0	4	major	major	I	I, major	I		I	I	False	I6	I6, major		I6, major		I	-1	-1	-1	4	4	4	True	False	True
34920	60	57	3	A	0	3	8	2	1	True	1.0	-1	140	140	292	140b	873/2	3/16	False	3	False				False	396	I6		F	I		I6	I		6			M	False	False	(4, 1, 0)	()	0	4	major	major	I	I, major	I		I	I	False	I6	I6, major		I6, major		I	-1	-1	-1	4	4	4	True	False	True
34920	20	81	3	A	0	3	8	1	1	False	1.0	-1	140	140	292	140b	873/2	1/16	False	5	False				False	396	I6		F	I		I6	I		6			M	False	False	(4, 1, 0)	()	0	4	major	major	I	I, major	I		I	I	False	I6	I6, major		I6, major		I	-1	-1	-1	4	4	4	True	False	True
34920	20	84	0	C	0	3	8	1	1	False	1.0	-1	140	140	292	140b	873/2	1/16	False	6	False				False	396	I6		F	I		I6	I		6			M	False	False	(4, 1, 0)	()	0	4	major	major	I	I, major	I		I	I	False	I6	I6, major		I6, major		I	-1	-1	-1	1	1	1	True	False	False
34940	20	79	1	G	0	3	8	1	1	True	1.5	-1	140	140	292	140b	1747/4	1/16	False	5	False				False	396	I6		F	I		I6	I		6			M	False	False	(4, 1, 0)	()	0	4	major	major	I	I, major	I		I	I	False	I6	I6, major		I6, major		I	-1	-1	-1	2	2	2	False	False	False
34940	20	82	-2	B	-1	3	8	1	1	True	1.5	-1	140	140	292	140b	1747/4	1/16	False	5	False				False	396	I6		F	I		I6	I		6			M	False	False	(4, 1, 0)	()	0	4	major	major	I	I, major	I		I	I	False	I6	I6, major		I6, major		I	-1	-1	-1	-1	-1	-1	False	False	False
34960	40	81	3	A	0	3	8	1	1	True	2.0	-1	140	140	292	140b	437	1/8	False	5	False				False	396	I6		F	I		I6	I		6			M	False	False	(4, 1, 0)	()	0	4	major	major	I	I, major	I		I	I	False	I6	I6, major		I6, major		I	-1	-1	-1	4	4	4	True	False	True
34960	40	84	0	C	0	3	8	1	1	True	2.0	-1	140	140	292	140b	437	1/8	False	6	False				False	396	I6		F	I		I6	I		6			M	False	False	(4, 1, 0)	()	0	4	major	major	I	I, major	I		I	I	False	I6	I6, major		I6, major		I	-1	-1	-1	1	1	1	True	False	False
34980	20	48	0	C	0	3	8	2	1	True	2.5	-1	140	140	292	140b	1749/4	1/16	False	3	False				False	396	I6		F	I		I6	I		6			M	False	False	(4, 1, 0)	()	0	4	major	major	I	I, major	I		I	I	False	I6	I6, major		I6, major		I	-1	-1	-1	1	1	1	True	False	False
34980	20	60	0	C	0	3	8	2	1	True	2.5	-1	140	140	292	140b	1749/4	1/16	False	4	False				False	396	I6		F	I		I6	I		6			M	False	False	(4, 1, 0)	()	0	4	major	major	I	I, major	I		I	I	False	I6	I6, major		I6, major		I	-1	-1	-1	1	1	1	True	False	False
35000	20	45	3	A	0	3	8	2	1	True	3.0	-1	140	140	292	140b	875/2	1/16	False	2	False				False	396	I6		F	I		I6	I		6			M	False	False	(4, 1, 0)	()	0	4	major	major	I	I, major	I		I	I	False	I6	I6, major		I6, major		I	-1	-1	-1	4	4	4	True	False	True
35000	20	57	3	A	0	3	8	2	1	True	3.0	-1	140	140	292	140b	875/2	1/16	False	3	False				False	396	I6		F	I		I6	I		6			M	False	False	(4, 1, 0)	()	0	4	major	major	I	I, major	I		I	I	False	I6	I6, major		I6, major		I	-1	-1	-1	4	4	4	True	False	True
35000	40	81	3	A	0	3	8	1	1	True	3.0	-1	140	140	292	140b	875/2	1/8	False	5	False				False	396	I6		F	I		I6	I		6			M	False	False	(4, 1, 0)	()	0	4	major	major	I	I, major	I		I	I	False	I6	I6, major		I6, major		I	-1	-1	-1	4	4	4	True	False	True
35000	40	84	0	C	0	3	8	1	1	True	3.0	-1	140	140	292	140b	875/2	1/8	False	6	False				False	396	I6		F	I		I6	I		6			M	False	False	(4, 1, 0)	()	0	4	major	major	I	I, major	I		I	I	False	I6	I6, major		I6, major		I	-1	-1	-1	1	1	1	True	False	False
35020	20	41	-1	F	0	3	8	2	1	True	3.5	-1	140	140	292	140b	1751/4	1/16	False	2	False				False	396	I6		F	I		I6	I		6			M	False	False	(4, 1, 0)	()	0	4	major	major	I	I, major	I		I	I	False	I6	I6, major		I6, major		I	-1	-1	-1	0	0	0	True	True	False
35020	20	53	-1	F	0	3	8	2	1	True	3.5	-1	140	140	292	140b	1751/4	1/16	False	3	False				False	396	I6		F	I		I6	I		6			M	False	False	(4, 1, 0)	()	0	4	major	major	I	I, major	I		I	I	False	I6	I6, major		I6, major		I	-1	-1	-1	0	0	0	True	True	False
35040	40	46	-2	B	-1	3	8	2	1	True	1.0	-1	141	141	293	141b	438	1/8	False	2	True				False	397	IV		F	I		IV	IV					M	False	False	(-1, 3, 0)	()	-1	-1	major	major	I	I, major	IV		I	I	False	IV	IV, major		IV, major		IV	-1	-1	-1	-1	-1	-1	True	True	True
35040	40	58	-2	B	-1	3	8	2	1	True	1.0	-1	141	141	293	141b	438	1/8	False	3	True				False	397	IV		F	I		IV	IV					M	False	False	(-1, 3, 0)	()	-1	-1	major	major	I	I, major	IV		I	I	False	IV	IV, major		IV, major		IV	-1	-1	-1	-1	-1	-1	True	True	True
35040	20	81	3	A	0	3	8	1	1	False	1.0	-1	141	141	293	141b	438	1/16	False	5	True				False	397	IV		F	I		IV	IV					M	False	False	(-1, 3, 0)	()	-1	-1	major	major	I	I, major	IV		I	I	False	IV	IV, major		IV, major		IV	-1	-1	-1	4	4	4	False	False	False
35040	20	84	0	C	0	3	8	1	1	False	1.0	-1	141	141	293	141b	438	1/16	False	6	True				False	397	IV		F	I		IV	IV					M	False	False	(-1, 3, 0)	()	-1	-1	major	major	I	I, major	IV		I	I	False	IV	IV, major		IV, major		IV	-1	-1	-1	1	1	1	False	False	False
35060	20	74	2	D	0	3	8	1	1	True	1.5	-1	141	141	293	141b	1753/4	1/16	False	5	False				False	397	IV		F	I		IV	IV					M	False	False	(-1, 3, 0)	()	-1	-1	major	major	I	I, major	IV		I	I	False	IV	IV, major		IV, major		IV	-1	-1	-1	3	3	3	True	False	False
35060	20	82	-2	B	-1	3	8	1	1	True	1.5	-1	141	141	293	141b	1753/4	1/16	False	5	False				False	397	IV		F	I		IV	IV					M	False	False	(-1, 3, 0)	()	-1	-1	major	major	I	I, major	IV		I	I	False	IV	IV, major		IV, major		IV	-1	-1	-1	-1	-1	-1	True	True	True
35080	40	48	0	C	0	3	8	2	1	True	2.0	-1	141	141	293	141b	877/2	1/8	False	3	True				False	398	V(64)		F	I		V(64)	V			64		M	False	False	(1, 0, 4)	()	1	1	major	major	I	I, major	V		I	I	False	V	V, major		V(64), major		V	-1	-1	-1	1	1	1	True	True	True
35080	40	60	0	C	0	3	8	2	1	True	2.0	-1	141	141	293	141b	877/2	1/8	False	4	True				False	398	V(64)		F	I		V(64)	V			64		M	False	False	(1, 0, 4)	()	1	1	major	major	I	I, major	V		I	I	False	V	V, major		V(64), major		V	-1	-1	-1	1	1	1	True	True	True
35080	20	72	0	C	0	3	8	1	1	True	2.0	-1	141	141	293	141b	877/2	1/16	False	5	True				False	398	V(64)		F	I		V(64)	V			64		M	False	False	(1, 0, 4)	()	1	1	major	major	I	I, major	V		I	I	False	V	V, major		V(64), major		V	-1	-1	-1	1	1	1	True	True	True
35080	20	81	3	A	0	3	8	1	1	True	2.0	-1	141	141	293	141b	877/2	1/16	False	5	True				False	398	V(64)		F	I		V(64)	V			64		M	False	False	(1, 0, 4)	()	1	1	major	major	I	I, major	V		I	I	False	V	V, major		V(64), major		V	-1	-1	-1	4	4	4	True	False	False
35100	20	70	-2	B	-1	3	8	1	1	True	2.5	-1	141	141	293	141b	1755/4	1/16	False	4	False				False	398	V(64)		F	I		V(64)	V			64		M	False	False	(1, 0, 4)	()	1	1	major	major	I	I, major	V		I	I	False	V	V, major		V(64), major		V	-1	-1	-1	-1	-1	-1	False	False	False
35100	20	79	1	G	0	3	8	1	1	True	2.5	-1	141	141	293	141b	1755/4	1/16	False	5	False				False	398	V(64)		F	I		V(64)	V			64		M	False	False	(1, 0, 4)	()	1	1	major	major	I	I, major	V		I	I	False	V	V, major		V(64), major		V	-1	-1	-1	2	2	2	False	False	False
35120	40	48	0	C	0	3	8	2	1	True	3.0	-1	141	141	293	141b	439	1/8	False	3	True				False	399	V		F	I		V	V					M	False	False	(1, 5, 2)	()	1	1	major	major	I	I, major	V		I	I	False	V	V, major		V, major		V	-1	-1	-1	1	1	1	True	True	True
35120	40	60	0	C	0	3	8	2	1	True	3.0	-1	141	141	293	141b	439	1/8	False	4	True				False	399	V		F	I		V	V					M	False	False	(1, 5, 2)	()	1	1	major	major	I	I, major	V		I	I	False	V	V, major		V, major		V	-1	-1	-1	1	1	1	True	True	True
35120	20	69	3	A	0	3	8	1	1	True	3.0	-1	141	141	293	141b	439	1/16	False	4	True				False	399	V		F	I		V	V					M	False	False	(1, 5, 2)	()	1	1	major	major	I	I, major	V		I	I	False	V	V, major		V, major		V	-1	-1	-1	4	4	4	False	False	False
35120	20	77	-1	F	0	3	8	1	1	True	3.0	-1	141	141	293	141b	439	1/16	False	5	True				False	399	V		F	I		V	V					M	False	False	(1, 5, 2)	()	1	1	major	major	I	I, major	V		I	I	False	V	V, major		V, major		V	-1	-1	-1	0	0	0	False	False	False
35140	20	67	1	G	0	3	8	1	1	True	3.5	-1	141	141	293	141b	1757/4	1/16	False	4	False				False	399	V		F	I		V	V					M	False	False	(1, 5, 2)	()	1	1	major	major	I	I, major	V		I	I	False	V	V, major		V, major		V	-1	-1	-1	2	2	2	True	False	False
35140	20	76	4	E	0	3	8	1	1	True	3.5	-1	141	141	293	141b	1757/4	1/16	False	5	False				False	399	V		F	I		V	V					M	False	False	(1, 5, 2)	()	1	1	major	major	I	I, major	V		I	I	False	V	V, major		V, major		V	-1	-1	-1	5	5	5	True	False	False
35160	60	41	-1	F	0	3	8	2	1	True	1.0	-1	142	142	294	142b	879/2	3/16	False	2	True	PAC	PAC		False	400	I|PAC		F	I		I	I					M	False	False	(0, 4, 1)	()	0	0	major	major	I	I, major	I		I	I	False	I	I, major		I, major		I	-1	-1	-1	0	0	0	True	True	True
35160	60	53	-1	F	0	3	8	2	1	True	1.0	-1	142	142	294	142b	879/2	3/16	False	3	True	PAC	PAC		False	400	I|PAC		F	I		I	I					M	False	False	(0, 4, 1)	()	0	0	major	major	I	I, major	I		I	I	False	I	I, major		I, major		I	-1	-1	-1	0	0	0	True	True	True
35160	20	69	3	A	0	3	8	1	1	True	1.0	-1	142	142	294	142b	879/2	1/16	False	4	True	PAC	PAC		False	400	I|PAC		F	I		I	I					M	False	False	(0, 4, 1)	()	0	0	major	major	I	I, major	I		I	I	False	I	I, major		I, major		I	-1	-1	-1	4	4	4	True	False	False
35160	20	77	-1	F	0	3	8	1	1	True	1.0	-1	142	142	294	142b	879/2	1/16	False	5	True	PAC	PAC		False	400	I|PAC		F	I		I	I					M	False	False	(0, 4, 1)	()	0	0	major	major	I	I, major	I		I	I	False	I	I, major		I, major		I	-1	-1	-1	0	0	0	True	True	True
35180	20	70	-2	B	-1	3	8	1	1	True	1.5	-1	142	142	294	142b	1759/4	1/16	False	4	False				False	400	I|PAC		F	I		I	I					M	False	False	(0, 4, 1)	()	0	0	major	major	I	I, major	I		I	I	False	I	I, major		I, major		I	-1	-1	-1	-1	-1	-1	False	False	False
35180	20	79	1	G	0	3	8	1	1	True	1.5	-1	142	142	294	142b	1759/4	1/16	False	5	False				False	400	I|PAC		F	I		I	I					M	False	False	(0, 4, 1)	()	0	0	major	major	I	I, major	I		I	I	False	I	I, major		I, major		I	-1	-1	-1	2	2	2	False	False	False
35200	40	72	0	C	0	3	8	1	1	True	2.0	-1	142	142	294	142b	440	1/8	False	5	False				False	400	I|PAC		F	I		I	I					M	False	False	(0, 4, 1)	()	0	0	major	major	I	I, major	I		I	I	False	I	I, major		I, major		I	-1	-1	-1	1	1	1	True	False	False
35200	40	81	3	A	0	3	8	1	1	True	2.0	-1	142	142	294	142b	440	1/8	False	5	False				False	400	I|PAC		F	I		I	I					M	False	False	(0, 4, 1)	()	0	0	major	major	I	I, major	I		I	I	False	I	I, major		I, major		I	-1	-1	-1	4	4	4	True	False	False
35220	20	53	-1	F	0	3	8	2	1	True	2.5	-1	142	142	294	142b	1761/4	1/16	False	3	False				False	400	I|PAC		F	I		I	I					M	False	False	(0, 4, 1)	()	0	0	major	major	I	I, major	I		I	I	False	I	I, major		I, major		I	-1	-1	-1	0	0	0	True	True	True
35220	20	65	-1	F	0	3	8	2	1	True	2.5	-1	142	142	294	142b	1761/4	1/16	False	4	False				False	400	I|PAC		F	I		I	I					M	False	False	(0, 4, 1)	()	0	0	major	major	I	I, major	I		I	I	False	I	I, major		I, major		I	-1	-1	-1	0	0	0	True	True	True
35240	20	48	0	C	0	3	8	2	1	True	3.0	-1	142	142	294	142b	881/2	1/16	False	3	False				False	400	I|PAC		F	I		I	I					M	False	False	(0, 4, 1)	()	0	0	major	major	I	I, major	I		I	I	False	I	I, major		I, major		I	-1	-1	-1	1	1	1	True	False	False
35240	20	60	0	C	0	3	8	2	1	True	3.0	-1	142	142	294	142b	881/2	1/16	False	4	False				False	400	I|PAC		F	I		I	I					M	False	False	(0, 4, 1)	()	0	0	major	major	I	I, major	I		I	I	False	I	I, major		I, major		I	-1	-1	-1	1	1	1	True	False	False
35240	40	72	0	C	0	3	8	1	1	True	3.0	-1	142	142	294	142b	881/2	1/8	False	5	False				False	400	I|PAC		F	I		I	I					M	False	False	(0, 4, 1)	()	0	0	major	major	I	I, major	I		I	I	False	I	I, major		I, major		I	-1	-1	-1	1	1	1	True	False	False
35240	40	81	3	A	0	3	8	1	1	True	3.0	-1	142	142	294	142b	881/2	1/8	False	5	False				False	400	I|PAC		F	I		I	I					M	False	False	(0, 4, 1)	()	0	0	major	major	I	I, major	I		I	I	False	I	I, major		I, major		I	-1	-1	-1	4	4	4	True	False	False
35260	20	45	3	A	0	3	8	2	1	True	3.5	-1	142	142	294	142b	1763/4	1/16	False	2	False				False	400	I|PAC		F	I		I	I					M	False	False	(0, 4, 1)	()	0	0	major	major	I	I, major	I		I	I	False	I	I, major		I, major		I	-1	-1	-1	4	4	4	True	False	False
35260	20	57	3	A	0	3	8	2	1	True	3.5	-1	142	142	294	142b	1763/4	1/16	False	3	False				False	400	I|PAC		F	I		I	I					M	False	False	(0, 4, 1)	()	0	0	major	major	I	I, major	I		I	I	False	I	I, major		I, major		I	-1	-1	-1	4	4	4	True	False	False
35280	60	41	-1	F	0	3	8	2	1	True	1.0	-1	143	143	295	143b	441	3/16	False	2	False				False	400	I|PAC		F	I		I	I					M	False	False	(0, 4, 1)	()	0	0	major	major	I	I, major	I		I	I	False	I	I, major		I, major		I	-1	-1	-1	0	0	0	True	True	True
35280	60	53	-1	F	0	3	8	2	1	True	1.0	-1	143	143	295	143b	441	3/16	False	3	False				False	400	I|PAC		F	I		I	I					M	False	False	(0, 4, 1)	()	0	0	major	major	I	I, major	I		I	I	False	I	I, major		I, major		I	-1	-1	-1	0	0	0	True	True	True
35280	20	72	0	C	0	3	8	1	1	False	1.0	-1	143	143	295	143b	441	1/16	False	5	False				False	400	I|PAC		F	I		I	I					M	False	False	(0, 4, 1)	()	0	0	major	major	I	I, major	I		I	I	False	I	I, major		I, major		I	-1	-1	-1	1	1	1	True	False	False
35280	20	81	3	A	0	3	8	1	1	False	1.0	-1	143	143	295	143b	441	1/16	False	5	False				False	400	I|PAC		F	I		I	I					M	False	False	(0, 4, 1)	()	0	0	major	major	I	I, major	I		I	I	False	I	I, major		I, major		I	-1	-1	-1	4	4	4	True	False	False
35300	20	74	2	D	0	3	8	1	1	True	1.5	-1	143	143	295	143b	1765/4	1/16	False	5	False				False	400	I|PAC		F	I		I	I					M	False	False	(0, 4, 1)	()	0	0	major	major	I	I, major	I		I	I	False	I	I, major		I, major		I	-1	-1	-1	3	3	3	False	False	False
35300	20	82	-2	B	-1	3	8	1	1	True	1.5	-1	143	143	295	143b	1765/4	1/16	False	5	False				False	400	I|PAC		F	I		I	I					M	False	False	(0, 4, 1)	()	0	0	major	major	I	I, major	I		I	I	False	I	I, major		I, major		I	-1	-1	-1	-1	-1	-1	False	False	False
35320	40	72	0	C	0	3	8	1	1	True	2.0	-1	143	143	295	143b	883/2	1/8	False	5	False				False	400	I|PAC		F	I		I	I					M	False	False	(0, 4, 1)	()	0	0	major	major	I	I, major	I		I	I	False	I	I, major		I, major		I	-1	-1	-1	1	1	1	True	False	False
35320	40	81	3	A	0	3	8	1	1	True	2.0	-1	143	143	295	143b	883/2	1/8	False	5	False				False	400	I|PAC		F	I		I	I					M	False	False	(0, 4, 1)	()	0	0	major	major	I	I, major	I		I	I	False	I	I, major		I, major		I	-1	-1	-1	4	4	4	True	False	False
35340	20	53	-1	F	0	3	8	2	1	True	2.5	-1	143	143	295	143b	1767/4	1/16	False	3	False				False	400	I|PAC		F	I		I	I					M	False	False	(0, 4, 1)	()	0	0	major	major	I	I, major	I		I	I	False	I	I, major		I, major		I	-1	-1	-1	0	0	0	True	True	True
35340	20	65	-1	F	0	3	8	2	1	True	2.5	-1	143	143	295	143b	1767/4	1/16	False	4	False				False	400	I|PAC		F	I		I	I					M	False	False	(0, 4, 1)	()	0	0	major	major	I	I, major	I		I	I	False	I	I, major		I, major		I	-1	-1	-1	0	0	0	True	True	True
35360	20	48	0	C	0	3	8	2	1	True	3.0	-1	143	143	295	143b	442	1/16	False	3	False				False	400	I|PAC		F	I		I	I					M	False	False	(0, 4, 1)	()	0	0	major	major	I	I, major	I		I	I	False	I	I, major		I, major		I	-1	-1	-1	1	1	1	True	False	False
35360	20	60	0	C	0	3	8	2	1	True	3.0	-1	143	143	295	143b	442	1/16	False	4	False				False	400	I|PAC		F	I		I	I					M	False	False	(0, 4, 1)	()	0	0	major	major	I	I, major	I		I	I	False	I	I, major		I, major		I	-1	-1	-1	1	1	1	True	False	False
35360	40	72	0	C	0	3	8	1	1	True	3.0	-1	143	143	295	143b	442	1/8	False	5	False				False	400	I|PAC		F	I		I	I					M	False	False	(0, 4, 1)	()	0	0	major	major	I	I, major	I		I	I	False	I	I, major		I, major		I	-1	-1	-1	1	1	1	True	False	False
35360	40	81	3	A	0	3	8	1	1	True	3.0	-1	143	143	295	143b	442	1/8	False	5	False				False	400	I|PAC		F	I		I	I					M	False	False	(0, 4, 1)	()	0	0	major	major	I	I, major	I		I	I	False	I	I, major		I, major		I	-1	-1	-1	4	4	4	True	False	False
35380	20	45	3	A	0	3	8	2	1	True	3.5	-1	143	143	295	143b	1769/4	1/16	False	2	False				False	400	I|PAC		F	I		I	I					M	False	False	(0, 4, 1)	()	0	0	major	major	I	I, major	I		I	I	False	I	I, major		I, major		I	-1	-1	-1	4	4	4	True	False	False
35380	20	57	3	A	0	3	8	2	1	True	3.5	-1	143	143	295	143b	1769/4	1/16	False	3	False				False	400	I|PAC		F	I		I	I					M	False	False	(0, 4, 1)	()	0	0	major	major	I	I, major	I		I	I	False	I	I, major		I, major		I	-1	-1	-1	4	4	4	True	False	False
35400	60	41	-1	F	0	3	8	2	1	True	1.0	-1	144	144	296	144b	885/2	3/16	False	2	False				False	400	I|PAC		F	I		I	I					M	False	False	(0, 4, 1)	()	0	0	major	major	I	I, major	I		I	I	False	I	I, major		I, major		I	-1	-1	-1	0	0	0	True	True	True
35400	60	53	-1	F	0	3	8	2	1	True	1.0	-1	144	144	296	144b	885/2	3/16	False	3	False				False	400	I|PAC		F	I		I	I					M	False	False	(0, 4, 1)	()	0	0	major	major	I	I, major	I		I	I	False	I	I, major		I, major		I	-1	-1	-1	0	0	0	True	True	True
35400	20	72	0	C	0	3	8	1	1	False	1.0	-1	144	144	296	144b	885/2	1/16	False	5	False				False	400	I|PAC		F	I		I	I					M	False	False	(0, 4, 1)	()	0	0	major	major	I	I, major	I		I	I	False	I	I, major		I, major		I	-1	-1	-1	1	1	1	True	False	False
35400	20	81	3	A	0	3	8	1	1	False	1.0	-1	144	144	296	144b	885/2	1/16	False	5	False				False	400	I|PAC		F	I		I	I					M	False	False	(0, 4, 1)	()	0	0	major	major	I	I, major	I		I	I	False	I	I, major		I, major		I	-1	-1	-1	4	4	4	True	False	False
35420	20	79	1	G	0	3	8	1	1	True	1.5	-1	144	144	296	144b	1771/4	1/16	False	5	False				False	400	I|PAC		F	I		I	I					M	False	False	(0, 4, 1)	()	0	0	major	major	I	I, major	I		I	I	False	I	I, major		I, major		I	-1	-1	-1	2	2	2	False	False	False
35420	20	82	-2	B	-1	3	8	1	1	True	1.5	-1	144	144	296	144b	1771/4	1/16	False	5	False				False	400	I|PAC		F	I		I	I					M	False	False	(0, 4, 1)	()	0	0	major	major	I	I, major	I		I	I	False	I	I, major		I, major		I	-1	-1	-1	-1	-1	-1	False	False	False
35440	40	81	3	A	0	3	8	1	1	True	2.0	-1	144	144	296	144b	443	1/8	False	5	False				False	400	I|PAC		F	I		I	I					M	False	False	(0, 4, 1)	()	0	0	major	major	I	I, major	I		I	I	False	I	I, major		I, major		I	-1	-1	-1	4	4	4	True	False	False
35440	40	84	0	C	0	3	8	1	1	True	2.0	-1	144	144	296	144b	443	1/8	False	6	False				False	400	I|PAC		F	I		I	I					M	False	False	(0, 4, 1)	()	0	0	major	major	I	I, major	I		I	I	False	I	I, major		I, major		I	-1	-1	-1	1	1	1	True	False	False
35460	20	57	3	A	0	3	8	2	1	True	2.5	-1	144	144	296	144b	1773/4	1/16	False	3	False				False	400	I|PAC		F	I		I	I					M	False	False	(0, 4, 1)	()	0	0	major	major	I	I, major	I		I	I	False	I	I, major		I, major		I	-1	-1	-1	4	4	4	True	False	False
35460	20	69	3	A	0	3	8	2	1	True	2.5	-1	144	144	296	144b	1773/4	1/16	False	4	False				False	400	I|PAC		F	I		I	I					M	False	False	(0, 4, 1)	()	0	0	major	major	I	I, major	I		I	I	False	I	I, major		I, major		I	-1	-1	-1	4	4	4	True	False	False
35480	20	53	-1	F	0	3	8	2	1	True	3.0	-1	144	144	296	144b	887/2	1/16	False	3	False				False	400	I|PAC		F	I		I	I					M	False	False	(0, 4, 1)	()	0	0	major	major	I	I, major	I		I	I	False	I	I, major		I, major		I	-1	-1	-1	0	0	0	True	True	True
35480	20	65	-1	F	0	3	8	2	1	True	3.0	-1	144	144	296	144b	887/2	1/16	False	4	False				False	400	I|PAC		F	I		I	I					M	False	False	(0, 4, 1)	()	0	0	major	major	I	I, major	I		I	I	False	I	I, major		I, major		I	-1	-1	-1	0	0	0	True	True	True
35480	40	81	3	A	0	3	8	1	1	True	3.0	-1	144	144	296	144b	887/2	1/8	False	5	False				False	400	I|PAC		F	I		I	I					M	False	False	(0, 4, 1)	()	0	0	major	major	I	I, major	I		I	I	False	I	I, major		I, major		I	-1	-1	-1	4	4	4	True	False	False
35480	40	84	0	C	0	3	8	1	1	True	3.0	-1	144	144	296	144b	887/2	1/8	False	6	False				False	400	I|PAC		F	I		I	I					M	False	False	(0, 4, 1)	()	0	0	major	major	I	I, major	I		I	I	False	I	I, major		I, major		I	-1	-1	-1	1	1	1	True	False	False
35500	20	48	0	C	0	3	8	2	1	True	3.5	-1	144	144	296	144b	1775/4	1/16	False	3	False				False	400	I|PAC		F	I		I	I					M	False	False	(0, 4, 1)	()	0	0	major	major	I	I, major	I		I	I	False	I	I, major		I, major		I	-1	-1	-1	1	1	1	True	False	False
35500	20	60	0	C	0	3	8	2	1	True	3.5	-1	144	144	296	144b	1775/4	1/16	False	4	False				False	400	I|PAC		F	I		I	I					M	False	False	(0, 4, 1)	()	0	0	major	major	I	I, major	I		I	I	False	I	I, major		I, major		I	-1	-1	-1	1	1	1	True	False	False
35520	60	45	3	A	0	3	8	2	1	True	1.0	-1	145	145	297	145b	444	3/16	False	2	True				False	401	I6		F	I		I6	I		6			M	False	False	(4, 1, 0)	()	0	4	major	major	I	I, major	I		I	I	False	I6	I6, major		I6, major		I	-1	-1	-1	4	4	4	True	False	True
35520	60	57	3	A	0	3	8	2	1	True	1.0	-1	145	145	297	145b	444	3/16	False	3	True				False	401	I6		F	I		I6	I		6			M	False	False	(4, 1, 0)	()	0	4	major	major	I	I, major	I		I	I	False	I6	I6, major		I6, major		I	-1	-1	-1	4	4	4	True	False	True
35520	20	81	3	A	0	3	8	1	1	False	1.0	-1	145	145	297	145b	444	1/16	False	5	True				False	401	I6		F	I		I6	I		6			M	False	False	(4, 1, 0)	()	0	4	major	major	I	I, major	I		I	I	False	I6	I6, major		I6, major		I	-1	-1	-1	4	4	4	True	False	True
35520	20	84	0	C	0	3	8	1	1	False	1.0	-1	145	145	297	145b	444	1/16	False	6	True				False	401	I6		F	I		I6	I		6			M	False	False	(4, 1, 0)	()	0	4	major	major	I	I, major	I		I	I	False	I6	I6, major		I6, major		I	-1	-1	-1	1	1	1	True	False	False
35540	20	79	1	G	0	3	8	1	1	True	1.5	-1	145	145	297	145b	1777/4	1/16	False	5	False				False	401	I6		F	I		I6	I		6			M	False	False	(4, 1, 0)	()	0	4	major	major	I	I, major	I		I	I	False	I6	I6, major		I6, major		I	-1	-1	-1	2	2	2	False	False	False
35540	20	82	-2	B	-1	3	8	1	1	True	1.5	-1	145	145	297	145b	1777/4	1/16	False	5	False				False	401	I6		F	I		I6	I		6			M	False	False	(4, 1, 0)	()	0	4	major	major	I	I, major	I		I	I	False	I6	I6, major		I6, major		I	-1	-1	-1	-1	-1	-1	False	False	False
35560	40	81	3	A	0	3	8	1	1	True	2.0	-1	145	145	297	145b	889/2	1/8	False	5	False				False	401	I6		F	I		I6	I		6			M	False	False	(4, 1, 0)	()	0	4	major	major	I	I, major	I		I	I	False	I6	I6, major		I6, major		I	-1	-1	-1	4	4	4	True	False	True
35560	40	84	0	C	0	3	8	1	1	True	2.0	-1	145	145	297	145b	889/2	1/8	False	6	False				False	401	I6		F	I		I6	I		6			M	False	False	(4, 1, 0)	()	0	4	major	major	I	I, major	I		I	I	False	I6	I6, major		I6, major		I	-1	-1	-1	1	1	1	True	False	False
35580	20	57	3	A	0	3	8	2	1	True	2.5	-1	145	145	297	145b	1779/4	1/16	False	3	False				False	401	I6		F	I		I6	I		6			M	False	False	(4, 1, 0)	()	0	4	major	major	I	I, major	I		I	I	False	I6	I6, major		I6, major		I	-1	-1	-1	4	4	4	True	False	True
35580	20	69	3	A	0	3	8	2	1	True	2.5	-1	145	145	297	145b	1779/4	1/16	False	4	False				False	401	I6		F	I		I6	I		6			M	False	False	(4, 1, 0)	()	0	4	major	major	I	I, major	I		I	I	False	I6	I6, major		I6, major		I	-1	-1	-1	4	4	4	True	False	True
35600	20	53	-1	F	0	3	8	2	1	True	3.0	-1	145	145	297	145b	445	1/16	False	3	False				False	401	I6		F	I		I6	I		6			M	False	False	(4, 1, 0)	()	0	4	major	major	I	I, major	I		I	I	False	I6	I6, major		I6, major		I	-1	-1	-1	0	0	0	True	True	False
35600	20	65	-1	F	0	3	8	2	1	True	3.0	-1	145	145	297	145b	445	1/16	False	4	False				False	401	I6		F	I		I6	I		6			M	False	False	(4, 1, 0)	()	0	4	major	major	I	I, major	I		I	I	False	I6	I6, major		I6, major		I	-1	-1	-1	0	0	0	True	True	False
35600	40	81	3	A	0	3	8	1	1	True	3.0	-1	145	145	297	145b	445	1/8	False	5	False				False	401	I6		F	I		I6	I		6			M	False	False	(4, 1, 0)	()	0	4	major	major	I	I, major	I		I	I	False	I6	I6, major		I6, major		I	-1	-1	-1	4	4	4	True	False	True
35600	40	84	0	C	0	3	8	1	1	True	3.0	-1	145	145	297	145b	445	1/8	False	6	False				False	401	I6		F	I		I6	I		6			M	False	False	(4, 1, 0)	()	0	4	major	major	I	I, major	I		I	I	False	I6	I6, major		I6, major		I	-1	-1	-1	1	1	1	True	False	False
35620	20	48	0	C	0	3	8	2	1	True	3.5	-1	145	145	297	145b	1781/4	1/16	False	3	False				False	401	I6		F	I		I6	I		6			M	False	False	(4, 1, 0)	()	0	4	major	major	I	I, major	I		I	I	False	I6	I6, major		I6, major		I	-1	-1	-1	1	1	1	True	False	False
35620	20	60	0	C	0	3	8	2	1	True	3.5	-1	145	145	297	145b	1781/4	1/16	False	4	False				False	401	I6		F	I		I6	I		6			M	False	False	(4, 1, 0)	()	0	4	major	major	I	I, major	I		I	I	False	I6	I6, major		I6, major		I	-1	-1	-1	1	1	1	True	False	False
35640	60	45	3	A	0	3	8	2	1	True	1.0	-1	146	146	298	146b	891/2	3/16	False	2	False				False	401	I6		F	I		I6	I		6			M	False	False	(4, 1, 0)	()	0	4	major	major	I	I, major	I		I	I	False	I6	I6, major		I6, major		I	-1	-1	-1	4	4	4	True	False	True
35640	60	57	3	A	0	3	8	2	1	True	1.0	-1	146	146	298	146b	891/2	3/16	False	3	False				False	401	I6		F	I		I6	I		6			M	False	False	(4, 1, 0)	()	0	4	major	major	I	I, major	I		I	I	False	I6	I6, major		I6, major		I	-1	-1	-1	4	4	4	True	False	True
35640	20	81	3	A	0	3	8	1	1	False	1.0	-1	146	146	298	146b	891/2	1/16	False	5	False				False	401	I6		F	I		I6	I		6			M	False	False	(4, 1, 0)	()	0	4	major	major	I	I, major	I		I	I	False	I6	I6, major		I6, major		I	-1	-1	-1	4	4	4	True	False	True
35640	20	84	0	C	0	3	8	1	1	False	1.0	-1	146	146	298	146b	891/2	1/16	False	6	False				False	401	I6		F	I		I6	I		6			M	False	False	(4, 1, 0)	()	0	4	major	major	I	I, major	I		I	I	False	I6	I6, major		I6, major		I	-1	-1	-1	1	1	1	True	False	False
35660	20	79	1	G	0	3	8	1	1	True	1.5	-1	146	146	298	146b	1783/4	1/16	False	5	False				False	401	I6		F	I		I6	I		6			M	False	False	(4, 1, 0)	()	0	4	major	major	I	I, major	I		I	I	False	I6	I6, major		I6, major		I	-1	-1	-1	2	2	2	False	False	False
35660	20	82	-2	B	-1	3	8	1	1	True	1.5	-1	146	146	298	146b	1783/4	1/16	False	5	False				False	401	I6		F	I		I6	I		6			M	False	False	(4, 1, 0)	()	0	4	major	major	I	I, major	I		I	I	False	I6	I6, major		I6, major		I	-1	-1	-1	-1	-1	-1	False	False	False
35680	40	81	3	A	0	3	8	1	1	True	2.0	-1	146	146	298	146b	446	1/8	False	5	False				False	401	I6		F	I		I6	I		6			M	False	False	(4, 1, 0)	()	0	4	major	major	I	I, major	I		I	I	False	I6	I6, major		I6, major		I	-1	-1	-1	4	4	4	True	False	True
35680	40	84	0	C	0	3	8	1	1	True	2.0	-1	146	146	298	146b	446	1/8	False	6	False				False	401	I6		F	I		I6	I		6			M	False	False	(4, 1, 0)	()	0	4	major	major	I	I, major	I		I	I	False	I6	I6, major		I6, major		I	-1	-1	-1	1	1	1	True	False	False
35700	20	48	0	C	0	3	8	2	1	True	2.5	-1	146	146	298	146b	1785/4	1/16	False	3	False				False	401	I6		F	I		I6	I		6			M	False	False	(4, 1, 0)	()	0	4	major	major	I	I, major	I		I	I	False	I6	I6, major		I6, major		I	-1	-1	-1	1	1	1	True	False	False
35700	20	60	0	C	0	3	8	2	1	True	2.5	-1	146	146	298	146b	1785/4	1/16	False	4	False				False	401	I6		F	I		I6	I		6			M	False	False	(4, 1, 0)	()	0	4	major	major	I	I, major	I		I	I	False	I6	I6, major		I6, major		I	-1	-1	-1	1	1	1	True	False	False
35720	20	45	3	A	0	3	8	2	1	True	3.0	-1	146	146	298	146b	893/2	1/16	False	2	False				False	401	I6		F	I		I6	I		6			M	False	False	(4, 1, 0)	()	0	4	major	major	I	I, major	I		I	I	False	I6	I6, major		I6, major		I	-1	-1	-1	4	4	4	True	False	True
35720	20	57	3	A	0	3	8	2	1	True	3.0	-1	146	146	298	146b	893/2	1/16	False	3	False				False	401	I6		F	I		I6	I		6			M	False	False	(4, 1, 0)	()	0	4	major	major	I	I, major	I		I	I	False	I6	I6, major		I6, major		I	-1	-1	-1	4	4	4	True	False	True
35720	40	81	3	A	0	3	8	1	1	True	3.0	-1	146	146	298	146b	893/2	1/8	False	5	False				False	401	I6		F	I		I6	I		6			M	False	False	(4, 1, 0)	()	0	4	major	major	I	I, major	I		I	I	False	I6	I6, major		I6, major		I	-1	-1	-1	4	4	4	True	False	True
35720	40	84	0	C	0	3	8	1	1	True	3.0	-1	146	146	298	146b	893/2	1/8	False	6	False				False	401	I6		F	I		I6	I		6			M	False	False	(4, 1, 0)	()	0	4	major	major	I	I, major	I		I	I	False	I6	I6, major		I6, major		I	-1	-1	-1	1	1	1	True	False	False
35740	20	41	-1	F	0	3	8	2	1	True	3.5	-1	146	146	298	146b	1787/4	1/16	False	2	False				False	401	I6		F	I		I6	I		6			M	False	False	(4, 1, 0)	()	0	4	major	major	I	I, major	I		I	I	False	I6	I6, major		I6, major		I	-1	-1	-1	0	0	0	True	True	False
35740	20	53	-1	F	0	3	8	2	1	True	3.5	-1	146	146	298	146b	1787/4	1/16	False	3	False				False	401	I6		F	I		I6	I		6			M	False	False	(4, 1, 0)	()	0	4	major	major	I	I, major	I		I	I	False	I6	I6, major		I6, major		I	-1	-1	-1	0	0	0	True	True	False
35760	40	46	-2	B	-1	3	8	2	1	True	1.0	-1	147	147	299	147b	447	1/8	False	2	True				False	402	IV		F	I		IV	IV					M	False	False	(-1, 3, 0)	()	-1	-1	major	major	I	I, major	IV		I	I	False	IV	IV, major		IV, major		IV	-1	-1	-1	-1	-1	-1	True	True	True
35760	40	58	-2	B	-1	3	8	2	1	True	1.0	-1	147	147	299	147b	447	1/8	False	3	True				False	402	IV		F	I		IV	IV					M	False	False	(-1, 3, 0)	()	-1	-1	major	major	I	I, major	IV		I	I	False	IV	IV, major		IV, major		IV	-1	-1	-1	-1	-1	-1	True	True	True
35760	20	81	3	A	0	3	8	1	1	False	1.0	-1	147	147	299	147b	447	1/16	False	5	True				False	402	IV		F	I		IV	IV					M	False	False	(-1, 3, 0)	()	-1	-1	major	major	I	I, major	IV		I	I	False	IV	IV, major		IV, major		IV	-1	-1	-1	4	4	4	False	False	False
35760	20	84	0	C	0	3	8	1	1	False	1.0	-1	147	147	299	147b	447	1/16	False	6	True				False	402	IV		F	I		IV	IV					M	False	False	(-1, 3, 0)	()	-1	-1	major	major	I	I, major	IV		I	I	False	IV	IV, major		IV, major		IV	-1	-1	-1	1	1	1	False	False	False
35780	20	74	2	D	0	3	8	1	1	True	1.5	-1	147	147	299	147b	1789/4	1/16	False	5	False				False	402	IV		F	I		IV	IV					M	False	False	(-1, 3, 0)	()	-1	-1	major	major	I	I, major	IV		I	I	False	IV	IV, major		IV, major		IV	-1	-1	-1	3	3	3	True	False	False
35780	20	82	-2	B	-1	3	8	1	1	True	1.5	-1	147	147	299	147b	1789/4	1/16	False	5	False				False	402	IV		F	I		IV	IV					M	False	False	(-1, 3, 0)	()	-1	-1	major	major	I	I, major	IV		I	I	False	IV	IV, major		IV, major		IV	-1	-1	-1	-1	-1	-1	True	True	True
35800	40	48	0	C	0	3	8	2	1	True	2.0	-1	147	147	299	147b	895/2	1/8	False	3	True				False	403	V(64)		F	I		V(64)	V			64		M	False	False	(1, 0, 4)	()	1	1	major	major	I	I, major	V		I	I	False	V	V, major		V(64), major		V	-1	-1	-1	1	1	1	True	True	True
35800	40	60	0	C	0	3	8	2	1	True	2.0	-1	147	147	299	147b	895/2	1/8	False	4	True				False	403	V(64)		F	I		V(64)	V			64		M	False	False	(1, 0, 4)	()	1	1	major	major	I	I, major	V		I	I	False	V	V, major		V(64), major		V	-1	-1	-1	1	1	1	True	True	True
35800	20	72	0	C	0	3	8	1	1	True	2.0	-1	147	147	299	147b	895/2	1/16	False	5	True				False	403	V(64)		F	I		V(64)	V			64		M	False	False	(1, 0, 4)	()	1	1	major	major	I	I, major	V		I	I	False	V	V, major		V(64), major		V	-1	-1	-1	1	1	1	True	True	True
35800	20	81	3	A	0	3	8	1	1	True	2.0	-1	147	147	299	147b	895/2	1/16	False	5	True				False	403	V(64)		F	I		V(64)	V			64		M	False	False	(1, 0, 4)	()	1	1	major	major	I	I, major	V		I	I	False	V	V, major		V(64), major		V	-1	-1	-1	4	4	4	True	False	False
35820	20	70	-2	B	-1	3	8	1	1	True	2.5	-1	147	147	299	147b	1791/4	1/16	False	4	False				False	403	V(64)		F	I		V(64)	V			64		M	False	False	(1, 0, 4)	()	1	1	major	major	I	I, major	V		I	I	False	V	V, major		V(64), major		V	-1	-1	-1	-1	-1	-1	False	False	False
35820	20	79	1	G	0	3	8	1	1	True	2.5	-1	147	147	299	147b	1791/4	1/16	False	5	False				False	403	V(64)		F	I		V(64)	V			64		M	False	False	(1, 0, 4)	()	1	1	major	major	I	I, major	V		I	I	False	V	V, major		V(64), major		V	-1	-1	-1	2	2	2	False	False	False
35840	40	48	0	C	0	3	8	2	1	True	3.0	-1	147	147	299	147b	448	1/8	False	3	True				False	404	V		F	I		V	V					M	False	False	(1, 5, 2)	()	1	1	major	major	I	I, major	V		I	I	False	V	V, major		V, major		V	-1	-1	-1	1	1	1	True	True	True
35840	40	60	0	C	0	3	8	2	1	True	3.0	-1	147	147	299	147b	448	1/8	False	4	True				False	404	V		F	I		V	V					M	False	False	(1, 5, 2)	()	1	1	major	major	I	I, major	V		I	I	False	V	V, major		V, major		V	-1	-1	-1	1	1	1	True	True	True
35840	20	69	3	A	0	3	8	1	1	True	3.0	-1	147	147	299	147b	448	1/16	False	4	True				False	404	V		F	I		V	V					M	False	False	(1, 5, 2)	()	1	1	major	major	I	I, major	V		I	I	False	V	V, major		V, major		V	-1	-1	-1	4	4	4	False	False	False
35840	20	77	-1	F	0	3	8	1	1	True	3.0	-1	147	147	299	147b	448	1/16	False	5	True				False	404	V		F	I		V	V					M	False	False	(1, 5, 2)	()	1	1	major	major	I	I, major	V		I	I	False	V	V, major		V, major		V	-1	-1	-1	0	0	0	False	False	False
35860	20	67	1	G	0	3	8	1	1	True	3.5	-1	147	147	299	147b	1793/4	1/16	False	4	False				False	404	V		F	I		V	V					M	False	False	(1, 5, 2)	()	1	1	major	major	I	I, major	V		I	I	False	V	V, major		V, major		V	-1	-1	-1	2	2	2	True	False	False
35860	20	76	4	E	0	3	8	1	1	True	3.5	-1	147	147	299	147b	1793/4	1/16	False	5	False				False	404	V		F	I		V	V					M	False	False	(1, 5, 2)	()	1	1	major	major	I	I, major	V		I	I	False	V	V, major		V, major		V	-1	-1	-1	5	5	5	True	False	False
35880	60	53	-1	F	0	3	8	2	1	True	1.0	-1	148	148	300	148b	897/2	3/16	False	3	True	PAC	PAC		False	405	I|PAC		F	I		I	I					M	False	False	(0, 4, 1)	()	0	0	major	major	I	I, major	I		I	I	False	I	I, major		I, major		I	-1	-1	-1	0	0	0	True	True	True
35880	20	69	3	A	0	3	8	1	1	True	1.0	-1	148	148	300	148b	897/2	1/16	False	4	True	PAC	PAC		False	405	I|PAC		F	I		I	I					M	False	False	(0, 4, 1)	()	0	0	major	major	I	I, major	I		I	I	False	I	I, major		I, major		I	-1	-1	-1	4	4	4	True	False	False
35880	20	77	-1	F	0	3	8	1	1	True	1.0	-1	148	148	300	148b	897/2	1/16	False	5	True	PAC	PAC		False	405	I|PAC		F	I		I	I					M	False	False	(0, 4, 1)	()	0	0	major	major	I	I, major	I		I	I	False	I	I, major		I, major		I	-1	-1	-1	0	0	0	True	True	True
35900	20	84	0	C	0	3	8	1	1	True	1.5	-1	148	148	300	148b	1795/4	1/16	False	6	False				False	405	I|PAC		F	I		I	I					M	False	False	(0, 4, 1)	()	0	0	major	major	I	I, major	I		I	I	False	I	I, major		I, major		I	-1	-1	-1	1	1	1	True	False	False
35920	20	81	3	A	0	3	8	1	1	True	2.0	-1	148	148	300	148b	449	1/16	False	5	False				False	405	I|PAC		F	I		I	I					M	False	False	(0, 4, 1)	()	0	0	major	major	I	I, major	I		I	I	False	I	I, major		I, major		I	-1	-1	-1	4	4	4	True	False	False
35940	20	55	1	G	0	3	8	2	1	True	2.5	-1	148	148	300	148b	1797/4	1/16	False	3	False				False	405	I|PAC		F	I		I	I					M	False	False	(0, 4, 1)	()	0	0	major	major	I	I, major	I		I	I	False	I	I, major		I, major		I	-1	-1	-1	2	2	2	False	False	False
35940	20	77	-1	F	0	3	8	1	1	True	2.5	-1	148	148	300	148b	1797/4	1/16	False	5	False				False	405	I|PAC		F	I		I	I					M	False	False	(0, 4, 1)	()	0	0	major	major	I	I, major	I		I	I	False	I	I, major		I, major		I	-1	-1	-1	0	0	0	True	True	True
35960	40	57	3	A	0	3	8	2	1	True	3.0	-1	148	148	300	148b	899/2	1/8	False	3	True				False	406	I6		F	I		I6	I		6			M	False	False	(4, 1, 0)	()	0	4	major	major	I	I, major	I		I	I	False	I6	I6, major		I6, major		I	-1	-1	-1	4	4	4	True	False	True
35960	20	72	0	C	0	3	8	1	1	True	3.0	-1	148	148	300	148b	899/2	1/16	False	5	True				False	406	I6		F	I		I6	I		6			M	False	False	(4, 1, 0)	()	0	4	major	major	I	I, major	I		I	I	False	I6	I6, major		I6, major		I	-1	-1	-1	1	1	1	True	False	False
35980	20	69	3	A	0	3	8	1	1	True	3.5	-1	148	148	300	148b	1799/4	1/16	False	4	False				False	406	I6		F	I		I6	I		6			M	False	False	(4, 1, 0)	()	0	4	major	major	I	I, major	I		I	I	False	I6	I6, major		I6, major		I	-1	-1	-1	4	4	4	True	False	True
36000	40	58	-2	B	-1	3	8	2	1	True	1.0	-1	149	149	301	149b	450	1/8	False	3	True				False	407	IV		F	I		IV	IV					M	False	False	(-1, 3, 0)	()	-1	-1	major	major	I	I, major	IV		I	I	False	IV	IV, major		IV, major		IV	-1	-1	-1	-1	-1	-1	True	True	True
36000	10	74	2	D	0	3	8	1	1	True	1.0	-1	149	149	301	149b	450	1/32	False	5	True				False	407	IV		F	I		IV	IV					M	False	False	(-1, 3, 0)	()	-1	-1	major	major	I	I, major	IV		I	I	False	IV	IV, major		IV, major		IV	-1	-1	-1	3	3	3	True	False	False
36010	10	76	4	E	0	3	8	1	1	True	1.25	-1	149	149	301	149b	3601/8	1/32	False	5	False				False	407	IV		F	I		IV	IV					M	False	False	(-1, 3, 0)	()	-1	-1	major	major	I	I, major	IV		I	I	False	IV	IV, major		IV, major		IV	-1	-1	-1	5	5	5	False	False	False
36020	10	77	-1	F	0	3	8	1	1	True	1.5	-1	149	149	301	149b	1801/4	1/32	False	5	False				False	407	IV		F	I		IV	IV					M	False	False	(-1, 3, 0)	()	-1	-1	major	major	I	I, major	IV		I	I	False	IV	IV, major		IV, major		IV	-1	-1	-1	0	0	0	True	False	False
36030	10	79	1	G	0	3	8	1	1	True	1.75	-1	149	149	301	149b	3603/8	1/32	False	5	False				False	407	IV		F	I		IV	IV					M	False	False	(-1, 3, 0)	()	-1	-1	major	major	I	I, major	IV		I	I	False	IV	IV, major		IV, major		IV	-1	-1	-1	2	2	2	False	False	False
36040	40	60	0	C	0	3	8	2	1	True	2.0	-1	149	149	301	149b	901/2	1/8	False	4	True				False	408	V(64)		F	I		V(64)	V			64		M	False	False	(1, 0, 4)	()	1	1	major	major	I	I, major	V		I	I	False	V	V, major		V(64), major		V	-1	-1	-1	1	1	1	True	True	True
36040	60	79	1	G	0	3	8	1	1	True	2.0	-1	149	149	301	149b	901/2	3/16	False	5	True				False	408	V(64)		F	I		V(64)	V			64		M	False	False	(1, 0, 4)	()	1	1	major	major	I	I, major	V		I	I	False	V	V, major		V(64), major		V	-1	-1	-1	2	2	2	False	False	False
36080	40	48	0	C	0	3	8	2	1	True	3.0	-1	149	149	301	149b	451	1/8	False	3	True				False	409	V		F	I		V	V					M	False	False	(1, 5, 2)	()	1	1	major	major	I	I, major	V		I	I	False	V	V, major		V, major		V	-1	-1	-1	1	1	1	True	True	True
36100	10	77	-1	F	0	3	8	1	1	True	3.5	-1	149	149	301	149b	1805/4	1/32	False	5	False				False	409	V		F	I		V	V					M	False	False	(1, 5, 2)	()	1	1	major	major	I	I, major	V		I	I	False	V	V, major		V, major		V	-1	-1	-1	0	0	0	False	False	False
36110	10	79	1	G	0	3	8	1	1	True	3.75	-1	149	149	301	149b	3611/8	1/32	False	5	False				False	409	V		F	I		V	V					M	False	False	(1, 5, 2)	()	1	1	major	major	I	I, major	V		I	I	False	V	V, major		V, major		V	-1	-1	-1	2	2	2	True	False	False
36120	60	53	-1	F	0	3	8	2	1	True	1.0	-1	150	150	302	150b	903/2	3/16	False	3	True	IAC	IAC		False	410	I|IAC		F	I		I	I					M	False	False	(0, 4, 1)	()	0	0	major	major	I	I, major	I		I	I	False	I	I, major		I, major		I	-1	-1	-1	0	0	0	True	True	True
36120	20	81	3	A	0	3	8	1	1	True	1.0	-1	150	150	302	150b	903/2	1/16	False	5	True	IAC	IAC		False	410	I|IAC		F	I		I	I					M	False	False	(0, 4, 1)	()	0	0	major	major	I	I, major	I		I	I	False	I	I, major		I, major		I	-1	-1	-1	4	4	4	True	False	False
36140	20	84	0	C	0	3	8	1	1	True	1.5	-1	150	150	302	150b	1807/4	1/16	False	6	False				False	410	I|IAC		F	I		I	I					M	False	False	(0, 4, 1)	()	0	0	major	major	I	I, major	I		I	I	False	I	I, major		I, major		I	-1	-1	-1	1	1	1	True	False	False
36160	20	81	3	A	0	3	8	1	1	True	2.0	-1	150	150	302	150b	452	1/16	False	5	False				False	410	I|IAC		F	I		I	I					M	False	False	(0, 4, 1)	()	0	0	major	major	I	I, major	I		I	I	False	I	I, major		I, major		I	-1	-1	-1	4	4	4	True	False	False
36180	20	55	1	G	0	3	8	2	1	True	2.5	-1	150	150	302	150b	1809/4	1/16	False	3	False				False	410	I|IAC		F	I		I	I					M	False	False	(0, 4, 1)	()	0	0	major	major	I	I, major	I		I	I	False	I	I, major		I, major		I	-1	-1	-1	2	2	2	False	False	False
36180	20	77	-1	F	0	3	8	1	1	True	2.5	-1	150	150	302	150b	1809/4	1/16	False	5	False				False	410	I|IAC		F	I		I	I					M	False	False	(0, 4, 1)	()	0	0	major	major	I	I, major	I		I	I	False	I	I, major		I, major		I	-1	-1	-1	0	0	0	True	True	True
36200	40	57	3	A	0	3	8	2	1	True	3.0	-1	150	150	302	150b	905/2	1/8	False	3	True				False	411	I6		F	I		I6	I		6			M	False	False	(4, 1, 0)	()	0	4	major	major	I	I, major	I		I	I	False	I6	I6, major		I6, major		I	-1	-1	-1	4	4	4	True	False	True
36200	20	72	0	C	0	3	8	1	1	True	3.0	-1	150	150	302	150b	905/2	1/16	False	5	True				False	411	I6		F	I		I6	I		6			M	False	False	(4, 1, 0)	()	0	4	major	major	I	I, major	I		I	I	False	I6	I6, major		I6, major		I	-1	-1	-1	1	1	1	True	False	False
36220	20	69	3	A	0	3	8	1	1	True	3.5	-1	150	150	302	150b	1811/4	1/16	False	4	False				False	411	I6		F	I		I6	I		6			M	False	False	(4, 1, 0)	()	0	4	major	major	I	I, major	I		I	I	False	I6	I6, major		I6, major		I	-1	-1	-1	4	4	4	True	False	True
36240	40	58	-2	B	-1	3	8	2	1	True	1.0	-1	151	151	303	151b	453	1/8	False	3	True				False	412	IV		F	I		IV	IV					M	False	False	(-1, 3, 0)	()	-1	-1	major	major	I	I, major	IV		I	I	False	IV	IV, major		IV, major		IV	-1	-1	-1	-1	-1	-1	True	True	True
36240	20	74	2	D	0	3	8	1	1	True	1.0	-1	151	151	303	151b	453	1/16	False	5	True				False	412	IV		F	I		IV	IV					M	False	False	(-1, 3, 0)	()	-1	-1	major	major	I	I, major	IV		I	I	False	IV	IV, major		IV, major		IV	-1	-1	-1	3	3	3	True	False	False
36260	20	70	-2	B	-1	3	8	1	1	True	1.5	-1	151	151	303	151b	1813/4	1/16	False	4	False				False	412	IV		F	I		IV	IV					M	False	False	(-1, 3, 0)	()	-1	-1	major	major	I	I, major	IV		I	I	False	IV	IV, major		IV, major		IV	-1	-1	-1	-1	-1	-1	True	True	True
36280	40	60	0	C	0	3	8	2	1	True	2.0	-1	151	151	303	151b	907/2	1/8	False	4	True				False	413	V(64)		F	I		V(64)	V			64		M	False	False	(1, 0, 4)	()	1	1	major	major	I	I, major	V		I	I	False	V	V, major		V(64), major		V	-1	-1	-1	1	1	1	True	True	True
36280	60	67	1	G	0	3	8	1	1	True	2.0	-1	151	151	303	151b	907/2	3/16	False	4	True				False	413	V(64)		F	I		V(64)	V			64		M	False	False	(1, 0, 4)	()	1	1	major	major	I	I, major	V		I	I	False	V	V, major		V(64), major		V	-1	-1	-1	2	2	2	False	False	False
36320	40	48	0	C	0	3	8	2	1	True	3.0	-1	151	151	303	151b	454	1/8	False	3	True				False	414	V		F	I		V	V					M	False	False	(1, 5, 2)	()	1	1	major	major	I	I, major	V		I	I	False	V	V, major		V, major		V	-1	-1	-1	1	1	1	True	True	True
36340	10	65	-1	F	0	3	8	1	1	True	3.5	-1	151	151	303	151b	1817/4	1/32	False	4	False				False	414	V		F	I		V	V					M	False	False	(1, 5, 2)	()	1	1	major	major	I	I, major	V		I	I	False	V	V, major		V, major		V	-1	-1	-1	0	0	0	False	False	False
36350	10	67	1	G	0	3	8	1	1	True	3.75	-1	151	151	303	151b	3635/8	1/32	False	4	False				False	414	V		F	I		V	V					M	False	False	(1, 5, 2)	()	1	1	major	major	I	I, major	V		I	I	False	V	V, major		V, major		V	-1	-1	-1	2	2	2	True	False	False
36360	120	41	-1	F	0	3	8	2	1	True	1.0	-1	152	152	304	152b	909/2	3/8	False	2	True	PAC	PAC	}	True	415	I|PAC}		F	I		I	I					M	False	False	(0, 4, 1)	()	0	0	major	major	I	I, major	I		I	I	False	I	I, major		I, major		I	-1	-1	-1	0	0	0	True	True	True
36360	120	65	-1	F	0	3	8	1	1	True	1.0	-1	152	152	304	152b	909/2	3/8	False	4	True	PAC	PAC	}	True	415	I|PAC}		F	I		I	I					M	False	False	(0, 4, 1)	()	0	0	major	major	I	I, major	I		I	I	False	I	I, major		I, major		I	-1	-1	-1	0	0	0	True	True	True
