onset_div	duration_div	continuous_beats	pitch	tpc	step	alter	beat_float	downbeat	ts_beats	ts_beat_type	staff	voice	duration	is_note_onset	ks_fifths	mc	mc_playthrough	mn	mn_playthrough	octave	quarterbeats_playthrough	section_start	is_harmony_onset	cadence	cadence_type	phraseend	is_phrase_ending	unfolded_harmony_index	label	globalkey	localkey	pedal	chord	numeral	form	figbass	changes	relativeroot	chord_type	globalkey_is_minor	localkey_is_minor	chord_tones	added_tones	root	bass_note	globalkey_mode	localkey_mode	localkey_resolved	localkey_and_mode	root_roman	relativeroot_resolved	effective_localkey	effective_localkey_resolved	effective_localkey_is_minor	chord_reduced	chord_reduced_and_mode	pedal_resolved	chord_and_mode	applied_to_numeral	numeral_or_applied_to_numeral	globalkey_tpc	localkey_tpc	tonicized_tpc	sic_with_global	sic_with_local	sic_with_tonicized	tpc_is_in_label	tpc_is_root	tpc_is_bass
0.0	6.0	0.0	58	-2	B	-1.0	1.0	1	6	4	3.0	1.0	3/4	True	-1	1.0	1.0	1.0	1a	3	0	True	True			{	False	0	Bb.I{	Bb	I		I	I					M	False	False	(0, 4, 1)	()	0	0	major	major	I	I, major	I		I	I	False	I	I, major		I, major		I	-2	-2	-2	0	0	0	True	True	True
0.0	6.0	0.0	58	-2	B	-1.0	1.0	1	6	4	4.0	1.0	3/4	True	-1	1.0	1.0	1.0	1a	3	0	True	True			{	False	0	Bb.I{	Bb	I		I	I					M	False	False	(0, 4, 1)	()	0	0	major	major	I	I, major	I		I	I	False	I	I, major		I, major		I	-2	-2	-2	0	0	0	True	True	True
0.0	2.0	0.0	70	-2	B	-1.0	1.0	1	6	4	1.0	1.0	1/4	True	-1	1.0	1.0	1.0	1a	4	0	True	True			{	False	0	Bb.I{	Bb	I		I	I					M	False	False	(0, 4, 1)	()	0	0	major	major	I	I, major	I		I	I	False	I	I, major		I, major		I	-2	-2	-2	0	0	0	True	True	True
2.0	1.0	0.333	74	2	D	0.0	1.333	0	6	4	1.0	1.0	1/8	True	-1	1.0	1.0	1.0	1a	5	1	False	False				False	0	Bb.I{	Bb	I		I	I					M	False	False	(0, 4, 1)	()	0	0	major	major	I	I, major	I		I	I	False	I	I, major		I, major		I	-2	-2	-2	4	4	4	True	False	False
3.0	1.0	0.5	72	0	C	0.0	1.5	0	6	4	1.0	1.0	1/8	True	-1	1.0	1.0	1.0	1a	5	3/2	False	False				False	0	Bb.I{	Bb	I		I	I					M	False	False	(0, 4, 1)	()	0	0	major	major	I	I, major	I		I	I	False	I	I, major		I, major		I	-2	-2	-2	2	2	2	False	False	False
4.0	2.0	0.667	70	-2	B	-1.0	1.667	0	6	4	1.0	1.0	1/4	True	-1	1.0	1.0	1.0	1a	4	2	False	False				False	0	Bb.I{	Bb	I		I	I					M	False	False	(0, 4, 1)	()	0	0	major	major	I	I, major	I		I	I	False	I	I, major		I, major		I	-2	-2	-2	0	0	0	True	True	True
6.0	6.0	1.0	57	3	A	0.0	2.0	2	6	4	3.0	1.0	3/4	True	-1	1.0	1.0	1.0	1a	3	3	False	True				False	1	V6	Bb	I		V6	V		6			M	False	False	(5, 2, 1)	()	1	5	major	major	I	I, major	V		I	I	False	V6	V6, major		V6, major		V	-2	-2	-2	5	5	5	True	False	True
6.0	6.0	1.0	57	3	A	0.0	2.0	2	6	4	4.0	1.0	3/4	True	-1	1.0	1.0	1.0	1a	3	3	False	True				False	1	V6	Bb	I		V6	V		6			M	False	False	(5, 2, 1)	()	1	5	major	major	I	I, major	V		I	I	False	V6	V6, major		V6, major		V	-2	-2	-2	5	5	5	True	False	True
6.0	2.0	1.0	72	0	C	0.0	2.0	2	6	4	1.0	1.0	1/4	True	-1	1.0	1.0	1.0	1a	5	3	False	True				False	1	V6	Bb	I		V6	V		6			M	False	False	(5, 2, 1)	()	1	5	major	major	I	I, major	V		I	I	False	V6	V6, major		V6, major		V	-2	-2	-2	2	2	2	True	False	False
8.0	2.0	1.333	65	-1	F	0.0	2.333	0	6	4	1.0	1.0	1/4	True	-1	1.0	1.0	1.0	1a	4	4	False	False				False	1	V6	Bb	I		V6	V		6			M	False	False	(5, 2, 1)	()	1	5	major	major	I	I, major	V		I	I	False	V6	V6, major		V6, major		V	-2	-2	-2	1	1	1	True	True	False
10.0	2.0	1.667	77	-1	F	0.0	2.667	0	6	4	1.0	1.0	1/4	True	-1	1.0	1.0	1.0	1a	5	5	False	False				False	1	V6	Bb	I		V6	V		6			M	False	False	(5, 2, 1)	()	1	5	major	major	I	I, major	V		I	I	False	V6	V6, major		V6, major		V	-2	-2	-2	1	1	1	True	True	False
12.0	4.0	2.0	55	1	G	0.0	1.0	1	6	4	3.0	1.0	1/2	True	-1	2.0	2.0	2.0	2a	3	6	False	True				False	2	IV6(2)	Bb	I		IV6(2)	IV		6	2		M	False	False	(3, 0, 1)	()	-1	3	major	major	I	I, major	IV		I	I	False	IV6	IV6, major		IV6(2), major		IV	-2	-2	-2	3	3	3	True	False	True
12.0	4.0	2.0	55	1	G	0.0	1.0	1	6	4	4.0	1.0	1/2	True	-1	2.0	2.0	2.0	2a	3	6	False	True				False	2	IV6(2)	Bb	I		IV6(2)	IV		6	2		M	False	False	(3, 0, 1)	()	-1	3	major	major	I	I, major	IV		I	I	False	IV6	IV6, major		IV6(2), major		IV	-2	-2	-2	3	3	3	True	False	True
12.0	4.0	2.0	70	-2	B	-1.0	1.0	1	6	4	1.0	1.0	1/2	True	-1	2.0	2.0	2.0	2a	4	6	False	True				False	2	IV6(2)	Bb	I		IV6(2)	IV		6	2		M	False	False	(3, 0, 1)	()	-1	3	major	major	I	I, major	IV		I	I	False	IV6	IV6, major		IV6(2), major		IV	-2	-2	-2	0	0	0	True	False	False
16.0	2.0	2.667	57	3	A	0.0	1.667	0	6	4	3.0	1.0	1/4	True	-1	2.0	2.0	2.0	2a	3	8	False	True				False	3	viio	Bb	I		viio	vii	o				o	False	False	(5, 2, -1)	()	5	5	major	major	I	I, major	vii		I	I	False	viio	viio, major		viio, major		vii	-2	-2	-2	5	5	5	True	True	True
16.0	2.0	2.667	57	3	A	0.0	1.667	0	6	4	3.0	1.0	1/4	True	-1	2.0	2.0	2.0	2a	3	8	False	True				False	4	IV6	Bb	I		IV6	IV		6			M	False	False	(3, 0, -1)	()	-1	3	major	major	I	I, major	IV		I	I	False	IV6	IV6, major		IV6, major		IV	-2	-2	-2	5	5	5	False	False	False
16.0	2.0	2.667	57	3	A	0.0	1.667	0	6	4	4.0	1.0	1/4	True	-1	2.0	2.0	2.0	2a	3	8	False	True				False	3	viio	Bb	I		viio	vii	o				o	False	False	(5, 2, -1)	()	5	5	major	major	I	I, major	vii		I	I	False	viio	viio, major		viio, major		vii	-2	-2	-2	5	5	5	True	True	True
16.0	2.0	2.667	57	3	A	0.0	1.667	0	6	4	4.0	1.0	1/4	True	-1	2.0	2.0	2.0	2a	3	8	False	True				False	4	IV6	Bb	I		IV6	IV		6			M	False	False	(3, 0, -1)	()	-1	3	major	major	I	I, major	IV		I	I	False	IV6	IV6, major		IV6, major		IV	-2	-2	-2	5	5	5	False	False	False
16.0	2.0	2.667	75	-3	E	-1.0	1.667	0	6	4	1.0	1.0	1/4	True	-1	2.0	2.0	2.0	2a	5	8	False	True				False	3	viio	Bb	I		viio	vii	o				o	False	False	(5, 2, -1)	()	5	5	major	major	I	I, major	vii		I	I	False	viio	viio, major		viio, major		vii	-2	-2	-2	-1	-1	-1	True	False	False
16.0	2.0	2.667	75	-3	E	-1.0	1.667	0	6	4	1.0	1.0	1/4	True	-1	2.0	2.0	2.0	2a	5	8	False	True				False	4	IV6	Bb	I		IV6	IV		6			M	False	False	(3, 0, -1)	()	-1	3	major	major	I	I, major	IV		I	I	False	IV6	IV6, major		IV6, major		IV	-2	-2	-2	-1	-1	-1	True	True	False
18.0	2.0	3.0	58	-2	B	-1.0	2.0	2	6	4	3.0	1.0	1/4	True	-1	2.0	2.0	2.0	2a	3	9	False	True				False	5	I	Bb	I		I	I					M	False	False	(0, 4, 1)	()	0	0	major	major	I	I, major	I		I	I	False	I	I, major		I, major		I	-2	-2	-2	0	0	0	True	True	True
18.0	2.0	3.0	58	-2	B	-1.0	2.0	2	6	4	4.0	1.0	1/4	True	-1	2.0	2.0	2.0	2a	3	9	False	True				False	5	I	Bb	I		I	I					M	False	False	(0, 4, 1)	()	0	0	major	major	I	I, major	I		I	I	False	I	I, major		I, major		I	-2	-2	-2	0	0	0	True	True	True
18.0	2.0	3.0	74	2	D	0.0	2.0	2	6	4	1.0	1.0	1/4	True	-1	2.0	2.0	2.0	2a	5	9	False	True				False	5	I	Bb	I		I	I					M	False	False	(0, 4, 1)	()	0	0	major	major	I	I, major	I		I	I	False	I	I, major		I, major		I	-2	-2	-2	4	4	4	True	False	False
20.0	4.0	3.333	53	-1	F	0.0	2.333	0	6	4	3.0	1.0	1/2	True	-1	2.0	2.0	2.0	2a	3	10	False	True				False	6	V(4)	Bb	I		V(4)	V			4		M	False	False	(1, 0, 2)	()	1	1	major	major	I	I, major	V		I	I	False	V	V, major		V(4), major		V	-2	-2	-2	1	1	1	True	True	True
20.0	4.0	3.333	53	-1	F	0.0	2.333	0	6	4	4.0	1.0	1/2	True	-1	2.0	2.0	2.0	2a	3	10	False	True				False	6	V(4)	Bb	I		V(4)	V			4		M	False	False	(1, 0, 2)	()	1	1	major	major	I	I, major	V		I	I	False	V	V, major		V(4), major		V	-2	-2	-2	1	1	1	True	True	True
20.0	4.0	3.333	72	0	C	0.0	2.333	0	6	4	1.0	1.0	1/2	True	-1	2.0	2.0	2.0	2a	5	10	False	True				False	6	V(4)	Bb	I		V(4)	V			4		M	False	False	(1, 0, 2)	()	1	1	major	major	I	I, major	V		I	I	False	V	V, major		V(4), major		V	-2	-2	-2	2	2	2	True	False	False
24.0	4.0	4.0	46	-2	B	-1.0	1.0	1	6	4	3.0	1.0	1/2	True	-1	3.0	3.0	3.0	3a	2	12	False	True	PAC	PAC	}{	True	8	I|PAC}{	Bb	I		I	I					M	False	False	(0, 4, 1)	()	0	0	major	major	I	I, major	I		I	I	False	I	I, major		I, major		I	-2	-2	-2	0	0	0	True	True	True
24.0	4.0	4.0	46	-2	B	-1.0	1.0	1	6	4	4.0	1.0	1/2	True	-1	3.0	3.0	3.0	3a	2	12	False	True	PAC	PAC	}{	True	8	I|PAC}{	Bb	I		I	I					M	False	False	(0, 4, 1)	()	0	0	major	major	I	I, major	I		I	I	False	I	I, major		I, major		I	-2	-2	-2	0	0	0	True	True	True
24.0	2.0	4.0	70	-2	B	-1.0	1.0	1	6	4	1.0	1.0	1/4	True	-1	3.0	3.0	3.0	3a	4	12	False	True	PAC	PAC	}{	True	8	I|PAC}{	Bb	I		I	I					M	False	False	(0, 4, 1)	()	0	0	major	major	I	I, major	I		I	I	False	I	I, major		I, major		I	-2	-2	-2	0	0	0	True	True	True
26.0	1.0	4.333	74	2	D	0.0	1.333	0	6	4	1.0	1.0	1/8	True	-1	3.0	3.0	3.0	3a	5	13	False	False				False	8	I|PAC}{	Bb	I		I	I					M	False	False	(0, 4, 1)	()	0	0	major	major	I	I, major	I		I	I	False	I	I, major		I, major		I	-2	-2	-2	4	4	4	True	False	False
27.0	1.0	4.5	72	0	C	0.0	1.5	0	6	4	1.0	1.0	1/8	True	-1	3.0	3.0	3.0	3a	5	27/2	False	False				False	8	I|PAC}{	Bb	I		I	I					M	False	False	(0, 4, 1)	()	0	0	major	major	I	I, major	I		I	I	False	I	I, major		I, major		I	-2	-2	-2	2	2	2	False	False	False
28.0	2.0	4.667	58	-2	B	-1.0	1.667	0	6	4	3.0	1.0	1/4	True	-1	3.0	3.0	3.0	3a	3	14	False	False				False	8	I|PAC}{	Bb	I		I	I					M	False	False	(0, 4, 1)	()	0	0	major	major	I	I, major	I		I	I	False	I	I, major		I, major		I	-2	-2	-2	0	0	0	True	True	True
28.0	2.0	4.667	58	-2	B	-1.0	1.667	0	6	4	4.0	1.0	1/4	True	-1	3.0	3.0	3.0	3a	3	14	False	False				False	8	I|PAC}{	Bb	I		I	I					M	False	False	(0, 4, 1)	()	0	0	major	major	I	I, major	I		I	I	False	I	I, major		I, major		I	-2	-2	-2	0	0	0	True	True	True
28.0	2.0	4.667	70	-2	B	-1.0	1.667	0	6	4	1.0	1.0	1/4	True	-1	3.0	3.0	3.0	3a	4	14	False	False				False	8	I|PAC}{	Bb	I		I	I					M	False	False	(0, 4, 1)	()	0	0	major	major	I	I, major	I		I	I	False	I	I, major		I, major		I	-2	-2	-2	0	0	0	True	True	True
30.0	2.0	5.0	57	3	A	0.0	2.0	2	6	4	3.0	1.0	1/4	True	-1	3.0	3.0	3.0	3a	3	15	False	True				False	9	V6	Bb	I		V6	V		6			M	False	False	(5, 2, 1)	()	1	5	major	major	I	I, major	V		I	I	False	V6	V6, major		V6, major		V	-2	-2	-2	5	5	5	True	False	True
30.0	2.0	5.0	57	3	A	0.0	2.0	2	6	4	4.0	1.0	1/4	True	-1	3.0	3.0	3.0	3a	3	15	False	True				False	9	V6	Bb	I		V6	V		6			M	False	False	(5, 2, 1)	()	1	5	major	major	I	I, major	V		I	I	False	V6	V6, major		V6, major		V	-2	-2	-2	5	5	5	True	False	True
30.0	2.0	5.0	72	0	C	0.0	2.0	2	6	4	1.0	1.0	1/4	True	-1	3.0	3.0	3.0	3a	5	15	False	True				False	9	V6	Bb	I		V6	V		6			M	False	False	(5, 2, 1)	()	1	5	major	major	I	I, major	V		I	I	False	V6	V6, major		V6, major		V	-2	-2	-2	2	2	2	True	False	False
30.0	2.0	5.0	77	-1	F	0.0	2.0	2	6	4	2.0	1.0	1/4	True	-1	3.0	3.0	3.0	3a	5	15	False	True				False	9	V6	Bb	I		V6	V		6			M	False	False	(5, 2, 1)	()	1	5	major	major	I	I, major	V		I	I	False	V6	V6, major		V6, major		V	-2	-2	-2	1	1	1	True	True	False
32.0	4.0	5.333	53	-1	F	0.0	2.333	0	6	4	3.0	1.0	1/2	True	-1	3.0	3.0	3.0	3a	3	16	False	True				False	10	V	Bb	I		V	V					M	False	False	(1, 5, 2)	()	1	1	major	major	I	I, major	V		I	I	False	V	V, major		V, major		V	-2	-2	-2	1	1	1	True	True	True
32.0	4.0	5.333	53	-1	F	0.0	2.333	0	6	4	4.0	1.0	1/2	True	-1	3.0	3.0	3.0	3a	3	16	False	True				False	10	V	Bb	I		V	V					M	False	False	(1, 5, 2)	()	1	1	major	major	I	I, major	V		I	I	False	V	V, major		V, major		V	-2	-2	-2	1	1	1	True	True	True
32.0	1.0	5.333	72	0	C	0.0	2.333	0	6	4	1.0	1.0	1/8	True	-1	3.0	3.0	3.0	3a	5	16	False	True				False	10	V	Bb	I		V	V					M	False	False	(1, 5, 2)	()	1	1	major	major	I	I, major	V		I	I	False	V	V, major		V, major		V	-2	-2	-2	2	2	2	True	False	False
32.0	1.0	5.333	81	3	A	0.0	2.333	0	6	4	2.0	1.0	1/8	True	-1	3.0	3.0	3.0	3a	5	16	False	True				False	10	V	Bb	I		V	V					M	False	False	(1, 5, 2)	()	1	1	major	major	I	I, major	V		I	I	False	V	V, major		V, major		V	-2	-2	-2	5	5	5	True	False	False
33.0	1.0	5.5	70	-2	B	-1.0	2.5	0	6	4	1.0	1.0	1/8	True	-1	3.0	3.0	3.0	3a	4	33/2	False	False				False	10	V	Bb	I		V	V					M	False	False	(1, 5, 2)	()	1	1	major	major	I	I, major	V		I	I	False	V	V, major		V, major		V	-2	-2	-2	0	0	0	False	False	False
33.0	1.0	5.5	79	1	G	0.0	2.5	0	6	4	2.0	1.0	1/8	True	-1	3.0	3.0	3.0	3a	5	33/2	False	False				False	10	V	Bb	I		V	V					M	False	False	(1, 5, 2)	()	1	1	major	major	I	I, major	V		I	I	False	V	V, major		V, major		V	-2	-2	-2	3	3	3	False	False	False
34.0	2.0	5.667	69	3	A	0.0	2.667	0	6	4	1.0	1.0	1/4	True	-1	3.0	3.0	3.0	3a	4	17	False	False				False	10	V	Bb	I		V	V					M	False	False	(1, 5, 2)	()	1	1	major	major	I	I, major	V		I	I	False	V	V, major		V, major		V	-2	-2	-2	5	5	5	True	False	False
34.0	2.0	5.667	77	-1	F	0.0	2.667	0	6	4	2.0	1.0	1/4	True	-1	3.0	3.0	3.0	3a	5	17	False	False				False	10	V	Bb	I		V	V					M	False	False	(1, 5, 2)	()	1	1	major	major	I	I, major	V		I	I	False	V	V, major		V, major		V	-2	-2	-2	1	1	1	True	True	True
36.0	2.0	6.0	53	-1	F	0.0	1.0	1	6	4	3.0	1.0	1/4	False	-1	4.0	4.0	4.0	4a	3	18	False	True				False	11	V.ii2	Bb	V		ii2	ii		2			mm7	False	False	(0, 2, -1, 3)	()	2	0	major	major	V	V, major	ii		V	V	False	ii2	ii2, major		ii2, major		ii	-2	-1	-1	1	0	0	True	False	True
36.0	2.0	6.0	53	-1	F	0.0	1.0	1	6	4	4.0	1.0	1/4	False	-1	4.0	4.0	4.0	4a	3	18	False	True				False	11	V.ii2	Bb	V		ii2	ii		2			mm7	False	False	(0, 2, -1, 3)	()	2	0	major	major	V	V, major	ii		V	V	False	ii2	ii2, major		ii2, major		ii	-2	-1	-1	1	0	0	True	False	True
36.0	2.0	6.0	70	-2	B	-1.0	1.0	1	6	4	1.0	1.0	1/4	True	-1	4.0	4.0	4.0	4a	4	18	False	True				False	11	V.ii2	Bb	V		ii2	ii		2			mm7	False	False	(0, 2, -1, 3)	()	2	0	major	major	V	V, major	ii		V	V	False	ii2	ii2, major		ii2, major		ii	-2	-1	-1	0	-1	-1	True	False	False
36.0	2.0	6.0	79	1	G	0.0	1.0	1	6	4	2.0	1.0	1/4	True	-1	4.0	4.0	4.0	4a	5	18	False	True				False	11	V.ii2	Bb	V		ii2	ii		2			mm7	False	False	(0, 2, -1, 3)	()	2	0	major	major	V	V, major	ii		V	V	False	ii2	ii2, major		ii2, major		ii	-2	-1	-1	3	2	2	True	True	False
38.0	4.0	6.333	52	4	E	0.0	1.333	0	6	4	3.0	1.0	1/2	True	-1	4.0	4.0	4.0	4a	3	19	False	True				False	12	V6	Bb	V		V6	V		6			M	False	False	(5, 2, 1)	()	1	5	major	major	V	V, major	V		V	V	False	V6	V6, major		V6, major		V	-2	-1	-1	6	5	5	True	False	True
38.0	4.0	6.333	52	4	E	0.0	1.333	0	6	4	4.0	1.0	1/2	True	-1	4.0	4.0	4.0	4a	3	19	False	True				False	12	V6	Bb	V		V6	V		6			M	False	False	(5, 2, 1)	()	1	5	major	major	V	V, major	V		V	V	False	V6	V6, major		V6, major		V	-2	-1	-1	6	5	5	True	False	True
38.0	4.0	6.333	67	1	G	0.0	1.333	0	6	4	1.0	1.0	1/2	True	-1	4.0	4.0	4.0	4a	4	19	False	True				False	12	V6	Bb	V		V6	V		6			M	False	False	(5, 2, 1)	()	1	5	major	major	V	V, major	V		V	V	False	V6	V6, major		V6, major		V	-2	-1	-1	3	2	2	True	False	False
38.0	2.0	6.333	72	0	C	0.0	1.333	0	6	4	2.0	1.0	1/4	True	-1	4.0	4.0	4.0	4a	5	19	False	True				False	12	V6	Bb	V		V6	V		6			M	False	False	(5, 2, 1)	()	1	5	major	major	V	V, major	V		V	V	False	V6	V6, major		V6, major		V	-2	-1	-1	2	1	1	True	True	False
40.0	2.0	6.667	84	0	C	0.0	1.667	0	6	4	2.0	1.0	1/4	True	-1	4.0	4.0	4.0	4a	6	20	False	False				False	12	V6	Bb	V		V6	V		6			M	False	False	(5, 2, 1)	()	1	5	major	major	V	V, major	V		V	V	False	V6	V6, major		V6, major		V	-2	-1	-1	2	1	1	True	True	False
42.0	2.0	7.0	50	2	D	0.0	2.0	2	6	4	3.0	1.0	1/4	True	-1	4.0	4.0	4.0	4a	3	21	False	True				False	13	iv	Bb	V		iv	iv					m	False	False	(-1, -4, 0)	()	-1	-1	major	major	V	V, major	iv		V	V	False	iv	iv, major		iv, major		iv	-2	-1	-1	4	3	3	False	False	False
42.0	2.0	7.0	50	2	D	0.0	2.0	2	6	4	4.0	1.0	1/4	True	-1	4.0	4.0	4.0	4a	3	21	False	True				False	13	iv	Bb	V		iv	iv					m	False	False	(-1, -4, 0)	()	-1	-1	major	major	V	V, major	iv		V	V	False	iv	iv, major		iv, major		iv	-2	-1	-1	4	3	3	False	False	False
42.0	2.0	7.0	69	3	A	0.0	2.0	2	6	4	1.0	1.0	1/4	True	-1	4.0	4.0	4.0	4a	4	21	False	True				False	13	iv	Bb	V		iv	iv					m	False	False	(-1, -4, 0)	()	-1	-1	major	major	V	V, major	iv		V	V	False	iv	iv, major		iv, major		iv	-2	-1	-1	5	4	4	False	False	False
42.0	4.0	7.0	77	-1	F	0.0	2.0	2	6	4	2.0	1.0	1/2	True	-1	4.0	4.0	4.0	4a	5	21	False	True				False	13	iv	Bb	V		iv	iv					m	False	False	(-1, -4, 0)	()	-1	-1	major	major	V	V, major	iv		V	V	False	iv	iv, major		iv, major		iv	-2	-1	-1	1	0	0	True	False	False
44.0	2.0	7.333	46	-2	B	-1.0	2.333	0	6	4	3.0	1.0	1/4	True	-1	4.0	4.0	4.0	4a	2	22	False	True				False	14	IV	Bb	V		IV	IV					M	False	False	(-1, 3, 0)	()	-1	-1	major	major	V	V, major	IV		V	V	False	IV	IV, major		IV, major		IV	-2	-1	-1	0	-1	-1	True	True	True
44.0	2.0	7.333	46	-2	B	-1.0	2.333	0	6	4	4.0	1.0	1/4	True	-1	4.0	4.0	4.0	4a	2	22	False	True				False	14	IV	Bb	V		IV	IV					M	False	False	(-1, 3, 0)	()	-1	-1	major	major	V	V, major	IV		V	V	False	IV	IV, major		IV, major		IV	-2	-1	-1	0	-1	-1	True	True	True
44.0	2.0	7.333	74	2	D	0.0	2.333	0	6	4	1.0	1.0	1/4	True	-1	4.0	4.0	4.0	4a	5	22	False	True				False	14	IV	Bb	V		IV	IV					M	False	False	(-1, 3, 0)	()	-1	-1	major	major	V	V, major	IV		V	V	False	IV	IV, major		IV, major		IV	-2	-1	-1	4	3	3	True	False	False
46.0	2.0	7.667	43	1	G	0.0	2.667	0	6	4	3.0	1.0	1/4	True	-1	4.0	4.0	4.0	4a	2	23	False	True				False	15	viio6	Bb	V		viio6	vii	o	6			o	False	False	(2, -1, 5)	()	5	2	major	major	V	V, major	vii		V	V	False	viio6	viio6, major		viio6, major		vii	-2	-1	-1	3	2	2	True	False	True
46.0	2.0	7.667	43	1	G	0.0	2.667	0	6	4	4.0	1.0	1/4	True	-1	4.0	4.0	4.0	4a	2	23	False	True				False	15	viio6	Bb	V		viio6	vii	o	6			o	False	False	(2, -1, 5)	()	5	2	major	major	V	V, major	vii		V	V	False	viio6	viio6, major		viio6, major		vii	-2	-1	-1	3	2	2	True	False	True
46.0	2.0	7.667	76	4	E	0.0	2.667	0	6	4	1.0	1.0	1/4	True	-1	4.0	4.0	4.0	4a	5	23	False	True				False	15	viio6	Bb	V		viio6	vii	o	6			o	False	False	(2, -1, 5)	()	5	2	major	major	V	V, major	vii		V	V	False	viio6	viio6, major		viio6, major		vii	-2	-1	-1	6	5	5	True	True	False
46.0	2.0	7.667	82	-2	B	-1.0	2.667	0	6	4	2.0	1.0	1/4	True	-1	4.0	4.0	4.0	4a	5	23	False	True				False	15	viio6	Bb	V		viio6	vii	o	6			o	False	False	(2, -1, 5)	()	5	2	major	major	V	V, major	vii		V	V	False	viio6	viio6, major		viio6, major		vii	-2	-1	-1	0	-1	-1	True	False	False
48.0	2.0	8.0	41	-1	F	0.0	1.0	1	6	4	3.0	1.0	1/4	True	-1	5.0	5.0	5.0	5a	2	24	False	True				False	16	I	Bb	V		I	I					M	False	False	(0, 4, 1)	()	0	0	major	major	V	V, major	I		V	V	False	I	I, major		I, major		I	-2	-1	-1	1	0	0	True	True	True
48.0	2.0	8.0	41	-1	F	0.0	1.0	1	6	4	4.0	1.0	1/4	True	-1	5.0	5.0	5.0	5a	2	24	False	True				False	16	I	Bb	V		I	I					M	False	False	(0, 4, 1)	()	0	0	major	major	V	V, major	I		V	V	False	I	I, major		I, major		I	-2	-1	-1	1	0	0	True	True	True
48.0	2.0	8.0	77	-1	F	0.0	1.0	1	6	4	1.0	1.0	1/4	True	-1	5.0	5.0	5.0	5a	5	24	False	True				False	16	I	Bb	V		I	I					M	False	False	(0, 4, 1)	()	0	0	major	major	V	V, major	I		V	V	False	I	I, major		I, major		I	-2	-1	-1	1	0	0	True	True	True
48.0	2.0	8.0	81	3	A	0.0	1.0	1	6	4	2.0	1.0	1/4	True	-1	5.0	5.0	5.0	5a	5	24	False	True				False	16	I	Bb	V		I	I					M	False	False	(0, 4, 1)	()	0	0	major	major	V	V, major	I		V	V	False	I	I, major		I, major		I	-2	-1	-1	5	4	4	True	False	False
50.0	4.0	8.333	48	0	C	0.0	1.333	0	6	4	3.0	1.0	1/2	True	-1	5.0	5.0	5.0	5a	3	25	False	True				False	17	V(4)	Bb	V		V(4)	V			4		M	False	False	(1, 0, 2)	()	1	1	major	major	V	V, major	V		V	V	False	V	V, major		V(4), major		V	-2	-1	-1	2	1	1	True	True	True
50.0	4.0	8.333	48	0	C	0.0	1.333	0	6	4	4.0	1.0	1/2	True	-1	5.0	5.0	5.0	5a	3	25	False	True				False	17	V(4)	Bb	V		V(4)	V			4		M	False	False	(1, 0, 2)	()	1	1	major	major	V	V, major	V		V	V	False	V	V, major		V(4), major		V	-2	-1	-1	2	1	1	True	True	True
50.0	4.0	8.333	76	4	E	0.0	1.333	0	6	4	1.0	1.0	1/2	True	-1	5.0	5.0	5.0	5a	5	25	False	True				False	17	V(4)	Bb	V		V(4)	V			4		M	False	False	(1, 0, 2)	()	1	1	major	major	V	V, major	V		V	V	False	V	V, major		V(4), major		V	-2	-1	-1	6	5	5	False	False	False
50.0	4.0	8.333	79	1	G	0.0	1.333	0	6	4	2.0	1.0	1/2	True	-1	5.0	5.0	5.0	5a	5	25	False	True				False	17	V(4)	Bb	V		V(4)	V			4		M	False	False	(1, 0, 2)	()	1	1	major	major	V	V, major	V		V	V	False	V	V, major		V(4), major		V	-2	-1	-1	3	2	2	True	False	False
54.0	4.0	9.0	41	-1	F	0.0	2.0	2	6	4	4.0	1.0	1/2	True	-1	5.0	5.0	5.0	5a	2	27	False	True	IAC	IAC	}{	True	18	I|IAC}{	Bb	V		I	I					M	False	False	(0, 4, 1)	()	0	0	major	major	V	V, major	I		V	V	False	I	I, major		I, major		I	-2	-1	-1	1	0	0	True	True	True
54.0	4.0	9.0	41	-1	F	0.0	2.0	2	6	4	4.0	1.0	1/2	True	-1	5.0	5.0	5.0	5a	2	27	False	False				False	19	V	Bb	V		V	V					M	False	False	(1, 5, 2)	()	1	1	major	major	V	V, major	V		V	V	False	V	V, major		V, major		V	-2	-1	-1	1	0	0	False	False	False
54.0	6.0	9.0	41	-1	F	0.0	2.0	2	6	4	3.0	1.0	3/4	True	-1	5.0	5.0	5.0	5a	2	27	False	True	IAC	IAC	}{	True	18	I|IAC}{	Bb	V		I	I					M	False	False	(0, 4, 1)	()	0	0	major	major	V	V, major	I		V	V	False	I	I, major		I, major		I	-2	-1	-1	1	0	0	True	True	True
54.0	6.0	9.0	41	-1	F	0.0	2.0	2	6	4	3.0	1.0	3/4	True	-1	5.0	5.0	5.0	5a	2	27	False	False				False	19	V	Bb	V		V	V					M	False	False	(1, 5, 2)	()	1	1	major	major	V	V, major	V		V	V	False	V	V, major		V, major		V	-2	-1	-1	1	0	0	False	False	False
54.0	2.0	9.0	77	-1	F	0.0	2.0	2	6	4	1.0	1.0	1/4	True	-1	5.0	5.0	5.0	5a	5	27	False	True	IAC	IAC	}{	True	18	I|IAC}{	Bb	V		I	I					M	False	False	(0, 4, 1)	()	0	0	major	major	V	V, major	I		V	V	False	I	I, major		I, major		I	-2	-1	-1	1	0	0	True	True	True
54.0	2.0	9.0	77	-1	F	0.0	2.0	2	6	4	1.0	1.0	1/4	True	-1	5.0	5.0	5.0	5a	5	27	False	False				False	19	V	Bb	V		V	V					M	False	False	(1, 5, 2)	()	1	1	major	major	V	V, major	V		V	V	False	V	V, major		V, major		V	-2	-1	-1	1	0	0	False	False	False
54.0	2.0	9.0	81	3	A	0.0	2.0	2	6	4	2.0	1.0	1/4	True	-1	5.0	5.0	5.0	5a	5	27	False	True	IAC	IAC	}{	True	18	I|IAC}{	Bb	V		I	I					M	False	False	(0, 4, 1)	()	0	0	major	major	V	V, major	I		V	V	False	I	I, major		I, major		I	-2	-1	-1	5	4	4	True	False	False
54.0	2.0	9.0	81	3	A	0.0	2.0	2	6	4	2.0	1.0	1/4	True	-1	5.0	5.0	5.0	5a	5	27	False	False				False	19	V	Bb	V		V	V					M	False	False	(1, 5, 2)	()	1	1	major	major	V	V, major	V		V	V	False	V	V, major		V, major		V	-2	-1	-1	5	4	4	False	False	False
56.0	1.0	9.333	69	3	A	0.0	2.333	0	6	4	2.0	1.0	1/8	True	-1	5.0	5.0	5.0	5a	4	28	False	False				False	19	V	Bb	V		V	V					M	False	False	(1, 5, 2)	()	1	1	major	major	V	V, major	V		V	V	False	V	V, major		V, major		V	-2	-1	-1	5	4	4	False	False	False
56.0	4.0	9.333	77	-1	F	0.0	2.333	0	6	4	1.0	1.0	1/2	True	-1	5.0	5.0	5.0	5a	5	28	False	False				False	19	V	Bb	V		V	V					M	False	False	(1, 5, 2)	()	1	1	major	major	V	V, major	V		V	V	False	V	V, major		V, major		V	-2	-1	-1	1	0	0	False	False	False
57.0	1.0	9.5	67	1	G	0.0	2.5	0	6	4	2.0	1.0	1/8	True	-1	5.0	5.0	5.0	5a	4	57/2	False	False				False	19	V	Bb	V		V	V					M	False	False	(1, 5, 2)	()	1	1	major	major	V	V, major	V		V	V	False	V	V, major		V, major		V	-2	-1	-1	3	2	2	True	False	False
58.0	2.0	9.667	53	-1	F	0.0	2.667	0	6	4	4.0	1.0	1/4	True	-1	5.0	5.0	5.0	5a	3	29	False	True				False	20	I.V	Bb	I		V	V					M	False	False	(1, 5, 2)	()	1	1	major	major	I	I, major	V		I	I	False	V	V, major		V, major		V	-2	-2	-2	1	1	1	True	True	True
58.0	2.0	9.667	65	-1	F	0.0	2.667	0	6	4	2.0	1.0	1/4	True	-1	5.0	5.0	5.0	5a	4	29	False	True				False	20	I.V	Bb	I		V	V					M	False	False	(1, 5, 2)	()	1	1	major	major	I	I, major	V		I	I	False	V	V, major		V, major		V	-2	-2	-2	1	1	1	True	True	True
60.0	4.0	10.0	55	1	G	0.0	1.0	1	6	4	4.0	1.0	1/2	True	-1	6.0	6.0	6.0	6a	3	30	False	True				False	21	IV6(2)	Bb	I		IV6(2)	IV		6	2		M	False	False	(3, 0, 1)	()	-1	3	major	major	I	I, major	IV		I	I	False	IV6	IV6, major		IV6(2), major		IV	-2	-2	-2	3	3	3	True	False	True
60.0	2.0	10.0	70	-2	B	-1.0	1.0	1	6	4	2.0	1.0	1/4	True	-1	6.0	6.0	6.0	6a	4	30	False	True				False	21	IV6(2)	Bb	I		IV6(2)	IV		6	2		M	False	False	(3, 0, 1)	()	-1	3	major	major	I	I, major	IV		I	I	False	IV6	IV6, major		IV6(2), major		IV	-2	-2	-2	0	0	0	True	False	False
60.0	2.0	10.0	77	-1	F	0.0	1.0	1	6	4	1.0	1.0	1/4	False	-1	6.0	6.0	6.0	6a	5	30	False	True				False	21	IV6(2)	Bb	I		IV6(2)	IV		6	2		M	False	False	(3, 0, 1)	()	-1	3	major	major	I	I, major	IV		I	I	False	IV6	IV6, major		IV6(2), major		IV	-2	-2	-2	1	1	1	True	False	False
62.0	2.0	10.333	67	1	G	0.0	1.333	0	6	4	2.0	1.0	1/4	True	-1	6.0	6.0	6.0	6a	4	31	False	True				False	22	IV6	Bb	I		IV6	IV		6			M	False	False	(3, 0, -1)	()	-1	3	major	major	I	I, major	IV		I	I	False	IV6	IV6, major		IV6, major		IV	-2	-2	-2	3	3	3	True	False	True
62.0	6.0	10.333	75	-3	E	-1.0	1.333	0	6	4	1.0	1.0	3/4	True	-1	6.0	6.0	6.0	6a	5	31	False	True				False	22	IV6	Bb	I		IV6	IV		6			M	False	False	(3, 0, -1)	()	-1	3	major	major	I	I, major	IV		I	I	False	IV6	IV6, major		IV6, major		IV	-2	-2	-2	-1	-1	-1	True	True	False
64.0	2.0	10.667	57	3	A	0.0	1.667	0	6	4	4.0	1.0	1/4	True	-1	6.0	6.0	6.0	6a	3	32	False	True				False	23	viio	Bb	I		viio	vii	o				o	False	False	(5, 2, -1)	()	5	5	major	major	I	I, major	vii		I	I	False	viio	viio, major		viio, major		vii	-2	-2	-2	5	5	5	True	True	True
64.0	2.0	10.667	72	0	C	0.0	1.667	0	6	4	2.0	1.0	1/4	True	-1	6.0	6.0	6.0	6a	5	32	False	True				False	23	viio	Bb	I		viio	vii	o				o	False	False	(5, 2, -1)	()	5	5	major	major	I	I, major	vii		I	I	False	viio	viio, major		viio, major		vii	-2	-2	-2	2	2	2	True	False	False
66.0	2.0	11.0	46	-2	B	-1.0	2.0	2	6	4	3.0	1.0	1/4	True	-1	6.0	6.0	6.0	6a	2	33	False	True				False	24	I(4)	Bb	I		I(4)	I			4		M	False	False	(0, -1, 1)	()	0	0	major	major	I	I, major	I		I	I	False	I	I, major		I(4), major		I	-2	-2	-2	0	0	0	True	True	True
66.0	4.0	11.0	58	-2	B	-1.0	2.0	2	6	4	4.0	1.0	1/2	True	-1	6.0	6.0	6.0	6a	3	33	False	True				False	24	I(4)	Bb	I		I(4)	I			4		M	False	False	(0, -1, 1)	()	0	0	major	major	I	I, major	I		I	I	False	I	I, major		I(4), major		I	-2	-2	-2	0	0	0	True	True	True
66.0	2.0	11.0	65	-1	F	0.0	2.0	2	6	4	2.0	1.0	1/4	True	-1	6.0	6.0	6.0	6a	4	33	False	True				False	24	I(4)	Bb	I		I(4)	I			4		M	False	False	(0, -1, 1)	()	0	0	major	major	I	I, major	I		I	I	False	I	I, major		I(4), major		I	-2	-2	-2	1	1	1	True	False	False
68.0	1.0	11.333	50	2	D	0.0	2.333	0	6	4	3.0	1.0	1/8	True	-1	6.0	6.0	6.0	6a	3	34	False	True				False	25	I	Bb	I		I	I					M	False	False	(0, 4, 1)	()	0	0	major	major	I	I, major	I		I	I	False	I	I, major		I, major		I	-2	-2	-2	4	4	4	True	False	False
68.0	4.0	11.333	70	-2	B	-1.0	2.333	0	6	4	2.0	1.0	1/2	True	-1	6.0	6.0	6.0	6a	4	34	False	True				False	25	I	Bb	I		I	I					M	False	False	(0, 4, 1)	()	0	0	major	major	I	I, major	I		I	I	False	I	I, major		I, major		I	-2	-2	-2	0	0	0	True	True	True
68.0	2.0	11.333	74	2	D	0.0	2.333	0	6	4	1.0	1.0	1/4	True	-1	6.0	6.0	6.0	6a	5	34	False	True				False	25	I	Bb	I		I	I					M	False	False	(0, 4, 1)	()	0	0	major	major	I	I, major	I		I	I	False	I	I, major		I, major		I	-2	-2	-2	4	4	4	True	False	False
69.0	1.0	11.5	48	0	C	0.0	2.5	0	6	4	3.0	1.0	1/8	True	-1	6.0	6.0	6.0	6a	3	69/2	False	False				False	25	I	Bb	I		I	I					M	False	False	(0, 4, 1)	()	0	0	major	major	I	I, major	I		I	I	False	I	I, major		I, major		I	-2	-2	-2	2	2	2	False	False	False
70.0	2.0	11.667	46	-2	B	-1.0	2.667	0	6	4	3.0	1.0	1/4	True	-1	6.0	6.0	6.0	6a	2	35	False	True				False	26	iv6	Bb	I		iv6	iv		6			m	False	False	(-4, 0, -1)	()	-1	-4	major	major	I	I, major	iv		I	I	False	iv6	iv6, major		iv6, major		iv	-2	-2	-2	0	0	0	True	False	False
70.0	2.0	11.667	46	-2	B	-1.0	2.667	0	6	4	4.0	1.0	1/4	True	-1	6.0	6.0	6.0	6a	2	35	False	True				False	26	iv6	Bb	I		iv6	iv		6			m	False	False	(-4, 0, -1)	()	-1	-4	major	major	I	I, major	iv		I	I	False	iv6	iv6, major		iv6, major		iv	-2	-2	-2	0	0	0	True	False	False
70.0	2.0	11.667	79	1	G	0.0	2.667	0	6	4	1.0	1.0	1/4	True	-1	6.0	6.0	6.0	6a	5	35	False	True				False	26	iv6	Bb	I		iv6	iv		6			m	False	False	(-4, 0, -1)	()	-1	-4	major	major	I	I, major	iv		I	I	False	iv6	iv6, major		iv6, major		iv	-2	-2	-2	3	3	3	False	False	False
72.0	2.0	12.0	48	0	C	0.0	1.0	1	6	4	3.0	1.0	1/4	True	-1	7.0	7.0	7.0	7a	3	36	False	True				False	27	ii7	Bb	I		ii7	ii		7			mm7	False	False	(2, -1, 3, 0)	()	2	2	major	major	I	I, major	ii		I	I	False	ii7	ii7, major		ii7, major		ii	-2	-2	-2	2	2	2	True	True	True
72.0	2.0	12.0	48	0	C	0.0	1.0	1	6	4	4.0	1.0	1/4	True	-1	7.0	7.0	7.0	7a	3	36	False	True				False	27	ii7	Bb	I		ii7	ii		7			mm7	False	False	(2, -1, 3, 0)	()	2	2	major	major	I	I, major	ii		I	I	False	ii7	ii7, major		ii7, major		ii	-2	-2	-2	2	2	2	True	True	True
72.0	2.0	12.0	70	-2	B	-1.0	1.0	1	6	4	2.0	1.0	1/4	False	-1	7.0	7.0	7.0	7a	4	36	False	True				False	27	ii7	Bb	I		ii7	ii		7			mm7	False	False	(2, -1, 3, 0)	()	2	2	major	major	I	I, major	ii		I	I	False	ii7	ii7, major		ii7, major		ii	-2	-2	-2	0	0	0	True	False	False
72.0	2.0	12.0	75	-3	E	-1.0	1.0	1	6	4	1.0	1.0	1/4	True	-1	7.0	7.0	7.0	7a	5	36	False	True				False	27	ii7	Bb	I		ii7	ii		7			mm7	False	False	(2, -1, 3, 0)	()	2	2	major	major	I	I, major	ii		I	I	False	ii7	ii7, major		ii7, major		ii	-2	-2	-2	-1	-1	-1	True	False	False
74.0	2.0	12.333	41	-1	F	0.0	1.333	0	6	4	3.0	1.0	1/4	True	-1	7.0	7.0	7.0	7a	2	37	False	True				False	28	V7	Bb	I		V7	V		7			Mm7	False	False	(1, 5, 2, -1)	()	1	1	major	major	I	I, major	V		I	I	False	V7	V7, major		V7, major		V	-2	-2	-2	1	1	1	True	True	True
74.0	2.0	12.333	41	-1	F	0.0	1.333	0	6	4	4.0	1.0	1/4	True	-1	7.0	7.0	7.0	7a	2	37	False	True				False	28	V7	Bb	I		V7	V		7			Mm7	False	False	(1, 5, 2, -1)	()	1	1	major	major	I	I, major	V		I	I	False	V7	V7, major		V7, major		V	-2	-2	-2	1	1	1	True	True	True
74.0	6.0	12.333	69	3	A	0.0	1.333	0	6	4	2.0	1.0	3/4	True	-1	7.0	7.0	7.0	7a	4	37	False	True				False	28	V7	Bb	I		V7	V		7			Mm7	False	False	(1, 5, 2, -1)	()	1	1	major	major	I	I, major	V		I	I	False	V7	V7, major		V7, major		V	-2	-2	-2	5	5	5	True	False	False
74.0	2.0	12.333	72	0	C	0.0	1.333	0	6	4	1.0	1.0	1/4	True	-1	7.0	7.0	7.0	7a	5	37	False	True				False	28	V7	Bb	I		V7	V		7			Mm7	False	False	(1, 5, 2, -1)	()	1	1	major	major	I	I, major	V		I	I	False	V7	V7, major		V7, major		V	-2	-2	-2	2	2	2	True	False	False
76.0	2.0	12.667	53	-1	F	0.0	1.667	0	6	4	3.0	1.0	1/4	True	-1	7.0	7.0	7.0	7a	3	38	False	False				False	28	V7	Bb	I		V7	V		7			Mm7	False	False	(1, 5, 2, -1)	()	1	1	major	major	I	I, major	V		I	I	False	V7	V7, major		V7, major		V	-2	-2	-2	1	1	1	True	True	True
76.0	2.0	12.667	53	-1	F	0.0	1.667	0	6	4	4.0	1.0	1/4	True	-1	7.0	7.0	7.0	7a	3	38	False	False				False	28	V7	Bb	I		V7	V		7			Mm7	False	False	(1, 5, 2, -1)	()	1	1	major	major	I	I, major	V		I	I	False	V7	V7, major		V7, major		V	-2	-2	-2	1	1	1	True	True	True
76.0	2.0	12.667	77	-1	F	0.0	1.667	0	6	4	1.0	1.0	1/4	True	-1	7.0	7.0	7.0	7a	5	38	False	False				False	28	V7	Bb	I		V7	V		7			Mm7	False	False	(1, 5, 2, -1)	()	1	1	major	major	I	I, major	V		I	I	False	V7	V7, major		V7, major		V	-2	-2	-2	1	1	1	True	True	True
78.0	4.0	13.0	46	-2	B	-1.0	2.0	2	6	4	3.0	1.0	1/2	True	-1	7.0	7.0	7.0	7a	2	39	False	True				False	29	vi(9)	Bb	I		vi(9)	vi			9		m	False	False	(3, 0, 4)	(5,)	3	3	major	major	I	I, major	vi		I	I	False	vi	vi, major		vi(9), major		vi	-2	-2	-2	0	0	0	True	False	False
78.0	4.0	13.0	46	-2	B	-1.0	2.0	2	6	4	4.0	1.0	1/2	True	-1	7.0	7.0	7.0	7a	2	39	False	True				False	29	vi(9)	Bb	I		vi(9)	vi			9		m	False	False	(3, 0, 4)	(5,)	3	3	major	major	I	I, major	vi		I	I	False	vi	vi, major		vi(9), major		vi	-2	-2	-2	0	0	0	True	False	False
78.0	4.0	13.0	74	2	D	0.0	2.0	2	6	4	1.0	1.0	1/2	True	-1	7.0	7.0	7.0	7a	5	39	False	True				False	29	vi(9)	Bb	I		vi(9)	vi			9		m	False	False	(3, 0, 4)	(5,)	3	3	major	major	I	I, major	vi		I	I	False	vi	vi, major		vi(9), major		vi	-2	-2	-2	4	4	4	True	False	False
80.0	2.0	13.333	74	2	D	0.0	2.333	0	6	4	2.0	1.0	1/4	True	-1	7.0	7.0	7.0	7a	5	40	False	False				False	29	vi(9)	Bb	I		vi(9)	vi			9		m	False	False	(3, 0, 4)	(5,)	3	3	major	major	I	I, major	vi		I	I	False	vi	vi, major		vi(9), major		vi	-2	-2	-2	4	4	4	True	False	False
82.0	2.0	13.667	51	-3	E	-1.0	2.667	0	6	4	3.0	1.0	1/4	True	-1	7.0	7.0	7.0	7a	3	41	False	True				False	30	ii6	Bb	I		ii6	ii		6			m	False	False	(-1, 3, 2)	()	2	-1	major	major	I	I, major	ii		I	I	False	ii6	ii6, major		ii6, major		ii	-2	-2	-2	-1	-1	-1	True	False	True
82.0	2.0	13.667	51	-3	E	-1.0	2.667	0	6	4	4.0	1.0	1/4	True	-1	7.0	7.0	7.0	7a	3	41	False	True				False	30	ii6	Bb	I		ii6	ii		6			m	False	False	(-1, 3, 2)	()	2	-1	major	major	I	I, major	ii		I	I	False	ii6	ii6, major		ii6, major		ii	-2	-2	-2	-1	-1	-1	True	False	True
82.0	2.0	13.667	67	1	G	0.0	2.667	0	6	4	2.0	1.0	1/4	True	-1	7.0	7.0	7.0	7a	4	41	False	True				False	30	ii6	Bb	I		ii6	ii		6			m	False	False	(-1, 3, 2)	()	2	-1	major	major	I	I, major	ii		I	I	False	ii6	ii6, major		ii6, major		ii	-2	-2	-2	3	3	3	True	False	False
82.0	2.0	13.667	72	0	C	0.0	2.667	0	6	4	1.0	1.0	1/4	True	-1	7.0	7.0	7.0	7a	5	41	False	True				False	30	ii6	Bb	I		ii6	ii		6			m	False	False	(-1, 3, 2)	()	2	-1	major	major	I	I, major	ii		I	I	False	ii6	ii6, major		ii6, major		ii	-2	-2	-2	2	2	2	True	True	False
84.0	2.0	14.0	50	2	D	0.0	1.0	1	6	4	3.0	1.0	1/4	True	-1	8.0	8.0	8.0	8a	3	42	False	True				False	31	I6	Bb	I		I6	I		6			M	False	False	(4, 1, 0)	()	0	4	major	major	I	I, major	I		I	I	False	I6	I6, major		I6, major		I	-2	-2	-2	4	4	4	True	False	True
84.0	2.0	14.0	50	2	D	0.0	1.0	1	6	4	4.0	1.0	1/4	True	-1	8.0	8.0	8.0	8a	3	42	False	True				False	31	I6	Bb	I		I6	I		6			M	False	False	(4, 1, 0)	()	0	4	major	major	I	I, major	I		I	I	False	I6	I6, major		I6, major		I	-2	-2	-2	4	4	4	True	False	True
84.0	2.0	14.0	65	-1	F	0.0	1.0	1	6	4	2.0	1.0	1/4	True	-1	8.0	8.0	8.0	8a	4	42	False	True				False	31	I6	Bb	I		I6	I		6			M	False	False	(4, 1, 0)	()	0	4	major	major	I	I, major	I		I	I	False	I6	I6, major		I6, major		I	-2	-2	-2	1	1	1	True	False	False
84.0	2.0	14.0	70	-2	B	-1.0	1.0	1	6	4	1.0	1.0	1/4	True	-1	8.0	8.0	8.0	8a	4	42	False	True				False	31	I6	Bb	I		I6	I		6			M	False	False	(4, 1, 0)	()	0	4	major	major	I	I, major	I		I	I	False	I6	I6, major		I6, major		I	-2	-2	-2	0	0	0	True	True	False
86.0	4.0	14.333	48	0	C	0.0	1.333	0	6	4	3.0	1.0	1/2	True	-1	8.0	8.0	8.0	8a	3	43	False	True				False	32	viio6	Bb	I		viio6	vii	o	6			o	False	False	(2, -1, 5)	()	5	2	major	major	I	I, major	vii		I	I	False	viio6	viio6, major		viio6, major		vii	-2	-2	-2	2	2	2	True	False	True
86.0	4.0	14.333	48	0	C	0.0	1.333	0	6	4	4.0	1.0	1/2	True	-1	8.0	8.0	8.0	8a	3	43	False	True				False	32	viio6	Bb	I		viio6	vii	o	6			o	False	False	(2, -1, 5)	()	5	2	major	major	I	I, major	vii		I	I	False	viio6	viio6, major		viio6, major		vii	-2	-2	-2	2	2	2	True	False	True
86.0	4.0	14.333	63	-3	E	-1.0	1.333	0	6	4	2.0	1.0	1/2	True	-1	8.0	8.0	8.0	8a	4	43	False	True				False	32	viio6	Bb	I		viio6	vii	o	6			o	False	False	(2, -1, 5)	()	5	2	major	major	I	I, major	vii		I	I	False	viio6	viio6, major		viio6, major		vii	-2	-2	-2	-1	-1	-1	True	False	False
86.0	4.0	14.333	69	3	A	0.0	1.333	0	6	4	1.0	1.0	1/2	True	-1	8.0	8.0	8.0	8a	4	43	False	True				False	32	viio6	Bb	I		viio6	vii	o	6			o	False	False	(2, -1, 5)	()	5	2	major	major	I	I, major	vii		I	I	False	viio6	viio6, major		viio6, major		vii	-2	-2	-2	5	5	5	True	True	False
90.0	4.0	15.0	46	-2	B	-1.0	2.0	2	6	4	3.0	1.0	1/2	True	-1	8.0	8.0	8.0	8a	2	45	False	True			}{	True	33	I}{	Bb	I		I	I					M	False	False	(0, 4, 1)	()	0	0	major	major	I	I, major	I		I	I	False	I	I, major		I, major		I	-2	-2	-2	0	0	0	True	True	True
90.0	4.0	15.0	46	-2	B	-1.0	2.0	2	6	4	4.0	1.0	1/2	True	-1	8.0	8.0	8.0	8a	2	45	False	True			}{	True	33	I}{	Bb	I		I	I					M	False	False	(0, 4, 1)	()	0	0	major	major	I	I, major	I		I	I	False	I	I, major		I, major		I	-2	-2	-2	0	0	0	True	True	True
90.0	4.0	15.0	62	2	D	0.0	2.0	2	6	4	2.0	1.0	1/2	True	-1	8.0	8.0	8.0	8a	4	45	False	True			}{	True	33	I}{	Bb	I		I	I					M	False	False	(0, 4, 1)	()	0	0	major	major	I	I, major	I		I	I	False	I	I, major		I, major		I	-2	-2	-2	4	4	4	True	False	False
90.0	2.0	15.0	70	-2	B	-1.0	2.0	2	6	4	1.0	1.0	1/4	True	-1	8.0	8.0	8.0	8a	4	45	False	True			}{	True	33	I}{	Bb	I		I	I					M	False	False	(0, 4, 1)	()	0	0	major	major	I	I, major	I		I	I	False	I	I, major		I, major		I	-2	-2	-2	0	0	0	True	True	True
92.0	1.0	15.333	74	2	D	0.0	2.333	0	6	4	1.0	1.0	1/8	True	-1	8.0	8.0	8.0	8a	5	46	False	False				False	33	I}{	Bb	I		I	I					M	False	False	(0, 4, 1)	()	0	0	major	major	I	I, major	I		I	I	False	I	I, major		I, major		I	-2	-2	-2	4	4	4	True	False	False
93.0	1.0	15.5	72	0	C	0.0	2.5	0	6	4	1.0	1.0	1/8	True	-1	8.0	8.0	8.0	8a	5	93/2	False	False				False	33	I}{	Bb	I		I	I					M	False	False	(0, 4, 1)	()	0	0	major	major	I	I, major	I		I	I	False	I	I, major		I, major		I	-2	-2	-2	2	2	2	False	False	False
94.0	2.0	15.667	58	-2	B	-1.0	2.667	0	6	4	3.0	1.0	1/4	True	-1	8.0	8.0	8.0	8a	3	47	False	False				False	33	I}{	Bb	I		I	I					M	False	False	(0, 4, 1)	()	0	0	major	major	I	I, major	I		I	I	False	I	I, major		I, major		I	-2	-2	-2	0	0	0	True	True	True
94.0	2.0	15.667	58	-2	B	-1.0	2.667	0	6	4	4.0	1.0	1/4	True	-1	8.0	8.0	8.0	8a	3	47	False	False				False	33	I}{	Bb	I		I	I					M	False	False	(0, 4, 1)	()	0	0	major	major	I	I, major	I		I	I	False	I	I, major		I, major		I	-2	-2	-2	0	0	0	True	True	True
94.0	2.0	15.667	70	-2	B	-1.0	2.667	0	6	4	1.0	1.0	1/4	True	-1	8.0	8.0	8.0	8a	4	47	False	False				False	33	I}{	Bb	I		I	I					M	False	False	(0, 4, 1)	()	0	0	major	major	I	I, major	I		I	I	False	I	I, major		I, major		I	-2	-2	-2	0	0	0	True	True	True
96.0	4.0	16.0	57	3	A	0.0	1.0	1	6	4	3.0	1.0	1/2	True	-1	9.0	9.0	9.0	9a	3	48	False	True				False	34	V6	Bb	I		V6	V		6			M	False	False	(5, 2, 1)	()	1	5	major	major	I	I, major	V		I	I	False	V6	V6, major		V6, major		V	-2	-2	-2	5	5	5	True	False	True
96.0	4.0	16.0	57	3	A	0.0	1.0	1	6	4	4.0	1.0	1/2	True	-1	9.0	9.0	9.0	9a	3	48	False	True				False	34	V6	Bb	I		V6	V		6			M	False	False	(5, 2, 1)	()	1	5	major	major	I	I, major	V		I	I	False	V6	V6, major		V6, major		V	-2	-2	-2	5	5	5	True	False	True
96.0	2.0	16.0	72	0	C	0.0	1.0	1	6	4	1.0	1.0	1/4	True	-1	9.0	9.0	9.0	9a	5	48	False	True				False	34	V6	Bb	I		V6	V		6			M	False	False	(5, 2, 1)	()	1	5	major	major	I	I, major	V		I	I	False	V6	V6, major		V6, major		V	-2	-2	-2	2	2	2	True	False	False
96.0	2.0	16.0	77	-1	F	0.0	1.0	1	6	4	2.0	1.0	1/4	True	-1	9.0	9.0	9.0	9a	5	48	False	True				False	34	V6	Bb	I		V6	V		6			M	False	False	(5, 2, 1)	()	1	5	major	major	I	I, major	V		I	I	False	V6	V6, major		V6, major		V	-2	-2	-2	1	1	1	True	True	False
98.0	6.0	16.333	77	-1	F	0.0	1.333	0	6	4	1.0	1.0	3/4	True	-1	9.0	9.0	9.0	9a	5	49	False	False				False	34	V6	Bb	I		V6	V		6			M	False	False	(5, 2, 1)	()	1	5	major	major	I	I, major	V		I	I	False	V6	V6, major		V6, major		V	-2	-2	-2	1	1	1	True	True	False
98.0	1.0	16.333	81	3	A	0.0	1.333	0	6	4	2.0	1.0	1/8	True	-1	9.0	9.0	9.0	9a	5	49	False	False				False	34	V6	Bb	I		V6	V		6			M	False	False	(5, 2, 1)	()	1	5	major	major	I	I, major	V		I	I	False	V6	V6, major		V6, major		V	-2	-2	-2	5	5	5	True	False	True
99.0	1.0	16.5	79	1	G	0.0	1.5	0	6	4	2.0	1.0	1/8	True	-1	9.0	9.0	9.0	9a	5	99/2	False	False				False	34	V6	Bb	I		V6	V		6			M	False	False	(5, 2, 1)	()	1	5	major	major	I	I, major	V		I	I	False	V6	V6, major		V6, major		V	-2	-2	-2	3	3	3	False	False	False
100.0	2.0	16.667	57	3	A	0.0	1.667	0	6	4	3.0	1.0	1/4	True	-1	9.0	9.0	9.0	9a	3	50	False	False				False	34	V6	Bb	I		V6	V		6			M	False	False	(5, 2, 1)	()	1	5	major	major	I	I, major	V		I	I	False	V6	V6, major		V6, major		V	-2	-2	-2	5	5	5	True	False	True
100.0	2.0	16.667	57	3	A	0.0	1.667	0	6	4	4.0	1.0	1/4	True	-1	9.0	9.0	9.0	9a	3	50	False	False				False	34	V6	Bb	I		V6	V		6			M	False	False	(5, 2, 1)	()	1	5	major	major	I	I, major	V		I	I	False	V6	V6, major		V6, major		V	-2	-2	-2	5	5	5	True	False	True
100.0	2.0	16.667	77	-1	F	0.0	1.667	0	6	4	2.0	1.0	1/4	True	-1	9.0	9.0	9.0	9a	5	50	False	False				False	34	V6	Bb	I		V6	V		6			M	False	False	(5, 2, 1)	()	1	5	major	major	I	I, major	V		I	I	False	V6	V6, major		V6, major		V	-2	-2	-2	1	1	1	True	True	False
102.0	2.0	17.0	55	1	G	0.0	2.0	2	6	4	3.0	1.0	1/4	True	-1	9.0	9.0	9.0	9a	3	51	False	True				False	35	vi7	Bb	I		vi7	vi		7			mm7	False	False	(3, 0, 4, 1)	()	3	3	major	major	I	I, major	vi		I	I	False	vi7	vi7, major		vi7, major		vi	-2	-2	-2	3	3	3	True	True	True
102.0	2.0	17.0	55	1	G	0.0	2.0	2	6	4	4.0	1.0	1/4	True	-1	9.0	9.0	9.0	9a	3	51	False	True				False	35	vi7	Bb	I		vi7	vi		7			mm7	False	False	(3, 0, 4, 1)	()	3	3	major	major	I	I, major	vi		I	I	False	vi7	vi7, major		vi7, major		vi	-2	-2	-2	3	3	3	True	True	True
102.0	6.0	17.0	82	-2	B	-1.0	2.0	2	6	4	2.0	1.0	3/4	True	-1	9.0	9.0	9.0	9a	5	51	False	True				False	35	vi7	Bb	I		vi7	vi		7			mm7	False	False	(3, 0, 4, 1)	()	3	3	major	major	I	I, major	vi		I	I	False	vi7	vi7, major		vi7, major		vi	-2	-2	-2	0	0	0	True	False	False
104.0	2.0	17.333	60	0	C	0.0	2.333	0	6	4	3.0	1.0	1/4	True	-1	9.0	9.0	9.0	9a	4	52	False	True				False	36	V7/V	Bb	I		V7/V	V		7		V	Mm7	False	False	(2, 6, 3, 0)	()	2	2	major	major	I	I, major	V/V	V	V/I	V	False	V7/V	V7/V, major		V7/V, major	V	V	-2	-2	-1	2	2	1	True	True	True
104.0	2.0	17.333	60	0	C	0.0	2.333	0	6	4	4.0	1.0	1/4	True	-1	9.0	9.0	9.0	9a	4	52	False	True				False	36	V7/V	Bb	I		V7/V	V		7		V	Mm7	False	False	(2, 6, 3, 0)	()	2	2	major	major	I	I, major	V/V	V	V/I	V	False	V7/V	V7/V, major		V7/V, major	V	V	-2	-2	-1	2	2	1	True	True	True
104.0	1.0	17.333	79	1	G	0.0	2.333	0	6	4	1.0	1.0	1/8	True	-1	9.0	9.0	9.0	9a	5	52	False	True				False	36	V7/V	Bb	I		V7/V	V		7		V	Mm7	False	False	(2, 6, 3, 0)	()	2	2	major	major	I	I, major	V/V	V	V/I	V	False	V7/V	V7/V, major		V7/V, major	V	V	-2	-2	-1	3	3	2	True	False	False
105.0	1.0	17.5	77	-1	F	0.0	2.5	0	6	4	1.0	1.0	1/8	True	-1	9.0	9.0	9.0	9a	5	105/2	False	False				False	36	V7/V	Bb	I		V7/V	V		7		V	Mm7	False	False	(2, 6, 3, 0)	()	2	2	major	major	I	I, major	V/V	V	V/I	V	False	V7/V	V7/V, major		V7/V, major	V	V	-2	-2	-1	1	1	0	False	False	False
106.0	2.0	17.667	48	0	C	0.0	2.667	0	6	4	3.0	1.0	1/4	True	-1	9.0	9.0	9.0	9a	3	53	False	False				False	36	V7/V	Bb	I		V7/V	V		7		V	Mm7	False	False	(2, 6, 3, 0)	()	2	2	major	major	I	I, major	V/V	V	V/I	V	False	V7/V	V7/V, major		V7/V, major	V	V	-2	-2	-1	2	2	1	True	True	True
106.0	2.0	17.667	48	0	C	0.0	2.667	0	6	4	4.0	1.0	1/4	True	-1	9.0	9.0	9.0	9a	3	53	False	False				False	36	V7/V	Bb	I		V7/V	V		7		V	Mm7	False	False	(2, 6, 3, 0)	()	2	2	major	major	I	I, major	V/V	V	V/I	V	False	V7/V	V7/V, major		V7/V, major	V	V	-2	-2	-1	2	2	1	True	True	True
106.0	2.0	17.667	76	4	E	0.0	2.667	0	6	4	1.0	1.0	1/4	True	-1	9.0	9.0	9.0	9a	5	53	False	False				False	36	V7/V	Bb	I		V7/V	V		7		V	Mm7	False	False	(2, 6, 3, 0)	()	2	2	major	major	I	I, major	V/V	V	V/I	V	False	V7/V	V7/V, major		V7/V, major	V	V	-2	-2	-1	6	6	5	True	False	False
108.0	4.0	18.0	53	-1	F	0.0	1.0	1	6	4	3.0	1.0	1/2	True	-1	10.0	10.0	10.0	10a	3	54	False	True				False	37	V	Bb	I		V	V					M	False	False	(1, 5, 2)	()	1	1	major	major	I	I, major	V		I	I	False	V	V, major		V, major		V	-2	-2	-2	1	1	1	True	True	True
108.0	4.0	18.0	53	-1	F	0.0	1.0	1	6	4	4.0	1.0	1/2	True	-1	10.0	10.0	10.0	10a	3	54	False	True				False	37	V	Bb	I		V	V					M	False	False	(1, 5, 2)	()	1	1	major	major	I	I, major	V		I	I	False	V	V, major		V, major		V	-2	-2	-2	1	1	1	True	True	True
108.0	6.0	18.0	77	-1	F	0.0	1.0	1	6	4	1.0	1.0	3/4	True	-1	10.0	10.0	10.0	10a	5	54	False	True				False	37	V	Bb	I		V	V					M	False	False	(1, 5, 2)	()	1	1	major	major	I	I, major	V		I	I	False	V	V, major		V, major		V	-2	-2	-2	1	1	1	True	True	True
108.0	2.0	18.0	81	3	A	0.0	1.0	1	6	4	2.0	1.0	1/4	True	-1	10.0	10.0	10.0	10a	5	54	False	True				False	37	V	Bb	I		V	V					M	False	False	(1, 5, 2)	()	1	1	major	major	I	I, major	V		I	I	False	V	V, major		V, major		V	-2	-2	-2	5	5	5	True	False	False
110.0	6.0	18.333	86	2	D	0.0	1.333	0	6	4	2.0	1.0	3/4	True	-1	10.0	10.0	10.0	10a	6	55	False	False				False	37	V	Bb	I		V	V					M	False	False	(1, 5, 2)	()	1	1	major	major	I	I, major	V		I	I	False	V	V, major		V, major		V	-2	-2	-2	4	4	4	False	False	False
112.0	2.0	18.667	50	2	D	0.0	1.667	0	6	4	3.0	1.0	1/4	True	-1	10.0	10.0	10.0	10a	3	56	False	True				False	38	iii	Bb	I		iii	iii					m	False	False	(4, 1, 5)	()	4	4	major	major	I	I, major	iii		I	I	False	iii	iii, major		iii, major		iii	-2	-2	-2	4	4	4	True	True	True
112.0	2.0	18.667	50	2	D	0.0	1.667	0	6	4	3.0	1.0	1/4	True	-1	10.0	10.0	10.0	10a	3	56	False	True				False	39	iii6	Bb	I		iii6	iii		6			m	False	False	(1, 5, 4)	()	4	1	major	major	I	I, major	iii		I	I	False	iii6	iii6, major		iii6, major		iii	-2	-2	-2	4	4	4	True	True	False
112.0	2.0	18.667	50	2	D	0.0	1.667	0	6	4	4.0	1.0	1/4	True	-1	10.0	10.0	10.0	10a	3	56	False	True				False	38	iii	Bb	I		iii	iii					m	False	False	(4, 1, 5)	()	4	4	major	major	I	I, major	iii		I	I	False	iii	iii, major		iii, major		iii	-2	-2	-2	4	4	4	True	True	True
112.0	2.0	18.667	50	2	D	0.0	1.667	0	6	4	4.0	1.0	1/4	True	-1	10.0	10.0	10.0	10a	3	56	False	True				False	39	iii6	Bb	I		iii6	iii		6			m	False	False	(1, 5, 4)	()	4	1	major	major	I	I, major	iii		I	I	False	iii6	iii6, major		iii6, major		iii	-2	-2	-2	4	4	4	True	True	False
114.0	4.0	19.0	51	-3	E	-1.0	2.0	2	6	4	3.0	1.0	1/2	True	-1	10.0	10.0	10.0	10a	3	57	False	True				False	40	ii6(2)	Bb	I		ii6(2)	ii		6	2		m	False	False	(-1, 3, 4)	()	2	-1	major	major	I	I, major	ii		I	I	False	ii6	ii6, major		ii6(2), major		ii	-2	-2	-2	-1	-1	-1	True	False	True
114.0	4.0	19.0	51	-3	E	-1.0	2.0	2	6	4	4.0	1.0	1/2	True	-1	10.0	10.0	10.0	10a	3	57	False	True				False	40	ii6(2)	Bb	I		ii6(2)	ii		6	2		m	False	False	(-1, 3, 4)	()	2	-1	major	major	I	I, major	ii		I	I	False	ii6	ii6, major		ii6(2), major		ii	-2	-2	-2	-1	-1	-1	True	False	True
114.0	2.0	19.0	79	1	G	0.0	2.0	2	6	4	1.0	1.0	1/4	True	-1	10.0	10.0	10.0	10a	5	57	False	True				False	40	ii6(2)	Bb	I		ii6(2)	ii		6	2		m	False	False	(-1, 3, 4)	()	2	-1	major	major	I	I, major	ii		I	I	False	ii6	ii6, major		ii6(2), major		ii	-2	-2	-2	3	3	3	True	False	False
116.0	1.0	19.333	75	-3	E	-1.0	2.333	0	6	4	1.0	1.0	1/8	True	-1	10.0	10.0	10.0	10a	5	58	False	True				False	41	ii6	Bb	I		ii6	ii		6			m	False	False	(-1, 3, 2)	()	2	-1	major	major	I	I, major	ii		I	I	False	ii6	ii6, major		ii6, major		ii	-2	-2	-2	-1	-1	-1	True	False	True
116.0	4.0	19.333	84	0	C	0.0	2.333	0	6	4	2.0	1.0	1/2	True	-1	10.0	10.0	10.0	10a	6	58	False	True				False	41	ii6	Bb	I		ii6	ii		6			m	False	False	(-1, 3, 2)	()	2	-1	major	major	I	I, major	ii		I	I	False	ii6	ii6, major		ii6, major		ii	-2	-2	-2	2	2	2	True	True	False
117.0	1.0	19.5	77	-1	F	0.0	2.5	0	6	4	1.0	1.0	1/8	True	-1	10.0	10.0	10.0	10a	5	117/2	False	False				False	41	ii6	Bb	I		ii6	ii		6			m	False	False	(-1, 3, 2)	()	2	-1	major	major	I	I, major	ii		I	I	False	ii6	ii6, major		ii6, major		ii	-2	-2	-2	1	1	1	False	False	False
118.0	2.0	19.667	48	0	C	0.0	2.667	0	6	4	3.0	1.0	1/4	True	-1	10.0	10.0	10.0	10a	3	59	False	True				False	42	ii	Bb	I		ii	ii					m	False	False	(2, -1, 3)	()	2	2	major	major	I	I, major	ii		I	I	False	ii	ii, major		ii, major		ii	-2	-2	-2	2	2	2	True	True	True
118.0	2.0	19.667	48	0	C	0.0	2.667	0	6	4	4.0	1.0	1/4	True	-1	10.0	10.0	10.0	10a	3	59	False	True				False	42	ii	Bb	I		ii	ii					m	False	False	(2, -1, 3)	()	2	2	major	major	I	I, major	ii		I	I	False	ii	ii, major		ii, major		ii	-2	-2	-2	2	2	2	True	True	True
118.0	2.0	19.667	79	1	G	0.0	2.667	0	6	4	1.0	1.0	1/4	True	-1	10.0	10.0	10.0	10a	5	59	False	True				False	42	ii	Bb	I		ii	ii					m	False	False	(2, -1, 3)	()	2	2	major	major	I	I, major	ii		I	I	False	ii	ii, major		ii, major		ii	-2	-2	-2	3	3	3	True	False	False
120.0	4.0	20.0	50	2	D	0.0	1.0	1	6	4	3.0	1.0	1/2	True	-1	11.0	11.0	11.0	11a	3	60	False	True				False	43	I6(2)	Bb	I		I6(2)	I		6	2		M	False	False	(4, 1, 2)	()	0	4	major	major	I	I, major	I		I	I	False	I6	I6, major		I6(2), major		I	-2	-2	-2	4	4	4	True	False	True
120.0	4.0	20.0	50	2	D	0.0	1.0	1	6	4	4.0	1.0	1/2	True	-1	11.0	11.0	11.0	11a	3	60	False	True				False	43	I6(2)	Bb	I		I6(2)	I		6	2		M	False	False	(4, 1, 2)	()	0	4	major	major	I	I, major	I		I	I	False	I6	I6, major		I6(2), major		I	-2	-2	-2	4	4	4	True	False	True
120.0	1.0	20.0	77	-1	F	0.0	1.0	1	6	4	1.0	1.0	1/8	True	-1	11.0	11.0	11.0	11a	5	60	False	True				False	43	I6(2)	Bb	I		I6(2)	I		6	2		M	False	False	(4, 1, 2)	()	0	4	major	major	I	I, major	I		I	I	False	I6	I6, major		I6(2), major		I	-2	-2	-2	1	1	1	True	False	False
120.0	2.0	20.0	84	0	C	0.0	1.0	1	6	4	2.0	1.0	1/4	False	-1	11.0	11.0	11.0	11a	6	60	False	True				False	43	I6(2)	Bb	I		I6(2)	I		6	2		M	False	False	(4, 1, 2)	()	0	4	major	major	I	I, major	I		I	I	False	I6	I6, major		I6(2), major		I	-2	-2	-2	2	2	2	True	False	False
121.0	1.0	20.167	75	-3	E	-1.0	1.167	0	6	4	1.0	1.0	1/8	True	-1	11.0	11.0	11.0	11a	5	121/2	False	False				False	43	I6(2)	Bb	I		I6(2)	I		6	2		M	False	False	(4, 1, 2)	()	0	4	major	major	I	I, major	I		I	I	False	I6	I6, major		I6(2), major		I	-2	-2	-2	-1	-1	-1	False	False	False
122.0	1.0	20.333	74	2	D	0.0	1.333	0	6	4	1.0	1.0	1/8	True	-1	11.0	11.0	11.0	11a	5	61	False	True				False	44	I6	Bb	I		I6	I		6			M	False	False	(4, 1, 0)	()	0	4	major	major	I	I, major	I		I	I	False	I6	I6, major		I6, major		I	-2	-2	-2	4	4	4	True	False	True
122.0	6.0	20.333	82	-2	B	-1.0	1.333	0	6	4	2.0	1.0	3/4	True	-1	11.0	11.0	11.0	11a	5	61	False	True				False	44	I6	Bb	I		I6	I		6			M	False	False	(4, 1, 0)	()	0	4	major	major	I	I, major	I		I	I	False	I6	I6, major		I6, major		I	-2	-2	-2	0	0	0	True	True	False
123.0	1.0	20.5	72	0	C	0.0	1.5	0	6	4	1.0	1.0	1/8	True	-1	11.0	11.0	11.0	11a	5	123/2	False	False				False	44	I6	Bb	I		I6	I		6			M	False	False	(4, 1, 0)	()	0	4	major	major	I	I, major	I		I	I	False	I6	I6, major		I6, major		I	-2	-2	-2	2	2	2	False	False	False
124.0	2.0	20.667	55	1	G	0.0	1.667	0	6	4	3.0	1.0	1/4	True	-1	11.0	11.0	11.0	11a	3	62	False	True				False	45	vi	Bb	I		vi	vi					m	False	False	(3, 0, 4)	()	3	3	major	major	I	I, major	vi		I	I	False	vi	vi, major		vi, major		vi	-2	-2	-2	3	3	3	True	True	True
124.0	2.0	20.667	55	1	G	0.0	1.667	0	6	4	4.0	1.0	1/4	True	-1	11.0	11.0	11.0	11a	3	62	False	True				False	45	vi	Bb	I		vi	vi					m	False	False	(3, 0, 4)	()	3	3	major	major	I	I, major	vi		I	I	False	vi	vi, major		vi, major		vi	-2	-2	-2	3	3	3	True	True	True
124.0	2.0	20.667	70	-2	B	-1.0	1.667	0	6	4	1.0	1.0	1/4	True	-1	11.0	11.0	11.0	11a	4	62	False	True				False	45	vi	Bb	I		vi	vi					m	False	False	(3, 0, 4)	()	3	3	major	major	I	I, major	vi		I	I	False	vi	vi, major		vi, major		vi	-2	-2	-2	0	0	0	True	False	False
126.0	4.0	21.0	48	0	C	0.0	2.0	2	6	4	3.0	1.0	1/2	True	-1	11.0	11.0	11.0	11a	3	63	False	True				False	46	ii7	Bb	I		ii7	ii		7			mm7	False	False	(2, -1, 3, 0)	()	2	2	major	major	I	I, major	ii		I	I	False	ii7	ii7, major		ii7, major		ii	-2	-2	-2	2	2	2	True	True	True
126.0	4.0	21.0	48	0	C	0.0	2.0	2	6	4	4.0	1.0	1/2	True	-1	11.0	11.0	11.0	11a	3	63	False	True				False	46	ii7	Bb	I		ii7	ii		7			mm7	False	False	(2, -1, 3, 0)	()	2	2	major	major	I	I, major	ii		I	I	False	ii7	ii7, major		ii7, major		ii	-2	-2	-2	2	2	2	True	True	True
126.0	1.0	21.0	75	-3	E	-1.0	2.0	2	6	4	1.0	1.0	1/8	True	-1	11.0	11.0	11.0	11a	5	63	False	True				False	46	ii7	Bb	I		ii7	ii		7			mm7	False	False	(2, -1, 3, 0)	()	2	2	major	major	I	I, major	ii		I	I	False	ii7	ii7, major		ii7, major		ii	-2	-2	-2	-1	-1	-1	True	False	False
127.0	1.0	21.167	74	2	D	0.0	2.167	0	6	4	1.0	1.0	1/8	True	-1	11.0	11.0	11.0	11a	5	127/2	False	False				False	46	ii7	Bb	I		ii7	ii		7			mm7	False	False	(2, -1, 3, 0)	()	2	2	major	major	I	I, major	ii		I	I	False	ii7	ii7, major		ii7, major		ii	-2	-2	-2	4	4	4	False	False	False
128.0	1.0	21.333	72	0	C	0.0	2.333	0	6	4	1.0	1.0	1/8	True	-1	11.0	11.0	11.0	11a	5	64	False	True				False	47	viio6	Bb	I		viio6	vii	o	6			o	False	False	(2, -1, 5)	()	5	2	major	major	I	I, major	vii		I	I	False	viio6	viio6, major		viio6, major		vii	-2	-2	-2	2	2	2	True	False	True
128.0	4.0	21.333	81	3	A	0.0	2.333	0	6	4	2.0	1.0	1/2	True	-1	11.0	11.0	11.0	11a	5	64	False	True				False	47	viio6	Bb	I		viio6	vii	o	6			o	False	False	(2, -1, 5)	()	5	2	major	major	I	I, major	vii		I	I	False	viio6	viio6, major		viio6, major		vii	-2	-2	-2	5	5	5	True	True	False
129.0	1.0	21.5	74	2	D	0.0	2.5	0	6	4	1.0	1.0	1/8	True	-1	11.0	11.0	11.0	11a	5	129/2	False	False				False	47	viio6	Bb	I		viio6	vii	o	6			o	False	False	(2, -1, 5)	()	5	2	major	major	I	I, major	vii		I	I	False	viio6	viio6, major		viio6, major		vii	-2	-2	-2	4	4	4	False	False	False
130.0	2.0	21.667	53	-1	F	0.0	2.667	0	6	4	3.0	1.0	1/4	True	-1	11.0	11.0	11.0	11a	3	65	False	True				False	48	V7	Bb	I		V7	V		7			Mm7	False	False	(1, 5, 2, -1)	()	1	1	major	major	I	I, major	V		I	I	False	V7	V7, major		V7, major		V	-2	-2	-2	1	1	1	True	True	True
130.0	2.0	21.667	53	-1	F	0.0	2.667	0	6	4	4.0	1.0	1/4	True	-1	11.0	11.0	11.0	11a	3	65	False	True				False	48	V7	Bb	I		V7	V		7			Mm7	False	False	(1, 5, 2, -1)	()	1	1	major	major	I	I, major	V		I	I	False	V7	V7, major		V7, major		V	-2	-2	-2	1	1	1	True	True	True
130.0	2.0	21.667	75	-3	E	-1.0	2.667	0	6	4	1.0	1.0	1/4	True	-1	11.0	11.0	11.0	11a	5	65	False	True				False	48	V7	Bb	I		V7	V		7			Mm7	False	False	(1, 5, 2, -1)	()	1	1	major	major	I	I, major	V		I	I	False	V7	V7, major		V7, major		V	-2	-2	-2	-1	-1	-1	True	False	False
132.0	4.0	22.0	46	-2	B	-1.0	1.0	1	6	4	3.0	1.0	1/2	True	-1	12.0	12.0	12.0	12a	2	66	False	True				False	49	iv.i6(2)	Bb	iv		i6(2)	i		6	2		m	False	True	(-3, 1, 2)	()	0	-3	major	minor	iv	iv, major	i		iv	iv	True	i6	i6, minor		i6(2), minor		i	-2	-3	-3	0	1	1	True	False	False
132.0	4.0	22.0	46	-2	B	-1.0	1.0	1	6	4	4.0	1.0	1/2	True	-1	12.0	12.0	12.0	12a	2	66	False	True				False	49	iv.i6(2)	Bb	iv		i6(2)	i		6	2		m	False	True	(-3, 1, 2)	()	0	-3	major	minor	iv	iv, major	i		iv	iv	True	i6	i6, minor		i6(2), minor		i	-2	-3	-3	0	1	1	True	False	False
132.0	4.0	22.0	74	2	D	0.0	1.0	1	6	4	1.0	1.0	1/2	True	-1	12.0	12.0	12.0	12a	5	66	False	True				False	49	iv.i6(2)	Bb	iv		i6(2)	i		6	2		m	False	True	(-3, 1, 2)	()	0	-3	major	minor	iv	iv, major	i		iv	iv	True	i6	i6, minor		i6(2), minor		i	-2	-3	-3	4	5	5	False	False	False
132.0	2.0	22.0	81	3	A	0.0	1.0	1	6	4	2.0	1.0	1/4	False	-1	12.0	12.0	12.0	12a	5	66	False	True				False	49	iv.i6(2)	Bb	iv		i6(2)	i		6	2		m	False	True	(-3, 1, 2)	()	0	-3	major	minor	iv	iv, major	i		iv	iv	True	i6	i6, minor		i6(2), minor		i	-2	-3	-3	5	6	6	False	False	False
134.0	6.0	22.333	79	1	G	0.0	1.333	0	6	4	2.0	1.0	3/4	True	-1	12.0	12.0	12.0	12a	5	67	False	True				False	50	i6	Bb	iv		i6	i		6			m	False	True	(-3, 1, 0)	()	0	-3	major	minor	iv	iv, major	i		iv	iv	True	i6	i6, minor		i6, minor		i	-2	-3	-3	3	4	4	False	False	False
136.0	2.0	22.667	51	-3	E	-1.0	1.667	0	6	4	3.0	1.0	1/4	True	-1	12.0	12.0	12.0	12a	3	68	False	True				False	51	VIM7	Bb	iv		VIM7	VI	M	7			MM7	False	True	(-4, 0, -3, 1)	()	-4	-4	major	minor	iv	iv, major	VI		iv	iv	True	VIM7	VIM7, minor		VIM7, minor		VI	-2	-3	-3	-1	0	0	True	False	False
136.0	2.0	22.667	51	-3	E	-1.0	1.667	0	6	4	4.0	1.0	1/4	True	-1	12.0	12.0	12.0	12a	3	68	False	True				False	51	VIM7	Bb	iv		VIM7	VI	M	7			MM7	False	True	(-4, 0, -3, 1)	()	-4	-4	major	minor	iv	iv, major	VI		iv	iv	True	VIM7	VIM7, minor		VIM7, minor		VI	-2	-3	-3	-1	0	0	True	False	False
136.0	2.0	22.667	86	2	D	0.0	1.667	0	6	4	1.0	1.0	1/4	True	-1	12.0	12.0	12.0	12a	6	68	False	True				False	51	VIM7	Bb	iv		VIM7	VI	M	7			MM7	False	True	(-4, 0, -3, 1)	()	-4	-4	major	minor	iv	iv, major	VI		iv	iv	True	VIM7	VIM7, minor		VIM7, minor		VI	-2	-3	-3	4	5	5	False	False	False
138.0	4.0	23.0	45	3	A	0.0	2.0	2	6	4	3.0	1.0	1/2	True	-1	12.0	12.0	12.0	12a	2	69	False	True				False	52	iio7	Bb	iv		iio7	ii	o	7			o7	False	True	(2, -1, -4, -7)	()	2	2	major	minor	iv	iv, major	ii		iv	iv	True	iio7	iio7, minor		iio7, minor		ii	-2	-3	-3	5	6	6	False	False	False
138.0	4.0	23.0	45	3	A	0.0	2.0	2	6	4	4.0	1.0	1/2	True	-1	12.0	12.0	12.0	12a	2	69	False	True				False	52	iio7	Bb	iv		iio7	ii	o	7			o7	False	True	(2, -1, -4, -7)	()	2	2	major	minor	iv	iv, major	ii		iv	iv	True	iio7	iio7, minor		iio7, minor		ii	-2	-3	-3	5	6	6	False	False	False
138.0	1.0	23.0	84	0	C	0.0	2.0	2	6	4	1.0	1.0	1/8	True	-1	12.0	12.0	12.0	12a	6	69	False	True				False	52	iio7	Bb	iv		iio7	ii	o	7			o7	False	True	(2, -1, -4, -7)	()	2	2	major	minor	iv	iv, major	ii		iv	iv	True	iio7	iio7, minor		iio7, minor		ii	-2	-3	-3	2	3	3	False	False	False
139.0	1.0	23.167	82	-2	B	-1.0	2.167	0	6	4	1.0	1.0	1/8	True	-1	12.0	12.0	12.0	12a	5	139/2	False	False				False	52	iio7	Bb	iv		iio7	ii	o	7			o7	False	True	(2, -1, -4, -7)	()	2	2	major	minor	iv	iv, major	ii		iv	iv	True	iio7	iio7, minor		iio7, minor		ii	-2	-3	-3	0	1	1	False	False	False
140.0	4.0	23.333	78	6	F	1.0	2.333	0	6	4	2.0	1.0	1/2	True	-1	12.0	12.0	12.0	12a	5	70	False	True				False	53	#viio6	Bb	iv		#viio6	#vii	o	6			o	False	True	(2, -1, 5)	()	5	2	major	minor	iv	iv, major	#vii		iv	iv	True	#viio6	#viio6, minor		#viio6, minor		#vii	-2	-3	-3	8	9	9	False	False	False
140.0	1.0	23.333	81	3	A	0.0	2.333	0	6	4	1.0	1.0	1/8	True	-1	12.0	12.0	12.0	12a	5	70	False	True				False	53	#viio6	Bb	iv		#viio6	#vii	o	6			o	False	True	(2, -1, 5)	()	5	2	major	minor	iv	iv, major	#vii		iv	iv	True	#viio6	#viio6, minor		#viio6, minor		#vii	-2	-3	-3	5	6	6	False	False	False
141.0	1.0	23.5	82	-2	B	-1.0	2.5	0	6	4	1.0	1.0	1/8	True	-1	12.0	12.0	12.0	12a	5	141/2	False	False				False	53	#viio6	Bb	iv		#viio6	#vii	o	6			o	False	True	(2, -1, 5)	()	5	2	major	minor	iv	iv, major	#vii		iv	iv	True	#viio6	#viio6, minor		#viio6, minor		#vii	-2	-3	-3	0	1	1	False	False	False
142.0	2.0	23.667	50	2	D	0.0	2.667	0	6	4	3.0	1.0	1/4	True	-1	12.0	12.0	12.0	12a	3	71	False	True				False	54	V7	Bb	iv		V7	V		7			Mm7	False	True	(1, 5, 2, -1)	()	1	1	major	minor	iv	iv, major	V		iv	iv	True	V7	V7, minor		V7, minor		V	-2	-3	-3	4	5	5	True	False	False
142.0	2.0	23.667	50	2	D	0.0	2.667	0	6	4	4.0	1.0	1/4	True	-1	12.0	12.0	12.0	12a	3	71	False	True				False	54	V7	Bb	iv		V7	V		7			Mm7	False	True	(1, 5, 2, -1)	()	1	1	major	minor	iv	iv, major	V		iv	iv	True	V7	V7, minor		V7, minor		V	-2	-3	-3	4	5	5	True	False	False
142.0	2.0	23.667	84	0	C	0.0	2.667	0	6	4	1.0	1.0	1/4	True	-1	12.0	12.0	12.0	12a	6	71	False	True				False	54	V7	Bb	iv		V7	V		7			Mm7	False	True	(1, 5, 2, -1)	()	1	1	major	minor	iv	iv, major	V		iv	iv	True	V7	V7, minor		V7, minor		V	-2	-3	-3	2	3	3	False	False	False
144.0	2.0	24.0	43	1	G	0.0	1.0	1	6	4	3.0	1.0	1/4	True	-1	13.0	13.0	13.0	13a	2	72	False	True	IAC	IAC	}{	True	55	i|IAC}{	Bb	iv		i	i					m	False	True	(0, -3, 1)	()	0	0	major	minor	iv	iv, major	i		iv	iv	True	i	i, minor		i, minor		i	-2	-3	-3	3	4	4	False	False	False
144.0	2.0	24.0	43	1	G	0.0	1.0	1	6	4	4.0	1.0	1/4	True	-1	13.0	13.0	13.0	13a	2	72	False	True	IAC	IAC	}{	True	55	i|IAC}{	Bb	iv		i	i					m	False	True	(0, -3, 1)	()	0	0	major	minor	iv	iv, major	i		iv	iv	True	i	i, minor		i, minor		i	-2	-3	-3	3	4	4	False	False	False
144.0	2.0	24.0	79	1	G	0.0	1.0	1	6	4	2.0	1.0	1/4	True	-1	13.0	13.0	13.0	13a	5	72	False	True	IAC	IAC	}{	True	55	i|IAC}{	Bb	iv		i	i					m	False	True	(0, -3, 1)	()	0	0	major	minor	iv	iv, major	i		iv	iv	True	i	i, minor		i, minor		i	-2	-3	-3	3	4	4	False	False	False
144.0	4.0	24.0	82	-2	B	-1.0	1.0	1	6	4	1.0	1.0	1/2	True	-1	13.0	13.0	13.0	13a	5	72	False	True	IAC	IAC	}{	True	55	i|IAC}{	Bb	iv		i	i					m	False	True	(0, -3, 1)	()	0	0	major	minor	iv	iv, major	i		iv	iv	True	i	i, minor		i, minor		i	-2	-3	-3	0	1	1	True	False	False
146.0	2.0	24.333	55	1	G	0.0	1.333	0	6	4	3.0	1.0	1/4	True	-1	13.0	13.0	13.0	13a	3	73	False	True				False	56	VI6	Bb	iv		VI6	VI		6			M	False	True	(0, -3, -4)	()	-4	0	major	minor	iv	iv, major	VI		iv	iv	True	VI6	VI6, minor		VI6, minor		VI	-2	-3	-3	3	4	4	False	False	False
146.0	2.0	24.333	55	1	G	0.0	1.333	0	6	4	4.0	1.0	1/4	True	-1	13.0	13.0	13.0	13a	3	73	False	True				False	56	VI6	Bb	iv		VI6	VI		6			M	False	True	(0, -3, -4)	()	-4	0	major	minor	iv	iv, major	VI		iv	iv	True	VI6	VI6, minor		VI6, minor		VI	-2	-3	-3	3	4	4	False	False	False
146.0	6.0	24.333	75	-3	E	-1.0	1.333	0	6	4	2.0	1.0	3/4	True	-1	13.0	13.0	13.0	13a	5	73	False	True				False	56	VI6	Bb	iv		VI6	VI		6			M	False	True	(0, -3, -4)	()	-4	0	major	minor	iv	iv, major	VI		iv	iv	True	VI6	VI6, minor		VI6, minor		VI	-2	-3	-3	-1	0	0	True	False	True
148.0	2.0	24.667	51	-3	E	-1.0	1.667	0	6	4	3.0	1.0	1/4	True	-1	13.0	13.0	13.0	13a	3	74	False	True				False	57	VI	Bb	iv		VI	VI					M	False	True	(-4, 0, -3)	()	-4	-4	major	minor	iv	iv, major	VI		iv	iv	True	VI	VI, minor		VI, minor		VI	-2	-3	-3	-1	0	0	True	False	False
148.0	2.0	24.667	51	-3	E	-1.0	1.667	0	6	4	4.0	1.0	1/4	True	-1	13.0	13.0	13.0	13a	3	74	False	True				False	57	VI	Bb	iv		VI	VI					M	False	True	(-4, 0, -3)	()	-4	-4	major	minor	iv	iv, major	VI		iv	iv	True	VI	VI, minor		VI, minor		VI	-2	-3	-3	-1	0	0	True	False	False
148.0	2.0	24.667	82	-2	B	-1.0	1.667	0	6	4	1.0	1.0	1/4	True	-1	13.0	13.0	13.0	13a	5	74	False	True				False	57	VI	Bb	iv		VI	VI					M	False	True	(-4, 0, -3)	()	-4	-4	major	minor	iv	iv, major	VI		iv	iv	True	VI	VI, minor		VI, minor		VI	-2	-3	-3	0	1	1	False	False	False
150.0	2.0	25.0	53	-1	F	0.0	2.0	2	6	4	3.0	1.0	1/4	True	-1	13.0	13.0	13.0	13a	3	75	False	True				False	58	v6(2)	Bb	iv		v6(2)	v		6	2		m	False	True	(-2, 2, -4)	()	1	-2	major	minor	iv	iv, major	v		iv	iv	True	v6	v6, minor		v6(2), minor		v	-2	-3	-3	1	2	2	True	False	False
150.0	2.0	25.0	53	-1	F	0.0	2.0	2	6	4	4.0	1.0	1/4	True	-1	13.0	13.0	13.0	13a	3	75	False	True				False	58	v6(2)	Bb	iv		v6(2)	v		6	2		m	False	True	(-2, 2, -4)	()	1	-2	major	minor	iv	iv, major	v		iv	iv	True	v6	v6, minor		v6(2), minor		v	-2	-3	-3	1	2	2	True	False	False
150.0	1.0	25.0	81	3	A	0.0	2.0	2	6	4	1.0	1.0	1/8	True	-1	13.0	13.0	13.0	13a	5	75	False	True				False	58	v6(2)	Bb	iv		v6(2)	v		6	2		m	False	True	(-2, 2, -4)	()	1	-2	major	minor	iv	iv, major	v		iv	iv	True	v6	v6, minor		v6(2), minor		v	-2	-3	-3	5	6	6	False	False	False
151.0	1.0	25.167	79	1	G	0.0	2.167	0	6	4	1.0	1.0	1/8	True	-1	13.0	13.0	13.0	13a	5	151/2	False	False				False	58	v6(2)	Bb	iv		v6(2)	v		6	2		m	False	True	(-2, 2, -4)	()	1	-2	major	minor	iv	iv, major	v		iv	iv	True	v6	v6, minor		v6(2), minor		v	-2	-3	-3	3	4	4	False	False	False
152.0	2.0	25.333	53	-1	F	0.0	2.333	0	6	4	3.0	1.0	1/4	True	-1	13.0	13.0	13.0	13a	3	76	False	True				False	59	v6	Bb	iv		v6	v		6			m	False	True	(-2, 2, 1)	()	1	-2	major	minor	iv	iv, major	v		iv	iv	True	v6	v6, minor		v6, minor		v	-2	-3	-3	1	2	2	True	False	False
152.0	2.0	25.333	53	-1	F	0.0	2.333	0	6	4	4.0	1.0	1/4	True	-1	13.0	13.0	13.0	13a	3	76	False	True				False	59	v6	Bb	iv		v6	v		6			m	False	True	(-2, 2, 1)	()	1	-2	major	minor	iv	iv, major	v		iv	iv	True	v6	v6, minor		v6, minor		v	-2	-3	-3	1	2	2	True	False	False
152.0	4.0	25.333	74	2	D	0.0	2.333	0	6	4	2.0	1.0	1/2	True	-1	13.0	13.0	13.0	13a	5	76	False	True				False	59	v6	Bb	iv		v6	v		6			m	False	True	(-2, 2, 1)	()	1	-2	major	minor	iv	iv, major	v		iv	iv	True	v6	v6, minor		v6, minor		v	-2	-3	-3	4	5	5	False	False	False
152.0	1.0	25.333	81	3	A	0.0	2.333	0	6	4	1.0	1.0	1/8	True	-1	13.0	13.0	13.0	13a	5	76	False	True				False	59	v6	Bb	iv		v6	v		6			m	False	True	(-2, 2, 1)	()	1	-2	major	minor	iv	iv, major	v		iv	iv	True	v6	v6, minor		v6, minor		v	-2	-3	-3	5	6	6	False	False	False
153.0	1.0	25.5	82	-2	B	-1.0	2.5	0	6	4	1.0	1.0	1/8	True	-1	13.0	13.0	13.0	13a	5	153/2	False	False				False	59	v6	Bb	iv		v6	v		6			m	False	True	(-2, 2, 1)	()	1	-2	major	minor	iv	iv, major	v		iv	iv	True	v6	v6, minor		v6, minor		v	-2	-3	-3	0	1	1	True	True	False
154.0	2.0	25.667	50	2	D	0.0	2.667	0	6	4	3.0	1.0	1/4	True	-1	13.0	13.0	13.0	13a	3	77	False	True				False	60	v	Bb	iv		v	v					m	False	True	(1, -2, 2)	()	1	1	major	minor	iv	iv, major	v		iv	iv	True	v	v, minor		v, minor		v	-2	-3	-3	4	5	5	False	False	False
154.0	2.0	25.667	50	2	D	0.0	2.667	0	6	4	4.0	1.0	1/4	True	-1	13.0	13.0	13.0	13a	3	77	False	True				False	60	v	Bb	iv		v	v					m	False	True	(1, -2, 2)	()	1	1	major	minor	iv	iv, major	v		iv	iv	True	v	v, minor		v, minor		v	-2	-3	-3	4	5	5	False	False	False
154.0	1.0	25.667	81	3	A	0.0	2.667	0	6	4	1.0	1.0	1/8	True	-1	13.0	13.0	13.0	13a	5	77	False	True				False	60	v	Bb	iv		v	v					m	False	True	(1, -2, 2)	()	1	1	major	minor	iv	iv, major	v		iv	iv	True	v	v, minor		v, minor		v	-2	-3	-3	5	6	6	False	False	False
155.0	1.0	25.833	82	-2	B	-1.0	2.833	0	6	4	1.0	1.0	1/8	True	-1	13.0	13.0	13.0	13a	5	155/2	False	False				False	60	v	Bb	iv		v	v					m	False	True	(1, -2, 2)	()	1	1	major	minor	iv	iv, major	v		iv	iv	True	v	v, minor		v, minor		v	-2	-3	-3	0	1	1	True	True	True
156.0	2.0	26.0	51	-3	E	-1.0	1.0	1	6	4	3.0	1.0	1/4	True	-1	14.0	14.0	14.0	14a	3	78	False	True				False	61	iv6(2)	Bb	iv		iv6(2)	iv		6	2		m	False	True	(-4, 0, 1)	()	-1	-4	major	minor	iv	iv, major	iv		iv	iv	True	iv6	iv6, minor		iv6(2), minor		iv	-2	-3	-3	-1	0	0	True	False	False
156.0	2.0	26.0	51	-3	E	-1.0	1.0	1	6	4	4.0	1.0	1/4	True	-1	14.0	14.0	14.0	14a	3	78	False	True				False	61	iv6(2)	Bb	iv		iv6(2)	iv		6	2		m	False	True	(-4, 0, 1)	()	-1	-4	major	minor	iv	iv, major	iv		iv	iv	True	iv6	iv6, minor		iv6(2), minor		iv	-2	-3	-3	-1	0	0	True	False	False
156.0	2.0	26.0	74	2	D	0.0	1.0	1	6	4	2.0	1.0	1/4	False	-1	14.0	14.0	14.0	14a	5	78	False	True				False	61	iv6(2)	Bb	iv		iv6(2)	iv		6	2		m	False	True	(-4, 0, 1)	()	-1	-4	major	minor	iv	iv, major	iv		iv	iv	True	iv6	iv6, minor		iv6(2), minor		iv	-2	-3	-3	4	5	5	False	False	False
156.0	1.0	26.0	79	1	G	0.0	1.0	1	6	4	1.0	1.0	1/8	True	-1	14.0	14.0	14.0	14a	5	78	False	True				False	61	iv6(2)	Bb	iv		iv6(2)	iv		6	2		m	False	True	(-4, 0, 1)	()	-1	-4	major	minor	iv	iv, major	iv		iv	iv	True	iv6	iv6, minor		iv6(2), minor		iv	-2	-3	-3	3	4	4	False	False	False
157.0	1.0	26.167	78	6	F	1.0	1.167	0	6	4	1.0	1.0	1/8	True	-1	14.0	14.0	14.0	14a	5	157/2	False	False				False	61	iv6(2)	Bb	iv		iv6(2)	iv		6	2		m	False	True	(-4, 0, 1)	()	-1	-4	major	minor	iv	iv, major	iv		iv	iv	True	iv6	iv6, minor		iv6(2), minor		iv	-2	-3	-3	8	9	9	False	False	False
158.0	2.0	26.333	51	-3	E	-1.0	1.333	0	6	4	3.0	1.0	1/4	True	-1	14.0	14.0	14.0	14a	3	79	False	True				False	62	iv6	Bb	iv		iv6	iv		6			m	False	True	(-4, 0, -1)	()	-1	-4	major	minor	iv	iv, major	iv		iv	iv	True	iv6	iv6, minor		iv6, minor		iv	-2	-3	-3	-1	0	0	True	False	False
158.0	2.0	26.333	51	-3	E	-1.0	1.333	0	6	4	4.0	1.0	1/4	True	-1	14.0	14.0	14.0	14a	3	79	False	True				False	62	iv6	Bb	iv		iv6	iv		6			m	False	True	(-4, 0, -1)	()	-1	-4	major	minor	iv	iv, major	iv		iv	iv	True	iv6	iv6, minor		iv6, minor		iv	-2	-3	-3	-1	0	0	True	False	False
158.0	2.0	26.333	67	1	G	0.0	1.333	0	6	4	2.0	1.0	1/4	True	-1	14.0	14.0	14.0	14a	4	79	False	True				False	62	iv6	Bb	iv		iv6	iv		6			m	False	True	(-4, 0, -1)	()	-1	-4	major	minor	iv	iv, major	iv		iv	iv	True	iv6	iv6, minor		iv6, minor		iv	-2	-3	-3	3	4	4	False	False	False
158.0	1.0	26.333	79	1	G	0.0	1.333	0	6	4	1.0	1.0	1/8	True	-1	14.0	14.0	14.0	14a	5	79	False	True				False	62	iv6	Bb	iv		iv6	iv		6			m	False	True	(-4, 0, -1)	()	-1	-4	major	minor	iv	iv, major	iv		iv	iv	True	iv6	iv6, minor		iv6, minor		iv	-2	-3	-3	3	4	4	False	False	False
159.0	1.0	26.5	81	3	A	0.0	1.5	0	6	4	1.0	1.0	1/8	True	-1	14.0	14.0	14.0	14a	5	159/2	False	False				False	62	iv6	Bb	iv		iv6	iv		6			m	False	True	(-4, 0, -1)	()	-1	-4	major	minor	iv	iv, major	iv		iv	iv	True	iv6	iv6, minor		iv6, minor		iv	-2	-3	-3	5	6	6	False	False	False
160.0	2.0	26.667	48	0	C	0.0	1.667	0	6	4	3.0	1.0	1/4	True	-1	14.0	14.0	14.0	14a	3	80	False	True				False	63	iv	Bb	iv		iv	iv					m	False	True	(-1, -4, 0)	()	-1	-1	major	minor	iv	iv, major	iv		iv	iv	True	iv	iv, minor		iv, minor		iv	-2	-3	-3	2	3	3	False	False	False
160.0	2.0	26.667	48	0	C	0.0	1.667	0	6	4	4.0	1.0	1/4	True	-1	14.0	14.0	14.0	14a	3	80	False	True				False	63	iv	Bb	iv		iv	iv					m	False	True	(-1, -4, 0)	()	-1	-1	major	minor	iv	iv, major	iv		iv	iv	True	iv	iv, minor		iv, minor		iv	-2	-3	-3	2	3	3	False	False	False
160.0	2.0	26.667	72	0	C	0.0	1.667	0	6	4	2.0	1.0	1/4	True	-1	14.0	14.0	14.0	14a	5	80	False	True				False	63	iv	Bb	iv		iv	iv					m	False	True	(-1, -4, 0)	()	-1	-1	major	minor	iv	iv, major	iv		iv	iv	True	iv	iv, minor		iv, minor		iv	-2	-3	-3	2	3	3	False	False	False
160.0	1.0	26.667	79	1	G	0.0	1.667	0	6	4	1.0	1.0	1/8	True	-1	14.0	14.0	14.0	14a	5	80	False	True				False	63	iv	Bb	iv		iv	iv					m	False	True	(-1, -4, 0)	()	-1	-1	major	minor	iv	iv, major	iv		iv	iv	True	iv	iv, minor		iv, minor		iv	-2	-3	-3	3	4	4	False	False	False
161.0	1.0	26.833	81	3	A	0.0	1.833	0	6	4	1.0	1.0	1/8	True	-1	14.0	14.0	14.0	14a	5	161/2	False	False				False	63	iv	Bb	iv		iv	iv					m	False	True	(-1, -4, 0)	()	-1	-1	major	minor	iv	iv, major	iv		iv	iv	True	iv	iv, minor		iv, minor		iv	-2	-3	-3	5	6	6	False	False	False
162.0	4.0	27.0	50	2	D	0.0	2.0	2	6	4	3.0	1.0	1/2	True	-1	14.0	14.0	14.0	14a	3	81	False	True				False	64	V7	Bb	iv		V7	V		7			Mm7	False	True	(1, 5, 2, -1)	()	1	1	major	minor	iv	iv, major	V		iv	iv	True	V7	V7, minor		V7, minor		V	-2	-3	-3	4	5	5	True	False	False
162.0	4.0	27.0	50	2	D	0.0	2.0	2	6	4	4.0	1.0	1/2	True	-1	14.0	14.0	14.0	14a	3	81	False	True				False	64	V7	Bb	iv		V7	V		7			Mm7	False	True	(1, 5, 2, -1)	()	1	1	major	minor	iv	iv, major	V		iv	iv	True	V7	V7, minor		V7, minor		V	-2	-3	-3	4	5	5	True	False	False
162.0	4.0	27.0	72	0	C	0.0	2.0	2	6	4	2.0	1.0	1/2	True	-1	14.0	14.0	14.0	14a	5	81	False	True				False	64	V7	Bb	iv		V7	V		7			Mm7	False	True	(1, 5, 2, -1)	()	1	1	major	minor	iv	iv, major	V		iv	iv	True	V7	V7, minor		V7, minor		V	-2	-3	-3	2	3	3	False	False	False
162.0	4.0	27.0	78	6	F	1.0	2.0	2	6	4	1.0	1.0	1/2	True	-1	14.0	14.0	14.0	14a	5	81	False	True				False	64	V7	Bb	iv		V7	V		7			Mm7	False	True	(1, 5, 2, -1)	()	1	1	major	minor	iv	iv, major	V		iv	iv	True	V7	V7, minor		V7, minor		V	-2	-3	-3	8	9	9	False	False	False
166.0	2.0	27.667	48	0	C	0.0	2.667	0	6	4	3.0	1.0	1/4	True	-1	14.0	14.0	14.0	14a	3	83	False	True				False	65	iv7	Bb	iv		iv7	iv		7			mm7	False	True	(-1, -4, 0, -3)	()	-1	-1	major	minor	iv	iv, major	iv		iv	iv	True	iv7	iv7, minor		iv7, minor		iv	-2	-3	-3	2	3	3	False	False	False
166.0	2.0	27.667	48	0	C	0.0	2.667	0	6	4	4.0	1.0	1/4	True	-1	14.0	14.0	14.0	14a	3	83	False	True				False	65	iv7	Bb	iv		iv7	iv		7			mm7	False	True	(-1, -4, 0, -3)	()	-1	-1	major	minor	iv	iv, major	iv		iv	iv	True	iv7	iv7, minor		iv7, minor		iv	-2	-3	-3	2	3	3	False	False	False
166.0	2.0	27.667	70	-2	B	-1.0	2.667	0	6	4	2.0	1.0	1/4	True	-1	14.0	14.0	14.0	14a	4	83	False	True				False	65	iv7	Bb	iv		iv7	iv		7			mm7	False	True	(-1, -4, 0, -3)	()	-1	-1	major	minor	iv	iv, major	iv		iv	iv	True	iv7	iv7, minor		iv7, minor		iv	-2	-3	-3	0	1	1	False	False	False
166.0	2.0	27.667	79	1	G	0.0	2.667	0	6	4	1.0	1.0	1/4	True	-1	14.0	14.0	14.0	14a	5	83	False	True				False	65	iv7	Bb	iv		iv7	iv		7			mm7	False	True	(-1, -4, 0, -3)	()	-1	-1	major	minor	iv	iv, major	iv		iv	iv	True	iv7	iv7, minor		iv7, minor		iv	-2	-3	-3	3	4	4	False	False	False
168.0	2.0	28.0	48	0	C	0.0	1.0	1	6	4	3.0	1.0	1/4	False	-1	15.0	15.0	15.0	15a	3	84	False	False				False	65	iv7	Bb	iv		iv7	iv		7			mm7	False	True	(-1, -4, 0, -3)	()	-1	-1	major	minor	iv	iv, major	iv		iv	iv	True	iv7	iv7, minor		iv7, minor		iv	-2	-3	-3	2	3	3	False	False	False
168.0	2.0	28.0	48	0	C	0.0	1.0	1	6	4	4.0	1.0	1/4	False	-1	15.0	15.0	15.0	15a	3	84	False	False				False	65	iv7	Bb	iv		iv7	iv		7			mm7	False	True	(-1, -4, 0, -3)	()	-1	-1	major	minor	iv	iv, major	iv		iv	iv	True	iv7	iv7, minor		iv7, minor		iv	-2	-3	-3	2	3	3	False	False	False
168.0	2.0	28.0	70	-2	B	-1.0	1.0	1	6	4	2.0	1.0	1/4	False	-1	15.0	15.0	15.0	15a	4	84	False	False				False	65	iv7	Bb	iv		iv7	iv		7			mm7	False	True	(-1, -4, 0, -3)	()	-1	-1	major	minor	iv	iv, major	iv		iv	iv	True	iv7	iv7, minor		iv7, minor		iv	-2	-3	-3	0	1	1	False	False	False
168.0	2.0	28.0	79	1	G	0.0	1.0	1	6	4	1.0	1.0	1/4	False	-1	15.0	15.0	15.0	15a	5	84	False	False				False	65	iv7	Bb	iv		iv7	iv		7			mm7	False	True	(-1, -4, 0, -3)	()	-1	-1	major	minor	iv	iv, major	iv		iv	iv	True	iv7	iv7, minor		iv7, minor		iv	-2	-3	-3	3	4	4	False	False	False
170.0	4.0	28.333	50	2	D	0.0	1.333	0	6	4	3.0	1.0	1/2	True	-1	15.0	15.0	15.0	15a	3	85	False	True				False	66	V(4)	Bb	iv		V(4)	V			4		M	False	True	(1, 0, 2)	()	1	1	major	minor	iv	iv, major	V		iv	iv	True	V	V, minor		V(4), minor		V	-2	-3	-3	4	5	5	False	False	False
170.0	4.0	28.333	50	2	D	0.0	1.333	0	6	4	4.0	1.0	1/2	True	-1	15.0	15.0	15.0	15a	3	85	False	True				False	66	V(4)	Bb	iv		V(4)	V			4		M	False	True	(1, 0, 2)	()	1	1	major	minor	iv	iv, major	V		iv	iv	True	V	V, minor		V(4), minor		V	-2	-3	-3	4	5	5	False	False	False
170.0	4.0	28.333	69	3	A	0.0	1.333	0	6	4	2.0	1.0	1/2	True	-1	15.0	15.0	15.0	15a	4	85	False	True				False	66	V(4)	Bb	iv		V(4)	V			4		M	False	True	(1, 0, 2)	()	1	1	major	minor	iv	iv, major	V		iv	iv	True	V	V, minor		V(4), minor		V	-2	-3	-3	5	6	6	False	False	False
170.0	3.0	28.333	79	1	G	0.0	1.333	0	6	4	1.0	1.0	3/8	True	-1	15.0	15.0	15.0	15a	5	85	False	True				False	66	V(4)	Bb	iv		V(4)	V			4		M	False	True	(1, 0, 2)	()	1	1	major	minor	iv	iv, major	V		iv	iv	True	V	V, minor		V(4), minor		V	-2	-3	-3	3	4	4	False	False	False
173.0	1.0	28.833	78	6	F	1.0	1.833	0	6	4	1.0	1.0	1/8	True	-1	15.0	15.0	15.0	15a	5	173/2	False	True				False	67	V	Bb	iv		V	V					M	False	True	(1, 5, 2)	()	1	1	major	minor	iv	iv, major	V		iv	iv	True	V	V, minor		V, minor		V	-2	-3	-3	8	9	9	False	False	False
174.0	6.0	29.0	55	1	G	0.0	2.0	2	6	4	3.0	1.0	3/4	True	-1	15.0	15.0	15.0	15a	3	87	False	True	PAC	PAC	}{	True	68	i|PAC}{	Bb	iv		i	i					m	False	True	(0, -3, 1)	()	0	0	major	minor	iv	iv, major	i		iv	iv	True	i	i, minor		i, minor		i	-2	-3	-3	3	4	4	False	False	False
174.0	6.0	29.0	55	1	G	0.0	2.0	2	6	4	4.0	1.0	3/4	True	-1	15.0	15.0	15.0	15a	3	87	False	True	PAC	PAC	}{	True	68	i|PAC}{	Bb	iv		i	i					m	False	True	(0, -3, 1)	()	0	0	major	minor	iv	iv, major	i		iv	iv	True	i	i, minor		i, minor		i	-2	-3	-3	3	4	4	False	False	False
174.0	2.0	29.0	67	1	G	0.0	2.0	2	6	4	2.0	1.0	1/4	True	-1	15.0	15.0	15.0	15a	4	87	False	True	PAC	PAC	}{	True	68	i|PAC}{	Bb	iv		i	i					m	False	True	(0, -3, 1)	()	0	0	major	minor	iv	iv, major	i		iv	iv	True	i	i, minor		i, minor		i	-2	-3	-3	3	4	4	False	False	False
174.0	6.0	29.0	79	1	G	0.0	2.0	2	6	4	1.0	1.0	3/4	True	-1	15.0	15.0	15.0	15a	5	87	False	True	PAC	PAC	}{	True	68	i|PAC}{	Bb	iv		i	i					m	False	True	(0, -3, 1)	()	0	0	major	minor	iv	iv, major	i		iv	iv	True	i	i, minor		i, minor		i	-2	-3	-3	3	4	4	False	False	False
176.0	1.0	29.333	70	-2	B	-1.0	2.333	0	6	4	2.0	1.0	1/8	True	-1	15.0	15.0	15.0	15a	4	88	False	False				False	68	i|PAC}{	Bb	iv		i	i					m	False	True	(0, -3, 1)	()	0	0	major	minor	iv	iv, major	i		iv	iv	True	i	i, minor		i, minor		i	-2	-3	-3	0	1	1	True	False	False
177.0	1.0	29.5	69	3	A	0.0	2.5	0	6	4	2.0	1.0	1/8	True	-1	15.0	15.0	15.0	15a	4	177/2	False	False				False	68	i|PAC}{	Bb	iv		i	i					m	False	True	(0, -3, 1)	()	0	0	major	minor	iv	iv, major	i		iv	iv	True	i	i, minor		i, minor		i	-2	-3	-3	5	6	6	False	False	False
178.0	2.0	29.667	67	1	G	0.0	2.667	0	6	4	2.0	1.0	1/4	True	-1	15.0	15.0	15.0	15a	4	89	False	False				False	68	i|PAC}{	Bb	iv		i	i					m	False	True	(0, -3, 1)	()	0	0	major	minor	iv	iv, major	i		iv	iv	True	i	i, minor		i, minor		i	-2	-3	-3	3	4	4	False	False	False
180.0	6.0	30.0	53	-1	F	0.0	1.0	1	6	4	3.0	1.0	3/4	True	-1	16.0	16.0	16.0	16a	3	90	False	True				False	69	v6	Bb	iv		v6	v		6			m	False	True	(-2, 2, 1)	()	1	-2	major	minor	iv	iv, major	v		iv	iv	True	v6	v6, minor		v6, minor		v	-2	-3	-3	1	2	2	True	False	False
180.0	6.0	30.0	53	-1	F	0.0	1.0	1	6	4	4.0	1.0	3/4	True	-1	16.0	16.0	16.0	16a	3	90	False	True				False	69	v6	Bb	iv		v6	v		6			m	False	True	(-2, 2, 1)	()	1	-2	major	minor	iv	iv, major	v		iv	iv	True	v6	v6, minor		v6, minor		v	-2	-3	-3	1	2	2	True	False	False
180.0	2.0	30.0	69	3	A	0.0	1.0	1	6	4	2.0	1.0	1/4	True	-1	16.0	16.0	16.0	16a	4	90	False	True				False	69	v6	Bb	iv		v6	v		6			m	False	True	(-2, 2, 1)	()	1	-2	major	minor	iv	iv, major	v		iv	iv	True	v6	v6, minor		v6, minor		v	-2	-3	-3	5	6	6	False	False	False
182.0	2.0	30.333	62	2	D	0.0	1.333	0	6	4	2.0	1.0	1/4	True	-1	16.0	16.0	16.0	16a	4	91	False	False				False	69	v6	Bb	iv		v6	v		6			m	False	True	(-2, 2, 1)	()	1	-2	major	minor	iv	iv, major	v		iv	iv	True	v6	v6, minor		v6, minor		v	-2	-3	-3	4	5	5	False	False	False
184.0	2.0	30.667	74	2	D	0.0	1.667	0	6	4	2.0	1.0	1/4	True	-1	16.0	16.0	16.0	16a	5	92	False	False				False	69	v6	Bb	iv		v6	v		6			m	False	True	(-2, 2, 1)	()	1	-2	major	minor	iv	iv, major	v		iv	iv	True	v6	v6, minor		v6, minor		v	-2	-3	-3	4	5	5	False	False	False
186.0	6.0	31.0	51	-3	E	-1.0	2.0	2	6	4	3.0	1.0	3/4	True	-1	16.0	16.0	16.0	16a	3	93	False	True				False	70	VI	Bb	iv		VI	VI					M	False	True	(-4, 0, -3)	()	-4	-4	major	minor	iv	iv, major	VI		iv	iv	True	VI	VI, minor		VI, minor		VI	-2	-3	-3	-1	0	0	True	False	False
186.0	6.0	31.0	51	-3	E	-1.0	2.0	2	6	4	3.0	1.0	3/4	True	-1	16.0	16.0	16.0	16a	3	93	False	True				False	71	iv6	Bb	iv		iv6	iv		6			m	False	True	(-4, 0, -1)	()	-1	-4	major	minor	iv	iv, major	iv		iv	iv	True	iv6	iv6, minor		iv6, minor		iv	-2	-3	-3	-1	0	0	True	False	False
186.0	6.0	31.0	51	-3	E	-1.0	2.0	2	6	4	4.0	1.0	3/4	True	-1	16.0	16.0	16.0	16a	3	93	False	True				False	70	VI	Bb	iv		VI	VI					M	False	True	(-4, 0, -3)	()	-4	-4	major	minor	iv	iv, major	VI		iv	iv	True	VI	VI, minor		VI, minor		VI	-2	-3	-3	-1	0	0	True	False	False
186.0	6.0	31.0	51	-3	E	-1.0	2.0	2	6	4	4.0	1.0	3/4	True	-1	16.0	16.0	16.0	16a	3	93	False	True				False	71	iv6	Bb	iv		iv6	iv		6			m	False	True	(-4, 0, -1)	()	-1	-4	major	minor	iv	iv, major	iv		iv	iv	True	iv6	iv6, minor		iv6, minor		iv	-2	-3	-3	-1	0	0	True	False	False
186.0	2.0	31.0	67	1	G	0.0	2.0	2	6	4	2.0	1.0	1/4	True	-1	16.0	16.0	16.0	16a	4	93	False	True				False	70	VI	Bb	iv		VI	VI					M	False	True	(-4, 0, -3)	()	-4	-4	major	minor	iv	iv, major	VI		iv	iv	True	VI	VI, minor		VI, minor		VI	-2	-3	-3	3	4	4	False	False	False
186.0	2.0	31.0	67	1	G	0.0	2.0	2	6	4	2.0	1.0	1/4	True	-1	16.0	16.0	16.0	16a	4	93	False	True				False	71	iv6	Bb	iv		iv6	iv		6			m	False	True	(-4, 0, -1)	()	-1	-4	major	minor	iv	iv, major	iv		iv	iv	True	iv6	iv6, minor		iv6, minor		iv	-2	-3	-3	3	4	4	False	False	False
186.0	2.0	31.0	79	1	G	0.0	2.0	2	6	4	1.0	1.0	1/4	True	-1	16.0	16.0	16.0	16a	5	93	False	True				False	70	VI	Bb	iv		VI	VI					M	False	True	(-4, 0, -3)	()	-4	-4	major	minor	iv	iv, major	VI		iv	iv	True	VI	VI, minor		VI, minor		VI	-2	-3	-3	3	4	4	False	False	False
186.0	2.0	31.0	79	1	G	0.0	2.0	2	6	4	1.0	1.0	1/4	True	-1	16.0	16.0	16.0	16a	5	93	False	True				False	71	iv6	Bb	iv		iv6	iv		6			m	False	True	(-4, 0, -1)	()	-1	-4	major	minor	iv	iv, major	iv		iv	iv	True	iv6	iv6, minor		iv6, minor		iv	-2	-3	-3	3	4	4	False	False	False
188.0	4.0	31.333	79	1	G	0.0	2.333	0	6	4	2.0	1.0	1/2	True	-1	16.0	16.0	16.0	16a	5	94	False	False				False	71	iv6	Bb	iv		iv6	iv		6			m	False	True	(-4, 0, -1)	()	-1	-4	major	minor	iv	iv, major	iv		iv	iv	True	iv6	iv6, minor		iv6, minor		iv	-2	-3	-3	3	4	4	False	False	False
188.0	1.0	31.333	82	-2	B	-1.0	2.333	0	6	4	1.0	1.0	1/8	True	-1	16.0	16.0	16.0	16a	5	94	False	False				False	71	iv6	Bb	iv		iv6	iv		6			m	False	True	(-4, 0, -1)	()	-1	-4	major	minor	iv	iv, major	iv		iv	iv	True	iv6	iv6, minor		iv6, minor		iv	-2	-3	-3	0	1	1	False	False	False
189.0	1.0	31.5	81	3	A	0.0	2.5	0	6	4	1.0	1.0	1/8	True	-1	16.0	16.0	16.0	16a	5	189/2	False	False				False	71	iv6	Bb	iv		iv6	iv		6			m	False	True	(-4, 0, -1)	()	-1	-4	major	minor	iv	iv, major	iv		iv	iv	True	iv6	iv6, minor		iv6, minor		iv	-2	-3	-3	5	6	6	False	False	False
190.0	2.0	31.667	79	1	G	0.0	2.667	0	6	4	1.0	1.0	1/4	True	-1	16.0	16.0	16.0	16a	5	95	False	False				False	71	iv6	Bb	iv		iv6	iv		6			m	False	True	(-4, 0, -1)	()	-1	-4	major	minor	iv	iv, major	iv		iv	iv	True	iv6	iv6, minor		iv6, minor		iv	-2	-3	-3	3	4	4	False	False	False
192.0	6.0	32.0	50	2	D	0.0	1.0	1	6	4	3.0	1.0	3/4	True	-1	17.0	17.0	17.0	17a	3	96	False	True				False	72	v(4)	Bb	iv		v(4)	v			4		m	False	True	(1, 0, 2)	()	1	1	major	minor	iv	iv, major	v		iv	iv	True	v	v, minor		v(4), minor		v	-2	-3	-3	4	5	5	False	False	False
192.0	6.0	32.0	50	2	D	0.0	1.0	1	6	4	4.0	1.0	3/4	True	-1	17.0	17.0	17.0	17a	3	96	False	True				False	72	v(4)	Bb	iv		v(4)	v			4		m	False	True	(1, 0, 2)	()	1	1	major	minor	iv	iv, major	v		iv	iv	True	v	v, minor		v(4), minor		v	-2	-3	-3	4	5	5	False	False	False
192.0	2.0	32.0	79	1	G	0.0	1.0	1	6	4	2.0	1.0	1/4	False	-1	17.0	17.0	17.0	17a	5	96	False	True				False	72	v(4)	Bb	iv		v(4)	v			4		m	False	True	(1, 0, 2)	()	1	1	major	minor	iv	iv, major	v		iv	iv	True	v	v, minor		v(4), minor		v	-2	-3	-3	3	4	4	False	False	False
192.0	2.0	32.0	81	3	A	0.0	1.0	1	6	4	1.0	1.0	1/4	True	-1	17.0	17.0	17.0	17a	5	96	False	True				False	72	v(4)	Bb	iv		v(4)	v			4		m	False	True	(1, 0, 2)	()	1	1	major	minor	iv	iv, major	v		iv	iv	True	v	v, minor		v(4), minor		v	-2	-3	-3	5	6	6	False	False	False
194.0	2.0	32.333	74	2	D	0.0	1.333	0	6	4	1.0	1.0	1/4	True	-1	17.0	17.0	17.0	17a	5	97	False	True				False	73	v	Bb	iv		v	v					m	False	True	(1, -2, 2)	()	1	1	major	minor	iv	iv, major	v		iv	iv	True	v	v, minor		v, minor		v	-2	-3	-3	4	5	5	False	False	False
194.0	6.0	32.333	77	-1	F	0.0	1.333	0	6	4	2.0	1.0	3/4	True	-1	17.0	17.0	17.0	17a	5	97	False	True				False	73	v	Bb	iv		v	v					m	False	True	(1, -2, 2)	()	1	1	major	minor	iv	iv, major	v		iv	iv	True	v	v, minor		v, minor		v	-2	-3	-3	1	2	2	True	False	False
196.0	2.0	32.667	86	2	D	0.0	1.667	0	6	4	1.0	1.0	1/4	True	-1	17.0	17.0	17.0	17a	6	98	False	False				False	73	v	Bb	iv		v	v					m	False	True	(1, -2, 2)	()	1	1	major	minor	iv	iv, major	v		iv	iv	True	v	v, minor		v, minor		v	-2	-3	-3	4	5	5	False	False	False
198.0	2.0	33.0	51	-3	E	-1.0	2.0	2	6	4	3.0	1.0	1/4	True	-1	17.0	17.0	17.0	17a	3	99	False	True				False	74	I.IV(2)	Bb	I		IV(2)	IV			2		M	False	False	(1, 3, 0)	()	-1	1	major	major	I	I, major	IV		I	I	False	IV	IV, major		IV(2), major		IV	-2	-2	-2	-1	-1	-1	False	True	False
198.0	2.0	33.0	51	-3	E	-1.0	2.0	2	6	4	4.0	1.0	1/4	True	-1	17.0	17.0	17.0	17a	3	99	False	True				False	74	I.IV(2)	Bb	I		IV(2)	IV			2		M	False	False	(1, 3, 0)	()	-1	1	major	major	I	I, major	IV		I	I	False	IV	IV, major		IV(2), major		IV	-2	-2	-2	-1	-1	-1	False	True	False
198.0	4.0	33.0	79	1	G	0.0	2.0	2	6	4	1.0	1.0	1/2	True	-1	17.0	17.0	17.0	17a	5	99	False	True				False	74	I.IV(2)	Bb	I		IV(2)	IV			2		M	False	False	(1, 3, 0)	()	-1	1	major	major	I	I, major	IV		I	I	False	IV	IV, major		IV(2), major		IV	-2	-2	-2	3	3	3	True	False	False
200.0	2.0	33.333	55	1	G	0.0	2.333	0	6	4	3.0	1.0	1/4	True	-1	17.0	17.0	17.0	17a	3	100	False	True				False	75	IV6	Bb	I		IV6	IV		6			M	False	False	(3, 0, -1)	()	-1	3	major	major	I	I, major	IV		I	I	False	IV6	IV6, major		IV6, major		IV	-2	-2	-2	3	3	3	True	False	True
200.0	2.0	33.333	55	1	G	0.0	2.333	0	6	4	4.0	1.0	1/4	True	-1	17.0	17.0	17.0	17a	3	100	False	True				False	75	IV6	Bb	I		IV6	IV		6			M	False	False	(3, 0, -1)	()	-1	3	major	major	I	I, major	IV		I	I	False	IV6	IV6, major		IV6, major		IV	-2	-2	-2	3	3	3	True	False	True
200.0	4.0	33.333	75	-3	E	-1.0	2.333	0	6	4	2.0	1.0	1/2	True	-1	17.0	17.0	17.0	17a	5	100	False	True				False	75	IV6	Bb	I		IV6	IV		6			M	False	False	(3, 0, -1)	()	-1	3	major	major	I	I, major	IV		I	I	False	IV6	IV6, major		IV6, major		IV	-2	-2	-2	-1	-1	-1	True	True	False
202.0	2.0	33.667	57	3	A	0.0	2.667	0	6	4	3.0	1.0	1/4	True	-1	17.0	17.0	17.0	17a	3	101	False	True				False	76	viio	Bb	I		viio	vii	o				o	False	False	(5, 2, -1)	()	5	5	major	major	I	I, major	vii		I	I	False	viio	viio, major		viio, major		vii	-2	-2	-2	5	5	5	True	True	True
202.0	2.0	33.667	57	3	A	0.0	2.667	0	6	4	4.0	1.0	1/4	True	-1	17.0	17.0	17.0	17a	3	101	False	True				False	76	viio	Bb	I		viio	vii	o				o	False	False	(5, 2, -1)	()	5	5	major	major	I	I, major	vii		I	I	False	viio	viio, major		viio, major		vii	-2	-2	-2	5	5	5	True	True	True
202.0	2.0	33.667	84	0	C	0.0	2.667	0	6	4	1.0	1.0	1/4	True	-1	17.0	17.0	17.0	17a	6	101	False	True				False	76	viio	Bb	I		viio	vii	o				o	False	False	(5, 2, -1)	()	5	5	major	major	I	I, major	vii		I	I	False	viio	viio, major		viio, major		vii	-2	-2	-2	2	2	2	True	False	False
204.0	4.0	34.0	58	-2	B	-1.0	1.0	1	6	4	3.0	1.0	1/2	True	-1	18.0	18.0	18.0	18a	3	102	False	True				False	77	I(4)	Bb	I		I(4)	I			4		M	False	False	(0, -1, 1)	()	0	0	major	major	I	I, major	I		I	I	False	I	I, major		I(4), major		I	-2	-2	-2	0	0	0	True	True	True
204.0	4.0	34.0	58	-2	B	-1.0	1.0	1	6	4	4.0	1.0	1/2	True	-1	18.0	18.0	18.0	18a	3	102	False	True				False	77	I(4)	Bb	I		I(4)	I			4		M	False	False	(0, -1, 1)	()	0	0	major	major	I	I, major	I		I	I	False	I	I, major		I(4), major		I	-2	-2	-2	0	0	0	True	True	True
204.0	2.0	34.0	75	-3	E	-1.0	1.0	1	6	4	2.0	1.0	1/4	False	-1	18.0	18.0	18.0	18a	5	102	False	True				False	77	I(4)	Bb	I		I(4)	I			4		M	False	False	(0, -1, 1)	()	0	0	major	major	I	I, major	I		I	I	False	I	I, major		I(4), major		I	-2	-2	-2	-1	-1	-1	True	False	False
204.0	2.0	34.0	77	-1	F	0.0	1.0	1	6	4	1.0	1.0	1/4	True	-1	18.0	18.0	18.0	18a	5	102	False	True				False	77	I(4)	Bb	I		I(4)	I			4		M	False	False	(0, -1, 1)	()	0	0	major	major	I	I, major	I		I	I	False	I	I, major		I(4), major		I	-2	-2	-2	1	1	1	True	False	False
206.0	2.0	34.333	74	2	D	0.0	1.333	0	6	4	2.0	1.0	1/4	True	-1	18.0	18.0	18.0	18a	5	103	False	True				False	78	I	Bb	I		I	I					M	False	False	(0, 4, 1)	()	0	0	major	major	I	I, major	I		I	I	False	I	I, major		I, major		I	-2	-2	-2	4	4	4	True	False	False
206.0	6.0	34.333	82	-2	B	-1.0	1.333	0	6	4	1.0	1.0	3/4	True	-1	18.0	18.0	18.0	18a	5	103	False	True				False	78	I	Bb	I		I	I					M	False	False	(0, 4, 1)	()	0	0	major	major	I	I, major	I		I	I	False	I	I, major		I, major		I	-2	-2	-2	0	0	0	True	True	True
208.0	2.0	34.667	58	-2	B	-1.0	1.667	0	6	4	3.0	1.0	1/4	True	-1	18.0	18.0	18.0	18a	3	104	False	False				False	78	I	Bb	I		I	I					M	False	False	(0, 4, 1)	()	0	0	major	major	I	I, major	I		I	I	False	I	I, major		I, major		I	-2	-2	-2	0	0	0	True	True	True
208.0	2.0	34.667	58	-2	B	-1.0	1.667	0	6	4	4.0	1.0	1/4	True	-1	18.0	18.0	18.0	18a	3	104	False	False				False	78	I	Bb	I		I	I					M	False	False	(0, 4, 1)	()	0	0	major	major	I	I, major	I		I	I	False	I	I, major		I, major		I	-2	-2	-2	0	0	0	True	True	True
208.0	2.0	34.667	77	-1	F	0.0	1.667	0	6	4	2.0	1.0	1/4	True	-1	18.0	18.0	18.0	18a	5	104	False	False				False	78	I	Bb	I		I	I					M	False	False	(0, 4, 1)	()	0	0	major	major	I	I, major	I		I	I	False	I	I, major		I, major		I	-2	-2	-2	1	1	1	True	False	False
210.0	2.0	35.0	60	0	C	0.0	2.0	2	6	4	3.0	1.0	1/4	True	-1	18.0	18.0	18.0	18a	4	105	False	True				False	79	ii7	Bb	I		ii7	ii		7			mm7	False	False	(2, -1, 3, 0)	()	2	2	major	major	I	I, major	ii		I	I	False	ii7	ii7, major		ii7, major		ii	-2	-2	-2	2	2	2	True	True	True
210.0	2.0	35.0	60	0	C	0.0	2.0	2	6	4	4.0	1.0	1/4	True	-1	18.0	18.0	18.0	18a	4	105	False	True				False	79	ii7	Bb	I		ii7	ii		7			mm7	False	False	(2, -1, 3, 0)	()	2	2	major	major	I	I, major	ii		I	I	False	ii7	ii7, major		ii7, major		ii	-2	-2	-2	2	2	2	True	True	True
210.0	4.0	35.0	75	-3	E	-1.0	2.0	2	6	4	2.0	1.0	1/2	True	-1	18.0	18.0	18.0	18a	5	105	False	True				False	79	ii7	Bb	I		ii7	ii		7			mm7	False	False	(2, -1, 3, 0)	()	2	2	major	major	I	I, major	ii		I	I	False	ii7	ii7, major		ii7, major		ii	-2	-2	-2	-1	-1	-1	True	False	False
212.0	2.0	35.333	53	-1	F	0.0	2.333	0	6	4	3.0	1.0	1/4	True	-1	18.0	18.0	18.0	18a	3	106	False	True				False	80	V7	Bb	I		V7	V		7			Mm7	False	False	(1, 5, 2, -1)	()	1	1	major	major	I	I, major	V		I	I	False	V7	V7, major		V7, major		V	-2	-2	-2	1	1	1	True	True	True
212.0	2.0	35.333	53	-1	F	0.0	2.333	0	6	4	4.0	1.0	1/4	True	-1	18.0	18.0	18.0	18a	3	106	False	True				False	80	V7	Bb	I		V7	V		7			Mm7	False	False	(1, 5, 2, -1)	()	1	1	major	major	I	I, major	V		I	I	False	V7	V7, major		V7, major		V	-2	-2	-2	1	1	1	True	True	True
212.0	4.0	35.333	81	3	A	0.0	2.333	0	6	4	1.0	1.0	1/2	True	-1	18.0	18.0	18.0	18a	5	106	False	True				False	80	V7	Bb	I		V7	V		7			Mm7	False	False	(1, 5, 2, -1)	()	1	1	major	major	I	I, major	V		I	I	False	V7	V7, major		V7, major		V	-2	-2	-2	5	5	5	True	False	False
214.0	2.0	35.667	65	-1	F	0.0	2.667	0	6	4	3.0	1.0	1/4	True	-1	18.0	18.0	18.0	18a	4	107	False	True				False	81	V	Bb	I		V	V					M	False	False	(1, 5, 2)	()	1	1	major	major	I	I, major	V		I	I	False	V	V, major		V, major		V	-2	-2	-2	1	1	1	True	True	True
214.0	2.0	35.667	65	-1	F	0.0	2.667	0	6	4	4.0	1.0	1/4	True	-1	18.0	18.0	18.0	18a	4	107	False	True				False	81	V	Bb	I		V	V					M	False	False	(1, 5, 2)	()	1	1	major	major	I	I, major	V		I	I	False	V	V, major		V, major		V	-2	-2	-2	1	1	1	True	True	True
214.0	2.0	35.667	72	0	C	0.0	2.667	0	6	4	2.0	1.0	1/4	True	-1	18.0	18.0	18.0	18a	5	107	False	True				False	81	V	Bb	I		V	V					M	False	False	(1, 5, 2)	()	1	1	major	major	I	I, major	V		I	I	False	V	V, major		V, major		V	-2	-2	-2	2	2	2	True	False	False
216.0	4.0	36.0	58	-2	B	-1.0	1.0	1	6	4	3.0	1.0	1/2	True	-1	19.0	19.0	19.0	19a	3	108	False	True				False	82	IM7	Bb	I		IM7	I	M	7			MM7	False	False	(0, 4, 1, 5)	()	0	0	major	major	I	I, major	I		I	I	False	IM7	IM7, major		IM7, major		I	-2	-2	-2	0	0	0	True	True	True
216.0	4.0	36.0	58	-2	B	-1.0	1.0	1	6	4	4.0	1.0	1/2	True	-1	19.0	19.0	19.0	19a	3	108	False	True				False	82	IM7	Bb	I		IM7	I	M	7			MM7	False	False	(0, 4, 1, 5)	()	0	0	major	major	I	I, major	I		I	I	False	IM7	IM7, major		IM7, major		I	-2	-2	-2	0	0	0	True	True	True
216.0	4.0	36.0	74	2	D	0.0	1.0	1	6	4	2.0	1.0	1/2	True	-1	19.0	19.0	19.0	19a	5	108	False	True				False	82	IM7	Bb	I		IM7	I	M	7			MM7	False	False	(0, 4, 1, 5)	()	0	0	major	major	I	I, major	I		I	I	False	IM7	IM7, major		IM7, major		I	-2	-2	-2	4	4	4	True	False	False
216.0	2.0	36.0	81	3	A	0.0	1.0	1	6	4	1.0	1.0	1/4	False	-1	19.0	19.0	19.0	19a	5	108	False	True				False	82	IM7	Bb	I		IM7	I	M	7			MM7	False	False	(0, 4, 1, 5)	()	0	0	major	major	I	I, major	I		I	I	False	IM7	IM7, major		IM7, major		I	-2	-2	-2	5	5	5	True	False	False
218.0	6.0	36.333	79	1	G	0.0	1.333	0	6	4	1.0	1.0	3/4	True	-1	19.0	19.0	19.0	19a	5	109	False	True				False	83	vi6	Bb	I		vi6	vi		6			m	False	False	(0, 4, 3)	()	3	0	major	major	I	I, major	vi		I	I	False	vi6	vi6, major		vi6, major		vi	-2	-2	-2	3	3	3	True	True	False
220.0	2.0	36.667	63	-3	E	-1.0	1.667	0	6	4	3.0	1.0	1/4	True	-1	19.0	19.0	19.0	19a	4	110	False	True				False	84	IV	Bb	I		IV	IV					M	False	False	(-1, 3, 0)	()	-1	-1	major	major	I	I, major	IV		I	I	False	IV	IV, major		IV, major		IV	-2	-2	-2	-1	-1	-1	True	True	True
220.0	2.0	36.667	63	-3	E	-1.0	1.667	0	6	4	4.0	1.0	1/4	True	-1	19.0	19.0	19.0	19a	4	110	False	True				False	84	IV	Bb	I		IV	IV					M	False	False	(-1, 3, 0)	()	-1	-1	major	major	I	I, major	IV		I	I	False	IV	IV, major		IV, major		IV	-2	-2	-2	-1	-1	-1	True	True	True
220.0	2.0	36.667	70	-2	B	-1.0	1.667	0	6	4	2.0	1.0	1/4	True	-1	19.0	19.0	19.0	19a	4	110	False	True				False	84	IV	Bb	I		IV	IV					M	False	False	(-1, 3, 0)	()	-1	-1	major	major	I	I, major	IV		I	I	False	IV	IV, major		IV, major		IV	-2	-2	-2	0	0	0	True	False	False
222.0	4.0	37.0	57	3	A	0.0	2.0	2	6	4	3.0	1.0	1/2	True	-1	19.0	19.0	19.0	19a	3	111	False	True				False	85	vii%7	Bb	I		vii%7	vii	%	7			%7	False	False	(5, 2, -1, 3)	()	5	5	major	major	I	I, major	vii		I	I	False	vii%7	vii%7, major		vii%7, major		vii	-2	-2	-2	5	5	5	True	True	True
222.0	4.0	37.0	57	3	A	0.0	2.0	2	6	4	4.0	1.0	1/2	True	-1	19.0	19.0	19.0	19a	3	111	False	True				False	85	vii%7	Bb	I		vii%7	vii	%	7			%7	False	False	(5, 2, -1, 3)	()	5	5	major	major	I	I, major	vii		I	I	False	vii%7	vii%7, major		vii%7, major		vii	-2	-2	-2	5	5	5	True	True	True
222.0	4.0	37.0	72	0	C	0.0	2.0	2	6	4	2.0	1.0	1/2	True	-1	19.0	19.0	19.0	19a	5	111	False	True				False	85	vii%7	Bb	I		vii%7	vii	%	7			%7	False	False	(5, 2, -1, 3)	()	5	5	major	major	I	I, major	vii		I	I	False	vii%7	vii%7, major		vii%7, major		vii	-2	-2	-2	2	2	2	True	False	False
224.0	4.0	37.333	77	-1	F	0.0	2.333	0	6	4	1.0	1.0	1/2	True	-1	19.0	19.0	19.0	19a	5	112	False	True				False	86	V6	Bb	I		V6	V		6			M	False	False	(5, 2, 1)	()	1	5	major	major	I	I, major	V		I	I	False	V6	V6, major		V6, major		V	-2	-2	-2	1	1	1	True	True	False
226.0	2.0	37.667	62	2	D	0.0	2.667	0	6	4	3.0	1.0	1/4	True	-1	19.0	19.0	19.0	19a	4	113	False	True				False	87	iii	Bb	I		iii	iii					m	False	False	(4, 1, 5)	()	4	4	major	major	I	I, major	iii		I	I	False	iii	iii, major		iii, major		iii	-2	-2	-2	4	4	4	True	True	True
226.0	2.0	37.667	62	2	D	0.0	2.667	0	6	4	4.0	1.0	1/4	True	-1	19.0	19.0	19.0	19a	4	113	False	True				False	87	iii	Bb	I		iii	iii					m	False	False	(4, 1, 5)	()	4	4	major	major	I	I, major	iii		I	I	False	iii	iii, major		iii, major		iii	-2	-2	-2	4	4	4	True	True	True
226.0	2.0	37.667	69	3	A	0.0	2.667	0	6	4	2.0	1.0	1/4	True	-1	19.0	19.0	19.0	19a	4	113	False	True				False	87	iii	Bb	I		iii	iii					m	False	False	(4, 1, 5)	()	4	4	major	major	I	I, major	iii		I	I	False	iii	iii, major		iii, major		iii	-2	-2	-2	5	5	5	True	False	False
228.0	4.0	38.0	55	1	G	0.0	1.0	1	6	4	3.0	1.0	1/2	True	-1	20.0	20.0	20.0	20a	3	114	False	True				False	88	vi7	Bb	I		vi7	vi		7			mm7	False	False	(3, 0, 4, 1)	()	3	3	major	major	I	I, major	vi		I	I	False	vi7	vi7, major		vi7, major		vi	-2	-2	-2	3	3	3	True	True	True
228.0	4.0	38.0	55	1	G	0.0	1.0	1	6	4	4.0	1.0	1/2	True	-1	20.0	20.0	20.0	20a	3	114	False	True				False	88	vi7	Bb	I		vi7	vi		7			mm7	False	False	(3, 0, 4, 1)	()	3	3	major	major	I	I, major	vi		I	I	False	vi7	vi7, major		vi7, major		vi	-2	-2	-2	3	3	3	True	True	True
228.0	4.0	38.0	70	-2	B	-1.0	1.0	1	6	4	2.0	1.0	1/2	True	-1	20.0	20.0	20.0	20a	4	114	False	True				False	88	vi7	Bb	I		vi7	vi		7			mm7	False	False	(3, 0, 4, 1)	()	3	3	major	major	I	I, major	vi		I	I	False	vi7	vi7, major		vi7, major		vi	-2	-2	-2	0	0	0	True	False	False
228.0	2.0	38.0	77	-1	F	0.0	1.0	1	6	4	1.0	1.0	1/4	False	-1	20.0	20.0	20.0	20a	5	114	False	True				False	88	vi7	Bb	I		vi7	vi		7			mm7	False	False	(3, 0, 4, 1)	()	3	3	major	major	I	I, major	vi		I	I	False	vi7	vi7, major		vi7, major		vi	-2	-2	-2	1	1	1	True	False	False
230.0	6.0	38.333	75	-3	E	-1.0	1.333	0	6	4	1.0	1.0	3/4	True	-1	20.0	20.0	20.0	20a	5	115	False	True				False	89	IV6	Bb	I		IV6	IV		6			M	False	False	(3, 0, -1)	()	-1	3	major	major	I	I, major	IV		I	I	False	IV6	IV6, major		IV6, major		IV	-2	-2	-2	-1	-1	-1	True	True	False
232.0	2.0	38.667	60	0	C	0.0	1.667	0	6	4	3.0	1.0	1/4	True	-1	20.0	20.0	20.0	20a	4	116	False	True				False	90	ii	Bb	I		ii	ii					m	False	False	(2, -1, 3)	()	2	2	major	major	I	I, major	ii		I	I	False	ii	ii, major		ii, major		ii	-2	-2	-2	2	2	2	True	True	True
232.0	2.0	38.667	60	0	C	0.0	1.667	0	6	4	4.0	1.0	1/4	True	-1	20.0	20.0	20.0	20a	4	116	False	True				False	90	ii	Bb	I		ii	ii					m	False	False	(2, -1, 3)	()	2	2	major	major	I	I, major	ii		I	I	False	ii	ii, major		ii, major		ii	-2	-2	-2	2	2	2	True	True	True
232.0	2.0	38.667	67	1	G	0.0	1.667	0	6	4	2.0	1.0	1/4	True	-1	20.0	20.0	20.0	20a	4	116	False	True				False	90	ii	Bb	I		ii	ii					m	False	False	(2, -1, 3)	()	2	2	major	major	I	I, major	ii		I	I	False	ii	ii, major		ii, major		ii	-2	-2	-2	3	3	3	True	False	False
234.0	4.0	39.0	53	-1	F	0.0	2.0	2	6	4	3.0	1.0	1/2	True	-1	20.0	20.0	20.0	20a	3	117	False	True				False	91	V7	Bb	I		V7	V		7			Mm7	False	False	(1, 5, 2, -1)	()	1	1	major	major	I	I, major	V		I	I	False	V7	V7, major		V7, major		V	-2	-2	-2	1	1	1	True	True	True
234.0	4.0	39.0	53	-1	F	0.0	2.0	2	6	4	4.0	1.0	1/2	True	-1	20.0	20.0	20.0	20a	3	117	False	True				False	91	V7	Bb	I		V7	V		7			Mm7	False	False	(1, 5, 2, -1)	()	1	1	major	major	I	I, major	V		I	I	False	V7	V7, major		V7, major		V	-2	-2	-2	1	1	1	True	True	True
234.0	4.0	39.0	69	3	A	0.0	2.0	2	6	4	2.0	1.0	1/2	True	-1	20.0	20.0	20.0	20a	4	117	False	True				False	91	V7	Bb	I		V7	V		7			Mm7	False	False	(1, 5, 2, -1)	()	1	1	major	major	I	I, major	V		I	I	False	V7	V7, major		V7, major		V	-2	-2	-2	5	5	5	True	False	False
236.0	2.0	39.333	74	2	D	0.0	2.333	0	6	4	1.0	1.0	1/4	True	-1	20.0	20.0	20.0	20a	5	118	False	True				False	92	iii6	Bb	I		iii6	iii		6			m	False	False	(1, 5, 4)	()	4	1	major	major	I	I, major	iii		I	I	False	iii6	iii6, major		iii6, major		iii	-2	-2	-2	4	4	4	True	True	False
238.0	2.0	39.667	58	-2	B	-1.0	2.667	0	6	4	3.0	1.0	1/4	True	-1	20.0	20.0	20.0	20a	3	119	False	True				False	93	I	Bb	I		I	I					M	False	False	(0, 4, 1)	()	0	0	major	major	I	I, major	I		I	I	False	I	I, major		I, major		I	-2	-2	-2	0	0	0	True	True	True
238.0	2.0	39.667	58	-2	B	-1.0	2.667	0	6	4	4.0	1.0	1/4	True	-1	20.0	20.0	20.0	20a	3	119	False	True				False	93	I	Bb	I		I	I					M	False	False	(0, 4, 1)	()	0	0	major	major	I	I, major	I		I	I	False	I	I, major		I, major		I	-2	-2	-2	0	0	0	True	True	True
238.0	2.0	39.667	74	2	D	0.0	2.667	0	6	4	2.0	1.0	1/4	True	-1	20.0	20.0	20.0	20a	5	119	False	True				False	93	I	Bb	I		I	I					M	False	False	(0, 4, 1)	()	0	0	major	major	I	I, major	I		I	I	False	I	I, major		I, major		I	-2	-2	-2	4	4	4	True	False	False
238.0	2.0	39.667	77	-1	F	0.0	2.667	0	6	4	1.0	1.0	1/4	True	-1	20.0	20.0	20.0	20a	5	119	False	True				False	93	I	Bb	I		I	I					M	False	False	(0, 4, 1)	()	0	0	major	major	I	I, major	I		I	I	False	I	I, major		I, major		I	-2	-2	-2	1	1	1	True	False	False
240.0	4.0	40.0	51	-3	E	-1.0	1.0	1	6	4	3.0	1.0	1/2	True	-1	21.0	21.0	21.0	21a	3	120	False	True				False	94	IV	Bb	I		IV	IV					M	False	False	(-1, 3, 0)	()	-1	-1	major	major	I	I, major	IV		I	I	False	IV	IV, major		IV, major		IV	-2	-2	-2	-1	-1	-1	True	True	True
240.0	4.0	40.0	51	-3	E	-1.0	1.0	1	6	4	4.0	1.0	1/2	True	-1	21.0	21.0	21.0	21a	3	120	False	True				False	94	IV	Bb	I		IV	IV					M	False	False	(-1, 3, 0)	()	-1	-1	major	major	I	I, major	IV		I	I	False	IV	IV, major		IV, major		IV	-2	-2	-2	-1	-1	-1	True	True	True
240.0	2.0	40.0	67	1	G	0.0	1.0	1	6	4	1.0	1.0	1/4	True	-1	21.0	21.0	21.0	21a	4	120	False	True				False	94	IV	Bb	I		IV	IV					M	False	False	(-1, 3, 0)	()	-1	-1	major	major	I	I, major	IV		I	I	False	IV	IV, major		IV, major		IV	-2	-2	-2	3	3	3	True	False	False
240.0	2.0	40.0	70	-2	B	-1.0	1.0	1	6	4	2.0	1.0	1/4	True	-1	21.0	21.0	21.0	21a	4	120	False	True				False	94	IV	Bb	I		IV	IV					M	False	False	(-1, 3, 0)	()	-1	-1	major	major	I	I, major	IV		I	I	False	IV	IV, major		IV, major		IV	-2	-2	-2	0	0	0	True	False	False
242.0	2.0	40.333	69	3	A	0.0	1.333	0	6	4	1.0	1.0	1/4	True	-1	21.0	21.0	21.0	21a	4	121	False	True				False	95	viio64	Bb	I		viio64	vii	o	64			o	False	False	(-1, 5, 2)	()	5	-1	major	major	I	I, major	vii		I	I	False	viio64	viio64, major		viio64, major		vii	-2	-2	-2	5	5	5	True	True	False
242.0	2.0	40.333	72	0	C	0.0	1.333	0	6	4	2.0	1.0	1/4	True	-1	21.0	21.0	21.0	21a	5	121	False	True				False	95	viio64	Bb	I		viio64	vii	o	64			o	False	False	(-1, 5, 2)	()	5	-1	major	major	I	I, major	vii		I	I	False	viio64	viio64, major		viio64, major		vii	-2	-2	-2	2	2	2	True	False	False
244.0	2.0	40.667	46	-2	B	-1.0	1.667	0	6	4	3.0	1.0	1/4	True	-1	21.0	21.0	21.0	21a	2	122	False	True				False	96	I	Bb	I		I	I					M	False	False	(0, 4, 1)	()	0	0	major	major	I	I, major	I		I	I	False	I	I, major		I, major		I	-2	-2	-2	0	0	0	True	True	True
244.0	2.0	40.667	46	-2	B	-1.0	1.667	0	6	4	4.0	1.0	1/4	True	-1	21.0	21.0	21.0	21a	2	122	False	True				False	96	I	Bb	I		I	I					M	False	False	(0, 4, 1)	()	0	0	major	major	I	I, major	I		I	I	False	I	I, major		I, major		I	-2	-2	-2	0	0	0	True	True	True
244.0	2.0	40.667	70	-2	B	-1.0	1.667	0	6	4	1.0	1.0	1/4	True	-1	21.0	21.0	21.0	21a	4	122	False	True				False	96	I	Bb	I		I	I					M	False	False	(0, 4, 1)	()	0	0	major	major	I	I, major	I		I	I	False	I	I, major		I, major		I	-2	-2	-2	0	0	0	True	True	True
244.0	2.0	40.667	74	2	D	0.0	1.667	0	6	4	2.0	1.0	1/4	True	-1	21.0	21.0	21.0	21a	5	122	False	True				False	96	I	Bb	I		I	I					M	False	False	(0, 4, 1)	()	0	0	major	major	I	I, major	I		I	I	False	I	I, major		I, major		I	-2	-2	-2	4	4	4	True	False	False
246.0	6.0	41.0	53	-1	F	0.0	2.0	2	6	4	3.0	1.0	3/4	True	-1	21.0	21.0	21.0	21a	3	123	False	True				False	97	V(4)	Bb	I		V(4)	V			4		M	False	False	(1, 0, 2)	()	1	1	major	major	I	I, major	V		I	I	False	V	V, major		V(4), major		V	-2	-2	-2	1	1	1	True	True	True
246.0	6.0	41.0	53	-1	F	0.0	2.0	2	6	4	3.0	1.0	3/4	True	-1	21.0	21.0	21.0	21a	3	123	False	True				False	98	V	Bb	I		V	V					M	False	False	(1, 5, 2)	()	1	1	major	major	I	I, major	V		I	I	False	V	V, major		V, major		V	-2	-2	-2	1	1	1	True	True	True
246.0	6.0	41.0	53	-1	F	0.0	2.0	2	6	4	4.0	1.0	3/4	True	-1	21.0	21.0	21.0	21a	3	123	False	True				False	97	V(4)	Bb	I		V(4)	V			4		M	False	False	(1, 0, 2)	()	1	1	major	major	I	I, major	V		I	I	False	V	V, major		V(4), major		V	-2	-2	-2	1	1	1	True	True	True
246.0	6.0	41.0	53	-1	F	0.0	2.0	2	6	4	4.0	1.0	3/4	True	-1	21.0	21.0	21.0	21a	3	123	False	True				False	98	V	Bb	I		V	V					M	False	False	(1, 5, 2)	()	1	1	major	major	I	I, major	V		I	I	False	V	V, major		V, major		V	-2	-2	-2	1	1	1	True	True	True
246.0	4.0	41.0	72	0	C	0.0	2.0	2	6	4	2.0	1.0	1/2	True	-1	21.0	21.0	21.0	21a	5	123	False	True				False	97	V(4)	Bb	I		V(4)	V			4		M	False	False	(1, 0, 2)	()	1	1	major	major	I	I, major	V		I	I	False	V	V, major		V(4), major		V	-2	-2	-2	2	2	2	True	False	False
246.0	4.0	41.0	72	0	C	0.0	2.0	2	6	4	2.0	1.0	1/2	True	-1	21.0	21.0	21.0	21a	5	123	False	True				False	98	V	Bb	I		V	V					M	False	False	(1, 5, 2)	()	1	1	major	major	I	I, major	V		I	I	False	V	V, major		V, major		V	-2	-2	-2	2	2	2	True	False	False
248.0	2.0	41.333	69	3	A	0.0	2.333	0	6	4	1.0	1.0	1/4	True	-1	21.0	21.0	21.0	21a	4	124	False	False				False	98	V	Bb	I		V	V					M	False	False	(1, 5, 2)	()	1	1	major	major	I	I, major	V		I	I	False	V	V, major		V, major		V	-2	-2	-2	5	5	5	True	False	False
250.0	2.0	41.667	72	0	C	0.0	2.667	0	6	4	1.0	1.0	1/4	True	-1	21.0	21.0	21.0	21a	5	125	False	False				False	98	V	Bb	I		V	V					M	False	False	(1, 5, 2)	()	1	1	major	major	I	I, major	V		I	I	False	V	V, major		V, major		V	-2	-2	-2	2	2	2	True	False	False
250.0	2.0	41.667	77	-1	F	0.0	2.667	0	6	4	2.0	1.0	1/4	True	-1	21.0	21.0	21.0	21a	5	125	False	False				False	98	V	Bb	I		V	V					M	False	False	(1, 5, 2)	()	1	1	major	major	I	I, major	V		I	I	False	V	V, major		V, major		V	-2	-2	-2	1	1	1	True	True	True
252.0	6.0	42.0	46	-2	B	-1.0	1.0	1	6	4	3.0	1.0	3/4	True	-1	22.0	22.0	22.0	22a	2	126	False	True				False	99	I	Bb	I		I	I					M	False	False	(0, 4, 1)	()	0	0	major	major	I	I, major	I		I	I	False	I	I, major		I, major		I	-2	-2	-2	0	0	0	True	True	True
252.0	6.0	42.0	46	-2	B	-1.0	1.0	1	6	4	4.0	1.0	3/4	True	-1	22.0	22.0	22.0	22a	2	126	False	True				False	99	I	Bb	I		I	I					M	False	False	(0, 4, 1)	()	0	0	major	major	I	I, major	I		I	I	False	I	I, major		I, major		I	-2	-2	-2	0	0	0	True	True	True
252.0	4.0	42.0	74	2	D	0.0	1.0	1	6	4	2.0	1.0	1/2	True	-1	22.0	22.0	22.0	22a	5	126	False	True				False	99	I	Bb	I		I	I					M	False	False	(0, 4, 1)	()	0	0	major	major	I	I, major	I		I	I	False	I	I, major		I, major		I	-2	-2	-2	4	4	4	True	False	False
254.0	2.0	42.333	70	-2	B	-1.0	1.333	0	6	4	1.0	1.0	1/4	True	-1	22.0	22.0	22.0	22a	4	127	False	False				False	99	I	Bb	I		I	I					M	False	False	(0, 4, 1)	()	0	0	major	major	I	I, major	I		I	I	False	I	I, major		I, major		I	-2	-2	-2	0	0	0	True	True	True
256.0	2.0	42.667	70	-2	B	-1.0	1.667	0	6	4	2.0	1.0	1/4	True	-1	22.0	22.0	22.0	22a	4	128	False	False				False	99	I	Bb	I		I	I					M	False	False	(0, 4, 1)	()	0	0	major	major	I	I, major	I		I	I	False	I	I, major		I, major		I	-2	-2	-2	0	0	0	True	True	True
256.0	2.0	42.667	74	2	D	0.0	1.667	0	6	4	1.0	1.0	1/4	True	-1	22.0	22.0	22.0	22a	5	128	False	False				False	99	I	Bb	I		I	I					M	False	False	(0, 4, 1)	()	0	0	major	major	I	I, major	I		I	I	False	I	I, major		I, major		I	-2	-2	-2	4	4	4	True	False	False
258.0	6.0	43.0	53	-1	F	0.0	2.0	2	6	4	3.0	1.0	3/4	True	-1	22.0	22.0	22.0	22a	3	129	False	True				False	100	V	Bb	I		V	V					M	False	False	(1, 5, 2)	()	1	1	major	major	I	I, major	V		I	I	False	V	V, major		V, major		V	-2	-2	-2	1	1	1	True	True	True
258.0	6.0	43.0	53	-1	F	0.0	2.0	2	6	4	4.0	1.0	3/4	True	-1	22.0	22.0	22.0	22a	3	129	False	True				False	100	V	Bb	I		V	V					M	False	False	(1, 5, 2)	()	1	1	major	major	I	I, major	V		I	I	False	V	V, major		V, major		V	-2	-2	-2	1	1	1	True	True	True
258.0	4.0	43.0	69	3	A	0.0	2.0	2	6	4	2.0	1.0	1/2	True	-1	22.0	22.0	22.0	22a	4	129	False	True				False	100	V	Bb	I		V	V					M	False	False	(1, 5, 2)	()	1	1	major	major	I	I, major	V		I	I	False	V	V, major		V, major		V	-2	-2	-2	5	5	5	True	False	False
260.0	2.0	43.333	72	0	C	0.0	2.333	0	6	4	1.0	1.0	1/4	True	-1	22.0	22.0	22.0	22a	5	130	False	False				False	100	V	Bb	I		V	V					M	False	False	(1, 5, 2)	()	1	1	major	major	I	I, major	V		I	I	False	V	V, major		V, major		V	-2	-2	-2	2	2	2	True	False	False
262.0	2.0	43.667	72	0	C	0.0	2.667	0	6	4	2.0	1.0	1/4	True	-1	22.0	22.0	22.0	22a	5	131	False	True				False	101	V7	Bb	I		V7	V		7			Mm7	False	False	(1, 5, 2, -1)	()	1	1	major	major	I	I, major	V		I	I	False	V7	V7, major		V7, major		V	-2	-2	-2	2	2	2	True	False	False
262.0	2.0	43.667	75	-3	E	-1.0	2.667	0	6	4	1.0	1.0	1/4	True	-1	22.0	22.0	22.0	22a	5	131	False	True				False	101	V7	Bb	I		V7	V		7			Mm7	False	False	(1, 5, 2, -1)	()	1	1	major	major	I	I, major	V		I	I	False	V7	V7, major		V7, major		V	-2	-2	-2	-1	-1	-1	True	False	False
264.0	6.0	44.0	58	-2	B	-1.0	1.0	1	6	4	3.0	1.0	3/4	True	-1	23.0	23.0	23.0	23a	3	132	False	True				False	102	I(4)	Bb	I		I(4)	I			4		M	False	False	(0, -1, 1)	()	0	0	major	major	I	I, major	I		I	I	False	I	I, major		I(4), major		I	-2	-2	-2	0	0	0	True	True	True
264.0	6.0	44.0	58	-2	B	-1.0	1.0	1	6	4	3.0	1.0	3/4	True	-1	23.0	23.0	23.0	23a	3	132	False	True				False	103	I	Bb	I		I	I					M	False	False	(0, 4, 1)	()	0	0	major	major	I	I, major	I		I	I	False	I	I, major		I, major		I	-2	-2	-2	0	0	0	True	True	True
264.0	6.0	44.0	58	-2	B	-1.0	1.0	1	6	4	4.0	1.0	3/4	True	-1	23.0	23.0	23.0	23a	3	132	False	True				False	102	I(4)	Bb	I		I(4)	I			4		M	False	False	(0, -1, 1)	()	0	0	major	major	I	I, major	I		I	I	False	I	I, major		I(4), major		I	-2	-2	-2	0	0	0	True	True	True
264.0	6.0	44.0	58	-2	B	-1.0	1.0	1	6	4	4.0	1.0	3/4	True	-1	23.0	23.0	23.0	23a	3	132	False	True				False	103	I	Bb	I		I	I					M	False	False	(0, 4, 1)	()	0	0	major	major	I	I, major	I		I	I	False	I	I, major		I, major		I	-2	-2	-2	0	0	0	True	True	True
264.0	4.0	44.0	74	2	D	0.0	1.0	1	6	4	2.0	1.0	1/2	True	-1	23.0	23.0	23.0	23a	5	132	False	True				False	102	I(4)	Bb	I		I(4)	I			4		M	False	False	(0, -1, 1)	()	0	0	major	major	I	I, major	I		I	I	False	I	I, major		I(4), major		I	-2	-2	-2	4	4	4	False	False	False
264.0	4.0	44.0	74	2	D	0.0	1.0	1	6	4	2.0	1.0	1/2	True	-1	23.0	23.0	23.0	23a	5	132	False	True				False	103	I	Bb	I		I	I					M	False	False	(0, 4, 1)	()	0	0	major	major	I	I, major	I		I	I	False	I	I, major		I, major		I	-2	-2	-2	4	4	4	True	False	False
266.0	2.0	44.333	74	2	D	0.0	1.333	0	6	4	1.0	1.0	1/4	True	-1	23.0	23.0	23.0	23a	5	133	False	False				False	103	I	Bb	I		I	I					M	False	False	(0, 4, 1)	()	0	0	major	major	I	I, major	I		I	I	False	I	I, major		I, major		I	-2	-2	-2	4	4	4	True	False	False
268.0	2.0	44.667	77	-1	F	0.0	1.667	0	6	4	1.0	1.0	1/4	True	-1	23.0	23.0	23.0	23a	5	134	False	True				False	104	V.IV	Bb	V		IV	IV					M	False	False	(-1, 3, 0)	()	-1	-1	major	major	V	V, major	IV		V	V	False	IV	IV, major		IV, major		IV	-2	-1	-1	1	0	0	True	False	False
268.0	2.0	44.667	82	-2	B	-1.0	1.667	0	6	4	2.0	1.0	1/4	True	-1	23.0	23.0	23.0	23a	5	134	False	True				False	104	V.IV	Bb	V		IV	IV					M	False	False	(-1, 3, 0)	()	-1	-1	major	major	V	V, major	IV		V	V	False	IV	IV, major		IV, major		IV	-2	-1	-1	0	-1	-1	True	True	True
270.0	6.0	45.0	60	0	C	0.0	2.0	2	6	4	3.0	1.0	3/4	True	-1	23.0	23.0	23.0	23a	4	135	False	True				False	105	V(4)	Bb	V		V(4)	V			4		M	False	False	(1, 0, 2)	()	1	1	major	major	V	V, major	V		V	V	False	V	V, major		V(4), major		V	-2	-1	-1	2	1	1	True	True	True
270.0	6.0	45.0	60	0	C	0.0	2.0	2	6	4	3.0	1.0	3/4	True	-1	23.0	23.0	23.0	23a	4	135	False	True				False	106	V	Bb	V		V	V					M	False	False	(1, 5, 2)	()	1	1	major	major	V	V, major	V		V	V	False	V	V, major		V, major		V	-2	-1	-1	2	1	1	True	True	True
270.0	6.0	45.0	60	0	C	0.0	2.0	2	6	4	4.0	1.0	3/4	True	-1	23.0	23.0	23.0	23a	4	135	False	True				False	105	V(4)	Bb	V		V(4)	V			4		M	False	False	(1, 0, 2)	()	1	1	major	major	V	V, major	V		V	V	False	V	V, major		V(4), major		V	-2	-1	-1	2	1	1	True	True	True
270.0	6.0	45.0	60	0	C	0.0	2.0	2	6	4	4.0	1.0	3/4	True	-1	23.0	23.0	23.0	23a	4	135	False	True				False	106	V	Bb	V		V	V					M	False	False	(1, 5, 2)	()	1	1	major	major	V	V, major	V		V	V	False	V	V, major		V, major		V	-2	-1	-1	2	1	1	True	True	True
270.0	4.0	45.0	79	1	G	0.0	2.0	2	6	4	2.0	1.0	1/2	True	-1	23.0	23.0	23.0	23a	5	135	False	True				False	105	V(4)	Bb	V		V(4)	V			4		M	False	False	(1, 0, 2)	()	1	1	major	major	V	V, major	V		V	V	False	V	V, major		V(4), major		V	-2	-1	-1	3	2	2	True	False	False
270.0	4.0	45.0	79	1	G	0.0	2.0	2	6	4	2.0	1.0	1/2	True	-1	23.0	23.0	23.0	23a	5	135	False	True				False	106	V	Bb	V		V	V					M	False	False	(1, 5, 2)	()	1	1	major	major	V	V, major	V		V	V	False	V	V, major		V, major		V	-2	-1	-1	3	2	2	True	False	False
272.0	2.0	45.333	76	4	E	0.0	2.333	0	6	4	1.0	1.0	1/4	True	-1	23.0	23.0	23.0	23a	5	136	False	False				False	106	V	Bb	V		V	V					M	False	False	(1, 5, 2)	()	1	1	major	major	V	V, major	V		V	V	False	V	V, major		V, major		V	-2	-1	-1	6	5	5	True	False	False
274.0	2.0	45.667	79	1	G	0.0	2.667	0	6	4	1.0	1.0	1/4	True	-1	23.0	23.0	23.0	23a	5	137	False	False				False	106	V	Bb	V		V	V					M	False	False	(1, 5, 2)	()	1	1	major	major	V	V, major	V		V	V	False	V	V, major		V, major		V	-2	-1	-1	3	2	2	True	False	False
274.0	2.0	45.667	84	0	C	0.0	2.667	0	6	4	2.0	1.0	1/4	True	-1	23.0	23.0	23.0	23a	6	137	False	False				False	106	V	Bb	V		V	V					M	False	False	(1, 5, 2)	()	1	1	major	major	V	V, major	V		V	V	False	V	V, major		V, major		V	-2	-1	-1	2	1	1	True	True	True
276.0	6.0	46.0	53	-1	F	0.0	1.0	1	6	4	3.0	1.0	3/4	True	-1	24.0	24.0	24.0	24a	3	138	False	True				False	107	I(9)	Bb	V		I(9)	I			9		M	False	False	(0, 4, 1)	(2,)	0	0	major	major	V	V, major	I		V	V	False	I	I, major		I(9), major		I	-2	-1	-1	1	0	0	True	True	True
276.0	6.0	46.0	53	-1	F	0.0	1.0	1	6	4	3.0	1.0	3/4	True	-1	24.0	24.0	24.0	24a	3	138	False	True				False	108	I	Bb	V		I	I					M	False	False	(0, 4, 1)	()	0	0	major	major	V	V, major	I		V	V	False	I	I, major		I, major		I	-2	-1	-1	1	0	0	True	True	True
276.0	6.0	46.0	53	-1	F	0.0	1.0	1	6	4	4.0	1.0	3/4	True	-1	24.0	24.0	24.0	24a	3	138	False	True				False	107	I(9)	Bb	V		I(9)	I			9		M	False	False	(0, 4, 1)	(2,)	0	0	major	major	V	V, major	I		V	V	False	I	I, major		I(9), major		I	-2	-1	-1	1	0	0	True	True	True
276.0	6.0	46.0	53	-1	F	0.0	1.0	1	6	4	4.0	1.0	3/4	True	-1	24.0	24.0	24.0	24a	3	138	False	True				False	108	I	Bb	V		I	I					M	False	False	(0, 4, 1)	()	0	0	major	major	V	V, major	I		V	V	False	I	I, major		I, major		I	-2	-1	-1	1	0	0	True	True	True
276.0	4.0	46.0	81	3	A	0.0	1.0	1	6	4	2.0	1.0	1/2	True	-1	24.0	24.0	24.0	24a	5	138	False	True				False	107	I(9)	Bb	V		I(9)	I			9		M	False	False	(0, 4, 1)	(2,)	0	0	major	major	V	V, major	I		V	V	False	I	I, major		I(9), major		I	-2	-1	-1	5	4	4	True	False	False
276.0	4.0	46.0	81	3	A	0.0	1.0	1	6	4	2.0	1.0	1/2	True	-1	24.0	24.0	24.0	24a	5	138	False	True				False	108	I	Bb	V		I	I					M	False	False	(0, 4, 1)	()	0	0	major	major	V	V, major	I		V	V	False	I	I, major		I, major		I	-2	-1	-1	5	4	4	True	False	False
278.0	2.0	46.333	77	-1	F	0.0	1.333	0	6	4	1.0	1.0	1/4	True	-1	24.0	24.0	24.0	24a	5	139	False	False				False	108	I	Bb	V		I	I					M	False	False	(0, 4, 1)	()	0	0	major	major	V	V, major	I		V	V	False	I	I, major		I, major		I	-2	-1	-1	1	0	0	True	True	True
280.0	2.0	46.667	72	0	C	0.0	1.667	0	6	4	2.0	1.0	1/4	True	-1	24.0	24.0	24.0	24a	5	140	False	False				False	108	I	Bb	V		I	I					M	False	False	(0, 4, 1)	()	0	0	major	major	V	V, major	I		V	V	False	I	I, major		I, major		I	-2	-1	-1	2	1	1	True	False	False
280.0	2.0	46.667	81	3	A	0.0	1.667	0	6	4	1.0	1.0	1/4	True	-1	24.0	24.0	24.0	24a	5	140	False	False				False	108	I	Bb	V		I	I					M	False	False	(0, 4, 1)	()	0	0	major	major	V	V, major	I		V	V	False	I	I, major		I, major		I	-2	-1	-1	5	4	4	True	False	False
282.0	6.0	47.0	46	-2	B	-1.0	2.0	2	6	4	3.0	1.0	3/4	True	-1	24.0	24.0	24.0	24a	2	141	False	True				False	109	vi6(2)	Bb	V		vi6(2)	vi		6	2		m	False	False	(0, 4, 5)	()	3	0	major	major	V	V, major	vi		V	V	False	vi6	vi6, major		vi6(2), major		vi	-2	-1	-1	0	-1	-1	False	False	False
282.0	6.0	47.0	46	-2	B	-1.0	2.0	2	6	4	3.0	1.0	3/4	True	-1	24.0	24.0	24.0	24a	2	141	False	True				False	110	vi6	Bb	V		vi6	vi		6			m	False	False	(0, 4, 3)	()	3	0	major	major	V	V, major	vi		V	V	False	vi6	vi6, major		vi6, major		vi	-2	-1	-1	0	-1	-1	False	False	False
282.0	6.0	47.0	46	-2	B	-1.0	2.0	2	6	4	4.0	1.0	3/4	True	-1	24.0	24.0	24.0	24a	2	141	False	True				False	109	vi6(2)	Bb	V		vi6(2)	vi		6	2		m	False	False	(0, 4, 5)	()	3	0	major	major	V	V, major	vi		V	V	False	vi6	vi6, major		vi6(2), major		vi	-2	-1	-1	0	-1	-1	False	False	False
282.0	6.0	47.0	46	-2	B	-1.0	2.0	2	6	4	4.0	1.0	3/4	True	-1	24.0	24.0	24.0	24a	2	141	False	True				False	110	vi6	Bb	V		vi6	vi		6			m	False	False	(0, 4, 3)	()	3	0	major	major	V	V, major	vi		V	V	False	vi6	vi6, major		vi6, major		vi	-2	-1	-1	0	-1	-1	False	False	False
282.0	4.0	47.0	74	2	D	0.0	2.0	2	6	4	2.0	1.0	1/2	True	-1	24.0	24.0	24.0	24a	5	141	False	True				False	109	vi6(2)	Bb	V		vi6(2)	vi		6	2		m	False	False	(0, 4, 5)	()	3	0	major	major	V	V, major	vi		V	V	False	vi6	vi6, major		vi6(2), major		vi	-2	-1	-1	4	3	3	False	True	False
282.0	4.0	47.0	74	2	D	0.0	2.0	2	6	4	2.0	1.0	1/2	True	-1	24.0	24.0	24.0	24a	5	141	False	True				False	110	vi6	Bb	V		vi6	vi		6			m	False	False	(0, 4, 3)	()	3	0	major	major	V	V, major	vi		V	V	False	vi6	vi6, major		vi6, major		vi	-2	-1	-1	4	3	3	True	True	False
284.0	2.0	47.333	79	1	G	0.0	2.333	0	6	4	1.0	1.0	1/4	True	-1	24.0	24.0	24.0	24a	5	142	False	False				False	110	vi6	Bb	V		vi6	vi		6			m	False	False	(0, 4, 3)	()	3	0	major	major	V	V, major	vi		V	V	False	vi6	vi6, major		vi6, major		vi	-2	-1	-1	3	2	2	False	False	False
286.0	2.0	47.667	70	-2	B	-1.0	2.667	0	6	4	2.0	1.0	1/4	True	-1	24.0	24.0	24.0	24a	4	143	False	False				False	110	vi6	Bb	V		vi6	vi		6			m	False	False	(0, 4, 3)	()	3	0	major	major	V	V, major	vi		V	V	False	vi6	vi6, major		vi6, major		vi	-2	-1	-1	0	-1	-1	False	False	False
286.0	2.0	47.667	82	-2	B	-1.0	2.667	0	6	4	1.0	1.0	1/4	True	-1	24.0	24.0	24.0	24a	5	143	False	False				False	110	vi6	Bb	V		vi6	vi		6			m	False	False	(0, 4, 3)	()	3	0	major	major	V	V, major	vi		V	V	False	vi6	vi6, major		vi6, major		vi	-2	-1	-1	0	-1	-1	False	False	False
288.0	4.0	48.0	48	0	C	0.0	1.0	1	6	4	3.0	1.0	1/2	True	-1	25.0	25.0	25.0	25a	3	144	False	True				False	111	V7	Bb	V		V7	V		7			Mm7	False	False	(1, 5, 2, -1)	()	1	1	major	major	V	V, major	V		V	V	False	V7	V7, major		V7, major		V	-2	-1	-1	2	1	1	True	True	True
288.0	4.0	48.0	48	0	C	0.0	1.0	1	6	4	4.0	1.0	1/2	True	-1	25.0	25.0	25.0	25a	3	144	False	True				False	111	V7	Bb	V		V7	V		7			Mm7	False	False	(1, 5, 2, -1)	()	1	1	major	major	V	V, major	V		V	V	False	V7	V7, major		V7, major		V	-2	-1	-1	2	1	1	True	True	True
288.0	4.0	48.0	70	-2	B	-1.0	1.0	1	6	4	2.0	1.0	1/2	True	-1	25.0	25.0	25.0	25a	4	144	False	True				False	111	V7	Bb	V		V7	V		7			Mm7	False	False	(1, 5, 2, -1)	()	1	1	major	major	V	V, major	V		V	V	False	V7	V7, major		V7, major		V	-2	-1	-1	0	-1	-1	True	False	False
288.0	4.0	48.0	76	4	E	0.0	1.0	1	6	4	1.0	1.0	1/2	True	-1	25.0	25.0	25.0	25a	5	144	False	True				False	111	V7	Bb	V		V7	V		7			Mm7	False	False	(1, 5, 2, -1)	()	1	1	major	major	V	V, major	V		V	V	False	V7	V7, major		V7, major		V	-2	-1	-1	6	5	5	True	False	False
292.0	4.0	48.667	46	-2	B	-1.0	1.667	0	6	4	3.0	1.0	1/2	True	-1	25.0	25.0	25.0	25a	2	146	False	True				False	112	IVM7	Bb	V		IVM7	IV	M	7			MM7	False	False	(-1, 3, 0, 4)	()	-1	-1	major	major	V	V, major	IV		V	V	False	IVM7	IVM7, major		IVM7, major		IV	-2	-1	-1	0	-1	-1	True	True	True
292.0	4.0	48.667	46	-2	B	-1.0	1.667	0	6	4	4.0	1.0	1/2	True	-1	25.0	25.0	25.0	25a	2	146	False	True				False	112	IVM7	Bb	V		IVM7	IV	M	7			MM7	False	False	(-1, 3, 0, 4)	()	-1	-1	major	major	V	V, major	IV		V	V	False	IVM7	IVM7, major		IVM7, major		IV	-2	-1	-1	0	-1	-1	True	True	True
292.0	4.0	48.667	69	3	A	0.0	1.667	0	6	4	2.0	1.0	1/2	True	-1	25.0	25.0	25.0	25a	4	146	False	True				False	112	IVM7	Bb	V		IVM7	IV	M	7			MM7	False	False	(-1, 3, 0, 4)	()	-1	-1	major	major	V	V, major	IV		V	V	False	IVM7	IVM7, major		IVM7, major		IV	-2	-1	-1	5	4	4	True	False	False
292.0	4.0	48.667	77	-1	F	0.0	1.667	0	6	4	1.0	1.0	1/2	True	-1	25.0	25.0	25.0	25a	5	146	False	True				False	112	IVM7	Bb	V		IVM7	IV	M	7			MM7	False	False	(-1, 3, 0, 4)	()	-1	-1	major	major	V	V, major	IV		V	V	False	IVM7	IVM7, major		IVM7, major		IV	-2	-1	-1	1	0	0	True	False	False
296.0	4.0	49.333	48	0	C	0.0	2.333	0	6	4	3.0	1.0	1/2	True	-1	25.0	25.0	25.0	25a	3	148	False	True				False	113	V(4)	Bb	V		V(4)	V			4		M	False	False	(1, 0, 2)	()	1	1	major	major	V	V, major	V		V	V	False	V	V, major		V(4), major		V	-2	-1	-1	2	1	1	True	True	True
296.0	4.0	49.333	48	0	C	0.0	2.333	0	6	4	4.0	1.0	1/2	True	-1	25.0	25.0	25.0	25a	3	148	False	True				False	113	V(4)	Bb	V		V(4)	V			4		M	False	False	(1, 0, 2)	()	1	1	major	major	V	V, major	V		V	V	False	V	V, major		V(4), major		V	-2	-1	-1	2	1	1	True	True	True
296.0	4.0	49.333	67	1	G	0.0	2.333	0	6	4	2.0	1.0	1/2	True	-1	25.0	25.0	25.0	25a	4	148	False	True				False	113	V(4)	Bb	V		V(4)	V			4		M	False	False	(1, 0, 2)	()	1	1	major	major	V	V, major	V		V	V	False	V	V, major		V(4), major		V	-2	-1	-1	3	2	2	True	False	False
296.0	3.0	49.333	77	-1	F	0.0	2.333	0	6	4	1.0	1.0	3/8	True	-1	25.0	25.0	25.0	25a	5	148	False	True				False	113	V(4)	Bb	V		V(4)	V			4		M	False	False	(1, 0, 2)	()	1	1	major	major	V	V, major	V		V	V	False	V	V, major		V(4), major		V	-2	-1	-1	1	0	0	True	False	False
299.0	1.0	49.833	76	4	E	0.0	2.833	0	6	4	1.0	1.0	1/8	True	-1	25.0	25.0	25.0	25a	5	299/2	False	True				False	114	V	Bb	V		V	V					M	False	False	(1, 5, 2)	()	1	1	major	major	V	V, major	V		V	V	False	V	V, major		V, major		V	-2	-1	-1	6	5	5	True	False	False
300.0	6.0	50.0	53	-1	F	0.0	1.0	1	6	4	3.0	1.0	3/4	True	-1	26.0	26.0	26.0	26a	3	150	False	True	PAC	PAC	}{	True	115	I|PAC}{	Bb	V		I	I					M	False	False	(0, 4, 1)	()	0	0	major	major	V	V, major	I		V	V	False	I	I, major		I, major		I	-2	-1	-1	1	0	0	True	True	True
300.0	6.0	50.0	53	-1	F	0.0	1.0	1	6	4	4.0	1.0	3/4	True	-1	26.0	26.0	26.0	26a	3	150	False	True	PAC	PAC	}{	True	115	I|PAC}{	Bb	V		I	I					M	False	False	(0, 4, 1)	()	0	0	major	major	V	V, major	I		V	V	False	I	I, major		I, major		I	-2	-1	-1	1	0	0	True	True	True
300.0	2.0	50.0	65	-1	F	0.0	1.0	1	6	4	2.0	1.0	1/4	True	-1	26.0	26.0	26.0	26a	4	150	False	True	PAC	PAC	}{	True	115	I|PAC}{	Bb	V		I	I					M	False	False	(0, 4, 1)	()	0	0	major	major	V	V, major	I		V	V	False	I	I, major		I, major		I	-2	-1	-1	1	0	0	True	True	True
300.0	6.0	50.0	77	-1	F	0.0	1.0	1	6	4	1.0	1.0	3/4	True	-1	26.0	26.0	26.0	26a	5	150	False	True	PAC	PAC	}{	True	115	I|PAC}{	Bb	V		I	I					M	False	False	(0, 4, 1)	()	0	0	major	major	V	V, major	I		V	V	False	I	I, major		I, major		I	-2	-1	-1	1	0	0	True	True	True
302.0	1.0	50.333	69	3	A	0.0	1.333	0	6	4	2.0	1.0	1/8	True	-1	26.0	26.0	26.0	26a	4	151	False	False				False	115	I|PAC}{	Bb	V		I	I					M	False	False	(0, 4, 1)	()	0	0	major	major	V	V, major	I		V	V	False	I	I, major		I, major		I	-2	-1	-1	5	4	4	True	False	False
303.0	1.0	50.5	67	1	G	0.0	1.5	0	6	4	2.0	1.0	1/8	True	-1	26.0	26.0	26.0	26a	4	303/2	False	False				False	115	I|PAC}{	Bb	V		I	I					M	False	False	(0, 4, 1)	()	0	0	major	major	V	V, major	I		V	V	False	I	I, major		I, major		I	-2	-1	-1	3	2	2	False	False	False
304.0	2.0	50.667	65	-1	F	0.0	1.667	0	6	4	2.0	1.0	1/4	True	-1	26.0	26.0	26.0	26a	4	152	False	False				False	115	I|PAC}{	Bb	V		I	I					M	False	False	(0, 4, 1)	()	0	0	major	major	V	V, major	I		V	V	False	I	I, major		I, major		I	-2	-1	-1	1	0	0	True	True	True
306.0	6.0	51.0	52	4	E	0.0	2.0	2	6	4	3.0	1.0	3/4	True	-1	26.0	26.0	26.0	26a	3	153	False	True				False	116	V6	Bb	V		V6	V		6			M	False	False	(5, 2, 1)	()	1	5	major	major	V	V, major	V		V	V	False	V6	V6, major		V6, major		V	-2	-1	-1	6	5	5	True	False	True
306.0	6.0	51.0	52	4	E	0.0	2.0	2	6	4	4.0	1.0	3/4	True	-1	26.0	26.0	26.0	26a	3	153	False	True				False	116	V6	Bb	V		V6	V		6			M	False	False	(5, 2, 1)	()	1	5	major	major	V	V, major	V		V	V	False	V6	V6, major		V6, major		V	-2	-1	-1	6	5	5	True	False	True
306.0	2.0	51.0	67	1	G	0.0	2.0	2	6	4	2.0	1.0	1/4	True	-1	26.0	26.0	26.0	26a	4	153	False	True				False	116	V6	Bb	V		V6	V		6			M	False	False	(5, 2, 1)	()	1	5	major	major	V	V, major	V		V	V	False	V6	V6, major		V6, major		V	-2	-1	-1	3	2	2	True	False	False
308.0	2.0	51.333	60	0	C	0.0	2.333	0	6	4	2.0	1.0	1/4	True	-1	26.0	26.0	26.0	26a	4	154	False	False				False	116	V6	Bb	V		V6	V		6			M	False	False	(5, 2, 1)	()	1	5	major	major	V	V, major	V		V	V	False	V6	V6, major		V6, major		V	-2	-1	-1	2	1	1	True	True	False
310.0	2.0	51.667	72	0	C	0.0	2.667	0	6	4	2.0	1.0	1/4	True	-1	26.0	26.0	26.0	26a	5	155	False	False				False	116	V6	Bb	V		V6	V		6			M	False	False	(5, 2, 1)	()	1	5	major	major	V	V, major	V		V	V	False	V6	V6, major		V6, major		V	-2	-1	-1	2	1	1	True	True	False
312.0	6.0	52.0	50	2	D	0.0	1.0	1	6	4	3.0	1.0	3/4	True	-1	27.0	27.0	27.0	27a	3	156	False	True				False	117	vi	Bb	V		vi	vi					m	False	False	(3, 0, 4)	()	3	3	major	major	V	V, major	vi		V	V	False	vi	vi, major		vi, major		vi	-2	-1	-1	4	3	3	True	True	True
312.0	6.0	52.0	50	2	D	0.0	1.0	1	6	4	4.0	1.0	3/4	True	-1	27.0	27.0	27.0	27a	3	156	False	True				False	117	vi	Bb	V		vi	vi					m	False	False	(3, 0, 4)	()	3	3	major	major	V	V, major	vi		V	V	False	vi	vi, major		vi, major		vi	-2	-1	-1	4	3	3	True	True	True
312.0	2.0	52.0	65	-1	F	0.0	1.0	1	6	4	1.0	1.0	1/4	True	-1	27.0	27.0	27.0	27a	4	156	False	True				False	117	vi	Bb	V		vi	vi					m	False	False	(3, 0, 4)	()	3	3	major	major	V	V, major	vi		V	V	False	vi	vi, major		vi, major		vi	-2	-1	-1	1	0	0	True	False	False
312.0	2.0	52.0	65	-1	F	0.0	1.0	1	6	4	2.0	1.0	1/4	True	-1	27.0	27.0	27.0	27a	4	156	False	True				False	117	vi	Bb	V		vi	vi					m	False	False	(3, 0, 4)	()	3	3	major	major	V	V, major	vi		V	V	False	vi	vi, major		vi, major		vi	-2	-1	-1	1	0	0	True	False	False
314.0	1.0	52.333	69	3	A	0.0	1.333	0	6	4	1.0	1.0	1/8	True	-1	27.0	27.0	27.0	27a	4	157	False	False				False	117	vi	Bb	V		vi	vi					m	False	False	(3, 0, 4)	()	3	3	major	major	V	V, major	vi		V	V	False	vi	vi, major		vi, major		vi	-2	-1	-1	5	4	4	True	False	False
314.0	6.0	52.333	77	-1	F	0.0	1.333	0	6	4	2.0	1.0	3/4	True	-1	27.0	27.0	27.0	27a	5	157	False	False				False	117	vi	Bb	V		vi	vi					m	False	False	(3, 0, 4)	()	3	3	major	major	V	V, major	vi		V	V	False	vi	vi, major		vi, major		vi	-2	-1	-1	1	0	0	True	False	False
315.0	1.0	52.5	67	1	G	0.0	1.5	0	6	4	1.0	1.0	1/8	True	-1	27.0	27.0	27.0	27a	4	315/2	False	False				False	117	vi	Bb	V		vi	vi					m	False	False	(3, 0, 4)	()	3	3	major	major	V	V, major	vi		V	V	False	vi	vi, major		vi, major		vi	-2	-1	-1	3	2	2	False	False	False
316.0	2.0	52.667	65	-1	F	0.0	1.667	0	6	4	1.0	1.0	1/4	True	-1	27.0	27.0	27.0	27a	4	158	False	False				False	117	vi	Bb	V		vi	vi					m	False	False	(3, 0, 4)	()	3	3	major	major	V	V, major	vi		V	V	False	vi	vi, major		vi, major		vi	-2	-1	-1	1	0	0	True	False	False
318.0	4.0	53.0	48	0	C	0.0	2.0	2	6	4	3.0	1.0	1/2	True	-1	27.0	27.0	27.0	27a	3	159	False	True				False	118	V(4)	Bb	V		V(4)	V			4		M	False	False	(1, 0, 2)	()	1	1	major	major	V	V, major	V		V	V	False	V	V, major		V(4), major		V	-2	-1	-1	2	1	1	True	True	True
318.0	4.0	53.0	48	0	C	0.0	2.0	2	6	4	4.0	1.0	1/2	True	-1	27.0	27.0	27.0	27a	3	159	False	True				False	118	V(4)	Bb	V		V(4)	V			4		M	False	False	(1, 0, 2)	()	1	1	major	major	V	V, major	V		V	V	False	V	V, major		V(4), major		V	-2	-1	-1	2	1	1	True	True	True
318.0	2.0	53.0	67	1	G	0.0	2.0	2	6	4	1.0	1.0	1/4	True	-1	27.0	27.0	27.0	27a	4	159	False	True				False	118	V(4)	Bb	V		V(4)	V			4		M	False	False	(1, 0, 2)	()	1	1	major	major	V	V, major	V		V	V	False	V	V, major		V(4), major		V	-2	-1	-1	3	2	2	True	False	False
320.0	2.0	53.333	60	0	C	0.0	2.333	0	6	4	1.0	1.0	1/4	True	-1	27.0	27.0	27.0	27a	4	160	False	False				False	118	V(4)	Bb	V		V(4)	V			4		M	False	False	(1, 0, 2)	()	1	1	major	major	V	V, major	V		V	V	False	V	V, major		V(4), major		V	-2	-1	-1	2	1	1	True	True	True
320.0	1.0	53.333	79	1	G	0.0	2.333	0	6	4	2.0	1.0	1/8	True	-1	27.0	27.0	27.0	27a	5	160	False	False				False	118	V(4)	Bb	V		V(4)	V			4		M	False	False	(1, 0, 2)	()	1	1	major	major	V	V, major	V		V	V	False	V	V, major		V(4), major		V	-2	-1	-1	3	2	2	True	False	False
321.0	1.0	53.5	77	-1	F	0.0	2.5	0	6	4	2.0	1.0	1/8	True	-1	27.0	27.0	27.0	27a	5	321/2	False	False				False	118	V(4)	Bb	V		V(4)	V			4		M	False	False	(1, 0, 2)	()	1	1	major	major	V	V, major	V		V	V	False	V	V, major		V(4), major		V	-2	-1	-1	1	0	0	True	False	False
322.0	2.0	53.667	72	0	C	0.0	2.667	0	6	4	1.0	1.0	1/4	True	-1	27.0	27.0	27.0	27a	5	161	False	True				False	119	V	Bb	V		V	V					M	False	False	(1, 5, 2)	()	1	1	major	major	V	V, major	V		V	V	False	V	V, major		V, major		V	-2	-1	-1	2	1	1	True	True	True
322.0	2.0	53.667	76	4	E	0.0	2.667	0	6	4	2.0	1.0	1/4	True	-1	27.0	27.0	27.0	27a	5	161	False	True				False	119	V	Bb	V		V	V					M	False	False	(1, 5, 2)	()	1	1	major	major	V	V, major	V		V	V	False	V	V, major		V, major		V	-2	-1	-1	6	5	5	True	False	False
324.0	2.0	54.0	53	-1	F	0.0	1.0	1	6	4	3.0	1.0	1/4	True	-1	28.0	28.0	28.0	28a	3	162	False	True				False	120	I	Bb	V		I	I					M	False	False	(0, 4, 1)	()	0	0	major	major	V	V, major	I		V	V	False	I	I, major		I, major		I	-2	-1	-1	1	0	0	True	True	True
324.0	2.0	54.0	53	-1	F	0.0	1.0	1	6	4	4.0	1.0	1/4	True	-1	28.0	28.0	28.0	28a	3	162	False	True				False	120	I	Bb	V		I	I					M	False	False	(0, 4, 1)	()	0	0	major	major	V	V, major	I		V	V	False	I	I, major		I, major		I	-2	-1	-1	1	0	0	True	True	True
324.0	2.0	54.0	65	-1	F	0.0	1.0	1	6	4	1.0	1.0	1/4	True	-1	28.0	28.0	28.0	28a	4	162	False	True				False	120	I	Bb	V		I	I					M	False	False	(0, 4, 1)	()	0	0	major	major	V	V, major	I		V	V	False	I	I, major		I, major		I	-2	-1	-1	1	0	0	True	True	True
324.0	6.0	54.0	81	3	A	0.0	1.0	1	6	4	2.0	1.0	3/4	True	-1	28.0	28.0	28.0	28a	5	162	False	True				False	120	I	Bb	V		I	I					M	False	False	(0, 4, 1)	()	0	0	major	major	V	V, major	I		V	V	False	I	I, major		I, major		I	-2	-1	-1	5	4	4	True	False	False
326.0	1.0	54.333	57	3	A	0.0	1.333	0	6	4	3.0	1.0	1/8	True	-1	28.0	28.0	28.0	28a	3	163	False	False				False	120	I	Bb	V		I	I					M	False	False	(0, 4, 1)	()	0	0	major	major	V	V, major	I		V	V	False	I	I, major		I, major		I	-2	-1	-1	5	4	4	True	False	False
326.0	1.0	54.333	57	3	A	0.0	1.333	0	6	4	4.0	1.0	1/8	True	-1	28.0	28.0	28.0	28a	3	163	False	False				False	120	I	Bb	V		I	I					M	False	False	(0, 4, 1)	()	0	0	major	major	V	V, major	I		V	V	False	I	I, major		I, major		I	-2	-1	-1	5	4	4	True	False	False
326.0	6.0	54.333	77	-1	F	0.0	1.333	0	6	4	1.0	1.0	3/4	True	-1	28.0	28.0	28.0	28a	5	163	False	False				False	120	I	Bb	V		I	I					M	False	False	(0, 4, 1)	()	0	0	major	major	V	V, major	I		V	V	False	I	I, major		I, major		I	-2	-1	-1	1	0	0	True	True	True
327.0	1.0	54.5	55	1	G	0.0	1.5	0	6	4	3.0	1.0	1/8	True	-1	28.0	28.0	28.0	28a	3	327/2	False	False				False	120	I	Bb	V		I	I					M	False	False	(0, 4, 1)	()	0	0	major	major	V	V, major	I		V	V	False	I	I, major		I, major		I	-2	-1	-1	3	2	2	False	False	False
327.0	1.0	54.5	55	1	G	0.0	1.5	0	6	4	4.0	1.0	1/8	True	-1	28.0	28.0	28.0	28a	3	327/2	False	False				False	120	I	Bb	V		I	I					M	False	False	(0, 4, 1)	()	0	0	major	major	V	V, major	I		V	V	False	I	I, major		I, major		I	-2	-1	-1	3	2	2	False	False	False
328.0	2.0	54.667	53	-1	F	0.0	1.667	0	6	4	3.0	1.0	1/4	True	-1	28.0	28.0	28.0	28a	3	164	False	False				False	120	I	Bb	V		I	I					M	False	False	(0, 4, 1)	()	0	0	major	major	V	V, major	I		V	V	False	I	I, major		I, major		I	-2	-1	-1	1	0	0	True	True	True
328.0	2.0	54.667	53	-1	F	0.0	1.667	0	6	4	4.0	1.0	1/4	True	-1	28.0	28.0	28.0	28a	3	164	False	False				False	120	I	Bb	V		I	I					M	False	False	(0, 4, 1)	()	0	0	major	major	V	V, major	I		V	V	False	I	I, major		I, major		I	-2	-1	-1	1	0	0	True	True	True
330.0	2.0	55.0	55	1	G	0.0	2.0	2	6	4	3.0	1.0	1/4	True	-1	28.0	28.0	28.0	28a	3	165	False	True				False	121	ii7	Bb	V		ii7	ii		7			mm7	False	False	(2, -1, 3, 0)	()	2	2	major	major	V	V, major	ii		V	V	False	ii7	ii7, major		ii7, major		ii	-2	-1	-1	3	2	2	True	True	True
330.0	2.0	55.0	55	1	G	0.0	2.0	2	6	4	4.0	1.0	1/4	True	-1	28.0	28.0	28.0	28a	3	165	False	True				False	121	ii7	Bb	V		ii7	ii		7			mm7	False	False	(2, -1, 3, 0)	()	2	2	major	major	V	V, major	ii		V	V	False	ii7	ii7, major		ii7, major		ii	-2	-1	-1	3	2	2	True	True	True
330.0	2.0	55.0	82	-2	B	-1.0	2.0	2	6	4	2.0	1.0	1/4	True	-1	28.0	28.0	28.0	28a	5	165	False	True				False	121	ii7	Bb	V		ii7	ii		7			mm7	False	False	(2, -1, 3, 0)	()	2	2	major	major	V	V, major	ii		V	V	False	ii7	ii7, major		ii7, major		ii	-2	-1	-1	0	-1	-1	True	False	False
332.0	2.0	55.333	48	0	C	0.0	2.333	0	6	4	3.0	1.0	1/4	True	-1	28.0	28.0	28.0	28a	3	166	False	True				False	122	V	Bb	V		V	V					M	False	False	(1, 5, 2)	()	1	1	major	major	V	V, major	V		V	V	False	V	V, major		V, major		V	-2	-1	-1	2	1	1	True	True	True
332.0	2.0	55.333	48	0	C	0.0	2.333	0	6	4	4.0	1.0	1/4	True	-1	28.0	28.0	28.0	28a	3	166	False	True				False	122	V	Bb	V		V	V					M	False	False	(1, 5, 2)	()	1	1	major	major	V	V, major	V		V	V	False	V	V, major		V, major		V	-2	-1	-1	2	1	1	True	True	True
332.0	1.0	55.333	79	1	G	0.0	2.333	0	6	4	1.0	1.0	1/8	True	-1	28.0	28.0	28.0	28a	5	166	False	True				False	122	V	Bb	V		V	V					M	False	False	(1, 5, 2)	()	1	1	major	major	V	V, major	V		V	V	False	V	V, major		V, major		V	-2	-1	-1	3	2	2	True	False	False
332.0	4.0	55.333	79	1	G	0.0	2.333	0	6	4	2.0	1.0	1/2	True	-1	28.0	28.0	28.0	28a	5	166	False	True				False	122	V	Bb	V		V	V					M	False	False	(1, 5, 2)	()	1	1	major	major	V	V, major	V		V	V	False	V	V, major		V, major		V	-2	-1	-1	3	2	2	True	False	False
333.0	1.0	55.5	77	-1	F	0.0	2.5	0	6	4	1.0	1.0	1/8	True	-1	28.0	28.0	28.0	28a	5	333/2	False	False				False	122	V	Bb	V		V	V					M	False	False	(1, 5, 2)	()	1	1	major	major	V	V, major	V		V	V	False	V	V, major		V, major		V	-2	-1	-1	1	0	0	False	False	False
334.0	2.0	55.667	60	0	C	0.0	2.667	0	6	4	3.0	1.0	1/4	True	-1	28.0	28.0	28.0	28a	4	167	False	False				False	122	V	Bb	V		V	V					M	False	False	(1, 5, 2)	()	1	1	major	major	V	V, major	V		V	V	False	V	V, major		V, major		V	-2	-1	-1	2	1	1	True	True	True
334.0	2.0	55.667	60	0	C	0.0	2.667	0	6	4	4.0	1.0	1/4	True	-1	28.0	28.0	28.0	28a	4	167	False	False				False	122	V	Bb	V		V	V					M	False	False	(1, 5, 2)	()	1	1	major	major	V	V, major	V		V	V	False	V	V, major		V, major		V	-2	-1	-1	2	1	1	True	True	True
334.0	2.0	55.667	76	4	E	0.0	2.667	0	6	4	1.0	1.0	1/4	True	-1	28.0	28.0	28.0	28a	5	167	False	False				False	122	V	Bb	V		V	V					M	False	False	(1, 5, 2)	()	1	1	major	major	V	V, major	V		V	V	False	V	V, major		V, major		V	-2	-1	-1	6	5	5	True	False	False
336.0	4.0	56.0	53	-1	F	0.0	1.0	1	6	4	3.0	1.0	1/2	True	-1	29.0	29.0	29.0	29a	3	168	False	True				False	123	I(2)	Bb	V		I(2)	I			2		M	False	False	(2, 4, 1)	()	0	2	major	major	V	V, major	I		V	V	False	I	I, major		I(2), major		I	-2	-1	-1	1	0	0	False	True	False
336.0	4.0	56.0	53	-1	F	0.0	1.0	1	6	4	4.0	1.0	1/2	True	-1	29.0	29.0	29.0	29a	3	168	False	True				False	123	I(2)	Bb	V		I(2)	I			2		M	False	False	(2, 4, 1)	()	0	2	major	major	V	V, major	I		V	V	False	I	I, major		I(2), major		I	-2	-1	-1	1	0	0	False	True	False
336.0	2.0	56.0	79	1	G	0.0	1.0	1	6	4	2.0	1.0	1/4	False	-1	29.0	29.0	29.0	29a	5	168	False	True				False	123	I(2)	Bb	V		I(2)	I			2		M	False	False	(2, 4, 1)	()	0	2	major	major	V	V, major	I		V	V	False	I	I, major		I(2), major		I	-2	-1	-1	3	2	2	True	False	True
336.0	4.0	56.0	81	3	A	0.0	1.0	1	6	4	1.0	1.0	1/2	True	-1	29.0	29.0	29.0	29a	5	168	False	True				False	123	I(2)	Bb	V		I(2)	I			2		M	False	False	(2, 4, 1)	()	0	2	major	major	V	V, major	I		V	V	False	I	I, major		I(2), major		I	-2	-1	-1	5	4	4	True	False	False
338.0	6.0	56.333	77	-1	F	0.0	1.333	0	6	4	2.0	1.0	3/4	True	-1	29.0	29.0	29.0	29a	5	169	False	True				False	124	I	Bb	V		I	I					M	False	False	(0, 4, 1)	()	0	0	major	major	V	V, major	I		V	V	False	I	I, major		I, major		I	-2	-1	-1	1	0	0	True	True	True
340.0	2.0	56.667	53	-1	F	0.0	1.667	0	6	4	3.0	1.0	1/4	True	-1	29.0	29.0	29.0	29a	3	170	False	True				False	125	I.V	Bb	I		V	V					M	False	False	(1, 5, 2)	()	1	1	major	major	I	I, major	V		I	I	False	V	V, major		V, major		V	-2	-2	-2	1	1	1	True	True	True
340.0	2.0	56.667	53	-1	F	0.0	1.667	0	6	4	4.0	1.0	1/4	True	-1	29.0	29.0	29.0	29a	3	170	False	True				False	125	I.V	Bb	I		V	V					M	False	False	(1, 5, 2)	()	1	1	major	major	I	I, major	V		I	I	False	V	V, major		V, major		V	-2	-2	-2	1	1	1	True	True	True
340.0	2.0	56.667	69	3	A	0.0	1.667	0	6	4	1.0	1.0	1/4	True	-1	29.0	29.0	29.0	29a	4	170	False	True				False	125	I.V	Bb	I		V	V					M	False	False	(1, 5, 2)	()	1	1	major	major	I	I, major	V		I	I	False	V	V, major		V, major		V	-2	-2	-2	5	5	5	True	False	False
342.0	4.0	57.0	55	1	G	0.0	2.0	2	6	4	3.0	1.0	1/2	True	-1	29.0	29.0	29.0	29a	3	171	False	True				False	126	vi7	Bb	I		vi7	vi		7			mm7	False	False	(3, 0, 4, 1)	()	3	3	major	major	I	I, major	vi		I	I	False	vi7	vi7, major		vi7, major		vi	-2	-2	-2	3	3	3	True	True	True
342.0	4.0	57.0	55	1	G	0.0	2.0	2	6	4	4.0	1.0	1/2	True	-1	29.0	29.0	29.0	29a	3	171	False	True				False	126	vi7	Bb	I		vi7	vi		7			mm7	False	False	(3, 0, 4, 1)	()	3	3	major	major	I	I, major	vi		I	I	False	vi7	vi7, major		vi7, major		vi	-2	-2	-2	3	3	3	True	True	True
342.0	2.0	57.0	70	-2	B	-1.0	2.0	2	6	4	1.0	1.0	1/4	True	-1	29.0	29.0	29.0	29a	4	171	False	True				False	126	vi7	Bb	I		vi7	vi		7			mm7	False	False	(3, 0, 4, 1)	()	3	3	major	major	I	I, major	vi		I	I	False	vi7	vi7, major		vi7, major		vi	-2	-2	-2	0	0	0	True	False	False
344.0	2.0	57.333	67	1	G	0.0	2.333	0	6	4	1.0	1.0	1/4	True	-1	29.0	29.0	29.0	29a	4	172	False	True				False	127	IV6	Bb	I		IV6	IV		6			M	False	False	(3, 0, -1)	()	-1	3	major	major	I	I, major	IV		I	I	False	IV6	IV6, major		IV6, major		IV	-2	-2	-2	3	3	3	True	False	True
344.0	4.0	57.333	75	-3	E	-1.0	2.333	0	6	4	2.0	1.0	1/2	True	-1	29.0	29.0	29.0	29a	5	172	False	True				False	127	IV6	Bb	I		IV6	IV		6			M	False	False	(3, 0, -1)	()	-1	3	major	major	I	I, major	IV		I	I	False	IV6	IV6, major		IV6, major		IV	-2	-2	-2	-1	-1	-1	True	True	False
346.0	2.0	57.667	51	-3	E	-1.0	2.667	0	6	4	3.0	1.0	1/4	True	-1	29.0	29.0	29.0	29a	3	173	False	True				False	128	ii6	Bb	I		ii6	ii		6			m	False	False	(-1, 3, 2)	()	2	-1	major	major	I	I, major	ii		I	I	False	ii6	ii6, major		ii6, major		ii	-2	-2	-2	-1	-1	-1	True	False	True
346.0	2.0	57.667	51	-3	E	-1.0	2.667	0	6	4	4.0	1.0	1/4	True	-1	29.0	29.0	29.0	29a	3	173	False	True				False	128	ii6	Bb	I		ii6	ii		6			m	False	False	(-1, 3, 2)	()	2	-1	major	major	I	I, major	ii		I	I	False	ii6	ii6, major		ii6, major		ii	-2	-2	-2	-1	-1	-1	True	False	True
346.0	2.0	57.667	72	0	C	0.0	2.667	0	6	4	1.0	1.0	1/4	True	-1	29.0	29.0	29.0	29a	5	173	False	True				False	128	ii6	Bb	I		ii6	ii		6			m	False	False	(-1, 3, 2)	()	2	-1	major	major	I	I, major	ii		I	I	False	ii6	ii6, major		ii6, major		ii	-2	-2	-2	2	2	2	True	True	False
348.0	4.0	58.0	53	-1	F	0.0	1.0	1	6	4	3.0	1.0	1/2	True	-1	30.0	30.0	30.0	30a	3	174	False	True				False	129	V7	Bb	I		V7	V		7			Mm7	False	False	(1, 5, 2, -1)	()	1	1	major	major	I	I, major	V		I	I	False	V7	V7, major		V7, major		V	-2	-2	-2	1	1	1	True	True	True
348.0	4.0	58.0	53	-1	F	0.0	1.0	1	6	4	4.0	1.0	1/2	True	-1	30.0	30.0	30.0	30a	3	174	False	True				False	129	V7	Bb	I		V7	V		7			Mm7	False	False	(1, 5, 2, -1)	()	1	1	major	major	I	I, major	V		I	I	False	V7	V7, major		V7, major		V	-2	-2	-2	1	1	1	True	True	True
348.0	2.0	58.0	69	3	A	0.0	1.0	1	6	4	1.0	1.0	1/4	True	-1	30.0	30.0	30.0	30a	4	174	False	True				False	129	V7	Bb	I		V7	V		7			Mm7	False	False	(1, 5, 2, -1)	()	1	1	major	major	I	I, major	V		I	I	False	V7	V7, major		V7, major		V	-2	-2	-2	5	5	5	True	False	False
348.0	2.0	58.0	75	-3	E	-1.0	1.0	1	6	4	2.0	1.0	1/4	False	-1	30.0	30.0	30.0	30a	5	174	False	True				False	129	V7	Bb	I		V7	V		7			Mm7	False	False	(1, 5, 2, -1)	()	1	1	major	major	I	I, major	V		I	I	False	V7	V7, major		V7, major		V	-2	-2	-2	-1	-1	-1	True	False	False
350.0	2.0	58.333	65	-1	F	0.0	1.333	0	6	4	1.0	1.0	1/4	True	-1	30.0	30.0	30.0	30a	4	175	False	True				False	130	V(6)	Bb	I		V(6)	V			6		M	False	False	(1, 5, 4)	()	1	1	major	major	I	I, major	V		I	I	False	V	V, major		V(6), major		V	-2	-2	-2	1	1	1	True	True	True
350.0	6.0	58.333	74	2	D	0.0	1.333	0	6	4	2.0	1.0	3/4	True	-1	30.0	30.0	30.0	30a	5	175	False	True				False	130	V(6)	Bb	I		V(6)	V			6		M	False	False	(1, 5, 4)	()	1	1	major	major	I	I, major	V		I	I	False	V	V, major		V(6), major		V	-2	-2	-2	4	4	4	True	False	False
352.0	2.0	58.667	50	2	D	0.0	1.667	0	6	4	3.0	1.0	1/4	True	-1	30.0	30.0	30.0	30a	3	176	False	True				False	131	I6	Bb	I		I6	I		6			M	False	False	(4, 1, 0)	()	0	4	major	major	I	I, major	I		I	I	False	I6	I6, major		I6, major		I	-2	-2	-2	4	4	4	True	False	True
352.0	2.0	58.667	50	2	D	0.0	1.667	0	6	4	4.0	1.0	1/4	True	-1	30.0	30.0	30.0	30a	3	176	False	True				False	131	I6	Bb	I		I6	I		6			M	False	False	(4, 1, 0)	()	0	4	major	major	I	I, major	I		I	I	False	I6	I6, major		I6, major		I	-2	-2	-2	4	4	4	True	False	True
352.0	2.0	58.667	70	-2	B	-1.0	1.667	0	6	4	1.0	1.0	1/4	True	-1	30.0	30.0	30.0	30a	4	176	False	True				False	131	I6	Bb	I		I6	I		6			M	False	False	(4, 1, 0)	()	0	4	major	major	I	I, major	I		I	I	False	I6	I6, major		I6, major		I	-2	-2	-2	0	0	0	True	True	False
354.0	2.0	59.0	55	1	G	0.0	2.0	2	6	4	3.0	1.0	1/4	True	-1	30.0	30.0	30.0	30a	3	177	False	True				False	132	IVM65	Bb	I		IVM65	IV	M	65			MM7	False	False	(3, 0, 4, -1)	()	-1	3	major	major	I	I, major	IV		I	I	False	IVM65	IVM65, major		IVM65, major		IV	-2	-2	-2	3	3	3	True	False	True
354.0	2.0	59.0	55	1	G	0.0	2.0	2	6	4	4.0	1.0	1/4	True	-1	30.0	30.0	30.0	30a	3	177	False	True				False	132	IVM65	Bb	I		IVM65	IV	M	65			MM7	False	False	(3, 0, 4, -1)	()	-1	3	major	major	I	I, major	IV		I	I	False	IVM65	IVM65, major		IVM65, major		IV	-2	-2	-2	3	3	3	True	False	True
354.0	6.0	59.0	75	-3	E	-1.0	2.0	2	6	4	1.0	1.0	3/4	True	-1	30.0	30.0	30.0	30a	5	177	False	True				False	132	IVM65	Bb	I		IVM65	IV	M	65			MM7	False	False	(3, 0, 4, -1)	()	-1	3	major	major	I	I, major	IV		I	I	False	IVM65	IVM65, major		IVM65, major		IV	-2	-2	-2	-1	-1	-1	True	True	False
356.0	2.0	59.333	57	3	A	0.0	2.333	0	6	4	3.0	1.0	1/4	True	-1	30.0	30.0	30.0	30a	3	178	False	True				False	133	viio	Bb	I		viio	vii	o				o	False	False	(5, 2, -1)	()	5	5	major	major	I	I, major	vii		I	I	False	viio	viio, major		viio, major		vii	-2	-2	-2	5	5	5	True	True	True
356.0	2.0	59.333	57	3	A	0.0	2.333	0	6	4	4.0	1.0	1/4	True	-1	30.0	30.0	30.0	30a	3	178	False	True				False	133	viio	Bb	I		viio	vii	o				o	False	False	(5, 2, -1)	()	5	5	major	major	I	I, major	vii		I	I	False	viio	viio, major		viio, major		vii	-2	-2	-2	5	5	5	True	True	True
356.0	4.0	59.333	72	0	C	0.0	2.333	0	6	4	2.0	1.0	1/2	True	-1	30.0	30.0	30.0	30a	5	178	False	True				False	133	viio	Bb	I		viio	vii	o				o	False	False	(5, 2, -1)	()	5	5	major	major	I	I, major	vii		I	I	False	viio	viio, major		viio, major		vii	-2	-2	-2	2	2	2	True	False	False
358.0	2.0	59.667	53	-1	F	0.0	2.667	0	6	4	3.0	1.0	1/4	True	-1	30.0	30.0	30.0	30a	3	179	False	True				False	134	V7	Bb	I		V7	V		7			Mm7	False	False	(1, 5, 2, -1)	()	1	1	major	major	I	I, major	V		I	I	False	V7	V7, major		V7, major		V	-2	-2	-2	1	1	1	True	True	True
358.0	2.0	59.667	53	-1	F	0.0	2.667	0	6	4	4.0	1.0	1/4	True	-1	30.0	30.0	30.0	30a	3	179	False	True				False	134	V7	Bb	I		V7	V		7			Mm7	False	False	(1, 5, 2, -1)	()	1	1	major	major	I	I, major	V		I	I	False	V7	V7, major		V7, major		V	-2	-2	-2	1	1	1	True	True	True
360.0	2.0	60.0	58	-2	B	-1.0	1.0	1	6	4	3.0	1.0	1/4	True	-1	31.0	31.0	31.0	31a	3	180	False	True				False	135	I(2)	Bb	I		I(2)	I			2		M	False	False	(2, 4, 1)	()	0	2	major	major	I	I, major	I		I	I	False	I	I, major		I(2), major		I	-2	-2	-2	0	0	0	False	True	False
360.0	4.0	60.0	58	-2	B	-1.0	1.0	1	6	4	4.0	1.0	1/2	True	-1	31.0	31.0	31.0	31a	3	180	False	True				False	135	I(2)	Bb	I		I(2)	I			2		M	False	False	(2, 4, 1)	()	0	2	major	major	I	I, major	I		I	I	False	I	I, major		I(2), major		I	-2	-2	-2	0	0	0	False	True	False
360.0	2.0	60.0	72	0	C	0.0	1.0	1	6	4	2.0	1.0	1/4	False	-1	31.0	31.0	31.0	31a	5	180	False	True				False	135	I(2)	Bb	I		I(2)	I			2		M	False	False	(2, 4, 1)	()	0	2	major	major	I	I, major	I		I	I	False	I	I, major		I(2), major		I	-2	-2	-2	2	2	2	True	False	True
360.0	6.0	60.0	74	2	D	0.0	1.0	1	6	4	1.0	1.0	3/4	True	-1	31.0	31.0	31.0	31a	5	180	False	True				False	135	I(2)	Bb	I		I(2)	I			2		M	False	False	(2, 4, 1)	()	0	2	major	major	I	I, major	I		I	I	False	I	I, major		I(2), major		I	-2	-2	-2	4	4	4	True	False	False
362.0	1.0	60.333	62	2	D	0.0	1.333	0	6	4	3.0	1.0	1/8	True	-1	31.0	31.0	31.0	31a	4	181	False	True				False	136	I	Bb	I		I	I					M	False	False	(0, 4, 1)	()	0	0	major	major	I	I, major	I		I	I	False	I	I, major		I, major		I	-2	-2	-2	4	4	4	True	False	False
362.0	4.0	60.333	70	-2	B	-1.0	1.333	0	6	4	2.0	1.0	1/2	True	-1	31.0	31.0	31.0	31a	4	181	False	True				False	136	I	Bb	I		I	I					M	False	False	(0, 4, 1)	()	0	0	major	major	I	I, major	I		I	I	False	I	I, major		I, major		I	-2	-2	-2	0	0	0	True	True	True
363.0	1.0	60.5	60	0	C	0.0	1.5	0	6	4	3.0	1.0	1/8	True	-1	31.0	31.0	31.0	31a	4	363/2	False	False				False	136	I	Bb	I		I	I					M	False	False	(0, 4, 1)	()	0	0	major	major	I	I, major	I		I	I	False	I	I, major		I, major		I	-2	-2	-2	2	2	2	False	False	False
364.0	2.0	60.667	58	-2	B	-1.0	1.667	0	6	4	3.0	1.0	1/4	True	-1	31.0	31.0	31.0	31a	3	182	False	False				False	136	I	Bb	I		I	I					M	False	False	(0, 4, 1)	()	0	0	major	major	I	I, major	I		I	I	False	I	I, major		I, major		I	-2	-2	-2	0	0	0	True	True	True
364.0	2.0	60.667	58	-2	B	-1.0	1.667	0	6	4	4.0	1.0	1/4	True	-1	31.0	31.0	31.0	31a	3	182	False	False				False	136	I	Bb	I		I	I					M	False	False	(0, 4, 1)	()	0	0	major	major	I	I, major	I		I	I	False	I	I, major		I, major		I	-2	-2	-2	0	0	0	True	True	True
366.0	2.0	61.0	60	0	C	0.0	2.0	2	6	4	3.0	1.0	1/4	True	-1	31.0	31.0	31.0	31a	4	183	False	True				False	137	viio6	Bb	I		viio6	vii	o	6			o	False	False	(2, -1, 5)	()	5	2	major	major	I	I, major	vii		I	I	False	viio6	viio6, major		viio6, major		vii	-2	-2	-2	2	2	2	True	False	True
366.0	2.0	61.0	60	0	C	0.0	2.0	2	6	4	4.0	1.0	1/4	True	-1	31.0	31.0	31.0	31a	4	183	False	True				False	137	viio6	Bb	I		viio6	vii	o	6			o	False	False	(2, -1, 5)	()	5	2	major	major	I	I, major	vii		I	I	False	viio6	viio6, major		viio6, major		vii	-2	-2	-2	2	2	2	True	False	True
366.0	6.0	61.0	69	3	A	0.0	2.0	2	6	4	2.0	1.0	3/4	True	-1	31.0	31.0	31.0	31a	4	183	False	True				False	137	viio6	Bb	I		viio6	vii	o	6			o	False	False	(2, -1, 5)	()	5	2	major	major	I	I, major	vii		I	I	False	viio6	viio6, major		viio6, major		vii	-2	-2	-2	5	5	5	True	True	False
366.0	2.0	61.0	75	-3	E	-1.0	2.0	2	6	4	1.0	1.0	1/4	True	-1	31.0	31.0	31.0	31a	5	183	False	True				False	137	viio6	Bb	I		viio6	vii	o	6			o	False	False	(2, -1, 5)	()	5	2	major	major	I	I, major	vii		I	I	False	viio6	viio6, major		viio6, major		vii	-2	-2	-2	-1	-1	-1	True	False	False
368.0	2.0	61.333	53	-1	F	0.0	2.333	0	6	4	3.0	1.0	1/4	True	-1	31.0	31.0	31.0	31a	3	184	False	True				False	138	V	Bb	I		V	V					M	False	False	(1, 5, 2)	()	1	1	major	major	I	I, major	V		I	I	False	V	V, major		V, major		V	-2	-2	-2	1	1	1	True	True	True
368.0	2.0	61.333	53	-1	F	0.0	2.333	0	6	4	4.0	1.0	1/4	True	-1	31.0	31.0	31.0	31a	3	184	False	True				False	138	V	Bb	I		V	V					M	False	False	(1, 5, 2)	()	1	1	major	major	I	I, major	V		I	I	False	V	V, major		V, major		V	-2	-2	-2	1	1	1	True	True	True
368.0	4.0	61.333	72	0	C	0.0	2.333	0	6	4	1.0	1.0	1/2	True	-1	31.0	31.0	31.0	31a	5	184	False	True				False	138	V	Bb	I		V	V					M	False	False	(1, 5, 2)	()	1	1	major	major	I	I, major	V		I	I	False	V	V, major		V, major		V	-2	-2	-2	2	2	2	True	False	False
370.0	2.0	61.667	65	-1	F	0.0	2.667	0	6	4	3.0	1.0	1/4	True	-1	31.0	31.0	31.0	31a	4	185	False	False				False	138	V	Bb	I		V	V					M	False	False	(1, 5, 2)	()	1	1	major	major	I	I, major	V		I	I	False	V	V, major		V, major		V	-2	-2	-2	1	1	1	True	True	True
370.0	2.0	61.667	65	-1	F	0.0	2.667	0	6	4	4.0	1.0	1/4	True	-1	31.0	31.0	31.0	31a	4	185	False	False				False	138	V	Bb	I		V	V					M	False	False	(1, 5, 2)	()	1	1	major	major	I	I, major	V		I	I	False	V	V, major		V, major		V	-2	-2	-2	1	1	1	True	True	True
372.0	4.0	62.0	58	-2	B	-1.0	1.0	1	6	4	3.0	1.0	1/2	True	-1	32.0	32.0	32.0	32a	3	186	False	True				False	139	I(2)	Bb	I		I(2)	I			2		M	False	False	(2, 4, 1)	()	0	2	major	major	I	I, major	I		I	I	False	I	I, major		I(2), major		I	-2	-2	-2	0	0	0	False	True	False
372.0	4.0	62.0	58	-2	B	-1.0	1.0	1	6	4	4.0	1.0	1/2	True	-1	32.0	32.0	32.0	32a	3	186	False	True				False	139	I(2)	Bb	I		I(2)	I			2		M	False	False	(2, 4, 1)	()	0	2	major	major	I	I, major	I		I	I	False	I	I, major		I(2), major		I	-2	-2	-2	0	0	0	False	True	False
372.0	2.0	62.0	72	0	C	0.0	1.0	1	6	4	1.0	1.0	1/4	False	-1	32.0	32.0	32.0	32a	5	186	False	True				False	139	I(2)	Bb	I		I(2)	I			2		M	False	False	(2, 4, 1)	()	0	2	major	major	I	I, major	I		I	I	False	I	I, major		I(2), major		I	-2	-2	-2	2	2	2	True	False	True
372.0	6.0	62.0	74	2	D	0.0	1.0	1	6	4	2.0	1.0	3/4	True	-1	32.0	32.0	32.0	32a	5	186	False	True				False	139	I(2)	Bb	I		I(2)	I			2		M	False	False	(2, 4, 1)	()	0	2	major	major	I	I, major	I		I	I	False	I	I, major		I(2), major		I	-2	-2	-2	4	4	4	True	False	False
374.0	2.0	62.333	65	-1	F	0.0	1.333	0	6	4	1.0	1.0	1/4	True	-1	32.0	32.0	32.0	32a	4	187	False	False				False	139	I(2)	Bb	I		I(2)	I			2		M	False	False	(2, 4, 1)	()	0	2	major	major	I	I, major	I		I	I	False	I	I, major		I(2), major		I	-2	-2	-2	1	1	1	True	False	False
376.0	2.0	62.667	46	-2	B	-1.0	1.667	0	6	4	3.0	1.0	1/4	True	-1	32.0	32.0	32.0	32a	2	188	False	True				False	140	I	Bb	I		I	I					M	False	False	(0, 4, 1)	()	0	0	major	major	I	I, major	I		I	I	False	I	I, major		I, major		I	-2	-2	-2	0	0	0	True	True	True
376.0	2.0	62.667	46	-2	B	-1.0	1.667	0	6	4	4.0	1.0	1/4	True	-1	32.0	32.0	32.0	32a	2	188	False	True				False	140	I	Bb	I		I	I					M	False	False	(0, 4, 1)	()	0	0	major	major	I	I, major	I		I	I	False	I	I, major		I, major		I	-2	-2	-2	0	0	0	True	True	True
376.0	4.0	62.667	70	-2	B	-1.0	1.667	0	6	4	1.0	1.0	1/2	True	-1	32.0	32.0	32.0	32a	4	188	False	True				False	140	I	Bb	I		I	I					M	False	False	(0, 4, 1)	()	0	0	major	major	I	I, major	I		I	I	False	I	I, major		I, major		I	-2	-2	-2	0	0	0	True	True	True
378.0	4.0	63.0	53	-1	F	0.0	2.0	2	6	4	3.0	1.0	1/2	True	-1	32.0	32.0	32.0	32a	3	189	False	True				False	141	V(4)	Bb	I		V(4)	V			4		M	False	False	(1, 0, 2)	()	1	1	major	major	I	I, major	V		I	I	False	V	V, major		V(4), major		V	-2	-2	-2	1	1	1	True	True	True
378.0	4.0	63.0	53	-1	F	0.0	2.0	2	6	4	4.0	1.0	1/2	True	-1	32.0	32.0	32.0	32a	3	189	False	True				False	141	V(4)	Bb	I		V(4)	V			4		M	False	False	(1, 0, 2)	()	1	1	major	major	I	I, major	V		I	I	False	V	V, major		V(4), major		V	-2	-2	-2	1	1	1	True	True	True
378.0	6.0	63.0	72	0	C	0.0	2.0	2	6	4	2.0	1.0	3/4	True	-1	32.0	32.0	32.0	32a	5	189	False	True				False	141	V(4)	Bb	I		V(4)	V			4		M	False	False	(1, 0, 2)	()	1	1	major	major	I	I, major	V		I	I	False	V	V, major		V(4), major		V	-2	-2	-2	2	2	2	True	False	False
380.0	4.0	63.333	69	3	A	0.0	2.333	0	6	4	1.0	1.0	1/2	True	-1	32.0	32.0	32.0	32a	4	190	False	True				False	142	V	Bb	I		V	V					M	False	False	(1, 5, 2)	()	1	1	major	major	I	I, major	V		I	I	False	V	V, major		V, major		V	-2	-2	-2	5	5	5	True	False	False
382.0	2.0	63.667	54	6	F	1.0	2.667	0	6	4	3.0	1.0	1/4	True	-1	32.0	32.0	32.0	32a	3	191	False	True				False	143	vi.#viio	Bb	vi		#viio	#vii	o				o	False	True	(5, 2, -1)	()	5	5	major	minor	vi	vi, major	#vii		vi	vi	True	#viio	#viio, minor		#viio, minor		#vii	-2	1	1	8	5	5	True	True	True
382.0	2.0	63.667	54	6	F	1.0	2.667	0	6	4	4.0	1.0	1/4	True	-1	32.0	32.0	32.0	32a	3	191	False	True				False	143	vi.#viio	Bb	vi		#viio	#vii	o				o	False	True	(5, 2, -1)	()	5	5	major	minor	vi	vi, major	#vii		vi	vi	True	#viio	#viio, minor		#viio, minor		#vii	-2	1	1	8	5	5	True	True	True
384.0	4.0	64.0	55	1	G	0.0	1.0	1	6	4	3.0	1.0	1/2	True	-1	33.0	33.0	33.0	33a	3	192	False	True				False	144	i(2)	Bb	vi		i(2)	i			2		m	False	True	(2, -3, 1)	()	0	2	major	minor	vi	vi, major	i		vi	vi	True	i	i, minor		i(2), minor		i	-2	1	1	3	0	0	False	True	False
384.0	4.0	64.0	55	1	G	0.0	1.0	1	6	4	4.0	1.0	1/2	True	-1	33.0	33.0	33.0	33a	3	192	False	True				False	144	i(2)	Bb	vi		i(2)	i			2		m	False	True	(2, -3, 1)	()	0	2	major	minor	vi	vi, major	i		vi	vi	True	i	i, minor		i(2), minor		i	-2	1	1	3	0	0	False	True	False
384.0	2.0	64.0	69	3	A	0.0	1.0	1	6	4	1.0	1.0	1/4	False	-1	33.0	33.0	33.0	33a	4	192	False	True				False	144	i(2)	Bb	vi		i(2)	i			2		m	False	True	(2, -3, 1)	()	0	2	major	minor	vi	vi, major	i		vi	vi	True	i	i, minor		i(2), minor		i	-2	1	1	5	2	2	True	False	True
384.0	4.0	64.0	70	-2	B	-1.0	1.0	1	6	4	2.0	1.0	1/2	True	-1	33.0	33.0	33.0	33a	4	192	False	True				False	144	i(2)	Bb	vi		i(2)	i			2		m	False	True	(2, -3, 1)	()	0	2	major	minor	vi	vi, major	i		vi	vi	True	i	i, minor		i(2), minor		i	-2	1	1	0	-3	-3	True	False	False
386.0	2.0	64.333	62	2	D	0.0	1.333	0	6	4	1.0	1.0	1/4	True	-1	33.0	33.0	33.0	33a	4	193	False	False				False	144	i(2)	Bb	vi		i(2)	i			2		m	False	True	(2, -3, 1)	()	0	2	major	minor	vi	vi, major	i		vi	vi	True	i	i, minor		i(2), minor		i	-2	1	1	4	1	1	True	False	False
388.0	2.0	64.667	46	-2	B	-1.0	1.667	0	6	4	3.0	1.0	1/4	True	-1	33.0	33.0	33.0	33a	2	194	False	True				False	145	i6	Bb	vi		i6	i		6			m	False	True	(-3, 1, 0)	()	0	-3	major	minor	vi	vi, major	i		vi	vi	True	i6	i6, minor		i6, minor		i	-2	1	1	0	-3	-3	True	False	True
388.0	2.0	64.667	46	-2	B	-1.0	1.667	0	6	4	4.0	1.0	1/4	True	-1	33.0	33.0	33.0	33a	2	194	False	True				False	145	i6	Bb	vi		i6	i		6			m	False	True	(-3, 1, 0)	()	0	-3	major	minor	vi	vi, major	i		vi	vi	True	i6	i6, minor		i6, minor		i	-2	1	1	0	-3	-3	True	False	True
388.0	4.0	64.667	67	1	G	0.0	1.667	0	6	4	1.0	1.0	1/2	True	-1	33.0	33.0	33.0	33a	4	194	False	True				False	145	i6	Bb	vi		i6	i		6			m	False	True	(-3, 1, 0)	()	0	-3	major	minor	vi	vi, major	i		vi	vi	True	i6	i6, minor		i6, minor		i	-2	1	1	3	0	0	True	True	False
388.0	2.0	64.667	74	2	D	0.0	1.667	0	6	4	2.0	1.0	1/4	True	-1	33.0	33.0	33.0	33a	5	194	False	True				False	145	i6	Bb	vi		i6	i		6			m	False	True	(-3, 1, 0)	()	0	-3	major	minor	vi	vi, major	i		vi	vi	True	i6	i6, minor		i6, minor		i	-2	1	1	4	1	1	True	False	False
390.0	2.0	65.0	48	0	C	0.0	2.0	2	6	4	3.0	1.0	1/4	True	-1	33.0	33.0	33.0	33a	3	195	False	True				False	146	ii%65	Bb	vi		ii%65	ii	%	65			%7	False	True	(-1, -4, 0, 2)	()	2	-1	major	minor	vi	vi, major	ii		vi	vi	True	ii%65	ii%65, minor		ii%65, minor		ii	-2	1	1	2	-1	-1	True	False	True
390.0	2.0	65.0	48	0	C	0.0	2.0	2	6	4	4.0	1.0	1/4	True	-1	33.0	33.0	33.0	33a	3	195	False	True				False	146	ii%65	Bb	vi		ii%65	ii	%	65			%7	False	True	(-1, -4, 0, 2)	()	2	-1	major	minor	vi	vi, major	ii		vi	vi	True	ii%65	ii%65, minor		ii%65, minor		ii	-2	1	1	2	-1	-1	True	False	True
390.0	2.0	65.0	75	-3	E	-1.0	2.0	2	6	4	2.0	1.0	1/4	True	-1	33.0	33.0	33.0	33a	5	195	False	True				False	146	ii%65	Bb	vi		ii%65	ii	%	65			%7	False	True	(-1, -4, 0, 2)	()	2	-1	major	minor	vi	vi, major	ii		vi	vi	True	ii%65	ii%65, minor		ii%65, minor		ii	-2	1	1	-1	-4	-4	True	False	False
392.0	4.0	65.333	50	2	D	0.0	2.333	0	6	4	3.0	1.0	1/2	True	-1	33.0	33.0	33.0	33a	3	196	False	True				False	147	V	Bb	vi		V	V					M	False	True	(1, 5, 2)	()	1	1	major	minor	vi	vi, major	V		vi	vi	True	V	V, minor		V, minor		V	-2	1	1	4	1	1	True	True	True
392.0	4.0	65.333	50	2	D	0.0	2.333	0	6	4	4.0	1.0	1/2	True	-1	33.0	33.0	33.0	33a	3	196	False	True				False	147	V	Bb	vi		V	V					M	False	True	(1, 5, 2)	()	1	1	major	minor	vi	vi, major	V		vi	vi	True	V	V, minor		V, minor		V	-2	1	1	4	1	1	True	True	True
392.0	4.0	65.333	66	6	F	1.0	2.333	0	6	4	1.0	1.0	1/2	True	-1	33.0	33.0	33.0	33a	4	196	False	True				False	147	V	Bb	vi		V	V					M	False	True	(1, 5, 2)	()	1	1	major	minor	vi	vi, major	V		vi	vi	True	V	V, minor		V, minor		V	-2	1	1	8	5	5	True	False	False
392.0	4.0	65.333	69	3	A	0.0	2.333	0	6	4	2.0	1.0	1/2	True	-1	33.0	33.0	33.0	33a	4	196	False	True				False	147	V	Bb	vi		V	V					M	False	True	(1, 5, 2)	()	1	1	major	minor	vi	vi, major	V		vi	vi	True	V	V, minor		V, minor		V	-2	1	1	5	2	2	True	False	False
396.0	2.0	66.0	43	1	G	0.0	1.0	1	6	4	3.0	1.0	1/4	True	-1	34.0	34.0	34.0	34a	2	198	False	True	PAC	PAC	}{	True	148	i|PAC}{	Bb	vi		i	i					m	False	True	(0, -3, 1)	()	0	0	major	minor	vi	vi, major	i		vi	vi	True	i	i, minor		i, minor		i	-2	1	1	3	0	0	True	True	True
396.0	2.0	66.0	43	1	G	0.0	1.0	1	6	4	4.0	1.0	1/4	True	-1	34.0	34.0	34.0	34a	2	198	False	True	PAC	PAC	}{	True	148	i|PAC}{	Bb	vi		i	i					m	False	True	(0, -3, 1)	()	0	0	major	minor	vi	vi, major	i		vi	vi	True	i	i, minor		i, minor		i	-2	1	1	3	0	0	True	True	True
396.0	2.0	66.0	67	1	G	0.0	1.0	1	6	4	1.0	1.0	1/4	True	-1	34.0	34.0	34.0	34a	4	198	False	True	PAC	PAC	}{	True	148	i|PAC}{	Bb	vi		i	i					m	False	True	(0, -3, 1)	()	0	0	major	minor	vi	vi, major	i		vi	vi	True	i	i, minor		i, minor		i	-2	1	1	3	0	0	True	True	True
396.0	6.0	66.0	67	1	G	0.0	1.0	1	6	4	2.0	1.0	3/4	True	-1	34.0	34.0	34.0	34a	4	198	False	True	PAC	PAC	}{	True	148	i|PAC}{	Bb	vi		i	i					m	False	True	(0, -3, 1)	()	0	0	major	minor	vi	vi, major	i		vi	vi	True	i	i, minor		i, minor		i	-2	1	1	3	0	0	True	True	True
398.0	2.0	66.333	58	-2	B	-1.0	1.333	0	6	4	3.0	1.0	1/4	True	-1	34.0	34.0	34.0	34a	3	199	False	True				False	149	I.vi6	Bb	I		vi6	vi		6			m	False	False	(0, 4, 3)	()	3	0	major	major	I	I, major	vi		I	I	False	vi6	vi6, major		vi6, major		vi	-2	-2	-2	0	0	0	True	False	True
398.0	2.0	66.333	58	-2	B	-1.0	1.333	0	6	4	4.0	1.0	1/4	True	-1	34.0	34.0	34.0	34a	3	199	False	True				False	149	I.vi6	Bb	I		vi6	vi		6			m	False	False	(0, 4, 3)	()	3	0	major	major	I	I, major	vi		I	I	False	vi6	vi6, major		vi6, major		vi	-2	-2	-2	0	0	0	True	False	True
398.0	6.0	66.333	79	1	G	0.0	1.333	0	6	4	1.0	1.0	3/4	True	-1	34.0	34.0	34.0	34a	5	199	False	True				False	149	I.vi6	Bb	I		vi6	vi		6			m	False	False	(0, 4, 3)	()	3	0	major	major	I	I, major	vi		I	I	False	vi6	vi6, major		vi6, major		vi	-2	-2	-2	3	3	3	True	True	False
400.0	2.0	66.667	55	1	G	0.0	1.667	0	6	4	3.0	1.0	1/4	True	-1	34.0	34.0	34.0	34a	3	200	False	False				False	149	I.vi6	Bb	I		vi6	vi		6			m	False	False	(0, 4, 3)	()	3	0	major	major	I	I, major	vi		I	I	False	vi6	vi6, major		vi6, major		vi	-2	-2	-2	3	3	3	True	True	False
400.0	2.0	66.667	55	1	G	0.0	1.667	0	6	4	4.0	1.0	1/4	True	-1	34.0	34.0	34.0	34a	3	200	False	False				False	149	I.vi6	Bb	I		vi6	vi		6			m	False	False	(0, 4, 3)	()	3	0	major	major	I	I, major	vi		I	I	False	vi6	vi6, major		vi6, major		vi	-2	-2	-2	3	3	3	True	True	False
402.0	2.0	67.0	62	2	D	0.0	2.0	2	6	4	3.0	1.0	1/4	True	-1	34.0	34.0	34.0	34a	4	201	False	True				False	150	iii(4)	Bb	I		iii(4)	iii			4		m	False	False	(4, 3, 5)	()	4	4	major	major	I	I, major	iii		I	I	False	iii	iii, major		iii(4), major		iii	-2	-2	-2	4	4	4	True	True	True
402.0	2.0	67.0	62	2	D	0.0	2.0	2	6	4	4.0	1.0	1/4	True	-1	34.0	34.0	34.0	34a	4	201	False	True				False	150	iii(4)	Bb	I		iii(4)	iii			4		m	False	False	(4, 3, 5)	()	4	4	major	major	I	I, major	iii		I	I	False	iii	iii, major		iii(4), major		iii	-2	-2	-2	4	4	4	True	True	True
402.0	6.0	67.0	81	3	A	0.0	2.0	2	6	4	2.0	1.0	3/4	True	-1	34.0	34.0	34.0	34a	5	201	False	True				False	150	iii(4)	Bb	I		iii(4)	iii			4		m	False	False	(4, 3, 5)	()	4	4	major	major	I	I, major	iii		I	I	False	iii	iii, major		iii(4), major		iii	-2	-2	-2	5	5	5	True	False	False
404.0	2.0	67.333	53	-1	F	0.0	2.333	0	6	4	3.0	1.0	1/4	True	-1	34.0	34.0	34.0	34a	3	202	False	True				False	151	iii6	Bb	I		iii6	iii		6			m	False	False	(1, 5, 4)	()	4	1	major	major	I	I, major	iii		I	I	False	iii6	iii6, major		iii6, major		iii	-2	-2	-2	1	1	1	True	False	True
404.0	2.0	67.333	53	-1	F	0.0	2.333	0	6	4	4.0	1.0	1/4	True	-1	34.0	34.0	34.0	34a	3	202	False	True				False	151	iii6	Bb	I		iii6	iii		6			m	False	False	(1, 5, 4)	()	4	1	major	major	I	I, major	iii		I	I	False	iii6	iii6, major		iii6, major		iii	-2	-2	-2	1	1	1	True	False	True
404.0	4.0	67.333	77	-1	F	0.0	2.333	0	6	4	1.0	1.0	1/2	True	-1	34.0	34.0	34.0	34a	5	202	False	True				False	151	iii6	Bb	I		iii6	iii		6			m	False	False	(1, 5, 4)	()	4	1	major	major	I	I, major	iii		I	I	False	iii6	iii6, major		iii6, major		iii	-2	-2	-2	1	1	1	True	False	True
406.0	2.0	67.667	50	2	D	0.0	2.667	0	6	4	3.0	1.0	1/4	True	-1	34.0	34.0	34.0	34a	3	203	False	False				False	151	iii6	Bb	I		iii6	iii		6			m	False	False	(1, 5, 4)	()	4	1	major	major	I	I, major	iii		I	I	False	iii6	iii6, major		iii6, major		iii	-2	-2	-2	4	4	4	True	True	False
406.0	2.0	67.667	50	2	D	0.0	2.667	0	6	4	4.0	1.0	1/4	True	-1	34.0	34.0	34.0	34a	3	203	False	False				False	151	iii6	Bb	I		iii6	iii		6			m	False	False	(1, 5, 4)	()	4	1	major	major	I	I, major	iii		I	I	False	iii6	iii6, major		iii6, major		iii	-2	-2	-2	4	4	4	True	True	False
408.0	2.0	68.0	51	-3	E	-1.0	1.0	1	6	4	3.0	1.0	1/4	True	-1	35.0	35.0	35.0	35a	3	204	False	True				False	152	IV(9)	Bb	I		IV(9)	IV			9		M	False	False	(-1, 3, 0)	(1,)	-1	-1	major	major	I	I, major	IV		I	I	False	IV	IV, major		IV(9), major		IV	-2	-2	-2	-1	-1	-1	True	True	True
408.0	2.0	68.0	51	-3	E	-1.0	1.0	1	6	4	4.0	1.0	1/4	True	-1	35.0	35.0	35.0	35a	3	204	False	True				False	152	IV(9)	Bb	I		IV(9)	IV			9		M	False	False	(-1, 3, 0)	(1,)	-1	-1	major	major	I	I, major	IV		I	I	False	IV	IV, major		IV(9), major		IV	-2	-2	-2	-1	-1	-1	True	True	True
408.0	2.0	68.0	77	-1	F	0.0	1.0	1	6	4	1.0	1.0	1/4	False	-1	35.0	35.0	35.0	35a	5	204	False	True				False	152	IV(9)	Bb	I		IV(9)	IV			9		M	False	False	(-1, 3, 0)	(1,)	-1	-1	major	major	I	I, major	IV		I	I	False	IV	IV, major		IV(9), major		IV	-2	-2	-2	1	1	1	False	False	False
408.0	6.0	68.0	79	1	G	0.0	1.0	1	6	4	2.0	1.0	3/4	True	-1	35.0	35.0	35.0	35a	5	204	False	True				False	152	IV(9)	Bb	I		IV(9)	IV			9		M	False	False	(-1, 3, 0)	(1,)	-1	-1	major	major	I	I, major	IV		I	I	False	IV	IV, major		IV(9), major		IV	-2	-2	-2	3	3	3	True	False	False
410.0	2.0	68.333	55	1	G	0.0	1.333	0	6	4	3.0	1.0	1/4	True	-1	35.0	35.0	35.0	35a	3	205	False	True				False	153	IV6	Bb	I		IV6	IV		6			M	False	False	(3, 0, -1)	()	-1	3	major	major	I	I, major	IV		I	I	False	IV6	IV6, major		IV6, major		IV	-2	-2	-2	3	3	3	True	False	True
410.0	2.0	68.333	55	1	G	0.0	1.333	0	6	4	4.0	1.0	1/4	True	-1	35.0	35.0	35.0	35a	3	205	False	True				False	153	IV6	Bb	I		IV6	IV		6			M	False	False	(3, 0, -1)	()	-1	3	major	major	I	I, major	IV		I	I	False	IV6	IV6, major		IV6, major		IV	-2	-2	-2	3	3	3	True	False	True
410.0	6.0	68.333	75	-3	E	-1.0	1.333	0	6	4	1.0	1.0	3/4	True	-1	35.0	35.0	35.0	35a	5	205	False	True				False	153	IV6	Bb	I		IV6	IV		6			M	False	False	(3, 0, -1)	()	-1	3	major	major	I	I, major	IV		I	I	False	IV6	IV6, major		IV6, major		IV	-2	-2	-2	-1	-1	-1	True	True	False
412.0	2.0	68.667	57	3	A	0.0	1.667	0	6	4	3.0	1.0	1/4	True	-1	35.0	35.0	35.0	35a	3	206	False	False				False	153	IV6	Bb	I		IV6	IV		6			M	False	False	(3, 0, -1)	()	-1	3	major	major	I	I, major	IV		I	I	False	IV6	IV6, major		IV6, major		IV	-2	-2	-2	5	5	5	False	False	False
412.0	2.0	68.667	57	3	A	0.0	1.667	0	6	4	4.0	1.0	1/4	True	-1	35.0	35.0	35.0	35a	3	206	False	False				False	153	IV6	Bb	I		IV6	IV		6			M	False	False	(3, 0, -1)	()	-1	3	major	major	I	I, major	IV		I	I	False	IV6	IV6, major		IV6, major		IV	-2	-2	-2	5	5	5	False	False	False
414.0	2.0	69.0	58	-2	B	-1.0	2.0	2	6	4	3.0	1.0	1/4	True	-1	35.0	35.0	35.0	35a	3	207	False	True				False	154	I(4)	Bb	I		I(4)	I			4		M	False	False	(0, -1, 1)	()	0	0	major	major	I	I, major	I		I	I	False	I	I, major		I(4), major		I	-2	-2	-2	0	0	0	True	True	True
414.0	2.0	69.0	58	-2	B	-1.0	2.0	2	6	4	4.0	1.0	1/4	True	-1	35.0	35.0	35.0	35a	3	207	False	True				False	154	I(4)	Bb	I		I(4)	I			4		M	False	False	(0, -1, 1)	()	0	0	major	major	I	I, major	I		I	I	False	I	I, major		I(4), major		I	-2	-2	-2	0	0	0	True	True	True
414.0	6.0	69.0	77	-1	F	0.0	2.0	2	6	4	2.0	1.0	3/4	True	-1	35.0	35.0	35.0	35a	5	207	False	True				False	154	I(4)	Bb	I		I(4)	I			4		M	False	False	(0, -1, 1)	()	0	0	major	major	I	I, major	I		I	I	False	I	I, major		I(4), major		I	-2	-2	-2	1	1	1	True	False	False
416.0	2.0	69.333	50	2	D	0.0	2.333	0	6	4	3.0	1.0	1/4	True	-1	35.0	35.0	35.0	35a	3	208	False	True				False	155	I6	Bb	I		I6	I		6			M	False	False	(4, 1, 0)	()	0	4	major	major	I	I, major	I		I	I	False	I6	I6, major		I6, major		I	-2	-2	-2	4	4	4	True	False	True
416.0	2.0	69.333	50	2	D	0.0	2.333	0	6	4	4.0	1.0	1/4	True	-1	35.0	35.0	35.0	35a	3	208	False	True				False	155	I6	Bb	I		I6	I		6			M	False	False	(4, 1, 0)	()	0	4	major	major	I	I, major	I		I	I	False	I6	I6, major		I6, major		I	-2	-2	-2	4	4	4	True	False	True
416.0	4.0	69.333	74	2	D	0.0	2.333	0	6	4	1.0	1.0	1/2	True	-1	35.0	35.0	35.0	35a	5	208	False	True				False	155	I6	Bb	I		I6	I		6			M	False	False	(4, 1, 0)	()	0	4	major	major	I	I, major	I		I	I	False	I6	I6, major		I6, major		I	-2	-2	-2	4	4	4	True	False	True
418.0	2.0	69.667	46	-2	B	-1.0	2.667	0	6	4	3.0	1.0	1/4	True	-1	35.0	35.0	35.0	35a	2	209	False	False				False	155	I6	Bb	I		I6	I		6			M	False	False	(4, 1, 0)	()	0	4	major	major	I	I, major	I		I	I	False	I6	I6, major		I6, major		I	-2	-2	-2	0	0	0	True	True	False
418.0	2.0	69.667	46	-2	B	-1.0	2.667	0	6	4	4.0	1.0	1/4	True	-1	35.0	35.0	35.0	35a	2	209	False	False				False	155	I6	Bb	I		I6	I		6			M	False	False	(4, 1, 0)	()	0	4	major	major	I	I, major	I		I	I	False	I6	I6, major		I6, major		I	-2	-2	-2	0	0	0	True	True	False
420.0	2.0	70.0	43	1	G	0.0	1.0	1	6	4	3.0	1.0	1/4	True	-1	36.0	36.0	36.0	36a	2	210	False	True				False	156	IVM65	Bb	I		IVM65	IV	M	65			MM7	False	False	(3, 0, 4, -1)	()	-1	3	major	major	I	I, major	IV		I	I	False	IVM65	IVM65, major		IVM65, major		IV	-2	-2	-2	3	3	3	True	False	True
420.0	2.0	70.0	43	1	G	0.0	1.0	1	6	4	4.0	1.0	1/4	True	-1	36.0	36.0	36.0	36a	2	210	False	True				False	156	IVM65	Bb	I		IVM65	IV	M	65			MM7	False	False	(3, 0, 4, -1)	()	-1	3	major	major	I	I, major	IV		I	I	False	IVM65	IVM65, major		IVM65, major		IV	-2	-2	-2	3	3	3	True	False	True
420.0	2.0	70.0	74	2	D	0.0	1.0	1	6	4	1.0	1.0	1/4	False	-1	36.0	36.0	36.0	36a	5	210	False	True				False	156	IVM65	Bb	I		IVM65	IV	M	65			MM7	False	False	(3, 0, 4, -1)	()	-1	3	major	major	I	I, major	IV		I	I	False	IVM65	IVM65, major		IVM65, major		IV	-2	-2	-2	4	4	4	True	False	False
420.0	6.0	70.0	75	-3	E	-1.0	1.0	1	6	4	2.0	1.0	3/4	True	-1	36.0	36.0	36.0	36a	5	210	False	True				False	156	IVM65	Bb	I		IVM65	IV	M	65			MM7	False	False	(3, 0, 4, -1)	()	-1	3	major	major	I	I, major	IV		I	I	False	IVM65	IVM65, major		IVM65, major		IV	-2	-2	-2	-1	-1	-1	True	True	False
422.0	2.0	70.333	45	3	A	0.0	1.333	0	6	4	3.0	1.0	1/4	True	-1	36.0	36.0	36.0	36a	2	211	False	True				False	157	viio	Bb	I		viio	vii	o				o	False	False	(5, 2, -1)	()	5	5	major	major	I	I, major	vii		I	I	False	viio	viio, major		viio, major		vii	-2	-2	-2	5	5	5	True	True	True
422.0	2.0	70.333	45	3	A	0.0	1.333	0	6	4	4.0	1.0	1/4	True	-1	36.0	36.0	36.0	36a	2	211	False	True				False	157	viio	Bb	I		viio	vii	o				o	False	False	(5, 2, -1)	()	5	5	major	major	I	I, major	vii		I	I	False	viio	viio, major		viio, major		vii	-2	-2	-2	5	5	5	True	True	True
422.0	6.0	70.333	72	0	C	0.0	1.333	0	6	4	1.0	1.0	3/4	True	-1	36.0	36.0	36.0	36a	5	211	False	True				False	157	viio	Bb	I		viio	vii	o				o	False	False	(5, 2, -1)	()	5	5	major	major	I	I, major	vii		I	I	False	viio	viio, major		viio, major		vii	-2	-2	-2	2	2	2	True	False	False
424.0	2.0	70.667	41	-1	F	0.0	1.667	0	6	4	3.0	1.0	1/4	True	-1	36.0	36.0	36.0	36a	2	212	False	True				False	158	V7	Bb	I		V7	V		7			Mm7	False	False	(1, 5, 2, -1)	()	1	1	major	major	I	I, major	V		I	I	False	V7	V7, major		V7, major		V	-2	-2	-2	1	1	1	True	True	True
424.0	2.0	70.667	41	-1	F	0.0	1.667	0	6	4	4.0	1.0	1/4	True	-1	36.0	36.0	36.0	36a	2	212	False	True				False	158	V7	Bb	I		V7	V		7			Mm7	False	False	(1, 5, 2, -1)	()	1	1	major	major	I	I, major	V		I	I	False	V7	V7, major		V7, major		V	-2	-2	-2	1	1	1	True	True	True
426.0	4.0	71.0	46	-2	B	-1.0	2.0	2	6	4	3.0	1.0	1/2	True	-1	36.0	36.0	36.0	36a	2	213	False	True				False	159	I(2)	Bb	I		I(2)	I			2		M	False	False	(2, 4, 1)	()	0	2	major	major	I	I, major	I		I	I	False	I	I, major		I(2), major		I	-2	-2	-2	0	0	0	False	True	False
426.0	4.0	71.0	46	-2	B	-1.0	2.0	2	6	4	4.0	1.0	1/2	True	-1	36.0	36.0	36.0	36a	2	213	False	True				False	159	I(2)	Bb	I		I(2)	I			2		M	False	False	(2, 4, 1)	()	0	2	major	major	I	I, major	I		I	I	False	I	I, major		I(2), major		I	-2	-2	-2	0	0	0	False	True	False
426.0	4.0	71.0	74	2	D	0.0	2.0	2	6	4	2.0	1.0	1/2	True	-1	36.0	36.0	36.0	36a	5	213	False	True				False	159	I(2)	Bb	I		I(2)	I			2		M	False	False	(2, 4, 1)	()	0	2	major	major	I	I, major	I		I	I	False	I	I, major		I(2), major		I	-2	-2	-2	4	4	4	True	False	False
428.0	2.0	71.333	65	-1	F	0.0	2.333	0	6	4	1.0	1.0	1/4	True	-1	36.0	36.0	36.0	36a	4	214	False	False				False	159	I(2)	Bb	I		I(2)	I			2		M	False	False	(2, 4, 1)	()	0	2	major	major	I	I, major	I		I	I	False	I	I, major		I(2), major		I	-2	-2	-2	1	1	1	True	False	False
430.0	2.0	71.667	50	2	D	0.0	2.667	0	6	4	3.0	1.0	1/4	True	-1	36.0	36.0	36.0	36a	3	215	False	True				False	160	I6	Bb	I		I6	I		6			M	False	False	(4, 1, 0)	()	0	4	major	major	I	I, major	I		I	I	False	I6	I6, major		I6, major		I	-2	-2	-2	4	4	4	True	False	True
430.0	2.0	71.667	50	2	D	0.0	2.667	0	6	4	4.0	1.0	1/4	True	-1	36.0	36.0	36.0	36a	3	215	False	True				False	160	I6	Bb	I		I6	I		6			M	False	False	(4, 1, 0)	()	0	4	major	major	I	I, major	I		I	I	False	I6	I6, major		I6, major		I	-2	-2	-2	4	4	4	True	False	True
430.0	2.0	71.667	70	-2	B	-1.0	2.667	0	6	4	1.0	1.0	1/4	True	-1	36.0	36.0	36.0	36a	4	215	False	True				False	160	I6	Bb	I		I6	I		6			M	False	False	(4, 1, 0)	()	0	4	major	major	I	I, major	I		I	I	False	I6	I6, major		I6, major		I	-2	-2	-2	0	0	0	True	True	False
430.0	2.0	71.667	77	-1	F	0.0	2.667	0	6	4	2.0	1.0	1/4	True	-1	36.0	36.0	36.0	36a	5	215	False	True				False	160	I6	Bb	I		I6	I		6			M	False	False	(4, 1, 0)	()	0	4	major	major	I	I, major	I		I	I	False	I6	I6, major		I6, major		I	-2	-2	-2	1	1	1	True	False	False
432.0	2.0	72.0	51	-3	E	-1.0	1.0	1	6	4	3.0	1.0	1/4	True	-1	37.0	37.0	37.0	37a	3	216	False	True				False	161	ii65	Bb	I		ii65	ii		65			mm7	False	False	(-1, 3, 0, 2)	()	2	-1	major	major	I	I, major	ii		I	I	False	ii65	ii65, major		ii65, major		ii	-2	-2	-2	-1	-1	-1	True	False	True
432.0	2.0	72.0	51	-3	E	-1.0	1.0	1	6	4	4.0	1.0	1/4	True	-1	37.0	37.0	37.0	37a	3	216	False	True				False	161	ii65	Bb	I		ii65	ii		65			mm7	False	False	(-1, 3, 0, 2)	()	2	-1	major	major	I	I, major	ii		I	I	False	ii65	ii65, major		ii65, major		ii	-2	-2	-2	-1	-1	-1	True	False	True
432.0	2.0	72.0	70	-2	B	-1.0	1.0	1	6	4	1.0	1.0	1/4	False	-1	37.0	37.0	37.0	37a	4	216	False	True				False	161	ii65	Bb	I		ii65	ii		65			mm7	False	False	(-1, 3, 0, 2)	()	2	-1	major	major	I	I, major	ii		I	I	False	ii65	ii65, major		ii65, major		ii	-2	-2	-2	0	0	0	True	False	False
432.0	2.0	72.0	79	1	G	0.0	1.0	1	6	4	2.0	1.0	1/4	True	-1	37.0	37.0	37.0	37a	5	216	False	True				False	161	ii65	Bb	I		ii65	ii		65			mm7	False	False	(-1, 3, 0, 2)	()	2	-1	major	major	I	I, major	ii		I	I	False	ii65	ii65, major		ii65, major		ii	-2	-2	-2	3	3	3	True	False	False
434.0	2.0	72.333	53	-1	F	0.0	1.333	0	6	4	3.0	1.0	1/4	True	-1	37.0	37.0	37.0	37a	3	217	False	True				False	162	V	Bb	I		V	V					M	False	False	(1, 5, 2)	()	1	1	major	major	I	I, major	V		I	I	False	V	V, major		V, major		V	-2	-2	-2	1	1	1	True	True	True
434.0	2.0	72.333	53	-1	F	0.0	1.333	0	6	4	4.0	1.0	1/4	True	-1	37.0	37.0	37.0	37a	3	217	False	True				False	162	V	Bb	I		V	V					M	False	False	(1, 5, 2)	()	1	1	major	major	I	I, major	V		I	I	False	V	V, major		V, major		V	-2	-2	-2	1	1	1	True	True	True
434.0	4.0	72.333	69	3	A	0.0	1.333	0	6	4	1.0	1.0	1/2	True	-1	37.0	37.0	37.0	37a	4	217	False	True				False	162	V	Bb	I		V	V					M	False	False	(1, 5, 2)	()	1	1	major	major	I	I, major	V		I	I	False	V	V, major		V, major		V	-2	-2	-2	5	5	5	True	False	False
434.0	4.0	72.333	72	0	C	0.0	1.333	0	6	4	2.0	1.0	1/2	True	-1	37.0	37.0	37.0	37a	5	217	False	True				False	162	V	Bb	I		V	V					M	False	False	(1, 5, 2)	()	1	1	major	major	I	I, major	V		I	I	False	V	V, major		V, major		V	-2	-2	-2	2	2	2	True	False	False
436.0	2.0	72.667	41	-1	F	0.0	1.667	0	6	4	3.0	1.0	1/4	True	-1	37.0	37.0	37.0	37a	2	218	False	False				False	162	V	Bb	I		V	V					M	False	False	(1, 5, 2)	()	1	1	major	major	I	I, major	V		I	I	False	V	V, major		V, major		V	-2	-2	-2	1	1	1	True	True	True
436.0	2.0	72.667	41	-1	F	0.0	1.667	0	6	4	4.0	1.0	1/4	True	-1	37.0	37.0	37.0	37a	2	218	False	False				False	162	V	Bb	I		V	V					M	False	False	(1, 5, 2)	()	1	1	major	major	I	I, major	V		I	I	False	V	V, major		V, major		V	-2	-2	-2	1	1	1	True	True	True
438.0	4.0	73.0	46	-2	B	-1.0	2.0	2	6	4	3.0	1.0	1/2	True	-1	37.0	37.0	37.0	37a	2	219	False	True	PAC	PAC	}{	True	163	I|PAC}{	Bb	I		I	I					M	False	False	(0, 4, 1)	()	0	0	major	major	I	I, major	I		I	I	False	I	I, major		I, major		I	-2	-2	-2	0	0	0	True	True	True
438.0	4.0	73.0	46	-2	B	-1.0	2.0	2	6	4	4.0	1.0	1/2	True	-1	37.0	37.0	37.0	37a	2	219	False	True	PAC	PAC	}{	True	163	I|PAC}{	Bb	I		I	I					M	False	False	(0, 4, 1)	()	0	0	major	major	I	I, major	I		I	I	False	I	I, major		I, major		I	-2	-2	-2	0	0	0	True	True	True
438.0	2.0	73.0	70	-2	B	-1.0	2.0	2	6	4	1.0	1.0	1/4	True	-1	37.0	37.0	37.0	37a	4	219	False	True	PAC	PAC	}{	True	163	I|PAC}{	Bb	I		I	I					M	False	False	(0, 4, 1)	()	0	0	major	major	I	I, major	I		I	I	False	I	I, major		I, major		I	-2	-2	-2	0	0	0	True	True	True
438.0	4.0	73.0	70	-2	B	-1.0	2.0	2	6	4	2.0	1.0	1/2	True	-1	37.0	37.0	37.0	37a	4	219	False	True	PAC	PAC	}{	True	163	I|PAC}{	Bb	I		I	I					M	False	False	(0, 4, 1)	()	0	0	major	major	I	I, major	I		I	I	False	I	I, major		I, major		I	-2	-2	-2	0	0	0	True	True	True
440.0	1.0	73.333	74	2	D	0.0	2.333	0	6	4	1.0	1.0	1/8	True	-1	37.0	37.0	37.0	37a	5	220	False	False				False	163	I|PAC}{	Bb	I		I	I					M	False	False	(0, 4, 1)	()	0	0	major	major	I	I, major	I		I	I	False	I	I, major		I, major		I	-2	-2	-2	4	4	4	True	False	False
441.0	1.0	73.5	72	0	C	0.0	2.5	0	6	4	1.0	1.0	1/8	True	-1	37.0	37.0	37.0	37a	5	441/2	False	False				False	163	I|PAC}{	Bb	I		I	I					M	False	False	(0, 4, 1)	()	0	0	major	major	I	I, major	I		I	I	False	I	I, major		I, major		I	-2	-2	-2	2	2	2	False	False	False
442.0	2.0	73.667	58	-2	B	-1.0	2.667	0	6	4	3.0	1.0	1/4	True	-1	37.0	37.0	37.0	37a	3	221	False	False				False	163	I|PAC}{	Bb	I		I	I					M	False	False	(0, 4, 1)	()	0	0	major	major	I	I, major	I		I	I	False	I	I, major		I, major		I	-2	-2	-2	0	0	0	True	True	True
442.0	2.0	73.667	58	-2	B	-1.0	2.667	0	6	4	4.0	1.0	1/4	True	-1	37.0	37.0	37.0	37a	3	221	False	False				False	163	I|PAC}{	Bb	I		I	I					M	False	False	(0, 4, 1)	()	0	0	major	major	I	I, major	I		I	I	False	I	I, major		I, major		I	-2	-2	-2	0	0	0	True	True	True
442.0	2.0	73.667	70	-2	B	-1.0	2.667	0	6	4	1.0	1.0	1/4	True	-1	37.0	37.0	37.0	37a	4	221	False	False				False	163	I|PAC}{	Bb	I		I	I					M	False	False	(0, 4, 1)	()	0	0	major	major	I	I, major	I		I	I	False	I	I, major		I, major		I	-2	-2	-2	0	0	0	True	True	True
444.0	2.0	74.0	57	3	A	0.0	1.0	1	6	4	3.0	1.0	1/4	True	-1	38.0	38.0	38.0	38a	3	222	False	True				False	164	V6	Bb	I		V6	V		6			M	False	False	(5, 2, 1)	()	1	5	major	major	I	I, major	V		I	I	False	V6	V6, major		V6, major		V	-2	-2	-2	5	5	5	True	False	True
444.0	2.0	74.0	57	3	A	0.0	1.0	1	6	4	4.0	1.0	1/4	True	-1	38.0	38.0	38.0	38a	3	222	False	True				False	164	V6	Bb	I		V6	V		6			M	False	False	(5, 2, 1)	()	1	5	major	major	I	I, major	V		I	I	False	V6	V6, major		V6, major		V	-2	-2	-2	5	5	5	True	False	True
444.0	2.0	74.0	72	0	C	0.0	1.0	1	6	4	1.0	1.0	1/4	True	-1	38.0	38.0	38.0	38a	5	222	False	True				False	164	V6	Bb	I		V6	V		6			M	False	False	(5, 2, 1)	()	1	5	major	major	I	I, major	V		I	I	False	V6	V6, major		V6, major		V	-2	-2	-2	2	2	2	True	False	False
446.0	2.0	74.333	53	-1	F	0.0	1.333	0	6	4	3.0	1.0	1/4	True	-1	38.0	38.0	38.0	38a	3	223	False	False				False	164	V6	Bb	I		V6	V		6			M	False	False	(5, 2, 1)	()	1	5	major	major	I	I, major	V		I	I	False	V6	V6, major		V6, major		V	-2	-2	-2	1	1	1	True	True	False
446.0	2.0	74.333	53	-1	F	0.0	1.333	0	6	4	4.0	1.0	1/4	True	-1	38.0	38.0	38.0	38a	3	223	False	False				False	164	V6	Bb	I		V6	V		6			M	False	False	(5, 2, 1)	()	1	5	major	major	I	I, major	V		I	I	False	V6	V6, major		V6, major		V	-2	-2	-2	1	1	1	True	True	False
446.0	2.0	74.333	65	-1	F	0.0	1.333	0	6	4	1.0	1.0	1/4	True	-1	38.0	38.0	38.0	38a	4	223	False	False				False	164	V6	Bb	I		V6	V		6			M	False	False	(5, 2, 1)	()	1	5	major	major	I	I, major	V		I	I	False	V6	V6, major		V6, major		V	-2	-2	-2	1	1	1	True	True	False
446.0	2.0	74.333	77	-1	F	0.0	1.333	0	6	4	2.0	1.0	1/4	True	-1	38.0	38.0	38.0	38a	5	223	False	False				False	164	V6	Bb	I		V6	V		6			M	False	False	(5, 2, 1)	()	1	5	major	major	I	I, major	V		I	I	False	V6	V6, major		V6, major		V	-2	-2	-2	1	1	1	True	True	False
448.0	2.0	74.667	57	3	A	0.0	1.667	0	6	4	3.0	1.0	1/4	True	-1	38.0	38.0	38.0	38a	3	224	False	False				False	164	V6	Bb	I		V6	V		6			M	False	False	(5, 2, 1)	()	1	5	major	major	I	I, major	V		I	I	False	V6	V6, major		V6, major		V	-2	-2	-2	5	5	5	True	False	True
448.0	2.0	74.667	57	3	A	0.0	1.667	0	6	4	4.0	1.0	1/4	True	-1	38.0	38.0	38.0	38a	3	224	False	False				False	164	V6	Bb	I		V6	V		6			M	False	False	(5, 2, 1)	()	1	5	major	major	I	I, major	V		I	I	False	V6	V6, major		V6, major		V	-2	-2	-2	5	5	5	True	False	True
448.0	2.0	74.667	72	0	C	0.0	1.667	0	6	4	2.0	1.0	1/4	True	-1	38.0	38.0	38.0	38a	5	224	False	False				False	164	V6	Bb	I		V6	V		6			M	False	False	(5, 2, 1)	()	1	5	major	major	I	I, major	V		I	I	False	V6	V6, major		V6, major		V	-2	-2	-2	2	2	2	True	False	False
450.0	2.0	75.0	58	-2	B	-1.0	2.0	2	6	4	3.0	1.0	1/4	True	-1	38.0	38.0	38.0	38a	3	225	False	True				False	165	I	Bb	I		I	I					M	False	False	(0, 4, 1)	()	0	0	major	major	I	I, major	I		I	I	False	I	I, major		I, major		I	-2	-2	-2	0	0	0	True	True	True
450.0	2.0	75.0	58	-2	B	-1.0	2.0	2	6	4	4.0	1.0	1/4	True	-1	38.0	38.0	38.0	38a	3	225	False	True				False	165	I	Bb	I		I	I					M	False	False	(0, 4, 1)	()	0	0	major	major	I	I, major	I		I	I	False	I	I, major		I, major		I	-2	-2	-2	0	0	0	True	True	True
450.0	4.0	75.0	74	2	D	0.0	2.0	2	6	4	2.0	1.0	1/2	True	-1	38.0	38.0	38.0	38a	5	225	False	True				False	165	I	Bb	I		I	I					M	False	False	(0, 4, 1)	()	0	0	major	major	I	I, major	I		I	I	False	I	I, major		I, major		I	-2	-2	-2	4	4	4	True	False	False
452.0	2.0	75.333	46	-2	B	-1.0	2.333	0	6	4	3.0	1.0	1/4	True	-1	38.0	38.0	38.0	38a	2	226	False	False				False	165	I	Bb	I		I	I					M	False	False	(0, 4, 1)	()	0	0	major	major	I	I, major	I		I	I	False	I	I, major		I, major		I	-2	-2	-2	0	0	0	True	True	True
452.0	2.0	75.333	46	-2	B	-1.0	2.333	0	6	4	4.0	1.0	1/4	True	-1	38.0	38.0	38.0	38a	2	226	False	False				False	165	I	Bb	I		I	I					M	False	False	(0, 4, 1)	()	0	0	major	major	I	I, major	I		I	I	False	I	I, major		I, major		I	-2	-2	-2	0	0	0	True	True	True
452.0	1.0	75.333	74	2	D	0.0	2.333	0	6	4	1.0	1.0	1/8	True	-1	38.0	38.0	38.0	38a	5	226	False	False				False	165	I	Bb	I		I	I					M	False	False	(0, 4, 1)	()	0	0	major	major	I	I, major	I		I	I	False	I	I, major		I, major		I	-2	-2	-2	4	4	4	True	False	False
453.0	1.0	75.5	72	0	C	0.0	2.5	0	6	4	1.0	1.0	1/8	True	-1	38.0	38.0	38.0	38a	5	453/2	False	False				False	165	I	Bb	I		I	I					M	False	False	(0, 4, 1)	()	0	0	major	major	I	I, major	I		I	I	False	I	I, major		I, major		I	-2	-2	-2	2	2	2	False	False	False
454.0	2.0	75.667	58	-2	B	-1.0	2.667	0	6	4	3.0	1.0	1/4	True	-1	38.0	38.0	38.0	38a	3	227	False	False				False	165	I	Bb	I		I	I					M	False	False	(0, 4, 1)	()	0	0	major	major	I	I, major	I		I	I	False	I	I, major		I, major		I	-2	-2	-2	0	0	0	True	True	True
454.0	2.0	75.667	58	-2	B	-1.0	2.667	0	6	4	4.0	1.0	1/4	True	-1	38.0	38.0	38.0	38a	3	227	False	False				False	165	I	Bb	I		I	I					M	False	False	(0, 4, 1)	()	0	0	major	major	I	I, major	I		I	I	False	I	I, major		I, major		I	-2	-2	-2	0	0	0	True	True	True
454.0	2.0	75.667	70	-2	B	-1.0	2.667	0	6	4	1.0	1.0	1/4	True	-1	38.0	38.0	38.0	38a	4	227	False	False				False	165	I	Bb	I		I	I					M	False	False	(0, 4, 1)	()	0	0	major	major	I	I, major	I		I	I	False	I	I, major		I, major		I	-2	-2	-2	0	0	0	True	True	True
456.0	2.0	76.0	57	3	A	0.0	1.0	1	6	4	3.0	1.0	1/4	True	-1	39.0	39.0	39.0	39a	3	228	False	True				False	166	V6	Bb	I		V6	V		6			M	False	False	(5, 2, 1)	()	1	5	major	major	I	I, major	V		I	I	False	V6	V6, major		V6, major		V	-2	-2	-2	5	5	5	True	False	True
456.0	2.0	76.0	57	3	A	0.0	1.0	1	6	4	4.0	1.0	1/4	True	-1	39.0	39.0	39.0	39a	3	228	False	True				False	166	V6	Bb	I		V6	V		6			M	False	False	(5, 2, 1)	()	1	5	major	major	I	I, major	V		I	I	False	V6	V6, major		V6, major		V	-2	-2	-2	5	5	5	True	False	True
456.0	2.0	76.0	72	0	C	0.0	1.0	1	6	4	1.0	1.0	1/4	True	-1	39.0	39.0	39.0	39a	5	228	False	True				False	166	V6	Bb	I		V6	V		6			M	False	False	(5, 2, 1)	()	1	5	major	major	I	I, major	V		I	I	False	V6	V6, major		V6, major		V	-2	-2	-2	2	2	2	True	False	False
458.0	2.0	76.333	53	-1	F	0.0	1.333	0	6	4	3.0	1.0	1/4	True	-1	39.0	39.0	39.0	39a	3	229	False	False				False	166	V6	Bb	I		V6	V		6			M	False	False	(5, 2, 1)	()	1	5	major	major	I	I, major	V		I	I	False	V6	V6, major		V6, major		V	-2	-2	-2	1	1	1	True	True	False
458.0	2.0	76.333	53	-1	F	0.0	1.333	0	6	4	4.0	1.0	1/4	True	-1	39.0	39.0	39.0	39a	3	229	False	False				False	166	V6	Bb	I		V6	V		6			M	False	False	(5, 2, 1)	()	1	5	major	major	I	I, major	V		I	I	False	V6	V6, major		V6, major		V	-2	-2	-2	1	1	1	True	True	False
458.0	2.0	76.333	65	-1	F	0.0	1.333	0	6	4	1.0	1.0	1/4	True	-1	39.0	39.0	39.0	39a	4	229	False	False				False	166	V6	Bb	I		V6	V		6			M	False	False	(5, 2, 1)	()	1	5	major	major	I	I, major	V		I	I	False	V6	V6, major		V6, major		V	-2	-2	-2	1	1	1	True	True	False
458.0	2.0	76.333	77	-1	F	0.0	1.333	0	6	4	2.0	1.0	1/4	True	-1	39.0	39.0	39.0	39a	5	229	False	False				False	166	V6	Bb	I		V6	V		6			M	False	False	(5, 2, 1)	()	1	5	major	major	I	I, major	V		I	I	False	V6	V6, major		V6, major		V	-2	-2	-2	1	1	1	True	True	False
460.0	2.0	76.667	57	3	A	0.0	1.667	0	6	4	3.0	1.0	1/4	True	-1	39.0	39.0	39.0	39a	3	230	False	False				False	166	V6	Bb	I		V6	V		6			M	False	False	(5, 2, 1)	()	1	5	major	major	I	I, major	V		I	I	False	V6	V6, major		V6, major		V	-2	-2	-2	5	5	5	True	False	True
460.0	2.0	76.667	57	3	A	0.0	1.667	0	6	4	4.0	1.0	1/4	True	-1	39.0	39.0	39.0	39a	3	230	False	False				False	166	V6	Bb	I		V6	V		6			M	False	False	(5, 2, 1)	()	1	5	major	major	I	I, major	V		I	I	False	V6	V6, major		V6, major		V	-2	-2	-2	5	5	5	True	False	True
460.0	2.0	76.667	72	0	C	0.0	1.667	0	6	4	2.0	1.0	1/4	True	-1	39.0	39.0	39.0	39a	5	230	False	False				False	166	V6	Bb	I		V6	V		6			M	False	False	(5, 2, 1)	()	1	5	major	major	I	I, major	V		I	I	False	V6	V6, major		V6, major		V	-2	-2	-2	2	2	2	True	False	False
462.0	2.0	77.0	58	-2	B	-1.0	2.0	2	6	4	3.0	1.0	1/4	True	-1	39.0	39.0	39.0	39a	3	231	False	True				False	167	I	Bb	I		I	I					M	False	False	(0, 4, 1)	()	0	0	major	major	I	I, major	I		I	I	False	I	I, major		I, major		I	-2	-2	-2	0	0	0	True	True	True
462.0	2.0	77.0	58	-2	B	-1.0	2.0	2	6	4	4.0	1.0	1/4	True	-1	39.0	39.0	39.0	39a	3	231	False	True				False	167	I	Bb	I		I	I					M	False	False	(0, 4, 1)	()	0	0	major	major	I	I, major	I		I	I	False	I	I, major		I, major		I	-2	-2	-2	0	0	0	True	True	True
462.0	2.0	77.0	74	2	D	0.0	2.0	2	6	4	2.0	1.0	1/4	True	-1	39.0	39.0	39.0	39a	5	231	False	True				False	167	I	Bb	I		I	I					M	False	False	(0, 4, 1)	()	0	0	major	major	I	I, major	I		I	I	False	I	I, major		I, major		I	-2	-2	-2	4	4	4	True	False	False
464.0	1.0	77.333	75	-3	E	-1.0	2.333	0	6	4	1.0	1.0	1/8	True	-1	39.0	39.0	39.0	39a	5	232	False	True				False	168	ii.i	Bb	ii		i	i					m	False	True	(0, -3, 1)	()	0	0	major	minor	ii	ii, major	i		ii	ii	True	i	i, minor		i, minor		i	-2	0	0	-1	-3	-3	True	False	False
465.0	1.0	77.5	74	2	D	0.0	2.5	0	6	4	1.0	1.0	1/8	True	-1	39.0	39.0	39.0	39a	5	465/2	False	False				False	168	ii.i	Bb	ii		i	i					m	False	True	(0, -3, 1)	()	0	0	major	minor	ii	ii, major	i		ii	ii	True	i	i, minor		i, minor		i	-2	0	0	4	2	2	False	False	False
466.0	2.0	77.667	60	0	C	0.0	2.667	0	6	4	3.0	1.0	1/4	True	-1	39.0	39.0	39.0	39a	4	233	False	False				False	168	ii.i	Bb	ii		i	i					m	False	True	(0, -3, 1)	()	0	0	major	minor	ii	ii, major	i		ii	ii	True	i	i, minor		i, minor		i	-2	0	0	2	0	0	True	True	True
466.0	2.0	77.667	60	0	C	0.0	2.667	0	6	4	4.0	1.0	1/4	True	-1	39.0	39.0	39.0	39a	4	233	False	False				False	168	ii.i	Bb	ii		i	i					m	False	True	(0, -3, 1)	()	0	0	major	minor	ii	ii, major	i		ii	ii	True	i	i, minor		i, minor		i	-2	0	0	2	0	0	True	True	True
466.0	2.0	77.667	72	0	C	0.0	2.667	0	6	4	1.0	1.0	1/4	True	-1	39.0	39.0	39.0	39a	5	233	False	False				False	168	ii.i	Bb	ii		i	i					m	False	True	(0, -3, 1)	()	0	0	major	minor	ii	ii, major	i		ii	ii	True	i	i, minor		i, minor		i	-2	0	0	2	0	0	True	True	True
468.0	2.0	78.0	59	5	B	0.0	1.0	1	6	4	3.0	1.0	1/4	True	-1	40.0	40.0	40.0	40a	3	234	False	True				False	169	V6	Bb	ii		V6	V		6			M	False	True	(5, 2, 1)	()	1	5	major	minor	ii	ii, major	V		ii	ii	True	V6	V6, minor		V6, minor		V	-2	0	0	7	5	5	True	False	True
468.0	2.0	78.0	59	5	B	0.0	1.0	1	6	4	4.0	1.0	1/4	True	-1	40.0	40.0	40.0	40a	3	234	False	True				False	169	V6	Bb	ii		V6	V		6			M	False	True	(5, 2, 1)	()	1	5	major	minor	ii	ii, major	V		ii	ii	True	V6	V6, minor		V6, minor		V	-2	0	0	7	5	5	True	False	True
468.0	2.0	78.0	74	2	D	0.0	1.0	1	6	4	1.0	1.0	1/4	True	-1	40.0	40.0	40.0	40a	5	234	False	True				False	169	V6	Bb	ii		V6	V		6			M	False	True	(5, 2, 1)	()	1	5	major	minor	ii	ii, major	V		ii	ii	True	V6	V6, minor		V6, minor		V	-2	0	0	4	2	2	True	False	False
470.0	2.0	78.333	55	1	G	0.0	1.333	0	6	4	3.0	1.0	1/4	True	-1	40.0	40.0	40.0	40a	3	235	False	False				False	169	V6	Bb	ii		V6	V		6			M	False	True	(5, 2, 1)	()	1	5	major	minor	ii	ii, major	V		ii	ii	True	V6	V6, minor		V6, minor		V	-2	0	0	3	1	1	True	True	False
470.0	2.0	78.333	55	1	G	0.0	1.333	0	6	4	4.0	1.0	1/4	True	-1	40.0	40.0	40.0	40a	3	235	False	False				False	169	V6	Bb	ii		V6	V		6			M	False	True	(5, 2, 1)	()	1	5	major	minor	ii	ii, major	V		ii	ii	True	V6	V6, minor		V6, minor		V	-2	0	0	3	1	1	True	True	False
470.0	2.0	78.333	67	1	G	0.0	1.333	0	6	4	1.0	1.0	1/4	True	-1	40.0	40.0	40.0	40a	4	235	False	False				False	169	V6	Bb	ii		V6	V		6			M	False	True	(5, 2, 1)	()	1	5	major	minor	ii	ii, major	V		ii	ii	True	V6	V6, minor		V6, minor		V	-2	0	0	3	1	1	True	True	False
470.0	2.0	78.333	79	1	G	0.0	1.333	0	6	4	2.0	1.0	1/4	True	-1	40.0	40.0	40.0	40a	5	235	False	False				False	169	V6	Bb	ii		V6	V		6			M	False	True	(5, 2, 1)	()	1	5	major	minor	ii	ii, major	V		ii	ii	True	V6	V6, minor		V6, minor		V	-2	0	0	3	1	1	True	True	False
472.0	2.0	78.667	59	5	B	0.0	1.667	0	6	4	3.0	1.0	1/4	True	-1	40.0	40.0	40.0	40a	3	236	False	False				False	169	V6	Bb	ii		V6	V		6			M	False	True	(5, 2, 1)	()	1	5	major	minor	ii	ii, major	V		ii	ii	True	V6	V6, minor		V6, minor		V	-2	0	0	7	5	5	True	False	True
472.0	2.0	78.667	59	5	B	0.0	1.667	0	6	4	4.0	1.0	1/4	True	-1	40.0	40.0	40.0	40a	3	236	False	False				False	169	V6	Bb	ii		V6	V		6			M	False	True	(5, 2, 1)	()	1	5	major	minor	ii	ii, major	V		ii	ii	True	V6	V6, minor		V6, minor		V	-2	0	0	7	5	5	True	False	True
472.0	2.0	78.667	74	2	D	0.0	1.667	0	6	4	2.0	1.0	1/4	True	-1	40.0	40.0	40.0	40a	5	236	False	False				False	169	V6	Bb	ii		V6	V		6			M	False	True	(5, 2, 1)	()	1	5	major	minor	ii	ii, major	V		ii	ii	True	V6	V6, minor		V6, minor		V	-2	0	0	4	2	2	True	False	False
474.0	2.0	79.0	60	0	C	0.0	2.0	2	6	4	3.0	1.0	1/4	True	-1	40.0	40.0	40.0	40a	4	237	False	True				False	170	i	Bb	ii		i	i					m	False	True	(0, -3, 1)	()	0	0	major	minor	ii	ii, major	i		ii	ii	True	i	i, minor		i, minor		i	-2	0	0	2	0	0	True	True	True
474.0	2.0	79.0	60	0	C	0.0	2.0	2	6	4	4.0	1.0	1/4	True	-1	40.0	40.0	40.0	40a	4	237	False	True				False	170	i	Bb	ii		i	i					m	False	True	(0, -3, 1)	()	0	0	major	minor	ii	ii, major	i		ii	ii	True	i	i, minor		i, minor		i	-2	0	0	2	0	0	True	True	True
474.0	4.0	79.0	75	-3	E	-1.0	2.0	2	6	4	2.0	1.0	1/2	True	-1	40.0	40.0	40.0	40a	5	237	False	True				False	170	i	Bb	ii		i	i					m	False	True	(0, -3, 1)	()	0	0	major	minor	ii	ii, major	i		ii	ii	True	i	i, minor		i, minor		i	-2	0	0	-1	-3	-3	True	False	False
476.0	2.0	79.333	48	0	C	0.0	2.333	0	6	4	3.0	1.0	1/4	True	-1	40.0	40.0	40.0	40a	3	238	False	False				False	170	i	Bb	ii		i	i					m	False	True	(0, -3, 1)	()	0	0	major	minor	ii	ii, major	i		ii	ii	True	i	i, minor		i, minor		i	-2	0	0	2	0	0	True	True	True
476.0	2.0	79.333	48	0	C	0.0	2.333	0	6	4	4.0	1.0	1/4	True	-1	40.0	40.0	40.0	40a	3	238	False	False				False	170	i	Bb	ii		i	i					m	False	True	(0, -3, 1)	()	0	0	major	minor	ii	ii, major	i		ii	ii	True	i	i, minor		i, minor		i	-2	0	0	2	0	0	True	True	True
476.0	1.0	79.333	75	-3	E	-1.0	2.333	0	6	4	1.0	1.0	1/8	True	-1	40.0	40.0	40.0	40a	5	238	False	False				False	170	i	Bb	ii		i	i					m	False	True	(0, -3, 1)	()	0	0	major	minor	ii	ii, major	i		ii	ii	True	i	i, minor		i, minor		i	-2	0	0	-1	-3	-3	True	False	False
477.0	1.0	79.5	74	2	D	0.0	2.5	0	6	4	1.0	1.0	1/8	True	-1	40.0	40.0	40.0	40a	5	477/2	False	False				False	170	i	Bb	ii		i	i					m	False	True	(0, -3, 1)	()	0	0	major	minor	ii	ii, major	i		ii	ii	True	i	i, minor		i, minor		i	-2	0	0	4	2	2	False	False	False
478.0	2.0	79.667	60	0	C	0.0	2.667	0	6	4	3.0	1.0	1/4	True	-1	40.0	40.0	40.0	40a	4	239	False	False				False	170	i	Bb	ii		i	i					m	False	True	(0, -3, 1)	()	0	0	major	minor	ii	ii, major	i		ii	ii	True	i	i, minor		i, minor		i	-2	0	0	2	0	0	True	True	True
478.0	2.0	79.667	60	0	C	0.0	2.667	0	6	4	4.0	1.0	1/4	True	-1	40.0	40.0	40.0	40a	4	239	False	False				False	170	i	Bb	ii		i	i					m	False	True	(0, -3, 1)	()	0	0	major	minor	ii	ii, major	i		ii	ii	True	i	i, minor		i, minor		i	-2	0	0	2	0	0	True	True	True
478.0	2.0	79.667	72	0	C	0.0	2.667	0	6	4	1.0	1.0	1/4	True	-1	40.0	40.0	40.0	40a	5	239	False	False				False	170	i	Bb	ii		i	i					m	False	True	(0, -3, 1)	()	0	0	major	minor	ii	ii, major	i		ii	ii	True	i	i, minor		i, minor		i	-2	0	0	2	0	0	True	True	True
480.0	2.0	80.0	59	5	B	0.0	1.0	1	6	4	3.0	1.0	1/4	True	-1	41.0	41.0	41.0	41a	3	240	False	True				False	171	V6	Bb	ii		V6	V		6			M	False	True	(5, 2, 1)	()	1	5	major	minor	ii	ii, major	V		ii	ii	True	V6	V6, minor		V6, minor		V	-2	0	0	7	5	5	True	False	True
480.0	2.0	80.0	59	5	B	0.0	1.0	1	6	4	4.0	1.0	1/4	True	-1	41.0	41.0	41.0	41a	3	240	False	True				False	171	V6	Bb	ii		V6	V		6			M	False	True	(5, 2, 1)	()	1	5	major	minor	ii	ii, major	V		ii	ii	True	V6	V6, minor		V6, minor		V	-2	0	0	7	5	5	True	False	True
480.0	2.0	80.0	74	2	D	0.0	1.0	1	6	4	1.0	1.0	1/4	True	-1	41.0	41.0	41.0	41a	5	240	False	True				False	171	V6	Bb	ii		V6	V		6			M	False	True	(5, 2, 1)	()	1	5	major	minor	ii	ii, major	V		ii	ii	True	V6	V6, minor		V6, minor		V	-2	0	0	4	2	2	True	False	False
482.0	2.0	80.333	55	1	G	0.0	1.333	0	6	4	3.0	1.0	1/4	True	-1	41.0	41.0	41.0	41a	3	241	False	False				False	171	V6	Bb	ii		V6	V		6			M	False	True	(5, 2, 1)	()	1	5	major	minor	ii	ii, major	V		ii	ii	True	V6	V6, minor		V6, minor		V	-2	0	0	3	1	1	True	True	False
482.0	2.0	80.333	55	1	G	0.0	1.333	0	6	4	4.0	1.0	1/4	True	-1	41.0	41.0	41.0	41a	3	241	False	False				False	171	V6	Bb	ii		V6	V		6			M	False	True	(5, 2, 1)	()	1	5	major	minor	ii	ii, major	V		ii	ii	True	V6	V6, minor		V6, minor		V	-2	0	0	3	1	1	True	True	False
482.0	2.0	80.333	67	1	G	0.0	1.333	0	6	4	1.0	1.0	1/4	True	-1	41.0	41.0	41.0	41a	4	241	False	False				False	171	V6	Bb	ii		V6	V		6			M	False	True	(5, 2, 1)	()	1	5	major	minor	ii	ii, major	V		ii	ii	True	V6	V6, minor		V6, minor		V	-2	0	0	3	1	1	True	True	False
482.0	2.0	80.333	79	1	G	0.0	1.333	0	6	4	2.0	1.0	1/4	True	-1	41.0	41.0	41.0	41a	5	241	False	False				False	171	V6	Bb	ii		V6	V		6			M	False	True	(5, 2, 1)	()	1	5	major	minor	ii	ii, major	V		ii	ii	True	V6	V6, minor		V6, minor		V	-2	0	0	3	1	1	True	True	False
484.0	2.0	80.667	59	5	B	0.0	1.667	0	6	4	3.0	1.0	1/4	True	-1	41.0	41.0	41.0	41a	3	242	False	False				False	171	V6	Bb	ii		V6	V		6			M	False	True	(5, 2, 1)	()	1	5	major	minor	ii	ii, major	V		ii	ii	True	V6	V6, minor		V6, minor		V	-2	0	0	7	5	5	True	False	True
484.0	2.0	80.667	59	5	B	0.0	1.667	0	6	4	4.0	1.0	1/4	True	-1	41.0	41.0	41.0	41a	3	242	False	False				False	171	V6	Bb	ii		V6	V		6			M	False	True	(5, 2, 1)	()	1	5	major	minor	ii	ii, major	V		ii	ii	True	V6	V6, minor		V6, minor		V	-2	0	0	7	5	5	True	False	True
484.0	2.0	80.667	74	2	D	0.0	1.667	0	6	4	2.0	1.0	1/4	True	-1	41.0	41.0	41.0	41a	5	242	False	False				False	171	V6	Bb	ii		V6	V		6			M	False	True	(5, 2, 1)	()	1	5	major	minor	ii	ii, major	V		ii	ii	True	V6	V6, minor		V6, minor		V	-2	0	0	4	2	2	True	False	False
486.0	2.0	81.0	60	0	C	0.0	2.0	2	6	4	3.0	1.0	1/4	True	-1	41.0	41.0	41.0	41a	4	243	False	True				False	172	i	Bb	ii		i	i					m	False	True	(0, -3, 1)	()	0	0	major	minor	ii	ii, major	i		ii	ii	True	i	i, minor		i, minor		i	-2	0	0	2	0	0	True	True	True
486.0	2.0	81.0	60	0	C	0.0	2.0	2	6	4	4.0	1.0	1/4	True	-1	41.0	41.0	41.0	41a	4	243	False	True				False	172	i	Bb	ii		i	i					m	False	True	(0, -3, 1)	()	0	0	major	minor	ii	ii, major	i		ii	ii	True	i	i, minor		i, minor		i	-2	0	0	2	0	0	True	True	True
486.0	2.0	81.0	75	-3	E	-1.0	2.0	2	6	4	2.0	1.0	1/4	True	-1	41.0	41.0	41.0	41a	5	243	False	True				False	172	i	Bb	ii		i	i					m	False	True	(0, -3, 1)	()	0	0	major	minor	ii	ii, major	i		ii	ii	True	i	i, minor		i, minor		i	-2	0	0	-1	-3	-3	True	False	False
488.0	2.0	81.333	56	-4	A	-1.0	2.333	0	6	4	3.0	1.0	1/4	True	-1	41.0	41.0	41.0	41a	3	244	False	True				False	173	iv6	Bb	ii		iv6	iv		6			m	False	True	(-4, 0, -1)	()	-1	-4	major	minor	ii	ii, major	iv		ii	ii	True	iv6	iv6, minor		iv6, minor		iv	-2	0	0	-2	-4	-4	True	False	True
488.0	2.0	81.333	56	-4	A	-1.0	2.333	0	6	4	4.0	1.0	1/4	True	-1	41.0	41.0	41.0	41a	3	244	False	True				False	173	iv6	Bb	ii		iv6	iv		6			m	False	True	(-4, 0, -1)	()	-1	-4	major	minor	ii	ii, major	iv		ii	ii	True	iv6	iv6, minor		iv6, minor		iv	-2	0	0	-2	-4	-4	True	False	True
488.0	2.0	81.333	72	0	C	0.0	2.333	0	6	4	2.0	1.0	1/4	True	-1	41.0	41.0	41.0	41a	5	244	False	True				False	173	iv6	Bb	ii		iv6	iv		6			m	False	True	(-4, 0, -1)	()	-1	-4	major	minor	ii	ii, major	iv		ii	ii	True	iv6	iv6, minor		iv6, minor		iv	-2	0	0	2	0	0	True	False	False
488.0	2.0	81.333	77	-1	F	0.0	2.333	0	6	4	1.0	1.0	1/4	True	-1	41.0	41.0	41.0	41a	5	244	False	True				False	173	iv6	Bb	ii		iv6	iv		6			m	False	True	(-4, 0, -1)	()	-1	-4	major	minor	ii	ii, major	iv		ii	ii	True	iv6	iv6, minor		iv6, minor		iv	-2	0	0	1	-1	-1	True	True	False
490.0	2.0	81.667	53	-1	F	0.0	2.667	0	6	4	3.0	1.0	1/4	True	-1	41.0	41.0	41.0	41a	3	245	False	True				False	174	iv	Bb	ii		iv	iv					m	False	True	(-1, -4, 0)	()	-1	-1	major	minor	ii	ii, major	iv		ii	ii	True	iv	iv, minor		iv, minor		iv	-2	0	0	1	-1	-1	True	True	True
490.0	2.0	81.667	53	-1	F	0.0	2.667	0	6	4	4.0	1.0	1/4	True	-1	41.0	41.0	41.0	41a	3	245	False	True				False	174	iv	Bb	ii		iv	iv					m	False	True	(-1, -4, 0)	()	-1	-1	major	minor	ii	ii, major	iv		ii	ii	True	iv	iv, minor		iv, minor		iv	-2	0	0	1	-1	-1	True	True	True
490.0	2.0	81.667	77	-1	F	0.0	2.667	0	6	4	2.0	1.0	1/4	True	-1	41.0	41.0	41.0	41a	5	245	False	True				False	174	iv	Bb	ii		iv	iv					m	False	True	(-1, -4, 0)	()	-1	-1	major	minor	ii	ii, major	iv		ii	ii	True	iv	iv, minor		iv, minor		iv	-2	0	0	1	-1	-1	True	True	True
490.0	2.0	81.667	80	-4	A	-1.0	2.667	0	6	4	1.0	1.0	1/4	True	-1	41.0	41.0	41.0	41a	5	245	False	True				False	174	iv	Bb	ii		iv	iv					m	False	True	(-1, -4, 0)	()	-1	-1	major	minor	ii	ii, major	iv		ii	ii	True	iv	iv, minor		iv, minor		iv	-2	0	0	-2	-4	-4	True	False	False
492.0	4.0	82.0	55	1	G	0.0	1.0	1	6	4	3.0	1.0	1/2	True	-1	42.0	42.0	42.0	42a	3	246	False	True				False	175	V7	Bb	ii		V7	V		7			Mm7	False	True	(1, 5, 2, -1)	()	1	1	major	minor	ii	ii, major	V		ii	ii	True	V7	V7, minor		V7, minor		V	-2	0	0	3	1	1	True	True	True
492.0	4.0	82.0	55	1	G	0.0	1.0	1	6	4	4.0	1.0	1/2	True	-1	42.0	42.0	42.0	42a	3	246	False	True				False	175	V7	Bb	ii		V7	V		7			Mm7	False	True	(1, 5, 2, -1)	()	1	1	major	minor	ii	ii, major	V		ii	ii	True	V7	V7, minor		V7, minor		V	-2	0	0	3	1	1	True	True	True
492.0	4.0	82.0	71	5	B	0.0	1.0	1	6	4	1.0	1.0	1/2	True	-1	42.0	42.0	42.0	42a	4	246	False	True				False	175	V7	Bb	ii		V7	V		7			Mm7	False	True	(1, 5, 2, -1)	()	1	1	major	minor	ii	ii, major	V		ii	ii	True	V7	V7, minor		V7, minor		V	-2	0	0	7	5	5	True	False	False
492.0	4.0	82.0	77	-1	F	0.0	1.0	1	6	4	2.0	1.0	1/2	True	-1	42.0	42.0	42.0	42a	5	246	False	True				False	175	V7	Bb	ii		V7	V		7			Mm7	False	True	(1, 5, 2, -1)	()	1	1	major	minor	ii	ii, major	V		ii	ii	True	V7	V7, minor		V7, minor		V	-2	0	0	1	-1	-1	True	False	False
496.0	4.0	82.667	53	-1	F	0.0	1.667	0	6	4	3.0	1.0	1/2	True	-1	42.0	42.0	42.0	42a	3	248	False	True				False	176	iv7	Bb	ii		iv7	iv		7			mm7	False	True	(-1, -4, 0, -3)	()	-1	-1	major	minor	ii	ii, major	iv		ii	ii	True	iv7	iv7, minor		iv7, minor		iv	-2	0	0	1	-1	-1	True	True	True
496.0	4.0	82.667	53	-1	F	0.0	1.667	0	6	4	4.0	1.0	1/2	True	-1	42.0	42.0	42.0	42a	3	248	False	True				False	176	iv7	Bb	ii		iv7	iv		7			mm7	False	True	(-1, -4, 0, -3)	()	-1	-1	major	minor	ii	ii, major	iv		ii	ii	True	iv7	iv7, minor		iv7, minor		iv	-2	0	0	1	-1	-1	True	True	True
496.0	4.0	82.667	72	0	C	0.0	1.667	0	6	4	1.0	1.0	1/2	True	-1	42.0	42.0	42.0	42a	5	248	False	True				False	176	iv7	Bb	ii		iv7	iv		7			mm7	False	True	(-1, -4, 0, -3)	()	-1	-1	major	minor	ii	ii, major	iv		ii	ii	True	iv7	iv7, minor		iv7, minor		iv	-2	0	0	2	0	0	True	False	False
496.0	4.0	82.667	75	-3	E	-1.0	1.667	0	6	4	2.0	1.0	1/2	True	-1	42.0	42.0	42.0	42a	5	248	False	True				False	176	iv7	Bb	ii		iv7	iv		7			mm7	False	True	(-1, -4, 0, -3)	()	-1	-1	major	minor	ii	ii, major	iv		ii	ii	True	iv7	iv7, minor		iv7, minor		iv	-2	0	0	-1	-3	-3	True	False	False
500.0	2.0	83.333	55	1	G	0.0	2.333	0	6	4	3.0	1.0	1/4	True	-1	42.0	42.0	42.0	42a	3	250	False	True				False	177	V(4)	Bb	ii		V(4)	V			4		M	False	True	(1, 0, 2)	()	1	1	major	minor	ii	ii, major	V		ii	ii	True	V	V, minor		V(4), minor		V	-2	0	0	3	1	1	True	True	True
500.0	2.0	83.333	55	1	G	0.0	2.333	0	6	4	4.0	1.0	1/4	True	-1	42.0	42.0	42.0	42a	3	250	False	True				False	177	V(4)	Bb	ii		V(4)	V			4		M	False	True	(1, 0, 2)	()	1	1	major	minor	ii	ii, major	V		ii	ii	True	V	V, minor		V(4), minor		V	-2	0	0	3	1	1	True	True	True
500.0	3.0	83.333	72	0	C	0.0	2.333	0	6	4	1.0	1.0	3/8	True	-1	42.0	42.0	42.0	42a	5	250	False	True				False	177	V(4)	Bb	ii		V(4)	V			4		M	False	True	(1, 0, 2)	()	1	1	major	minor	ii	ii, major	V		ii	ii	True	V	V, minor		V(4), minor		V	-2	0	0	2	0	0	True	False	False
500.0	4.0	83.333	74	2	D	0.0	2.333	0	6	4	2.0	1.0	1/2	True	-1	42.0	42.0	42.0	42a	5	250	False	True				False	177	V(4)	Bb	ii		V(4)	V			4		M	False	True	(1, 0, 2)	()	1	1	major	minor	ii	ii, major	V		ii	ii	True	V	V, minor		V(4), minor		V	-2	0	0	4	2	2	True	False	False
502.0	2.0	83.667	43	1	G	0.0	2.667	0	6	4	3.0	1.0	1/4	True	-1	42.0	42.0	42.0	42a	2	251	False	False				False	177	V(4)	Bb	ii		V(4)	V			4		M	False	True	(1, 0, 2)	()	1	1	major	minor	ii	ii, major	V		ii	ii	True	V	V, minor		V(4), minor		V	-2	0	0	3	1	1	True	True	True
502.0	2.0	83.667	43	1	G	0.0	2.667	0	6	4	4.0	1.0	1/4	True	-1	42.0	42.0	42.0	42a	2	251	False	False				False	177	V(4)	Bb	ii		V(4)	V			4		M	False	True	(1, 0, 2)	()	1	1	major	minor	ii	ii, major	V		ii	ii	True	V	V, minor		V(4), minor		V	-2	0	0	3	1	1	True	True	True
503.0	1.0	83.833	71	5	B	0.0	2.833	0	6	4	1.0	1.0	1/8	True	-1	42.0	42.0	42.0	42a	4	503/2	False	True				False	178	V	Bb	ii		V	V					M	False	True	(1, 5, 2)	()	1	1	major	minor	ii	ii, major	V		ii	ii	True	V	V, minor		V, minor		V	-2	0	0	7	5	5	True	False	False
504.0	4.0	84.0	48	0	C	0.0	1.0	1	6	4	3.0	1.0	1/2	True	-1	43.0	43.0	43.0	43a	3	252	False	True	PAC	PAC	}{	True	179	i|PAC}{	Bb	ii		i	i					m	False	True	(0, -3, 1)	()	0	0	major	minor	ii	ii, major	i		ii	ii	True	i	i, minor		i, minor		i	-2	0	0	2	0	0	True	True	True
504.0	4.0	84.0	48	0	C	0.0	1.0	1	6	4	4.0	1.0	1/2	True	-1	43.0	43.0	43.0	43a	3	252	False	True	PAC	PAC	}{	True	179	i|PAC}{	Bb	ii		i	i					m	False	True	(0, -3, 1)	()	0	0	major	minor	ii	ii, major	i		ii	ii	True	i	i, minor		i, minor		i	-2	0	0	2	0	0	True	True	True
504.0	2.0	84.0	72	0	C	0.0	1.0	1	6	4	2.0	1.0	1/4	True	-1	43.0	43.0	43.0	43a	5	252	False	True	PAC	PAC	}{	True	179	i|PAC}{	Bb	ii		i	i					m	False	True	(0, -3, 1)	()	0	0	major	minor	ii	ii, major	i		ii	ii	True	i	i, minor		i, minor		i	-2	0	0	2	0	0	True	True	True
504.0	4.0	84.0	72	0	C	0.0	1.0	1	6	4	1.0	1.0	1/2	True	-1	43.0	43.0	43.0	43a	5	252	False	True	PAC	PAC	}{	True	179	i|PAC}{	Bb	ii		i	i					m	False	True	(0, -3, 1)	()	0	0	major	minor	ii	ii, major	i		ii	ii	True	i	i, minor		i, minor		i	-2	0	0	2	0	0	True	True	True
506.0	1.0	84.333	75	-3	E	-1.0	1.333	0	6	4	2.0	1.0	1/8	True	-1	43.0	43.0	43.0	43a	5	253	False	False				False	179	i|PAC}{	Bb	ii		i	i					m	False	True	(0, -3, 1)	()	0	0	major	minor	ii	ii, major	i		ii	ii	True	i	i, minor		i, minor		i	-2	0	0	-1	-3	-3	True	False	False
507.0	1.0	84.5	74	2	D	0.0	1.5	0	6	4	2.0	1.0	1/8	True	-1	43.0	43.0	43.0	43a	5	507/2	False	False				False	179	i|PAC}{	Bb	ii		i	i					m	False	True	(0, -3, 1)	()	0	0	major	minor	ii	ii, major	i		ii	ii	True	i	i, minor		i, minor		i	-2	0	0	4	2	2	False	False	False
508.0	2.0	84.667	60	0	C	0.0	1.667	0	6	4	3.0	1.0	1/4	True	-1	43.0	43.0	43.0	43a	4	254	False	False				False	179	i|PAC}{	Bb	ii		i	i					m	False	True	(0, -3, 1)	()	0	0	major	minor	ii	ii, major	i		ii	ii	True	i	i, minor		i, minor		i	-2	0	0	2	0	0	True	True	True
508.0	2.0	84.667	60	0	C	0.0	1.667	0	6	4	4.0	1.0	1/4	True	-1	43.0	43.0	43.0	43a	4	254	False	False				False	179	i|PAC}{	Bb	ii		i	i					m	False	True	(0, -3, 1)	()	0	0	major	minor	ii	ii, major	i		ii	ii	True	i	i, minor		i, minor		i	-2	0	0	2	0	0	True	True	True
508.0	2.0	84.667	72	0	C	0.0	1.667	0	6	4	2.0	1.0	1/4	True	-1	43.0	43.0	43.0	43a	5	254	False	False				False	179	i|PAC}{	Bb	ii		i	i					m	False	True	(0, -3, 1)	()	0	0	major	minor	ii	ii, major	i		ii	ii	True	i	i, minor		i, minor		i	-2	0	0	2	0	0	True	True	True
510.0	2.0	85.0	59	5	B	0.0	2.0	2	6	4	3.0	1.0	1/4	True	-1	43.0	43.0	43.0	43a	3	255	False	True				False	180	V6	Bb	ii		V6	V		6			M	False	True	(5, 2, 1)	()	1	5	major	minor	ii	ii, major	V		ii	ii	True	V6	V6, minor		V6, minor		V	-2	0	0	7	5	5	True	False	True
510.0	2.0	85.0	59	5	B	0.0	2.0	2	6	4	4.0	1.0	1/4	True	-1	43.0	43.0	43.0	43a	3	255	False	True				False	180	V6	Bb	ii		V6	V		6			M	False	True	(5, 2, 1)	()	1	5	major	minor	ii	ii, major	V		ii	ii	True	V6	V6, minor		V6, minor		V	-2	0	0	7	5	5	True	False	True
510.0	2.0	85.0	74	2	D	0.0	2.0	2	6	4	2.0	1.0	1/4	True	-1	43.0	43.0	43.0	43a	5	255	False	True				False	180	V6	Bb	ii		V6	V		6			M	False	True	(5, 2, 1)	()	1	5	major	minor	ii	ii, major	V		ii	ii	True	V6	V6, minor		V6, minor		V	-2	0	0	4	2	2	True	False	False
512.0	2.0	85.333	55	1	G	0.0	2.333	0	6	4	3.0	1.0	1/4	True	-1	43.0	43.0	43.0	43a	3	256	False	False				False	180	V6	Bb	ii		V6	V		6			M	False	True	(5, 2, 1)	()	1	5	major	minor	ii	ii, major	V		ii	ii	True	V6	V6, minor		V6, minor		V	-2	0	0	3	1	1	True	True	False
512.0	2.0	85.333	55	1	G	0.0	2.333	0	6	4	4.0	1.0	1/4	True	-1	43.0	43.0	43.0	43a	3	256	False	False				False	180	V6	Bb	ii		V6	V		6			M	False	True	(5, 2, 1)	()	1	5	major	minor	ii	ii, major	V		ii	ii	True	V6	V6, minor		V6, minor		V	-2	0	0	3	1	1	True	True	False
512.0	2.0	85.333	67	1	G	0.0	2.333	0	6	4	2.0	1.0	1/4	True	-1	43.0	43.0	43.0	43a	4	256	False	False				False	180	V6	Bb	ii		V6	V		6			M	False	True	(5, 2, 1)	()	1	5	major	minor	ii	ii, major	V		ii	ii	True	V6	V6, minor		V6, minor		V	-2	0	0	3	1	1	True	True	False
512.0	2.0	85.333	79	1	G	0.0	2.333	0	6	4	1.0	1.0	1/4	True	-1	43.0	43.0	43.0	43a	5	256	False	False				False	180	V6	Bb	ii		V6	V		6			M	False	True	(5, 2, 1)	()	1	5	major	minor	ii	ii, major	V		ii	ii	True	V6	V6, minor		V6, minor		V	-2	0	0	3	1	1	True	True	False
514.0	2.0	85.667	59	5	B	0.0	2.667	0	6	4	3.0	1.0	1/4	True	-1	43.0	43.0	43.0	43a	3	257	False	False				False	180	V6	Bb	ii		V6	V		6			M	False	True	(5, 2, 1)	()	1	5	major	minor	ii	ii, major	V		ii	ii	True	V6	V6, minor		V6, minor		V	-2	0	0	7	5	5	True	False	True
514.0	2.0	85.667	59	5	B	0.0	2.667	0	6	4	4.0	1.0	1/4	True	-1	43.0	43.0	43.0	43a	3	257	False	False				False	180	V6	Bb	ii		V6	V		6			M	False	True	(5, 2, 1)	()	1	5	major	minor	ii	ii, major	V		ii	ii	True	V6	V6, minor		V6, minor		V	-2	0	0	7	5	5	True	False	True
514.0	2.0	85.667	74	2	D	0.0	2.667	0	6	4	1.0	1.0	1/4	True	-1	43.0	43.0	43.0	43a	5	257	False	False				False	180	V6	Bb	ii		V6	V		6			M	False	True	(5, 2, 1)	()	1	5	major	minor	ii	ii, major	V		ii	ii	True	V6	V6, minor		V6, minor		V	-2	0	0	4	2	2	True	False	False
516.0	2.0	86.0	60	0	C	0.0	1.0	1	6	4	3.0	1.0	1/4	True	-1	44.0	44.0	44.0	44a	4	258	False	True				False	181	i	Bb	ii		i	i					m	False	True	(0, -3, 1)	()	0	0	major	minor	ii	ii, major	i		ii	ii	True	i	i, minor		i, minor		i	-2	0	0	2	0	0	True	True	True
516.0	2.0	86.0	60	0	C	0.0	1.0	1	6	4	4.0	1.0	1/4	True	-1	44.0	44.0	44.0	44a	4	258	False	True				False	181	i	Bb	ii		i	i					m	False	True	(0, -3, 1)	()	0	0	major	minor	ii	ii, major	i		ii	ii	True	i	i, minor		i, minor		i	-2	0	0	2	0	0	True	True	True
516.0	4.0	86.0	75	-3	E	-1.0	1.0	1	6	4	1.0	1.0	1/2	True	-1	44.0	44.0	44.0	44a	5	258	False	True				False	181	i	Bb	ii		i	i					m	False	True	(0, -3, 1)	()	0	0	major	minor	ii	ii, major	i		ii	ii	True	i	i, minor		i, minor		i	-2	0	0	-1	-3	-3	True	False	False
518.0	2.0	86.333	48	0	C	0.0	1.333	0	6	4	3.0	1.0	1/4	True	-1	44.0	44.0	44.0	44a	3	259	False	False				False	181	i	Bb	ii		i	i					m	False	True	(0, -3, 1)	()	0	0	major	minor	ii	ii, major	i		ii	ii	True	i	i, minor		i, minor		i	-2	0	0	2	0	0	True	True	True
518.0	2.0	86.333	48	0	C	0.0	1.333	0	6	4	4.0	1.0	1/4	True	-1	44.0	44.0	44.0	44a	3	259	False	False				False	181	i	Bb	ii		i	i					m	False	True	(0, -3, 1)	()	0	0	major	minor	ii	ii, major	i		ii	ii	True	i	i, minor		i, minor		i	-2	0	0	2	0	0	True	True	True
518.0	1.0	86.333	75	-3	E	-1.0	1.333	0	6	4	2.0	1.0	1/8	True	-1	44.0	44.0	44.0	44a	5	259	False	False				False	181	i	Bb	ii		i	i					m	False	True	(0, -3, 1)	()	0	0	major	minor	ii	ii, major	i		ii	ii	True	i	i, minor		i, minor		i	-2	0	0	-1	-3	-3	True	False	False
519.0	1.0	86.5	74	2	D	0.0	1.5	0	6	4	2.0	1.0	1/8	True	-1	44.0	44.0	44.0	44a	5	519/2	False	False				False	181	i	Bb	ii		i	i					m	False	True	(0, -3, 1)	()	0	0	major	minor	ii	ii, major	i		ii	ii	True	i	i, minor		i, minor		i	-2	0	0	4	2	2	False	False	False
520.0	2.0	86.667	60	0	C	0.0	1.667	0	6	4	3.0	1.0	1/4	True	-1	44.0	44.0	44.0	44a	4	260	False	False				False	181	i	Bb	ii		i	i					m	False	True	(0, -3, 1)	()	0	0	major	minor	ii	ii, major	i		ii	ii	True	i	i, minor		i, minor		i	-2	0	0	2	0	0	True	True	True
520.0	2.0	86.667	60	0	C	0.0	1.667	0	6	4	4.0	1.0	1/4	True	-1	44.0	44.0	44.0	44a	4	260	False	False				False	181	i	Bb	ii		i	i					m	False	True	(0, -3, 1)	()	0	0	major	minor	ii	ii, major	i		ii	ii	True	i	i, minor		i, minor		i	-2	0	0	2	0	0	True	True	True
520.0	2.0	86.667	72	0	C	0.0	1.667	0	6	4	2.0	1.0	1/4	True	-1	44.0	44.0	44.0	44a	5	260	False	False				False	181	i	Bb	ii		i	i					m	False	True	(0, -3, 1)	()	0	0	major	minor	ii	ii, major	i		ii	ii	True	i	i, minor		i, minor		i	-2	0	0	2	0	0	True	True	True
522.0	2.0	87.0	59	5	B	0.0	2.0	2	6	4	3.0	1.0	1/4	True	-1	44.0	44.0	44.0	44a	3	261	False	True				False	182	V6	Bb	ii		V6	V		6			M	False	True	(5, 2, 1)	()	1	5	major	minor	ii	ii, major	V		ii	ii	True	V6	V6, minor		V6, minor		V	-2	0	0	7	5	5	True	False	True
522.0	2.0	87.0	59	5	B	0.0	2.0	2	6	4	4.0	1.0	1/4	True	-1	44.0	44.0	44.0	44a	3	261	False	True				False	182	V6	Bb	ii		V6	V		6			M	False	True	(5, 2, 1)	()	1	5	major	minor	ii	ii, major	V		ii	ii	True	V6	V6, minor		V6, minor		V	-2	0	0	7	5	5	True	False	True
522.0	2.0	87.0	74	2	D	0.0	2.0	2	6	4	2.0	1.0	1/4	True	-1	44.0	44.0	44.0	44a	5	261	False	True				False	182	V6	Bb	ii		V6	V		6			M	False	True	(5, 2, 1)	()	1	5	major	minor	ii	ii, major	V		ii	ii	True	V6	V6, minor		V6, minor		V	-2	0	0	4	2	2	True	False	False
524.0	2.0	87.333	55	1	G	0.0	2.333	0	6	4	3.0	1.0	1/4	True	-1	44.0	44.0	44.0	44a	3	262	False	False				False	182	V6	Bb	ii		V6	V		6			M	False	True	(5, 2, 1)	()	1	5	major	minor	ii	ii, major	V		ii	ii	True	V6	V6, minor		V6, minor		V	-2	0	0	3	1	1	True	True	False
524.0	2.0	87.333	55	1	G	0.0	2.333	0	6	4	4.0	1.0	1/4	True	-1	44.0	44.0	44.0	44a	3	262	False	False				False	182	V6	Bb	ii		V6	V		6			M	False	True	(5, 2, 1)	()	1	5	major	minor	ii	ii, major	V		ii	ii	True	V6	V6, minor		V6, minor		V	-2	0	0	3	1	1	True	True	False
524.0	2.0	87.333	67	1	G	0.0	2.333	0	6	4	2.0	1.0	1/4	True	-1	44.0	44.0	44.0	44a	4	262	False	False				False	182	V6	Bb	ii		V6	V		6			M	False	True	(5, 2, 1)	()	1	5	major	minor	ii	ii, major	V		ii	ii	True	V6	V6, minor		V6, minor		V	-2	0	0	3	1	1	True	True	False
524.0	2.0	87.333	79	1	G	0.0	2.333	0	6	4	1.0	1.0	1/4	True	-1	44.0	44.0	44.0	44a	5	262	False	False				False	182	V6	Bb	ii		V6	V		6			M	False	True	(5, 2, 1)	()	1	5	major	minor	ii	ii, major	V		ii	ii	True	V6	V6, minor		V6, minor		V	-2	0	0	3	1	1	True	True	False
526.0	2.0	87.667	59	5	B	0.0	2.667	0	6	4	3.0	1.0	1/4	True	-1	44.0	44.0	44.0	44a	3	263	False	False				False	182	V6	Bb	ii		V6	V		6			M	False	True	(5, 2, 1)	()	1	5	major	minor	ii	ii, major	V		ii	ii	True	V6	V6, minor		V6, minor		V	-2	0	0	7	5	5	True	False	True
526.0	2.0	87.667	59	5	B	0.0	2.667	0	6	4	4.0	1.0	1/4	True	-1	44.0	44.0	44.0	44a	3	263	False	False				False	182	V6	Bb	ii		V6	V		6			M	False	True	(5, 2, 1)	()	1	5	major	minor	ii	ii, major	V		ii	ii	True	V6	V6, minor		V6, minor		V	-2	0	0	7	5	5	True	False	True
526.0	2.0	87.667	74	2	D	0.0	2.667	0	6	4	1.0	1.0	1/4	True	-1	44.0	44.0	44.0	44a	5	263	False	False				False	182	V6	Bb	ii		V6	V		6			M	False	True	(5, 2, 1)	()	1	5	major	minor	ii	ii, major	V		ii	ii	True	V6	V6, minor		V6, minor		V	-2	0	0	4	2	2	True	False	False
528.0	2.0	88.0	60	0	C	0.0	1.0	1	6	4	3.0	1.0	1/4	True	-1	45.0	45.0	45.0	45a	4	264	False	True				False	183	i	Bb	ii		i	i					m	False	True	(0, -3, 1)	()	0	0	major	minor	ii	ii, major	i		ii	ii	True	i	i, minor		i, minor		i	-2	0	0	2	0	0	True	True	True
528.0	2.0	88.0	60	0	C	0.0	1.0	1	6	4	4.0	1.0	1/4	True	-1	45.0	45.0	45.0	45a	4	264	False	True				False	183	i	Bb	ii		i	i					m	False	True	(0, -3, 1)	()	0	0	major	minor	ii	ii, major	i		ii	ii	True	i	i, minor		i, minor		i	-2	0	0	2	0	0	True	True	True
528.0	2.0	88.0	75	-3	E	-1.0	1.0	1	6	4	1.0	1.0	1/4	True	-1	45.0	45.0	45.0	45a	5	264	False	True				False	183	i	Bb	ii		i	i					m	False	True	(0, -3, 1)	()	0	0	major	minor	ii	ii, major	i		ii	ii	True	i	i, minor		i, minor		i	-2	0	0	-1	-3	-3	True	False	False
530.0	1.0	88.333	74	2	D	0.0	1.333	0	6	4	2.0	1.0	1/8	True	-1	45.0	45.0	45.0	45a	5	265	False	True				False	184	I.I	Bb	I		I	I					M	False	False	(0, 4, 1)	()	0	0	major	major	I	I, major	I		I	I	False	I	I, major		I, major		I	-2	-2	-2	4	4	4	True	False	False
531.0	1.0	88.5	72	0	C	0.0	1.5	0	6	4	2.0	1.0	1/8	True	-1	45.0	45.0	45.0	45a	5	531/2	False	False				False	184	I.I	Bb	I		I	I					M	False	False	(0, 4, 1)	()	0	0	major	major	I	I, major	I		I	I	False	I	I, major		I, major		I	-2	-2	-2	2	2	2	False	False	False
532.0	2.0	88.667	58	-2	B	-1.0	1.667	0	6	4	3.0	1.0	1/4	True	-1	45.0	45.0	45.0	45a	3	266	False	False				False	184	I.I	Bb	I		I	I					M	False	False	(0, 4, 1)	()	0	0	major	major	I	I, major	I		I	I	False	I	I, major		I, major		I	-2	-2	-2	0	0	0	True	True	True
532.0	2.0	88.667	58	-2	B	-1.0	1.667	0	6	4	4.0	1.0	1/4	True	-1	45.0	45.0	45.0	45a	3	266	False	False				False	184	I.I	Bb	I		I	I					M	False	False	(0, 4, 1)	()	0	0	major	major	I	I, major	I		I	I	False	I	I, major		I, major		I	-2	-2	-2	0	0	0	True	True	True
532.0	2.0	88.667	70	-2	B	-1.0	1.667	0	6	4	2.0	1.0	1/4	True	-1	45.0	45.0	45.0	45a	4	266	False	False				False	184	I.I	Bb	I		I	I					M	False	False	(0, 4, 1)	()	0	0	major	major	I	I, major	I		I	I	False	I	I, major		I, major		I	-2	-2	-2	0	0	0	True	True	True
534.0	2.0	89.0	57	3	A	0.0	2.0	2	6	4	3.0	1.0	1/4	True	-1	45.0	45.0	45.0	45a	3	267	False	True				False	185	V6	Bb	I		V6	V		6			M	False	False	(5, 2, 1)	()	1	5	major	major	I	I, major	V		I	I	False	V6	V6, major		V6, major		V	-2	-2	-2	5	5	5	True	False	True
534.0	2.0	89.0	57	3	A	0.0	2.0	2	6	4	4.0	1.0	1/4	True	-1	45.0	45.0	45.0	45a	3	267	False	True				False	185	V6	Bb	I		V6	V		6			M	False	False	(5, 2, 1)	()	1	5	major	major	I	I, major	V		I	I	False	V6	V6, major		V6, major		V	-2	-2	-2	5	5	5	True	False	True
534.0	2.0	89.0	72	0	C	0.0	2.0	2	6	4	2.0	1.0	1/4	True	-1	45.0	45.0	45.0	45a	5	267	False	True				False	185	V6	Bb	I		V6	V		6			M	False	False	(5, 2, 1)	()	1	5	major	major	I	I, major	V		I	I	False	V6	V6, major		V6, major		V	-2	-2	-2	2	2	2	True	False	False
536.0	2.0	89.333	53	-1	F	0.0	2.333	0	6	4	3.0	1.0	1/4	True	-1	45.0	45.0	45.0	45a	3	268	False	False				False	185	V6	Bb	I		V6	V		6			M	False	False	(5, 2, 1)	()	1	5	major	major	I	I, major	V		I	I	False	V6	V6, major		V6, major		V	-2	-2	-2	1	1	1	True	True	False
536.0	2.0	89.333	53	-1	F	0.0	2.333	0	6	4	4.0	1.0	1/4	True	-1	45.0	45.0	45.0	45a	3	268	False	False				False	185	V6	Bb	I		V6	V		6			M	False	False	(5, 2, 1)	()	1	5	major	major	I	I, major	V		I	I	False	V6	V6, major		V6, major		V	-2	-2	-2	1	1	1	True	True	False
536.0	2.0	89.333	65	-1	F	0.0	2.333	0	6	4	2.0	1.0	1/4	True	-1	45.0	45.0	45.0	45a	4	268	False	False				False	185	V6	Bb	I		V6	V		6			M	False	False	(5, 2, 1)	()	1	5	major	major	I	I, major	V		I	I	False	V6	V6, major		V6, major		V	-2	-2	-2	1	1	1	True	True	False
536.0	2.0	89.333	77	-1	F	0.0	2.333	0	6	4	1.0	1.0	1/4	True	-1	45.0	45.0	45.0	45a	5	268	False	False				False	185	V6	Bb	I		V6	V		6			M	False	False	(5, 2, 1)	()	1	5	major	major	I	I, major	V		I	I	False	V6	V6, major		V6, major		V	-2	-2	-2	1	1	1	True	True	False
538.0	2.0	89.667	57	3	A	0.0	2.667	0	6	4	3.0	1.0	1/4	True	-1	45.0	45.0	45.0	45a	3	269	False	False				False	185	V6	Bb	I		V6	V		6			M	False	False	(5, 2, 1)	()	1	5	major	major	I	I, major	V		I	I	False	V6	V6, major		V6, major		V	-2	-2	-2	5	5	5	True	False	True
538.0	2.0	89.667	57	3	A	0.0	2.667	0	6	4	4.0	1.0	1/4	True	-1	45.0	45.0	45.0	45a	3	269	False	False				False	185	V6	Bb	I		V6	V		6			M	False	False	(5, 2, 1)	()	1	5	major	major	I	I, major	V		I	I	False	V6	V6, major		V6, major		V	-2	-2	-2	5	5	5	True	False	True
538.0	2.0	89.667	72	0	C	0.0	2.667	0	6	4	1.0	1.0	1/4	True	-1	45.0	45.0	45.0	45a	5	269	False	False				False	185	V6	Bb	I		V6	V		6			M	False	False	(5, 2, 1)	()	1	5	major	major	I	I, major	V		I	I	False	V6	V6, major		V6, major		V	-2	-2	-2	2	2	2	True	False	False
540.0	2.0	90.0	58	-2	B	-1.0	1.0	1	6	4	3.0	1.0	1/4	True	-1	46.0	46.0	46.0	46a	3	270	False	True				False	186	I	Bb	I		I	I					M	False	False	(0, 4, 1)	()	0	0	major	major	I	I, major	I		I	I	False	I	I, major		I, major		I	-2	-2	-2	0	0	0	True	True	True
540.0	2.0	90.0	58	-2	B	-1.0	1.0	1	6	4	4.0	1.0	1/4	True	-1	46.0	46.0	46.0	46a	3	270	False	True				False	186	I	Bb	I		I	I					M	False	False	(0, 4, 1)	()	0	0	major	major	I	I, major	I		I	I	False	I	I, major		I, major		I	-2	-2	-2	0	0	0	True	True	True
540.0	4.0	90.0	74	2	D	0.0	1.0	1	6	4	1.0	1.0	1/2	True	-1	46.0	46.0	46.0	46a	5	270	False	True				False	186	I	Bb	I		I	I					M	False	False	(0, 4, 1)	()	0	0	major	major	I	I, major	I		I	I	False	I	I, major		I, major		I	-2	-2	-2	4	4	4	True	False	False
542.0	2.0	90.333	46	-2	B	-1.0	1.333	0	6	4	3.0	1.0	1/4	True	-1	46.0	46.0	46.0	46a	2	271	False	False				False	186	I	Bb	I		I	I					M	False	False	(0, 4, 1)	()	0	0	major	major	I	I, major	I		I	I	False	I	I, major		I, major		I	-2	-2	-2	0	0	0	True	True	True
542.0	2.0	90.333	46	-2	B	-1.0	1.333	0	6	4	4.0	1.0	1/4	True	-1	46.0	46.0	46.0	46a	2	271	False	False				False	186	I	Bb	I		I	I					M	False	False	(0, 4, 1)	()	0	0	major	major	I	I, major	I		I	I	False	I	I, major		I, major		I	-2	-2	-2	0	0	0	True	True	True
542.0	1.0	90.333	74	2	D	0.0	1.333	0	6	4	2.0	1.0	1/8	True	-1	46.0	46.0	46.0	46a	5	271	False	False				False	186	I	Bb	I		I	I					M	False	False	(0, 4, 1)	()	0	0	major	major	I	I, major	I		I	I	False	I	I, major		I, major		I	-2	-2	-2	4	4	4	True	False	False
543.0	1.0	90.5	72	0	C	0.0	1.5	0	6	4	2.0	1.0	1/8	True	-1	46.0	46.0	46.0	46a	5	543/2	False	False				False	186	I	Bb	I		I	I					M	False	False	(0, 4, 1)	()	0	0	major	major	I	I, major	I		I	I	False	I	I, major		I, major		I	-2	-2	-2	2	2	2	False	False	False
544.0	2.0	90.667	58	-2	B	-1.0	1.667	0	6	4	3.0	1.0	1/4	True	-1	46.0	46.0	46.0	46a	3	272	False	False				False	186	I	Bb	I		I	I					M	False	False	(0, 4, 1)	()	0	0	major	major	I	I, major	I		I	I	False	I	I, major		I, major		I	-2	-2	-2	0	0	0	True	True	True
544.0	2.0	90.667	58	-2	B	-1.0	1.667	0	6	4	4.0	1.0	1/4	True	-1	46.0	46.0	46.0	46a	3	272	False	False				False	186	I	Bb	I		I	I					M	False	False	(0, 4, 1)	()	0	0	major	major	I	I, major	I		I	I	False	I	I, major		I, major		I	-2	-2	-2	0	0	0	True	True	True
544.0	2.0	90.667	70	-2	B	-1.0	1.667	0	6	4	2.0	1.0	1/4	True	-1	46.0	46.0	46.0	46a	4	272	False	False				False	186	I	Bb	I		I	I					M	False	False	(0, 4, 1)	()	0	0	major	major	I	I, major	I		I	I	False	I	I, major		I, major		I	-2	-2	-2	0	0	0	True	True	True
546.0	2.0	91.0	57	3	A	0.0	2.0	2	6	4	3.0	1.0	1/4	True	-1	46.0	46.0	46.0	46a	3	273	False	True				False	187	V6	Bb	I		V6	V		6			M	False	False	(5, 2, 1)	()	1	5	major	major	I	I, major	V		I	I	False	V6	V6, major		V6, major		V	-2	-2	-2	5	5	5	True	False	True
546.0	2.0	91.0	57	3	A	0.0	2.0	2	6	4	4.0	1.0	1/4	True	-1	46.0	46.0	46.0	46a	3	273	False	True				False	187	V6	Bb	I		V6	V		6			M	False	False	(5, 2, 1)	()	1	5	major	major	I	I, major	V		I	I	False	V6	V6, major		V6, major		V	-2	-2	-2	5	5	5	True	False	True
546.0	2.0	91.0	72	0	C	0.0	2.0	2	6	4	2.0	1.0	1/4	True	-1	46.0	46.0	46.0	46a	5	273	False	True				False	187	V6	Bb	I		V6	V		6			M	False	False	(5, 2, 1)	()	1	5	major	major	I	I, major	V		I	I	False	V6	V6, major		V6, major		V	-2	-2	-2	2	2	2	True	False	False
548.0	2.0	91.333	53	-1	F	0.0	2.333	0	6	4	3.0	1.0	1/4	True	-1	46.0	46.0	46.0	46a	3	274	False	False				False	187	V6	Bb	I		V6	V		6			M	False	False	(5, 2, 1)	()	1	5	major	major	I	I, major	V		I	I	False	V6	V6, major		V6, major		V	-2	-2	-2	1	1	1	True	True	False
548.0	2.0	91.333	53	-1	F	0.0	2.333	0	6	4	4.0	1.0	1/4	True	-1	46.0	46.0	46.0	46a	3	274	False	False				False	187	V6	Bb	I		V6	V		6			M	False	False	(5, 2, 1)	()	1	5	major	major	I	I, major	V		I	I	False	V6	V6, major		V6, major		V	-2	-2	-2	1	1	1	True	True	False
548.0	2.0	91.333	65	-1	F	0.0	2.333	0	6	4	2.0	1.0	1/4	True	-1	46.0	46.0	46.0	46a	4	274	False	False				False	187	V6	Bb	I		V6	V		6			M	False	False	(5, 2, 1)	()	1	5	major	major	I	I, major	V		I	I	False	V6	V6, major		V6, major		V	-2	-2	-2	1	1	1	True	True	False
548.0	2.0	91.333	77	-1	F	0.0	2.333	0	6	4	1.0	1.0	1/4	True	-1	46.0	46.0	46.0	46a	5	274	False	False				False	187	V6	Bb	I		V6	V		6			M	False	False	(5, 2, 1)	()	1	5	major	major	I	I, major	V		I	I	False	V6	V6, major		V6, major		V	-2	-2	-2	1	1	1	True	True	False
550.0	2.0	91.667	57	3	A	0.0	2.667	0	6	4	3.0	1.0	1/4	True	-1	46.0	46.0	46.0	46a	3	275	False	False				False	187	V6	Bb	I		V6	V		6			M	False	False	(5, 2, 1)	()	1	5	major	major	I	I, major	V		I	I	False	V6	V6, major		V6, major		V	-2	-2	-2	5	5	5	True	False	True
550.0	2.0	91.667	57	3	A	0.0	2.667	0	6	4	4.0	1.0	1/4	True	-1	46.0	46.0	46.0	46a	3	275	False	False				False	187	V6	Bb	I		V6	V		6			M	False	False	(5, 2, 1)	()	1	5	major	major	I	I, major	V		I	I	False	V6	V6, major		V6, major		V	-2	-2	-2	5	5	5	True	False	True
550.0	2.0	91.667	72	0	C	0.0	2.667	0	6	4	1.0	1.0	1/4	True	-1	46.0	46.0	46.0	46a	5	275	False	False				False	187	V6	Bb	I		V6	V		6			M	False	False	(5, 2, 1)	()	1	5	major	major	I	I, major	V		I	I	False	V6	V6, major		V6, major		V	-2	-2	-2	2	2	2	True	False	False
552.0	2.0	92.0	58	-2	B	-1.0	1.0	1	6	4	3.0	1.0	1/4	True	-1	47.0	47.0	47.0	47a	3	276	False	True				False	188	I	Bb	I		I	I					M	False	False	(0, 4, 1)	()	0	0	major	major	I	I, major	I		I	I	False	I	I, major		I, major		I	-2	-2	-2	0	0	0	True	True	True
552.0	2.0	92.0	58	-2	B	-1.0	1.0	1	6	4	4.0	1.0	1/4	True	-1	47.0	47.0	47.0	47a	3	276	False	True				False	188	I	Bb	I		I	I					M	False	False	(0, 4, 1)	()	0	0	major	major	I	I, major	I		I	I	False	I	I, major		I, major		I	-2	-2	-2	0	0	0	True	True	True
552.0	4.0	92.0	74	2	D	0.0	1.0	1	6	4	1.0	1.0	1/2	True	-1	47.0	47.0	47.0	47a	5	276	False	True				False	188	I	Bb	I		I	I					M	False	False	(0, 4, 1)	()	0	0	major	major	I	I, major	I		I	I	False	I	I, major		I, major		I	-2	-2	-2	4	4	4	True	False	False
554.0	2.0	92.333	46	-2	B	-1.0	1.333	0	6	4	3.0	1.0	1/4	True	-1	47.0	47.0	47.0	47a	2	277	False	False				False	188	I	Bb	I		I	I					M	False	False	(0, 4, 1)	()	0	0	major	major	I	I, major	I		I	I	False	I	I, major		I, major		I	-2	-2	-2	0	0	0	True	True	True
554.0	2.0	92.333	46	-2	B	-1.0	1.333	0	6	4	4.0	1.0	1/4	True	-1	47.0	47.0	47.0	47a	2	277	False	False				False	188	I	Bb	I		I	I					M	False	False	(0, 4, 1)	()	0	0	major	major	I	I, major	I		I	I	False	I	I, major		I, major		I	-2	-2	-2	0	0	0	True	True	True
554.0	2.0	92.333	70	-2	B	-1.0	1.333	0	6	4	2.0	1.0	1/4	True	-1	47.0	47.0	47.0	47a	4	277	False	False				False	188	I	Bb	I		I	I					M	False	False	(0, 4, 1)	()	0	0	major	major	I	I, major	I		I	I	False	I	I, major		I, major		I	-2	-2	-2	0	0	0	True	True	True
556.0	2.0	92.667	50	2	D	0.0	1.667	0	6	4	3.0	1.0	1/4	True	-1	47.0	47.0	47.0	47a	3	278	False	True				False	189	I6	Bb	I		I6	I		6			M	False	False	(4, 1, 0)	()	0	4	major	major	I	I, major	I		I	I	False	I6	I6, major		I6, major		I	-2	-2	-2	4	4	4	True	False	True
556.0	2.0	92.667	50	2	D	0.0	1.667	0	6	4	4.0	1.0	1/4	True	-1	47.0	47.0	47.0	47a	3	278	False	True				False	189	I6	Bb	I		I6	I		6			M	False	False	(4, 1, 0)	()	0	4	major	major	I	I, major	I		I	I	False	I6	I6, major		I6, major		I	-2	-2	-2	4	4	4	True	False	True
556.0	2.0	92.667	65	-1	F	0.0	1.667	0	6	4	2.0	1.0	1/4	True	-1	47.0	47.0	47.0	47a	4	278	False	True				False	189	I6	Bb	I		I6	I		6			M	False	False	(4, 1, 0)	()	0	4	major	major	I	I, major	I		I	I	False	I6	I6, major		I6, major		I	-2	-2	-2	1	1	1	True	False	False
558.0	6.0	93.0	51	-3	E	-1.0	2.0	2	6	4	3.0	1.0	3/4	True	-1	47.0	47.0	47.0	47a	3	279	False	True				False	190	IV	Bb	I		IV	IV					M	False	False	(-1, 3, 0)	()	-1	-1	major	major	I	I, major	IV		I	I	False	IV	IV, major		IV, major		IV	-2	-2	-2	-1	-1	-1	True	True	True
558.0	6.0	93.0	51	-3	E	-1.0	2.0	2	6	4	4.0	1.0	3/4	True	-1	47.0	47.0	47.0	47a	3	279	False	True				False	190	IV	Bb	I		IV	IV					M	False	False	(-1, 3, 0)	()	-1	-1	major	major	I	I, major	IV		I	I	False	IV	IV, major		IV, major		IV	-2	-2	-2	-1	-1	-1	True	True	True
558.0	2.0	93.0	67	1	G	0.0	2.0	2	6	4	2.0	1.0	1/4	True	-1	47.0	47.0	47.0	47a	4	279	False	True				False	190	IV	Bb	I		IV	IV					M	False	False	(-1, 3, 0)	()	-1	-1	major	major	I	I, major	IV		I	I	False	IV	IV, major		IV, major		IV	-2	-2	-2	3	3	3	True	False	False
560.0	2.0	93.333	72	0	C	0.0	2.333	0	6	4	1.0	1.0	1/4	True	-1	47.0	47.0	47.0	47a	5	280	False	True				False	191	ii6	Bb	I		ii6	ii		6			m	False	False	(-1, 3, 2)	()	2	-1	major	major	I	I, major	ii		I	I	False	ii6	ii6, major		ii6, major		ii	-2	-2	-2	2	2	2	True	True	False
560.0	4.0	93.333	75	-3	E	-1.0	2.333	0	6	4	2.0	1.0	1/2	True	-1	47.0	47.0	47.0	47a	5	280	False	True				False	191	ii6	Bb	I		ii6	ii		6			m	False	False	(-1, 3, 2)	()	2	-1	major	major	I	I, major	ii		I	I	False	ii6	ii6, major		ii6, major		ii	-2	-2	-2	-1	-1	-1	True	False	True
562.0	2.0	93.667	67	1	G	0.0	2.667	0	6	4	1.0	1.0	1/4	True	-1	47.0	47.0	47.0	47a	4	281	False	False				False	191	ii6	Bb	I		ii6	ii		6			m	False	False	(-1, 3, 2)	()	2	-1	major	major	I	I, major	ii		I	I	False	ii6	ii6, major		ii6, major		ii	-2	-2	-2	3	3	3	True	False	False
564.0	6.0	94.0	53	-1	F	0.0	1.0	1	6	4	3.0	1.0	3/4	True	-1	48.0	48.0	48.0	48a	3	282	False	True				False	192	V7	Bb	I		V7	V		7			Mm7	False	False	(1, 5, 2, -1)	()	1	1	major	major	I	I, major	V		I	I	False	V7	V7, major		V7, major		V	-2	-2	-2	1	1	1	True	True	True
564.0	6.0	94.0	53	-1	F	0.0	1.0	1	6	4	4.0	1.0	3/4	True	-1	48.0	48.0	48.0	48a	3	282	False	True				False	192	V7	Bb	I		V7	V		7			Mm7	False	False	(1, 5, 2, -1)	()	1	1	major	major	I	I, major	V		I	I	False	V7	V7, major		V7, major		V	-2	-2	-2	1	1	1	True	True	True
564.0	2.0	94.0	69	3	A	0.0	1.0	1	6	4	1.0	1.0	1/4	True	-1	48.0	48.0	48.0	48a	4	282	False	True				False	192	V7	Bb	I		V7	V		7			Mm7	False	False	(1, 5, 2, -1)	()	1	1	major	major	I	I, major	V		I	I	False	V7	V7, major		V7, major		V	-2	-2	-2	5	5	5	True	False	False
564.0	2.0	94.0	75	-3	E	-1.0	1.0	1	6	4	2.0	1.0	1/4	False	-1	48.0	48.0	48.0	48a	5	282	False	True				False	192	V7	Bb	I		V7	V		7			Mm7	False	False	(1, 5, 2, -1)	()	1	1	major	major	I	I, major	V		I	I	False	V7	V7, major		V7, major		V	-2	-2	-2	-1	-1	-1	True	False	False
566.0	2.0	94.333	74	2	D	0.0	1.333	0	6	4	2.0	1.0	1/4	True	-1	48.0	48.0	48.0	48a	5	283	False	True				False	193	iii6	Bb	I		iii6	iii		6			m	False	False	(1, 5, 4)	()	4	1	major	major	I	I, major	iii		I	I	False	iii6	iii6, major		iii6, major		iii	-2	-2	-2	4	4	4	True	True	False
566.0	6.0	94.333	77	-1	F	0.0	1.333	0	6	4	1.0	1.0	3/4	True	-1	48.0	48.0	48.0	48a	5	283	False	True				False	193	iii6	Bb	I		iii6	iii		6			m	False	False	(1, 5, 4)	()	4	1	major	major	I	I, major	iii		I	I	False	iii6	iii6, major		iii6, major		iii	-2	-2	-2	1	1	1	True	False	True
568.0	2.0	94.667	69	3	A	0.0	1.667	0	6	4	2.0	1.0	1/4	True	-1	48.0	48.0	48.0	48a	4	284	False	False				False	193	iii6	Bb	I		iii6	iii		6			m	False	False	(1, 5, 4)	()	4	1	major	major	I	I, major	iii		I	I	False	iii6	iii6, major		iii6, major		iii	-2	-2	-2	5	5	5	True	False	False
570.0	6.0	95.0	55	1	G	0.0	2.0	2	6	4	3.0	1.0	3/4	True	-1	48.0	48.0	48.0	48a	3	285	False	True				False	194	IV6(2)	Bb	I		IV6(2)	IV		6	2		M	False	False	(3, 0, 1)	()	-1	3	major	major	I	I, major	IV		I	I	False	IV6	IV6, major		IV6(2), major		IV	-2	-2	-2	3	3	3	True	False	True
570.0	6.0	95.0	55	1	G	0.0	2.0	2	6	4	4.0	1.0	3/4	True	-1	48.0	48.0	48.0	48a	3	285	False	True				False	194	IV6(2)	Bb	I		IV6(2)	IV		6	2		M	False	False	(3, 0, 1)	()	-1	3	major	major	I	I, major	IV		I	I	False	IV6	IV6, major		IV6(2), major		IV	-2	-2	-2	3	3	3	True	False	True
570.0	2.0	95.0	70	-2	B	-1.0	2.0	2	6	4	2.0	1.0	1/4	True	-1	48.0	48.0	48.0	48a	4	285	False	True				False	194	IV6(2)	Bb	I		IV6(2)	IV		6	2		M	False	False	(3, 0, 1)	()	-1	3	major	major	I	I, major	IV		I	I	False	IV6	IV6, major		IV6(2), major		IV	-2	-2	-2	0	0	0	True	False	False
572.0	2.0	95.333	75	-3	E	-1.0	2.333	0	6	4	1.0	1.0	1/4	True	-1	48.0	48.0	48.0	48a	5	286	False	True				False	195	IV6	Bb	I		IV6	IV		6			M	False	False	(3, 0, -1)	()	-1	3	major	major	I	I, major	IV		I	I	False	IV6	IV6, major		IV6, major		IV	-2	-2	-2	-1	-1	-1	True	True	False
572.0	4.0	95.333	79	1	G	0.0	2.333	0	6	4	2.0	1.0	1/2	True	-1	48.0	48.0	48.0	48a	5	286	False	True				False	195	IV6	Bb	I		IV6	IV		6			M	False	False	(3, 0, -1)	()	-1	3	major	major	I	I, major	IV		I	I	False	IV6	IV6, major		IV6, major		IV	-2	-2	-2	3	3	3	True	False	True
574.0	2.0	95.667	70	-2	B	-1.0	2.667	0	6	4	1.0	1.0	1/4	True	-1	48.0	48.0	48.0	48a	4	287	False	False				False	195	IV6	Bb	I		IV6	IV		6			M	False	False	(3, 0, -1)	()	-1	3	major	major	I	I, major	IV		I	I	False	IV6	IV6, major		IV6, major		IV	-2	-2	-2	0	0	0	True	False	False
576.0	6.0	96.0	57	3	A	0.0	1.0	1	6	4	3.0	1.0	3/4	True	-1	49.0	49.0	49.0	49a	3	288	False	True				False	196	vii%7	Bb	I		vii%7	vii	%	7			%7	False	False	(5, 2, -1, 3)	()	5	5	major	major	I	I, major	vii		I	I	False	vii%7	vii%7, major		vii%7, major		vii	-2	-2	-2	5	5	5	True	True	True
576.0	6.0	96.0	57	3	A	0.0	1.0	1	6	4	4.0	1.0	3/4	True	-1	49.0	49.0	49.0	49a	3	288	False	True				False	196	vii%7	Bb	I		vii%7	vii	%	7			%7	False	False	(5, 2, -1, 3)	()	5	5	major	major	I	I, major	vii		I	I	False	vii%7	vii%7, major		vii%7, major		vii	-2	-2	-2	5	5	5	True	True	True
576.0	8.0	96.0	72	0	C	0.0	1.0	1	6	4	1.0	1.0	1	True	-1	49.0	49.0	49.0	49a	5	288	False	True				False	196	vii%7	Bb	I		vii%7	vii	%	7			%7	False	False	(5, 2, -1, 3)	()	5	5	major	major	I	I, major	vii		I	I	False	vii%7	vii%7, major		vii%7, major		vii	-2	-2	-2	2	2	2	True	False	False
576.0	2.0	96.0	79	1	G	0.0	1.0	1	6	4	2.0	1.0	1/4	False	-1	49.0	49.0	49.0	49a	5	288	False	True				False	196	vii%7	Bb	I		vii%7	vii	%	7			%7	False	False	(5, 2, -1, 3)	()	5	5	major	major	I	I, major	vii		I	I	False	vii%7	vii%7, major		vii%7, major		vii	-2	-2	-2	3	3	3	True	False	False
578.0	2.0	96.333	77	-1	F	0.0	1.333	0	6	4	2.0	1.0	1/4	True	-1	49.0	49.0	49.0	49a	5	289	False	True				False	197	V6	Bb	I		V6	V		6			M	False	False	(5, 2, 1)	()	1	5	major	major	I	I, major	V		I	I	False	V6	V6, major		V6, major		V	-2	-2	-2	1	1	1	True	True	False
580.0	2.0	96.667	72	0	C	0.0	1.667	0	6	4	2.0	1.0	1/4	True	-1	49.0	49.0	49.0	49a	5	290	False	False				False	197	V6	Bb	I		V6	V		6			M	False	False	(5, 2, 1)	()	1	5	major	major	I	I, major	V		I	I	False	V6	V6, major		V6, major		V	-2	-2	-2	2	2	2	True	False	False
582.0	4.0	97.0	58	-2	B	-1.0	2.0	2	6	4	3.0	1.0	1/2	True	-1	49.0	49.0	49.0	49a	3	291	False	True				False	198	I(9)	Bb	I		I(9)	I			9		M	False	False	(0, 4, 1)	(2,)	0	0	major	major	I	I, major	I		I	I	False	I	I, major		I(9), major		I	-2	-2	-2	0	0	0	True	True	True
582.0	4.0	97.0	58	-2	B	-1.0	2.0	2	6	4	3.0	1.0	1/2	True	-1	49.0	49.0	49.0	49a	3	291	False	True				False	199	I	Bb	I		I	I					M	False	False	(0, 4, 1)	()	0	0	major	major	I	I, major	I		I	I	False	I	I, major		I, major		I	-2	-2	-2	0	0	0	True	True	True
582.0	4.0	97.0	58	-2	B	-1.0	2.0	2	6	4	4.0	1.0	1/2	True	-1	49.0	49.0	49.0	49a	3	291	False	True				False	198	I(9)	Bb	I		I(9)	I			9		M	False	False	(0, 4, 1)	(2,)	0	0	major	major	I	I, major	I		I	I	False	I	I, major		I(9), major		I	-2	-2	-2	0	0	0	True	True	True
582.0	4.0	97.0	58	-2	B	-1.0	2.0	2	6	4	4.0	1.0	1/2	True	-1	49.0	49.0	49.0	49a	3	291	False	True				False	199	I	Bb	I		I	I					M	False	False	(0, 4, 1)	()	0	0	major	major	I	I, major	I		I	I	False	I	I, major		I, major		I	-2	-2	-2	0	0	0	True	True	True
582.0	2.0	97.0	74	2	D	0.0	2.0	2	6	4	2.0	1.0	1/4	True	-1	49.0	49.0	49.0	49a	5	291	False	True				False	198	I(9)	Bb	I		I(9)	I			9		M	False	False	(0, 4, 1)	(2,)	0	0	major	major	I	I, major	I		I	I	False	I	I, major		I(9), major		I	-2	-2	-2	4	4	4	True	False	False
582.0	2.0	97.0	74	2	D	0.0	2.0	2	6	4	2.0	1.0	1/4	True	-1	49.0	49.0	49.0	49a	5	291	False	True				False	199	I	Bb	I		I	I					M	False	False	(0, 4, 1)	()	0	0	major	major	I	I, major	I		I	I	False	I	I, major		I, major		I	-2	-2	-2	4	4	4	True	False	False
584.0	2.0	97.333	70	-2	B	-1.0	2.333	0	6	4	1.0	1.0	1/4	True	-1	49.0	49.0	49.0	49a	4	292	False	False				False	199	I	Bb	I		I	I					M	False	False	(0, 4, 1)	()	0	0	major	major	I	I, major	I		I	I	False	I	I, major		I, major		I	-2	-2	-2	0	0	0	True	True	True
584.0	2.0	97.333	77	-1	F	0.0	2.333	0	6	4	2.0	1.0	1/4	True	-1	49.0	49.0	49.0	49a	5	292	False	False				False	199	I	Bb	I		I	I					M	False	False	(0, 4, 1)	()	0	0	major	major	I	I, major	I		I	I	False	I	I, major		I, major		I	-2	-2	-2	1	1	1	True	False	False
586.0	2.0	97.667	50	2	D	0.0	2.667	0	6	4	3.0	1.0	1/4	True	-1	49.0	49.0	49.0	49a	3	293	False	True				False	200	I6	Bb	I		I6	I		6			M	False	False	(4, 1, 0)	()	0	4	major	major	I	I, major	I		I	I	False	I6	I6, major		I6, major		I	-2	-2	-2	4	4	4	True	False	True
586.0	2.0	97.667	50	2	D	0.0	2.667	0	6	4	4.0	1.0	1/4	True	-1	49.0	49.0	49.0	49a	3	293	False	True				False	200	I6	Bb	I		I6	I		6			M	False	False	(4, 1, 0)	()	0	4	major	major	I	I, major	I		I	I	False	I6	I6, major		I6, major		I	-2	-2	-2	4	4	4	True	False	True
586.0	2.0	97.667	65	-1	F	0.0	2.667	0	6	4	1.0	1.0	1/4	True	-1	49.0	49.0	49.0	49a	4	293	False	True				False	200	I6	Bb	I		I6	I		6			M	False	False	(4, 1, 0)	()	0	4	major	major	I	I, major	I		I	I	False	I6	I6, major		I6, major		I	-2	-2	-2	1	1	1	True	False	False
586.0	2.0	97.667	82	-2	B	-1.0	2.667	0	6	4	2.0	1.0	1/4	True	-1	49.0	49.0	49.0	49a	5	293	False	True				False	200	I6	Bb	I		I6	I		6			M	False	False	(4, 1, 0)	()	0	4	major	major	I	I, major	I		I	I	False	I6	I6, major		I6, major		I	-2	-2	-2	0	0	0	True	True	False
588.0	4.0	98.0	51	-3	E	-1.0	1.0	1	6	4	3.0	1.0	1/2	True	-1	50.0	50.0	50.0	50a	3	294	False	True				False	201	IV	Bb	I		IV	IV					M	False	False	(-1, 3, 0)	()	-1	-1	major	major	I	I, major	IV		I	I	False	IV	IV, major		IV, major		IV	-2	-2	-2	-1	-1	-1	True	True	True
588.0	4.0	98.0	51	-3	E	-1.0	1.0	1	6	4	4.0	1.0	1/2	True	-1	50.0	50.0	50.0	50a	3	294	False	True				False	201	IV	Bb	I		IV	IV					M	False	False	(-1, 3, 0)	()	-1	-1	major	major	I	I, major	IV		I	I	False	IV	IV, major		IV, major		IV	-2	-2	-2	-1	-1	-1	True	True	True
588.0	2.0	98.0	67	1	G	0.0	1.0	1	6	4	1.0	1.0	1/4	True	-1	50.0	50.0	50.0	50a	4	294	False	True				False	201	IV	Bb	I		IV	IV					M	False	False	(-1, 3, 0)	()	-1	-1	major	major	I	I, major	IV		I	I	False	IV	IV, major		IV, major		IV	-2	-2	-2	3	3	3	True	False	False
590.0	2.0	98.333	75	-3	E	-1.0	1.333	0	6	4	1.0	1.0	1/4	True	-1	50.0	50.0	50.0	50a	5	295	False	False				False	201	IV	Bb	I		IV	IV					M	False	False	(-1, 3, 0)	()	-1	-1	major	major	I	I, major	IV		I	I	False	IV	IV, major		IV, major		IV	-2	-2	-2	-1	-1	-1	True	True	True
590.0	2.0	98.333	79	1	G	0.0	1.333	0	6	4	2.0	1.0	1/4	True	-1	50.0	50.0	50.0	50a	5	295	False	False				False	201	IV	Bb	I		IV	IV					M	False	False	(-1, 3, 0)	()	-1	-1	major	major	I	I, major	IV		I	I	False	IV	IV, major		IV, major		IV	-2	-2	-2	3	3	3	True	False	False
592.0	2.0	98.667	51	-3	E	-1.0	1.667	0	6	4	3.0	1.0	1/4	True	-1	50.0	50.0	50.0	50a	3	296	False	True				False	202	ii6	Bb	I		ii6	ii		6			m	False	False	(-1, 3, 2)	()	2	-1	major	major	I	I, major	ii		I	I	False	ii6	ii6, major		ii6, major		ii	-2	-2	-2	-1	-1	-1	True	False	True
592.0	2.0	98.667	51	-3	E	-1.0	1.667	0	6	4	4.0	1.0	1/4	True	-1	50.0	50.0	50.0	50a	3	296	False	True				False	202	ii6	Bb	I		ii6	ii		6			m	False	False	(-1, 3, 2)	()	2	-1	major	major	I	I, major	ii		I	I	False	ii6	ii6, major		ii6, major		ii	-2	-2	-2	-1	-1	-1	True	False	True
592.0	2.0	98.667	67	1	G	0.0	1.667	0	6	4	1.0	1.0	1/4	True	-1	50.0	50.0	50.0	50a	4	296	False	True				False	202	ii6	Bb	I		ii6	ii		6			m	False	False	(-1, 3, 2)	()	2	-1	major	major	I	I, major	ii		I	I	False	ii6	ii6, major		ii6, major		ii	-2	-2	-2	3	3	3	True	False	False
592.0	2.0	98.667	84	0	C	0.0	1.667	0	6	4	2.0	1.0	1/4	True	-1	50.0	50.0	50.0	50a	6	296	False	True				False	202	ii6	Bb	I		ii6	ii		6			m	False	False	(-1, 3, 2)	()	2	-1	major	major	I	I, major	ii		I	I	False	ii6	ii6, major		ii6, major		ii	-2	-2	-2	2	2	2	True	True	False
594.0	4.0	99.0	53	-1	F	0.0	2.0	2	6	4	3.0	1.0	1/2	True	-1	50.0	50.0	50.0	50a	3	297	False	True				False	203	V	Bb	I		V	V					M	False	False	(1, 5, 2)	()	1	1	major	major	I	I, major	V		I	I	False	V	V, major		V, major		V	-2	-2	-2	1	1	1	True	True	True
594.0	4.0	99.0	53	-1	F	0.0	2.0	2	6	4	4.0	1.0	1/2	True	-1	50.0	50.0	50.0	50a	3	297	False	True				False	203	V	Bb	I		V	V					M	False	False	(1, 5, 2)	()	1	1	major	major	I	I, major	V		I	I	False	V	V, major		V, major		V	-2	-2	-2	1	1	1	True	True	True
594.0	4.0	99.0	69	3	A	0.0	2.0	2	6	4	1.0	1.0	1/2	True	-1	50.0	50.0	50.0	50a	4	297	False	True				False	203	V	Bb	I		V	V					M	False	False	(1, 5, 2)	()	1	1	major	major	I	I, major	V		I	I	False	V	V, major		V, major		V	-2	-2	-2	5	5	5	True	False	False
596.0	2.0	99.333	77	-1	F	0.0	2.333	0	6	4	2.0	1.0	1/4	True	-1	50.0	50.0	50.0	50a	5	298	False	False				False	203	V	Bb	I		V	V					M	False	False	(1, 5, 2)	()	1	1	major	major	I	I, major	V		I	I	False	V	V, major		V, major		V	-2	-2	-2	1	1	1	True	True	True
598.0	2.0	99.667	50	2	D	0.0	2.667	0	6	4	3.0	1.0	1/4	True	-1	50.0	50.0	50.0	50a	3	299	False	True				False	204	I6	Bb	I		I6	I		6			M	False	False	(4, 1, 0)	()	0	4	major	major	I	I, major	I		I	I	False	I6	I6, major		I6, major		I	-2	-2	-2	4	4	4	True	False	True
598.0	2.0	99.667	50	2	D	0.0	2.667	0	6	4	4.0	1.0	1/4	True	-1	50.0	50.0	50.0	50a	3	299	False	True				False	204	I6	Bb	I		I6	I		6			M	False	False	(4, 1, 0)	()	0	4	major	major	I	I, major	I		I	I	False	I6	I6, major		I6, major		I	-2	-2	-2	4	4	4	True	False	True
598.0	2.0	99.667	70	-2	B	-1.0	2.667	0	6	4	1.0	1.0	1/4	True	-1	50.0	50.0	50.0	50a	4	299	False	True				False	204	I6	Bb	I		I6	I		6			M	False	False	(4, 1, 0)	()	0	4	major	major	I	I, major	I		I	I	False	I6	I6, major		I6, major		I	-2	-2	-2	0	0	0	True	True	False
598.0	2.0	99.667	82	-2	B	-1.0	2.667	0	6	4	2.0	1.0	1/4	True	-1	50.0	50.0	50.0	50a	5	299	False	True				False	204	I6	Bb	I		I6	I		6			M	False	False	(4, 1, 0)	()	0	4	major	major	I	I, major	I		I	I	False	I6	I6, major		I6, major		I	-2	-2	-2	0	0	0	True	True	False
600.0	2.0	100.0	51	-3	E	-1.0	1.0	1	6	4	3.0	1.0	1/4	True	-1	51.0	51.0	51.0	51a	3	300	False	True				False	205	ii65	Bb	I		ii65	ii		65			mm7	False	False	(-1, 3, 0, 2)	()	2	-1	major	major	I	I, major	ii		I	I	False	ii65	ii65, major		ii65, major		ii	-2	-2	-2	-1	-1	-1	True	False	True
600.0	2.0	100.0	51	-3	E	-1.0	1.0	1	6	4	4.0	1.0	1/4	True	-1	51.0	51.0	51.0	51a	3	300	False	True				False	205	ii65	Bb	I		ii65	ii		65			mm7	False	False	(-1, 3, 0, 2)	()	2	-1	major	major	I	I, major	ii		I	I	False	ii65	ii65, major		ii65, major		ii	-2	-2	-2	-1	-1	-1	True	False	True
600.0	2.0	100.0	70	-2	B	-1.0	1.0	1	6	4	1.0	1.0	1/4	False	-1	51.0	51.0	51.0	51a	4	300	False	True				False	205	ii65	Bb	I		ii65	ii		65			mm7	False	False	(-1, 3, 0, 2)	()	2	-1	major	major	I	I, major	ii		I	I	False	ii65	ii65, major		ii65, major		ii	-2	-2	-2	0	0	0	True	False	False
600.0	2.0	100.0	72	0	C	0.0	1.0	1	6	4	2.0	1.0	1/4	True	-1	51.0	51.0	51.0	51a	5	300	False	True				False	205	ii65	Bb	I		ii65	ii		65			mm7	False	False	(-1, 3, 0, 2)	()	2	-1	major	major	I	I, major	ii		I	I	False	ii65	ii65, major		ii65, major		ii	-2	-2	-2	2	2	2	True	True	False
602.0	4.0	100.333	53	-1	F	0.0	1.333	0	6	4	3.0	1.0	1/2	True	-1	51.0	51.0	51.0	51a	3	301	False	True				False	206	V	Bb	I		V	V					M	False	False	(1, 5, 2)	()	1	1	major	major	I	I, major	V		I	I	False	V	V, major		V, major		V	-2	-2	-2	1	1	1	True	True	True
602.0	4.0	100.333	53	-1	F	0.0	1.333	0	6	4	4.0	1.0	1/2	True	-1	51.0	51.0	51.0	51a	3	301	False	True				False	206	V	Bb	I		V	V					M	False	False	(1, 5, 2)	()	1	1	major	major	I	I, major	V		I	I	False	V	V, major		V, major		V	-2	-2	-2	1	1	1	True	True	True
602.0	4.0	100.333	69	3	A	0.0	1.333	0	6	4	1.0	1.0	1/2	True	-1	51.0	51.0	51.0	51a	4	301	False	True				False	206	V	Bb	I		V	V					M	False	False	(1, 5, 2)	()	1	1	major	major	I	I, major	V		I	I	False	V	V, major		V, major		V	-2	-2	-2	5	5	5	True	False	False
602.0	4.0	100.333	72	0	C	0.0	1.333	0	6	4	2.0	1.0	1/2	True	-1	51.0	51.0	51.0	51a	5	301	False	True				False	206	V	Bb	I		V	V					M	False	False	(1, 5, 2)	()	1	1	major	major	I	I, major	V		I	I	False	V	V, major		V, major		V	-2	-2	-2	2	2	2	True	False	False
606.0	6.0	101.0	58	-2	B	-1.0	2.0	2	6	4	3.0	1.0	3/4	True	-1	51.0	51.0	51.0	51a	3	303	False	True	PAC	PAC	}{	True	207	I|PAC}{	Bb	I		I	I					M	False	False	(0, 4, 1)	()	0	0	major	major	I	I, major	I		I	I	False	I	I, major		I, major		I	-2	-2	-2	0	0	0	True	True	True
606.0	6.0	101.0	58	-2	B	-1.0	2.0	2	6	4	4.0	1.0	3/4	True	-1	51.0	51.0	51.0	51a	3	303	False	True	PAC	PAC	}{	True	207	I|PAC}{	Bb	I		I	I					M	False	False	(0, 4, 1)	()	0	0	major	major	I	I, major	I		I	I	False	I	I, major		I, major		I	-2	-2	-2	0	0	0	True	True	True
606.0	2.0	101.0	70	-2	B	-1.0	2.0	2	6	4	1.0	1.0	1/4	True	-1	51.0	51.0	51.0	51a	4	303	False	True	PAC	PAC	}{	True	207	I|PAC}{	Bb	I		I	I					M	False	False	(0, 4, 1)	()	0	0	major	major	I	I, major	I		I	I	False	I	I, major		I, major		I	-2	-2	-2	0	0	0	True	True	True
606.0	6.0	101.0	70	-2	B	-1.0	2.0	2	6	4	2.0	1.0	3/4	True	-1	51.0	51.0	51.0	51a	4	303	False	True	PAC	PAC	}{	True	207	I|PAC}{	Bb	I		I	I					M	False	False	(0, 4, 1)	()	0	0	major	major	I	I, major	I		I	I	False	I	I, major		I, major		I	-2	-2	-2	0	0	0	True	True	True
608.0	1.0	101.333	74	2	D	0.0	2.333	0	6	4	1.0	1.0	1/8	True	-1	51.0	51.0	51.0	51a	5	304	False	False				False	207	I|PAC}{	Bb	I		I	I					M	False	False	(0, 4, 1)	()	0	0	major	major	I	I, major	I		I	I	False	I	I, major		I, major		I	-2	-2	-2	4	4	4	True	False	False
609.0	1.0	101.5	72	0	C	0.0	2.5	0	6	4	1.0	1.0	1/8	True	-1	51.0	51.0	51.0	51a	5	609/2	False	False				False	207	I|PAC}{	Bb	I		I	I					M	False	False	(0, 4, 1)	()	0	0	major	major	I	I, major	I		I	I	False	I	I, major		I, major		I	-2	-2	-2	2	2	2	False	False	False
610.0	2.0	101.667	70	-2	B	-1.0	2.667	0	6	4	1.0	1.0	1/4	True	-1	51.0	51.0	51.0	51a	4	305	False	False				False	207	I|PAC}{	Bb	I		I	I					M	False	False	(0, 4, 1)	()	0	0	major	major	I	I, major	I		I	I	False	I	I, major		I, major		I	-2	-2	-2	0	0	0	True	True	True
612.0	6.0	102.0	57	3	A	0.0	1.0	1	6	4	3.0	1.0	3/4	True	-1	52.0	52.0	52.0	52a	3	306	False	True				False	208	V6	Bb	I		V6	V		6			M	False	False	(5, 2, 1)	()	1	5	major	major	I	I, major	V		I	I	False	V6	V6, major		V6, major		V	-2	-2	-2	5	5	5	True	False	True
612.0	6.0	102.0	57	3	A	0.0	1.0	1	6	4	4.0	1.0	3/4	True	-1	52.0	52.0	52.0	52a	3	306	False	True				False	208	V6	Bb	I		V6	V		6			M	False	False	(5, 2, 1)	()	1	5	major	major	I	I, major	V		I	I	False	V6	V6, major		V6, major		V	-2	-2	-2	5	5	5	True	False	True
612.0	2.0	102.0	72	0	C	0.0	1.0	1	6	4	1.0	1.0	1/4	True	-1	52.0	52.0	52.0	52a	5	306	False	True				False	208	V6	Bb	I		V6	V		6			M	False	False	(5, 2, 1)	()	1	5	major	major	I	I, major	V		I	I	False	V6	V6, major		V6, major		V	-2	-2	-2	2	2	2	True	False	False
614.0	2.0	102.333	65	-1	F	0.0	1.333	0	6	4	1.0	1.0	1/4	True	-1	52.0	52.0	52.0	52a	4	307	False	False				False	208	V6	Bb	I		V6	V		6			M	False	False	(5, 2, 1)	()	1	5	major	major	I	I, major	V		I	I	False	V6	V6, major		V6, major		V	-2	-2	-2	1	1	1	True	True	False
616.0	2.0	102.667	77	-1	F	0.0	1.667	0	6	4	1.0	1.0	1/4	True	-1	52.0	52.0	52.0	52a	5	308	False	False				False	208	V6	Bb	I		V6	V		6			M	False	False	(5, 2, 1)	()	1	5	major	major	I	I, major	V		I	I	False	V6	V6, major		V6, major		V	-2	-2	-2	1	1	1	True	True	False
618.0	6.0	103.0	55	1	G	0.0	2.0	2	6	4	3.0	1.0	3/4	True	-1	52.0	52.0	52.0	52a	3	309	False	True				False	209	vi	Bb	I		vi	vi					m	False	False	(3, 0, 4)	()	3	3	major	major	I	I, major	vi		I	I	False	vi	vi, major		vi, major		vi	-2	-2	-2	3	3	3	True	True	True
618.0	6.0	103.0	55	1	G	0.0	2.0	2	6	4	4.0	1.0	3/4	True	-1	52.0	52.0	52.0	52a	3	309	False	True				False	209	vi	Bb	I		vi	vi					m	False	False	(3, 0, 4)	()	3	3	major	major	I	I, major	vi		I	I	False	vi	vi, major		vi, major		vi	-2	-2	-2	3	3	3	True	True	True
618.0	2.0	103.0	70	-2	B	-1.0	2.0	2	6	4	1.0	1.0	1/4	True	-1	52.0	52.0	52.0	52a	4	309	False	True				False	209	vi	Bb	I		vi	vi					m	False	False	(3, 0, 4)	()	3	3	major	major	I	I, major	vi		I	I	False	vi	vi, major		vi, major		vi	-2	-2	-2	0	0	0	True	False	False
618.0	2.0	103.0	70	-2	B	-1.0	2.0	2	6	4	2.0	1.0	1/4	True	-1	52.0	52.0	52.0	52a	4	309	False	True				False	209	vi	Bb	I		vi	vi					m	False	False	(3, 0, 4)	()	3	3	major	major	I	I, major	vi		I	I	False	vi	vi, major		vi, major		vi	-2	-2	-2	0	0	0	True	False	False
620.0	1.0	103.333	74	2	D	0.0	2.333	0	6	4	2.0	1.0	1/8	True	-1	52.0	52.0	52.0	52a	5	310	False	False				False	209	vi	Bb	I		vi	vi					m	False	False	(3, 0, 4)	()	3	3	major	major	I	I, major	vi		I	I	False	vi	vi, major		vi, major		vi	-2	-2	-2	4	4	4	True	False	False
620.0	4.0	103.333	82	-2	B	-1.0	2.333	0	6	4	1.0	1.0	1/2	True	-1	52.0	52.0	52.0	52a	5	310	False	False				False	209	vi	Bb	I		vi	vi					m	False	False	(3, 0, 4)	()	3	3	major	major	I	I, major	vi		I	I	False	vi	vi, major		vi, major		vi	-2	-2	-2	0	0	0	True	False	False
621.0	1.0	103.5	72	0	C	0.0	2.5	0	6	4	2.0	1.0	1/8	True	-1	52.0	52.0	52.0	52a	5	621/2	False	False				False	209	vi	Bb	I		vi	vi					m	False	False	(3, 0, 4)	()	3	3	major	major	I	I, major	vi		I	I	False	vi	vi, major		vi, major		vi	-2	-2	-2	2	2	2	False	False	False
622.0	2.0	103.667	70	-2	B	-1.0	2.667	0	6	4	2.0	1.0	1/4	True	-1	52.0	52.0	52.0	52a	4	311	False	False				False	209	vi	Bb	I		vi	vi					m	False	False	(3, 0, 4)	()	3	3	major	major	I	I, major	vi		I	I	False	vi	vi, major		vi, major		vi	-2	-2	-2	0	0	0	True	False	False
624.0	6.0	104.0	53	-1	F	0.0	1.0	1	6	4	3.0	1.0	3/4	True	-1	53.0	53.0	53.0	53a	3	312	False	True				False	210	V(4)	Bb	I		V(4)	V			4		M	False	False	(1, 0, 2)	()	1	1	major	major	I	I, major	V		I	I	False	V	V, major		V(4), major		V	-2	-2	-2	1	1	1	True	True	True
624.0	6.0	104.0	53	-1	F	0.0	1.0	1	6	4	4.0	1.0	3/4	True	-1	53.0	53.0	53.0	53a	3	312	False	True				False	210	V(4)	Bb	I		V(4)	V			4		M	False	False	(1, 0, 2)	()	1	1	major	major	I	I, major	V		I	I	False	V	V, major		V(4), major		V	-2	-2	-2	1	1	1	True	True	True
624.0	2.0	104.0	72	0	C	0.0	1.0	1	6	4	2.0	1.0	1/4	True	-1	53.0	53.0	53.0	53a	5	312	False	True				False	210	V(4)	Bb	I		V(4)	V			4		M	False	False	(1, 0, 2)	()	1	1	major	major	I	I, major	V		I	I	False	V	V, major		V(4), major		V	-2	-2	-2	2	2	2	True	False	False
624.0	2.0	104.0	82	-2	B	-1.0	1.0	1	6	4	1.0	1.0	1/4	False	-1	53.0	53.0	53.0	53a	5	312	False	True				False	210	V(4)	Bb	I		V(4)	V			4		M	False	False	(1, 0, 2)	()	1	1	major	major	I	I, major	V		I	I	False	V	V, major		V(4), major		V	-2	-2	-2	0	0	0	True	False	False
626.0	2.0	104.333	65	-1	F	0.0	1.333	0	6	4	2.0	1.0	1/4	True	-1	53.0	53.0	53.0	53a	4	313	False	True				False	211	V	Bb	I		V	V					M	False	False	(1, 5, 2)	()	1	1	major	major	I	I, major	V		I	I	False	V	V, major		V, major		V	-2	-2	-2	1	1	1	True	True	True
626.0	6.0	104.333	81	3	A	0.0	1.333	0	6	4	1.0	1.0	3/4	True	-1	53.0	53.0	53.0	53a	5	313	False	True				False	211	V	Bb	I		V	V					M	False	False	(1, 5, 2)	()	1	1	major	major	I	I, major	V		I	I	False	V	V, major		V, major		V	-2	-2	-2	5	5	5	True	False	False
628.0	2.0	104.667	77	-1	F	0.0	1.667	0	6	4	2.0	1.0	1/4	True	-1	53.0	53.0	53.0	53a	5	314	False	False				False	211	V	Bb	I		V	V					M	False	False	(1, 5, 2)	()	1	1	major	major	I	I, major	V		I	I	False	V	V, major		V, major		V	-2	-2	-2	1	1	1	True	True	True
630.0	2.0	105.0	55	1	G	0.0	2.0	2	6	4	3.0	1.0	1/4	True	-1	53.0	53.0	53.0	53a	3	315	False	True				False	212	vi(9)	Bb	I		vi(9)	vi			9		m	False	False	(3, 0, 4)	(5,)	3	3	major	major	I	I, major	vi		I	I	False	vi	vi, major		vi(9), major		vi	-2	-2	-2	3	3	3	True	True	True
630.0	2.0	105.0	55	1	G	0.0	2.0	2	6	4	4.0	1.0	1/4	True	-1	53.0	53.0	53.0	53a	3	315	False	True				False	212	vi(9)	Bb	I		vi(9)	vi			9		m	False	False	(3, 0, 4)	(5,)	3	3	major	major	I	I, major	vi		I	I	False	vi	vi, major		vi(9), major		vi	-2	-2	-2	3	3	3	True	True	True
630.0	2.0	105.0	70	-2	B	-1.0	2.0	2	6	4	2.0	1.0	1/4	True	-1	53.0	53.0	53.0	53a	4	315	False	True				False	212	vi(9)	Bb	I		vi(9)	vi			9		m	False	False	(3, 0, 4)	(5,)	3	3	major	major	I	I, major	vi		I	I	False	vi	vi, major		vi(9), major		vi	-2	-2	-2	0	0	0	True	False	False
632.0	2.0	105.333	58	-2	B	-1.0	2.333	0	6	4	3.0	1.0	1/4	True	-1	53.0	53.0	53.0	53a	3	316	False	True				False	213	vi6	Bb	I		vi6	vi		6			m	False	False	(0, 4, 3)	()	3	0	major	major	I	I, major	vi		I	I	False	vi6	vi6, major		vi6, major		vi	-2	-2	-2	0	0	0	True	False	True
632.0	2.0	105.333	58	-2	B	-1.0	2.333	0	6	4	4.0	1.0	1/4	True	-1	53.0	53.0	53.0	53a	3	316	False	True				False	213	vi6	Bb	I		vi6	vi		6			m	False	False	(0, 4, 3)	()	3	0	major	major	I	I, major	vi		I	I	False	vi6	vi6, major		vi6, major		vi	-2	-2	-2	0	0	0	True	False	True
632.0	4.0	105.333	79	1	G	0.0	2.333	0	6	4	1.0	1.0	1/2	True	-1	53.0	53.0	53.0	53a	5	316	False	True				False	213	vi6	Bb	I		vi6	vi		6			m	False	False	(0, 4, 3)	()	3	0	major	major	I	I, major	vi		I	I	False	vi6	vi6, major		vi6, major		vi	-2	-2	-2	3	3	3	True	True	False
632.0	4.0	105.333	82	-2	B	-1.0	2.333	0	6	4	2.0	1.0	1/2	True	-1	53.0	53.0	53.0	53a	5	316	False	True				False	213	vi6	Bb	I		vi6	vi		6			m	False	False	(0, 4, 3)	()	3	0	major	major	I	I, major	vi		I	I	False	vi6	vi6, major		vi6, major		vi	-2	-2	-2	0	0	0	True	False	True
634.0	2.0	105.667	60	0	C	0.0	2.667	0	6	4	3.0	1.0	1/4	True	-1	53.0	53.0	53.0	53a	4	317	False	False				False	213	vi6	Bb	I		vi6	vi		6			m	False	False	(0, 4, 3)	()	3	0	major	major	I	I, major	vi		I	I	False	vi6	vi6, major		vi6, major		vi	-2	-2	-2	2	2	2	False	False	False
634.0	2.0	105.667	60	0	C	0.0	2.667	0	6	4	4.0	1.0	1/4	True	-1	53.0	53.0	53.0	53a	4	317	False	False				False	213	vi6	Bb	I		vi6	vi		6			m	False	False	(0, 4, 3)	()	3	0	major	major	I	I, major	vi		I	I	False	vi6	vi6, major		vi6, major		vi	-2	-2	-2	2	2	2	False	False	False
636.0	2.0	106.0	62	2	D	0.0	1.0	1	6	4	3.0	1.0	1/4	True	-1	54.0	54.0	54.0	54a	4	318	False	True				False	214	iii(4)	Bb	I		iii(4)	iii			4		m	False	False	(4, 3, 5)	()	4	4	major	major	I	I, major	iii		I	I	False	iii	iii, major		iii(4), major		iii	-2	-2	-2	4	4	4	True	True	True
636.0	2.0	106.0	62	2	D	0.0	1.0	1	6	4	4.0	1.0	1/4	True	-1	54.0	54.0	54.0	54a	4	318	False	True				False	214	iii(4)	Bb	I		iii(4)	iii			4		m	False	False	(4, 3, 5)	()	4	4	major	major	I	I, major	iii		I	I	False	iii	iii, major		iii(4), major		iii	-2	-2	-2	4	4	4	True	True	True
636.0	2.0	106.0	79	1	G	0.0	1.0	1	6	4	1.0	1.0	1/4	False	-1	54.0	54.0	54.0	54a	5	318	False	True				False	214	iii(4)	Bb	I		iii(4)	iii			4		m	False	False	(4, 3, 5)	()	4	4	major	major	I	I, major	iii		I	I	False	iii	iii, major		iii(4), major		iii	-2	-2	-2	3	3	3	True	False	False
636.0	6.0	106.0	81	3	A	0.0	1.0	1	6	4	2.0	1.0	3/4	True	-1	54.0	54.0	54.0	54a	5	318	False	True				False	214	iii(4)	Bb	I		iii(4)	iii			4		m	False	False	(4, 3, 5)	()	4	4	major	major	I	I, major	iii		I	I	False	iii	iii, major		iii(4), major		iii	-2	-2	-2	5	5	5	True	False	False
638.0	2.0	106.333	53	-1	F	0.0	1.333	0	6	4	3.0	1.0	1/4	True	-1	54.0	54.0	54.0	54a	3	319	False	True				False	215	iii6	Bb	I		iii6	iii		6			m	False	False	(1, 5, 4)	()	4	1	major	major	I	I, major	iii		I	I	False	iii6	iii6, major		iii6, major		iii	-2	-2	-2	1	1	1	True	False	True
638.0	2.0	106.333	53	-1	F	0.0	1.333	0	6	4	4.0	1.0	1/4	True	-1	54.0	54.0	54.0	54a	3	319	False	True				False	215	iii6	Bb	I		iii6	iii		6			m	False	False	(1, 5, 4)	()	4	1	major	major	I	I, major	iii		I	I	False	iii6	iii6, major		iii6, major		iii	-2	-2	-2	1	1	1	True	False	True
638.0	6.0	106.333	77	-1	F	0.0	1.333	0	6	4	1.0	1.0	3/4	True	-1	54.0	54.0	54.0	54a	5	319	False	True				False	215	iii6	Bb	I		iii6	iii		6			m	False	False	(1, 5, 4)	()	4	1	major	major	I	I, major	iii		I	I	False	iii6	iii6, major		iii6, major		iii	-2	-2	-2	1	1	1	True	False	True
640.0	2.0	106.667	50	2	D	0.0	1.667	0	6	4	3.0	1.0	1/4	True	-1	54.0	54.0	54.0	54a	3	320	False	False				False	215	iii6	Bb	I		iii6	iii		6			m	False	False	(1, 5, 4)	()	4	1	major	major	I	I, major	iii		I	I	False	iii6	iii6, major		iii6, major		iii	-2	-2	-2	4	4	4	True	True	False
640.0	2.0	106.667	50	2	D	0.0	1.667	0	6	4	4.0	1.0	1/4	True	-1	54.0	54.0	54.0	54a	3	320	False	False				False	215	iii6	Bb	I		iii6	iii		6			m	False	False	(1, 5, 4)	()	4	1	major	major	I	I, major	iii		I	I	False	iii6	iii6, major		iii6, major		iii	-2	-2	-2	4	4	4	True	True	False
642.0	2.0	107.0	51	-3	E	-1.0	2.0	2	6	4	3.0	1.0	1/4	True	-1	54.0	54.0	54.0	54a	3	321	False	True				False	216	IV(9)	Bb	I		IV(9)	IV			9		M	False	False	(-1, 3, 0)	(1,)	-1	-1	major	major	I	I, major	IV		I	I	False	IV	IV, major		IV(9), major		IV	-2	-2	-2	-1	-1	-1	True	True	True
642.0	2.0	107.0	51	-3	E	-1.0	2.0	2	6	4	4.0	1.0	1/4	True	-1	54.0	54.0	54.0	54a	3	321	False	True				False	216	IV(9)	Bb	I		IV(9)	IV			9		M	False	False	(-1, 3, 0)	(1,)	-1	-1	major	major	I	I, major	IV		I	I	False	IV	IV, major		IV(9), major		IV	-2	-2	-2	-1	-1	-1	True	True	True
642.0	6.0	107.0	79	1	G	0.0	2.0	2	6	4	2.0	1.0	3/4	True	-1	54.0	54.0	54.0	54a	5	321	False	True				False	216	IV(9)	Bb	I		IV(9)	IV			9		M	False	False	(-1, 3, 0)	(1,)	-1	-1	major	major	I	I, major	IV		I	I	False	IV	IV, major		IV(9), major		IV	-2	-2	-2	3	3	3	True	False	False
644.0	2.0	107.333	55	1	G	0.0	2.333	0	6	4	3.0	1.0	1/4	True	-1	54.0	54.0	54.0	54a	3	322	False	True				False	217	IV6	Bb	I		IV6	IV		6			M	False	False	(3, 0, -1)	()	-1	3	major	major	I	I, major	IV		I	I	False	IV6	IV6, major		IV6, major		IV	-2	-2	-2	3	3	3	True	False	True
644.0	2.0	107.333	55	1	G	0.0	2.333	0	6	4	4.0	1.0	1/4	True	-1	54.0	54.0	54.0	54a	3	322	False	True				False	217	IV6	Bb	I		IV6	IV		6			M	False	False	(3, 0, -1)	()	-1	3	major	major	I	I, major	IV		I	I	False	IV6	IV6, major		IV6, major		IV	-2	-2	-2	3	3	3	True	False	True
644.0	4.0	107.333	75	-3	E	-1.0	2.333	0	6	4	1.0	1.0	1/2	True	-1	54.0	54.0	54.0	54a	5	322	False	True				False	217	IV6	Bb	I		IV6	IV		6			M	False	False	(3, 0, -1)	()	-1	3	major	major	I	I, major	IV		I	I	False	IV6	IV6, major		IV6, major		IV	-2	-2	-2	-1	-1	-1	True	True	False
646.0	2.0	107.667	57	3	A	0.0	2.667	0	6	4	3.0	1.0	1/4	True	-1	54.0	54.0	54.0	54a	3	323	False	False				False	217	IV6	Bb	I		IV6	IV		6			M	False	False	(3, 0, -1)	()	-1	3	major	major	I	I, major	IV		I	I	False	IV6	IV6, major		IV6, major		IV	-2	-2	-2	5	5	5	False	False	False
646.0	2.0	107.667	57	3	A	0.0	2.667	0	6	4	4.0	1.0	1/4	True	-1	54.0	54.0	54.0	54a	3	323	False	False				False	217	IV6	Bb	I		IV6	IV		6			M	False	False	(3, 0, -1)	()	-1	3	major	major	I	I, major	IV		I	I	False	IV6	IV6, major		IV6, major		IV	-2	-2	-2	5	5	5	False	False	False
648.0	2.0	108.0	46	-2	B	-1.0	1.0	1	6	4	3.0	1.0	1/4	True	-1	55.0	55.0	55.0	55a	2	324	False	True				False	218	I(4)	Bb	I		I(4)	I			4		M	False	False	(0, -1, 1)	()	0	0	major	major	I	I, major	I		I	I	False	I	I, major		I(4), major		I	-2	-2	-2	0	0	0	True	True	True
648.0	4.0	108.0	58	-2	B	-1.0	1.0	1	6	4	4.0	1.0	1/2	True	-1	55.0	55.0	55.0	55a	3	324	False	True				False	218	I(4)	Bb	I		I(4)	I			4		M	False	False	(0, -1, 1)	()	0	0	major	major	I	I, major	I		I	I	False	I	I, major		I(4), major		I	-2	-2	-2	0	0	0	True	True	True
648.0	2.0	108.0	75	-3	E	-1.0	1.0	1	6	4	1.0	1.0	1/4	False	-1	55.0	55.0	55.0	55a	5	324	False	True				False	218	I(4)	Bb	I		I(4)	I			4		M	False	False	(0, -1, 1)	()	0	0	major	major	I	I, major	I		I	I	False	I	I, major		I(4), major		I	-2	-2	-2	-1	-1	-1	True	False	False
648.0	6.0	108.0	77	-1	F	0.0	1.0	1	6	4	2.0	1.0	3/4	True	-1	55.0	55.0	55.0	55a	5	324	False	True				False	218	I(4)	Bb	I		I(4)	I			4		M	False	False	(0, -1, 1)	()	0	0	major	major	I	I, major	I		I	I	False	I	I, major		I(4), major		I	-2	-2	-2	1	1	1	True	False	False
650.0	1.0	108.333	50	2	D	0.0	1.333	0	6	4	3.0	1.0	1/8	True	-1	55.0	55.0	55.0	55a	3	325	False	True				False	219	I	Bb	I		I	I					M	False	False	(0, 4, 1)	()	0	0	major	major	I	I, major	I		I	I	False	I	I, major		I, major		I	-2	-2	-2	4	4	4	True	False	False
650.0	6.0	108.333	74	2	D	0.0	1.333	0	6	4	1.0	1.0	3/4	True	-1	55.0	55.0	55.0	55a	5	325	False	True				False	219	I	Bb	I		I	I					M	False	False	(0, 4, 1)	()	0	0	major	major	I	I, major	I		I	I	False	I	I, major		I, major		I	-2	-2	-2	4	4	4	True	False	False
651.0	1.0	108.5	48	0	C	0.0	1.5	0	6	4	3.0	1.0	1/8	True	-1	55.0	55.0	55.0	55a	3	651/2	False	False				False	219	I	Bb	I		I	I					M	False	False	(0, 4, 1)	()	0	0	major	major	I	I, major	I		I	I	False	I	I, major		I, major		I	-2	-2	-2	2	2	2	False	False	False
652.0	2.0	108.667	46	-2	B	-1.0	1.667	0	6	4	3.0	1.0	1/4	True	-1	55.0	55.0	55.0	55a	2	326	False	False				False	219	I	Bb	I		I	I					M	False	False	(0, 4, 1)	()	0	0	major	major	I	I, major	I		I	I	False	I	I, major		I, major		I	-2	-2	-2	0	0	0	True	True	True
652.0	2.0	108.667	46	-2	B	-1.0	1.667	0	6	4	4.0	1.0	1/4	True	-1	55.0	55.0	55.0	55a	2	326	False	False				False	219	I	Bb	I		I	I					M	False	False	(0, 4, 1)	()	0	0	major	major	I	I, major	I		I	I	False	I	I, major		I, major		I	-2	-2	-2	0	0	0	True	True	True
654.0	2.0	109.0	48	0	C	0.0	2.0	2	6	4	3.0	1.0	1/4	True	-1	55.0	55.0	55.0	55a	3	327	False	True				False	220	ii(9)	Bb	I		ii(9)	ii			9		m	False	False	(2, -1, 3)	(4,)	2	2	major	major	I	I, major	ii		I	I	False	ii	ii, major		ii(9), major		ii	-2	-2	-2	2	2	2	True	True	True
654.0	2.0	109.0	48	0	C	0.0	2.0	2	6	4	4.0	1.0	1/4	True	-1	55.0	55.0	55.0	55a	3	327	False	True				False	220	ii(9)	Bb	I		ii(9)	ii			9		m	False	False	(2, -1, 3)	(4,)	2	2	major	major	I	I, major	ii		I	I	False	ii	ii, major		ii(9), major		ii	-2	-2	-2	2	2	2	True	True	True
654.0	6.0	109.0	75	-3	E	-1.0	2.0	2	6	4	2.0	1.0	3/4	True	-1	55.0	55.0	55.0	55a	5	327	False	True				False	220	ii(9)	Bb	I		ii(9)	ii			9		m	False	False	(2, -1, 3)	(4,)	2	2	major	major	I	I, major	ii		I	I	False	ii	ii, major		ii(9), major		ii	-2	-2	-2	-1	-1	-1	True	False	False
656.0	2.0	109.333	41	-1	F	0.0	2.333	0	6	4	3.0	1.0	1/4	True	-1	55.0	55.0	55.0	55a	2	328	False	True				False	221	V7	Bb	I		V7	V		7			Mm7	False	False	(1, 5, 2, -1)	()	1	1	major	major	I	I, major	V		I	I	False	V7	V7, major		V7, major		V	-2	-2	-2	1	1	1	True	True	True
656.0	2.0	109.333	41	-1	F	0.0	2.333	0	6	4	4.0	1.0	1/4	True	-1	55.0	55.0	55.0	55a	2	328	False	True				False	221	V7	Bb	I		V7	V		7			Mm7	False	False	(1, 5, 2, -1)	()	1	1	major	major	I	I, major	V		I	I	False	V7	V7, major		V7, major		V	-2	-2	-2	1	1	1	True	True	True
656.0	4.0	109.333	72	0	C	0.0	2.333	0	6	4	1.0	1.0	1/2	True	-1	55.0	55.0	55.0	55a	5	328	False	True				False	221	V7	Bb	I		V7	V		7			Mm7	False	False	(1, 5, 2, -1)	()	1	1	major	major	I	I, major	V		I	I	False	V7	V7, major		V7, major		V	-2	-2	-2	2	2	2	True	False	False
658.0	2.0	109.667	53	-1	F	0.0	2.667	0	6	4	3.0	1.0	1/4	True	-1	55.0	55.0	55.0	55a	3	329	False	False				False	221	V7	Bb	I		V7	V		7			Mm7	False	False	(1, 5, 2, -1)	()	1	1	major	major	I	I, major	V		I	I	False	V7	V7, major		V7, major		V	-2	-2	-2	1	1	1	True	True	True
658.0	2.0	109.667	53	-1	F	0.0	2.667	0	6	4	4.0	1.0	1/4	True	-1	55.0	55.0	55.0	55a	3	329	False	False				False	221	V7	Bb	I		V7	V		7			Mm7	False	False	(1, 5, 2, -1)	()	1	1	major	major	I	I, major	V		I	I	False	V7	V7, major		V7, major		V	-2	-2	-2	1	1	1	True	True	True
660.0	4.0	110.0	46	-2	B	-1.0	1.0	1	6	4	3.0	1.0	1/2	True	-1	56.0	56.0	56.0	56a	2	330	False	True				False	222	I(9)	Bb	I		I(9)	I			9		M	False	False	(0, 4, 1)	(2,)	0	0	major	major	I	I, major	I		I	I	False	I	I, major		I(9), major		I	-2	-2	-2	0	0	0	True	True	True
660.0	4.0	110.0	46	-2	B	-1.0	1.0	1	6	4	4.0	1.0	1/2	True	-1	56.0	56.0	56.0	56a	2	330	False	True				False	222	I(9)	Bb	I		I(9)	I			9		M	False	False	(0, 4, 1)	(2,)	0	0	major	major	I	I, major	I		I	I	False	I	I, major		I(9), major		I	-2	-2	-2	0	0	0	True	True	True
660.0	2.0	110.0	72	0	C	0.0	1.0	1	6	4	1.0	1.0	1/4	False	-1	56.0	56.0	56.0	56a	5	330	False	True				False	222	I(9)	Bb	I		I(9)	I			9		M	False	False	(0, 4, 1)	(2,)	0	0	major	major	I	I, major	I		I	I	False	I	I, major		I(9), major		I	-2	-2	-2	2	2	2	False	False	False
660.0	8.0	110.0	74	2	D	0.0	1.0	1	6	4	2.0	1.0	1	True	-1	56.0	56.0	56.0	56a	5	330	False	True				False	222	I(9)	Bb	I		I(9)	I			9		M	False	False	(0, 4, 1)	(2,)	0	0	major	major	I	I, major	I		I	I	False	I	I, major		I(9), major		I	-2	-2	-2	4	4	4	True	False	False
662.0	2.0	110.333	70	-2	B	-1.0	1.333	0	6	4	1.0	1.0	1/4	True	-1	56.0	56.0	56.0	56a	4	331	False	True				False	223	I	Bb	I		I	I					M	False	False	(0, 4, 1)	()	0	0	major	major	I	I, major	I		I	I	False	I	I, major		I, major		I	-2	-2	-2	0	0	0	True	True	True
664.0	2.0	110.667	50	2	D	0.0	1.667	0	6	4	3.0	1.0	1/4	True	-1	56.0	56.0	56.0	56a	3	332	False	True				False	224	I6	Bb	I		I6	I		6			M	False	False	(4, 1, 0)	()	0	4	major	major	I	I, major	I		I	I	False	I6	I6, major		I6, major		I	-2	-2	-2	4	4	4	True	False	True
664.0	2.0	110.667	50	2	D	0.0	1.667	0	6	4	4.0	1.0	1/4	True	-1	56.0	56.0	56.0	56a	3	332	False	True				False	224	I6	Bb	I		I6	I		6			M	False	False	(4, 1, 0)	()	0	4	major	major	I	I, major	I		I	I	False	I6	I6, major		I6, major		I	-2	-2	-2	4	4	4	True	False	True
664.0	2.0	110.667	65	-1	F	0.0	1.667	0	6	4	1.0	1.0	1/4	True	-1	56.0	56.0	56.0	56a	4	332	False	True				False	224	I6	Bb	I		I6	I		6			M	False	False	(4, 1, 0)	()	0	4	major	major	I	I, major	I		I	I	False	I6	I6, major		I6, major		I	-2	-2	-2	1	1	1	True	False	False
666.0	4.0	111.0	51	-3	E	-1.0	2.0	2	6	4	3.0	1.0	1/2	True	-1	56.0	56.0	56.0	56a	3	333	False	True				False	225	IVM7	Bb	I		IVM7	IV	M	7			MM7	False	False	(-1, 3, 0, 4)	()	-1	-1	major	major	I	I, major	IV		I	I	False	IVM7	IVM7, major		IVM7, major		IV	-2	-2	-2	-1	-1	-1	True	True	True
666.0	4.0	111.0	51	-3	E	-1.0	2.0	2	6	4	4.0	1.0	1/2	True	-1	56.0	56.0	56.0	56a	3	333	False	True				False	225	IVM7	Bb	I		IVM7	IV	M	7			MM7	False	False	(-1, 3, 0, 4)	()	-1	-1	major	major	I	I, major	IV		I	I	False	IVM7	IVM7, major		IVM7, major		IV	-2	-2	-2	-1	-1	-1	True	True	True
666.0	2.0	111.0	67	1	G	0.0	2.0	2	6	4	1.0	1.0	1/4	True	-1	56.0	56.0	56.0	56a	4	333	False	True				False	225	IVM7	Bb	I		IVM7	IV	M	7			MM7	False	False	(-1, 3, 0, 4)	()	-1	-1	major	major	I	I, major	IV		I	I	False	IVM7	IVM7, major		IVM7, major		IV	-2	-2	-2	3	3	3	True	False	False
668.0	2.0	111.333	72	0	C	0.0	2.333	0	6	4	2.0	1.0	1/4	True	-1	56.0	56.0	56.0	56a	5	334	False	True				False	226	ii6	Bb	I		ii6	ii		6			m	False	False	(-1, 3, 2)	()	2	-1	major	major	I	I, major	ii		I	I	False	ii6	ii6, major		ii6, major		ii	-2	-2	-2	2	2	2	True	True	False
668.0	2.0	111.333	75	-3	E	-1.0	2.333	0	6	4	1.0	1.0	1/4	True	-1	56.0	56.0	56.0	56a	5	334	False	True				False	226	ii6	Bb	I		ii6	ii		6			m	False	False	(-1, 3, 2)	()	2	-1	major	major	I	I, major	ii		I	I	False	ii6	ii6, major		ii6, major		ii	-2	-2	-2	-1	-1	-1	True	False	True
670.0	2.0	111.667	51	-3	E	-1.0	2.667	0	6	4	3.0	1.0	1/4	True	-1	56.0	56.0	56.0	56a	3	335	False	True				False	227	IV	Bb	I		IV	IV					M	False	False	(-1, 3, 0)	()	-1	-1	major	major	I	I, major	IV		I	I	False	IV	IV, major		IV, major		IV	-2	-2	-2	-1	-1	-1	True	True	True
670.0	2.0	111.667	51	-3	E	-1.0	2.667	0	6	4	4.0	1.0	1/4	True	-1	56.0	56.0	56.0	56a	3	335	False	True				False	227	IV	Bb	I		IV	IV					M	False	False	(-1, 3, 0)	()	-1	-1	major	major	I	I, major	IV		I	I	False	IV	IV, major		IV, major		IV	-2	-2	-2	-1	-1	-1	True	True	True
670.0	2.0	111.667	75	-3	E	-1.0	2.667	0	6	4	2.0	1.0	1/4	True	-1	56.0	56.0	56.0	56a	5	335	False	True				False	227	IV	Bb	I		IV	IV					M	False	False	(-1, 3, 0)	()	-1	-1	major	major	I	I, major	IV		I	I	False	IV	IV, major		IV, major		IV	-2	-2	-2	-1	-1	-1	True	True	True
670.0	2.0	111.667	79	1	G	0.0	2.667	0	6	4	1.0	1.0	1/4	True	-1	56.0	56.0	56.0	56a	5	335	False	True				False	227	IV	Bb	I		IV	IV					M	False	False	(-1, 3, 0)	()	-1	-1	major	major	I	I, major	IV		I	I	False	IV	IV, major		IV, major		IV	-2	-2	-2	3	3	3	True	False	False
672.0	4.0	112.0	53	-1	F	0.0	1.0	1	6	4	3.0	1.0	1/2	True	-1	57.0	57.0	57.0	57a	3	336	False	True				False	228	V	Bb	I		V	V					M	False	False	(1, 5, 2)	()	1	1	major	major	I	I, major	V		I	I	False	V	V, major		V, major		V	-2	-2	-2	1	1	1	True	True	True
672.0	4.0	112.0	53	-1	F	0.0	1.0	1	6	4	4.0	1.0	1/2	True	-1	57.0	57.0	57.0	57a	3	336	False	True				False	228	V	Bb	I		V	V					M	False	False	(1, 5, 2)	()	1	1	major	major	I	I, major	V		I	I	False	V	V, major		V, major		V	-2	-2	-2	1	1	1	True	True	True
672.0	4.0	112.0	69	3	A	0.0	1.0	1	6	4	2.0	1.0	1/2	True	-1	57.0	57.0	57.0	57a	4	336	False	True				False	228	V	Bb	I		V	V					M	False	False	(1, 5, 2)	()	1	1	major	major	I	I, major	V		I	I	False	V	V, major		V, major		V	-2	-2	-2	5	5	5	True	False	False
672.0	4.0	112.0	72	0	C	0.0	1.0	1	6	4	1.0	1.0	1/2	True	-1	57.0	57.0	57.0	57a	5	336	False	True				False	228	V	Bb	I		V	V					M	False	False	(1, 5, 2)	()	1	1	major	major	I	I, major	V		I	I	False	V	V, major		V, major		V	-2	-2	-2	2	2	2	True	False	False
676.0	4.0	112.667	51	-3	E	-1.0	1.667	0	6	4	3.0	1.0	1/2	True	-1	57.0	57.0	57.0	57a	3	338	False	True				False	229	IVM7	Bb	I		IVM7	IV	M	7			MM7	False	False	(-1, 3, 0, 4)	()	-1	-1	major	major	I	I, major	IV		I	I	False	IVM7	IVM7, major		IVM7, major		IV	-2	-2	-2	-1	-1	-1	True	True	True
676.0	4.0	112.667	51	-3	E	-1.0	1.667	0	6	4	4.0	1.0	1/2	True	-1	57.0	57.0	57.0	57a	3	338	False	True				False	229	IVM7	Bb	I		IVM7	IV	M	7			MM7	False	False	(-1, 3, 0, 4)	()	-1	-1	major	major	I	I, major	IV		I	I	False	IVM7	IVM7, major		IVM7, major		IV	-2	-2	-2	-1	-1	-1	True	True	True
676.0	4.0	112.667	70	-2	B	-1.0	1.667	0	6	4	2.0	1.0	1/2	True	-1	57.0	57.0	57.0	57a	4	338	False	True				False	229	IVM7	Bb	I		IVM7	IV	M	7			MM7	False	False	(-1, 3, 0, 4)	()	-1	-1	major	major	I	I, major	IV		I	I	False	IVM7	IVM7, major		IVM7, major		IV	-2	-2	-2	0	0	0	True	False	False
676.0	4.0	112.667	74	2	D	0.0	1.667	0	6	4	1.0	1.0	1/2	True	-1	57.0	57.0	57.0	57a	5	338	False	True				False	229	IVM7	Bb	I		IVM7	IV	M	7			MM7	False	False	(-1, 3, 0, 4)	()	-1	-1	major	major	I	I, major	IV		I	I	False	IVM7	IVM7, major		IVM7, major		IV	-2	-2	-2	4	4	4	True	False	False
680.0	4.0	113.333	53	-1	F	0.0	2.333	0	6	4	3.0	1.0	1/2	True	-1	57.0	57.0	57.0	57a	3	340	False	True				False	230	V	Bb	I		V	V					M	False	False	(1, 5, 2)	()	1	1	major	major	I	I, major	V		I	I	False	V	V, major		V, major		V	-2	-2	-2	1	1	1	True	True	True
680.0	4.0	113.333	53	-1	F	0.0	2.333	0	6	4	4.0	1.0	1/2	True	-1	57.0	57.0	57.0	57a	3	340	False	True				False	230	V	Bb	I		V	V					M	False	False	(1, 5, 2)	()	1	1	major	major	I	I, major	V		I	I	False	V	V, major		V, major		V	-2	-2	-2	1	1	1	True	True	True
680.0	4.0	113.333	69	3	A	0.0	2.333	0	6	4	2.0	1.0	1/2	True	-1	57.0	57.0	57.0	57a	4	340	False	True				False	230	V	Bb	I		V	V					M	False	False	(1, 5, 2)	()	1	1	major	major	I	I, major	V		I	I	False	V	V, major		V, major		V	-2	-2	-2	5	5	5	True	False	False
680.0	4.0	113.333	72	0	C	0.0	2.333	0	6	4	1.0	1.0	1/2	True	-1	57.0	57.0	57.0	57a	5	340	False	True				False	230	V	Bb	I		V	V					M	False	False	(1, 5, 2)	()	1	1	major	major	I	I, major	V		I	I	False	V	V, major		V, major		V	-2	-2	-2	2	2	2	True	False	False
684.0	4.0	114.0	46	-2	B	-1.0	1.0	1	6	4	3.0	1.0	1/2	True	-1	58.0	58.0	58.0	58a	2	342	False	True	PAC	PAC	}{	True	231	I|PAC}{	Bb	I		I	I					M	False	False	(0, 4, 1)	()	0	0	major	major	I	I, major	I		I	I	False	I	I, major		I, major		I	-2	-2	-2	0	0	0	True	True	True
684.0	4.0	114.0	46	-2	B	-1.0	1.0	1	6	4	4.0	1.0	1/2	True	-1	58.0	58.0	58.0	58a	2	342	False	True	PAC	PAC	}{	True	231	I|PAC}{	Bb	I		I	I					M	False	False	(0, 4, 1)	()	0	0	major	major	I	I, major	I		I	I	False	I	I, major		I, major		I	-2	-2	-2	0	0	0	True	True	True
684.0	2.0	114.0	70	-2	B	-1.0	1.0	1	6	4	1.0	1.0	1/4	True	-1	58.0	58.0	58.0	58a	4	342	False	True	PAC	PAC	}{	True	231	I|PAC}{	Bb	I		I	I					M	False	False	(0, 4, 1)	()	0	0	major	major	I	I, major	I		I	I	False	I	I, major		I, major		I	-2	-2	-2	0	0	0	True	True	True
684.0	4.0	114.0	70	-2	B	-1.0	1.0	1	6	4	2.0	1.0	1/2	True	-1	58.0	58.0	58.0	58a	4	342	False	True	PAC	PAC	}{	True	231	I|PAC}{	Bb	I		I	I					M	False	False	(0, 4, 1)	()	0	0	major	major	I	I, major	I		I	I	False	I	I, major		I, major		I	-2	-2	-2	0	0	0	True	True	True
686.0	2.0	114.333	74	2	D	0.0	1.333	0	6	4	1.0	1.0	1/4	True	-1	58.0	58.0	58.0	58a	5	343	False	False				False	231	I|PAC}{	Bb	I		I	I					M	False	False	(0, 4, 1)	()	0	0	major	major	I	I, major	I		I	I	False	I	I, major		I, major		I	-2	-2	-2	4	4	4	True	False	False
688.0	2.0	114.667	50	2	D	0.0	1.667	0	6	4	3.0	1.0	1/4	True	-1	58.0	58.0	58.0	58a	3	344	False	True				False	232	I6	Bb	I		I6	I		6			M	False	False	(4, 1, 0)	()	0	4	major	major	I	I, major	I		I	I	False	I6	I6, major		I6, major		I	-2	-2	-2	4	4	4	True	False	True
688.0	2.0	114.667	50	2	D	0.0	1.667	0	6	4	4.0	1.0	1/4	True	-1	58.0	58.0	58.0	58a	3	344	False	True				False	232	I6	Bb	I		I6	I		6			M	False	False	(4, 1, 0)	()	0	4	major	major	I	I, major	I		I	I	False	I6	I6, major		I6, major		I	-2	-2	-2	4	4	4	True	False	True
688.0	2.0	114.667	65	-1	F	0.0	1.667	0	6	4	1.0	1.0	1/4	True	-1	58.0	58.0	58.0	58a	4	344	False	True				False	232	I6	Bb	I		I6	I		6			M	False	False	(4, 1, 0)	()	0	4	major	major	I	I, major	I		I	I	False	I6	I6, major		I6, major		I	-2	-2	-2	1	1	1	True	False	False
690.0	4.0	115.0	51	-3	E	-1.0	2.0	2	6	4	3.0	1.0	1/2	True	-1	58.0	58.0	58.0	58a	3	345	False	True				False	233	IV	Bb	I		IV	IV					M	False	False	(-1, 3, 0)	()	-1	-1	major	major	I	I, major	IV		I	I	False	IV	IV, major		IV, major		IV	-2	-2	-2	-1	-1	-1	True	True	True
690.0	4.0	115.0	51	-3	E	-1.0	2.0	2	6	4	4.0	1.0	1/2	True	-1	58.0	58.0	58.0	58a	3	345	False	True				False	233	IV	Bb	I		IV	IV					M	False	False	(-1, 3, 0)	()	-1	-1	major	major	I	I, major	IV		I	I	False	IV	IV, major		IV, major		IV	-2	-2	-2	-1	-1	-1	True	True	True
690.0	2.0	115.0	67	1	G	0.0	2.0	2	6	4	1.0	1.0	1/4	True	-1	58.0	58.0	58.0	58a	4	345	False	True				False	233	IV	Bb	I		IV	IV					M	False	False	(-1, 3, 0)	()	-1	-1	major	major	I	I, major	IV		I	I	False	IV	IV, major		IV, major		IV	-2	-2	-2	3	3	3	True	False	False
692.0	2.0	115.333	72	0	C	0.0	2.333	0	6	4	2.0	1.0	1/4	True	-1	58.0	58.0	58.0	58a	5	346	False	True				False	234	ii6	Bb	I		ii6	ii		6			m	False	False	(-1, 3, 2)	()	2	-1	major	major	I	I, major	ii		I	I	False	ii6	ii6, major		ii6, major		ii	-2	-2	-2	2	2	2	True	True	False
692.0	2.0	115.333	75	-3	E	-1.0	2.333	0	6	4	1.0	1.0	1/4	True	-1	58.0	58.0	58.0	58a	5	346	False	True				False	234	ii6	Bb	I		ii6	ii		6			m	False	False	(-1, 3, 2)	()	2	-1	major	major	I	I, major	ii		I	I	False	ii6	ii6, major		ii6, major		ii	-2	-2	-2	-1	-1	-1	True	False	True
694.0	2.0	115.667	51	-3	E	-1.0	2.667	0	6	4	3.0	1.0	1/4	True	-1	58.0	58.0	58.0	58a	3	347	False	True				False	235	IV	Bb	I		IV	IV					M	False	False	(-1, 3, 0)	()	-1	-1	major	major	I	I, major	IV		I	I	False	IV	IV, major		IV, major		IV	-2	-2	-2	-1	-1	-1	True	True	True
694.0	2.0	115.667	51	-3	E	-1.0	2.667	0	6	4	4.0	1.0	1/4	True	-1	58.0	58.0	58.0	58a	3	347	False	True				False	235	IV	Bb	I		IV	IV					M	False	False	(-1, 3, 0)	()	-1	-1	major	major	I	I, major	IV		I	I	False	IV	IV, major		IV, major		IV	-2	-2	-2	-1	-1	-1	True	True	True
694.0	2.0	115.667	75	-3	E	-1.0	2.667	0	6	4	2.0	1.0	1/4	True	-1	58.0	58.0	58.0	58a	5	347	False	True				False	235	IV	Bb	I		IV	IV					M	False	False	(-1, 3, 0)	()	-1	-1	major	major	I	I, major	IV		I	I	False	IV	IV, major		IV, major		IV	-2	-2	-2	-1	-1	-1	True	True	True
694.0	2.0	115.667	79	1	G	0.0	2.667	0	6	4	1.0	1.0	1/4	True	-1	58.0	58.0	58.0	58a	5	347	False	True				False	235	IV	Bb	I		IV	IV					M	False	False	(-1, 3, 0)	()	-1	-1	major	major	I	I, major	IV		I	I	False	IV	IV, major		IV, major		IV	-2	-2	-2	3	3	3	True	False	False
696.0	4.0	116.0	53	-1	F	0.0	1.0	1	6	4	3.0	1.0	1/2	True	-1	59.0	59.0	59.0	59a	3	348	False	True				False	236	V	Bb	I		V	V					M	False	False	(1, 5, 2)	()	1	1	major	major	I	I, major	V		I	I	False	V	V, major		V, major		V	-2	-2	-2	1	1	1	True	True	True
696.0	4.0	116.0	53	-1	F	0.0	1.0	1	6	4	4.0	1.0	1/2	True	-1	59.0	59.0	59.0	59a	3	348	False	True				False	236	V	Bb	I		V	V					M	False	False	(1, 5, 2)	()	1	1	major	major	I	I, major	V		I	I	False	V	V, major		V, major		V	-2	-2	-2	1	1	1	True	True	True
696.0	4.0	116.0	69	3	A	0.0	1.0	1	6	4	2.0	1.0	1/2	True	-1	59.0	59.0	59.0	59a	4	348	False	True				False	236	V	Bb	I		V	V					M	False	False	(1, 5, 2)	()	1	1	major	major	I	I, major	V		I	I	False	V	V, major		V, major		V	-2	-2	-2	5	5	5	True	False	False
696.0	4.0	116.0	72	0	C	0.0	1.0	1	6	4	1.0	1.0	1/2	True	-1	59.0	59.0	59.0	59a	5	348	False	True				False	236	V	Bb	I		V	V					M	False	False	(1, 5, 2)	()	1	1	major	major	I	I, major	V		I	I	False	V	V, major		V, major		V	-2	-2	-2	2	2	2	True	False	False
700.0	4.0	116.667	51	-3	E	-1.0	1.667	0	6	4	3.0	1.0	1/2	True	-1	59.0	59.0	59.0	59a	3	350	False	True				False	237	IVM7	Bb	I		IVM7	IV	M	7			MM7	False	False	(-1, 3, 0, 4)	()	-1	-1	major	major	I	I, major	IV		I	I	False	IVM7	IVM7, major		IVM7, major		IV	-2	-2	-2	-1	-1	-1	True	True	True
700.0	4.0	116.667	51	-3	E	-1.0	1.667	0	6	4	4.0	1.0	1/2	True	-1	59.0	59.0	59.0	59a	3	350	False	True				False	237	IVM7	Bb	I		IVM7	IV	M	7			MM7	False	False	(-1, 3, 0, 4)	()	-1	-1	major	major	I	I, major	IV		I	I	False	IVM7	IVM7, major		IVM7, major		IV	-2	-2	-2	-1	-1	-1	True	True	True
700.0	4.0	116.667	70	-2	B	-1.0	1.667	0	6	4	2.0	1.0	1/2	True	-1	59.0	59.0	59.0	59a	4	350	False	True				False	237	IVM7	Bb	I		IVM7	IV	M	7			MM7	False	False	(-1, 3, 0, 4)	()	-1	-1	major	major	I	I, major	IV		I	I	False	IVM7	IVM7, major		IVM7, major		IV	-2	-2	-2	0	0	0	True	False	False
700.0	4.0	116.667	74	2	D	0.0	1.667	0	6	4	1.0	1.0	1/2	True	-1	59.0	59.0	59.0	59a	5	350	False	True				False	237	IVM7	Bb	I		IVM7	IV	M	7			MM7	False	False	(-1, 3, 0, 4)	()	-1	-1	major	major	I	I, major	IV		I	I	False	IVM7	IVM7, major		IVM7, major		IV	-2	-2	-2	4	4	4	True	False	False
704.0	4.0	117.333	53	-1	F	0.0	2.333	0	6	4	3.0	1.0	1/2	True	-1	59.0	59.0	59.0	59a	3	352	False	True				False	238	V	Bb	I		V	V					M	False	False	(1, 5, 2)	()	1	1	major	major	I	I, major	V		I	I	False	V	V, major		V, major		V	-2	-2	-2	1	1	1	True	True	True
704.0	4.0	117.333	53	-1	F	0.0	2.333	0	6	4	4.0	1.0	1/2	True	-1	59.0	59.0	59.0	59a	3	352	False	True				False	238	V	Bb	I		V	V					M	False	False	(1, 5, 2)	()	1	1	major	major	I	I, major	V		I	I	False	V	V, major		V, major		V	-2	-2	-2	1	1	1	True	True	True
704.0	4.0	117.333	69	3	A	0.0	2.333	0	6	4	2.0	1.0	1/2	True	-1	59.0	59.0	59.0	59a	4	352	False	True				False	238	V	Bb	I		V	V					M	False	False	(1, 5, 2)	()	1	1	major	major	I	I, major	V		I	I	False	V	V, major		V, major		V	-2	-2	-2	5	5	5	True	False	False
704.0	4.0	117.333	72	0	C	0.0	2.333	0	6	4	1.0	1.0	1/2	True	-1	59.0	59.0	59.0	59a	5	352	False	True				False	238	V	Bb	I		V	V					M	False	False	(1, 5, 2)	()	1	1	major	major	I	I, major	V		I	I	False	V	V, major		V, major		V	-2	-2	-2	2	2	2	True	False	False
708.0	6.0	118.0	46	-2	B	-1.0	1.0	1	6	4	3.0	1.0	3/4	True	-1	60.0	60.0	60.0	60a	2	354	False	False	PAC	PAC	}	True	239	I|PAC}	Bb	I		I	I					M	False	False	(0, 4, 1)	()	0	0	major	major	I	I, major	I		I	I	False	I	I, major		I, major		I	-2	-2	-2	0	0	0	True	True	True
708.0	6.0	118.0	46	-2	B	-1.0	1.0	1	6	4	4.0	1.0	3/4	True	-1	60.0	60.0	60.0	60a	2	354	False	False	PAC	PAC	}	True	239	I|PAC}	Bb	I		I	I					M	False	False	(0, 4, 1)	()	0	0	major	major	I	I, major	I		I	I	False	I	I, major		I, major		I	-2	-2	-2	0	0	0	True	True	True
708.0	6.0	118.0	70	-2	B	-1.0	1.0	1	6	4	1.0	1.0	3/4	True	-1	60.0	60.0	60.0	60a	4	354	False	False	PAC	PAC	}	True	239	I|PAC}	Bb	I		I	I					M	False	False	(0, 4, 1)	()	0	0	major	major	I	I, major	I		I	I	False	I	I, major		I, major		I	-2	-2	-2	0	0	0	True	True	True
708.0	6.0	118.0	70	-2	B	-1.0	1.0	1	6	4	2.0	1.0	3/4	True	-1	60.0	60.0	60.0	60a	4	354	False	False	PAC	PAC	}	True	239	I|PAC}	Bb	I		I	I					M	False	False	(0, 4, 1)	()	0	0	major	major	I	I, major	I		I	I	False	I	I, major		I, major		I	-2	-2	-2	0	0	0	True	True	True
720.0	6.0	120.0	58	-2	B	-1.0	1.0	1	6	4	3.0	1.0	3/4	True	-1	1.0	61.0	1.0	1b	3	360	True	True			{	False	240	Bb.I{	Bb	I		I	I					M	False	False	(0, 4, 1)	()	0	0	major	major	I	I, major	I		I	I	False	I	I, major		I, major		I	-2	-2	-2	0	0	0	True	True	True
720.0	6.0	120.0	58	-2	B	-1.0	1.0	1	6	4	4.0	1.0	3/4	True	-1	1.0	61.0	1.0	1b	3	360	True	True			{	False	240	Bb.I{	Bb	I		I	I					M	False	False	(0, 4, 1)	()	0	0	major	major	I	I, major	I		I	I	False	I	I, major		I, major		I	-2	-2	-2	0	0	0	True	True	True
720.0	2.0	120.0	70	-2	B	-1.0	1.0	1	6	4	1.0	1.0	1/4	True	-1	1.0	61.0	1.0	1b	4	360	True	True			{	False	240	Bb.I{	Bb	I		I	I					M	False	False	(0, 4, 1)	()	0	0	major	major	I	I, major	I		I	I	False	I	I, major		I, major		I	-2	-2	-2	0	0	0	True	True	True
722.0	1.0	120.333	74	2	D	0.0	1.333	0	6	4	1.0	1.0	1/8	True	-1	1.0	61.0	1.0	1b	5	361	False	False				False	240	Bb.I{	Bb	I		I	I					M	False	False	(0, 4, 1)	()	0	0	major	major	I	I, major	I		I	I	False	I	I, major		I, major		I	-2	-2	-2	4	4	4	True	False	False
723.0	1.0	120.5	72	0	C	0.0	1.5	0	6	4	1.0	1.0	1/8	True	-1	1.0	61.0	1.0	1b	5	723/2	False	False				False	240	Bb.I{	Bb	I		I	I					M	False	False	(0, 4, 1)	()	0	0	major	major	I	I, major	I		I	I	False	I	I, major		I, major		I	-2	-2	-2	2	2	2	False	False	False
724.0	2.0	120.667	70	-2	B	-1.0	1.667	0	6	4	1.0	1.0	1/4	True	-1	1.0	61.0	1.0	1b	4	362	False	False				False	240	Bb.I{	Bb	I		I	I					M	False	False	(0, 4, 1)	()	0	0	major	major	I	I, major	I		I	I	False	I	I, major		I, major		I	-2	-2	-2	0	0	0	True	True	True
726.0	6.0	121.0	57	3	A	0.0	2.0	2	6	4	3.0	1.0	3/4	True	-1	1.0	61.0	1.0	1b	3	363	False	True				False	241	V6	Bb	I		V6	V		6			M	False	False	(5, 2, 1)	()	1	5	major	major	I	I, major	V		I	I	False	V6	V6, major		V6, major		V	-2	-2	-2	5	5	5	True	False	True
726.0	6.0	121.0	57	3	A	0.0	2.0	2	6	4	4.0	1.0	3/4	True	-1	1.0	61.0	1.0	1b	3	363	False	True				False	241	V6	Bb	I		V6	V		6			M	False	False	(5, 2, 1)	()	1	5	major	major	I	I, major	V		I	I	False	V6	V6, major		V6, major		V	-2	-2	-2	5	5	5	True	False	True
726.0	2.0	121.0	72	0	C	0.0	2.0	2	6	4	1.0	1.0	1/4	True	-1	1.0	61.0	1.0	1b	5	363	False	True				False	241	V6	Bb	I		V6	V		6			M	False	False	(5, 2, 1)	()	1	5	major	major	I	I, major	V		I	I	False	V6	V6, major		V6, major		V	-2	-2	-2	2	2	2	True	False	False
728.0	2.0	121.333	65	-1	F	0.0	2.333	0	6	4	1.0	1.0	1/4	True	-1	1.0	61.0	1.0	1b	4	364	False	False				False	241	V6	Bb	I		V6	V		6			M	False	False	(5, 2, 1)	()	1	5	major	major	I	I, major	V		I	I	False	V6	V6, major		V6, major		V	-2	-2	-2	1	1	1	True	True	False
730.0	2.0	121.667	77	-1	F	0.0	2.667	0	6	4	1.0	1.0	1/4	True	-1	1.0	61.0	1.0	1b	5	365	False	False				False	241	V6	Bb	I		V6	V		6			M	False	False	(5, 2, 1)	()	1	5	major	major	I	I, major	V		I	I	False	V6	V6, major		V6, major		V	-2	-2	-2	1	1	1	True	True	False
732.0	4.0	122.0	55	1	G	0.0	1.0	1	6	4	3.0	1.0	1/2	True	-1	2.0	62.0	2.0	2b	3	366	False	True				False	242	IV6(2)	Bb	I		IV6(2)	IV		6	2		M	False	False	(3, 0, 1)	()	-1	3	major	major	I	I, major	IV		I	I	False	IV6	IV6, major		IV6(2), major		IV	-2	-2	-2	3	3	3	True	False	True
732.0	4.0	122.0	55	1	G	0.0	1.0	1	6	4	4.0	1.0	1/2	True	-1	2.0	62.0	2.0	2b	3	366	False	True				False	242	IV6(2)	Bb	I		IV6(2)	IV		6	2		M	False	False	(3, 0, 1)	()	-1	3	major	major	I	I, major	IV		I	I	False	IV6	IV6, major		IV6(2), major		IV	-2	-2	-2	3	3	3	True	False	True
732.0	4.0	122.0	70	-2	B	-1.0	1.0	1	6	4	1.0	1.0	1/2	True	-1	2.0	62.0	2.0	2b	4	366	False	True				False	242	IV6(2)	Bb	I		IV6(2)	IV		6	2		M	False	False	(3, 0, 1)	()	-1	3	major	major	I	I, major	IV		I	I	False	IV6	IV6, major		IV6(2), major		IV	-2	-2	-2	0	0	0	True	False	False
736.0	2.0	122.667	57	3	A	0.0	1.667	0	6	4	3.0	1.0	1/4	True	-1	2.0	62.0	2.0	2b	3	368	False	True				False	243	viio	Bb	I		viio	vii	o				o	False	False	(5, 2, -1)	()	5	5	major	major	I	I, major	vii		I	I	False	viio	viio, major		viio, major		vii	-2	-2	-2	5	5	5	True	True	True
736.0	2.0	122.667	57	3	A	0.0	1.667	0	6	4	3.0	1.0	1/4	True	-1	2.0	62.0	2.0	2b	3	368	False	True				False	244	IV6	Bb	I		IV6	IV		6			M	False	False	(3, 0, -1)	()	-1	3	major	major	I	I, major	IV		I	I	False	IV6	IV6, major		IV6, major		IV	-2	-2	-2	5	5	5	False	False	False
736.0	2.0	122.667	57	3	A	0.0	1.667	0	6	4	4.0	1.0	1/4	True	-1	2.0	62.0	2.0	2b	3	368	False	True				False	243	viio	Bb	I		viio	vii	o				o	False	False	(5, 2, -1)	()	5	5	major	major	I	I, major	vii		I	I	False	viio	viio, major		viio, major		vii	-2	-2	-2	5	5	5	True	True	True
736.0	2.0	122.667	57	3	A	0.0	1.667	0	6	4	4.0	1.0	1/4	True	-1	2.0	62.0	2.0	2b	3	368	False	True				False	244	IV6	Bb	I		IV6	IV		6			M	False	False	(3, 0, -1)	()	-1	3	major	major	I	I, major	IV		I	I	False	IV6	IV6, major		IV6, major		IV	-2	-2	-2	5	5	5	False	False	False
736.0	2.0	122.667	75	-3	E	-1.0	1.667	0	6	4	1.0	1.0	1/4	True	-1	2.0	62.0	2.0	2b	5	368	False	True				False	243	viio	Bb	I		viio	vii	o				o	False	False	(5, 2, -1)	()	5	5	major	major	I	I, major	vii		I	I	False	viio	viio, major		viio, major		vii	-2	-2	-2	-1	-1	-1	True	False	False
736.0	2.0	122.667	75	-3	E	-1.0	1.667	0	6	4	1.0	1.0	1/4	True	-1	2.0	62.0	2.0	2b	5	368	False	True				False	244	IV6	Bb	I		IV6	IV		6			M	False	False	(3, 0, -1)	()	-1	3	major	major	I	I, major	IV		I	I	False	IV6	IV6, major		IV6, major		IV	-2	-2	-2	-1	-1	-1	True	True	False
738.0	2.0	123.0	58	-2	B	-1.0	2.0	2	6	4	3.0	1.0	1/4	True	-1	2.0	62.0	2.0	2b	3	369	False	True				False	245	I	Bb	I		I	I					M	False	False	(0, 4, 1)	()	0	0	major	major	I	I, major	I		I	I	False	I	I, major		I, major		I	-2	-2	-2	0	0	0	True	True	True
738.0	2.0	123.0	58	-2	B	-1.0	2.0	2	6	4	4.0	1.0	1/4	True	-1	2.0	62.0	2.0	2b	3	369	False	True				False	245	I	Bb	I		I	I					M	False	False	(0, 4, 1)	()	0	0	major	major	I	I, major	I		I	I	False	I	I, major		I, major		I	-2	-2	-2	0	0	0	True	True	True
738.0	2.0	123.0	74	2	D	0.0	2.0	2	6	4	1.0	1.0	1/4	True	-1	2.0	62.0	2.0	2b	5	369	False	True				False	245	I	Bb	I		I	I					M	False	False	(0, 4, 1)	()	0	0	major	major	I	I, major	I		I	I	False	I	I, major		I, major		I	-2	-2	-2	4	4	4	True	False	False
740.0	4.0	123.333	53	-1	F	0.0	2.333	0	6	4	3.0	1.0	1/2	True	-1	2.0	62.0	2.0	2b	3	370	False	True				False	246	V(4)	Bb	I		V(4)	V			4		M	False	False	(1, 0, 2)	()	1	1	major	major	I	I, major	V		I	I	False	V	V, major		V(4), major		V	-2	-2	-2	1	1	1	True	True	True
740.0	4.0	123.333	53	-1	F	0.0	2.333	0	6	4	4.0	1.0	1/2	True	-1	2.0	62.0	2.0	2b	3	370	False	True				False	246	V(4)	Bb	I		V(4)	V			4		M	False	False	(1, 0, 2)	()	1	1	major	major	I	I, major	V		I	I	False	V	V, major		V(4), major		V	-2	-2	-2	1	1	1	True	True	True
740.0	4.0	123.333	72	0	C	0.0	2.333	0	6	4	1.0	1.0	1/2	True	-1	2.0	62.0	2.0	2b	5	370	False	True				False	246	V(4)	Bb	I		V(4)	V			4		M	False	False	(1, 0, 2)	()	1	1	major	major	I	I, major	V		I	I	False	V	V, major		V(4), major		V	-2	-2	-2	2	2	2	True	False	False
744.0	4.0	124.0	46	-2	B	-1.0	1.0	1	6	4	3.0	1.0	1/2	True	-1	3.0	63.0	3.0	3b	2	372	False	True	PAC	PAC	}{	True	248	I|PAC}{	Bb	I		I	I					M	False	False	(0, 4, 1)	()	0	0	major	major	I	I, major	I		I	I	False	I	I, major		I, major		I	-2	-2	-2	0	0	0	True	True	True
744.0	4.0	124.0	46	-2	B	-1.0	1.0	1	6	4	4.0	1.0	1/2	True	-1	3.0	63.0	3.0	3b	2	372	False	True	PAC	PAC	}{	True	248	I|PAC}{	Bb	I		I	I					M	False	False	(0, 4, 1)	()	0	0	major	major	I	I, major	I		I	I	False	I	I, major		I, major		I	-2	-2	-2	0	0	0	True	True	True
744.0	2.0	124.0	70	-2	B	-1.0	1.0	1	6	4	1.0	1.0	1/4	True	-1	3.0	63.0	3.0	3b	4	372	False	True	PAC	PAC	}{	True	248	I|PAC}{	Bb	I		I	I					M	False	False	(0, 4, 1)	()	0	0	major	major	I	I, major	I		I	I	False	I	I, major		I, major		I	-2	-2	-2	0	0	0	True	True	True
746.0	1.0	124.333	74	2	D	0.0	1.333	0	6	4	1.0	1.0	1/8	True	-1	3.0	63.0	3.0	3b	5	373	False	False				False	248	I|PAC}{	Bb	I		I	I					M	False	False	(0, 4, 1)	()	0	0	major	major	I	I, major	I		I	I	False	I	I, major		I, major		I	-2	-2	-2	4	4	4	True	False	False
747.0	1.0	124.5	72	0	C	0.0	1.5	0	6	4	1.0	1.0	1/8	True	-1	3.0	63.0	3.0	3b	5	747/2	False	False				False	248	I|PAC}{	Bb	I		I	I					M	False	False	(0, 4, 1)	()	0	0	major	major	I	I, major	I		I	I	False	I	I, major		I, major		I	-2	-2	-2	2	2	2	False	False	False
748.0	2.0	124.667	58	-2	B	-1.0	1.667	0	6	4	3.0	1.0	1/4	True	-1	3.0	63.0	3.0	3b	3	374	False	False				False	248	I|PAC}{	Bb	I		I	I					M	False	False	(0, 4, 1)	()	0	0	major	major	I	I, major	I		I	I	False	I	I, major		I, major		I	-2	-2	-2	0	0	0	True	True	True
748.0	2.0	124.667	58	-2	B	-1.0	1.667	0	6	4	4.0	1.0	1/4	True	-1	3.0	63.0	3.0	3b	3	374	False	False				False	248	I|PAC}{	Bb	I		I	I					M	False	False	(0, 4, 1)	()	0	0	major	major	I	I, major	I		I	I	False	I	I, major		I, major		I	-2	-2	-2	0	0	0	True	True	True
748.0	2.0	124.667	70	-2	B	-1.0	1.667	0	6	4	1.0	1.0	1/4	True	-1	3.0	63.0	3.0	3b	4	374	False	False				False	248	I|PAC}{	Bb	I		I	I					M	False	False	(0, 4, 1)	()	0	0	major	major	I	I, major	I		I	I	False	I	I, major		I, major		I	-2	-2	-2	0	0	0	True	True	True
750.0	2.0	125.0	57	3	A	0.0	2.0	2	6	4	3.0	1.0	1/4	True	-1	3.0	63.0	3.0	3b	3	375	False	True				False	249	V6	Bb	I		V6	V		6			M	False	False	(5, 2, 1)	()	1	5	major	major	I	I, major	V		I	I	False	V6	V6, major		V6, major		V	-2	-2	-2	5	5	5	True	False	True
750.0	2.0	125.0	57	3	A	0.0	2.0	2	6	4	4.0	1.0	1/4	True	-1	3.0	63.0	3.0	3b	3	375	False	True				False	249	V6	Bb	I		V6	V		6			M	False	False	(5, 2, 1)	()	1	5	major	major	I	I, major	V		I	I	False	V6	V6, major		V6, major		V	-2	-2	-2	5	5	5	True	False	True
750.0	2.0	125.0	72	0	C	0.0	2.0	2	6	4	1.0	1.0	1/4	True	-1	3.0	63.0	3.0	3b	5	375	False	True				False	249	V6	Bb	I		V6	V		6			M	False	False	(5, 2, 1)	()	1	5	major	major	I	I, major	V		I	I	False	V6	V6, major		V6, major		V	-2	-2	-2	2	2	2	True	False	False
750.0	2.0	125.0	77	-1	F	0.0	2.0	2	6	4	2.0	1.0	1/4	True	-1	3.0	63.0	3.0	3b	5	375	False	True				False	249	V6	Bb	I		V6	V		6			M	False	False	(5, 2, 1)	()	1	5	major	major	I	I, major	V		I	I	False	V6	V6, major		V6, major		V	-2	-2	-2	1	1	1	True	True	False
752.0	4.0	125.333	53	-1	F	0.0	2.333	0	6	4	3.0	1.0	1/2	True	-1	3.0	63.0	3.0	3b	3	376	False	True				False	250	V	Bb	I		V	V					M	False	False	(1, 5, 2)	()	1	1	major	major	I	I, major	V		I	I	False	V	V, major		V, major		V	-2	-2	-2	1	1	1	True	True	True
752.0	4.0	125.333	53	-1	F	0.0	2.333	0	6	4	4.0	1.0	1/2	True	-1	3.0	63.0	3.0	3b	3	376	False	True				False	250	V	Bb	I		V	V					M	False	False	(1, 5, 2)	()	1	1	major	major	I	I, major	V		I	I	False	V	V, major		V, major		V	-2	-2	-2	1	1	1	True	True	True
752.0	1.0	125.333	72	0	C	0.0	2.333	0	6	4	1.0	1.0	1/8	True	-1	3.0	63.0	3.0	3b	5	376	False	True				False	250	V	Bb	I		V	V					M	False	False	(1, 5, 2)	()	1	1	major	major	I	I, major	V		I	I	False	V	V, major		V, major		V	-2	-2	-2	2	2	2	True	False	False
752.0	1.0	125.333	81	3	A	0.0	2.333	0	6	4	2.0	1.0	1/8	True	-1	3.0	63.0	3.0	3b	5	376	False	True				False	250	V	Bb	I		V	V					M	False	False	(1, 5, 2)	()	1	1	major	major	I	I, major	V		I	I	False	V	V, major		V, major		V	-2	-2	-2	5	5	5	True	False	False
753.0	1.0	125.5	70	-2	B	-1.0	2.5	0	6	4	1.0	1.0	1/8	True	-1	3.0	63.0	3.0	3b	4	753/2	False	False				False	250	V	Bb	I		V	V					M	False	False	(1, 5, 2)	()	1	1	major	major	I	I, major	V		I	I	False	V	V, major		V, major		V	-2	-2	-2	0	0	0	False	False	False
753.0	1.0	125.5	79	1	G	0.0	2.5	0	6	4	2.0	1.0	1/8	True	-1	3.0	63.0	3.0	3b	5	753/2	False	False				False	250	V	Bb	I		V	V					M	False	False	(1, 5, 2)	()	1	1	major	major	I	I, major	V		I	I	False	V	V, major		V, major		V	-2	-2	-2	3	3	3	False	False	False
754.0	2.0	125.667	69	3	A	0.0	2.667	0	6	4	1.0	1.0	1/4	True	-1	3.0	63.0	3.0	3b	4	377	False	False				False	250	V	Bb	I		V	V					M	False	False	(1, 5, 2)	()	1	1	major	major	I	I, major	V		I	I	False	V	V, major		V, major		V	-2	-2	-2	5	5	5	True	False	False
754.0	2.0	125.667	77	-1	F	0.0	2.667	0	6	4	2.0	1.0	1/4	True	-1	3.0	63.0	3.0	3b	5	377	False	False				False	250	V	Bb	I		V	V					M	False	False	(1, 5, 2)	()	1	1	major	major	I	I, major	V		I	I	False	V	V, major		V, major		V	-2	-2	-2	1	1	1	True	True	True
756.0	2.0	126.0	53	-1	F	0.0	1.0	1	6	4	3.0	1.0	1/4	False	-1	4.0	64.0	4.0	4b	3	378	False	True				False	251	V.ii2	Bb	V		ii2	ii		2			mm7	False	False	(0, 2, -1, 3)	()	2	0	major	major	V	V, major	ii		V	V	False	ii2	ii2, major		ii2, major		ii	-2	-1	-1	1	0	0	True	False	True
756.0	2.0	126.0	53	-1	F	0.0	1.0	1	6	4	4.0	1.0	1/4	False	-1	4.0	64.0	4.0	4b	3	378	False	True				False	251	V.ii2	Bb	V		ii2	ii		2			mm7	False	False	(0, 2, -1, 3)	()	2	0	major	major	V	V, major	ii		V	V	False	ii2	ii2, major		ii2, major		ii	-2	-1	-1	1	0	0	True	False	True
756.0	2.0	126.0	70	-2	B	-1.0	1.0	1	6	4	1.0	1.0	1/4	True	-1	4.0	64.0	4.0	4b	4	378	False	True				False	251	V.ii2	Bb	V		ii2	ii		2			mm7	False	False	(0, 2, -1, 3)	()	2	0	major	major	V	V, major	ii		V	V	False	ii2	ii2, major		ii2, major		ii	-2	-1	-1	0	-1	-1	True	False	False
756.0	2.0	126.0	79	1	G	0.0	1.0	1	6	4	2.0	1.0	1/4	True	-1	4.0	64.0	4.0	4b	5	378	False	True				False	251	V.ii2	Bb	V		ii2	ii		2			mm7	False	False	(0, 2, -1, 3)	()	2	0	major	major	V	V, major	ii		V	V	False	ii2	ii2, major		ii2, major		ii	-2	-1	-1	3	2	2	True	True	False
758.0	4.0	126.333	52	4	E	0.0	1.333	0	6	4	3.0	1.0	1/2	True	-1	4.0	64.0	4.0	4b	3	379	False	True				False	252	V6	Bb	V		V6	V		6			M	False	False	(5, 2, 1)	()	1	5	major	major	V	V, major	V		V	V	False	V6	V6, major		V6, major		V	-2	-1	-1	6	5	5	True	False	True
758.0	4.0	126.333	52	4	E	0.0	1.333	0	6	4	4.0	1.0	1/2	True	-1	4.0	64.0	4.0	4b	3	379	False	True				False	252	V6	Bb	V		V6	V		6			M	False	False	(5, 2, 1)	()	1	5	major	major	V	V, major	V		V	V	False	V6	V6, major		V6, major		V	-2	-1	-1	6	5	5	True	False	True
758.0	4.0	126.333	67	1	G	0.0	1.333	0	6	4	1.0	1.0	1/2	True	-1	4.0	64.0	4.0	4b	4	379	False	True				False	252	V6	Bb	V		V6	V		6			M	False	False	(5, 2, 1)	()	1	5	major	major	V	V, major	V		V	V	False	V6	V6, major		V6, major		V	-2	-1	-1	3	2	2	True	False	False
758.0	2.0	126.333	72	0	C	0.0	1.333	0	6	4	2.0	1.0	1/4	True	-1	4.0	64.0	4.0	4b	5	379	False	True				False	252	V6	Bb	V		V6	V		6			M	False	False	(5, 2, 1)	()	1	5	major	major	V	V, major	V		V	V	False	V6	V6, major		V6, major		V	-2	-1	-1	2	1	1	True	True	False
760.0	2.0	126.667	84	0	C	0.0	1.667	0	6	4	2.0	1.0	1/4	True	-1	4.0	64.0	4.0	4b	6	380	False	False				False	252	V6	Bb	V		V6	V		6			M	False	False	(5, 2, 1)	()	1	5	major	major	V	V, major	V		V	V	False	V6	V6, major		V6, major		V	-2	-1	-1	2	1	1	True	True	False
762.0	2.0	127.0	50	2	D	0.0	2.0	2	6	4	3.0	1.0	1/4	True	-1	4.0	64.0	4.0	4b	3	381	False	True				False	253	iv	Bb	V		iv	iv					m	False	False	(-1, -4, 0)	()	-1	-1	major	major	V	V, major	iv		V	V	False	iv	iv, major		iv, major		iv	-2	-1	-1	4	3	3	False	False	False
762.0	2.0	127.0	50	2	D	0.0	2.0	2	6	4	4.0	1.0	1/4	True	-1	4.0	64.0	4.0	4b	3	381	False	True				False	253	iv	Bb	V		iv	iv					m	False	False	(-1, -4, 0)	()	-1	-1	major	major	V	V, major	iv		V	V	False	iv	iv, major		iv, major		iv	-2	-1	-1	4	3	3	False	False	False
762.0	2.0	127.0	69	3	A	0.0	2.0	2	6	4	1.0	1.0	1/4	True	-1	4.0	64.0	4.0	4b	4	381	False	True				False	253	iv	Bb	V		iv	iv					m	False	False	(-1, -4, 0)	()	-1	-1	major	major	V	V, major	iv		V	V	False	iv	iv, major		iv, major		iv	-2	-1	-1	5	4	4	False	False	False
762.0	4.0	127.0	77	-1	F	0.0	2.0	2	6	4	2.0	1.0	1/2	True	-1	4.0	64.0	4.0	4b	5	381	False	True				False	253	iv	Bb	V		iv	iv					m	False	False	(-1, -4, 0)	()	-1	-1	major	major	V	V, major	iv		V	V	False	iv	iv, major		iv, major		iv	-2	-1	-1	1	0	0	True	False	False
764.0	2.0	127.333	46	-2	B	-1.0	2.333	0	6	4	3.0	1.0	1/4	True	-1	4.0	64.0	4.0	4b	2	382	False	True				False	254	IV	Bb	V		IV	IV					M	False	False	(-1, 3, 0)	()	-1	-1	major	major	V	V, major	IV		V	V	False	IV	IV, major		IV, major		IV	-2	-1	-1	0	-1	-1	True	True	True
764.0	2.0	127.333	46	-2	B	-1.0	2.333	0	6	4	4.0	1.0	1/4	True	-1	4.0	64.0	4.0	4b	2	382	False	True				False	254	IV	Bb	V		IV	IV					M	False	False	(-1, 3, 0)	()	-1	-1	major	major	V	V, major	IV		V	V	False	IV	IV, major		IV, major		IV	-2	-1	-1	0	-1	-1	True	True	True
764.0	2.0	127.333	74	2	D	0.0	2.333	0	6	4	1.0	1.0	1/4	True	-1	4.0	64.0	4.0	4b	5	382	False	True				False	254	IV	Bb	V		IV	IV					M	False	False	(-1, 3, 0)	()	-1	-1	major	major	V	V, major	IV		V	V	False	IV	IV, major		IV, major		IV	-2	-1	-1	4	3	3	True	False	False
766.0	2.0	127.667	43	1	G	0.0	2.667	0	6	4	3.0	1.0	1/4	True	-1	4.0	64.0	4.0	4b	2	383	False	True				False	255	viio6	Bb	V		viio6	vii	o	6			o	False	False	(2, -1, 5)	()	5	2	major	major	V	V, major	vii		V	V	False	viio6	viio6, major		viio6, major		vii	-2	-1	-1	3	2	2	True	False	True
766.0	2.0	127.667	43	1	G	0.0	2.667	0	6	4	4.0	1.0	1/4	True	-1	4.0	64.0	4.0	4b	2	383	False	True				False	255	viio6	Bb	V		viio6	vii	o	6			o	False	False	(2, -1, 5)	()	5	2	major	major	V	V, major	vii		V	V	False	viio6	viio6, major		viio6, major		vii	-2	-1	-1	3	2	2	True	False	True
766.0	2.0	127.667	76	4	E	0.0	2.667	0	6	4	1.0	1.0	1/4	True	-1	4.0	64.0	4.0	4b	5	383	False	True				False	255	viio6	Bb	V		viio6	vii	o	6			o	False	False	(2, -1, 5)	()	5	2	major	major	V	V, major	vii		V	V	False	viio6	viio6, major		viio6, major		vii	-2	-1	-1	6	5	5	True	True	False
766.0	2.0	127.667	82	-2	B	-1.0	2.667	0	6	4	2.0	1.0	1/4	True	-1	4.0	64.0	4.0	4b	5	383	False	True				False	255	viio6	Bb	V		viio6	vii	o	6			o	False	False	(2, -1, 5)	()	5	2	major	major	V	V, major	vii		V	V	False	viio6	viio6, major		viio6, major		vii	-2	-1	-1	0	-1	-1	True	False	False
768.0	2.0	128.0	41	-1	F	0.0	1.0	1	6	4	3.0	1.0	1/4	True	-1	5.0	65.0	5.0	5b	2	384	False	True				False	256	I	Bb	V		I	I					M	False	False	(0, 4, 1)	()	0	0	major	major	V	V, major	I		V	V	False	I	I, major		I, major		I	-2	-1	-1	1	0	0	True	True	True
768.0	2.0	128.0	41	-1	F	0.0	1.0	1	6	4	4.0	1.0	1/4	True	-1	5.0	65.0	5.0	5b	2	384	False	True				False	256	I	Bb	V		I	I					M	False	False	(0, 4, 1)	()	0	0	major	major	V	V, major	I		V	V	False	I	I, major		I, major		I	-2	-1	-1	1	0	0	True	True	True
768.0	2.0	128.0	77	-1	F	0.0	1.0	1	6	4	1.0	1.0	1/4	True	-1	5.0	65.0	5.0	5b	5	384	False	True				False	256	I	Bb	V		I	I					M	False	False	(0, 4, 1)	()	0	0	major	major	V	V, major	I		V	V	False	I	I, major		I, major		I	-2	-1	-1	1	0	0	True	True	True
768.0	2.0	128.0	81	3	A	0.0	1.0	1	6	4	2.0	1.0	1/4	True	-1	5.0	65.0	5.0	5b	5	384	False	True				False	256	I	Bb	V		I	I					M	False	False	(0, 4, 1)	()	0	0	major	major	V	V, major	I		V	V	False	I	I, major		I, major		I	-2	-1	-1	5	4	4	True	False	False
770.0	4.0	128.333	48	0	C	0.0	1.333	0	6	4	3.0	1.0	1/2	True	-1	5.0	65.0	5.0	5b	3	385	False	True				False	257	V(4)	Bb	V		V(4)	V			4		M	False	False	(1, 0, 2)	()	1	1	major	major	V	V, major	V		V	V	False	V	V, major		V(4), major		V	-2	-1	-1	2	1	1	True	True	True
770.0	4.0	128.333	48	0	C	0.0	1.333	0	6	4	4.0	1.0	1/2	True	-1	5.0	65.0	5.0	5b	3	385	False	True				False	257	V(4)	Bb	V		V(4)	V			4		M	False	False	(1, 0, 2)	()	1	1	major	major	V	V, major	V		V	V	False	V	V, major		V(4), major		V	-2	-1	-1	2	1	1	True	True	True
770.0	4.0	128.333	76	4	E	0.0	1.333	0	6	4	1.0	1.0	1/2	True	-1	5.0	65.0	5.0	5b	5	385	False	True				False	257	V(4)	Bb	V		V(4)	V			4		M	False	False	(1, 0, 2)	()	1	1	major	major	V	V, major	V		V	V	False	V	V, major		V(4), major		V	-2	-1	-1	6	5	5	False	False	False
770.0	4.0	128.333	79	1	G	0.0	1.333	0	6	4	2.0	1.0	1/2	True	-1	5.0	65.0	5.0	5b	5	385	False	True				False	257	V(4)	Bb	V		V(4)	V			4		M	False	False	(1, 0, 2)	()	1	1	major	major	V	V, major	V		V	V	False	V	V, major		V(4), major		V	-2	-1	-1	3	2	2	True	False	False
774.0	4.0	129.0	41	-1	F	0.0	2.0	2	6	4	4.0	1.0	1/2	True	-1	5.0	65.0	5.0	5b	2	387	False	True	IAC	IAC	}{	True	258	I|IAC}{	Bb	V		I	I					M	False	False	(0, 4, 1)	()	0	0	major	major	V	V, major	I		V	V	False	I	I, major		I, major		I	-2	-1	-1	1	0	0	True	True	True
774.0	4.0	129.0	41	-1	F	0.0	2.0	2	6	4	4.0	1.0	1/2	True	-1	5.0	65.0	5.0	5b	2	387	False	False				False	259	V	Bb	V		V	V					M	False	False	(1, 5, 2)	()	1	1	major	major	V	V, major	V		V	V	False	V	V, major		V, major		V	-2	-1	-1	1	0	0	False	False	False
774.0	6.0	129.0	41	-1	F	0.0	2.0	2	6	4	3.0	1.0	3/4	True	-1	5.0	65.0	5.0	5b	2	387	False	True	IAC	IAC	}{	True	258	I|IAC}{	Bb	V		I	I					M	False	False	(0, 4, 1)	()	0	0	major	major	V	V, major	I		V	V	False	I	I, major		I, major		I	-2	-1	-1	1	0	0	True	True	True
774.0	6.0	129.0	41	-1	F	0.0	2.0	2	6	4	3.0	1.0	3/4	True	-1	5.0	65.0	5.0	5b	2	387	False	False				False	259	V	Bb	V		V	V					M	False	False	(1, 5, 2)	()	1	1	major	major	V	V, major	V		V	V	False	V	V, major		V, major		V	-2	-1	-1	1	0	0	False	False	False
774.0	2.0	129.0	77	-1	F	0.0	2.0	2	6	4	1.0	1.0	1/4	True	-1	5.0	65.0	5.0	5b	5	387	False	True	IAC	IAC	}{	True	258	I|IAC}{	Bb	V		I	I					M	False	False	(0, 4, 1)	()	0	0	major	major	V	V, major	I		V	V	False	I	I, major		I, major		I	-2	-1	-1	1	0	0	True	True	True
774.0	2.0	129.0	77	-1	F	0.0	2.0	2	6	4	1.0	1.0	1/4	True	-1	5.0	65.0	5.0	5b	5	387	False	False				False	259	V	Bb	V		V	V					M	False	False	(1, 5, 2)	()	1	1	major	major	V	V, major	V		V	V	False	V	V, major		V, major		V	-2	-1	-1	1	0	0	False	False	False
774.0	2.0	129.0	81	3	A	0.0	2.0	2	6	4	2.0	1.0	1/4	True	-1	5.0	65.0	5.0	5b	5	387	False	True	IAC	IAC	}{	True	258	I|IAC}{	Bb	V		I	I					M	False	False	(0, 4, 1)	()	0	0	major	major	V	V, major	I		V	V	False	I	I, major		I, major		I	-2	-1	-1	5	4	4	True	False	False
774.0	2.0	129.0	81	3	A	0.0	2.0	2	6	4	2.0	1.0	1/4	True	-1	5.0	65.0	5.0	5b	5	387	False	False				False	259	V	Bb	V		V	V					M	False	False	(1, 5, 2)	()	1	1	major	major	V	V, major	V		V	V	False	V	V, major		V, major		V	-2	-1	-1	5	4	4	False	False	False
776.0	1.0	129.333	69	3	A	0.0	2.333	0	6	4	2.0	1.0	1/8	True	-1	5.0	65.0	5.0	5b	4	388	False	False				False	259	V	Bb	V		V	V					M	False	False	(1, 5, 2)	()	1	1	major	major	V	V, major	V		V	V	False	V	V, major		V, major		V	-2	-1	-1	5	4	4	False	False	False
776.0	4.0	129.333	77	-1	F	0.0	2.333	0	6	4	1.0	1.0	1/2	True	-1	5.0	65.0	5.0	5b	5	388	False	False				False	259	V	Bb	V		V	V					M	False	False	(1, 5, 2)	()	1	1	major	major	V	V, major	V		V	V	False	V	V, major		V, major		V	-2	-1	-1	1	0	0	False	False	False
777.0	1.0	129.5	67	1	G	0.0	2.5	0	6	4	2.0	1.0	1/8	True	-1	5.0	65.0	5.0	5b	4	777/2	False	False				False	259	V	Bb	V		V	V					M	False	False	(1, 5, 2)	()	1	1	major	major	V	V, major	V		V	V	False	V	V, major		V, major		V	-2	-1	-1	3	2	2	True	False	False
778.0	2.0	129.667	53	-1	F	0.0	2.667	0	6	4	4.0	1.0	1/4	True	-1	5.0	65.0	5.0	5b	3	389	False	True				False	260	I.V	Bb	I		V	V					M	False	False	(1, 5, 2)	()	1	1	major	major	I	I, major	V		I	I	False	V	V, major		V, major		V	-2	-2	-2	1	1	1	True	True	True
778.0	2.0	129.667	65	-1	F	0.0	2.667	0	6	4	2.0	1.0	1/4	True	-1	5.0	65.0	5.0	5b	4	389	False	True				False	260	I.V	Bb	I		V	V					M	False	False	(1, 5, 2)	()	1	1	major	major	I	I, major	V		I	I	False	V	V, major		V, major		V	-2	-2	-2	1	1	1	True	True	True
780.0	4.0	130.0	55	1	G	0.0	1.0	1	6	4	4.0	1.0	1/2	True	-1	6.0	66.0	6.0	6b	3	390	False	True				False	261	IV6(2)	Bb	I		IV6(2)	IV		6	2		M	False	False	(3, 0, 1)	()	-1	3	major	major	I	I, major	IV		I	I	False	IV6	IV6, major		IV6(2), major		IV	-2	-2	-2	3	3	3	True	False	True
780.0	2.0	130.0	70	-2	B	-1.0	1.0	1	6	4	2.0	1.0	1/4	True	-1	6.0	66.0	6.0	6b	4	390	False	True				False	261	IV6(2)	Bb	I		IV6(2)	IV		6	2		M	False	False	(3, 0, 1)	()	-1	3	major	major	I	I, major	IV		I	I	False	IV6	IV6, major		IV6(2), major		IV	-2	-2	-2	0	0	0	True	False	False
780.0	2.0	130.0	77	-1	F	0.0	1.0	1	6	4	1.0	1.0	1/4	False	-1	6.0	66.0	6.0	6b	5	390	False	True				False	261	IV6(2)	Bb	I		IV6(2)	IV		6	2		M	False	False	(3, 0, 1)	()	-1	3	major	major	I	I, major	IV		I	I	False	IV6	IV6, major		IV6(2), major		IV	-2	-2	-2	1	1	1	True	False	False
782.0	2.0	130.333	67	1	G	0.0	1.333	0	6	4	2.0	1.0	1/4	True	-1	6.0	66.0	6.0	6b	4	391	False	True				False	262	IV6	Bb	I		IV6	IV		6			M	False	False	(3, 0, -1)	()	-1	3	major	major	I	I, major	IV		I	I	False	IV6	IV6, major		IV6, major		IV	-2	-2	-2	3	3	3	True	False	True
782.0	6.0	130.333	75	-3	E	-1.0	1.333	0	6	4	1.0	1.0	3/4	True	-1	6.0	66.0	6.0	6b	5	391	False	True				False	262	IV6	Bb	I		IV6	IV		6			M	False	False	(3, 0, -1)	()	-1	3	major	major	I	I, major	IV		I	I	False	IV6	IV6, major		IV6, major		IV	-2	-2	-2	-1	-1	-1	True	True	False
784.0	2.0	130.667	57	3	A	0.0	1.667	0	6	4	4.0	1.0	1/4	True	-1	6.0	66.0	6.0	6b	3	392	False	True				False	263	viio	Bb	I		viio	vii	o				o	False	False	(5, 2, -1)	()	5	5	major	major	I	I, major	vii		I	I	False	viio	viio, major		viio, major		vii	-2	-2	-2	5	5	5	True	True	True
784.0	2.0	130.667	72	0	C	0.0	1.667	0	6	4	2.0	1.0	1/4	True	-1	6.0	66.0	6.0	6b	5	392	False	True				False	263	viio	Bb	I		viio	vii	o				o	False	False	(5, 2, -1)	()	5	5	major	major	I	I, major	vii		I	I	False	viio	viio, major		viio, major		vii	-2	-2	-2	2	2	2	True	False	False
786.0	2.0	131.0	46	-2	B	-1.0	2.0	2	6	4	3.0	1.0	1/4	True	-1	6.0	66.0	6.0	6b	2	393	False	True				False	264	I(4)	Bb	I		I(4)	I			4		M	False	False	(0, -1, 1)	()	0	0	major	major	I	I, major	I		I	I	False	I	I, major		I(4), major		I	-2	-2	-2	0	0	0	True	True	True
786.0	4.0	131.0	58	-2	B	-1.0	2.0	2	6	4	4.0	1.0	1/2	True	-1	6.0	66.0	6.0	6b	3	393	False	True				False	264	I(4)	Bb	I		I(4)	I			4		M	False	False	(0, -1, 1)	()	0	0	major	major	I	I, major	I		I	I	False	I	I, major		I(4), major		I	-2	-2	-2	0	0	0	True	True	True
786.0	2.0	131.0	65	-1	F	0.0	2.0	2	6	4	2.0	1.0	1/4	True	-1	6.0	66.0	6.0	6b	4	393	False	True				False	264	I(4)	Bb	I		I(4)	I			4		M	False	False	(0, -1, 1)	()	0	0	major	major	I	I, major	I		I	I	False	I	I, major		I(4), major		I	-2	-2	-2	1	1	1	True	False	False
788.0	1.0	131.333	50	2	D	0.0	2.333	0	6	4	3.0	1.0	1/8	True	-1	6.0	66.0	6.0	6b	3	394	False	True				False	265	I	Bb	I		I	I					M	False	False	(0, 4, 1)	()	0	0	major	major	I	I, major	I		I	I	False	I	I, major		I, major		I	-2	-2	-2	4	4	4	True	False	False
788.0	4.0	131.333	70	-2	B	-1.0	2.333	0	6	4	2.0	1.0	1/2	True	-1	6.0	66.0	6.0	6b	4	394	False	True				False	265	I	Bb	I		I	I					M	False	False	(0, 4, 1)	()	0	0	major	major	I	I, major	I		I	I	False	I	I, major		I, major		I	-2	-2	-2	0	0	0	True	True	True
788.0	2.0	131.333	74	2	D	0.0	2.333	0	6	4	1.0	1.0	1/4	True	-1	6.0	66.0	6.0	6b	5	394	False	True				False	265	I	Bb	I		I	I					M	False	False	(0, 4, 1)	()	0	0	major	major	I	I, major	I		I	I	False	I	I, major		I, major		I	-2	-2	-2	4	4	4	True	False	False
789.0	1.0	131.5	48	0	C	0.0	2.5	0	6	4	3.0	1.0	1/8	True	-1	6.0	66.0	6.0	6b	3	789/2	False	False				False	265	I	Bb	I		I	I					M	False	False	(0, 4, 1)	()	0	0	major	major	I	I, major	I		I	I	False	I	I, major		I, major		I	-2	-2	-2	2	2	2	False	False	False
790.0	2.0	131.667	46	-2	B	-1.0	2.667	0	6	4	3.0	1.0	1/4	True	-1	6.0	66.0	6.0	6b	2	395	False	True				False	266	iv6	Bb	I		iv6	iv		6			m	False	False	(-4, 0, -1)	()	-1	-4	major	major	I	I, major	iv		I	I	False	iv6	iv6, major		iv6, major		iv	-2	-2	-2	0	0	0	True	False	False
790.0	2.0	131.667	46	-2	B	-1.0	2.667	0	6	4	4.0	1.0	1/4	True	-1	6.0	66.0	6.0	6b	2	395	False	True				False	266	iv6	Bb	I		iv6	iv		6			m	False	False	(-4, 0, -1)	()	-1	-4	major	major	I	I, major	iv		I	I	False	iv6	iv6, major		iv6, major		iv	-2	-2	-2	0	0	0	True	False	False
790.0	2.0	131.667	79	1	G	0.0	2.667	0	6	4	1.0	1.0	1/4	True	-1	6.0	66.0	6.0	6b	5	395	False	True				False	266	iv6	Bb	I		iv6	iv		6			m	False	False	(-4, 0, -1)	()	-1	-4	major	major	I	I, major	iv		I	I	False	iv6	iv6, major		iv6, major		iv	-2	-2	-2	3	3	3	False	False	False
792.0	2.0	132.0	48	0	C	0.0	1.0	1	6	4	3.0	1.0	1/4	True	-1	7.0	67.0	7.0	7b	3	396	False	True				False	267	ii7	Bb	I		ii7	ii		7			mm7	False	False	(2, -1, 3, 0)	()	2	2	major	major	I	I, major	ii		I	I	False	ii7	ii7, major		ii7, major		ii	-2	-2	-2	2	2	2	True	True	True
792.0	2.0	132.0	48	0	C	0.0	1.0	1	6	4	4.0	1.0	1/4	True	-1	7.0	67.0	7.0	7b	3	396	False	True				False	267	ii7	Bb	I		ii7	ii		7			mm7	False	False	(2, -1, 3, 0)	()	2	2	major	major	I	I, major	ii		I	I	False	ii7	ii7, major		ii7, major		ii	-2	-2	-2	2	2	2	True	True	True
792.0	2.0	132.0	70	-2	B	-1.0	1.0	1	6	4	2.0	1.0	1/4	False	-1	7.0	67.0	7.0	7b	4	396	False	True				False	267	ii7	Bb	I		ii7	ii		7			mm7	False	False	(2, -1, 3, 0)	()	2	2	major	major	I	I, major	ii		I	I	False	ii7	ii7, major		ii7, major		ii	-2	-2	-2	0	0	0	True	False	False
792.0	2.0	132.0	75	-3	E	-1.0	1.0	1	6	4	1.0	1.0	1/4	True	-1	7.0	67.0	7.0	7b	5	396	False	True				False	267	ii7	Bb	I		ii7	ii		7			mm7	False	False	(2, -1, 3, 0)	()	2	2	major	major	I	I, major	ii		I	I	False	ii7	ii7, major		ii7, major		ii	-2	-2	-2	-1	-1	-1	True	False	False
794.0	2.0	132.333	41	-1	F	0.0	1.333	0	6	4	3.0	1.0	1/4	True	-1	7.0	67.0	7.0	7b	2	397	False	True				False	268	V7	Bb	I		V7	V		7			Mm7	False	False	(1, 5, 2, -1)	()	1	1	major	major	I	I, major	V		I	I	False	V7	V7, major		V7, major		V	-2	-2	-2	1	1	1	True	True	True
794.0	2.0	132.333	41	-1	F	0.0	1.333	0	6	4	4.0	1.0	1/4	True	-1	7.0	67.0	7.0	7b	2	397	False	True				False	268	V7	Bb	I		V7	V		7			Mm7	False	False	(1, 5, 2, -1)	()	1	1	major	major	I	I, major	V		I	I	False	V7	V7, major		V7, major		V	-2	-2	-2	1	1	1	True	True	True
794.0	6.0	132.333	69	3	A	0.0	1.333	0	6	4	2.0	1.0	3/4	True	-1	7.0	67.0	7.0	7b	4	397	False	True				False	268	V7	Bb	I		V7	V		7			Mm7	False	False	(1, 5, 2, -1)	()	1	1	major	major	I	I, major	V		I	I	False	V7	V7, major		V7, major		V	-2	-2	-2	5	5	5	True	False	False
794.0	2.0	132.333	72	0	C	0.0	1.333	0	6	4	1.0	1.0	1/4	True	-1	7.0	67.0	7.0	7b	5	397	False	True				False	268	V7	Bb	I		V7	V		7			Mm7	False	False	(1, 5, 2, -1)	()	1	1	major	major	I	I, major	V		I	I	False	V7	V7, major		V7, major		V	-2	-2	-2	2	2	2	True	False	False
796.0	2.0	132.667	53	-1	F	0.0	1.667	0	6	4	3.0	1.0	1/4	True	-1	7.0	67.0	7.0	7b	3	398	False	False				False	268	V7	Bb	I		V7	V		7			Mm7	False	False	(1, 5, 2, -1)	()	1	1	major	major	I	I, major	V		I	I	False	V7	V7, major		V7, major		V	-2	-2	-2	1	1	1	True	True	True
796.0	2.0	132.667	53	-1	F	0.0	1.667	0	6	4	4.0	1.0	1/4	True	-1	7.0	67.0	7.0	7b	3	398	False	False				False	268	V7	Bb	I		V7	V		7			Mm7	False	False	(1, 5, 2, -1)	()	1	1	major	major	I	I, major	V		I	I	False	V7	V7, major		V7, major		V	-2	-2	-2	1	1	1	True	True	True
796.0	2.0	132.667	77	-1	F	0.0	1.667	0	6	4	1.0	1.0	1/4	True	-1	7.0	67.0	7.0	7b	5	398	False	False				False	268	V7	Bb	I		V7	V		7			Mm7	False	False	(1, 5, 2, -1)	()	1	1	major	major	I	I, major	V		I	I	False	V7	V7, major		V7, major		V	-2	-2	-2	1	1	1	True	True	True
798.0	4.0	133.0	46	-2	B	-1.0	2.0	2	6	4	3.0	1.0	1/2	True	-1	7.0	67.0	7.0	7b	2	399	False	True				False	269	vi(9)	Bb	I		vi(9)	vi			9		m	False	False	(3, 0, 4)	(5,)	3	3	major	major	I	I, major	vi		I	I	False	vi	vi, major		vi(9), major		vi	-2	-2	-2	0	0	0	True	False	False
798.0	4.0	133.0	46	-2	B	-1.0	2.0	2	6	4	4.0	1.0	1/2	True	-1	7.0	67.0	7.0	7b	2	399	False	True				False	269	vi(9)	Bb	I		vi(9)	vi			9		m	False	False	(3, 0, 4)	(5,)	3	3	major	major	I	I, major	vi		I	I	False	vi	vi, major		vi(9), major		vi	-2	-2	-2	0	0	0	True	False	False
798.0	4.0	133.0	74	2	D	0.0	2.0	2	6	4	1.0	1.0	1/2	True	-1	7.0	67.0	7.0	7b	5	399	False	True				False	269	vi(9)	Bb	I		vi(9)	vi			9		m	False	False	(3, 0, 4)	(5,)	3	3	major	major	I	I, major	vi		I	I	False	vi	vi, major		vi(9), major		vi	-2	-2	-2	4	4	4	True	False	False
800.0	2.0	133.333	74	2	D	0.0	2.333	0	6	4	2.0	1.0	1/4	True	-1	7.0	67.0	7.0	7b	5	400	False	False				False	269	vi(9)	Bb	I		vi(9)	vi			9		m	False	False	(3, 0, 4)	(5,)	3	3	major	major	I	I, major	vi		I	I	False	vi	vi, major		vi(9), major		vi	-2	-2	-2	4	4	4	True	False	False
802.0	2.0	133.667	51	-3	E	-1.0	2.667	0	6	4	3.0	1.0	1/4	True	-1	7.0	67.0	7.0	7b	3	401	False	True				False	270	ii6	Bb	I		ii6	ii		6			m	False	False	(-1, 3, 2)	()	2	-1	major	major	I	I, major	ii		I	I	False	ii6	ii6, major		ii6, major		ii	-2	-2	-2	-1	-1	-1	True	False	True
802.0	2.0	133.667	51	-3	E	-1.0	2.667	0	6	4	4.0	1.0	1/4	True	-1	7.0	67.0	7.0	7b	3	401	False	True				False	270	ii6	Bb	I		ii6	ii		6			m	False	False	(-1, 3, 2)	()	2	-1	major	major	I	I, major	ii		I	I	False	ii6	ii6, major		ii6, major		ii	-2	-2	-2	-1	-1	-1	True	False	True
802.0	2.0	133.667	67	1	G	0.0	2.667	0	6	4	2.0	1.0	1/4	True	-1	7.0	67.0	7.0	7b	4	401	False	True				False	270	ii6	Bb	I		ii6	ii		6			m	False	False	(-1, 3, 2)	()	2	-1	major	major	I	I, major	ii		I	I	False	ii6	ii6, major		ii6, major		ii	-2	-2	-2	3	3	3	True	False	False
802.0	2.0	133.667	72	0	C	0.0	2.667	0	6	4	1.0	1.0	1/4	True	-1	7.0	67.0	7.0	7b	5	401	False	True				False	270	ii6	Bb	I		ii6	ii		6			m	False	False	(-1, 3, 2)	()	2	-1	major	major	I	I, major	ii		I	I	False	ii6	ii6, major		ii6, major		ii	-2	-2	-2	2	2	2	True	True	False
804.0	2.0	134.0	50	2	D	0.0	1.0	1	6	4	3.0	1.0	1/4	True	-1	8.0	68.0	8.0	8b	3	402	False	True				False	271	I6	Bb	I		I6	I		6			M	False	False	(4, 1, 0)	()	0	4	major	major	I	I, major	I		I	I	False	I6	I6, major		I6, major		I	-2	-2	-2	4	4	4	True	False	True
804.0	2.0	134.0	50	2	D	0.0	1.0	1	6	4	4.0	1.0	1/4	True	-1	8.0	68.0	8.0	8b	3	402	False	True				False	271	I6	Bb	I		I6	I		6			M	False	False	(4, 1, 0)	()	0	4	major	major	I	I, major	I		I	I	False	I6	I6, major		I6, major		I	-2	-2	-2	4	4	4	True	False	True
804.0	2.0	134.0	65	-1	F	0.0	1.0	1	6	4	2.0	1.0	1/4	True	-1	8.0	68.0	8.0	8b	4	402	False	True				False	271	I6	Bb	I		I6	I		6			M	False	False	(4, 1, 0)	()	0	4	major	major	I	I, major	I		I	I	False	I6	I6, major		I6, major		I	-2	-2	-2	1	1	1	True	False	False
804.0	2.0	134.0	70	-2	B	-1.0	1.0	1	6	4	1.0	1.0	1/4	True	-1	8.0	68.0	8.0	8b	4	402	False	True				False	271	I6	Bb	I		I6	I		6			M	False	False	(4, 1, 0)	()	0	4	major	major	I	I, major	I		I	I	False	I6	I6, major		I6, major		I	-2	-2	-2	0	0	0	True	True	False
806.0	4.0	134.333	48	0	C	0.0	1.333	0	6	4	3.0	1.0	1/2	True	-1	8.0	68.0	8.0	8b	3	403	False	True				False	272	viio6	Bb	I		viio6	vii	o	6			o	False	False	(2, -1, 5)	()	5	2	major	major	I	I, major	vii		I	I	False	viio6	viio6, major		viio6, major		vii	-2	-2	-2	2	2	2	True	False	True
806.0	4.0	134.333	48	0	C	0.0	1.333	0	6	4	4.0	1.0	1/2	True	-1	8.0	68.0	8.0	8b	3	403	False	True				False	272	viio6	Bb	I		viio6	vii	o	6			o	False	False	(2, -1, 5)	()	5	2	major	major	I	I, major	vii		I	I	False	viio6	viio6, major		viio6, major		vii	-2	-2	-2	2	2	2	True	False	True
806.0	4.0	134.333	63	-3	E	-1.0	1.333	0	6	4	2.0	1.0	1/2	True	-1	8.0	68.0	8.0	8b	4	403	False	True				False	272	viio6	Bb	I		viio6	vii	o	6			o	False	False	(2, -1, 5)	()	5	2	major	major	I	I, major	vii		I	I	False	viio6	viio6, major		viio6, major		vii	-2	-2	-2	-1	-1	-1	True	False	False
806.0	4.0	134.333	69	3	A	0.0	1.333	0	6	4	1.0	1.0	1/2	True	-1	8.0	68.0	8.0	8b	4	403	False	True				False	272	viio6	Bb	I		viio6	vii	o	6			o	False	False	(2, -1, 5)	()	5	2	major	major	I	I, major	vii		I	I	False	viio6	viio6, major		viio6, major		vii	-2	-2	-2	5	5	5	True	True	False
810.0	4.0	135.0	46	-2	B	-1.0	2.0	2	6	4	3.0	1.0	1/2	True	-1	8.0	68.0	8.0	8b	2	405	False	True			}{	True	273	I}{	Bb	I		I	I					M	False	False	(0, 4, 1)	()	0	0	major	major	I	I, major	I		I	I	False	I	I, major		I, major		I	-2	-2	-2	0	0	0	True	True	True
810.0	4.0	135.0	46	-2	B	-1.0	2.0	2	6	4	4.0	1.0	1/2	True	-1	8.0	68.0	8.0	8b	2	405	False	True			}{	True	273	I}{	Bb	I		I	I					M	False	False	(0, 4, 1)	()	0	0	major	major	I	I, major	I		I	I	False	I	I, major		I, major		I	-2	-2	-2	0	0	0	True	True	True
810.0	4.0	135.0	62	2	D	0.0	2.0	2	6	4	2.0	1.0	1/2	True	-1	8.0	68.0	8.0	8b	4	405	False	True			}{	True	273	I}{	Bb	I		I	I					M	False	False	(0, 4, 1)	()	0	0	major	major	I	I, major	I		I	I	False	I	I, major		I, major		I	-2	-2	-2	4	4	4	True	False	False
810.0	2.0	135.0	70	-2	B	-1.0	2.0	2	6	4	1.0	1.0	1/4	True	-1	8.0	68.0	8.0	8b	4	405	False	True			}{	True	273	I}{	Bb	I		I	I					M	False	False	(0, 4, 1)	()	0	0	major	major	I	I, major	I		I	I	False	I	I, major		I, major		I	-2	-2	-2	0	0	0	True	True	True
812.0	1.0	135.333	74	2	D	0.0	2.333	0	6	4	1.0	1.0	1/8	True	-1	8.0	68.0	8.0	8b	5	406	False	False				False	273	I}{	Bb	I		I	I					M	False	False	(0, 4, 1)	()	0	0	major	major	I	I, major	I		I	I	False	I	I, major		I, major		I	-2	-2	-2	4	4	4	True	False	False
813.0	1.0	135.5	72	0	C	0.0	2.5	0	6	4	1.0	1.0	1/8	True	-1	8.0	68.0	8.0	8b	5	813/2	False	False				False	273	I}{	Bb	I		I	I					M	False	False	(0, 4, 1)	()	0	0	major	major	I	I, major	I		I	I	False	I	I, major		I, major		I	-2	-2	-2	2	2	2	False	False	False
814.0	2.0	135.667	58	-2	B	-1.0	2.667	0	6	4	3.0	1.0	1/4	True	-1	8.0	68.0	8.0	8b	3	407	False	False				False	273	I}{	Bb	I		I	I					M	False	False	(0, 4, 1)	()	0	0	major	major	I	I, major	I		I	I	False	I	I, major		I, major		I	-2	-2	-2	0	0	0	True	True	True
814.0	2.0	135.667	58	-2	B	-1.0	2.667	0	6	4	4.0	1.0	1/4	True	-1	8.0	68.0	8.0	8b	3	407	False	False				False	273	I}{	Bb	I		I	I					M	False	False	(0, 4, 1)	()	0	0	major	major	I	I, major	I		I	I	False	I	I, major		I, major		I	-2	-2	-2	0	0	0	True	True	True
814.0	2.0	135.667	70	-2	B	-1.0	2.667	0	6	4	1.0	1.0	1/4	True	-1	8.0	68.0	8.0	8b	4	407	False	False				False	273	I}{	Bb	I		I	I					M	False	False	(0, 4, 1)	()	0	0	major	major	I	I, major	I		I	I	False	I	I, major		I, major		I	-2	-2	-2	0	0	0	True	True	True
816.0	4.0	136.0	57	3	A	0.0	1.0	1	6	4	3.0	1.0	1/2	True	-1	9.0	69.0	9.0	9b	3	408	False	True				False	274	V6	Bb	I		V6	V		6			M	False	False	(5, 2, 1)	()	1	5	major	major	I	I, major	V		I	I	False	V6	V6, major		V6, major		V	-2	-2	-2	5	5	5	True	False	True
816.0	4.0	136.0	57	3	A	0.0	1.0	1	6	4	4.0	1.0	1/2	True	-1	9.0	69.0	9.0	9b	3	408	False	True				False	274	V6	Bb	I		V6	V		6			M	False	False	(5, 2, 1)	()	1	5	major	major	I	I, major	V		I	I	False	V6	V6, major		V6, major		V	-2	-2	-2	5	5	5	True	False	True
816.0	2.0	136.0	72	0	C	0.0	1.0	1	6	4	1.0	1.0	1/4	True	-1	9.0	69.0	9.0	9b	5	408	False	True				False	274	V6	Bb	I		V6	V		6			M	False	False	(5, 2, 1)	()	1	5	major	major	I	I, major	V		I	I	False	V6	V6, major		V6, major		V	-2	-2	-2	2	2	2	True	False	False
816.0	2.0	136.0	77	-1	F	0.0	1.0	1	6	4	2.0	1.0	1/4	True	-1	9.0	69.0	9.0	9b	5	408	False	True				False	274	V6	Bb	I		V6	V		6			M	False	False	(5, 2, 1)	()	1	5	major	major	I	I, major	V		I	I	False	V6	V6, major		V6, major		V	-2	-2	-2	1	1	1	True	True	False
818.0	6.0	136.333	77	-1	F	0.0	1.333	0	6	4	1.0	1.0	3/4	True	-1	9.0	69.0	9.0	9b	5	409	False	False				False	274	V6	Bb	I		V6	V		6			M	False	False	(5, 2, 1)	()	1	5	major	major	I	I, major	V		I	I	False	V6	V6, major		V6, major		V	-2	-2	-2	1	1	1	True	True	False
818.0	1.0	136.333	81	3	A	0.0	1.333	0	6	4	2.0	1.0	1/8	True	-1	9.0	69.0	9.0	9b	5	409	False	False				False	274	V6	Bb	I		V6	V		6			M	False	False	(5, 2, 1)	()	1	5	major	major	I	I, major	V		I	I	False	V6	V6, major		V6, major		V	-2	-2	-2	5	5	5	True	False	True
819.0	1.0	136.5	79	1	G	0.0	1.5	0	6	4	2.0	1.0	1/8	True	-1	9.0	69.0	9.0	9b	5	819/2	False	False				False	274	V6	Bb	I		V6	V		6			M	False	False	(5, 2, 1)	()	1	5	major	major	I	I, major	V		I	I	False	V6	V6, major		V6, major		V	-2	-2	-2	3	3	3	False	False	False
820.0	2.0	136.667	57	3	A	0.0	1.667	0	6	4	3.0	1.0	1/4	True	-1	9.0	69.0	9.0	9b	3	410	False	False				False	274	V6	Bb	I		V6	V		6			M	False	False	(5, 2, 1)	()	1	5	major	major	I	I, major	V		I	I	False	V6	V6, major		V6, major		V	-2	-2	-2	5	5	5	True	False	True
820.0	2.0	136.667	57	3	A	0.0	1.667	0	6	4	4.0	1.0	1/4	True	-1	9.0	69.0	9.0	9b	3	410	False	False				False	274	V6	Bb	I		V6	V		6			M	False	False	(5, 2, 1)	()	1	5	major	major	I	I, major	V		I	I	False	V6	V6, major		V6, major		V	-2	-2	-2	5	5	5	True	False	True
820.0	2.0	136.667	77	-1	F	0.0	1.667	0	6	4	2.0	1.0	1/4	True	-1	9.0	69.0	9.0	9b	5	410	False	False				False	274	V6	Bb	I		V6	V		6			M	False	False	(5, 2, 1)	()	1	5	major	major	I	I, major	V		I	I	False	V6	V6, major		V6, major		V	-2	-2	-2	1	1	1	True	True	False
822.0	2.0	137.0	55	1	G	0.0	2.0	2	6	4	3.0	1.0	1/4	True	-1	9.0	69.0	9.0	9b	3	411	False	True				False	275	vi7	Bb	I		vi7	vi		7			mm7	False	False	(3, 0, 4, 1)	()	3	3	major	major	I	I, major	vi		I	I	False	vi7	vi7, major		vi7, major		vi	-2	-2	-2	3	3	3	True	True	True
822.0	2.0	137.0	55	1	G	0.0	2.0	2	6	4	4.0	1.0	1/4	True	-1	9.0	69.0	9.0	9b	3	411	False	True				False	275	vi7	Bb	I		vi7	vi		7			mm7	False	False	(3, 0, 4, 1)	()	3	3	major	major	I	I, major	vi		I	I	False	vi7	vi7, major		vi7, major		vi	-2	-2	-2	3	3	3	True	True	True
822.0	6.0	137.0	82	-2	B	-1.0	2.0	2	6	4	2.0	1.0	3/4	True	-1	9.0	69.0	9.0	9b	5	411	False	True				False	275	vi7	Bb	I		vi7	vi		7			mm7	False	False	(3, 0, 4, 1)	()	3	3	major	major	I	I, major	vi		I	I	False	vi7	vi7, major		vi7, major		vi	-2	-2	-2	0	0	0	True	False	False
824.0	2.0	137.333	60	0	C	0.0	2.333	0	6	4	3.0	1.0	1/4	True	-1	9.0	69.0	9.0	9b	4	412	False	True				False	276	V7/V	Bb	I		V7/V	V		7		V	Mm7	False	False	(2, 6, 3, 0)	()	2	2	major	major	I	I, major	V/V	V	V/I	V	False	V7/V	V7/V, major		V7/V, major	V	V	-2	-2	-1	2	2	1	True	True	True
824.0	2.0	137.333	60	0	C	0.0	2.333	0	6	4	4.0	1.0	1/4	True	-1	9.0	69.0	9.0	9b	4	412	False	True				False	276	V7/V	Bb	I		V7/V	V		7		V	Mm7	False	False	(2, 6, 3, 0)	()	2	2	major	major	I	I, major	V/V	V	V/I	V	False	V7/V	V7/V, major		V7/V, major	V	V	-2	-2	-1	2	2	1	True	True	True
824.0	1.0	137.333	79	1	G	0.0	2.333	0	6	4	1.0	1.0	1/8	True	-1	9.0	69.0	9.0	9b	5	412	False	True				False	276	V7/V	Bb	I		V7/V	V		7		V	Mm7	False	False	(2, 6, 3, 0)	()	2	2	major	major	I	I, major	V/V	V	V/I	V	False	V7/V	V7/V, major		V7/V, major	V	V	-2	-2	-1	3	3	2	True	False	False
825.0	1.0	137.5	77	-1	F	0.0	2.5	0	6	4	1.0	1.0	1/8	True	-1	9.0	69.0	9.0	9b	5	825/2	False	False				False	276	V7/V	Bb	I		V7/V	V		7		V	Mm7	False	False	(2, 6, 3, 0)	()	2	2	major	major	I	I, major	V/V	V	V/I	V	False	V7/V	V7/V, major		V7/V, major	V	V	-2	-2	-1	1	1	0	False	False	False
826.0	2.0	137.667	48	0	C	0.0	2.667	0	6	4	3.0	1.0	1/4	True	-1	9.0	69.0	9.0	9b	3	413	False	False				False	276	V7/V	Bb	I		V7/V	V		7		V	Mm7	False	False	(2, 6, 3, 0)	()	2	2	major	major	I	I, major	V/V	V	V/I	V	False	V7/V	V7/V, major		V7/V, major	V	V	-2	-2	-1	2	2	1	True	True	True
826.0	2.0	137.667	48	0	C	0.0	2.667	0	6	4	4.0	1.0	1/4	True	-1	9.0	69.0	9.0	9b	3	413	False	False				False	276	V7/V	Bb	I		V7/V	V		7		V	Mm7	False	False	(2, 6, 3, 0)	()	2	2	major	major	I	I, major	V/V	V	V/I	V	False	V7/V	V7/V, major		V7/V, major	V	V	-2	-2	-1	2	2	1	True	True	True
826.0	2.0	137.667	76	4	E	0.0	2.667	0	6	4	1.0	1.0	1/4	True	-1	9.0	69.0	9.0	9b	5	413	False	False				False	276	V7/V	Bb	I		V7/V	V		7		V	Mm7	False	False	(2, 6, 3, 0)	()	2	2	major	major	I	I, major	V/V	V	V/I	V	False	V7/V	V7/V, major		V7/V, major	V	V	-2	-2	-1	6	6	5	True	False	False
828.0	4.0	138.0	53	-1	F	0.0	1.0	1	6	4	3.0	1.0	1/2	True	-1	10.0	70.0	10.0	10b	3	414	False	True				False	277	V	Bb	I		V	V					M	False	False	(1, 5, 2)	()	1	1	major	major	I	I, major	V		I	I	False	V	V, major		V, major		V	-2	-2	-2	1	1	1	True	True	True
828.0	4.0	138.0	53	-1	F	0.0	1.0	1	6	4	4.0	1.0	1/2	True	-1	10.0	70.0	10.0	10b	3	414	False	True				False	277	V	Bb	I		V	V					M	False	False	(1, 5, 2)	()	1	1	major	major	I	I, major	V		I	I	False	V	V, major		V, major		V	-2	-2	-2	1	1	1	True	True	True
828.0	6.0	138.0	77	-1	F	0.0	1.0	1	6	4	1.0	1.0	3/4	True	-1	10.0	70.0	10.0	10b	5	414	False	True				False	277	V	Bb	I		V	V					M	False	False	(1, 5, 2)	()	1	1	major	major	I	I, major	V		I	I	False	V	V, major		V, major		V	-2	-2	-2	1	1	1	True	True	True
828.0	2.0	138.0	81	3	A	0.0	1.0	1	6	4	2.0	1.0	1/4	True	-1	10.0	70.0	10.0	10b	5	414	False	True				False	277	V	Bb	I		V	V					M	False	False	(1, 5, 2)	()	1	1	major	major	I	I, major	V		I	I	False	V	V, major		V, major		V	-2	-2	-2	5	5	5	True	False	False
830.0	6.0	138.333	86	2	D	0.0	1.333	0	6	4	2.0	1.0	3/4	True	-1	10.0	70.0	10.0	10b	6	415	False	False				False	277	V	Bb	I		V	V					M	False	False	(1, 5, 2)	()	1	1	major	major	I	I, major	V		I	I	False	V	V, major		V, major		V	-2	-2	-2	4	4	4	False	False	False
832.0	2.0	138.667	50	2	D	0.0	1.667	0	6	4	3.0	1.0	1/4	True	-1	10.0	70.0	10.0	10b	3	416	False	True				False	278	iii	Bb	I		iii	iii					m	False	False	(4, 1, 5)	()	4	4	major	major	I	I, major	iii		I	I	False	iii	iii, major		iii, major		iii	-2	-2	-2	4	4	4	True	True	True
832.0	2.0	138.667	50	2	D	0.0	1.667	0	6	4	3.0	1.0	1/4	True	-1	10.0	70.0	10.0	10b	3	416	False	True				False	279	iii6	Bb	I		iii6	iii		6			m	False	False	(1, 5, 4)	()	4	1	major	major	I	I, major	iii		I	I	False	iii6	iii6, major		iii6, major		iii	-2	-2	-2	4	4	4	True	True	False
832.0	2.0	138.667	50	2	D	0.0	1.667	0	6	4	4.0	1.0	1/4	True	-1	10.0	70.0	10.0	10b	3	416	False	True				False	278	iii	Bb	I		iii	iii					m	False	False	(4, 1, 5)	()	4	4	major	major	I	I, major	iii		I	I	False	iii	iii, major		iii, major		iii	-2	-2	-2	4	4	4	True	True	True
832.0	2.0	138.667	50	2	D	0.0	1.667	0	6	4	4.0	1.0	1/4	True	-1	10.0	70.0	10.0	10b	3	416	False	True				False	279	iii6	Bb	I		iii6	iii		6			m	False	False	(1, 5, 4)	()	4	1	major	major	I	I, major	iii		I	I	False	iii6	iii6, major		iii6, major		iii	-2	-2	-2	4	4	4	True	True	False
834.0	4.0	139.0	51	-3	E	-1.0	2.0	2	6	4	3.0	1.0	1/2	True	-1	10.0	70.0	10.0	10b	3	417	False	True				False	280	ii6(2)	Bb	I		ii6(2)	ii		6	2		m	False	False	(-1, 3, 4)	()	2	-1	major	major	I	I, major	ii		I	I	False	ii6	ii6, major		ii6(2), major		ii	-2	-2	-2	-1	-1	-1	True	False	True
834.0	4.0	139.0	51	-3	E	-1.0	2.0	2	6	4	4.0	1.0	1/2	True	-1	10.0	70.0	10.0	10b	3	417	False	True				False	280	ii6(2)	Bb	I		ii6(2)	ii		6	2		m	False	False	(-1, 3, 4)	()	2	-1	major	major	I	I, major	ii		I	I	False	ii6	ii6, major		ii6(2), major		ii	-2	-2	-2	-1	-1	-1	True	False	True
834.0	2.0	139.0	79	1	G	0.0	2.0	2	6	4	1.0	1.0	1/4	True	-1	10.0	70.0	10.0	10b	5	417	False	True				False	280	ii6(2)	Bb	I		ii6(2)	ii		6	2		m	False	False	(-1, 3, 4)	()	2	-1	major	major	I	I, major	ii		I	I	False	ii6	ii6, major		ii6(2), major		ii	-2	-2	-2	3	3	3	True	False	False
836.0	1.0	139.333	75	-3	E	-1.0	2.333	0	6	4	1.0	1.0	1/8	True	-1	10.0	70.0	10.0	10b	5	418	False	True				False	281	ii6	Bb	I		ii6	ii		6			m	False	False	(-1, 3, 2)	()	2	-1	major	major	I	I, major	ii		I	I	False	ii6	ii6, major		ii6, major		ii	-2	-2	-2	-1	-1	-1	True	False	True
836.0	4.0	139.333	84	0	C	0.0	2.333	0	6	4	2.0	1.0	1/2	True	-1	10.0	70.0	10.0	10b	6	418	False	True				False	281	ii6	Bb	I		ii6	ii		6			m	False	False	(-1, 3, 2)	()	2	-1	major	major	I	I, major	ii		I	I	False	ii6	ii6, major		ii6, major		ii	-2	-2	-2	2	2	2	True	True	False
837.0	1.0	139.5	77	-1	F	0.0	2.5	0	6	4	1.0	1.0	1/8	True	-1	10.0	70.0	10.0	10b	5	837/2	False	False				False	281	ii6	Bb	I		ii6	ii		6			m	False	False	(-1, 3, 2)	()	2	-1	major	major	I	I, major	ii		I	I	False	ii6	ii6, major		ii6, major		ii	-2	-2	-2	1	1	1	False	False	False
838.0	2.0	139.667	48	0	C	0.0	2.667	0	6	4	3.0	1.0	1/4	True	-1	10.0	70.0	10.0	10b	3	419	False	True				False	282	ii	Bb	I		ii	ii					m	False	False	(2, -1, 3)	()	2	2	major	major	I	I, major	ii		I	I	False	ii	ii, major		ii, major		ii	-2	-2	-2	2	2	2	True	True	True
838.0	2.0	139.667	48	0	C	0.0	2.667	0	6	4	4.0	1.0	1/4	True	-1	10.0	70.0	10.0	10b	3	419	False	True				False	282	ii	Bb	I		ii	ii					m	False	False	(2, -1, 3)	()	2	2	major	major	I	I, major	ii		I	I	False	ii	ii, major		ii, major		ii	-2	-2	-2	2	2	2	True	True	True
838.0	2.0	139.667	79	1	G	0.0	2.667	0	6	4	1.0	1.0	1/4	True	-1	10.0	70.0	10.0	10b	5	419	False	True				False	282	ii	Bb	I		ii	ii					m	False	False	(2, -1, 3)	()	2	2	major	major	I	I, major	ii		I	I	False	ii	ii, major		ii, major		ii	-2	-2	-2	3	3	3	True	False	False
840.0	4.0	140.0	50	2	D	0.0	1.0	1	6	4	3.0	1.0	1/2	True	-1	11.0	71.0	11.0	11b	3	420	False	True				False	283	I6(2)	Bb	I		I6(2)	I		6	2		M	False	False	(4, 1, 2)	()	0	4	major	major	I	I, major	I		I	I	False	I6	I6, major		I6(2), major		I	-2	-2	-2	4	4	4	True	False	True
840.0	4.0	140.0	50	2	D	0.0	1.0	1	6	4	4.0	1.0	1/2	True	-1	11.0	71.0	11.0	11b	3	420	False	True				False	283	I6(2)	Bb	I		I6(2)	I		6	2		M	False	False	(4, 1, 2)	()	0	4	major	major	I	I, major	I		I	I	False	I6	I6, major		I6(2), major		I	-2	-2	-2	4	4	4	True	False	True
840.0	1.0	140.0	77	-1	F	0.0	1.0	1	6	4	1.0	1.0	1/8	True	-1	11.0	71.0	11.0	11b	5	420	False	True				False	283	I6(2)	Bb	I		I6(2)	I		6	2		M	False	False	(4, 1, 2)	()	0	4	major	major	I	I, major	I		I	I	False	I6	I6, major		I6(2), major		I	-2	-2	-2	1	1	1	True	False	False
840.0	2.0	140.0	84	0	C	0.0	1.0	1	6	4	2.0	1.0	1/4	False	-1	11.0	71.0	11.0	11b	6	420	False	True				False	283	I6(2)	Bb	I		I6(2)	I		6	2		M	False	False	(4, 1, 2)	()	0	4	major	major	I	I, major	I		I	I	False	I6	I6, major		I6(2), major		I	-2	-2	-2	2	2	2	True	False	False
841.0	1.0	140.167	75	-3	E	-1.0	1.167	0	6	4	1.0	1.0	1/8	True	-1	11.0	71.0	11.0	11b	5	841/2	False	False				False	283	I6(2)	Bb	I		I6(2)	I		6	2		M	False	False	(4, 1, 2)	()	0	4	major	major	I	I, major	I		I	I	False	I6	I6, major		I6(2), major		I	-2	-2	-2	-1	-1	-1	False	False	False
842.0	1.0	140.333	74	2	D	0.0	1.333	0	6	4	1.0	1.0	1/8	True	-1	11.0	71.0	11.0	11b	5	421	False	True				False	284	I6	Bb	I		I6	I		6			M	False	False	(4, 1, 0)	()	0	4	major	major	I	I, major	I		I	I	False	I6	I6, major		I6, major		I	-2	-2	-2	4	4	4	True	False	True
842.0	6.0	140.333	82	-2	B	-1.0	1.333	0	6	4	2.0	1.0	3/4	True	-1	11.0	71.0	11.0	11b	5	421	False	True				False	284	I6	Bb	I		I6	I		6			M	False	False	(4, 1, 0)	()	0	4	major	major	I	I, major	I		I	I	False	I6	I6, major		I6, major		I	-2	-2	-2	0	0	0	True	True	False
843.0	1.0	140.5	72	0	C	0.0	1.5	0	6	4	1.0	1.0	1/8	True	-1	11.0	71.0	11.0	11b	5	843/2	False	False				False	284	I6	Bb	I		I6	I		6			M	False	False	(4, 1, 0)	()	0	4	major	major	I	I, major	I		I	I	False	I6	I6, major		I6, major		I	-2	-2	-2	2	2	2	False	False	False
844.0	2.0	140.667	55	1	G	0.0	1.667	0	6	4	3.0	1.0	1/4	True	-1	11.0	71.0	11.0	11b	3	422	False	True				False	285	vi	Bb	I		vi	vi					m	False	False	(3, 0, 4)	()	3	3	major	major	I	I, major	vi		I	I	False	vi	vi, major		vi, major		vi	-2	-2	-2	3	3	3	True	True	True
844.0	2.0	140.667	55	1	G	0.0	1.667	0	6	4	4.0	1.0	1/4	True	-1	11.0	71.0	11.0	11b	3	422	False	True				False	285	vi	Bb	I		vi	vi					m	False	False	(3, 0, 4)	()	3	3	major	major	I	I, major	vi		I	I	False	vi	vi, major		vi, major		vi	-2	-2	-2	3	3	3	True	True	True
844.0	2.0	140.667	70	-2	B	-1.0	1.667	0	6	4	1.0	1.0	1/4	True	-1	11.0	71.0	11.0	11b	4	422	False	True				False	285	vi	Bb	I		vi	vi					m	False	False	(3, 0, 4)	()	3	3	major	major	I	I, major	vi		I	I	False	vi	vi, major		vi, major		vi	-2	-2	-2	0	0	0	True	False	False
846.0	4.0	141.0	48	0	C	0.0	2.0	2	6	4	3.0	1.0	1/2	True	-1	11.0	71.0	11.0	11b	3	423	False	True				False	286	ii7	Bb	I		ii7	ii		7			mm7	False	False	(2, -1, 3, 0)	()	2	2	major	major	I	I, major	ii		I	I	False	ii7	ii7, major		ii7, major		ii	-2	-2	-2	2	2	2	True	True	True
846.0	4.0	141.0	48	0	C	0.0	2.0	2	6	4	4.0	1.0	1/2	True	-1	11.0	71.0	11.0	11b	3	423	False	True				False	286	ii7	Bb	I		ii7	ii		7			mm7	False	False	(2, -1, 3, 0)	()	2	2	major	major	I	I, major	ii		I	I	False	ii7	ii7, major		ii7, major		ii	-2	-2	-2	2	2	2	True	True	True
846.0	1.0	141.0	75	-3	E	-1.0	2.0	2	6	4	1.0	1.0	1/8	True	-1	11.0	71.0	11.0	11b	5	423	False	True				False	286	ii7	Bb	I		ii7	ii		7			mm7	False	False	(2, -1, 3, 0)	()	2	2	major	major	I	I, major	ii		I	I	False	ii7	ii7, major		ii7, major		ii	-2	-2	-2	-1	-1	-1	True	False	False
847.0	1.0	141.167	74	2	D	0.0	2.167	0	6	4	1.0	1.0	1/8	True	-1	11.0	71.0	11.0	11b	5	847/2	False	False				False	286	ii7	Bb	I		ii7	ii		7			mm7	False	False	(2, -1, 3, 0)	()	2	2	major	major	I	I, major	ii		I	I	False	ii7	ii7, major		ii7, major		ii	-2	-2	-2	4	4	4	False	False	False
848.0	1.0	141.333	72	0	C	0.0	2.333	0	6	4	1.0	1.0	1/8	True	-1	11.0	71.0	11.0	11b	5	424	False	True				False	287	viio6	Bb	I		viio6	vii	o	6			o	False	False	(2, -1, 5)	()	5	2	major	major	I	I, major	vii		I	I	False	viio6	viio6, major		viio6, major		vii	-2	-2	-2	2	2	2	True	False	True
848.0	4.0	141.333	81	3	A	0.0	2.333	0	6	4	2.0	1.0	1/2	True	-1	11.0	71.0	11.0	11b	5	424	False	True				False	287	viio6	Bb	I		viio6	vii	o	6			o	False	False	(2, -1, 5)	()	5	2	major	major	I	I, major	vii		I	I	False	viio6	viio6, major		viio6, major		vii	-2	-2	-2	5	5	5	True	True	False
849.0	1.0	141.5	74	2	D	0.0	2.5	0	6	4	1.0	1.0	1/8	True	-1	11.0	71.0	11.0	11b	5	849/2	False	False				False	287	viio6	Bb	I		viio6	vii	o	6			o	False	False	(2, -1, 5)	()	5	2	major	major	I	I, major	vii		I	I	False	viio6	viio6, major		viio6, major		vii	-2	-2	-2	4	4	4	False	False	False
850.0	2.0	141.667	53	-1	F	0.0	2.667	0	6	4	3.0	1.0	1/4	True	-1	11.0	71.0	11.0	11b	3	425	False	True				False	288	V7	Bb	I		V7	V		7			Mm7	False	False	(1, 5, 2, -1)	()	1	1	major	major	I	I, major	V		I	I	False	V7	V7, major		V7, major		V	-2	-2	-2	1	1	1	True	True	True
850.0	2.0	141.667	53	-1	F	0.0	2.667	0	6	4	4.0	1.0	1/4	True	-1	11.0	71.0	11.0	11b	3	425	False	True				False	288	V7	Bb	I		V7	V		7			Mm7	False	False	(1, 5, 2, -1)	()	1	1	major	major	I	I, major	V		I	I	False	V7	V7, major		V7, major		V	-2	-2	-2	1	1	1	True	True	True
850.0	2.0	141.667	75	-3	E	-1.0	2.667	0	6	4	1.0	1.0	1/4	True	-1	11.0	71.0	11.0	11b	5	425	False	True				False	288	V7	Bb	I		V7	V		7			Mm7	False	False	(1, 5, 2, -1)	()	1	1	major	major	I	I, major	V		I	I	False	V7	V7, major		V7, major		V	-2	-2	-2	-1	-1	-1	True	False	False
852.0	4.0	142.0	46	-2	B	-1.0	1.0	1	6	4	3.0	1.0	1/2	True	-1	12.0	72.0	12.0	12b	2	426	False	True				False	289	iv.i6(2)	Bb	iv		i6(2)	i		6	2		m	False	True	(-3, 1, 2)	()	0	-3	major	minor	iv	iv, major	i		iv	iv	True	i6	i6, minor		i6(2), minor		i	-2	-3	-3	0	1	1	True	False	False
852.0	4.0	142.0	46	-2	B	-1.0	1.0	1	6	4	4.0	1.0	1/2	True	-1	12.0	72.0	12.0	12b	2	426	False	True				False	289	iv.i6(2)	Bb	iv		i6(2)	i		6	2		m	False	True	(-3, 1, 2)	()	0	-3	major	minor	iv	iv, major	i		iv	iv	True	i6	i6, minor		i6(2), minor		i	-2	-3	-3	0	1	1	True	False	False
852.0	4.0	142.0	74	2	D	0.0	1.0	1	6	4	1.0	1.0	1/2	True	-1	12.0	72.0	12.0	12b	5	426	False	True				False	289	iv.i6(2)	Bb	iv		i6(2)	i		6	2		m	False	True	(-3, 1, 2)	()	0	-3	major	minor	iv	iv, major	i		iv	iv	True	i6	i6, minor		i6(2), minor		i	-2	-3	-3	4	5	5	False	False	False
852.0	2.0	142.0	81	3	A	0.0	1.0	1	6	4	2.0	1.0	1/4	False	-1	12.0	72.0	12.0	12b	5	426	False	True				False	289	iv.i6(2)	Bb	iv		i6(2)	i		6	2		m	False	True	(-3, 1, 2)	()	0	-3	major	minor	iv	iv, major	i		iv	iv	True	i6	i6, minor		i6(2), minor		i	-2	-3	-3	5	6	6	False	False	False
854.0	6.0	142.333	79	1	G	0.0	1.333	0	6	4	2.0	1.0	3/4	True	-1	12.0	72.0	12.0	12b	5	427	False	True				False	290	i6	Bb	iv		i6	i		6			m	False	True	(-3, 1, 0)	()	0	-3	major	minor	iv	iv, major	i		iv	iv	True	i6	i6, minor		i6, minor		i	-2	-3	-3	3	4	4	False	False	False
856.0	2.0	142.667	51	-3	E	-1.0	1.667	0	6	4	3.0	1.0	1/4	True	-1	12.0	72.0	12.0	12b	3	428	False	True				False	291	VIM7	Bb	iv		VIM7	VI	M	7			MM7	False	True	(-4, 0, -3, 1)	()	-4	-4	major	minor	iv	iv, major	VI		iv	iv	True	VIM7	VIM7, minor		VIM7, minor		VI	-2	-3	-3	-1	0	0	True	False	False
856.0	2.0	142.667	51	-3	E	-1.0	1.667	0	6	4	4.0	1.0	1/4	True	-1	12.0	72.0	12.0	12b	3	428	False	True				False	291	VIM7	Bb	iv		VIM7	VI	M	7			MM7	False	True	(-4, 0, -3, 1)	()	-4	-4	major	minor	iv	iv, major	VI		iv	iv	True	VIM7	VIM7, minor		VIM7, minor		VI	-2	-3	-3	-1	0	0	True	False	False
856.0	2.0	142.667	86	2	D	0.0	1.667	0	6	4	1.0	1.0	1/4	True	-1	12.0	72.0	12.0	12b	6	428	False	True				False	291	VIM7	Bb	iv		VIM7	VI	M	7			MM7	False	True	(-4, 0, -3, 1)	()	-4	-4	major	minor	iv	iv, major	VI		iv	iv	True	VIM7	VIM7, minor		VIM7, minor		VI	-2	-3	-3	4	5	5	False	False	False
858.0	4.0	143.0	45	3	A	0.0	2.0	2	6	4	3.0	1.0	1/2	True	-1	12.0	72.0	12.0	12b	2	429	False	True				False	292	iio7	Bb	iv		iio7	ii	o	7			o7	False	True	(2, -1, -4, -7)	()	2	2	major	minor	iv	iv, major	ii		iv	iv	True	iio7	iio7, minor		iio7, minor		ii	-2	-3	-3	5	6	6	False	False	False
858.0	4.0	143.0	45	3	A	0.0	2.0	2	6	4	4.0	1.0	1/2	True	-1	12.0	72.0	12.0	12b	2	429	False	True				False	292	iio7	Bb	iv		iio7	ii	o	7			o7	False	True	(2, -1, -4, -7)	()	2	2	major	minor	iv	iv, major	ii		iv	iv	True	iio7	iio7, minor		iio7, minor		ii	-2	-3	-3	5	6	6	False	False	False
858.0	1.0	143.0	84	0	C	0.0	2.0	2	6	4	1.0	1.0	1/8	True	-1	12.0	72.0	12.0	12b	6	429	False	True				False	292	iio7	Bb	iv		iio7	ii	o	7			o7	False	True	(2, -1, -4, -7)	()	2	2	major	minor	iv	iv, major	ii		iv	iv	True	iio7	iio7, minor		iio7, minor		ii	-2	-3	-3	2	3	3	False	False	False
859.0	1.0	143.167	82	-2	B	-1.0	2.167	0	6	4	1.0	1.0	1/8	True	-1	12.0	72.0	12.0	12b	5	859/2	False	False				False	292	iio7	Bb	iv		iio7	ii	o	7			o7	False	True	(2, -1, -4, -7)	()	2	2	major	minor	iv	iv, major	ii		iv	iv	True	iio7	iio7, minor		iio7, minor		ii	-2	-3	-3	0	1	1	False	False	False
860.0	4.0	143.333	78	6	F	1.0	2.333	0	6	4	2.0	1.0	1/2	True	-1	12.0	72.0	12.0	12b	5	430	False	True				False	293	#viio6	Bb	iv		#viio6	#vii	o	6			o	False	True	(2, -1, 5)	()	5	2	major	minor	iv	iv, major	#vii		iv	iv	True	#viio6	#viio6, minor		#viio6, minor		#vii	-2	-3	-3	8	9	9	False	False	False
860.0	1.0	143.333	81	3	A	0.0	2.333	0	6	4	1.0	1.0	1/8	True	-1	12.0	72.0	12.0	12b	5	430	False	True				False	293	#viio6	Bb	iv		#viio6	#vii	o	6			o	False	True	(2, -1, 5)	()	5	2	major	minor	iv	iv, major	#vii		iv	iv	True	#viio6	#viio6, minor		#viio6, minor		#vii	-2	-3	-3	5	6	6	False	False	False
861.0	1.0	143.5	82	-2	B	-1.0	2.5	0	6	4	1.0	1.0	1/8	True	-1	12.0	72.0	12.0	12b	5	861/2	False	False				False	293	#viio6	Bb	iv		#viio6	#vii	o	6			o	False	True	(2, -1, 5)	()	5	2	major	minor	iv	iv, major	#vii		iv	iv	True	#viio6	#viio6, minor		#viio6, minor		#vii	-2	-3	-3	0	1	1	False	False	False
862.0	2.0	143.667	50	2	D	0.0	2.667	0	6	4	3.0	1.0	1/4	True	-1	12.0	72.0	12.0	12b	3	431	False	True				False	294	V7	Bb	iv		V7	V		7			Mm7	False	True	(1, 5, 2, -1)	()	1	1	major	minor	iv	iv, major	V		iv	iv	True	V7	V7, minor		V7, minor		V	-2	-3	-3	4	5	5	True	False	False
862.0	2.0	143.667	50	2	D	0.0	2.667	0	6	4	4.0	1.0	1/4	True	-1	12.0	72.0	12.0	12b	3	431	False	True				False	294	V7	Bb	iv		V7	V		7			Mm7	False	True	(1, 5, 2, -1)	()	1	1	major	minor	iv	iv, major	V		iv	iv	True	V7	V7, minor		V7, minor		V	-2	-3	-3	4	5	5	True	False	False
862.0	2.0	143.667	84	0	C	0.0	2.667	0	6	4	1.0	1.0	1/4	True	-1	12.0	72.0	12.0	12b	6	431	False	True				False	294	V7	Bb	iv		V7	V		7			Mm7	False	True	(1, 5, 2, -1)	()	1	1	major	minor	iv	iv, major	V		iv	iv	True	V7	V7, minor		V7, minor		V	-2	-3	-3	2	3	3	False	False	False
864.0	2.0	144.0	43	1	G	0.0	1.0	1	6	4	3.0	1.0	1/4	True	-1	13.0	73.0	13.0	13b	2	432	False	True	IAC	IAC	}{	True	295	i|IAC}{	Bb	iv		i	i					m	False	True	(0, -3, 1)	()	0	0	major	minor	iv	iv, major	i		iv	iv	True	i	i, minor		i, minor		i	-2	-3	-3	3	4	4	False	False	False
864.0	2.0	144.0	43	1	G	0.0	1.0	1	6	4	4.0	1.0	1/4	True	-1	13.0	73.0	13.0	13b	2	432	False	True	IAC	IAC	}{	True	295	i|IAC}{	Bb	iv		i	i					m	False	True	(0, -3, 1)	()	0	0	major	minor	iv	iv, major	i		iv	iv	True	i	i, minor		i, minor		i	-2	-3	-3	3	4	4	False	False	False
864.0	2.0	144.0	79	1	G	0.0	1.0	1	6	4	2.0	1.0	1/4	True	-1	13.0	73.0	13.0	13b	5	432	False	True	IAC	IAC	}{	True	295	i|IAC}{	Bb	iv		i	i					m	False	True	(0, -3, 1)	()	0	0	major	minor	iv	iv, major	i		iv	iv	True	i	i, minor		i, minor		i	-2	-3	-3	3	4	4	False	False	False
864.0	4.0	144.0	82	-2	B	-1.0	1.0	1	6	4	1.0	1.0	1/2	True	-1	13.0	73.0	13.0	13b	5	432	False	True	IAC	IAC	}{	True	295	i|IAC}{	Bb	iv		i	i					m	False	True	(0, -3, 1)	()	0	0	major	minor	iv	iv, major	i		iv	iv	True	i	i, minor		i, minor		i	-2	-3	-3	0	1	1	True	False	False
866.0	2.0	144.333	55	1	G	0.0	1.333	0	6	4	3.0	1.0	1/4	True	-1	13.0	73.0	13.0	13b	3	433	False	True				False	296	VI6	Bb	iv		VI6	VI		6			M	False	True	(0, -3, -4)	()	-4	0	major	minor	iv	iv, major	VI		iv	iv	True	VI6	VI6, minor		VI6, minor		VI	-2	-3	-3	3	4	4	False	False	False
866.0	2.0	144.333	55	1	G	0.0	1.333	0	6	4	4.0	1.0	1/4	True	-1	13.0	73.0	13.0	13b	3	433	False	True				False	296	VI6	Bb	iv		VI6	VI		6			M	False	True	(0, -3, -4)	()	-4	0	major	minor	iv	iv, major	VI		iv	iv	True	VI6	VI6, minor		VI6, minor		VI	-2	-3	-3	3	4	4	False	False	False
866.0	6.0	144.333	75	-3	E	-1.0	1.333	0	6	4	2.0	1.0	3/4	True	-1	13.0	73.0	13.0	13b	5	433	False	True				False	296	VI6	Bb	iv		VI6	VI		6			M	False	True	(0, -3, -4)	()	-4	0	major	minor	iv	iv, major	VI		iv	iv	True	VI6	VI6, minor		VI6, minor		VI	-2	-3	-3	-1	0	0	True	False	True
868.0	2.0	144.667	51	-3	E	-1.0	1.667	0	6	4	3.0	1.0	1/4	True	-1	13.0	73.0	13.0	13b	3	434	False	True				False	297	VI	Bb	iv		VI	VI					M	False	True	(-4, 0, -3)	()	-4	-4	major	minor	iv	iv, major	VI		iv	iv	True	VI	VI, minor		VI, minor		VI	-2	-3	-3	-1	0	0	True	False	False
868.0	2.0	144.667	51	-3	E	-1.0	1.667	0	6	4	4.0	1.0	1/4	True	-1	13.0	73.0	13.0	13b	3	434	False	True				False	297	VI	Bb	iv		VI	VI					M	False	True	(-4, 0, -3)	()	-4	-4	major	minor	iv	iv, major	VI		iv	iv	True	VI	VI, minor		VI, minor		VI	-2	-3	-3	-1	0	0	True	False	False
868.0	2.0	144.667	82	-2	B	-1.0	1.667	0	6	4	1.0	1.0	1/4	True	-1	13.0	73.0	13.0	13b	5	434	False	True				False	297	VI	Bb	iv		VI	VI					M	False	True	(-4, 0, -3)	()	-4	-4	major	minor	iv	iv, major	VI		iv	iv	True	VI	VI, minor		VI, minor		VI	-2	-3	-3	0	1	1	False	False	False
870.0	2.0	145.0	53	-1	F	0.0	2.0	2	6	4	3.0	1.0	1/4	True	-1	13.0	73.0	13.0	13b	3	435	False	True				False	298	v6(2)	Bb	iv		v6(2)	v		6	2		m	False	True	(-2, 2, -4)	()	1	-2	major	minor	iv	iv, major	v		iv	iv	True	v6	v6, minor		v6(2), minor		v	-2	-3	-3	1	2	2	True	False	False
870.0	2.0	145.0	53	-1	F	0.0	2.0	2	6	4	4.0	1.0	1/4	True	-1	13.0	73.0	13.0	13b	3	435	False	True				False	298	v6(2)	Bb	iv		v6(2)	v		6	2		m	False	True	(-2, 2, -4)	()	1	-2	major	minor	iv	iv, major	v		iv	iv	True	v6	v6, minor		v6(2), minor		v	-2	-3	-3	1	2	2	True	False	False
870.0	1.0	145.0	81	3	A	0.0	2.0	2	6	4	1.0	1.0	1/8	True	-1	13.0	73.0	13.0	13b	5	435	False	True				False	298	v6(2)	Bb	iv		v6(2)	v		6	2		m	False	True	(-2, 2, -4)	()	1	-2	major	minor	iv	iv, major	v		iv	iv	True	v6	v6, minor		v6(2), minor		v	-2	-3	-3	5	6	6	False	False	False
871.0	1.0	145.167	79	1	G	0.0	2.167	0	6	4	1.0	1.0	1/8	True	-1	13.0	73.0	13.0	13b	5	871/2	False	False				False	298	v6(2)	Bb	iv		v6(2)	v		6	2		m	False	True	(-2, 2, -4)	()	1	-2	major	minor	iv	iv, major	v		iv	iv	True	v6	v6, minor		v6(2), minor		v	-2	-3	-3	3	4	4	False	False	False
872.0	2.0	145.333	53	-1	F	0.0	2.333	0	6	4	3.0	1.0	1/4	True	-1	13.0	73.0	13.0	13b	3	436	False	True				False	299	v6	Bb	iv		v6	v		6			m	False	True	(-2, 2, 1)	()	1	-2	major	minor	iv	iv, major	v		iv	iv	True	v6	v6, minor		v6, minor		v	-2	-3	-3	1	2	2	True	False	False
872.0	2.0	145.333	53	-1	F	0.0	2.333	0	6	4	4.0	1.0	1/4	True	-1	13.0	73.0	13.0	13b	3	436	False	True				False	299	v6	Bb	iv		v6	v		6			m	False	True	(-2, 2, 1)	()	1	-2	major	minor	iv	iv, major	v		iv	iv	True	v6	v6, minor		v6, minor		v	-2	-3	-3	1	2	2	True	False	False
872.0	4.0	145.333	74	2	D	0.0	2.333	0	6	4	2.0	1.0	1/2	True	-1	13.0	73.0	13.0	13b	5	436	False	True				False	299	v6	Bb	iv		v6	v		6			m	False	True	(-2, 2, 1)	()	1	-2	major	minor	iv	iv, major	v		iv	iv	True	v6	v6, minor		v6, minor		v	-2	-3	-3	4	5	5	False	False	False
872.0	1.0	145.333	81	3	A	0.0	2.333	0	6	4	1.0	1.0	1/8	True	-1	13.0	73.0	13.0	13b	5	436	False	True				False	299	v6	Bb	iv		v6	v		6			m	False	True	(-2, 2, 1)	()	1	-2	major	minor	iv	iv, major	v		iv	iv	True	v6	v6, minor		v6, minor		v	-2	-3	-3	5	6	6	False	False	False
873.0	1.0	145.5	82	-2	B	-1.0	2.5	0	6	4	1.0	1.0	1/8	True	-1	13.0	73.0	13.0	13b	5	873/2	False	False				False	299	v6	Bb	iv		v6	v		6			m	False	True	(-2, 2, 1)	()	1	-2	major	minor	iv	iv, major	v		iv	iv	True	v6	v6, minor		v6, minor		v	-2	-3	-3	0	1	1	True	True	False
874.0	2.0	145.667	50	2	D	0.0	2.667	0	6	4	3.0	1.0	1/4	True	-1	13.0	73.0	13.0	13b	3	437	False	True				False	300	v	Bb	iv		v	v					m	False	True	(1, -2, 2)	()	1	1	major	minor	iv	iv, major	v		iv	iv	True	v	v, minor		v, minor		v	-2	-3	-3	4	5	5	False	False	False
874.0	2.0	145.667	50	2	D	0.0	2.667	0	6	4	4.0	1.0	1/4	True	-1	13.0	73.0	13.0	13b	3	437	False	True				False	300	v	Bb	iv		v	v					m	False	True	(1, -2, 2)	()	1	1	major	minor	iv	iv, major	v		iv	iv	True	v	v, minor		v, minor		v	-2	-3	-3	4	5	5	False	False	False
874.0	1.0	145.667	81	3	A	0.0	2.667	0	6	4	1.0	1.0	1/8	True	-1	13.0	73.0	13.0	13b	5	437	False	True				False	300	v	Bb	iv		v	v					m	False	True	(1, -2, 2)	()	1	1	major	minor	iv	iv, major	v		iv	iv	True	v	v, minor		v, minor		v	-2	-3	-3	5	6	6	False	False	False
875.0	1.0	145.833	82	-2	B	-1.0	2.833	0	6	4	1.0	1.0	1/8	True	-1	13.0	73.0	13.0	13b	5	875/2	False	False				False	300	v	Bb	iv		v	v					m	False	True	(1, -2, 2)	()	1	1	major	minor	iv	iv, major	v		iv	iv	True	v	v, minor		v, minor		v	-2	-3	-3	0	1	1	True	True	True
876.0	2.0	146.0	51	-3	E	-1.0	1.0	1	6	4	3.0	1.0	1/4	True	-1	14.0	74.0	14.0	14b	3	438	False	True				False	301	iv6(2)	Bb	iv		iv6(2)	iv		6	2		m	False	True	(-4, 0, 1)	()	-1	-4	major	minor	iv	iv, major	iv		iv	iv	True	iv6	iv6, minor		iv6(2), minor		iv	-2	-3	-3	-1	0	0	True	False	False
876.0	2.0	146.0	51	-3	E	-1.0	1.0	1	6	4	4.0	1.0	1/4	True	-1	14.0	74.0	14.0	14b	3	438	False	True				False	301	iv6(2)	Bb	iv		iv6(2)	iv		6	2		m	False	True	(-4, 0, 1)	()	-1	-4	major	minor	iv	iv, major	iv		iv	iv	True	iv6	iv6, minor		iv6(2), minor		iv	-2	-3	-3	-1	0	0	True	False	False
876.0	2.0	146.0	74	2	D	0.0	1.0	1	6	4	2.0	1.0	1/4	False	-1	14.0	74.0	14.0	14b	5	438	False	True				False	301	iv6(2)	Bb	iv		iv6(2)	iv		6	2		m	False	True	(-4, 0, 1)	()	-1	-4	major	minor	iv	iv, major	iv		iv	iv	True	iv6	iv6, minor		iv6(2), minor		iv	-2	-3	-3	4	5	5	False	False	False
876.0	1.0	146.0	79	1	G	0.0	1.0	1	6	4	1.0	1.0	1/8	True	-1	14.0	74.0	14.0	14b	5	438	False	True				False	301	iv6(2)	Bb	iv		iv6(2)	iv		6	2		m	False	True	(-4, 0, 1)	()	-1	-4	major	minor	iv	iv, major	iv		iv	iv	True	iv6	iv6, minor		iv6(2), minor		iv	-2	-3	-3	3	4	4	False	False	False
877.0	1.0	146.167	78	6	F	1.0	1.167	0	6	4	1.0	1.0	1/8	True	-1	14.0	74.0	14.0	14b	5	877/2	False	False				False	301	iv6(2)	Bb	iv		iv6(2)	iv		6	2		m	False	True	(-4, 0, 1)	()	-1	-4	major	minor	iv	iv, major	iv		iv	iv	True	iv6	iv6, minor		iv6(2), minor		iv	-2	-3	-3	8	9	9	False	False	False
878.0	2.0	146.333	51	-3	E	-1.0	1.333	0	6	4	3.0	1.0	1/4	True	-1	14.0	74.0	14.0	14b	3	439	False	True				False	302	iv6	Bb	iv		iv6	iv		6			m	False	True	(-4, 0, -1)	()	-1	-4	major	minor	iv	iv, major	iv		iv	iv	True	iv6	iv6, minor		iv6, minor		iv	-2	-3	-3	-1	0	0	True	False	False
878.0	2.0	146.333	51	-3	E	-1.0	1.333	0	6	4	4.0	1.0	1/4	True	-1	14.0	74.0	14.0	14b	3	439	False	True				False	302	iv6	Bb	iv		iv6	iv		6			m	False	True	(-4, 0, -1)	()	-1	-4	major	minor	iv	iv, major	iv		iv	iv	True	iv6	iv6, minor		iv6, minor		iv	-2	-3	-3	-1	0	0	True	False	False
878.0	2.0	146.333	67	1	G	0.0	1.333	0	6	4	2.0	1.0	1/4	True	-1	14.0	74.0	14.0	14b	4	439	False	True				False	302	iv6	Bb	iv		iv6	iv		6			m	False	True	(-4, 0, -1)	()	-1	-4	major	minor	iv	iv, major	iv		iv	iv	True	iv6	iv6, minor		iv6, minor		iv	-2	-3	-3	3	4	4	False	False	False
878.0	1.0	146.333	79	1	G	0.0	1.333	0	6	4	1.0	1.0	1/8	True	-1	14.0	74.0	14.0	14b	5	439	False	True				False	302	iv6	Bb	iv		iv6	iv		6			m	False	True	(-4, 0, -1)	()	-1	-4	major	minor	iv	iv, major	iv		iv	iv	True	iv6	iv6, minor		iv6, minor		iv	-2	-3	-3	3	4	4	False	False	False
879.0	1.0	146.5	81	3	A	0.0	1.5	0	6	4	1.0	1.0	1/8	True	-1	14.0	74.0	14.0	14b	5	879/2	False	False				False	302	iv6	Bb	iv		iv6	iv		6			m	False	True	(-4, 0, -1)	()	-1	-4	major	minor	iv	iv, major	iv		iv	iv	True	iv6	iv6, minor		iv6, minor		iv	-2	-3	-3	5	6	6	False	False	False
880.0	2.0	146.667	48	0	C	0.0	1.667	0	6	4	3.0	1.0	1/4	True	-1	14.0	74.0	14.0	14b	3	440	False	True				False	303	iv	Bb	iv		iv	iv					m	False	True	(-1, -4, 0)	()	-1	-1	major	minor	iv	iv, major	iv		iv	iv	True	iv	iv, minor		iv, minor		iv	-2	-3	-3	2	3	3	False	False	False
880.0	2.0	146.667	48	0	C	0.0	1.667	0	6	4	4.0	1.0	1/4	True	-1	14.0	74.0	14.0	14b	3	440	False	True				False	303	iv	Bb	iv		iv	iv					m	False	True	(-1, -4, 0)	()	-1	-1	major	minor	iv	iv, major	iv		iv	iv	True	iv	iv, minor		iv, minor		iv	-2	-3	-3	2	3	3	False	False	False
880.0	2.0	146.667	72	0	C	0.0	1.667	0	6	4	2.0	1.0	1/4	True	-1	14.0	74.0	14.0	14b	5	440	False	True				False	303	iv	Bb	iv		iv	iv					m	False	True	(-1, -4, 0)	()	-1	-1	major	minor	iv	iv, major	iv		iv	iv	True	iv	iv, minor		iv, minor		iv	-2	-3	-3	2	3	3	False	False	False
880.0	1.0	146.667	79	1	G	0.0	1.667	0	6	4	1.0	1.0	1/8	True	-1	14.0	74.0	14.0	14b	5	440	False	True				False	303	iv	Bb	iv		iv	iv					m	False	True	(-1, -4, 0)	()	-1	-1	major	minor	iv	iv, major	iv		iv	iv	True	iv	iv, minor		iv, minor		iv	-2	-3	-3	3	4	4	False	False	False
881.0	1.0	146.833	81	3	A	0.0	1.833	0	6	4	1.0	1.0	1/8	True	-1	14.0	74.0	14.0	14b	5	881/2	False	False				False	303	iv	Bb	iv		iv	iv					m	False	True	(-1, -4, 0)	()	-1	-1	major	minor	iv	iv, major	iv		iv	iv	True	iv	iv, minor		iv, minor		iv	-2	-3	-3	5	6	6	False	False	False
882.0	4.0	147.0	50	2	D	0.0	2.0	2	6	4	3.0	1.0	1/2	True	-1	14.0	74.0	14.0	14b	3	441	False	True				False	304	V7	Bb	iv		V7	V		7			Mm7	False	True	(1, 5, 2, -1)	()	1	1	major	minor	iv	iv, major	V		iv	iv	True	V7	V7, minor		V7, minor		V	-2	-3	-3	4	5	5	True	False	False
882.0	4.0	147.0	50	2	D	0.0	2.0	2	6	4	4.0	1.0	1/2	True	-1	14.0	74.0	14.0	14b	3	441	False	True				False	304	V7	Bb	iv		V7	V		7			Mm7	False	True	(1, 5, 2, -1)	()	1	1	major	minor	iv	iv, major	V		iv	iv	True	V7	V7, minor		V7, minor		V	-2	-3	-3	4	5	5	True	False	False
882.0	4.0	147.0	72	0	C	0.0	2.0	2	6	4	2.0	1.0	1/2	True	-1	14.0	74.0	14.0	14b	5	441	False	True				False	304	V7	Bb	iv		V7	V		7			Mm7	False	True	(1, 5, 2, -1)	()	1	1	major	minor	iv	iv, major	V		iv	iv	True	V7	V7, minor		V7, minor		V	-2	-3	-3	2	3	3	False	False	False
882.0	4.0	147.0	78	6	F	1.0	2.0	2	6	4	1.0	1.0	1/2	True	-1	14.0	74.0	14.0	14b	5	441	False	True				False	304	V7	Bb	iv		V7	V		7			Mm7	False	True	(1, 5, 2, -1)	()	1	1	major	minor	iv	iv, major	V		iv	iv	True	V7	V7, minor		V7, minor		V	-2	-3	-3	8	9	9	False	False	False
886.0	2.0	147.667	48	0	C	0.0	2.667	0	6	4	3.0	1.0	1/4	True	-1	14.0	74.0	14.0	14b	3	443	False	True				False	305	iv7	Bb	iv		iv7	iv		7			mm7	False	True	(-1, -4, 0, -3)	()	-1	-1	major	minor	iv	iv, major	iv		iv	iv	True	iv7	iv7, minor		iv7, minor		iv	-2	-3	-3	2	3	3	False	False	False
886.0	2.0	147.667	48	0	C	0.0	2.667	0	6	4	4.0	1.0	1/4	True	-1	14.0	74.0	14.0	14b	3	443	False	True				False	305	iv7	Bb	iv		iv7	iv		7			mm7	False	True	(-1, -4, 0, -3)	()	-1	-1	major	minor	iv	iv, major	iv		iv	iv	True	iv7	iv7, minor		iv7, minor		iv	-2	-3	-3	2	3	3	False	False	False
886.0	2.0	147.667	70	-2	B	-1.0	2.667	0	6	4	2.0	1.0	1/4	True	-1	14.0	74.0	14.0	14b	4	443	False	True				False	305	iv7	Bb	iv		iv7	iv		7			mm7	False	True	(-1, -4, 0, -3)	()	-1	-1	major	minor	iv	iv, major	iv		iv	iv	True	iv7	iv7, minor		iv7, minor		iv	-2	-3	-3	0	1	1	False	False	False
886.0	2.0	147.667	79	1	G	0.0	2.667	0	6	4	1.0	1.0	1/4	True	-1	14.0	74.0	14.0	14b	5	443	False	True				False	305	iv7	Bb	iv		iv7	iv		7			mm7	False	True	(-1, -4, 0, -3)	()	-1	-1	major	minor	iv	iv, major	iv		iv	iv	True	iv7	iv7, minor		iv7, minor		iv	-2	-3	-3	3	4	4	False	False	False
888.0	2.0	148.0	48	0	C	0.0	1.0	1	6	4	3.0	1.0	1/4	False	-1	15.0	75.0	15.0	15b	3	444	False	False				False	305	iv7	Bb	iv		iv7	iv		7			mm7	False	True	(-1, -4, 0, -3)	()	-1	-1	major	minor	iv	iv, major	iv		iv	iv	True	iv7	iv7, minor		iv7, minor		iv	-2	-3	-3	2	3	3	False	False	False
888.0	2.0	148.0	48	0	C	0.0	1.0	1	6	4	4.0	1.0	1/4	False	-1	15.0	75.0	15.0	15b	3	444	False	False				False	305	iv7	Bb	iv		iv7	iv		7			mm7	False	True	(-1, -4, 0, -3)	()	-1	-1	major	minor	iv	iv, major	iv		iv	iv	True	iv7	iv7, minor		iv7, minor		iv	-2	-3	-3	2	3	3	False	False	False
888.0	2.0	148.0	70	-2	B	-1.0	1.0	1	6	4	2.0	1.0	1/4	False	-1	15.0	75.0	15.0	15b	4	444	False	False				False	305	iv7	Bb	iv		iv7	iv		7			mm7	False	True	(-1, -4, 0, -3)	()	-1	-1	major	minor	iv	iv, major	iv		iv	iv	True	iv7	iv7, minor		iv7, minor		iv	-2	-3	-3	0	1	1	False	False	False
888.0	2.0	148.0	79	1	G	0.0	1.0	1	6	4	1.0	1.0	1/4	False	-1	15.0	75.0	15.0	15b	5	444	False	False				False	305	iv7	Bb	iv		iv7	iv		7			mm7	False	True	(-1, -4, 0, -3)	()	-1	-1	major	minor	iv	iv, major	iv		iv	iv	True	iv7	iv7, minor		iv7, minor		iv	-2	-3	-3	3	4	4	False	False	False
890.0	4.0	148.333	50	2	D	0.0	1.333	0	6	4	3.0	1.0	1/2	True	-1	15.0	75.0	15.0	15b	3	445	False	True				False	306	V(4)	Bb	iv		V(4)	V			4		M	False	True	(1, 0, 2)	()	1	1	major	minor	iv	iv, major	V		iv	iv	True	V	V, minor		V(4), minor		V	-2	-3	-3	4	5	5	False	False	False
890.0	4.0	148.333	50	2	D	0.0	1.333	0	6	4	4.0	1.0	1/2	True	-1	15.0	75.0	15.0	15b	3	445	False	True				False	306	V(4)	Bb	iv		V(4)	V			4		M	False	True	(1, 0, 2)	()	1	1	major	minor	iv	iv, major	V		iv	iv	True	V	V, minor		V(4), minor		V	-2	-3	-3	4	5	5	False	False	False
890.0	4.0	148.333	69	3	A	0.0	1.333	0	6	4	2.0	1.0	1/2	True	-1	15.0	75.0	15.0	15b	4	445	False	True				False	306	V(4)	Bb	iv		V(4)	V			4		M	False	True	(1, 0, 2)	()	1	1	major	minor	iv	iv, major	V		iv	iv	True	V	V, minor		V(4), minor		V	-2	-3	-3	5	6	6	False	False	False
890.0	3.0	148.333	79	1	G	0.0	1.333	0	6	4	1.0	1.0	3/8	True	-1	15.0	75.0	15.0	15b	5	445	False	True				False	306	V(4)	Bb	iv		V(4)	V			4		M	False	True	(1, 0, 2)	()	1	1	major	minor	iv	iv, major	V		iv	iv	True	V	V, minor		V(4), minor		V	-2	-3	-3	3	4	4	False	False	False
893.0	1.0	148.833	78	6	F	1.0	1.833	0	6	4	1.0	1.0	1/8	True	-1	15.0	75.0	15.0	15b	5	893/2	False	True				False	307	V	Bb	iv		V	V					M	False	True	(1, 5, 2)	()	1	1	major	minor	iv	iv, major	V		iv	iv	True	V	V, minor		V, minor		V	-2	-3	-3	8	9	9	False	False	False
894.0	6.0	149.0	55	1	G	0.0	2.0	2	6	4	3.0	1.0	3/4	True	-1	15.0	75.0	15.0	15b	3	447	False	True	PAC	PAC	}{	True	308	i|PAC}{	Bb	iv		i	i					m	False	True	(0, -3, 1)	()	0	0	major	minor	iv	iv, major	i		iv	iv	True	i	i, minor		i, minor		i	-2	-3	-3	3	4	4	False	False	False
894.0	6.0	149.0	55	1	G	0.0	2.0	2	6	4	4.0	1.0	3/4	True	-1	15.0	75.0	15.0	15b	3	447	False	True	PAC	PAC	}{	True	308	i|PAC}{	Bb	iv		i	i					m	False	True	(0, -3, 1)	()	0	0	major	minor	iv	iv, major	i		iv	iv	True	i	i, minor		i, minor		i	-2	-3	-3	3	4	4	False	False	False
894.0	2.0	149.0	67	1	G	0.0	2.0	2	6	4	2.0	1.0	1/4	True	-1	15.0	75.0	15.0	15b	4	447	False	True	PAC	PAC	}{	True	308	i|PAC}{	Bb	iv		i	i					m	False	True	(0, -3, 1)	()	0	0	major	minor	iv	iv, major	i		iv	iv	True	i	i, minor		i, minor		i	-2	-3	-3	3	4	4	False	False	False
894.0	6.0	149.0	79	1	G	0.0	2.0	2	6	4	1.0	1.0	3/4	True	-1	15.0	75.0	15.0	15b	5	447	False	True	PAC	PAC	}{	True	308	i|PAC}{	Bb	iv		i	i					m	False	True	(0, -3, 1)	()	0	0	major	minor	iv	iv, major	i		iv	iv	True	i	i, minor		i, minor		i	-2	-3	-3	3	4	4	False	False	False
896.0	1.0	149.333	70	-2	B	-1.0	2.333	0	6	4	2.0	1.0	1/8	True	-1	15.0	75.0	15.0	15b	4	448	False	False				False	308	i|PAC}{	Bb	iv		i	i					m	False	True	(0, -3, 1)	()	0	0	major	minor	iv	iv, major	i		iv	iv	True	i	i, minor		i, minor		i	-2	-3	-3	0	1	1	True	False	False
897.0	1.0	149.5	69	3	A	0.0	2.5	0	6	4	2.0	1.0	1/8	True	-1	15.0	75.0	15.0	15b	4	897/2	False	False				False	308	i|PAC}{	Bb	iv		i	i					m	False	True	(0, -3, 1)	()	0	0	major	minor	iv	iv, major	i		iv	iv	True	i	i, minor		i, minor		i	-2	-3	-3	5	6	6	False	False	False
898.0	2.0	149.667	67	1	G	0.0	2.667	0	6	4	2.0	1.0	1/4	True	-1	15.0	75.0	15.0	15b	4	449	False	False				False	308	i|PAC}{	Bb	iv		i	i					m	False	True	(0, -3, 1)	()	0	0	major	minor	iv	iv, major	i		iv	iv	True	i	i, minor		i, minor		i	-2	-3	-3	3	4	4	False	False	False
900.0	6.0	150.0	53	-1	F	0.0	1.0	1	6	4	3.0	1.0	3/4	True	-1	16.0	76.0	16.0	16b	3	450	False	True				False	309	v6	Bb	iv		v6	v		6			m	False	True	(-2, 2, 1)	()	1	-2	major	minor	iv	iv, major	v		iv	iv	True	v6	v6, minor		v6, minor		v	-2	-3	-3	1	2	2	True	False	False
900.0	6.0	150.0	53	-1	F	0.0	1.0	1	6	4	4.0	1.0	3/4	True	-1	16.0	76.0	16.0	16b	3	450	False	True				False	309	v6	Bb	iv		v6	v		6			m	False	True	(-2, 2, 1)	()	1	-2	major	minor	iv	iv, major	v		iv	iv	True	v6	v6, minor		v6, minor		v	-2	-3	-3	1	2	2	True	False	False
900.0	2.0	150.0	69	3	A	0.0	1.0	1	6	4	2.0	1.0	1/4	True	-1	16.0	76.0	16.0	16b	4	450	False	True				False	309	v6	Bb	iv		v6	v		6			m	False	True	(-2, 2, 1)	()	1	-2	major	minor	iv	iv, major	v		iv	iv	True	v6	v6, minor		v6, minor		v	-2	-3	-3	5	6	6	False	False	False
902.0	2.0	150.333	62	2	D	0.0	1.333	0	6	4	2.0	1.0	1/4	True	-1	16.0	76.0	16.0	16b	4	451	False	False				False	309	v6	Bb	iv		v6	v		6			m	False	True	(-2, 2, 1)	()	1	-2	major	minor	iv	iv, major	v		iv	iv	True	v6	v6, minor		v6, minor		v	-2	-3	-3	4	5	5	False	False	False
904.0	2.0	150.667	74	2	D	0.0	1.667	0	6	4	2.0	1.0	1/4	True	-1	16.0	76.0	16.0	16b	5	452	False	False				False	309	v6	Bb	iv		v6	v		6			m	False	True	(-2, 2, 1)	()	1	-2	major	minor	iv	iv, major	v		iv	iv	True	v6	v6, minor		v6, minor		v	-2	-3	-3	4	5	5	False	False	False
906.0	6.0	151.0	51	-3	E	-1.0	2.0	2	6	4	3.0	1.0	3/4	True	-1	16.0	76.0	16.0	16b	3	453	False	True				False	310	VI	Bb	iv		VI	VI					M	False	True	(-4, 0, -3)	()	-4	-4	major	minor	iv	iv, major	VI		iv	iv	True	VI	VI, minor		VI, minor		VI	-2	-3	-3	-1	0	0	True	False	False
906.0	6.0	151.0	51	-3	E	-1.0	2.0	2	6	4	3.0	1.0	3/4	True	-1	16.0	76.0	16.0	16b	3	453	False	True				False	311	iv6	Bb	iv		iv6	iv		6			m	False	True	(-4, 0, -1)	()	-1	-4	major	minor	iv	iv, major	iv		iv	iv	True	iv6	iv6, minor		iv6, minor		iv	-2	-3	-3	-1	0	0	True	False	False
906.0	6.0	151.0	51	-3	E	-1.0	2.0	2	6	4	4.0	1.0	3/4	True	-1	16.0	76.0	16.0	16b	3	453	False	True				False	310	VI	Bb	iv		VI	VI					M	False	True	(-4, 0, -3)	()	-4	-4	major	minor	iv	iv, major	VI		iv	iv	True	VI	VI, minor		VI, minor		VI	-2	-3	-3	-1	0	0	True	False	False
906.0	6.0	151.0	51	-3	E	-1.0	2.0	2	6	4	4.0	1.0	3/4	True	-1	16.0	76.0	16.0	16b	3	453	False	True				False	311	iv6	Bb	iv		iv6	iv		6			m	False	True	(-4, 0, -1)	()	-1	-4	major	minor	iv	iv, major	iv		iv	iv	True	iv6	iv6, minor		iv6, minor		iv	-2	-3	-3	-1	0	0	True	False	False
906.0	2.0	151.0	67	1	G	0.0	2.0	2	6	4	2.0	1.0	1/4	True	-1	16.0	76.0	16.0	16b	4	453	False	True				False	310	VI	Bb	iv		VI	VI					M	False	True	(-4, 0, -3)	()	-4	-4	major	minor	iv	iv, major	VI		iv	iv	True	VI	VI, minor		VI, minor		VI	-2	-3	-3	3	4	4	False	False	False
906.0	2.0	151.0	67	1	G	0.0	2.0	2	6	4	2.0	1.0	1/4	True	-1	16.0	76.0	16.0	16b	4	453	False	True				False	311	iv6	Bb	iv		iv6	iv		6			m	False	True	(-4, 0, -1)	()	-1	-4	major	minor	iv	iv, major	iv		iv	iv	True	iv6	iv6, minor		iv6, minor		iv	-2	-3	-3	3	4	4	False	False	False
906.0	2.0	151.0	79	1	G	0.0	2.0	2	6	4	1.0	1.0	1/4	True	-1	16.0	76.0	16.0	16b	5	453	False	True				False	310	VI	Bb	iv		VI	VI					M	False	True	(-4, 0, -3)	()	-4	-4	major	minor	iv	iv, major	VI		iv	iv	True	VI	VI, minor		VI, minor		VI	-2	-3	-3	3	4	4	False	False	False
906.0	2.0	151.0	79	1	G	0.0	2.0	2	6	4	1.0	1.0	1/4	True	-1	16.0	76.0	16.0	16b	5	453	False	True				False	311	iv6	Bb	iv		iv6	iv		6			m	False	True	(-4, 0, -1)	()	-1	-4	major	minor	iv	iv, major	iv		iv	iv	True	iv6	iv6, minor		iv6, minor		iv	-2	-3	-3	3	4	4	False	False	False
908.0	4.0	151.333	79	1	G	0.0	2.333	0	6	4	2.0	1.0	1/2	True	-1	16.0	76.0	16.0	16b	5	454	False	False				False	311	iv6	Bb	iv		iv6	iv		6			m	False	True	(-4, 0, -1)	()	-1	-4	major	minor	iv	iv, major	iv		iv	iv	True	iv6	iv6, minor		iv6, minor		iv	-2	-3	-3	3	4	4	False	False	False
908.0	1.0	151.333	82	-2	B	-1.0	2.333	0	6	4	1.0	1.0	1/8	True	-1	16.0	76.0	16.0	16b	5	454	False	False				False	311	iv6	Bb	iv		iv6	iv		6			m	False	True	(-4, 0, -1)	()	-1	-4	major	minor	iv	iv, major	iv		iv	iv	True	iv6	iv6, minor		iv6, minor		iv	-2	-3	-3	0	1	1	False	False	False
909.0	1.0	151.5	81	3	A	0.0	2.5	0	6	4	1.0	1.0	1/8	True	-1	16.0	76.0	16.0	16b	5	909/2	False	False				False	311	iv6	Bb	iv		iv6	iv		6			m	False	True	(-4, 0, -1)	()	-1	-4	major	minor	iv	iv, major	iv		iv	iv	True	iv6	iv6, minor		iv6, minor		iv	-2	-3	-3	5	6	6	False	False	False
910.0	2.0	151.667	79	1	G	0.0	2.667	0	6	4	1.0	1.0	1/4	True	-1	16.0	76.0	16.0	16b	5	455	False	False				False	311	iv6	Bb	iv		iv6	iv		6			m	False	True	(-4, 0, -1)	()	-1	-4	major	minor	iv	iv, major	iv		iv	iv	True	iv6	iv6, minor		iv6, minor		iv	-2	-3	-3	3	4	4	False	False	False
912.0	6.0	152.0	50	2	D	0.0	1.0	1	6	4	3.0	1.0	3/4	True	-1	17.0	77.0	17.0	17b	3	456	False	True				False	312	v(4)	Bb	iv		v(4)	v			4		m	False	True	(1, 0, 2)	()	1	1	major	minor	iv	iv, major	v		iv	iv	True	v	v, minor		v(4), minor		v	-2	-3	-3	4	5	5	False	False	False
912.0	6.0	152.0	50	2	D	0.0	1.0	1	6	4	4.0	1.0	3/4	True	-1	17.0	77.0	17.0	17b	3	456	False	True				False	312	v(4)	Bb	iv		v(4)	v			4		m	False	True	(1, 0, 2)	()	1	1	major	minor	iv	iv, major	v		iv	iv	True	v	v, minor		v(4), minor		v	-2	-3	-3	4	5	5	False	False	False
912.0	2.0	152.0	79	1	G	0.0	1.0	1	6	4	2.0	1.0	1/4	False	-1	17.0	77.0	17.0	17b	5	456	False	True				False	312	v(4)	Bb	iv		v(4)	v			4		m	False	True	(1, 0, 2)	()	1	1	major	minor	iv	iv, major	v		iv	iv	True	v	v, minor		v(4), minor		v	-2	-3	-3	3	4	4	False	False	False
912.0	2.0	152.0	81	3	A	0.0	1.0	1	6	4	1.0	1.0	1/4	True	-1	17.0	77.0	17.0	17b	5	456	False	True				False	312	v(4)	Bb	iv		v(4)	v			4		m	False	True	(1, 0, 2)	()	1	1	major	minor	iv	iv, major	v		iv	iv	True	v	v, minor		v(4), minor		v	-2	-3	-3	5	6	6	False	False	False
914.0	2.0	152.333	74	2	D	0.0	1.333	0	6	4	1.0	1.0	1/4	True	-1	17.0	77.0	17.0	17b	5	457	False	True				False	313	v	Bb	iv		v	v					m	False	True	(1, -2, 2)	()	1	1	major	minor	iv	iv, major	v		iv	iv	True	v	v, minor		v, minor		v	-2	-3	-3	4	5	5	False	False	False
914.0	6.0	152.333	77	-1	F	0.0	1.333	0	6	4	2.0	1.0	3/4	True	-1	17.0	77.0	17.0	17b	5	457	False	True				False	313	v	Bb	iv		v	v					m	False	True	(1, -2, 2)	()	1	1	major	minor	iv	iv, major	v		iv	iv	True	v	v, minor		v, minor		v	-2	-3	-3	1	2	2	True	False	False
916.0	2.0	152.667	86	2	D	0.0	1.667	0	6	4	1.0	1.0	1/4	True	-1	17.0	77.0	17.0	17b	6	458	False	False				False	313	v	Bb	iv		v	v					m	False	True	(1, -2, 2)	()	1	1	major	minor	iv	iv, major	v		iv	iv	True	v	v, minor		v, minor		v	-2	-3	-3	4	5	5	False	False	False
918.0	2.0	153.0	51	-3	E	-1.0	2.0	2	6	4	3.0	1.0	1/4	True	-1	17.0	77.0	17.0	17b	3	459	False	True				False	314	I.IV(2)	Bb	I		IV(2)	IV			2		M	False	False	(1, 3, 0)	()	-1	1	major	major	I	I, major	IV		I	I	False	IV	IV, major		IV(2), major		IV	-2	-2	-2	-1	-1	-1	False	True	False
918.0	2.0	153.0	51	-3	E	-1.0	2.0	2	6	4	4.0	1.0	1/4	True	-1	17.0	77.0	17.0	17b	3	459	False	True				False	314	I.IV(2)	Bb	I		IV(2)	IV			2		M	False	False	(1, 3, 0)	()	-1	1	major	major	I	I, major	IV		I	I	False	IV	IV, major		IV(2), major		IV	-2	-2	-2	-1	-1	-1	False	True	False
918.0	4.0	153.0	79	1	G	0.0	2.0	2	6	4	1.0	1.0	1/2	True	-1	17.0	77.0	17.0	17b	5	459	False	True				False	314	I.IV(2)	Bb	I		IV(2)	IV			2		M	False	False	(1, 3, 0)	()	-1	1	major	major	I	I, major	IV		I	I	False	IV	IV, major		IV(2), major		IV	-2	-2	-2	3	3	3	True	False	False
920.0	2.0	153.333	55	1	G	0.0	2.333	0	6	4	3.0	1.0	1/4	True	-1	17.0	77.0	17.0	17b	3	460	False	True				False	315	IV6	Bb	I		IV6	IV		6			M	False	False	(3, 0, -1)	()	-1	3	major	major	I	I, major	IV		I	I	False	IV6	IV6, major		IV6, major		IV	-2	-2	-2	3	3	3	True	False	True
920.0	2.0	153.333	55	1	G	0.0	2.333	0	6	4	4.0	1.0	1/4	True	-1	17.0	77.0	17.0	17b	3	460	False	True				False	315	IV6	Bb	I		IV6	IV		6			M	False	False	(3, 0, -1)	()	-1	3	major	major	I	I, major	IV		I	I	False	IV6	IV6, major		IV6, major		IV	-2	-2	-2	3	3	3	True	False	True
920.0	4.0	153.333	75	-3	E	-1.0	2.333	0	6	4	2.0	1.0	1/2	True	-1	17.0	77.0	17.0	17b	5	460	False	True				False	315	IV6	Bb	I		IV6	IV		6			M	False	False	(3, 0, -1)	()	-1	3	major	major	I	I, major	IV		I	I	False	IV6	IV6, major		IV6, major		IV	-2	-2	-2	-1	-1	-1	True	True	False
922.0	2.0	153.667	57	3	A	0.0	2.667	0	6	4	3.0	1.0	1/4	True	-1	17.0	77.0	17.0	17b	3	461	False	True				False	316	viio	Bb	I		viio	vii	o				o	False	False	(5, 2, -1)	()	5	5	major	major	I	I, major	vii		I	I	False	viio	viio, major		viio, major		vii	-2	-2	-2	5	5	5	True	True	True
922.0	2.0	153.667	57	3	A	0.0	2.667	0	6	4	4.0	1.0	1/4	True	-1	17.0	77.0	17.0	17b	3	461	False	True				False	316	viio	Bb	I		viio	vii	o				o	False	False	(5, 2, -1)	()	5	5	major	major	I	I, major	vii		I	I	False	viio	viio, major		viio, major		vii	-2	-2	-2	5	5	5	True	True	True
922.0	2.0	153.667	84	0	C	0.0	2.667	0	6	4	1.0	1.0	1/4	True	-1	17.0	77.0	17.0	17b	6	461	False	True				False	316	viio	Bb	I		viio	vii	o				o	False	False	(5, 2, -1)	()	5	5	major	major	I	I, major	vii		I	I	False	viio	viio, major		viio, major		vii	-2	-2	-2	2	2	2	True	False	False
924.0	4.0	154.0	58	-2	B	-1.0	1.0	1	6	4	3.0	1.0	1/2	True	-1	18.0	78.0	18.0	18b	3	462	False	True				False	317	I(4)	Bb	I		I(4)	I			4		M	False	False	(0, -1, 1)	()	0	0	major	major	I	I, major	I		I	I	False	I	I, major		I(4), major		I	-2	-2	-2	0	0	0	True	True	True
924.0	4.0	154.0	58	-2	B	-1.0	1.0	1	6	4	4.0	1.0	1/2	True	-1	18.0	78.0	18.0	18b	3	462	False	True				False	317	I(4)	Bb	I		I(4)	I			4		M	False	False	(0, -1, 1)	()	0	0	major	major	I	I, major	I		I	I	False	I	I, major		I(4), major		I	-2	-2	-2	0	0	0	True	True	True
924.0	2.0	154.0	75	-3	E	-1.0	1.0	1	6	4	2.0	1.0	1/4	False	-1	18.0	78.0	18.0	18b	5	462	False	True				False	317	I(4)	Bb	I		I(4)	I			4		M	False	False	(0, -1, 1)	()	0	0	major	major	I	I, major	I		I	I	False	I	I, major		I(4), major		I	-2	-2	-2	-1	-1	-1	True	False	False
924.0	2.0	154.0	77	-1	F	0.0	1.0	1	6	4	1.0	1.0	1/4	True	-1	18.0	78.0	18.0	18b	5	462	False	True				False	317	I(4)	Bb	I		I(4)	I			4		M	False	False	(0, -1, 1)	()	0	0	major	major	I	I, major	I		I	I	False	I	I, major		I(4), major		I	-2	-2	-2	1	1	1	True	False	False
926.0	2.0	154.333	74	2	D	0.0	1.333	0	6	4	2.0	1.0	1/4	True	-1	18.0	78.0	18.0	18b	5	463	False	True				False	318	I	Bb	I		I	I					M	False	False	(0, 4, 1)	()	0	0	major	major	I	I, major	I		I	I	False	I	I, major		I, major		I	-2	-2	-2	4	4	4	True	False	False
926.0	6.0	154.333	82	-2	B	-1.0	1.333	0	6	4	1.0	1.0	3/4	True	-1	18.0	78.0	18.0	18b	5	463	False	True				False	318	I	Bb	I		I	I					M	False	False	(0, 4, 1)	()	0	0	major	major	I	I, major	I		I	I	False	I	I, major		I, major		I	-2	-2	-2	0	0	0	True	True	True
928.0	2.0	154.667	58	-2	B	-1.0	1.667	0	6	4	3.0	1.0	1/4	True	-1	18.0	78.0	18.0	18b	3	464	False	False				False	318	I	Bb	I		I	I					M	False	False	(0, 4, 1)	()	0	0	major	major	I	I, major	I		I	I	False	I	I, major		I, major		I	-2	-2	-2	0	0	0	True	True	True
928.0	2.0	154.667	58	-2	B	-1.0	1.667	0	6	4	4.0	1.0	1/4	True	-1	18.0	78.0	18.0	18b	3	464	False	False				False	318	I	Bb	I		I	I					M	False	False	(0, 4, 1)	()	0	0	major	major	I	I, major	I		I	I	False	I	I, major		I, major		I	-2	-2	-2	0	0	0	True	True	True
928.0	2.0	154.667	77	-1	F	0.0	1.667	0	6	4	2.0	1.0	1/4	True	-1	18.0	78.0	18.0	18b	5	464	False	False				False	318	I	Bb	I		I	I					M	False	False	(0, 4, 1)	()	0	0	major	major	I	I, major	I		I	I	False	I	I, major		I, major		I	-2	-2	-2	1	1	1	True	False	False
930.0	2.0	155.0	60	0	C	0.0	2.0	2	6	4	3.0	1.0	1/4	True	-1	18.0	78.0	18.0	18b	4	465	False	True				False	319	ii7	Bb	I		ii7	ii		7			mm7	False	False	(2, -1, 3, 0)	()	2	2	major	major	I	I, major	ii		I	I	False	ii7	ii7, major		ii7, major		ii	-2	-2	-2	2	2	2	True	True	True
930.0	2.0	155.0	60	0	C	0.0	2.0	2	6	4	4.0	1.0	1/4	True	-1	18.0	78.0	18.0	18b	4	465	False	True				False	319	ii7	Bb	I		ii7	ii		7			mm7	False	False	(2, -1, 3, 0)	()	2	2	major	major	I	I, major	ii		I	I	False	ii7	ii7, major		ii7, major		ii	-2	-2	-2	2	2	2	True	True	True
930.0	4.0	155.0	75	-3	E	-1.0	2.0	2	6	4	2.0	1.0	1/2	True	-1	18.0	78.0	18.0	18b	5	465	False	True				False	319	ii7	Bb	I		ii7	ii		7			mm7	False	False	(2, -1, 3, 0)	()	2	2	major	major	I	I, major	ii		I	I	False	ii7	ii7, major		ii7, major		ii	-2	-2	-2	-1	-1	-1	True	False	False
932.0	2.0	155.333	53	-1	F	0.0	2.333	0	6	4	3.0	1.0	1/4	True	-1	18.0	78.0	18.0	18b	3	466	False	True				False	320	V7	Bb	I		V7	V		7			Mm7	False	False	(1, 5, 2, -1)	()	1	1	major	major	I	I, major	V		I	I	False	V7	V7, major		V7, major		V	-2	-2	-2	1	1	1	True	True	True
932.0	2.0	155.333	53	-1	F	0.0	2.333	0	6	4	4.0	1.0	1/4	True	-1	18.0	78.0	18.0	18b	3	466	False	True				False	320	V7	Bb	I		V7	V		7			Mm7	False	False	(1, 5, 2, -1)	()	1	1	major	major	I	I, major	V		I	I	False	V7	V7, major		V7, major		V	-2	-2	-2	1	1	1	True	True	True
932.0	4.0	155.333	81	3	A	0.0	2.333	0	6	4	1.0	1.0	1/2	True	-1	18.0	78.0	18.0	18b	5	466	False	True				False	320	V7	Bb	I		V7	V		7			Mm7	False	False	(1, 5, 2, -1)	()	1	1	major	major	I	I, major	V		I	I	False	V7	V7, major		V7, major		V	-2	-2	-2	5	5	5	True	False	False
934.0	2.0	155.667	65	-1	F	0.0	2.667	0	6	4	3.0	1.0	1/4	True	-1	18.0	78.0	18.0	18b	4	467	False	True				False	321	V	Bb	I		V	V					M	False	False	(1, 5, 2)	()	1	1	major	major	I	I, major	V		I	I	False	V	V, major		V, major		V	-2	-2	-2	1	1	1	True	True	True
934.0	2.0	155.667	65	-1	F	0.0	2.667	0	6	4	4.0	1.0	1/4	True	-1	18.0	78.0	18.0	18b	4	467	False	True				False	321	V	Bb	I		V	V					M	False	False	(1, 5, 2)	()	1	1	major	major	I	I, major	V		I	I	False	V	V, major		V, major		V	-2	-2	-2	1	1	1	True	True	True
934.0	2.0	155.667	72	0	C	0.0	2.667	0	6	4	2.0	1.0	1/4	True	-1	18.0	78.0	18.0	18b	5	467	False	True				False	321	V	Bb	I		V	V					M	False	False	(1, 5, 2)	()	1	1	major	major	I	I, major	V		I	I	False	V	V, major		V, major		V	-2	-2	-2	2	2	2	True	False	False
936.0	4.0	156.0	58	-2	B	-1.0	1.0	1	6	4	3.0	1.0	1/2	True	-1	19.0	79.0	19.0	19b	3	468	False	True				False	322	IM7	Bb	I		IM7	I	M	7			MM7	False	False	(0, 4, 1, 5)	()	0	0	major	major	I	I, major	I		I	I	False	IM7	IM7, major		IM7, major		I	-2	-2	-2	0	0	0	True	True	True
936.0	4.0	156.0	58	-2	B	-1.0	1.0	1	6	4	4.0	1.0	1/2	True	-1	19.0	79.0	19.0	19b	3	468	False	True				False	322	IM7	Bb	I		IM7	I	M	7			MM7	False	False	(0, 4, 1, 5)	()	0	0	major	major	I	I, major	I		I	I	False	IM7	IM7, major		IM7, major		I	-2	-2	-2	0	0	0	True	True	True
936.0	4.0	156.0	74	2	D	0.0	1.0	1	6	4	2.0	1.0	1/2	True	-1	19.0	79.0	19.0	19b	5	468	False	True				False	322	IM7	Bb	I		IM7	I	M	7			MM7	False	False	(0, 4, 1, 5)	()	0	0	major	major	I	I, major	I		I	I	False	IM7	IM7, major		IM7, major		I	-2	-2	-2	4	4	4	True	False	False
936.0	2.0	156.0	81	3	A	0.0	1.0	1	6	4	1.0	1.0	1/4	False	-1	19.0	79.0	19.0	19b	5	468	False	True				False	322	IM7	Bb	I		IM7	I	M	7			MM7	False	False	(0, 4, 1, 5)	()	0	0	major	major	I	I, major	I		I	I	False	IM7	IM7, major		IM7, major		I	-2	-2	-2	5	5	5	True	False	False
938.0	6.0	156.333	79	1	G	0.0	1.333	0	6	4	1.0	1.0	3/4	True	-1	19.0	79.0	19.0	19b	5	469	False	True				False	323	vi6	Bb	I		vi6	vi		6			m	False	False	(0, 4, 3)	()	3	0	major	major	I	I, major	vi		I	I	False	vi6	vi6, major		vi6, major		vi	-2	-2	-2	3	3	3	True	True	False
940.0	2.0	156.667	63	-3	E	-1.0	1.667	0	6	4	3.0	1.0	1/4	True	-1	19.0	79.0	19.0	19b	4	470	False	True				False	324	IV	Bb	I		IV	IV					M	False	False	(-1, 3, 0)	()	-1	-1	major	major	I	I, major	IV		I	I	False	IV	IV, major		IV, major		IV	-2	-2	-2	-1	-1	-1	True	True	True
940.0	2.0	156.667	63	-3	E	-1.0	1.667	0	6	4	4.0	1.0	1/4	True	-1	19.0	79.0	19.0	19b	4	470	False	True				False	324	IV	Bb	I		IV	IV					M	False	False	(-1, 3, 0)	()	-1	-1	major	major	I	I, major	IV		I	I	False	IV	IV, major		IV, major		IV	-2	-2	-2	-1	-1	-1	True	True	True
940.0	2.0	156.667	70	-2	B	-1.0	1.667	0	6	4	2.0	1.0	1/4	True	-1	19.0	79.0	19.0	19b	4	470	False	True				False	324	IV	Bb	I		IV	IV					M	False	False	(-1, 3, 0)	()	-1	-1	major	major	I	I, major	IV		I	I	False	IV	IV, major		IV, major		IV	-2	-2	-2	0	0	0	True	False	False
942.0	4.0	157.0	57	3	A	0.0	2.0	2	6	4	3.0	1.0	1/2	True	-1	19.0	79.0	19.0	19b	3	471	False	True				False	325	vii%7	Bb	I		vii%7	vii	%	7			%7	False	False	(5, 2, -1, 3)	()	5	5	major	major	I	I, major	vii		I	I	False	vii%7	vii%7, major		vii%7, major		vii	-2	-2	-2	5	5	5	True	True	True
942.0	4.0	157.0	57	3	A	0.0	2.0	2	6	4	4.0	1.0	1/2	True	-1	19.0	79.0	19.0	19b	3	471	False	True				False	325	vii%7	Bb	I		vii%7	vii	%	7			%7	False	False	(5, 2, -1, 3)	()	5	5	major	major	I	I, major	vii		I	I	False	vii%7	vii%7, major		vii%7, major		vii	-2	-2	-2	5	5	5	True	True	True
942.0	4.0	157.0	72	0	C	0.0	2.0	2	6	4	2.0	1.0	1/2	True	-1	19.0	79.0	19.0	19b	5	471	False	True				False	325	vii%7	Bb	I		vii%7	vii	%	7			%7	False	False	(5, 2, -1, 3)	()	5	5	major	major	I	I, major	vii		I	I	False	vii%7	vii%7, major		vii%7, major		vii	-2	-2	-2	2	2	2	True	False	False
944.0	4.0	157.333	77	-1	F	0.0	2.333	0	6	4	1.0	1.0	1/2	True	-1	19.0	79.0	19.0	19b	5	472	False	True				False	326	V6	Bb	I		V6	V		6			M	False	False	(5, 2, 1)	()	1	5	major	major	I	I, major	V		I	I	False	V6	V6, major		V6, major		V	-2	-2	-2	1	1	1	True	True	False
946.0	2.0	157.667	62	2	D	0.0	2.667	0	6	4	3.0	1.0	1/4	True	-1	19.0	79.0	19.0	19b	4	473	False	True				False	327	iii	Bb	I		iii	iii					m	False	False	(4, 1, 5)	()	4	4	major	major	I	I, major	iii		I	I	False	iii	iii, major		iii, major		iii	-2	-2	-2	4	4	4	True	True	True
946.0	2.0	157.667	62	2	D	0.0	2.667	0	6	4	4.0	1.0	1/4	True	-1	19.0	79.0	19.0	19b	4	473	False	True				False	327	iii	Bb	I		iii	iii					m	False	False	(4, 1, 5)	()	4	4	major	major	I	I, major	iii		I	I	False	iii	iii, major		iii, major		iii	-2	-2	-2	4	4	4	True	True	True
946.0	2.0	157.667	69	3	A	0.0	2.667	0	6	4	2.0	1.0	1/4	True	-1	19.0	79.0	19.0	19b	4	473	False	True				False	327	iii	Bb	I		iii	iii					m	False	False	(4, 1, 5)	()	4	4	major	major	I	I, major	iii		I	I	False	iii	iii, major		iii, major		iii	-2	-2	-2	5	5	5	True	False	False
948.0	4.0	158.0	55	1	G	0.0	1.0	1	6	4	3.0	1.0	1/2	True	-1	20.0	80.0	20.0	20b	3	474	False	True				False	328	vi7	Bb	I		vi7	vi		7			mm7	False	False	(3, 0, 4, 1)	()	3	3	major	major	I	I, major	vi		I	I	False	vi7	vi7, major		vi7, major		vi	-2	-2	-2	3	3	3	True	True	True
948.0	4.0	158.0	55	1	G	0.0	1.0	1	6	4	4.0	1.0	1/2	True	-1	20.0	80.0	20.0	20b	3	474	False	True				False	328	vi7	Bb	I		vi7	vi		7			mm7	False	False	(3, 0, 4, 1)	()	3	3	major	major	I	I, major	vi		I	I	False	vi7	vi7, major		vi7, major		vi	-2	-2	-2	3	3	3	True	True	True
948.0	4.0	158.0	70	-2	B	-1.0	1.0	1	6	4	2.0	1.0	1/2	True	-1	20.0	80.0	20.0	20b	4	474	False	True				False	328	vi7	Bb	I		vi7	vi		7			mm7	False	False	(3, 0, 4, 1)	()	3	3	major	major	I	I, major	vi		I	I	False	vi7	vi7, major		vi7, major		vi	-2	-2	-2	0	0	0	True	False	False
948.0	2.0	158.0	77	-1	F	0.0	1.0	1	6	4	1.0	1.0	1/4	False	-1	20.0	80.0	20.0	20b	5	474	False	True				False	328	vi7	Bb	I		vi7	vi		7			mm7	False	False	(3, 0, 4, 1)	()	3	3	major	major	I	I, major	vi		I	I	False	vi7	vi7, major		vi7, major		vi	-2	-2	-2	1	1	1	True	False	False
950.0	6.0	158.333	75	-3	E	-1.0	1.333	0	6	4	1.0	1.0	3/4	True	-1	20.0	80.0	20.0	20b	5	475	False	True				False	329	IV6	Bb	I		IV6	IV		6			M	False	False	(3, 0, -1)	()	-1	3	major	major	I	I, major	IV		I	I	False	IV6	IV6, major		IV6, major		IV	-2	-2	-2	-1	-1	-1	True	True	False
952.0	2.0	158.667	60	0	C	0.0	1.667	0	6	4	3.0	1.0	1/4	True	-1	20.0	80.0	20.0	20b	4	476	False	True				False	330	ii	Bb	I		ii	ii					m	False	False	(2, -1, 3)	()	2	2	major	major	I	I, major	ii		I	I	False	ii	ii, major		ii, major		ii	-2	-2	-2	2	2	2	True	True	True
952.0	2.0	158.667	60	0	C	0.0	1.667	0	6	4	4.0	1.0	1/4	True	-1	20.0	80.0	20.0	20b	4	476	False	True				False	330	ii	Bb	I		ii	ii					m	False	False	(2, -1, 3)	()	2	2	major	major	I	I, major	ii		I	I	False	ii	ii, major		ii, major		ii	-2	-2	-2	2	2	2	True	True	True
952.0	2.0	158.667	67	1	G	0.0	1.667	0	6	4	2.0	1.0	1/4	True	-1	20.0	80.0	20.0	20b	4	476	False	True				False	330	ii	Bb	I		ii	ii					m	False	False	(2, -1, 3)	()	2	2	major	major	I	I, major	ii		I	I	False	ii	ii, major		ii, major		ii	-2	-2	-2	3	3	3	True	False	False
954.0	4.0	159.0	53	-1	F	0.0	2.0	2	6	4	3.0	1.0	1/2	True	-1	20.0	80.0	20.0	20b	3	477	False	True				False	331	V7	Bb	I		V7	V		7			Mm7	False	False	(1, 5, 2, -1)	()	1	1	major	major	I	I, major	V		I	I	False	V7	V7, major		V7, major		V	-2	-2	-2	1	1	1	True	True	True
954.0	4.0	159.0	53	-1	F	0.0	2.0	2	6	4	4.0	1.0	1/2	True	-1	20.0	80.0	20.0	20b	3	477	False	True				False	331	V7	Bb	I		V7	V		7			Mm7	False	False	(1, 5, 2, -1)	()	1	1	major	major	I	I, major	V		I	I	False	V7	V7, major		V7, major		V	-2	-2	-2	1	1	1	True	True	True
954.0	4.0	159.0	69	3	A	0.0	2.0	2	6	4	2.0	1.0	1/2	True	-1	20.0	80.0	20.0	20b	4	477	False	True				False	331	V7	Bb	I		V7	V		7			Mm7	False	False	(1, 5, 2, -1)	()	1	1	major	major	I	I, major	V		I	I	False	V7	V7, major		V7, major		V	-2	-2	-2	5	5	5	True	False	False
956.0	2.0	159.333	74	2	D	0.0	2.333	0	6	4	1.0	1.0	1/4	True	-1	20.0	80.0	20.0	20b	5	478	False	True				False	332	iii6	Bb	I		iii6	iii		6			m	False	False	(1, 5, 4)	()	4	1	major	major	I	I, major	iii		I	I	False	iii6	iii6, major		iii6, major		iii	-2	-2	-2	4	4	4	True	True	False
958.0	2.0	159.667	58	-2	B	-1.0	2.667	0	6	4	3.0	1.0	1/4	True	-1	20.0	80.0	20.0	20b	3	479	False	True				False	333	I	Bb	I		I	I					M	False	False	(0, 4, 1)	()	0	0	major	major	I	I, major	I		I	I	False	I	I, major		I, major		I	-2	-2	-2	0	0	0	True	True	True
958.0	2.0	159.667	58	-2	B	-1.0	2.667	0	6	4	4.0	1.0	1/4	True	-1	20.0	80.0	20.0	20b	3	479	False	True				False	333	I	Bb	I		I	I					M	False	False	(0, 4, 1)	()	0	0	major	major	I	I, major	I		I	I	False	I	I, major		I, major		I	-2	-2	-2	0	0	0	True	True	True
958.0	2.0	159.667	74	2	D	0.0	2.667	0	6	4	2.0	1.0	1/4	True	-1	20.0	80.0	20.0	20b	5	479	False	True				False	333	I	Bb	I		I	I					M	False	False	(0, 4, 1)	()	0	0	major	major	I	I, major	I		I	I	False	I	I, major		I, major		I	-2	-2	-2	4	4	4	True	False	False
958.0	2.0	159.667	77	-1	F	0.0	2.667	0	6	4	1.0	1.0	1/4	True	-1	20.0	80.0	20.0	20b	5	479	False	True				False	333	I	Bb	I		I	I					M	False	False	(0, 4, 1)	()	0	0	major	major	I	I, major	I		I	I	False	I	I, major		I, major		I	-2	-2	-2	1	1	1	True	False	False
960.0	4.0	160.0	51	-3	E	-1.0	1.0	1	6	4	3.0	1.0	1/2	True	-1	21.0	81.0	21.0	21b	3	480	False	True				False	334	IV	Bb	I		IV	IV					M	False	False	(-1, 3, 0)	()	-1	-1	major	major	I	I, major	IV		I	I	False	IV	IV, major		IV, major		IV	-2	-2	-2	-1	-1	-1	True	True	True
960.0	4.0	160.0	51	-3	E	-1.0	1.0	1	6	4	4.0	1.0	1/2	True	-1	21.0	81.0	21.0	21b	3	480	False	True				False	334	IV	Bb	I		IV	IV					M	False	False	(-1, 3, 0)	()	-1	-1	major	major	I	I, major	IV		I	I	False	IV	IV, major		IV, major		IV	-2	-2	-2	-1	-1	-1	True	True	True
960.0	2.0	160.0	67	1	G	0.0	1.0	1	6	4	1.0	1.0	1/4	True	-1	21.0	81.0	21.0	21b	4	480	False	True				False	334	IV	Bb	I		IV	IV					M	False	False	(-1, 3, 0)	()	-1	-1	major	major	I	I, major	IV		I	I	False	IV	IV, major		IV, major		IV	-2	-2	-2	3	3	3	True	False	False
960.0	2.0	160.0	70	-2	B	-1.0	1.0	1	6	4	2.0	1.0	1/4	True	-1	21.0	81.0	21.0	21b	4	480	False	True				False	334	IV	Bb	I		IV	IV					M	False	False	(-1, 3, 0)	()	-1	-1	major	major	I	I, major	IV		I	I	False	IV	IV, major		IV, major		IV	-2	-2	-2	0	0	0	True	False	False
962.0	2.0	160.333	69	3	A	0.0	1.333	0	6	4	1.0	1.0	1/4	True	-1	21.0	81.0	21.0	21b	4	481	False	True				False	335	viio64	Bb	I		viio64	vii	o	64			o	False	False	(-1, 5, 2)	()	5	-1	major	major	I	I, major	vii		I	I	False	viio64	viio64, major		viio64, major		vii	-2	-2	-2	5	5	5	True	True	False
962.0	2.0	160.333	72	0	C	0.0	1.333	0	6	4	2.0	1.0	1/4	True	-1	21.0	81.0	21.0	21b	5	481	False	True				False	335	viio64	Bb	I		viio64	vii	o	64			o	False	False	(-1, 5, 2)	()	5	-1	major	major	I	I, major	vii		I	I	False	viio64	viio64, major		viio64, major		vii	-2	-2	-2	2	2	2	True	False	False
964.0	2.0	160.667	46	-2	B	-1.0	1.667	0	6	4	3.0	1.0	1/4	True	-1	21.0	81.0	21.0	21b	2	482	False	True				False	336	I	Bb	I		I	I					M	False	False	(0, 4, 1)	()	0	0	major	major	I	I, major	I		I	I	False	I	I, major		I, major		I	-2	-2	-2	0	0	0	True	True	True
964.0	2.0	160.667	46	-2	B	-1.0	1.667	0	6	4	4.0	1.0	1/4	True	-1	21.0	81.0	21.0	21b	2	482	False	True				False	336	I	Bb	I		I	I					M	False	False	(0, 4, 1)	()	0	0	major	major	I	I, major	I		I	I	False	I	I, major		I, major		I	-2	-2	-2	0	0	0	True	True	True
964.0	2.0	160.667	70	-2	B	-1.0	1.667	0	6	4	1.0	1.0	1/4	True	-1	21.0	81.0	21.0	21b	4	482	False	True				False	336	I	Bb	I		I	I					M	False	False	(0, 4, 1)	()	0	0	major	major	I	I, major	I		I	I	False	I	I, major		I, major		I	-2	-2	-2	0	0	0	True	True	True
964.0	2.0	160.667	74	2	D	0.0	1.667	0	6	4	2.0	1.0	1/4	True	-1	21.0	81.0	21.0	21b	5	482	False	True				False	336	I	Bb	I		I	I					M	False	False	(0, 4, 1)	()	0	0	major	major	I	I, major	I		I	I	False	I	I, major		I, major		I	-2	-2	-2	4	4	4	True	False	False
966.0	6.0	161.0	53	-1	F	0.0	2.0	2	6	4	3.0	1.0	3/4	True	-1	21.0	81.0	21.0	21b	3	483	False	True				False	337	V(4)	Bb	I		V(4)	V			4		M	False	False	(1, 0, 2)	()	1	1	major	major	I	I, major	V		I	I	False	V	V, major		V(4), major		V	-2	-2	-2	1	1	1	True	True	True
966.0	6.0	161.0	53	-1	F	0.0	2.0	2	6	4	3.0	1.0	3/4	True	-1	21.0	81.0	21.0	21b	3	483	False	True				False	338	V	Bb	I		V	V					M	False	False	(1, 5, 2)	()	1	1	major	major	I	I, major	V		I	I	False	V	V, major		V, major		V	-2	-2	-2	1	1	1	True	True	True
966.0	6.0	161.0	53	-1	F	0.0	2.0	2	6	4	4.0	1.0	3/4	True	-1	21.0	81.0	21.0	21b	3	483	False	True				False	337	V(4)	Bb	I		V(4)	V			4		M	False	False	(1, 0, 2)	()	1	1	major	major	I	I, major	V		I	I	False	V	V, major		V(4), major		V	-2	-2	-2	1	1	1	True	True	True
966.0	6.0	161.0	53	-1	F	0.0	2.0	2	6	4	4.0	1.0	3/4	True	-1	21.0	81.0	21.0	21b	3	483	False	True				False	338	V	Bb	I		V	V					M	False	False	(1, 5, 2)	()	1	1	major	major	I	I, major	V		I	I	False	V	V, major		V, major		V	-2	-2	-2	1	1	1	True	True	True
966.0	4.0	161.0	72	0	C	0.0	2.0	2	6	4	2.0	1.0	1/2	True	-1	21.0	81.0	21.0	21b	5	483	False	True				False	337	V(4)	Bb	I		V(4)	V			4		M	False	False	(1, 0, 2)	()	1	1	major	major	I	I, major	V		I	I	False	V	V, major		V(4), major		V	-2	-2	-2	2	2	2	True	False	False
966.0	4.0	161.0	72	0	C	0.0	2.0	2	6	4	2.0	1.0	1/2	True	-1	21.0	81.0	21.0	21b	5	483	False	True				False	338	V	Bb	I		V	V					M	False	False	(1, 5, 2)	()	1	1	major	major	I	I, major	V		I	I	False	V	V, major		V, major		V	-2	-2	-2	2	2	2	True	False	False
968.0	2.0	161.333	69	3	A	0.0	2.333	0	6	4	1.0	1.0	1/4	True	-1	21.0	81.0	21.0	21b	4	484	False	False				False	338	V	Bb	I		V	V					M	False	False	(1, 5, 2)	()	1	1	major	major	I	I, major	V		I	I	False	V	V, major		V, major		V	-2	-2	-2	5	5	5	True	False	False
970.0	2.0	161.667	72	0	C	0.0	2.667	0	6	4	1.0	1.0	1/4	True	-1	21.0	81.0	21.0	21b	5	485	False	False				False	338	V	Bb	I		V	V					M	False	False	(1, 5, 2)	()	1	1	major	major	I	I, major	V		I	I	False	V	V, major		V, major		V	-2	-2	-2	2	2	2	True	False	False
970.0	2.0	161.667	77	-1	F	0.0	2.667	0	6	4	2.0	1.0	1/4	True	-1	21.0	81.0	21.0	21b	5	485	False	False				False	338	V	Bb	I		V	V					M	False	False	(1, 5, 2)	()	1	1	major	major	I	I, major	V		I	I	False	V	V, major		V, major		V	-2	-2	-2	1	1	1	True	True	True
972.0	6.0	162.0	46	-2	B	-1.0	1.0	1	6	4	3.0	1.0	3/4	True	-1	22.0	82.0	22.0	22b	2	486	False	True				False	339	I	Bb	I		I	I					M	False	False	(0, 4, 1)	()	0	0	major	major	I	I, major	I		I	I	False	I	I, major		I, major		I	-2	-2	-2	0	0	0	True	True	True
972.0	6.0	162.0	46	-2	B	-1.0	1.0	1	6	4	4.0	1.0	3/4	True	-1	22.0	82.0	22.0	22b	2	486	False	True				False	339	I	Bb	I		I	I					M	False	False	(0, 4, 1)	()	0	0	major	major	I	I, major	I		I	I	False	I	I, major		I, major		I	-2	-2	-2	0	0	0	True	True	True
972.0	4.0	162.0	74	2	D	0.0	1.0	1	6	4	2.0	1.0	1/2	True	-1	22.0	82.0	22.0	22b	5	486	False	True				False	339	I	Bb	I		I	I					M	False	False	(0, 4, 1)	()	0	0	major	major	I	I, major	I		I	I	False	I	I, major		I, major		I	-2	-2	-2	4	4	4	True	False	False
974.0	2.0	162.333	70	-2	B	-1.0	1.333	0	6	4	1.0	1.0	1/4	True	-1	22.0	82.0	22.0	22b	4	487	False	False				False	339	I	Bb	I		I	I					M	False	False	(0, 4, 1)	()	0	0	major	major	I	I, major	I		I	I	False	I	I, major		I, major		I	-2	-2	-2	0	0	0	True	True	True
976.0	2.0	162.667	70	-2	B	-1.0	1.667	0	6	4	2.0	1.0	1/4	True	-1	22.0	82.0	22.0	22b	4	488	False	False				False	339	I	Bb	I		I	I					M	False	False	(0, 4, 1)	()	0	0	major	major	I	I, major	I		I	I	False	I	I, major		I, major		I	-2	-2	-2	0	0	0	True	True	True
976.0	2.0	162.667	74	2	D	0.0	1.667	0	6	4	1.0	1.0	1/4	True	-1	22.0	82.0	22.0	22b	5	488	False	False				False	339	I	Bb	I		I	I					M	False	False	(0, 4, 1)	()	0	0	major	major	I	I, major	I		I	I	False	I	I, major		I, major		I	-2	-2	-2	4	4	4	True	False	False
978.0	6.0	163.0	53	-1	F	0.0	2.0	2	6	4	3.0	1.0	3/4	True	-1	22.0	82.0	22.0	22b	3	489	False	True				False	340	V	Bb	I		V	V					M	False	False	(1, 5, 2)	()	1	1	major	major	I	I, major	V		I	I	False	V	V, major		V, major		V	-2	-2	-2	1	1	1	True	True	True
978.0	6.0	163.0	53	-1	F	0.0	2.0	2	6	4	4.0	1.0	3/4	True	-1	22.0	82.0	22.0	22b	3	489	False	True				False	340	V	Bb	I		V	V					M	False	False	(1, 5, 2)	()	1	1	major	major	I	I, major	V		I	I	False	V	V, major		V, major		V	-2	-2	-2	1	1	1	True	True	True
978.0	4.0	163.0	69	3	A	0.0	2.0	2	6	4	2.0	1.0	1/2	True	-1	22.0	82.0	22.0	22b	4	489	False	True				False	340	V	Bb	I		V	V					M	False	False	(1, 5, 2)	()	1	1	major	major	I	I, major	V		I	I	False	V	V, major		V, major		V	-2	-2	-2	5	5	5	True	False	False
980.0	2.0	163.333	72	0	C	0.0	2.333	0	6	4	1.0	1.0	1/4	True	-1	22.0	82.0	22.0	22b	5	490	False	False				False	340	V	Bb	I		V	V					M	False	False	(1, 5, 2)	()	1	1	major	major	I	I, major	V		I	I	False	V	V, major		V, major		V	-2	-2	-2	2	2	2	True	False	False
982.0	2.0	163.667	72	0	C	0.0	2.667	0	6	4	2.0	1.0	1/4	True	-1	22.0	82.0	22.0	22b	5	491	False	True				False	341	V7	Bb	I		V7	V		7			Mm7	False	False	(1, 5, 2, -1)	()	1	1	major	major	I	I, major	V		I	I	False	V7	V7, major		V7, major		V	-2	-2	-2	2	2	2	True	False	False
982.0	2.0	163.667	75	-3	E	-1.0	2.667	0	6	4	1.0	1.0	1/4	True	-1	22.0	82.0	22.0	22b	5	491	False	True				False	341	V7	Bb	I		V7	V		7			Mm7	False	False	(1, 5, 2, -1)	()	1	1	major	major	I	I, major	V		I	I	False	V7	V7, major		V7, major		V	-2	-2	-2	-1	-1	-1	True	False	False
984.0	6.0	164.0	58	-2	B	-1.0	1.0	1	6	4	3.0	1.0	3/4	True	-1	23.0	83.0	23.0	23b	3	492	False	True				False	342	I(4)	Bb	I		I(4)	I			4		M	False	False	(0, -1, 1)	()	0	0	major	major	I	I, major	I		I	I	False	I	I, major		I(4), major		I	-2	-2	-2	0	0	0	True	True	True
984.0	6.0	164.0	58	-2	B	-1.0	1.0	1	6	4	3.0	1.0	3/4	True	-1	23.0	83.0	23.0	23b	3	492	False	True				False	343	I	Bb	I		I	I					M	False	False	(0, 4, 1)	()	0	0	major	major	I	I, major	I		I	I	False	I	I, major		I, major		I	-2	-2	-2	0	0	0	True	True	True
984.0	6.0	164.0	58	-2	B	-1.0	1.0	1	6	4	4.0	1.0	3/4	True	-1	23.0	83.0	23.0	23b	3	492	False	True				False	342	I(4)	Bb	I		I(4)	I			4		M	False	False	(0, -1, 1)	()	0	0	major	major	I	I, major	I		I	I	False	I	I, major		I(4), major		I	-2	-2	-2	0	0	0	True	True	True
984.0	6.0	164.0	58	-2	B	-1.0	1.0	1	6	4	4.0	1.0	3/4	True	-1	23.0	83.0	23.0	23b	3	492	False	True				False	343	I	Bb	I		I	I					M	False	False	(0, 4, 1)	()	0	0	major	major	I	I, major	I		I	I	False	I	I, major		I, major		I	-2	-2	-2	0	0	0	True	True	True
984.0	4.0	164.0	74	2	D	0.0	1.0	1	6	4	2.0	1.0	1/2	True	-1	23.0	83.0	23.0	23b	5	492	False	True				False	342	I(4)	Bb	I		I(4)	I			4		M	False	False	(0, -1, 1)	()	0	0	major	major	I	I, major	I		I	I	False	I	I, major		I(4), major		I	-2	-2	-2	4	4	4	False	False	False
984.0	4.0	164.0	74	2	D	0.0	1.0	1	6	4	2.0	1.0	1/2	True	-1	23.0	83.0	23.0	23b	5	492	False	True				False	343	I	Bb	I		I	I					M	False	False	(0, 4, 1)	()	0	0	major	major	I	I, major	I		I	I	False	I	I, major		I, major		I	-2	-2	-2	4	4	4	True	False	False
986.0	2.0	164.333	74	2	D	0.0	1.333	0	6	4	1.0	1.0	1/4	True	-1	23.0	83.0	23.0	23b	5	493	False	False				False	343	I	Bb	I		I	I					M	False	False	(0, 4, 1)	()	0	0	major	major	I	I, major	I		I	I	False	I	I, major		I, major		I	-2	-2	-2	4	4	4	True	False	False
988.0	2.0	164.667	77	-1	F	0.0	1.667	0	6	4	1.0	1.0	1/4	True	-1	23.0	83.0	23.0	23b	5	494	False	True				False	344	V.IV	Bb	V		IV	IV					M	False	False	(-1, 3, 0)	()	-1	-1	major	major	V	V, major	IV		V	V	False	IV	IV, major		IV, major		IV	-2	-1	-1	1	0	0	True	False	False
988.0	2.0	164.667	82	-2	B	-1.0	1.667	0	6	4	2.0	1.0	1/4	True	-1	23.0	83.0	23.0	23b	5	494	False	True				False	344	V.IV	Bb	V		IV	IV					M	False	False	(-1, 3, 0)	()	-1	-1	major	major	V	V, major	IV		V	V	False	IV	IV, major		IV, major		IV	-2	-1	-1	0	-1	-1	True	True	True
990.0	6.0	165.0	60	0	C	0.0	2.0	2	6	4	3.0	1.0	3/4	True	-1	23.0	83.0	23.0	23b	4	495	False	True				False	345	V(4)	Bb	V		V(4)	V			4		M	False	False	(1, 0, 2)	()	1	1	major	major	V	V, major	V		V	V	False	V	V, major		V(4), major		V	-2	-1	-1	2	1	1	True	True	True
990.0	6.0	165.0	60	0	C	0.0	2.0	2	6	4	3.0	1.0	3/4	True	-1	23.0	83.0	23.0	23b	4	495	False	True				False	346	V	Bb	V		V	V					M	False	False	(1, 5, 2)	()	1	1	major	major	V	V, major	V		V	V	False	V	V, major		V, major		V	-2	-1	-1	2	1	1	True	True	True
990.0	6.0	165.0	60	0	C	0.0	2.0	2	6	4	4.0	1.0	3/4	True	-1	23.0	83.0	23.0	23b	4	495	False	True				False	345	V(4)	Bb	V		V(4)	V			4		M	False	False	(1, 0, 2)	()	1	1	major	major	V	V, major	V		V	V	False	V	V, major		V(4), major		V	-2	-1	-1	2	1	1	True	True	True
990.0	6.0	165.0	60	0	C	0.0	2.0	2	6	4	4.0	1.0	3/4	True	-1	23.0	83.0	23.0	23b	4	495	False	True				False	346	V	Bb	V		V	V					M	False	False	(1, 5, 2)	()	1	1	major	major	V	V, major	V		V	V	False	V	V, major		V, major		V	-2	-1	-1	2	1	1	True	True	True
990.0	4.0	165.0	79	1	G	0.0	2.0	2	6	4	2.0	1.0	1/2	True	-1	23.0	83.0	23.0	23b	5	495	False	True				False	345	V(4)	Bb	V		V(4)	V			4		M	False	False	(1, 0, 2)	()	1	1	major	major	V	V, major	V		V	V	False	V	V, major		V(4), major		V	-2	-1	-1	3	2	2	True	False	False
990.0	4.0	165.0	79	1	G	0.0	2.0	2	6	4	2.0	1.0	1/2	True	-1	23.0	83.0	23.0	23b	5	495	False	True				False	346	V	Bb	V		V	V					M	False	False	(1, 5, 2)	()	1	1	major	major	V	V, major	V		V	V	False	V	V, major		V, major		V	-2	-1	-1	3	2	2	True	False	False
992.0	2.0	165.333	76	4	E	0.0	2.333	0	6	4	1.0	1.0	1/4	True	-1	23.0	83.0	23.0	23b	5	496	False	False				False	346	V	Bb	V		V	V					M	False	False	(1, 5, 2)	()	1	1	major	major	V	V, major	V		V	V	False	V	V, major		V, major		V	-2	-1	-1	6	5	5	True	False	False
994.0	2.0	165.667	79	1	G	0.0	2.667	0	6	4	1.0	1.0	1/4	True	-1	23.0	83.0	23.0	23b	5	497	False	False				False	346	V	Bb	V		V	V					M	False	False	(1, 5, 2)	()	1	1	major	major	V	V, major	V		V	V	False	V	V, major		V, major		V	-2	-1	-1	3	2	2	True	False	False
994.0	2.0	165.667	84	0	C	0.0	2.667	0	6	4	2.0	1.0	1/4	True	-1	23.0	83.0	23.0	23b	6	497	False	False				False	346	V	Bb	V		V	V					M	False	False	(1, 5, 2)	()	1	1	major	major	V	V, major	V		V	V	False	V	V, major		V, major		V	-2	-1	-1	2	1	1	True	True	True
996.0	6.0	166.0	53	-1	F	0.0	1.0	1	6	4	3.0	1.0	3/4	True	-1	24.0	84.0	24.0	24b	3	498	False	True				False	347	I(9)	Bb	V		I(9)	I			9		M	False	False	(0, 4, 1)	(2,)	0	0	major	major	V	V, major	I		V	V	False	I	I, major		I(9), major		I	-2	-1	-1	1	0	0	True	True	True
996.0	6.0	166.0	53	-1	F	0.0	1.0	1	6	4	3.0	1.0	3/4	True	-1	24.0	84.0	24.0	24b	3	498	False	True				False	348	I	Bb	V		I	I					M	False	False	(0, 4, 1)	()	0	0	major	major	V	V, major	I		V	V	False	I	I, major		I, major		I	-2	-1	-1	1	0	0	True	True	True
996.0	6.0	166.0	53	-1	F	0.0	1.0	1	6	4	4.0	1.0	3/4	True	-1	24.0	84.0	24.0	24b	3	498	False	True				False	347	I(9)	Bb	V		I(9)	I			9		M	False	False	(0, 4, 1)	(2,)	0	0	major	major	V	V, major	I		V	V	False	I	I, major		I(9), major		I	-2	-1	-1	1	0	0	True	True	True
996.0	6.0	166.0	53	-1	F	0.0	1.0	1	6	4	4.0	1.0	3/4	True	-1	24.0	84.0	24.0	24b	3	498	False	True				False	348	I	Bb	V		I	I					M	False	False	(0, 4, 1)	()	0	0	major	major	V	V, major	I		V	V	False	I	I, major		I, major		I	-2	-1	-1	1	0	0	True	True	True
996.0	4.0	166.0	81	3	A	0.0	1.0	1	6	4	2.0	1.0	1/2	True	-1	24.0	84.0	24.0	24b	5	498	False	True				False	347	I(9)	Bb	V		I(9)	I			9		M	False	False	(0, 4, 1)	(2,)	0	0	major	major	V	V, major	I		V	V	False	I	I, major		I(9), major		I	-2	-1	-1	5	4	4	True	False	False
996.0	4.0	166.0	81	3	A	0.0	1.0	1	6	4	2.0	1.0	1/2	True	-1	24.0	84.0	24.0	24b	5	498	False	True				False	348	I	Bb	V		I	I					M	False	False	(0, 4, 1)	()	0	0	major	major	V	V, major	I		V	V	False	I	I, major		I, major		I	-2	-1	-1	5	4	4	True	False	False
998.0	2.0	166.333	77	-1	F	0.0	1.333	0	6	4	1.0	1.0	1/4	True	-1	24.0	84.0	24.0	24b	5	499	False	False				False	348	I	Bb	V		I	I					M	False	False	(0, 4, 1)	()	0	0	major	major	V	V, major	I		V	V	False	I	I, major		I, major		I	-2	-1	-1	1	0	0	True	True	True
1000.0	2.0	166.667	72	0	C	0.0	1.667	0	6	4	2.0	1.0	1/4	True	-1	24.0	84.0	24.0	24b	5	500	False	False				False	348	I	Bb	V		I	I					M	False	False	(0, 4, 1)	()	0	0	major	major	V	V, major	I		V	V	False	I	I, major		I, major		I	-2	-1	-1	2	1	1	True	False	False
1000.0	2.0	166.667	81	3	A	0.0	1.667	0	6	4	1.0	1.0	1/4	True	-1	24.0	84.0	24.0	24b	5	500	False	False				False	348	I	Bb	V		I	I					M	False	False	(0, 4, 1)	()	0	0	major	major	V	V, major	I		V	V	False	I	I, major		I, major		I	-2	-1	-1	5	4	4	True	False	False
1002.0	6.0	167.0	46	-2	B	-1.0	2.0	2	6	4	3.0	1.0	3/4	True	-1	24.0	84.0	24.0	24b	2	501	False	True				False	349	vi6(2)	Bb	V		vi6(2)	vi		6	2		m	False	False	(0, 4, 5)	()	3	0	major	major	V	V, major	vi		V	V	False	vi6	vi6, major		vi6(2), major		vi	-2	-1	-1	0	-1	-1	False	False	False
1002.0	6.0	167.0	46	-2	B	-1.0	2.0	2	6	4	3.0	1.0	3/4	True	-1	24.0	84.0	24.0	24b	2	501	False	True				False	350	vi6	Bb	V		vi6	vi		6			m	False	False	(0, 4, 3)	()	3	0	major	major	V	V, major	vi		V	V	False	vi6	vi6, major		vi6, major		vi	-2	-1	-1	0	-1	-1	False	False	False
1002.0	6.0	167.0	46	-2	B	-1.0	2.0	2	6	4	4.0	1.0	3/4	True	-1	24.0	84.0	24.0	24b	2	501	False	True				False	349	vi6(2)	Bb	V		vi6(2)	vi		6	2		m	False	False	(0, 4, 5)	()	3	0	major	major	V	V, major	vi		V	V	False	vi6	vi6, major		vi6(2), major		vi	-2	-1	-1	0	-1	-1	False	False	False
1002.0	6.0	167.0	46	-2	B	-1.0	2.0	2	6	4	4.0	1.0	3/4	True	-1	24.0	84.0	24.0	24b	2	501	False	True				False	350	vi6	Bb	V		vi6	vi		6			m	False	False	(0, 4, 3)	()	3	0	major	major	V	V, major	vi		V	V	False	vi6	vi6, major		vi6, major		vi	-2	-1	-1	0	-1	-1	False	False	False
1002.0	4.0	167.0	74	2	D	0.0	2.0	2	6	4	2.0	1.0	1/2	True	-1	24.0	84.0	24.0	24b	5	501	False	True				False	349	vi6(2)	Bb	V		vi6(2)	vi		6	2		m	False	False	(0, 4, 5)	()	3	0	major	major	V	V, major	vi		V	V	False	vi6	vi6, major		vi6(2), major		vi	-2	-1	-1	4	3	3	False	True	False
1002.0	4.0	167.0	74	2	D	0.0	2.0	2	6	4	2.0	1.0	1/2	True	-1	24.0	84.0	24.0	24b	5	501	False	True				False	350	vi6	Bb	V		vi6	vi		6			m	False	False	(0, 4, 3)	()	3	0	major	major	V	V, major	vi		V	V	False	vi6	vi6, major		vi6, major		vi	-2	-1	-1	4	3	3	True	True	False
1004.0	2.0	167.333	79	1	G	0.0	2.333	0	6	4	1.0	1.0	1/4	True	-1	24.0	84.0	24.0	24b	5	502	False	False				False	350	vi6	Bb	V		vi6	vi		6			m	False	False	(0, 4, 3)	()	3	0	major	major	V	V, major	vi		V	V	False	vi6	vi6, major		vi6, major		vi	-2	-1	-1	3	2	2	False	False	False
1006.0	2.0	167.667	70	-2	B	-1.0	2.667	0	6	4	2.0	1.0	1/4	True	-1	24.0	84.0	24.0	24b	4	503	False	False				False	350	vi6	Bb	V		vi6	vi		6			m	False	False	(0, 4, 3)	()	3	0	major	major	V	V, major	vi		V	V	False	vi6	vi6, major		vi6, major		vi	-2	-1	-1	0	-1	-1	False	False	False
1006.0	2.0	167.667	82	-2	B	-1.0	2.667	0	6	4	1.0	1.0	1/4	True	-1	24.0	84.0	24.0	24b	5	503	False	False				False	350	vi6	Bb	V		vi6	vi		6			m	False	False	(0, 4, 3)	()	3	0	major	major	V	V, major	vi		V	V	False	vi6	vi6, major		vi6, major		vi	-2	-1	-1	0	-1	-1	False	False	False
1008.0	4.0	168.0	48	0	C	0.0	1.0	1	6	4	3.0	1.0	1/2	True	-1	25.0	85.0	25.0	25b	3	504	False	True				False	351	V7	Bb	V		V7	V		7			Mm7	False	False	(1, 5, 2, -1)	()	1	1	major	major	V	V, major	V		V	V	False	V7	V7, major		V7, major		V	-2	-1	-1	2	1	1	True	True	True
1008.0	4.0	168.0	48	0	C	0.0	1.0	1	6	4	4.0	1.0	1/2	True	-1	25.0	85.0	25.0	25b	3	504	False	True				False	351	V7	Bb	V		V7	V		7			Mm7	False	False	(1, 5, 2, -1)	()	1	1	major	major	V	V, major	V		V	V	False	V7	V7, major		V7, major		V	-2	-1	-1	2	1	1	True	True	True
1008.0	4.0	168.0	70	-2	B	-1.0	1.0	1	6	4	2.0	1.0	1/2	True	-1	25.0	85.0	25.0	25b	4	504	False	True				False	351	V7	Bb	V		V7	V		7			Mm7	False	False	(1, 5, 2, -1)	()	1	1	major	major	V	V, major	V		V	V	False	V7	V7, major		V7, major		V	-2	-1	-1	0	-1	-1	True	False	False
1008.0	4.0	168.0	76	4	E	0.0	1.0	1	6	4	1.0	1.0	1/2	True	-1	25.0	85.0	25.0	25b	5	504	False	True				False	351	V7	Bb	V		V7	V		7			Mm7	False	False	(1, 5, 2, -1)	()	1	1	major	major	V	V, major	V		V	V	False	V7	V7, major		V7, major		V	-2	-1	-1	6	5	5	True	False	False
1012.0	4.0	168.667	46	-2	B	-1.0	1.667	0	6	4	3.0	1.0	1/2	True	-1	25.0	85.0	25.0	25b	2	506	False	True				False	352	IVM7	Bb	V		IVM7	IV	M	7			MM7	False	False	(-1, 3, 0, 4)	()	-1	-1	major	major	V	V, major	IV		V	V	False	IVM7	IVM7, major		IVM7, major		IV	-2	-1	-1	0	-1	-1	True	True	True
1012.0	4.0	168.667	46	-2	B	-1.0	1.667	0	6	4	4.0	1.0	1/2	True	-1	25.0	85.0	25.0	25b	2	506	False	True				False	352	IVM7	Bb	V		IVM7	IV	M	7			MM7	False	False	(-1, 3, 0, 4)	()	-1	-1	major	major	V	V, major	IV		V	V	False	IVM7	IVM7, major		IVM7, major		IV	-2	-1	-1	0	-1	-1	True	True	True
1012.0	4.0	168.667	69	3	A	0.0	1.667	0	6	4	2.0	1.0	1/2	True	-1	25.0	85.0	25.0	25b	4	506	False	True				False	352	IVM7	Bb	V		IVM7	IV	M	7			MM7	False	False	(-1, 3, 0, 4)	()	-1	-1	major	major	V	V, major	IV		V	V	False	IVM7	IVM7, major		IVM7, major		IV	-2	-1	-1	5	4	4	True	False	False
1012.0	4.0	168.667	77	-1	F	0.0	1.667	0	6	4	1.0	1.0	1/2	True	-1	25.0	85.0	25.0	25b	5	506	False	True				False	352	IVM7	Bb	V		IVM7	IV	M	7			MM7	False	False	(-1, 3, 0, 4)	()	-1	-1	major	major	V	V, major	IV		V	V	False	IVM7	IVM7, major		IVM7, major		IV	-2	-1	-1	1	0	0	True	False	False
1016.0	4.0	169.333	48	0	C	0.0	2.333	0	6	4	3.0	1.0	1/2	True	-1	25.0	85.0	25.0	25b	3	508	False	True				False	353	V(4)	Bb	V		V(4)	V			4		M	False	False	(1, 0, 2)	()	1	1	major	major	V	V, major	V		V	V	False	V	V, major		V(4), major		V	-2	-1	-1	2	1	1	True	True	True
1016.0	4.0	169.333	48	0	C	0.0	2.333	0	6	4	4.0	1.0	1/2	True	-1	25.0	85.0	25.0	25b	3	508	False	True				False	353	V(4)	Bb	V		V(4)	V			4		M	False	False	(1, 0, 2)	()	1	1	major	major	V	V, major	V		V	V	False	V	V, major		V(4), major		V	-2	-1	-1	2	1	1	True	True	True
1016.0	4.0	169.333	67	1	G	0.0	2.333	0	6	4	2.0	1.0	1/2	True	-1	25.0	85.0	25.0	25b	4	508	False	True				False	353	V(4)	Bb	V		V(4)	V			4		M	False	False	(1, 0, 2)	()	1	1	major	major	V	V, major	V		V	V	False	V	V, major		V(4), major		V	-2	-1	-1	3	2	2	True	False	False
1016.0	3.0	169.333	77	-1	F	0.0	2.333	0	6	4	1.0	1.0	3/8	True	-1	25.0	85.0	25.0	25b	5	508	False	True				False	353	V(4)	Bb	V		V(4)	V			4		M	False	False	(1, 0, 2)	()	1	1	major	major	V	V, major	V		V	V	False	V	V, major		V(4), major		V	-2	-1	-1	1	0	0	True	False	False
1019.0	1.0	169.833	76	4	E	0.0	2.833	0	6	4	1.0	1.0	1/8	True	-1	25.0	85.0	25.0	25b	5	1019/2	False	True				False	354	V	Bb	V		V	V					M	False	False	(1, 5, 2)	()	1	1	major	major	V	V, major	V		V	V	False	V	V, major		V, major		V	-2	-1	-1	6	5	5	True	False	False
1020.0	6.0	170.0	53	-1	F	0.0	1.0	1	6	4	3.0	1.0	3/4	True	-1	26.0	86.0	26.0	26b	3	510	False	True	PAC	PAC	}{	True	355	I|PAC}{	Bb	V		I	I					M	False	False	(0, 4, 1)	()	0	0	major	major	V	V, major	I		V	V	False	I	I, major		I, major		I	-2	-1	-1	1	0	0	True	True	True
1020.0	6.0	170.0	53	-1	F	0.0	1.0	1	6	4	4.0	1.0	3/4	True	-1	26.0	86.0	26.0	26b	3	510	False	True	PAC	PAC	}{	True	355	I|PAC}{	Bb	V		I	I					M	False	False	(0, 4, 1)	()	0	0	major	major	V	V, major	I		V	V	False	I	I, major		I, major		I	-2	-1	-1	1	0	0	True	True	True
1020.0	2.0	170.0	65	-1	F	0.0	1.0	1	6	4	2.0	1.0	1/4	True	-1	26.0	86.0	26.0	26b	4	510	False	True	PAC	PAC	}{	True	355	I|PAC}{	Bb	V		I	I					M	False	False	(0, 4, 1)	()	0	0	major	major	V	V, major	I		V	V	False	I	I, major		I, major		I	-2	-1	-1	1	0	0	True	True	True
1020.0	6.0	170.0	77	-1	F	0.0	1.0	1	6	4	1.0	1.0	3/4	True	-1	26.0	86.0	26.0	26b	5	510	False	True	PAC	PAC	}{	True	355	I|PAC}{	Bb	V		I	I					M	False	False	(0, 4, 1)	()	0	0	major	major	V	V, major	I		V	V	False	I	I, major		I, major		I	-2	-1	-1	1	0	0	True	True	True
1022.0	1.0	170.333	69	3	A	0.0	1.333	0	6	4	2.0	1.0	1/8	True	-1	26.0	86.0	26.0	26b	4	511	False	False				False	355	I|PAC}{	Bb	V		I	I					M	False	False	(0, 4, 1)	()	0	0	major	major	V	V, major	I		V	V	False	I	I, major		I, major		I	-2	-1	-1	5	4	4	True	False	False
1023.0	1.0	170.5	67	1	G	0.0	1.5	0	6	4	2.0	1.0	1/8	True	-1	26.0	86.0	26.0	26b	4	1023/2	False	False				False	355	I|PAC}{	Bb	V		I	I					M	False	False	(0, 4, 1)	()	0	0	major	major	V	V, major	I		V	V	False	I	I, major		I, major		I	-2	-1	-1	3	2	2	False	False	False
1024.0	2.0	170.667	65	-1	F	0.0	1.667	0	6	4	2.0	1.0	1/4	True	-1	26.0	86.0	26.0	26b	4	512	False	False				False	355	I|PAC}{	Bb	V		I	I					M	False	False	(0, 4, 1)	()	0	0	major	major	V	V, major	I		V	V	False	I	I, major		I, major		I	-2	-1	-1	1	0	0	True	True	True
1026.0	6.0	171.0	52	4	E	0.0	2.0	2	6	4	3.0	1.0	3/4	True	-1	26.0	86.0	26.0	26b	3	513	False	True				False	356	V6	Bb	V		V6	V		6			M	False	False	(5, 2, 1)	()	1	5	major	major	V	V, major	V		V	V	False	V6	V6, major		V6, major		V	-2	-1	-1	6	5	5	True	False	True
1026.0	6.0	171.0	52	4	E	0.0	2.0	2	6	4	4.0	1.0	3/4	True	-1	26.0	86.0	26.0	26b	3	513	False	True				False	356	V6	Bb	V		V6	V		6			M	False	False	(5, 2, 1)	()	1	5	major	major	V	V, major	V		V	V	False	V6	V6, major		V6, major		V	-2	-1	-1	6	5	5	True	False	True
1026.0	2.0	171.0	67	1	G	0.0	2.0	2	6	4	2.0	1.0	1/4	True	-1	26.0	86.0	26.0	26b	4	513	False	True				False	356	V6	Bb	V		V6	V		6			M	False	False	(5, 2, 1)	()	1	5	major	major	V	V, major	V		V	V	False	V6	V6, major		V6, major		V	-2	-1	-1	3	2	2	True	False	False
1028.0	2.0	171.333	60	0	C	0.0	2.333	0	6	4	2.0	1.0	1/4	True	-1	26.0	86.0	26.0	26b	4	514	False	False				False	356	V6	Bb	V		V6	V		6			M	False	False	(5, 2, 1)	()	1	5	major	major	V	V, major	V		V	V	False	V6	V6, major		V6, major		V	-2	-1	-1	2	1	1	True	True	False
1030.0	2.0	171.667	72	0	C	0.0	2.667	0	6	4	2.0	1.0	1/4	True	-1	26.0	86.0	26.0	26b	5	515	False	False				False	356	V6	Bb	V		V6	V		6			M	False	False	(5, 2, 1)	()	1	5	major	major	V	V, major	V		V	V	False	V6	V6, major		V6, major		V	-2	-1	-1	2	1	1	True	True	False
1032.0	6.0	172.0	50	2	D	0.0	1.0	1	6	4	3.0	1.0	3/4	True	-1	27.0	87.0	27.0	27b	3	516	False	True				False	357	vi	Bb	V		vi	vi					m	False	False	(3, 0, 4)	()	3	3	major	major	V	V, major	vi		V	V	False	vi	vi, major		vi, major		vi	-2	-1	-1	4	3	3	True	True	True
1032.0	6.0	172.0	50	2	D	0.0	1.0	1	6	4	4.0	1.0	3/4	True	-1	27.0	87.0	27.0	27b	3	516	False	True				False	357	vi	Bb	V		vi	vi					m	False	False	(3, 0, 4)	()	3	3	major	major	V	V, major	vi		V	V	False	vi	vi, major		vi, major		vi	-2	-1	-1	4	3	3	True	True	True
1032.0	2.0	172.0	65	-1	F	0.0	1.0	1	6	4	1.0	1.0	1/4	True	-1	27.0	87.0	27.0	27b	4	516	False	True				False	357	vi	Bb	V		vi	vi					m	False	False	(3, 0, 4)	()	3	3	major	major	V	V, major	vi		V	V	False	vi	vi, major		vi, major		vi	-2	-1	-1	1	0	0	True	False	False
1032.0	2.0	172.0	65	-1	F	0.0	1.0	1	6	4	2.0	1.0	1/4	True	-1	27.0	87.0	27.0	27b	4	516	False	True				False	357	vi	Bb	V		vi	vi					m	False	False	(3, 0, 4)	()	3	3	major	major	V	V, major	vi		V	V	False	vi	vi, major		vi, major		vi	-2	-1	-1	1	0	0	True	False	False
1034.0	1.0	172.333	69	3	A	0.0	1.333	0	6	4	1.0	1.0	1/8	True	-1	27.0	87.0	27.0	27b	4	517	False	False				False	357	vi	Bb	V		vi	vi					m	False	False	(3, 0, 4)	()	3	3	major	major	V	V, major	vi		V	V	False	vi	vi, major		vi, major		vi	-2	-1	-1	5	4	4	True	False	False
1034.0	6.0	172.333	77	-1	F	0.0	1.333	0	6	4	2.0	1.0	3/4	True	-1	27.0	87.0	27.0	27b	5	517	False	False				False	357	vi	Bb	V		vi	vi					m	False	False	(3, 0, 4)	()	3	3	major	major	V	V, major	vi		V	V	False	vi	vi, major		vi, major		vi	-2	-1	-1	1	0	0	True	False	False
1035.0	1.0	172.5	67	1	G	0.0	1.5	0	6	4	1.0	1.0	1/8	True	-1	27.0	87.0	27.0	27b	4	1035/2	False	False				False	357	vi	Bb	V		vi	vi					m	False	False	(3, 0, 4)	()	3	3	major	major	V	V, major	vi		V	V	False	vi	vi, major		vi, major		vi	-2	-1	-1	3	2	2	False	False	False
1036.0	2.0	172.667	65	-1	F	0.0	1.667	0	6	4	1.0	1.0	1/4	True	-1	27.0	87.0	27.0	27b	4	518	False	False				False	357	vi	Bb	V		vi	vi					m	False	False	(3, 0, 4)	()	3	3	major	major	V	V, major	vi		V	V	False	vi	vi, major		vi, major		vi	-2	-1	-1	1	0	0	True	False	False
1038.0	4.0	173.0	48	0	C	0.0	2.0	2	6	4	3.0	1.0	1/2	True	-1	27.0	87.0	27.0	27b	3	519	False	True				False	358	V(4)	Bb	V		V(4)	V			4		M	False	False	(1, 0, 2)	()	1	1	major	major	V	V, major	V		V	V	False	V	V, major		V(4), major		V	-2	-1	-1	2	1	1	True	True	True
1038.0	4.0	173.0	48	0	C	0.0	2.0	2	6	4	4.0	1.0	1/2	True	-1	27.0	87.0	27.0	27b	3	519	False	True				False	358	V(4)	Bb	V		V(4)	V			4		M	False	False	(1, 0, 2)	()	1	1	major	major	V	V, major	V		V	V	False	V	V, major		V(4), major		V	-2	-1	-1	2	1	1	True	True	True
1038.0	2.0	173.0	67	1	G	0.0	2.0	2	6	4	1.0	1.0	1/4	True	-1	27.0	87.0	27.0	27b	4	519	False	True				False	358	V(4)	Bb	V		V(4)	V			4		M	False	False	(1, 0, 2)	()	1	1	major	major	V	V, major	V		V	V	False	V	V, major		V(4), major		V	-2	-1	-1	3	2	2	True	False	False
1040.0	2.0	173.333	60	0	C	0.0	2.333	0	6	4	1.0	1.0	1/4	True	-1	27.0	87.0	27.0	27b	4	520	False	False				False	358	V(4)	Bb	V		V(4)	V			4		M	False	False	(1, 0, 2)	()	1	1	major	major	V	V, major	V		V	V	False	V	V, major		V(4), major		V	-2	-1	-1	2	1	1	True	True	True
1040.0	1.0	173.333	79	1	G	0.0	2.333	0	6	4	2.0	1.0	1/8	True	-1	27.0	87.0	27.0	27b	5	520	False	False				False	358	V(4)	Bb	V		V(4)	V			4		M	False	False	(1, 0, 2)	()	1	1	major	major	V	V, major	V		V	V	False	V	V, major		V(4), major		V	-2	-1	-1	3	2	2	True	False	False
1041.0	1.0	173.5	77	-1	F	0.0	2.5	0	6	4	2.0	1.0	1/8	True	-1	27.0	87.0	27.0	27b	5	1041/2	False	False				False	358	V(4)	Bb	V		V(4)	V			4		M	False	False	(1, 0, 2)	()	1	1	major	major	V	V, major	V		V	V	False	V	V, major		V(4), major		V	-2	-1	-1	1	0	0	True	False	False
1042.0	2.0	173.667	72	0	C	0.0	2.667	0	6	4	1.0	1.0	1/4	True	-1	27.0	87.0	27.0	27b	5	521	False	True				False	359	V	Bb	V		V	V					M	False	False	(1, 5, 2)	()	1	1	major	major	V	V, major	V		V	V	False	V	V, major		V, major		V	-2	-1	-1	2	1	1	True	True	True
1042.0	2.0	173.667	76	4	E	0.0	2.667	0	6	4	2.0	1.0	1/4	True	-1	27.0	87.0	27.0	27b	5	521	False	True				False	359	V	Bb	V		V	V					M	False	False	(1, 5, 2)	()	1	1	major	major	V	V, major	V		V	V	False	V	V, major		V, major		V	-2	-1	-1	6	5	5	True	False	False
1044.0	2.0	174.0	53	-1	F	0.0	1.0	1	6	4	3.0	1.0	1/4	True	-1	28.0	88.0	28.0	28b	3	522	False	True				False	360	I	Bb	V		I	I					M	False	False	(0, 4, 1)	()	0	0	major	major	V	V, major	I		V	V	False	I	I, major		I, major		I	-2	-1	-1	1	0	0	True	True	True
1044.0	2.0	174.0	53	-1	F	0.0	1.0	1	6	4	4.0	1.0	1/4	True	-1	28.0	88.0	28.0	28b	3	522	False	True				False	360	I	Bb	V		I	I					M	False	False	(0, 4, 1)	()	0	0	major	major	V	V, major	I		V	V	False	I	I, major		I, major		I	-2	-1	-1	1	0	0	True	True	True
1044.0	2.0	174.0	65	-1	F	0.0	1.0	1	6	4	1.0	1.0	1/4	True	-1	28.0	88.0	28.0	28b	4	522	False	True				False	360	I	Bb	V		I	I					M	False	False	(0, 4, 1)	()	0	0	major	major	V	V, major	I		V	V	False	I	I, major		I, major		I	-2	-1	-1	1	0	0	True	True	True
1044.0	6.0	174.0	81	3	A	0.0	1.0	1	6	4	2.0	1.0	3/4	True	-1	28.0	88.0	28.0	28b	5	522	False	True				False	360	I	Bb	V		I	I					M	False	False	(0, 4, 1)	()	0	0	major	major	V	V, major	I		V	V	False	I	I, major		I, major		I	-2	-1	-1	5	4	4	True	False	False
1046.0	1.0	174.333	57	3	A	0.0	1.333	0	6	4	3.0	1.0	1/8	True	-1	28.0	88.0	28.0	28b	3	523	False	False				False	360	I	Bb	V		I	I					M	False	False	(0, 4, 1)	()	0	0	major	major	V	V, major	I		V	V	False	I	I, major		I, major		I	-2	-1	-1	5	4	4	True	False	False
1046.0	1.0	174.333	57	3	A	0.0	1.333	0	6	4	4.0	1.0	1/8	True	-1	28.0	88.0	28.0	28b	3	523	False	False				False	360	I	Bb	V		I	I					M	False	False	(0, 4, 1)	()	0	0	major	major	V	V, major	I		V	V	False	I	I, major		I, major		I	-2	-1	-1	5	4	4	True	False	False
1046.0	6.0	174.333	77	-1	F	0.0	1.333	0	6	4	1.0	1.0	3/4	True	-1	28.0	88.0	28.0	28b	5	523	False	False				False	360	I	Bb	V		I	I					M	False	False	(0, 4, 1)	()	0	0	major	major	V	V, major	I		V	V	False	I	I, major		I, major		I	-2	-1	-1	1	0	0	True	True	True
1047.0	1.0	174.5	55	1	G	0.0	1.5	0	6	4	3.0	1.0	1/8	True	-1	28.0	88.0	28.0	28b	3	1047/2	False	False				False	360	I	Bb	V		I	I					M	False	False	(0, 4, 1)	()	0	0	major	major	V	V, major	I		V	V	False	I	I, major		I, major		I	-2	-1	-1	3	2	2	False	False	False
1047.0	1.0	174.5	55	1	G	0.0	1.5	0	6	4	4.0	1.0	1/8	True	-1	28.0	88.0	28.0	28b	3	1047/2	False	False				False	360	I	Bb	V		I	I					M	False	False	(0, 4, 1)	()	0	0	major	major	V	V, major	I		V	V	False	I	I, major		I, major		I	-2	-1	-1	3	2	2	False	False	False
1048.0	2.0	174.667	53	-1	F	0.0	1.667	0	6	4	3.0	1.0	1/4	True	-1	28.0	88.0	28.0	28b	3	524	False	False				False	360	I	Bb	V		I	I					M	False	False	(0, 4, 1)	()	0	0	major	major	V	V, major	I		V	V	False	I	I, major		I, major		I	-2	-1	-1	1	0	0	True	True	True
1048.0	2.0	174.667	53	-1	F	0.0	1.667	0	6	4	4.0	1.0	1/4	True	-1	28.0	88.0	28.0	28b	3	524	False	False				False	360	I	Bb	V		I	I					M	False	False	(0, 4, 1)	()	0	0	major	major	V	V, major	I		V	V	False	I	I, major		I, major		I	-2	-1	-1	1	0	0	True	True	True
1050.0	2.0	175.0	55	1	G	0.0	2.0	2	6	4	3.0	1.0	1/4	True	-1	28.0	88.0	28.0	28b	3	525	False	True				False	361	ii7	Bb	V		ii7	ii		7			mm7	False	False	(2, -1, 3, 0)	()	2	2	major	major	V	V, major	ii		V	V	False	ii7	ii7, major		ii7, major		ii	-2	-1	-1	3	2	2	True	True	True
1050.0	2.0	175.0	55	1	G	0.0	2.0	2	6	4	4.0	1.0	1/4	True	-1	28.0	88.0	28.0	28b	3	525	False	True				False	361	ii7	Bb	V		ii7	ii		7			mm7	False	False	(2, -1, 3, 0)	()	2	2	major	major	V	V, major	ii		V	V	False	ii7	ii7, major		ii7, major		ii	-2	-1	-1	3	2	2	True	True	True
1050.0	2.0	175.0	82	-2	B	-1.0	2.0	2	6	4	2.0	1.0	1/4	True	-1	28.0	88.0	28.0	28b	5	525	False	True				False	361	ii7	Bb	V		ii7	ii		7			mm7	False	False	(2, -1, 3, 0)	()	2	2	major	major	V	V, major	ii		V	V	False	ii7	ii7, major		ii7, major		ii	-2	-1	-1	0	-1	-1	True	False	False
1052.0	2.0	175.333	48	0	C	0.0	2.333	0	6	4	3.0	1.0	1/4	True	-1	28.0	88.0	28.0	28b	3	526	False	True				False	362	V	Bb	V		V	V					M	False	False	(1, 5, 2)	()	1	1	major	major	V	V, major	V		V	V	False	V	V, major		V, major		V	-2	-1	-1	2	1	1	True	True	True
1052.0	2.0	175.333	48	0	C	0.0	2.333	0	6	4	4.0	1.0	1/4	True	-1	28.0	88.0	28.0	28b	3	526	False	True				False	362	V	Bb	V		V	V					M	False	False	(1, 5, 2)	()	1	1	major	major	V	V, major	V		V	V	False	V	V, major		V, major		V	-2	-1	-1	2	1	1	True	True	True
1052.0	1.0	175.333	79	1	G	0.0	2.333	0	6	4	1.0	1.0	1/8	True	-1	28.0	88.0	28.0	28b	5	526	False	True				False	362	V	Bb	V		V	V					M	False	False	(1, 5, 2)	()	1	1	major	major	V	V, major	V		V	V	False	V	V, major		V, major		V	-2	-1	-1	3	2	2	True	False	False
1052.0	4.0	175.333	79	1	G	0.0	2.333	0	6	4	2.0	1.0	1/2	True	-1	28.0	88.0	28.0	28b	5	526	False	True				False	362	V	Bb	V		V	V					M	False	False	(1, 5, 2)	()	1	1	major	major	V	V, major	V		V	V	False	V	V, major		V, major		V	-2	-1	-1	3	2	2	True	False	False
1053.0	1.0	175.5	77	-1	F	0.0	2.5	0	6	4	1.0	1.0	1/8	True	-1	28.0	88.0	28.0	28b	5	1053/2	False	False				False	362	V	Bb	V		V	V					M	False	False	(1, 5, 2)	()	1	1	major	major	V	V, major	V		V	V	False	V	V, major		V, major		V	-2	-1	-1	1	0	0	False	False	False
1054.0	2.0	175.667	60	0	C	0.0	2.667	0	6	4	3.0	1.0	1/4	True	-1	28.0	88.0	28.0	28b	4	527	False	False				False	362	V	Bb	V		V	V					M	False	False	(1, 5, 2)	()	1	1	major	major	V	V, major	V		V	V	False	V	V, major		V, major		V	-2	-1	-1	2	1	1	True	True	True
1054.0	2.0	175.667	60	0	C	0.0	2.667	0	6	4	4.0	1.0	1/4	True	-1	28.0	88.0	28.0	28b	4	527	False	False				False	362	V	Bb	V		V	V					M	False	False	(1, 5, 2)	()	1	1	major	major	V	V, major	V		V	V	False	V	V, major		V, major		V	-2	-1	-1	2	1	1	True	True	True
1054.0	2.0	175.667	76	4	E	0.0	2.667	0	6	4	1.0	1.0	1/4	True	-1	28.0	88.0	28.0	28b	5	527	False	False				False	362	V	Bb	V		V	V					M	False	False	(1, 5, 2)	()	1	1	major	major	V	V, major	V		V	V	False	V	V, major		V, major		V	-2	-1	-1	6	5	5	True	False	False
1056.0	4.0	176.0	53	-1	F	0.0	1.0	1	6	4	3.0	1.0	1/2	True	-1	29.0	89.0	29.0	29b	3	528	False	True				False	363	I(2)	Bb	V		I(2)	I			2		M	False	False	(2, 4, 1)	()	0	2	major	major	V	V, major	I		V	V	False	I	I, major		I(2), major		I	-2	-1	-1	1	0	0	False	True	False
1056.0	4.0	176.0	53	-1	F	0.0	1.0	1	6	4	4.0	1.0	1/2	True	-1	29.0	89.0	29.0	29b	3	528	False	True				False	363	I(2)	Bb	V		I(2)	I			2		M	False	False	(2, 4, 1)	()	0	2	major	major	V	V, major	I		V	V	False	I	I, major		I(2), major		I	-2	-1	-1	1	0	0	False	True	False
1056.0	2.0	176.0	79	1	G	0.0	1.0	1	6	4	2.0	1.0	1/4	False	-1	29.0	89.0	29.0	29b	5	528	False	True				False	363	I(2)	Bb	V		I(2)	I			2		M	False	False	(2, 4, 1)	()	0	2	major	major	V	V, major	I		V	V	False	I	I, major		I(2), major		I	-2	-1	-1	3	2	2	True	False	True
1056.0	4.0	176.0	81	3	A	0.0	1.0	1	6	4	1.0	1.0	1/2	True	-1	29.0	89.0	29.0	29b	5	528	False	True				False	363	I(2)	Bb	V		I(2)	I			2		M	False	False	(2, 4, 1)	()	0	2	major	major	V	V, major	I		V	V	False	I	I, major		I(2), major		I	-2	-1	-1	5	4	4	True	False	False
1058.0	6.0	176.333	77	-1	F	0.0	1.333	0	6	4	2.0	1.0	3/4	True	-1	29.0	89.0	29.0	29b	5	529	False	True				False	364	I	Bb	V		I	I					M	False	False	(0, 4, 1)	()	0	0	major	major	V	V, major	I		V	V	False	I	I, major		I, major		I	-2	-1	-1	1	0	0	True	True	True
1060.0	2.0	176.667	53	-1	F	0.0	1.667	0	6	4	3.0	1.0	1/4	True	-1	29.0	89.0	29.0	29b	3	530	False	True				False	365	I.V	Bb	I		V	V					M	False	False	(1, 5, 2)	()	1	1	major	major	I	I, major	V		I	I	False	V	V, major		V, major		V	-2	-2	-2	1	1	1	True	True	True
1060.0	2.0	176.667	53	-1	F	0.0	1.667	0	6	4	4.0	1.0	1/4	True	-1	29.0	89.0	29.0	29b	3	530	False	True				False	365	I.V	Bb	I		V	V					M	False	False	(1, 5, 2)	()	1	1	major	major	I	I, major	V		I	I	False	V	V, major		V, major		V	-2	-2	-2	1	1	1	True	True	True
1060.0	2.0	176.667	69	3	A	0.0	1.667	0	6	4	1.0	1.0	1/4	True	-1	29.0	89.0	29.0	29b	4	530	False	True				False	365	I.V	Bb	I		V	V					M	False	False	(1, 5, 2)	()	1	1	major	major	I	I, major	V		I	I	False	V	V, major		V, major		V	-2	-2	-2	5	5	5	True	False	False
1062.0	4.0	177.0	55	1	G	0.0	2.0	2	6	4	3.0	1.0	1/2	True	-1	29.0	89.0	29.0	29b	3	531	False	True				False	366	vi7	Bb	I		vi7	vi		7			mm7	False	False	(3, 0, 4, 1)	()	3	3	major	major	I	I, major	vi		I	I	False	vi7	vi7, major		vi7, major		vi	-2	-2	-2	3	3	3	True	True	True
1062.0	4.0	177.0	55	1	G	0.0	2.0	2	6	4	4.0	1.0	1/2	True	-1	29.0	89.0	29.0	29b	3	531	False	True				False	366	vi7	Bb	I		vi7	vi		7			mm7	False	False	(3, 0, 4, 1)	()	3	3	major	major	I	I, major	vi		I	I	False	vi7	vi7, major		vi7, major		vi	-2	-2	-2	3	3	3	True	True	True
1062.0	2.0	177.0	70	-2	B	-1.0	2.0	2	6	4	1.0	1.0	1/4	True	-1	29.0	89.0	29.0	29b	4	531	False	True				False	366	vi7	Bb	I		vi7	vi		7			mm7	False	False	(3, 0, 4, 1)	()	3	3	major	major	I	I, major	vi		I	I	False	vi7	vi7, major		vi7, major		vi	-2	-2	-2	0	0	0	True	False	False
1064.0	2.0	177.333	67	1	G	0.0	2.333	0	6	4	1.0	1.0	1/4	True	-1	29.0	89.0	29.0	29b	4	532	False	True				False	367	IV6	Bb	I		IV6	IV		6			M	False	False	(3, 0, -1)	()	-1	3	major	major	I	I, major	IV		I	I	False	IV6	IV6, major		IV6, major		IV	-2	-2	-2	3	3	3	True	False	True
1064.0	4.0	177.333	75	-3	E	-1.0	2.333	0	6	4	2.0	1.0	1/2	True	-1	29.0	89.0	29.0	29b	5	532	False	True				False	367	IV6	Bb	I		IV6	IV		6			M	False	False	(3, 0, -1)	()	-1	3	major	major	I	I, major	IV		I	I	False	IV6	IV6, major		IV6, major		IV	-2	-2	-2	-1	-1	-1	True	True	False
1066.0	2.0	177.667	51	-3	E	-1.0	2.667	0	6	4	3.0	1.0	1/4	True	-1	29.0	89.0	29.0	29b	3	533	False	True				False	368	ii6	Bb	I		ii6	ii		6			m	False	False	(-1, 3, 2)	()	2	-1	major	major	I	I, major	ii		I	I	False	ii6	ii6, major		ii6, major		ii	-2	-2	-2	-1	-1	-1	True	False	True
1066.0	2.0	177.667	51	-3	E	-1.0	2.667	0	6	4	4.0	1.0	1/4	True	-1	29.0	89.0	29.0	29b	3	533	False	True				False	368	ii6	Bb	I		ii6	ii		6			m	False	False	(-1, 3, 2)	()	2	-1	major	major	I	I, major	ii		I	I	False	ii6	ii6, major		ii6, major		ii	-2	-2	-2	-1	-1	-1	True	False	True
1066.0	2.0	177.667	72	0	C	0.0	2.667	0	6	4	1.0	1.0	1/4	True	-1	29.0	89.0	29.0	29b	5	533	False	True				False	368	ii6	Bb	I		ii6	ii		6			m	False	False	(-1, 3, 2)	()	2	-1	major	major	I	I, major	ii		I	I	False	ii6	ii6, major		ii6, major		ii	-2	-2	-2	2	2	2	True	True	False
1068.0	4.0	178.0	53	-1	F	0.0	1.0	1	6	4	3.0	1.0	1/2	True	-1	30.0	90.0	30.0	30b	3	534	False	True				False	369	V7	Bb	I		V7	V		7			Mm7	False	False	(1, 5, 2, -1)	()	1	1	major	major	I	I, major	V		I	I	False	V7	V7, major		V7, major		V	-2	-2	-2	1	1	1	True	True	True
1068.0	4.0	178.0	53	-1	F	0.0	1.0	1	6	4	4.0	1.0	1/2	True	-1	30.0	90.0	30.0	30b	3	534	False	True				False	369	V7	Bb	I		V7	V		7			Mm7	False	False	(1, 5, 2, -1)	()	1	1	major	major	I	I, major	V		I	I	False	V7	V7, major		V7, major		V	-2	-2	-2	1	1	1	True	True	True
1068.0	2.0	178.0	69	3	A	0.0	1.0	1	6	4	1.0	1.0	1/4	True	-1	30.0	90.0	30.0	30b	4	534	False	True				False	369	V7	Bb	I		V7	V		7			Mm7	False	False	(1, 5, 2, -1)	()	1	1	major	major	I	I, major	V		I	I	False	V7	V7, major		V7, major		V	-2	-2	-2	5	5	5	True	False	False
1068.0	2.0	178.0	75	-3	E	-1.0	1.0	1	6	4	2.0	1.0	1/4	False	-1	30.0	90.0	30.0	30b	5	534	False	True				False	369	V7	Bb	I		V7	V		7			Mm7	False	False	(1, 5, 2, -1)	()	1	1	major	major	I	I, major	V		I	I	False	V7	V7, major		V7, major		V	-2	-2	-2	-1	-1	-1	True	False	False
1070.0	2.0	178.333	65	-1	F	0.0	1.333	0	6	4	1.0	1.0	1/4	True	-1	30.0	90.0	30.0	30b	4	535	False	True				False	370	V(6)	Bb	I		V(6)	V			6		M	False	False	(1, 5, 4)	()	1	1	major	major	I	I, major	V		I	I	False	V	V, major		V(6), major		V	-2	-2	-2	1	1	1	True	True	True
1070.0	6.0	178.333	74	2	D	0.0	1.333	0	6	4	2.0	1.0	3/4	True	-1	30.0	90.0	30.0	30b	5	535	False	True				False	370	V(6)	Bb	I		V(6)	V			6		M	False	False	(1, 5, 4)	()	1	1	major	major	I	I, major	V		I	I	False	V	V, major		V(6), major		V	-2	-2	-2	4	4	4	True	False	False
1072.0	2.0	178.667	50	2	D	0.0	1.667	0	6	4	3.0	1.0	1/4	True	-1	30.0	90.0	30.0	30b	3	536	False	True				False	371	I6	Bb	I		I6	I		6			M	False	False	(4, 1, 0)	()	0	4	major	major	I	I, major	I		I	I	False	I6	I6, major		I6, major		I	-2	-2	-2	4	4	4	True	False	True
1072.0	2.0	178.667	50	2	D	0.0	1.667	0	6	4	4.0	1.0	1/4	True	-1	30.0	90.0	30.0	30b	3	536	False	True				False	371	I6	Bb	I		I6	I		6			M	False	False	(4, 1, 0)	()	0	4	major	major	I	I, major	I		I	I	False	I6	I6, major		I6, major		I	-2	-2	-2	4	4	4	True	False	True
1072.0	2.0	178.667	70	-2	B	-1.0	1.667	0	6	4	1.0	1.0	1/4	True	-1	30.0	90.0	30.0	30b	4	536	False	True				False	371	I6	Bb	I		I6	I		6			M	False	False	(4, 1, 0)	()	0	4	major	major	I	I, major	I		I	I	False	I6	I6, major		I6, major		I	-2	-2	-2	0	0	0	True	True	False
1074.0	2.0	179.0	55	1	G	0.0	2.0	2	6	4	3.0	1.0	1/4	True	-1	30.0	90.0	30.0	30b	3	537	False	True				False	372	IVM65	Bb	I		IVM65	IV	M	65			MM7	False	False	(3, 0, 4, -1)	()	-1	3	major	major	I	I, major	IV		I	I	False	IVM65	IVM65, major		IVM65, major		IV	-2	-2	-2	3	3	3	True	False	True
1074.0	2.0	179.0	55	1	G	0.0	2.0	2	6	4	4.0	1.0	1/4	True	-1	30.0	90.0	30.0	30b	3	537	False	True				False	372	IVM65	Bb	I		IVM65	IV	M	65			MM7	False	False	(3, 0, 4, -1)	()	-1	3	major	major	I	I, major	IV		I	I	False	IVM65	IVM65, major		IVM65, major		IV	-2	-2	-2	3	3	3	True	False	True
1074.0	6.0	179.0	75	-3	E	-1.0	2.0	2	6	4	1.0	1.0	3/4	True	-1	30.0	90.0	30.0	30b	5	537	False	True				False	372	IVM65	Bb	I		IVM65	IV	M	65			MM7	False	False	(3, 0, 4, -1)	()	-1	3	major	major	I	I, major	IV		I	I	False	IVM65	IVM65, major		IVM65, major		IV	-2	-2	-2	-1	-1	-1	True	True	False
1076.0	2.0	179.333	57	3	A	0.0	2.333	0	6	4	3.0	1.0	1/4	True	-1	30.0	90.0	30.0	30b	3	538	False	True				False	373	viio	Bb	I		viio	vii	o				o	False	False	(5, 2, -1)	()	5	5	major	major	I	I, major	vii		I	I	False	viio	viio, major		viio, major		vii	-2	-2	-2	5	5	5	True	True	True
1076.0	2.0	179.333	57	3	A	0.0	2.333	0	6	4	4.0	1.0	1/4	True	-1	30.0	90.0	30.0	30b	3	538	False	True				False	373	viio	Bb	I		viio	vii	o				o	False	False	(5, 2, -1)	()	5	5	major	major	I	I, major	vii		I	I	False	viio	viio, major		viio, major		vii	-2	-2	-2	5	5	5	True	True	True
1076.0	4.0	179.333	72	0	C	0.0	2.333	0	6	4	2.0	1.0	1/2	True	-1	30.0	90.0	30.0	30b	5	538	False	True				False	373	viio	Bb	I		viio	vii	o				o	False	False	(5, 2, -1)	()	5	5	major	major	I	I, major	vii		I	I	False	viio	viio, major		viio, major		vii	-2	-2	-2	2	2	2	True	False	False
1078.0	2.0	179.667	53	-1	F	0.0	2.667	0	6	4	3.0	1.0	1/4	True	-1	30.0	90.0	30.0	30b	3	539	False	True				False	374	V7	Bb	I		V7	V		7			Mm7	False	False	(1, 5, 2, -1)	()	1	1	major	major	I	I, major	V		I	I	False	V7	V7, major		V7, major		V	-2	-2	-2	1	1	1	True	True	True
1078.0	2.0	179.667	53	-1	F	0.0	2.667	0	6	4	4.0	1.0	1/4	True	-1	30.0	90.0	30.0	30b	3	539	False	True				False	374	V7	Bb	I		V7	V		7			Mm7	False	False	(1, 5, 2, -1)	()	1	1	major	major	I	I, major	V		I	I	False	V7	V7, major		V7, major		V	-2	-2	-2	1	1	1	True	True	True
1080.0	2.0	180.0	58	-2	B	-1.0	1.0	1	6	4	3.0	1.0	1/4	True	-1	31.0	91.0	31.0	31b	3	540	False	True				False	375	I(2)	Bb	I		I(2)	I			2		M	False	False	(2, 4, 1)	()	0	2	major	major	I	I, major	I		I	I	False	I	I, major		I(2), major		I	-2	-2	-2	0	0	0	False	True	False
1080.0	4.0	180.0	58	-2	B	-1.0	1.0	1	6	4	4.0	1.0	1/2	True	-1	31.0	91.0	31.0	31b	3	540	False	True				False	375	I(2)	Bb	I		I(2)	I			2		M	False	False	(2, 4, 1)	()	0	2	major	major	I	I, major	I		I	I	False	I	I, major		I(2), major		I	-2	-2	-2	0	0	0	False	True	False
1080.0	2.0	180.0	72	0	C	0.0	1.0	1	6	4	2.0	1.0	1/4	False	-1	31.0	91.0	31.0	31b	5	540	False	True				False	375	I(2)	Bb	I		I(2)	I			2		M	False	False	(2, 4, 1)	()	0	2	major	major	I	I, major	I		I	I	False	I	I, major		I(2), major		I	-2	-2	-2	2	2	2	True	False	True
1080.0	6.0	180.0	74	2	D	0.0	1.0	1	6	4	1.0	1.0	3/4	True	-1	31.0	91.0	31.0	31b	5	540	False	True				False	375	I(2)	Bb	I		I(2)	I			2		M	False	False	(2, 4, 1)	()	0	2	major	major	I	I, major	I		I	I	False	I	I, major		I(2), major		I	-2	-2	-2	4	4	4	True	False	False
1082.0	1.0	180.333	62	2	D	0.0	1.333	0	6	4	3.0	1.0	1/8	True	-1	31.0	91.0	31.0	31b	4	541	False	True				False	376	I	Bb	I		I	I					M	False	False	(0, 4, 1)	()	0	0	major	major	I	I, major	I		I	I	False	I	I, major		I, major		I	-2	-2	-2	4	4	4	True	False	False
1082.0	4.0	180.333	70	-2	B	-1.0	1.333	0	6	4	2.0	1.0	1/2	True	-1	31.0	91.0	31.0	31b	4	541	False	True				False	376	I	Bb	I		I	I					M	False	False	(0, 4, 1)	()	0	0	major	major	I	I, major	I		I	I	False	I	I, major		I, major		I	-2	-2	-2	0	0	0	True	True	True
1083.0	1.0	180.5	60	0	C	0.0	1.5	0	6	4	3.0	1.0	1/8	True	-1	31.0	91.0	31.0	31b	4	1083/2	False	False				False	376	I	Bb	I		I	I					M	False	False	(0, 4, 1)	()	0	0	major	major	I	I, major	I		I	I	False	I	I, major		I, major		I	-2	-2	-2	2	2	2	False	False	False
1084.0	2.0	180.667	58	-2	B	-1.0	1.667	0	6	4	3.0	1.0	1/4	True	-1	31.0	91.0	31.0	31b	3	542	False	False				False	376	I	Bb	I		I	I					M	False	False	(0, 4, 1)	()	0	0	major	major	I	I, major	I		I	I	False	I	I, major		I, major		I	-2	-2	-2	0	0	0	True	True	True
1084.0	2.0	180.667	58	-2	B	-1.0	1.667	0	6	4	4.0	1.0	1/4	True	-1	31.0	91.0	31.0	31b	3	542	False	False				False	376	I	Bb	I		I	I					M	False	False	(0, 4, 1)	()	0	0	major	major	I	I, major	I		I	I	False	I	I, major		I, major		I	-2	-2	-2	0	0	0	True	True	True
1086.0	2.0	181.0	60	0	C	0.0	2.0	2	6	4	3.0	1.0	1/4	True	-1	31.0	91.0	31.0	31b	4	543	False	True				False	377	viio6	Bb	I		viio6	vii	o	6			o	False	False	(2, -1, 5)	()	5	2	major	major	I	I, major	vii		I	I	False	viio6	viio6, major		viio6, major		vii	-2	-2	-2	2	2	2	True	False	True
1086.0	2.0	181.0	60	0	C	0.0	2.0	2	6	4	4.0	1.0	1/4	True	-1	31.0	91.0	31.0	31b	4	543	False	True				False	377	viio6	Bb	I		viio6	vii	o	6			o	False	False	(2, -1, 5)	()	5	2	major	major	I	I, major	vii		I	I	False	viio6	viio6, major		viio6, major		vii	-2	-2	-2	2	2	2	True	False	True
1086.0	6.0	181.0	69	3	A	0.0	2.0	2	6	4	2.0	1.0	3/4	True	-1	31.0	91.0	31.0	31b	4	543	False	True				False	377	viio6	Bb	I		viio6	vii	o	6			o	False	False	(2, -1, 5)	()	5	2	major	major	I	I, major	vii		I	I	False	viio6	viio6, major		viio6, major		vii	-2	-2	-2	5	5	5	True	True	False
1086.0	2.0	181.0	75	-3	E	-1.0	2.0	2	6	4	1.0	1.0	1/4	True	-1	31.0	91.0	31.0	31b	5	543	False	True				False	377	viio6	Bb	I		viio6	vii	o	6			o	False	False	(2, -1, 5)	()	5	2	major	major	I	I, major	vii		I	I	False	viio6	viio6, major		viio6, major		vii	-2	-2	-2	-1	-1	-1	True	False	False
1088.0	2.0	181.333	53	-1	F	0.0	2.333	0	6	4	3.0	1.0	1/4	True	-1	31.0	91.0	31.0	31b	3	544	False	True				False	378	V	Bb	I		V	V					M	False	False	(1, 5, 2)	()	1	1	major	major	I	I, major	V		I	I	False	V	V, major		V, major		V	-2	-2	-2	1	1	1	True	True	True
1088.0	2.0	181.333	53	-1	F	0.0	2.333	0	6	4	4.0	1.0	1/4	True	-1	31.0	91.0	31.0	31b	3	544	False	True				False	378	V	Bb	I		V	V					M	False	False	(1, 5, 2)	()	1	1	major	major	I	I, major	V		I	I	False	V	V, major		V, major		V	-2	-2	-2	1	1	1	True	True	True
1088.0	4.0	181.333	72	0	C	0.0	2.333	0	6	4	1.0	1.0	1/2	True	-1	31.0	91.0	31.0	31b	5	544	False	True				False	378	V	Bb	I		V	V					M	False	False	(1, 5, 2)	()	1	1	major	major	I	I, major	V		I	I	False	V	V, major		V, major		V	-2	-2	-2	2	2	2	True	False	False
1090.0	2.0	181.667	65	-1	F	0.0	2.667	0	6	4	3.0	1.0	1/4	True	-1	31.0	91.0	31.0	31b	4	545	False	False				False	378	V	Bb	I		V	V					M	False	False	(1, 5, 2)	()	1	1	major	major	I	I, major	V		I	I	False	V	V, major		V, major		V	-2	-2	-2	1	1	1	True	True	True
1090.0	2.0	181.667	65	-1	F	0.0	2.667	0	6	4	4.0	1.0	1/4	True	-1	31.0	91.0	31.0	31b	4	545	False	False				False	378	V	Bb	I		V	V					M	False	False	(1, 5, 2)	()	1	1	major	major	I	I, major	V		I	I	False	V	V, major		V, major		V	-2	-2	-2	1	1	1	True	True	True
1092.0	4.0	182.0	58	-2	B	-1.0	1.0	1	6	4	3.0	1.0	1/2	True	-1	32.0	92.0	32.0	32b	3	546	False	True				False	379	I(2)	Bb	I		I(2)	I			2		M	False	False	(2, 4, 1)	()	0	2	major	major	I	I, major	I		I	I	False	I	I, major		I(2), major		I	-2	-2	-2	0	0	0	False	True	False
1092.0	4.0	182.0	58	-2	B	-1.0	1.0	1	6	4	4.0	1.0	1/2	True	-1	32.0	92.0	32.0	32b	3	546	False	True				False	379	I(2)	Bb	I		I(2)	I			2		M	False	False	(2, 4, 1)	()	0	2	major	major	I	I, major	I		I	I	False	I	I, major		I(2), major		I	-2	-2	-2	0	0	0	False	True	False
1092.0	2.0	182.0	72	0	C	0.0	1.0	1	6	4	1.0	1.0	1/4	False	-1	32.0	92.0	32.0	32b	5	546	False	True				False	379	I(2)	Bb	I		I(2)	I			2		M	False	False	(2, 4, 1)	()	0	2	major	major	I	I, major	I		I	I	False	I	I, major		I(2), major		I	-2	-2	-2	2	2	2	True	False	True
1092.0	6.0	182.0	74	2	D	0.0	1.0	1	6	4	2.0	1.0	3/4	True	-1	32.0	92.0	32.0	32b	5	546	False	True				False	379	I(2)	Bb	I		I(2)	I			2		M	False	False	(2, 4, 1)	()	0	2	major	major	I	I, major	I		I	I	False	I	I, major		I(2), major		I	-2	-2	-2	4	4	4	True	False	False
1094.0	2.0	182.333	65	-1	F	0.0	1.333	0	6	4	1.0	1.0	1/4	True	-1	32.0	92.0	32.0	32b	4	547	False	False				False	379	I(2)	Bb	I		I(2)	I			2		M	False	False	(2, 4, 1)	()	0	2	major	major	I	I, major	I		I	I	False	I	I, major		I(2), major		I	-2	-2	-2	1	1	1	True	False	False
1096.0	2.0	182.667	46	-2	B	-1.0	1.667	0	6	4	3.0	1.0	1/4	True	-1	32.0	92.0	32.0	32b	2	548	False	True				False	380	I	Bb	I		I	I					M	False	False	(0, 4, 1)	()	0	0	major	major	I	I, major	I		I	I	False	I	I, major		I, major		I	-2	-2	-2	0	0	0	True	True	True
1096.0	2.0	182.667	46	-2	B	-1.0	1.667	0	6	4	4.0	1.0	1/4	True	-1	32.0	92.0	32.0	32b	2	548	False	True				False	380	I	Bb	I		I	I					M	False	False	(0, 4, 1)	()	0	0	major	major	I	I, major	I		I	I	False	I	I, major		I, major		I	-2	-2	-2	0	0	0	True	True	True
1096.0	4.0	182.667	70	-2	B	-1.0	1.667	0	6	4	1.0	1.0	1/2	True	-1	32.0	92.0	32.0	32b	4	548	False	True				False	380	I	Bb	I		I	I					M	False	False	(0, 4, 1)	()	0	0	major	major	I	I, major	I		I	I	False	I	I, major		I, major		I	-2	-2	-2	0	0	0	True	True	True
1098.0	4.0	183.0	53	-1	F	0.0	2.0	2	6	4	3.0	1.0	1/2	True	-1	32.0	92.0	32.0	32b	3	549	False	True				False	381	V(4)	Bb	I		V(4)	V			4		M	False	False	(1, 0, 2)	()	1	1	major	major	I	I, major	V		I	I	False	V	V, major		V(4), major		V	-2	-2	-2	1	1	1	True	True	True
1098.0	4.0	183.0	53	-1	F	0.0	2.0	2	6	4	4.0	1.0	1/2	True	-1	32.0	92.0	32.0	32b	3	549	False	True				False	381	V(4)	Bb	I		V(4)	V			4		M	False	False	(1, 0, 2)	()	1	1	major	major	I	I, major	V		I	I	False	V	V, major		V(4), major		V	-2	-2	-2	1	1	1	True	True	True
1098.0	6.0	183.0	72	0	C	0.0	2.0	2	6	4	2.0	1.0	3/4	True	-1	32.0	92.0	32.0	32b	5	549	False	True				False	381	V(4)	Bb	I		V(4)	V			4		M	False	False	(1, 0, 2)	()	1	1	major	major	I	I, major	V		I	I	False	V	V, major		V(4), major		V	-2	-2	-2	2	2	2	True	False	False
1100.0	4.0	183.333	69	3	A	0.0	2.333	0	6	4	1.0	1.0	1/2	True	-1	32.0	92.0	32.0	32b	4	550	False	True				False	382	V	Bb	I		V	V					M	False	False	(1, 5, 2)	()	1	1	major	major	I	I, major	V		I	I	False	V	V, major		V, major		V	-2	-2	-2	5	5	5	True	False	False
1102.0	2.0	183.667	54	6	F	1.0	2.667	0	6	4	3.0	1.0	1/4	True	-1	32.0	92.0	32.0	32b	3	551	False	True				False	383	vi.#viio	Bb	vi		#viio	#vii	o				o	False	True	(5, 2, -1)	()	5	5	major	minor	vi	vi, major	#vii		vi	vi	True	#viio	#viio, minor		#viio, minor		#vii	-2	1	1	8	5	5	True	True	True
1102.0	2.0	183.667	54	6	F	1.0	2.667	0	6	4	4.0	1.0	1/4	True	-1	32.0	92.0	32.0	32b	3	551	False	True				False	383	vi.#viio	Bb	vi		#viio	#vii	o				o	False	True	(5, 2, -1)	()	5	5	major	minor	vi	vi, major	#vii		vi	vi	True	#viio	#viio, minor		#viio, minor		#vii	-2	1	1	8	5	5	True	True	True
1104.0	4.0	184.0	55	1	G	0.0	1.0	1	6	4	3.0	1.0	1/2	True	-1	33.0	93.0	33.0	33b	3	552	False	True				False	384	i(2)	Bb	vi		i(2)	i			2		m	False	True	(2, -3, 1)	()	0	2	major	minor	vi	vi, major	i		vi	vi	True	i	i, minor		i(2), minor		i	-2	1	1	3	0	0	False	True	False
1104.0	4.0	184.0	55	1	G	0.0	1.0	1	6	4	4.0	1.0	1/2	True	-1	33.0	93.0	33.0	33b	3	552	False	True				False	384	i(2)	Bb	vi		i(2)	i			2		m	False	True	(2, -3, 1)	()	0	2	major	minor	vi	vi, major	i		vi	vi	True	i	i, minor		i(2), minor		i	-2	1	1	3	0	0	False	True	False
1104.0	2.0	184.0	69	3	A	0.0	1.0	1	6	4	1.0	1.0	1/4	False	-1	33.0	93.0	33.0	33b	4	552	False	True				False	384	i(2)	Bb	vi		i(2)	i			2		m	False	True	(2, -3, 1)	()	0	2	major	minor	vi	vi, major	i		vi	vi	True	i	i, minor		i(2), minor		i	-2	1	1	5	2	2	True	False	True
1104.0	4.0	184.0	70	-2	B	-1.0	1.0	1	6	4	2.0	1.0	1/2	True	-1	33.0	93.0	33.0	33b	4	552	False	True				False	384	i(2)	Bb	vi		i(2)	i			2		m	False	True	(2, -3, 1)	()	0	2	major	minor	vi	vi, major	i		vi	vi	True	i	i, minor		i(2), minor		i	-2	1	1	0	-3	-3	True	False	False
1106.0	2.0	184.333	62	2	D	0.0	1.333	0	6	4	1.0	1.0	1/4	True	-1	33.0	93.0	33.0	33b	4	553	False	False				False	384	i(2)	Bb	vi		i(2)	i			2		m	False	True	(2, -3, 1)	()	0	2	major	minor	vi	vi, major	i		vi	vi	True	i	i, minor		i(2), minor		i	-2	1	1	4	1	1	True	False	False
1108.0	2.0	184.667	46	-2	B	-1.0	1.667	0	6	4	3.0	1.0	1/4	True	-1	33.0	93.0	33.0	33b	2	554	False	True				False	385	i6	Bb	vi		i6	i		6			m	False	True	(-3, 1, 0)	()	0	-3	major	minor	vi	vi, major	i		vi	vi	True	i6	i6, minor		i6, minor		i	-2	1	1	0	-3	-3	True	False	True
1108.0	2.0	184.667	46	-2	B	-1.0	1.667	0	6	4	4.0	1.0	1/4	True	-1	33.0	93.0	33.0	33b	2	554	False	True				False	385	i6	Bb	vi		i6	i		6			m	False	True	(-3, 1, 0)	()	0	-3	major	minor	vi	vi, major	i		vi	vi	True	i6	i6, minor		i6, minor		i	-2	1	1	0	-3	-3	True	False	True
1108.0	4.0	184.667	67	1	G	0.0	1.667	0	6	4	1.0	1.0	1/2	True	-1	33.0	93.0	33.0	33b	4	554	False	True				False	385	i6	Bb	vi		i6	i		6			m	False	True	(-3, 1, 0)	()	0	-3	major	minor	vi	vi, major	i		vi	vi	True	i6	i6, minor		i6, minor		i	-2	1	1	3	0	0	True	True	False
1108.0	2.0	184.667	74	2	D	0.0	1.667	0	6	4	2.0	1.0	1/4	True	-1	33.0	93.0	33.0	33b	5	554	False	True				False	385	i6	Bb	vi		i6	i		6			m	False	True	(-3, 1, 0)	()	0	-3	major	minor	vi	vi, major	i		vi	vi	True	i6	i6, minor		i6, minor		i	-2	1	1	4	1	1	True	False	False
1110.0	2.0	185.0	48	0	C	0.0	2.0	2	6	4	3.0	1.0	1/4	True	-1	33.0	93.0	33.0	33b	3	555	False	True				False	386	ii%65	Bb	vi		ii%65	ii	%	65			%7	False	True	(-1, -4, 0, 2)	()	2	-1	major	minor	vi	vi, major	ii		vi	vi	True	ii%65	ii%65, minor		ii%65, minor		ii	-2	1	1	2	-1	-1	True	False	True
1110.0	2.0	185.0	48	0	C	0.0	2.0	2	6	4	4.0	1.0	1/4	True	-1	33.0	93.0	33.0	33b	3	555	False	True				False	386	ii%65	Bb	vi		ii%65	ii	%	65			%7	False	True	(-1, -4, 0, 2)	()	2	-1	major	minor	vi	vi, major	ii		vi	vi	True	ii%65	ii%65, minor		ii%65, minor		ii	-2	1	1	2	-1	-1	True	False	True
1110.0	2.0	185.0	75	-3	E	-1.0	2.0	2	6	4	2.0	1.0	1/4	True	-1	33.0	93.0	33.0	33b	5	555	False	True				False	386	ii%65	Bb	vi		ii%65	ii	%	65			%7	False	True	(-1, -4, 0, 2)	()	2	-1	major	minor	vi	vi, major	ii		vi	vi	True	ii%65	ii%65, minor		ii%65, minor		ii	-2	1	1	-1	-4	-4	True	False	False
1112.0	4.0	185.333	50	2	D	0.0	2.333	0	6	4	3.0	1.0	1/2	True	-1	33.0	93.0	33.0	33b	3	556	False	True				False	387	V	Bb	vi		V	V					M	False	True	(1, 5, 2)	()	1	1	major	minor	vi	vi, major	V		vi	vi	True	V	V, minor		V, minor		V	-2	1	1	4	1	1	True	True	True
1112.0	4.0	185.333	50	2	D	0.0	2.333	0	6	4	4.0	1.0	1/2	True	-1	33.0	93.0	33.0	33b	3	556	False	True				False	387	V	Bb	vi		V	V					M	False	True	(1, 5, 2)	()	1	1	major	minor	vi	vi, major	V		vi	vi	True	V	V, minor		V, minor		V	-2	1	1	4	1	1	True	True	True
1112.0	4.0	185.333	66	6	F	1.0	2.333	0	6	4	1.0	1.0	1/2	True	-1	33.0	93.0	33.0	33b	4	556	False	True				False	387	V	Bb	vi		V	V					M	False	True	(1, 5, 2)	()	1	1	major	minor	vi	vi, major	V		vi	vi	True	V	V, minor		V, minor		V	-2	1	1	8	5	5	True	False	False
1112.0	4.0	185.333	69	3	A	0.0	2.333	0	6	4	2.0	1.0	1/2	True	-1	33.0	93.0	33.0	33b	4	556	False	True				False	387	V	Bb	vi		V	V					M	False	True	(1, 5, 2)	()	1	1	major	minor	vi	vi, major	V		vi	vi	True	V	V, minor		V, minor		V	-2	1	1	5	2	2	True	False	False
1116.0	2.0	186.0	43	1	G	0.0	1.0	1	6	4	3.0	1.0	1/4	True	-1	34.0	94.0	34.0	34b	2	558	False	True	PAC	PAC	}{	True	388	i|PAC}{	Bb	vi		i	i					m	False	True	(0, -3, 1)	()	0	0	major	minor	vi	vi, major	i		vi	vi	True	i	i, minor		i, minor		i	-2	1	1	3	0	0	True	True	True
1116.0	2.0	186.0	43	1	G	0.0	1.0	1	6	4	4.0	1.0	1/4	True	-1	34.0	94.0	34.0	34b	2	558	False	True	PAC	PAC	}{	True	388	i|PAC}{	Bb	vi		i	i					m	False	True	(0, -3, 1)	()	0	0	major	minor	vi	vi, major	i		vi	vi	True	i	i, minor		i, minor		i	-2	1	1	3	0	0	True	True	True
1116.0	2.0	186.0	67	1	G	0.0	1.0	1	6	4	1.0	1.0	1/4	True	-1	34.0	94.0	34.0	34b	4	558	False	True	PAC	PAC	}{	True	388	i|PAC}{	Bb	vi		i	i					m	False	True	(0, -3, 1)	()	0	0	major	minor	vi	vi, major	i		vi	vi	True	i	i, minor		i, minor		i	-2	1	1	3	0	0	True	True	True
1116.0	6.0	186.0	67	1	G	0.0	1.0	1	6	4	2.0	1.0	3/4	True	-1	34.0	94.0	34.0	34b	4	558	False	True	PAC	PAC	}{	True	388	i|PAC}{	Bb	vi		i	i					m	False	True	(0, -3, 1)	()	0	0	major	minor	vi	vi, major	i		vi	vi	True	i	i, minor		i, minor		i	-2	1	1	3	0	0	True	True	True
1118.0	2.0	186.333	58	-2	B	-1.0	1.333	0	6	4	3.0	1.0	1/4	True	-1	34.0	94.0	34.0	34b	3	559	False	True				False	389	I.vi6	Bb	I		vi6	vi		6			m	False	False	(0, 4, 3)	()	3	0	major	major	I	I, major	vi		I	I	False	vi6	vi6, major		vi6, major		vi	-2	-2	-2	0	0	0	True	False	True
1118.0	2.0	186.333	58	-2	B	-1.0	1.333	0	6	4	4.0	1.0	1/4	True	-1	34.0	94.0	34.0	34b	3	559	False	True				False	389	I.vi6	Bb	I		vi6	vi		6			m	False	False	(0, 4, 3)	()	3	0	major	major	I	I, major	vi		I	I	False	vi6	vi6, major		vi6, major		vi	-2	-2	-2	0	0	0	True	False	True
1118.0	6.0	186.333	79	1	G	0.0	1.333	0	6	4	1.0	1.0	3/4	True	-1	34.0	94.0	34.0	34b	5	559	False	True				False	389	I.vi6	Bb	I		vi6	vi		6			m	False	False	(0, 4, 3)	()	3	0	major	major	I	I, major	vi		I	I	False	vi6	vi6, major		vi6, major		vi	-2	-2	-2	3	3	3	True	True	False
1120.0	2.0	186.667	55	1	G	0.0	1.667	0	6	4	3.0	1.0	1/4	True	-1	34.0	94.0	34.0	34b	3	560	False	False				False	389	I.vi6	Bb	I		vi6	vi		6			m	False	False	(0, 4, 3)	()	3	0	major	major	I	I, major	vi		I	I	False	vi6	vi6, major		vi6, major		vi	-2	-2	-2	3	3	3	True	True	False
1120.0	2.0	186.667	55	1	G	0.0	1.667	0	6	4	4.0	1.0	1/4	True	-1	34.0	94.0	34.0	34b	3	560	False	False				False	389	I.vi6	Bb	I		vi6	vi		6			m	False	False	(0, 4, 3)	()	3	0	major	major	I	I, major	vi		I	I	False	vi6	vi6, major		vi6, major		vi	-2	-2	-2	3	3	3	True	True	False
1122.0	2.0	187.0	62	2	D	0.0	2.0	2	6	4	3.0	1.0	1/4	True	-1	34.0	94.0	34.0	34b	4	561	False	True				False	390	iii(4)	Bb	I		iii(4)	iii			4		m	False	False	(4, 3, 5)	()	4	4	major	major	I	I, major	iii		I	I	False	iii	iii, major		iii(4), major		iii	-2	-2	-2	4	4	4	True	True	True
1122.0	2.0	187.0	62	2	D	0.0	2.0	2	6	4	4.0	1.0	1/4	True	-1	34.0	94.0	34.0	34b	4	561	False	True				False	390	iii(4)	Bb	I		iii(4)	iii			4		m	False	False	(4, 3, 5)	()	4	4	major	major	I	I, major	iii		I	I	False	iii	iii, major		iii(4), major		iii	-2	-2	-2	4	4	4	True	True	True
1122.0	6.0	187.0	81	3	A	0.0	2.0	2	6	4	2.0	1.0	3/4	True	-1	34.0	94.0	34.0	34b	5	561	False	True				False	390	iii(4)	Bb	I		iii(4)	iii			4		m	False	False	(4, 3, 5)	()	4	4	major	major	I	I, major	iii		I	I	False	iii	iii, major		iii(4), major		iii	-2	-2	-2	5	5	5	True	False	False
1124.0	2.0	187.333	53	-1	F	0.0	2.333	0	6	4	3.0	1.0	1/4	True	-1	34.0	94.0	34.0	34b	3	562	False	True				False	391	iii6	Bb	I		iii6	iii		6			m	False	False	(1, 5, 4)	()	4	1	major	major	I	I, major	iii		I	I	False	iii6	iii6, major		iii6, major		iii	-2	-2	-2	1	1	1	True	False	True
1124.0	2.0	187.333	53	-1	F	0.0	2.333	0	6	4	4.0	1.0	1/4	True	-1	34.0	94.0	34.0	34b	3	562	False	True				False	391	iii6	Bb	I		iii6	iii		6			m	False	False	(1, 5, 4)	()	4	1	major	major	I	I, major	iii		I	I	False	iii6	iii6, major		iii6, major		iii	-2	-2	-2	1	1	1	True	False	True
1124.0	4.0	187.333	77	-1	F	0.0	2.333	0	6	4	1.0	1.0	1/2	True	-1	34.0	94.0	34.0	34b	5	562	False	True				False	391	iii6	Bb	I		iii6	iii		6			m	False	False	(1, 5, 4)	()	4	1	major	major	I	I, major	iii		I	I	False	iii6	iii6, major		iii6, major		iii	-2	-2	-2	1	1	1	True	False	True
1126.0	2.0	187.667	50	2	D	0.0	2.667	0	6	4	3.0	1.0	1/4	True	-1	34.0	94.0	34.0	34b	3	563	False	False				False	391	iii6	Bb	I		iii6	iii		6			m	False	False	(1, 5, 4)	()	4	1	major	major	I	I, major	iii		I	I	False	iii6	iii6, major		iii6, major		iii	-2	-2	-2	4	4	4	True	True	False
1126.0	2.0	187.667	50	2	D	0.0	2.667	0	6	4	4.0	1.0	1/4	True	-1	34.0	94.0	34.0	34b	3	563	False	False				False	391	iii6	Bb	I		iii6	iii		6			m	False	False	(1, 5, 4)	()	4	1	major	major	I	I, major	iii		I	I	False	iii6	iii6, major		iii6, major		iii	-2	-2	-2	4	4	4	True	True	False
1128.0	2.0	188.0	51	-3	E	-1.0	1.0	1	6	4	3.0	1.0	1/4	True	-1	35.0	95.0	35.0	35b	3	564	False	True				False	392	IV(9)	Bb	I		IV(9)	IV			9		M	False	False	(-1, 3, 0)	(1,)	-1	-1	major	major	I	I, major	IV		I	I	False	IV	IV, major		IV(9), major		IV	-2	-2	-2	-1	-1	-1	True	True	True
1128.0	2.0	188.0	51	-3	E	-1.0	1.0	1	6	4	4.0	1.0	1/4	True	-1	35.0	95.0	35.0	35b	3	564	False	True				False	392	IV(9)	Bb	I		IV(9)	IV			9		M	False	False	(-1, 3, 0)	(1,)	-1	-1	major	major	I	I, major	IV		I	I	False	IV	IV, major		IV(9), major		IV	-2	-2	-2	-1	-1	-1	True	True	True
1128.0	2.0	188.0	77	-1	F	0.0	1.0	1	6	4	1.0	1.0	1/4	False	-1	35.0	95.0	35.0	35b	5	564	False	True				False	392	IV(9)	Bb	I		IV(9)	IV			9		M	False	False	(-1, 3, 0)	(1,)	-1	-1	major	major	I	I, major	IV		I	I	False	IV	IV, major		IV(9), major		IV	-2	-2	-2	1	1	1	False	False	False
1128.0	6.0	188.0	79	1	G	0.0	1.0	1	6	4	2.0	1.0	3/4	True	-1	35.0	95.0	35.0	35b	5	564	False	True				False	392	IV(9)	Bb	I		IV(9)	IV			9		M	False	False	(-1, 3, 0)	(1,)	-1	-1	major	major	I	I, major	IV		I	I	False	IV	IV, major		IV(9), major		IV	-2	-2	-2	3	3	3	True	False	False
1130.0	2.0	188.333	55	1	G	0.0	1.333	0	6	4	3.0	1.0	1/4	True	-1	35.0	95.0	35.0	35b	3	565	False	True				False	393	IV6	Bb	I		IV6	IV		6			M	False	False	(3, 0, -1)	()	-1	3	major	major	I	I, major	IV		I	I	False	IV6	IV6, major		IV6, major		IV	-2	-2	-2	3	3	3	True	False	True
1130.0	2.0	188.333	55	1	G	0.0	1.333	0	6	4	4.0	1.0	1/4	True	-1	35.0	95.0	35.0	35b	3	565	False	True				False	393	IV6	Bb	I		IV6	IV		6			M	False	False	(3, 0, -1)	()	-1	3	major	major	I	I, major	IV		I	I	False	IV6	IV6, major		IV6, major		IV	-2	-2	-2	3	3	3	True	False	True
1130.0	6.0	188.333	75	-3	E	-1.0	1.333	0	6	4	1.0	1.0	3/4	True	-1	35.0	95.0	35.0	35b	5	565	False	True				False	393	IV6	Bb	I		IV6	IV		6			M	False	False	(3, 0, -1)	()	-1	3	major	major	I	I, major	IV		I	I	False	IV6	IV6, major		IV6, major		IV	-2	-2	-2	-1	-1	-1	True	True	False
1132.0	2.0	188.667	57	3	A	0.0	1.667	0	6	4	3.0	1.0	1/4	True	-1	35.0	95.0	35.0	35b	3	566	False	False				False	393	IV6	Bb	I		IV6	IV		6			M	False	False	(3, 0, -1)	()	-1	3	major	major	I	I, major	IV		I	I	False	IV6	IV6, major		IV6, major		IV	-2	-2	-2	5	5	5	False	False	False
1132.0	2.0	188.667	57	3	A	0.0	1.667	0	6	4	4.0	1.0	1/4	True	-1	35.0	95.0	35.0	35b	3	566	False	False				False	393	IV6	Bb	I		IV6	IV		6			M	False	False	(3, 0, -1)	()	-1	3	major	major	I	I, major	IV		I	I	False	IV6	IV6, major		IV6, major		IV	-2	-2	-2	5	5	5	False	False	False
1134.0	2.0	189.0	58	-2	B	-1.0	2.0	2	6	4	3.0	1.0	1/4	True	-1	35.0	95.0	35.0	35b	3	567	False	True				False	394	I(4)	Bb	I		I(4)	I			4		M	False	False	(0, -1, 1)	()	0	0	major	major	I	I, major	I		I	I	False	I	I, major		I(4), major		I	-2	-2	-2	0	0	0	True	True	True
1134.0	2.0	189.0	58	-2	B	-1.0	2.0	2	6	4	4.0	1.0	1/4	True	-1	35.0	95.0	35.0	35b	3	567	False	True				False	394	I(4)	Bb	I		I(4)	I			4		M	False	False	(0, -1, 1)	()	0	0	major	major	I	I, major	I		I	I	False	I	I, major		I(4), major		I	-2	-2	-2	0	0	0	True	True	True
1134.0	6.0	189.0	77	-1	F	0.0	2.0	2	6	4	2.0	1.0	3/4	True	-1	35.0	95.0	35.0	35b	5	567	False	True				False	394	I(4)	Bb	I		I(4)	I			4		M	False	False	(0, -1, 1)	()	0	0	major	major	I	I, major	I		I	I	False	I	I, major		I(4), major		I	-2	-2	-2	1	1	1	True	False	False
1136.0	2.0	189.333	50	2	D	0.0	2.333	0	6	4	3.0	1.0	1/4	True	-1	35.0	95.0	35.0	35b	3	568	False	True				False	395	I6	Bb	I		I6	I		6			M	False	False	(4, 1, 0)	()	0	4	major	major	I	I, major	I		I	I	False	I6	I6, major		I6, major		I	-2	-2	-2	4	4	4	True	False	True
1136.0	2.0	189.333	50	2	D	0.0	2.333	0	6	4	4.0	1.0	1/4	True	-1	35.0	95.0	35.0	35b	3	568	False	True				False	395	I6	Bb	I		I6	I		6			M	False	False	(4, 1, 0)	()	0	4	major	major	I	I, major	I		I	I	False	I6	I6, major		I6, major		I	-2	-2	-2	4	4	4	True	False	True
1136.0	4.0	189.333	74	2	D	0.0	2.333	0	6	4	1.0	1.0	1/2	True	-1	35.0	95.0	35.0	35b	5	568	False	True				False	395	I6	Bb	I		I6	I		6			M	False	False	(4, 1, 0)	()	0	4	major	major	I	I, major	I		I	I	False	I6	I6, major		I6, major		I	-2	-2	-2	4	4	4	True	False	True
1138.0	2.0	189.667	46	-2	B	-1.0	2.667	0	6	4	3.0	1.0	1/4	True	-1	35.0	95.0	35.0	35b	2	569	False	False				False	395	I6	Bb	I		I6	I		6			M	False	False	(4, 1, 0)	()	0	4	major	major	I	I, major	I		I	I	False	I6	I6, major		I6, major		I	-2	-2	-2	0	0	0	True	True	False
1138.0	2.0	189.667	46	-2	B	-1.0	2.667	0	6	4	4.0	1.0	1/4	True	-1	35.0	95.0	35.0	35b	2	569	False	False				False	395	I6	Bb	I		I6	I		6			M	False	False	(4, 1, 0)	()	0	4	major	major	I	I, major	I		I	I	False	I6	I6, major		I6, major		I	-2	-2	-2	0	0	0	True	True	False
1140.0	2.0	190.0	43	1	G	0.0	1.0	1	6	4	3.0	1.0	1/4	True	-1	36.0	96.0	36.0	36b	2	570	False	True				False	396	IVM65	Bb	I		IVM65	IV	M	65			MM7	False	False	(3, 0, 4, -1)	()	-1	3	major	major	I	I, major	IV		I	I	False	IVM65	IVM65, major		IVM65, major		IV	-2	-2	-2	3	3	3	True	False	True
1140.0	2.0	190.0	43	1	G	0.0	1.0	1	6	4	4.0	1.0	1/4	True	-1	36.0	96.0	36.0	36b	2	570	False	True				False	396	IVM65	Bb	I		IVM65	IV	M	65			MM7	False	False	(3, 0, 4, -1)	()	-1	3	major	major	I	I, major	IV		I	I	False	IVM65	IVM65, major		IVM65, major		IV	-2	-2	-2	3	3	3	True	False	True
1140.0	2.0	190.0	74	2	D	0.0	1.0	1	6	4	1.0	1.0	1/4	False	-1	36.0	96.0	36.0	36b	5	570	False	True				False	396	IVM65	Bb	I		IVM65	IV	M	65			MM7	False	False	(3, 0, 4, -1)	()	-1	3	major	major	I	I, major	IV		I	I	False	IVM65	IVM65, major		IVM65, major		IV	-2	-2	-2	4	4	4	True	False	False
1140.0	6.0	190.0	75	-3	E	-1.0	1.0	1	6	4	2.0	1.0	3/4	True	-1	36.0	96.0	36.0	36b	5	570	False	True				False	396	IVM65	Bb	I		IVM65	IV	M	65			MM7	False	False	(3, 0, 4, -1)	()	-1	3	major	major	I	I, major	IV		I	I	False	IVM65	IVM65, major		IVM65, major		IV	-2	-2	-2	-1	-1	-1	True	True	False
1142.0	2.0	190.333	45	3	A	0.0	1.333	0	6	4	3.0	1.0	1/4	True	-1	36.0	96.0	36.0	36b	2	571	False	True				False	397	viio	Bb	I		viio	vii	o				o	False	False	(5, 2, -1)	()	5	5	major	major	I	I, major	vii		I	I	False	viio	viio, major		viio, major		vii	-2	-2	-2	5	5	5	True	True	True
1142.0	2.0	190.333	45	3	A	0.0	1.333	0	6	4	4.0	1.0	1/4	True	-1	36.0	96.0	36.0	36b	2	571	False	True				False	397	viio	Bb	I		viio	vii	o				o	False	False	(5, 2, -1)	()	5	5	major	major	I	I, major	vii		I	I	False	viio	viio, major		viio, major		vii	-2	-2	-2	5	5	5	True	True	True
1142.0	6.0	190.333	72	0	C	0.0	1.333	0	6	4	1.0	1.0	3/4	True	-1	36.0	96.0	36.0	36b	5	571	False	True				False	397	viio	Bb	I		viio	vii	o				o	False	False	(5, 2, -1)	()	5	5	major	major	I	I, major	vii		I	I	False	viio	viio, major		viio, major		vii	-2	-2	-2	2	2	2	True	False	False
1144.0	2.0	190.667	41	-1	F	0.0	1.667	0	6	4	3.0	1.0	1/4	True	-1	36.0	96.0	36.0	36b	2	572	False	True				False	398	V7	Bb	I		V7	V		7			Mm7	False	False	(1, 5, 2, -1)	()	1	1	major	major	I	I, major	V		I	I	False	V7	V7, major		V7, major		V	-2	-2	-2	1	1	1	True	True	True
1144.0	2.0	190.667	41	-1	F	0.0	1.667	0	6	4	4.0	1.0	1/4	True	-1	36.0	96.0	36.0	36b	2	572	False	True				False	398	V7	Bb	I		V7	V		7			Mm7	False	False	(1, 5, 2, -1)	()	1	1	major	major	I	I, major	V		I	I	False	V7	V7, major		V7, major		V	-2	-2	-2	1	1	1	True	True	True
1146.0	4.0	191.0	46	-2	B	-1.0	2.0	2	6	4	3.0	1.0	1/2	True	-1	36.0	96.0	36.0	36b	2	573	False	True				False	399	I(2)	Bb	I		I(2)	I			2		M	False	False	(2, 4, 1)	()	0	2	major	major	I	I, major	I		I	I	False	I	I, major		I(2), major		I	-2	-2	-2	0	0	0	False	True	False
1146.0	4.0	191.0	46	-2	B	-1.0	2.0	2	6	4	4.0	1.0	1/2	True	-1	36.0	96.0	36.0	36b	2	573	False	True				False	399	I(2)	Bb	I		I(2)	I			2		M	False	False	(2, 4, 1)	()	0	2	major	major	I	I, major	I		I	I	False	I	I, major		I(2), major		I	-2	-2	-2	0	0	0	False	True	False
1146.0	4.0	191.0	74	2	D	0.0	2.0	2	6	4	2.0	1.0	1/2	True	-1	36.0	96.0	36.0	36b	5	573	False	True				False	399	I(2)	Bb	I		I(2)	I			2		M	False	False	(2, 4, 1)	()	0	2	major	major	I	I, major	I		I	I	False	I	I, major		I(2), major		I	-2	-2	-2	4	4	4	True	False	False
1148.0	2.0	191.333	65	-1	F	0.0	2.333	0	6	4	1.0	1.0	1/4	True	-1	36.0	96.0	36.0	36b	4	574	False	False				False	399	I(2)	Bb	I		I(2)	I			2		M	False	False	(2, 4, 1)	()	0	2	major	major	I	I, major	I		I	I	False	I	I, major		I(2), major		I	-2	-2	-2	1	1	1	True	False	False
1150.0	2.0	191.667	50	2	D	0.0	2.667	0	6	4	3.0	1.0	1/4	True	-1	36.0	96.0	36.0	36b	3	575	False	True				False	400	I6	Bb	I		I6	I		6			M	False	False	(4, 1, 0)	()	0	4	major	major	I	I, major	I		I	I	False	I6	I6, major		I6, major		I	-2	-2	-2	4	4	4	True	False	True
1150.0	2.0	191.667	50	2	D	0.0	2.667	0	6	4	4.0	1.0	1/4	True	-1	36.0	96.0	36.0	36b	3	575	False	True				False	400	I6	Bb	I		I6	I		6			M	False	False	(4, 1, 0)	()	0	4	major	major	I	I, major	I		I	I	False	I6	I6, major		I6, major		I	-2	-2	-2	4	4	4	True	False	True
1150.0	2.0	191.667	70	-2	B	-1.0	2.667	0	6	4	1.0	1.0	1/4	True	-1	36.0	96.0	36.0	36b	4	575	False	True				False	400	I6	Bb	I		I6	I		6			M	False	False	(4, 1, 0)	()	0	4	major	major	I	I, major	I		I	I	False	I6	I6, major		I6, major		I	-2	-2	-2	0	0	0	True	True	False
1150.0	2.0	191.667	77	-1	F	0.0	2.667	0	6	4	2.0	1.0	1/4	True	-1	36.0	96.0	36.0	36b	5	575	False	True				False	400	I6	Bb	I		I6	I		6			M	False	False	(4, 1, 0)	()	0	4	major	major	I	I, major	I		I	I	False	I6	I6, major		I6, major		I	-2	-2	-2	1	1	1	True	False	False
1152.0	2.0	192.0	51	-3	E	-1.0	1.0	1	6	4	3.0	1.0	1/4	True	-1	37.0	97.0	37.0	37b	3	576	False	True				False	401	ii65	Bb	I		ii65	ii		65			mm7	False	False	(-1, 3, 0, 2)	()	2	-1	major	major	I	I, major	ii		I	I	False	ii65	ii65, major		ii65, major		ii	-2	-2	-2	-1	-1	-1	True	False	True
1152.0	2.0	192.0	51	-3	E	-1.0	1.0	1	6	4	4.0	1.0	1/4	True	-1	37.0	97.0	37.0	37b	3	576	False	True				False	401	ii65	Bb	I		ii65	ii		65			mm7	False	False	(-1, 3, 0, 2)	()	2	-1	major	major	I	I, major	ii		I	I	False	ii65	ii65, major		ii65, major		ii	-2	-2	-2	-1	-1	-1	True	False	True
1152.0	2.0	192.0	70	-2	B	-1.0	1.0	1	6	4	1.0	1.0	1/4	False	-1	37.0	97.0	37.0	37b	4	576	False	True				False	401	ii65	Bb	I		ii65	ii		65			mm7	False	False	(-1, 3, 0, 2)	()	2	-1	major	major	I	I, major	ii		I	I	False	ii65	ii65, major		ii65, major		ii	-2	-2	-2	0	0	0	True	False	False
1152.0	2.0	192.0	79	1	G	0.0	1.0	1	6	4	2.0	1.0	1/4	True	-1	37.0	97.0	37.0	37b	5	576	False	True				False	401	ii65	Bb	I		ii65	ii		65			mm7	False	False	(-1, 3, 0, 2)	()	2	-1	major	major	I	I, major	ii		I	I	False	ii65	ii65, major		ii65, major		ii	-2	-2	-2	3	3	3	True	False	False
1154.0	2.0	192.333	53	-1	F	0.0	1.333	0	6	4	3.0	1.0	1/4	True	-1	37.0	97.0	37.0	37b	3	577	False	True				False	402	V	Bb	I		V	V					M	False	False	(1, 5, 2)	()	1	1	major	major	I	I, major	V		I	I	False	V	V, major		V, major		V	-2	-2	-2	1	1	1	True	True	True
1154.0	2.0	192.333	53	-1	F	0.0	1.333	0	6	4	4.0	1.0	1/4	True	-1	37.0	97.0	37.0	37b	3	577	False	True				False	402	V	Bb	I		V	V					M	False	False	(1, 5, 2)	()	1	1	major	major	I	I, major	V		I	I	False	V	V, major		V, major		V	-2	-2	-2	1	1	1	True	True	True
1154.0	4.0	192.333	69	3	A	0.0	1.333	0	6	4	1.0	1.0	1/2	True	-1	37.0	97.0	37.0	37b	4	577	False	True				False	402	V	Bb	I		V	V					M	False	False	(1, 5, 2)	()	1	1	major	major	I	I, major	V		I	I	False	V	V, major		V, major		V	-2	-2	-2	5	5	5	True	False	False
1154.0	4.0	192.333	72	0	C	0.0	1.333	0	6	4	2.0	1.0	1/2	True	-1	37.0	97.0	37.0	37b	5	577	False	True				False	402	V	Bb	I		V	V					M	False	False	(1, 5, 2)	()	1	1	major	major	I	I, major	V		I	I	False	V	V, major		V, major		V	-2	-2	-2	2	2	2	True	False	False
1156.0	2.0	192.667	41	-1	F	0.0	1.667	0	6	4	3.0	1.0	1/4	True	-1	37.0	97.0	37.0	37b	2	578	False	False				False	402	V	Bb	I		V	V					M	False	False	(1, 5, 2)	()	1	1	major	major	I	I, major	V		I	I	False	V	V, major		V, major		V	-2	-2	-2	1	1	1	True	True	True
1156.0	2.0	192.667	41	-1	F	0.0	1.667	0	6	4	4.0	1.0	1/4	True	-1	37.0	97.0	37.0	37b	2	578	False	False				False	402	V	Bb	I		V	V					M	False	False	(1, 5, 2)	()	1	1	major	major	I	I, major	V		I	I	False	V	V, major		V, major		V	-2	-2	-2	1	1	1	True	True	True
1158.0	4.0	193.0	46	-2	B	-1.0	2.0	2	6	4	3.0	1.0	1/2	True	-1	37.0	97.0	37.0	37b	2	579	False	True	PAC	PAC	}{	True	403	I|PAC}{	Bb	I		I	I					M	False	False	(0, 4, 1)	()	0	0	major	major	I	I, major	I		I	I	False	I	I, major		I, major		I	-2	-2	-2	0	0	0	True	True	True
1158.0	4.0	193.0	46	-2	B	-1.0	2.0	2	6	4	4.0	1.0	1/2	True	-1	37.0	97.0	37.0	37b	2	579	False	True	PAC	PAC	}{	True	403	I|PAC}{	Bb	I		I	I					M	False	False	(0, 4, 1)	()	0	0	major	major	I	I, major	I		I	I	False	I	I, major		I, major		I	-2	-2	-2	0	0	0	True	True	True
1158.0	2.0	193.0	70	-2	B	-1.0	2.0	2	6	4	1.0	1.0	1/4	True	-1	37.0	97.0	37.0	37b	4	579	False	True	PAC	PAC	}{	True	403	I|PAC}{	Bb	I		I	I					M	False	False	(0, 4, 1)	()	0	0	major	major	I	I, major	I		I	I	False	I	I, major		I, major		I	-2	-2	-2	0	0	0	True	True	True
1158.0	4.0	193.0	70	-2	B	-1.0	2.0	2	6	4	2.0	1.0	1/2	True	-1	37.0	97.0	37.0	37b	4	579	False	True	PAC	PAC	}{	True	403	I|PAC}{	Bb	I		I	I					M	False	False	(0, 4, 1)	()	0	0	major	major	I	I, major	I		I	I	False	I	I, major		I, major		I	-2	-2	-2	0	0	0	True	True	True
1160.0	1.0	193.333	74	2	D	0.0	2.333	0	6	4	1.0	1.0	1/8	True	-1	37.0	97.0	37.0	37b	5	580	False	False				False	403	I|PAC}{	Bb	I		I	I					M	False	False	(0, 4, 1)	()	0	0	major	major	I	I, major	I		I	I	False	I	I, major		I, major		I	-2	-2	-2	4	4	4	True	False	False
1161.0	1.0	193.5	72	0	C	0.0	2.5	0	6	4	1.0	1.0	1/8	True	-1	37.0	97.0	37.0	37b	5	1161/2	False	False				False	403	I|PAC}{	Bb	I		I	I					M	False	False	(0, 4, 1)	()	0	0	major	major	I	I, major	I		I	I	False	I	I, major		I, major		I	-2	-2	-2	2	2	2	False	False	False
1162.0	2.0	193.667	58	-2	B	-1.0	2.667	0	6	4	3.0	1.0	1/4	True	-1	37.0	97.0	37.0	37b	3	581	False	False				False	403	I|PAC}{	Bb	I		I	I					M	False	False	(0, 4, 1)	()	0	0	major	major	I	I, major	I		I	I	False	I	I, major		I, major		I	-2	-2	-2	0	0	0	True	True	True
1162.0	2.0	193.667	58	-2	B	-1.0	2.667	0	6	4	4.0	1.0	1/4	True	-1	37.0	97.0	37.0	37b	3	581	False	False				False	403	I|PAC}{	Bb	I		I	I					M	False	False	(0, 4, 1)	()	0	0	major	major	I	I, major	I		I	I	False	I	I, major		I, major		I	-2	-2	-2	0	0	0	True	True	True
1162.0	2.0	193.667	70	-2	B	-1.0	2.667	0	6	4	1.0	1.0	1/4	True	-1	37.0	97.0	37.0	37b	4	581	False	False				False	403	I|PAC}{	Bb	I		I	I					M	False	False	(0, 4, 1)	()	0	0	major	major	I	I, major	I		I	I	False	I	I, major		I, major		I	-2	-2	-2	0	0	0	True	True	True
1164.0	2.0	194.0	57	3	A	0.0	1.0	1	6	4	3.0	1.0	1/4	True	-1	38.0	98.0	38.0	38b	3	582	False	True				False	404	V6	Bb	I		V6	V		6			M	False	False	(5, 2, 1)	()	1	5	major	major	I	I, major	V		I	I	False	V6	V6, major		V6, major		V	-2	-2	-2	5	5	5	True	False	True
1164.0	2.0	194.0	57	3	A	0.0	1.0	1	6	4	4.0	1.0	1/4	True	-1	38.0	98.0	38.0	38b	3	582	False	True				False	404	V6	Bb	I		V6	V		6			M	False	False	(5, 2, 1)	()	1	5	major	major	I	I, major	V		I	I	False	V6	V6, major		V6, major		V	-2	-2	-2	5	5	5	True	False	True
1164.0	2.0	194.0	72	0	C	0.0	1.0	1	6	4	1.0	1.0	1/4	True	-1	38.0	98.0	38.0	38b	5	582	False	True				False	404	V6	Bb	I		V6	V		6			M	False	False	(5, 2, 1)	()	1	5	major	major	I	I, major	V		I	I	False	V6	V6, major		V6, major		V	-2	-2	-2	2	2	2	True	False	False
1166.0	2.0	194.333	53	-1	F	0.0	1.333	0	6	4	3.0	1.0	1/4	True	-1	38.0	98.0	38.0	38b	3	583	False	False				False	404	V6	Bb	I		V6	V		6			M	False	False	(5, 2, 1)	()	1	5	major	major	I	I, major	V		I	I	False	V6	V6, major		V6, major		V	-2	-2	-2	1	1	1	True	True	False
1166.0	2.0	194.333	53	-1	F	0.0	1.333	0	6	4	4.0	1.0	1/4	True	-1	38.0	98.0	38.0	38b	3	583	False	False				False	404	V6	Bb	I		V6	V		6			M	False	False	(5, 2, 1)	()	1	5	major	major	I	I, major	V		I	I	False	V6	V6, major		V6, major		V	-2	-2	-2	1	1	1	True	True	False
1166.0	2.0	194.333	65	-1	F	0.0	1.333	0	6	4	1.0	1.0	1/4	True	-1	38.0	98.0	38.0	38b	4	583	False	False				False	404	V6	Bb	I		V6	V		6			M	False	False	(5, 2, 1)	()	1	5	major	major	I	I, major	V		I	I	False	V6	V6, major		V6, major		V	-2	-2	-2	1	1	1	True	True	False
1166.0	2.0	194.333	77	-1	F	0.0	1.333	0	6	4	2.0	1.0	1/4	True	-1	38.0	98.0	38.0	38b	5	583	False	False				False	404	V6	Bb	I		V6	V		6			M	False	False	(5, 2, 1)	()	1	5	major	major	I	I, major	V		I	I	False	V6	V6, major		V6, major		V	-2	-2	-2	1	1	1	True	True	False
1168.0	2.0	194.667	57	3	A	0.0	1.667	0	6	4	3.0	1.0	1/4	True	-1	38.0	98.0	38.0	38b	3	584	False	False				False	404	V6	Bb	I		V6	V		6			M	False	False	(5, 2, 1)	()	1	5	major	major	I	I, major	V		I	I	False	V6	V6, major		V6, major		V	-2	-2	-2	5	5	5	True	False	True
1168.0	2.0	194.667	57	3	A	0.0	1.667	0	6	4	4.0	1.0	1/4	True	-1	38.0	98.0	38.0	38b	3	584	False	False				False	404	V6	Bb	I		V6	V		6			M	False	False	(5, 2, 1)	()	1	5	major	major	I	I, major	V		I	I	False	V6	V6, major		V6, major		V	-2	-2	-2	5	5	5	True	False	True
1168.0	2.0	194.667	72	0	C	0.0	1.667	0	6	4	2.0	1.0	1/4	True	-1	38.0	98.0	38.0	38b	5	584	False	False				False	404	V6	Bb	I		V6	V		6			M	False	False	(5, 2, 1)	()	1	5	major	major	I	I, major	V		I	I	False	V6	V6, major		V6, major		V	-2	-2	-2	2	2	2	True	False	False
1170.0	2.0	195.0	58	-2	B	-1.0	2.0	2	6	4	3.0	1.0	1/4	True	-1	38.0	98.0	38.0	38b	3	585	False	True				False	405	I	Bb	I		I	I					M	False	False	(0, 4, 1)	()	0	0	major	major	I	I, major	I		I	I	False	I	I, major		I, major		I	-2	-2	-2	0	0	0	True	True	True
1170.0	2.0	195.0	58	-2	B	-1.0	2.0	2	6	4	4.0	1.0	1/4	True	-1	38.0	98.0	38.0	38b	3	585	False	True				False	405	I	Bb	I		I	I					M	False	False	(0, 4, 1)	()	0	0	major	major	I	I, major	I		I	I	False	I	I, major		I, major		I	-2	-2	-2	0	0	0	True	True	True
1170.0	4.0	195.0	74	2	D	0.0	2.0	2	6	4	2.0	1.0	1/2	True	-1	38.0	98.0	38.0	38b	5	585	False	True				False	405	I	Bb	I		I	I					M	False	False	(0, 4, 1)	()	0	0	major	major	I	I, major	I		I	I	False	I	I, major		I, major		I	-2	-2	-2	4	4	4	True	False	False
1172.0	2.0	195.333	46	-2	B	-1.0	2.333	0	6	4	3.0	1.0	1/4	True	-1	38.0	98.0	38.0	38b	2	586	False	False				False	405	I	Bb	I		I	I					M	False	False	(0, 4, 1)	()	0	0	major	major	I	I, major	I		I	I	False	I	I, major		I, major		I	-2	-2	-2	0	0	0	True	True	True
1172.0	2.0	195.333	46	-2	B	-1.0	2.333	0	6	4	4.0	1.0	1/4	True	-1	38.0	98.0	38.0	38b	2	586	False	False				False	405	I	Bb	I		I	I					M	False	False	(0, 4, 1)	()	0	0	major	major	I	I, major	I		I	I	False	I	I, major		I, major		I	-2	-2	-2	0	0	0	True	True	True
1172.0	1.0	195.333	74	2	D	0.0	2.333	0	6	4	1.0	1.0	1/8	True	-1	38.0	98.0	38.0	38b	5	586	False	False				False	405	I	Bb	I		I	I					M	False	False	(0, 4, 1)	()	0	0	major	major	I	I, major	I		I	I	False	I	I, major		I, major		I	-2	-2	-2	4	4	4	True	False	False
1173.0	1.0	195.5	72	0	C	0.0	2.5	0	6	4	1.0	1.0	1/8	True	-1	38.0	98.0	38.0	38b	5	1173/2	False	False				False	405	I	Bb	I		I	I					M	False	False	(0, 4, 1)	()	0	0	major	major	I	I, major	I		I	I	False	I	I, major		I, major		I	-2	-2	-2	2	2	2	False	False	False
1174.0	2.0	195.667	58	-2	B	-1.0	2.667	0	6	4	3.0	1.0	1/4	True	-1	38.0	98.0	38.0	38b	3	587	False	False				False	405	I	Bb	I		I	I					M	False	False	(0, 4, 1)	()	0	0	major	major	I	I, major	I		I	I	False	I	I, major		I, major		I	-2	-2	-2	0	0	0	True	True	True
1174.0	2.0	195.667	58	-2	B	-1.0	2.667	0	6	4	4.0	1.0	1/4	True	-1	38.0	98.0	38.0	38b	3	587	False	False				False	405	I	Bb	I		I	I					M	False	False	(0, 4, 1)	()	0	0	major	major	I	I, major	I		I	I	False	I	I, major		I, major		I	-2	-2	-2	0	0	0	True	True	True
1174.0	2.0	195.667	70	-2	B	-1.0	2.667	0	6	4	1.0	1.0	1/4	True	-1	38.0	98.0	38.0	38b	4	587	False	False				False	405	I	Bb	I		I	I					M	False	False	(0, 4, 1)	()	0	0	major	major	I	I, major	I		I	I	False	I	I, major		I, major		I	-2	-2	-2	0	0	0	True	True	True
1176.0	2.0	196.0	57	3	A	0.0	1.0	1	6	4	3.0	1.0	1/4	True	-1	39.0	99.0	39.0	39b	3	588	False	True				False	406	V6	Bb	I		V6	V		6			M	False	False	(5, 2, 1)	()	1	5	major	major	I	I, major	V		I	I	False	V6	V6, major		V6, major		V	-2	-2	-2	5	5	5	True	False	True
1176.0	2.0	196.0	57	3	A	0.0	1.0	1	6	4	4.0	1.0	1/4	True	-1	39.0	99.0	39.0	39b	3	588	False	True				False	406	V6	Bb	I		V6	V		6			M	False	False	(5, 2, 1)	()	1	5	major	major	I	I, major	V		I	I	False	V6	V6, major		V6, major		V	-2	-2	-2	5	5	5	True	False	True
1176.0	2.0	196.0	72	0	C	0.0	1.0	1	6	4	1.0	1.0	1/4	True	-1	39.0	99.0	39.0	39b	5	588	False	True				False	406	V6	Bb	I		V6	V		6			M	False	False	(5, 2, 1)	()	1	5	major	major	I	I, major	V		I	I	False	V6	V6, major		V6, major		V	-2	-2	-2	2	2	2	True	False	False
1178.0	2.0	196.333	53	-1	F	0.0	1.333	0	6	4	3.0	1.0	1/4	True	-1	39.0	99.0	39.0	39b	3	589	False	False				False	406	V6	Bb	I		V6	V		6			M	False	False	(5, 2, 1)	()	1	5	major	major	I	I, major	V		I	I	False	V6	V6, major		V6, major		V	-2	-2	-2	1	1	1	True	True	False
1178.0	2.0	196.333	53	-1	F	0.0	1.333	0	6	4	4.0	1.0	1/4	True	-1	39.0	99.0	39.0	39b	3	589	False	False				False	406	V6	Bb	I		V6	V		6			M	False	False	(5, 2, 1)	()	1	5	major	major	I	I, major	V		I	I	False	V6	V6, major		V6, major		V	-2	-2	-2	1	1	1	True	True	False
1178.0	2.0	196.333	65	-1	F	0.0	1.333	0	6	4	1.0	1.0	1/4	True	-1	39.0	99.0	39.0	39b	4	589	False	False				False	406	V6	Bb	I		V6	V		6			M	False	False	(5, 2, 1)	()	1	5	major	major	I	I, major	V		I	I	False	V6	V6, major		V6, major		V	-2	-2	-2	1	1	1	True	True	False
1178.0	2.0	196.333	77	-1	F	0.0	1.333	0	6	4	2.0	1.0	1/4	True	-1	39.0	99.0	39.0	39b	5	589	False	False				False	406	V6	Bb	I		V6	V		6			M	False	False	(5, 2, 1)	()	1	5	major	major	I	I, major	V		I	I	False	V6	V6, major		V6, major		V	-2	-2	-2	1	1	1	True	True	False
1180.0	2.0	196.667	57	3	A	0.0	1.667	0	6	4	3.0	1.0	1/4	True	-1	39.0	99.0	39.0	39b	3	590	False	False				False	406	V6	Bb	I		V6	V		6			M	False	False	(5, 2, 1)	()	1	5	major	major	I	I, major	V		I	I	False	V6	V6, major		V6, major		V	-2	-2	-2	5	5	5	True	False	True
1180.0	2.0	196.667	57	3	A	0.0	1.667	0	6	4	4.0	1.0	1/4	True	-1	39.0	99.0	39.0	39b	3	590	False	False				False	406	V6	Bb	I		V6	V		6			M	False	False	(5, 2, 1)	()	1	5	major	major	I	I, major	V		I	I	False	V6	V6, major		V6, major		V	-2	-2	-2	5	5	5	True	False	True
1180.0	2.0	196.667	72	0	C	0.0	1.667	0	6	4	2.0	1.0	1/4	True	-1	39.0	99.0	39.0	39b	5	590	False	False				False	406	V6	Bb	I		V6	V		6			M	False	False	(5, 2, 1)	()	1	5	major	major	I	I, major	V		I	I	False	V6	V6, major		V6, major		V	-2	-2	-2	2	2	2	True	False	False
1182.0	2.0	197.0	58	-2	B	-1.0	2.0	2	6	4	3.0	1.0	1/4	True	-1	39.0	99.0	39.0	39b	3	591	False	True				False	407	I	Bb	I		I	I					M	False	False	(0, 4, 1)	()	0	0	major	major	I	I, major	I		I	I	False	I	I, major		I, major		I	-2	-2	-2	0	0	0	True	True	True
1182.0	2.0	197.0	58	-2	B	-1.0	2.0	2	6	4	4.0	1.0	1/4	True	-1	39.0	99.0	39.0	39b	3	591	False	True				False	407	I	Bb	I		I	I					M	False	False	(0, 4, 1)	()	0	0	major	major	I	I, major	I		I	I	False	I	I, major		I, major		I	-2	-2	-2	0	0	0	True	True	True
1182.0	2.0	197.0	74	2	D	0.0	2.0	2	6	4	2.0	1.0	1/4	True	-1	39.0	99.0	39.0	39b	5	591	False	True				False	407	I	Bb	I		I	I					M	False	False	(0, 4, 1)	()	0	0	major	major	I	I, major	I		I	I	False	I	I, major		I, major		I	-2	-2	-2	4	4	4	True	False	False
1184.0	1.0	197.333	75	-3	E	-1.0	2.333	0	6	4	1.0	1.0	1/8	True	-1	39.0	99.0	39.0	39b	5	592	False	True				False	408	ii.i	Bb	ii		i	i					m	False	True	(0, -3, 1)	()	0	0	major	minor	ii	ii, major	i		ii	ii	True	i	i, minor		i, minor		i	-2	0	0	-1	-3	-3	True	False	False
1185.0	1.0	197.5	74	2	D	0.0	2.5	0	6	4	1.0	1.0	1/8	True	-1	39.0	99.0	39.0	39b	5	1185/2	False	False				False	408	ii.i	Bb	ii		i	i					m	False	True	(0, -3, 1)	()	0	0	major	minor	ii	ii, major	i		ii	ii	True	i	i, minor		i, minor		i	-2	0	0	4	2	2	False	False	False
1186.0	2.0	197.667	60	0	C	0.0	2.667	0	6	4	3.0	1.0	1/4	True	-1	39.0	99.0	39.0	39b	4	593	False	False				False	408	ii.i	Bb	ii		i	i					m	False	True	(0, -3, 1)	()	0	0	major	minor	ii	ii, major	i		ii	ii	True	i	i, minor		i, minor		i	-2	0	0	2	0	0	True	True	True
1186.0	2.0	197.667	60	0	C	0.0	2.667	0	6	4	4.0	1.0	1/4	True	-1	39.0	99.0	39.0	39b	4	593	False	False				False	408	ii.i	Bb	ii		i	i					m	False	True	(0, -3, 1)	()	0	0	major	minor	ii	ii, major	i		ii	ii	True	i	i, minor		i, minor		i	-2	0	0	2	0	0	True	True	True
1186.0	2.0	197.667	72	0	C	0.0	2.667	0	6	4	1.0	1.0	1/4	True	-1	39.0	99.0	39.0	39b	5	593	False	False				False	408	ii.i	Bb	ii		i	i					m	False	True	(0, -3, 1)	()	0	0	major	minor	ii	ii, major	i		ii	ii	True	i	i, minor		i, minor		i	-2	0	0	2	0	0	True	True	True
1188.0	2.0	198.0	59	5	B	0.0	1.0	1	6	4	3.0	1.0	1/4	True	-1	40.0	100.0	40.0	40b	3	594	False	True				False	409	V6	Bb	ii		V6	V		6			M	False	True	(5, 2, 1)	()	1	5	major	minor	ii	ii, major	V		ii	ii	True	V6	V6, minor		V6, minor		V	-2	0	0	7	5	5	True	False	True
1188.0	2.0	198.0	59	5	B	0.0	1.0	1	6	4	4.0	1.0	1/4	True	-1	40.0	100.0	40.0	40b	3	594	False	True				False	409	V6	Bb	ii		V6	V		6			M	False	True	(5, 2, 1)	()	1	5	major	minor	ii	ii, major	V		ii	ii	True	V6	V6, minor		V6, minor		V	-2	0	0	7	5	5	True	False	True
1188.0	2.0	198.0	74	2	D	0.0	1.0	1	6	4	1.0	1.0	1/4	True	-1	40.0	100.0	40.0	40b	5	594	False	True				False	409	V6	Bb	ii		V6	V		6			M	False	True	(5, 2, 1)	()	1	5	major	minor	ii	ii, major	V		ii	ii	True	V6	V6, minor		V6, minor		V	-2	0	0	4	2	2	True	False	False
1190.0	2.0	198.333	55	1	G	0.0	1.333	0	6	4	3.0	1.0	1/4	True	-1	40.0	100.0	40.0	40b	3	595	False	False				False	409	V6	Bb	ii		V6	V		6			M	False	True	(5, 2, 1)	()	1	5	major	minor	ii	ii, major	V		ii	ii	True	V6	V6, minor		V6, minor		V	-2	0	0	3	1	1	True	True	False
1190.0	2.0	198.333	55	1	G	0.0	1.333	0	6	4	4.0	1.0	1/4	True	-1	40.0	100.0	40.0	40b	3	595	False	False				False	409	V6	Bb	ii		V6	V		6			M	False	True	(5, 2, 1)	()	1	5	major	minor	ii	ii, major	V		ii	ii	True	V6	V6, minor		V6, minor		V	-2	0	0	3	1	1	True	True	False
1190.0	2.0	198.333	67	1	G	0.0	1.333	0	6	4	1.0	1.0	1/4	True	-1	40.0	100.0	40.0	40b	4	595	False	False				False	409	V6	Bb	ii		V6	V		6			M	False	True	(5, 2, 1)	()	1	5	major	minor	ii	ii, major	V		ii	ii	True	V6	V6, minor		V6, minor		V	-2	0	0	3	1	1	True	True	False
1190.0	2.0	198.333	79	1	G	0.0	1.333	0	6	4	2.0	1.0	1/4	True	-1	40.0	100.0	40.0	40b	5	595	False	False				False	409	V6	Bb	ii		V6	V		6			M	False	True	(5, 2, 1)	()	1	5	major	minor	ii	ii, major	V		ii	ii	True	V6	V6, minor		V6, minor		V	-2	0	0	3	1	1	True	True	False
1192.0	2.0	198.667	59	5	B	0.0	1.667	0	6	4	3.0	1.0	1/4	True	-1	40.0	100.0	40.0	40b	3	596	False	False				False	409	V6	Bb	ii		V6	V		6			M	False	True	(5, 2, 1)	()	1	5	major	minor	ii	ii, major	V		ii	ii	True	V6	V6, minor		V6, minor		V	-2	0	0	7	5	5	True	False	True
1192.0	2.0	198.667	59	5	B	0.0	1.667	0	6	4	4.0	1.0	1/4	True	-1	40.0	100.0	40.0	40b	3	596	False	False				False	409	V6	Bb	ii		V6	V		6			M	False	True	(5, 2, 1)	()	1	5	major	minor	ii	ii, major	V		ii	ii	True	V6	V6, minor		V6, minor		V	-2	0	0	7	5	5	True	False	True
1192.0	2.0	198.667	74	2	D	0.0	1.667	0	6	4	2.0	1.0	1/4	True	-1	40.0	100.0	40.0	40b	5	596	False	False				False	409	V6	Bb	ii		V6	V		6			M	False	True	(5, 2, 1)	()	1	5	major	minor	ii	ii, major	V		ii	ii	True	V6	V6, minor		V6, minor		V	-2	0	0	4	2	2	True	False	False
1194.0	2.0	199.0	60	0	C	0.0	2.0	2	6	4	3.0	1.0	1/4	True	-1	40.0	100.0	40.0	40b	4	597	False	True				False	410	i	Bb	ii		i	i					m	False	True	(0, -3, 1)	()	0	0	major	minor	ii	ii, major	i		ii	ii	True	i	i, minor		i, minor		i	-2	0	0	2	0	0	True	True	True
1194.0	2.0	199.0	60	0	C	0.0	2.0	2	6	4	4.0	1.0	1/4	True	-1	40.0	100.0	40.0	40b	4	597	False	True				False	410	i	Bb	ii		i	i					m	False	True	(0, -3, 1)	()	0	0	major	minor	ii	ii, major	i		ii	ii	True	i	i, minor		i, minor		i	-2	0	0	2	0	0	True	True	True
1194.0	4.0	199.0	75	-3	E	-1.0	2.0	2	6	4	2.0	1.0	1/2	True	-1	40.0	100.0	40.0	40b	5	597	False	True				False	410	i	Bb	ii		i	i					m	False	True	(0, -3, 1)	()	0	0	major	minor	ii	ii, major	i		ii	ii	True	i	i, minor		i, minor		i	-2	0	0	-1	-3	-3	True	False	False
1196.0	2.0	199.333	48	0	C	0.0	2.333	0	6	4	3.0	1.0	1/4	True	-1	40.0	100.0	40.0	40b	3	598	False	False				False	410	i	Bb	ii		i	i					m	False	True	(0, -3, 1)	()	0	0	major	minor	ii	ii, major	i		ii	ii	True	i	i, minor		i, minor		i	-2	0	0	2	0	0	True	True	True
1196.0	2.0	199.333	48	0	C	0.0	2.333	0	6	4	4.0	1.0	1/4	True	-1	40.0	100.0	40.0	40b	3	598	False	False				False	410	i	Bb	ii		i	i					m	False	True	(0, -3, 1)	()	0	0	major	minor	ii	ii, major	i		ii	ii	True	i	i, minor		i, minor		i	-2	0	0	2	0	0	True	True	True
1196.0	1.0	199.333	75	-3	E	-1.0	2.333	0	6	4	1.0	1.0	1/8	True	-1	40.0	100.0	40.0	40b	5	598	False	False				False	410	i	Bb	ii		i	i					m	False	True	(0, -3, 1)	()	0	0	major	minor	ii	ii, major	i		ii	ii	True	i	i, minor		i, minor		i	-2	0	0	-1	-3	-3	True	False	False
1197.0	1.0	199.5	74	2	D	0.0	2.5	0	6	4	1.0	1.0	1/8	True	-1	40.0	100.0	40.0	40b	5	1197/2	False	False				False	410	i	Bb	ii		i	i					m	False	True	(0, -3, 1)	()	0	0	major	minor	ii	ii, major	i		ii	ii	True	i	i, minor		i, minor		i	-2	0	0	4	2	2	False	False	False
1198.0	2.0	199.667	60	0	C	0.0	2.667	0	6	4	3.0	1.0	1/4	True	-1	40.0	100.0	40.0	40b	4	599	False	False				False	410	i	Bb	ii		i	i					m	False	True	(0, -3, 1)	()	0	0	major	minor	ii	ii, major	i		ii	ii	True	i	i, minor		i, minor		i	-2	0	0	2	0	0	True	True	True
1198.0	2.0	199.667	60	0	C	0.0	2.667	0	6	4	4.0	1.0	1/4	True	-1	40.0	100.0	40.0	40b	4	599	False	False				False	410	i	Bb	ii		i	i					m	False	True	(0, -3, 1)	()	0	0	major	minor	ii	ii, major	i		ii	ii	True	i	i, minor		i, minor		i	-2	0	0	2	0	0	True	True	True
1198.0	2.0	199.667	72	0	C	0.0	2.667	0	6	4	1.0	1.0	1/4	True	-1	40.0	100.0	40.0	40b	5	599	False	False				False	410	i	Bb	ii		i	i					m	False	True	(0, -3, 1)	()	0	0	major	minor	ii	ii, major	i		ii	ii	True	i	i, minor		i, minor		i	-2	0	0	2	0	0	True	True	True
1200.0	2.0	200.0	59	5	B	0.0	1.0	1	6	4	3.0	1.0	1/4	True	-1	41.0	101.0	41.0	41b	3	600	False	True				False	411	V6	Bb	ii		V6	V		6			M	False	True	(5, 2, 1)	()	1	5	major	minor	ii	ii, major	V		ii	ii	True	V6	V6, minor		V6, minor		V	-2	0	0	7	5	5	True	False	True
1200.0	2.0	200.0	59	5	B	0.0	1.0	1	6	4	4.0	1.0	1/4	True	-1	41.0	101.0	41.0	41b	3	600	False	True				False	411	V6	Bb	ii		V6	V		6			M	False	True	(5, 2, 1)	()	1	5	major	minor	ii	ii, major	V		ii	ii	True	V6	V6, minor		V6, minor		V	-2	0	0	7	5	5	True	False	True
1200.0	2.0	200.0	74	2	D	0.0	1.0	1	6	4	1.0	1.0	1/4	True	-1	41.0	101.0	41.0	41b	5	600	False	True				False	411	V6	Bb	ii		V6	V		6			M	False	True	(5, 2, 1)	()	1	5	major	minor	ii	ii, major	V		ii	ii	True	V6	V6, minor		V6, minor		V	-2	0	0	4	2	2	True	False	False
1202.0	2.0	200.333	55	1	G	0.0	1.333	0	6	4	3.0	1.0	1/4	True	-1	41.0	101.0	41.0	41b	3	601	False	False				False	411	V6	Bb	ii		V6	V		6			M	False	True	(5, 2, 1)	()	1	5	major	minor	ii	ii, major	V		ii	ii	True	V6	V6, minor		V6, minor		V	-2	0	0	3	1	1	True	True	False
1202.0	2.0	200.333	55	1	G	0.0	1.333	0	6	4	4.0	1.0	1/4	True	-1	41.0	101.0	41.0	41b	3	601	False	False				False	411	V6	Bb	ii		V6	V		6			M	False	True	(5, 2, 1)	()	1	5	major	minor	ii	ii, major	V		ii	ii	True	V6	V6, minor		V6, minor		V	-2	0	0	3	1	1	True	True	False
1202.0	2.0	200.333	67	1	G	0.0	1.333	0	6	4	1.0	1.0	1/4	True	-1	41.0	101.0	41.0	41b	4	601	False	False				False	411	V6	Bb	ii		V6	V		6			M	False	True	(5, 2, 1)	()	1	5	major	minor	ii	ii, major	V		ii	ii	True	V6	V6, minor		V6, minor		V	-2	0	0	3	1	1	True	True	False
1202.0	2.0	200.333	79	1	G	0.0	1.333	0	6	4	2.0	1.0	1/4	True	-1	41.0	101.0	41.0	41b	5	601	False	False				False	411	V6	Bb	ii		V6	V		6			M	False	True	(5, 2, 1)	()	1	5	major	minor	ii	ii, major	V		ii	ii	True	V6	V6, minor		V6, minor		V	-2	0	0	3	1	1	True	True	False
1204.0	2.0	200.667	59	5	B	0.0	1.667	0	6	4	3.0	1.0	1/4	True	-1	41.0	101.0	41.0	41b	3	602	False	False				False	411	V6	Bb	ii		V6	V		6			M	False	True	(5, 2, 1)	()	1	5	major	minor	ii	ii, major	V		ii	ii	True	V6	V6, minor		V6, minor		V	-2	0	0	7	5	5	True	False	True
1204.0	2.0	200.667	59	5	B	0.0	1.667	0	6	4	4.0	1.0	1/4	True	-1	41.0	101.0	41.0	41b	3	602	False	False				False	411	V6	Bb	ii		V6	V		6			M	False	True	(5, 2, 1)	()	1	5	major	minor	ii	ii, major	V		ii	ii	True	V6	V6, minor		V6, minor		V	-2	0	0	7	5	5	True	False	True
1204.0	2.0	200.667	74	2	D	0.0	1.667	0	6	4	2.0	1.0	1/4	True	-1	41.0	101.0	41.0	41b	5	602	False	False				False	411	V6	Bb	ii		V6	V		6			M	False	True	(5, 2, 1)	()	1	5	major	minor	ii	ii, major	V		ii	ii	True	V6	V6, minor		V6, minor		V	-2	0	0	4	2	2	True	False	False
1206.0	2.0	201.0	60	0	C	0.0	2.0	2	6	4	3.0	1.0	1/4	True	-1	41.0	101.0	41.0	41b	4	603	False	True				False	412	i	Bb	ii		i	i					m	False	True	(0, -3, 1)	()	0	0	major	minor	ii	ii, major	i		ii	ii	True	i	i, minor		i, minor		i	-2	0	0	2	0	0	True	True	True
1206.0	2.0	201.0	60	0	C	0.0	2.0	2	6	4	4.0	1.0	1/4	True	-1	41.0	101.0	41.0	41b	4	603	False	True				False	412	i	Bb	ii		i	i					m	False	True	(0, -3, 1)	()	0	0	major	minor	ii	ii, major	i		ii	ii	True	i	i, minor		i, minor		i	-2	0	0	2	0	0	True	True	True
1206.0	2.0	201.0	75	-3	E	-1.0	2.0	2	6	4	2.0	1.0	1/4	True	-1	41.0	101.0	41.0	41b	5	603	False	True				False	412	i	Bb	ii		i	i					m	False	True	(0, -3, 1)	()	0	0	major	minor	ii	ii, major	i		ii	ii	True	i	i, minor		i, minor		i	-2	0	0	-1	-3	-3	True	False	False
1208.0	2.0	201.333	56	-4	A	-1.0	2.333	0	6	4	3.0	1.0	1/4	True	-1	41.0	101.0	41.0	41b	3	604	False	True				False	413	iv6	Bb	ii		iv6	iv		6			m	False	True	(-4, 0, -1)	()	-1	-4	major	minor	ii	ii, major	iv		ii	ii	True	iv6	iv6, minor		iv6, minor		iv	-2	0	0	-2	-4	-4	True	False	True
1208.0	2.0	201.333	56	-4	A	-1.0	2.333	0	6	4	4.0	1.0	1/4	True	-1	41.0	101.0	41.0	41b	3	604	False	True				False	413	iv6	Bb	ii		iv6	iv		6			m	False	True	(-4, 0, -1)	()	-1	-4	major	minor	ii	ii, major	iv		ii	ii	True	iv6	iv6, minor		iv6, minor		iv	-2	0	0	-2	-4	-4	True	False	True
1208.0	2.0	201.333	72	0	C	0.0	2.333	0	6	4	2.0	1.0	1/4	True	-1	41.0	101.0	41.0	41b	5	604	False	True				False	413	iv6	Bb	ii		iv6	iv		6			m	False	True	(-4, 0, -1)	()	-1	-4	major	minor	ii	ii, major	iv		ii	ii	True	iv6	iv6, minor		iv6, minor		iv	-2	0	0	2	0	0	True	False	False
1208.0	2.0	201.333	77	-1	F	0.0	2.333	0	6	4	1.0	1.0	1/4	True	-1	41.0	101.0	41.0	41b	5	604	False	True				False	413	iv6	Bb	ii		iv6	iv		6			m	False	True	(-4, 0, -1)	()	-1	-4	major	minor	ii	ii, major	iv		ii	ii	True	iv6	iv6, minor		iv6, minor		iv	-2	0	0	1	-1	-1	True	True	False
1210.0	2.0	201.667	53	-1	F	0.0	2.667	0	6	4	3.0	1.0	1/4	True	-1	41.0	101.0	41.0	41b	3	605	False	True				False	414	iv	Bb	ii		iv	iv					m	False	True	(-1, -4, 0)	()	-1	-1	major	minor	ii	ii, major	iv		ii	ii	True	iv	iv, minor		iv, minor		iv	-2	0	0	1	-1	-1	True	True	True
1210.0	2.0	201.667	53	-1	F	0.0	2.667	0	6	4	4.0	1.0	1/4	True	-1	41.0	101.0	41.0	41b	3	605	False	True				False	414	iv	Bb	ii		iv	iv					m	False	True	(-1, -4, 0)	()	-1	-1	major	minor	ii	ii, major	iv		ii	ii	True	iv	iv, minor		iv, minor		iv	-2	0	0	1	-1	-1	True	True	True
1210.0	2.0	201.667	77	-1	F	0.0	2.667	0	6	4	2.0	1.0	1/4	True	-1	41.0	101.0	41.0	41b	5	605	False	True				False	414	iv	Bb	ii		iv	iv					m	False	True	(-1, -4, 0)	()	-1	-1	major	minor	ii	ii, major	iv		ii	ii	True	iv	iv, minor		iv, minor		iv	-2	0	0	1	-1	-1	True	True	True
1210.0	2.0	201.667	80	-4	A	-1.0	2.667	0	6	4	1.0	1.0	1/4	True	-1	41.0	101.0	41.0	41b	5	605	False	True				False	414	iv	Bb	ii		iv	iv					m	False	True	(-1, -4, 0)	()	-1	-1	major	minor	ii	ii, major	iv		ii	ii	True	iv	iv, minor		iv, minor		iv	-2	0	0	-2	-4	-4	True	False	False
1212.0	4.0	202.0	55	1	G	0.0	1.0	1	6	4	3.0	1.0	1/2	True	-1	42.0	102.0	42.0	42b	3	606	False	True				False	415	V7	Bb	ii		V7	V		7			Mm7	False	True	(1, 5, 2, -1)	()	1	1	major	minor	ii	ii, major	V		ii	ii	True	V7	V7, minor		V7, minor		V	-2	0	0	3	1	1	True	True	True
1212.0	4.0	202.0	55	1	G	0.0	1.0	1	6	4	4.0	1.0	1/2	True	-1	42.0	102.0	42.0	42b	3	606	False	True				False	415	V7	Bb	ii		V7	V		7			Mm7	False	True	(1, 5, 2, -1)	()	1	1	major	minor	ii	ii, major	V		ii	ii	True	V7	V7, minor		V7, minor		V	-2	0	0	3	1	1	True	True	True
1212.0	4.0	202.0	71	5	B	0.0	1.0	1	6	4	1.0	1.0	1/2	True	-1	42.0	102.0	42.0	42b	4	606	False	True				False	415	V7	Bb	ii		V7	V		7			Mm7	False	True	(1, 5, 2, -1)	()	1	1	major	minor	ii	ii, major	V		ii	ii	True	V7	V7, minor		V7, minor		V	-2	0	0	7	5	5	True	False	False
1212.0	4.0	202.0	77	-1	F	0.0	1.0	1	6	4	2.0	1.0	1/2	True	-1	42.0	102.0	42.0	42b	5	606	False	True				False	415	V7	Bb	ii		V7	V		7			Mm7	False	True	(1, 5, 2, -1)	()	1	1	major	minor	ii	ii, major	V		ii	ii	True	V7	V7, minor		V7, minor		V	-2	0	0	1	-1	-1	True	False	False
1216.0	4.0	202.667	53	-1	F	0.0	1.667	0	6	4	3.0	1.0	1/2	True	-1	42.0	102.0	42.0	42b	3	608	False	True				False	416	iv7	Bb	ii		iv7	iv		7			mm7	False	True	(-1, -4, 0, -3)	()	-1	-1	major	minor	ii	ii, major	iv		ii	ii	True	iv7	iv7, minor		iv7, minor		iv	-2	0	0	1	-1	-1	True	True	True
1216.0	4.0	202.667	53	-1	F	0.0	1.667	0	6	4	4.0	1.0	1/2	True	-1	42.0	102.0	42.0	42b	3	608	False	True				False	416	iv7	Bb	ii		iv7	iv		7			mm7	False	True	(-1, -4, 0, -3)	()	-1	-1	major	minor	ii	ii, major	iv		ii	ii	True	iv7	iv7, minor		iv7, minor		iv	-2	0	0	1	-1	-1	True	True	True
1216.0	4.0	202.667	72	0	C	0.0	1.667	0	6	4	1.0	1.0	1/2	True	-1	42.0	102.0	42.0	42b	5	608	False	True				False	416	iv7	Bb	ii		iv7	iv		7			mm7	False	True	(-1, -4, 0, -3)	()	-1	-1	major	minor	ii	ii, major	iv		ii	ii	True	iv7	iv7, minor		iv7, minor		iv	-2	0	0	2	0	0	True	False	False
1216.0	4.0	202.667	75	-3	E	-1.0	1.667	0	6	4	2.0	1.0	1/2	True	-1	42.0	102.0	42.0	42b	5	608	False	True				False	416	iv7	Bb	ii		iv7	iv		7			mm7	False	True	(-1, -4, 0, -3)	()	-1	-1	major	minor	ii	ii, major	iv		ii	ii	True	iv7	iv7, minor		iv7, minor		iv	-2	0	0	-1	-3	-3	True	False	False
1220.0	2.0	203.333	55	1	G	0.0	2.333	0	6	4	3.0	1.0	1/4	True	-1	42.0	102.0	42.0	42b	3	610	False	True				False	417	V(4)	Bb	ii		V(4)	V			4		M	False	True	(1, 0, 2)	()	1	1	major	minor	ii	ii, major	V		ii	ii	True	V	V, minor		V(4), minor		V	-2	0	0	3	1	1	True	True	True
1220.0	2.0	203.333	55	1	G	0.0	2.333	0	6	4	4.0	1.0	1/4	True	-1	42.0	102.0	42.0	42b	3	610	False	True				False	417	V(4)	Bb	ii		V(4)	V			4		M	False	True	(1, 0, 2)	()	1	1	major	minor	ii	ii, major	V		ii	ii	True	V	V, minor		V(4), minor		V	-2	0	0	3	1	1	True	True	True
1220.0	3.0	203.333	72	0	C	0.0	2.333	0	6	4	1.0	1.0	3/8	True	-1	42.0	102.0	42.0	42b	5	610	False	True				False	417	V(4)	Bb	ii		V(4)	V			4		M	False	True	(1, 0, 2)	()	1	1	major	minor	ii	ii, major	V		ii	ii	True	V	V, minor		V(4), minor		V	-2	0	0	2	0	0	True	False	False
1220.0	4.0	203.333	74	2	D	0.0	2.333	0	6	4	2.0	1.0	1/2	True	-1	42.0	102.0	42.0	42b	5	610	False	True				False	417	V(4)	Bb	ii		V(4)	V			4		M	False	True	(1, 0, 2)	()	1	1	major	minor	ii	ii, major	V		ii	ii	True	V	V, minor		V(4), minor		V	-2	0	0	4	2	2	True	False	False
1222.0	2.0	203.667	43	1	G	0.0	2.667	0	6	4	3.0	1.0	1/4	True	-1	42.0	102.0	42.0	42b	2	611	False	False				False	417	V(4)	Bb	ii		V(4)	V			4		M	False	True	(1, 0, 2)	()	1	1	major	minor	ii	ii, major	V		ii	ii	True	V	V, minor		V(4), minor		V	-2	0	0	3	1	1	True	True	True
1222.0	2.0	203.667	43	1	G	0.0	2.667	0	6	4	4.0	1.0	1/4	True	-1	42.0	102.0	42.0	42b	2	611	False	False				False	417	V(4)	Bb	ii		V(4)	V			4		M	False	True	(1, 0, 2)	()	1	1	major	minor	ii	ii, major	V		ii	ii	True	V	V, minor		V(4), minor		V	-2	0	0	3	1	1	True	True	True
1223.0	1.0	203.833	71	5	B	0.0	2.833	0	6	4	1.0	1.0	1/8	True	-1	42.0	102.0	42.0	42b	4	1223/2	False	True				False	418	V	Bb	ii		V	V					M	False	True	(1, 5, 2)	()	1	1	major	minor	ii	ii, major	V		ii	ii	True	V	V, minor		V, minor		V	-2	0	0	7	5	5	True	False	False
1224.0	4.0	204.0	48	0	C	0.0	1.0	1	6	4	3.0	1.0	1/2	True	-1	43.0	103.0	43.0	43b	3	612	False	True	PAC	PAC	}{	True	419	i|PAC}{	Bb	ii		i	i					m	False	True	(0, -3, 1)	()	0	0	major	minor	ii	ii, major	i		ii	ii	True	i	i, minor		i, minor		i	-2	0	0	2	0	0	True	True	True
1224.0	4.0	204.0	48	0	C	0.0	1.0	1	6	4	4.0	1.0	1/2	True	-1	43.0	103.0	43.0	43b	3	612	False	True	PAC	PAC	}{	True	419	i|PAC}{	Bb	ii		i	i					m	False	True	(0, -3, 1)	()	0	0	major	minor	ii	ii, major	i		ii	ii	True	i	i, minor		i, minor		i	-2	0	0	2	0	0	True	True	True
1224.0	2.0	204.0	72	0	C	0.0	1.0	1	6	4	2.0	1.0	1/4	True	-1	43.0	103.0	43.0	43b	5	612	False	True	PAC	PAC	}{	True	419	i|PAC}{	Bb	ii		i	i					m	False	True	(0, -3, 1)	()	0	0	major	minor	ii	ii, major	i		ii	ii	True	i	i, minor		i, minor		i	-2	0	0	2	0	0	True	True	True
1224.0	4.0	204.0	72	0	C	0.0	1.0	1	6	4	1.0	1.0	1/2	True	-1	43.0	103.0	43.0	43b	5	612	False	True	PAC	PAC	}{	True	419	i|PAC}{	Bb	ii		i	i					m	False	True	(0, -3, 1)	()	0	0	major	minor	ii	ii, major	i		ii	ii	True	i	i, minor		i, minor		i	-2	0	0	2	0	0	True	True	True
1226.0	1.0	204.333	75	-3	E	-1.0	1.333	0	6	4	2.0	1.0	1/8	True	-1	43.0	103.0	43.0	43b	5	613	False	False				False	419	i|PAC}{	Bb	ii		i	i					m	False	True	(0, -3, 1)	()	0	0	major	minor	ii	ii, major	i		ii	ii	True	i	i, minor		i, minor		i	-2	0	0	-1	-3	-3	True	False	False
1227.0	1.0	204.5	74	2	D	0.0	1.5	0	6	4	2.0	1.0	1/8	True	-1	43.0	103.0	43.0	43b	5	1227/2	False	False				False	419	i|PAC}{	Bb	ii		i	i					m	False	True	(0, -3, 1)	()	0	0	major	minor	ii	ii, major	i		ii	ii	True	i	i, minor		i, minor		i	-2	0	0	4	2	2	False	False	False
1228.0	2.0	204.667	60	0	C	0.0	1.667	0	6	4	3.0	1.0	1/4	True	-1	43.0	103.0	43.0	43b	4	614	False	False				False	419	i|PAC}{	Bb	ii		i	i					m	False	True	(0, -3, 1)	()	0	0	major	minor	ii	ii, major	i		ii	ii	True	i	i, minor		i, minor		i	-2	0	0	2	0	0	True	True	True
1228.0	2.0	204.667	60	0	C	0.0	1.667	0	6	4	4.0	1.0	1/4	True	-1	43.0	103.0	43.0	43b	4	614	False	False				False	419	i|PAC}{	Bb	ii		i	i					m	False	True	(0, -3, 1)	()	0	0	major	minor	ii	ii, major	i		ii	ii	True	i	i, minor		i, minor		i	-2	0	0	2	0	0	True	True	True
1228.0	2.0	204.667	72	0	C	0.0	1.667	0	6	4	2.0	1.0	1/4	True	-1	43.0	103.0	43.0	43b	5	614	False	False				False	419	i|PAC}{	Bb	ii		i	i					m	False	True	(0, -3, 1)	()	0	0	major	minor	ii	ii, major	i		ii	ii	True	i	i, minor		i, minor		i	-2	0	0	2	0	0	True	True	True
1230.0	2.0	205.0	59	5	B	0.0	2.0	2	6	4	3.0	1.0	1/4	True	-1	43.0	103.0	43.0	43b	3	615	False	True				False	420	V6	Bb	ii		V6	V		6			M	False	True	(5, 2, 1)	()	1	5	major	minor	ii	ii, major	V		ii	ii	True	V6	V6, minor		V6, minor		V	-2	0	0	7	5	5	True	False	True
1230.0	2.0	205.0	59	5	B	0.0	2.0	2	6	4	4.0	1.0	1/4	True	-1	43.0	103.0	43.0	43b	3	615	False	True				False	420	V6	Bb	ii		V6	V		6			M	False	True	(5, 2, 1)	()	1	5	major	minor	ii	ii, major	V		ii	ii	True	V6	V6, minor		V6, minor		V	-2	0	0	7	5	5	True	False	True
1230.0	2.0	205.0	74	2	D	0.0	2.0	2	6	4	2.0	1.0	1/4	True	-1	43.0	103.0	43.0	43b	5	615	False	True				False	420	V6	Bb	ii		V6	V		6			M	False	True	(5, 2, 1)	()	1	5	major	minor	ii	ii, major	V		ii	ii	True	V6	V6, minor		V6, minor		V	-2	0	0	4	2	2	True	False	False
1232.0	2.0	205.333	55	1	G	0.0	2.333	0	6	4	3.0	1.0	1/4	True	-1	43.0	103.0	43.0	43b	3	616	False	False				False	420	V6	Bb	ii		V6	V		6			M	False	True	(5, 2, 1)	()	1	5	major	minor	ii	ii, major	V		ii	ii	True	V6	V6, minor		V6, minor		V	-2	0	0	3	1	1	True	True	False
1232.0	2.0	205.333	55	1	G	0.0	2.333	0	6	4	4.0	1.0	1/4	True	-1	43.0	103.0	43.0	43b	3	616	False	False				False	420	V6	Bb	ii		V6	V		6			M	False	True	(5, 2, 1)	()	1	5	major	minor	ii	ii, major	V		ii	ii	True	V6	V6, minor		V6, minor		V	-2	0	0	3	1	1	True	True	False
1232.0	2.0	205.333	67	1	G	0.0	2.333	0	6	4	2.0	1.0	1/4	True	-1	43.0	103.0	43.0	43b	4	616	False	False				False	420	V6	Bb	ii		V6	V		6			M	False	True	(5, 2, 1)	()	1	5	major	minor	ii	ii, major	V		ii	ii	True	V6	V6, minor		V6, minor		V	-2	0	0	3	1	1	True	True	False
1232.0	2.0	205.333	79	1	G	0.0	2.333	0	6	4	1.0	1.0	1/4	True	-1	43.0	103.0	43.0	43b	5	616	False	False				False	420	V6	Bb	ii		V6	V		6			M	False	True	(5, 2, 1)	()	1	5	major	minor	ii	ii, major	V		ii	ii	True	V6	V6, minor		V6, minor		V	-2	0	0	3	1	1	True	True	False
1234.0	2.0	205.667	59	5	B	0.0	2.667	0	6	4	3.0	1.0	1/4	True	-1	43.0	103.0	43.0	43b	3	617	False	False				False	420	V6	Bb	ii		V6	V		6			M	False	True	(5, 2, 1)	()	1	5	major	minor	ii	ii, major	V		ii	ii	True	V6	V6, minor		V6, minor		V	-2	0	0	7	5	5	True	False	True
1234.0	2.0	205.667	59	5	B	0.0	2.667	0	6	4	4.0	1.0	1/4	True	-1	43.0	103.0	43.0	43b	3	617	False	False				False	420	V6	Bb	ii		V6	V		6			M	False	True	(5, 2, 1)	()	1	5	major	minor	ii	ii, major	V		ii	ii	True	V6	V6, minor		V6, minor		V	-2	0	0	7	5	5	True	False	True
1234.0	2.0	205.667	74	2	D	0.0	2.667	0	6	4	1.0	1.0	1/4	True	-1	43.0	103.0	43.0	43b	5	617	False	False				False	420	V6	Bb	ii		V6	V		6			M	False	True	(5, 2, 1)	()	1	5	major	minor	ii	ii, major	V		ii	ii	True	V6	V6, minor		V6, minor		V	-2	0	0	4	2	2	True	False	False
1236.0	2.0	206.0	60	0	C	0.0	1.0	1	6	4	3.0	1.0	1/4	True	-1	44.0	104.0	44.0	44b	4	618	False	True				False	421	i	Bb	ii		i	i					m	False	True	(0, -3, 1)	()	0	0	major	minor	ii	ii, major	i		ii	ii	True	i	i, minor		i, minor		i	-2	0	0	2	0	0	True	True	True
1236.0	2.0	206.0	60	0	C	0.0	1.0	1	6	4	4.0	1.0	1/4	True	-1	44.0	104.0	44.0	44b	4	618	False	True				False	421	i	Bb	ii		i	i					m	False	True	(0, -3, 1)	()	0	0	major	minor	ii	ii, major	i		ii	ii	True	i	i, minor		i, minor		i	-2	0	0	2	0	0	True	True	True
1236.0	4.0	206.0	75	-3	E	-1.0	1.0	1	6	4	1.0	1.0	1/2	True	-1	44.0	104.0	44.0	44b	5	618	False	True				False	421	i	Bb	ii		i	i					m	False	True	(0, -3, 1)	()	0	0	major	minor	ii	ii, major	i		ii	ii	True	i	i, minor		i, minor		i	-2	0	0	-1	-3	-3	True	False	False
1238.0	2.0	206.333	48	0	C	0.0	1.333	0	6	4	3.0	1.0	1/4	True	-1	44.0	104.0	44.0	44b	3	619	False	False				False	421	i	Bb	ii		i	i					m	False	True	(0, -3, 1)	()	0	0	major	minor	ii	ii, major	i		ii	ii	True	i	i, minor		i, minor		i	-2	0	0	2	0	0	True	True	True
1238.0	2.0	206.333	48	0	C	0.0	1.333	0	6	4	4.0	1.0	1/4	True	-1	44.0	104.0	44.0	44b	3	619	False	False				False	421	i	Bb	ii		i	i					m	False	True	(0, -3, 1)	()	0	0	major	minor	ii	ii, major	i		ii	ii	True	i	i, minor		i, minor		i	-2	0	0	2	0	0	True	True	True
1238.0	1.0	206.333	75	-3	E	-1.0	1.333	0	6	4	2.0	1.0	1/8	True	-1	44.0	104.0	44.0	44b	5	619	False	False				False	421	i	Bb	ii		i	i					m	False	True	(0, -3, 1)	()	0	0	major	minor	ii	ii, major	i		ii	ii	True	i	i, minor		i, minor		i	-2	0	0	-1	-3	-3	True	False	False
1239.0	1.0	206.5	74	2	D	0.0	1.5	0	6	4	2.0	1.0	1/8	True	-1	44.0	104.0	44.0	44b	5	1239/2	False	False				False	421	i	Bb	ii		i	i					m	False	True	(0, -3, 1)	()	0	0	major	minor	ii	ii, major	i		ii	ii	True	i	i, minor		i, minor		i	-2	0	0	4	2	2	False	False	False
1240.0	2.0	206.667	60	0	C	0.0	1.667	0	6	4	3.0	1.0	1/4	True	-1	44.0	104.0	44.0	44b	4	620	False	False				False	421	i	Bb	ii		i	i					m	False	True	(0, -3, 1)	()	0	0	major	minor	ii	ii, major	i		ii	ii	True	i	i, minor		i, minor		i	-2	0	0	2	0	0	True	True	True
1240.0	2.0	206.667	60	0	C	0.0	1.667	0	6	4	4.0	1.0	1/4	True	-1	44.0	104.0	44.0	44b	4	620	False	False				False	421	i	Bb	ii		i	i					m	False	True	(0, -3, 1)	()	0	0	major	minor	ii	ii, major	i		ii	ii	True	i	i, minor		i, minor		i	-2	0	0	2	0	0	True	True	True
1240.0	2.0	206.667	72	0	C	0.0	1.667	0	6	4	2.0	1.0	1/4	True	-1	44.0	104.0	44.0	44b	5	620	False	False				False	421	i	Bb	ii		i	i					m	False	True	(0, -3, 1)	()	0	0	major	minor	ii	ii, major	i		ii	ii	True	i	i, minor		i, minor		i	-2	0	0	2	0	0	True	True	True
1242.0	2.0	207.0	59	5	B	0.0	2.0	2	6	4	3.0	1.0	1/4	True	-1	44.0	104.0	44.0	44b	3	621	False	True				False	422	V6	Bb	ii		V6	V		6			M	False	True	(5, 2, 1)	()	1	5	major	minor	ii	ii, major	V		ii	ii	True	V6	V6, minor		V6, minor		V	-2	0	0	7	5	5	True	False	True
1242.0	2.0	207.0	59	5	B	0.0	2.0	2	6	4	4.0	1.0	1/4	True	-1	44.0	104.0	44.0	44b	3	621	False	True				False	422	V6	Bb	ii		V6	V		6			M	False	True	(5, 2, 1)	()	1	5	major	minor	ii	ii, major	V		ii	ii	True	V6	V6, minor		V6, minor		V	-2	0	0	7	5	5	True	False	True
1242.0	2.0	207.0	74	2	D	0.0	2.0	2	6	4	2.0	1.0	1/4	True	-1	44.0	104.0	44.0	44b	5	621	False	True				False	422	V6	Bb	ii		V6	V		6			M	False	True	(5, 2, 1)	()	1	5	major	minor	ii	ii, major	V		ii	ii	True	V6	V6, minor		V6, minor		V	-2	0	0	4	2	2	True	False	False
1244.0	2.0	207.333	55	1	G	0.0	2.333	0	6	4	3.0	1.0	1/4	True	-1	44.0	104.0	44.0	44b	3	622	False	False				False	422	V6	Bb	ii		V6	V		6			M	False	True	(5, 2, 1)	()	1	5	major	minor	ii	ii, major	V		ii	ii	True	V6	V6, minor		V6, minor		V	-2	0	0	3	1	1	True	True	False
1244.0	2.0	207.333	55	1	G	0.0	2.333	0	6	4	4.0	1.0	1/4	True	-1	44.0	104.0	44.0	44b	3	622	False	False				False	422	V6	Bb	ii		V6	V		6			M	False	True	(5, 2, 1)	()	1	5	major	minor	ii	ii, major	V		ii	ii	True	V6	V6, minor		V6, minor		V	-2	0	0	3	1	1	True	True	False
1244.0	2.0	207.333	67	1	G	0.0	2.333	0	6	4	2.0	1.0	1/4	True	-1	44.0	104.0	44.0	44b	4	622	False	False				False	422	V6	Bb	ii		V6	V		6			M	False	True	(5, 2, 1)	()	1	5	major	minor	ii	ii, major	V		ii	ii	True	V6	V6, minor		V6, minor		V	-2	0	0	3	1	1	True	True	False
1244.0	2.0	207.333	79	1	G	0.0	2.333	0	6	4	1.0	1.0	1/4	True	-1	44.0	104.0	44.0	44b	5	622	False	False				False	422	V6	Bb	ii		V6	V		6			M	False	True	(5, 2, 1)	()	1	5	major	minor	ii	ii, major	V		ii	ii	True	V6	V6, minor		V6, minor		V	-2	0	0	3	1	1	True	True	False
1246.0	2.0	207.667	59	5	B	0.0	2.667	0	6	4	3.0	1.0	1/4	True	-1	44.0	104.0	44.0	44b	3	623	False	False				False	422	V6	Bb	ii		V6	V		6			M	False	True	(5, 2, 1)	()	1	5	major	minor	ii	ii, major	V		ii	ii	True	V6	V6, minor		V6, minor		V	-2	0	0	7	5	5	True	False	True
1246.0	2.0	207.667	59	5	B	0.0	2.667	0	6	4	4.0	1.0	1/4	True	-1	44.0	104.0	44.0	44b	3	623	False	False				False	422	V6	Bb	ii		V6	V		6			M	False	True	(5, 2, 1)	()	1	5	major	minor	ii	ii, major	V		ii	ii	True	V6	V6, minor		V6, minor		V	-2	0	0	7	5	5	True	False	True
1246.0	2.0	207.667	74	2	D	0.0	2.667	0	6	4	1.0	1.0	1/4	True	-1	44.0	104.0	44.0	44b	5	623	False	False				False	422	V6	Bb	ii		V6	V		6			M	False	True	(5, 2, 1)	()	1	5	major	minor	ii	ii, major	V		ii	ii	True	V6	V6, minor		V6, minor		V	-2	0	0	4	2	2	True	False	False
1248.0	2.0	208.0	60	0	C	0.0	1.0	1	6	4	3.0	1.0	1/4	True	-1	45.0	105.0	45.0	45b	4	624	False	True				False	423	i	Bb	ii		i	i					m	False	True	(0, -3, 1)	()	0	0	major	minor	ii	ii, major	i		ii	ii	True	i	i, minor		i, minor		i	-2	0	0	2	0	0	True	True	True
1248.0	2.0	208.0	60	0	C	0.0	1.0	1	6	4	4.0	1.0	1/4	True	-1	45.0	105.0	45.0	45b	4	624	False	True				False	423	i	Bb	ii		i	i					m	False	True	(0, -3, 1)	()	0	0	major	minor	ii	ii, major	i		ii	ii	True	i	i, minor		i, minor		i	-2	0	0	2	0	0	True	True	True
1248.0	2.0	208.0	75	-3	E	-1.0	1.0	1	6	4	1.0	1.0	1/4	True	-1	45.0	105.0	45.0	45b	5	624	False	True				False	423	i	Bb	ii		i	i					m	False	True	(0, -3, 1)	()	0	0	major	minor	ii	ii, major	i		ii	ii	True	i	i, minor		i, minor		i	-2	0	0	-1	-3	-3	True	False	False
1250.0	1.0	208.333	74	2	D	0.0	1.333	0	6	4	2.0	1.0	1/8	True	-1	45.0	105.0	45.0	45b	5	625	False	True				False	424	I.I	Bb	I		I	I					M	False	False	(0, 4, 1)	()	0	0	major	major	I	I, major	I		I	I	False	I	I, major		I, major		I	-2	-2	-2	4	4	4	True	False	False
1251.0	1.0	208.5	72	0	C	0.0	1.5	0	6	4	2.0	1.0	1/8	True	-1	45.0	105.0	45.0	45b	5	1251/2	False	False				False	424	I.I	Bb	I		I	I					M	False	False	(0, 4, 1)	()	0	0	major	major	I	I, major	I		I	I	False	I	I, major		I, major		I	-2	-2	-2	2	2	2	False	False	False
1252.0	2.0	208.667	58	-2	B	-1.0	1.667	0	6	4	3.0	1.0	1/4	True	-1	45.0	105.0	45.0	45b	3	626	False	False				False	424	I.I	Bb	I		I	I					M	False	False	(0, 4, 1)	()	0	0	major	major	I	I, major	I		I	I	False	I	I, major		I, major		I	-2	-2	-2	0	0	0	True	True	True
1252.0	2.0	208.667	58	-2	B	-1.0	1.667	0	6	4	4.0	1.0	1/4	True	-1	45.0	105.0	45.0	45b	3	626	False	False				False	424	I.I	Bb	I		I	I					M	False	False	(0, 4, 1)	()	0	0	major	major	I	I, major	I		I	I	False	I	I, major		I, major		I	-2	-2	-2	0	0	0	True	True	True
1252.0	2.0	208.667	70	-2	B	-1.0	1.667	0	6	4	2.0	1.0	1/4	True	-1	45.0	105.0	45.0	45b	4	626	False	False				False	424	I.I	Bb	I		I	I					M	False	False	(0, 4, 1)	()	0	0	major	major	I	I, major	I		I	I	False	I	I, major		I, major		I	-2	-2	-2	0	0	0	True	True	True
1254.0	2.0	209.0	57	3	A	0.0	2.0	2	6	4	3.0	1.0	1/4	True	-1	45.0	105.0	45.0	45b	3	627	False	True				False	425	V6	Bb	I		V6	V		6			M	False	False	(5, 2, 1)	()	1	5	major	major	I	I, major	V		I	I	False	V6	V6, major		V6, major		V	-2	-2	-2	5	5	5	True	False	True
1254.0	2.0	209.0	57	3	A	0.0	2.0	2	6	4	4.0	1.0	1/4	True	-1	45.0	105.0	45.0	45b	3	627	False	True				False	425	V6	Bb	I		V6	V		6			M	False	False	(5, 2, 1)	()	1	5	major	major	I	I, major	V		I	I	False	V6	V6, major		V6, major		V	-2	-2	-2	5	5	5	True	False	True
1254.0	2.0	209.0	72	0	C	0.0	2.0	2	6	4	2.0	1.0	1/4	True	-1	45.0	105.0	45.0	45b	5	627	False	True				False	425	V6	Bb	I		V6	V		6			M	False	False	(5, 2, 1)	()	1	5	major	major	I	I, major	V		I	I	False	V6	V6, major		V6, major		V	-2	-2	-2	2	2	2	True	False	False
1256.0	2.0	209.333	53	-1	F	0.0	2.333	0	6	4	3.0	1.0	1/4	True	-1	45.0	105.0	45.0	45b	3	628	False	False				False	425	V6	Bb	I		V6	V		6			M	False	False	(5, 2, 1)	()	1	5	major	major	I	I, major	V		I	I	False	V6	V6, major		V6, major		V	-2	-2	-2	1	1	1	True	True	False
1256.0	2.0	209.333	53	-1	F	0.0	2.333	0	6	4	4.0	1.0	1/4	True	-1	45.0	105.0	45.0	45b	3	628	False	False				False	425	V6	Bb	I		V6	V		6			M	False	False	(5, 2, 1)	()	1	5	major	major	I	I, major	V		I	I	False	V6	V6, major		V6, major		V	-2	-2	-2	1	1	1	True	True	False
1256.0	2.0	209.333	65	-1	F	0.0	2.333	0	6	4	2.0	1.0	1/4	True	-1	45.0	105.0	45.0	45b	4	628	False	False				False	425	V6	Bb	I		V6	V		6			M	False	False	(5, 2, 1)	()	1	5	major	major	I	I, major	V		I	I	False	V6	V6, major		V6, major		V	-2	-2	-2	1	1	1	True	True	False
1256.0	2.0	209.333	77	-1	F	0.0	2.333	0	6	4	1.0	1.0	1/4	True	-1	45.0	105.0	45.0	45b	5	628	False	False				False	425	V6	Bb	I		V6	V		6			M	False	False	(5, 2, 1)	()	1	5	major	major	I	I, major	V		I	I	False	V6	V6, major		V6, major		V	-2	-2	-2	1	1	1	True	True	False
1258.0	2.0	209.667	57	3	A	0.0	2.667	0	6	4	3.0	1.0	1/4	True	-1	45.0	105.0	45.0	45b	3	629	False	False				False	425	V6	Bb	I		V6	V		6			M	False	False	(5, 2, 1)	()	1	5	major	major	I	I, major	V		I	I	False	V6	V6, major		V6, major		V	-2	-2	-2	5	5	5	True	False	True
1258.0	2.0	209.667	57	3	A	0.0	2.667	0	6	4	4.0	1.0	1/4	True	-1	45.0	105.0	45.0	45b	3	629	False	False				False	425	V6	Bb	I		V6	V		6			M	False	False	(5, 2, 1)	()	1	5	major	major	I	I, major	V		I	I	False	V6	V6, major		V6, major		V	-2	-2	-2	5	5	5	True	False	True
1258.0	2.0	209.667	72	0	C	0.0	2.667	0	6	4	1.0	1.0	1/4	True	-1	45.0	105.0	45.0	45b	5	629	False	False				False	425	V6	Bb	I		V6	V		6			M	False	False	(5, 2, 1)	()	1	5	major	major	I	I, major	V		I	I	False	V6	V6, major		V6, major		V	-2	-2	-2	2	2	2	True	False	False
1260.0	2.0	210.0	58	-2	B	-1.0	1.0	1	6	4	3.0	1.0	1/4	True	-1	46.0	106.0	46.0	46b	3	630	False	True				False	426	I	Bb	I		I	I					M	False	False	(0, 4, 1)	()	0	0	major	major	I	I, major	I		I	I	False	I	I, major		I, major		I	-2	-2	-2	0	0	0	True	True	True
1260.0	2.0	210.0	58	-2	B	-1.0	1.0	1	6	4	4.0	1.0	1/4	True	-1	46.0	106.0	46.0	46b	3	630	False	True				False	426	I	Bb	I		I	I					M	False	False	(0, 4, 1)	()	0	0	major	major	I	I, major	I		I	I	False	I	I, major		I, major		I	-2	-2	-2	0	0	0	True	True	True
1260.0	4.0	210.0	74	2	D	0.0	1.0	1	6	4	1.0	1.0	1/2	True	-1	46.0	106.0	46.0	46b	5	630	False	True				False	426	I	Bb	I		I	I					M	False	False	(0, 4, 1)	()	0	0	major	major	I	I, major	I		I	I	False	I	I, major		I, major		I	-2	-2	-2	4	4	4	True	False	False
1262.0	2.0	210.333	46	-2	B	-1.0	1.333	0	6	4	3.0	1.0	1/4	True	-1	46.0	106.0	46.0	46b	2	631	False	False				False	426	I	Bb	I		I	I					M	False	False	(0, 4, 1)	()	0	0	major	major	I	I, major	I		I	I	False	I	I, major		I, major		I	-2	-2	-2	0	0	0	True	True	True
1262.0	2.0	210.333	46	-2	B	-1.0	1.333	0	6	4	4.0	1.0	1/4	True	-1	46.0	106.0	46.0	46b	2	631	False	False				False	426	I	Bb	I		I	I					M	False	False	(0, 4, 1)	()	0	0	major	major	I	I, major	I		I	I	False	I	I, major		I, major		I	-2	-2	-2	0	0	0	True	True	True
1262.0	1.0	210.333	74	2	D	0.0	1.333	0	6	4	2.0	1.0	1/8	True	-1	46.0	106.0	46.0	46b	5	631	False	False				False	426	I	Bb	I		I	I					M	False	False	(0, 4, 1)	()	0	0	major	major	I	I, major	I		I	I	False	I	I, major		I, major		I	-2	-2	-2	4	4	4	True	False	False
1263.0	1.0	210.5	72	0	C	0.0	1.5	0	6	4	2.0	1.0	1/8	True	-1	46.0	106.0	46.0	46b	5	1263/2	False	False				False	426	I	Bb	I		I	I					M	False	False	(0, 4, 1)	()	0	0	major	major	I	I, major	I		I	I	False	I	I, major		I, major		I	-2	-2	-2	2	2	2	False	False	False
1264.0	2.0	210.667	58	-2	B	-1.0	1.667	0	6	4	3.0	1.0	1/4	True	-1	46.0	106.0	46.0	46b	3	632	False	False				False	426	I	Bb	I		I	I					M	False	False	(0, 4, 1)	()	0	0	major	major	I	I, major	I		I	I	False	I	I, major		I, major		I	-2	-2	-2	0	0	0	True	True	True
1264.0	2.0	210.667	58	-2	B	-1.0	1.667	0	6	4	4.0	1.0	1/4	True	-1	46.0	106.0	46.0	46b	3	632	False	False				False	426	I	Bb	I		I	I					M	False	False	(0, 4, 1)	()	0	0	major	major	I	I, major	I		I	I	False	I	I, major		I, major		I	-2	-2	-2	0	0	0	True	True	True
1264.0	2.0	210.667	70	-2	B	-1.0	1.667	0	6	4	2.0	1.0	1/4	True	-1	46.0	106.0	46.0	46b	4	632	False	False				False	426	I	Bb	I		I	I					M	False	False	(0, 4, 1)	()	0	0	major	major	I	I, major	I		I	I	False	I	I, major		I, major		I	-2	-2	-2	0	0	0	True	True	True
1266.0	2.0	211.0	57	3	A	0.0	2.0	2	6	4	3.0	1.0	1/4	True	-1	46.0	106.0	46.0	46b	3	633	False	True				False	427	V6	Bb	I		V6	V		6			M	False	False	(5, 2, 1)	()	1	5	major	major	I	I, major	V		I	I	False	V6	V6, major		V6, major		V	-2	-2	-2	5	5	5	True	False	True
1266.0	2.0	211.0	57	3	A	0.0	2.0	2	6	4	4.0	1.0	1/4	True	-1	46.0	106.0	46.0	46b	3	633	False	True				False	427	V6	Bb	I		V6	V		6			M	False	False	(5, 2, 1)	()	1	5	major	major	I	I, major	V		I	I	False	V6	V6, major		V6, major		V	-2	-2	-2	5	5	5	True	False	True
1266.0	2.0	211.0	72	0	C	0.0	2.0	2	6	4	2.0	1.0	1/4	True	-1	46.0	106.0	46.0	46b	5	633	False	True				False	427	V6	Bb	I		V6	V		6			M	False	False	(5, 2, 1)	()	1	5	major	major	I	I, major	V		I	I	False	V6	V6, major		V6, major		V	-2	-2	-2	2	2	2	True	False	False
1268.0	2.0	211.333	53	-1	F	0.0	2.333	0	6	4	3.0	1.0	1/4	True	-1	46.0	106.0	46.0	46b	3	634	False	False				False	427	V6	Bb	I		V6	V		6			M	False	False	(5, 2, 1)	()	1	5	major	major	I	I, major	V		I	I	False	V6	V6, major		V6, major		V	-2	-2	-2	1	1	1	True	True	False
1268.0	2.0	211.333	53	-1	F	0.0	2.333	0	6	4	4.0	1.0	1/4	True	-1	46.0	106.0	46.0	46b	3	634	False	False				False	427	V6	Bb	I		V6	V		6			M	False	False	(5, 2, 1)	()	1	5	major	major	I	I, major	V		I	I	False	V6	V6, major		V6, major		V	-2	-2	-2	1	1	1	True	True	False
1268.0	2.0	211.333	65	-1	F	0.0	2.333	0	6	4	2.0	1.0	1/4	True	-1	46.0	106.0	46.0	46b	4	634	False	False				False	427	V6	Bb	I		V6	V		6			M	False	False	(5, 2, 1)	()	1	5	major	major	I	I, major	V		I	I	False	V6	V6, major		V6, major		V	-2	-2	-2	1	1	1	True	True	False
1268.0	2.0	211.333	77	-1	F	0.0	2.333	0	6	4	1.0	1.0	1/4	True	-1	46.0	106.0	46.0	46b	5	634	False	False				False	427	V6	Bb	I		V6	V		6			M	False	False	(5, 2, 1)	()	1	5	major	major	I	I, major	V		I	I	False	V6	V6, major		V6, major		V	-2	-2	-2	1	1	1	True	True	False
1270.0	2.0	211.667	57	3	A	0.0	2.667	0	6	4	3.0	1.0	1/4	True	-1	46.0	106.0	46.0	46b	3	635	False	False				False	427	V6	Bb	I		V6	V		6			M	False	False	(5, 2, 1)	()	1	5	major	major	I	I, major	V		I	I	False	V6	V6, major		V6, major		V	-2	-2	-2	5	5	5	True	False	True
1270.0	2.0	211.667	57	3	A	0.0	2.667	0	6	4	4.0	1.0	1/4	True	-1	46.0	106.0	46.0	46b	3	635	False	False				False	427	V6	Bb	I		V6	V		6			M	False	False	(5, 2, 1)	()	1	5	major	major	I	I, major	V		I	I	False	V6	V6, major		V6, major		V	-2	-2	-2	5	5	5	True	False	True
1270.0	2.0	211.667	72	0	C	0.0	2.667	0	6	4	1.0	1.0	1/4	True	-1	46.0	106.0	46.0	46b	5	635	False	False				False	427	V6	Bb	I		V6	V		6			M	False	False	(5, 2, 1)	()	1	5	major	major	I	I, major	V		I	I	False	V6	V6, major		V6, major		V	-2	-2	-2	2	2	2	True	False	False
1272.0	2.0	212.0	58	-2	B	-1.0	1.0	1	6	4	3.0	1.0	1/4	True	-1	47.0	107.0	47.0	47b	3	636	False	True				False	428	I	Bb	I		I	I					M	False	False	(0, 4, 1)	()	0	0	major	major	I	I, major	I		I	I	False	I	I, major		I, major		I	-2	-2	-2	0	0	0	True	True	True
1272.0	2.0	212.0	58	-2	B	-1.0	1.0	1	6	4	4.0	1.0	1/4	True	-1	47.0	107.0	47.0	47b	3	636	False	True				False	428	I	Bb	I		I	I					M	False	False	(0, 4, 1)	()	0	0	major	major	I	I, major	I		I	I	False	I	I, major		I, major		I	-2	-2	-2	0	0	0	True	True	True
1272.0	4.0	212.0	74	2	D	0.0	1.0	1	6	4	1.0	1.0	1/2	True	-1	47.0	107.0	47.0	47b	5	636	False	True				False	428	I	Bb	I		I	I					M	False	False	(0, 4, 1)	()	0	0	major	major	I	I, major	I		I	I	False	I	I, major		I, major		I	-2	-2	-2	4	4	4	True	False	False
1274.0	2.0	212.333	46	-2	B	-1.0	1.333	0	6	4	3.0	1.0	1/4	True	-1	47.0	107.0	47.0	47b	2	637	False	False				False	428	I	Bb	I		I	I					M	False	False	(0, 4, 1)	()	0	0	major	major	I	I, major	I		I	I	False	I	I, major		I, major		I	-2	-2	-2	0	0	0	True	True	True
1274.0	2.0	212.333	46	-2	B	-1.0	1.333	0	6	4	4.0	1.0	1/4	True	-1	47.0	107.0	47.0	47b	2	637	False	False				False	428	I	Bb	I		I	I					M	False	False	(0, 4, 1)	()	0	0	major	major	I	I, major	I		I	I	False	I	I, major		I, major		I	-2	-2	-2	0	0	0	True	True	True
1274.0	2.0	212.333	70	-2	B	-1.0	1.333	0	6	4	2.0	1.0	1/4	True	-1	47.0	107.0	47.0	47b	4	637	False	False				False	428	I	Bb	I		I	I					M	False	False	(0, 4, 1)	()	0	0	major	major	I	I, major	I		I	I	False	I	I, major		I, major		I	-2	-2	-2	0	0	0	True	True	True
1276.0	2.0	212.667	50	2	D	0.0	1.667	0	6	4	3.0	1.0	1/4	True	-1	47.0	107.0	47.0	47b	3	638	False	True				False	429	I6	Bb	I		I6	I		6			M	False	False	(4, 1, 0)	()	0	4	major	major	I	I, major	I		I	I	False	I6	I6, major		I6, major		I	-2	-2	-2	4	4	4	True	False	True
1276.0	2.0	212.667	50	2	D	0.0	1.667	0	6	4	4.0	1.0	1/4	True	-1	47.0	107.0	47.0	47b	3	638	False	True				False	429	I6	Bb	I		I6	I		6			M	False	False	(4, 1, 0)	()	0	4	major	major	I	I, major	I		I	I	False	I6	I6, major		I6, major		I	-2	-2	-2	4	4	4	True	False	True
1276.0	2.0	212.667	65	-1	F	0.0	1.667	0	6	4	2.0	1.0	1/4	True	-1	47.0	107.0	47.0	47b	4	638	False	True				False	429	I6	Bb	I		I6	I		6			M	False	False	(4, 1, 0)	()	0	4	major	major	I	I, major	I		I	I	False	I6	I6, major		I6, major		I	-2	-2	-2	1	1	1	True	False	False
1278.0	6.0	213.0	51	-3	E	-1.0	2.0	2	6	4	3.0	1.0	3/4	True	-1	47.0	107.0	47.0	47b	3	639	False	True				False	430	IV	Bb	I		IV	IV					M	False	False	(-1, 3, 0)	()	-1	-1	major	major	I	I, major	IV		I	I	False	IV	IV, major		IV, major		IV	-2	-2	-2	-1	-1	-1	True	True	True
1278.0	6.0	213.0	51	-3	E	-1.0	2.0	2	6	4	4.0	1.0	3/4	True	-1	47.0	107.0	47.0	47b	3	639	False	True				False	430	IV	Bb	I		IV	IV					M	False	False	(-1, 3, 0)	()	-1	-1	major	major	I	I, major	IV		I	I	False	IV	IV, major		IV, major		IV	-2	-2	-2	-1	-1	-1	True	True	True
1278.0	2.0	213.0	67	1	G	0.0	2.0	2	6	4	2.0	1.0	1/4	True	-1	47.0	107.0	47.0	47b	4	639	False	True				False	430	IV	Bb	I		IV	IV					M	False	False	(-1, 3, 0)	()	-1	-1	major	major	I	I, major	IV		I	I	False	IV	IV, major		IV, major		IV	-2	-2	-2	3	3	3	True	False	False
1280.0	2.0	213.333	72	0	C	0.0	2.333	0	6	4	1.0	1.0	1/4	True	-1	47.0	107.0	47.0	47b	5	640	False	True				False	431	ii6	Bb	I		ii6	ii		6			m	False	False	(-1, 3, 2)	()	2	-1	major	major	I	I, major	ii		I	I	False	ii6	ii6, major		ii6, major		ii	-2	-2	-2	2	2	2	True	True	False
1280.0	4.0	213.333	75	-3	E	-1.0	2.333	0	6	4	2.0	1.0	1/2	True	-1	47.0	107.0	47.0	47b	5	640	False	True				False	431	ii6	Bb	I		ii6	ii		6			m	False	False	(-1, 3, 2)	()	2	-1	major	major	I	I, major	ii		I	I	False	ii6	ii6, major		ii6, major		ii	-2	-2	-2	-1	-1	-1	True	False	True
1282.0	2.0	213.667	67	1	G	0.0	2.667	0	6	4	1.0	1.0	1/4	True	-1	47.0	107.0	47.0	47b	4	641	False	False				False	431	ii6	Bb	I		ii6	ii		6			m	False	False	(-1, 3, 2)	()	2	-1	major	major	I	I, major	ii		I	I	False	ii6	ii6, major		ii6, major		ii	-2	-2	-2	3	3	3	True	False	False
1284.0	6.0	214.0	53	-1	F	0.0	1.0	1	6	4	3.0	1.0	3/4	True	-1	48.0	108.0	48.0	48b	3	642	False	True				False	432	V7	Bb	I		V7	V		7			Mm7	False	False	(1, 5, 2, -1)	()	1	1	major	major	I	I, major	V		I	I	False	V7	V7, major		V7, major		V	-2	-2	-2	1	1	1	True	True	True
1284.0	6.0	214.0	53	-1	F	0.0	1.0	1	6	4	4.0	1.0	3/4	True	-1	48.0	108.0	48.0	48b	3	642	False	True				False	432	V7	Bb	I		V7	V		7			Mm7	False	False	(1, 5, 2, -1)	()	1	1	major	major	I	I, major	V		I	I	False	V7	V7, major		V7, major		V	-2	-2	-2	1	1	1	True	True	True
1284.0	2.0	214.0	69	3	A	0.0	1.0	1	6	4	1.0	1.0	1/4	True	-1	48.0	108.0	48.0	48b	4	642	False	True				False	432	V7	Bb	I		V7	V		7			Mm7	False	False	(1, 5, 2, -1)	()	1	1	major	major	I	I, major	V		I	I	False	V7	V7, major		V7, major		V	-2	-2	-2	5	5	5	True	False	False
1284.0	2.0	214.0	75	-3	E	-1.0	1.0	1	6	4	2.0	1.0	1/4	False	-1	48.0	108.0	48.0	48b	5	642	False	True				False	432	V7	Bb	I		V7	V		7			Mm7	False	False	(1, 5, 2, -1)	()	1	1	major	major	I	I, major	V		I	I	False	V7	V7, major		V7, major		V	-2	-2	-2	-1	-1	-1	True	False	False
1286.0	2.0	214.333	74	2	D	0.0	1.333	0	6	4	2.0	1.0	1/4	True	-1	48.0	108.0	48.0	48b	5	643	False	True				False	433	iii6	Bb	I		iii6	iii		6			m	False	False	(1, 5, 4)	()	4	1	major	major	I	I, major	iii		I	I	False	iii6	iii6, major		iii6, major		iii	-2	-2	-2	4	4	4	True	True	False
1286.0	6.0	214.333	77	-1	F	0.0	1.333	0	6	4	1.0	1.0	3/4	True	-1	48.0	108.0	48.0	48b	5	643	False	True				False	433	iii6	Bb	I		iii6	iii		6			m	False	False	(1, 5, 4)	()	4	1	major	major	I	I, major	iii		I	I	False	iii6	iii6, major		iii6, major		iii	-2	-2	-2	1	1	1	True	False	True
1288.0	2.0	214.667	69	3	A	0.0	1.667	0	6	4	2.0	1.0	1/4	True	-1	48.0	108.0	48.0	48b	4	644	False	False				False	433	iii6	Bb	I		iii6	iii		6			m	False	False	(1, 5, 4)	()	4	1	major	major	I	I, major	iii		I	I	False	iii6	iii6, major		iii6, major		iii	-2	-2	-2	5	5	5	True	False	False
1290.0	6.0	215.0	55	1	G	0.0	2.0	2	6	4	3.0	1.0	3/4	True	-1	48.0	108.0	48.0	48b	3	645	False	True				False	434	IV6(2)	Bb	I		IV6(2)	IV		6	2		M	False	False	(3, 0, 1)	()	-1	3	major	major	I	I, major	IV		I	I	False	IV6	IV6, major		IV6(2), major		IV	-2	-2	-2	3	3	3	True	False	True
1290.0	6.0	215.0	55	1	G	0.0	2.0	2	6	4	4.0	1.0	3/4	True	-1	48.0	108.0	48.0	48b	3	645	False	True				False	434	IV6(2)	Bb	I		IV6(2)	IV		6	2		M	False	False	(3, 0, 1)	()	-1	3	major	major	I	I, major	IV		I	I	False	IV6	IV6, major		IV6(2), major		IV	-2	-2	-2	3	3	3	True	False	True
1290.0	2.0	215.0	70	-2	B	-1.0	2.0	2	6	4	2.0	1.0	1/4	True	-1	48.0	108.0	48.0	48b	4	645	False	True				False	434	IV6(2)	Bb	I		IV6(2)	IV		6	2		M	False	False	(3, 0, 1)	()	-1	3	major	major	I	I, major	IV		I	I	False	IV6	IV6, major		IV6(2), major		IV	-2	-2	-2	0	0	0	True	False	False
1292.0	2.0	215.333	75	-3	E	-1.0	2.333	0	6	4	1.0	1.0	1/4	True	-1	48.0	108.0	48.0	48b	5	646	False	True				False	435	IV6	Bb	I		IV6	IV		6			M	False	False	(3, 0, -1)	()	-1	3	major	major	I	I, major	IV		I	I	False	IV6	IV6, major		IV6, major		IV	-2	-2	-2	-1	-1	-1	True	True	False
1292.0	4.0	215.333	79	1	G	0.0	2.333	0	6	4	2.0	1.0	1/2	True	-1	48.0	108.0	48.0	48b	5	646	False	True				False	435	IV6	Bb	I		IV6	IV		6			M	False	False	(3, 0, -1)	()	-1	3	major	major	I	I, major	IV		I	I	False	IV6	IV6, major		IV6, major		IV	-2	-2	-2	3	3	3	True	False	True
1294.0	2.0	215.667	70	-2	B	-1.0	2.667	0	6	4	1.0	1.0	1/4	True	-1	48.0	108.0	48.0	48b	4	647	False	False				False	435	IV6	Bb	I		IV6	IV		6			M	False	False	(3, 0, -1)	()	-1	3	major	major	I	I, major	IV		I	I	False	IV6	IV6, major		IV6, major		IV	-2	-2	-2	0	0	0	True	False	False
1296.0	6.0	216.0	57	3	A	0.0	1.0	1	6	4	3.0	1.0	3/4	True	-1	49.0	109.0	49.0	49b	3	648	False	True				False	436	vii%7	Bb	I		vii%7	vii	%	7			%7	False	False	(5, 2, -1, 3)	()	5	5	major	major	I	I, major	vii		I	I	False	vii%7	vii%7, major		vii%7, major		vii	-2	-2	-2	5	5	5	True	True	True
1296.0	6.0	216.0	57	3	A	0.0	1.0	1	6	4	4.0	1.0	3/4	True	-1	49.0	109.0	49.0	49b	3	648	False	True				False	436	vii%7	Bb	I		vii%7	vii	%	7			%7	False	False	(5, 2, -1, 3)	()	5	5	major	major	I	I, major	vii		I	I	False	vii%7	vii%7, major		vii%7, major		vii	-2	-2	-2	5	5	5	True	True	True
1296.0	8.0	216.0	72	0	C	0.0	1.0	1	6	4	1.0	1.0	1	True	-1	49.0	109.0	49.0	49b	5	648	False	True				False	436	vii%7	Bb	I		vii%7	vii	%	7			%7	False	False	(5, 2, -1, 3)	()	5	5	major	major	I	I, major	vii		I	I	False	vii%7	vii%7, major		vii%7, major		vii	-2	-2	-2	2	2	2	True	False	False
1296.0	2.0	216.0	79	1	G	0.0	1.0	1	6	4	2.0	1.0	1/4	False	-1	49.0	109.0	49.0	49b	5	648	False	True				False	436	vii%7	Bb	I		vii%7	vii	%	7			%7	False	False	(5, 2, -1, 3)	()	5	5	major	major	I	I, major	vii		I	I	False	vii%7	vii%7, major		vii%7, major		vii	-2	-2	-2	3	3	3	True	False	False
1298.0	2.0	216.333	77	-1	F	0.0	1.333	0	6	4	2.0	1.0	1/4	True	-1	49.0	109.0	49.0	49b	5	649	False	True				False	437	V6	Bb	I		V6	V		6			M	False	False	(5, 2, 1)	()	1	5	major	major	I	I, major	V		I	I	False	V6	V6, major		V6, major		V	-2	-2	-2	1	1	1	True	True	False
1300.0	2.0	216.667	72	0	C	0.0	1.667	0	6	4	2.0	1.0	1/4	True	-1	49.0	109.0	49.0	49b	5	650	False	False				False	437	V6	Bb	I		V6	V		6			M	False	False	(5, 2, 1)	()	1	5	major	major	I	I, major	V		I	I	False	V6	V6, major		V6, major		V	-2	-2	-2	2	2	2	True	False	False
1302.0	4.0	217.0	58	-2	B	-1.0	2.0	2	6	4	3.0	1.0	1/2	True	-1	49.0	109.0	49.0	49b	3	651	False	True				False	438	I(9)	Bb	I		I(9)	I			9		M	False	False	(0, 4, 1)	(2,)	0	0	major	major	I	I, major	I		I	I	False	I	I, major		I(9), major		I	-2	-2	-2	0	0	0	True	True	True
1302.0	4.0	217.0	58	-2	B	-1.0	2.0	2	6	4	3.0	1.0	1/2	True	-1	49.0	109.0	49.0	49b	3	651	False	True				False	439	I	Bb	I		I	I					M	False	False	(0, 4, 1)	()	0	0	major	major	I	I, major	I		I	I	False	I	I, major		I, major		I	-2	-2	-2	0	0	0	True	True	True
1302.0	4.0	217.0	58	-2	B	-1.0	2.0	2	6	4	4.0	1.0	1/2	True	-1	49.0	109.0	49.0	49b	3	651	False	True				False	438	I(9)	Bb	I		I(9)	I			9		M	False	False	(0, 4, 1)	(2,)	0	0	major	major	I	I, major	I		I	I	False	I	I, major		I(9), major		I	-2	-2	-2	0	0	0	True	True	True
1302.0	4.0	217.0	58	-2	B	-1.0	2.0	2	6	4	4.0	1.0	1/2	True	-1	49.0	109.0	49.0	49b	3	651	False	True				False	439	I	Bb	I		I	I					M	False	False	(0, 4, 1)	()	0	0	major	major	I	I, major	I		I	I	False	I	I, major		I, major		I	-2	-2	-2	0	0	0	True	True	True
1302.0	2.0	217.0	74	2	D	0.0	2.0	2	6	4	2.0	1.0	1/4	True	-1	49.0	109.0	49.0	49b	5	651	False	True				False	438	I(9)	Bb	I		I(9)	I			9		M	False	False	(0, 4, 1)	(2,)	0	0	major	major	I	I, major	I		I	I	False	I	I, major		I(9), major		I	-2	-2	-2	4	4	4	True	False	False
1302.0	2.0	217.0	74	2	D	0.0	2.0	2	6	4	2.0	1.0	1/4	True	-1	49.0	109.0	49.0	49b	5	651	False	True				False	439	I	Bb	I		I	I					M	False	False	(0, 4, 1)	()	0	0	major	major	I	I, major	I		I	I	False	I	I, major		I, major		I	-2	-2	-2	4	4	4	True	False	False
1304.0	2.0	217.333	70	-2	B	-1.0	2.333	0	6	4	1.0	1.0	1/4	True	-1	49.0	109.0	49.0	49b	4	652	False	False				False	439	I	Bb	I		I	I					M	False	False	(0, 4, 1)	()	0	0	major	major	I	I, major	I		I	I	False	I	I, major		I, major		I	-2	-2	-2	0	0	0	True	True	True
1304.0	2.0	217.333	77	-1	F	0.0	2.333	0	6	4	2.0	1.0	1/4	True	-1	49.0	109.0	49.0	49b	5	652	False	False				False	439	I	Bb	I		I	I					M	False	False	(0, 4, 1)	()	0	0	major	major	I	I, major	I		I	I	False	I	I, major		I, major		I	-2	-2	-2	1	1	1	True	False	False
1306.0	2.0	217.667	50	2	D	0.0	2.667	0	6	4	3.0	1.0	1/4	True	-1	49.0	109.0	49.0	49b	3	653	False	True				False	440	I6	Bb	I		I6	I		6			M	False	False	(4, 1, 0)	()	0	4	major	major	I	I, major	I		I	I	False	I6	I6, major		I6, major		I	-2	-2	-2	4	4	4	True	False	True
1306.0	2.0	217.667	50	2	D	0.0	2.667	0	6	4	4.0	1.0	1/4	True	-1	49.0	109.0	49.0	49b	3	653	False	True				False	440	I6	Bb	I		I6	I		6			M	False	False	(4, 1, 0)	()	0	4	major	major	I	I, major	I		I	I	False	I6	I6, major		I6, major		I	-2	-2	-2	4	4	4	True	False	True
1306.0	2.0	217.667	65	-1	F	0.0	2.667	0	6	4	1.0	1.0	1/4	True	-1	49.0	109.0	49.0	49b	4	653	False	True				False	440	I6	Bb	I		I6	I		6			M	False	False	(4, 1, 0)	()	0	4	major	major	I	I, major	I		I	I	False	I6	I6, major		I6, major		I	-2	-2	-2	1	1	1	True	False	False
1306.0	2.0	217.667	82	-2	B	-1.0	2.667	0	6	4	2.0	1.0	1/4	True	-1	49.0	109.0	49.0	49b	5	653	False	True				False	440	I6	Bb	I		I6	I		6			M	False	False	(4, 1, 0)	()	0	4	major	major	I	I, major	I		I	I	False	I6	I6, major		I6, major		I	-2	-2	-2	0	0	0	True	True	False
1308.0	4.0	218.0	51	-3	E	-1.0	1.0	1	6	4	3.0	1.0	1/2	True	-1	50.0	110.0	50.0	50b	3	654	False	True				False	441	IV	Bb	I		IV	IV					M	False	False	(-1, 3, 0)	()	-1	-1	major	major	I	I, major	IV		I	I	False	IV	IV, major		IV, major		IV	-2	-2	-2	-1	-1	-1	True	True	True
1308.0	4.0	218.0	51	-3	E	-1.0	1.0	1	6	4	4.0	1.0	1/2	True	-1	50.0	110.0	50.0	50b	3	654	False	True				False	441	IV	Bb	I		IV	IV					M	False	False	(-1, 3, 0)	()	-1	-1	major	major	I	I, major	IV		I	I	False	IV	IV, major		IV, major		IV	-2	-2	-2	-1	-1	-1	True	True	True
1308.0	2.0	218.0	67	1	G	0.0	1.0	1	6	4	1.0	1.0	1/4	True	-1	50.0	110.0	50.0	50b	4	654	False	True				False	441	IV	Bb	I		IV	IV					M	False	False	(-1, 3, 0)	()	-1	-1	major	major	I	I, major	IV		I	I	False	IV	IV, major		IV, major		IV	-2	-2	-2	3	3	3	True	False	False
1310.0	2.0	218.333	75	-3	E	-1.0	1.333	0	6	4	1.0	1.0	1/4	True	-1	50.0	110.0	50.0	50b	5	655	False	False				False	441	IV	Bb	I		IV	IV					M	False	False	(-1, 3, 0)	()	-1	-1	major	major	I	I, major	IV		I	I	False	IV	IV, major		IV, major		IV	-2	-2	-2	-1	-1	-1	True	True	True
1310.0	2.0	218.333	79	1	G	0.0	1.333	0	6	4	2.0	1.0	1/4	True	-1	50.0	110.0	50.0	50b	5	655	False	False				False	441	IV	Bb	I		IV	IV					M	False	False	(-1, 3, 0)	()	-1	-1	major	major	I	I, major	IV		I	I	False	IV	IV, major		IV, major		IV	-2	-2	-2	3	3	3	True	False	False
1312.0	2.0	218.667	51	-3	E	-1.0	1.667	0	6	4	3.0	1.0	1/4	True	-1	50.0	110.0	50.0	50b	3	656	False	True				False	442	ii6	Bb	I		ii6	ii		6			m	False	False	(-1, 3, 2)	()	2	-1	major	major	I	I, major	ii		I	I	False	ii6	ii6, major		ii6, major		ii	-2	-2	-2	-1	-1	-1	True	False	True
1312.0	2.0	218.667	51	-3	E	-1.0	1.667	0	6	4	4.0	1.0	1/4	True	-1	50.0	110.0	50.0	50b	3	656	False	True				False	442	ii6	Bb	I		ii6	ii		6			m	False	False	(-1, 3, 2)	()	2	-1	major	major	I	I, major	ii		I	I	False	ii6	ii6, major		ii6, major		ii	-2	-2	-2	-1	-1	-1	True	False	True
1312.0	2.0	218.667	67	1	G	0.0	1.667	0	6	4	1.0	1.0	1/4	True	-1	50.0	110.0	50.0	50b	4	656	False	True				False	442	ii6	Bb	I		ii6	ii		6			m	False	False	(-1, 3, 2)	()	2	-1	major	major	I	I, major	ii		I	I	False	ii6	ii6, major		ii6, major		ii	-2	-2	-2	3	3	3	True	False	False
1312.0	2.0	218.667	84	0	C	0.0	1.667	0	6	4	2.0	1.0	1/4	True	-1	50.0	110.0	50.0	50b	6	656	False	True				False	442	ii6	Bb	I		ii6	ii		6			m	False	False	(-1, 3, 2)	()	2	-1	major	major	I	I, major	ii		I	I	False	ii6	ii6, major		ii6, major		ii	-2	-2	-2	2	2	2	True	True	False
1314.0	4.0	219.0	53	-1	F	0.0	2.0	2	6	4	3.0	1.0	1/2	True	-1	50.0	110.0	50.0	50b	3	657	False	True				False	443	V	Bb	I		V	V					M	False	False	(1, 5, 2)	()	1	1	major	major	I	I, major	V		I	I	False	V	V, major		V, major		V	-2	-2	-2	1	1	1	True	True	True
1314.0	4.0	219.0	53	-1	F	0.0	2.0	2	6	4	4.0	1.0	1/2	True	-1	50.0	110.0	50.0	50b	3	657	False	True				False	443	V	Bb	I		V	V					M	False	False	(1, 5, 2)	()	1	1	major	major	I	I, major	V		I	I	False	V	V, major		V, major		V	-2	-2	-2	1	1	1	True	True	True
1314.0	4.0	219.0	69	3	A	0.0	2.0	2	6	4	1.0	1.0	1/2	True	-1	50.0	110.0	50.0	50b	4	657	False	True				False	443	V	Bb	I		V	V					M	False	False	(1, 5, 2)	()	1	1	major	major	I	I, major	V		I	I	False	V	V, major		V, major		V	-2	-2	-2	5	5	5	True	False	False
1316.0	2.0	219.333	77	-1	F	0.0	2.333	0	6	4	2.0	1.0	1/4	True	-1	50.0	110.0	50.0	50b	5	658	False	False				False	443	V	Bb	I		V	V					M	False	False	(1, 5, 2)	()	1	1	major	major	I	I, major	V		I	I	False	V	V, major		V, major		V	-2	-2	-2	1	1	1	True	True	True
1318.0	2.0	219.667	50	2	D	0.0	2.667	0	6	4	3.0	1.0	1/4	True	-1	50.0	110.0	50.0	50b	3	659	False	True				False	444	I6	Bb	I		I6	I		6			M	False	False	(4, 1, 0)	()	0	4	major	major	I	I, major	I		I	I	False	I6	I6, major		I6, major		I	-2	-2	-2	4	4	4	True	False	True
1318.0	2.0	219.667	50	2	D	0.0	2.667	0	6	4	4.0	1.0	1/4	True	-1	50.0	110.0	50.0	50b	3	659	False	True				False	444	I6	Bb	I		I6	I		6			M	False	False	(4, 1, 0)	()	0	4	major	major	I	I, major	I		I	I	False	I6	I6, major		I6, major		I	-2	-2	-2	4	4	4	True	False	True
1318.0	2.0	219.667	70	-2	B	-1.0	2.667	0	6	4	1.0	1.0	1/4	True	-1	50.0	110.0	50.0	50b	4	659	False	True				False	444	I6	Bb	I		I6	I		6			M	False	False	(4, 1, 0)	()	0	4	major	major	I	I, major	I		I	I	False	I6	I6, major		I6, major		I	-2	-2	-2	0	0	0	True	True	False
1318.0	2.0	219.667	82	-2	B	-1.0	2.667	0	6	4	2.0	1.0	1/4	True	-1	50.0	110.0	50.0	50b	5	659	False	True				False	444	I6	Bb	I		I6	I		6			M	False	False	(4, 1, 0)	()	0	4	major	major	I	I, major	I		I	I	False	I6	I6, major		I6, major		I	-2	-2	-2	0	0	0	True	True	False
1320.0	2.0	220.0	51	-3	E	-1.0	1.0	1	6	4	3.0	1.0	1/4	True	-1	51.0	111.0	51.0	51b	3	660	False	True				False	445	ii65	Bb	I		ii65	ii		65			mm7	False	False	(-1, 3, 0, 2)	()	2	-1	major	major	I	I, major	ii		I	I	False	ii65	ii65, major		ii65, major		ii	-2	-2	-2	-1	-1	-1	True	False	True
1320.0	2.0	220.0	51	-3	E	-1.0	1.0	1	6	4	4.0	1.0	1/4	True	-1	51.0	111.0	51.0	51b	3	660	False	True				False	445	ii65	Bb	I		ii65	ii		65			mm7	False	False	(-1, 3, 0, 2)	()	2	-1	major	major	I	I, major	ii		I	I	False	ii65	ii65, major		ii65, major		ii	-2	-2	-2	-1	-1	-1	True	False	True
1320.0	2.0	220.0	70	-2	B	-1.0	1.0	1	6	4	1.0	1.0	1/4	False	-1	51.0	111.0	51.0	51b	4	660	False	True				False	445	ii65	Bb	I		ii65	ii		65			mm7	False	False	(-1, 3, 0, 2)	()	2	-1	major	major	I	I, major	ii		I	I	False	ii65	ii65, major		ii65, major		ii	-2	-2	-2	0	0	0	True	False	False
1320.0	2.0	220.0	72	0	C	0.0	1.0	1	6	4	2.0	1.0	1/4	True	-1	51.0	111.0	51.0	51b	5	660	False	True				False	445	ii65	Bb	I		ii65	ii		65			mm7	False	False	(-1, 3, 0, 2)	()	2	-1	major	major	I	I, major	ii		I	I	False	ii65	ii65, major		ii65, major		ii	-2	-2	-2	2	2	2	True	True	False
1322.0	4.0	220.333	53	-1	F	0.0	1.333	0	6	4	3.0	1.0	1/2	True	-1	51.0	111.0	51.0	51b	3	661	False	True				False	446	V	Bb	I		V	V					M	False	False	(1, 5, 2)	()	1	1	major	major	I	I, major	V		I	I	False	V	V, major		V, major		V	-2	-2	-2	1	1	1	True	True	True
1322.0	4.0	220.333	53	-1	F	0.0	1.333	0	6	4	4.0	1.0	1/2	True	-1	51.0	111.0	51.0	51b	3	661	False	True				False	446	V	Bb	I		V	V					M	False	False	(1, 5, 2)	()	1	1	major	major	I	I, major	V		I	I	False	V	V, major		V, major		V	-2	-2	-2	1	1	1	True	True	True
1322.0	4.0	220.333	69	3	A	0.0	1.333	0	6	4	1.0	1.0	1/2	True	-1	51.0	111.0	51.0	51b	4	661	False	True				False	446	V	Bb	I		V	V					M	False	False	(1, 5, 2)	()	1	1	major	major	I	I, major	V		I	I	False	V	V, major		V, major		V	-2	-2	-2	5	5	5	True	False	False
1322.0	4.0	220.333	72	0	C	0.0	1.333	0	6	4	2.0	1.0	1/2	True	-1	51.0	111.0	51.0	51b	5	661	False	True				False	446	V	Bb	I		V	V					M	False	False	(1, 5, 2)	()	1	1	major	major	I	I, major	V		I	I	False	V	V, major		V, major		V	-2	-2	-2	2	2	2	True	False	False
1326.0	6.0	221.0	58	-2	B	-1.0	2.0	2	6	4	3.0	1.0	3/4	True	-1	51.0	111.0	51.0	51b	3	663	False	True	PAC	PAC	}{	True	447	I|PAC}{	Bb	I		I	I					M	False	False	(0, 4, 1)	()	0	0	major	major	I	I, major	I		I	I	False	I	I, major		I, major		I	-2	-2	-2	0	0	0	True	True	True
1326.0	6.0	221.0	58	-2	B	-1.0	2.0	2	6	4	4.0	1.0	3/4	True	-1	51.0	111.0	51.0	51b	3	663	False	True	PAC	PAC	}{	True	447	I|PAC}{	Bb	I		I	I					M	False	False	(0, 4, 1)	()	0	0	major	major	I	I, major	I		I	I	False	I	I, major		I, major		I	-2	-2	-2	0	0	0	True	True	True
1326.0	2.0	221.0	70	-2	B	-1.0	2.0	2	6	4	1.0	1.0	1/4	True	-1	51.0	111.0	51.0	51b	4	663	False	True	PAC	PAC	}{	True	447	I|PAC}{	Bb	I		I	I					M	False	False	(0, 4, 1)	()	0	0	major	major	I	I, major	I		I	I	False	I	I, major		I, major		I	-2	-2	-2	0	0	0	True	True	True
1326.0	6.0	221.0	70	-2	B	-1.0	2.0	2	6	4	2.0	1.0	3/4	True	-1	51.0	111.0	51.0	51b	4	663	False	True	PAC	PAC	}{	True	447	I|PAC}{	Bb	I		I	I					M	False	False	(0, 4, 1)	()	0	0	major	major	I	I, major	I		I	I	False	I	I, major		I, major		I	-2	-2	-2	0	0	0	True	True	True
1328.0	1.0	221.333	74	2	D	0.0	2.333	0	6	4	1.0	1.0	1/8	True	-1	51.0	111.0	51.0	51b	5	664	False	False				False	447	I|PAC}{	Bb	I		I	I					M	False	False	(0, 4, 1)	()	0	0	major	major	I	I, major	I		I	I	False	I	I, major		I, major		I	-2	-2	-2	4	4	4	True	False	False
1329.0	1.0	221.5	72	0	C	0.0	2.5	0	6	4	1.0	1.0	1/8	True	-1	51.0	111.0	51.0	51b	5	1329/2	False	False				False	447	I|PAC}{	Bb	I		I	I					M	False	False	(0, 4, 1)	()	0	0	major	major	I	I, major	I		I	I	False	I	I, major		I, major		I	-2	-2	-2	2	2	2	False	False	False
1330.0	2.0	221.667	70	-2	B	-1.0	2.667	0	6	4	1.0	1.0	1/4	True	-1	51.0	111.0	51.0	51b	4	665	False	False				False	447	I|PAC}{	Bb	I		I	I					M	False	False	(0, 4, 1)	()	0	0	major	major	I	I, major	I		I	I	False	I	I, major		I, major		I	-2	-2	-2	0	0	0	True	True	True
1332.0	6.0	222.0	57	3	A	0.0	1.0	1	6	4	3.0	1.0	3/4	True	-1	52.0	112.0	52.0	52b	3	666	False	True				False	448	V6	Bb	I		V6	V		6			M	False	False	(5, 2, 1)	()	1	5	major	major	I	I, major	V		I	I	False	V6	V6, major		V6, major		V	-2	-2	-2	5	5	5	True	False	True
1332.0	6.0	222.0	57	3	A	0.0	1.0	1	6	4	4.0	1.0	3/4	True	-1	52.0	112.0	52.0	52b	3	666	False	True				False	448	V6	Bb	I		V6	V		6			M	False	False	(5, 2, 1)	()	1	5	major	major	I	I, major	V		I	I	False	V6	V6, major		V6, major		V	-2	-2	-2	5	5	5	True	False	True
1332.0	2.0	222.0	72	0	C	0.0	1.0	1	6	4	1.0	1.0	1/4	True	-1	52.0	112.0	52.0	52b	5	666	False	True				False	448	V6	Bb	I		V6	V		6			M	False	False	(5, 2, 1)	()	1	5	major	major	I	I, major	V		I	I	False	V6	V6, major		V6, major		V	-2	-2	-2	2	2	2	True	False	False
1334.0	2.0	222.333	65	-1	F	0.0	1.333	0	6	4	1.0	1.0	1/4	True	-1	52.0	112.0	52.0	52b	4	667	False	False				False	448	V6	Bb	I		V6	V		6			M	False	False	(5, 2, 1)	()	1	5	major	major	I	I, major	V		I	I	False	V6	V6, major		V6, major		V	-2	-2	-2	1	1	1	True	True	False
1336.0	2.0	222.667	77	-1	F	0.0	1.667	0	6	4	1.0	1.0	1/4	True	-1	52.0	112.0	52.0	52b	5	668	False	False				False	448	V6	Bb	I		V6	V		6			M	False	False	(5, 2, 1)	()	1	5	major	major	I	I, major	V		I	I	False	V6	V6, major		V6, major		V	-2	-2	-2	1	1	1	True	True	False
1338.0	6.0	223.0	55	1	G	0.0	2.0	2	6	4	3.0	1.0	3/4	True	-1	52.0	112.0	52.0	52b	3	669	False	True				False	449	vi	Bb	I		vi	vi					m	False	False	(3, 0, 4)	()	3	3	major	major	I	I, major	vi		I	I	False	vi	vi, major		vi, major		vi	-2	-2	-2	3	3	3	True	True	True
1338.0	6.0	223.0	55	1	G	0.0	2.0	2	6	4	4.0	1.0	3/4	True	-1	52.0	112.0	52.0	52b	3	669	False	True				False	449	vi	Bb	I		vi	vi					m	False	False	(3, 0, 4)	()	3	3	major	major	I	I, major	vi		I	I	False	vi	vi, major		vi, major		vi	-2	-2	-2	3	3	3	True	True	True
1338.0	2.0	223.0	70	-2	B	-1.0	2.0	2	6	4	1.0	1.0	1/4	True	-1	52.0	112.0	52.0	52b	4	669	False	True				False	449	vi	Bb	I		vi	vi					m	False	False	(3, 0, 4)	()	3	3	major	major	I	I, major	vi		I	I	False	vi	vi, major		vi, major		vi	-2	-2	-2	0	0	0	True	False	False
1338.0	2.0	223.0	70	-2	B	-1.0	2.0	2	6	4	2.0	1.0	1/4	True	-1	52.0	112.0	52.0	52b	4	669	False	True				False	449	vi	Bb	I		vi	vi					m	False	False	(3, 0, 4)	()	3	3	major	major	I	I, major	vi		I	I	False	vi	vi, major		vi, major		vi	-2	-2	-2	0	0	0	True	False	False
1340.0	1.0	223.333	74	2	D	0.0	2.333	0	6	4	2.0	1.0	1/8	True	-1	52.0	112.0	52.0	52b	5	670	False	False				False	449	vi	Bb	I		vi	vi					m	False	False	(3, 0, 4)	()	3	3	major	major	I	I, major	vi		I	I	False	vi	vi, major		vi, major		vi	-2	-2	-2	4	4	4	True	False	False
1340.0	4.0	223.333	82	-2	B	-1.0	2.333	0	6	4	1.0	1.0	1/2	True	-1	52.0	112.0	52.0	52b	5	670	False	False				False	449	vi	Bb	I		vi	vi					m	False	False	(3, 0, 4)	()	3	3	major	major	I	I, major	vi		I	I	False	vi	vi, major		vi, major		vi	-2	-2	-2	0	0	0	True	False	False
1341.0	1.0	223.5	72	0	C	0.0	2.5	0	6	4	2.0	1.0	1/8	True	-1	52.0	112.0	52.0	52b	5	1341/2	False	False				False	449	vi	Bb	I		vi	vi					m	False	False	(3, 0, 4)	()	3	3	major	major	I	I, major	vi		I	I	False	vi	vi, major		vi, major		vi	-2	-2	-2	2	2	2	False	False	False
1342.0	2.0	223.667	70	-2	B	-1.0	2.667	0	6	4	2.0	1.0	1/4	True	-1	52.0	112.0	52.0	52b	4	671	False	False				False	449	vi	Bb	I		vi	vi					m	False	False	(3, 0, 4)	()	3	3	major	major	I	I, major	vi		I	I	False	vi	vi, major		vi, major		vi	-2	-2	-2	0	0	0	True	False	False
1344.0	6.0	224.0	53	-1	F	0.0	1.0	1	6	4	3.0	1.0	3/4	True	-1	53.0	113.0	53.0	53b	3	672	False	True				False	450	V(4)	Bb	I		V(4)	V			4		M	False	False	(1, 0, 2)	()	1	1	major	major	I	I, major	V		I	I	False	V	V, major		V(4), major		V	-2	-2	-2	1	1	1	True	True	True
1344.0	6.0	224.0	53	-1	F	0.0	1.0	1	6	4	4.0	1.0	3/4	True	-1	53.0	113.0	53.0	53b	3	672	False	True				False	450	V(4)	Bb	I		V(4)	V			4		M	False	False	(1, 0, 2)	()	1	1	major	major	I	I, major	V		I	I	False	V	V, major		V(4), major		V	-2	-2	-2	1	1	1	True	True	True
1344.0	2.0	224.0	72	0	C	0.0	1.0	1	6	4	2.0	1.0	1/4	True	-1	53.0	113.0	53.0	53b	5	672	False	True				False	450	V(4)	Bb	I		V(4)	V			4		M	False	False	(1, 0, 2)	()	1	1	major	major	I	I, major	V		I	I	False	V	V, major		V(4), major		V	-2	-2	-2	2	2	2	True	False	False
1344.0	2.0	224.0	82	-2	B	-1.0	1.0	1	6	4	1.0	1.0	1/4	False	-1	53.0	113.0	53.0	53b	5	672	False	True				False	450	V(4)	Bb	I		V(4)	V			4		M	False	False	(1, 0, 2)	()	1	1	major	major	I	I, major	V		I	I	False	V	V, major		V(4), major		V	-2	-2	-2	0	0	0	True	False	False
1346.0	2.0	224.333	65	-1	F	0.0	1.333	0	6	4	2.0	1.0	1/4	True	-1	53.0	113.0	53.0	53b	4	673	False	True				False	451	V	Bb	I		V	V					M	False	False	(1, 5, 2)	()	1	1	major	major	I	I, major	V		I	I	False	V	V, major		V, major		V	-2	-2	-2	1	1	1	True	True	True
1346.0	6.0	224.333	81	3	A	0.0	1.333	0	6	4	1.0	1.0	3/4	True	-1	53.0	113.0	53.0	53b	5	673	False	True				False	451	V	Bb	I		V	V					M	False	False	(1, 5, 2)	()	1	1	major	major	I	I, major	V		I	I	False	V	V, major		V, major		V	-2	-2	-2	5	5	5	True	False	False
1348.0	2.0	224.667	77	-1	F	0.0	1.667	0	6	4	2.0	1.0	1/4	True	-1	53.0	113.0	53.0	53b	5	674	False	False				False	451	V	Bb	I		V	V					M	False	False	(1, 5, 2)	()	1	1	major	major	I	I, major	V		I	I	False	V	V, major		V, major		V	-2	-2	-2	1	1	1	True	True	True
1350.0	2.0	225.0	55	1	G	0.0	2.0	2	6	4	3.0	1.0	1/4	True	-1	53.0	113.0	53.0	53b	3	675	False	True				False	452	vi(9)	Bb	I		vi(9)	vi			9		m	False	False	(3, 0, 4)	(5,)	3	3	major	major	I	I, major	vi		I	I	False	vi	vi, major		vi(9), major		vi	-2	-2	-2	3	3	3	True	True	True
1350.0	2.0	225.0	55	1	G	0.0	2.0	2	6	4	4.0	1.0	1/4	True	-1	53.0	113.0	53.0	53b	3	675	False	True				False	452	vi(9)	Bb	I		vi(9)	vi			9		m	False	False	(3, 0, 4)	(5,)	3	3	major	major	I	I, major	vi		I	I	False	vi	vi, major		vi(9), major		vi	-2	-2	-2	3	3	3	True	True	True
1350.0	2.0	225.0	70	-2	B	-1.0	2.0	2	6	4	2.0	1.0	1/4	True	-1	53.0	113.0	53.0	53b	4	675	False	True				False	452	vi(9)	Bb	I		vi(9)	vi			9		m	False	False	(3, 0, 4)	(5,)	3	3	major	major	I	I, major	vi		I	I	False	vi	vi, major		vi(9), major		vi	-2	-2	-2	0	0	0	True	False	False
1352.0	2.0	225.333	58	-2	B	-1.0	2.333	0	6	4	3.0	1.0	1/4	True	-1	53.0	113.0	53.0	53b	3	676	False	True				False	453	vi6	Bb	I		vi6	vi		6			m	False	False	(0, 4, 3)	()	3	0	major	major	I	I, major	vi		I	I	False	vi6	vi6, major		vi6, major		vi	-2	-2	-2	0	0	0	True	False	True
1352.0	2.0	225.333	58	-2	B	-1.0	2.333	0	6	4	4.0	1.0	1/4	True	-1	53.0	113.0	53.0	53b	3	676	False	True				False	453	vi6	Bb	I		vi6	vi		6			m	False	False	(0, 4, 3)	()	3	0	major	major	I	I, major	vi		I	I	False	vi6	vi6, major		vi6, major		vi	-2	-2	-2	0	0	0	True	False	True
1352.0	4.0	225.333	79	1	G	0.0	2.333	0	6	4	1.0	1.0	1/2	True	-1	53.0	113.0	53.0	53b	5	676	False	True				False	453	vi6	Bb	I		vi6	vi		6			m	False	False	(0, 4, 3)	()	3	0	major	major	I	I, major	vi		I	I	False	vi6	vi6, major		vi6, major		vi	-2	-2	-2	3	3	3	True	True	False
1352.0	4.0	225.333	82	-2	B	-1.0	2.333	0	6	4	2.0	1.0	1/2	True	-1	53.0	113.0	53.0	53b	5	676	False	True				False	453	vi6	Bb	I		vi6	vi		6			m	False	False	(0, 4, 3)	()	3	0	major	major	I	I, major	vi		I	I	False	vi6	vi6, major		vi6, major		vi	-2	-2	-2	0	0	0	True	False	True
1354.0	2.0	225.667	60	0	C	0.0	2.667	0	6	4	3.0	1.0	1/4	True	-1	53.0	113.0	53.0	53b	4	677	False	False				False	453	vi6	Bb	I		vi6	vi		6			m	False	False	(0, 4, 3)	()	3	0	major	major	I	I, major	vi		I	I	False	vi6	vi6, major		vi6, major		vi	-2	-2	-2	2	2	2	False	False	False
1354.0	2.0	225.667	60	0	C	0.0	2.667	0	6	4	4.0	1.0	1/4	True	-1	53.0	113.0	53.0	53b	4	677	False	False				False	453	vi6	Bb	I		vi6	vi		6			m	False	False	(0, 4, 3)	()	3	0	major	major	I	I, major	vi		I	I	False	vi6	vi6, major		vi6, major		vi	-2	-2	-2	2	2	2	False	False	False
1356.0	2.0	226.0	62	2	D	0.0	1.0	1	6	4	3.0	1.0	1/4	True	-1	54.0	114.0	54.0	54b	4	678	False	True				False	454	iii(4)	Bb	I		iii(4)	iii			4		m	False	False	(4, 3, 5)	()	4	4	major	major	I	I, major	iii		I	I	False	iii	iii, major		iii(4), major		iii	-2	-2	-2	4	4	4	True	True	True
1356.0	2.0	226.0	62	2	D	0.0	1.0	1	6	4	4.0	1.0	1/4	True	-1	54.0	114.0	54.0	54b	4	678	False	True				False	454	iii(4)	Bb	I		iii(4)	iii			4		m	False	False	(4, 3, 5)	()	4	4	major	major	I	I, major	iii		I	I	False	iii	iii, major		iii(4), major		iii	-2	-2	-2	4	4	4	True	True	True
1356.0	2.0	226.0	79	1	G	0.0	1.0	1	6	4	1.0	1.0	1/4	False	-1	54.0	114.0	54.0	54b	5	678	False	True				False	454	iii(4)	Bb	I		iii(4)	iii			4		m	False	False	(4, 3, 5)	()	4	4	major	major	I	I, major	iii		I	I	False	iii	iii, major		iii(4), major		iii	-2	-2	-2	3	3	3	True	False	False
1356.0	6.0	226.0	81	3	A	0.0	1.0	1	6	4	2.0	1.0	3/4	True	-1	54.0	114.0	54.0	54b	5	678	False	True				False	454	iii(4)	Bb	I		iii(4)	iii			4		m	False	False	(4, 3, 5)	()	4	4	major	major	I	I, major	iii		I	I	False	iii	iii, major		iii(4), major		iii	-2	-2	-2	5	5	5	True	False	False
1358.0	2.0	226.333	53	-1	F	0.0	1.333	0	6	4	3.0	1.0	1/4	True	-1	54.0	114.0	54.0	54b	3	679	False	True				False	455	iii6	Bb	I		iii6	iii		6			m	False	False	(1, 5, 4)	()	4	1	major	major	I	I, major	iii		I	I	False	iii6	iii6, major		iii6, major		iii	-2	-2	-2	1	1	1	True	False	True
1358.0	2.0	226.333	53	-1	F	0.0	1.333	0	6	4	4.0	1.0	1/4	True	-1	54.0	114.0	54.0	54b	3	679	False	True				False	455	iii6	Bb	I		iii6	iii		6			m	False	False	(1, 5, 4)	()	4	1	major	major	I	I, major	iii		I	I	False	iii6	iii6, major		iii6, major		iii	-2	-2	-2	1	1	1	True	False	True
1358.0	6.0	226.333	77	-1	F	0.0	1.333	0	6	4	1.0	1.0	3/4	True	-1	54.0	114.0	54.0	54b	5	679	False	True				False	455	iii6	Bb	I		iii6	iii		6			m	False	False	(1, 5, 4)	()	4	1	major	major	I	I, major	iii		I	I	False	iii6	iii6, major		iii6, major		iii	-2	-2	-2	1	1	1	True	False	True
1360.0	2.0	226.667	50	2	D	0.0	1.667	0	6	4	3.0	1.0	1/4	True	-1	54.0	114.0	54.0	54b	3	680	False	False				False	455	iii6	Bb	I		iii6	iii		6			m	False	False	(1, 5, 4)	()	4	1	major	major	I	I, major	iii		I	I	False	iii6	iii6, major		iii6, major		iii	-2	-2	-2	4	4	4	True	True	False
1360.0	2.0	226.667	50	2	D	0.0	1.667	0	6	4	4.0	1.0	1/4	True	-1	54.0	114.0	54.0	54b	3	680	False	False				False	455	iii6	Bb	I		iii6	iii		6			m	False	False	(1, 5, 4)	()	4	1	major	major	I	I, major	iii		I	I	False	iii6	iii6, major		iii6, major		iii	-2	-2	-2	4	4	4	True	True	False
1362.0	2.0	227.0	51	-3	E	-1.0	2.0	2	6	4	3.0	1.0	1/4	True	-1	54.0	114.0	54.0	54b	3	681	False	True				False	456	IV(9)	Bb	I		IV(9)	IV			9		M	False	False	(-1, 3, 0)	(1,)	-1	-1	major	major	I	I, major	IV		I	I	False	IV	IV, major		IV(9), major		IV	-2	-2	-2	-1	-1	-1	True	True	True
1362.0	2.0	227.0	51	-3	E	-1.0	2.0	2	6	4	4.0	1.0	1/4	True	-1	54.0	114.0	54.0	54b	3	681	False	True				False	456	IV(9)	Bb	I		IV(9)	IV			9		M	False	False	(-1, 3, 0)	(1,)	-1	-1	major	major	I	I, major	IV		I	I	False	IV	IV, major		IV(9), major		IV	-2	-2	-2	-1	-1	-1	True	True	True
1362.0	6.0	227.0	79	1	G	0.0	2.0	2	6	4	2.0	1.0	3/4	True	-1	54.0	114.0	54.0	54b	5	681	False	True				False	456	IV(9)	Bb	I		IV(9)	IV			9		M	False	False	(-1, 3, 0)	(1,)	-1	-1	major	major	I	I, major	IV		I	I	False	IV	IV, major		IV(9), major		IV	-2	-2	-2	3	3	3	True	False	False
1364.0	2.0	227.333	55	1	G	0.0	2.333	0	6	4	3.0	1.0	1/4	True	-1	54.0	114.0	54.0	54b	3	682	False	True				False	457	IV6	Bb	I		IV6	IV		6			M	False	False	(3, 0, -1)	()	-1	3	major	major	I	I, major	IV		I	I	False	IV6	IV6, major		IV6, major		IV	-2	-2	-2	3	3	3	True	False	True
1364.0	2.0	227.333	55	1	G	0.0	2.333	0	6	4	4.0	1.0	1/4	True	-1	54.0	114.0	54.0	54b	3	682	False	True				False	457	IV6	Bb	I		IV6	IV		6			M	False	False	(3, 0, -1)	()	-1	3	major	major	I	I, major	IV		I	I	False	IV6	IV6, major		IV6, major		IV	-2	-2	-2	3	3	3	True	False	True
1364.0	4.0	227.333	75	-3	E	-1.0	2.333	0	6	4	1.0	1.0	1/2	True	-1	54.0	114.0	54.0	54b	5	682	False	True				False	457	IV6	Bb	I		IV6	IV		6			M	False	False	(3, 0, -1)	()	-1	3	major	major	I	I, major	IV		I	I	False	IV6	IV6, major		IV6, major		IV	-2	-2	-2	-1	-1	-1	True	True	False
1366.0	2.0	227.667	57	3	A	0.0	2.667	0	6	4	3.0	1.0	1/4	True	-1	54.0	114.0	54.0	54b	3	683	False	False				False	457	IV6	Bb	I		IV6	IV		6			M	False	False	(3, 0, -1)	()	-1	3	major	major	I	I, major	IV		I	I	False	IV6	IV6, major		IV6, major		IV	-2	-2	-2	5	5	5	False	False	False
1366.0	2.0	227.667	57	3	A	0.0	2.667	0	6	4	4.0	1.0	1/4	True	-1	54.0	114.0	54.0	54b	3	683	False	False				False	457	IV6	Bb	I		IV6	IV		6			M	False	False	(3, 0, -1)	()	-1	3	major	major	I	I, major	IV		I	I	False	IV6	IV6, major		IV6, major		IV	-2	-2	-2	5	5	5	False	False	False
1368.0	2.0	228.0	46	-2	B	-1.0	1.0	1	6	4	3.0	1.0	1/4	True	-1	55.0	115.0	55.0	55b	2	684	False	True				False	458	I(4)	Bb	I		I(4)	I			4		M	False	False	(0, -1, 1)	()	0	0	major	major	I	I, major	I		I	I	False	I	I, major		I(4), major		I	-2	-2	-2	0	0	0	True	True	True
1368.0	4.0	228.0	58	-2	B	-1.0	1.0	1	6	4	4.0	1.0	1/2	True	-1	55.0	115.0	55.0	55b	3	684	False	True				False	458	I(4)	Bb	I		I(4)	I			4		M	False	False	(0, -1, 1)	()	0	0	major	major	I	I, major	I		I	I	False	I	I, major		I(4), major		I	-2	-2	-2	0	0	0	True	True	True
1368.0	2.0	228.0	75	-3	E	-1.0	1.0	1	6	4	1.0	1.0	1/4	False	-1	55.0	115.0	55.0	55b	5	684	False	True				False	458	I(4)	Bb	I		I(4)	I			4		M	False	False	(0, -1, 1)	()	0	0	major	major	I	I, major	I		I	I	False	I	I, major		I(4), major		I	-2	-2	-2	-1	-1	-1	True	False	False
1368.0	6.0	228.0	77	-1	F	0.0	1.0	1	6	4	2.0	1.0	3/4	True	-1	55.0	115.0	55.0	55b	5	684	False	True				False	458	I(4)	Bb	I		I(4)	I			4		M	False	False	(0, -1, 1)	()	0	0	major	major	I	I, major	I		I	I	False	I	I, major		I(4), major		I	-2	-2	-2	1	1	1	True	False	False
1370.0	1.0	228.333	50	2	D	0.0	1.333	0	6	4	3.0	1.0	1/8	True	-1	55.0	115.0	55.0	55b	3	685	False	True				False	459	I	Bb	I		I	I					M	False	False	(0, 4, 1)	()	0	0	major	major	I	I, major	I		I	I	False	I	I, major		I, major		I	-2	-2	-2	4	4	4	True	False	False
1370.0	6.0	228.333	74	2	D	0.0	1.333	0	6	4	1.0	1.0	3/4	True	-1	55.0	115.0	55.0	55b	5	685	False	True				False	459	I	Bb	I		I	I					M	False	False	(0, 4, 1)	()	0	0	major	major	I	I, major	I		I	I	False	I	I, major		I, major		I	-2	-2	-2	4	4	4	True	False	False
1371.0	1.0	228.5	48	0	C	0.0	1.5	0	6	4	3.0	1.0	1/8	True	-1	55.0	115.0	55.0	55b	3	1371/2	False	False				False	459	I	Bb	I		I	I					M	False	False	(0, 4, 1)	()	0	0	major	major	I	I, major	I		I	I	False	I	I, major		I, major		I	-2	-2	-2	2	2	2	False	False	False
1372.0	2.0	228.667	46	-2	B	-1.0	1.667	0	6	4	3.0	1.0	1/4	True	-1	55.0	115.0	55.0	55b	2	686	False	False				False	459	I	Bb	I		I	I					M	False	False	(0, 4, 1)	()	0	0	major	major	I	I, major	I		I	I	False	I	I, major		I, major		I	-2	-2	-2	0	0	0	True	True	True
1372.0	2.0	228.667	46	-2	B	-1.0	1.667	0	6	4	4.0	1.0	1/4	True	-1	55.0	115.0	55.0	55b	2	686	False	False				False	459	I	Bb	I		I	I					M	False	False	(0, 4, 1)	()	0	0	major	major	I	I, major	I		I	I	False	I	I, major		I, major		I	-2	-2	-2	0	0	0	True	True	True
1374.0	2.0	229.0	48	0	C	0.0	2.0	2	6	4	3.0	1.0	1/4	True	-1	55.0	115.0	55.0	55b	3	687	False	True				False	460	ii(9)	Bb	I		ii(9)	ii			9		m	False	False	(2, -1, 3)	(4,)	2	2	major	major	I	I, major	ii		I	I	False	ii	ii, major		ii(9), major		ii	-2	-2	-2	2	2	2	True	True	True
1374.0	2.0	229.0	48	0	C	0.0	2.0	2	6	4	4.0	1.0	1/4	True	-1	55.0	115.0	55.0	55b	3	687	False	True				False	460	ii(9)	Bb	I		ii(9)	ii			9		m	False	False	(2, -1, 3)	(4,)	2	2	major	major	I	I, major	ii		I	I	False	ii	ii, major		ii(9), major		ii	-2	-2	-2	2	2	2	True	True	True
1374.0	6.0	229.0	75	-3	E	-1.0	2.0	2	6	4	2.0	1.0	3/4	True	-1	55.0	115.0	55.0	55b	5	687	False	True				False	460	ii(9)	Bb	I		ii(9)	ii			9		m	False	False	(2, -1, 3)	(4,)	2	2	major	major	I	I, major	ii		I	I	False	ii	ii, major		ii(9), major		ii	-2	-2	-2	-1	-1	-1	True	False	False
1376.0	2.0	229.333	41	-1	F	0.0	2.333	0	6	4	3.0	1.0	1/4	True	-1	55.0	115.0	55.0	55b	2	688	False	True				False	461	V7	Bb	I		V7	V		7			Mm7	False	False	(1, 5, 2, -1)	()	1	1	major	major	I	I, major	V		I	I	False	V7	V7, major		V7, major		V	-2	-2	-2	1	1	1	True	True	True
1376.0	2.0	229.333	41	-1	F	0.0	2.333	0	6	4	4.0	1.0	1/4	True	-1	55.0	115.0	55.0	55b	2	688	False	True				False	461	V7	Bb	I		V7	V		7			Mm7	False	False	(1, 5, 2, -1)	()	1	1	major	major	I	I, major	V		I	I	False	V7	V7, major		V7, major		V	-2	-2	-2	1	1	1	True	True	True
1376.0	4.0	229.333	72	0	C	0.0	2.333	0	6	4	1.0	1.0	1/2	True	-1	55.0	115.0	55.0	55b	5	688	False	True				False	461	V7	Bb	I		V7	V		7			Mm7	False	False	(1, 5, 2, -1)	()	1	1	major	major	I	I, major	V		I	I	False	V7	V7, major		V7, major		V	-2	-2	-2	2	2	2	True	False	False
1378.0	2.0	229.667	53	-1	F	0.0	2.667	0	6	4	3.0	1.0	1/4	True	-1	55.0	115.0	55.0	55b	3	689	False	False				False	461	V7	Bb	I		V7	V		7			Mm7	False	False	(1, 5, 2, -1)	()	1	1	major	major	I	I, major	V		I	I	False	V7	V7, major		V7, major		V	-2	-2	-2	1	1	1	True	True	True
1378.0	2.0	229.667	53	-1	F	0.0	2.667	0	6	4	4.0	1.0	1/4	True	-1	55.0	115.0	55.0	55b	3	689	False	False				False	461	V7	Bb	I		V7	V		7			Mm7	False	False	(1, 5, 2, -1)	()	1	1	major	major	I	I, major	V		I	I	False	V7	V7, major		V7, major		V	-2	-2	-2	1	1	1	True	True	True
1380.0	4.0	230.0	46	-2	B	-1.0	1.0	1	6	4	3.0	1.0	1/2	True	-1	56.0	116.0	56.0	56b	2	690	False	True				False	462	I(9)	Bb	I		I(9)	I			9		M	False	False	(0, 4, 1)	(2,)	0	0	major	major	I	I, major	I		I	I	False	I	I, major		I(9), major		I	-2	-2	-2	0	0	0	True	True	True
1380.0	4.0	230.0	46	-2	B	-1.0	1.0	1	6	4	4.0	1.0	1/2	True	-1	56.0	116.0	56.0	56b	2	690	False	True				False	462	I(9)	Bb	I		I(9)	I			9		M	False	False	(0, 4, 1)	(2,)	0	0	major	major	I	I, major	I		I	I	False	I	I, major		I(9), major		I	-2	-2	-2	0	0	0	True	True	True
1380.0	2.0	230.0	72	0	C	0.0	1.0	1	6	4	1.0	1.0	1/4	False	-1	56.0	116.0	56.0	56b	5	690	False	True				False	462	I(9)	Bb	I		I(9)	I			9		M	False	False	(0, 4, 1)	(2,)	0	0	major	major	I	I, major	I		I	I	False	I	I, major		I(9), major		I	-2	-2	-2	2	2	2	False	False	False
1380.0	8.0	230.0	74	2	D	0.0	1.0	1	6	4	2.0	1.0	1	True	-1	56.0	116.0	56.0	56b	5	690	False	True				False	462	I(9)	Bb	I		I(9)	I			9		M	False	False	(0, 4, 1)	(2,)	0	0	major	major	I	I, major	I		I	I	False	I	I, major		I(9), major		I	-2	-2	-2	4	4	4	True	False	False
1382.0	2.0	230.333	70	-2	B	-1.0	1.333	0	6	4	1.0	1.0	1/4	True	-1	56.0	116.0	56.0	56b	4	691	False	True				False	463	I	Bb	I		I	I					M	False	False	(0, 4, 1)	()	0	0	major	major	I	I, major	I		I	I	False	I	I, major		I, major		I	-2	-2	-2	0	0	0	True	True	True
1384.0	2.0	230.667	50	2	D	0.0	1.667	0	6	4	3.0	1.0	1/4	True	-1	56.0	116.0	56.0	56b	3	692	False	True				False	464	I6	Bb	I		I6	I		6			M	False	False	(4, 1, 0)	()	0	4	major	major	I	I, major	I		I	I	False	I6	I6, major		I6, major		I	-2	-2	-2	4	4	4	True	False	True
1384.0	2.0	230.667	50	2	D	0.0	1.667	0	6	4	4.0	1.0	1/4	True	-1	56.0	116.0	56.0	56b	3	692	False	True				False	464	I6	Bb	I		I6	I		6			M	False	False	(4, 1, 0)	()	0	4	major	major	I	I, major	I		I	I	False	I6	I6, major		I6, major		I	-2	-2	-2	4	4	4	True	False	True
1384.0	2.0	230.667	65	-1	F	0.0	1.667	0	6	4	1.0	1.0	1/4	True	-1	56.0	116.0	56.0	56b	4	692	False	True				False	464	I6	Bb	I		I6	I		6			M	False	False	(4, 1, 0)	()	0	4	major	major	I	I, major	I		I	I	False	I6	I6, major		I6, major		I	-2	-2	-2	1	1	1	True	False	False
1386.0	4.0	231.0	51	-3	E	-1.0	2.0	2	6	4	3.0	1.0	1/2	True	-1	56.0	116.0	56.0	56b	3	693	False	True				False	465	IVM7	Bb	I		IVM7	IV	M	7			MM7	False	False	(-1, 3, 0, 4)	()	-1	-1	major	major	I	I, major	IV		I	I	False	IVM7	IVM7, major		IVM7, major		IV	-2	-2	-2	-1	-1	-1	True	True	True
1386.0	4.0	231.0	51	-3	E	-1.0	2.0	2	6	4	4.0	1.0	1/2	True	-1	56.0	116.0	56.0	56b	3	693	False	True				False	465	IVM7	Bb	I		IVM7	IV	M	7			MM7	False	False	(-1, 3, 0, 4)	()	-1	-1	major	major	I	I, major	IV		I	I	False	IVM7	IVM7, major		IVM7, major		IV	-2	-2	-2	-1	-1	-1	True	True	True
1386.0	2.0	231.0	67	1	G	0.0	2.0	2	6	4	1.0	1.0	1/4	True	-1	56.0	116.0	56.0	56b	4	693	False	True				False	465	IVM7	Bb	I		IVM7	IV	M	7			MM7	False	False	(-1, 3, 0, 4)	()	-1	-1	major	major	I	I, major	IV		I	I	False	IVM7	IVM7, major		IVM7, major		IV	-2	-2	-2	3	3	3	True	False	False
1388.0	2.0	231.333	72	0	C	0.0	2.333	0	6	4	2.0	1.0	1/4	True	-1	56.0	116.0	56.0	56b	5	694	False	True				False	466	ii6	Bb	I		ii6	ii		6			m	False	False	(-1, 3, 2)	()	2	-1	major	major	I	I, major	ii		I	I	False	ii6	ii6, major		ii6, major		ii	-2	-2	-2	2	2	2	True	True	False
1388.0	2.0	231.333	75	-3	E	-1.0	2.333	0	6	4	1.0	1.0	1/4	True	-1	56.0	116.0	56.0	56b	5	694	False	True				False	466	ii6	Bb	I		ii6	ii		6			m	False	False	(-1, 3, 2)	()	2	-1	major	major	I	I, major	ii		I	I	False	ii6	ii6, major		ii6, major		ii	-2	-2	-2	-1	-1	-1	True	False	True
1390.0	2.0	231.667	51	-3	E	-1.0	2.667	0	6	4	3.0	1.0	1/4	True	-1	56.0	116.0	56.0	56b	3	695	False	True				False	467	IV	Bb	I		IV	IV					M	False	False	(-1, 3, 0)	()	-1	-1	major	major	I	I, major	IV		I	I	False	IV	IV, major		IV, major		IV	-2	-2	-2	-1	-1	-1	True	True	True
1390.0	2.0	231.667	51	-3	E	-1.0	2.667	0	6	4	4.0	1.0	1/4	True	-1	56.0	116.0	56.0	56b	3	695	False	True				False	467	IV	Bb	I		IV	IV					M	False	False	(-1, 3, 0)	()	-1	-1	major	major	I	I, major	IV		I	I	False	IV	IV, major		IV, major		IV	-2	-2	-2	-1	-1	-1	True	True	True
1390.0	2.0	231.667	75	-3	E	-1.0	2.667	0	6	4	2.0	1.0	1/4	True	-1	56.0	116.0	56.0	56b	5	695	False	True				False	467	IV	Bb	I		IV	IV					M	False	False	(-1, 3, 0)	()	-1	-1	major	major	I	I, major	IV		I	I	False	IV	IV, major		IV, major		IV	-2	-2	-2	-1	-1	-1	True	True	True
1390.0	2.0	231.667	79	1	G	0.0	2.667	0	6	4	1.0	1.0	1/4	True	-1	56.0	116.0	56.0	56b	5	695	False	True				False	467	IV	Bb	I		IV	IV					M	False	False	(-1, 3, 0)	()	-1	-1	major	major	I	I, major	IV		I	I	False	IV	IV, major		IV, major		IV	-2	-2	-2	3	3	3	True	False	False
1392.0	4.0	232.0	53	-1	F	0.0	1.0	1	6	4	3.0	1.0	1/2	True	-1	57.0	117.0	57.0	57b	3	696	False	True				False	468	V	Bb	I		V	V					M	False	False	(1, 5, 2)	()	1	1	major	major	I	I, major	V		I	I	False	V	V, major		V, major		V	-2	-2	-2	1	1	1	True	True	True
1392.0	4.0	232.0	53	-1	F	0.0	1.0	1	6	4	4.0	1.0	1/2	True	-1	57.0	117.0	57.0	57b	3	696	False	True				False	468	V	Bb	I		V	V					M	False	False	(1, 5, 2)	()	1	1	major	major	I	I, major	V		I	I	False	V	V, major		V, major		V	-2	-2	-2	1	1	1	True	True	True
1392.0	4.0	232.0	69	3	A	0.0	1.0	1	6	4	2.0	1.0	1/2	True	-1	57.0	117.0	57.0	57b	4	696	False	True				False	468	V	Bb	I		V	V					M	False	False	(1, 5, 2)	()	1	1	major	major	I	I, major	V		I	I	False	V	V, major		V, major		V	-2	-2	-2	5	5	5	True	False	False
1392.0	4.0	232.0	72	0	C	0.0	1.0	1	6	4	1.0	1.0	1/2	True	-1	57.0	117.0	57.0	57b	5	696	False	True				False	468	V	Bb	I		V	V					M	False	False	(1, 5, 2)	()	1	1	major	major	I	I, major	V		I	I	False	V	V, major		V, major		V	-2	-2	-2	2	2	2	True	False	False
1396.0	4.0	232.667	51	-3	E	-1.0	1.667	0	6	4	3.0	1.0	1/2	True	-1	57.0	117.0	57.0	57b	3	698	False	True				False	469	IVM7	Bb	I		IVM7	IV	M	7			MM7	False	False	(-1, 3, 0, 4)	()	-1	-1	major	major	I	I, major	IV		I	I	False	IVM7	IVM7, major		IVM7, major		IV	-2	-2	-2	-1	-1	-1	True	True	True
1396.0	4.0	232.667	51	-3	E	-1.0	1.667	0	6	4	4.0	1.0	1/2	True	-1	57.0	117.0	57.0	57b	3	698	False	True				False	469	IVM7	Bb	I		IVM7	IV	M	7			MM7	False	False	(-1, 3, 0, 4)	()	-1	-1	major	major	I	I, major	IV		I	I	False	IVM7	IVM7, major		IVM7, major		IV	-2	-2	-2	-1	-1	-1	True	True	True
1396.0	4.0	232.667	70	-2	B	-1.0	1.667	0	6	4	2.0	1.0	1/2	True	-1	57.0	117.0	57.0	57b	4	698	False	True				False	469	IVM7	Bb	I		IVM7	IV	M	7			MM7	False	False	(-1, 3, 0, 4)	()	-1	-1	major	major	I	I, major	IV		I	I	False	IVM7	IVM7, major		IVM7, major		IV	-2	-2	-2	0	0	0	True	False	False
1396.0	4.0	232.667	74	2	D	0.0	1.667	0	6	4	1.0	1.0	1/2	True	-1	57.0	117.0	57.0	57b	5	698	False	True				False	469	IVM7	Bb	I		IVM7	IV	M	7			MM7	False	False	(-1, 3, 0, 4)	()	-1	-1	major	major	I	I, major	IV		I	I	False	IVM7	IVM7, major		IVM7, major		IV	-2	-2	-2	4	4	4	True	False	False
1400.0	4.0	233.333	53	-1	F	0.0	2.333	0	6	4	3.0	1.0	1/2	True	-1	57.0	117.0	57.0	57b	3	700	False	True				False	470	V	Bb	I		V	V					M	False	False	(1, 5, 2)	()	1	1	major	major	I	I, major	V		I	I	False	V	V, major		V, major		V	-2	-2	-2	1	1	1	True	True	True
1400.0	4.0	233.333	53	-1	F	0.0	2.333	0	6	4	4.0	1.0	1/2	True	-1	57.0	117.0	57.0	57b	3	700	False	True				False	470	V	Bb	I		V	V					M	False	False	(1, 5, 2)	()	1	1	major	major	I	I, major	V		I	I	False	V	V, major		V, major		V	-2	-2	-2	1	1	1	True	True	True
1400.0	4.0	233.333	69	3	A	0.0	2.333	0	6	4	2.0	1.0	1/2	True	-1	57.0	117.0	57.0	57b	4	700	False	True				False	470	V	Bb	I		V	V					M	False	False	(1, 5, 2)	()	1	1	major	major	I	I, major	V		I	I	False	V	V, major		V, major		V	-2	-2	-2	5	5	5	True	False	False
1400.0	4.0	233.333	72	0	C	0.0	2.333	0	6	4	1.0	1.0	1/2	True	-1	57.0	117.0	57.0	57b	5	700	False	True				False	470	V	Bb	I		V	V					M	False	False	(1, 5, 2)	()	1	1	major	major	I	I, major	V		I	I	False	V	V, major		V, major		V	-2	-2	-2	2	2	2	True	False	False
1404.0	4.0	234.0	46	-2	B	-1.0	1.0	1	6	4	3.0	1.0	1/2	True	-1	58.0	118.0	58.0	58b	2	702	False	True	PAC	PAC	}{	True	471	I|PAC}{	Bb	I		I	I					M	False	False	(0, 4, 1)	()	0	0	major	major	I	I, major	I		I	I	False	I	I, major		I, major		I	-2	-2	-2	0	0	0	True	True	True
1404.0	4.0	234.0	46	-2	B	-1.0	1.0	1	6	4	4.0	1.0	1/2	True	-1	58.0	118.0	58.0	58b	2	702	False	True	PAC	PAC	}{	True	471	I|PAC}{	Bb	I		I	I					M	False	False	(0, 4, 1)	()	0	0	major	major	I	I, major	I		I	I	False	I	I, major		I, major		I	-2	-2	-2	0	0	0	True	True	True
1404.0	2.0	234.0	70	-2	B	-1.0	1.0	1	6	4	1.0	1.0	1/4	True	-1	58.0	118.0	58.0	58b	4	702	False	True	PAC	PAC	}{	True	471	I|PAC}{	Bb	I		I	I					M	False	False	(0, 4, 1)	()	0	0	major	major	I	I, major	I		I	I	False	I	I, major		I, major		I	-2	-2	-2	0	0	0	True	True	True
1404.0	4.0	234.0	70	-2	B	-1.0	1.0	1	6	4	2.0	1.0	1/2	True	-1	58.0	118.0	58.0	58b	4	702	False	True	PAC	PAC	}{	True	471	I|PAC}{	Bb	I		I	I					M	False	False	(0, 4, 1)	()	0	0	major	major	I	I, major	I		I	I	False	I	I, major		I, major		I	-2	-2	-2	0	0	0	True	True	True
1406.0	2.0	234.333	74	2	D	0.0	1.333	0	6	4	1.0	1.0	1/4	True	-1	58.0	118.0	58.0	58b	5	703	False	False				False	471	I|PAC}{	Bb	I		I	I					M	False	False	(0, 4, 1)	()	0	0	major	major	I	I, major	I		I	I	False	I	I, major		I, major		I	-2	-2	-2	4	4	4	True	False	False
1408.0	2.0	234.667	50	2	D	0.0	1.667	0	6	4	3.0	1.0	1/4	True	-1	58.0	118.0	58.0	58b	3	704	False	True				False	472	I6	Bb	I		I6	I		6			M	False	False	(4, 1, 0)	()	0	4	major	major	I	I, major	I		I	I	False	I6	I6, major		I6, major		I	-2	-2	-2	4	4	4	True	False	True
1408.0	2.0	234.667	50	2	D	0.0	1.667	0	6	4	4.0	1.0	1/4	True	-1	58.0	118.0	58.0	58b	3	704	False	True				False	472	I6	Bb	I		I6	I		6			M	False	False	(4, 1, 0)	()	0	4	major	major	I	I, major	I		I	I	False	I6	I6, major		I6, major		I	-2	-2	-2	4	4	4	True	False	True
1408.0	2.0	234.667	65	-1	F	0.0	1.667	0	6	4	1.0	1.0	1/4	True	-1	58.0	118.0	58.0	58b	4	704	False	True				False	472	I6	Bb	I		I6	I		6			M	False	False	(4, 1, 0)	()	0	4	major	major	I	I, major	I		I	I	False	I6	I6, major		I6, major		I	-2	-2	-2	1	1	1	True	False	False
1410.0	4.0	235.0	51	-3	E	-1.0	2.0	2	6	4	3.0	1.0	1/2	True	-1	58.0	118.0	58.0	58b	3	705	False	True				False	473	IV	Bb	I		IV	IV					M	False	False	(-1, 3, 0)	()	-1	-1	major	major	I	I, major	IV		I	I	False	IV	IV, major		IV, major		IV	-2	-2	-2	-1	-1	-1	True	True	True
1410.0	4.0	235.0	51	-3	E	-1.0	2.0	2	6	4	4.0	1.0	1/2	True	-1	58.0	118.0	58.0	58b	3	705	False	True				False	473	IV	Bb	I		IV	IV					M	False	False	(-1, 3, 0)	()	-1	-1	major	major	I	I, major	IV		I	I	False	IV	IV, major		IV, major		IV	-2	-2	-2	-1	-1	-1	True	True	True
1410.0	2.0	235.0	67	1	G	0.0	2.0	2	6	4	1.0	1.0	1/4	True	-1	58.0	118.0	58.0	58b	4	705	False	True				False	473	IV	Bb	I		IV	IV					M	False	False	(-1, 3, 0)	()	-1	-1	major	major	I	I, major	IV		I	I	False	IV	IV, major		IV, major		IV	-2	-2	-2	3	3	3	True	False	False
1412.0	2.0	235.333	72	0	C	0.0	2.333	0	6	4	2.0	1.0	1/4	True	-1	58.0	118.0	58.0	58b	5	706	False	True				False	474	ii6	Bb	I		ii6	ii		6			m	False	False	(-1, 3, 2)	()	2	-1	major	major	I	I, major	ii		I	I	False	ii6	ii6, major		ii6, major		ii	-2	-2	-2	2	2	2	True	True	False
1412.0	2.0	235.333	75	-3	E	-1.0	2.333	0	6	4	1.0	1.0	1/4	True	-1	58.0	118.0	58.0	58b	5	706	False	True				False	474	ii6	Bb	I		ii6	ii		6			m	False	False	(-1, 3, 2)	()	2	-1	major	major	I	I, major	ii		I	I	False	ii6	ii6, major		ii6, major		ii	-2	-2	-2	-1	-1	-1	True	False	True
1414.0	2.0	235.667	51	-3	E	-1.0	2.667	0	6	4	3.0	1.0	1/4	True	-1	58.0	118.0	58.0	58b	3	707	False	True				False	475	IV	Bb	I		IV	IV					M	False	False	(-1, 3, 0)	()	-1	-1	major	major	I	I, major	IV		I	I	False	IV	IV, major		IV, major		IV	-2	-2	-2	-1	-1	-1	True	True	True
1414.0	2.0	235.667	51	-3	E	-1.0	2.667	0	6	4	4.0	1.0	1/4	True	-1	58.0	118.0	58.0	58b	3	707	False	True				False	475	IV	Bb	I		IV	IV					M	False	False	(-1, 3, 0)	()	-1	-1	major	major	I	I, major	IV		I	I	False	IV	IV, major		IV, major		IV	-2	-2	-2	-1	-1	-1	True	True	True
1414.0	2.0	235.667	75	-3	E	-1.0	2.667	0	6	4	2.0	1.0	1/4	True	-1	58.0	118.0	58.0	58b	5	707	False	True				False	475	IV	Bb	I		IV	IV					M	False	False	(-1, 3, 0)	()	-1	-1	major	major	I	I, major	IV		I	I	False	IV	IV, major		IV, major		IV	-2	-2	-2	-1	-1	-1	True	True	True
1414.0	2.0	235.667	79	1	G	0.0	2.667	0	6	4	1.0	1.0	1/4	True	-1	58.0	118.0	58.0	58b	5	707	False	True				False	475	IV	Bb	I		IV	IV					M	False	False	(-1, 3, 0)	()	-1	-1	major	major	I	I, major	IV		I	I	False	IV	IV, major		IV, major		IV	-2	-2	-2	3	3	3	True	False	False
1416.0	4.0	236.0	53	-1	F	0.0	1.0	1	6	4	3.0	1.0	1/2	True	-1	59.0	119.0	59.0	59b	3	708	False	True				False	476	V	Bb	I		V	V					M	False	False	(1, 5, 2)	()	1	1	major	major	I	I, major	V		I	I	False	V	V, major		V, major		V	-2	-2	-2	1	1	1	True	True	True
1416.0	4.0	236.0	53	-1	F	0.0	1.0	1	6	4	4.0	1.0	1/2	True	-1	59.0	119.0	59.0	59b	3	708	False	True				False	476	V	Bb	I		V	V					M	False	False	(1, 5, 2)	()	1	1	major	major	I	I, major	V		I	I	False	V	V, major		V, major		V	-2	-2	-2	1	1	1	True	True	True
1416.0	4.0	236.0	69	3	A	0.0	1.0	1	6	4	2.0	1.0	1/2	True	-1	59.0	119.0	59.0	59b	4	708	False	True				False	476	V	Bb	I		V	V					M	False	False	(1, 5, 2)	()	1	1	major	major	I	I, major	V		I	I	False	V	V, major		V, major		V	-2	-2	-2	5	5	5	True	False	False
1416.0	4.0	236.0	72	0	C	0.0	1.0	1	6	4	1.0	1.0	1/2	True	-1	59.0	119.0	59.0	59b	5	708	False	True				False	476	V	Bb	I		V	V					M	False	False	(1, 5, 2)	()	1	1	major	major	I	I, major	V		I	I	False	V	V, major		V, major		V	-2	-2	-2	2	2	2	True	False	False
1420.0	4.0	236.667	51	-3	E	-1.0	1.667	0	6	4	3.0	1.0	1/2	True	-1	59.0	119.0	59.0	59b	3	710	False	True				False	477	IVM7	Bb	I		IVM7	IV	M	7			MM7	False	False	(-1, 3, 0, 4)	()	-1	-1	major	major	I	I, major	IV		I	I	False	IVM7	IVM7, major		IVM7, major		IV	-2	-2	-2	-1	-1	-1	True	True	True
1420.0	4.0	236.667	51	-3	E	-1.0	1.667	0	6	4	4.0	1.0	1/2	True	-1	59.0	119.0	59.0	59b	3	710	False	True				False	477	IVM7	Bb	I		IVM7	IV	M	7			MM7	False	False	(-1, 3, 0, 4)	()	-1	-1	major	major	I	I, major	IV		I	I	False	IVM7	IVM7, major		IVM7, major		IV	-2	-2	-2	-1	-1	-1	True	True	True
1420.0	4.0	236.667	70	-2	B	-1.0	1.667	0	6	4	2.0	1.0	1/2	True	-1	59.0	119.0	59.0	59b	4	710	False	True				False	477	IVM7	Bb	I		IVM7	IV	M	7			MM7	False	False	(-1, 3, 0, 4)	()	-1	-1	major	major	I	I, major	IV		I	I	False	IVM7	IVM7, major		IVM7, major		IV	-2	-2	-2	0	0	0	True	False	False
1420.0	4.0	236.667	74	2	D	0.0	1.667	0	6	4	1.0	1.0	1/2	True	-1	59.0	119.0	59.0	59b	5	710	False	True				False	477	IVM7	Bb	I		IVM7	IV	M	7			MM7	False	False	(-1, 3, 0, 4)	()	-1	-1	major	major	I	I, major	IV		I	I	False	IVM7	IVM7, major		IVM7, major		IV	-2	-2	-2	4	4	4	True	False	False
1424.0	4.0	237.333	53	-1	F	0.0	2.333	0	6	4	3.0	1.0	1/2	True	-1	59.0	119.0	59.0	59b	3	712	False	True				False	478	V	Bb	I		V	V					M	False	False	(1, 5, 2)	()	1	1	major	major	I	I, major	V		I	I	False	V	V, major		V, major		V	-2	-2	-2	1	1	1	True	True	True
1424.0	4.0	237.333	53	-1	F	0.0	2.333	0	6	4	4.0	1.0	1/2	True	-1	59.0	119.0	59.0	59b	3	712	False	True				False	478	V	Bb	I		V	V					M	False	False	(1, 5, 2)	()	1	1	major	major	I	I, major	V		I	I	False	V	V, major		V, major		V	-2	-2	-2	1	1	1	True	True	True
1424.0	4.0	237.333	69	3	A	0.0	2.333	0	6	4	2.0	1.0	1/2	True	-1	59.0	119.0	59.0	59b	4	712	False	True				False	478	V	Bb	I		V	V					M	False	False	(1, 5, 2)	()	1	1	major	major	I	I, major	V		I	I	False	V	V, major		V, major		V	-2	-2	-2	5	5	5	True	False	False
1424.0	4.0	237.333	72	0	C	0.0	2.333	0	6	4	1.0	1.0	1/2	True	-1	59.0	119.0	59.0	59b	5	712	False	True				False	478	V	Bb	I		V	V					M	False	False	(1, 5, 2)	()	1	1	major	major	I	I, major	V		I	I	False	V	V, major		V, major		V	-2	-2	-2	2	2	2	True	False	False
1428.0	6.0	238.0	46	-2	B	-1.0	1.0	1	6	4	3.0	1.0	3/4	True	-1	60.0	120.0	60.0	60b	2	714	False	True	PAC	PAC	}	True	479	I|PAC}	Bb	I		I	I					M	False	False	(0, 4, 1)	()	0	0	major	major	I	I, major	I		I	I	False	I	I, major		I, major		I	-2	-2	-2	0	0	0	True	True	True
1428.0	6.0	238.0	46	-2	B	-1.0	1.0	1	6	4	4.0	1.0	3/4	True	-1	60.0	120.0	60.0	60b	2	714	False	True	PAC	PAC	}	True	479	I|PAC}	Bb	I		I	I					M	False	False	(0, 4, 1)	()	0	0	major	major	I	I, major	I		I	I	False	I	I, major		I, major		I	-2	-2	-2	0	0	0	True	True	True
1428.0	6.0	238.0	70	-2	B	-1.0	1.0	1	6	4	1.0	1.0	3/4	True	-1	60.0	120.0	60.0	60b	4	714	False	True	PAC	PAC	}	True	479	I|PAC}	Bb	I		I	I					M	False	False	(0, 4, 1)	()	0	0	major	major	I	I, major	I		I	I	False	I	I, major		I, major		I	-2	-2	-2	0	0	0	True	True	True
1428.0	6.0	238.0	70	-2	B	-1.0	1.0	1	6	4	2.0	1.0	3/4	True	-1	60.0	120.0	60.0	60b	4	714	False	True	PAC	PAC	}	True	479	I|PAC}	Bb	I		I	I					M	False	False	(0, 4, 1)	()	0	0	major	major	I	I, major	I		I	I	False	I	I, major		I, major		I	-2	-2	-2	0	0	0	True	True	True
																					11		True				False	7	V	Bb	I		V	V					M	False	False	(1, 5, 2)	()	1	1	major	major	I	I, major	V		I	I	False	V	V, major		V, major		V	-2	-2	-2						
																					371		True				False	247	V	Bb	I		V	V					M	False	False	(1, 5, 2)	()	1	1	major	major	I	I, major	V		I	I	False	V	V, major		V, major		V	-2	-2	-2						
