onset_div	duration_div	pitch	tpc	step	alter	ts_beats	ts_beat_type	staff	voice	is_note_onset	beat	ks_fifths	mc	mn	mc_playthrough	mn_playthrough	quarterbeats_playthrough	duration	section_start	octave	is_harmony_onset	cadence	cadence_type	phraseend	is_phrase_ending	unfolded_harmony_index	volta	label	globalkey	localkey	pedal	chord	special	numeral	form	figbass	changes	relativeroot	chord_type	globalkey_is_minor	localkey_is_minor	chord_tones	added_tones	root	bass_note	globalkey_mode	localkey_mode	localkey_resolved	localkey_and_mode	root_roman	relativeroot_resolved	effective_localkey	effective_localkey_resolved	effective_localkey_is_minor	chord_reduced	chord_reduced_and_mode	pedal_resolved	chord_and_mode	applied_to_numeral	numeral_or_applied_to_numeral	globalkey_tpc	localkey_tpc	tonicized_tpc	sic_with_global	sic_with_local	sic_with_tonicized	tpc_is_in_label	tpc_is_root	tpc_is_bass
0	48	60	0	C	0	3	4	4	1	True	1.0	0	1	1	1	1a	0	1/2	True	4	True				False	0		C.I	C	I		I		I					M	False	False	(0, 4, 1)	()	0	0	major	major	I	I, major	I		I	I	False	I	I, major		I, major		I	0	0	0	0	0	0	True	True	True
0	48	64	4	E	0	3	4	3	1	True	1.0	0	1	1	1	1a	0	1/2	True	4	True				False	0		C.I	C	I		I		I					M	False	False	(0, 4, 1)	()	0	0	major	major	I	I, major	I		I	I	False	I	I, major		I, major		I	0	0	0	4	4	4	True	False	False
0	48	67	1	G	0	3	4	2	1	True	1.0	0	1	1	1	1a	0	1/2	True	4	True				False	0		C.I	C	I		I		I					M	False	False	(0, 4, 1)	()	0	0	major	major	I	I, major	I		I	I	False	I	I, major		I, major		I	0	0	0	1	1	1	True	False	False
0	48	72	0	C	0	3	4	1	1	True	1.0	0	1	1	1	1a	0	1/2	True	5	True				False	0		C.I	C	I		I		I					M	False	False	(0, 4, 1)	()	0	0	major	major	I	I, major	I		I	I	False	I	I, major		I, major		I	0	0	0	0	0	0	True	True	True
48	6	62	2	D	0	3	4	4	1	True	3.0	0	1	1	1	1a	2	1/16	False	4	True				False	1		V43	C	I		V43		V		43			Mm7	False	False	(2, -1, 1, 5)	()	1	2	major	major	I	I, major	V		I	I	False	V43	V43, major		V43, major		V	0	0	0	2	2	2	True	False	True
48	6	65	-1	F	0	3	4	3	1	True	3.0	0	1	1	1	1a	2	1/16	False	4	True				False	1		V43	C	I		V43		V		43			Mm7	False	False	(2, -1, 1, 5)	()	1	2	major	major	I	I, major	V		I	I	False	V43	V43, major		V43, major		V	0	0	0	-1	-1	-1	True	False	False
48	6	67	1	G	0	3	4	2	1	True	3.0	0	1	1	1	1a	2	1/16	False	4	True				False	1		V43	C	I		V43		V		43			Mm7	False	False	(2, -1, 1, 5)	()	1	2	major	major	I	I, major	V		I	I	False	V43	V43, major		V43, major		V	0	0	0	1	1	1	True	True	False
48	6	71	5	B	0	3	4	1	1	True	3.0	0	1	1	1	1a	2	1/16	False	4	True				False	1		V43	C	I		V43		V		43			Mm7	False	False	(2, -1, 1, 5)	()	1	2	major	major	I	I, major	V		I	I	False	V43	V43, major		V43, major		V	0	0	0	5	5	5	True	False	False
54	6	60	0	C	0	3	4	4	1	True	3.25	0	1	1	1	1a	9/4	1/16	False	4	False				False	1		V43	C	I		V43		V		43			Mm7	False	False	(2, -1, 1, 5)	()	1	2	major	major	I	I, major	V		I	I	False	V43	V43, major		V43, major		V	0	0	0	0	0	0	False	False	False
54	6	64	4	E	0	3	4	3	1	True	3.25	0	1	1	1	1a	9/4	1/16	False	4	False				False	1		V43	C	I		V43		V		43			Mm7	False	False	(2, -1, 1, 5)	()	1	2	major	major	I	I, major	V		I	I	False	V43	V43, major		V43, major		V	0	0	0	4	4	4	False	False	False
54	6	69	3	A	0	3	4	2	1	True	3.25	0	1	1	1	1a	9/4	1/16	False	4	False				False	1		V43	C	I		V43		V		43			Mm7	False	False	(2, -1, 1, 5)	()	1	2	major	major	I	I, major	V		I	I	False	V43	V43, major		V43, major		V	0	0	0	3	3	3	False	False	False
54	6	72	0	C	0	3	4	1	1	True	3.25	0	1	1	1	1a	9/4	1/16	False	5	False				False	1		V43	C	I		V43		V		43			Mm7	False	False	(2, -1, 1, 5)	()	1	2	major	major	I	I, major	V		I	I	False	V43	V43, major		V43, major		V	0	0	0	0	0	0	False	False	False
60	6	59	5	B	0	3	4	4	1	True	3.5	0	1	1	1	1a	5/2	1/16	False	3	False				False	1		V43	C	I		V43		V		43			Mm7	False	False	(2, -1, 1, 5)	()	1	2	major	major	I	I, major	V		I	I	False	V43	V43, major		V43, major		V	0	0	0	5	5	5	True	False	False
60	6	62	2	D	0	3	4	3	1	True	3.5	0	1	1	1	1a	5/2	1/16	False	4	False				False	1		V43	C	I		V43		V		43			Mm7	False	False	(2, -1, 1, 5)	()	1	2	major	major	I	I, major	V		I	I	False	V43	V43, major		V43, major		V	0	0	0	2	2	2	True	False	True
60	6	71	5	B	0	3	4	2	1	True	3.5	0	1	1	1	1a	5/2	1/16	False	4	False				False	1		V43	C	I		V43		V		43			Mm7	False	False	(2, -1, 1, 5)	()	1	2	major	major	I	I, major	V		I	I	False	V43	V43, major		V43, major		V	0	0	0	5	5	5	True	False	False
60	6	74	2	D	0	3	4	1	1	True	3.5	0	1	1	1	1a	5/2	1/16	False	5	False				False	1		V43	C	I		V43		V		43			Mm7	False	False	(2, -1, 1, 5)	()	1	2	major	major	I	I, major	V		I	I	False	V43	V43, major		V43, major		V	0	0	0	2	2	2	True	False	True
66	6	57	3	A	0	3	4	4	1	True	3.75	0	1	1	1	1a	11/4	1/16	False	3	False				False	1		V43	C	I		V43		V		43			Mm7	False	False	(2, -1, 1, 5)	()	1	2	major	major	I	I, major	V		I	I	False	V43	V43, major		V43, major		V	0	0	0	3	3	3	False	False	False
66	6	60	0	C	0	3	4	3	1	True	3.75	0	1	1	1	1a	11/4	1/16	False	4	False				False	1		V43	C	I		V43		V		43			Mm7	False	False	(2, -1, 1, 5)	()	1	2	major	major	I	I, major	V		I	I	False	V43	V43, major		V43, major		V	0	0	0	0	0	0	False	False	False
66	6	72	0	C	0	3	4	2	1	True	3.75	0	1	1	1	1a	11/4	1/16	False	5	False				False	1		V43	C	I		V43		V		43			Mm7	False	False	(2, -1, 1, 5)	()	1	2	major	major	I	I, major	V		I	I	False	V43	V43, major		V43, major		V	0	0	0	0	0	0	False	False	False
66	6	76	4	E	0	3	4	1	1	True	3.75	0	1	1	1	1a	11/4	1/16	False	5	False				False	1		V43	C	I		V43		V		43			Mm7	False	False	(2, -1, 1, 5)	()	1	2	major	major	I	I, major	V		I	I	False	V43	V43, major		V43, major		V	0	0	0	4	4	4	False	False	False
72	24	55	1	G	0	3	4	4	1	True	1.0	0	2	2	2	2a	3	1/4	False	3	True				False	2		V7	C	I		V7		V		7			Mm7	False	False	(1, 5, 2, -1)	()	1	1	major	major	I	I, major	V		I	I	False	V7	V7, major		V7, major		V	0	0	0	1	1	1	True	True	True
72	48	59	5	B	0	3	4	3	1	True	1.0	0	2	2	2	2a	3	1/2	False	3	True				False	2		V7	C	I		V7		V		7			Mm7	False	False	(1, 5, 2, -1)	()	1	1	major	major	I	I, major	V		I	I	False	V7	V7, major		V7, major		V	0	0	0	5	5	5	True	False	False
72	48	74	2	D	0	3	4	2	1	True	1.0	0	2	2	2	2a	3	1/2	False	5	True				False	2		V7	C	I		V7		V		7			Mm7	False	False	(1, 5, 2, -1)	()	1	1	major	major	I	I, major	V		I	I	False	V7	V7, major		V7, major		V	0	0	0	2	2	2	True	False	False
72	48	77	-1	F	0	3	4	1	1	True	1.0	0	2	2	2	2a	3	1/2	False	5	True				False	2		V7	C	I		V7		V		7			Mm7	False	False	(1, 5, 2, -1)	()	1	1	major	major	I	I, major	V		I	I	False	V7	V7, major		V7, major		V	0	0	0	-1	-1	-1	True	False	False
96	24	56	8	G	1	3	4	4	1	True	2.0	0	2	2	2	2a	4	1/4	False	3	True				False	3		#viio7/vi	C	I		#viio7/vi		#vii	o	7		vi	o7	False	False	(8, 5, 2, -1)	()	8	8	major	major	I	I, major	#vii/vi	vi	vi/I	vi	True	#viio7/vi	#viio7/vi, major		#viio7/vi, major	vi	vi	0	0	3	8	8	5	True	True	True
120	24	57	3	A	0	3	4	4	1	True	3.0	0	2	2	2	2a	5	1/4	False	3	True				False	4		vi	C	I		vi		vi					m	False	False	(3, 0, 4)	()	3	3	major	major	I	I, major	vi		I	I	False	vi	vi, major		vi, major		vi	0	0	0	3	3	3	True	True	True
120	24	60	0	C	0	3	4	3	1	True	3.0	0	2	2	2	2a	5	1/4	False	4	True				False	4		vi	C	I		vi		vi					m	False	False	(3, 0, 4)	()	3	3	major	major	I	I, major	vi		I	I	False	vi	vi, major		vi, major		vi	0	0	0	0	0	0	True	False	False
120	24	72	0	C	0	3	4	2	1	True	3.0	0	2	2	2	2a	5	1/4	False	5	True				False	4		vi	C	I		vi		vi					m	False	False	(3, 0, 4)	()	3	3	major	major	I	I, major	vi		I	I	False	vi	vi, major		vi, major		vi	0	0	0	0	0	0	True	False	False
120	24	76	4	E	0	3	4	1	1	True	3.0	0	2	2	2	2a	5	1/4	False	5	True				False	4		vi	C	I		vi		vi					m	False	False	(3, 0, 4)	()	3	3	major	major	I	I, major	vi		I	I	False	vi	vi, major		vi, major		vi	0	0	0	4	4	4	True	False	False
144	24	53	-1	F	0	3	4	4	1	True	1.0	0	3	3	3	3a	6	1/4	False	3	True				False	5		ii65	C	I		ii65		ii		65			mm7	False	False	(-1, 3, 0, 2)	()	2	-1	major	major	I	I, major	ii		I	I	False	ii65	ii65, major		ii65, major		ii	0	0	0	-1	-1	-1	True	False	True
144	48	60	0	C	0	3	4	3	1	True	1.0	0	3	3	3	3a	6	1/2	False	4	True				False	5		ii65	C	I		ii65		ii		65			mm7	False	False	(-1, 3, 0, 2)	()	2	-1	major	major	I	I, major	ii		I	I	False	ii65	ii65, major		ii65, major		ii	0	0	0	0	0	0	True	False	False
144	48	72	0	C	0	3	4	2	1	True	1.0	0	3	3	3	3a	6	1/2	False	5	True				False	5		ii65	C	I		ii65		ii		65			mm7	False	False	(-1, 3, 0, 2)	()	2	-1	major	major	I	I, major	ii		I	I	False	ii65	ii65, major		ii65, major		ii	0	0	0	0	0	0	True	False	False
144	48	74	2	D	0	3	4	1	1	True	1.0	0	3	3	3	3a	6	1/2	False	5	True				False	5		ii65	C	I		ii65		ii		65			mm7	False	False	(-1, 3, 0, 2)	()	2	-1	major	major	I	I, major	ii		I	I	False	ii65	ii65, major		ii65, major		ii	0	0	0	2	2	2	True	True	False
168	48	54	6	F	1	3	4	4	1	True	2.0	0	3	3	3	3a	7	1/2	False	3	True				False	6		V65/V	C	I		V65/V		V		65		V	Mm7	False	False	(6, 3, 0, 2)	()	2	6	major	major	I	I, major	V/V	V	V/I	V	False	V65/V	V65/V, major		V65/V, major	V	V	0	0	1	6	6	5	True	False	True
192	24	62	2	D	0	3	4	3	1	True	3.0	0	3	3	3	3a	8	1/4	False	4	False				False	6		V65/V	C	I		V65/V		V		65		V	Mm7	False	False	(6, 3, 0, 2)	()	2	6	major	major	I	I, major	V/V	V	V/I	V	False	V65/V	V65/V, major		V65/V, major	V	V	0	0	1	2	2	1	True	True	False
192	24	72	0	C	0	3	4	2	1	True	3.0	0	3	3	3	3a	8	1/4	False	5	False				False	6		V65/V	C	I		V65/V		V		65		V	Mm7	False	False	(6, 3, 0, 2)	()	2	6	major	major	I	I, major	V/V	V	V/I	V	False	V65/V	V65/V, major		V65/V, major	V	V	0	0	1	0	0	-1	True	False	False
192	24	81	3	A	0	3	4	1	1	True	3.0	0	3	3	3	3a	8	1/4	False	5	False				False	6		V65/V	C	I		V65/V		V		65		V	Mm7	False	False	(6, 3, 0, 2)	()	2	6	major	major	I	I, major	V/V	V	V/I	V	False	V65/V	V65/V, major		V65/V, major	V	V	0	0	1	3	3	2	True	False	False
216	24	55	1	G	0	3	4	4	1	True	1.0	0	4	4	4	4a	9	1/4	False	3	True				False	7		V(9)	C	I		V(9)		V			9		M	False	False	(1, 5, 2)	(3,)	1	1	major	major	I	I, major	V		I	I	False	V	V, major		V(9), major		V	0	0	0	1	1	1	True	True	True
216	24	62	2	D	0	3	4	3	1	True	1.0	0	4	4	4	4a	9	1/4	False	4	True				False	7		V(9)	C	I		V(9)		V			9		M	False	False	(1, 5, 2)	(3,)	1	1	major	major	I	I, major	V		I	I	False	V	V, major		V(9), major		V	0	0	0	2	2	2	True	False	False
216	24	71	5	B	0	3	4	2	1	True	1.0	0	4	4	4	4a	9	1/4	False	4	True				False	7		V(9)	C	I		V(9)		V			9		M	False	False	(1, 5, 2)	(3,)	1	1	major	major	I	I, major	V		I	I	False	V	V, major		V(9), major		V	0	0	0	5	5	5	True	False	False
216	12	81	3	A	0	3	4	1	1	False	1.0	0	4	4	4	4a	9	1/8	False	5	True				False	7		V(9)	C	I		V(9)		V			9		M	False	False	(1, 5, 2)	(3,)	1	1	major	major	I	I, major	V		I	I	False	V	V, major		V(9), major		V	0	0	0	3	3	3	False	False	False
228	24	79	1	G	0	3	4	1	1	True	1.5	0	4	4	4	4a	19/2	1/4	False	5	True				False	8		V	C	I		V		V					M	False	False	(1, 5, 2)	()	1	1	major	major	I	I, major	V		I	I	False	V	V, major		V, major		V	0	0	0	1	1	1	True	True	True
240	24	50	2	D	0	3	4	4	1	True	2.0	0	4	4	4	4a	10	1/4	False	3	True				False	9		V7/V	C	I		V7/V		V		7		V	Mm7	False	False	(2, 6, 3, 0)	()	2	2	major	major	I	I, major	V/V	V	V/I	V	False	V7/V	V7/V, major		V7/V, major	V	V	0	0	1	2	2	1	True	True	True
240	24	60	0	C	0	3	4	3	1	True	2.0	0	4	4	4	4a	10	1/4	False	4	True				False	9		V7/V	C	I		V7/V		V		7		V	Mm7	False	False	(2, 6, 3, 0)	()	2	2	major	major	I	I, major	V/V	V	V/I	V	False	V7/V	V7/V, major		V7/V, major	V	V	0	0	1	0	0	-1	True	False	False
240	24	69	3	A	0	3	4	2	1	True	2.0	0	4	4	4	4a	10	1/4	False	4	True				False	9		V7/V	C	I		V7/V		V		7		V	Mm7	False	False	(2, 6, 3, 0)	()	2	2	major	major	I	I, major	V/V	V	V/I	V	False	V7/V	V7/V, major		V7/V, major	V	V	0	0	1	3	3	2	True	False	False
252	12	78	6	F	1	3	4	1	1	True	2.5	0	4	4	4	4a	21/2	1/8	False	5	False				False	9		V7/V	C	I		V7/V		V		7		V	Mm7	False	False	(2, 6, 3, 0)	()	2	2	major	major	I	I, major	V/V	V	V/I	V	False	V7/V	V7/V, major		V7/V, major	V	V	0	0	1	6	6	5	True	False	False
264	24	55	1	G	0	3	4	4	1	True	3.0	0	4	4	4	4a	11	1/4	False	3	True				False	10		V7	C	I		V7		V		7			Mm7	False	False	(1, 5, 2, -1)	()	1	1	major	major	I	I, major	V		I	I	False	V7	V7, major		V7, major		V	0	0	0	1	1	1	True	True	True
264	8	59	5	B	0	3	4	3	1	True	3.0	0	4	4	4	4a	11	1/12	False	3	True				False	10		V7	C	I		V7		V		7			Mm7	False	False	(1, 5, 2, -1)	()	1	1	major	major	I	I, major	V		I	I	False	V7	V7, major		V7, major		V	0	0	0	5	5	5	True	False	False
264	24	67	1	G	0	3	4	2	1	True	3.0	0	4	4	4	4a	11	1/4	False	4	True				False	10		V7	C	I		V7		V		7			Mm7	False	False	(1, 5, 2, -1)	()	1	1	major	major	I	I, major	V		I	I	False	V7	V7, major		V7, major		V	0	0	0	1	1	1	True	True	True
264	8	79	1	G	0	3	4	1	1	True	3.0	0	4	4	4	4a	11	1/12	False	5	True				False	10		V7	C	I		V7		V		7			Mm7	False	False	(1, 5, 2, -1)	()	1	1	major	major	I	I, major	V		I	I	False	V7	V7, major		V7, major		V	0	0	0	1	1	1	True	True	True
272	8	62	2	D	0	3	4	3	1	True	3.333	0	4	4	4	4a	34/3	1/12	False	4	False				False	10		V7	C	I		V7		V		7			Mm7	False	False	(1, 5, 2, -1)	()	1	1	major	major	I	I, major	V		I	I	False	V7	V7, major		V7, major		V	0	0	0	2	2	2	True	False	False
272	8	77	-1	F	0	3	4	1	1	True	3.333	0	4	4	4	4a	34/3	1/12	False	5	False				False	10		V7	C	I		V7		V		7			Mm7	False	False	(1, 5, 2, -1)	()	1	1	major	major	I	I, major	V		I	I	False	V7	V7, major		V7, major		V	0	0	0	-1	-1	-1	True	False	False
280	8	67	1	G	0	3	4	3	1	True	3.667	0	4	4	4	4a	35/3	1/12	False	4	False				False	10		V7	C	I		V7		V		7			Mm7	False	False	(1, 5, 2, -1)	()	1	1	major	major	I	I, major	V		I	I	False	V7	V7, major		V7, major		V	0	0	0	1	1	1	True	True	True
280	8	74	2	D	0	3	4	1	1	True	3.667	0	4	4	4	4a	35/3	1/12	False	5	False				False	10		V7	C	I		V7		V		7			Mm7	False	False	(1, 5, 2, -1)	()	1	1	major	major	I	I, major	V		I	I	False	V7	V7, major		V7, major		V	0	0	0	2	2	2	True	False	False
288	48	60	0	C	0	3	4	4	1	True	1.0	0	5	5	5	5a	12	1/2	False	4	True				False	11		I	C	I		I		I					M	False	False	(0, 4, 1)	()	0	0	major	major	I	I, major	I		I	I	False	I	I, major		I, major		I	0	0	0	0	0	0	True	True	True
288	48	64	4	E	0	3	4	3	1	True	1.0	0	5	5	5	5a	12	1/2	False	4	True				False	11		I	C	I		I		I					M	False	False	(0, 4, 1)	()	0	0	major	major	I	I, major	I		I	I	False	I	I, major		I, major		I	0	0	0	4	4	4	True	False	False
288	12	67	1	G	0	3	4	2	1	False	1.0	0	5	5	5	5a	12	1/8	False	4	True				False	11		I	C	I		I		I					M	False	False	(0, 4, 1)	()	0	0	major	major	I	I, major	I		I	I	False	I	I, major		I, major		I	0	0	0	1	1	1	True	False	False
288	48	72	0	C	0	3	4	1	1	True	1.0	0	5	5	5	5a	12	1/2	False	5	True				False	11		I	C	I		I		I					M	False	False	(0, 4, 1)	()	0	0	major	major	I	I, major	I		I	I	False	I	I, major		I, major		I	0	0	0	0	0	0	True	True	True
300	6	67	1	G	0	3	4	2	1	True	1.5	0	5	5	5	5a	25/2	1/16	False	4	False				False	11		I	C	I		I		I					M	False	False	(0, 4, 1)	()	0	0	major	major	I	I, major	I		I	I	False	I	I, major		I, major		I	0	0	0	1	1	1	True	False	False
306	6	69	3	A	0	3	4	2	1	True	1.75	0	5	5	5	5a	51/4	1/16	False	4	False				False	11		I	C	I		I		I					M	False	False	(0, 4, 1)	()	0	0	major	major	I	I, major	I		I	I	False	I	I, major		I, major		I	0	0	0	3	3	3	False	False	False
312	6	67	1	G	0	3	4	2	1	True	2.0	0	5	5	5	5a	13	1/16	False	4	False				False	11		I	C	I		I		I					M	False	False	(0, 4, 1)	()	0	0	major	major	I	I, major	I		I	I	False	I	I, major		I, major		I	0	0	0	1	1	1	True	False	False
318	6	69	3	A	0	3	4	2	1	True	2.25	0	5	5	5	5a	53/4	1/16	False	4	False				False	11		I	C	I		I		I					M	False	False	(0, 4, 1)	()	0	0	major	major	I	I, major	I		I	I	False	I	I, major		I, major		I	0	0	0	3	3	3	False	False	False
324	6	67	1	G	0	3	4	2	1	True	2.5	0	5	5	5	5a	27/2	1/16	False	4	False				False	11		I	C	I		I		I					M	False	False	(0, 4, 1)	()	0	0	major	major	I	I, major	I		I	I	False	I	I, major		I, major		I	0	0	0	1	1	1	True	False	False
330	6	69	3	A	0	3	4	2	1	True	2.75	0	5	5	5	5a	55/4	1/16	False	4	False				False	11		I	C	I		I		I					M	False	False	(0, 4, 1)	()	0	0	major	major	I	I, major	I		I	I	False	I	I, major		I, major		I	0	0	0	3	3	3	False	False	False
336	6	62	2	D	0	3	4	4	1	True	3.0	0	5	5	5	5a	14	1/16	False	4	True				False	12		V43	C	I		V43		V		43			Mm7	False	False	(2, -1, 1, 5)	()	1	2	major	major	I	I, major	V		I	I	False	V43	V43, major		V43, major		V	0	0	0	2	2	2	True	False	True
336	6	65	-1	F	0	3	4	3	1	True	3.0	0	5	5	5	5a	14	1/16	False	4	True				False	12		V43	C	I		V43		V		43			Mm7	False	False	(2, -1, 1, 5)	()	1	2	major	major	I	I, major	V		I	I	False	V43	V43, major		V43, major		V	0	0	0	-1	-1	-1	True	False	False
336	6	67	1	G	0	3	4	2	1	True	3.0	0	5	5	5	5a	14	1/16	False	4	True				False	12		V43	C	I		V43		V		43			Mm7	False	False	(2, -1, 1, 5)	()	1	2	major	major	I	I, major	V		I	I	False	V43	V43, major		V43, major		V	0	0	0	1	1	1	True	True	False
336	6	71	5	B	0	3	4	1	1	True	3.0	0	5	5	5	5a	14	1/16	False	4	True				False	12		V43	C	I		V43		V		43			Mm7	False	False	(2, -1, 1, 5)	()	1	2	major	major	I	I, major	V		I	I	False	V43	V43, major		V43, major		V	0	0	0	5	5	5	True	False	False
342	6	60	0	C	0	3	4	4	1	True	3.25	0	5	5	5	5a	57/4	1/16	False	4	False				False	12		V43	C	I		V43		V		43			Mm7	False	False	(2, -1, 1, 5)	()	1	2	major	major	I	I, major	V		I	I	False	V43	V43, major		V43, major		V	0	0	0	0	0	0	False	False	False
342	6	64	4	E	0	3	4	3	1	True	3.25	0	5	5	5	5a	57/4	1/16	False	4	False				False	12		V43	C	I		V43		V		43			Mm7	False	False	(2, -1, 1, 5)	()	1	2	major	major	I	I, major	V		I	I	False	V43	V43, major		V43, major		V	0	0	0	4	4	4	False	False	False
342	6	69	3	A	0	3	4	2	1	True	3.25	0	5	5	5	5a	57/4	1/16	False	4	False				False	12		V43	C	I		V43		V		43			Mm7	False	False	(2, -1, 1, 5)	()	1	2	major	major	I	I, major	V		I	I	False	V43	V43, major		V43, major		V	0	0	0	3	3	3	False	False	False
342	6	72	0	C	0	3	4	1	1	True	3.25	0	5	5	5	5a	57/4	1/16	False	5	False				False	12		V43	C	I		V43		V		43			Mm7	False	False	(2, -1, 1, 5)	()	1	2	major	major	I	I, major	V		I	I	False	V43	V43, major		V43, major		V	0	0	0	0	0	0	False	False	False
348	6	59	5	B	0	3	4	4	1	True	3.5	0	5	5	5	5a	29/2	1/16	False	3	False				False	12		V43	C	I		V43		V		43			Mm7	False	False	(2, -1, 1, 5)	()	1	2	major	major	I	I, major	V		I	I	False	V43	V43, major		V43, major		V	0	0	0	5	5	5	True	False	False
348	6	62	2	D	0	3	4	3	1	True	3.5	0	5	5	5	5a	29/2	1/16	False	4	False				False	12		V43	C	I		V43		V		43			Mm7	False	False	(2, -1, 1, 5)	()	1	2	major	major	I	I, major	V		I	I	False	V43	V43, major		V43, major		V	0	0	0	2	2	2	True	False	True
348	6	71	5	B	0	3	4	2	1	True	3.5	0	5	5	5	5a	29/2	1/16	False	4	False				False	12		V43	C	I		V43		V		43			Mm7	False	False	(2, -1, 1, 5)	()	1	2	major	major	I	I, major	V		I	I	False	V43	V43, major		V43, major		V	0	0	0	5	5	5	True	False	False
348	6	74	2	D	0	3	4	1	1	True	3.5	0	5	5	5	5a	29/2	1/16	False	5	False				False	12		V43	C	I		V43		V		43			Mm7	False	False	(2, -1, 1, 5)	()	1	2	major	major	I	I, major	V		I	I	False	V43	V43, major		V43, major		V	0	0	0	2	2	2	True	False	True
354	6	57	3	A	0	3	4	4	1	True	3.75	0	5	5	5	5a	59/4	1/16	False	3	False				False	12		V43	C	I		V43		V		43			Mm7	False	False	(2, -1, 1, 5)	()	1	2	major	major	I	I, major	V		I	I	False	V43	V43, major		V43, major		V	0	0	0	3	3	3	False	False	False
354	6	60	0	C	0	3	4	3	1	True	3.75	0	5	5	5	5a	59/4	1/16	False	4	False				False	12		V43	C	I		V43		V		43			Mm7	False	False	(2, -1, 1, 5)	()	1	2	major	major	I	I, major	V		I	I	False	V43	V43, major		V43, major		V	0	0	0	0	0	0	False	False	False
354	6	72	0	C	0	3	4	2	1	True	3.75	0	5	5	5	5a	59/4	1/16	False	5	False				False	12		V43	C	I		V43		V		43			Mm7	False	False	(2, -1, 1, 5)	()	1	2	major	major	I	I, major	V		I	I	False	V43	V43, major		V43, major		V	0	0	0	0	0	0	False	False	False
354	6	76	4	E	0	3	4	1	1	True	3.75	0	5	5	5	5a	59/4	1/16	False	5	False				False	12		V43	C	I		V43		V		43			Mm7	False	False	(2, -1, 1, 5)	()	1	2	major	major	I	I, major	V		I	I	False	V43	V43, major		V43, major		V	0	0	0	4	4	4	False	False	False
360	24	55	1	G	0	3	4	4	1	True	1.0	0	6	6	6	6a	15	1/4	False	3	True				False	13		V7	C	I		V7		V		7			Mm7	False	False	(1, 5, 2, -1)	()	1	1	major	major	I	I, major	V		I	I	False	V7	V7, major		V7, major		V	0	0	0	1	1	1	True	True	True
360	48	59	5	B	0	3	4	3	1	True	1.0	0	6	6	6	6a	15	1/2	False	3	True				False	13		V7	C	I		V7		V		7			Mm7	False	False	(1, 5, 2, -1)	()	1	1	major	major	I	I, major	V		I	I	False	V7	V7, major		V7, major		V	0	0	0	5	5	5	True	False	False
360	48	74	2	D	0	3	4	2	1	True	1.0	0	6	6	6	6a	15	1/2	False	5	True				False	13		V7	C	I		V7		V		7			Mm7	False	False	(1, 5, 2, -1)	()	1	1	major	major	I	I, major	V		I	I	False	V7	V7, major		V7, major		V	0	0	0	2	2	2	True	False	False
360	48	77	-1	F	0	3	4	1	1	True	1.0	0	6	6	6	6a	15	1/2	False	5	True				False	13		V7	C	I		V7		V		7			Mm7	False	False	(1, 5, 2, -1)	()	1	1	major	major	I	I, major	V		I	I	False	V7	V7, major		V7, major		V	0	0	0	-1	-1	-1	True	False	False
384	24	56	8	G	1	3	4	4	1	True	2.0	0	6	6	6	6a	16	1/4	False	3	True				False	14		#viio7/vi	C	I		#viio7/vi		#vii	o	7		vi	o7	False	False	(8, 5, 2, -1)	()	8	8	major	major	I	I, major	#vii/vi	vi	vi/I	vi	True	#viio7/vi	#viio7/vi, major		#viio7/vi, major	vi	vi	0	0	3	8	8	5	True	True	True
408	24	57	3	A	0	3	4	4	1	True	3.0	0	6	6	6	6a	17	1/4	False	3	True				False	15		vi	C	I		vi		vi					m	False	False	(3, 0, 4)	()	3	3	major	major	I	I, major	vi		I	I	False	vi	vi, major		vi, major		vi	0	0	0	3	3	3	True	True	True
408	24	60	0	C	0	3	4	3	1	True	3.0	0	6	6	6	6a	17	1/4	False	4	True				False	15		vi	C	I		vi		vi					m	False	False	(3, 0, 4)	()	3	3	major	major	I	I, major	vi		I	I	False	vi	vi, major		vi, major		vi	0	0	0	0	0	0	True	False	False
408	24	72	0	C	0	3	4	2	1	True	3.0	0	6	6	6	6a	17	1/4	False	5	True				False	15		vi	C	I		vi		vi					m	False	False	(3, 0, 4)	()	3	3	major	major	I	I, major	vi		I	I	False	vi	vi, major		vi, major		vi	0	0	0	0	0	0	True	False	False
408	24	76	4	E	0	3	4	1	1	True	3.0	0	6	6	6	6a	17	1/4	False	5	True				False	15		vi	C	I		vi		vi					m	False	False	(3, 0, 4)	()	3	3	major	major	I	I, major	vi		I	I	False	vi	vi, major		vi, major		vi	0	0	0	4	4	4	True	False	False
432	24	53	-1	F	0	3	4	4	1	True	1.0	0	7	7	7	7a	18	1/4	False	3	True				False	16		ii65	C	I		ii65		ii		65			mm7	False	False	(-1, 3, 0, 2)	()	2	-1	major	major	I	I, major	ii		I	I	False	ii65	ii65, major		ii65, major		ii	0	0	0	-1	-1	-1	True	False	True
432	24	60	0	C	0	3	4	3	1	True	1.0	0	7	7	7	7a	18	1/4	False	4	True				False	16		ii65	C	I		ii65		ii		65			mm7	False	False	(-1, 3, 0, 2)	()	2	-1	major	major	I	I, major	ii		I	I	False	ii65	ii65, major		ii65, major		ii	0	0	0	0	0	0	True	False	False
432	48	72	0	C	0	3	4	2	1	True	1.0	0	7	7	7	7a	18	1/2	False	5	True				False	16		ii65	C	I		ii65		ii		65			mm7	False	False	(-1, 3, 0, 2)	()	2	-1	major	major	I	I, major	ii		I	I	False	ii65	ii65, major		ii65, major		ii	0	0	0	0	0	0	True	False	False
432	36	74	2	D	0	3	4	1	1	True	1.0	0	7	7	7	7a	18	3/8	False	5	True				False	16		ii65	C	I		ii65		ii		65			mm7	False	False	(-1, 3, 0, 2)	()	2	-1	major	major	I	I, major	ii		I	I	False	ii65	ii65, major		ii65, major		ii	0	0	0	2	2	2	True	True	False
456	24	54	6	F	1	3	4	4	1	True	2.0	0	7	7	7	7a	19	1/4	False	3	True				False	17		V65/V	C	I		V65/V		V		65		V	Mm7	False	False	(6, 3, 0, 2)	()	2	6	major	major	I	I, major	V/V	V	V/I	V	False	V65/V	V65/V, major		V65/V, major	V	V	0	0	1	6	6	5	True	False	True
456	36	62	2	D	0	3	4	3	1	True	2.0	0	7	7	7	7a	19	3/8	False	4	True				False	17		V65/V	C	I		V65/V		V		65		V	Mm7	False	False	(6, 3, 0, 2)	()	2	6	major	major	I	I, major	V/V	V	V/I	V	False	V65/V	V65/V, major		V65/V, major	V	V	0	0	1	2	2	1	True	True	False
468	12	81	3	A	0	3	4	1	1	True	2.5	0	7	7	7	7a	39/2	1/8	False	5	False				False	17		V65/V	C	I		V65/V		V		65		V	Mm7	False	False	(6, 3, 0, 2)	()	2	6	major	major	I	I, major	V/V	V	V/I	V	False	V65/V	V65/V, major		V65/V, major	V	V	0	0	1	3	3	2	True	False	False
480	24	55	1	G	0	3	4	4	1	True	3.0	0	7	7	7	7a	20	1/4	False	3	True				False	18		V7	C	I		V7		V		7			Mm7	False	False	(1, 5, 2, -1)	()	1	1	major	major	I	I, major	V		I	I	False	V7	V7, major		V7, major		V	0	0	0	1	1	1	True	True	True
480	24	71	5	B	0	3	4	2	1	True	3.0	0	7	7	7	7a	20	1/4	False	4	True				False	18		V7	C	I		V7		V		7			Mm7	False	False	(1, 5, 2, -1)	()	1	1	major	major	I	I, major	V		I	I	False	V7	V7, major		V7, major		V	0	0	0	5	5	5	True	False	False
480	12	79	1	G	0	3	4	1	1	True	3.0	0	7	7	7	7a	20	1/8	False	5	True				False	18		V7	C	I		V7		V		7			Mm7	False	False	(1, 5, 2, -1)	()	1	1	major	major	I	I, major	V		I	I	False	V7	V7, major		V7, major		V	0	0	0	1	1	1	True	True	True
492	6	60	0	C	0	3	4	3	1	True	3.5	0	7	7	7	7a	41/2	1/16	False	4	False				False	18		V7	C	I		V7		V		7			Mm7	False	False	(1, 5, 2, -1)	()	1	1	major	major	I	I, major	V		I	I	False	V7	V7, major		V7, major		V	0	0	0	0	0	0	False	False	False
492	12	77	-1	F	0	3	4	1	1	True	3.5	0	7	7	7	7a	41/2	1/8	False	5	False				False	18		V7	C	I		V7		V		7			Mm7	False	False	(1, 5, 2, -1)	()	1	1	major	major	I	I, major	V		I	I	False	V7	V7, major		V7, major		V	0	0	0	-1	-1	-1	True	False	False
498	6	62	2	D	0	3	4	3	1	True	3.75	0	7	7	7	7a	83/4	1/16	False	4	False				False	18		V7	C	I		V7		V		7			Mm7	False	False	(1, 5, 2, -1)	()	1	1	major	major	I	I, major	V		I	I	False	V7	V7, major		V7, major		V	0	0	0	2	2	2	True	False	False
504	24	60	0	C	0	3	4	4	1	True	1.0	0	8	8	8	8a	21	1/4	False	4	True				False	19		I	C	I		I		I					M	False	False	(0, 4, 1)	()	0	0	major	major	I	I, major	I		I	I	False	I	I, major		I, major		I	0	0	0	0	0	0	True	True	True
504	24	64	4	E	0	3	4	3	1	True	1.0	0	8	8	8	8a	21	1/4	False	4	True				False	19		I	C	I		I		I					M	False	False	(0, 4, 1)	()	0	0	major	major	I	I, major	I		I	I	False	I	I, major		I, major		I	0	0	0	4	4	4	True	False	False
504	24	72	0	C	0	3	4	2	1	True	1.0	0	8	8	8	8a	21	1/4	False	5	True				False	19		I	C	I		I		I					M	False	False	(0, 4, 1)	()	0	0	major	major	I	I, major	I		I	I	False	I	I, major		I, major		I	0	0	0	0	0	0	True	True	True
504	42	76	4	E	0	3	4	1	1	True	1.0	0	8	8	8	8a	21	7/16	False	5	True				False	19		I	C	I		I		I					M	False	False	(0, 4, 1)	()	0	0	major	major	I	I, major	I		I	I	False	I	I, major		I, major		I	0	0	0	4	4	4	True	False	False
528	24	55	1	G	0	3	4	4	1	True	2.0	0	8	8	8	8a	22	1/4	False	3	True				False	20		V7(6)	C	I		V7(6)		V		7	6		Mm7	False	False	(1, 5, 4, -1)	()	1	1	major	major	I	I, major	V		I	I	False	V7	V7, major		V7(6), major		V	0	0	0	1	1	1	True	True	True
528	24	65	-1	F	0	3	4	3	1	True	2.0	0	8	8	8	8a	22	1/4	False	4	True				False	20		V7(6)	C	I		V7(6)		V		7	6		Mm7	False	False	(1, 5, 4, -1)	()	1	1	major	major	I	I, major	V		I	I	False	V7	V7, major		V7(6), major		V	0	0	0	-1	-1	-1	True	False	False
528	24	71	5	B	0	3	4	2	1	True	2.0	0	8	8	8	8a	22	1/4	False	4	True				False	20		V7(6)	C	I		V7(6)		V		7	6		Mm7	False	False	(1, 5, 4, -1)	()	1	1	major	major	I	I, major	V		I	I	False	V7	V7, major		V7(6), major		V	0	0	0	5	5	5	True	False	False
546	6	74	2	D	0	3	4	1	1	True	2.75	0	8	8	8	8a	91/4	1/16	False	5	True				False	21		V7	C	I		V7		V		7			Mm7	False	False	(1, 5, 2, -1)	()	1	1	major	major	I	I, major	V		I	I	False	V7	V7, major		V7, major		V	0	0	0	2	2	2	True	False	False
552	24	48	0	C	0	3	4	4	1	True	3.0	0	8	8	8	8a	23	1/4	False	3	False			\\	True	22		I\\	C	I		I		I					M	False	False	(0, 4, 1)	()	0	0	major	major	I	I, major	I		I	I	False	I	I, major		I, major		I	0	0	0	0	0	0	True	True	True
552	24	64	4	E	0	3	4	3	1	True	3.0	0	8	8	8	8a	23	1/4	False	4	False			\\	True	22		I\\	C	I		I		I					M	False	False	(0, 4, 1)	()	0	0	major	major	I	I, major	I		I	I	False	I	I, major		I, major		I	0	0	0	4	4	4	True	False	False
552	24	72	0	C	0	3	4	1	1	True	3.0	0	8	8	8	8a	23	1/4	False	5	False			\\	True	22		I\\	C	I		I		I					M	False	False	(0, 4, 1)	()	0	0	major	major	I	I, major	I		I	I	False	I	I, major		I, major		I	0	0	0	0	0	0	True	True	True
552	24	72	0	C	0	3	4	2	1	True	3.0	0	8	8	8	8a	23	1/4	False	5	False			\\	True	22		I\\	C	I		I		I					M	False	False	(0, 4, 1)	()	0	0	major	major	I	I, major	I		I	I	False	I	I, major		I, major		I	0	0	0	0	0	0	True	True	True
576	48	48	0	C	0	3	4	4	1	True	1.0	0	9	9	9	9a	24	1/2	False	3	True				False	23		I	C	I		I		I					M	False	False	(0, 4, 1)	()	0	0	major	major	I	I, major	I		I	I	False	I	I, major		I, major		I	0	0	0	0	0	0	True	True	True
576	48	52	4	E	0	3	4	3	1	True	1.0	0	9	9	9	9a	24	1/2	False	3	True				False	23		I	C	I		I		I					M	False	False	(0, 4, 1)	()	0	0	major	major	I	I, major	I		I	I	False	I	I, major		I, major		I	0	0	0	4	4	4	True	False	False
576	48	55	1	G	0	3	4	2	1	True	1.0	0	9	9	9	9a	24	1/2	False	3	True				False	23		I	C	I		I		I					M	False	False	(0, 4, 1)	()	0	0	major	major	I	I, major	I		I	I	False	I	I, major		I, major		I	0	0	0	1	1	1	True	False	False
576	48	60	0	C	0	3	4	1	1	True	1.0	0	9	9	9	9a	24	1/2	False	4	True				False	23		I	C	I		I		I					M	False	False	(0, 4, 1)	()	0	0	major	major	I	I, major	I		I	I	False	I	I, major		I, major		I	0	0	0	0	0	0	True	True	True
624	6	50	2	D	0	3	4	4	1	True	3.0	0	9	9	9	9a	26	1/16	False	3	True				False	24		V43	C	I		V43		V		43			Mm7	False	False	(2, -1, 1, 5)	()	1	2	major	major	I	I, major	V		I	I	False	V43	V43, major		V43, major		V	0	0	0	2	2	2	True	False	True
624	6	53	-1	F	0	3	4	3	1	True	3.0	0	9	9	9	9a	26	1/16	False	3	True				False	24		V43	C	I		V43		V		43			Mm7	False	False	(2, -1, 1, 5)	()	1	2	major	major	I	I, major	V		I	I	False	V43	V43, major		V43, major		V	0	0	0	-1	-1	-1	True	False	False
624	6	55	1	G	0	3	4	2	1	True	3.0	0	9	9	9	9a	26	1/16	False	3	True				False	24		V43	C	I		V43		V		43			Mm7	False	False	(2, -1, 1, 5)	()	1	2	major	major	I	I, major	V		I	I	False	V43	V43, major		V43, major		V	0	0	0	1	1	1	True	True	False
624	6	59	5	B	0	3	4	1	1	True	3.0	0	9	9	9	9a	26	1/16	False	3	True				False	24		V43	C	I		V43		V		43			Mm7	False	False	(2, -1, 1, 5)	()	1	2	major	major	I	I, major	V		I	I	False	V43	V43, major		V43, major		V	0	0	0	5	5	5	True	False	False
630	6	48	0	C	0	3	4	4	1	True	3.25	0	9	9	9	9a	105/4	1/16	False	3	False				False	24		V43	C	I		V43		V		43			Mm7	False	False	(2, -1, 1, 5)	()	1	2	major	major	I	I, major	V		I	I	False	V43	V43, major		V43, major		V	0	0	0	0	0	0	False	False	False
630	6	52	4	E	0	3	4	3	1	True	3.25	0	9	9	9	9a	105/4	1/16	False	3	False				False	24		V43	C	I		V43		V		43			Mm7	False	False	(2, -1, 1, 5)	()	1	2	major	major	I	I, major	V		I	I	False	V43	V43, major		V43, major		V	0	0	0	4	4	4	False	False	False
630	6	57	3	A	0	3	4	2	1	True	3.25	0	9	9	9	9a	105/4	1/16	False	3	False				False	24		V43	C	I		V43		V		43			Mm7	False	False	(2, -1, 1, 5)	()	1	2	major	major	I	I, major	V		I	I	False	V43	V43, major		V43, major		V	0	0	0	3	3	3	False	False	False
630	6	60	0	C	0	3	4	1	1	True	3.25	0	9	9	9	9a	105/4	1/16	False	4	False				False	24		V43	C	I		V43		V		43			Mm7	False	False	(2, -1, 1, 5)	()	1	2	major	major	I	I, major	V		I	I	False	V43	V43, major		V43, major		V	0	0	0	0	0	0	False	False	False
636	6	47	5	B	0	3	4	4	1	True	3.5	0	9	9	9	9a	53/2	1/16	False	2	False				False	24		V43	C	I		V43		V		43			Mm7	False	False	(2, -1, 1, 5)	()	1	2	major	major	I	I, major	V		I	I	False	V43	V43, major		V43, major		V	0	0	0	5	5	5	True	False	False
636	6	50	2	D	0	3	4	3	1	True	3.5	0	9	9	9	9a	53/2	1/16	False	3	False				False	24		V43	C	I		V43		V		43			Mm7	False	False	(2, -1, 1, 5)	()	1	2	major	major	I	I, major	V		I	I	False	V43	V43, major		V43, major		V	0	0	0	2	2	2	True	False	True
636	6	59	5	B	0	3	4	2	1	True	3.5	0	9	9	9	9a	53/2	1/16	False	3	False				False	24		V43	C	I		V43		V		43			Mm7	False	False	(2, -1, 1, 5)	()	1	2	major	major	I	I, major	V		I	I	False	V43	V43, major		V43, major		V	0	0	0	5	5	5	True	False	False
636	6	62	2	D	0	3	4	1	1	True	3.5	0	9	9	9	9a	53/2	1/16	False	4	False				False	24		V43	C	I		V43		V		43			Mm7	False	False	(2, -1, 1, 5)	()	1	2	major	major	I	I, major	V		I	I	False	V43	V43, major		V43, major		V	0	0	0	2	2	2	True	False	True
642	6	45	3	A	0	3	4	4	1	True	3.75	0	9	9	9	9a	107/4	1/16	False	2	False				False	24		V43	C	I		V43		V		43			Mm7	False	False	(2, -1, 1, 5)	()	1	2	major	major	I	I, major	V		I	I	False	V43	V43, major		V43, major		V	0	0	0	3	3	3	False	False	False
642	6	48	0	C	0	3	4	3	1	True	3.75	0	9	9	9	9a	107/4	1/16	False	3	False				False	24		V43	C	I		V43		V		43			Mm7	False	False	(2, -1, 1, 5)	()	1	2	major	major	I	I, major	V		I	I	False	V43	V43, major		V43, major		V	0	0	0	0	0	0	False	False	False
642	6	60	0	C	0	3	4	2	1	True	3.75	0	9	9	9	9a	107/4	1/16	False	4	False				False	24		V43	C	I		V43		V		43			Mm7	False	False	(2, -1, 1, 5)	()	1	2	major	major	I	I, major	V		I	I	False	V43	V43, major		V43, major		V	0	0	0	0	0	0	False	False	False
642	6	64	4	E	0	3	4	1	1	True	3.75	0	9	9	9	9a	107/4	1/16	False	4	False				False	24		V43	C	I		V43		V		43			Mm7	False	False	(2, -1, 1, 5)	()	1	2	major	major	I	I, major	V		I	I	False	V43	V43, major		V43, major		V	0	0	0	4	4	4	False	False	False
648	24	43	1	G	0	3	4	4	1	True	1.0	0	10	10	10	10a	27	1/4	False	2	True				False	25		V7	C	I		V7		V		7			Mm7	False	False	(1, 5, 2, -1)	()	1	1	major	major	I	I, major	V		I	I	False	V7	V7, major		V7, major		V	0	0	0	1	1	1	True	True	True
648	48	50	2	D	0	3	4	3	1	True	1.0	0	10	10	10	10a	27	1/2	False	3	True				False	25		V7	C	I		V7		V		7			Mm7	False	False	(1, 5, 2, -1)	()	1	1	major	major	I	I, major	V		I	I	False	V7	V7, major		V7, major		V	0	0	0	2	2	2	True	False	False
648	48	59	5	B	0	3	4	2	1	True	1.0	0	10	10	10	10a	27	1/2	False	3	True				False	25		V7	C	I		V7		V		7			Mm7	False	False	(1, 5, 2, -1)	()	1	1	major	major	I	I, major	V		I	I	False	V7	V7, major		V7, major		V	0	0	0	5	5	5	True	False	False
648	48	65	-1	F	0	3	4	1	1	True	1.0	0	10	10	10	10a	27	1/2	False	4	True				False	25		V7	C	I		V7		V		7			Mm7	False	False	(1, 5, 2, -1)	()	1	1	major	major	I	I, major	V		I	I	False	V7	V7, major		V7, major		V	0	0	0	-1	-1	-1	True	False	False
672	24	44	8	G	1	3	4	4	1	True	2.0	0	10	10	10	10a	28	1/4	False	2	True				False	26		#viio7/vi	C	I		#viio7/vi		#vii	o	7		vi	o7	False	False	(8, 5, 2, -1)	()	8	8	major	major	I	I, major	#vii/vi	vi	vi/I	vi	True	#viio7/vi	#viio7/vi, major		#viio7/vi, major	vi	vi	0	0	3	8	8	5	True	True	True
696	24	45	3	A	0	3	4	4	1	True	3.0	0	10	10	10	10a	29	1/4	False	2	True				False	27		vi	C	I		vi		vi					m	False	False	(3, 0, 4)	()	3	3	major	major	I	I, major	vi		I	I	False	vi	vi, major		vi, major		vi	0	0	0	3	3	3	True	True	True
696	24	48	0	C	0	3	4	3	1	True	3.0	0	10	10	10	10a	29	1/4	False	3	True				False	27		vi	C	I		vi		vi					m	False	False	(3, 0, 4)	()	3	3	major	major	I	I, major	vi		I	I	False	vi	vi, major		vi, major		vi	0	0	0	0	0	0	True	False	False
696	24	60	0	C	0	3	4	2	1	True	3.0	0	10	10	10	10a	29	1/4	False	4	True				False	27		vi	C	I		vi		vi					m	False	False	(3, 0, 4)	()	3	3	major	major	I	I, major	vi		I	I	False	vi	vi, major		vi, major		vi	0	0	0	0	0	0	True	False	False
696	24	64	4	E	0	3	4	1	1	True	3.0	0	10	10	10	10a	29	1/4	False	4	True				False	27		vi	C	I		vi		vi					m	False	False	(3, 0, 4)	()	3	3	major	major	I	I, major	vi		I	I	False	vi	vi, major		vi, major		vi	0	0	0	4	4	4	True	False	False
720	24	41	-1	F	0	3	4	4	1	True	1.0	0	11	11	11	11a	30	1/4	False	2	True				False	28		ii65	C	I		ii65		ii		65			mm7	False	False	(-1, 3, 0, 2)	()	2	-1	major	major	I	I, major	ii		I	I	False	ii65	ii65, major		ii65, major		ii	0	0	0	-1	-1	-1	True	False	True
720	48	48	0	C	0	3	4	3	1	True	1.0	0	11	11	11	11a	30	1/2	False	3	True				False	28		ii65	C	I		ii65		ii		65			mm7	False	False	(-1, 3, 0, 2)	()	2	-1	major	major	I	I, major	ii		I	I	False	ii65	ii65, major		ii65, major		ii	0	0	0	0	0	0	True	False	False
720	48	60	0	C	0	3	4	2	1	True	1.0	0	11	11	11	11a	30	1/2	False	4	True				False	28		ii65	C	I		ii65		ii		65			mm7	False	False	(-1, 3, 0, 2)	()	2	-1	major	major	I	I, major	ii		I	I	False	ii65	ii65, major		ii65, major		ii	0	0	0	0	0	0	True	False	False
720	48	62	2	D	0	3	4	1	1	True	1.0	0	11	11	11	11a	30	1/2	False	4	True				False	28		ii65	C	I		ii65		ii		65			mm7	False	False	(-1, 3, 0, 2)	()	2	-1	major	major	I	I, major	ii		I	I	False	ii65	ii65, major		ii65, major		ii	0	0	0	2	2	2	True	True	False
744	48	42	6	F	1	3	4	4	1	True	2.0	0	11	11	11	11a	31	1/2	False	2	True				False	29		V65/V	C	I		V65/V		V		65		V	Mm7	False	False	(6, 3, 0, 2)	()	2	6	major	major	I	I, major	V/V	V	V/I	V	False	V65/V	V65/V, major		V65/V, major	V	V	0	0	1	6	6	5	True	False	True
768	24	50	2	D	0	3	4	3	1	True	3.0	0	11	11	11	11a	32	1/4	False	3	False				False	29		V65/V	C	I		V65/V		V		65		V	Mm7	False	False	(6, 3, 0, 2)	()	2	6	major	major	I	I, major	V/V	V	V/I	V	False	V65/V	V65/V, major		V65/V, major	V	V	0	0	1	2	2	1	True	True	False
768	24	60	0	C	0	3	4	2	1	True	3.0	0	11	11	11	11a	32	1/4	False	4	False				False	29		V65/V	C	I		V65/V		V		65		V	Mm7	False	False	(6, 3, 0, 2)	()	2	6	major	major	I	I, major	V/V	V	V/I	V	False	V65/V	V65/V, major		V65/V, major	V	V	0	0	1	0	0	-1	True	False	False
768	24	69	3	A	0	3	4	1	1	True	3.0	0	11	11	11	11a	32	1/4	False	4	False				False	29		V65/V	C	I		V65/V		V		65		V	Mm7	False	False	(6, 3, 0, 2)	()	2	6	major	major	I	I, major	V/V	V	V/I	V	False	V65/V	V65/V, major		V65/V, major	V	V	0	0	1	3	3	2	True	False	False
792	24	43	1	G	0	3	4	4	1	True	1.0	0	12	12	12	12a	33	1/4	False	2	True				False	30		V(9)	C	I		V(9)		V			9		M	False	False	(1, 5, 2)	(3,)	1	1	major	major	I	I, major	V		I	I	False	V	V, major		V(9), major		V	0	0	0	1	1	1	True	True	True
792	24	50	2	D	0	3	4	3	1	True	1.0	0	12	12	12	12a	33	1/4	False	3	True				False	30		V(9)	C	I		V(9)		V			9		M	False	False	(1, 5, 2)	(3,)	1	1	major	major	I	I, major	V		I	I	False	V	V, major		V(9), major		V	0	0	0	2	2	2	True	False	False
792	24	59	5	B	0	3	4	2	1	True	1.0	0	12	12	12	12a	33	1/4	False	3	True				False	30		V(9)	C	I		V(9)		V			9		M	False	False	(1, 5, 2)	(3,)	1	1	major	major	I	I, major	V		I	I	False	V	V, major		V(9), major		V	0	0	0	5	5	5	True	False	False
792	12	69	3	A	0	3	4	1	1	False	1.0	0	12	12	12	12a	33	1/8	False	4	True				False	30		V(9)	C	I		V(9)		V			9		M	False	False	(1, 5, 2)	(3,)	1	1	major	major	I	I, major	V		I	I	False	V	V, major		V(9), major		V	0	0	0	3	3	3	False	False	False
804	24	67	1	G	0	3	4	1	1	True	1.5	0	12	12	12	12a	67/2	1/4	False	4	True				False	31		V	C	I		V		V					M	False	False	(1, 5, 2)	()	1	1	major	major	I	I, major	V		I	I	False	V	V, major		V, major		V	0	0	0	1	1	1	True	True	True
816	24	38	2	D	0	3	4	4	1	True	2.0	0	12	12	12	12a	34	1/4	False	2	True				False	32		V7/V	C	I		V7/V		V		7		V	Mm7	False	False	(2, 6, 3, 0)	()	2	2	major	major	I	I, major	V/V	V	V/I	V	False	V7/V	V7/V, major		V7/V, major	V	V	0	0	1	2	2	1	True	True	True
816	24	50	2	D	0	3	4	3	1	True	2.0	0	12	12	12	12a	34	1/4	False	3	True				False	32		V7/V	C	I		V7/V		V		7		V	Mm7	False	False	(2, 6, 3, 0)	()	2	2	major	major	I	I, major	V/V	V	V/I	V	False	V7/V	V7/V, major		V7/V, major	V	V	0	0	1	2	2	1	True	True	True
816	24	60	0	C	0	3	4	2	1	True	2.0	0	12	12	12	12a	34	1/4	False	4	True				False	32		V7/V	C	I		V7/V		V		7		V	Mm7	False	False	(2, 6, 3, 0)	()	2	2	major	major	I	I, major	V/V	V	V/I	V	False	V7/V	V7/V, major		V7/V, major	V	V	0	0	1	0	0	-1	True	False	False
828	12	66	6	F	1	3	4	1	1	True	2.5	0	12	12	12	12a	69/2	1/8	False	4	False				False	32		V7/V	C	I		V7/V		V		7		V	Mm7	False	False	(2, 6, 3, 0)	()	2	2	major	major	I	I, major	V/V	V	V/I	V	False	V7/V	V7/V, major		V7/V, major	V	V	0	0	1	6	6	5	True	False	False
840	24	43	1	G	0	3	4	4	1	True	3.0	0	12	12	12	12a	35	1/4	False	2	True				False	33		V7	C	I		V7		V		7			Mm7	False	False	(1, 5, 2, -1)	()	1	1	major	major	I	I, major	V		I	I	False	V7	V7, major		V7, major		V	0	0	0	1	1	1	True	True	True
840	8	50	2	D	0	3	4	3	1	False	3.0	0	12	12	12	12a	35	1/12	False	3	True				False	33		V7	C	I		V7		V		7			Mm7	False	False	(1, 5, 2, -1)	()	1	1	major	major	I	I, major	V		I	I	False	V7	V7, major		V7, major		V	0	0	0	2	2	2	True	False	False
840	24	59	5	B	0	3	4	2	1	True	3.0	0	12	12	12	12a	35	1/4	False	3	True				False	33		V7	C	I		V7		V		7			Mm7	False	False	(1, 5, 2, -1)	()	1	1	major	major	I	I, major	V		I	I	False	V7	V7, major		V7, major		V	0	0	0	5	5	5	True	False	False
840	8	67	1	G	0	3	4	1	1	True	3.0	0	12	12	12	12a	35	1/12	False	4	True				False	33		V7	C	I		V7		V		7			Mm7	False	False	(1, 5, 2, -1)	()	1	1	major	major	I	I, major	V		I	I	False	V7	V7, major		V7, major		V	0	0	0	1	1	1	True	True	True
848	8	50	2	D	0	3	4	3	1	True	3.333	0	12	12	12	12a	106/3	1/12	False	3	False				False	33		V7	C	I		V7		V		7			Mm7	False	False	(1, 5, 2, -1)	()	1	1	major	major	I	I, major	V		I	I	False	V7	V7, major		V7, major		V	0	0	0	2	2	2	True	False	False
848	8	65	-1	F	0	3	4	1	1	True	3.333	0	12	12	12	12a	106/3	1/12	False	4	False				False	33		V7	C	I		V7		V		7			Mm7	False	False	(1, 5, 2, -1)	()	1	1	major	major	I	I, major	V		I	I	False	V7	V7, major		V7, major		V	0	0	0	-1	-1	-1	True	False	False
856	8	53	-1	F	0	3	4	3	1	True	3.667	0	12	12	12	12a	107/3	1/12	False	3	False				False	33		V7	C	I		V7		V		7			Mm7	False	False	(1, 5, 2, -1)	()	1	1	major	major	I	I, major	V		I	I	False	V7	V7, major		V7, major		V	0	0	0	-1	-1	-1	True	False	False
856	8	62	2	D	0	3	4	1	1	True	3.667	0	12	12	12	12a	107/3	1/12	False	4	False				False	33		V7	C	I		V7		V		7			Mm7	False	False	(1, 5, 2, -1)	()	1	1	major	major	I	I, major	V		I	I	False	V7	V7, major		V7, major		V	0	0	0	2	2	2	True	False	False
864	48	48	0	C	0	3	4	4	1	True	1.0	0	13	13	13	13a	36	1/2	False	3	True				False	34		I	C	I		I		I					M	False	False	(0, 4, 1)	()	0	0	major	major	I	I, major	I		I	I	False	I	I, major		I, major		I	0	0	0	0	0	0	True	True	True
864	48	52	4	E	0	3	4	3	1	True	1.0	0	13	13	13	13a	36	1/2	False	3	True				False	34		I	C	I		I		I					M	False	False	(0, 4, 1)	()	0	0	major	major	I	I, major	I		I	I	False	I	I, major		I, major		I	0	0	0	4	4	4	True	False	False
864	12	60	0	C	0	3	4	2	1	True	1.0	0	13	13	13	13a	36	1/8	False	4	True				False	34		I	C	I		I		I					M	False	False	(0, 4, 1)	()	0	0	major	major	I	I, major	I		I	I	False	I	I, major		I, major		I	0	0	0	0	0	0	True	True	True
864	36	60	0	C	0	3	4	1	1	True	1.0	0	13	13	13	13a	36	3/8	False	4	True				False	34		I	C	I		I		I					M	False	False	(0, 4, 1)	()	0	0	major	major	I	I, major	I		I	I	False	I	I, major		I, major		I	0	0	0	0	0	0	True	True	True
876	6	55	1	G	0	3	4	2	1	True	1.5	0	13	13	13	13a	73/2	1/16	False	3	False				False	34		I	C	I		I		I					M	False	False	(0, 4, 1)	()	0	0	major	major	I	I, major	I		I	I	False	I	I, major		I, major		I	0	0	0	1	1	1	True	False	False
882	6	57	3	A	0	3	4	2	1	True	1.75	0	13	13	13	13a	147/4	1/16	False	3	False				False	34		I	C	I		I		I					M	False	False	(0, 4, 1)	()	0	0	major	major	I	I, major	I		I	I	False	I	I, major		I, major		I	0	0	0	3	3	3	False	False	False
888	6	55	1	G	0	3	4	2	1	True	2.0	0	13	13	13	13a	37	1/16	False	3	False				False	34		I	C	I		I		I					M	False	False	(0, 4, 1)	()	0	0	major	major	I	I, major	I		I	I	False	I	I, major		I, major		I	0	0	0	1	1	1	True	False	False
894	6	57	3	A	0	3	4	2	1	True	2.25	0	13	13	13	13a	149/4	1/16	False	3	False				False	34		I	C	I		I		I					M	False	False	(0, 4, 1)	()	0	0	major	major	I	I, major	I		I	I	False	I	I, major		I, major		I	0	0	0	3	3	3	False	False	False
900	6	55	1	G	0	3	4	2	1	True	2.5	0	13	13	13	13a	75/2	1/16	False	3	False				False	34		I	C	I		I		I					M	False	False	(0, 4, 1)	()	0	0	major	major	I	I, major	I		I	I	False	I	I, major		I, major		I	0	0	0	1	1	1	True	False	False
900	6	62	2	D	0	3	4	1	1	True	2.5	0	13	13	13	13a	75/2	1/16	False	4	False				False	34		I	C	I		I		I					M	False	False	(0, 4, 1)	()	0	0	major	major	I	I, major	I		I	I	False	I	I, major		I, major		I	0	0	0	2	2	2	False	False	False
906	6	57	3	A	0	3	4	2	1	True	2.75	0	13	13	13	13a	151/4	1/16	False	3	False				False	34		I	C	I		I		I					M	False	False	(0, 4, 1)	()	0	0	major	major	I	I, major	I		I	I	False	I	I, major		I, major		I	0	0	0	3	3	3	False	False	False
906	6	60	0	C	0	3	4	1	1	True	2.75	0	13	13	13	13a	151/4	1/16	False	4	False				False	34		I	C	I		I		I					M	False	False	(0, 4, 1)	()	0	0	major	major	I	I, major	I		I	I	False	I	I, major		I, major		I	0	0	0	0	0	0	True	True	True
912	6	50	2	D	0	3	4	4	1	True	3.0	0	13	13	13	13a	38	1/16	False	3	True				False	35		V43	C	I		V43		V		43			Mm7	False	False	(2, -1, 1, 5)	()	1	2	major	major	I	I, major	V		I	I	False	V43	V43, major		V43, major		V	0	0	0	2	2	2	True	False	True
912	6	53	-1	F	0	3	4	3	1	True	3.0	0	13	13	13	13a	38	1/16	False	3	True				False	35		V43	C	I		V43		V		43			Mm7	False	False	(2, -1, 1, 5)	()	1	2	major	major	I	I, major	V		I	I	False	V43	V43, major		V43, major		V	0	0	0	-1	-1	-1	True	False	False
912	6	55	1	G	0	3	4	2	1	True	3.0	0	13	13	13	13a	38	1/16	False	3	True				False	35		V43	C	I		V43		V		43			Mm7	False	False	(2, -1, 1, 5)	()	1	2	major	major	I	I, major	V		I	I	False	V43	V43, major		V43, major		V	0	0	0	1	1	1	True	True	False
912	6	59	5	B	0	3	4	1	1	True	3.0	0	13	13	13	13a	38	1/16	False	3	True				False	35		V43	C	I		V43		V		43			Mm7	False	False	(2, -1, 1, 5)	()	1	2	major	major	I	I, major	V		I	I	False	V43	V43, major		V43, major		V	0	0	0	5	5	5	True	False	False
918	6	48	0	C	0	3	4	4	1	True	3.25	0	13	13	13	13a	153/4	1/16	False	3	False				False	35		V43	C	I		V43		V		43			Mm7	False	False	(2, -1, 1, 5)	()	1	2	major	major	I	I, major	V		I	I	False	V43	V43, major		V43, major		V	0	0	0	0	0	0	False	False	False
918	6	52	4	E	0	3	4	3	1	True	3.25	0	13	13	13	13a	153/4	1/16	False	3	False				False	35		V43	C	I		V43		V		43			Mm7	False	False	(2, -1, 1, 5)	()	1	2	major	major	I	I, major	V		I	I	False	V43	V43, major		V43, major		V	0	0	0	4	4	4	False	False	False
918	6	57	3	A	0	3	4	2	1	True	3.25	0	13	13	13	13a	153/4	1/16	False	3	False				False	35		V43	C	I		V43		V		43			Mm7	False	False	(2, -1, 1, 5)	()	1	2	major	major	I	I, major	V		I	I	False	V43	V43, major		V43, major		V	0	0	0	3	3	3	False	False	False
918	6	60	0	C	0	3	4	1	1	True	3.25	0	13	13	13	13a	153/4	1/16	False	4	False				False	35		V43	C	I		V43		V		43			Mm7	False	False	(2, -1, 1, 5)	()	1	2	major	major	I	I, major	V		I	I	False	V43	V43, major		V43, major		V	0	0	0	0	0	0	False	False	False
924	6	47	5	B	0	3	4	4	1	True	3.5	0	13	13	13	13a	77/2	1/16	False	2	False				False	35		V43	C	I		V43		V		43			Mm7	False	False	(2, -1, 1, 5)	()	1	2	major	major	I	I, major	V		I	I	False	V43	V43, major		V43, major		V	0	0	0	5	5	5	True	False	False
924	6	50	2	D	0	3	4	3	1	True	3.5	0	13	13	13	13a	77/2	1/16	False	3	False				False	35		V43	C	I		V43		V		43			Mm7	False	False	(2, -1, 1, 5)	()	1	2	major	major	I	I, major	V		I	I	False	V43	V43, major		V43, major		V	0	0	0	2	2	2	True	False	True
924	6	59	5	B	0	3	4	2	1	True	3.5	0	13	13	13	13a	77/2	1/16	False	3	False				False	35		V43	C	I		V43		V		43			Mm7	False	False	(2, -1, 1, 5)	()	1	2	major	major	I	I, major	V		I	I	False	V43	V43, major		V43, major		V	0	0	0	5	5	5	True	False	False
924	6	62	2	D	0	3	4	1	1	True	3.5	0	13	13	13	13a	77/2	1/16	False	4	False				False	35		V43	C	I		V43		V		43			Mm7	False	False	(2, -1, 1, 5)	()	1	2	major	major	I	I, major	V		I	I	False	V43	V43, major		V43, major		V	0	0	0	2	2	2	True	False	True
930	6	45	3	A	0	3	4	4	1	True	3.75	0	13	13	13	13a	155/4	1/16	False	2	False				False	35		V43	C	I		V43		V		43			Mm7	False	False	(2, -1, 1, 5)	()	1	2	major	major	I	I, major	V		I	I	False	V43	V43, major		V43, major		V	0	0	0	3	3	3	False	False	False
930	6	48	0	C	0	3	4	3	1	True	3.75	0	13	13	13	13a	155/4	1/16	False	3	False				False	35		V43	C	I		V43		V		43			Mm7	False	False	(2, -1, 1, 5)	()	1	2	major	major	I	I, major	V		I	I	False	V43	V43, major		V43, major		V	0	0	0	0	0	0	False	False	False
930	6	60	0	C	0	3	4	2	1	True	3.75	0	13	13	13	13a	155/4	1/16	False	4	False				False	35		V43	C	I		V43		V		43			Mm7	False	False	(2, -1, 1, 5)	()	1	2	major	major	I	I, major	V		I	I	False	V43	V43, major		V43, major		V	0	0	0	0	0	0	False	False	False
930	6	64	4	E	0	3	4	1	1	True	3.75	0	13	13	13	13a	155/4	1/16	False	4	False				False	35		V43	C	I		V43		V		43			Mm7	False	False	(2, -1, 1, 5)	()	1	2	major	major	I	I, major	V		I	I	False	V43	V43, major		V43, major		V	0	0	0	4	4	4	False	False	False
936	24	43	1	G	0	3	4	4	1	True	1.0	0	14	14	14	14a	39	1/4	False	2	True				False	36		V7	C	I		V7		V		7			Mm7	False	False	(1, 5, 2, -1)	()	1	1	major	major	I	I, major	V		I	I	False	V7	V7, major		V7, major		V	0	0	0	1	1	1	True	True	True
936	48	50	2	D	0	3	4	3	1	True	1.0	0	14	14	14	14a	39	1/2	False	3	True				False	36		V7	C	I		V7		V		7			Mm7	False	False	(1, 5, 2, -1)	()	1	1	major	major	I	I, major	V		I	I	False	V7	V7, major		V7, major		V	0	0	0	2	2	2	True	False	False
936	48	59	5	B	0	3	4	2	1	True	1.0	0	14	14	14	14a	39	1/2	False	3	True				False	36		V7	C	I		V7		V		7			Mm7	False	False	(1, 5, 2, -1)	()	1	1	major	major	I	I, major	V		I	I	False	V7	V7, major		V7, major		V	0	0	0	5	5	5	True	False	False
936	48	65	-1	F	0	3	4	1	1	True	1.0	0	14	14	14	14a	39	1/2	False	4	True				False	36		V7	C	I		V7		V		7			Mm7	False	False	(1, 5, 2, -1)	()	1	1	major	major	I	I, major	V		I	I	False	V7	V7, major		V7, major		V	0	0	0	-1	-1	-1	True	False	False
960	24	44	8	G	1	3	4	4	1	True	2.0	0	14	14	14	14a	40	1/4	False	2	True				False	37		#viio7/vi	C	I		#viio7/vi		#vii	o	7		vi	o7	False	False	(8, 5, 2, -1)	()	8	8	major	major	I	I, major	#vii/vi	vi	vi/I	vi	True	#viio7/vi	#viio7/vi, major		#viio7/vi, major	vi	vi	0	0	3	8	8	5	True	True	True
984	24	45	3	A	0	3	4	4	1	True	3.0	0	14	14	14	14a	41	1/4	False	2	True				False	38		vi	C	I		vi		vi					m	False	False	(3, 0, 4)	()	3	3	major	major	I	I, major	vi		I	I	False	vi	vi, major		vi, major		vi	0	0	0	3	3	3	True	True	True
984	24	48	0	C	0	3	4	3	1	True	3.0	0	14	14	14	14a	41	1/4	False	3	True				False	38		vi	C	I		vi		vi					m	False	False	(3, 0, 4)	()	3	3	major	major	I	I, major	vi		I	I	False	vi	vi, major		vi, major		vi	0	0	0	0	0	0	True	False	False
984	24	60	0	C	0	3	4	2	1	True	3.0	0	14	14	14	14a	41	1/4	False	4	True				False	38		vi	C	I		vi		vi					m	False	False	(3, 0, 4)	()	3	3	major	major	I	I, major	vi		I	I	False	vi	vi, major		vi, major		vi	0	0	0	0	0	0	True	False	False
984	24	64	4	E	0	3	4	1	1	True	3.0	0	14	14	14	14a	41	1/4	False	4	True				False	38		vi	C	I		vi		vi					m	False	False	(3, 0, 4)	()	3	3	major	major	I	I, major	vi		I	I	False	vi	vi, major		vi, major		vi	0	0	0	4	4	4	True	False	False
1008	24	41	-1	F	0	3	4	4	1	True	1.0	0	15	15	15	15a	42	1/4	False	2	True				False	39		ii65	C	I		ii65		ii		65			mm7	False	False	(-1, 3, 0, 2)	()	2	-1	major	major	I	I, major	ii		I	I	False	ii65	ii65, major		ii65, major		ii	0	0	0	-1	-1	-1	True	False	True
1008	24	48	0	C	0	3	4	3	1	True	1.0	0	15	15	15	15a	42	1/4	False	3	True				False	39		ii65	C	I		ii65		ii		65			mm7	False	False	(-1, 3, 0, 2)	()	2	-1	major	major	I	I, major	ii		I	I	False	ii65	ii65, major		ii65, major		ii	0	0	0	0	0	0	True	False	False
1008	48	60	0	C	0	3	4	2	1	False	1.0	0	15	15	15	15a	42	1/2	False	4	True				False	39		ii65	C	I		ii65		ii		65			mm7	False	False	(-1, 3, 0, 2)	()	2	-1	major	major	I	I, major	ii		I	I	False	ii65	ii65, major		ii65, major		ii	0	0	0	0	0	0	True	False	False
1008	36	62	2	D	0	3	4	1	1	True	1.0	0	15	15	15	15a	42	3/8	False	4	True				False	39		ii65	C	I		ii65		ii		65			mm7	False	False	(-1, 3, 0, 2)	()	2	-1	major	major	I	I, major	ii		I	I	False	ii65	ii65, major		ii65, major		ii	0	0	0	2	2	2	True	True	False
1032	24	42	6	F	1	3	4	4	1	True	2.0	0	15	15	15	15a	43	1/4	False	2	True				False	40		V65/V	C	I		V65/V		V		65		V	Mm7	False	False	(6, 3, 0, 2)	()	2	6	major	major	I	I, major	V/V	V	V/I	V	False	V65/V	V65/V, major		V65/V, major	V	V	0	0	1	6	6	5	True	False	True
1032	36	50	2	D	0	3	4	3	1	True	2.0	0	15	15	15	15a	43	3/8	False	3	True				False	40		V65/V	C	I		V65/V		V		65		V	Mm7	False	False	(6, 3, 0, 2)	()	2	6	major	major	I	I, major	V/V	V	V/I	V	False	V65/V	V65/V, major		V65/V, major	V	V	0	0	1	2	2	1	True	True	False
1044	12	69	3	A	0	3	4	1	1	True	2.5	0	15	15	15	15a	87/2	1/8	False	4	False				False	40		V65/V	C	I		V65/V		V		65		V	Mm7	False	False	(6, 3, 0, 2)	()	2	6	major	major	I	I, major	V/V	V	V/I	V	False	V65/V	V65/V, major		V65/V, major	V	V	0	0	1	3	3	2	True	False	False
1056	24	43	1	G	0	3	4	4	1	True	3.0	0	15	15	15	15a	44	1/4	False	2	True				False	41		V7	C	I		V7		V		7			Mm7	False	False	(1, 5, 2, -1)	()	1	1	major	major	I	I, major	V		I	I	False	V7	V7, major		V7, major		V	0	0	0	1	1	1	True	True	True
1056	24	59	5	B	0	3	4	2	1	True	3.0	0	15	15	15	15a	44	1/4	False	3	True				False	41		V7	C	I		V7		V		7			Mm7	False	False	(1, 5, 2, -1)	()	1	1	major	major	I	I, major	V		I	I	False	V7	V7, major		V7, major		V	0	0	0	5	5	5	True	False	False
1056	12	67	1	G	0	3	4	1	1	True	3.0	0	15	15	15	15a	44	1/8	False	4	True				False	41		V7	C	I		V7		V		7			Mm7	False	False	(1, 5, 2, -1)	()	1	1	major	major	I	I, major	V		I	I	False	V7	V7, major		V7, major		V	0	0	0	1	1	1	True	True	True
1068	6	48	0	C	0	3	4	3	1	True	3.5	0	15	15	15	15a	89/2	1/16	False	3	False				False	41		V7	C	I		V7		V		7			Mm7	False	False	(1, 5, 2, -1)	()	1	1	major	major	I	I, major	V		I	I	False	V7	V7, major		V7, major		V	0	0	0	0	0	0	False	False	False
1068	12	65	-1	F	0	3	4	1	1	True	3.5	0	15	15	15	15a	89/2	1/8	False	4	False				False	41		V7	C	I		V7		V		7			Mm7	False	False	(1, 5, 2, -1)	()	1	1	major	major	I	I, major	V		I	I	False	V7	V7, major		V7, major		V	0	0	0	-1	-1	-1	True	False	False
1074	6	50	2	D	0	3	4	3	1	True	3.75	0	15	15	15	15a	179/4	1/16	False	3	False				False	41		V7	C	I		V7		V		7			Mm7	False	False	(1, 5, 2, -1)	()	1	1	major	major	I	I, major	V		I	I	False	V7	V7, major		V7, major		V	0	0	0	2	2	2	True	False	False
1080	24	48	0	C	0	3	4	4	1	True	1.0	0	16	16	16	16a	45	1/4	False	3	True				False	42		I	C	I		I		I					M	False	False	(0, 4, 1)	()	0	0	major	major	I	I, major	I		I	I	False	I	I, major		I, major		I	0	0	0	0	0	0	True	True	True
1080	24	52	4	E	0	3	4	3	1	True	1.0	0	16	16	16	16a	45	1/4	False	3	True				False	42		I	C	I		I		I					M	False	False	(0, 4, 1)	()	0	0	major	major	I	I, major	I		I	I	False	I	I, major		I, major		I	0	0	0	4	4	4	True	False	False
1080	24	60	0	C	0	3	4	2	1	True	1.0	0	16	16	16	16a	45	1/4	False	4	True				False	42		I	C	I		I		I					M	False	False	(0, 4, 1)	()	0	0	major	major	I	I, major	I		I	I	False	I	I, major		I, major		I	0	0	0	0	0	0	True	True	True
1080	42	64	4	E	0	3	4	1	1	True	1.0	0	16	16	16	16a	45	7/16	False	4	True				False	42		I	C	I		I		I					M	False	False	(0, 4, 1)	()	0	0	major	major	I	I, major	I		I	I	False	I	I, major		I, major		I	0	0	0	4	4	4	True	False	False
1104	24	43	1	G	0	3	4	4	1	True	2.0	0	16	16	16	16a	46	1/4	False	2	True				False	43		V7(6)	C	I		V7(6)		V		7	6		Mm7	False	False	(1, 5, 4, -1)	()	1	1	major	major	I	I, major	V		I	I	False	V7	V7, major		V7(6), major		V	0	0	0	1	1	1	True	True	True
1104	24	53	-1	F	0	3	4	3	1	True	2.0	0	16	16	16	16a	46	1/4	False	3	True				False	43		V7(6)	C	I		V7(6)		V		7	6		Mm7	False	False	(1, 5, 4, -1)	()	1	1	major	major	I	I, major	V		I	I	False	V7	V7, major		V7(6), major		V	0	0	0	-1	-1	-1	True	False	False
1104	24	59	5	B	0	3	4	2	1	True	2.0	0	16	16	16	16a	46	1/4	False	3	True				False	43		V7(6)	C	I		V7(6)		V		7	6		Mm7	False	False	(1, 5, 4, -1)	()	1	1	major	major	I	I, major	V		I	I	False	V7	V7, major		V7(6), major		V	0	0	0	5	5	5	True	False	False
1122	6	62	2	D	0	3	4	1	1	True	2.75	0	16	16	16	16a	187/4	1/16	False	4	True				False	44		V7	C	I		V7		V		7			Mm7	False	False	(1, 5, 2, -1)	()	1	1	major	major	I	I, major	V		I	I	False	V7	V7, major		V7, major		V	0	0	0	2	2	2	True	False	False
1128	24	36	0	C	0	3	4	4	1	True	3.0	0	16	16	16	16a	47	1/4	False	2	True			\\	True	45		I\\	C	I		I		I					M	False	False	(0, 4, 1)	()	0	0	major	major	I	I, major	I		I	I	False	I	I, major		I, major		I	0	0	0	0	0	0	True	True	True
1128	24	52	4	E	0	3	4	3	1	True	3.0	0	16	16	16	16a	47	1/4	False	3	True			\\	True	45		I\\	C	I		I		I					M	False	False	(0, 4, 1)	()	0	0	major	major	I	I, major	I		I	I	False	I	I, major		I, major		I	0	0	0	4	4	4	True	False	False
1128	24	60	0	C	0	3	4	1	1	True	3.0	0	16	16	16	16a	47	1/4	False	4	True			\\	True	45		I\\	C	I		I		I					M	False	False	(0, 4, 1)	()	0	0	major	major	I	I, major	I		I	I	False	I	I, major		I, major		I	0	0	0	0	0	0	True	True	True
1128	24	60	0	C	0	3	4	2	1	True	3.0	0	16	16	16	16a	47	1/4	False	4	True			\\	True	45		I\\	C	I		I		I					M	False	False	(0, 4, 1)	()	0	0	major	major	I	I, major	I		I	I	False	I	I, major		I, major		I	0	0	0	0	0	0	True	True	True
1152	48	67	1	G	0	3	4	1	1	True	1.0	0	17	17	17	17a	48	1/2	True	4	True				False	46		V[V6	C	I	V	V6		V		6			M	False	False	(5, 2, 1)	()	1	5	major	major	I	I, major	V		I	I	False	V6	V6, major	V	V6, major		V	0	0	0	1	1	1	True	True	False
1176	48	55	1	G	0	3	4	4	1	True	2.0	0	17	17	17	17a	49	1/2	False	3	False				False	46		V[V6	C	I	V	V6		V		6			M	False	False	(5, 2, 1)	()	1	5	major	major	I	I, major	V		I	I	False	V6	V6, major	V	V6, major		V	0	0	0	1	1	1	True	True	False
1176	48	59	5	B	0	3	4	3	1	True	2.0	0	17	17	17	17a	49	1/2	False	3	False				False	46		V[V6	C	I	V	V6		V		6			M	False	False	(5, 2, 1)	()	1	5	major	major	I	I, major	V		I	I	False	V6	V6, major	V	V6, major		V	0	0	0	5	5	5	True	False	True
1176	48	62	2	D	0	3	4	2	1	True	2.0	0	17	17	17	17a	49	1/2	False	4	False				False	46		V[V6	C	I	V	V6		V		6			M	False	False	(5, 2, 1)	()	1	5	major	major	I	I, major	V		I	I	False	V6	V6, major	V	V6, major		V	0	0	0	2	2	2	True	False	False
1200	6	66	6	F	1	3	4	1	1	True	3.0	0	17	17	17	17a	50	1/16	False	4	False				False	46		V[V6	C	I	V	V6		V		6			M	False	False	(5, 2, 1)	()	1	5	major	major	I	I, major	V		I	I	False	V6	V6, major	V	V6, major		V	0	0	0	6	6	6	False	False	False
1206	6	67	1	G	0	3	4	1	1	True	3.25	0	17	17	17	17a	201/4	1/16	False	4	False				False	46		V[V6	C	I	V	V6		V		6			M	False	False	(5, 2, 1)	()	1	5	major	major	I	I, major	V		I	I	False	V6	V6, major	V	V6, major		V	0	0	0	1	1	1	True	True	False
1212	6	69	3	A	0	3	4	1	1	True	3.5	0	17	17	17	17a	101/2	1/16	False	4	False				False	46		V[V6	C	I	V	V6		V		6			M	False	False	(5, 2, 1)	()	1	5	major	major	I	I, major	V		I	I	False	V6	V6, major	V	V6, major		V	0	0	0	3	3	3	False	False	False
1218	6	71	5	B	0	3	4	1	1	True	3.75	0	17	17	17	17a	203/4	1/16	False	4	False				False	46		V[V6	C	I	V	V6		V		6			M	False	False	(5, 2, 1)	()	1	5	major	major	I	I, major	V		I	I	False	V6	V6, major	V	V6, major		V	0	0	0	5	5	5	True	False	True
1224	36	72	0	C	0	3	4	1	1	True	1.0	0	18	18	18	18a	51	3/8	False	5	True				False	47		V2/V	C	I	V	V2/V		V		2		V	Mm7	False	False	(0, 2, 6, 3)	()	2	0	major	major	I	I, major	V/V	V	V/I	V	False	V2/V	V2/V, major	V	V2/V, major	V	V	0	0	1	0	0	-1	True	False	True
1248	48	55	1	G	0	3	4	4	1	True	2.0	0	18	18	18	18a	52	1/2	False	3	False				False	47		V2/V	C	I	V	V2/V		V		2		V	Mm7	False	False	(0, 2, 6, 3)	()	2	0	major	major	I	I, major	V/V	V	V/I	V	False	V2/V	V2/V, major	V	V2/V, major	V	V	0	0	1	1	1	0	False	False	False
1248	48	60	0	C	0	3	4	3	1	True	2.0	0	18	18	18	18a	52	1/2	False	4	False				False	47		V2/V	C	I	V	V2/V		V		2		V	Mm7	False	False	(0, 2, 6, 3)	()	2	0	major	major	I	I, major	V/V	V	V/I	V	False	V2/V	V2/V, major	V	V2/V, major	V	V	0	0	1	0	0	-1	True	False	True
1248	48	66	6	F	1	3	4	2	1	True	2.0	0	18	18	18	18a	52	1/2	False	4	False				False	47		V2/V	C	I	V	V2/V		V		2		V	Mm7	False	False	(0, 2, 6, 3)	()	2	0	major	major	I	I, major	V/V	V	V/I	V	False	V2/V	V2/V, major	V	V2/V, major	V	V	0	0	1	6	6	5	True	False	False
1260	12	69	3	A	0	3	4	1	1	True	2.5	0	18	18	18	18a	105/2	1/8	False	4	False				False	47		V2/V	C	I	V	V2/V		V		2		V	Mm7	False	False	(0, 2, 6, 3)	()	2	0	major	major	I	I, major	V/V	V	V/I	V	False	V2/V	V2/V, major	V	V2/V, major	V	V	0	0	1	3	3	2	True	False	False
1272	6	68	8	G	1	3	4	1	1	True	3.0	0	18	18	18	18a	53	1/16	False	4	False				False	47		V2/V	C	I	V	V2/V		V		2		V	Mm7	False	False	(0, 2, 6, 3)	()	2	0	major	major	I	I, major	V/V	V	V/I	V	False	V2/V	V2/V, major	V	V2/V, major	V	V	0	0	1	8	8	7	False	False	False
1278	6	69	3	A	0	3	4	1	1	True	3.25	0	18	18	18	18a	213/4	1/16	False	4	False				False	47		V2/V	C	I	V	V2/V		V		2		V	Mm7	False	False	(0, 2, 6, 3)	()	2	0	major	major	I	I, major	V/V	V	V/I	V	False	V2/V	V2/V, major	V	V2/V, major	V	V	0	0	1	3	3	2	True	False	False
1284	6	71	5	B	0	3	4	1	1	True	3.5	0	18	18	18	18a	107/2	1/16	False	4	False				False	47		V2/V	C	I	V	V2/V		V		2		V	Mm7	False	False	(0, 2, 6, 3)	()	2	0	major	major	I	I, major	V/V	V	V/I	V	False	V2/V	V2/V, major	V	V2/V, major	V	V	0	0	1	5	5	4	False	False	False
1290	6	72	0	C	0	3	4	1	1	True	3.75	0	18	18	18	18a	215/4	1/16	False	5	False				False	47		V2/V	C	I	V	V2/V		V		2		V	Mm7	False	False	(0, 2, 6, 3)	()	2	0	major	major	I	I, major	V/V	V	V/I	V	False	V2/V	V2/V, major	V	V2/V, major	V	V	0	0	1	0	0	-1	True	False	True
1296	12	74	2	D	0	3	4	1	1	True	1.0	0	19	19	19	19a	54	1/8	False	5	True				False	48		V6	C	I	V	V6		V		6			M	False	False	(5, 2, 1)	()	1	5	major	major	I	I, major	V		I	I	False	V6	V6, major	V	V6, major		V	0	0	0	2	2	2	True	False	False
1308	12	71	5	B	0	3	4	1	1	True	1.5	0	19	19	19	19a	109/2	1/8	False	4	False				False	48		V6	C	I	V	V6		V		6			M	False	False	(5, 2, 1)	()	1	5	major	major	I	I, major	V		I	I	False	V6	V6, major	V	V6, major		V	0	0	0	5	5	5	True	False	True
1320	24	55	1	G	0	3	4	4	1	True	2.0	0	19	19	19	19a	55	1/4	False	3	True				False	49		viio6	C	I	V	viio6		vii	o	6			o	False	False	(2, -1, 5)	()	5	2	major	major	I	I, major	vii		I	I	False	viio6	viio6, major	V	viio6, major		vii	0	0	0	1	1	1	False	False	False
1320	24	62	2	D	0	3	4	3	1	True	2.0	0	19	19	19	19a	55	1/4	False	4	True				False	49		viio6	C	I	V	viio6		vii	o	6			o	False	False	(2, -1, 5)	()	5	2	major	major	I	I, major	vii		I	I	False	viio6	viio6, major	V	viio6, major		vii	0	0	0	2	2	2	True	False	True
1320	24	65	-1	F	0	3	4	2	1	True	2.0	0	19	19	19	19a	55	1/4	False	4	True				False	49		viio6	C	I	V	viio6		vii	o	6			o	False	False	(2, -1, 5)	()	5	2	major	major	I	I, major	vii		I	I	False	viio6	viio6, major	V	viio6, major		vii	0	0	0	-1	-1	-1	True	False	False
1320	6	69	3	A	0	3	4	1	1	True	2.0	0	19	19	19	19a	55	1/16	False	4	True				False	49		viio6	C	I	V	viio6		vii	o	6			o	False	False	(2, -1, 5)	()	5	2	major	major	I	I, major	vii		I	I	False	viio6	viio6, major	V	viio6, major		vii	0	0	0	3	3	3	False	False	False
1326	6	71	5	B	0	3	4	1	1	True	2.25	0	19	19	19	19a	221/4	1/16	False	4	False				False	49		viio6	C	I	V	viio6		vii	o	6			o	False	False	(2, -1, 5)	()	5	2	major	major	I	I, major	vii		I	I	False	viio6	viio6, major	V	viio6, major		vii	0	0	0	5	5	5	True	True	False
1332	6	72	0	C	0	3	4	1	1	True	2.5	0	19	19	19	19a	111/2	1/16	False	5	False				False	49		viio6	C	I	V	viio6		vii	o	6			o	False	False	(2, -1, 5)	()	5	2	major	major	I	I, major	vii		I	I	False	viio6	viio6, major	V	viio6, major		vii	0	0	0	0	0	0	False	False	False
1338	6	74	2	D	0	3	4	1	1	True	2.75	0	19	19	19	19a	223/4	1/16	False	5	False				False	49		viio6	C	I	V	viio6		vii	o	6			o	False	False	(2, -1, 5)	()	5	2	major	major	I	I, major	vii		I	I	False	viio6	viio6, major	V	viio6, major		vii	0	0	0	2	2	2	True	False	True
1344	24	55	1	G	0	3	4	4	1	True	3.0	0	19	19	19	19a	56	1/4	False	3	True				False	50		I	C	I	V	I		I					M	False	False	(0, 4, 1)	()	0	0	major	major	I	I, major	I		I	I	False	I	I, major	V	I, major		I	0	0	0	1	1	1	True	False	False
1344	24	60	0	C	0	3	4	3	1	True	3.0	0	19	19	19	19a	56	1/4	False	4	True				False	50		I	C	I	V	I		I					M	False	False	(0, 4, 1)	()	0	0	major	major	I	I, major	I		I	I	False	I	I, major	V	I, major		I	0	0	0	0	0	0	True	True	True
1344	24	64	4	E	0	3	4	2	1	True	3.0	0	19	19	19	19a	56	1/4	False	4	True				False	50		I	C	I	V	I		I					M	False	False	(0, 4, 1)	()	0	0	major	major	I	I, major	I		I	I	False	I	I, major	V	I, major		I	0	0	0	4	4	4	True	False	False
1344	12	76	4	E	0	3	4	1	1	True	3.0	0	19	19	19	19a	56	1/8	False	5	True				False	50		I	C	I	V	I		I					M	False	False	(0, 4, 1)	()	0	0	major	major	I	I, major	I		I	I	False	I	I, major	V	I, major		I	0	0	0	4	4	4	True	False	False
1356	12	72	0	C	0	3	4	1	1	True	3.5	0	19	19	19	19a	113/2	1/8	False	5	False				False	50		I	C	I	V	I		I					M	False	False	(0, 4, 1)	()	0	0	major	major	I	I, major	I		I	I	False	I	I, major	V	I, major		I	0	0	0	0	0	0	True	True	True
1368	24	55	1	G	0	3	4	4	1	False	1.0	0	20	20	20	20a	57	1/4	False	3	False				False	50		I	C	I	V	I		I					M	False	False	(0, 4, 1)	()	0	0	major	major	I	I, major	I		I	I	False	I	I, major	V	I, major		I	0	0	0	1	1	1	True	False	False
1368	24	60	0	C	0	3	4	3	1	False	1.0	0	20	20	20	20a	57	1/4	False	4	False				False	50		I	C	I	V	I		I					M	False	False	(0, 4, 1)	()	0	0	major	major	I	I, major	I		I	I	False	I	I, major	V	I, major		I	0	0	0	0	0	0	True	True	True
1368	24	64	4	E	0	3	4	2	1	False	1.0	0	20	20	20	20a	57	1/4	False	4	False				False	50		I	C	I	V	I		I					M	False	False	(0, 4, 1)	()	0	0	major	major	I	I, major	I		I	I	False	I	I, major	V	I, major		I	0	0	0	4	4	4	True	False	False
1368	6	71	5	B	0	3	4	1	1	True	1.0	0	20	20	20	20a	57	1/16	False	4	False				False	50		I	C	I	V	I		I					M	False	False	(0, 4, 1)	()	0	0	major	major	I	I, major	I		I	I	False	I	I, major	V	I, major		I	0	0	0	5	5	5	False	False	False
1374	6	72	0	C	0	3	4	1	1	True	1.25	0	20	20	20	20a	229/4	1/16	False	5	False				False	50		I	C	I	V	I		I					M	False	False	(0, 4, 1)	()	0	0	major	major	I	I, major	I		I	I	False	I	I, major	V	I, major		I	0	0	0	0	0	0	True	True	True
1380	6	74	2	D	0	3	4	1	1	True	1.5	0	20	20	20	20a	115/2	1/16	False	5	False				False	50		I	C	I	V	I		I					M	False	False	(0, 4, 1)	()	0	0	major	major	I	I, major	I		I	I	False	I	I, major	V	I, major		I	0	0	0	2	2	2	False	False	False
1386	6	76	4	E	0	3	4	1	1	True	1.75	0	20	20	20	20a	231/4	1/16	False	5	False				False	50		I	C	I	V	I		I					M	False	False	(0, 4, 1)	()	0	0	major	major	I	I, major	I		I	I	False	I	I, major	V	I, major		I	0	0	0	4	4	4	True	False	False
1392	24	55	1	G	0	3	4	4	1	True	2.0	0	20	20	20	20a	58	1/4	False	3	True				False	51		V6]	C	I	V	V6		V		6			M	False	False	(5, 2, 1)	()	1	5	major	major	I	I, major	V		I	I	False	V6	V6, major	V	V6, major		V	0	0	0	1	1	1	True	True	False
1392	24	59	5	B	0	3	4	3	1	True	2.0	0	20	20	20	20a	58	1/4	False	3	True				False	51		V6]	C	I	V	V6		V		6			M	False	False	(5, 2, 1)	()	1	5	major	major	I	I, major	V		I	I	False	V6	V6, major	V	V6, major		V	0	0	0	5	5	5	True	False	True
1392	24	62	2	D	0	3	4	2	1	True	2.0	0	20	20	20	20a	58	1/4	False	4	True				False	51		V6]	C	I	V	V6		V		6			M	False	False	(5, 2, 1)	()	1	5	major	major	I	I, major	V		I	I	False	V6	V6, major	V	V6, major		V	0	0	0	2	2	2	True	False	False
1392	6	77	-1	F	0	3	4	1	1	True	2.0	0	20	20	20	20a	58	1/16	False	5	True				False	51		V6]	C	I	V	V6		V		6			M	False	False	(5, 2, 1)	()	1	5	major	major	I	I, major	V		I	I	False	V6	V6, major	V	V6, major		V	0	0	0	-1	-1	-1	False	False	False
1398	6	79	1	G	0	3	4	1	1	True	2.25	0	20	20	20	20a	233/4	1/16	False	5	False				False	51		V6]	C	I	V	V6		V		6			M	False	False	(5, 2, 1)	()	1	5	major	major	I	I, major	V		I	I	False	V6	V6, major	V	V6, major		V	0	0	0	1	1	1	True	True	False
1404	6	81	3	A	0	3	4	1	1	True	2.5	0	20	20	20	20a	117/2	1/16	False	5	False				False	51		V6]	C	I	V	V6		V		6			M	False	False	(5, 2, 1)	()	1	5	major	major	I	I, major	V		I	I	False	V6	V6, major	V	V6, major		V	0	0	0	3	3	3	False	False	False
1410	6	79	1	G	0	3	4	1	1	True	2.75	0	20	20	20	20a	235/4	1/16	False	5	False				False	51		V6]	C	I	V	V6		V		6			M	False	False	(5, 2, 1)	()	1	5	major	major	I	I, major	V		I	I	False	V6	V6, major	V	V6, major		V	0	0	0	1	1	1	True	True	False
1416	6	77	-1	F	0	3	4	1	1	True	3.0	0	20	20	20	20a	59	1/16	False	5	False				False	51		V6]	C	I	V	V6		V		6			M	False	False	(5, 2, 1)	()	1	5	major	major	I	I, major	V		I	I	False	V6	V6, major	V	V6, major		V	0	0	0	-1	-1	-1	False	False	False
1422	6	76	4	E	0	3	4	1	1	True	3.25	0	20	20	20	20a	237/4	1/16	False	5	False				False	51		V6]	C	I	V	V6		V		6			M	False	False	(5, 2, 1)	()	1	5	major	major	I	I, major	V		I	I	False	V6	V6, major	V	V6, major		V	0	0	0	4	4	4	False	False	False
1428	6	74	2	D	0	3	4	1	1	True	3.5	0	20	20	20	20a	119/2	1/16	False	5	False				False	51		V6]	C	I	V	V6		V		6			M	False	False	(5, 2, 1)	()	1	5	major	major	I	I, major	V		I	I	False	V6	V6, major	V	V6, major		V	0	0	0	2	2	2	True	False	False
1434	6	72	0	C	0	3	4	1	1	True	3.75	0	20	20	20	20a	239/4	1/16	False	5	False				False	51		V6]	C	I	V	V6		V		6			M	False	False	(5, 2, 1)	()	1	5	major	major	I	I, major	V		I	I	False	V6	V6, major	V	V6, major		V	0	0	0	0	0	0	False	False	False
1440	6	71	5	B	0	3	4	1	1	True	1.0	0	21	21	21	21a	60	1/16	False	4	False				False	51		V6]	C	I	V	V6		V		6			M	False	False	(5, 2, 1)	()	1	5	major	major	I	I, major	V		I	I	False	V6	V6, major	V	V6, major		V	0	0	0	5	5	5	True	False	True
1446	6	69	3	A	0	3	4	1	1	True	1.25	0	21	21	21	21a	241/4	1/16	False	4	False				False	51		V6]	C	I	V	V6		V		6			M	False	False	(5, 2, 1)	()	1	5	major	major	I	I, major	V		I	I	False	V6	V6, major	V	V6, major		V	0	0	0	3	3	3	False	False	False
1452	6	67	1	G	0	3	4	1	1	True	1.5	0	21	21	21	21a	121/2	1/16	False	4	False				False	51		V6]	C	I	V	V6		V		6			M	False	False	(5, 2, 1)	()	1	5	major	major	I	I, major	V		I	I	False	V6	V6, major	V	V6, major		V	0	0	0	1	1	1	True	True	False
1458	6	65	-1	F	0	3	4	1	1	True	1.75	0	21	21	21	21a	243/4	1/16	False	4	False				False	51		V6]	C	I	V	V6		V		6			M	False	False	(5, 2, 1)	()	1	5	major	major	I	I, major	V		I	I	False	V6	V6, major	V	V6, major		V	0	0	0	-1	-1	-1	False	False	False
1464	6	64	4	E	0	3	4	1	1	True	2.0	0	21	21	21	21a	61	1/16	False	4	False				False	51		V6]	C	I	V	V6		V		6			M	False	False	(5, 2, 1)	()	1	5	major	major	I	I, major	V		I	I	False	V6	V6, major	V	V6, major		V	0	0	0	4	4	4	False	False	False
1470	6	62	2	D	0	3	4	1	1	True	2.25	0	21	21	21	21a	245/4	1/16	False	4	False				False	51		V6]	C	I	V	V6		V		6			M	False	False	(5, 2, 1)	()	1	5	major	major	I	I, major	V		I	I	False	V6	V6, major	V	V6, major		V	0	0	0	2	2	2	True	False	False
1476	6	60	0	C	0	3	4	1	1	True	2.5	0	21	21	21	21a	123/2	1/16	False	4	False				False	51		V6]	C	I	V	V6		V		6			M	False	False	(5, 2, 1)	()	1	5	major	major	I	I, major	V		I	I	False	V6	V6, major	V	V6, major		V	0	0	0	0	0	0	False	False	False
1482	6	59	5	B	0	3	4	1	1	True	2.75	0	21	21	21	21a	247/4	1/16	False	3	False				False	51		V6]	C	I	V	V6		V		6			M	False	False	(5, 2, 1)	()	1	5	major	major	I	I, major	V		I	I	False	V6	V6, major	V	V6, major		V	0	0	0	5	5	5	True	False	True
1488	6	57	3	A	0	3	4	3	1	True	3.0	0	21	21	21	21a	62	1/16	False	3	False				False	51		V6]	C	I	V	V6		V		6			M	False	False	(5, 2, 1)	()	1	5	major	major	I	I, major	V		I	I	False	V6	V6, major	V	V6, major		V	0	0	0	3	3	3	False	False	False
1494	6	55	1	G	0	3	4	3	1	True	3.25	0	21	21	21	21a	249/4	1/16	False	3	False				False	51		V6]	C	I	V	V6		V		6			M	False	False	(5, 2, 1)	()	1	5	major	major	I	I, major	V		I	I	False	V6	V6, major	V	V6, major		V	0	0	0	1	1	1	True	True	False
1500	6	53	-1	F	0	3	4	3	1	True	3.5	0	21	21	21	21a	125/2	1/16	False	3	False				False	51		V6]	C	I	V	V6		V		6			M	False	False	(5, 2, 1)	()	1	5	major	major	I	I, major	V		I	I	False	V6	V6, major	V	V6, major		V	0	0	0	-1	-1	-1	False	False	False
1506	6	52	4	E	0	3	4	3	1	True	3.75	0	21	21	21	21a	251/4	1/16	False	3	False				False	51		V6]	C	I	V	V6		V		6			M	False	False	(5, 2, 1)	()	1	5	major	major	I	I, major	V		I	I	False	V6	V6, major	V	V6, major		V	0	0	0	4	4	4	False	False	False
1512	6	50	2	D	0	3	4	4	1	True	1.0	0	22	22	22	22a	63	1/16	False	3	False				False	51		V6]	C	I	V	V6		V		6			M	False	False	(5, 2, 1)	()	1	5	major	major	I	I, major	V		I	I	False	V6	V6, major	V	V6, major		V	0	0	0	2	2	2	True	False	False
1518	6	48	0	C	0	3	4	4	1	True	1.25	0	22	22	22	22a	253/4	1/16	False	3	False				False	51		V6]	C	I	V	V6		V		6			M	False	False	(5, 2, 1)	()	1	5	major	major	I	I, major	V		I	I	False	V6	V6, major	V	V6, major		V	0	0	0	0	0	0	False	False	False
1524	6	47	5	B	0	3	4	4	1	True	1.5	0	22	22	22	22a	127/2	1/16	False	2	False				False	51		V6]	C	I	V	V6		V		6			M	False	False	(5, 2, 1)	()	1	5	major	major	I	I, major	V		I	I	False	V6	V6, major	V	V6, major		V	0	0	0	5	5	5	True	False	True
1530	6	45	3	A	0	3	4	4	1	True	1.75	0	22	22	22	22a	255/4	1/16	False	2	False				False	51		V6]	C	I	V	V6		V		6			M	False	False	(5, 2, 1)	()	1	5	major	major	I	I, major	V		I	I	False	V6	V6, major	V	V6, major		V	0	0	0	3	3	3	False	False	False
1536	6	43	1	G	0	3	4	4	1	True	2.0	0	22	22	22	22a	64	1/16	False	2	False				False	51		V6]	C	I	V	V6		V		6			M	False	False	(5, 2, 1)	()	1	5	major	major	I	I, major	V		I	I	False	V6	V6, major	V	V6, major		V	0	0	0	1	1	1	True	True	False
1542	6	45	3	A	0	3	4	4	1	True	2.25	0	22	22	22	22a	257/4	1/16	False	2	False				False	51		V6]	C	I	V	V6		V		6			M	False	False	(5, 2, 1)	()	1	5	major	major	I	I, major	V		I	I	False	V6	V6, major	V	V6, major		V	0	0	0	3	3	3	False	False	False
1548	6	47	5	B	0	3	4	4	1	True	2.5	0	22	22	22	22a	129/2	1/16	False	2	False				False	51		V6]	C	I	V	V6		V		6			M	False	False	(5, 2, 1)	()	1	5	major	major	I	I, major	V		I	I	False	V6	V6, major	V	V6, major		V	0	0	0	5	5	5	True	False	True
1554	6	48	0	C	0	3	4	4	1	True	2.75	0	22	22	22	22a	259/4	1/16	False	3	False				False	51		V6]	C	I	V	V6		V		6			M	False	False	(5, 2, 1)	()	1	5	major	major	I	I, major	V		I	I	False	V6	V6, major	V	V6, major		V	0	0	0	0	0	0	False	False	False
1560	6	50	2	D	0	3	4	4	1	True	3.0	0	22	22	22	22a	65	1/16	False	3	False				False	51		V6]	C	I	V	V6		V		6			M	False	False	(5, 2, 1)	()	1	5	major	major	I	I, major	V		I	I	False	V6	V6, major	V	V6, major		V	0	0	0	2	2	2	True	False	False
1566	6	52	4	E	0	3	4	4	1	True	3.25	0	22	22	22	22a	261/4	1/16	False	3	False				False	51		V6]	C	I	V	V6		V		6			M	False	False	(5, 2, 1)	()	1	5	major	major	I	I, major	V		I	I	False	V6	V6, major	V	V6, major		V	0	0	0	4	4	4	False	False	False
1572	6	53	-1	F	0	3	4	4	1	True	3.5	0	22	22	22	22a	131/2	1/16	False	3	False				False	51		V6]	C	I	V	V6		V		6			M	False	False	(5, 2, 1)	()	1	5	major	major	I	I, major	V		I	I	False	V6	V6, major	V	V6, major		V	0	0	0	-1	-1	-1	False	False	False
1578	6	50	2	D	0	3	4	4	1	True	3.75	0	22	22	22	22a	263/4	1/16	False	3	False				False	51		V6]	C	I	V	V6		V		6			M	False	False	(5, 2, 1)	()	1	5	major	major	I	I, major	V		I	I	False	V6	V6, major	V	V6, major		V	0	0	0	2	2	2	True	False	False
1584	48	48	0	C	0	3	4	4	1	True	1.0	0	23	23	23	23a	66	1/2	False	3	True				False	52		I	C	I		I		I					M	False	False	(0, 4, 1)	()	0	0	major	major	I	I, major	I		I	I	False	I	I, major		I, major		I	0	0	0	0	0	0	True	True	True
1608	48	55	1	G	0	3	4	3	1	True	2.0	0	23	23	23	23a	67	1/2	False	3	False				False	52		I	C	I		I		I					M	False	False	(0, 4, 1)	()	0	0	major	major	I	I, major	I		I	I	False	I	I, major		I, major		I	0	0	0	1	1	1	True	False	False
1632	6	47	5	B	0	3	4	4	1	True	3.0	0	23	23	23	23a	68	1/16	False	2	False				False	52		I	C	I		I		I					M	False	False	(0, 4, 1)	()	0	0	major	major	I	I, major	I		I	I	False	I	I, major		I, major		I	0	0	0	5	5	5	False	False	False
1638	6	48	0	C	0	3	4	4	1	True	3.25	0	23	23	23	23a	273/4	1/16	False	3	False				False	52		I	C	I		I		I					M	False	False	(0, 4, 1)	()	0	0	major	major	I	I, major	I		I	I	False	I	I, major		I, major		I	0	0	0	0	0	0	True	True	True
1644	6	50	2	D	0	3	4	4	1	True	3.5	0	23	23	23	23a	137/2	1/16	False	3	False				False	52		I	C	I		I		I					M	False	False	(0, 4, 1)	()	0	0	major	major	I	I, major	I		I	I	False	I	I, major		I, major		I	0	0	0	2	2	2	False	False	False
1650	6	52	4	E	0	3	4	4	1	True	3.75	0	23	23	23	23a	275/4	1/16	False	3	False				False	52		I	C	I		I		I					M	False	False	(0, 4, 1)	()	0	0	major	major	I	I, major	I		I	I	False	I	I, major		I, major		I	0	0	0	4	4	4	True	False	False
1656	48	53	-1	F	0	3	4	4	1	True	1.0	0	24	24	24	24a	69	1/2	False	3	True				False	53		V2	C	I		V2		V		2			Mm7	False	False	(-1, 1, 5, 2)	()	1	-1	major	major	I	I, major	V		I	I	False	V2	V2, major		V2, major		V	0	0	0	-1	-1	-1	True	False	True
1656	24	55	1	G	0	3	4	3	1	False	1.0	0	24	24	24	24a	69	1/4	False	3	True				False	53		V2	C	I		V2		V		2			Mm7	False	False	(-1, 1, 5, 2)	()	1	-1	major	major	I	I, major	V		I	I	False	V2	V2, major		V2, major		V	0	0	0	1	1	1	True	True	False
1656	48	62	2	D	0	3	4	2	1	True	1.0	0	24	24	24	24a	69	1/2	False	4	True				False	53		V2	C	I		V2		V		2			Mm7	False	False	(-1, 1, 5, 2)	()	1	-1	major	major	I	I, major	V		I	I	False	V2	V2, major		V2, major		V	0	0	0	2	2	2	True	False	False
1680	6	54	6	F	1	3	4	3	1	True	2.0	0	24	24	24	24a	70	1/16	False	3	False				False	53		V2	C	I		V2		V		2			Mm7	False	False	(-1, 1, 5, 2)	()	1	-1	major	major	I	I, major	V		I	I	False	V2	V2, major		V2, major		V	0	0	0	6	6	6	False	False	False
1686	6	55	1	G	0	3	4	3	1	True	2.25	0	24	24	24	24a	281/4	1/16	False	3	False				False	53		V2	C	I		V2		V		2			Mm7	False	False	(-1, 1, 5, 2)	()	1	-1	major	major	I	I, major	V		I	I	False	V2	V2, major		V2, major		V	0	0	0	1	1	1	True	True	False
1692	6	57	3	A	0	3	4	3	1	True	2.5	0	24	24	24	24a	141/2	1/16	False	3	False				False	53		V2	C	I		V2		V		2			Mm7	False	False	(-1, 1, 5, 2)	()	1	-1	major	major	I	I, major	V		I	I	False	V2	V2, major		V2, major		V	0	0	0	3	3	3	False	False	False
1698	6	59	5	B	0	3	4	3	1	True	2.75	0	24	24	24	24a	283/4	1/16	False	3	False				False	53		V2	C	I		V2		V		2			Mm7	False	False	(-1, 1, 5, 2)	()	1	-1	major	major	I	I, major	V		I	I	False	V2	V2, major		V2, major		V	0	0	0	5	5	5	True	False	False
1704	24	52	4	E	0	3	4	4	1	True	3.0	0	24	24	24	24a	71	1/4	False	3	True				False	54		I6	C	I		I6		I		6			M	False	False	(4, 1, 0)	()	0	4	major	major	I	I, major	I		I	I	False	I6	I6, major		I6, major		I	0	0	0	4	4	4	True	False	True
1704	6	60	0	C	0	3	4	2	1	True	3.0	0	24	24	24	24a	71	1/16	False	4	True				False	54		I6	C	I		I6		I		6			M	False	False	(4, 1, 0)	()	0	4	major	major	I	I, major	I		I	I	False	I6	I6, major		I6, major		I	0	0	0	0	0	0	True	True	False
1704	12	60	0	C	0	3	4	3	1	True	3.0	0	24	24	24	24a	71	1/8	False	4	True				False	54		I6	C	I		I6		I		6			M	False	False	(4, 1, 0)	()	0	4	major	major	I	I, major	I		I	I	False	I6	I6, major		I6, major		I	0	0	0	0	0	0	True	True	False
1704	24	67	1	G	0	3	4	1	1	True	3.0	0	24	24	24	24a	71	1/4	False	4	True				False	54		I6	C	I		I6		I		6			M	False	False	(4, 1, 0)	()	0	4	major	major	I	I, major	I		I	I	False	I6	I6, major		I6, major		I	0	0	0	1	1	1	True	False	False
1710	6	62	2	D	0	3	4	2	1	True	3.25	0	24	24	24	24a	285/4	1/16	False	4	False				False	54		I6	C	I		I6		I		6			M	False	False	(4, 1, 0)	()	0	4	major	major	I	I, major	I		I	I	False	I6	I6, major		I6, major		I	0	0	0	2	2	2	False	False	False
1716	12	55	1	G	0	3	4	3	1	True	3.5	0	24	24	24	24a	143/2	1/8	False	3	False				False	54		I6	C	I		I6		I		6			M	False	False	(4, 1, 0)	()	0	4	major	major	I	I, major	I		I	I	False	I6	I6, major		I6, major		I	0	0	0	1	1	1	True	False	False
1716	6	64	4	E	0	3	4	2	1	True	3.5	0	24	24	24	24a	143/2	1/16	False	4	False				False	54		I6	C	I		I6		I		6			M	False	False	(4, 1, 0)	()	0	4	major	major	I	I, major	I		I	I	False	I6	I6, major		I6, major		I	0	0	0	4	4	4	True	False	True
1722	6	65	-1	F	0	3	4	2	1	True	3.75	0	24	24	24	24a	287/4	1/16	False	4	False				False	54		I6	C	I		I6		I		6			M	False	False	(4, 1, 0)	()	0	4	major	major	I	I, major	I		I	I	False	I6	I6, major		I6, major		I	0	0	0	-1	-1	-1	False	False	False
1728	24	50	2	D	0	3	4	4	1	True	1.0	0	25	25	25	25a	72	1/4	False	3	True				False	55		V43	C	I		V43		V		43			Mm7	False	False	(2, -1, 1, 5)	()	1	2	major	major	I	I, major	V		I	I	False	V43	V43, major		V43, major		V	0	0	0	2	2	2	True	False	True
1728	12	55	1	G	0	3	4	3	1	False	1.0	0	25	25	25	25a	72	1/8	False	3	True				False	55		V43	C	I		V43		V		43			Mm7	False	False	(2, -1, 1, 5)	()	1	2	major	major	I	I, major	V		I	I	False	V43	V43, major		V43, major		V	0	0	0	1	1	1	True	True	False
1728	6	67	1	G	0	3	4	1	1	False	1.0	0	25	25	25	25a	72	1/16	False	4	True				False	55		V43	C	I		V43		V		43			Mm7	False	False	(2, -1, 1, 5)	()	1	2	major	major	I	I, major	V		I	I	False	V43	V43, major		V43, major		V	0	0	0	1	1	1	True	True	False
1728	24	67	1	G	0	3	4	2	1	True	1.0	0	25	25	25	25a	72	1/4	False	4	True				False	55		V43	C	I		V43		V		43			Mm7	False	False	(2, -1, 1, 5)	()	1	2	major	major	I	I, major	V		I	I	False	V43	V43, major		V43, major		V	0	0	0	1	1	1	True	True	False
1734	6	69	3	A	0	3	4	1	1	True	1.25	0	25	25	25	25a	289/4	1/16	False	4	False				False	55		V43	C	I		V43		V		43			Mm7	False	False	(2, -1, 1, 5)	()	1	2	major	major	I	I, major	V		I	I	False	V43	V43, major		V43, major		V	0	0	0	3	3	3	False	False	False
1740	12	57	3	A	0	3	4	3	1	True	1.5	0	25	25	25	25a	145/2	1/8	False	3	False				False	55		V43	C	I		V43		V		43			Mm7	False	False	(2, -1, 1, 5)	()	1	2	major	major	I	I, major	V		I	I	False	V43	V43, major		V43, major		V	0	0	0	3	3	3	False	False	False
1740	6	71	5	B	0	3	4	1	1	True	1.5	0	25	25	25	25a	145/2	1/16	False	4	False				False	55		V43	C	I		V43		V		43			Mm7	False	False	(2, -1, 1, 5)	()	1	2	major	major	I	I, major	V		I	I	False	V43	V43, major		V43, major		V	0	0	0	5	5	5	True	False	False
1746	6	72	0	C	0	3	4	1	1	True	1.75	0	25	25	25	25a	291/4	1/16	False	5	False				False	55		V43	C	I		V43		V		43			Mm7	False	False	(2, -1, 1, 5)	()	1	2	major	major	I	I, major	V		I	I	False	V43	V43, major		V43, major		V	0	0	0	0	0	0	False	False	False
1752	36	55	1	G	0	3	4	4	1	True	2.0	0	25	25	25	25a	73	3/8	False	3	True				False	56		V	C	I		V		V					M	False	False	(1, 5, 2)	()	1	1	major	major	I	I, major	V		I	I	False	V	V, major		V, major		V	0	0	0	1	1	1	True	True	True
1752	12	59	5	B	0	3	4	3	1	True	2.0	0	25	25	25	25a	73	1/8	False	3	True				False	56		V	C	I		V		V					M	False	False	(1, 5, 2)	()	1	1	major	major	I	I, major	V		I	I	False	V	V, major		V, major		V	0	0	0	5	5	5	True	False	False
1752	6	74	2	D	0	3	4	1	1	True	2.0	0	25	25	25	25a	73	1/16	False	5	True				False	56		V	C	I		V		V					M	False	False	(1, 5, 2)	()	1	1	major	major	I	I, major	V		I	I	False	V	V, major		V, major		V	0	0	0	2	2	2	True	False	False
1758	6	76	4	E	0	3	4	1	1	True	2.25	0	25	25	25	25a	293/4	1/16	False	5	False				False	56		V	C	I		V		V					M	False	False	(1, 5, 2)	()	1	1	major	major	I	I, major	V		I	I	False	V	V, major		V, major		V	0	0	0	4	4	4	False	False	False
1764	12	55	1	G	0	3	4	3	1	True	2.5	0	25	25	25	25a	147/2	1/8	False	3	False				False	56		V	C	I		V		V					M	False	False	(1, 5, 2)	()	1	1	major	major	I	I, major	V		I	I	False	V	V, major		V, major		V	0	0	0	1	1	1	True	True	True
1764	6	78	6	F	1	3	4	1	1	True	2.5	0	25	25	25	25a	147/2	1/16	False	5	False				False	56		V	C	I		V		V					M	False	False	(1, 5, 2)	()	1	1	major	major	I	I, major	V		I	I	False	V	V, major		V, major		V	0	0	0	6	6	6	False	False	False
1770	6	79	1	G	0	3	4	1	1	True	2.75	0	25	25	25	25a	295/4	1/16	False	5	False				False	56		V	C	I		V		V					M	False	False	(1, 5, 2)	()	1	1	major	major	I	I, major	V		I	I	False	V	V, major		V, major		V	0	0	0	1	1	1	True	True	True
1776	12	60	0	C	0	3	4	3	1	True	3.0	0	25	25	25	25a	74	1/8	False	4	False				False	56		V	C	I		V		V					M	False	False	(1, 5, 2)	()	1	1	major	major	I	I, major	V		I	I	False	V	V, major		V, major		V	0	0	0	0	0	0	False	False	False
1776	6	81	3	A	0	3	4	1	1	True	3.0	0	25	25	25	25a	74	1/16	False	5	False				False	56		V	C	I		V		V					M	False	False	(1, 5, 2)	()	1	1	major	major	I	I, major	V		I	I	False	V	V, major		V, major		V	0	0	0	3	3	3	False	False	False
1782	6	83	5	B	0	3	4	1	1	True	3.25	0	25	25	25	25a	297/4	1/16	False	5	False				False	56		V	C	I		V		V					M	False	False	(1, 5, 2)	()	1	1	major	major	I	I, major	V		I	I	False	V	V, major		V, major		V	0	0	0	5	5	5	True	False	False
1788	12	54	6	F	1	3	4	4	1	True	3.5	0	25	25	25	25a	149/2	1/8	False	3	True				False	57		V65/V	C	I		V65/V		V		65		V	Mm7	False	False	(6, 3, 0, 2)	()	2	6	major	major	I	I, major	V/V	V	V/I	V	False	V65/V	V65/V, major		V65/V, major	V	V	0	0	1	6	6	5	True	False	True
1788	12	57	3	A	0	3	4	3	1	True	3.5	0	25	25	25	25a	149/2	1/8	False	3	True				False	57		V65/V	C	I		V65/V		V		65		V	Mm7	False	False	(6, 3, 0, 2)	()	2	6	major	major	I	I, major	V/V	V	V/I	V	False	V65/V	V65/V, major		V65/V, major	V	V	0	0	1	3	3	2	True	False	False
1788	12	60	0	C	0	3	4	2	1	True	3.5	0	25	25	25	25a	149/2	1/8	False	4	True				False	57		V65/V	C	I		V65/V		V		65		V	Mm7	False	False	(6, 3, 0, 2)	()	2	6	major	major	I	I, major	V/V	V	V/I	V	False	V65/V	V65/V, major		V65/V, major	V	V	0	0	1	0	0	-1	True	False	False
1788	12	62	2	D	0	3	4	2	1	True	3.5	0	25	25	25	25a	149/2	1/8	False	4	True				False	57		V65/V	C	I		V65/V		V		65		V	Mm7	False	False	(6, 3, 0, 2)	()	2	6	major	major	I	I, major	V/V	V	V/I	V	False	V65/V	V65/V, major		V65/V, major	V	V	0	0	1	2	2	1	True	True	False
1788	6	84	0	C	0	3	4	1	1	True	3.5	0	25	25	25	25a	149/2	1/16	False	6	True				False	57		V65/V	C	I		V65/V		V		65		V	Mm7	False	False	(6, 3, 0, 2)	()	2	6	major	major	I	I, major	V/V	V	V/I	V	False	V65/V	V65/V, major		V65/V, major	V	V	0	0	1	0	0	-1	True	False	False
1794	6	81	3	A	0	3	4	1	1	True	3.75	0	25	25	25	25a	299/4	1/16	False	5	False				False	57		V65/V	C	I		V65/V		V		65		V	Mm7	False	False	(6, 3, 0, 2)	()	2	6	major	major	I	I, major	V/V	V	V/I	V	False	V65/V	V65/V, major		V65/V, major	V	V	0	0	1	3	3	2	True	False	False
1800	36	57	3	A	0	3	4	4	1	True	1.0	0	26	26	26	26a	75	3/8	False	3	True				False	58		V43/V	C	I		V43/V		V		43		V	Mm7	False	False	(3, 0, 2, 6)	()	2	3	major	major	I	I, major	V/V	V	V/I	V	False	V43/V	V43/V, major		V43/V, major	V	V	0	0	1	3	3	2	True	False	True
1800	36	60	0	C	0	3	4	3	1	True	1.0	0	26	26	26	26a	75	3/8	False	4	True				False	58		V43/V	C	I		V43/V		V		43		V	Mm7	False	False	(3, 0, 2, 6)	()	2	3	major	major	I	I, major	V/V	V	V/I	V	False	V43/V	V43/V, major		V43/V, major	V	V	0	0	1	0	0	-1	True	False	False
1800	36	62	2	D	0	3	4	2	1	True	1.0	0	26	26	26	26a	75	3/8	False	4	True				False	58		V43/V	C	I		V43/V		V		43		V	Mm7	False	False	(3, 0, 2, 6)	()	2	3	major	major	I	I, major	V/V	V	V/I	V	False	V43/V	V43/V, major		V43/V, major	V	V	0	0	1	2	2	1	True	True	False
1800	6	79	1	G	0	3	4	1	1	True	1.0	0	26	26	26	26a	75	1/16	False	5	True				False	58		V43/V	C	I		V43/V		V		43		V	Mm7	False	False	(3, 0, 2, 6)	()	2	3	major	major	I	I, major	V/V	V	V/I	V	False	V43/V	V43/V, major		V43/V, major	V	V	0	0	1	1	1	0	False	False	False
1806	6	78	6	F	1	3	4	1	1	True	1.25	0	26	26	26	26a	301/4	1/16	False	5	False				False	58		V43/V	C	I		V43/V		V		43		V	Mm7	False	False	(3, 0, 2, 6)	()	2	3	major	major	I	I, major	V/V	V	V/I	V	False	V43/V	V43/V, major		V43/V, major	V	V	0	0	1	6	6	5	True	False	False
1812	6	76	4	E	0	3	4	1	1	True	1.5	0	26	26	26	26a	151/2	1/16	False	5	False				False	58		V43/V	C	I		V43/V		V		43		V	Mm7	False	False	(3, 0, 2, 6)	()	2	3	major	major	I	I, major	V/V	V	V/I	V	False	V43/V	V43/V, major		V43/V, major	V	V	0	0	1	4	4	3	False	False	False
1818	6	78	6	F	1	3	4	1	1	True	1.75	0	26	26	26	26a	303/4	1/16	False	5	False				False	58		V43/V	C	I		V43/V		V		43		V	Mm7	False	False	(3, 0, 2, 6)	()	2	3	major	major	I	I, major	V/V	V	V/I	V	False	V43/V	V43/V, major		V43/V, major	V	V	0	0	1	6	6	5	True	False	False
1824	6	81	3	A	0	3	4	1	1	True	2.0	0	26	26	26	26a	76	1/16	False	5	False				False	58		V43/V	C	I		V43/V		V		43		V	Mm7	False	False	(3, 0, 2, 6)	()	2	3	major	major	I	I, major	V/V	V	V/I	V	False	V43/V	V43/V, major		V43/V, major	V	V	0	0	1	3	3	2	True	False	True
1830	6	79	1	G	0	3	4	1	1	True	2.25	0	26	26	26	26a	305/4	1/16	False	5	False				False	58		V43/V	C	I		V43/V		V		43		V	Mm7	False	False	(3, 0, 2, 6)	()	2	3	major	major	I	I, major	V/V	V	V/I	V	False	V43/V	V43/V, major		V43/V, major	V	V	0	0	1	1	1	0	False	False	False
1836	12	55	1	G	0	3	4	4	1	True	2.5	0	26	26	26	26a	153/2	1/8	False	3	True				False	59		V	C	I		V		V					M	False	False	(1, 5, 2)	()	1	1	major	major	I	I, major	V		I	I	False	V	V, major		V, major		V	0	0	0	1	1	1	True	True	True
1836	12	59	5	B	0	3	4	3	1	True	2.5	0	26	26	26	26a	153/2	1/8	False	3	True				False	59		V	C	I		V		V					M	False	False	(1, 5, 2)	()	1	1	major	major	I	I, major	V		I	I	False	V	V, major		V, major		V	0	0	0	5	5	5	True	False	False
1836	12	67	1	G	0	3	4	2	1	True	2.5	0	26	26	26	26a	153/2	1/8	False	4	True				False	59		V	C	I		V		V					M	False	False	(1, 5, 2)	()	1	1	major	major	I	I, major	V		I	I	False	V	V, major		V, major		V	0	0	0	1	1	1	True	True	True
1836	6	78	6	F	1	3	4	1	1	True	2.5	0	26	26	26	26a	153/2	1/16	False	5	True				False	59		V	C	I		V		V					M	False	False	(1, 5, 2)	()	1	1	major	major	I	I, major	V		I	I	False	V	V, major		V, major		V	0	0	0	6	6	6	False	False	False
1842	6	79	1	G	0	3	4	1	1	True	2.75	0	26	26	26	26a	307/4	1/16	False	5	False				False	59		V	C	I		V		V					M	False	False	(1, 5, 2)	()	1	1	major	major	I	I, major	V		I	I	False	V	V, major		V, major		V	0	0	0	1	1	1	True	True	True
1848	12	53	-1	F	0	3	4	4	1	True	3.0	0	26	26	26	26a	77	1/8	False	3	True				False	60		V2	C	I		V2		V		2			Mm7	False	False	(-1, 1, 5, 2)	()	1	-1	major	major	I	I, major	V		I	I	False	V2	V2, major		V2, major		V	0	0	0	-1	-1	-1	True	False	True
1848	12	60	0	C	0	3	4	3	1	True	3.0	0	26	26	26	26a	77	1/8	False	4	True				False	60		V2	C	I		V2		V		2			Mm7	False	False	(-1, 1, 5, 2)	()	1	-1	major	major	I	I, major	V		I	I	False	V2	V2, major		V2, major		V	0	0	0	0	0	0	False	False	False
1848	12	69	3	A	0	3	4	2	1	True	3.0	0	26	26	26	26a	77	1/8	False	4	True				False	60		V2	C	I		V2		V		2			Mm7	False	False	(-1, 1, 5, 2)	()	1	-1	major	major	I	I, major	V		I	I	False	V2	V2, major		V2, major		V	0	0	0	3	3	3	False	False	False
1848	6	81	3	A	0	3	4	1	1	True	3.0	0	26	26	26	26a	77	1/16	False	5	True				False	60		V2	C	I		V2		V		2			Mm7	False	False	(-1, 1, 5, 2)	()	1	-1	major	major	I	I, major	V		I	I	False	V2	V2, major		V2, major		V	0	0	0	3	3	3	False	False	False
1854	6	79	1	G	0	3	4	1	1	True	3.25	0	26	26	26	26a	309/4	1/16	False	5	False				False	60		V2	C	I		V2		V		2			Mm7	False	False	(-1, 1, 5, 2)	()	1	-1	major	major	I	I, major	V		I	I	False	V2	V2, major		V2, major		V	0	0	0	1	1	1	True	True	False
1860	12	50	2	D	0	3	4	4	1	True	3.5	0	26	26	26	26a	155/2	1/8	False	3	True				False	61		V43	C	I		V43		V		43			Mm7	False	False	(2, -1, 1, 5)	()	1	2	major	major	I	I, major	V		I	I	False	V43	V43, major		V43, major		V	0	0	0	2	2	2	True	False	True
1860	12	62	2	D	0	3	4	3	1	True	3.5	0	26	26	26	26a	155/2	1/8	False	4	True				False	61		V43	C	I		V43		V		43			Mm7	False	False	(2, -1, 1, 5)	()	1	2	major	major	I	I, major	V		I	I	False	V43	V43, major		V43, major		V	0	0	0	2	2	2	True	False	True
1860	12	71	5	B	0	3	4	2	1	True	3.5	0	26	26	26	26a	155/2	1/8	False	4	True				False	61		V43	C	I		V43		V		43			Mm7	False	False	(2, -1, 1, 5)	()	1	2	major	major	I	I, major	V		I	I	False	V43	V43, major		V43, major		V	0	0	0	5	5	5	True	False	False
1860	6	83	5	B	0	3	4	1	1	True	3.5	0	26	26	26	26a	155/2	1/16	False	5	True				False	61		V43	C	I		V43		V		43			Mm7	False	False	(2, -1, 1, 5)	()	1	2	major	major	I	I, major	V		I	I	False	V43	V43, major		V43, major		V	0	0	0	5	5	5	True	False	False
1866	6	79	1	G	0	3	4	1	1	True	3.75	0	26	26	26	26a	311/4	1/16	False	5	False				False	61		V43	C	I		V43		V		43			Mm7	False	False	(2, -1, 1, 5)	()	1	2	major	major	I	I, major	V		I	I	False	V43	V43, major		V43, major		V	0	0	0	1	1	1	True	True	False
1872	24	48	0	C	0	3	4	4	1	True	1.0	0	27	27	27	27a	78	1/4	False	3	True				False	62		I	C	I		I		I					M	False	False	(0, 4, 1)	()	0	0	major	major	I	I, major	I		I	I	False	I	I, major		I, major		I	0	0	0	0	0	0	True	True	True
1872	24	64	4	E	0	3	4	3	1	True	1.0	0	27	27	27	27a	78	1/4	False	4	True				False	62		I	C	I		I		I					M	False	False	(0, 4, 1)	()	0	0	major	major	I	I, major	I		I	I	False	I	I, major		I, major		I	0	0	0	4	4	4	True	False	False
1872	12	72	0	C	0	3	4	2	1	True	1.0	0	27	27	27	27a	78	1/8	False	5	True				False	62		I	C	I		I		I					M	False	False	(0, 4, 1)	()	0	0	major	major	I	I, major	I		I	I	False	I	I, major		I, major		I	0	0	0	0	0	0	True	True	True
1872	36	84	0	C	0	3	4	1	1	True	1.0	0	27	27	27	27a	78	3/8	False	6	True				False	62		I	C	I		I		I					M	False	False	(0, 4, 1)	()	0	0	major	major	I	I, major	I		I	I	False	I	I, major		I, major		I	0	0	0	0	0	0	True	True	True
1884	6	79	1	G	0	3	4	2	1	True	1.5	0	27	27	27	27a	157/2	1/16	False	5	False				False	62		I	C	I		I		I					M	False	False	(0, 4, 1)	()	0	0	major	major	I	I, major	I		I	I	False	I	I, major		I, major		I	0	0	0	1	1	1	True	False	False
1890	6	81	3	A	0	3	4	2	1	True	1.75	0	27	27	27	27a	315/4	1/16	False	5	False				False	62		I	C	I		I		I					M	False	False	(0, 4, 1)	()	0	0	major	major	I	I, major	I		I	I	False	I	I, major		I, major		I	0	0	0	3	3	3	False	False	False
1896	24	60	0	C	0	3	4	4	1	True	2.0	0	27	27	27	27a	79	1/4	False	4	False				False	62		I	C	I		I		I					M	False	False	(0, 4, 1)	()	0	0	major	major	I	I, major	I		I	I	False	I	I, major		I, major		I	0	0	0	0	0	0	True	True	True
1896	24	64	4	E	0	3	4	3	1	True	2.0	0	27	27	27	27a	79	1/4	False	4	False				False	62		I	C	I		I		I					M	False	False	(0, 4, 1)	()	0	0	major	major	I	I, major	I		I	I	False	I	I, major		I, major		I	0	0	0	4	4	4	True	False	False
1896	6	79	1	G	0	3	4	2	1	True	2.0	0	27	27	27	27a	79	1/16	False	5	False				False	62		I	C	I		I		I					M	False	False	(0, 4, 1)	()	0	0	major	major	I	I, major	I		I	I	False	I	I, major		I, major		I	0	0	0	1	1	1	True	False	False
1902	6	81	3	A	0	3	4	2	1	True	2.25	0	27	27	27	27a	317/4	1/16	False	5	False				False	62		I	C	I		I		I					M	False	False	(0, 4, 1)	()	0	0	major	major	I	I, major	I		I	I	False	I	I, major		I, major		I	0	0	0	3	3	3	False	False	False
1908	6	79	1	G	0	3	4	2	1	True	2.5	0	27	27	27	27a	159/2	1/16	False	5	False				False	62		I	C	I		I		I					M	False	False	(0, 4, 1)	()	0	0	major	major	I	I, major	I		I	I	False	I	I, major		I, major		I	0	0	0	1	1	1	True	False	False
1908	6	86	2	D	0	3	4	1	1	True	2.5	0	27	27	27	27a	159/2	1/16	False	6	False				False	62		I	C	I		I		I					M	False	False	(0, 4, 1)	()	0	0	major	major	I	I, major	I		I	I	False	I	I, major		I, major		I	0	0	0	2	2	2	False	False	False
1914	6	81	3	A	0	3	4	2	1	True	2.75	0	27	27	27	27a	319/4	1/16	False	5	False				False	62		I	C	I		I		I					M	False	False	(0, 4, 1)	()	0	0	major	major	I	I, major	I		I	I	False	I	I, major		I, major		I	0	0	0	3	3	3	False	False	False
1914	6	84	0	C	0	3	4	1	1	True	2.75	0	27	27	27	27a	319/4	1/16	False	6	False				False	62		I	C	I		I		I					M	False	False	(0, 4, 1)	()	0	0	major	major	I	I, major	I		I	I	False	I	I, major		I, major		I	0	0	0	0	0	0	True	True	True
1920	6	62	2	D	0	3	4	4	1	True	3.0	0	27	27	27	27a	80	1/16	False	4	True				False	63		V43	C	I		V43		V		43			Mm7	False	False	(2, -1, 1, 5)	()	1	2	major	major	I	I, major	V		I	I	False	V43	V43, major		V43, major		V	0	0	0	2	2	2	True	False	True
1920	6	65	-1	F	0	3	4	3	1	True	3.0	0	27	27	27	27a	80	1/16	False	4	True				False	63		V43	C	I		V43		V		43			Mm7	False	False	(2, -1, 1, 5)	()	1	2	major	major	I	I, major	V		I	I	False	V43	V43, major		V43, major		V	0	0	0	-1	-1	-1	True	False	False
1920	6	79	1	G	0	3	4	2	1	True	3.0	0	27	27	27	27a	80	1/16	False	5	True				False	63		V43	C	I		V43		V		43			Mm7	False	False	(2, -1, 1, 5)	()	1	2	major	major	I	I, major	V		I	I	False	V43	V43, major		V43, major		V	0	0	0	1	1	1	True	True	False
1920	6	83	5	B	0	3	4	1	1	True	3.0	0	27	27	27	27a	80	1/16	False	5	True				False	63		V43	C	I		V43		V		43			Mm7	False	False	(2, -1, 1, 5)	()	1	2	major	major	I	I, major	V		I	I	False	V43	V43, major		V43, major		V	0	0	0	5	5	5	True	False	False
1926	6	60	0	C	0	3	4	4	1	True	3.25	0	27	27	27	27a	321/4	1/16	False	4	False				False	63		V43	C	I		V43		V		43			Mm7	False	False	(2, -1, 1, 5)	()	1	2	major	major	I	I, major	V		I	I	False	V43	V43, major		V43, major		V	0	0	0	0	0	0	False	False	False
1926	6	64	4	E	0	3	4	3	1	True	3.25	0	27	27	27	27a	321/4	1/16	False	4	False				False	63		V43	C	I		V43		V		43			Mm7	False	False	(2, -1, 1, 5)	()	1	2	major	major	I	I, major	V		I	I	False	V43	V43, major		V43, major		V	0	0	0	4	4	4	False	False	False
1926	6	81	3	A	0	3	4	2	1	True	3.25	0	27	27	27	27a	321/4	1/16	False	5	False				False	63		V43	C	I		V43		V		43			Mm7	False	False	(2, -1, 1, 5)	()	1	2	major	major	I	I, major	V		I	I	False	V43	V43, major		V43, major		V	0	0	0	3	3	3	False	False	False
1926	6	84	0	C	0	3	4	1	1	True	3.25	0	27	27	27	27a	321/4	1/16	False	6	False				False	63		V43	C	I		V43		V		43			Mm7	False	False	(2, -1, 1, 5)	()	1	2	major	major	I	I, major	V		I	I	False	V43	V43, major		V43, major		V	0	0	0	0	0	0	False	False	False
1932	6	59	5	B	0	3	4	4	1	True	3.5	0	27	27	27	27a	161/2	1/16	False	3	False				False	63		V43	C	I		V43		V		43			Mm7	False	False	(2, -1, 1, 5)	()	1	2	major	major	I	I, major	V		I	I	False	V43	V43, major		V43, major		V	0	0	0	5	5	5	True	False	False
1932	6	62	2	D	0	3	4	3	1	True	3.5	0	27	27	27	27a	161/2	1/16	False	4	False				False	63		V43	C	I		V43		V		43			Mm7	False	False	(2, -1, 1, 5)	()	1	2	major	major	I	I, major	V		I	I	False	V43	V43, major		V43, major		V	0	0	0	2	2	2	True	False	True
1932	6	83	5	B	0	3	4	2	1	True	3.5	0	27	27	27	27a	161/2	1/16	False	5	False				False	63		V43	C	I		V43		V		43			Mm7	False	False	(2, -1, 1, 5)	()	1	2	major	major	I	I, major	V		I	I	False	V43	V43, major		V43, major		V	0	0	0	5	5	5	True	False	False
1932	6	86	2	D	0	3	4	1	1	True	3.5	0	27	27	27	27a	161/2	1/16	False	6	False				False	63		V43	C	I		V43		V		43			Mm7	False	False	(2, -1, 1, 5)	()	1	2	major	major	I	I, major	V		I	I	False	V43	V43, major		V43, major		V	0	0	0	2	2	2	True	False	True
1938	6	57	3	A	0	3	4	4	1	True	3.75	0	27	27	27	27a	323/4	1/16	False	3	False				False	63		V43	C	I		V43		V		43			Mm7	False	False	(2, -1, 1, 5)	()	1	2	major	major	I	I, major	V		I	I	False	V43	V43, major		V43, major		V	0	0	0	3	3	3	False	False	False
1938	6	60	0	C	0	3	4	3	1	True	3.75	0	27	27	27	27a	323/4	1/16	False	4	False				False	63		V43	C	I		V43		V		43			Mm7	False	False	(2, -1, 1, 5)	()	1	2	major	major	I	I, major	V		I	I	False	V43	V43, major		V43, major		V	0	0	0	0	0	0	False	False	False
1938	6	84	0	C	0	3	4	2	1	True	3.75	0	27	27	27	27a	323/4	1/16	False	6	False				False	63		V43	C	I		V43		V		43			Mm7	False	False	(2, -1, 1, 5)	()	1	2	major	major	I	I, major	V		I	I	False	V43	V43, major		V43, major		V	0	0	0	0	0	0	False	False	False
1938	6	88	4	E	0	3	4	1	1	True	3.75	0	27	27	27	27a	323/4	1/16	False	6	False				False	63		V43	C	I		V43		V		43			Mm7	False	False	(2, -1, 1, 5)	()	1	2	major	major	I	I, major	V		I	I	False	V43	V43, major		V43, major		V	0	0	0	4	4	4	False	False	False
1944	24	55	1	G	0	3	4	4	1	True	1.0	0	28	28	28	28a	81	1/4	False	3	True				False	64		V7	C	I		V7		V		7			Mm7	False	False	(1, 5, 2, -1)	()	1	1	major	major	I	I, major	V		I	I	False	V7	V7, major		V7, major		V	0	0	0	1	1	1	True	True	True
1944	24	59	5	B	0	3	4	3	1	True	1.0	0	28	28	28	28a	81	1/4	False	3	True				False	64		V7	C	I		V7		V		7			Mm7	False	False	(1, 5, 2, -1)	()	1	1	major	major	I	I, major	V		I	I	False	V7	V7, major		V7, major		V	0	0	0	5	5	5	True	False	False
1944	24	86	2	D	0	3	4	2	1	True	1.0	0	28	28	28	28a	81	1/4	False	6	True				False	64		V7	C	I		V7		V		7			Mm7	False	False	(1, 5, 2, -1)	()	1	1	major	major	I	I, major	V		I	I	False	V7	V7, major		V7, major		V	0	0	0	2	2	2	True	False	False
1944	24	89	-1	F	0	3	4	1	1	True	1.0	0	28	28	28	28a	81	1/4	False	6	True				False	64		V7	C	I		V7		V		7			Mm7	False	False	(1, 5, 2, -1)	()	1	1	major	major	I	I, major	V		I	I	False	V7	V7, major		V7, major		V	0	0	0	-1	-1	-1	True	False	False
1968	24	56	8	G	1	3	4	4	1	True	2.0	0	28	28	28	28a	82	1/4	False	3	True				False	65		#viio7/vi	C	I		#viio7/vi		#vii	o	7		vi	o7	False	False	(8, 5, 2, -1)	()	8	8	major	major	I	I, major	#vii/vi	vi	vi/I	vi	True	#viio7/vi	#viio7/vi, major		#viio7/vi, major	vi	vi	0	0	3	8	8	5	True	True	True
1968	24	59	5	B	0	3	4	3	1	True	2.0	0	28	28	28	28a	82	1/4	False	3	True				False	65		#viio7/vi	C	I		#viio7/vi		#vii	o	7		vi	o7	False	False	(8, 5, 2, -1)	()	8	8	major	major	I	I, major	#vii/vi	vi	vi/I	vi	True	#viio7/vi	#viio7/vi, major		#viio7/vi, major	vi	vi	0	0	3	5	5	2	True	False	False
1968	24	74	2	D	0	3	4	2	1	True	2.0	0	28	28	28	28a	82	1/4	False	5	True				False	65		#viio7/vi	C	I		#viio7/vi		#vii	o	7		vi	o7	False	False	(8, 5, 2, -1)	()	8	8	major	major	I	I, major	#vii/vi	vi	vi/I	vi	True	#viio7/vi	#viio7/vi, major		#viio7/vi, major	vi	vi	0	0	3	2	2	-1	True	False	False
1968	24	77	-1	F	0	3	4	1	1	True	2.0	0	28	28	28	28a	82	1/4	False	5	True				False	65		#viio7/vi	C	I		#viio7/vi		#vii	o	7		vi	o7	False	False	(8, 5, 2, -1)	()	8	8	major	major	I	I, major	#vii/vi	vi	vi/I	vi	True	#viio7/vi	#viio7/vi, major		#viio7/vi, major	vi	vi	0	0	3	-1	-1	-4	True	False	False
1992	24	57	3	A	0	3	4	4	1	True	3.0	0	28	28	28	28a	83	1/4	False	3	True				False	66		vi	C	I		vi		vi					m	False	False	(3, 0, 4)	()	3	3	major	major	I	I, major	vi		I	I	False	vi	vi, major		vi, major		vi	0	0	0	3	3	3	True	True	True
1992	24	60	0	C	0	3	4	3	1	True	3.0	0	28	28	28	28a	83	1/4	False	4	True				False	66		vi	C	I		vi		vi					m	False	False	(3, 0, 4)	()	3	3	major	major	I	I, major	vi		I	I	False	vi	vi, major		vi, major		vi	0	0	0	0	0	0	True	False	False
1992	24	72	0	C	0	3	4	2	1	True	3.0	0	28	28	28	28a	83	1/4	False	5	True				False	66		vi	C	I		vi		vi					m	False	False	(3, 0, 4)	()	3	3	major	major	I	I, major	vi		I	I	False	vi	vi, major		vi, major		vi	0	0	0	0	0	0	True	False	False
1992	24	76	4	E	0	3	4	1	1	True	3.0	0	28	28	28	28a	83	1/4	False	5	True				False	66		vi	C	I		vi		vi					m	False	False	(3, 0, 4)	()	3	3	major	major	I	I, major	vi		I	I	False	vi	vi, major		vi, major		vi	0	0	0	4	4	4	True	False	False
2016	24	53	-1	F	0	3	4	4	1	True	1.0	0	29	29	29	29a	84	1/4	False	3	True				False	67		ii65	C	I		ii65		ii		65			mm7	False	False	(-1, 3, 0, 2)	()	2	-1	major	major	I	I, major	ii		I	I	False	ii65	ii65, major		ii65, major		ii	0	0	0	-1	-1	-1	True	False	True
2016	12	60	0	C	0	3	4	3	1	True	1.0	0	29	29	29	29a	84	1/8	False	4	True				False	67		ii65	C	I		ii65		ii		65			mm7	False	False	(-1, 3, 0, 2)	()	2	-1	major	major	I	I, major	ii		I	I	False	ii65	ii65, major		ii65, major		ii	0	0	0	0	0	0	True	False	False
2016	36	72	0	C	0	3	4	2	1	True	1.0	0	29	29	29	29a	84	3/8	False	5	True				False	67		ii65	C	I		ii65		ii		65			mm7	False	False	(-1, 3, 0, 2)	()	2	-1	major	major	I	I, major	ii		I	I	False	ii65	ii65, major		ii65, major		ii	0	0	0	0	0	0	True	False	False
2016	36	74	2	D	0	3	4	1	1	True	1.0	0	29	29	29	29a	84	3/8	False	5	True				False	67		ii65	C	I		ii65		ii		65			mm7	False	False	(-1, 3, 0, 2)	()	2	-1	major	major	I	I, major	ii		I	I	False	ii65	ii65, major		ii65, major		ii	0	0	0	2	2	2	True	True	False
2028	12	57	3	A	0	3	4	3	1	True	1.5	0	29	29	29	29a	169/2	1/8	False	3	False				False	67		ii65	C	I		ii65		ii		65			mm7	False	False	(-1, 3, 0, 2)	()	2	-1	major	major	I	I, major	ii		I	I	False	ii65	ii65, major		ii65, major		ii	0	0	0	3	3	3	True	False	False
2040	24	54	6	F	1	3	4	4	1	True	2.0	0	29	29	29	29a	85	1/4	False	3	True				False	68		V65/V	C	I		V65/V		V		65		V	Mm7	False	False	(6, 3, 0, 2)	()	2	6	major	major	I	I, major	V/V	V	V/I	V	False	V65/V	V65/V, major		V65/V, major	V	V	0	0	1	6	6	5	True	False	True
2040	12	62	2	D	0	3	4	3	1	True	2.0	0	29	29	29	29a	85	1/8	False	4	True				False	68		V65/V	C	I		V65/V		V		65		V	Mm7	False	False	(6, 3, 0, 2)	()	2	6	major	major	I	I, major	V/V	V	V/I	V	False	V65/V	V65/V, major		V65/V, major	V	V	0	0	1	2	2	1	True	True	False
2052	12	57	3	A	0	3	4	3	1	True	2.5	0	29	29	29	29a	171/2	1/8	False	3	False				False	68		V65/V	C	I		V65/V		V		65		V	Mm7	False	False	(6, 3, 0, 2)	()	2	6	major	major	I	I, major	V/V	V	V/I	V	False	V65/V	V65/V, major		V65/V, major	V	V	0	0	1	3	3	2	True	False	False
2052	12	72	0	C	0	3	4	2	1	True	2.5	0	29	29	29	29a	171/2	1/8	False	5	False				False	68		V65/V	C	I		V65/V		V		65		V	Mm7	False	False	(6, 3, 0, 2)	()	2	6	major	major	I	I, major	V/V	V	V/I	V	False	V65/V	V65/V, major		V65/V, major	V	V	0	0	1	0	0	-1	True	False	False
2052	12	81	3	A	0	3	4	1	1	True	2.5	0	29	29	29	29a	171/2	1/8	False	5	False				False	68		V65/V	C	I		V65/V		V		65		V	Mm7	False	False	(6, 3, 0, 2)	()	2	6	major	major	I	I, major	V/V	V	V/I	V	False	V65/V	V65/V, major		V65/V, major	V	V	0	0	1	3	3	2	True	False	False
2064	24	55	1	G	0	3	4	4	1	True	3.0	0	29	29	29	29a	86	1/4	False	3	True				False	69		V7	C	I		V7		V		7			Mm7	False	False	(1, 5, 2, -1)	()	1	1	major	major	I	I, major	V		I	I	False	V7	V7, major		V7, major		V	0	0	0	1	1	1	True	True	True
2064	12	59	5	B	0	3	4	3	1	True	3.0	0	29	29	29	29a	86	1/8	False	3	True				False	69		V7	C	I		V7		V		7			Mm7	False	False	(1, 5, 2, -1)	()	1	1	major	major	I	I, major	V		I	I	False	V7	V7, major		V7, major		V	0	0	0	5	5	5	True	False	False
2064	12	71	5	B	0	3	4	2	1	True	3.0	0	29	29	29	29a	86	1/8	False	4	True				False	69		V7	C	I		V7		V		7			Mm7	False	False	(1, 5, 2, -1)	()	1	1	major	major	I	I, major	V		I	I	False	V7	V7, major		V7, major		V	0	0	0	5	5	5	True	False	False
2064	12	79	1	G	0	3	4	1	1	True	3.0	0	29	29	29	29a	86	1/8	False	5	True				False	69		V7	C	I		V7		V		7			Mm7	False	False	(1, 5, 2, -1)	()	1	1	major	major	I	I, major	V		I	I	False	V7	V7, major		V7, major		V	0	0	0	1	1	1	True	True	True
2076	12	62	2	D	0	3	4	3	1	True	3.5	0	29	29	29	29a	173/2	1/8	False	4	False				False	69		V7	C	I		V7		V		7			Mm7	False	False	(1, 5, 2, -1)	()	1	1	major	major	I	I, major	V		I	I	False	V7	V7, major		V7, major		V	0	0	0	2	2	2	True	False	False
2076	12	71	5	B	0	3	4	2	1	True	3.5	0	29	29	29	29a	173/2	1/8	False	4	False				False	69		V7	C	I		V7		V		7			Mm7	False	False	(1, 5, 2, -1)	()	1	1	major	major	I	I, major	V		I	I	False	V7	V7, major		V7, major		V	0	0	0	5	5	5	True	False	False
2076	12	77	-1	F	0	3	4	1	1	True	3.5	0	29	29	29	29a	173/2	1/8	False	5	False				False	69		V7	C	I		V7		V		7			Mm7	False	False	(1, 5, 2, -1)	()	1	1	major	major	I	I, major	V		I	I	False	V7	V7, major		V7, major		V	0	0	0	-1	-1	-1	True	False	False
2088	24	56	8	G	1	3	4	4	1	True	1.0	0	30	30	30	30a	87	1/4	False	3	True				False	70		V65/vi	C	I		V65/vi		V		65		vi	Mm7	False	False	(8, 5, 2, 4)	()	4	8	major	major	I	I, major	V/vi	vi	vi/I	vi	True	V65/vi	V65/vi, major		V65/vi, major	vi	vi	0	0	3	8	8	5	True	False	True
2088	12	64	4	E	0	3	4	3	1	True	1.0	0	30	30	30	30a	87	1/8	False	4	True				False	70		V65/vi	C	I		V65/vi		V		65		vi	Mm7	False	False	(8, 5, 2, 4)	()	4	8	major	major	I	I, major	V/vi	vi	vi/I	vi	True	V65/vi	V65/vi, major		V65/vi, major	vi	vi	0	0	3	4	4	1	True	True	False
2088	12	71	5	B	0	3	4	2	1	True	1.0	0	30	30	30	30a	87	1/8	False	4	True				False	70		V65/vi	C	I		V65/vi		V		65		vi	Mm7	False	False	(8, 5, 2, 4)	()	4	8	major	major	I	I, major	V/vi	vi	vi/I	vi	True	V65/vi	V65/vi, major		V65/vi, major	vi	vi	0	0	3	5	5	2	True	False	False
2088	36	76	4	E	0	3	4	1	1	True	1.0	0	30	30	30	30a	87	3/8	False	5	True				False	70		V65/vi	C	I		V65/vi		V		65		vi	Mm7	False	False	(8, 5, 2, 4)	()	4	8	major	major	I	I, major	V/vi	vi	vi/I	vi	True	V65/vi	V65/vi, major		V65/vi, major	vi	vi	0	0	3	4	4	1	True	True	False
2100	12	59	5	B	0	3	4	3	1	True	1.5	0	30	30	30	30a	175/2	1/8	False	3	False				False	70		V65/vi	C	I		V65/vi		V		65		vi	Mm7	False	False	(8, 5, 2, 4)	()	4	8	major	major	I	I, major	V/vi	vi	vi/I	vi	True	V65/vi	V65/vi, major		V65/vi, major	vi	vi	0	0	3	5	5	2	True	False	False
2100	12	74	2	D	0	3	4	2	1	True	1.5	0	30	30	30	30a	175/2	1/8	False	5	False				False	70		V65/vi	C	I		V65/vi		V		65		vi	Mm7	False	False	(8, 5, 2, 4)	()	4	8	major	major	I	I, major	V/vi	vi	vi/I	vi	True	V65/vi	V65/vi, major		V65/vi, major	vi	vi	0	0	3	2	2	-1	True	False	False
2112	48	57	3	A	0	3	4	4	1	True	2.0	0	30	30	30	30a	88	1/2	False	3	True				False	71		vi	C	I		vi		vi					m	False	False	(3, 0, 4)	()	3	3	major	major	I	I, major	vi		I	I	False	vi	vi, major		vi, major		vi	0	0	0	3	3	3	True	True	True
2112	12	64	4	E	0	3	4	3	1	True	2.0	0	30	30	30	30a	88	1/8	False	4	True				False	71		vi	C	I		vi		vi					m	False	False	(3, 0, 4)	()	3	3	major	major	I	I, major	vi		I	I	False	vi	vi, major		vi, major		vi	0	0	0	4	4	4	True	False	False
2112	36	72	0	C	0	3	4	2	1	True	2.0	0	30	30	30	30a	88	3/8	False	5	True				False	71		vi	C	I		vi		vi					m	False	False	(3, 0, 4)	()	3	3	major	major	I	I, major	vi		I	I	False	vi	vi, major		vi, major		vi	0	0	0	0	0	0	True	False	False
2124	12	60	0	C	0	3	4	3	1	True	2.5	0	30	30	30	30a	177/2	1/8	False	4	False				False	71		vi	C	I		vi		vi					m	False	False	(3, 0, 4)	()	3	3	major	major	I	I, major	vi		I	I	False	vi	vi, major		vi, major		vi	0	0	0	0	0	0	True	False	False
2124	12	84	0	C	0	3	4	1	1	True	2.5	0	30	30	30	30a	177/2	1/8	False	6	False				False	71		vi	C	I		vi		vi					m	False	False	(3, 0, 4)	()	3	3	major	major	I	I, major	vi		I	I	False	vi	vi, major		vi, major		vi	0	0	0	0	0	0	True	False	False
2136	12	64	4	E	0	3	4	3	1	True	3.0	0	30	30	30	30a	89	1/8	False	4	False				False	71		vi	C	I		vi		vi					m	False	False	(3, 0, 4)	()	3	3	major	major	I	I, major	vi		I	I	False	vi	vi, major		vi, major		vi	0	0	0	4	4	4	True	False	False
2136	12	83	5	B	0	3	4	1	1	True	3.0	0	30	30	30	30a	89	1/8	False	5	False				False	71		vi	C	I		vi		vi					m	False	False	(3, 0, 4)	()	3	3	major	major	I	I, major	vi		I	I	False	vi	vi, major		vi, major		vi	0	0	0	5	5	5	False	False	False
2148	12	65	-1	F	0	3	4	3	1	True	3.5	0	30	30	30	30a	179/2	1/8	False	4	True				False	72		IV6	C	I		IV6		IV		6			M	False	False	(3, 0, -1)	()	-1	3	major	major	I	I, major	IV		I	I	False	IV6	IV6, major		IV6, major		IV	0	0	0	-1	-1	-1	True	True	False
2148	12	72	0	C	0	3	4	2	1	True	3.5	0	30	30	30	30a	179/2	1/8	False	5	True				False	72		IV6	C	I		IV6		IV		6			M	False	False	(3, 0, -1)	()	-1	3	major	major	I	I, major	IV		I	I	False	IV6	IV6, major		IV6, major		IV	0	0	0	0	0	0	True	False	False
2148	12	81	3	A	0	3	4	1	1	True	3.5	0	30	30	30	30a	179/2	1/8	False	5	True				False	72		IV6	C	I		IV6		IV		6			M	False	False	(3, 0, -1)	()	-1	3	major	major	I	I, major	IV		I	I	False	IV6	IV6, major		IV6, major		IV	0	0	0	3	3	3	True	False	True
2160	36	59	5	B	0	3	4	4	1	True	1.0	0	31	31	31	31a	90	3/8	False	3	True				False	73		V65	C	I		V65		V		65			Mm7	False	False	(5, 2, -1, 1)	()	1	5	major	major	I	I, major	V		I	I	False	V65	V65, major		V65, major		V	0	0	0	5	5	5	True	False	True
2160	12	65	-1	F	0	3	4	3	1	False	1.0	0	31	31	31	31a	90	1/8	False	4	True				False	73		V65	C	I		V65		V		65			Mm7	False	False	(5, 2, -1, 1)	()	1	5	major	major	I	I, major	V		I	I	False	V65	V65, major		V65, major		V	0	0	0	-1	-1	-1	True	False	False
2160	12	74	2	D	0	3	4	2	1	True	1.0	0	31	31	31	31a	90	1/8	False	5	True				False	73		V65	C	I		V65		V		65			Mm7	False	False	(5, 2, -1, 1)	()	1	5	major	major	I	I, major	V		I	I	False	V65	V65, major		V65, major		V	0	0	0	2	2	2	True	False	False
2160	36	79	1	G	0	3	4	1	1	True	1.0	0	31	31	31	31a	90	3/8	False	5	True				False	73		V65	C	I		V65		V		65			Mm7	False	False	(5, 2, -1, 1)	()	1	5	major	major	I	I, major	V		I	I	False	V65	V65, major		V65, major		V	0	0	0	1	1	1	True	True	False
2172	12	62	2	D	0	3	4	3	1	True	1.5	0	31	31	31	31a	181/2	1/8	False	4	False				False	73		V65	C	I		V65		V		65			Mm7	False	False	(5, 2, -1, 1)	()	1	5	major	major	I	I, major	V		I	I	False	V65	V65, major		V65, major		V	0	0	0	2	2	2	True	False	False
2172	24	77	-1	F	0	3	4	2	1	True	1.5	0	31	31	31	31a	181/2	1/4	False	5	False				False	73		V65	C	I		V65		V		65			Mm7	False	False	(5, 2, -1, 1)	()	1	5	major	major	I	I, major	V		I	I	False	V65	V65, major		V65, major		V	0	0	0	-1	-1	-1	True	False	False
2184	12	67	1	G	0	3	4	3	1	True	2.0	0	31	31	31	31a	91	1/8	False	4	False				False	73		V65	C	I		V65		V		65			Mm7	False	False	(5, 2, -1, 1)	()	1	5	major	major	I	I, major	V		I	I	False	V65	V65, major		V65, major		V	0	0	0	1	1	1	True	True	False
2196	12	59	5	B	0	3	4	4	1	True	2.5	0	31	31	31	31a	183/2	1/8	False	3	False				False	73		V65	C	I		V65		V		65			Mm7	False	False	(5, 2, -1, 1)	()	1	5	major	major	I	I, major	V		I	I	False	V65	V65, major		V65, major		V	0	0	0	5	5	5	True	False	True
2196	12	62	2	D	0	3	4	3	1	True	2.5	0	31	31	31	31a	183/2	1/8	False	4	False				False	73		V65	C	I		V65		V		65			Mm7	False	False	(5, 2, -1, 1)	()	1	5	major	major	I	I, major	V		I	I	False	V65	V65, major		V65, major		V	0	0	0	2	2	2	True	False	False
2196	12	77	-1	F	0	3	4	2	1	True	2.5	0	31	31	31	31a	183/2	1/8	False	5	False				False	73		V65	C	I		V65		V		65			Mm7	False	False	(5, 2, -1, 1)	()	1	5	major	major	I	I, major	V		I	I	False	V65	V65, major		V65, major		V	0	0	0	-1	-1	-1	True	False	False
2196	12	89	-1	F	0	3	4	1	1	True	2.5	0	31	31	31	31a	183/2	1/8	False	6	False				False	73		V65	C	I		V65		V		65			Mm7	False	False	(5, 2, -1, 1)	()	1	5	major	major	I	I, major	V		I	I	False	V65	V65, major		V65, major		V	0	0	0	-1	-1	-1	True	False	False
2208	12	60	0	C	0	3	4	4	1	True	3.0	0	31	31	31	31a	92	1/8	False	4	True				False	74		I	C	I		I		I					M	False	False	(0, 4, 1)	()	0	0	major	major	I	I, major	I		I	I	False	I	I, major		I, major		I	0	0	0	0	0	0	True	True	True
2208	12	64	4	E	0	3	4	3	1	True	3.0	0	31	31	31	31a	92	1/8	False	4	True				False	74		I	C	I		I		I					M	False	False	(0, 4, 1)	()	0	0	major	major	I	I, major	I		I	I	False	I	I, major		I, major		I	0	0	0	4	4	4	True	False	False
2208	12	76	4	E	0	3	4	2	1	True	3.0	0	31	31	31	31a	92	1/8	False	5	True				False	74		I	C	I		I		I					M	False	False	(0, 4, 1)	()	0	0	major	major	I	I, major	I		I	I	False	I	I, major		I, major		I	0	0	0	4	4	4	True	False	False
2208	12	88	4	E	0	3	4	1	1	True	3.0	0	31	31	31	31a	92	1/8	False	6	True				False	74		I	C	I		I		I					M	False	False	(0, 4, 1)	()	0	0	major	major	I	I, major	I		I	I	False	I	I, major		I, major		I	0	0	0	4	4	4	True	False	False
2220	12	60	0	C	0	3	4	4	1	True	3.5	0	31	31	31	31a	185/2	1/8	False	4	False				False	74		I	C	I		I		I					M	False	False	(0, 4, 1)	()	0	0	major	major	I	I, major	I		I	I	False	I	I, major		I, major		I	0	0	0	0	0	0	True	True	True
2220	12	64	4	E	0	3	4	3	1	True	3.5	0	31	31	31	31a	185/2	1/8	False	4	False				False	74		I	C	I		I		I					M	False	False	(0, 4, 1)	()	0	0	major	major	I	I, major	I		I	I	False	I	I, major		I, major		I	0	0	0	4	4	4	True	False	False
2220	12	79	1	G	0	3	4	2	1	True	3.5	0	31	31	31	31a	185/2	1/8	False	5	False				False	74		I	C	I		I		I					M	False	False	(0, 4, 1)	()	0	0	major	major	I	I, major	I		I	I	False	I	I, major		I, major		I	0	0	0	1	1	1	True	False	False
2220	12	84	0	C	0	3	4	1	1	True	3.5	0	31	31	31	31a	185/2	1/8	False	6	False				False	74		I	C	I		I		I					M	False	False	(0, 4, 1)	()	0	0	major	major	I	I, major	I		I	I	False	I	I, major		I, major		I	0	0	0	0	0	0	True	True	True
2232	12	60	0	C	0	3	4	4	1	False	1.0	0	32	32	32	32a	93	1/8	False	4	True				False	75		IV64(94)	C	I		IV64(94)		IV		64	94		M	False	False	(0, -1, 5)	(1,)	-1	0	major	major	I	I, major	IV		I	I	False	IV64	IV64, major		IV64(94), major		IV	0	0	0	0	0	0	True	False	True
2232	12	65	-1	F	0	3	4	3	1	True	1.0	0	32	32	32	32a	93	1/8	False	4	True				False	75		IV64(94)	C	I		IV64(94)		IV		64	94		M	False	False	(0, -1, 5)	(1,)	-1	0	major	major	I	I, major	IV		I	I	False	IV64	IV64, major		IV64(94), major		IV	0	0	0	-1	-1	-1	True	True	False
2232	12	79	1	G	0	3	4	2	1	False	1.0	0	32	32	32	32a	93	1/8	False	5	True				False	75		IV64(94)	C	I		IV64(94)		IV		64	94		M	False	False	(0, -1, 5)	(1,)	-1	0	major	major	I	I, major	IV		I	I	False	IV64	IV64, major		IV64(94), major		IV	0	0	0	1	1	1	False	False	False
2232	12	83	5	B	0	3	4	1	1	True	1.0	0	32	32	32	32a	93	1/8	False	5	True				False	75		IV64(94)	C	I		IV64(94)		IV		64	94		M	False	False	(0, -1, 5)	(1,)	-1	0	major	major	I	I, major	IV		I	I	False	IV64	IV64, major		IV64(94), major		IV	0	0	0	5	5	5	True	False	False
2244	12	53	-1	F	0	3	4	4	1	True	1.5	0	32	32	32	32a	187/2	1/8	False	3	True				False	76		IV	C	I		IV		IV					M	False	False	(-1, 3, 0)	()	-1	-1	major	major	I	I, major	IV		I	I	False	IV	IV, major		IV, major		IV	0	0	0	-1	-1	-1	True	True	True
2244	6	60	0	C	0	3	4	3	1	True	1.5	0	32	32	32	32a	187/2	1/16	False	4	True				False	76		IV	C	I		IV		IV					M	False	False	(-1, 3, 0)	()	-1	-1	major	major	I	I, major	IV		I	I	False	IV	IV, major		IV, major		IV	0	0	0	0	0	0	True	False	False
2244	12	77	-1	F	0	3	4	2	1	True	1.5	0	32	32	32	32a	187/2	1/8	False	5	True				False	76		IV	C	I		IV		IV					M	False	False	(-1, 3, 0)	()	-1	-1	major	major	I	I, major	IV		I	I	False	IV	IV, major		IV, major		IV	0	0	0	-1	-1	-1	True	True	True
2244	12	81	3	A	0	3	4	1	1	True	1.5	0	32	32	32	32a	187/2	1/8	False	5	True				False	76		IV	C	I		IV		IV					M	False	False	(-1, 3, 0)	()	-1	-1	major	major	I	I, major	IV		I	I	False	IV	IV, major		IV, major		IV	0	0	0	3	3	3	True	False	False
2250	6	62	2	D	0	3	4	3	1	True	1.75	0	32	32	32	32a	375/4	1/16	False	4	False				False	76		IV	C	I		IV		IV					M	False	False	(-1, 3, 0)	()	-1	-1	major	major	I	I, major	IV		I	I	False	IV	IV, major		IV, major		IV	0	0	0	2	2	2	False	False	False
2256	12	55	1	G	0	3	4	4	1	True	2.0	0	32	32	32	32a	94	1/8	False	3	True				False	77		V(64)	C	I		V(64)		V			64		M	False	False	(1, 0, 4)	()	1	1	major	major	I	I, major	V		I	I	False	V	V, major		V(64), major		V	0	0	0	1	1	1	True	True	True
2256	12	64	4	E	0	3	4	3	1	True	2.0	0	32	32	32	32a	94	1/8	False	4	True				False	77		V(64)	C	I		V(64)		V			64		M	False	False	(1, 0, 4)	()	1	1	major	major	I	I, major	V		I	I	False	V	V, major		V(64), major		V	0	0	0	4	4	4	True	False	False
2256	12	76	4	E	0	3	4	2	1	True	2.0	0	32	32	32	32a	94	1/8	False	5	True				False	77		V(64)	C	I		V(64)		V			64		M	False	False	(1, 0, 4)	()	1	1	major	major	I	I, major	V		I	I	False	V	V, major		V(64), major		V	0	0	0	4	4	4	True	False	False
2256	12	79	1	G	0	3	4	1	1	True	2.0	0	32	32	32	32a	94	1/8	False	5	True				False	77		V(64)	C	I		V(64)		V			64		M	False	False	(1, 0, 4)	()	1	1	major	major	I	I, major	V		I	I	False	V	V, major		V(64), major		V	0	0	0	1	1	1	True	True	True
2268	24	67	1	G	0	3	4	3	1	True	2.5	0	32	32	32	32a	189/2	1/4	False	4	False				False	77		V(64)	C	I		V(64)		V			64		M	False	False	(1, 0, 4)	()	1	1	major	major	I	I, major	V		I	I	False	V	V, major		V(64), major		V	0	0	0	1	1	1	True	True	True
2268	24	67	1	G	0	3	4	4	1	True	2.5	0	32	32	32	32a	189/2	1/4	False	4	False				False	77		V(64)	C	I		V(64)		V			64		M	False	False	(1, 0, 4)	()	1	1	major	major	I	I, major	V		I	I	False	V	V, major		V(64), major		V	0	0	0	1	1	1	True	True	True
2268	12	72	0	C	0	3	4	2	1	True	2.5	0	32	32	32	32a	189/2	1/8	False	5	False				False	77		V(64)	C	I		V(64)		V			64		M	False	False	(1, 0, 4)	()	1	1	major	major	I	I, major	V		I	I	False	V	V, major		V(64), major		V	0	0	0	0	0	0	True	False	False
2268	12	76	4	E	0	3	4	1	1	True	2.5	0	32	32	32	32a	189/2	1/8	False	5	False				False	77		V(64)	C	I		V(64)		V			64		M	False	False	(1, 0, 4)	()	1	1	major	major	I	I, major	V		I	I	False	V	V, major		V(64), major		V	0	0	0	4	4	4	True	False	False
2280	12	74	2	D	0	3	4	2	1	True	3.0	0	32	32	32	32a	95	1/8	False	5	True				False	78		V7	C	I		V7		V		7			Mm7	False	False	(1, 5, 2, -1)	()	1	1	major	major	I	I, major	V		I	I	False	V7	V7, major		V7, major		V	0	0	0	2	2	2	True	False	False
2280	12	77	-1	F	0	3	4	1	1	True	3.0	0	32	32	32	32a	95	1/8	False	5	True				False	78		V7	C	I		V7		V		7			Mm7	False	False	(1, 5, 2, -1)	()	1	1	major	major	I	I, major	V		I	I	False	V7	V7, major		V7, major		V	0	0	0	-1	-1	-1	True	False	False
2292	12	65	-1	F	0	3	4	4	1	True	3.5	0	32	32	32	32a	191/2	1/8	False	4	True				False	79		V2	C	I		V2		V		2			Mm7	False	False	(-1, 1, 5, 2)	()	1	-1	major	major	I	I, major	V		I	I	False	V2	V2, major		V2, major		V	0	0	0	-1	-1	-1	True	False	True
2292	12	67	1	G	0	3	4	3	1	True	3.5	0	32	32	32	32a	191/2	1/8	False	4	True				False	79		V2	C	I		V2		V		2			Mm7	False	False	(-1, 1, 5, 2)	()	1	-1	major	major	I	I, major	V		I	I	False	V2	V2, major		V2, major		V	0	0	0	1	1	1	True	True	False
2292	12	71	5	B	0	3	4	2	1	True	3.5	0	32	32	32	32a	191/2	1/8	False	4	True				False	79		V2	C	I		V2		V		2			Mm7	False	False	(-1, 1, 5, 2)	()	1	-1	major	major	I	I, major	V		I	I	False	V2	V2, major		V2, major		V	0	0	0	5	5	5	True	False	False
2292	12	74	2	D	0	3	4	1	1	True	3.5	0	32	32	32	32a	191/2	1/8	False	5	True				False	79		V2	C	I		V2		V		2			Mm7	False	False	(-1, 1, 5, 2)	()	1	-1	major	major	I	I, major	V		I	I	False	V2	V2, major		V2, major		V	0	0	0	2	2	2	True	False	False
2304	24	64	4	E	0	3	4	4	1	True	1.0	0	33	33	33	33a	96	1/4	False	4	True				False	80		I6	C	I		I6		I		6			M	False	False	(4, 1, 0)	()	0	4	major	major	I	I, major	I		I	I	False	I6	I6, major		I6, major		I	0	0	0	4	4	4	True	False	True
2304	24	67	1	G	0	3	4	3	1	True	1.0	0	33	33	33	33a	96	1/4	False	4	True				False	80		I6	C	I		I6		I		6			M	False	False	(4, 1, 0)	()	0	4	major	major	I	I, major	I		I	I	False	I6	I6, major		I6, major		I	0	0	0	1	1	1	True	False	False
2304	24	72	0	C	0	3	4	2	1	True	1.0	0	33	33	33	33a	96	1/4	False	5	True				False	80		I6	C	I		I6		I		6			M	False	False	(4, 1, 0)	()	0	4	major	major	I	I, major	I		I	I	False	I6	I6, major		I6, major		I	0	0	0	0	0	0	True	True	False
2304	72	79	1	G	0	3	4	1	1	True	1.0	0	33	33	33	33a	96	3/4	False	5	True				False	80		I6	C	I		I6		I		6			M	False	False	(4, 1, 0)	()	0	4	major	major	I	I, major	I		I	I	False	I6	I6, major		I6, major		I	0	0	0	1	1	1	True	False	False
2328	6	65	-1	F	0	3	4	4	1	True	2.0	0	33	33	33	33a	97	1/16	False	4	True				False	81		V2	C	I		V2		V		2			Mm7	False	False	(-1, 1, 5, 2)	()	1	-1	major	major	I	I, major	V		I	I	False	V2	V2, major		V2, major		V	0	0	0	-1	-1	-1	True	False	True
2328	6	67	1	G	0	3	4	3	1	True	2.0	0	33	33	33	33a	97	1/16	False	4	True				False	81		V2	C	I		V2		V		2			Mm7	False	False	(-1, 1, 5, 2)	()	1	-1	major	major	I	I, major	V		I	I	False	V2	V2, major		V2, major		V	0	0	0	1	1	1	True	True	False
2328	6	71	5	B	0	3	4	2	1	True	2.0	0	33	33	33	33a	97	1/16	False	4	True				False	81		V2	C	I		V2		V		2			Mm7	False	False	(-1, 1, 5, 2)	()	1	-1	major	major	I	I, major	V		I	I	False	V2	V2, major		V2, major		V	0	0	0	5	5	5	True	False	False
2334	6	64	4	E	0	3	4	4	1	True	2.25	0	33	33	33	33a	389/4	1/16	False	4	False				False	81		V2	C	I		V2		V		2			Mm7	False	False	(-1, 1, 5, 2)	()	1	-1	major	major	I	I, major	V		I	I	False	V2	V2, major		V2, major		V	0	0	0	4	4	4	False	False	False
2334	6	69	3	A	0	3	4	3	1	True	2.25	0	33	33	33	33a	389/4	1/16	False	4	False				False	81		V2	C	I		V2		V		2			Mm7	False	False	(-1, 1, 5, 2)	()	1	-1	major	major	I	I, major	V		I	I	False	V2	V2, major		V2, major		V	0	0	0	3	3	3	False	False	False
2334	6	72	0	C	0	3	4	2	1	True	2.25	0	33	33	33	33a	389/4	1/16	False	5	False				False	81		V2	C	I		V2		V		2			Mm7	False	False	(-1, 1, 5, 2)	()	1	-1	major	major	I	I, major	V		I	I	False	V2	V2, major		V2, major		V	0	0	0	0	0	0	False	False	False
2340	6	62	2	D	0	3	4	4	1	True	2.5	0	33	33	33	33a	195/2	1/16	False	4	False				False	81		V2	C	I		V2		V		2			Mm7	False	False	(-1, 1, 5, 2)	()	1	-1	major	major	I	I, major	V		I	I	False	V2	V2, major		V2, major		V	0	0	0	2	2	2	True	False	False
2340	6	71	5	B	0	3	4	3	1	True	2.5	0	33	33	33	33a	195/2	1/16	False	4	False				False	81		V2	C	I		V2		V		2			Mm7	False	False	(-1, 1, 5, 2)	()	1	-1	major	major	I	I, major	V		I	I	False	V2	V2, major		V2, major		V	0	0	0	5	5	5	True	False	False
2340	6	74	2	D	0	3	4	2	1	True	2.5	0	33	33	33	33a	195/2	1/16	False	5	False				False	81		V2	C	I		V2		V		2			Mm7	False	False	(-1, 1, 5, 2)	()	1	-1	major	major	I	I, major	V		I	I	False	V2	V2, major		V2, major		V	0	0	0	2	2	2	True	False	False
2346	6	60	0	C	0	3	4	4	1	True	2.75	0	33	33	33	33a	391/4	1/16	False	4	False				False	81		V2	C	I		V2		V		2			Mm7	False	False	(-1, 1, 5, 2)	()	1	-1	major	major	I	I, major	V		I	I	False	V2	V2, major		V2, major		V	0	0	0	0	0	0	False	False	False
2346	6	72	0	C	0	3	4	3	1	True	2.75	0	33	33	33	33a	391/4	1/16	False	5	False				False	81		V2	C	I		V2		V		2			Mm7	False	False	(-1, 1, 5, 2)	()	1	-1	major	major	I	I, major	V		I	I	False	V2	V2, major		V2, major		V	0	0	0	0	0	0	False	False	False
2346	6	76	4	E	0	3	4	2	1	True	2.75	0	33	33	33	33a	391/4	1/16	False	5	False				False	81		V2	C	I		V2		V		2			Mm7	False	False	(-1, 1, 5, 2)	()	1	-1	major	major	I	I, major	V		I	I	False	V2	V2, major		V2, major		V	0	0	0	4	4	4	False	False	False
2352	6	59	5	B	0	3	4	4	1	True	3.0	0	33	33	33	33a	98	1/16	False	3	False				False	81		V2	C	I		V2		V		2			Mm7	False	False	(-1, 1, 5, 2)	()	1	-1	major	major	I	I, major	V		I	I	False	V2	V2, major		V2, major		V	0	0	0	5	5	5	True	False	False
2352	24	74	2	D	0	3	4	3	1	True	3.0	0	33	33	33	33a	98	1/4	False	5	False				False	81		V2	C	I		V2		V		2			Mm7	False	False	(-1, 1, 5, 2)	()	1	-1	major	major	I	I, major	V		I	I	False	V2	V2, major		V2, major		V	0	0	0	2	2	2	True	False	False
2352	24	77	-1	F	0	3	4	2	1	True	3.0	0	33	33	33	33a	98	1/4	False	5	False				False	81		V2	C	I		V2		V		2			Mm7	False	False	(-1, 1, 5, 2)	()	1	-1	major	major	I	I, major	V		I	I	False	V2	V2, major		V2, major		V	0	0	0	-1	-1	-1	True	False	True
2358	6	57	3	A	0	3	4	4	1	True	3.25	0	33	33	33	33a	393/4	1/16	False	3	False				False	81		V2	C	I		V2		V		2			Mm7	False	False	(-1, 1, 5, 2)	()	1	-1	major	major	I	I, major	V		I	I	False	V2	V2, major		V2, major		V	0	0	0	3	3	3	False	False	False
2364	6	55	1	G	0	3	4	4	1	True	3.5	0	33	33	33	33a	197/2	1/16	False	3	False				False	81		V2	C	I		V2		V		2			Mm7	False	False	(-1, 1, 5, 2)	()	1	-1	major	major	I	I, major	V		I	I	False	V2	V2, major		V2, major		V	0	0	0	1	1	1	True	True	False
2370	6	53	-1	F	0	3	4	4	1	True	3.75	0	33	33	33	33a	395/4	1/16	False	3	False				False	81		V2	C	I		V2		V		2			Mm7	False	False	(-1, 1, 5, 2)	()	1	-1	major	major	I	I, major	V		I	I	False	V2	V2, major		V2, major		V	0	0	0	-1	-1	-1	True	False	True
2376	6	52	4	E	0	3	4	4	1	True	1.0	0	34	34	34	34a	99	1/16	False	3	True				False	82		V43	C	I		V43		V		43			Mm7	False	False	(2, -1, 1, 5)	()	1	2	major	major	I	I, major	V		I	I	False	V43	V43, major		V43, major		V	0	0	0	4	4	4	False	False	False
2376	48	74	2	D	0	3	4	3	1	True	1.0	0	34	34	34	34a	99	1/2	False	5	True				False	82		V43	C	I		V43		V		43			Mm7	False	False	(2, -1, 1, 5)	()	1	2	major	major	I	I, major	V		I	I	False	V43	V43, major		V43, major		V	0	0	0	2	2	2	True	False	True
2376	48	77	-1	F	0	3	4	2	1	True	1.0	0	34	34	34	34a	99	1/2	False	5	True				False	82		V43	C	I		V43		V		43			Mm7	False	False	(2, -1, 1, 5)	()	1	2	major	major	I	I, major	V		I	I	False	V43	V43, major		V43, major		V	0	0	0	-1	-1	-1	True	False	False
2376	48	79	1	G	0	3	4	1	1	False	1.0	0	34	34	34	34a	99	1/2	False	5	True				False	82		V43	C	I		V43		V		43			Mm7	False	False	(2, -1, 1, 5)	()	1	2	major	major	I	I, major	V		I	I	False	V43	V43, major		V43, major		V	0	0	0	1	1	1	True	True	False
2382	6	50	2	D	0	3	4	4	1	True	1.25	0	34	34	34	34a	397/4	1/16	False	3	False				False	82		V43	C	I		V43		V		43			Mm7	False	False	(2, -1, 1, 5)	()	1	2	major	major	I	I, major	V		I	I	False	V43	V43, major		V43, major		V	0	0	0	2	2	2	True	False	True
2388	6	48	0	C	0	3	4	4	1	True	1.5	0	34	34	34	34a	199/2	1/16	False	3	False				False	82		V43	C	I		V43		V		43			Mm7	False	False	(2, -1, 1, 5)	()	1	2	major	major	I	I, major	V		I	I	False	V43	V43, major		V43, major		V	0	0	0	0	0	0	False	False	False
2394	6	47	5	B	0	3	4	4	1	True	1.75	0	34	34	34	34a	399/4	1/16	False	2	False				False	82		V43	C	I		V43		V		43			Mm7	False	False	(2, -1, 1, 5)	()	1	2	major	major	I	I, major	V		I	I	False	V43	V43, major		V43, major		V	0	0	0	5	5	5	True	False	False
2400	6	45	3	A	0	3	4	4	1	True	2.0	0	34	34	34	34a	100	1/16	False	2	False				False	82		V43	C	I		V43		V		43			Mm7	False	False	(2, -1, 1, 5)	()	1	2	major	major	I	I, major	V		I	I	False	V43	V43, major		V43, major		V	0	0	0	3	3	3	False	False	False
2406	6	43	1	G	0	3	4	4	1	True	2.25	0	34	34	34	34a	401/4	1/16	False	2	False				False	82		V43	C	I		V43		V		43			Mm7	False	False	(2, -1, 1, 5)	()	1	2	major	major	I	I, major	V		I	I	False	V43	V43, major		V43, major		V	0	0	0	1	1	1	True	True	False
2412	6	41	-1	F	0	3	4	4	1	True	2.5	0	34	34	34	34a	201/2	1/16	False	2	False				False	82		V43	C	I		V43		V		43			Mm7	False	False	(2, -1, 1, 5)	()	1	2	major	major	I	I, major	V		I	I	False	V43	V43, major		V43, major		V	0	0	0	-1	-1	-1	True	False	False
2418	6	40	4	E	0	3	4	4	1	True	2.75	0	34	34	34	34a	403/4	1/16	False	2	False				False	82		V43	C	I		V43		V		43			Mm7	False	False	(2, -1, 1, 5)	()	1	2	major	major	I	I, major	V		I	I	False	V43	V43, major		V43, major		V	0	0	0	4	4	4	False	False	False
2424	6	38	2	D	0	3	4	4	1	True	3.0	0	34	34	34	34a	101	1/16	False	2	False				False	82		V43	C	I		V43		V		43			Mm7	False	False	(2, -1, 1, 5)	()	1	2	major	major	I	I, major	V		I	I	False	V43	V43, major		V43, major		V	0	0	0	2	2	2	True	False	True
2424	24	55	1	G	0	3	4	3	1	True	3.0	0	34	34	34	34a	101	1/4	False	3	False				False	82		V43	C	I		V43		V		43			Mm7	False	False	(2, -1, 1, 5)	()	1	2	major	major	I	I, major	V		I	I	False	V43	V43, major		V43, major		V	0	0	0	1	1	1	True	True	False
2424	24	65	-1	F	0	3	4	2	1	True	3.0	0	34	34	34	34a	101	1/4	False	4	False				False	82		V43	C	I		V43		V		43			Mm7	False	False	(2, -1, 1, 5)	()	1	2	major	major	I	I, major	V		I	I	False	V43	V43, major		V43, major		V	0	0	0	-1	-1	-1	True	False	False
2424	12	81	3	A	0	3	4	1	1	True	3.0	0	34	34	34	34a	101	1/8	False	5	False				False	82		V43	C	I		V43		V		43			Mm7	False	False	(2, -1, 1, 5)	()	1	2	major	major	I	I, major	V		I	I	False	V43	V43, major		V43, major		V	0	0	0	3	3	3	False	False	False
2430	6	40	4	E	0	3	4	4	1	True	3.25	0	34	34	34	34a	405/4	1/16	False	2	False				False	82		V43	C	I		V43		V		43			Mm7	False	False	(2, -1, 1, 5)	()	1	2	major	major	I	I, major	V		I	I	False	V43	V43, major		V43, major		V	0	0	0	4	4	4	False	False	False
2436	6	41	-1	F	0	3	4	4	1	True	3.5	0	34	34	34	34a	203/2	1/16	False	2	False				False	82		V43	C	I		V43		V		43			Mm7	False	False	(2, -1, 1, 5)	()	1	2	major	major	I	I, major	V		I	I	False	V43	V43, major		V43, major		V	0	0	0	-1	-1	-1	True	False	False
2436	12	83	5	B	0	3	4	1	1	True	3.5	0	34	34	34	34a	203/2	1/8	False	5	False				False	82		V43	C	I		V43		V		43			Mm7	False	False	(2, -1, 1, 5)	()	1	2	major	major	I	I, major	V		I	I	False	V43	V43, major		V43, major		V	0	0	0	5	5	5	True	False	False
2442	6	38	2	D	0	3	4	4	1	True	3.75	0	34	34	34	34a	407/4	1/16	False	2	False				False	82		V43	C	I		V43		V		43			Mm7	False	False	(2, -1, 1, 5)	()	1	2	major	major	I	I, major	V		I	I	False	V43	V43, major		V43, major		V	0	0	0	2	2	2	True	False	True
2448	12	36	0	C	0	3	4	4	1	True	1.0	0	35	35	35	35a	102	1/8	False	2	True				False	83		I	C	I		I		I					M	False	False	(0, 4, 1)	()	0	0	major	major	I	I, major	I		I	I	False	I	I, major		I, major		I	0	0	0	0	0	0	True	True	True
2448	12	55	1	G	0	3	4	3	1	False	1.0	0	35	35	35	35a	102	1/8	False	3	True				False	83		I	C	I		I		I					M	False	False	(0, 4, 1)	()	0	0	major	major	I	I, major	I		I	I	False	I	I, major		I, major		I	0	0	0	1	1	1	True	False	False
2448	12	64	4	E	0	3	4	2	1	True	1.0	0	35	35	35	35a	102	1/8	False	4	True				False	83		I	C	I		I		I					M	False	False	(0, 4, 1)	()	0	0	major	major	I	I, major	I		I	I	False	I	I, major		I, major		I	0	0	0	4	4	4	True	False	False
2448	24	84	0	C	0	3	4	1	1	True	1.0	0	35	35	35	35a	102	1/4	False	6	True				False	83		I	C	I		I		I					M	False	False	(0, 4, 1)	()	0	0	major	major	I	I, major	I		I	I	False	I	I, major		I, major		I	0	0	0	0	0	0	True	True	True
2460	12	48	0	C	0	3	4	4	1	True	1.5	0	35	35	35	35a	205/2	1/8	False	3	False				False	83		I	C	I		I		I					M	False	False	(0, 4, 1)	()	0	0	major	major	I	I, major	I		I	I	False	I	I, major		I, major		I	0	0	0	0	0	0	True	True	True
2460	12	55	1	G	0	3	4	3	1	True	1.5	0	35	35	35	35a	205/2	1/8	False	3	False				False	83		I	C	I		I		I					M	False	False	(0, 4, 1)	()	0	0	major	major	I	I, major	I		I	I	False	I	I, major		I, major		I	0	0	0	1	1	1	True	False	False
2460	12	76	4	E	0	3	4	2	1	True	1.5	0	35	35	35	35a	205/2	1/8	False	5	False				False	83		I	C	I		I		I					M	False	False	(0, 4, 1)	()	0	0	major	major	I	I, major	I		I	I	False	I	I, major		I, major		I	0	0	0	4	4	4	True	False	False
2472	6	47	5	B	0	3	4	4	1	True	2.0	0	35	35	35	35a	103	1/16	False	2	True				False	84		V65	C	I		V65		V		65			Mm7	False	False	(5, 2, -1, 1)	()	1	5	major	major	I	I, major	V		I	I	False	V65	V65, major		V65, major		V	0	0	0	5	5	5	True	False	True
2472	6	62	2	D	0	3	4	3	1	True	2.0	0	35	35	35	35a	103	1/16	False	4	True				False	84		V65	C	I		V65		V		65			Mm7	False	False	(5, 2, -1, 1)	()	1	5	major	major	I	I, major	V		I	I	False	V65	V65, major		V65, major		V	0	0	0	2	2	2	True	False	False
2472	6	77	-1	F	0	3	4	2	1	True	2.0	0	35	35	35	35a	103	1/16	False	5	True				False	84		V65	C	I		V65		V		65			Mm7	False	False	(5, 2, -1, 1)	()	1	5	major	major	I	I, major	V		I	I	False	V65	V65, major		V65, major		V	0	0	0	-1	-1	-1	True	False	False
2478	6	48	0	C	0	3	4	4	1	True	2.25	0	35	35	35	35a	413/4	1/16	False	3	False				False	84		V65	C	I		V65		V		65			Mm7	False	False	(5, 2, -1, 1)	()	1	5	major	major	I	I, major	V		I	I	False	V65	V65, major		V65, major		V	0	0	0	0	0	0	False	False	False
2478	6	60	0	C	0	3	4	3	1	True	2.25	0	35	35	35	35a	413/4	1/16	False	4	False				False	84		V65	C	I		V65		V		65			Mm7	False	False	(5, 2, -1, 1)	()	1	5	major	major	I	I, major	V		I	I	False	V65	V65, major		V65, major		V	0	0	0	0	0	0	False	False	False
2478	6	76	4	E	0	3	4	2	1	True	2.25	0	35	35	35	35a	413/4	1/16	False	5	False				False	84		V65	C	I		V65		V		65			Mm7	False	False	(5, 2, -1, 1)	()	1	5	major	major	I	I, major	V		I	I	False	V65	V65, major		V65, major		V	0	0	0	4	4	4	False	False	False
2484	6	50	2	D	0	3	4	4	1	True	2.5	0	35	35	35	35a	207/2	1/16	False	3	False				False	84		V65	C	I		V65		V		65			Mm7	False	False	(5, 2, -1, 1)	()	1	5	major	major	I	I, major	V		I	I	False	V65	V65, major		V65, major		V	0	0	0	2	2	2	True	False	False
2484	6	59	5	B	0	3	4	3	1	True	2.5	0	35	35	35	35a	207/2	1/16	False	3	False				False	84		V65	C	I		V65		V		65			Mm7	False	False	(5, 2, -1, 1)	()	1	5	major	major	I	I, major	V		I	I	False	V65	V65, major		V65, major		V	0	0	0	5	5	5	True	False	True
2484	6	74	2	D	0	3	4	2	1	True	2.5	0	35	35	35	35a	207/2	1/16	False	5	False				False	84		V65	C	I		V65		V		65			Mm7	False	False	(5, 2, -1, 1)	()	1	5	major	major	I	I, major	V		I	I	False	V65	V65, major		V65, major		V	0	0	0	2	2	2	True	False	False
2490	6	52	4	E	0	3	4	4	1	True	2.75	0	35	35	35	35a	415/4	1/16	False	3	False				False	84		V65	C	I		V65		V		65			Mm7	False	False	(5, 2, -1, 1)	()	1	5	major	major	I	I, major	V		I	I	False	V65	V65, major		V65, major		V	0	0	0	4	4	4	False	False	False
2490	6	57	3	A	0	3	4	3	1	True	2.75	0	35	35	35	35a	415/4	1/16	False	3	False				False	84		V65	C	I		V65		V		65			Mm7	False	False	(5, 2, -1, 1)	()	1	5	major	major	I	I, major	V		I	I	False	V65	V65, major		V65, major		V	0	0	0	3	3	3	False	False	False
2490	6	72	0	C	0	3	4	2	1	True	2.75	0	35	35	35	35a	415/4	1/16	False	5	False				False	84		V65	C	I		V65		V		65			Mm7	False	False	(5, 2, -1, 1)	()	1	5	major	major	I	I, major	V		I	I	False	V65	V65, major		V65, major		V	0	0	0	0	0	0	False	False	False
2496	6	53	-1	F	0	3	4	4	1	True	3.0	0	35	35	35	35a	104	1/16	False	3	False				False	84		V65	C	I		V65		V		65			Mm7	False	False	(5, 2, -1, 1)	()	1	5	major	major	I	I, major	V		I	I	False	V65	V65, major		V65, major		V	0	0	0	-1	-1	-1	True	False	False
2496	6	55	1	G	0	3	4	3	1	True	3.0	0	35	35	35	35a	104	1/16	False	3	False				False	84		V65	C	I		V65		V		65			Mm7	False	False	(5, 2, -1, 1)	()	1	5	major	major	I	I, major	V		I	I	False	V65	V65, major		V65, major		V	0	0	0	1	1	1	True	True	False
2496	6	71	5	B	0	3	4	2	1	True	3.0	0	35	35	35	35a	104	1/16	False	4	False				False	84		V65	C	I		V65		V		65			Mm7	False	False	(5, 2, -1, 1)	()	1	5	major	major	I	I, major	V		I	I	False	V65	V65, major		V65, major		V	0	0	0	5	5	5	True	False	True
2496	6	83	5	B	0	3	4	1	1	True	3.0	0	35	35	35	35a	104	1/16	False	5	False				False	84		V65	C	I		V65		V		65			Mm7	False	False	(5, 2, -1, 1)	()	1	5	major	major	I	I, major	V		I	I	False	V65	V65, major		V65, major		V	0	0	0	5	5	5	True	False	True
2502	6	52	4	E	0	3	4	4	1	True	3.25	0	35	35	35	35a	417/4	1/16	False	3	False				False	84		V65	C	I		V65		V		65			Mm7	False	False	(5, 2, -1, 1)	()	1	5	major	major	I	I, major	V		I	I	False	V65	V65, major		V65, major		V	0	0	0	4	4	4	False	False	False
2502	6	57	3	A	0	3	4	3	1	True	3.25	0	35	35	35	35a	417/4	1/16	False	3	False				False	84		V65	C	I		V65		V		65			Mm7	False	False	(5, 2, -1, 1)	()	1	5	major	major	I	I, major	V		I	I	False	V65	V65, major		V65, major		V	0	0	0	3	3	3	False	False	False
2502	6	72	0	C	0	3	4	2	1	True	3.25	0	35	35	35	35a	417/4	1/16	False	5	False				False	84		V65	C	I		V65		V		65			Mm7	False	False	(5, 2, -1, 1)	()	1	5	major	major	I	I, major	V		I	I	False	V65	V65, major		V65, major		V	0	0	0	0	0	0	False	False	False
2502	6	84	0	C	0	3	4	1	1	True	3.25	0	35	35	35	35a	417/4	1/16	False	6	False				False	84		V65	C	I		V65		V		65			Mm7	False	False	(5, 2, -1, 1)	()	1	5	major	major	I	I, major	V		I	I	False	V65	V65, major		V65, major		V	0	0	0	0	0	0	False	False	False
2508	6	50	2	D	0	3	4	4	1	True	3.5	0	35	35	35	35a	209/2	1/16	False	3	False				False	84		V65	C	I		V65		V		65			Mm7	False	False	(5, 2, -1, 1)	()	1	5	major	major	I	I, major	V		I	I	False	V65	V65, major		V65, major		V	0	0	0	2	2	2	True	False	False
2508	6	59	5	B	0	3	4	3	1	True	3.5	0	35	35	35	35a	209/2	1/16	False	3	False				False	84		V65	C	I		V65		V		65			Mm7	False	False	(5, 2, -1, 1)	()	1	5	major	major	I	I, major	V		I	I	False	V65	V65, major		V65, major		V	0	0	0	5	5	5	True	False	True
2508	6	74	2	D	0	3	4	2	1	True	3.5	0	35	35	35	35a	209/2	1/16	False	5	False				False	84		V65	C	I		V65		V		65			Mm7	False	False	(5, 2, -1, 1)	()	1	5	major	major	I	I, major	V		I	I	False	V65	V65, major		V65, major		V	0	0	0	2	2	2	True	False	False
2508	6	86	2	D	0	3	4	1	1	True	3.5	0	35	35	35	35a	209/2	1/16	False	6	False				False	84		V65	C	I		V65		V		65			Mm7	False	False	(5, 2, -1, 1)	()	1	5	major	major	I	I, major	V		I	I	False	V65	V65, major		V65, major		V	0	0	0	2	2	2	True	False	False
2514	6	48	0	C	0	3	4	4	1	True	3.75	0	35	35	35	35a	419/4	1/16	False	3	False				False	84		V65	C	I		V65		V		65			Mm7	False	False	(5, 2, -1, 1)	()	1	5	major	major	I	I, major	V		I	I	False	V65	V65, major		V65, major		V	0	0	0	0	0	0	False	False	False
2514	6	60	0	C	0	3	4	3	1	True	3.75	0	35	35	35	35a	419/4	1/16	False	4	False				False	84		V65	C	I		V65		V		65			Mm7	False	False	(5, 2, -1, 1)	()	1	5	major	major	I	I, major	V		I	I	False	V65	V65, major		V65, major		V	0	0	0	0	0	0	False	False	False
2514	6	76	4	E	0	3	4	2	1	True	3.75	0	35	35	35	35a	419/4	1/16	False	5	False				False	84		V65	C	I		V65		V		65			Mm7	False	False	(5, 2, -1, 1)	()	1	5	major	major	I	I, major	V		I	I	False	V65	V65, major		V65, major		V	0	0	0	4	4	4	False	False	False
2514	6	88	4	E	0	3	4	1	1	True	3.75	0	35	35	35	35a	419/4	1/16	False	6	False				False	84		V65	C	I		V65		V		65			Mm7	False	False	(5, 2, -1, 1)	()	1	5	major	major	I	I, major	V		I	I	False	V65	V65, major		V65, major		V	0	0	0	4	4	4	False	False	False
2520	6	47	5	B	0	3	4	4	1	True	1.0	0	36	36	36	36a	105	1/16	False	2	False				False	84		V65	C	I		V65		V		65			Mm7	False	False	(5, 2, -1, 1)	()	1	5	major	major	I	I, major	V		I	I	False	V65	V65, major		V65, major		V	0	0	0	5	5	5	True	False	True
2520	72	62	2	D	0	3	4	3	1	True	1.0	0	36	36	36	36a	105	3/4	False	4	False				False	84		V65	C	I		V65		V		65			Mm7	False	False	(5, 2, -1, 1)	()	1	5	major	major	I	I, major	V		I	I	False	V65	V65, major		V65, major		V	0	0	0	2	2	2	True	False	False
2520	72	77	-1	F	0	3	4	2	1	True	1.0	0	36	36	36	36a	105	3/4	False	5	False				False	84		V65	C	I		V65		V		65			Mm7	False	False	(5, 2, -1, 1)	()	1	5	major	major	I	I, major	V		I	I	False	V65	V65, major		V65, major		V	0	0	0	-1	-1	-1	True	False	False
2520	24	89	-1	F	0	3	4	1	1	True	1.0	0	36	36	36	36a	105	1/4	False	6	False				False	84		V65	C	I		V65		V		65			Mm7	False	False	(5, 2, -1, 1)	()	1	5	major	major	I	I, major	V		I	I	False	V65	V65, major		V65, major		V	0	0	0	-1	-1	-1	True	False	False
2526	6	48	0	C	0	3	4	4	1	True	1.25	0	36	36	36	36a	421/4	1/16	False	3	False				False	84		V65	C	I		V65		V		65			Mm7	False	False	(5, 2, -1, 1)	()	1	5	major	major	I	I, major	V		I	I	False	V65	V65, major		V65, major		V	0	0	0	0	0	0	False	False	False
2532	6	47	5	B	0	3	4	4	1	True	1.5	0	36	36	36	36a	211/2	1/16	False	2	False				False	84		V65	C	I		V65		V		65			Mm7	False	False	(5, 2, -1, 1)	()	1	5	major	major	I	I, major	V		I	I	False	V65	V65, major		V65, major		V	0	0	0	5	5	5	True	False	True
2538	6	45	3	A	0	3	4	4	1	True	1.75	0	36	36	36	36a	423/4	1/16	False	2	False				False	84		V65	C	I		V65		V		65			Mm7	False	False	(5, 2, -1, 1)	()	1	5	major	major	I	I, major	V		I	I	False	V65	V65, major		V65, major		V	0	0	0	3	3	3	False	False	False
2544	48	43	1	G	0	3	4	4	1	True	2.0	0	36	36	36	36a	106	1/2	False	2	True				False	85		V7	C	I		V7		V		7			Mm7	False	False	(1, 5, 2, -1)	()	1	1	major	major	I	I, major	V		I	I	False	V7	V7, major		V7, major		V	0	0	0	1	1	1	True	True	True
2544	6	89	-1	F	0	3	4	1	1	False	2.0	0	36	36	36	36a	106	1/16	False	6	True				False	85		V7	C	I		V7		V		7			Mm7	False	False	(1, 5, 2, -1)	()	1	1	major	major	I	I, major	V		I	I	False	V7	V7, major		V7, major		V	0	0	0	-1	-1	-1	True	False	False
2550	6	88	4	E	0	3	4	1	1	True	2.25	0	36	36	36	36a	425/4	1/16	False	6	False				False	85		V7	C	I		V7		V		7			Mm7	False	False	(1, 5, 2, -1)	()	1	1	major	major	I	I, major	V		I	I	False	V7	V7, major		V7, major		V	0	0	0	4	4	4	False	False	False
2556	6	86	2	D	0	3	4	1	1	True	2.5	0	36	36	36	36a	213/2	1/16	False	6	False				False	85		V7	C	I		V7		V		7			Mm7	False	False	(1, 5, 2, -1)	()	1	1	major	major	I	I, major	V		I	I	False	V7	V7, major		V7, major		V	0	0	0	2	2	2	True	False	False
2562	6	84	0	C	0	3	4	1	1	True	2.75	0	36	36	36	36a	427/4	1/16	False	6	False				False	85		V7	C	I		V7		V		7			Mm7	False	False	(1, 5, 2, -1)	()	1	1	major	major	I	I, major	V		I	I	False	V7	V7, major		V7, major		V	0	0	0	0	0	0	False	False	False
2568	6	83	5	B	0	3	4	1	1	True	3.0	0	36	36	36	36a	107	1/16	False	5	False				False	85		V7	C	I		V7		V		7			Mm7	False	False	(1, 5, 2, -1)	()	1	1	major	major	I	I, major	V		I	I	False	V7	V7, major		V7, major		V	0	0	0	5	5	5	True	False	False
2574	6	84	0	C	0	3	4	1	1	True	3.25	0	36	36	36	36a	429/4	1/16	False	6	False				False	85		V7	C	I		V7		V		7			Mm7	False	False	(1, 5, 2, -1)	()	1	1	major	major	I	I, major	V		I	I	False	V7	V7, major		V7, major		V	0	0	0	0	0	0	False	False	False
2580	6	86	2	D	0	3	4	1	1	True	3.5	0	36	36	36	36a	215/2	1/16	False	6	False				False	85		V7	C	I		V7		V		7			Mm7	False	False	(1, 5, 2, -1)	()	1	1	major	major	I	I, major	V		I	I	False	V7	V7, major		V7, major		V	0	0	0	2	2	2	True	False	False
2586	6	83	5	B	0	3	4	1	1	True	3.75	0	36	36	36	36a	431/4	1/16	False	5	False				False	85		V7	C	I		V7		V		7			Mm7	False	False	(1, 5, 2, -1)	()	1	1	major	major	I	I, major	V		I	I	False	V7	V7, major		V7, major		V	0	0	0	5	5	5	True	False	False
2592	48	43	1	G	0	3	4	4	1	False	1.0	0	37	37	37	37a	108	1/2	False	2	False				False	85		V7	C	I		V7		V		7			Mm7	False	False	(1, 5, 2, -1)	()	1	1	major	major	I	I, major	V		I	I	False	V7	V7, major		V7, major		V	0	0	0	1	1	1	True	True	True
2592	24	62	2	D	0	3	4	3	1	False	1.0	0	37	37	37	37a	108	1/4	False	4	False				False	85		V7	C	I		V7		V		7			Mm7	False	False	(1, 5, 2, -1)	()	1	1	major	major	I	I, major	V		I	I	False	V7	V7, major		V7, major		V	0	0	0	2	2	2	True	False	False
2592	24	77	-1	F	0	3	4	2	1	False	1.0	0	37	37	37	37a	108	1/4	False	5	False				False	85		V7	C	I		V7		V		7			Mm7	False	False	(1, 5, 2, -1)	()	1	1	major	major	I	I, major	V		I	I	False	V7	V7, major		V7, major		V	0	0	0	-1	-1	-1	True	False	False
2592	6	79	1	G	0	3	4	1	1	True	1.0	0	37	37	37	37a	108	1/16	False	5	False				False	85		V7	C	I		V7		V		7			Mm7	False	False	(1, 5, 2, -1)	()	1	1	major	major	I	I, major	V		I	I	False	V7	V7, major		V7, major		V	0	0	0	1	1	1	True	True	True
2598	6	81	3	A	0	3	4	1	1	True	1.25	0	37	37	37	37a	433/4	1/16	False	5	False				False	85		V7	C	I		V7		V		7			Mm7	False	False	(1, 5, 2, -1)	()	1	1	major	major	I	I, major	V		I	I	False	V7	V7, major		V7, major		V	0	0	0	3	3	3	False	False	False
2604	6	77	-1	F	0	3	4	1	1	True	1.5	0	37	37	37	37a	217/2	1/16	False	5	False				False	85		V7	C	I		V7		V		7			Mm7	False	False	(1, 5, 2, -1)	()	1	1	major	major	I	I, major	V		I	I	False	V7	V7, major		V7, major		V	0	0	0	-1	-1	-1	True	False	False
2610	6	74	2	D	0	3	4	1	1	True	1.75	0	37	37	37	37a	435/4	1/16	False	5	False				False	85		V7	C	I		V7		V		7			Mm7	False	False	(1, 5, 2, -1)	()	1	1	major	major	I	I, major	V		I	I	False	V7	V7, major		V7, major		V	0	0	0	2	2	2	True	False	False
2616	48	55	1	G	0	3	4	3	1	True	2.0	0	37	37	37	37a	109	1/2	False	3	False				False	85		V7	C	I		V7		V		7			Mm7	False	False	(1, 5, 2, -1)	()	1	1	major	major	I	I, major	V		I	I	False	V7	V7, major		V7, major		V	0	0	0	1	1	1	True	True	True
2616	48	65	-1	F	0	3	4	2	1	True	2.0	0	37	37	37	37a	109	1/2	False	4	False				False	85		V7	C	I		V7		V		7			Mm7	False	False	(1, 5, 2, -1)	()	1	1	major	major	I	I, major	V		I	I	False	V7	V7, major		V7, major		V	0	0	0	-1	-1	-1	True	False	False
2616	6	72	0	C	0	3	4	1	1	True	2.0	0	37	37	37	37a	109	1/16	False	5	False				False	85		V7	C	I		V7		V		7			Mm7	False	False	(1, 5, 2, -1)	()	1	1	major	major	I	I, major	V		I	I	False	V7	V7, major		V7, major		V	0	0	0	0	0	0	False	False	False
2622	6	74	2	D	0	3	4	1	1	True	2.25	0	37	37	37	37a	437/4	1/16	False	5	False				False	85		V7	C	I		V7		V		7			Mm7	False	False	(1, 5, 2, -1)	()	1	1	major	major	I	I, major	V		I	I	False	V7	V7, major		V7, major		V	0	0	0	2	2	2	True	False	False
2628	6	71	5	B	0	3	4	1	1	True	2.5	0	37	37	37	37a	219/2	1/16	False	4	False				False	85		V7	C	I		V7		V		7			Mm7	False	False	(1, 5, 2, -1)	()	1	1	major	major	I	I, major	V		I	I	False	V7	V7, major		V7, major		V	0	0	0	5	5	5	True	False	False
2634	6	67	1	G	0	3	4	1	1	True	2.75	0	37	37	37	37a	439/4	1/16	False	4	False				False	85		V7	C	I		V7		V		7			Mm7	False	False	(1, 5, 2, -1)	()	1	1	major	major	I	I, major	V		I	I	False	V7	V7, major		V7, major		V	0	0	0	1	1	1	True	True	True
2640	24	43	1	G	0	3	4	4	1	True	3.0	0	37	37	37	37a	110	1/4	False	2	False				False	85		V7	C	I		V7		V		7			Mm7	False	False	(1, 5, 2, -1)	()	1	1	major	major	I	I, major	V		I	I	False	V7	V7, major		V7, major		V	0	0	0	1	1	1	True	True	True
2640	6	72	0	C	0	3	4	1	1	True	3.0	0	37	37	37	37a	110	1/16	False	5	False				False	85		V7	C	I		V7		V		7			Mm7	False	False	(1, 5, 2, -1)	()	1	1	major	major	I	I, major	V		I	I	False	V7	V7, major		V7, major		V	0	0	0	0	0	0	False	False	False
2646	6	74	2	D	0	3	4	1	1	True	3.25	0	37	37	37	37a	441/4	1/16	False	5	False				False	85		V7	C	I		V7		V		7			Mm7	False	False	(1, 5, 2, -1)	()	1	1	major	major	I	I, major	V		I	I	False	V7	V7, major		V7, major		V	0	0	0	2	2	2	True	False	False
2652	6	71	5	B	0	3	4	1	1	True	3.5	0	37	37	37	37a	221/2	1/16	False	4	False				False	85		V7	C	I		V7		V		7			Mm7	False	False	(1, 5, 2, -1)	()	1	1	major	major	I	I, major	V		I	I	False	V7	V7, major		V7, major		V	0	0	0	5	5	5	True	False	False
2658	6	67	1	G	0	3	4	1	1	True	3.75	0	37	37	37	37a	443/4	1/16	False	4	False				False	85		V7	C	I		V7		V		7			Mm7	False	False	(1, 5, 2, -1)	()	1	1	major	major	I	I, major	V		I	I	False	V7	V7, major		V7, major		V	0	0	0	1	1	1	True	True	True
2664	24	43	1	G	0	3	4	4	1	False	1.0	0	38	38	38	38a	111	1/4	False	2	False				False	85		V7	C	I		V7		V		7			Mm7	False	False	(1, 5, 2, -1)	()	1	1	major	major	I	I, major	V		I	I	False	V7	V7, major		V7, major		V	0	0	0	1	1	1	True	True	True
2664	12	55	1	G	0	3	4	3	1	False	1.0	0	38	38	38	38a	111	1/8	False	3	False				False	85		V7	C	I		V7		V		7			Mm7	False	False	(1, 5, 2, -1)	()	1	1	major	major	I	I, major	V		I	I	False	V7	V7, major		V7, major		V	0	0	0	1	1	1	True	True	True
2664	48	65	-1	F	0	3	4	2	1	False	1.0	0	38	38	38	38a	111	1/2	False	4	False				False	85		V7	C	I		V7		V		7			Mm7	False	False	(1, 5, 2, -1)	()	1	1	major	major	I	I, major	V		I	I	False	V7	V7, major		V7, major		V	0	0	0	-1	-1	-1	True	False	False
2664	48	74	2	D	0	3	4	1	1	True	1.0	0	38	38	38	38a	111	1/2	False	5	False				False	85		V7	C	I		V7		V		7			Mm7	False	False	(1, 5, 2, -1)	()	1	1	major	major	I	I, major	V		I	I	False	V7	V7, major		V7, major		V	0	0	0	2	2	2	True	False	False
2676	6	55	1	G	0	3	4	3	1	True	1.5	0	38	38	38	38a	223/2	1/16	False	3	False				False	85		V7	C	I		V7		V		7			Mm7	False	False	(1, 5, 2, -1)	()	1	1	major	major	I	I, major	V		I	I	False	V7	V7, major		V7, major		V	0	0	0	1	1	1	True	True	True
2682	6	57	3	A	0	3	4	3	1	True	1.75	0	38	38	38	38a	447/4	1/16	False	3	False				False	85		V7	C	I		V7		V		7			Mm7	False	False	(1, 5, 2, -1)	()	1	1	major	major	I	I, major	V		I	I	False	V7	V7, major		V7, major		V	0	0	0	3	3	3	False	False	False
2688	24	43	1	G	0	3	4	4	1	True	2.0	0	38	38	38	38a	112	1/4	False	2	False				False	85		V7	C	I		V7		V		7			Mm7	False	False	(1, 5, 2, -1)	()	1	1	major	major	I	I, major	V		I	I	False	V7	V7, major		V7, major		V	0	0	0	1	1	1	True	True	True
2688	6	55	1	G	0	3	4	3	1	True	2.0	0	38	38	38	38a	112	1/16	False	3	False				False	85		V7	C	I		V7		V		7			Mm7	False	False	(1, 5, 2, -1)	()	1	1	major	major	I	I, major	V		I	I	False	V7	V7, major		V7, major		V	0	0	0	1	1	1	True	True	True
2694	6	57	3	A	0	3	4	3	1	True	2.25	0	38	38	38	38a	449/4	1/16	False	3	False				False	85		V7	C	I		V7		V		7			Mm7	False	False	(1, 5, 2, -1)	()	1	1	major	major	I	I, major	V		I	I	False	V7	V7, major		V7, major		V	0	0	0	3	3	3	False	False	False
2700	6	55	1	G	0	3	4	3	1	True	2.5	0	38	38	38	38a	225/2	1/16	False	3	False				False	85		V7	C	I		V7		V		7			Mm7	False	False	(1, 5, 2, -1)	()	1	1	major	major	I	I, major	V		I	I	False	V7	V7, major		V7, major		V	0	0	0	1	1	1	True	True	True
2706	6	57	3	A	0	3	4	3	1	True	2.75	0	38	38	38	38a	451/4	1/16	False	3	False				False	85		V7	C	I		V7		V		7			Mm7	False	False	(1, 5, 2, -1)	()	1	1	major	major	I	I, major	V		I	I	False	V7	V7, major		V7, major		V	0	0	0	3	3	3	False	False	False
2712	24	36	0	C	0	3	4	4	1	True	3.0	0	38	38	38	38a	113	1/4	False	2	True			\\	True	86		I\\	C	I		I		I					M	False	False	(0, 4, 1)	()	0	0	major	major	I	I, major	I		I	I	False	I	I, major		I, major		I	0	0	0	0	0	0	True	True	True
2712	24	55	1	G	0	3	4	3	1	True	3.0	0	38	38	38	38a	113	1/4	False	3	True			\\	True	86		I\\	C	I		I		I					M	False	False	(0, 4, 1)	()	0	0	major	major	I	I, major	I		I	I	False	I	I, major		I, major		I	0	0	0	1	1	1	True	False	False
2712	24	64	4	E	0	3	4	2	1	True	3.0	0	38	38	38	38a	113	1/4	False	4	True			\\	True	86		I\\	C	I		I		I					M	False	False	(0, 4, 1)	()	0	0	major	major	I	I, major	I		I	I	False	I	I, major		I, major		I	0	0	0	4	4	4	True	False	False
2712	24	72	0	C	0	3	4	1	1	True	3.0	0	38	38	38	38a	113	1/4	False	5	True			\\	True	86		I\\	C	I		I		I					M	False	False	(0, 4, 1)	()	0	0	major	major	I	I, major	I		I	I	False	I	I, major		I, major		I	0	0	0	0	0	0	True	True	True
2736	48	67	1	G	0	3	4	1	1	True	1.0	0	17	17	39	17b	114	1/2	True	4	True				False	87		V[V6	C	I	V	V6		V		6			M	False	False	(5, 2, 1)	()	1	5	major	major	I	I, major	V		I	I	False	V6	V6, major	V	V6, major		V	0	0	0	1	1	1	True	True	False
2760	48	55	1	G	0	3	4	4	1	True	2.0	0	17	17	39	17b	115	1/2	False	3	False				False	87		V[V6	C	I	V	V6		V		6			M	False	False	(5, 2, 1)	()	1	5	major	major	I	I, major	V		I	I	False	V6	V6, major	V	V6, major		V	0	0	0	1	1	1	True	True	False
2760	48	59	5	B	0	3	4	3	1	True	2.0	0	17	17	39	17b	115	1/2	False	3	False				False	87		V[V6	C	I	V	V6		V		6			M	False	False	(5, 2, 1)	()	1	5	major	major	I	I, major	V		I	I	False	V6	V6, major	V	V6, major		V	0	0	0	5	5	5	True	False	True
2760	48	62	2	D	0	3	4	2	1	True	2.0	0	17	17	39	17b	115	1/2	False	4	False				False	87		V[V6	C	I	V	V6		V		6			M	False	False	(5, 2, 1)	()	1	5	major	major	I	I, major	V		I	I	False	V6	V6, major	V	V6, major		V	0	0	0	2	2	2	True	False	False
2784	6	66	6	F	1	3	4	1	1	True	3.0	0	17	17	39	17b	116	1/16	False	4	False				False	87		V[V6	C	I	V	V6		V		6			M	False	False	(5, 2, 1)	()	1	5	major	major	I	I, major	V		I	I	False	V6	V6, major	V	V6, major		V	0	0	0	6	6	6	False	False	False
2790	6	67	1	G	0	3	4	1	1	True	3.25	0	17	17	39	17b	465/4	1/16	False	4	False				False	87		V[V6	C	I	V	V6		V		6			M	False	False	(5, 2, 1)	()	1	5	major	major	I	I, major	V		I	I	False	V6	V6, major	V	V6, major		V	0	0	0	1	1	1	True	True	False
2796	6	69	3	A	0	3	4	1	1	True	3.5	0	17	17	39	17b	233/2	1/16	False	4	False				False	87		V[V6	C	I	V	V6		V		6			M	False	False	(5, 2, 1)	()	1	5	major	major	I	I, major	V		I	I	False	V6	V6, major	V	V6, major		V	0	0	0	3	3	3	False	False	False
2802	6	71	5	B	0	3	4	1	1	True	3.75	0	17	17	39	17b	467/4	1/16	False	4	False				False	87		V[V6	C	I	V	V6		V		6			M	False	False	(5, 2, 1)	()	1	5	major	major	I	I, major	V		I	I	False	V6	V6, major	V	V6, major		V	0	0	0	5	5	5	True	False	True
2808	36	72	0	C	0	3	4	1	1	True	1.0	0	18	18	40	18b	117	3/8	False	5	True				False	88		V2/V	C	I	V	V2/V		V		2		V	Mm7	False	False	(0, 2, 6, 3)	()	2	0	major	major	I	I, major	V/V	V	V/I	V	False	V2/V	V2/V, major	V	V2/V, major	V	V	0	0	1	0	0	-1	True	False	True
2832	48	55	1	G	0	3	4	4	1	True	2.0	0	18	18	40	18b	118	1/2	False	3	False				False	88		V2/V	C	I	V	V2/V		V		2		V	Mm7	False	False	(0, 2, 6, 3)	()	2	0	major	major	I	I, major	V/V	V	V/I	V	False	V2/V	V2/V, major	V	V2/V, major	V	V	0	0	1	1	1	0	False	False	False
2832	48	60	0	C	0	3	4	3	1	True	2.0	0	18	18	40	18b	118	1/2	False	4	False				False	88		V2/V	C	I	V	V2/V		V		2		V	Mm7	False	False	(0, 2, 6, 3)	()	2	0	major	major	I	I, major	V/V	V	V/I	V	False	V2/V	V2/V, major	V	V2/V, major	V	V	0	0	1	0	0	-1	True	False	True
2832	48	66	6	F	1	3	4	2	1	True	2.0	0	18	18	40	18b	118	1/2	False	4	False				False	88		V2/V	C	I	V	V2/V		V		2		V	Mm7	False	False	(0, 2, 6, 3)	()	2	0	major	major	I	I, major	V/V	V	V/I	V	False	V2/V	V2/V, major	V	V2/V, major	V	V	0	0	1	6	6	5	True	False	False
2844	12	69	3	A	0	3	4	1	1	True	2.5	0	18	18	40	18b	237/2	1/8	False	4	False				False	88		V2/V	C	I	V	V2/V		V		2		V	Mm7	False	False	(0, 2, 6, 3)	()	2	0	major	major	I	I, major	V/V	V	V/I	V	False	V2/V	V2/V, major	V	V2/V, major	V	V	0	0	1	3	3	2	True	False	False
2856	6	68	8	G	1	3	4	1	1	True	3.0	0	18	18	40	18b	119	1/16	False	4	False				False	88		V2/V	C	I	V	V2/V		V		2		V	Mm7	False	False	(0, 2, 6, 3)	()	2	0	major	major	I	I, major	V/V	V	V/I	V	False	V2/V	V2/V, major	V	V2/V, major	V	V	0	0	1	8	8	7	False	False	False
2862	6	69	3	A	0	3	4	1	1	True	3.25	0	18	18	40	18b	477/4	1/16	False	4	False				False	88		V2/V	C	I	V	V2/V		V		2		V	Mm7	False	False	(0, 2, 6, 3)	()	2	0	major	major	I	I, major	V/V	V	V/I	V	False	V2/V	V2/V, major	V	V2/V, major	V	V	0	0	1	3	3	2	True	False	False
2868	6	71	5	B	0	3	4	1	1	True	3.5	0	18	18	40	18b	239/2	1/16	False	4	False				False	88		V2/V	C	I	V	V2/V		V		2		V	Mm7	False	False	(0, 2, 6, 3)	()	2	0	major	major	I	I, major	V/V	V	V/I	V	False	V2/V	V2/V, major	V	V2/V, major	V	V	0	0	1	5	5	4	False	False	False
2874	6	72	0	C	0	3	4	1	1	True	3.75	0	18	18	40	18b	479/4	1/16	False	5	False				False	88		V2/V	C	I	V	V2/V		V		2		V	Mm7	False	False	(0, 2, 6, 3)	()	2	0	major	major	I	I, major	V/V	V	V/I	V	False	V2/V	V2/V, major	V	V2/V, major	V	V	0	0	1	0	0	-1	True	False	True
2880	12	74	2	D	0	3	4	1	1	True	1.0	0	19	19	41	19b	120	1/8	False	5	True				False	89		V6	C	I	V	V6		V		6			M	False	False	(5, 2, 1)	()	1	5	major	major	I	I, major	V		I	I	False	V6	V6, major	V	V6, major		V	0	0	0	2	2	2	True	False	False
2892	12	71	5	B	0	3	4	1	1	True	1.5	0	19	19	41	19b	241/2	1/8	False	4	False				False	89		V6	C	I	V	V6		V		6			M	False	False	(5, 2, 1)	()	1	5	major	major	I	I, major	V		I	I	False	V6	V6, major	V	V6, major		V	0	0	0	5	5	5	True	False	True
2904	24	55	1	G	0	3	4	4	1	True	2.0	0	19	19	41	19b	121	1/4	False	3	True				False	90		viio6	C	I	V	viio6		vii	o	6			o	False	False	(2, -1, 5)	()	5	2	major	major	I	I, major	vii		I	I	False	viio6	viio6, major	V	viio6, major		vii	0	0	0	1	1	1	False	False	False
2904	24	62	2	D	0	3	4	3	1	True	2.0	0	19	19	41	19b	121	1/4	False	4	True				False	90		viio6	C	I	V	viio6		vii	o	6			o	False	False	(2, -1, 5)	()	5	2	major	major	I	I, major	vii		I	I	False	viio6	viio6, major	V	viio6, major		vii	0	0	0	2	2	2	True	False	True
2904	24	65	-1	F	0	3	4	2	1	True	2.0	0	19	19	41	19b	121	1/4	False	4	True				False	90		viio6	C	I	V	viio6		vii	o	6			o	False	False	(2, -1, 5)	()	5	2	major	major	I	I, major	vii		I	I	False	viio6	viio6, major	V	viio6, major		vii	0	0	0	-1	-1	-1	True	False	False
2904	6	69	3	A	0	3	4	1	1	True	2.0	0	19	19	41	19b	121	1/16	False	4	True				False	90		viio6	C	I	V	viio6		vii	o	6			o	False	False	(2, -1, 5)	()	5	2	major	major	I	I, major	vii		I	I	False	viio6	viio6, major	V	viio6, major		vii	0	0	0	3	3	3	False	False	False
2910	6	71	5	B	0	3	4	1	1	True	2.25	0	19	19	41	19b	485/4	1/16	False	4	False				False	90		viio6	C	I	V	viio6		vii	o	6			o	False	False	(2, -1, 5)	()	5	2	major	major	I	I, major	vii		I	I	False	viio6	viio6, major	V	viio6, major		vii	0	0	0	5	5	5	True	True	False
2916	6	72	0	C	0	3	4	1	1	True	2.5	0	19	19	41	19b	243/2	1/16	False	5	False				False	90		viio6	C	I	V	viio6		vii	o	6			o	False	False	(2, -1, 5)	()	5	2	major	major	I	I, major	vii		I	I	False	viio6	viio6, major	V	viio6, major		vii	0	0	0	0	0	0	False	False	False
2922	6	74	2	D	0	3	4	1	1	True	2.75	0	19	19	41	19b	487/4	1/16	False	5	False				False	90		viio6	C	I	V	viio6		vii	o	6			o	False	False	(2, -1, 5)	()	5	2	major	major	I	I, major	vii		I	I	False	viio6	viio6, major	V	viio6, major		vii	0	0	0	2	2	2	True	False	True
2928	24	55	1	G	0	3	4	4	1	True	3.0	0	19	19	41	19b	122	1/4	False	3	True				False	91		I	C	I	V	I		I					M	False	False	(0, 4, 1)	()	0	0	major	major	I	I, major	I		I	I	False	I	I, major	V	I, major		I	0	0	0	1	1	1	True	False	False
2928	24	60	0	C	0	3	4	3	1	True	3.0	0	19	19	41	19b	122	1/4	False	4	True				False	91		I	C	I	V	I		I					M	False	False	(0, 4, 1)	()	0	0	major	major	I	I, major	I		I	I	False	I	I, major	V	I, major		I	0	0	0	0	0	0	True	True	True
2928	24	64	4	E	0	3	4	2	1	True	3.0	0	19	19	41	19b	122	1/4	False	4	True				False	91		I	C	I	V	I		I					M	False	False	(0, 4, 1)	()	0	0	major	major	I	I, major	I		I	I	False	I	I, major	V	I, major		I	0	0	0	4	4	4	True	False	False
2928	12	76	4	E	0	3	4	1	1	True	3.0	0	19	19	41	19b	122	1/8	False	5	True				False	91		I	C	I	V	I		I					M	False	False	(0, 4, 1)	()	0	0	major	major	I	I, major	I		I	I	False	I	I, major	V	I, major		I	0	0	0	4	4	4	True	False	False
2940	12	72	0	C	0	3	4	1	1	True	3.5	0	19	19	41	19b	245/2	1/8	False	5	False				False	91		I	C	I	V	I		I					M	False	False	(0, 4, 1)	()	0	0	major	major	I	I, major	I		I	I	False	I	I, major	V	I, major		I	0	0	0	0	0	0	True	True	True
2952	24	55	1	G	0	3	4	4	1	False	1.0	0	20	20	42	20b	123	1/4	False	3	False				False	91		I	C	I	V	I		I					M	False	False	(0, 4, 1)	()	0	0	major	major	I	I, major	I		I	I	False	I	I, major	V	I, major		I	0	0	0	1	1	1	True	False	False
2952	24	60	0	C	0	3	4	3	1	False	1.0	0	20	20	42	20b	123	1/4	False	4	False				False	91		I	C	I	V	I		I					M	False	False	(0, 4, 1)	()	0	0	major	major	I	I, major	I		I	I	False	I	I, major	V	I, major		I	0	0	0	0	0	0	True	True	True
2952	24	64	4	E	0	3	4	2	1	False	1.0	0	20	20	42	20b	123	1/4	False	4	False				False	91		I	C	I	V	I		I					M	False	False	(0, 4, 1)	()	0	0	major	major	I	I, major	I		I	I	False	I	I, major	V	I, major		I	0	0	0	4	4	4	True	False	False
2952	6	71	5	B	0	3	4	1	1	True	1.0	0	20	20	42	20b	123	1/16	False	4	False				False	91		I	C	I	V	I		I					M	False	False	(0, 4, 1)	()	0	0	major	major	I	I, major	I		I	I	False	I	I, major	V	I, major		I	0	0	0	5	5	5	False	False	False
2958	6	72	0	C	0	3	4	1	1	True	1.25	0	20	20	42	20b	493/4	1/16	False	5	False				False	91		I	C	I	V	I		I					M	False	False	(0, 4, 1)	()	0	0	major	major	I	I, major	I		I	I	False	I	I, major	V	I, major		I	0	0	0	0	0	0	True	True	True
2964	6	74	2	D	0	3	4	1	1	True	1.5	0	20	20	42	20b	247/2	1/16	False	5	False				False	91		I	C	I	V	I		I					M	False	False	(0, 4, 1)	()	0	0	major	major	I	I, major	I		I	I	False	I	I, major	V	I, major		I	0	0	0	2	2	2	False	False	False
2970	6	76	4	E	0	3	4	1	1	True	1.75	0	20	20	42	20b	495/4	1/16	False	5	False				False	91		I	C	I	V	I		I					M	False	False	(0, 4, 1)	()	0	0	major	major	I	I, major	I		I	I	False	I	I, major	V	I, major		I	0	0	0	4	4	4	True	False	False
2976	24	55	1	G	0	3	4	4	1	True	2.0	0	20	20	42	20b	124	1/4	False	3	True				False	92		V6]	C	I	V	V6		V		6			M	False	False	(5, 2, 1)	()	1	5	major	major	I	I, major	V		I	I	False	V6	V6, major	V	V6, major		V	0	0	0	1	1	1	True	True	False
2976	24	59	5	B	0	3	4	3	1	True	2.0	0	20	20	42	20b	124	1/4	False	3	True				False	92		V6]	C	I	V	V6		V		6			M	False	False	(5, 2, 1)	()	1	5	major	major	I	I, major	V		I	I	False	V6	V6, major	V	V6, major		V	0	0	0	5	5	5	True	False	True
2976	24	62	2	D	0	3	4	2	1	True	2.0	0	20	20	42	20b	124	1/4	False	4	True				False	92		V6]	C	I	V	V6		V		6			M	False	False	(5, 2, 1)	()	1	5	major	major	I	I, major	V		I	I	False	V6	V6, major	V	V6, major		V	0	0	0	2	2	2	True	False	False
2976	6	77	-1	F	0	3	4	1	1	True	2.0	0	20	20	42	20b	124	1/16	False	5	True				False	92		V6]	C	I	V	V6		V		6			M	False	False	(5, 2, 1)	()	1	5	major	major	I	I, major	V		I	I	False	V6	V6, major	V	V6, major		V	0	0	0	-1	-1	-1	False	False	False
2982	6	79	1	G	0	3	4	1	1	True	2.25	0	20	20	42	20b	497/4	1/16	False	5	False				False	92		V6]	C	I	V	V6		V		6			M	False	False	(5, 2, 1)	()	1	5	major	major	I	I, major	V		I	I	False	V6	V6, major	V	V6, major		V	0	0	0	1	1	1	True	True	False
2988	6	81	3	A	0	3	4	1	1	True	2.5	0	20	20	42	20b	249/2	1/16	False	5	False				False	92		V6]	C	I	V	V6		V		6			M	False	False	(5, 2, 1)	()	1	5	major	major	I	I, major	V		I	I	False	V6	V6, major	V	V6, major		V	0	0	0	3	3	3	False	False	False
2994	6	79	1	G	0	3	4	1	1	True	2.75	0	20	20	42	20b	499/4	1/16	False	5	False				False	92		V6]	C	I	V	V6		V		6			M	False	False	(5, 2, 1)	()	1	5	major	major	I	I, major	V		I	I	False	V6	V6, major	V	V6, major		V	0	0	0	1	1	1	True	True	False
3000	6	77	-1	F	0	3	4	1	1	True	3.0	0	20	20	42	20b	125	1/16	False	5	False				False	92		V6]	C	I	V	V6		V		6			M	False	False	(5, 2, 1)	()	1	5	major	major	I	I, major	V		I	I	False	V6	V6, major	V	V6, major		V	0	0	0	-1	-1	-1	False	False	False
3006	6	76	4	E	0	3	4	1	1	True	3.25	0	20	20	42	20b	501/4	1/16	False	5	False				False	92		V6]	C	I	V	V6		V		6			M	False	False	(5, 2, 1)	()	1	5	major	major	I	I, major	V		I	I	False	V6	V6, major	V	V6, major		V	0	0	0	4	4	4	False	False	False
3012	6	74	2	D	0	3	4	1	1	True	3.5	0	20	20	42	20b	251/2	1/16	False	5	False				False	92		V6]	C	I	V	V6		V		6			M	False	False	(5, 2, 1)	()	1	5	major	major	I	I, major	V		I	I	False	V6	V6, major	V	V6, major		V	0	0	0	2	2	2	True	False	False
3018	6	72	0	C	0	3	4	1	1	True	3.75	0	20	20	42	20b	503/4	1/16	False	5	False				False	92		V6]	C	I	V	V6		V		6			M	False	False	(5, 2, 1)	()	1	5	major	major	I	I, major	V		I	I	False	V6	V6, major	V	V6, major		V	0	0	0	0	0	0	False	False	False
3024	6	71	5	B	0	3	4	1	1	True	1.0	0	21	21	43	21b	126	1/16	False	4	False				False	92		V6]	C	I	V	V6		V		6			M	False	False	(5, 2, 1)	()	1	5	major	major	I	I, major	V		I	I	False	V6	V6, major	V	V6, major		V	0	0	0	5	5	5	True	False	True
3030	6	69	3	A	0	3	4	1	1	True	1.25	0	21	21	43	21b	505/4	1/16	False	4	False				False	92		V6]	C	I	V	V6		V		6			M	False	False	(5, 2, 1)	()	1	5	major	major	I	I, major	V		I	I	False	V6	V6, major	V	V6, major		V	0	0	0	3	3	3	False	False	False
3036	6	67	1	G	0	3	4	1	1	True	1.5	0	21	21	43	21b	253/2	1/16	False	4	False				False	92		V6]	C	I	V	V6		V		6			M	False	False	(5, 2, 1)	()	1	5	major	major	I	I, major	V		I	I	False	V6	V6, major	V	V6, major		V	0	0	0	1	1	1	True	True	False
3042	6	65	-1	F	0	3	4	1	1	True	1.75	0	21	21	43	21b	507/4	1/16	False	4	False				False	92		V6]	C	I	V	V6		V		6			M	False	False	(5, 2, 1)	()	1	5	major	major	I	I, major	V		I	I	False	V6	V6, major	V	V6, major		V	0	0	0	-1	-1	-1	False	False	False
3048	6	64	4	E	0	3	4	1	1	True	2.0	0	21	21	43	21b	127	1/16	False	4	False				False	92		V6]	C	I	V	V6		V		6			M	False	False	(5, 2, 1)	()	1	5	major	major	I	I, major	V		I	I	False	V6	V6, major	V	V6, major		V	0	0	0	4	4	4	False	False	False
3054	6	62	2	D	0	3	4	1	1	True	2.25	0	21	21	43	21b	509/4	1/16	False	4	False				False	92		V6]	C	I	V	V6		V		6			M	False	False	(5, 2, 1)	()	1	5	major	major	I	I, major	V		I	I	False	V6	V6, major	V	V6, major		V	0	0	0	2	2	2	True	False	False
3060	6	60	0	C	0	3	4	1	1	True	2.5	0	21	21	43	21b	255/2	1/16	False	4	False				False	92		V6]	C	I	V	V6		V		6			M	False	False	(5, 2, 1)	()	1	5	major	major	I	I, major	V		I	I	False	V6	V6, major	V	V6, major		V	0	0	0	0	0	0	False	False	False
3066	6	59	5	B	0	3	4	1	1	True	2.75	0	21	21	43	21b	511/4	1/16	False	3	False				False	92		V6]	C	I	V	V6		V		6			M	False	False	(5, 2, 1)	()	1	5	major	major	I	I, major	V		I	I	False	V6	V6, major	V	V6, major		V	0	0	0	5	5	5	True	False	True
3072	6	57	3	A	0	3	4	3	1	True	3.0	0	21	21	43	21b	128	1/16	False	3	False				False	92		V6]	C	I	V	V6		V		6			M	False	False	(5, 2, 1)	()	1	5	major	major	I	I, major	V		I	I	False	V6	V6, major	V	V6, major		V	0	0	0	3	3	3	False	False	False
3078	6	55	1	G	0	3	4	3	1	True	3.25	0	21	21	43	21b	513/4	1/16	False	3	False				False	92		V6]	C	I	V	V6		V		6			M	False	False	(5, 2, 1)	()	1	5	major	major	I	I, major	V		I	I	False	V6	V6, major	V	V6, major		V	0	0	0	1	1	1	True	True	False
3084	6	53	-1	F	0	3	4	3	1	True	3.5	0	21	21	43	21b	257/2	1/16	False	3	False				False	92		V6]	C	I	V	V6		V		6			M	False	False	(5, 2, 1)	()	1	5	major	major	I	I, major	V		I	I	False	V6	V6, major	V	V6, major		V	0	0	0	-1	-1	-1	False	False	False
3090	6	52	4	E	0	3	4	3	1	True	3.75	0	21	21	43	21b	515/4	1/16	False	3	False				False	92		V6]	C	I	V	V6		V		6			M	False	False	(5, 2, 1)	()	1	5	major	major	I	I, major	V		I	I	False	V6	V6, major	V	V6, major		V	0	0	0	4	4	4	False	False	False
3096	6	50	2	D	0	3	4	4	1	True	1.0	0	22	22	44	22b	129	1/16	False	3	False				False	92		V6]	C	I	V	V6		V		6			M	False	False	(5, 2, 1)	()	1	5	major	major	I	I, major	V		I	I	False	V6	V6, major	V	V6, major		V	0	0	0	2	2	2	True	False	False
3102	6	48	0	C	0	3	4	4	1	True	1.25	0	22	22	44	22b	517/4	1/16	False	3	False				False	92		V6]	C	I	V	V6		V		6			M	False	False	(5, 2, 1)	()	1	5	major	major	I	I, major	V		I	I	False	V6	V6, major	V	V6, major		V	0	0	0	0	0	0	False	False	False
3108	6	47	5	B	0	3	4	4	1	True	1.5	0	22	22	44	22b	259/2	1/16	False	2	False				False	92		V6]	C	I	V	V6		V		6			M	False	False	(5, 2, 1)	()	1	5	major	major	I	I, major	V		I	I	False	V6	V6, major	V	V6, major		V	0	0	0	5	5	5	True	False	True
3114	6	45	3	A	0	3	4	4	1	True	1.75	0	22	22	44	22b	519/4	1/16	False	2	False				False	92		V6]	C	I	V	V6		V		6			M	False	False	(5, 2, 1)	()	1	5	major	major	I	I, major	V		I	I	False	V6	V6, major	V	V6, major		V	0	0	0	3	3	3	False	False	False
3120	6	43	1	G	0	3	4	4	1	True	2.0	0	22	22	44	22b	130	1/16	False	2	False				False	92		V6]	C	I	V	V6		V		6			M	False	False	(5, 2, 1)	()	1	5	major	major	I	I, major	V		I	I	False	V6	V6, major	V	V6, major		V	0	0	0	1	1	1	True	True	False
3126	6	45	3	A	0	3	4	4	1	True	2.25	0	22	22	44	22b	521/4	1/16	False	2	False				False	92		V6]	C	I	V	V6		V		6			M	False	False	(5, 2, 1)	()	1	5	major	major	I	I, major	V		I	I	False	V6	V6, major	V	V6, major		V	0	0	0	3	3	3	False	False	False
3132	6	47	5	B	0	3	4	4	1	True	2.5	0	22	22	44	22b	261/2	1/16	False	2	False				False	92		V6]	C	I	V	V6		V		6			M	False	False	(5, 2, 1)	()	1	5	major	major	I	I, major	V		I	I	False	V6	V6, major	V	V6, major		V	0	0	0	5	5	5	True	False	True
3138	6	48	0	C	0	3	4	4	1	True	2.75	0	22	22	44	22b	523/4	1/16	False	3	False				False	92		V6]	C	I	V	V6		V		6			M	False	False	(5, 2, 1)	()	1	5	major	major	I	I, major	V		I	I	False	V6	V6, major	V	V6, major		V	0	0	0	0	0	0	False	False	False
3144	6	50	2	D	0	3	4	4	1	True	3.0	0	22	22	44	22b	131	1/16	False	3	False				False	92		V6]	C	I	V	V6		V		6			M	False	False	(5, 2, 1)	()	1	5	major	major	I	I, major	V		I	I	False	V6	V6, major	V	V6, major		V	0	0	0	2	2	2	True	False	False
3150	6	52	4	E	0	3	4	4	1	True	3.25	0	22	22	44	22b	525/4	1/16	False	3	False				False	92		V6]	C	I	V	V6		V		6			M	False	False	(5, 2, 1)	()	1	5	major	major	I	I, major	V		I	I	False	V6	V6, major	V	V6, major		V	0	0	0	4	4	4	False	False	False
3156	6	53	-1	F	0	3	4	4	1	True	3.5	0	22	22	44	22b	263/2	1/16	False	3	False				False	92		V6]	C	I	V	V6		V		6			M	False	False	(5, 2, 1)	()	1	5	major	major	I	I, major	V		I	I	False	V6	V6, major	V	V6, major		V	0	0	0	-1	-1	-1	False	False	False
3162	6	50	2	D	0	3	4	4	1	True	3.75	0	22	22	44	22b	527/4	1/16	False	3	False				False	92		V6]	C	I	V	V6		V		6			M	False	False	(5, 2, 1)	()	1	5	major	major	I	I, major	V		I	I	False	V6	V6, major	V	V6, major		V	0	0	0	2	2	2	True	False	False
3168	48	48	0	C	0	3	4	4	1	True	1.0	0	23	23	45	23b	132	1/2	False	3	True				False	93		I	C	I		I		I					M	False	False	(0, 4, 1)	()	0	0	major	major	I	I, major	I		I	I	False	I	I, major		I, major		I	0	0	0	0	0	0	True	True	True
3192	48	55	1	G	0	3	4	3	1	True	2.0	0	23	23	45	23b	133	1/2	False	3	False				False	93		I	C	I		I		I					M	False	False	(0, 4, 1)	()	0	0	major	major	I	I, major	I		I	I	False	I	I, major		I, major		I	0	0	0	1	1	1	True	False	False
3216	6	47	5	B	0	3	4	4	1	True	3.0	0	23	23	45	23b	134	1/16	False	2	False				False	93		I	C	I		I		I					M	False	False	(0, 4, 1)	()	0	0	major	major	I	I, major	I		I	I	False	I	I, major		I, major		I	0	0	0	5	5	5	False	False	False
3222	6	48	0	C	0	3	4	4	1	True	3.25	0	23	23	45	23b	537/4	1/16	False	3	False				False	93		I	C	I		I		I					M	False	False	(0, 4, 1)	()	0	0	major	major	I	I, major	I		I	I	False	I	I, major		I, major		I	0	0	0	0	0	0	True	True	True
3228	6	50	2	D	0	3	4	4	1	True	3.5	0	23	23	45	23b	269/2	1/16	False	3	False				False	93		I	C	I		I		I					M	False	False	(0, 4, 1)	()	0	0	major	major	I	I, major	I		I	I	False	I	I, major		I, major		I	0	0	0	2	2	2	False	False	False
3234	6	52	4	E	0	3	4	4	1	True	3.75	0	23	23	45	23b	539/4	1/16	False	3	False				False	93		I	C	I		I		I					M	False	False	(0, 4, 1)	()	0	0	major	major	I	I, major	I		I	I	False	I	I, major		I, major		I	0	0	0	4	4	4	True	False	False
3240	48	53	-1	F	0	3	4	4	1	True	1.0	0	24	24	46	24b	135	1/2	False	3	True				False	94		V2	C	I		V2		V		2			Mm7	False	False	(-1, 1, 5, 2)	()	1	-1	major	major	I	I, major	V		I	I	False	V2	V2, major		V2, major		V	0	0	0	-1	-1	-1	True	False	True
3240	24	55	1	G	0	3	4	3	1	False	1.0	0	24	24	46	24b	135	1/4	False	3	True				False	94		V2	C	I		V2		V		2			Mm7	False	False	(-1, 1, 5, 2)	()	1	-1	major	major	I	I, major	V		I	I	False	V2	V2, major		V2, major		V	0	0	0	1	1	1	True	True	False
3240	48	62	2	D	0	3	4	2	1	True	1.0	0	24	24	46	24b	135	1/2	False	4	True				False	94		V2	C	I		V2		V		2			Mm7	False	False	(-1, 1, 5, 2)	()	1	-1	major	major	I	I, major	V		I	I	False	V2	V2, major		V2, major		V	0	0	0	2	2	2	True	False	False
3264	6	54	6	F	1	3	4	3	1	True	2.0	0	24	24	46	24b	136	1/16	False	3	False				False	94		V2	C	I		V2		V		2			Mm7	False	False	(-1, 1, 5, 2)	()	1	-1	major	major	I	I, major	V		I	I	False	V2	V2, major		V2, major		V	0	0	0	6	6	6	False	False	False
3270	6	55	1	G	0	3	4	3	1	True	2.25	0	24	24	46	24b	545/4	1/16	False	3	False				False	94		V2	C	I		V2		V		2			Mm7	False	False	(-1, 1, 5, 2)	()	1	-1	major	major	I	I, major	V		I	I	False	V2	V2, major		V2, major		V	0	0	0	1	1	1	True	True	False
3276	6	57	3	A	0	3	4	3	1	True	2.5	0	24	24	46	24b	273/2	1/16	False	3	False				False	94		V2	C	I		V2		V		2			Mm7	False	False	(-1, 1, 5, 2)	()	1	-1	major	major	I	I, major	V		I	I	False	V2	V2, major		V2, major		V	0	0	0	3	3	3	False	False	False
3282	6	59	5	B	0	3	4	3	1	True	2.75	0	24	24	46	24b	547/4	1/16	False	3	False				False	94		V2	C	I		V2		V		2			Mm7	False	False	(-1, 1, 5, 2)	()	1	-1	major	major	I	I, major	V		I	I	False	V2	V2, major		V2, major		V	0	0	0	5	5	5	True	False	False
3288	24	52	4	E	0	3	4	4	1	True	3.0	0	24	24	46	24b	137	1/4	False	3	True				False	95		I6	C	I		I6		I		6			M	False	False	(4, 1, 0)	()	0	4	major	major	I	I, major	I		I	I	False	I6	I6, major		I6, major		I	0	0	0	4	4	4	True	False	True
3288	6	60	0	C	0	3	4	2	1	True	3.0	0	24	24	46	24b	137	1/16	False	4	True				False	95		I6	C	I		I6		I		6			M	False	False	(4, 1, 0)	()	0	4	major	major	I	I, major	I		I	I	False	I6	I6, major		I6, major		I	0	0	0	0	0	0	True	True	False
3288	12	60	0	C	0	3	4	3	1	True	3.0	0	24	24	46	24b	137	1/8	False	4	True				False	95		I6	C	I		I6		I		6			M	False	False	(4, 1, 0)	()	0	4	major	major	I	I, major	I		I	I	False	I6	I6, major		I6, major		I	0	0	0	0	0	0	True	True	False
3288	24	67	1	G	0	3	4	1	1	True	3.0	0	24	24	46	24b	137	1/4	False	4	True				False	95		I6	C	I		I6		I		6			M	False	False	(4, 1, 0)	()	0	4	major	major	I	I, major	I		I	I	False	I6	I6, major		I6, major		I	0	0	0	1	1	1	True	False	False
3294	6	62	2	D	0	3	4	2	1	True	3.25	0	24	24	46	24b	549/4	1/16	False	4	False				False	95		I6	C	I		I6		I		6			M	False	False	(4, 1, 0)	()	0	4	major	major	I	I, major	I		I	I	False	I6	I6, major		I6, major		I	0	0	0	2	2	2	False	False	False
3300	12	55	1	G	0	3	4	3	1	True	3.5	0	24	24	46	24b	275/2	1/8	False	3	False				False	95		I6	C	I		I6		I		6			M	False	False	(4, 1, 0)	()	0	4	major	major	I	I, major	I		I	I	False	I6	I6, major		I6, major		I	0	0	0	1	1	1	True	False	False
3300	6	64	4	E	0	3	4	2	1	True	3.5	0	24	24	46	24b	275/2	1/16	False	4	False				False	95		I6	C	I		I6		I		6			M	False	False	(4, 1, 0)	()	0	4	major	major	I	I, major	I		I	I	False	I6	I6, major		I6, major		I	0	0	0	4	4	4	True	False	True
3306	6	65	-1	F	0	3	4	2	1	True	3.75	0	24	24	46	24b	551/4	1/16	False	4	False				False	95		I6	C	I		I6		I		6			M	False	False	(4, 1, 0)	()	0	4	major	major	I	I, major	I		I	I	False	I6	I6, major		I6, major		I	0	0	0	-1	-1	-1	False	False	False
3312	24	50	2	D	0	3	4	4	1	True	1.0	0	25	25	47	25b	138	1/4	False	3	True				False	96		V43	C	I		V43		V		43			Mm7	False	False	(2, -1, 1, 5)	()	1	2	major	major	I	I, major	V		I	I	False	V43	V43, major		V43, major		V	0	0	0	2	2	2	True	False	True
3312	12	55	1	G	0	3	4	3	1	False	1.0	0	25	25	47	25b	138	1/8	False	3	True				False	96		V43	C	I		V43		V		43			Mm7	False	False	(2, -1, 1, 5)	()	1	2	major	major	I	I, major	V		I	I	False	V43	V43, major		V43, major		V	0	0	0	1	1	1	True	True	False
3312	6	67	1	G	0	3	4	1	1	False	1.0	0	25	25	47	25b	138	1/16	False	4	True				False	96		V43	C	I		V43		V		43			Mm7	False	False	(2, -1, 1, 5)	()	1	2	major	major	I	I, major	V		I	I	False	V43	V43, major		V43, major		V	0	0	0	1	1	1	True	True	False
3312	24	67	1	G	0	3	4	2	1	True	1.0	0	25	25	47	25b	138	1/4	False	4	True				False	96		V43	C	I		V43		V		43			Mm7	False	False	(2, -1, 1, 5)	()	1	2	major	major	I	I, major	V		I	I	False	V43	V43, major		V43, major		V	0	0	0	1	1	1	True	True	False
3318	6	69	3	A	0	3	4	1	1	True	1.25	0	25	25	47	25b	553/4	1/16	False	4	False				False	96		V43	C	I		V43		V		43			Mm7	False	False	(2, -1, 1, 5)	()	1	2	major	major	I	I, major	V		I	I	False	V43	V43, major		V43, major		V	0	0	0	3	3	3	False	False	False
3324	12	57	3	A	0	3	4	3	1	True	1.5	0	25	25	47	25b	277/2	1/8	False	3	False				False	96		V43	C	I		V43		V		43			Mm7	False	False	(2, -1, 1, 5)	()	1	2	major	major	I	I, major	V		I	I	False	V43	V43, major		V43, major		V	0	0	0	3	3	3	False	False	False
3324	6	71	5	B	0	3	4	1	1	True	1.5	0	25	25	47	25b	277/2	1/16	False	4	False				False	96		V43	C	I		V43		V		43			Mm7	False	False	(2, -1, 1, 5)	()	1	2	major	major	I	I, major	V		I	I	False	V43	V43, major		V43, major		V	0	0	0	5	5	5	True	False	False
3330	6	72	0	C	0	3	4	1	1	True	1.75	0	25	25	47	25b	555/4	1/16	False	5	False				False	96		V43	C	I		V43		V		43			Mm7	False	False	(2, -1, 1, 5)	()	1	2	major	major	I	I, major	V		I	I	False	V43	V43, major		V43, major		V	0	0	0	0	0	0	False	False	False
3336	36	55	1	G	0	3	4	4	1	True	2.0	0	25	25	47	25b	139	3/8	False	3	True				False	97		V	C	I		V		V					M	False	False	(1, 5, 2)	()	1	1	major	major	I	I, major	V		I	I	False	V	V, major		V, major		V	0	0	0	1	1	1	True	True	True
3336	12	59	5	B	0	3	4	3	1	True	2.0	0	25	25	47	25b	139	1/8	False	3	True				False	97		V	C	I		V		V					M	False	False	(1, 5, 2)	()	1	1	major	major	I	I, major	V		I	I	False	V	V, major		V, major		V	0	0	0	5	5	5	True	False	False
3336	6	74	2	D	0	3	4	1	1	True	2.0	0	25	25	47	25b	139	1/16	False	5	True				False	97		V	C	I		V		V					M	False	False	(1, 5, 2)	()	1	1	major	major	I	I, major	V		I	I	False	V	V, major		V, major		V	0	0	0	2	2	2	True	False	False
3342	6	76	4	E	0	3	4	1	1	True	2.25	0	25	25	47	25b	557/4	1/16	False	5	False				False	97		V	C	I		V		V					M	False	False	(1, 5, 2)	()	1	1	major	major	I	I, major	V		I	I	False	V	V, major		V, major		V	0	0	0	4	4	4	False	False	False
3348	12	55	1	G	0	3	4	3	1	True	2.5	0	25	25	47	25b	279/2	1/8	False	3	False				False	97		V	C	I		V		V					M	False	False	(1, 5, 2)	()	1	1	major	major	I	I, major	V		I	I	False	V	V, major		V, major		V	0	0	0	1	1	1	True	True	True
3348	6	78	6	F	1	3	4	1	1	True	2.5	0	25	25	47	25b	279/2	1/16	False	5	False				False	97		V	C	I		V		V					M	False	False	(1, 5, 2)	()	1	1	major	major	I	I, major	V		I	I	False	V	V, major		V, major		V	0	0	0	6	6	6	False	False	False
3354	6	79	1	G	0	3	4	1	1	True	2.75	0	25	25	47	25b	559/4	1/16	False	5	False				False	97		V	C	I		V		V					M	False	False	(1, 5, 2)	()	1	1	major	major	I	I, major	V		I	I	False	V	V, major		V, major		V	0	0	0	1	1	1	True	True	True
3360	12	60	0	C	0	3	4	3	1	True	3.0	0	25	25	47	25b	140	1/8	False	4	False				False	97		V	C	I		V		V					M	False	False	(1, 5, 2)	()	1	1	major	major	I	I, major	V		I	I	False	V	V, major		V, major		V	0	0	0	0	0	0	False	False	False
3360	6	81	3	A	0	3	4	1	1	True	3.0	0	25	25	47	25b	140	1/16	False	5	False				False	97		V	C	I		V		V					M	False	False	(1, 5, 2)	()	1	1	major	major	I	I, major	V		I	I	False	V	V, major		V, major		V	0	0	0	3	3	3	False	False	False
3366	6	83	5	B	0	3	4	1	1	True	3.25	0	25	25	47	25b	561/4	1/16	False	5	False				False	97		V	C	I		V		V					M	False	False	(1, 5, 2)	()	1	1	major	major	I	I, major	V		I	I	False	V	V, major		V, major		V	0	0	0	5	5	5	True	False	False
3372	12	54	6	F	1	3	4	4	1	True	3.5	0	25	25	47	25b	281/2	1/8	False	3	True				False	98		V65/V	C	I		V65/V		V		65		V	Mm7	False	False	(6, 3, 0, 2)	()	2	6	major	major	I	I, major	V/V	V	V/I	V	False	V65/V	V65/V, major		V65/V, major	V	V	0	0	1	6	6	5	True	False	True
3372	12	57	3	A	0	3	4	3	1	True	3.5	0	25	25	47	25b	281/2	1/8	False	3	True				False	98		V65/V	C	I		V65/V		V		65		V	Mm7	False	False	(6, 3, 0, 2)	()	2	6	major	major	I	I, major	V/V	V	V/I	V	False	V65/V	V65/V, major		V65/V, major	V	V	0	0	1	3	3	2	True	False	False
3372	12	60	0	C	0	3	4	2	1	True	3.5	0	25	25	47	25b	281/2	1/8	False	4	True				False	98		V65/V	C	I		V65/V		V		65		V	Mm7	False	False	(6, 3, 0, 2)	()	2	6	major	major	I	I, major	V/V	V	V/I	V	False	V65/V	V65/V, major		V65/V, major	V	V	0	0	1	0	0	-1	True	False	False
3372	12	62	2	D	0	3	4	2	1	True	3.5	0	25	25	47	25b	281/2	1/8	False	4	True				False	98		V65/V	C	I		V65/V		V		65		V	Mm7	False	False	(6, 3, 0, 2)	()	2	6	major	major	I	I, major	V/V	V	V/I	V	False	V65/V	V65/V, major		V65/V, major	V	V	0	0	1	2	2	1	True	True	False
3372	6	84	0	C	0	3	4	1	1	True	3.5	0	25	25	47	25b	281/2	1/16	False	6	True				False	98		V65/V	C	I		V65/V		V		65		V	Mm7	False	False	(6, 3, 0, 2)	()	2	6	major	major	I	I, major	V/V	V	V/I	V	False	V65/V	V65/V, major		V65/V, major	V	V	0	0	1	0	0	-1	True	False	False
3378	6	81	3	A	0	3	4	1	1	True	3.75	0	25	25	47	25b	563/4	1/16	False	5	False				False	98		V65/V	C	I		V65/V		V		65		V	Mm7	False	False	(6, 3, 0, 2)	()	2	6	major	major	I	I, major	V/V	V	V/I	V	False	V65/V	V65/V, major		V65/V, major	V	V	0	0	1	3	3	2	True	False	False
3384	36	57	3	A	0	3	4	4	1	True	1.0	0	26	26	48	26b	141	3/8	False	3	True				False	99		V43/V	C	I		V43/V		V		43		V	Mm7	False	False	(3, 0, 2, 6)	()	2	3	major	major	I	I, major	V/V	V	V/I	V	False	V43/V	V43/V, major		V43/V, major	V	V	0	0	1	3	3	2	True	False	True
3384	36	60	0	C	0	3	4	3	1	True	1.0	0	26	26	48	26b	141	3/8	False	4	True				False	99		V43/V	C	I		V43/V		V		43		V	Mm7	False	False	(3, 0, 2, 6)	()	2	3	major	major	I	I, major	V/V	V	V/I	V	False	V43/V	V43/V, major		V43/V, major	V	V	0	0	1	0	0	-1	True	False	False
3384	36	62	2	D	0	3	4	2	1	True	1.0	0	26	26	48	26b	141	3/8	False	4	True				False	99		V43/V	C	I		V43/V		V		43		V	Mm7	False	False	(3, 0, 2, 6)	()	2	3	major	major	I	I, major	V/V	V	V/I	V	False	V43/V	V43/V, major		V43/V, major	V	V	0	0	1	2	2	1	True	True	False
3384	6	79	1	G	0	3	4	1	1	True	1.0	0	26	26	48	26b	141	1/16	False	5	True				False	99		V43/V	C	I		V43/V		V		43		V	Mm7	False	False	(3, 0, 2, 6)	()	2	3	major	major	I	I, major	V/V	V	V/I	V	False	V43/V	V43/V, major		V43/V, major	V	V	0	0	1	1	1	0	False	False	False
3390	6	78	6	F	1	3	4	1	1	True	1.25	0	26	26	48	26b	565/4	1/16	False	5	False				False	99		V43/V	C	I		V43/V		V		43		V	Mm7	False	False	(3, 0, 2, 6)	()	2	3	major	major	I	I, major	V/V	V	V/I	V	False	V43/V	V43/V, major		V43/V, major	V	V	0	0	1	6	6	5	True	False	False
3396	6	76	4	E	0	3	4	1	1	True	1.5	0	26	26	48	26b	283/2	1/16	False	5	False				False	99		V43/V	C	I		V43/V		V		43		V	Mm7	False	False	(3, 0, 2, 6)	()	2	3	major	major	I	I, major	V/V	V	V/I	V	False	V43/V	V43/V, major		V43/V, major	V	V	0	0	1	4	4	3	False	False	False
3402	6	78	6	F	1	3	4	1	1	True	1.75	0	26	26	48	26b	567/4	1/16	False	5	False				False	99		V43/V	C	I		V43/V		V		43		V	Mm7	False	False	(3, 0, 2, 6)	()	2	3	major	major	I	I, major	V/V	V	V/I	V	False	V43/V	V43/V, major		V43/V, major	V	V	0	0	1	6	6	5	True	False	False
3408	6	81	3	A	0	3	4	1	1	True	2.0	0	26	26	48	26b	142	1/16	False	5	False				False	99		V43/V	C	I		V43/V		V		43		V	Mm7	False	False	(3, 0, 2, 6)	()	2	3	major	major	I	I, major	V/V	V	V/I	V	False	V43/V	V43/V, major		V43/V, major	V	V	0	0	1	3	3	2	True	False	True
3414	6	79	1	G	0	3	4	1	1	True	2.25	0	26	26	48	26b	569/4	1/16	False	5	False				False	99		V43/V	C	I		V43/V		V		43		V	Mm7	False	False	(3, 0, 2, 6)	()	2	3	major	major	I	I, major	V/V	V	V/I	V	False	V43/V	V43/V, major		V43/V, major	V	V	0	0	1	1	1	0	False	False	False
3420	12	55	1	G	0	3	4	4	1	True	2.5	0	26	26	48	26b	285/2	1/8	False	3	True				False	100		V	C	I		V		V					M	False	False	(1, 5, 2)	()	1	1	major	major	I	I, major	V		I	I	False	V	V, major		V, major		V	0	0	0	1	1	1	True	True	True
3420	12	59	5	B	0	3	4	3	1	True	2.5	0	26	26	48	26b	285/2	1/8	False	3	True				False	100		V	C	I		V		V					M	False	False	(1, 5, 2)	()	1	1	major	major	I	I, major	V		I	I	False	V	V, major		V, major		V	0	0	0	5	5	5	True	False	False
3420	12	67	1	G	0	3	4	2	1	True	2.5	0	26	26	48	26b	285/2	1/8	False	4	True				False	100		V	C	I		V		V					M	False	False	(1, 5, 2)	()	1	1	major	major	I	I, major	V		I	I	False	V	V, major		V, major		V	0	0	0	1	1	1	True	True	True
3420	6	78	6	F	1	3	4	1	1	True	2.5	0	26	26	48	26b	285/2	1/16	False	5	True				False	100		V	C	I		V		V					M	False	False	(1, 5, 2)	()	1	1	major	major	I	I, major	V		I	I	False	V	V, major		V, major		V	0	0	0	6	6	6	False	False	False
3426	6	79	1	G	0	3	4	1	1	True	2.75	0	26	26	48	26b	571/4	1/16	False	5	False				False	100		V	C	I		V		V					M	False	False	(1, 5, 2)	()	1	1	major	major	I	I, major	V		I	I	False	V	V, major		V, major		V	0	0	0	1	1	1	True	True	True
3432	12	53	-1	F	0	3	4	4	1	True	3.0	0	26	26	48	26b	143	1/8	False	3	True				False	101		V2	C	I		V2		V		2			Mm7	False	False	(-1, 1, 5, 2)	()	1	-1	major	major	I	I, major	V		I	I	False	V2	V2, major		V2, major		V	0	0	0	-1	-1	-1	True	False	True
3432	12	60	0	C	0	3	4	3	1	True	3.0	0	26	26	48	26b	143	1/8	False	4	True				False	101		V2	C	I		V2		V		2			Mm7	False	False	(-1, 1, 5, 2)	()	1	-1	major	major	I	I, major	V		I	I	False	V2	V2, major		V2, major		V	0	0	0	0	0	0	False	False	False
3432	12	69	3	A	0	3	4	2	1	True	3.0	0	26	26	48	26b	143	1/8	False	4	True				False	101		V2	C	I		V2		V		2			Mm7	False	False	(-1, 1, 5, 2)	()	1	-1	major	major	I	I, major	V		I	I	False	V2	V2, major		V2, major		V	0	0	0	3	3	3	False	False	False
3432	6	81	3	A	0	3	4	1	1	True	3.0	0	26	26	48	26b	143	1/16	False	5	True				False	101		V2	C	I		V2		V		2			Mm7	False	False	(-1, 1, 5, 2)	()	1	-1	major	major	I	I, major	V		I	I	False	V2	V2, major		V2, major		V	0	0	0	3	3	3	False	False	False
3438	6	79	1	G	0	3	4	1	1	True	3.25	0	26	26	48	26b	573/4	1/16	False	5	False				False	101		V2	C	I		V2		V		2			Mm7	False	False	(-1, 1, 5, 2)	()	1	-1	major	major	I	I, major	V		I	I	False	V2	V2, major		V2, major		V	0	0	0	1	1	1	True	True	False
3444	12	50	2	D	0	3	4	4	1	True	3.5	0	26	26	48	26b	287/2	1/8	False	3	True				False	102		V43	C	I		V43		V		43			Mm7	False	False	(2, -1, 1, 5)	()	1	2	major	major	I	I, major	V		I	I	False	V43	V43, major		V43, major		V	0	0	0	2	2	2	True	False	True
3444	12	62	2	D	0	3	4	3	1	True	3.5	0	26	26	48	26b	287/2	1/8	False	4	True				False	102		V43	C	I		V43		V		43			Mm7	False	False	(2, -1, 1, 5)	()	1	2	major	major	I	I, major	V		I	I	False	V43	V43, major		V43, major		V	0	0	0	2	2	2	True	False	True
3444	12	71	5	B	0	3	4	2	1	True	3.5	0	26	26	48	26b	287/2	1/8	False	4	True				False	102		V43	C	I		V43		V		43			Mm7	False	False	(2, -1, 1, 5)	()	1	2	major	major	I	I, major	V		I	I	False	V43	V43, major		V43, major		V	0	0	0	5	5	5	True	False	False
3444	6	83	5	B	0	3	4	1	1	True	3.5	0	26	26	48	26b	287/2	1/16	False	5	True				False	102		V43	C	I		V43		V		43			Mm7	False	False	(2, -1, 1, 5)	()	1	2	major	major	I	I, major	V		I	I	False	V43	V43, major		V43, major		V	0	0	0	5	5	5	True	False	False
3450	6	79	1	G	0	3	4	1	1	True	3.75	0	26	26	48	26b	575/4	1/16	False	5	False				False	102		V43	C	I		V43		V		43			Mm7	False	False	(2, -1, 1, 5)	()	1	2	major	major	I	I, major	V		I	I	False	V43	V43, major		V43, major		V	0	0	0	1	1	1	True	True	False
3456	24	48	0	C	0	3	4	4	1	True	1.0	0	27	27	49	27b	144	1/4	False	3	True				False	103		I	C	I		I		I					M	False	False	(0, 4, 1)	()	0	0	major	major	I	I, major	I		I	I	False	I	I, major		I, major		I	0	0	0	0	0	0	True	True	True
3456	24	64	4	E	0	3	4	3	1	True	1.0	0	27	27	49	27b	144	1/4	False	4	True				False	103		I	C	I		I		I					M	False	False	(0, 4, 1)	()	0	0	major	major	I	I, major	I		I	I	False	I	I, major		I, major		I	0	0	0	4	4	4	True	False	False
3456	12	72	0	C	0	3	4	2	1	True	1.0	0	27	27	49	27b	144	1/8	False	5	True				False	103		I	C	I		I		I					M	False	False	(0, 4, 1)	()	0	0	major	major	I	I, major	I		I	I	False	I	I, major		I, major		I	0	0	0	0	0	0	True	True	True
3456	36	84	0	C	0	3	4	1	1	True	1.0	0	27	27	49	27b	144	3/8	False	6	True				False	103		I	C	I		I		I					M	False	False	(0, 4, 1)	()	0	0	major	major	I	I, major	I		I	I	False	I	I, major		I, major		I	0	0	0	0	0	0	True	True	True
3468	6	79	1	G	0	3	4	2	1	True	1.5	0	27	27	49	27b	289/2	1/16	False	5	False				False	103		I	C	I		I		I					M	False	False	(0, 4, 1)	()	0	0	major	major	I	I, major	I		I	I	False	I	I, major		I, major		I	0	0	0	1	1	1	True	False	False
3474	6	81	3	A	0	3	4	2	1	True	1.75	0	27	27	49	27b	579/4	1/16	False	5	False				False	103		I	C	I		I		I					M	False	False	(0, 4, 1)	()	0	0	major	major	I	I, major	I		I	I	False	I	I, major		I, major		I	0	0	0	3	3	3	False	False	False
3480	24	60	0	C	0	3	4	4	1	True	2.0	0	27	27	49	27b	145	1/4	False	4	False				False	103		I	C	I		I		I					M	False	False	(0, 4, 1)	()	0	0	major	major	I	I, major	I		I	I	False	I	I, major		I, major		I	0	0	0	0	0	0	True	True	True
3480	24	64	4	E	0	3	4	3	1	True	2.0	0	27	27	49	27b	145	1/4	False	4	False				False	103		I	C	I		I		I					M	False	False	(0, 4, 1)	()	0	0	major	major	I	I, major	I		I	I	False	I	I, major		I, major		I	0	0	0	4	4	4	True	False	False
3480	6	79	1	G	0	3	4	2	1	True	2.0	0	27	27	49	27b	145	1/16	False	5	False				False	103		I	C	I		I		I					M	False	False	(0, 4, 1)	()	0	0	major	major	I	I, major	I		I	I	False	I	I, major		I, major		I	0	0	0	1	1	1	True	False	False
3486	6	81	3	A	0	3	4	2	1	True	2.25	0	27	27	49	27b	581/4	1/16	False	5	False				False	103		I	C	I		I		I					M	False	False	(0, 4, 1)	()	0	0	major	major	I	I, major	I		I	I	False	I	I, major		I, major		I	0	0	0	3	3	3	False	False	False
3492	6	79	1	G	0	3	4	2	1	True	2.5	0	27	27	49	27b	291/2	1/16	False	5	False				False	103		I	C	I		I		I					M	False	False	(0, 4, 1)	()	0	0	major	major	I	I, major	I		I	I	False	I	I, major		I, major		I	0	0	0	1	1	1	True	False	False
3492	6	86	2	D	0	3	4	1	1	True	2.5	0	27	27	49	27b	291/2	1/16	False	6	False				False	103		I	C	I		I		I					M	False	False	(0, 4, 1)	()	0	0	major	major	I	I, major	I		I	I	False	I	I, major		I, major		I	0	0	0	2	2	2	False	False	False
3498	6	81	3	A	0	3	4	2	1	True	2.75	0	27	27	49	27b	583/4	1/16	False	5	False				False	103		I	C	I		I		I					M	False	False	(0, 4, 1)	()	0	0	major	major	I	I, major	I		I	I	False	I	I, major		I, major		I	0	0	0	3	3	3	False	False	False
3498	6	84	0	C	0	3	4	1	1	True	2.75	0	27	27	49	27b	583/4	1/16	False	6	False				False	103		I	C	I		I		I					M	False	False	(0, 4, 1)	()	0	0	major	major	I	I, major	I		I	I	False	I	I, major		I, major		I	0	0	0	0	0	0	True	True	True
3504	6	62	2	D	0	3	4	4	1	True	3.0	0	27	27	49	27b	146	1/16	False	4	True				False	104		V43	C	I		V43		V		43			Mm7	False	False	(2, -1, 1, 5)	()	1	2	major	major	I	I, major	V		I	I	False	V43	V43, major		V43, major		V	0	0	0	2	2	2	True	False	True
3504	6	65	-1	F	0	3	4	3	1	True	3.0	0	27	27	49	27b	146	1/16	False	4	True				False	104		V43	C	I		V43		V		43			Mm7	False	False	(2, -1, 1, 5)	()	1	2	major	major	I	I, major	V		I	I	False	V43	V43, major		V43, major		V	0	0	0	-1	-1	-1	True	False	False
3504	6	79	1	G	0	3	4	2	1	True	3.0	0	27	27	49	27b	146	1/16	False	5	True				False	104		V43	C	I		V43		V		43			Mm7	False	False	(2, -1, 1, 5)	()	1	2	major	major	I	I, major	V		I	I	False	V43	V43, major		V43, major		V	0	0	0	1	1	1	True	True	False
3504	6	83	5	B	0	3	4	1	1	True	3.0	0	27	27	49	27b	146	1/16	False	5	True				False	104		V43	C	I		V43		V		43			Mm7	False	False	(2, -1, 1, 5)	()	1	2	major	major	I	I, major	V		I	I	False	V43	V43, major		V43, major		V	0	0	0	5	5	5	True	False	False
3510	6	60	0	C	0	3	4	4	1	True	3.25	0	27	27	49	27b	585/4	1/16	False	4	False				False	104		V43	C	I		V43		V		43			Mm7	False	False	(2, -1, 1, 5)	()	1	2	major	major	I	I, major	V		I	I	False	V43	V43, major		V43, major		V	0	0	0	0	0	0	False	False	False
3510	6	64	4	E	0	3	4	3	1	True	3.25	0	27	27	49	27b	585/4	1/16	False	4	False				False	104		V43	C	I		V43		V		43			Mm7	False	False	(2, -1, 1, 5)	()	1	2	major	major	I	I, major	V		I	I	False	V43	V43, major		V43, major		V	0	0	0	4	4	4	False	False	False
3510	6	81	3	A	0	3	4	2	1	True	3.25	0	27	27	49	27b	585/4	1/16	False	5	False				False	104		V43	C	I		V43		V		43			Mm7	False	False	(2, -1, 1, 5)	()	1	2	major	major	I	I, major	V		I	I	False	V43	V43, major		V43, major		V	0	0	0	3	3	3	False	False	False
3510	6	84	0	C	0	3	4	1	1	True	3.25	0	27	27	49	27b	585/4	1/16	False	6	False				False	104		V43	C	I		V43		V		43			Mm7	False	False	(2, -1, 1, 5)	()	1	2	major	major	I	I, major	V		I	I	False	V43	V43, major		V43, major		V	0	0	0	0	0	0	False	False	False
3516	6	59	5	B	0	3	4	4	1	True	3.5	0	27	27	49	27b	293/2	1/16	False	3	False				False	104		V43	C	I		V43		V		43			Mm7	False	False	(2, -1, 1, 5)	()	1	2	major	major	I	I, major	V		I	I	False	V43	V43, major		V43, major		V	0	0	0	5	5	5	True	False	False
3516	6	62	2	D	0	3	4	3	1	True	3.5	0	27	27	49	27b	293/2	1/16	False	4	False				False	104		V43	C	I		V43		V		43			Mm7	False	False	(2, -1, 1, 5)	()	1	2	major	major	I	I, major	V		I	I	False	V43	V43, major		V43, major		V	0	0	0	2	2	2	True	False	True
3516	6	83	5	B	0	3	4	2	1	True	3.5	0	27	27	49	27b	293/2	1/16	False	5	False				False	104		V43	C	I		V43		V		43			Mm7	False	False	(2, -1, 1, 5)	()	1	2	major	major	I	I, major	V		I	I	False	V43	V43, major		V43, major		V	0	0	0	5	5	5	True	False	False
3516	6	86	2	D	0	3	4	1	1	True	3.5	0	27	27	49	27b	293/2	1/16	False	6	False				False	104		V43	C	I		V43		V		43			Mm7	False	False	(2, -1, 1, 5)	()	1	2	major	major	I	I, major	V		I	I	False	V43	V43, major		V43, major		V	0	0	0	2	2	2	True	False	True
3522	6	57	3	A	0	3	4	4	1	True	3.75	0	27	27	49	27b	587/4	1/16	False	3	False				False	104		V43	C	I		V43		V		43			Mm7	False	False	(2, -1, 1, 5)	()	1	2	major	major	I	I, major	V		I	I	False	V43	V43, major		V43, major		V	0	0	0	3	3	3	False	False	False
3522	6	60	0	C	0	3	4	3	1	True	3.75	0	27	27	49	27b	587/4	1/16	False	4	False				False	104		V43	C	I		V43		V		43			Mm7	False	False	(2, -1, 1, 5)	()	1	2	major	major	I	I, major	V		I	I	False	V43	V43, major		V43, major		V	0	0	0	0	0	0	False	False	False
3522	6	84	0	C	0	3	4	2	1	True	3.75	0	27	27	49	27b	587/4	1/16	False	6	False				False	104		V43	C	I		V43		V		43			Mm7	False	False	(2, -1, 1, 5)	()	1	2	major	major	I	I, major	V		I	I	False	V43	V43, major		V43, major		V	0	0	0	0	0	0	False	False	False
3522	6	88	4	E	0	3	4	1	1	True	3.75	0	27	27	49	27b	587/4	1/16	False	6	False				False	104		V43	C	I		V43		V		43			Mm7	False	False	(2, -1, 1, 5)	()	1	2	major	major	I	I, major	V		I	I	False	V43	V43, major		V43, major		V	0	0	0	4	4	4	False	False	False
3528	24	55	1	G	0	3	4	4	1	True	1.0	0	28	28	50	28b	147	1/4	False	3	True				False	105		V7	C	I		V7		V		7			Mm7	False	False	(1, 5, 2, -1)	()	1	1	major	major	I	I, major	V		I	I	False	V7	V7, major		V7, major		V	0	0	0	1	1	1	True	True	True
3528	24	59	5	B	0	3	4	3	1	True	1.0	0	28	28	50	28b	147	1/4	False	3	True				False	105		V7	C	I		V7		V		7			Mm7	False	False	(1, 5, 2, -1)	()	1	1	major	major	I	I, major	V		I	I	False	V7	V7, major		V7, major		V	0	0	0	5	5	5	True	False	False
3528	24	86	2	D	0	3	4	2	1	True	1.0	0	28	28	50	28b	147	1/4	False	6	True				False	105		V7	C	I		V7		V		7			Mm7	False	False	(1, 5, 2, -1)	()	1	1	major	major	I	I, major	V		I	I	False	V7	V7, major		V7, major		V	0	0	0	2	2	2	True	False	False
3528	24	89	-1	F	0	3	4	1	1	True	1.0	0	28	28	50	28b	147	1/4	False	6	True				False	105		V7	C	I		V7		V		7			Mm7	False	False	(1, 5, 2, -1)	()	1	1	major	major	I	I, major	V		I	I	False	V7	V7, major		V7, major		V	0	0	0	-1	-1	-1	True	False	False
3552	24	56	8	G	1	3	4	4	1	True	2.0	0	28	28	50	28b	148	1/4	False	3	True				False	106		#viio7/vi	C	I		#viio7/vi		#vii	o	7		vi	o7	False	False	(8, 5, 2, -1)	()	8	8	major	major	I	I, major	#vii/vi	vi	vi/I	vi	True	#viio7/vi	#viio7/vi, major		#viio7/vi, major	vi	vi	0	0	3	8	8	5	True	True	True
3552	24	59	5	B	0	3	4	3	1	True	2.0	0	28	28	50	28b	148	1/4	False	3	True				False	106		#viio7/vi	C	I		#viio7/vi		#vii	o	7		vi	o7	False	False	(8, 5, 2, -1)	()	8	8	major	major	I	I, major	#vii/vi	vi	vi/I	vi	True	#viio7/vi	#viio7/vi, major		#viio7/vi, major	vi	vi	0	0	3	5	5	2	True	False	False
3552	24	74	2	D	0	3	4	2	1	True	2.0	0	28	28	50	28b	148	1/4	False	5	True				False	106		#viio7/vi	C	I		#viio7/vi		#vii	o	7		vi	o7	False	False	(8, 5, 2, -1)	()	8	8	major	major	I	I, major	#vii/vi	vi	vi/I	vi	True	#viio7/vi	#viio7/vi, major		#viio7/vi, major	vi	vi	0	0	3	2	2	-1	True	False	False
3552	24	77	-1	F	0	3	4	1	1	True	2.0	0	28	28	50	28b	148	1/4	False	5	True				False	106		#viio7/vi	C	I		#viio7/vi		#vii	o	7		vi	o7	False	False	(8, 5, 2, -1)	()	8	8	major	major	I	I, major	#vii/vi	vi	vi/I	vi	True	#viio7/vi	#viio7/vi, major		#viio7/vi, major	vi	vi	0	0	3	-1	-1	-4	True	False	False
3576	24	57	3	A	0	3	4	4	1	True	3.0	0	28	28	50	28b	149	1/4	False	3	True				False	107		vi	C	I		vi		vi					m	False	False	(3, 0, 4)	()	3	3	major	major	I	I, major	vi		I	I	False	vi	vi, major		vi, major		vi	0	0	0	3	3	3	True	True	True
3576	24	60	0	C	0	3	4	3	1	True	3.0	0	28	28	50	28b	149	1/4	False	4	True				False	107		vi	C	I		vi		vi					m	False	False	(3, 0, 4)	()	3	3	major	major	I	I, major	vi		I	I	False	vi	vi, major		vi, major		vi	0	0	0	0	0	0	True	False	False
3576	24	72	0	C	0	3	4	2	1	True	3.0	0	28	28	50	28b	149	1/4	False	5	True				False	107		vi	C	I		vi		vi					m	False	False	(3, 0, 4)	()	3	3	major	major	I	I, major	vi		I	I	False	vi	vi, major		vi, major		vi	0	0	0	0	0	0	True	False	False
3576	24	76	4	E	0	3	4	1	1	True	3.0	0	28	28	50	28b	149	1/4	False	5	True				False	107		vi	C	I		vi		vi					m	False	False	(3, 0, 4)	()	3	3	major	major	I	I, major	vi		I	I	False	vi	vi, major		vi, major		vi	0	0	0	4	4	4	True	False	False
3600	24	53	-1	F	0	3	4	4	1	True	1.0	0	29	29	51	29b	150	1/4	False	3	True				False	108		ii65	C	I		ii65		ii		65			mm7	False	False	(-1, 3, 0, 2)	()	2	-1	major	major	I	I, major	ii		I	I	False	ii65	ii65, major		ii65, major		ii	0	0	0	-1	-1	-1	True	False	True
3600	12	60	0	C	0	3	4	3	1	True	1.0	0	29	29	51	29b	150	1/8	False	4	True				False	108		ii65	C	I		ii65		ii		65			mm7	False	False	(-1, 3, 0, 2)	()	2	-1	major	major	I	I, major	ii		I	I	False	ii65	ii65, major		ii65, major		ii	0	0	0	0	0	0	True	False	False
3600	36	72	0	C	0	3	4	2	1	True	1.0	0	29	29	51	29b	150	3/8	False	5	True				False	108		ii65	C	I		ii65		ii		65			mm7	False	False	(-1, 3, 0, 2)	()	2	-1	major	major	I	I, major	ii		I	I	False	ii65	ii65, major		ii65, major		ii	0	0	0	0	0	0	True	False	False
3600	36	74	2	D	0	3	4	1	1	True	1.0	0	29	29	51	29b	150	3/8	False	5	True				False	108		ii65	C	I		ii65		ii		65			mm7	False	False	(-1, 3, 0, 2)	()	2	-1	major	major	I	I, major	ii		I	I	False	ii65	ii65, major		ii65, major		ii	0	0	0	2	2	2	True	True	False
3612	12	57	3	A	0	3	4	3	1	True	1.5	0	29	29	51	29b	301/2	1/8	False	3	False				False	108		ii65	C	I		ii65		ii		65			mm7	False	False	(-1, 3, 0, 2)	()	2	-1	major	major	I	I, major	ii		I	I	False	ii65	ii65, major		ii65, major		ii	0	0	0	3	3	3	True	False	False
3624	24	54	6	F	1	3	4	4	1	True	2.0	0	29	29	51	29b	151	1/4	False	3	True				False	109		V65/V	C	I		V65/V		V		65		V	Mm7	False	False	(6, 3, 0, 2)	()	2	6	major	major	I	I, major	V/V	V	V/I	V	False	V65/V	V65/V, major		V65/V, major	V	V	0	0	1	6	6	5	True	False	True
3624	12	62	2	D	0	3	4	3	1	True	2.0	0	29	29	51	29b	151	1/8	False	4	True				False	109		V65/V	C	I		V65/V		V		65		V	Mm7	False	False	(6, 3, 0, 2)	()	2	6	major	major	I	I, major	V/V	V	V/I	V	False	V65/V	V65/V, major		V65/V, major	V	V	0	0	1	2	2	1	True	True	False
3636	12	57	3	A	0	3	4	3	1	True	2.5	0	29	29	51	29b	303/2	1/8	False	3	False				False	109		V65/V	C	I		V65/V		V		65		V	Mm7	False	False	(6, 3, 0, 2)	()	2	6	major	major	I	I, major	V/V	V	V/I	V	False	V65/V	V65/V, major		V65/V, major	V	V	0	0	1	3	3	2	True	False	False
3636	12	72	0	C	0	3	4	2	1	True	2.5	0	29	29	51	29b	303/2	1/8	False	5	False				False	109		V65/V	C	I		V65/V		V		65		V	Mm7	False	False	(6, 3, 0, 2)	()	2	6	major	major	I	I, major	V/V	V	V/I	V	False	V65/V	V65/V, major		V65/V, major	V	V	0	0	1	0	0	-1	True	False	False
3636	12	81	3	A	0	3	4	1	1	True	2.5	0	29	29	51	29b	303/2	1/8	False	5	False				False	109		V65/V	C	I		V65/V		V		65		V	Mm7	False	False	(6, 3, 0, 2)	()	2	6	major	major	I	I, major	V/V	V	V/I	V	False	V65/V	V65/V, major		V65/V, major	V	V	0	0	1	3	3	2	True	False	False
3648	24	55	1	G	0	3	4	4	1	True	3.0	0	29	29	51	29b	152	1/4	False	3	True				False	110		V7	C	I		V7		V		7			Mm7	False	False	(1, 5, 2, -1)	()	1	1	major	major	I	I, major	V		I	I	False	V7	V7, major		V7, major		V	0	0	0	1	1	1	True	True	True
3648	12	59	5	B	0	3	4	3	1	True	3.0	0	29	29	51	29b	152	1/8	False	3	True				False	110		V7	C	I		V7		V		7			Mm7	False	False	(1, 5, 2, -1)	()	1	1	major	major	I	I, major	V		I	I	False	V7	V7, major		V7, major		V	0	0	0	5	5	5	True	False	False
3648	12	71	5	B	0	3	4	2	1	True	3.0	0	29	29	51	29b	152	1/8	False	4	True				False	110		V7	C	I		V7		V		7			Mm7	False	False	(1, 5, 2, -1)	()	1	1	major	major	I	I, major	V		I	I	False	V7	V7, major		V7, major		V	0	0	0	5	5	5	True	False	False
3648	12	79	1	G	0	3	4	1	1	True	3.0	0	29	29	51	29b	152	1/8	False	5	True				False	110		V7	C	I		V7		V		7			Mm7	False	False	(1, 5, 2, -1)	()	1	1	major	major	I	I, major	V		I	I	False	V7	V7, major		V7, major		V	0	0	0	1	1	1	True	True	True
3660	12	62	2	D	0	3	4	3	1	True	3.5	0	29	29	51	29b	305/2	1/8	False	4	False				False	110		V7	C	I		V7		V		7			Mm7	False	False	(1, 5, 2, -1)	()	1	1	major	major	I	I, major	V		I	I	False	V7	V7, major		V7, major		V	0	0	0	2	2	2	True	False	False
3660	12	71	5	B	0	3	4	2	1	True	3.5	0	29	29	51	29b	305/2	1/8	False	4	False				False	110		V7	C	I		V7		V		7			Mm7	False	False	(1, 5, 2, -1)	()	1	1	major	major	I	I, major	V		I	I	False	V7	V7, major		V7, major		V	0	0	0	5	5	5	True	False	False
3660	12	77	-1	F	0	3	4	1	1	True	3.5	0	29	29	51	29b	305/2	1/8	False	5	False				False	110		V7	C	I		V7		V		7			Mm7	False	False	(1, 5, 2, -1)	()	1	1	major	major	I	I, major	V		I	I	False	V7	V7, major		V7, major		V	0	0	0	-1	-1	-1	True	False	False
3672	24	56	8	G	1	3	4	4	1	True	1.0	0	30	30	52	30b	153	1/4	False	3	True				False	111		V65/vi	C	I		V65/vi		V		65		vi	Mm7	False	False	(8, 5, 2, 4)	()	4	8	major	major	I	I, major	V/vi	vi	vi/I	vi	True	V65/vi	V65/vi, major		V65/vi, major	vi	vi	0	0	3	8	8	5	True	False	True
3672	12	64	4	E	0	3	4	3	1	True	1.0	0	30	30	52	30b	153	1/8	False	4	True				False	111		V65/vi	C	I		V65/vi		V		65		vi	Mm7	False	False	(8, 5, 2, 4)	()	4	8	major	major	I	I, major	V/vi	vi	vi/I	vi	True	V65/vi	V65/vi, major		V65/vi, major	vi	vi	0	0	3	4	4	1	True	True	False
3672	12	71	5	B	0	3	4	2	1	True	1.0	0	30	30	52	30b	153	1/8	False	4	True				False	111		V65/vi	C	I		V65/vi		V		65		vi	Mm7	False	False	(8, 5, 2, 4)	()	4	8	major	major	I	I, major	V/vi	vi	vi/I	vi	True	V65/vi	V65/vi, major		V65/vi, major	vi	vi	0	0	3	5	5	2	True	False	False
3672	36	76	4	E	0	3	4	1	1	True	1.0	0	30	30	52	30b	153	3/8	False	5	True				False	111		V65/vi	C	I		V65/vi		V		65		vi	Mm7	False	False	(8, 5, 2, 4)	()	4	8	major	major	I	I, major	V/vi	vi	vi/I	vi	True	V65/vi	V65/vi, major		V65/vi, major	vi	vi	0	0	3	4	4	1	True	True	False
3684	12	59	5	B	0	3	4	3	1	True	1.5	0	30	30	52	30b	307/2	1/8	False	3	False				False	111		V65/vi	C	I		V65/vi		V		65		vi	Mm7	False	False	(8, 5, 2, 4)	()	4	8	major	major	I	I, major	V/vi	vi	vi/I	vi	True	V65/vi	V65/vi, major		V65/vi, major	vi	vi	0	0	3	5	5	2	True	False	False
3684	12	74	2	D	0	3	4	2	1	True	1.5	0	30	30	52	30b	307/2	1/8	False	5	False				False	111		V65/vi	C	I		V65/vi		V		65		vi	Mm7	False	False	(8, 5, 2, 4)	()	4	8	major	major	I	I, major	V/vi	vi	vi/I	vi	True	V65/vi	V65/vi, major		V65/vi, major	vi	vi	0	0	3	2	2	-1	True	False	False
3696	48	57	3	A	0	3	4	4	1	True	2.0	0	30	30	52	30b	154	1/2	False	3	True				False	112		vi	C	I		vi		vi					m	False	False	(3, 0, 4)	()	3	3	major	major	I	I, major	vi		I	I	False	vi	vi, major		vi, major		vi	0	0	0	3	3	3	True	True	True
3696	12	64	4	E	0	3	4	3	1	True	2.0	0	30	30	52	30b	154	1/8	False	4	True				False	112		vi	C	I		vi		vi					m	False	False	(3, 0, 4)	()	3	3	major	major	I	I, major	vi		I	I	False	vi	vi, major		vi, major		vi	0	0	0	4	4	4	True	False	False
3696	36	72	0	C	0	3	4	2	1	True	2.0	0	30	30	52	30b	154	3/8	False	5	True				False	112		vi	C	I		vi		vi					m	False	False	(3, 0, 4)	()	3	3	major	major	I	I, major	vi		I	I	False	vi	vi, major		vi, major		vi	0	0	0	0	0	0	True	False	False
3708	12	60	0	C	0	3	4	3	1	True	2.5	0	30	30	52	30b	309/2	1/8	False	4	False				False	112		vi	C	I		vi		vi					m	False	False	(3, 0, 4)	()	3	3	major	major	I	I, major	vi		I	I	False	vi	vi, major		vi, major		vi	0	0	0	0	0	0	True	False	False
3708	12	84	0	C	0	3	4	1	1	True	2.5	0	30	30	52	30b	309/2	1/8	False	6	False				False	112		vi	C	I		vi		vi					m	False	False	(3, 0, 4)	()	3	3	major	major	I	I, major	vi		I	I	False	vi	vi, major		vi, major		vi	0	0	0	0	0	0	True	False	False
3720	12	64	4	E	0	3	4	3	1	True	3.0	0	30	30	52	30b	155	1/8	False	4	False				False	112		vi	C	I		vi		vi					m	False	False	(3, 0, 4)	()	3	3	major	major	I	I, major	vi		I	I	False	vi	vi, major		vi, major		vi	0	0	0	4	4	4	True	False	False
3720	12	83	5	B	0	3	4	1	1	True	3.0	0	30	30	52	30b	155	1/8	False	5	False				False	112		vi	C	I		vi		vi					m	False	False	(3, 0, 4)	()	3	3	major	major	I	I, major	vi		I	I	False	vi	vi, major		vi, major		vi	0	0	0	5	5	5	False	False	False
3732	12	65	-1	F	0	3	4	3	1	True	3.5	0	30	30	52	30b	311/2	1/8	False	4	True				False	113		IV6	C	I		IV6		IV		6			M	False	False	(3, 0, -1)	()	-1	3	major	major	I	I, major	IV		I	I	False	IV6	IV6, major		IV6, major		IV	0	0	0	-1	-1	-1	True	True	False
3732	12	72	0	C	0	3	4	2	1	True	3.5	0	30	30	52	30b	311/2	1/8	False	5	True				False	113		IV6	C	I		IV6		IV		6			M	False	False	(3, 0, -1)	()	-1	3	major	major	I	I, major	IV		I	I	False	IV6	IV6, major		IV6, major		IV	0	0	0	0	0	0	True	False	False
3732	12	81	3	A	0	3	4	1	1	True	3.5	0	30	30	52	30b	311/2	1/8	False	5	True				False	113		IV6	C	I		IV6		IV		6			M	False	False	(3, 0, -1)	()	-1	3	major	major	I	I, major	IV		I	I	False	IV6	IV6, major		IV6, major		IV	0	0	0	3	3	3	True	False	True
3744	36	59	5	B	0	3	4	4	1	True	1.0	0	31	31	53	31b	156	3/8	False	3	True				False	114		V65	C	I		V65		V		65			Mm7	False	False	(5, 2, -1, 1)	()	1	5	major	major	I	I, major	V		I	I	False	V65	V65, major		V65, major		V	0	0	0	5	5	5	True	False	True
3744	12	65	-1	F	0	3	4	3	1	False	1.0	0	31	31	53	31b	156	1/8	False	4	True				False	114		V65	C	I		V65		V		65			Mm7	False	False	(5, 2, -1, 1)	()	1	5	major	major	I	I, major	V		I	I	False	V65	V65, major		V65, major		V	0	0	0	-1	-1	-1	True	False	False
3744	12	74	2	D	0	3	4	2	1	True	1.0	0	31	31	53	31b	156	1/8	False	5	True				False	114		V65	C	I		V65		V		65			Mm7	False	False	(5, 2, -1, 1)	()	1	5	major	major	I	I, major	V		I	I	False	V65	V65, major		V65, major		V	0	0	0	2	2	2	True	False	False
3744	36	79	1	G	0	3	4	1	1	True	1.0	0	31	31	53	31b	156	3/8	False	5	True				False	114		V65	C	I		V65		V		65			Mm7	False	False	(5, 2, -1, 1)	()	1	5	major	major	I	I, major	V		I	I	False	V65	V65, major		V65, major		V	0	0	0	1	1	1	True	True	False
3756	12	62	2	D	0	3	4	3	1	True	1.5	0	31	31	53	31b	313/2	1/8	False	4	False				False	114		V65	C	I		V65		V		65			Mm7	False	False	(5, 2, -1, 1)	()	1	5	major	major	I	I, major	V		I	I	False	V65	V65, major		V65, major		V	0	0	0	2	2	2	True	False	False
3756	24	77	-1	F	0	3	4	2	1	True	1.5	0	31	31	53	31b	313/2	1/4	False	5	False				False	114		V65	C	I		V65		V		65			Mm7	False	False	(5, 2, -1, 1)	()	1	5	major	major	I	I, major	V		I	I	False	V65	V65, major		V65, major		V	0	0	0	-1	-1	-1	True	False	False
3768	12	67	1	G	0	3	4	3	1	True	2.0	0	31	31	53	31b	157	1/8	False	4	False				False	114		V65	C	I		V65		V		65			Mm7	False	False	(5, 2, -1, 1)	()	1	5	major	major	I	I, major	V		I	I	False	V65	V65, major		V65, major		V	0	0	0	1	1	1	True	True	False
3780	12	59	5	B	0	3	4	4	1	True	2.5	0	31	31	53	31b	315/2	1/8	False	3	False				False	114		V65	C	I		V65		V		65			Mm7	False	False	(5, 2, -1, 1)	()	1	5	major	major	I	I, major	V		I	I	False	V65	V65, major		V65, major		V	0	0	0	5	5	5	True	False	True
3780	12	62	2	D	0	3	4	3	1	True	2.5	0	31	31	53	31b	315/2	1/8	False	4	False				False	114		V65	C	I		V65		V		65			Mm7	False	False	(5, 2, -1, 1)	()	1	5	major	major	I	I, major	V		I	I	False	V65	V65, major		V65, major		V	0	0	0	2	2	2	True	False	False
3780	12	77	-1	F	0	3	4	2	1	True	2.5	0	31	31	53	31b	315/2	1/8	False	5	False				False	114		V65	C	I		V65		V		65			Mm7	False	False	(5, 2, -1, 1)	()	1	5	major	major	I	I, major	V		I	I	False	V65	V65, major		V65, major		V	0	0	0	-1	-1	-1	True	False	False
3780	12	89	-1	F	0	3	4	1	1	True	2.5	0	31	31	53	31b	315/2	1/8	False	6	False				False	114		V65	C	I		V65		V		65			Mm7	False	False	(5, 2, -1, 1)	()	1	5	major	major	I	I, major	V		I	I	False	V65	V65, major		V65, major		V	0	0	0	-1	-1	-1	True	False	False
3792	12	60	0	C	0	3	4	4	1	True	3.0	0	31	31	53	31b	158	1/8	False	4	True				False	115		I	C	I		I		I					M	False	False	(0, 4, 1)	()	0	0	major	major	I	I, major	I		I	I	False	I	I, major		I, major		I	0	0	0	0	0	0	True	True	True
3792	12	64	4	E	0	3	4	3	1	True	3.0	0	31	31	53	31b	158	1/8	False	4	True				False	115		I	C	I		I		I					M	False	False	(0, 4, 1)	()	0	0	major	major	I	I, major	I		I	I	False	I	I, major		I, major		I	0	0	0	4	4	4	True	False	False
3792	12	76	4	E	0	3	4	2	1	True	3.0	0	31	31	53	31b	158	1/8	False	5	True				False	115		I	C	I		I		I					M	False	False	(0, 4, 1)	()	0	0	major	major	I	I, major	I		I	I	False	I	I, major		I, major		I	0	0	0	4	4	4	True	False	False
3792	12	88	4	E	0	3	4	1	1	True	3.0	0	31	31	53	31b	158	1/8	False	6	True				False	115		I	C	I		I		I					M	False	False	(0, 4, 1)	()	0	0	major	major	I	I, major	I		I	I	False	I	I, major		I, major		I	0	0	0	4	4	4	True	False	False
3804	12	60	0	C	0	3	4	4	1	True	3.5	0	31	31	53	31b	317/2	1/8	False	4	False				False	115		I	C	I		I		I					M	False	False	(0, 4, 1)	()	0	0	major	major	I	I, major	I		I	I	False	I	I, major		I, major		I	0	0	0	0	0	0	True	True	True
3804	12	64	4	E	0	3	4	3	1	True	3.5	0	31	31	53	31b	317/2	1/8	False	4	False				False	115		I	C	I		I		I					M	False	False	(0, 4, 1)	()	0	0	major	major	I	I, major	I		I	I	False	I	I, major		I, major		I	0	0	0	4	4	4	True	False	False
3804	12	79	1	G	0	3	4	2	1	True	3.5	0	31	31	53	31b	317/2	1/8	False	5	False				False	115		I	C	I		I		I					M	False	False	(0, 4, 1)	()	0	0	major	major	I	I, major	I		I	I	False	I	I, major		I, major		I	0	0	0	1	1	1	True	False	False
3804	12	84	0	C	0	3	4	1	1	True	3.5	0	31	31	53	31b	317/2	1/8	False	6	False				False	115		I	C	I		I		I					M	False	False	(0, 4, 1)	()	0	0	major	major	I	I, major	I		I	I	False	I	I, major		I, major		I	0	0	0	0	0	0	True	True	True
3816	12	60	0	C	0	3	4	4	1	False	1.0	0	32	32	54	32b	159	1/8	False	4	True				False	116		IV64(94)	C	I		IV64(94)		IV		64	94		M	False	False	(0, -1, 5)	(1,)	-1	0	major	major	I	I, major	IV		I	I	False	IV64	IV64, major		IV64(94), major		IV	0	0	0	0	0	0	True	False	True
3816	12	65	-1	F	0	3	4	3	1	True	1.0	0	32	32	54	32b	159	1/8	False	4	True				False	116		IV64(94)	C	I		IV64(94)		IV		64	94		M	False	False	(0, -1, 5)	(1,)	-1	0	major	major	I	I, major	IV		I	I	False	IV64	IV64, major		IV64(94), major		IV	0	0	0	-1	-1	-1	True	True	False
3816	12	79	1	G	0	3	4	2	1	False	1.0	0	32	32	54	32b	159	1/8	False	5	True				False	116		IV64(94)	C	I		IV64(94)		IV		64	94		M	False	False	(0, -1, 5)	(1,)	-1	0	major	major	I	I, major	IV		I	I	False	IV64	IV64, major		IV64(94), major		IV	0	0	0	1	1	1	False	False	False
3816	12	83	5	B	0	3	4	1	1	True	1.0	0	32	32	54	32b	159	1/8	False	5	True				False	116		IV64(94)	C	I		IV64(94)		IV		64	94		M	False	False	(0, -1, 5)	(1,)	-1	0	major	major	I	I, major	IV		I	I	False	IV64	IV64, major		IV64(94), major		IV	0	0	0	5	5	5	True	False	False
3828	12	53	-1	F	0	3	4	4	1	True	1.5	0	32	32	54	32b	319/2	1/8	False	3	True				False	117		IV	C	I		IV		IV					M	False	False	(-1, 3, 0)	()	-1	-1	major	major	I	I, major	IV		I	I	False	IV	IV, major		IV, major		IV	0	0	0	-1	-1	-1	True	True	True
3828	6	60	0	C	0	3	4	3	1	True	1.5	0	32	32	54	32b	319/2	1/16	False	4	True				False	117		IV	C	I		IV		IV					M	False	False	(-1, 3, 0)	()	-1	-1	major	major	I	I, major	IV		I	I	False	IV	IV, major		IV, major		IV	0	0	0	0	0	0	True	False	False
3828	12	77	-1	F	0	3	4	2	1	True	1.5	0	32	32	54	32b	319/2	1/8	False	5	True				False	117		IV	C	I		IV		IV					M	False	False	(-1, 3, 0)	()	-1	-1	major	major	I	I, major	IV		I	I	False	IV	IV, major		IV, major		IV	0	0	0	-1	-1	-1	True	True	True
3828	12	81	3	A	0	3	4	1	1	True	1.5	0	32	32	54	32b	319/2	1/8	False	5	True				False	117		IV	C	I		IV		IV					M	False	False	(-1, 3, 0)	()	-1	-1	major	major	I	I, major	IV		I	I	False	IV	IV, major		IV, major		IV	0	0	0	3	3	3	True	False	False
3834	6	62	2	D	0	3	4	3	1	True	1.75	0	32	32	54	32b	639/4	1/16	False	4	False				False	117		IV	C	I		IV		IV					M	False	False	(-1, 3, 0)	()	-1	-1	major	major	I	I, major	IV		I	I	False	IV	IV, major		IV, major		IV	0	0	0	2	2	2	False	False	False
3840	12	55	1	G	0	3	4	4	1	True	2.0	0	32	32	54	32b	160	1/8	False	3	True				False	118		V(64)	C	I		V(64)		V			64		M	False	False	(1, 0, 4)	()	1	1	major	major	I	I, major	V		I	I	False	V	V, major		V(64), major		V	0	0	0	1	1	1	True	True	True
3840	12	64	4	E	0	3	4	3	1	True	2.0	0	32	32	54	32b	160	1/8	False	4	True				False	118		V(64)	C	I		V(64)		V			64		M	False	False	(1, 0, 4)	()	1	1	major	major	I	I, major	V		I	I	False	V	V, major		V(64), major		V	0	0	0	4	4	4	True	False	False
3840	12	76	4	E	0	3	4	2	1	True	2.0	0	32	32	54	32b	160	1/8	False	5	True				False	118		V(64)	C	I		V(64)		V			64		M	False	False	(1, 0, 4)	()	1	1	major	major	I	I, major	V		I	I	False	V	V, major		V(64), major		V	0	0	0	4	4	4	True	False	False
3840	12	79	1	G	0	3	4	1	1	True	2.0	0	32	32	54	32b	160	1/8	False	5	True				False	118		V(64)	C	I		V(64)		V			64		M	False	False	(1, 0, 4)	()	1	1	major	major	I	I, major	V		I	I	False	V	V, major		V(64), major		V	0	0	0	1	1	1	True	True	True
3852	24	67	1	G	0	3	4	3	1	True	2.5	0	32	32	54	32b	321/2	1/4	False	4	False				False	118		V(64)	C	I		V(64)		V			64		M	False	False	(1, 0, 4)	()	1	1	major	major	I	I, major	V		I	I	False	V	V, major		V(64), major		V	0	0	0	1	1	1	True	True	True
3852	24	67	1	G	0	3	4	4	1	True	2.5	0	32	32	54	32b	321/2	1/4	False	4	False				False	118		V(64)	C	I		V(64)		V			64		M	False	False	(1, 0, 4)	()	1	1	major	major	I	I, major	V		I	I	False	V	V, major		V(64), major		V	0	0	0	1	1	1	True	True	True
3852	12	72	0	C	0	3	4	2	1	True	2.5	0	32	32	54	32b	321/2	1/8	False	5	False				False	118		V(64)	C	I		V(64)		V			64		M	False	False	(1, 0, 4)	()	1	1	major	major	I	I, major	V		I	I	False	V	V, major		V(64), major		V	0	0	0	0	0	0	True	False	False
3852	12	76	4	E	0	3	4	1	1	True	2.5	0	32	32	54	32b	321/2	1/8	False	5	False				False	118		V(64)	C	I		V(64)		V			64		M	False	False	(1, 0, 4)	()	1	1	major	major	I	I, major	V		I	I	False	V	V, major		V(64), major		V	0	0	0	4	4	4	True	False	False
3864	12	74	2	D	0	3	4	2	1	True	3.0	0	32	32	54	32b	161	1/8	False	5	True				False	119		V7	C	I		V7		V		7			Mm7	False	False	(1, 5, 2, -1)	()	1	1	major	major	I	I, major	V		I	I	False	V7	V7, major		V7, major		V	0	0	0	2	2	2	True	False	False
3864	12	77	-1	F	0	3	4	1	1	True	3.0	0	32	32	54	32b	161	1/8	False	5	True				False	119		V7	C	I		V7		V		7			Mm7	False	False	(1, 5, 2, -1)	()	1	1	major	major	I	I, major	V		I	I	False	V7	V7, major		V7, major		V	0	0	0	-1	-1	-1	True	False	False
3876	12	65	-1	F	0	3	4	4	1	True	3.5	0	32	32	54	32b	323/2	1/8	False	4	True				False	120		V2	C	I		V2		V		2			Mm7	False	False	(-1, 1, 5, 2)	()	1	-1	major	major	I	I, major	V		I	I	False	V2	V2, major		V2, major		V	0	0	0	-1	-1	-1	True	False	True
3876	12	67	1	G	0	3	4	3	1	True	3.5	0	32	32	54	32b	323/2	1/8	False	4	True				False	120		V2	C	I		V2		V		2			Mm7	False	False	(-1, 1, 5, 2)	()	1	-1	major	major	I	I, major	V		I	I	False	V2	V2, major		V2, major		V	0	0	0	1	1	1	True	True	False
3876	12	71	5	B	0	3	4	2	1	True	3.5	0	32	32	54	32b	323/2	1/8	False	4	True				False	120		V2	C	I		V2		V		2			Mm7	False	False	(-1, 1, 5, 2)	()	1	-1	major	major	I	I, major	V		I	I	False	V2	V2, major		V2, major		V	0	0	0	5	5	5	True	False	False
3876	12	74	2	D	0	3	4	1	1	True	3.5	0	32	32	54	32b	323/2	1/8	False	5	True				False	120		V2	C	I		V2		V		2			Mm7	False	False	(-1, 1, 5, 2)	()	1	-1	major	major	I	I, major	V		I	I	False	V2	V2, major		V2, major		V	0	0	0	2	2	2	True	False	False
3888	24	64	4	E	0	3	4	4	1	True	1.0	0	33	33	55	33b	162	1/4	False	4	True				False	121		I6	C	I		I6		I		6			M	False	False	(4, 1, 0)	()	0	4	major	major	I	I, major	I		I	I	False	I6	I6, major		I6, major		I	0	0	0	4	4	4	True	False	True
3888	24	67	1	G	0	3	4	3	1	True	1.0	0	33	33	55	33b	162	1/4	False	4	True				False	121		I6	C	I		I6		I		6			M	False	False	(4, 1, 0)	()	0	4	major	major	I	I, major	I		I	I	False	I6	I6, major		I6, major		I	0	0	0	1	1	1	True	False	False
3888	24	72	0	C	0	3	4	2	1	True	1.0	0	33	33	55	33b	162	1/4	False	5	True				False	121		I6	C	I		I6		I		6			M	False	False	(4, 1, 0)	()	0	4	major	major	I	I, major	I		I	I	False	I6	I6, major		I6, major		I	0	0	0	0	0	0	True	True	False
3888	72	79	1	G	0	3	4	1	1	True	1.0	0	33	33	55	33b	162	3/4	False	5	True				False	121		I6	C	I		I6		I		6			M	False	False	(4, 1, 0)	()	0	4	major	major	I	I, major	I		I	I	False	I6	I6, major		I6, major		I	0	0	0	1	1	1	True	False	False
3912	6	65	-1	F	0	3	4	4	1	True	2.0	0	33	33	55	33b	163	1/16	False	4	True				False	122		V2	C	I		V2		V		2			Mm7	False	False	(-1, 1, 5, 2)	()	1	-1	major	major	I	I, major	V		I	I	False	V2	V2, major		V2, major		V	0	0	0	-1	-1	-1	True	False	True
3912	6	67	1	G	0	3	4	3	1	True	2.0	0	33	33	55	33b	163	1/16	False	4	True				False	122		V2	C	I		V2		V		2			Mm7	False	False	(-1, 1, 5, 2)	()	1	-1	major	major	I	I, major	V		I	I	False	V2	V2, major		V2, major		V	0	0	0	1	1	1	True	True	False
3912	6	71	5	B	0	3	4	2	1	True	2.0	0	33	33	55	33b	163	1/16	False	4	True				False	122		V2	C	I		V2		V		2			Mm7	False	False	(-1, 1, 5, 2)	()	1	-1	major	major	I	I, major	V		I	I	False	V2	V2, major		V2, major		V	0	0	0	5	5	5	True	False	False
3918	6	64	4	E	0	3	4	4	1	True	2.25	0	33	33	55	33b	653/4	1/16	False	4	False				False	122		V2	C	I		V2		V		2			Mm7	False	False	(-1, 1, 5, 2)	()	1	-1	major	major	I	I, major	V		I	I	False	V2	V2, major		V2, major		V	0	0	0	4	4	4	False	False	False
3918	6	69	3	A	0	3	4	3	1	True	2.25	0	33	33	55	33b	653/4	1/16	False	4	False				False	122		V2	C	I		V2		V		2			Mm7	False	False	(-1, 1, 5, 2)	()	1	-1	major	major	I	I, major	V		I	I	False	V2	V2, major		V2, major		V	0	0	0	3	3	3	False	False	False
3918	6	72	0	C	0	3	4	2	1	True	2.25	0	33	33	55	33b	653/4	1/16	False	5	False				False	122		V2	C	I		V2		V		2			Mm7	False	False	(-1, 1, 5, 2)	()	1	-1	major	major	I	I, major	V		I	I	False	V2	V2, major		V2, major		V	0	0	0	0	0	0	False	False	False
3924	6	62	2	D	0	3	4	4	1	True	2.5	0	33	33	55	33b	327/2	1/16	False	4	False				False	122		V2	C	I		V2		V		2			Mm7	False	False	(-1, 1, 5, 2)	()	1	-1	major	major	I	I, major	V		I	I	False	V2	V2, major		V2, major		V	0	0	0	2	2	2	True	False	False
3924	6	71	5	B	0	3	4	3	1	True	2.5	0	33	33	55	33b	327/2	1/16	False	4	False				False	122		V2	C	I		V2		V		2			Mm7	False	False	(-1, 1, 5, 2)	()	1	-1	major	major	I	I, major	V		I	I	False	V2	V2, major		V2, major		V	0	0	0	5	5	5	True	False	False
3924	6	74	2	D	0	3	4	2	1	True	2.5	0	33	33	55	33b	327/2	1/16	False	5	False				False	122		V2	C	I		V2		V		2			Mm7	False	False	(-1, 1, 5, 2)	()	1	-1	major	major	I	I, major	V		I	I	False	V2	V2, major		V2, major		V	0	0	0	2	2	2	True	False	False
3930	6	60	0	C	0	3	4	4	1	True	2.75	0	33	33	55	33b	655/4	1/16	False	4	False				False	122		V2	C	I		V2		V		2			Mm7	False	False	(-1, 1, 5, 2)	()	1	-1	major	major	I	I, major	V		I	I	False	V2	V2, major		V2, major		V	0	0	0	0	0	0	False	False	False
3930	6	72	0	C	0	3	4	3	1	True	2.75	0	33	33	55	33b	655/4	1/16	False	5	False				False	122		V2	C	I		V2		V		2			Mm7	False	False	(-1, 1, 5, 2)	()	1	-1	major	major	I	I, major	V		I	I	False	V2	V2, major		V2, major		V	0	0	0	0	0	0	False	False	False
3930	6	76	4	E	0	3	4	2	1	True	2.75	0	33	33	55	33b	655/4	1/16	False	5	False				False	122		V2	C	I		V2		V		2			Mm7	False	False	(-1, 1, 5, 2)	()	1	-1	major	major	I	I, major	V		I	I	False	V2	V2, major		V2, major		V	0	0	0	4	4	4	False	False	False
3936	6	59	5	B	0	3	4	4	1	True	3.0	0	33	33	55	33b	164	1/16	False	3	False				False	122		V2	C	I		V2		V		2			Mm7	False	False	(-1, 1, 5, 2)	()	1	-1	major	major	I	I, major	V		I	I	False	V2	V2, major		V2, major		V	0	0	0	5	5	5	True	False	False
3936	24	74	2	D	0	3	4	3	1	True	3.0	0	33	33	55	33b	164	1/4	False	5	False				False	122		V2	C	I		V2		V		2			Mm7	False	False	(-1, 1, 5, 2)	()	1	-1	major	major	I	I, major	V		I	I	False	V2	V2, major		V2, major		V	0	0	0	2	2	2	True	False	False
3936	24	77	-1	F	0	3	4	2	1	True	3.0	0	33	33	55	33b	164	1/4	False	5	False				False	122		V2	C	I		V2		V		2			Mm7	False	False	(-1, 1, 5, 2)	()	1	-1	major	major	I	I, major	V		I	I	False	V2	V2, major		V2, major		V	0	0	0	-1	-1	-1	True	False	True
3942	6	57	3	A	0	3	4	4	1	True	3.25	0	33	33	55	33b	657/4	1/16	False	3	False				False	122		V2	C	I		V2		V		2			Mm7	False	False	(-1, 1, 5, 2)	()	1	-1	major	major	I	I, major	V		I	I	False	V2	V2, major		V2, major		V	0	0	0	3	3	3	False	False	False
3948	6	55	1	G	0	3	4	4	1	True	3.5	0	33	33	55	33b	329/2	1/16	False	3	False				False	122		V2	C	I		V2		V		2			Mm7	False	False	(-1, 1, 5, 2)	()	1	-1	major	major	I	I, major	V		I	I	False	V2	V2, major		V2, major		V	0	0	0	1	1	1	True	True	False
3954	6	53	-1	F	0	3	4	4	1	True	3.75	0	33	33	55	33b	659/4	1/16	False	3	False				False	122		V2	C	I		V2		V		2			Mm7	False	False	(-1, 1, 5, 2)	()	1	-1	major	major	I	I, major	V		I	I	False	V2	V2, major		V2, major		V	0	0	0	-1	-1	-1	True	False	True
3960	6	52	4	E	0	3	4	4	1	True	1.0	0	34	34	56	34b	165	1/16	False	3	True				False	123		V43	C	I		V43		V		43			Mm7	False	False	(2, -1, 1, 5)	()	1	2	major	major	I	I, major	V		I	I	False	V43	V43, major		V43, major		V	0	0	0	4	4	4	False	False	False
3960	48	74	2	D	0	3	4	3	1	True	1.0	0	34	34	56	34b	165	1/2	False	5	True				False	123		V43	C	I		V43		V		43			Mm7	False	False	(2, -1, 1, 5)	()	1	2	major	major	I	I, major	V		I	I	False	V43	V43, major		V43, major		V	0	0	0	2	2	2	True	False	True
3960	48	77	-1	F	0	3	4	2	1	True	1.0	0	34	34	56	34b	165	1/2	False	5	True				False	123		V43	C	I		V43		V		43			Mm7	False	False	(2, -1, 1, 5)	()	1	2	major	major	I	I, major	V		I	I	False	V43	V43, major		V43, major		V	0	0	0	-1	-1	-1	True	False	False
3960	48	79	1	G	0	3	4	1	1	False	1.0	0	34	34	56	34b	165	1/2	False	5	True				False	123		V43	C	I		V43		V		43			Mm7	False	False	(2, -1, 1, 5)	()	1	2	major	major	I	I, major	V		I	I	False	V43	V43, major		V43, major		V	0	0	0	1	1	1	True	True	False
3966	6	50	2	D	0	3	4	4	1	True	1.25	0	34	34	56	34b	661/4	1/16	False	3	False				False	123		V43	C	I		V43		V		43			Mm7	False	False	(2, -1, 1, 5)	()	1	2	major	major	I	I, major	V		I	I	False	V43	V43, major		V43, major		V	0	0	0	2	2	2	True	False	True
3972	6	48	0	C	0	3	4	4	1	True	1.5	0	34	34	56	34b	331/2	1/16	False	3	False				False	123		V43	C	I		V43		V		43			Mm7	False	False	(2, -1, 1, 5)	()	1	2	major	major	I	I, major	V		I	I	False	V43	V43, major		V43, major		V	0	0	0	0	0	0	False	False	False
3978	6	47	5	B	0	3	4	4	1	True	1.75	0	34	34	56	34b	663/4	1/16	False	2	False				False	123		V43	C	I		V43		V		43			Mm7	False	False	(2, -1, 1, 5)	()	1	2	major	major	I	I, major	V		I	I	False	V43	V43, major		V43, major		V	0	0	0	5	5	5	True	False	False
3984	6	45	3	A	0	3	4	4	1	True	2.0	0	34	34	56	34b	166	1/16	False	2	False				False	123		V43	C	I		V43		V		43			Mm7	False	False	(2, -1, 1, 5)	()	1	2	major	major	I	I, major	V		I	I	False	V43	V43, major		V43, major		V	0	0	0	3	3	3	False	False	False
3990	6	43	1	G	0	3	4	4	1	True	2.25	0	34	34	56	34b	665/4	1/16	False	2	False				False	123		V43	C	I		V43		V		43			Mm7	False	False	(2, -1, 1, 5)	()	1	2	major	major	I	I, major	V		I	I	False	V43	V43, major		V43, major		V	0	0	0	1	1	1	True	True	False
3996	6	41	-1	F	0	3	4	4	1	True	2.5	0	34	34	56	34b	333/2	1/16	False	2	False				False	123		V43	C	I		V43		V		43			Mm7	False	False	(2, -1, 1, 5)	()	1	2	major	major	I	I, major	V		I	I	False	V43	V43, major		V43, major		V	0	0	0	-1	-1	-1	True	False	False
4002	6	40	4	E	0	3	4	4	1	True	2.75	0	34	34	56	34b	667/4	1/16	False	2	False				False	123		V43	C	I		V43		V		43			Mm7	False	False	(2, -1, 1, 5)	()	1	2	major	major	I	I, major	V		I	I	False	V43	V43, major		V43, major		V	0	0	0	4	4	4	False	False	False
4008	6	38	2	D	0	3	4	4	1	True	3.0	0	34	34	56	34b	167	1/16	False	2	False				False	123		V43	C	I		V43		V		43			Mm7	False	False	(2, -1, 1, 5)	()	1	2	major	major	I	I, major	V		I	I	False	V43	V43, major		V43, major		V	0	0	0	2	2	2	True	False	True
4008	24	55	1	G	0	3	4	3	1	True	3.0	0	34	34	56	34b	167	1/4	False	3	False				False	123		V43	C	I		V43		V		43			Mm7	False	False	(2, -1, 1, 5)	()	1	2	major	major	I	I, major	V		I	I	False	V43	V43, major		V43, major		V	0	0	0	1	1	1	True	True	False
4008	24	65	-1	F	0	3	4	2	1	True	3.0	0	34	34	56	34b	167	1/4	False	4	False				False	123		V43	C	I		V43		V		43			Mm7	False	False	(2, -1, 1, 5)	()	1	2	major	major	I	I, major	V		I	I	False	V43	V43, major		V43, major		V	0	0	0	-1	-1	-1	True	False	False
4008	12	81	3	A	0	3	4	1	1	True	3.0	0	34	34	56	34b	167	1/8	False	5	False				False	123		V43	C	I		V43		V		43			Mm7	False	False	(2, -1, 1, 5)	()	1	2	major	major	I	I, major	V		I	I	False	V43	V43, major		V43, major		V	0	0	0	3	3	3	False	False	False
4014	6	40	4	E	0	3	4	4	1	True	3.25	0	34	34	56	34b	669/4	1/16	False	2	False				False	123		V43	C	I		V43		V		43			Mm7	False	False	(2, -1, 1, 5)	()	1	2	major	major	I	I, major	V		I	I	False	V43	V43, major		V43, major		V	0	0	0	4	4	4	False	False	False
4020	6	41	-1	F	0	3	4	4	1	True	3.5	0	34	34	56	34b	335/2	1/16	False	2	False				False	123		V43	C	I		V43		V		43			Mm7	False	False	(2, -1, 1, 5)	()	1	2	major	major	I	I, major	V		I	I	False	V43	V43, major		V43, major		V	0	0	0	-1	-1	-1	True	False	False
4020	12	83	5	B	0	3	4	1	1	True	3.5	0	34	34	56	34b	335/2	1/8	False	5	False				False	123		V43	C	I		V43		V		43			Mm7	False	False	(2, -1, 1, 5)	()	1	2	major	major	I	I, major	V		I	I	False	V43	V43, major		V43, major		V	0	0	0	5	5	5	True	False	False
4026	6	38	2	D	0	3	4	4	1	True	3.75	0	34	34	56	34b	671/4	1/16	False	2	False				False	123		V43	C	I		V43		V		43			Mm7	False	False	(2, -1, 1, 5)	()	1	2	major	major	I	I, major	V		I	I	False	V43	V43, major		V43, major		V	0	0	0	2	2	2	True	False	True
4032	12	36	0	C	0	3	4	4	1	True	1.0	0	35	35	57	35b	168	1/8	False	2	True				False	124		I	C	I		I		I					M	False	False	(0, 4, 1)	()	0	0	major	major	I	I, major	I		I	I	False	I	I, major		I, major		I	0	0	0	0	0	0	True	True	True
4032	12	55	1	G	0	3	4	3	1	False	1.0	0	35	35	57	35b	168	1/8	False	3	True				False	124		I	C	I		I		I					M	False	False	(0, 4, 1)	()	0	0	major	major	I	I, major	I		I	I	False	I	I, major		I, major		I	0	0	0	1	1	1	True	False	False
4032	12	64	4	E	0	3	4	2	1	True	1.0	0	35	35	57	35b	168	1/8	False	4	True				False	124		I	C	I		I		I					M	False	False	(0, 4, 1)	()	0	0	major	major	I	I, major	I		I	I	False	I	I, major		I, major		I	0	0	0	4	4	4	True	False	False
4032	24	84	0	C	0	3	4	1	1	True	1.0	0	35	35	57	35b	168	1/4	False	6	True				False	124		I	C	I		I		I					M	False	False	(0, 4, 1)	()	0	0	major	major	I	I, major	I		I	I	False	I	I, major		I, major		I	0	0	0	0	0	0	True	True	True
4044	12	48	0	C	0	3	4	4	1	True	1.5	0	35	35	57	35b	337/2	1/8	False	3	False				False	124		I	C	I		I		I					M	False	False	(0, 4, 1)	()	0	0	major	major	I	I, major	I		I	I	False	I	I, major		I, major		I	0	0	0	0	0	0	True	True	True
4044	12	55	1	G	0	3	4	3	1	True	1.5	0	35	35	57	35b	337/2	1/8	False	3	False				False	124		I	C	I		I		I					M	False	False	(0, 4, 1)	()	0	0	major	major	I	I, major	I		I	I	False	I	I, major		I, major		I	0	0	0	1	1	1	True	False	False
4044	12	76	4	E	0	3	4	2	1	True	1.5	0	35	35	57	35b	337/2	1/8	False	5	False				False	124		I	C	I		I		I					M	False	False	(0, 4, 1)	()	0	0	major	major	I	I, major	I		I	I	False	I	I, major		I, major		I	0	0	0	4	4	4	True	False	False
4056	6	47	5	B	0	3	4	4	1	True	2.0	0	35	35	57	35b	169	1/16	False	2	True				False	125		V65	C	I		V65		V		65			Mm7	False	False	(5, 2, -1, 1)	()	1	5	major	major	I	I, major	V		I	I	False	V65	V65, major		V65, major		V	0	0	0	5	5	5	True	False	True
4056	6	62	2	D	0	3	4	3	1	True	2.0	0	35	35	57	35b	169	1/16	False	4	True				False	125		V65	C	I		V65		V		65			Mm7	False	False	(5, 2, -1, 1)	()	1	5	major	major	I	I, major	V		I	I	False	V65	V65, major		V65, major		V	0	0	0	2	2	2	True	False	False
4056	6	77	-1	F	0	3	4	2	1	True	2.0	0	35	35	57	35b	169	1/16	False	5	True				False	125		V65	C	I		V65		V		65			Mm7	False	False	(5, 2, -1, 1)	()	1	5	major	major	I	I, major	V		I	I	False	V65	V65, major		V65, major		V	0	0	0	-1	-1	-1	True	False	False
4062	6	48	0	C	0	3	4	4	1	True	2.25	0	35	35	57	35b	677/4	1/16	False	3	False				False	125		V65	C	I		V65		V		65			Mm7	False	False	(5, 2, -1, 1)	()	1	5	major	major	I	I, major	V		I	I	False	V65	V65, major		V65, major		V	0	0	0	0	0	0	False	False	False
4062	6	60	0	C	0	3	4	3	1	True	2.25	0	35	35	57	35b	677/4	1/16	False	4	False				False	125		V65	C	I		V65		V		65			Mm7	False	False	(5, 2, -1, 1)	()	1	5	major	major	I	I, major	V		I	I	False	V65	V65, major		V65, major		V	0	0	0	0	0	0	False	False	False
4062	6	76	4	E	0	3	4	2	1	True	2.25	0	35	35	57	35b	677/4	1/16	False	5	False				False	125		V65	C	I		V65		V		65			Mm7	False	False	(5, 2, -1, 1)	()	1	5	major	major	I	I, major	V		I	I	False	V65	V65, major		V65, major		V	0	0	0	4	4	4	False	False	False
4068	6	50	2	D	0	3	4	4	1	True	2.5	0	35	35	57	35b	339/2	1/16	False	3	False				False	125		V65	C	I		V65		V		65			Mm7	False	False	(5, 2, -1, 1)	()	1	5	major	major	I	I, major	V		I	I	False	V65	V65, major		V65, major		V	0	0	0	2	2	2	True	False	False
4068	6	59	5	B	0	3	4	3	1	True	2.5	0	35	35	57	35b	339/2	1/16	False	3	False				False	125		V65	C	I		V65		V		65			Mm7	False	False	(5, 2, -1, 1)	()	1	5	major	major	I	I, major	V		I	I	False	V65	V65, major		V65, major		V	0	0	0	5	5	5	True	False	True
4068	6	74	2	D	0	3	4	2	1	True	2.5	0	35	35	57	35b	339/2	1/16	False	5	False				False	125		V65	C	I		V65		V		65			Mm7	False	False	(5, 2, -1, 1)	()	1	5	major	major	I	I, major	V		I	I	False	V65	V65, major		V65, major		V	0	0	0	2	2	2	True	False	False
4074	6	52	4	E	0	3	4	4	1	True	2.75	0	35	35	57	35b	679/4	1/16	False	3	False				False	125		V65	C	I		V65		V		65			Mm7	False	False	(5, 2, -1, 1)	()	1	5	major	major	I	I, major	V		I	I	False	V65	V65, major		V65, major		V	0	0	0	4	4	4	False	False	False
4074	6	57	3	A	0	3	4	3	1	True	2.75	0	35	35	57	35b	679/4	1/16	False	3	False				False	125		V65	C	I		V65		V		65			Mm7	False	False	(5, 2, -1, 1)	()	1	5	major	major	I	I, major	V		I	I	False	V65	V65, major		V65, major		V	0	0	0	3	3	3	False	False	False
4074	6	72	0	C	0	3	4	2	1	True	2.75	0	35	35	57	35b	679/4	1/16	False	5	False				False	125		V65	C	I		V65		V		65			Mm7	False	False	(5, 2, -1, 1)	()	1	5	major	major	I	I, major	V		I	I	False	V65	V65, major		V65, major		V	0	0	0	0	0	0	False	False	False
4080	6	53	-1	F	0	3	4	4	1	True	3.0	0	35	35	57	35b	170	1/16	False	3	False				False	125		V65	C	I		V65		V		65			Mm7	False	False	(5, 2, -1, 1)	()	1	5	major	major	I	I, major	V		I	I	False	V65	V65, major		V65, major		V	0	0	0	-1	-1	-1	True	False	False
4080	6	55	1	G	0	3	4	3	1	True	3.0	0	35	35	57	35b	170	1/16	False	3	False				False	125		V65	C	I		V65		V		65			Mm7	False	False	(5, 2, -1, 1)	()	1	5	major	major	I	I, major	V		I	I	False	V65	V65, major		V65, major		V	0	0	0	1	1	1	True	True	False
4080	6	71	5	B	0	3	4	2	1	True	3.0	0	35	35	57	35b	170	1/16	False	4	False				False	125		V65	C	I		V65		V		65			Mm7	False	False	(5, 2, -1, 1)	()	1	5	major	major	I	I, major	V		I	I	False	V65	V65, major		V65, major		V	0	0	0	5	5	5	True	False	True
4080	6	83	5	B	0	3	4	1	1	True	3.0	0	35	35	57	35b	170	1/16	False	5	False				False	125		V65	C	I		V65		V		65			Mm7	False	False	(5, 2, -1, 1)	()	1	5	major	major	I	I, major	V		I	I	False	V65	V65, major		V65, major		V	0	0	0	5	5	5	True	False	True
4086	6	52	4	E	0	3	4	4	1	True	3.25	0	35	35	57	35b	681/4	1/16	False	3	False				False	125		V65	C	I		V65		V		65			Mm7	False	False	(5, 2, -1, 1)	()	1	5	major	major	I	I, major	V		I	I	False	V65	V65, major		V65, major		V	0	0	0	4	4	4	False	False	False
4086	6	57	3	A	0	3	4	3	1	True	3.25	0	35	35	57	35b	681/4	1/16	False	3	False				False	125		V65	C	I		V65		V		65			Mm7	False	False	(5, 2, -1, 1)	()	1	5	major	major	I	I, major	V		I	I	False	V65	V65, major		V65, major		V	0	0	0	3	3	3	False	False	False
4086	6	72	0	C	0	3	4	2	1	True	3.25	0	35	35	57	35b	681/4	1/16	False	5	False				False	125		V65	C	I		V65		V		65			Mm7	False	False	(5, 2, -1, 1)	()	1	5	major	major	I	I, major	V		I	I	False	V65	V65, major		V65, major		V	0	0	0	0	0	0	False	False	False
4086	6	84	0	C	0	3	4	1	1	True	3.25	0	35	35	57	35b	681/4	1/16	False	6	False				False	125		V65	C	I		V65		V		65			Mm7	False	False	(5, 2, -1, 1)	()	1	5	major	major	I	I, major	V		I	I	False	V65	V65, major		V65, major		V	0	0	0	0	0	0	False	False	False
4092	6	50	2	D	0	3	4	4	1	True	3.5	0	35	35	57	35b	341/2	1/16	False	3	False				False	125		V65	C	I		V65		V		65			Mm7	False	False	(5, 2, -1, 1)	()	1	5	major	major	I	I, major	V		I	I	False	V65	V65, major		V65, major		V	0	0	0	2	2	2	True	False	False
4092	6	59	5	B	0	3	4	3	1	True	3.5	0	35	35	57	35b	341/2	1/16	False	3	False				False	125		V65	C	I		V65		V		65			Mm7	False	False	(5, 2, -1, 1)	()	1	5	major	major	I	I, major	V		I	I	False	V65	V65, major		V65, major		V	0	0	0	5	5	5	True	False	True
4092	6	74	2	D	0	3	4	2	1	True	3.5	0	35	35	57	35b	341/2	1/16	False	5	False				False	125		V65	C	I		V65		V		65			Mm7	False	False	(5, 2, -1, 1)	()	1	5	major	major	I	I, major	V		I	I	False	V65	V65, major		V65, major		V	0	0	0	2	2	2	True	False	False
4092	6	86	2	D	0	3	4	1	1	True	3.5	0	35	35	57	35b	341/2	1/16	False	6	False				False	125		V65	C	I		V65		V		65			Mm7	False	False	(5, 2, -1, 1)	()	1	5	major	major	I	I, major	V		I	I	False	V65	V65, major		V65, major		V	0	0	0	2	2	2	True	False	False
4098	6	48	0	C	0	3	4	4	1	True	3.75	0	35	35	57	35b	683/4	1/16	False	3	False				False	125		V65	C	I		V65		V		65			Mm7	False	False	(5, 2, -1, 1)	()	1	5	major	major	I	I, major	V		I	I	False	V65	V65, major		V65, major		V	0	0	0	0	0	0	False	False	False
4098	6	60	0	C	0	3	4	3	1	True	3.75	0	35	35	57	35b	683/4	1/16	False	4	False				False	125		V65	C	I		V65		V		65			Mm7	False	False	(5, 2, -1, 1)	()	1	5	major	major	I	I, major	V		I	I	False	V65	V65, major		V65, major		V	0	0	0	0	0	0	False	False	False
4098	6	76	4	E	0	3	4	2	1	True	3.75	0	35	35	57	35b	683/4	1/16	False	5	False				False	125		V65	C	I		V65		V		65			Mm7	False	False	(5, 2, -1, 1)	()	1	5	major	major	I	I, major	V		I	I	False	V65	V65, major		V65, major		V	0	0	0	4	4	4	False	False	False
4098	6	88	4	E	0	3	4	1	1	True	3.75	0	35	35	57	35b	683/4	1/16	False	6	False				False	125		V65	C	I		V65		V		65			Mm7	False	False	(5, 2, -1, 1)	()	1	5	major	major	I	I, major	V		I	I	False	V65	V65, major		V65, major		V	0	0	0	4	4	4	False	False	False
4104	6	47	5	B	0	3	4	4	1	True	1.0	0	36	36	58	36b	171	1/16	False	2	False				False	125		V65	C	I		V65		V		65			Mm7	False	False	(5, 2, -1, 1)	()	1	5	major	major	I	I, major	V		I	I	False	V65	V65, major		V65, major		V	0	0	0	5	5	5	True	False	True
4104	72	62	2	D	0	3	4	3	1	True	1.0	0	36	36	58	36b	171	3/4	False	4	False				False	125		V65	C	I		V65		V		65			Mm7	False	False	(5, 2, -1, 1)	()	1	5	major	major	I	I, major	V		I	I	False	V65	V65, major		V65, major		V	0	0	0	2	2	2	True	False	False
4104	72	77	-1	F	0	3	4	2	1	True	1.0	0	36	36	58	36b	171	3/4	False	5	False				False	125		V65	C	I		V65		V		65			Mm7	False	False	(5, 2, -1, 1)	()	1	5	major	major	I	I, major	V		I	I	False	V65	V65, major		V65, major		V	0	0	0	-1	-1	-1	True	False	False
4104	24	89	-1	F	0	3	4	1	1	True	1.0	0	36	36	58	36b	171	1/4	False	6	False				False	125		V65	C	I		V65		V		65			Mm7	False	False	(5, 2, -1, 1)	()	1	5	major	major	I	I, major	V		I	I	False	V65	V65, major		V65, major		V	0	0	0	-1	-1	-1	True	False	False
4110	6	48	0	C	0	3	4	4	1	True	1.25	0	36	36	58	36b	685/4	1/16	False	3	False				False	125		V65	C	I		V65		V		65			Mm7	False	False	(5, 2, -1, 1)	()	1	5	major	major	I	I, major	V		I	I	False	V65	V65, major		V65, major		V	0	0	0	0	0	0	False	False	False
4116	6	47	5	B	0	3	4	4	1	True	1.5	0	36	36	58	36b	343/2	1/16	False	2	False				False	125		V65	C	I		V65		V		65			Mm7	False	False	(5, 2, -1, 1)	()	1	5	major	major	I	I, major	V		I	I	False	V65	V65, major		V65, major		V	0	0	0	5	5	5	True	False	True
4122	6	45	3	A	0	3	4	4	1	True	1.75	0	36	36	58	36b	687/4	1/16	False	2	False				False	125		V65	C	I		V65		V		65			Mm7	False	False	(5, 2, -1, 1)	()	1	5	major	major	I	I, major	V		I	I	False	V65	V65, major		V65, major		V	0	0	0	3	3	3	False	False	False
4128	48	43	1	G	0	3	4	4	1	True	2.0	0	36	36	58	36b	172	1/2	False	2	True				False	126		V7	C	I		V7		V		7			Mm7	False	False	(1, 5, 2, -1)	()	1	1	major	major	I	I, major	V		I	I	False	V7	V7, major		V7, major		V	0	0	0	1	1	1	True	True	True
4128	6	89	-1	F	0	3	4	1	1	False	2.0	0	36	36	58	36b	172	1/16	False	6	True				False	126		V7	C	I		V7		V		7			Mm7	False	False	(1, 5, 2, -1)	()	1	1	major	major	I	I, major	V		I	I	False	V7	V7, major		V7, major		V	0	0	0	-1	-1	-1	True	False	False
4134	6	88	4	E	0	3	4	1	1	True	2.25	0	36	36	58	36b	689/4	1/16	False	6	False				False	126		V7	C	I		V7		V		7			Mm7	False	False	(1, 5, 2, -1)	()	1	1	major	major	I	I, major	V		I	I	False	V7	V7, major		V7, major		V	0	0	0	4	4	4	False	False	False
4140	6	86	2	D	0	3	4	1	1	True	2.5	0	36	36	58	36b	345/2	1/16	False	6	False				False	126		V7	C	I		V7		V		7			Mm7	False	False	(1, 5, 2, -1)	()	1	1	major	major	I	I, major	V		I	I	False	V7	V7, major		V7, major		V	0	0	0	2	2	2	True	False	False
4146	6	84	0	C	0	3	4	1	1	True	2.75	0	36	36	58	36b	691/4	1/16	False	6	False				False	126		V7	C	I		V7		V		7			Mm7	False	False	(1, 5, 2, -1)	()	1	1	major	major	I	I, major	V		I	I	False	V7	V7, major		V7, major		V	0	0	0	0	0	0	False	False	False
4152	6	83	5	B	0	3	4	1	1	True	3.0	0	36	36	58	36b	173	1/16	False	5	False				False	126		V7	C	I		V7		V		7			Mm7	False	False	(1, 5, 2, -1)	()	1	1	major	major	I	I, major	V		I	I	False	V7	V7, major		V7, major		V	0	0	0	5	5	5	True	False	False
4158	6	84	0	C	0	3	4	1	1	True	3.25	0	36	36	58	36b	693/4	1/16	False	6	False				False	126		V7	C	I		V7		V		7			Mm7	False	False	(1, 5, 2, -1)	()	1	1	major	major	I	I, major	V		I	I	False	V7	V7, major		V7, major		V	0	0	0	0	0	0	False	False	False
4164	6	86	2	D	0	3	4	1	1	True	3.5	0	36	36	58	36b	347/2	1/16	False	6	False				False	126		V7	C	I		V7		V		7			Mm7	False	False	(1, 5, 2, -1)	()	1	1	major	major	I	I, major	V		I	I	False	V7	V7, major		V7, major		V	0	0	0	2	2	2	True	False	False
4170	6	83	5	B	0	3	4	1	1	True	3.75	0	36	36	58	36b	695/4	1/16	False	5	False				False	126		V7	C	I		V7		V		7			Mm7	False	False	(1, 5, 2, -1)	()	1	1	major	major	I	I, major	V		I	I	False	V7	V7, major		V7, major		V	0	0	0	5	5	5	True	False	False
4176	48	43	1	G	0	3	4	4	1	False	1.0	0	37	37	59	37b	174	1/2	False	2	False				False	126		V7	C	I		V7		V		7			Mm7	False	False	(1, 5, 2, -1)	()	1	1	major	major	I	I, major	V		I	I	False	V7	V7, major		V7, major		V	0	0	0	1	1	1	True	True	True
4176	24	62	2	D	0	3	4	3	1	False	1.0	0	37	37	59	37b	174	1/4	False	4	False				False	126		V7	C	I		V7		V		7			Mm7	False	False	(1, 5, 2, -1)	()	1	1	major	major	I	I, major	V		I	I	False	V7	V7, major		V7, major		V	0	0	0	2	2	2	True	False	False
4176	24	77	-1	F	0	3	4	2	1	False	1.0	0	37	37	59	37b	174	1/4	False	5	False				False	126		V7	C	I		V7		V		7			Mm7	False	False	(1, 5, 2, -1)	()	1	1	major	major	I	I, major	V		I	I	False	V7	V7, major		V7, major		V	0	0	0	-1	-1	-1	True	False	False
4176	6	79	1	G	0	3	4	1	1	True	1.0	0	37	37	59	37b	174	1/16	False	5	False				False	126		V7	C	I		V7		V		7			Mm7	False	False	(1, 5, 2, -1)	()	1	1	major	major	I	I, major	V		I	I	False	V7	V7, major		V7, major		V	0	0	0	1	1	1	True	True	True
4182	6	81	3	A	0	3	4	1	1	True	1.25	0	37	37	59	37b	697/4	1/16	False	5	False				False	126		V7	C	I		V7		V		7			Mm7	False	False	(1, 5, 2, -1)	()	1	1	major	major	I	I, major	V		I	I	False	V7	V7, major		V7, major		V	0	0	0	3	3	3	False	False	False
4188	6	77	-1	F	0	3	4	1	1	True	1.5	0	37	37	59	37b	349/2	1/16	False	5	False				False	126		V7	C	I		V7		V		7			Mm7	False	False	(1, 5, 2, -1)	()	1	1	major	major	I	I, major	V		I	I	False	V7	V7, major		V7, major		V	0	0	0	-1	-1	-1	True	False	False
4194	6	74	2	D	0	3	4	1	1	True	1.75	0	37	37	59	37b	699/4	1/16	False	5	False				False	126		V7	C	I		V7		V		7			Mm7	False	False	(1, 5, 2, -1)	()	1	1	major	major	I	I, major	V		I	I	False	V7	V7, major		V7, major		V	0	0	0	2	2	2	True	False	False
4200	48	55	1	G	0	3	4	3	1	True	2.0	0	37	37	59	37b	175	1/2	False	3	False				False	126		V7	C	I		V7		V		7			Mm7	False	False	(1, 5, 2, -1)	()	1	1	major	major	I	I, major	V		I	I	False	V7	V7, major		V7, major		V	0	0	0	1	1	1	True	True	True
4200	48	65	-1	F	0	3	4	2	1	True	2.0	0	37	37	59	37b	175	1/2	False	4	False				False	126		V7	C	I		V7		V		7			Mm7	False	False	(1, 5, 2, -1)	()	1	1	major	major	I	I, major	V		I	I	False	V7	V7, major		V7, major		V	0	0	0	-1	-1	-1	True	False	False
4200	6	72	0	C	0	3	4	1	1	True	2.0	0	37	37	59	37b	175	1/16	False	5	False				False	126		V7	C	I		V7		V		7			Mm7	False	False	(1, 5, 2, -1)	()	1	1	major	major	I	I, major	V		I	I	False	V7	V7, major		V7, major		V	0	0	0	0	0	0	False	False	False
4206	6	74	2	D	0	3	4	1	1	True	2.25	0	37	37	59	37b	701/4	1/16	False	5	False				False	126		V7	C	I		V7		V		7			Mm7	False	False	(1, 5, 2, -1)	()	1	1	major	major	I	I, major	V		I	I	False	V7	V7, major		V7, major		V	0	0	0	2	2	2	True	False	False
4212	6	71	5	B	0	3	4	1	1	True	2.5	0	37	37	59	37b	351/2	1/16	False	4	False				False	126		V7	C	I		V7		V		7			Mm7	False	False	(1, 5, 2, -1)	()	1	1	major	major	I	I, major	V		I	I	False	V7	V7, major		V7, major		V	0	0	0	5	5	5	True	False	False
4218	6	67	1	G	0	3	4	1	1	True	2.75	0	37	37	59	37b	703/4	1/16	False	4	False				False	126		V7	C	I		V7		V		7			Mm7	False	False	(1, 5, 2, -1)	()	1	1	major	major	I	I, major	V		I	I	False	V7	V7, major		V7, major		V	0	0	0	1	1	1	True	True	True
4224	24	43	1	G	0	3	4	4	1	True	3.0	0	37	37	59	37b	176	1/4	False	2	False				False	126		V7	C	I		V7		V		7			Mm7	False	False	(1, 5, 2, -1)	()	1	1	major	major	I	I, major	V		I	I	False	V7	V7, major		V7, major		V	0	0	0	1	1	1	True	True	True
4224	6	72	0	C	0	3	4	1	1	True	3.0	0	37	37	59	37b	176	1/16	False	5	False				False	126		V7	C	I		V7		V		7			Mm7	False	False	(1, 5, 2, -1)	()	1	1	major	major	I	I, major	V		I	I	False	V7	V7, major		V7, major		V	0	0	0	0	0	0	False	False	False
4230	6	74	2	D	0	3	4	1	1	True	3.25	0	37	37	59	37b	705/4	1/16	False	5	False				False	126		V7	C	I		V7		V		7			Mm7	False	False	(1, 5, 2, -1)	()	1	1	major	major	I	I, major	V		I	I	False	V7	V7, major		V7, major		V	0	0	0	2	2	2	True	False	False
4236	6	71	5	B	0	3	4	1	1	True	3.5	0	37	37	59	37b	353/2	1/16	False	4	False				False	126		V7	C	I		V7		V		7			Mm7	False	False	(1, 5, 2, -1)	()	1	1	major	major	I	I, major	V		I	I	False	V7	V7, major		V7, major		V	0	0	0	5	5	5	True	False	False
4242	6	67	1	G	0	3	4	1	1	True	3.75	0	37	37	59	37b	707/4	1/16	False	4	False				False	126		V7	C	I		V7		V		7			Mm7	False	False	(1, 5, 2, -1)	()	1	1	major	major	I	I, major	V		I	I	False	V7	V7, major		V7, major		V	0	0	0	1	1	1	True	True	True
4248	24	43	1	G	0	3	4	4	1	False	1.0	0	38	38	60	38b	177	1/4	False	2	False				False	126		V7	C	I		V7		V		7			Mm7	False	False	(1, 5, 2, -1)	()	1	1	major	major	I	I, major	V		I	I	False	V7	V7, major		V7, major		V	0	0	0	1	1	1	True	True	True
4248	12	55	1	G	0	3	4	3	1	False	1.0	0	38	38	60	38b	177	1/8	False	3	False				False	126		V7	C	I		V7		V		7			Mm7	False	False	(1, 5, 2, -1)	()	1	1	major	major	I	I, major	V		I	I	False	V7	V7, major		V7, major		V	0	0	0	1	1	1	True	True	True
4248	48	65	-1	F	0	3	4	2	1	False	1.0	0	38	38	60	38b	177	1/2	False	4	False				False	126		V7	C	I		V7		V		7			Mm7	False	False	(1, 5, 2, -1)	()	1	1	major	major	I	I, major	V		I	I	False	V7	V7, major		V7, major		V	0	0	0	-1	-1	-1	True	False	False
4248	48	74	2	D	0	3	4	1	1	True	1.0	0	38	38	60	38b	177	1/2	False	5	False				False	126		V7	C	I		V7		V		7			Mm7	False	False	(1, 5, 2, -1)	()	1	1	major	major	I	I, major	V		I	I	False	V7	V7, major		V7, major		V	0	0	0	2	2	2	True	False	False
4260	6	55	1	G	0	3	4	3	1	True	1.5	0	38	38	60	38b	355/2	1/16	False	3	False				False	126		V7	C	I		V7		V		7			Mm7	False	False	(1, 5, 2, -1)	()	1	1	major	major	I	I, major	V		I	I	False	V7	V7, major		V7, major		V	0	0	0	1	1	1	True	True	True
4266	6	57	3	A	0	3	4	3	1	True	1.75	0	38	38	60	38b	711/4	1/16	False	3	False				False	126		V7	C	I		V7		V		7			Mm7	False	False	(1, 5, 2, -1)	()	1	1	major	major	I	I, major	V		I	I	False	V7	V7, major		V7, major		V	0	0	0	3	3	3	False	False	False
4272	24	43	1	G	0	3	4	4	1	True	2.0	0	38	38	60	38b	178	1/4	False	2	False				False	126		V7	C	I		V7		V		7			Mm7	False	False	(1, 5, 2, -1)	()	1	1	major	major	I	I, major	V		I	I	False	V7	V7, major		V7, major		V	0	0	0	1	1	1	True	True	True
4272	6	55	1	G	0	3	4	3	1	True	2.0	0	38	38	60	38b	178	1/16	False	3	False				False	126		V7	C	I		V7		V		7			Mm7	False	False	(1, 5, 2, -1)	()	1	1	major	major	I	I, major	V		I	I	False	V7	V7, major		V7, major		V	0	0	0	1	1	1	True	True	True
4278	6	57	3	A	0	3	4	3	1	True	2.25	0	38	38	60	38b	713/4	1/16	False	3	False				False	126		V7	C	I		V7		V		7			Mm7	False	False	(1, 5, 2, -1)	()	1	1	major	major	I	I, major	V		I	I	False	V7	V7, major		V7, major		V	0	0	0	3	3	3	False	False	False
4284	6	55	1	G	0	3	4	3	1	True	2.5	0	38	38	60	38b	357/2	1/16	False	3	False				False	126		V7	C	I		V7		V		7			Mm7	False	False	(1, 5, 2, -1)	()	1	1	major	major	I	I, major	V		I	I	False	V7	V7, major		V7, major		V	0	0	0	1	1	1	True	True	True
4290	6	57	3	A	0	3	4	3	1	True	2.75	0	38	38	60	38b	715/4	1/16	False	3	False				False	126		V7	C	I		V7		V		7			Mm7	False	False	(1, 5, 2, -1)	()	1	1	major	major	I	I, major	V		I	I	False	V7	V7, major		V7, major		V	0	0	0	3	3	3	False	False	False
4296	24	36	0	C	0	3	4	4	1	True	3.0	0	38	38	60	38b	179	1/4	False	2	False			\\	True	127		I\\	C	I		I		I					M	False	False	(0, 4, 1)	()	0	0	major	major	I	I, major	I		I	I	False	I	I, major		I, major		I	0	0	0	0	0	0	True	True	True
4296	24	55	1	G	0	3	4	3	1	True	3.0	0	38	38	60	38b	179	1/4	False	3	False			\\	True	127		I\\	C	I		I		I					M	False	False	(0, 4, 1)	()	0	0	major	major	I	I, major	I		I	I	False	I	I, major		I, major		I	0	0	0	1	1	1	True	False	False
4296	24	64	4	E	0	3	4	2	1	True	3.0	0	38	38	60	38b	179	1/4	False	4	False			\\	True	127		I\\	C	I		I		I					M	False	False	(0, 4, 1)	()	0	0	major	major	I	I, major	I		I	I	False	I	I, major		I, major		I	0	0	0	4	4	4	True	False	False
4296	24	72	0	C	0	3	4	1	1	True	3.0	0	38	38	60	38b	179	1/4	False	5	False			\\	True	127		I\\	C	I		I		I					M	False	False	(0, 4, 1)	()	0	0	major	major	I	I, major	I		I	I	False	I	I, major		I, major		I	0	0	0	0	0	0	True	True	True
4320	24	41	-1	F	0	3	4	4	1	True	1.0	-1	39	39	61	39a	180	1/4	True	2	False				False	128		IV.I	C	IV		I		I					M	False	False	(0, 4, 1)	()	0	0	major	major	IV	IV, major	I		IV	IV	False	I	I, major		I, major		I	0	-1	-1	-1	0	0	True	True	True
4320	18	57	3	A	0	3	4	1	1	True	1.0	-1	39	39	61	39a	180	3/16	True	3	False				False	128		IV.I	C	IV		I		I					M	False	False	(0, 4, 1)	()	0	0	major	major	IV	IV, major	I		IV	IV	False	I	I, major		I, major		I	0	-1	-1	3	4	4	True	False	False
4320	24	57	3	A	0	3	4	3	1	True	1.0	-1	39	39	61	39a	180	1/4	True	3	False				False	128		IV.I	C	IV		I		I					M	False	False	(0, 4, 1)	()	0	0	major	major	IV	IV, major	I		IV	IV	False	I	I, major		I, major		I	0	-1	-1	3	4	4	True	False	False
4320	24	60	0	C	0	3	4	2	1	True	1.0	-1	39	39	61	39a	180	1/4	True	4	False				False	128		IV.I	C	IV		I		I					M	False	False	(0, 4, 1)	()	0	0	major	major	IV	IV, major	I		IV	IV	False	I	I, major		I, major		I	0	-1	-1	0	1	1	True	False	False
4320	18	65	-1	F	0	3	4	1	1	True	1.0	-1	39	39	61	39a	180	3/16	True	4	False				False	128		IV.I	C	IV		I		I					M	False	False	(0, 4, 1)	()	0	0	major	major	IV	IV, major	I		IV	IV	False	I	I, major		I, major		I	0	-1	-1	-1	0	0	True	True	True
4338	6	65	-1	F	0	3	4	1	1	True	1.75	-1	39	39	61	39a	723/4	1/16	False	4	False				False	128		IV.I	C	IV		I		I					M	False	False	(0, 4, 1)	()	0	0	major	major	IV	IV, major	I		IV	IV	False	I	I, major		I, major		I	0	-1	-1	-1	0	0	True	True	True
4344	12	69	3	A	0	3	4	1	1	True	2.0	-1	39	39	61	39a	181	1/8	False	4	False				False	128		IV.I	C	IV		I		I					M	False	False	(0, 4, 1)	()	0	0	major	major	IV	IV, major	I		IV	IV	False	I	I, major		I, major		I	0	-1	-1	3	4	4	True	False	False
4356	12	72	0	C	0	3	4	1	1	True	2.5	-1	39	39	61	39a	363/2	1/8	False	5	False				False	128		IV.I	C	IV		I		I					M	False	False	(0, 4, 1)	()	0	0	major	major	IV	IV, major	I		IV	IV	False	I	I, major		I, major		I	0	-1	-1	0	1	1	True	False	False
4368	12	77	-1	F	0	3	4	1	1	True	3.0	-1	39	39	61	39a	182	1/8	False	5	False				False	128		IV.I	C	IV		I		I					M	False	False	(0, 4, 1)	()	0	0	major	major	IV	IV, major	I		IV	IV	False	I	I, major		I, major		I	0	-1	-1	-1	0	0	True	True	True
4380	12	81	3	A	0	3	4	1	1	True	3.5	-1	39	39	61	39a	365/2	1/8	False	5	False				False	128		IV.I	C	IV		I		I					M	False	False	(0, 4, 1)	()	0	0	major	major	IV	IV, major	I		IV	IV	False	I	I, major		I, major		I	0	-1	-1	3	4	4	True	False	False
4392	12	84	0	C	0	3	4	1	1	True	1.0	-1	40	40	62	40a	183	1/8	False	6	False				False	128		IV.I	C	IV		I		I					M	False	False	(0, 4, 1)	()	0	0	major	major	IV	IV, major	I		IV	IV	False	I	I, major		I, major		I	0	-1	-1	0	1	1	True	False	False
4404	12	81	3	A	0	3	4	1	1	True	1.5	-1	40	40	62	40a	367/2	1/8	False	5	False				False	128		IV.I	C	IV		I		I					M	False	False	(0, 4, 1)	()	0	0	major	major	IV	IV, major	I		IV	IV	False	I	I, major		I, major		I	0	-1	-1	3	4	4	True	False	False
4416	12	77	-1	F	0	3	4	1	1	True	2.0	-1	40	40	62	40a	184	1/8	False	5	False				False	128		IV.I	C	IV		I		I					M	False	False	(0, 4, 1)	()	0	0	major	major	IV	IV, major	I		IV	IV	False	I	I, major		I, major		I	0	-1	-1	-1	0	0	True	True	True
4428	12	60	0	C	0	3	4	3	1	True	2.5	-1	40	40	62	40a	369/2	1/8	False	4	False				False	128		IV.I	C	IV		I		I					M	False	False	(0, 4, 1)	()	0	0	major	major	IV	IV, major	I		IV	IV	False	I	I, major		I, major		I	0	-1	-1	0	1	1	True	False	False
4428	12	72	0	C	0	3	4	1	1	True	2.5	-1	40	40	62	40a	369/2	1/8	False	5	False				False	128		IV.I	C	IV		I		I					M	False	False	(0, 4, 1)	()	0	0	major	major	IV	IV, major	I		IV	IV	False	I	I, major		I, major		I	0	-1	-1	0	1	1	True	False	False
4440	12	57	3	A	0	3	4	3	1	True	3.0	-1	40	40	62	40a	185	1/8	False	3	False				False	128		IV.I	C	IV		I		I					M	False	False	(0, 4, 1)	()	0	0	major	major	IV	IV, major	I		IV	IV	False	I	I, major		I, major		I	0	-1	-1	3	4	4	True	False	False
4440	12	69	3	A	0	3	4	1	1	True	3.0	-1	40	40	62	40a	185	1/8	False	4	False				False	128		IV.I	C	IV		I		I					M	False	False	(0, 4, 1)	()	0	0	major	major	IV	IV, major	I		IV	IV	False	I	I, major		I, major		I	0	-1	-1	3	4	4	True	False	False
4452	12	53	-1	F	0	3	4	3	1	True	3.5	-1	40	40	62	40a	371/2	1/8	False	3	False				False	128		IV.I	C	IV		I		I					M	False	False	(0, 4, 1)	()	0	0	major	major	IV	IV, major	I		IV	IV	False	I	I, major		I, major		I	0	-1	-1	-1	0	0	True	True	True
4452	12	65	-1	F	0	3	4	1	1	True	3.5	-1	40	40	62	40a	371/2	1/8	False	4	False				False	128		IV.I	C	IV		I		I					M	False	False	(0, 4, 1)	()	0	0	major	major	IV	IV, major	I		IV	IV	False	I	I, major		I, major		I	0	-1	-1	-1	0	0	True	True	True
4464	36	48	0	C	0	3	4	3	1	True	1.0	-1	41	41	63	41a	186	3/8	False	3	False				False	128		IV.I	C	IV		I		I					M	False	False	(0, 4, 1)	()	0	0	major	major	IV	IV, major	I		IV	IV	False	I	I, major		I, major		I	0	-1	-1	0	1	1	True	False	False
4464	36	60	0	C	0	3	4	1	1	True	1.0	-1	41	41	63	41a	186	3/8	False	4	False				False	128		IV.I	C	IV		I		I					M	False	False	(0, 4, 1)	()	0	0	major	major	IV	IV, major	I		IV	IV	False	I	I, major		I, major		I	0	-1	-1	0	1	1	True	False	False
4500	12	41	-1	F	0	3	4	4	1	True	2.5	-1	41	41	63	41a	375/2	1/8	False	2	True				False	129		I	C	IV		I		I					M	False	False	(0, 4, 1)	()	0	0	major	major	IV	IV, major	I		IV	IV	False	I	I, major		I, major		I	0	-1	-1	-1	0	0	True	True	True
4500	12	57	3	A	0	3	4	3	1	True	2.5	-1	41	41	63	41a	375/2	1/8	False	3	True				False	129		I	C	IV		I		I					M	False	False	(0, 4, 1)	()	0	0	major	major	IV	IV, major	I		IV	IV	False	I	I, major		I, major		I	0	-1	-1	3	4	4	True	False	False
4500	12	60	0	C	0	3	4	1	1	True	2.5	-1	41	41	63	41a	375/2	1/8	False	4	True				False	129		I	C	IV		I		I					M	False	False	(0, 4, 1)	()	0	0	major	major	IV	IV, major	I		IV	IV	False	I	I, major		I, major		I	0	-1	-1	0	1	1	True	False	False
4512	12	40	4	E	0	3	4	4	1	True	3.0	-1	41	41	63	41a	188	1/8	False	2	True				False	130		V6	C	IV		V6		V		6			M	False	False	(5, 2, 1)	()	1	5	major	major	IV	IV, major	V		IV	IV	False	V6	V6, major		V6, major		V	0	-1	-1	4	5	5	True	False	True
4512	12	55	1	G	0	3	4	3	1	True	3.0	-1	41	41	63	41a	188	1/8	False	3	True				False	130		V6	C	IV		V6		V		6			M	False	False	(5, 2, 1)	()	1	5	major	major	IV	IV, major	V		IV	IV	False	V6	V6, major		V6, major		V	0	-1	-1	1	2	2	True	False	False
4512	12	60	0	C	0	3	4	1	1	True	3.0	-1	41	41	63	41a	188	1/8	False	4	True				False	130		V6	C	IV		V6		V		6			M	False	False	(5, 2, 1)	()	1	5	major	major	IV	IV, major	V		IV	IV	False	V6	V6, major		V6, major		V	0	-1	-1	0	1	1	True	True	False
4524	12	43	1	G	0	3	4	4	1	True	3.5	-1	41	41	63	41a	377/2	1/8	False	2	True				False	131		V43	C	IV		V43		V		43			Mm7	False	False	(2, -1, 1, 5)	()	1	2	major	major	IV	IV, major	V		IV	IV	False	V43	V43, major		V43, major		V	0	-1	-1	1	2	2	True	False	True
4524	12	58	-2	B	-1	3	4	3	1	True	3.5	-1	41	41	63	41a	377/2	1/8	False	3	True				False	131		V43	C	IV		V43		V		43			Mm7	False	False	(2, -1, 1, 5)	()	1	2	major	major	IV	IV, major	V		IV	IV	False	V43	V43, major		V43, major		V	0	-1	-1	-2	-1	-1	True	False	False
4524	12	60	0	C	0	3	4	1	1	True	3.5	-1	41	41	63	41a	377/2	1/8	False	4	True				False	131		V43	C	IV		V43		V		43			Mm7	False	False	(2, -1, 1, 5)	()	1	2	major	major	IV	IV, major	V		IV	IV	False	V43	V43, major		V43, major		V	0	-1	-1	0	1	1	True	True	False
4524	12	64	4	E	0	3	4	2	1	True	3.5	-1	41	41	63	41a	377/2	1/8	False	4	True				False	131		V43	C	IV		V43		V		43			Mm7	False	False	(2, -1, 1, 5)	()	1	2	major	major	IV	IV, major	V		IV	IV	False	V43	V43, major		V43, major		V	0	-1	-1	4	5	5	True	False	False
4536	36	41	-1	F	0	3	4	4	1	True	1.0	-1	42	42	64	42a	189	3/8	False	2	False				False	132		I	C	IV		I		I					M	False	False	(0, 4, 1)	()	0	0	major	major	IV	IV, major	I		IV	IV	False	I	I, major		I, major		I	0	-1	-1	-1	0	0	True	True	True
4536	12	57	3	A	0	3	4	3	1	True	1.0	-1	42	42	64	42a	189	1/8	False	3	False				False	132		I	C	IV		I		I					M	False	False	(0, 4, 1)	()	0	0	major	major	IV	IV, major	I		IV	IV	False	I	I, major		I, major		I	0	-1	-1	3	4	4	True	False	False
4536	36	60	0	C	0	3	4	1	1	True	1.0	-1	42	42	64	42a	189	3/8	False	4	False				False	132		I	C	IV		I		I					M	False	False	(0, 4, 1)	()	0	0	major	major	IV	IV, major	I		IV	IV	False	I	I, major		I, major		I	0	-1	-1	0	1	1	True	False	False
4536	24	65	-1	F	0	3	4	2	1	True	1.0	-1	42	42	64	42a	189	1/4	False	4	False				False	132		I	C	IV		I		I					M	False	False	(0, 4, 1)	()	0	0	major	major	IV	IV, major	I		IV	IV	False	I	I, major		I, major		I	0	-1	-1	-1	0	0	True	True	True
4548	6	55	1	G	0	3	4	3	1	True	1.5	-1	42	42	64	42a	379/2	1/16	False	3	False				False	132		I	C	IV		I		I					M	False	False	(0, 4, 1)	()	0	0	major	major	IV	IV, major	I		IV	IV	False	I	I, major		I, major		I	0	-1	-1	1	2	2	False	False	False
4554	6	57	3	A	0	3	4	3	1	True	1.75	-1	42	42	64	42a	759/4	1/16	False	3	False				False	132		I	C	IV		I		I					M	False	False	(0, 4, 1)	()	0	0	major	major	IV	IV, major	I		IV	IV	False	I	I, major		I, major		I	0	-1	-1	3	4	4	True	False	False
4560	12	53	-1	F	0	3	4	3	1	True	2.0	-1	42	42	64	42a	190	1/8	False	3	False				False	132		I	C	IV		I		I					M	False	False	(0, 4, 1)	()	0	0	major	major	IV	IV, major	I		IV	IV	False	I	I, major		I, major		I	0	-1	-1	-1	0	0	True	True	True
4572	12	41	-1	F	0	3	4	4	1	True	2.5	-1	42	42	64	42a	381/2	1/8	False	2	True				False	133		I	C	IV		I		I					M	False	False	(0, 4, 1)	()	0	0	major	major	IV	IV, major	I		IV	IV	False	I	I, major		I, major		I	0	-1	-1	-1	0	0	True	True	True
4572	12	57	3	A	0	3	4	3	1	True	2.5	-1	42	42	64	42a	381/2	1/8	False	3	True				False	133		I	C	IV		I		I					M	False	False	(0, 4, 1)	()	0	0	major	major	IV	IV, major	I		IV	IV	False	I	I, major		I, major		I	0	-1	-1	3	4	4	True	False	False
4572	12	60	0	C	0	3	4	1	1	True	2.5	-1	42	42	64	42a	381/2	1/8	False	4	True				False	133		I	C	IV		I		I					M	False	False	(0, 4, 1)	()	0	0	major	major	IV	IV, major	I		IV	IV	False	I	I, major		I, major		I	0	-1	-1	0	1	1	True	False	False
4584	12	40	4	E	0	3	4	4	1	True	3.0	-1	42	42	64	42a	191	1/8	False	2	True				False	134		V6	C	IV		V6		V		6			M	False	False	(5, 2, 1)	()	1	5	major	major	IV	IV, major	V		IV	IV	False	V6	V6, major		V6, major		V	0	-1	-1	4	5	5	True	False	True
4584	12	55	1	G	0	3	4	3	1	True	3.0	-1	42	42	64	42a	191	1/8	False	3	True				False	134		V6	C	IV		V6		V		6			M	False	False	(5, 2, 1)	()	1	5	major	major	IV	IV, major	V		IV	IV	False	V6	V6, major		V6, major		V	0	-1	-1	1	2	2	True	False	False
4584	12	60	0	C	0	3	4	1	1	True	3.0	-1	42	42	64	42a	191	1/8	False	4	True				False	134		V6	C	IV		V6		V		6			M	False	False	(5, 2, 1)	()	1	5	major	major	IV	IV, major	V		IV	IV	False	V6	V6, major		V6, major		V	0	-1	-1	0	1	1	True	True	False
4596	12	43	1	G	0	3	4	4	1	True	3.5	-1	42	42	64	42a	383/2	1/8	False	2	True				False	135		V43	C	IV		V43		V		43			Mm7	False	False	(2, -1, 1, 5)	()	1	2	major	major	IV	IV, major	V		IV	IV	False	V43	V43, major		V43, major		V	0	-1	-1	1	2	2	True	False	True
4596	12	58	-2	B	-1	3	4	3	1	True	3.5	-1	42	42	64	42a	383/2	1/8	False	3	True				False	135		V43	C	IV		V43		V		43			Mm7	False	False	(2, -1, 1, 5)	()	1	2	major	major	IV	IV, major	V		IV	IV	False	V43	V43, major		V43, major		V	0	-1	-1	-2	-1	-1	True	False	False
4596	12	60	0	C	0	3	4	1	1	True	3.5	-1	42	42	64	42a	383/2	1/8	False	4	True				False	135		V43	C	IV		V43		V		43			Mm7	False	False	(2, -1, 1, 5)	()	1	2	major	major	IV	IV, major	V		IV	IV	False	V43	V43, major		V43, major		V	0	-1	-1	0	1	1	True	True	False
4596	12	64	4	E	0	3	4	2	1	True	3.5	-1	42	42	64	42a	383/2	1/8	False	4	True				False	135		V43	C	IV		V43		V		43			Mm7	False	False	(2, -1, 1, 5)	()	1	2	major	major	IV	IV, major	V		IV	IV	False	V43	V43, major		V43, major		V	0	-1	-1	4	5	5	True	False	False
4608	36	41	-1	F	0	3	4	4	1	True	1.0	-1	43	43	65	43a	192	3/8	False	2	True				False	136		I	C	IV		I		I					M	False	False	(0, 4, 1)	()	0	0	major	major	IV	IV, major	I		IV	IV	False	I	I, major		I, major		I	0	-1	-1	-1	0	0	True	True	True
4608	12	57	3	A	0	3	4	3	1	True	1.0	-1	43	43	65	43a	192	1/8	False	3	True				False	136		I	C	IV		I		I					M	False	False	(0, 4, 1)	()	0	0	major	major	IV	IV, major	I		IV	IV	False	I	I, major		I, major		I	0	-1	-1	3	4	4	True	False	False
4608	36	60	0	C	0	3	4	1	1	True	1.0	-1	43	43	65	43a	192	3/8	False	4	True				False	136		I	C	IV		I		I					M	False	False	(0, 4, 1)	()	0	0	major	major	IV	IV, major	I		IV	IV	False	I	I, major		I, major		I	0	-1	-1	0	1	1	True	False	False
4608	24	65	-1	F	0	3	4	2	1	True	1.0	-1	43	43	65	43a	192	1/4	False	4	True				False	136		I	C	IV		I		I					M	False	False	(0, 4, 1)	()	0	0	major	major	IV	IV, major	I		IV	IV	False	I	I, major		I, major		I	0	-1	-1	-1	0	0	True	True	True
4620	6	55	1	G	0	3	4	3	1	True	1.5	-1	43	43	65	43a	385/2	1/16	False	3	False				False	136		I	C	IV		I		I					M	False	False	(0, 4, 1)	()	0	0	major	major	IV	IV, major	I		IV	IV	False	I	I, major		I, major		I	0	-1	-1	1	2	2	False	False	False
4626	6	57	3	A	0	3	4	3	1	True	1.75	-1	43	43	65	43a	771/4	1/16	False	3	False				False	136		I	C	IV		I		I					M	False	False	(0, 4, 1)	()	0	0	major	major	IV	IV, major	I		IV	IV	False	I	I, major		I, major		I	0	-1	-1	3	4	4	True	False	False
4632	12	53	-1	F	0	3	4	3	1	True	2.0	-1	43	43	65	43a	193	1/8	False	3	False				False	136		I	C	IV		I		I					M	False	False	(0, 4, 1)	()	0	0	major	major	IV	IV, major	I		IV	IV	False	I	I, major		I, major		I	0	-1	-1	-1	0	0	True	True	True
4644	12	41	-1	F	0	3	4	4	1	True	2.5	-1	43	43	65	43a	387/2	1/8	False	2	False				False	136		I	C	IV		I		I					M	False	False	(0, 4, 1)	()	0	0	major	major	IV	IV, major	I		IV	IV	False	I	I, major		I, major		I	0	-1	-1	-1	0	0	True	True	True
4644	12	57	3	A	0	3	4	2	1	True	2.5	-1	43	43	65	43a	387/2	1/8	False	3	False				False	136		I	C	IV		I		I					M	False	False	(0, 4, 1)	()	0	0	major	major	IV	IV, major	I		IV	IV	False	I	I, major		I, major		I	0	-1	-1	3	4	4	True	False	False
4644	12	60	0	C	0	3	4	3	1	True	2.5	-1	43	43	65	43a	387/2	1/8	False	4	False				False	136		I	C	IV		I		I					M	False	False	(0, 4, 1)	()	0	0	major	major	IV	IV, major	I		IV	IV	False	I	I, major		I, major		I	0	-1	-1	0	1	1	True	False	False
4644	12	69	3	A	0	3	4	1	1	True	2.5	-1	43	43	65	43a	387/2	1/8	False	4	False				False	136		I	C	IV		I		I					M	False	False	(0, 4, 1)	()	0	0	major	major	IV	IV, major	I		IV	IV	False	I	I, major		I, major		I	0	-1	-1	3	4	4	True	False	False
4656	12	40	4	E	0	3	4	4	1	True	3.0	-1	43	43	65	43a	194	1/8	False	2	True				False	137		V6	C	IV		V6		V		6			M	False	False	(5, 2, 1)	()	1	5	major	major	IV	IV, major	V		IV	IV	False	V6	V6, major		V6, major		V	0	-1	-1	4	5	5	True	False	True
4656	12	55	1	G	0	3	4	2	1	True	3.0	-1	43	43	65	43a	194	1/8	False	3	True				False	137		V6	C	IV		V6		V		6			M	False	False	(5, 2, 1)	()	1	5	major	major	IV	IV, major	V		IV	IV	False	V6	V6, major		V6, major		V	0	-1	-1	1	2	2	True	False	False
4656	12	60	0	C	0	3	4	3	1	True	3.0	-1	43	43	65	43a	194	1/8	False	4	True				False	137		V6	C	IV		V6		V		6			M	False	False	(5, 2, 1)	()	1	5	major	major	IV	IV, major	V		IV	IV	False	V6	V6, major		V6, major		V	0	-1	-1	0	1	1	True	True	False
4656	12	67	1	G	0	3	4	1	1	True	3.0	-1	43	43	65	43a	194	1/8	False	4	True				False	137		V6	C	IV		V6		V		6			M	False	False	(5, 2, 1)	()	1	5	major	major	IV	IV, major	V		IV	IV	False	V6	V6, major		V6, major		V	0	-1	-1	1	2	2	True	False	False
4668	12	38	2	D	0	3	4	4	1	True	3.5	-1	43	43	65	43a	389/2	1/8	False	2	True				False	138		V43/V	C	IV		V43/V		V		43		V	Mm7	False	False	(3, 0, 2, 6)	()	2	3	major	major	IV	IV, major	V/V	V	V/IV	I	False	V43/V	V43/V, major		V43/V, major	V	V	0	-1	0	2	3	2	True	False	True
4668	12	53	-1	F	0	3	4	3	1	True	3.5	-1	43	43	65	43a	389/2	1/8	False	3	True				False	138		V43/V	C	IV		V43/V		V		43		V	Mm7	False	False	(3, 0, 2, 6)	()	2	3	major	major	IV	IV, major	V/V	V	V/IV	I	False	V43/V	V43/V, major		V43/V, major	V	V	0	-1	0	-1	0	-1	True	False	False
4668	12	55	1	G	0	3	4	3	1	True	3.5	-1	43	43	65	43a	389/2	1/8	False	3	True				False	138		V43/V	C	IV		V43/V		V		43		V	Mm7	False	False	(3, 0, 2, 6)	()	2	3	major	major	IV	IV, major	V/V	V	V/IV	I	False	V43/V	V43/V, major		V43/V, major	V	V	0	-1	0	1	2	1	True	True	False
4668	12	59	5	B	0	3	4	2	1	True	3.5	-1	43	43	65	43a	389/2	1/8	False	3	True				False	138		V43/V	C	IV		V43/V		V		43		V	Mm7	False	False	(3, 0, 2, 6)	()	2	3	major	major	IV	IV, major	V/V	V	V/IV	I	False	V43/V	V43/V, major		V43/V, major	V	V	0	-1	0	5	6	5	True	False	False
4668	12	71	5	B	0	3	4	1	1	True	3.5	-1	43	43	65	43a	389/2	1/8	False	4	True				False	138		V43/V	C	IV		V43/V		V		43		V	Mm7	False	False	(3, 0, 2, 6)	()	2	3	major	major	IV	IV, major	V/V	V	V/IV	I	False	V43/V	V43/V, major		V43/V, major	V	V	0	-1	0	5	6	5	True	False	False
4680	24	36	0	C	0	3	4	4	1	True	1.0	-1	44	44	66	44a	195	1/4	False	2	False				False	139		V	C	IV		V		V					M	False	False	(1, 5, 2)	()	1	1	major	major	IV	IV, major	V		IV	IV	False	V	V, major		V, major		V	0	-1	-1	0	1	1	True	True	True
4680	24	52	4	E	0	3	4	3	1	True	1.0	-1	44	44	66	44a	195	1/4	False	3	False				False	139		V	C	IV		V		V					M	False	False	(1, 5, 2)	()	1	1	major	major	IV	IV, major	V		IV	IV	False	V	V, major		V, major		V	0	-1	-1	4	5	5	True	False	False
4680	24	55	1	G	0	3	4	3	1	True	1.0	-1	44	44	66	44a	195	1/4	False	3	False				False	139		V	C	IV		V		V					M	False	False	(1, 5, 2)	()	1	1	major	major	IV	IV, major	V		IV	IV	False	V	V, major		V, major		V	0	-1	-1	1	2	2	True	False	False
4680	6	60	0	C	0	3	4	2	1	True	1.0	-1	44	44	66	44a	195	1/16	False	4	False				False	139		V	C	IV		V		V					M	False	False	(1, 5, 2)	()	1	1	major	major	IV	IV, major	V		IV	IV	False	V	V, major		V, major		V	0	-1	-1	0	1	1	True	True	True
4680	24	72	0	C	0	3	4	1	1	True	1.0	-1	44	44	66	44a	195	1/4	False	5	False				False	139		V	C	IV		V		V					M	False	False	(1, 5, 2)	()	1	1	major	major	IV	IV, major	V		IV	IV	False	V	V, major		V, major		V	0	-1	-1	0	1	1	True	True	True
4686	6	62	2	D	0	3	4	2	1	True	1.25	-1	44	44	66	44a	781/4	1/16	False	4	False				False	139		V	C	IV		V		V					M	False	False	(1, 5, 2)	()	1	1	major	major	IV	IV, major	V		IV	IV	False	V	V, major		V, major		V	0	-1	-1	2	3	3	False	False	False
4692	6	64	4	E	0	3	4	2	1	True	1.5	-1	44	44	66	44a	391/2	1/16	False	4	False				False	139		V	C	IV		V		V					M	False	False	(1, 5, 2)	()	1	1	major	major	IV	IV, major	V		IV	IV	False	V	V, major		V, major		V	0	-1	-1	4	5	5	True	False	False
4698	6	65	-1	F	0	3	4	2	1	True	1.75	-1	44	44	66	44a	783/4	1/16	False	4	False				False	139		V	C	IV		V		V					M	False	False	(1, 5, 2)	()	1	1	major	major	IV	IV, major	V		IV	IV	False	V	V, major		V, major		V	0	-1	-1	-1	0	0	False	False	False
4704	6	67	1	G	0	3	4	2	1	True	2.0	-1	44	44	66	44a	196	1/16	False	4	False				False	139		V	C	IV		V		V					M	False	False	(1, 5, 2)	()	1	1	major	major	IV	IV, major	V		IV	IV	False	V	V, major		V, major		V	0	-1	-1	1	2	2	True	False	False
4710	6	69	3	A	0	3	4	2	1	True	2.25	-1	44	44	66	44a	785/4	1/16	False	4	False				False	139		V	C	IV		V		V					M	False	False	(1, 5, 2)	()	1	1	major	major	IV	IV, major	V		IV	IV	False	V	V, major		V, major		V	0	-1	-1	3	4	4	False	False	False
4716	6	67	1	G	0	3	4	2	1	True	2.5	-1	44	44	66	44a	393/2	1/16	False	4	False				False	139		V	C	IV		V		V					M	False	False	(1, 5, 2)	()	1	1	major	major	IV	IV, major	V		IV	IV	False	V	V, major		V, major		V	0	-1	-1	1	2	2	True	False	False
4722	6	65	-1	F	0	3	4	2	1	True	2.75	-1	44	44	66	44a	787/4	1/16	False	4	False				False	139		V	C	IV		V		V					M	False	False	(1, 5, 2)	()	1	1	major	major	IV	IV, major	V		IV	IV	False	V	V, major		V, major		V	0	-1	-1	-1	0	0	False	False	False
4728	6	64	4	E	0	3	4	2	1	True	3.0	-1	44	44	66	44a	197	1/16	False	4	False				False	139		V	C	IV		V		V					M	False	False	(1, 5, 2)	()	1	1	major	major	IV	IV, major	V		IV	IV	False	V	V, major		V, major		V	0	-1	-1	4	5	5	True	False	False
4728	24	76	4	E	0	3	4	1	1	True	3.0	-1	44	44	66	44a	197	1/4	False	5	False				False	139		V	C	IV		V		V					M	False	False	(1, 5, 2)	()	1	1	major	major	IV	IV, major	V		IV	IV	False	V	V, major		V, major		V	0	-1	-1	4	5	5	True	False	False
4734	6	67	1	G	0	3	4	2	1	True	3.25	-1	44	44	66	44a	789/4	1/16	False	4	False				False	139		V	C	IV		V		V					M	False	False	(1, 5, 2)	()	1	1	major	major	IV	IV, major	V		IV	IV	False	V	V, major		V, major		V	0	-1	-1	1	2	2	True	False	False
4740	6	69	3	A	0	3	4	2	1	True	3.5	-1	44	44	66	44a	395/2	1/16	False	4	False				False	139		V	C	IV		V		V					M	False	False	(1, 5, 2)	()	1	1	major	major	IV	IV, major	V		IV	IV	False	V	V, major		V, major		V	0	-1	-1	3	4	4	False	False	False
4746	6	71	5	B	0	3	4	2	1	True	3.75	-1	44	44	66	44a	791/4	1/16	False	4	False				False	139		V	C	IV		V		V					M	False	False	(1, 5, 2)	()	1	1	major	major	IV	IV, major	V		IV	IV	False	V	V, major		V, major		V	0	-1	-1	5	6	6	False	False	False
4752	24	36	0	C	0	3	4	4	1	True	1.0	-1	45	45	67	45a	198	1/4	False	2	False				False	139		V	C	IV		V		V					M	False	False	(1, 5, 2)	()	1	1	major	major	IV	IV, major	V		IV	IV	False	V	V, major		V, major		V	0	-1	-1	0	1	1	True	True	True
4752	24	52	4	E	0	3	4	3	1	True	1.0	-1	45	45	67	45a	198	1/4	False	3	False				False	139		V	C	IV		V		V					M	False	False	(1, 5, 2)	()	1	1	major	major	IV	IV, major	V		IV	IV	False	V	V, major		V, major		V	0	-1	-1	4	5	5	True	False	False
4752	24	55	1	G	0	3	4	3	1	True	1.0	-1	45	45	67	45a	198	1/4	False	3	False				False	139		V	C	IV		V		V					M	False	False	(1, 5, 2)	()	1	1	major	major	IV	IV, major	V		IV	IV	False	V	V, major		V, major		V	0	-1	-1	1	2	2	True	False	False
4752	6	72	0	C	0	3	4	2	1	True	1.0	-1	45	45	67	45a	198	1/16	False	5	False				False	139		V	C	IV		V		V					M	False	False	(1, 5, 2)	()	1	1	major	major	IV	IV, major	V		IV	IV	False	V	V, major		V, major		V	0	-1	-1	0	1	1	True	True	True
4752	24	76	4	E	0	3	4	1	1	False	1.0	-1	45	45	67	45a	198	1/4	False	5	False				False	139		V	C	IV		V		V					M	False	False	(1, 5, 2)	()	1	1	major	major	IV	IV, major	V		IV	IV	False	V	V, major		V, major		V	0	-1	-1	4	5	5	True	False	False
4758	6	71	5	B	0	3	4	2	1	True	1.25	-1	45	45	67	45a	793/4	1/16	False	4	False				False	139		V	C	IV		V		V					M	False	False	(1, 5, 2)	()	1	1	major	major	IV	IV, major	V		IV	IV	False	V	V, major		V, major		V	0	-1	-1	5	6	6	False	False	False
4764	6	72	0	C	0	3	4	2	1	True	1.5	-1	45	45	67	45a	397/2	1/16	False	5	False				False	139		V	C	IV		V		V					M	False	False	(1, 5, 2)	()	1	1	major	major	IV	IV, major	V		IV	IV	False	V	V, major		V, major		V	0	-1	-1	0	1	1	True	True	True
4770	6	69	3	A	0	3	4	2	1	True	1.75	-1	45	45	67	45a	795/4	1/16	False	4	False				False	139		V	C	IV		V		V					M	False	False	(1, 5, 2)	()	1	1	major	major	IV	IV, major	V		IV	IV	False	V	V, major		V, major		V	0	-1	-1	3	4	4	False	False	False
4776	6	67	1	G	0	3	4	2	1	True	2.0	-1	45	45	67	45a	199	1/16	False	4	False				False	139		V	C	IV		V		V					M	False	False	(1, 5, 2)	()	1	1	major	major	IV	IV, major	V		IV	IV	False	V	V, major		V, major		V	0	-1	-1	1	2	2	True	False	False
4782	6	71	5	B	0	3	4	2	1	True	2.25	-1	45	45	67	45a	797/4	1/16	False	4	False				False	139		V	C	IV		V		V					M	False	False	(1, 5, 2)	()	1	1	major	major	IV	IV, major	V		IV	IV	False	V	V, major		V, major		V	0	-1	-1	5	6	6	False	False	False
4788	6	72	0	C	0	3	4	2	1	True	2.5	-1	45	45	67	45a	399/2	1/16	False	5	False				False	139		V	C	IV		V		V					M	False	False	(1, 5, 2)	()	1	1	major	major	IV	IV, major	V		IV	IV	False	V	V, major		V, major		V	0	-1	-1	0	1	1	True	True	True
4794	6	74	2	D	0	3	4	2	1	True	2.75	-1	45	45	67	45a	799/4	1/16	False	5	False				False	139		V	C	IV		V		V					M	False	False	(1, 5, 2)	()	1	1	major	major	IV	IV, major	V		IV	IV	False	V	V, major		V, major		V	0	-1	-1	2	3	3	False	False	False
4800	6	76	4	E	0	3	4	2	1	True	3.0	-1	45	45	67	45a	200	1/16	False	5	False				False	139		V	C	IV		V		V					M	False	False	(1, 5, 2)	()	1	1	major	major	IV	IV, major	V		IV	IV	False	V	V, major		V, major		V	0	-1	-1	4	5	5	True	False	False
4800	24	79	1	G	0	3	4	1	1	True	3.0	-1	45	45	67	45a	200	1/4	False	5	False				False	139		V	C	IV		V		V					M	False	False	(1, 5, 2)	()	1	1	major	major	IV	IV, major	V		IV	IV	False	V	V, major		V, major		V	0	-1	-1	1	2	2	True	False	False
4806	6	77	-1	F	0	3	4	2	1	True	3.25	-1	45	45	67	45a	801/4	1/16	False	5	False				False	139		V	C	IV		V		V					M	False	False	(1, 5, 2)	()	1	1	major	major	IV	IV, major	V		IV	IV	False	V	V, major		V, major		V	0	-1	-1	-1	0	0	False	False	False
4812	6	76	4	E	0	3	4	2	1	True	3.5	-1	45	45	67	45a	401/2	1/16	False	5	False				False	139		V	C	IV		V		V					M	False	False	(1, 5, 2)	()	1	1	major	major	IV	IV, major	V		IV	IV	False	V	V, major		V, major		V	0	-1	-1	4	5	5	True	False	False
4818	6	74	2	D	0	3	4	2	1	True	3.75	-1	45	45	67	45a	803/4	1/16	False	5	False				False	139		V	C	IV		V		V					M	False	False	(1, 5, 2)	()	1	1	major	major	IV	IV, major	V		IV	IV	False	V	V, major		V, major		V	0	-1	-1	2	3	3	False	False	False
4824	24	36	0	C	0	3	4	4	1	True	1.0	-1	46	46	68	46a	201	1/4	False	2	True				False	140		V	C	IV		V		V					M	False	False	(1, 5, 2)	()	1	1	major	major	IV	IV, major	V		IV	IV	False	V	V, major		V, major		V	0	-1	-1	0	1	1	True	True	True
4824	24	52	4	E	0	3	4	3	1	True	1.0	-1	46	46	68	46a	201	1/4	False	3	True				False	140		V	C	IV		V		V					M	False	False	(1, 5, 2)	()	1	1	major	major	IV	IV, major	V		IV	IV	False	V	V, major		V, major		V	0	-1	-1	4	5	5	True	False	False
4824	24	55	1	G	0	3	4	3	1	True	1.0	-1	46	46	68	46a	201	1/4	False	3	True				False	140		V	C	IV		V		V					M	False	False	(1, 5, 2)	()	1	1	major	major	IV	IV, major	V		IV	IV	False	V	V, major		V, major		V	0	-1	-1	1	2	2	True	False	False
4824	6	72	0	C	0	3	4	2	1	True	1.0	-1	46	46	68	46a	201	1/16	False	5	True				False	140		V	C	IV		V		V					M	False	False	(1, 5, 2)	()	1	1	major	major	IV	IV, major	V		IV	IV	False	V	V, major		V, major		V	0	-1	-1	0	1	1	True	True	True
4824	24	79	1	G	0	3	4	1	1	False	1.0	-1	46	46	68	46a	201	1/4	False	5	True				False	140		V	C	IV		V		V					M	False	False	(1, 5, 2)	()	1	1	major	major	IV	IV, major	V		IV	IV	False	V	V, major		V, major		V	0	-1	-1	1	2	2	True	False	False
4830	6	74	2	D	0	3	4	2	1	True	1.25	-1	46	46	68	46a	805/4	1/16	False	5	False				False	140		V	C	IV		V		V					M	False	False	(1, 5, 2)	()	1	1	major	major	IV	IV, major	V		IV	IV	False	V	V, major		V, major		V	0	-1	-1	2	3	3	False	False	False
4836	6	76	4	E	0	3	4	2	1	True	1.5	-1	46	46	68	46a	403/2	1/16	False	5	False				False	140		V	C	IV		V		V					M	False	False	(1, 5, 2)	()	1	1	major	major	IV	IV, major	V		IV	IV	False	V	V, major		V, major		V	0	-1	-1	4	5	5	True	False	False
4842	6	77	-1	F	0	3	4	2	1	True	1.75	-1	46	46	68	46a	807/4	1/16	False	5	False				False	140		V	C	IV		V		V					M	False	False	(1, 5, 2)	()	1	1	major	major	IV	IV, major	V		IV	IV	False	V	V, major		V, major		V	0	-1	-1	-1	0	0	False	False	False
4848	6	79	1	G	0	3	4	2	1	True	2.0	-1	46	46	68	46a	202	1/16	False	5	False				False	140		V	C	IV		V		V					M	False	False	(1, 5, 2)	()	1	1	major	major	IV	IV, major	V		IV	IV	False	V	V, major		V, major		V	0	-1	-1	1	2	2	True	False	False
4854	6	81	3	A	0	3	4	2	1	True	2.25	-1	46	46	68	46a	809/4	1/16	False	5	False				False	140		V	C	IV		V		V					M	False	False	(1, 5, 2)	()	1	1	major	major	IV	IV, major	V		IV	IV	False	V	V, major		V, major		V	0	-1	-1	3	4	4	False	False	False
4860	6	79	1	G	0	3	4	2	1	True	2.5	-1	46	46	68	46a	405/2	1/16	False	5	False				False	140		V	C	IV		V		V					M	False	False	(1, 5, 2)	()	1	1	major	major	IV	IV, major	V		IV	IV	False	V	V, major		V, major		V	0	-1	-1	1	2	2	True	False	False
4866	6	77	-1	F	0	3	4	2	1	True	2.75	-1	46	46	68	46a	811/4	1/16	False	5	False				False	140		V	C	IV		V		V					M	False	False	(1, 5, 2)	()	1	1	major	major	IV	IV, major	V		IV	IV	False	V	V, major		V, major		V	0	-1	-1	-1	0	0	False	False	False
4872	6	76	4	E	0	3	4	2	1	True	3.0	-1	46	46	68	46a	203	1/16	False	5	False				False	140		V	C	IV		V		V					M	False	False	(1, 5, 2)	()	1	1	major	major	IV	IV, major	V		IV	IV	False	V	V, major		V, major		V	0	-1	-1	4	5	5	True	False	False
4872	24	84	0	C	0	3	4	1	1	True	3.0	-1	46	46	68	46a	203	1/4	False	6	False				False	140		V	C	IV		V		V					M	False	False	(1, 5, 2)	()	1	1	major	major	IV	IV, major	V		IV	IV	False	V	V, major		V, major		V	0	-1	-1	0	1	1	True	True	True
4878	6	72	0	C	0	3	4	2	1	True	3.25	-1	46	46	68	46a	813/4	1/16	False	5	False				False	140		V	C	IV		V		V					M	False	False	(1, 5, 2)	()	1	1	major	major	IV	IV, major	V		IV	IV	False	V	V, major		V, major		V	0	-1	-1	0	1	1	True	True	True
4884	6	71	5	B	0	3	4	2	1	True	3.5	-1	46	46	68	46a	407/2	1/16	False	4	False				False	140		V	C	IV		V		V					M	False	False	(1, 5, 2)	()	1	1	major	major	IV	IV, major	V		IV	IV	False	V	V, major		V, major		V	0	-1	-1	5	6	6	False	False	False
4890	6	69	3	A	0	3	4	2	1	True	3.75	-1	46	46	68	46a	815/4	1/16	False	4	False				False	140		V	C	IV		V		V					M	False	False	(1, 5, 2)	()	1	1	major	major	IV	IV, major	V		IV	IV	False	V	V, major		V, major		V	0	-1	-1	3	4	4	False	False	False
4896	6	67	1	G	0	3	4	2	1	True	1.0	-1	47	47	69	47a	204	1/16	False	4	True				False	141		V64	C	IV		V64		V		64			M	False	False	(2, 1, 5)	()	1	2	major	major	IV	IV, major	V		IV	IV	False	V64	V64, major		V64, major		V	0	-1	-1	1	2	2	True	False	True
4896	12	84	0	C	0	3	4	1	1	False	1.0	-1	47	47	69	47a	204	1/8	False	6	True				False	141		V64	C	IV		V64		V		64			M	False	False	(2, 1, 5)	()	1	2	major	major	IV	IV, major	V		IV	IV	False	V64	V64, major		V64, major		V	0	-1	-1	0	1	1	True	True	False
4902	6	65	-1	F	0	3	4	2	1	True	1.25	-1	47	47	69	47a	817/4	1/16	False	4	False				False	141		V64	C	IV		V64		V		64			M	False	False	(2, 1, 5)	()	1	2	major	major	IV	IV, major	V		IV	IV	False	V64	V64, major		V64, major		V	0	-1	-1	-1	0	0	False	False	False
4908	12	43	1	G	0	3	4	4	1	True	1.5	-1	47	47	69	47a	409/2	1/8	False	2	False				False	141		V64	C	IV		V64		V		64			M	False	False	(2, 1, 5)	()	1	2	major	major	IV	IV, major	V		IV	IV	False	V64	V64, major		V64, major		V	0	-1	-1	1	2	2	True	False	True
4908	12	52	4	E	0	3	4	3	1	True	1.5	-1	47	47	69	47a	409/2	1/8	False	3	False				False	141		V64	C	IV		V64		V		64			M	False	False	(2, 1, 5)	()	1	2	major	major	IV	IV, major	V		IV	IV	False	V64	V64, major		V64, major		V	0	-1	-1	4	5	5	True	False	False
4908	12	55	1	G	0	3	4	3	1	True	1.5	-1	47	47	69	47a	409/2	1/8	False	3	False				False	141		V64	C	IV		V64		V		64			M	False	False	(2, 1, 5)	()	1	2	major	major	IV	IV, major	V		IV	IV	False	V64	V64, major		V64, major		V	0	-1	-1	1	2	2	True	False	True
4908	6	64	4	E	0	3	4	2	1	True	1.5	-1	47	47	69	47a	409/2	1/16	False	4	False				False	141		V64	C	IV		V64		V		64			M	False	False	(2, 1, 5)	()	1	2	major	major	IV	IV, major	V		IV	IV	False	V64	V64, major		V64, major		V	0	-1	-1	4	5	5	True	False	False
4908	24	88	4	E	0	3	4	1	1	True	1.5	-1	47	47	69	47a	409/2	1/4	False	6	False				False	141		V64	C	IV		V64		V		64			M	False	False	(2, 1, 5)	()	1	2	major	major	IV	IV, major	V		IV	IV	False	V64	V64, major		V64, major		V	0	-1	-1	4	5	5	True	False	False
4914	6	62	2	D	0	3	4	2	1	True	1.75	-1	47	47	69	47a	819/4	1/16	False	4	False				False	141		V64	C	IV		V64		V		64			M	False	False	(2, 1, 5)	()	1	2	major	major	IV	IV, major	V		IV	IV	False	V64	V64, major		V64, major		V	0	-1	-1	2	3	3	False	False	False
4920	12	43	1	G	0	3	4	4	1	True	2.0	-1	47	47	69	47a	205	1/8	False	2	False				False	141		V64	C	IV		V64		V		64			M	False	False	(2, 1, 5)	()	1	2	major	major	IV	IV, major	V		IV	IV	False	V64	V64, major		V64, major		V	0	-1	-1	1	2	2	True	False	True
4920	12	52	4	E	0	3	4	3	1	True	2.0	-1	47	47	69	47a	205	1/8	False	3	False				False	141		V64	C	IV		V64		V		64			M	False	False	(2, 1, 5)	()	1	2	major	major	IV	IV, major	V		IV	IV	False	V64	V64, major		V64, major		V	0	-1	-1	4	5	5	True	False	False
4920	12	55	1	G	0	3	4	3	1	True	2.0	-1	47	47	69	47a	205	1/8	False	3	False				False	141		V64	C	IV		V64		V		64			M	False	False	(2, 1, 5)	()	1	2	major	major	IV	IV, major	V		IV	IV	False	V64	V64, major		V64, major		V	0	-1	-1	1	2	2	True	False	True
4920	6	60	0	C	0	3	4	2	1	True	2.0	-1	47	47	69	47a	205	1/16	False	4	False				False	141		V64	C	IV		V64		V		64			M	False	False	(2, 1, 5)	()	1	2	major	major	IV	IV, major	V		IV	IV	False	V64	V64, major		V64, major		V	0	-1	-1	0	1	1	True	True	False
4926	6	67	1	G	0	3	4	2	1	True	2.25	-1	47	47	69	47a	821/4	1/16	False	4	False				False	141		V64	C	IV		V64		V		64			M	False	False	(2, 1, 5)	()	1	2	major	major	IV	IV, major	V		IV	IV	False	V64	V64, major		V64, major		V	0	-1	-1	1	2	2	True	False	True
4932	12	43	1	G	0	3	4	4	1	True	2.5	-1	47	47	69	47a	411/2	1/8	False	2	False				False	141		V64	C	IV		V64		V		64			M	False	False	(2, 1, 5)	()	1	2	major	major	IV	IV, major	V		IV	IV	False	V64	V64, major		V64, major		V	0	-1	-1	1	2	2	True	False	True
4932	12	52	4	E	0	3	4	3	1	True	2.5	-1	47	47	69	47a	411/2	1/8	False	3	False				False	141		V64	C	IV		V64		V		64			M	False	False	(2, 1, 5)	()	1	2	major	major	IV	IV, major	V		IV	IV	False	V64	V64, major		V64, major		V	0	-1	-1	4	5	5	True	False	False
4932	12	55	1	G	0	3	4	3	1	True	2.5	-1	47	47	69	47a	411/2	1/8	False	3	False				False	141		V64	C	IV		V64		V		64			M	False	False	(2, 1, 5)	()	1	2	major	major	IV	IV, major	V		IV	IV	False	V64	V64, major		V64, major		V	0	-1	-1	1	2	2	True	False	True
4932	6	64	4	E	0	3	4	2	1	True	2.5	-1	47	47	69	47a	411/2	1/16	False	4	False				False	141		V64	C	IV		V64		V		64			M	False	False	(2, 1, 5)	()	1	2	major	major	IV	IV, major	V		IV	IV	False	V64	V64, major		V64, major		V	0	-1	-1	4	5	5	True	False	False
4932	12	91	1	G	0	3	4	1	1	True	2.5	-1	47	47	69	47a	411/2	1/8	False	6	False				False	141		V64	C	IV		V64		V		64			M	False	False	(2, 1, 5)	()	1	2	major	major	IV	IV, major	V		IV	IV	False	V64	V64, major		V64, major		V	0	-1	-1	1	2	2	True	False	True
4938	6	60	0	C	0	3	4	2	1	True	2.75	-1	47	47	69	47a	823/4	1/16	False	4	False				False	141		V64	C	IV		V64		V		64			M	False	False	(2, 1, 5)	()	1	2	major	major	IV	IV, major	V		IV	IV	False	V64	V64, major		V64, major		V	0	-1	-1	0	1	1	True	True	False
4944	12	43	1	G	0	3	4	4	1	True	3.0	-1	47	47	69	47a	206	1/8	False	2	True				False	142		V7/V	C	IV		V7/V		V		7		V	Mm7	False	False	(2, 6, 3, 0)	()	2	2	major	major	IV	IV, major	V/V	V	V/IV	I	False	V7/V	V7/V, major		V7/V, major	V	V	0	-1	0	1	2	1	True	True	True
4944	12	59	5	B	0	3	4	3	1	True	3.0	-1	47	47	69	47a	206	1/8	False	3	True				False	142		V7/V	C	IV		V7/V		V		7		V	Mm7	False	False	(2, 6, 3, 0)	()	2	2	major	major	IV	IV, major	V/V	V	V/IV	I	False	V7/V	V7/V, major		V7/V, major	V	V	0	-1	0	5	6	5	True	False	False
4944	6	62	2	D	0	3	4	2	1	True	3.0	-1	47	47	69	47a	206	1/16	False	4	True				False	142		V7/V	C	IV		V7/V		V		7		V	Mm7	False	False	(2, 6, 3, 0)	()	2	2	major	major	IV	IV, major	V/V	V	V/IV	I	False	V7/V	V7/V, major		V7/V, major	V	V	0	-1	0	2	3	2	True	False	False
4944	12	91	1	G	0	3	4	1	1	True	3.0	-1	47	47	69	47a	206	1/8	False	6	True				False	142		V7/V	C	IV		V7/V		V		7		V	Mm7	False	False	(2, 6, 3, 0)	()	2	2	major	major	IV	IV, major	V/V	V	V/IV	I	False	V7/V	V7/V, major		V7/V, major	V	V	0	-1	0	1	2	1	True	True	True
4950	6	67	1	G	0	3	4	2	1	True	3.25	-1	47	47	69	47a	825/4	1/16	False	4	False				False	142		V7/V	C	IV		V7/V		V		7		V	Mm7	False	False	(2, 6, 3, 0)	()	2	2	major	major	IV	IV, major	V/V	V	V/IV	I	False	V7/V	V7/V, major		V7/V, major	V	V	0	-1	0	1	2	1	True	True	True
4956	12	43	1	G	0	3	4	4	1	True	3.5	-1	47	47	69	47a	413/2	1/8	False	2	False				False	142		V7/V	C	IV		V7/V		V		7		V	Mm7	False	False	(2, 6, 3, 0)	()	2	2	major	major	IV	IV, major	V/V	V	V/IV	I	False	V7/V	V7/V, major		V7/V, major	V	V	0	-1	0	1	2	1	True	True	True
4956	12	59	5	B	0	3	4	3	1	True	3.5	-1	47	47	69	47a	413/2	1/8	False	3	False				False	142		V7/V	C	IV		V7/V		V		7		V	Mm7	False	False	(2, 6, 3, 0)	()	2	2	major	major	IV	IV, major	V/V	V	V/IV	I	False	V7/V	V7/V, major		V7/V, major	V	V	0	-1	0	5	6	5	True	False	False
4956	6	65	-1	F	0	3	4	2	1	True	3.5	-1	47	47	69	47a	413/2	1/16	False	4	False				False	142		V7/V	C	IV		V7/V		V		7		V	Mm7	False	False	(2, 6, 3, 0)	()	2	2	major	major	IV	IV, major	V/V	V	V/IV	I	False	V7/V	V7/V, major		V7/V, major	V	V	0	-1	0	-1	0	-1	True	False	False
4956	12	91	1	G	0	3	4	1	1	True	3.5	-1	47	47	69	47a	413/2	1/8	False	6	False				False	142		V7/V	C	IV		V7/V		V		7		V	Mm7	False	False	(2, 6, 3, 0)	()	2	2	major	major	IV	IV, major	V/V	V	V/IV	I	False	V7/V	V7/V, major		V7/V, major	V	V	0	-1	0	1	2	1	True	True	True
4962	6	62	2	D	0	3	4	2	1	True	3.75	-1	47	47	69	47a	827/4	1/16	False	4	False				False	142		V7/V	C	IV		V7/V		V		7		V	Mm7	False	False	(2, 6, 3, 0)	()	2	2	major	major	IV	IV, major	V/V	V	V/IV	I	False	V7/V	V7/V, major		V7/V, major	V	V	0	-1	0	2	3	2	True	False	False
4968	6	48	0	C	0	3	4	3	1	True	1.0	-1	48	48	70	48a	207	1/16	False	3	False			\\	True	143		V\\	C	IV		V		V					M	False	False	(1, 5, 2)	()	1	1	major	major	IV	IV, major	V		IV	IV	False	V	V, major		V, major		V	0	-1	-1	0	1	1	True	True	True
4968	12	48	0	C	0	3	4	4	1	True	1.0	-1	48	48	70	48a	207	1/8	False	3	False			\\	True	143		V\\	C	IV		V		V					M	False	False	(1, 5, 2)	()	1	1	major	major	IV	IV, major	V		IV	IV	False	V	V, major		V, major		V	0	-1	-1	0	1	1	True	True	True
4968	6	60	0	C	0	3	4	2	1	True	1.0	-1	48	48	70	48a	207	1/16	False	4	False			\\	True	143		V\\	C	IV		V		V					M	False	False	(1, 5, 2)	()	1	1	major	major	IV	IV, major	V		IV	IV	False	V	V, major		V, major		V	0	-1	-1	0	1	1	True	True	True
4968	12	84	0	C	0	3	4	1	1	True	1.0	-1	48	48	70	48a	207	1/8	False	6	False			\\	True	143		V\\	C	IV		V		V					M	False	False	(1, 5, 2)	()	1	1	major	major	IV	IV, major	V		IV	IV	False	V	V, major		V, major		V	0	-1	-1	0	1	1	True	True	True
4974	6	50	2	D	0	3	4	3	1	True	1.25	-1	48	48	70	48a	829/4	1/16	False	3	False				False	143		V\\	C	IV		V		V					M	False	False	(1, 5, 2)	()	1	1	major	major	IV	IV, major	V		IV	IV	False	V	V, major		V, major		V	0	-1	-1	2	3	3	False	False	False
4974	6	62	2	D	0	3	4	2	1	True	1.25	-1	48	48	70	48a	829/4	1/16	False	4	False				False	143		V\\	C	IV		V		V					M	False	False	(1, 5, 2)	()	1	1	major	major	IV	IV, major	V		IV	IV	False	V	V, major		V, major		V	0	-1	-1	2	3	3	False	False	False
4980	12	36	0	C	0	3	4	4	1	True	1.5	-1	48	48	70	48a	415/2	1/8	False	2	True				False	144		V	C	IV		V		V					M	False	False	(1, 5, 2)	()	1	1	major	major	IV	IV, major	V		IV	IV	False	V	V, major		V, major		V	0	-1	-1	0	1	1	True	True	True
4980	6	52	4	E	0	3	4	3	1	True	1.5	-1	48	48	70	48a	415/2	1/16	False	3	True				False	144		V	C	IV		V		V					M	False	False	(1, 5, 2)	()	1	1	major	major	IV	IV, major	V		IV	IV	False	V	V, major		V, major		V	0	-1	-1	4	5	5	True	False	False
4980	6	64	4	E	0	3	4	2	1	True	1.5	-1	48	48	70	48a	415/2	1/16	False	4	True				False	144		V	C	IV		V		V					M	False	False	(1, 5, 2)	()	1	1	major	major	IV	IV, major	V		IV	IV	False	V	V, major		V, major		V	0	-1	-1	4	5	5	True	False	False
4986	6	53	-1	F	0	3	4	3	1	True	1.75	-1	48	48	70	48a	831/4	1/16	False	3	False				False	144		V	C	IV		V		V					M	False	False	(1, 5, 2)	()	1	1	major	major	IV	IV, major	V		IV	IV	False	V	V, major		V, major		V	0	-1	-1	-1	0	0	False	False	False
4986	6	65	-1	F	0	3	4	2	1	True	1.75	-1	48	48	70	48a	831/4	1/16	False	4	False				False	144		V	C	IV		V		V					M	False	False	(1, 5, 2)	()	1	1	major	major	IV	IV, major	V		IV	IV	False	V	V, major		V, major		V	0	-1	-1	-1	0	0	False	False	False
4992	12	48	0	C	0	3	4	4	1	True	2.0	-1	48	48	70	48a	208	1/8	False	3	False				False	144		V	C	IV		V		V					M	False	False	(1, 5, 2)	()	1	1	major	major	IV	IV, major	V		IV	IV	False	V	V, major		V, major		V	0	-1	-1	0	1	1	True	True	True
4992	6	55	1	G	0	3	4	3	1	True	2.0	-1	48	48	70	48a	208	1/16	False	3	False				False	144		V	C	IV		V		V					M	False	False	(1, 5, 2)	()	1	1	major	major	IV	IV, major	V		IV	IV	False	V	V, major		V, major		V	0	-1	-1	1	2	2	True	False	False
4992	6	67	1	G	0	3	4	2	1	True	2.0	-1	48	48	70	48a	208	1/16	False	4	False				False	144		V	C	IV		V		V					M	False	False	(1, 5, 2)	()	1	1	major	major	IV	IV, major	V		IV	IV	False	V	V, major		V, major		V	0	-1	-1	1	2	2	True	False	False
4998	6	57	3	A	0	3	4	3	1	True	2.25	-1	48	48	70	48a	833/4	1/16	False	3	False				False	144		V	C	IV		V		V					M	False	False	(1, 5, 2)	()	1	1	major	major	IV	IV, major	V		IV	IV	False	V	V, major		V, major		V	0	-1	-1	3	4	4	False	False	False
4998	6	69	3	A	0	3	4	2	1	True	2.25	-1	48	48	70	48a	833/4	1/16	False	4	False				False	144		V	C	IV		V		V					M	False	False	(1, 5, 2)	()	1	1	major	major	IV	IV, major	V		IV	IV	False	V	V, major		V, major		V	0	-1	-1	3	4	4	False	False	False
5004	6	55	1	G	0	3	4	3	1	True	2.5	-1	48	48	70	48a	417/2	1/16	False	3	False				False	144		V	C	IV		V		V					M	False	False	(1, 5, 2)	()	1	1	major	major	IV	IV, major	V		IV	IV	False	V	V, major		V, major		V	0	-1	-1	1	2	2	True	False	False
5004	6	67	1	G	0	3	4	2	1	True	2.5	-1	48	48	70	48a	417/2	1/16	False	4	False				False	144		V	C	IV		V		V					M	False	False	(1, 5, 2)	()	1	1	major	major	IV	IV, major	V		IV	IV	False	V	V, major		V, major		V	0	-1	-1	1	2	2	True	False	False
5004	12	72	0	C	0	3	4	1	1	True	2.5	-1	48	48	70	48a	417/2	1/8	False	5	False				False	144		V	C	IV		V		V					M	False	False	(1, 5, 2)	()	1	1	major	major	IV	IV, major	V		IV	IV	False	V	V, major		V, major		V	0	-1	-1	0	1	1	True	True	True
5010	6	53	-1	F	0	3	4	3	1	True	2.75	-1	48	48	70	48a	835/4	1/16	False	3	False				False	144		V	C	IV		V		V					M	False	False	(1, 5, 2)	()	1	1	major	major	IV	IV, major	V		IV	IV	False	V	V, major		V, major		V	0	-1	-1	-1	0	0	False	False	False
5010	6	65	-1	F	0	3	4	2	1	True	2.75	-1	48	48	70	48a	835/4	1/16	False	4	False				False	144		V	C	IV		V		V					M	False	False	(1, 5, 2)	()	1	1	major	major	IV	IV, major	V		IV	IV	False	V	V, major		V, major		V	0	-1	-1	-1	0	0	False	False	False
5016	6	52	4	E	0	3	4	3	1	True	3.0	-1	48	48	70	48a	209	1/16	False	3	False				False	144		V	C	IV		V		V					M	False	False	(1, 5, 2)	()	1	1	major	major	IV	IV, major	V		IV	IV	False	V	V, major		V, major		V	0	-1	-1	4	5	5	True	False	False
5016	6	64	4	E	0	3	4	2	1	True	3.0	-1	48	48	70	48a	209	1/16	False	4	False				False	144		V	C	IV		V		V					M	False	False	(1, 5, 2)	()	1	1	major	major	IV	IV, major	V		IV	IV	False	V	V, major		V, major		V	0	-1	-1	4	5	5	True	False	False
5016	24	76	4	E	0	3	4	1	1	True	3.0	-1	48	48	70	48a	209	1/4	False	5	False				False	144		V	C	IV		V		V					M	False	False	(1, 5, 2)	()	1	1	major	major	IV	IV, major	V		IV	IV	False	V	V, major		V, major		V	0	-1	-1	4	5	5	True	False	False
5022	6	55	1	G	0	3	4	3	1	True	3.25	-1	48	48	70	48a	837/4	1/16	False	3	False				False	144		V	C	IV		V		V					M	False	False	(1, 5, 2)	()	1	1	major	major	IV	IV, major	V		IV	IV	False	V	V, major		V, major		V	0	-1	-1	1	2	2	True	False	False
5022	6	67	1	G	0	3	4	2	1	True	3.25	-1	48	48	70	48a	837/4	1/16	False	4	False				False	144		V	C	IV		V		V					M	False	False	(1, 5, 2)	()	1	1	major	major	IV	IV, major	V		IV	IV	False	V	V, major		V, major		V	0	-1	-1	1	2	2	True	False	False
5028	6	57	3	A	0	3	4	3	1	True	3.5	-1	48	48	70	48a	419/2	1/16	False	3	False				False	144		V	C	IV		V		V					M	False	False	(1, 5, 2)	()	1	1	major	major	IV	IV, major	V		IV	IV	False	V	V, major		V, major		V	0	-1	-1	3	4	4	False	False	False
5028	6	69	3	A	0	3	4	2	1	True	3.5	-1	48	48	70	48a	419/2	1/16	False	4	False				False	144		V	C	IV		V		V					M	False	False	(1, 5, 2)	()	1	1	major	major	IV	IV, major	V		IV	IV	False	V	V, major		V, major		V	0	-1	-1	3	4	4	False	False	False
5034	6	59	5	B	0	3	4	3	1	True	3.75	-1	48	48	70	48a	839/4	1/16	False	3	False				False	144		V	C	IV		V		V					M	False	False	(1, 5, 2)	()	1	1	major	major	IV	IV, major	V		IV	IV	False	V	V, major		V, major		V	0	-1	-1	5	6	6	False	False	False
5034	6	71	5	B	0	3	4	2	1	True	3.75	-1	48	48	70	48a	839/4	1/16	False	4	False				False	144		V	C	IV		V		V					M	False	False	(1, 5, 2)	()	1	1	major	major	IV	IV, major	V		IV	IV	False	V	V, major		V, major		V	0	-1	-1	5	6	6	False	False	False
5040	12	48	0	C	0	3	4	4	1	True	1.0	-1	49	49	71	49a	210	1/8	False	3	False				False	144		V	C	IV		V		V					M	False	False	(1, 5, 2)	()	1	1	major	major	IV	IV, major	V		IV	IV	False	V	V, major		V, major		V	0	-1	-1	0	1	1	True	True	True
5040	6	60	0	C	0	3	4	3	1	True	1.0	-1	49	49	71	49a	210	1/16	False	4	False				False	144		V	C	IV		V		V					M	False	False	(1, 5, 2)	()	1	1	major	major	IV	IV, major	V		IV	IV	False	V	V, major		V, major		V	0	-1	-1	0	1	1	True	True	True
5040	6	72	0	C	0	3	4	2	1	True	1.0	-1	49	49	71	49a	210	1/16	False	5	False				False	144		V	C	IV		V		V					M	False	False	(1, 5, 2)	()	1	1	major	major	IV	IV, major	V		IV	IV	False	V	V, major		V, major		V	0	-1	-1	0	1	1	True	True	True
5040	24	76	4	E	0	3	4	1	1	False	1.0	-1	49	49	71	49a	210	1/4	False	5	False				False	144		V	C	IV		V		V					M	False	False	(1, 5, 2)	()	1	1	major	major	IV	IV, major	V		IV	IV	False	V	V, major		V, major		V	0	-1	-1	4	5	5	True	False	False
5046	6	59	5	B	0	3	4	3	1	True	1.25	-1	49	49	71	49a	841/4	1/16	False	3	False				False	144		V	C	IV		V		V					M	False	False	(1, 5, 2)	()	1	1	major	major	IV	IV, major	V		IV	IV	False	V	V, major		V, major		V	0	-1	-1	5	6	6	False	False	False
5046	6	71	5	B	0	3	4	2	1	True	1.25	-1	49	49	71	49a	841/4	1/16	False	4	False				False	144		V	C	IV		V		V					M	False	False	(1, 5, 2)	()	1	1	major	major	IV	IV, major	V		IV	IV	False	V	V, major		V, major		V	0	-1	-1	5	6	6	False	False	False
5052	12	36	0	C	0	3	4	4	1	True	1.5	-1	49	49	71	49a	421/2	1/8	False	2	False				False	144		V	C	IV		V		V					M	False	False	(1, 5, 2)	()	1	1	major	major	IV	IV, major	V		IV	IV	False	V	V, major		V, major		V	0	-1	-1	0	1	1	True	True	True
5052	6	60	0	C	0	3	4	3	1	True	1.5	-1	49	49	71	49a	421/2	1/16	False	4	False				False	144		V	C	IV		V		V					M	False	False	(1, 5, 2)	()	1	1	major	major	IV	IV, major	V		IV	IV	False	V	V, major		V, major		V	0	-1	-1	0	1	1	True	True	True
5052	6	72	0	C	0	3	4	2	1	True	1.5	-1	49	49	71	49a	421/2	1/16	False	5	False				False	144		V	C	IV		V		V					M	False	False	(1, 5, 2)	()	1	1	major	major	IV	IV, major	V		IV	IV	False	V	V, major		V, major		V	0	-1	-1	0	1	1	True	True	True
5058	6	57	3	A	0	3	4	3	1	True	1.75	-1	49	49	71	49a	843/4	1/16	False	3	False				False	144		V	C	IV		V		V					M	False	False	(1, 5, 2)	()	1	1	major	major	IV	IV, major	V		IV	IV	False	V	V, major		V, major		V	0	-1	-1	3	4	4	False	False	False
5058	6	69	3	A	0	3	4	2	1	True	1.75	-1	49	49	71	49a	843/4	1/16	False	4	False				False	144		V	C	IV		V		V					M	False	False	(1, 5, 2)	()	1	1	major	major	IV	IV, major	V		IV	IV	False	V	V, major		V, major		V	0	-1	-1	3	4	4	False	False	False
5064	12	48	0	C	0	3	4	4	1	True	2.0	-1	49	49	71	49a	211	1/8	False	3	False				False	144		V	C	IV		V		V					M	False	False	(1, 5, 2)	()	1	1	major	major	IV	IV, major	V		IV	IV	False	V	V, major		V, major		V	0	-1	-1	0	1	1	True	True	True
5064	6	55	1	G	0	3	4	3	1	True	2.0	-1	49	49	71	49a	211	1/16	False	3	False				False	144		V	C	IV		V		V					M	False	False	(1, 5, 2)	()	1	1	major	major	IV	IV, major	V		IV	IV	False	V	V, major		V, major		V	0	-1	-1	1	2	2	True	False	False
5064	6	67	1	G	0	3	4	2	1	True	2.0	-1	49	49	71	49a	211	1/16	False	4	False				False	144		V	C	IV		V		V					M	False	False	(1, 5, 2)	()	1	1	major	major	IV	IV, major	V		IV	IV	False	V	V, major		V, major		V	0	-1	-1	1	2	2	True	False	False
5070	6	59	5	B	0	3	4	3	1	True	2.25	-1	49	49	71	49a	845/4	1/16	False	3	False				False	144		V	C	IV		V		V					M	False	False	(1, 5, 2)	()	1	1	major	major	IV	IV, major	V		IV	IV	False	V	V, major		V, major		V	0	-1	-1	5	6	6	False	False	False
5070	6	71	5	B	0	3	4	2	1	True	2.25	-1	49	49	71	49a	845/4	1/16	False	4	False				False	144		V	C	IV		V		V					M	False	False	(1, 5, 2)	()	1	1	major	major	IV	IV, major	V		IV	IV	False	V	V, major		V, major		V	0	-1	-1	5	6	6	False	False	False
5076	6	60	0	C	0	3	4	3	1	True	2.5	-1	49	49	71	49a	423/2	1/16	False	4	False				False	144		V	C	IV		V		V					M	False	False	(1, 5, 2)	()	1	1	major	major	IV	IV, major	V		IV	IV	False	V	V, major		V, major		V	0	-1	-1	0	1	1	True	True	True
5076	6	72	0	C	0	3	4	2	1	True	2.5	-1	49	49	71	49a	423/2	1/16	False	5	False				False	144		V	C	IV		V		V					M	False	False	(1, 5, 2)	()	1	1	major	major	IV	IV, major	V		IV	IV	False	V	V, major		V, major		V	0	-1	-1	0	1	1	True	True	True
5076	12	76	4	E	0	3	4	1	1	True	2.5	-1	49	49	71	49a	423/2	1/8	False	5	False				False	144		V	C	IV		V		V					M	False	False	(1, 5, 2)	()	1	1	major	major	IV	IV, major	V		IV	IV	False	V	V, major		V, major		V	0	-1	-1	4	5	5	True	False	False
5082	6	62	2	D	0	3	4	3	1	True	2.75	-1	49	49	71	49a	847/4	1/16	False	4	False				False	144		V	C	IV		V		V					M	False	False	(1, 5, 2)	()	1	1	major	major	IV	IV, major	V		IV	IV	False	V	V, major		V, major		V	0	-1	-1	2	3	3	False	False	False
5082	6	74	2	D	0	3	4	2	1	True	2.75	-1	49	49	71	49a	847/4	1/16	False	5	False				False	144		V	C	IV		V		V					M	False	False	(1, 5, 2)	()	1	1	major	major	IV	IV, major	V		IV	IV	False	V	V, major		V, major		V	0	-1	-1	2	3	3	False	False	False
5088	6	64	4	E	0	3	4	3	1	True	3.0	-1	49	49	71	49a	212	1/16	False	4	False				False	144		V	C	IV		V		V					M	False	False	(1, 5, 2)	()	1	1	major	major	IV	IV, major	V		IV	IV	False	V	V, major		V, major		V	0	-1	-1	4	5	5	True	False	False
5088	6	76	4	E	0	3	4	2	1	True	3.0	-1	49	49	71	49a	212	1/16	False	5	False				False	144		V	C	IV		V		V					M	False	False	(1, 5, 2)	()	1	1	major	major	IV	IV, major	V		IV	IV	False	V	V, major		V, major		V	0	-1	-1	4	5	5	True	False	False
5088	24	79	1	G	0	3	4	1	1	True	3.0	-1	49	49	71	49a	212	1/4	False	5	False				False	144		V	C	IV		V		V					M	False	False	(1, 5, 2)	()	1	1	major	major	IV	IV, major	V		IV	IV	False	V	V, major		V, major		V	0	-1	-1	1	2	2	True	False	False
5094	6	65	-1	F	0	3	4	3	1	True	3.25	-1	49	49	71	49a	849/4	1/16	False	4	False				False	144		V	C	IV		V		V					M	False	False	(1, 5, 2)	()	1	1	major	major	IV	IV, major	V		IV	IV	False	V	V, major		V, major		V	0	-1	-1	-1	0	0	False	False	False
5094	6	77	-1	F	0	3	4	2	1	True	3.25	-1	49	49	71	49a	849/4	1/16	False	5	False				False	144		V	C	IV		V		V					M	False	False	(1, 5, 2)	()	1	1	major	major	IV	IV, major	V		IV	IV	False	V	V, major		V, major		V	0	-1	-1	-1	0	0	False	False	False
5100	6	64	4	E	0	3	4	3	1	True	3.5	-1	49	49	71	49a	425/2	1/16	False	4	False				False	144		V	C	IV		V		V					M	False	False	(1, 5, 2)	()	1	1	major	major	IV	IV, major	V		IV	IV	False	V	V, major		V, major		V	0	-1	-1	4	5	5	True	False	False
5100	6	76	4	E	0	3	4	2	1	True	3.5	-1	49	49	71	49a	425/2	1/16	False	5	False				False	144		V	C	IV		V		V					M	False	False	(1, 5, 2)	()	1	1	major	major	IV	IV, major	V		IV	IV	False	V	V, major		V, major		V	0	-1	-1	4	5	5	True	False	False
5106	6	62	2	D	0	3	4	3	1	True	3.75	-1	49	49	71	49a	851/4	1/16	False	4	False				False	144		V	C	IV		V		V					M	False	False	(1, 5, 2)	()	1	1	major	major	IV	IV, major	V		IV	IV	False	V	V, major		V, major		V	0	-1	-1	2	3	3	False	False	False
5106	6	74	2	D	0	3	4	2	1	True	3.75	-1	49	49	71	49a	851/4	1/16	False	5	False				False	144		V	C	IV		V		V					M	False	False	(1, 5, 2)	()	1	1	major	major	IV	IV, major	V		IV	IV	False	V	V, major		V, major		V	0	-1	-1	2	3	3	False	False	False
5112	12	48	0	C	0	3	4	4	1	True	1.0	-1	50	50	72	50a	213	1/8	False	3	False				False	144		V	C	IV		V		V					M	False	False	(1, 5, 2)	()	1	1	major	major	IV	IV, major	V		IV	IV	False	V	V, major		V, major		V	0	-1	-1	0	1	1	True	True	True
5112	6	60	0	C	0	3	4	3	1	True	1.0	-1	50	50	72	50a	213	1/16	False	4	False				False	144		V	C	IV		V		V					M	False	False	(1, 5, 2)	()	1	1	major	major	IV	IV, major	V		IV	IV	False	V	V, major		V, major		V	0	-1	-1	0	1	1	True	True	True
5112	6	72	0	C	0	3	4	2	1	True	1.0	-1	50	50	72	50a	213	1/16	False	5	False				False	144		V	C	IV		V		V					M	False	False	(1, 5, 2)	()	1	1	major	major	IV	IV, major	V		IV	IV	False	V	V, major		V, major		V	0	-1	-1	0	1	1	True	True	True
5112	24	79	1	G	0	3	4	1	1	False	1.0	-1	50	50	72	50a	213	1/4	False	5	False				False	144		V	C	IV		V		V					M	False	False	(1, 5, 2)	()	1	1	major	major	IV	IV, major	V		IV	IV	False	V	V, major		V, major		V	0	-1	-1	1	2	2	True	False	False
5118	6	62	2	D	0	3	4	3	1	True	1.25	-1	50	50	72	50a	853/4	1/16	False	4	False				False	144		V	C	IV		V		V					M	False	False	(1, 5, 2)	()	1	1	major	major	IV	IV, major	V		IV	IV	False	V	V, major		V, major		V	0	-1	-1	2	3	3	False	False	False
5118	6	74	2	D	0	3	4	2	1	True	1.25	-1	50	50	72	50a	853/4	1/16	False	5	False				False	144		V	C	IV		V		V					M	False	False	(1, 5, 2)	()	1	1	major	major	IV	IV, major	V		IV	IV	False	V	V, major		V, major		V	0	-1	-1	2	3	3	False	False	False
5124	12	36	0	C	0	3	4	4	1	True	1.5	-1	50	50	72	50a	427/2	1/8	False	2	False				False	144		V	C	IV		V		V					M	False	False	(1, 5, 2)	()	1	1	major	major	IV	IV, major	V		IV	IV	False	V	V, major		V, major		V	0	-1	-1	0	1	1	True	True	True
5124	6	64	4	E	0	3	4	3	1	True	1.5	-1	50	50	72	50a	427/2	1/16	False	4	False				False	144		V	C	IV		V		V					M	False	False	(1, 5, 2)	()	1	1	major	major	IV	IV, major	V		IV	IV	False	V	V, major		V, major		V	0	-1	-1	4	5	5	True	False	False
5124	6	76	4	E	0	3	4	2	1	True	1.5	-1	50	50	72	50a	427/2	1/16	False	5	False				False	144		V	C	IV		V		V					M	False	False	(1, 5, 2)	()	1	1	major	major	IV	IV, major	V		IV	IV	False	V	V, major		V, major		V	0	-1	-1	4	5	5	True	False	False
5130	6	65	-1	F	0	3	4	3	1	True	1.75	-1	50	50	72	50a	855/4	1/16	False	4	False				False	144		V	C	IV		V		V					M	False	False	(1, 5, 2)	()	1	1	major	major	IV	IV, major	V		IV	IV	False	V	V, major		V, major		V	0	-1	-1	-1	0	0	False	False	False
5130	6	77	-1	F	0	3	4	2	1	True	1.75	-1	50	50	72	50a	855/4	1/16	False	5	False				False	144		V	C	IV		V		V					M	False	False	(1, 5, 2)	()	1	1	major	major	IV	IV, major	V		IV	IV	False	V	V, major		V, major		V	0	-1	-1	-1	0	0	False	False	False
5136	12	48	0	C	0	3	4	4	1	True	2.0	-1	50	50	72	50a	214	1/8	False	3	False				False	144		V	C	IV		V		V					M	False	False	(1, 5, 2)	()	1	1	major	major	IV	IV, major	V		IV	IV	False	V	V, major		V, major		V	0	-1	-1	0	1	1	True	True	True
5136	6	67	1	G	0	3	4	3	1	True	2.0	-1	50	50	72	50a	214	1/16	False	4	False				False	144		V	C	IV		V		V					M	False	False	(1, 5, 2)	()	1	1	major	major	IV	IV, major	V		IV	IV	False	V	V, major		V, major		V	0	-1	-1	1	2	2	True	False	False
5136	6	79	1	G	0	3	4	2	1	True	2.0	-1	50	50	72	50a	214	1/16	False	5	False				False	144		V	C	IV		V		V					M	False	False	(1, 5, 2)	()	1	1	major	major	IV	IV, major	V		IV	IV	False	V	V, major		V, major		V	0	-1	-1	1	2	2	True	False	False
5142	6	69	3	A	0	3	4	3	1	True	2.25	-1	50	50	72	50a	857/4	1/16	False	4	False				False	144		V	C	IV		V		V					M	False	False	(1, 5, 2)	()	1	1	major	major	IV	IV, major	V		IV	IV	False	V	V, major		V, major		V	0	-1	-1	3	4	4	False	False	False
5142	6	81	3	A	0	3	4	2	1	True	2.25	-1	50	50	72	50a	857/4	1/16	False	5	False				False	144		V	C	IV		V		V					M	False	False	(1, 5, 2)	()	1	1	major	major	IV	IV, major	V		IV	IV	False	V	V, major		V, major		V	0	-1	-1	3	4	4	False	False	False
5148	6	67	1	G	0	3	4	3	1	True	2.5	-1	50	50	72	50a	429/2	1/16	False	4	False				False	144		V	C	IV		V		V					M	False	False	(1, 5, 2)	()	1	1	major	major	IV	IV, major	V		IV	IV	False	V	V, major		V, major		V	0	-1	-1	1	2	2	True	False	False
5148	6	79	1	G	0	3	4	2	1	True	2.5	-1	50	50	72	50a	429/2	1/16	False	5	False				False	144		V	C	IV		V		V					M	False	False	(1, 5, 2)	()	1	1	major	major	IV	IV, major	V		IV	IV	False	V	V, major		V, major		V	0	-1	-1	1	2	2	True	False	False
5148	12	79	1	G	0	3	4	1	1	True	2.5	-1	50	50	72	50a	429/2	1/8	False	5	False				False	144		V	C	IV		V		V					M	False	False	(1, 5, 2)	()	1	1	major	major	IV	IV, major	V		IV	IV	False	V	V, major		V, major		V	0	-1	-1	1	2	2	True	False	False
5154	6	65	-1	F	0	3	4	3	1	True	2.75	-1	50	50	72	50a	859/4	1/16	False	4	False				False	144		V	C	IV		V		V					M	False	False	(1, 5, 2)	()	1	1	major	major	IV	IV, major	V		IV	IV	False	V	V, major		V, major		V	0	-1	-1	-1	0	0	False	False	False
5154	6	77	-1	F	0	3	4	2	1	True	2.75	-1	50	50	72	50a	859/4	1/16	False	5	False				False	144		V	C	IV		V		V					M	False	False	(1, 5, 2)	()	1	1	major	major	IV	IV, major	V		IV	IV	False	V	V, major		V, major		V	0	-1	-1	-1	0	0	False	False	False
5160	6	64	4	E	0	3	4	3	1	True	3.0	-1	50	50	72	50a	215	1/16	False	4	False				False	144		V	C	IV		V		V					M	False	False	(1, 5, 2)	()	1	1	major	major	IV	IV, major	V		IV	IV	False	V	V, major		V, major		V	0	-1	-1	4	5	5	True	False	False
5160	6	76	4	E	0	3	4	2	1	True	3.0	-1	50	50	72	50a	215	1/16	False	5	False				False	144		V	C	IV		V		V					M	False	False	(1, 5, 2)	()	1	1	major	major	IV	IV, major	V		IV	IV	False	V	V, major		V, major		V	0	-1	-1	4	5	5	True	False	False
5160	24	84	0	C	0	3	4	1	1	True	3.0	-1	50	50	72	50a	215	1/4	False	6	False				False	144		V	C	IV		V		V					M	False	False	(1, 5, 2)	()	1	1	major	major	IV	IV, major	V		IV	IV	False	V	V, major		V, major		V	0	-1	-1	0	1	1	True	True	True
5166	6	60	0	C	0	3	4	3	1	True	3.25	-1	50	50	72	50a	861/4	1/16	False	4	False				False	144		V	C	IV		V		V					M	False	False	(1, 5, 2)	()	1	1	major	major	IV	IV, major	V		IV	IV	False	V	V, major		V, major		V	0	-1	-1	0	1	1	True	True	True
5166	6	72	0	C	0	3	4	2	1	True	3.25	-1	50	50	72	50a	861/4	1/16	False	5	False				False	144		V	C	IV		V		V					M	False	False	(1, 5, 2)	()	1	1	major	major	IV	IV, major	V		IV	IV	False	V	V, major		V, major		V	0	-1	-1	0	1	1	True	True	True
5172	6	59	5	B	0	3	4	3	1	True	3.5	-1	50	50	72	50a	431/2	1/16	False	3	False				False	144		V	C	IV		V		V					M	False	False	(1, 5, 2)	()	1	1	major	major	IV	IV, major	V		IV	IV	False	V	V, major		V, major		V	0	-1	-1	5	6	6	False	False	False
5172	6	71	5	B	0	3	4	2	1	True	3.5	-1	50	50	72	50a	431/2	1/16	False	4	False				False	144		V	C	IV		V		V					M	False	False	(1, 5, 2)	()	1	1	major	major	IV	IV, major	V		IV	IV	False	V	V, major		V, major		V	0	-1	-1	5	6	6	False	False	False
5178	6	57	3	A	0	3	4	3	1	True	3.75	-1	50	50	72	50a	863/4	1/16	False	3	False				False	144		V	C	IV		V		V					M	False	False	(1, 5, 2)	()	1	1	major	major	IV	IV, major	V		IV	IV	False	V	V, major		V, major		V	0	-1	-1	3	4	4	False	False	False
5178	6	69	3	A	0	3	4	2	1	True	3.75	-1	50	50	72	50a	863/4	1/16	False	4	False				False	144		V	C	IV		V		V					M	False	False	(1, 5, 2)	()	1	1	major	major	IV	IV, major	V		IV	IV	False	V	V, major		V, major		V	0	-1	-1	3	4	4	False	False	False
5184	6	55	1	G	0	3	4	3	1	True	1.0	-1	51	51	73	51a	216	1/16	False	3	True				False	145		V64	C	IV		V64		V		64			M	False	False	(2, 1, 5)	()	1	2	major	major	IV	IV, major	V		IV	IV	False	V64	V64, major		V64, major		V	0	-1	-1	1	2	2	True	False	True
5184	6	67	1	G	0	3	4	2	1	True	1.0	-1	51	51	73	51a	216	1/16	False	4	True				False	145		V64	C	IV		V64		V		64			M	False	False	(2, 1, 5)	()	1	2	major	major	IV	IV, major	V		IV	IV	False	V64	V64, major		V64, major		V	0	-1	-1	1	2	2	True	False	True
5184	12	84	0	C	0	3	4	1	1	False	1.0	-1	51	51	73	51a	216	1/8	False	6	True				False	145		V64	C	IV		V64		V		64			M	False	False	(2, 1, 5)	()	1	2	major	major	IV	IV, major	V		IV	IV	False	V64	V64, major		V64, major		V	0	-1	-1	0	1	1	True	True	False
5190	6	53	-1	F	0	3	4	3	1	True	1.25	-1	51	51	73	51a	865/4	1/16	False	3	False				False	145		V64	C	IV		V64		V		64			M	False	False	(2, 1, 5)	()	1	2	major	major	IV	IV, major	V		IV	IV	False	V64	V64, major		V64, major		V	0	-1	-1	-1	0	0	False	False	False
5190	6	65	-1	F	0	3	4	2	1	True	1.25	-1	51	51	73	51a	865/4	1/16	False	4	False				False	145		V64	C	IV		V64		V		64			M	False	False	(2, 1, 5)	()	1	2	major	major	IV	IV, major	V		IV	IV	False	V64	V64, major		V64, major		V	0	-1	-1	-1	0	0	False	False	False
5196	6	52	4	E	0	3	4	3	1	True	1.5	-1	51	51	73	51a	433/2	1/16	False	3	False				False	145		V64	C	IV		V64		V		64			M	False	False	(2, 1, 5)	()	1	2	major	major	IV	IV, major	V		IV	IV	False	V64	V64, major		V64, major		V	0	-1	-1	4	5	5	True	False	False
5196	6	64	4	E	0	3	4	2	1	True	1.5	-1	51	51	73	51a	433/2	1/16	False	4	False				False	145		V64	C	IV		V64		V		64			M	False	False	(2, 1, 5)	()	1	2	major	major	IV	IV, major	V		IV	IV	False	V64	V64, major		V64, major		V	0	-1	-1	4	5	5	True	False	False
5196	12	84	0	C	0	3	4	1	1	True	1.5	-1	51	51	73	51a	433/2	1/8	False	6	False				False	145		V64	C	IV		V64		V		64			M	False	False	(2, 1, 5)	()	1	2	major	major	IV	IV, major	V		IV	IV	False	V64	V64, major		V64, major		V	0	-1	-1	0	1	1	True	True	False
5202	6	50	2	D	0	3	4	3	1	True	1.75	-1	51	51	73	51a	867/4	1/16	False	3	False				False	145		V64	C	IV		V64		V		64			M	False	False	(2, 1, 5)	()	1	2	major	major	IV	IV, major	V		IV	IV	False	V64	V64, major		V64, major		V	0	-1	-1	2	3	3	False	False	False
5202	6	62	2	D	0	3	4	2	1	True	1.75	-1	51	51	73	51a	867/4	1/16	False	4	False				False	145		V64	C	IV		V64		V		64			M	False	False	(2, 1, 5)	()	1	2	major	major	IV	IV, major	V		IV	IV	False	V64	V64, major		V64, major		V	0	-1	-1	2	3	3	False	False	False
5208	6	48	0	C	0	3	4	3	1	True	2.0	-1	51	51	73	51a	217	1/16	False	3	False				False	145		V64	C	IV		V64		V		64			M	False	False	(2, 1, 5)	()	1	2	major	major	IV	IV, major	V		IV	IV	False	V64	V64, major		V64, major		V	0	-1	-1	0	1	1	True	True	False
5208	6	60	0	C	0	3	4	2	1	True	2.0	-1	51	51	73	51a	217	1/16	False	4	False				False	145		V64	C	IV		V64		V		64			M	False	False	(2, 1, 5)	()	1	2	major	major	IV	IV, major	V		IV	IV	False	V64	V64, major		V64, major		V	0	-1	-1	0	1	1	True	True	False
5208	12	88	4	E	0	3	4	1	1	True	2.0	-1	51	51	73	51a	217	1/8	False	6	False				False	145		V64	C	IV		V64		V		64			M	False	False	(2, 1, 5)	()	1	2	major	major	IV	IV, major	V		IV	IV	False	V64	V64, major		V64, major		V	0	-1	-1	4	5	5	True	False	False
5214	6	55	1	G	0	3	4	3	1	True	2.25	-1	51	51	73	51a	869/4	1/16	False	3	False				False	145		V64	C	IV		V64		V		64			M	False	False	(2, 1, 5)	()	1	2	major	major	IV	IV, major	V		IV	IV	False	V64	V64, major		V64, major		V	0	-1	-1	1	2	2	True	False	True
5214	6	67	1	G	0	3	4	2	1	True	2.25	-1	51	51	73	51a	869/4	1/16	False	4	False				False	145		V64	C	IV		V64		V		64			M	False	False	(2, 1, 5)	()	1	2	major	major	IV	IV, major	V		IV	IV	False	V64	V64, major		V64, major		V	0	-1	-1	1	2	2	True	False	True
5220	12	43	1	G	0	3	4	4	1	True	2.5	-1	51	51	73	51a	435/2	1/8	False	2	False				False	145		V64	C	IV		V64		V		64			M	False	False	(2, 1, 5)	()	1	2	major	major	IV	IV, major	V		IV	IV	False	V64	V64, major		V64, major		V	0	-1	-1	1	2	2	True	False	True
5220	6	52	4	E	0	3	4	3	1	True	2.5	-1	51	51	73	51a	435/2	1/16	False	3	False				False	145		V64	C	IV		V64		V		64			M	False	False	(2, 1, 5)	()	1	2	major	major	IV	IV, major	V		IV	IV	False	V64	V64, major		V64, major		V	0	-1	-1	4	5	5	True	False	False
5220	6	64	4	E	0	3	4	2	1	True	2.5	-1	51	51	73	51a	435/2	1/16	False	4	False				False	145		V64	C	IV		V64		V		64			M	False	False	(2, 1, 5)	()	1	2	major	major	IV	IV, major	V		IV	IV	False	V64	V64, major		V64, major		V	0	-1	-1	4	5	5	True	False	False
5220	24	91	1	G	0	3	4	1	1	True	2.5	-1	51	51	73	51a	435/2	1/4	False	6	False				False	145		V64	C	IV		V64		V		64			M	False	False	(2, 1, 5)	()	1	2	major	major	IV	IV, major	V		IV	IV	False	V64	V64, major		V64, major		V	0	-1	-1	1	2	2	True	False	True
5226	6	48	0	C	0	3	4	3	1	True	2.75	-1	51	51	73	51a	871/4	1/16	False	3	False				False	145		V64	C	IV		V64		V		64			M	False	False	(2, 1, 5)	()	1	2	major	major	IV	IV, major	V		IV	IV	False	V64	V64, major		V64, major		V	0	-1	-1	0	1	1	True	True	False
5226	6	60	0	C	0	3	4	2	1	True	2.75	-1	51	51	73	51a	871/4	1/16	False	4	False				False	145		V64	C	IV		V64		V		64			M	False	False	(2, 1, 5)	()	1	2	major	major	IV	IV, major	V		IV	IV	False	V64	V64, major		V64, major		V	0	-1	-1	0	1	1	True	True	False
5232	12	43	1	G	0	3	4	4	1	True	3.0	-1	51	51	73	51a	218	1/8	False	2	True				False	146		V7/V	C	IV		V7/V		V		7		V	Mm7	False	False	(2, 6, 3, 0)	()	2	2	major	major	IV	IV, major	V/V	V	V/IV	I	False	V7/V	V7/V, major		V7/V, major	V	V	0	-1	0	1	2	1	True	True	True
5232	6	50	2	D	0	3	4	3	1	True	3.0	-1	51	51	73	51a	218	1/16	False	3	True				False	146		V7/V	C	IV		V7/V		V		7		V	Mm7	False	False	(2, 6, 3, 0)	()	2	2	major	major	IV	IV, major	V/V	V	V/IV	I	False	V7/V	V7/V, major		V7/V, major	V	V	0	-1	0	2	3	2	True	False	False
5232	6	62	2	D	0	3	4	2	1	True	3.0	-1	51	51	73	51a	218	1/16	False	4	True				False	146		V7/V	C	IV		V7/V		V		7		V	Mm7	False	False	(2, 6, 3, 0)	()	2	2	major	major	IV	IV, major	V/V	V	V/IV	I	False	V7/V	V7/V, major		V7/V, major	V	V	0	-1	0	2	3	2	True	False	False
5238	6	55	1	G	0	3	4	3	1	True	3.25	-1	51	51	73	51a	873/4	1/16	False	3	False				False	146		V7/V	C	IV		V7/V		V		7		V	Mm7	False	False	(2, 6, 3, 0)	()	2	2	major	major	IV	IV, major	V/V	V	V/IV	I	False	V7/V	V7/V, major		V7/V, major	V	V	0	-1	0	1	2	1	True	True	True
5238	6	67	1	G	0	3	4	2	1	True	3.25	-1	51	51	73	51a	873/4	1/16	False	4	False				False	146		V7/V	C	IV		V7/V		V		7		V	Mm7	False	False	(2, 6, 3, 0)	()	2	2	major	major	IV	IV, major	V/V	V	V/IV	I	False	V7/V	V7/V, major		V7/V, major	V	V	0	-1	0	1	2	1	True	True	True
5244	12	43	1	G	0	3	4	4	1	True	3.5	-1	51	51	73	51a	437/2	1/8	False	2	False				False	146		V7/V	C	IV		V7/V		V		7		V	Mm7	False	False	(2, 6, 3, 0)	()	2	2	major	major	IV	IV, major	V/V	V	V/IV	I	False	V7/V	V7/V, major		V7/V, major	V	V	0	-1	0	1	2	1	True	True	True
5244	6	53	-1	F	0	3	4	3	1	True	3.5	-1	51	51	73	51a	437/2	1/16	False	3	False				False	146		V7/V	C	IV		V7/V		V		7		V	Mm7	False	False	(2, 6, 3, 0)	()	2	2	major	major	IV	IV, major	V/V	V	V/IV	I	False	V7/V	V7/V, major		V7/V, major	V	V	0	-1	0	-1	0	-1	True	False	False
5244	6	65	-1	F	0	3	4	2	1	True	3.5	-1	51	51	73	51a	437/2	1/16	False	4	False				False	146		V7/V	C	IV		V7/V		V		7		V	Mm7	False	False	(2, 6, 3, 0)	()	2	2	major	major	IV	IV, major	V/V	V	V/IV	I	False	V7/V	V7/V, major		V7/V, major	V	V	0	-1	0	-1	0	-1	True	False	False
5244	12	91	1	G	0	3	4	1	1	True	3.5	-1	51	51	73	51a	437/2	1/8	False	6	False				False	146		V7/V	C	IV		V7/V		V		7		V	Mm7	False	False	(2, 6, 3, 0)	()	2	2	major	major	IV	IV, major	V/V	V	V/IV	I	False	V7/V	V7/V, major		V7/V, major	V	V	0	-1	0	1	2	1	True	True	True
5250	6	50	2	D	0	3	4	3	1	True	3.75	-1	51	51	73	51a	875/4	1/16	False	3	False				False	146		V7/V	C	IV		V7/V		V		7		V	Mm7	False	False	(2, 6, 3, 0)	()	2	2	major	major	IV	IV, major	V/V	V	V/IV	I	False	V7/V	V7/V, major		V7/V, major	V	V	0	-1	0	2	3	2	True	False	False
5250	6	62	2	D	0	3	4	2	1	True	3.75	-1	51	51	73	51a	875/4	1/16	False	4	False				False	146		V7/V	C	IV		V7/V		V		7		V	Mm7	False	False	(2, 6, 3, 0)	()	2	2	major	major	IV	IV, major	V/V	V	V/IV	I	False	V7/V	V7/V, major		V7/V, major	V	V	0	-1	0	2	3	2	True	False	False
5256	6	55	1	G	0	3	4	3	1	True	1.0	-1	52	52	74	52a	219	1/16	False	3	True				False	147		V64	C	IV		V64		V		64			M	False	False	(2, 1, 5)	()	1	2	major	major	IV	IV, major	V		IV	IV	False	V64	V64, major		V64, major		V	0	-1	-1	1	2	2	True	False	True
5256	6	67	1	G	0	3	4	2	1	True	1.0	-1	52	52	74	52a	219	1/16	False	4	True				False	147		V64	C	IV		V64		V		64			M	False	False	(2, 1, 5)	()	1	2	major	major	IV	IV, major	V		IV	IV	False	V64	V64, major		V64, major		V	0	-1	-1	1	2	2	True	False	True
5262	6	53	-1	F	0	3	4	3	1	True	1.25	-1	52	52	74	52a	877/4	1/16	False	3	False				False	147		V64	C	IV		V64		V		64			M	False	False	(2, 1, 5)	()	1	2	major	major	IV	IV, major	V		IV	IV	False	V64	V64, major		V64, major		V	0	-1	-1	-1	0	0	False	False	False
5262	6	65	-1	F	0	3	4	2	1	True	1.25	-1	52	52	74	52a	877/4	1/16	False	4	False				False	147		V64	C	IV		V64		V		64			M	False	False	(2, 1, 5)	()	1	2	major	major	IV	IV, major	V		IV	IV	False	V64	V64, major		V64, major		V	0	-1	-1	-1	0	0	False	False	False
5268	6	52	4	E	0	3	4	3	1	True	1.5	-1	52	52	74	52a	439/2	1/16	False	3	False				False	147		V64	C	IV		V64		V		64			M	False	False	(2, 1, 5)	()	1	2	major	major	IV	IV, major	V		IV	IV	False	V64	V64, major		V64, major		V	0	-1	-1	4	5	5	True	False	False
5268	6	64	4	E	0	3	4	2	1	True	1.5	-1	52	52	74	52a	439/2	1/16	False	4	False				False	147		V64	C	IV		V64		V		64			M	False	False	(2, 1, 5)	()	1	2	major	major	IV	IV, major	V		IV	IV	False	V64	V64, major		V64, major		V	0	-1	-1	4	5	5	True	False	False
5268	12	84	0	C	0	3	4	1	1	True	1.5	-1	52	52	74	52a	439/2	1/8	False	6	False				False	147		V64	C	IV		V64		V		64			M	False	False	(2, 1, 5)	()	1	2	major	major	IV	IV, major	V		IV	IV	False	V64	V64, major		V64, major		V	0	-1	-1	0	1	1	True	True	False
5274	6	50	2	D	0	3	4	3	1	True	1.75	-1	52	52	74	52a	879/4	1/16	False	3	False				False	147		V64	C	IV		V64		V		64			M	False	False	(2, 1, 5)	()	1	2	major	major	IV	IV, major	V		IV	IV	False	V64	V64, major		V64, major		V	0	-1	-1	2	3	3	False	False	False
5274	6	62	2	D	0	3	4	2	1	True	1.75	-1	52	52	74	52a	879/4	1/16	False	4	False				False	147		V64	C	IV		V64		V		64			M	False	False	(2, 1, 5)	()	1	2	major	major	IV	IV, major	V		IV	IV	False	V64	V64, major		V64, major		V	0	-1	-1	2	3	3	False	False	False
5280	6	48	0	C	0	3	4	3	1	True	2.0	-1	52	52	74	52a	220	1/16	False	3	False				False	147		V64	C	IV		V64		V		64			M	False	False	(2, 1, 5)	()	1	2	major	major	IV	IV, major	V		IV	IV	False	V64	V64, major		V64, major		V	0	-1	-1	0	1	1	True	True	False
5280	6	60	0	C	0	3	4	2	1	True	2.0	-1	52	52	74	52a	220	1/16	False	4	False				False	147		V64	C	IV		V64		V		64			M	False	False	(2, 1, 5)	()	1	2	major	major	IV	IV, major	V		IV	IV	False	V64	V64, major		V64, major		V	0	-1	-1	0	1	1	True	True	False
5280	12	88	4	E	0	3	4	1	1	True	2.0	-1	52	52	74	52a	220	1/8	False	6	False				False	147		V64	C	IV		V64		V		64			M	False	False	(2, 1, 5)	()	1	2	major	major	IV	IV, major	V		IV	IV	False	V64	V64, major		V64, major		V	0	-1	-1	4	5	5	True	False	False
5286	6	55	1	G	0	3	4	3	1	True	2.25	-1	52	52	74	52a	881/4	1/16	False	3	False				False	147		V64	C	IV		V64		V		64			M	False	False	(2, 1, 5)	()	1	2	major	major	IV	IV, major	V		IV	IV	False	V64	V64, major		V64, major		V	0	-1	-1	1	2	2	True	False	True
5286	6	67	1	G	0	3	4	2	1	True	2.25	-1	52	52	74	52a	881/4	1/16	False	4	False				False	147		V64	C	IV		V64		V		64			M	False	False	(2, 1, 5)	()	1	2	major	major	IV	IV, major	V		IV	IV	False	V64	V64, major		V64, major		V	0	-1	-1	1	2	2	True	False	True
5292	12	43	1	G	0	3	4	4	1	True	2.5	-1	52	52	74	52a	441/2	1/8	False	2	False				False	147		V64	C	IV		V64		V		64			M	False	False	(2, 1, 5)	()	1	2	major	major	IV	IV, major	V		IV	IV	False	V64	V64, major		V64, major		V	0	-1	-1	1	2	2	True	False	True
5292	6	52	4	E	0	3	4	3	1	True	2.5	-1	52	52	74	52a	441/2	1/16	False	3	False				False	147		V64	C	IV		V64		V		64			M	False	False	(2, 1, 5)	()	1	2	major	major	IV	IV, major	V		IV	IV	False	V64	V64, major		V64, major		V	0	-1	-1	4	5	5	True	False	False
5292	6	64	4	E	0	3	4	2	1	True	2.5	-1	52	52	74	52a	441/2	1/16	False	4	False				False	147		V64	C	IV		V64		V		64			M	False	False	(2, 1, 5)	()	1	2	major	major	IV	IV, major	V		IV	IV	False	V64	V64, major		V64, major		V	0	-1	-1	4	5	5	True	False	False
5292	24	91	1	G	0	3	4	1	1	True	2.5	-1	52	52	74	52a	441/2	1/4	False	6	False				False	147		V64	C	IV		V64		V		64			M	False	False	(2, 1, 5)	()	1	2	major	major	IV	IV, major	V		IV	IV	False	V64	V64, major		V64, major		V	0	-1	-1	1	2	2	True	False	True
5298	6	48	0	C	0	3	4	3	1	True	2.75	-1	52	52	74	52a	883/4	1/16	False	3	False				False	147		V64	C	IV		V64		V		64			M	False	False	(2, 1, 5)	()	1	2	major	major	IV	IV, major	V		IV	IV	False	V64	V64, major		V64, major		V	0	-1	-1	0	1	1	True	True	False
5298	6	60	0	C	0	3	4	2	1	True	2.75	-1	52	52	74	52a	883/4	1/16	False	4	False				False	147		V64	C	IV		V64		V		64			M	False	False	(2, 1, 5)	()	1	2	major	major	IV	IV, major	V		IV	IV	False	V64	V64, major		V64, major		V	0	-1	-1	0	1	1	True	True	False
5304	12	43	1	G	0	3	4	4	1	True	3.0	-1	52	52	74	52a	221	1/8	False	2	True				False	148		V7/V	C	IV		V7/V		V		7		V	Mm7	False	False	(2, 6, 3, 0)	()	2	2	major	major	IV	IV, major	V/V	V	V/IV	I	False	V7/V	V7/V, major		V7/V, major	V	V	0	-1	0	1	2	1	True	True	True
5304	6	50	2	D	0	3	4	3	1	True	3.0	-1	52	52	74	52a	221	1/16	False	3	True				False	148		V7/V	C	IV		V7/V		V		7		V	Mm7	False	False	(2, 6, 3, 0)	()	2	2	major	major	IV	IV, major	V/V	V	V/IV	I	False	V7/V	V7/V, major		V7/V, major	V	V	0	-1	0	2	3	2	True	False	False
5304	6	62	2	D	0	3	4	2	1	True	3.0	-1	52	52	74	52a	221	1/16	False	4	True				False	148		V7/V	C	IV		V7/V		V		7		V	Mm7	False	False	(2, 6, 3, 0)	()	2	2	major	major	IV	IV, major	V/V	V	V/IV	I	False	V7/V	V7/V, major		V7/V, major	V	V	0	-1	0	2	3	2	True	False	False
5310	6	55	1	G	0	3	4	3	1	True	3.25	-1	52	52	74	52a	885/4	1/16	False	3	False				False	148		V7/V	C	IV		V7/V		V		7		V	Mm7	False	False	(2, 6, 3, 0)	()	2	2	major	major	IV	IV, major	V/V	V	V/IV	I	False	V7/V	V7/V, major		V7/V, major	V	V	0	-1	0	1	2	1	True	True	True
5310	6	67	1	G	0	3	4	2	1	True	3.25	-1	52	52	74	52a	885/4	1/16	False	4	False				False	148		V7/V	C	IV		V7/V		V		7		V	Mm7	False	False	(2, 6, 3, 0)	()	2	2	major	major	IV	IV, major	V/V	V	V/IV	I	False	V7/V	V7/V, major		V7/V, major	V	V	0	-1	0	1	2	1	True	True	True
5316	12	43	1	G	0	3	4	4	1	True	3.5	-1	52	52	74	52a	443/2	1/8	False	2	False				False	148		V7/V	C	IV		V7/V		V		7		V	Mm7	False	False	(2, 6, 3, 0)	()	2	2	major	major	IV	IV, major	V/V	V	V/IV	I	False	V7/V	V7/V, major		V7/V, major	V	V	0	-1	0	1	2	1	True	True	True
5316	6	53	-1	F	0	3	4	3	1	True	3.5	-1	52	52	74	52a	443/2	1/16	False	3	False				False	148		V7/V	C	IV		V7/V		V		7		V	Mm7	False	False	(2, 6, 3, 0)	()	2	2	major	major	IV	IV, major	V/V	V	V/IV	I	False	V7/V	V7/V, major		V7/V, major	V	V	0	-1	0	-1	0	-1	True	False	False
5316	6	65	-1	F	0	3	4	2	1	True	3.5	-1	52	52	74	52a	443/2	1/16	False	4	False				False	148		V7/V	C	IV		V7/V		V		7		V	Mm7	False	False	(2, 6, 3, 0)	()	2	2	major	major	IV	IV, major	V/V	V	V/IV	I	False	V7/V	V7/V, major		V7/V, major	V	V	0	-1	0	-1	0	-1	True	False	False
5316	12	91	1	G	0	3	4	1	1	True	3.5	-1	52	52	74	52a	443/2	1/8	False	6	False				False	148		V7/V	C	IV		V7/V		V		7		V	Mm7	False	False	(2, 6, 3, 0)	()	2	2	major	major	IV	IV, major	V/V	V	V/IV	I	False	V7/V	V7/V, major		V7/V, major	V	V	0	-1	0	1	2	1	True	True	True
5322	6	50	2	D	0	3	4	3	1	True	3.75	-1	52	52	74	52a	887/4	1/16	False	3	False				False	148		V7/V	C	IV		V7/V		V		7		V	Mm7	False	False	(2, 6, 3, 0)	()	2	2	major	major	IV	IV, major	V/V	V	V/IV	I	False	V7/V	V7/V, major		V7/V, major	V	V	0	-1	0	2	3	2	True	False	False
5322	6	62	2	D	0	3	4	2	1	True	3.75	-1	52	52	74	52a	887/4	1/16	False	4	False				False	148		V7/V	C	IV		V7/V		V		7		V	Mm7	False	False	(2, 6, 3, 0)	()	2	2	major	major	IV	IV, major	V/V	V	V/IV	I	False	V7/V	V7/V, major		V7/V, major	V	V	0	-1	0	2	3	2	True	False	False
5328	6	55	1	G	0	3	4	3	1	True	1.0	-1	53	53	75	53a	222	1/16	False	3	True				False	149		V64	C	IV		V64		V		64			M	False	False	(2, 1, 5)	()	1	2	major	major	IV	IV, major	V		IV	IV	False	V64	V64, major		V64, major		V	0	-1	-1	1	2	2	True	False	True
5328	6	67	1	G	0	3	4	2	1	True	1.0	-1	53	53	75	53a	222	1/16	False	4	True				False	149		V64	C	IV		V64		V		64			M	False	False	(2, 1, 5)	()	1	2	major	major	IV	IV, major	V		IV	IV	False	V64	V64, major		V64, major		V	0	-1	-1	1	2	2	True	False	True
5334	6	53	-1	F	0	3	4	3	1	True	1.25	-1	53	53	75	53a	889/4	1/16	False	3	False				False	149		V64	C	IV		V64		V		64			M	False	False	(2, 1, 5)	()	1	2	major	major	IV	IV, major	V		IV	IV	False	V64	V64, major		V64, major		V	0	-1	-1	-1	0	0	False	False	False
5334	6	65	-1	F	0	3	4	2	1	True	1.25	-1	53	53	75	53a	889/4	1/16	False	4	False				False	149		V64	C	IV		V64		V		64			M	False	False	(2, 1, 5)	()	1	2	major	major	IV	IV, major	V		IV	IV	False	V64	V64, major		V64, major		V	0	-1	-1	-1	0	0	False	False	False
5340	6	52	4	E	0	3	4	3	1	True	1.5	-1	53	53	75	53a	445/2	1/16	False	3	False				False	149		V64	C	IV		V64		V		64			M	False	False	(2, 1, 5)	()	1	2	major	major	IV	IV, major	V		IV	IV	False	V64	V64, major		V64, major		V	0	-1	-1	4	5	5	True	False	False
5340	6	64	4	E	0	3	4	2	1	True	1.5	-1	53	53	75	53a	445/2	1/16	False	4	False				False	149		V64	C	IV		V64		V		64			M	False	False	(2, 1, 5)	()	1	2	major	major	IV	IV, major	V		IV	IV	False	V64	V64, major		V64, major		V	0	-1	-1	4	5	5	True	False	False
5340	12	84	0	C	0	3	4	1	1	True	1.5	-1	53	53	75	53a	445/2	1/8	False	6	False				False	149		V64	C	IV		V64		V		64			M	False	False	(2, 1, 5)	()	1	2	major	major	IV	IV, major	V		IV	IV	False	V64	V64, major		V64, major		V	0	-1	-1	0	1	1	True	True	False
5346	6	50	2	D	0	3	4	3	1	True	1.75	-1	53	53	75	53a	891/4	1/16	False	3	False				False	149		V64	C	IV		V64		V		64			M	False	False	(2, 1, 5)	()	1	2	major	major	IV	IV, major	V		IV	IV	False	V64	V64, major		V64, major		V	0	-1	-1	2	3	3	False	False	False
5346	6	62	2	D	0	3	4	2	1	True	1.75	-1	53	53	75	53a	891/4	1/16	False	4	False				False	149		V64	C	IV		V64		V		64			M	False	False	(2, 1, 5)	()	1	2	major	major	IV	IV, major	V		IV	IV	False	V64	V64, major		V64, major		V	0	-1	-1	2	3	3	False	False	False
5352	6	48	0	C	0	3	4	3	1	True	2.0	-1	53	53	75	53a	223	1/16	False	3	False				False	149		V64	C	IV		V64		V		64			M	False	False	(2, 1, 5)	()	1	2	major	major	IV	IV, major	V		IV	IV	False	V64	V64, major		V64, major		V	0	-1	-1	0	1	1	True	True	False
5352	6	60	0	C	0	3	4	2	1	True	2.0	-1	53	53	75	53a	223	1/16	False	4	False				False	149		V64	C	IV		V64		V		64			M	False	False	(2, 1, 5)	()	1	2	major	major	IV	IV, major	V		IV	IV	False	V64	V64, major		V64, major		V	0	-1	-1	0	1	1	True	True	False
5352	12	88	4	E	0	3	4	1	1	True	2.0	-1	53	53	75	53a	223	1/8	False	6	False				False	149		V64	C	IV		V64		V		64			M	False	False	(2, 1, 5)	()	1	2	major	major	IV	IV, major	V		IV	IV	False	V64	V64, major		V64, major		V	0	-1	-1	4	5	5	True	False	False
5358	6	55	1	G	0	3	4	3	1	True	2.25	-1	53	53	75	53a	893/4	1/16	False	3	False				False	149		V64	C	IV		V64		V		64			M	False	False	(2, 1, 5)	()	1	2	major	major	IV	IV, major	V		IV	IV	False	V64	V64, major		V64, major		V	0	-1	-1	1	2	2	True	False	True
5358	6	67	1	G	0	3	4	2	1	True	2.25	-1	53	53	75	53a	893/4	1/16	False	4	False				False	149		V64	C	IV		V64		V		64			M	False	False	(2, 1, 5)	()	1	2	major	major	IV	IV, major	V		IV	IV	False	V64	V64, major		V64, major		V	0	-1	-1	1	2	2	True	False	True
5364	12	43	1	G	0	3	4	4	1	True	2.5	-1	53	53	75	53a	447/2	1/8	False	2	False				False	149		V64	C	IV		V64		V		64			M	False	False	(2, 1, 5)	()	1	2	major	major	IV	IV, major	V		IV	IV	False	V64	V64, major		V64, major		V	0	-1	-1	1	2	2	True	False	True
5364	6	52	4	E	0	3	4	3	1	True	2.5	-1	53	53	75	53a	447/2	1/16	False	3	False				False	149		V64	C	IV		V64		V		64			M	False	False	(2, 1, 5)	()	1	2	major	major	IV	IV, major	V		IV	IV	False	V64	V64, major		V64, major		V	0	-1	-1	4	5	5	True	False	False
5364	6	64	4	E	0	3	4	2	1	True	2.5	-1	53	53	75	53a	447/2	1/16	False	4	False				False	149		V64	C	IV		V64		V		64			M	False	False	(2, 1, 5)	()	1	2	major	major	IV	IV, major	V		IV	IV	False	V64	V64, major		V64, major		V	0	-1	-1	4	5	5	True	False	False
5364	12	91	1	G	0	3	4	1	1	True	2.5	-1	53	53	75	53a	447/2	1/8	False	6	False				False	149		V64	C	IV		V64		V		64			M	False	False	(2, 1, 5)	()	1	2	major	major	IV	IV, major	V		IV	IV	False	V64	V64, major		V64, major		V	0	-1	-1	1	2	2	True	False	True
5370	6	48	0	C	0	3	4	3	1	True	2.75	-1	53	53	75	53a	895/4	1/16	False	3	False				False	149		V64	C	IV		V64		V		64			M	False	False	(2, 1, 5)	()	1	2	major	major	IV	IV, major	V		IV	IV	False	V64	V64, major		V64, major		V	0	-1	-1	0	1	1	True	True	False
5370	6	60	0	C	0	3	4	2	1	True	2.75	-1	53	53	75	53a	895/4	1/16	False	4	False				False	149		V64	C	IV		V64		V		64			M	False	False	(2, 1, 5)	()	1	2	major	major	IV	IV, major	V		IV	IV	False	V64	V64, major		V64, major		V	0	-1	-1	0	1	1	True	True	False
5376	12	43	1	G	0	3	4	4	1	True	3.0	-1	53	53	75	53a	224	1/8	False	2	True				False	150		V7/V	C	IV		V7/V		V		7		V	Mm7	False	False	(2, 6, 3, 0)	()	2	2	major	major	IV	IV, major	V/V	V	V/IV	I	False	V7/V	V7/V, major		V7/V, major	V	V	0	-1	0	1	2	1	True	True	True
5376	6	50	2	D	0	3	4	3	1	True	3.0	-1	53	53	75	53a	224	1/16	False	3	True				False	150		V7/V	C	IV		V7/V		V		7		V	Mm7	False	False	(2, 6, 3, 0)	()	2	2	major	major	IV	IV, major	V/V	V	V/IV	I	False	V7/V	V7/V, major		V7/V, major	V	V	0	-1	0	2	3	2	True	False	False
5376	12	55	1	G	0	3	4	1	1	True	3.0	-1	53	53	75	53a	224	1/8	False	3	True				False	150		V7/V	C	IV		V7/V		V		7		V	Mm7	False	False	(2, 6, 3, 0)	()	2	2	major	major	IV	IV, major	V/V	V	V/IV	I	False	V7/V	V7/V, major		V7/V, major	V	V	0	-1	0	1	2	1	True	True	True
5376	6	62	2	D	0	3	4	2	1	True	3.0	-1	53	53	75	53a	224	1/16	False	4	True				False	150		V7/V	C	IV		V7/V		V		7		V	Mm7	False	False	(2, 6, 3, 0)	()	2	2	major	major	IV	IV, major	V/V	V	V/IV	I	False	V7/V	V7/V, major		V7/V, major	V	V	0	-1	0	2	3	2	True	False	False
5382	6	55	1	G	0	3	4	3	1	True	3.25	-1	53	53	75	53a	897/4	1/16	False	3	False				False	150		V7/V	C	IV		V7/V		V		7		V	Mm7	False	False	(2, 6, 3, 0)	()	2	2	major	major	IV	IV, major	V/V	V	V/IV	I	False	V7/V	V7/V, major		V7/V, major	V	V	0	-1	0	1	2	1	True	True	True
5382	6	67	1	G	0	3	4	2	1	True	3.25	-1	53	53	75	53a	897/4	1/16	False	4	False				False	150		V7/V	C	IV		V7/V		V		7		V	Mm7	False	False	(2, 6, 3, 0)	()	2	2	major	major	IV	IV, major	V/V	V	V/IV	I	False	V7/V	V7/V, major		V7/V, major	V	V	0	-1	0	1	2	1	True	True	True
5388	12	43	1	G	0	3	4	4	1	True	3.5	-1	53	53	75	53a	449/2	1/8	False	2	False				False	150		V7/V	C	IV		V7/V		V		7		V	Mm7	False	False	(2, 6, 3, 0)	()	2	2	major	major	IV	IV, major	V/V	V	V/IV	I	False	V7/V	V7/V, major		V7/V, major	V	V	0	-1	0	1	2	1	True	True	True
5388	6	53	-1	F	0	3	4	3	1	True	3.5	-1	53	53	75	53a	449/2	1/16	False	3	False				False	150		V7/V	C	IV		V7/V		V		7		V	Mm7	False	False	(2, 6, 3, 0)	()	2	2	major	major	IV	IV, major	V/V	V	V/IV	I	False	V7/V	V7/V, major		V7/V, major	V	V	0	-1	0	-1	0	-1	True	False	False
5388	6	65	-1	F	0	3	4	2	1	True	3.5	-1	53	53	75	53a	449/2	1/16	False	4	False				False	150		V7/V	C	IV		V7/V		V		7		V	Mm7	False	False	(2, 6, 3, 0)	()	2	2	major	major	IV	IV, major	V/V	V	V/IV	I	False	V7/V	V7/V, major		V7/V, major	V	V	0	-1	0	-1	0	-1	True	False	False
5388	12	71	5	B	0	3	4	1	1	True	3.5	-1	53	53	75	53a	449/2	1/8	False	4	False				False	150		V7/V	C	IV		V7/V		V		7		V	Mm7	False	False	(2, 6, 3, 0)	()	2	2	major	major	IV	IV, major	V/V	V	V/IV	I	False	V7/V	V7/V, major		V7/V, major	V	V	0	-1	0	5	6	5	True	False	False
5394	6	50	2	D	0	3	4	3	1	True	3.75	-1	53	53	75	53a	899/4	1/16	False	3	False				False	150		V7/V	C	IV		V7/V		V		7		V	Mm7	False	False	(2, 6, 3, 0)	()	2	2	major	major	IV	IV, major	V/V	V	V/IV	I	False	V7/V	V7/V, major		V7/V, major	V	V	0	-1	0	2	3	2	True	False	False
5394	6	62	2	D	0	3	4	2	1	True	3.75	-1	53	53	75	53a	899/4	1/16	False	4	False				False	150		V7/V	C	IV		V7/V		V		7		V	Mm7	False	False	(2, 6, 3, 0)	()	2	2	major	major	IV	IV, major	V/V	V	V/IV	I	False	V7/V	V7/V, major		V7/V, major	V	V	0	-1	0	2	3	2	True	False	False
5400	12	36	0	C	0	3	4	4	1	True	1.0	-1	54	54	76	54a	225	1/8	False	2	True			\\	True	151	1	V\\	C	IV		V		V					M	False	False	(1, 5, 2)	()	1	1	major	major	IV	IV, major	V		IV	IV	False	V	V, major		V, major		V	0	-1	-1	0	1	1	True	True	True
5400	12	48	0	C	0	3	4	3	1	True	1.0	-1	54	54	76	54a	225	1/8	False	3	True			\\	True	151	1	V\\	C	IV		V		V					M	False	False	(1, 5, 2)	()	1	1	major	major	IV	IV, major	V		IV	IV	False	V	V, major		V, major		V	0	-1	-1	0	1	1	True	True	True
5400	24	60	0	C	0	3	4	2	1	True	1.0	-1	54	54	76	54a	225	1/4	False	4	True			\\	True	151	1	V\\	C	IV		V		V					M	False	False	(1, 5, 2)	()	1	1	major	major	IV	IV, major	V		IV	IV	False	V	V, major		V, major		V	0	-1	-1	0	1	1	True	True	True
5400	24	72	0	C	0	3	4	1	1	True	1.0	-1	54	54	76	54a	225	1/4	False	5	True			\\	True	151	1	V\\	C	IV		V		V					M	False	False	(1, 5, 2)	()	1	1	major	major	IV	IV, major	V		IV	IV	False	V	V, major		V, major		V	0	-1	-1	0	1	1	True	True	True
5412	12	50	2	D	0	3	4	4	1	True	1.5	-1	54	54	76	54a	451/2	1/8	False	3	False				False	151	1	V\\	C	IV		V		V					M	False	False	(1, 5, 2)	()	1	1	major	major	IV	IV, major	V		IV	IV	False	V	V, major		V, major		V	0	-1	-1	2	3	3	False	False	False
5412	12	62	2	D	0	3	4	3	1	True	1.5	-1	54	54	76	54a	451/2	1/8	False	4	False				False	151	1	V\\	C	IV		V		V					M	False	False	(1, 5, 2)	()	1	1	major	major	IV	IV, major	V		IV	IV	False	V	V, major		V, major		V	0	-1	-1	2	3	3	False	False	False
5436	12	46	-2	B	-1	3	4	4	1	True	2.5	-1	54	54	76	54a	453/2	1/8	False	2	False				False	151	1	V\\	C	IV		V		V					M	False	False	(1, 5, 2)	()	1	1	major	major	IV	IV, major	V		IV	IV	False	V	V, major		V, major		V	0	-1	-1	-2	-1	-1	False	False	False
5436	12	58	-2	B	-1	3	4	3	1	True	2.5	-1	54	54	76	54a	453/2	1/8	False	3	False				False	151	1	V\\	C	IV		V		V					M	False	False	(1, 5, 2)	()	1	1	major	major	IV	IV, major	V		IV	IV	False	V	V, major		V, major		V	0	-1	-1	-2	-1	-1	False	False	False
5448	12	43	1	G	0	3	4	4	1	True	3.0	-1	54	54	76	54a	227	1/8	False	2	True				False	152	1	V/V	C	IV		V/V		V				V	M	False	False	(2, 6, 3)	()	2	2	major	major	IV	IV, major	V/V	V	V/IV	I	False	V/V	V/V, major		V/V, major	V	V	0	-1	0	1	2	1	True	True	True
5448	12	55	1	G	0	3	4	3	1	True	3.0	-1	54	54	76	54a	227	1/8	False	3	True				False	152	1	V/V	C	IV		V/V		V				V	M	False	False	(2, 6, 3)	()	2	2	major	major	IV	IV, major	V/V	V	V/IV	I	False	V/V	V/V, major		V/V, major	V	V	0	-1	0	1	2	1	True	True	True
5460	12	48	0	C	0	3	4	4	1	True	3.5	-1	54	54	76	54a	455/2	1/8	False	3	True				False	153	1	V	C	IV		V		V					M	False	False	(1, 5, 2)	()	1	1	major	major	IV	IV, major	V		IV	IV	False	V	V, major		V, major		V	0	-1	-1	0	1	1	True	True	True
5460	12	55	1	G	0	3	4	1	1	True	3.5	-1	54	54	76	54a	455/2	1/8	False	3	True				False	153	1	V	C	IV		V		V					M	False	False	(1, 5, 2)	()	1	1	major	major	IV	IV, major	V		IV	IV	False	V	V, major		V, major		V	0	-1	-1	1	2	2	True	False	False
5460	12	60	0	C	0	3	4	2	1	True	3.5	-1	54	54	76	54a	455/2	1/8	False	4	True				False	153	1	V	C	IV		V		V					M	False	False	(1, 5, 2)	()	1	1	major	major	IV	IV, major	V		IV	IV	False	V	V, major		V, major		V	0	-1	-1	0	1	1	True	True	True
5460	12	60	0	C	0	3	4	3	1	True	3.5	-1	54	54	76	54a	455/2	1/8	False	4	True				False	153	1	V	C	IV		V		V					M	False	False	(1, 5, 2)	()	1	1	major	major	IV	IV, major	V		IV	IV	False	V	V, major		V, major		V	0	-1	-1	0	1	1	True	True	True
5460	12	64	4	E	0	3	4	1	1	True	3.5	-1	54	54	76	54a	455/2	1/8	False	4	True				False	153	1	V	C	IV		V		V					M	False	False	(1, 5, 2)	()	1	1	major	major	IV	IV, major	V		IV	IV	False	V	V, major		V, major		V	0	-1	-1	4	5	5	True	False	False
5472	24	41	-1	F	0	3	4	4	1	True	1.0	-1	39	39	77	39b	228	1/4	True	2	False				False	154		IV.I	C	IV		I		I					M	False	False	(0, 4, 1)	()	0	0	major	major	IV	IV, major	I		IV	IV	False	I	I, major		I, major		I	0	-1	-1	-1	0	0	True	True	True
5472	18	57	3	A	0	3	4	1	1	True	1.0	-1	39	39	77	39b	228	3/16	True	3	False				False	154		IV.I	C	IV		I		I					M	False	False	(0, 4, 1)	()	0	0	major	major	IV	IV, major	I		IV	IV	False	I	I, major		I, major		I	0	-1	-1	3	4	4	True	False	False
5472	24	57	3	A	0	3	4	3	1	True	1.0	-1	39	39	77	39b	228	1/4	True	3	False				False	154		IV.I	C	IV		I		I					M	False	False	(0, 4, 1)	()	0	0	major	major	IV	IV, major	I		IV	IV	False	I	I, major		I, major		I	0	-1	-1	3	4	4	True	False	False
5472	24	60	0	C	0	3	4	2	1	True	1.0	-1	39	39	77	39b	228	1/4	True	4	False				False	154		IV.I	C	IV		I		I					M	False	False	(0, 4, 1)	()	0	0	major	major	IV	IV, major	I		IV	IV	False	I	I, major		I, major		I	0	-1	-1	0	1	1	True	False	False
5472	18	65	-1	F	0	3	4	1	1	True	1.0	-1	39	39	77	39b	228	3/16	True	4	False				False	154		IV.I	C	IV		I		I					M	False	False	(0, 4, 1)	()	0	0	major	major	IV	IV, major	I		IV	IV	False	I	I, major		I, major		I	0	-1	-1	-1	0	0	True	True	True
5490	6	65	-1	F	0	3	4	1	1	True	1.75	-1	39	39	77	39b	915/4	1/16	False	4	False				False	154		IV.I	C	IV		I		I					M	False	False	(0, 4, 1)	()	0	0	major	major	IV	IV, major	I		IV	IV	False	I	I, major		I, major		I	0	-1	-1	-1	0	0	True	True	True
5496	12	69	3	A	0	3	4	1	1	True	2.0	-1	39	39	77	39b	229	1/8	False	4	False				False	154		IV.I	C	IV		I		I					M	False	False	(0, 4, 1)	()	0	0	major	major	IV	IV, major	I		IV	IV	False	I	I, major		I, major		I	0	-1	-1	3	4	4	True	False	False
5508	12	72	0	C	0	3	4	1	1	True	2.5	-1	39	39	77	39b	459/2	1/8	False	5	False				False	154		IV.I	C	IV		I		I					M	False	False	(0, 4, 1)	()	0	0	major	major	IV	IV, major	I		IV	IV	False	I	I, major		I, major		I	0	-1	-1	0	1	1	True	False	False
5520	12	77	-1	F	0	3	4	1	1	True	3.0	-1	39	39	77	39b	230	1/8	False	5	False				False	154		IV.I	C	IV		I		I					M	False	False	(0, 4, 1)	()	0	0	major	major	IV	IV, major	I		IV	IV	False	I	I, major		I, major		I	0	-1	-1	-1	0	0	True	True	True
5532	12	81	3	A	0	3	4	1	1	True	3.5	-1	39	39	77	39b	461/2	1/8	False	5	False				False	154		IV.I	C	IV		I		I					M	False	False	(0, 4, 1)	()	0	0	major	major	IV	IV, major	I		IV	IV	False	I	I, major		I, major		I	0	-1	-1	3	4	4	True	False	False
5544	12	84	0	C	0	3	4	1	1	True	1.0	-1	40	40	78	40b	231	1/8	False	6	False				False	154		IV.I	C	IV		I		I					M	False	False	(0, 4, 1)	()	0	0	major	major	IV	IV, major	I		IV	IV	False	I	I, major		I, major		I	0	-1	-1	0	1	1	True	False	False
5556	12	81	3	A	0	3	4	1	1	True	1.5	-1	40	40	78	40b	463/2	1/8	False	5	False				False	154		IV.I	C	IV		I		I					M	False	False	(0, 4, 1)	()	0	0	major	major	IV	IV, major	I		IV	IV	False	I	I, major		I, major		I	0	-1	-1	3	4	4	True	False	False
5568	12	77	-1	F	0	3	4	1	1	True	2.0	-1	40	40	78	40b	232	1/8	False	5	False				False	154		IV.I	C	IV		I		I					M	False	False	(0, 4, 1)	()	0	0	major	major	IV	IV, major	I		IV	IV	False	I	I, major		I, major		I	0	-1	-1	-1	0	0	True	True	True
5580	12	60	0	C	0	3	4	3	1	True	2.5	-1	40	40	78	40b	465/2	1/8	False	4	False				False	154		IV.I	C	IV		I		I					M	False	False	(0, 4, 1)	()	0	0	major	major	IV	IV, major	I		IV	IV	False	I	I, major		I, major		I	0	-1	-1	0	1	1	True	False	False
5580	12	72	0	C	0	3	4	1	1	True	2.5	-1	40	40	78	40b	465/2	1/8	False	5	False				False	154		IV.I	C	IV		I		I					M	False	False	(0, 4, 1)	()	0	0	major	major	IV	IV, major	I		IV	IV	False	I	I, major		I, major		I	0	-1	-1	0	1	1	True	False	False
5592	12	57	3	A	0	3	4	3	1	True	3.0	-1	40	40	78	40b	233	1/8	False	3	False				False	154		IV.I	C	IV		I		I					M	False	False	(0, 4, 1)	()	0	0	major	major	IV	IV, major	I		IV	IV	False	I	I, major		I, major		I	0	-1	-1	3	4	4	True	False	False
5592	12	69	3	A	0	3	4	1	1	True	3.0	-1	40	40	78	40b	233	1/8	False	4	False				False	154		IV.I	C	IV		I		I					M	False	False	(0, 4, 1)	()	0	0	major	major	IV	IV, major	I		IV	IV	False	I	I, major		I, major		I	0	-1	-1	3	4	4	True	False	False
5604	12	53	-1	F	0	3	4	3	1	True	3.5	-1	40	40	78	40b	467/2	1/8	False	3	False				False	154		IV.I	C	IV		I		I					M	False	False	(0, 4, 1)	()	0	0	major	major	IV	IV, major	I		IV	IV	False	I	I, major		I, major		I	0	-1	-1	-1	0	0	True	True	True
5604	12	65	-1	F	0	3	4	1	1	True	3.5	-1	40	40	78	40b	467/2	1/8	False	4	False				False	154		IV.I	C	IV		I		I					M	False	False	(0, 4, 1)	()	0	0	major	major	IV	IV, major	I		IV	IV	False	I	I, major		I, major		I	0	-1	-1	-1	0	0	True	True	True
5616	36	48	0	C	0	3	4	3	1	True	1.0	-1	41	41	79	41b	234	3/8	False	3	False				False	154		IV.I	C	IV		I		I					M	False	False	(0, 4, 1)	()	0	0	major	major	IV	IV, major	I		IV	IV	False	I	I, major		I, major		I	0	-1	-1	0	1	1	True	False	False
5616	36	60	0	C	0	3	4	1	1	True	1.0	-1	41	41	79	41b	234	3/8	False	4	False				False	154		IV.I	C	IV		I		I					M	False	False	(0, 4, 1)	()	0	0	major	major	IV	IV, major	I		IV	IV	False	I	I, major		I, major		I	0	-1	-1	0	1	1	True	False	False
5652	12	41	-1	F	0	3	4	4	1	True	2.5	-1	41	41	79	41b	471/2	1/8	False	2	True				False	155		I	C	IV		I		I					M	False	False	(0, 4, 1)	()	0	0	major	major	IV	IV, major	I		IV	IV	False	I	I, major		I, major		I	0	-1	-1	-1	0	0	True	True	True
5652	12	57	3	A	0	3	4	3	1	True	2.5	-1	41	41	79	41b	471/2	1/8	False	3	True				False	155		I	C	IV		I		I					M	False	False	(0, 4, 1)	()	0	0	major	major	IV	IV, major	I		IV	IV	False	I	I, major		I, major		I	0	-1	-1	3	4	4	True	False	False
5652	12	60	0	C	0	3	4	1	1	True	2.5	-1	41	41	79	41b	471/2	1/8	False	4	True				False	155		I	C	IV		I		I					M	False	False	(0, 4, 1)	()	0	0	major	major	IV	IV, major	I		IV	IV	False	I	I, major		I, major		I	0	-1	-1	0	1	1	True	False	False
5664	12	40	4	E	0	3	4	4	1	True	3.0	-1	41	41	79	41b	236	1/8	False	2	True				False	156		V6	C	IV		V6		V		6			M	False	False	(5, 2, 1)	()	1	5	major	major	IV	IV, major	V		IV	IV	False	V6	V6, major		V6, major		V	0	-1	-1	4	5	5	True	False	True
5664	12	55	1	G	0	3	4	3	1	True	3.0	-1	41	41	79	41b	236	1/8	False	3	True				False	156		V6	C	IV		V6		V		6			M	False	False	(5, 2, 1)	()	1	5	major	major	IV	IV, major	V		IV	IV	False	V6	V6, major		V6, major		V	0	-1	-1	1	2	2	True	False	False
5664	12	60	0	C	0	3	4	1	1	True	3.0	-1	41	41	79	41b	236	1/8	False	4	True				False	156		V6	C	IV		V6		V		6			M	False	False	(5, 2, 1)	()	1	5	major	major	IV	IV, major	V		IV	IV	False	V6	V6, major		V6, major		V	0	-1	-1	0	1	1	True	True	False
5676	12	43	1	G	0	3	4	4	1	True	3.5	-1	41	41	79	41b	473/2	1/8	False	2	True				False	157		V43	C	IV		V43		V		43			Mm7	False	False	(2, -1, 1, 5)	()	1	2	major	major	IV	IV, major	V		IV	IV	False	V43	V43, major		V43, major		V	0	-1	-1	1	2	2	True	False	True
5676	12	58	-2	B	-1	3	4	3	1	True	3.5	-1	41	41	79	41b	473/2	1/8	False	3	True				False	157		V43	C	IV		V43		V		43			Mm7	False	False	(2, -1, 1, 5)	()	1	2	major	major	IV	IV, major	V		IV	IV	False	V43	V43, major		V43, major		V	0	-1	-1	-2	-1	-1	True	False	False
5676	12	60	0	C	0	3	4	1	1	True	3.5	-1	41	41	79	41b	473/2	1/8	False	4	True				False	157		V43	C	IV		V43		V		43			Mm7	False	False	(2, -1, 1, 5)	()	1	2	major	major	IV	IV, major	V		IV	IV	False	V43	V43, major		V43, major		V	0	-1	-1	0	1	1	True	True	False
5676	12	64	4	E	0	3	4	2	1	True	3.5	-1	41	41	79	41b	473/2	1/8	False	4	True				False	157		V43	C	IV		V43		V		43			Mm7	False	False	(2, -1, 1, 5)	()	1	2	major	major	IV	IV, major	V		IV	IV	False	V43	V43, major		V43, major		V	0	-1	-1	4	5	5	True	False	False
5688	36	41	-1	F	0	3	4	4	1	True	1.0	-1	42	42	80	42b	237	3/8	False	2	False				False	158		I	C	IV		I		I					M	False	False	(0, 4, 1)	()	0	0	major	major	IV	IV, major	I		IV	IV	False	I	I, major		I, major		I	0	-1	-1	-1	0	0	True	True	True
5688	12	57	3	A	0	3	4	3	1	True	1.0	-1	42	42	80	42b	237	1/8	False	3	False				False	158		I	C	IV		I		I					M	False	False	(0, 4, 1)	()	0	0	major	major	IV	IV, major	I		IV	IV	False	I	I, major		I, major		I	0	-1	-1	3	4	4	True	False	False
5688	36	60	0	C	0	3	4	1	1	True	1.0	-1	42	42	80	42b	237	3/8	False	4	False				False	158		I	C	IV		I		I					M	False	False	(0, 4, 1)	()	0	0	major	major	IV	IV, major	I		IV	IV	False	I	I, major		I, major		I	0	-1	-1	0	1	1	True	False	False
5688	24	65	-1	F	0	3	4	2	1	True	1.0	-1	42	42	80	42b	237	1/4	False	4	False				False	158		I	C	IV		I		I					M	False	False	(0, 4, 1)	()	0	0	major	major	IV	IV, major	I		IV	IV	False	I	I, major		I, major		I	0	-1	-1	-1	0	0	True	True	True
5700	6	55	1	G	0	3	4	3	1	True	1.5	-1	42	42	80	42b	475/2	1/16	False	3	False				False	158		I	C	IV		I		I					M	False	False	(0, 4, 1)	()	0	0	major	major	IV	IV, major	I		IV	IV	False	I	I, major		I, major		I	0	-1	-1	1	2	2	False	False	False
5706	6	57	3	A	0	3	4	3	1	True	1.75	-1	42	42	80	42b	951/4	1/16	False	3	False				False	158		I	C	IV		I		I					M	False	False	(0, 4, 1)	()	0	0	major	major	IV	IV, major	I		IV	IV	False	I	I, major		I, major		I	0	-1	-1	3	4	4	True	False	False
5712	12	53	-1	F	0	3	4	3	1	True	2.0	-1	42	42	80	42b	238	1/8	False	3	False				False	158		I	C	IV		I		I					M	False	False	(0, 4, 1)	()	0	0	major	major	IV	IV, major	I		IV	IV	False	I	I, major		I, major		I	0	-1	-1	-1	0	0	True	True	True
5724	12	41	-1	F	0	3	4	4	1	True	2.5	-1	42	42	80	42b	477/2	1/8	False	2	True				False	159		I	C	IV		I		I					M	False	False	(0, 4, 1)	()	0	0	major	major	IV	IV, major	I		IV	IV	False	I	I, major		I, major		I	0	-1	-1	-1	0	0	True	True	True
5724	12	57	3	A	0	3	4	3	1	True	2.5	-1	42	42	80	42b	477/2	1/8	False	3	True				False	159		I	C	IV		I		I					M	False	False	(0, 4, 1)	()	0	0	major	major	IV	IV, major	I		IV	IV	False	I	I, major		I, major		I	0	-1	-1	3	4	4	True	False	False
5724	12	60	0	C	0	3	4	1	1	True	2.5	-1	42	42	80	42b	477/2	1/8	False	4	True				False	159		I	C	IV		I		I					M	False	False	(0, 4, 1)	()	0	0	major	major	IV	IV, major	I		IV	IV	False	I	I, major		I, major		I	0	-1	-1	0	1	1	True	False	False
5736	12	40	4	E	0	3	4	4	1	True	3.0	-1	42	42	80	42b	239	1/8	False	2	True				False	160		V6	C	IV		V6		V		6			M	False	False	(5, 2, 1)	()	1	5	major	major	IV	IV, major	V		IV	IV	False	V6	V6, major		V6, major		V	0	-1	-1	4	5	5	True	False	True
5736	12	55	1	G	0	3	4	3	1	True	3.0	-1	42	42	80	42b	239	1/8	False	3	True				False	160		V6	C	IV		V6		V		6			M	False	False	(5, 2, 1)	()	1	5	major	major	IV	IV, major	V		IV	IV	False	V6	V6, major		V6, major		V	0	-1	-1	1	2	2	True	False	False
5736	12	60	0	C	0	3	4	1	1	True	3.0	-1	42	42	80	42b	239	1/8	False	4	True				False	160		V6	C	IV		V6		V		6			M	False	False	(5, 2, 1)	()	1	5	major	major	IV	IV, major	V		IV	IV	False	V6	V6, major		V6, major		V	0	-1	-1	0	1	1	True	True	False
5748	12	43	1	G	0	3	4	4	1	True	3.5	-1	42	42	80	42b	479/2	1/8	False	2	True				False	161		V43	C	IV		V43		V		43			Mm7	False	False	(2, -1, 1, 5)	()	1	2	major	major	IV	IV, major	V		IV	IV	False	V43	V43, major		V43, major		V	0	-1	-1	1	2	2	True	False	True
5748	12	58	-2	B	-1	3	4	3	1	True	3.5	-1	42	42	80	42b	479/2	1/8	False	3	True				False	161		V43	C	IV		V43		V		43			Mm7	False	False	(2, -1, 1, 5)	()	1	2	major	major	IV	IV, major	V		IV	IV	False	V43	V43, major		V43, major		V	0	-1	-1	-2	-1	-1	True	False	False
5748	12	60	0	C	0	3	4	1	1	True	3.5	-1	42	42	80	42b	479/2	1/8	False	4	True				False	161		V43	C	IV		V43		V		43			Mm7	False	False	(2, -1, 1, 5)	()	1	2	major	major	IV	IV, major	V		IV	IV	False	V43	V43, major		V43, major		V	0	-1	-1	0	1	1	True	True	False
5748	12	64	4	E	0	3	4	2	1	True	3.5	-1	42	42	80	42b	479/2	1/8	False	4	True				False	161		V43	C	IV		V43		V		43			Mm7	False	False	(2, -1, 1, 5)	()	1	2	major	major	IV	IV, major	V		IV	IV	False	V43	V43, major		V43, major		V	0	-1	-1	4	5	5	True	False	False
5760	36	41	-1	F	0	3	4	4	1	True	1.0	-1	43	43	81	43b	240	3/8	False	2	True				False	162		I	C	IV		I		I					M	False	False	(0, 4, 1)	()	0	0	major	major	IV	IV, major	I		IV	IV	False	I	I, major		I, major		I	0	-1	-1	-1	0	0	True	True	True
5760	12	57	3	A	0	3	4	3	1	True	1.0	-1	43	43	81	43b	240	1/8	False	3	True				False	162		I	C	IV		I		I					M	False	False	(0, 4, 1)	()	0	0	major	major	IV	IV, major	I		IV	IV	False	I	I, major		I, major		I	0	-1	-1	3	4	4	True	False	False
5760	36	60	0	C	0	3	4	1	1	True	1.0	-1	43	43	81	43b	240	3/8	False	4	True				False	162		I	C	IV		I		I					M	False	False	(0, 4, 1)	()	0	0	major	major	IV	IV, major	I		IV	IV	False	I	I, major		I, major		I	0	-1	-1	0	1	1	True	False	False
5760	24	65	-1	F	0	3	4	2	1	True	1.0	-1	43	43	81	43b	240	1/4	False	4	True				False	162		I	C	IV		I		I					M	False	False	(0, 4, 1)	()	0	0	major	major	IV	IV, major	I		IV	IV	False	I	I, major		I, major		I	0	-1	-1	-1	0	0	True	True	True
5772	6	55	1	G	0	3	4	3	1	True	1.5	-1	43	43	81	43b	481/2	1/16	False	3	False				False	162		I	C	IV		I		I					M	False	False	(0, 4, 1)	()	0	0	major	major	IV	IV, major	I		IV	IV	False	I	I, major		I, major		I	0	-1	-1	1	2	2	False	False	False
5778	6	57	3	A	0	3	4	3	1	True	1.75	-1	43	43	81	43b	963/4	1/16	False	3	False				False	162		I	C	IV		I		I					M	False	False	(0, 4, 1)	()	0	0	major	major	IV	IV, major	I		IV	IV	False	I	I, major		I, major		I	0	-1	-1	3	4	4	True	False	False
5784	12	53	-1	F	0	3	4	3	1	True	2.0	-1	43	43	81	43b	241	1/8	False	3	False				False	162		I	C	IV		I		I					M	False	False	(0, 4, 1)	()	0	0	major	major	IV	IV, major	I		IV	IV	False	I	I, major		I, major		I	0	-1	-1	-1	0	0	True	True	True
5796	12	41	-1	F	0	3	4	4	1	True	2.5	-1	43	43	81	43b	483/2	1/8	False	2	False				False	162		I	C	IV		I		I					M	False	False	(0, 4, 1)	()	0	0	major	major	IV	IV, major	I		IV	IV	False	I	I, major		I, major		I	0	-1	-1	-1	0	0	True	True	True
5796	12	57	3	A	0	3	4	2	1	True	2.5	-1	43	43	81	43b	483/2	1/8	False	3	False				False	162		I	C	IV		I		I					M	False	False	(0, 4, 1)	()	0	0	major	major	IV	IV, major	I		IV	IV	False	I	I, major		I, major		I	0	-1	-1	3	4	4	True	False	False
5796	12	60	0	C	0	3	4	3	1	True	2.5	-1	43	43	81	43b	483/2	1/8	False	4	False				False	162		I	C	IV		I		I					M	False	False	(0, 4, 1)	()	0	0	major	major	IV	IV, major	I		IV	IV	False	I	I, major		I, major		I	0	-1	-1	0	1	1	True	False	False
5796	12	69	3	A	0	3	4	1	1	True	2.5	-1	43	43	81	43b	483/2	1/8	False	4	False				False	162		I	C	IV		I		I					M	False	False	(0, 4, 1)	()	0	0	major	major	IV	IV, major	I		IV	IV	False	I	I, major		I, major		I	0	-1	-1	3	4	4	True	False	False
5808	12	40	4	E	0	3	4	4	1	True	3.0	-1	43	43	81	43b	242	1/8	False	2	True				False	163		V6	C	IV		V6		V		6			M	False	False	(5, 2, 1)	()	1	5	major	major	IV	IV, major	V		IV	IV	False	V6	V6, major		V6, major		V	0	-1	-1	4	5	5	True	False	True
5808	12	55	1	G	0	3	4	2	1	True	3.0	-1	43	43	81	43b	242	1/8	False	3	True				False	163		V6	C	IV		V6		V		6			M	False	False	(5, 2, 1)	()	1	5	major	major	IV	IV, major	V		IV	IV	False	V6	V6, major		V6, major		V	0	-1	-1	1	2	2	True	False	False
5808	12	60	0	C	0	3	4	3	1	True	3.0	-1	43	43	81	43b	242	1/8	False	4	True				False	163		V6	C	IV		V6		V		6			M	False	False	(5, 2, 1)	()	1	5	major	major	IV	IV, major	V		IV	IV	False	V6	V6, major		V6, major		V	0	-1	-1	0	1	1	True	True	False
5808	12	67	1	G	0	3	4	1	1	True	3.0	-1	43	43	81	43b	242	1/8	False	4	True				False	163		V6	C	IV		V6		V		6			M	False	False	(5, 2, 1)	()	1	5	major	major	IV	IV, major	V		IV	IV	False	V6	V6, major		V6, major		V	0	-1	-1	1	2	2	True	False	False
5820	12	38	2	D	0	3	4	4	1	True	3.5	-1	43	43	81	43b	485/2	1/8	False	2	True				False	164		V43/V	C	IV		V43/V		V		43		V	Mm7	False	False	(3, 0, 2, 6)	()	2	3	major	major	IV	IV, major	V/V	V	V/IV	I	False	V43/V	V43/V, major		V43/V, major	V	V	0	-1	0	2	3	2	True	False	True
5820	12	53	-1	F	0	3	4	3	1	True	3.5	-1	43	43	81	43b	485/2	1/8	False	3	True				False	164		V43/V	C	IV		V43/V		V		43		V	Mm7	False	False	(3, 0, 2, 6)	()	2	3	major	major	IV	IV, major	V/V	V	V/IV	I	False	V43/V	V43/V, major		V43/V, major	V	V	0	-1	0	-1	0	-1	True	False	False
5820	12	55	1	G	0	3	4	3	1	True	3.5	-1	43	43	81	43b	485/2	1/8	False	3	True				False	164		V43/V	C	IV		V43/V		V		43		V	Mm7	False	False	(3, 0, 2, 6)	()	2	3	major	major	IV	IV, major	V/V	V	V/IV	I	False	V43/V	V43/V, major		V43/V, major	V	V	0	-1	0	1	2	1	True	True	False
5820	12	59	5	B	0	3	4	2	1	True	3.5	-1	43	43	81	43b	485/2	1/8	False	3	True				False	164		V43/V	C	IV		V43/V		V		43		V	Mm7	False	False	(3, 0, 2, 6)	()	2	3	major	major	IV	IV, major	V/V	V	V/IV	I	False	V43/V	V43/V, major		V43/V, major	V	V	0	-1	0	5	6	5	True	False	False
5820	12	71	5	B	0	3	4	1	1	True	3.5	-1	43	43	81	43b	485/2	1/8	False	4	True				False	164		V43/V	C	IV		V43/V		V		43		V	Mm7	False	False	(3, 0, 2, 6)	()	2	3	major	major	IV	IV, major	V/V	V	V/IV	I	False	V43/V	V43/V, major		V43/V, major	V	V	0	-1	0	5	6	5	True	False	False
5832	24	36	0	C	0	3	4	4	1	True	1.0	-1	44	44	82	44b	243	1/4	False	2	False				False	165		V	C	IV		V		V					M	False	False	(1, 5, 2)	()	1	1	major	major	IV	IV, major	V		IV	IV	False	V	V, major		V, major		V	0	-1	-1	0	1	1	True	True	True
5832	24	52	4	E	0	3	4	3	1	True	1.0	-1	44	44	82	44b	243	1/4	False	3	False				False	165		V	C	IV		V		V					M	False	False	(1, 5, 2)	()	1	1	major	major	IV	IV, major	V		IV	IV	False	V	V, major		V, major		V	0	-1	-1	4	5	5	True	False	False
5832	24	55	1	G	0	3	4	3	1	True	1.0	-1	44	44	82	44b	243	1/4	False	3	False				False	165		V	C	IV		V		V					M	False	False	(1, 5, 2)	()	1	1	major	major	IV	IV, major	V		IV	IV	False	V	V, major		V, major		V	0	-1	-1	1	2	2	True	False	False
5832	6	60	0	C	0	3	4	2	1	True	1.0	-1	44	44	82	44b	243	1/16	False	4	False				False	165		V	C	IV		V		V					M	False	False	(1, 5, 2)	()	1	1	major	major	IV	IV, major	V		IV	IV	False	V	V, major		V, major		V	0	-1	-1	0	1	1	True	True	True
5832	24	72	0	C	0	3	4	1	1	True	1.0	-1	44	44	82	44b	243	1/4	False	5	False				False	165		V	C	IV		V		V					M	False	False	(1, 5, 2)	()	1	1	major	major	IV	IV, major	V		IV	IV	False	V	V, major		V, major		V	0	-1	-1	0	1	1	True	True	True
5838	6	62	2	D	0	3	4	2	1	True	1.25	-1	44	44	82	44b	973/4	1/16	False	4	False				False	165		V	C	IV		V		V					M	False	False	(1, 5, 2)	()	1	1	major	major	IV	IV, major	V		IV	IV	False	V	V, major		V, major		V	0	-1	-1	2	3	3	False	False	False
5844	6	64	4	E	0	3	4	2	1	True	1.5	-1	44	44	82	44b	487/2	1/16	False	4	False				False	165		V	C	IV		V		V					M	False	False	(1, 5, 2)	()	1	1	major	major	IV	IV, major	V		IV	IV	False	V	V, major		V, major		V	0	-1	-1	4	5	5	True	False	False
5850	6	65	-1	F	0	3	4	2	1	True	1.75	-1	44	44	82	44b	975/4	1/16	False	4	False				False	165		V	C	IV		V		V					M	False	False	(1, 5, 2)	()	1	1	major	major	IV	IV, major	V		IV	IV	False	V	V, major		V, major		V	0	-1	-1	-1	0	0	False	False	False
5856	6	67	1	G	0	3	4	2	1	True	2.0	-1	44	44	82	44b	244	1/16	False	4	False				False	165		V	C	IV		V		V					M	False	False	(1, 5, 2)	()	1	1	major	major	IV	IV, major	V		IV	IV	False	V	V, major		V, major		V	0	-1	-1	1	2	2	True	False	False
5862	6	69	3	A	0	3	4	2	1	True	2.25	-1	44	44	82	44b	977/4	1/16	False	4	False				False	165		V	C	IV		V		V					M	False	False	(1, 5, 2)	()	1	1	major	major	IV	IV, major	V		IV	IV	False	V	V, major		V, major		V	0	-1	-1	3	4	4	False	False	False
5868	6	67	1	G	0	3	4	2	1	True	2.5	-1	44	44	82	44b	489/2	1/16	False	4	False				False	165		V	C	IV		V		V					M	False	False	(1, 5, 2)	()	1	1	major	major	IV	IV, major	V		IV	IV	False	V	V, major		V, major		V	0	-1	-1	1	2	2	True	False	False
5874	6	65	-1	F	0	3	4	2	1	True	2.75	-1	44	44	82	44b	979/4	1/16	False	4	False				False	165		V	C	IV		V		V					M	False	False	(1, 5, 2)	()	1	1	major	major	IV	IV, major	V		IV	IV	False	V	V, major		V, major		V	0	-1	-1	-1	0	0	False	False	False
5880	6	64	4	E	0	3	4	2	1	True	3.0	-1	44	44	82	44b	245	1/16	False	4	False				False	165		V	C	IV		V		V					M	False	False	(1, 5, 2)	()	1	1	major	major	IV	IV, major	V		IV	IV	False	V	V, major		V, major		V	0	-1	-1	4	5	5	True	False	False
5880	24	76	4	E	0	3	4	1	1	True	3.0	-1	44	44	82	44b	245	1/4	False	5	False				False	165		V	C	IV		V		V					M	False	False	(1, 5, 2)	()	1	1	major	major	IV	IV, major	V		IV	IV	False	V	V, major		V, major		V	0	-1	-1	4	5	5	True	False	False
5886	6	67	1	G	0	3	4	2	1	True	3.25	-1	44	44	82	44b	981/4	1/16	False	4	False				False	165		V	C	IV		V		V					M	False	False	(1, 5, 2)	()	1	1	major	major	IV	IV, major	V		IV	IV	False	V	V, major		V, major		V	0	-1	-1	1	2	2	True	False	False
5892	6	69	3	A	0	3	4	2	1	True	3.5	-1	44	44	82	44b	491/2	1/16	False	4	False				False	165		V	C	IV		V		V					M	False	False	(1, 5, 2)	()	1	1	major	major	IV	IV, major	V		IV	IV	False	V	V, major		V, major		V	0	-1	-1	3	4	4	False	False	False
5898	6	71	5	B	0	3	4	2	1	True	3.75	-1	44	44	82	44b	983/4	1/16	False	4	False				False	165		V	C	IV		V		V					M	False	False	(1, 5, 2)	()	1	1	major	major	IV	IV, major	V		IV	IV	False	V	V, major		V, major		V	0	-1	-1	5	6	6	False	False	False
5904	24	36	0	C	0	3	4	4	1	True	1.0	-1	45	45	83	45b	246	1/4	False	2	False				False	165		V	C	IV		V		V					M	False	False	(1, 5, 2)	()	1	1	major	major	IV	IV, major	V		IV	IV	False	V	V, major		V, major		V	0	-1	-1	0	1	1	True	True	True
5904	24	52	4	E	0	3	4	3	1	True	1.0	-1	45	45	83	45b	246	1/4	False	3	False				False	165		V	C	IV		V		V					M	False	False	(1, 5, 2)	()	1	1	major	major	IV	IV, major	V		IV	IV	False	V	V, major		V, major		V	0	-1	-1	4	5	5	True	False	False
5904	24	55	1	G	0	3	4	3	1	True	1.0	-1	45	45	83	45b	246	1/4	False	3	False				False	165		V	C	IV		V		V					M	False	False	(1, 5, 2)	()	1	1	major	major	IV	IV, major	V		IV	IV	False	V	V, major		V, major		V	0	-1	-1	1	2	2	True	False	False
5904	6	72	0	C	0	3	4	2	1	True	1.0	-1	45	45	83	45b	246	1/16	False	5	False				False	165		V	C	IV		V		V					M	False	False	(1, 5, 2)	()	1	1	major	major	IV	IV, major	V		IV	IV	False	V	V, major		V, major		V	0	-1	-1	0	1	1	True	True	True
5904	24	76	4	E	0	3	4	1	1	False	1.0	-1	45	45	83	45b	246	1/4	False	5	False				False	165		V	C	IV		V		V					M	False	False	(1, 5, 2)	()	1	1	major	major	IV	IV, major	V		IV	IV	False	V	V, major		V, major		V	0	-1	-1	4	5	5	True	False	False
5910	6	71	5	B	0	3	4	2	1	True	1.25	-1	45	45	83	45b	985/4	1/16	False	4	False				False	165		V	C	IV		V		V					M	False	False	(1, 5, 2)	()	1	1	major	major	IV	IV, major	V		IV	IV	False	V	V, major		V, major		V	0	-1	-1	5	6	6	False	False	False
5916	6	72	0	C	0	3	4	2	1	True	1.5	-1	45	45	83	45b	493/2	1/16	False	5	False				False	165		V	C	IV		V		V					M	False	False	(1, 5, 2)	()	1	1	major	major	IV	IV, major	V		IV	IV	False	V	V, major		V, major		V	0	-1	-1	0	1	1	True	True	True
5922	6	69	3	A	0	3	4	2	1	True	1.75	-1	45	45	83	45b	987/4	1/16	False	4	False				False	165		V	C	IV		V		V					M	False	False	(1, 5, 2)	()	1	1	major	major	IV	IV, major	V		IV	IV	False	V	V, major		V, major		V	0	-1	-1	3	4	4	False	False	False
5928	6	67	1	G	0	3	4	2	1	True	2.0	-1	45	45	83	45b	247	1/16	False	4	False				False	165		V	C	IV		V		V					M	False	False	(1, 5, 2)	()	1	1	major	major	IV	IV, major	V		IV	IV	False	V	V, major		V, major		V	0	-1	-1	1	2	2	True	False	False
5934	6	71	5	B	0	3	4	2	1	True	2.25	-1	45	45	83	45b	989/4	1/16	False	4	False				False	165		V	C	IV		V		V					M	False	False	(1, 5, 2)	()	1	1	major	major	IV	IV, major	V		IV	IV	False	V	V, major		V, major		V	0	-1	-1	5	6	6	False	False	False
5940	6	72	0	C	0	3	4	2	1	True	2.5	-1	45	45	83	45b	495/2	1/16	False	5	False				False	165		V	C	IV		V		V					M	False	False	(1, 5, 2)	()	1	1	major	major	IV	IV, major	V		IV	IV	False	V	V, major		V, major		V	0	-1	-1	0	1	1	True	True	True
5946	6	74	2	D	0	3	4	2	1	True	2.75	-1	45	45	83	45b	991/4	1/16	False	5	False				False	165		V	C	IV		V		V					M	False	False	(1, 5, 2)	()	1	1	major	major	IV	IV, major	V		IV	IV	False	V	V, major		V, major		V	0	-1	-1	2	3	3	False	False	False
5952	6	76	4	E	0	3	4	2	1	True	3.0	-1	45	45	83	45b	248	1/16	False	5	False				False	165		V	C	IV		V		V					M	False	False	(1, 5, 2)	()	1	1	major	major	IV	IV, major	V		IV	IV	False	V	V, major		V, major		V	0	-1	-1	4	5	5	True	False	False
5952	24	79	1	G	0	3	4	1	1	True	3.0	-1	45	45	83	45b	248	1/4	False	5	False				False	165		V	C	IV		V		V					M	False	False	(1, 5, 2)	()	1	1	major	major	IV	IV, major	V		IV	IV	False	V	V, major		V, major		V	0	-1	-1	1	2	2	True	False	False
5958	6	77	-1	F	0	3	4	2	1	True	3.25	-1	45	45	83	45b	993/4	1/16	False	5	False				False	165		V	C	IV		V		V					M	False	False	(1, 5, 2)	()	1	1	major	major	IV	IV, major	V		IV	IV	False	V	V, major		V, major		V	0	-1	-1	-1	0	0	False	False	False
5964	6	76	4	E	0	3	4	2	1	True	3.5	-1	45	45	83	45b	497/2	1/16	False	5	False				False	165		V	C	IV		V		V					M	False	False	(1, 5, 2)	()	1	1	major	major	IV	IV, major	V		IV	IV	False	V	V, major		V, major		V	0	-1	-1	4	5	5	True	False	False
5970	6	74	2	D	0	3	4	2	1	True	3.75	-1	45	45	83	45b	995/4	1/16	False	5	False				False	165		V	C	IV		V		V					M	False	False	(1, 5, 2)	()	1	1	major	major	IV	IV, major	V		IV	IV	False	V	V, major		V, major		V	0	-1	-1	2	3	3	False	False	False
5976	24	36	0	C	0	3	4	4	1	True	1.0	-1	46	46	84	46b	249	1/4	False	2	True				False	166		V	C	IV		V		V					M	False	False	(1, 5, 2)	()	1	1	major	major	IV	IV, major	V		IV	IV	False	V	V, major		V, major		V	0	-1	-1	0	1	1	True	True	True
5976	24	52	4	E	0	3	4	3	1	True	1.0	-1	46	46	84	46b	249	1/4	False	3	True				False	166		V	C	IV		V		V					M	False	False	(1, 5, 2)	()	1	1	major	major	IV	IV, major	V		IV	IV	False	V	V, major		V, major		V	0	-1	-1	4	5	5	True	False	False
5976	24	55	1	G	0	3	4	3	1	True	1.0	-1	46	46	84	46b	249	1/4	False	3	True				False	166		V	C	IV		V		V					M	False	False	(1, 5, 2)	()	1	1	major	major	IV	IV, major	V		IV	IV	False	V	V, major		V, major		V	0	-1	-1	1	2	2	True	False	False
5976	6	72	0	C	0	3	4	2	1	True	1.0	-1	46	46	84	46b	249	1/16	False	5	True				False	166		V	C	IV		V		V					M	False	False	(1, 5, 2)	()	1	1	major	major	IV	IV, major	V		IV	IV	False	V	V, major		V, major		V	0	-1	-1	0	1	1	True	True	True
5976	24	79	1	G	0	3	4	1	1	False	1.0	-1	46	46	84	46b	249	1/4	False	5	True				False	166		V	C	IV		V		V					M	False	False	(1, 5, 2)	()	1	1	major	major	IV	IV, major	V		IV	IV	False	V	V, major		V, major		V	0	-1	-1	1	2	2	True	False	False
5982	6	74	2	D	0	3	4	2	1	True	1.25	-1	46	46	84	46b	997/4	1/16	False	5	False				False	166		V	C	IV		V		V					M	False	False	(1, 5, 2)	()	1	1	major	major	IV	IV, major	V		IV	IV	False	V	V, major		V, major		V	0	-1	-1	2	3	3	False	False	False
5988	6	76	4	E	0	3	4	2	1	True	1.5	-1	46	46	84	46b	499/2	1/16	False	5	False				False	166		V	C	IV		V		V					M	False	False	(1, 5, 2)	()	1	1	major	major	IV	IV, major	V		IV	IV	False	V	V, major		V, major		V	0	-1	-1	4	5	5	True	False	False
5994	6	77	-1	F	0	3	4	2	1	True	1.75	-1	46	46	84	46b	999/4	1/16	False	5	False				False	166		V	C	IV		V		V					M	False	False	(1, 5, 2)	()	1	1	major	major	IV	IV, major	V		IV	IV	False	V	V, major		V, major		V	0	-1	-1	-1	0	0	False	False	False
6000	6	79	1	G	0	3	4	2	1	True	2.0	-1	46	46	84	46b	250	1/16	False	5	False				False	166		V	C	IV		V		V					M	False	False	(1, 5, 2)	()	1	1	major	major	IV	IV, major	V		IV	IV	False	V	V, major		V, major		V	0	-1	-1	1	2	2	True	False	False
6006	6	81	3	A	0	3	4	2	1	True	2.25	-1	46	46	84	46b	1001/4	1/16	False	5	False				False	166		V	C	IV		V		V					M	False	False	(1, 5, 2)	()	1	1	major	major	IV	IV, major	V		IV	IV	False	V	V, major		V, major		V	0	-1	-1	3	4	4	False	False	False
6012	6	79	1	G	0	3	4	2	1	True	2.5	-1	46	46	84	46b	501/2	1/16	False	5	False				False	166		V	C	IV		V		V					M	False	False	(1, 5, 2)	()	1	1	major	major	IV	IV, major	V		IV	IV	False	V	V, major		V, major		V	0	-1	-1	1	2	2	True	False	False
6018	6	77	-1	F	0	3	4	2	1	True	2.75	-1	46	46	84	46b	1003/4	1/16	False	5	False				False	166		V	C	IV		V		V					M	False	False	(1, 5, 2)	()	1	1	major	major	IV	IV, major	V		IV	IV	False	V	V, major		V, major		V	0	-1	-1	-1	0	0	False	False	False
6024	6	76	4	E	0	3	4	2	1	True	3.0	-1	46	46	84	46b	251	1/16	False	5	False				False	166		V	C	IV		V		V					M	False	False	(1, 5, 2)	()	1	1	major	major	IV	IV, major	V		IV	IV	False	V	V, major		V, major		V	0	-1	-1	4	5	5	True	False	False
6024	24	84	0	C	0	3	4	1	1	True	3.0	-1	46	46	84	46b	251	1/4	False	6	False				False	166		V	C	IV		V		V					M	False	False	(1, 5, 2)	()	1	1	major	major	IV	IV, major	V		IV	IV	False	V	V, major		V, major		V	0	-1	-1	0	1	1	True	True	True
6030	6	72	0	C	0	3	4	2	1	True	3.25	-1	46	46	84	46b	1005/4	1/16	False	5	False				False	166		V	C	IV		V		V					M	False	False	(1, 5, 2)	()	1	1	major	major	IV	IV, major	V		IV	IV	False	V	V, major		V, major		V	0	-1	-1	0	1	1	True	True	True
6036	6	71	5	B	0	3	4	2	1	True	3.5	-1	46	46	84	46b	503/2	1/16	False	4	False				False	166		V	C	IV		V		V					M	False	False	(1, 5, 2)	()	1	1	major	major	IV	IV, major	V		IV	IV	False	V	V, major		V, major		V	0	-1	-1	5	6	6	False	False	False
6042	6	69	3	A	0	3	4	2	1	True	3.75	-1	46	46	84	46b	1007/4	1/16	False	4	False				False	166		V	C	IV		V		V					M	False	False	(1, 5, 2)	()	1	1	major	major	IV	IV, major	V		IV	IV	False	V	V, major		V, major		V	0	-1	-1	3	4	4	False	False	False
6048	6	67	1	G	0	3	4	2	1	True	1.0	-1	47	47	85	47b	252	1/16	False	4	True				False	167		V64	C	IV		V64		V		64			M	False	False	(2, 1, 5)	()	1	2	major	major	IV	IV, major	V		IV	IV	False	V64	V64, major		V64, major		V	0	-1	-1	1	2	2	True	False	True
6048	12	84	0	C	0	3	4	1	1	False	1.0	-1	47	47	85	47b	252	1/8	False	6	True				False	167		V64	C	IV		V64		V		64			M	False	False	(2, 1, 5)	()	1	2	major	major	IV	IV, major	V		IV	IV	False	V64	V64, major		V64, major		V	0	-1	-1	0	1	1	True	True	False
6054	6	65	-1	F	0	3	4	2	1	True	1.25	-1	47	47	85	47b	1009/4	1/16	False	4	False				False	167		V64	C	IV		V64		V		64			M	False	False	(2, 1, 5)	()	1	2	major	major	IV	IV, major	V		IV	IV	False	V64	V64, major		V64, major		V	0	-1	-1	-1	0	0	False	False	False
6060	12	43	1	G	0	3	4	4	1	True	1.5	-1	47	47	85	47b	505/2	1/8	False	2	False				False	167		V64	C	IV		V64		V		64			M	False	False	(2, 1, 5)	()	1	2	major	major	IV	IV, major	V		IV	IV	False	V64	V64, major		V64, major		V	0	-1	-1	1	2	2	True	False	True
6060	12	52	4	E	0	3	4	3	1	True	1.5	-1	47	47	85	47b	505/2	1/8	False	3	False				False	167		V64	C	IV		V64		V		64			M	False	False	(2, 1, 5)	()	1	2	major	major	IV	IV, major	V		IV	IV	False	V64	V64, major		V64, major		V	0	-1	-1	4	5	5	True	False	False
6060	12	55	1	G	0	3	4	3	1	True	1.5	-1	47	47	85	47b	505/2	1/8	False	3	False				False	167		V64	C	IV		V64		V		64			M	False	False	(2, 1, 5)	()	1	2	major	major	IV	IV, major	V		IV	IV	False	V64	V64, major		V64, major		V	0	-1	-1	1	2	2	True	False	True
6060	6	64	4	E	0	3	4	2	1	True	1.5	-1	47	47	85	47b	505/2	1/16	False	4	False				False	167		V64	C	IV		V64		V		64			M	False	False	(2, 1, 5)	()	1	2	major	major	IV	IV, major	V		IV	IV	False	V64	V64, major		V64, major		V	0	-1	-1	4	5	5	True	False	False
6060	24	88	4	E	0	3	4	1	1	True	1.5	-1	47	47	85	47b	505/2	1/4	False	6	False				False	167		V64	C	IV		V64		V		64			M	False	False	(2, 1, 5)	()	1	2	major	major	IV	IV, major	V		IV	IV	False	V64	V64, major		V64, major		V	0	-1	-1	4	5	5	True	False	False
6066	6	62	2	D	0	3	4	2	1	True	1.75	-1	47	47	85	47b	1011/4	1/16	False	4	False				False	167		V64	C	IV		V64		V		64			M	False	False	(2, 1, 5)	()	1	2	major	major	IV	IV, major	V		IV	IV	False	V64	V64, major		V64, major		V	0	-1	-1	2	3	3	False	False	False
6072	12	43	1	G	0	3	4	4	1	True	2.0	-1	47	47	85	47b	253	1/8	False	2	False				False	167		V64	C	IV		V64		V		64			M	False	False	(2, 1, 5)	()	1	2	major	major	IV	IV, major	V		IV	IV	False	V64	V64, major		V64, major		V	0	-1	-1	1	2	2	True	False	True
6072	12	52	4	E	0	3	4	3	1	True	2.0	-1	47	47	85	47b	253	1/8	False	3	False				False	167		V64	C	IV		V64		V		64			M	False	False	(2, 1, 5)	()	1	2	major	major	IV	IV, major	V		IV	IV	False	V64	V64, major		V64, major		V	0	-1	-1	4	5	5	True	False	False
6072	12	55	1	G	0	3	4	3	1	True	2.0	-1	47	47	85	47b	253	1/8	False	3	False				False	167		V64	C	IV		V64		V		64			M	False	False	(2, 1, 5)	()	1	2	major	major	IV	IV, major	V		IV	IV	False	V64	V64, major		V64, major		V	0	-1	-1	1	2	2	True	False	True
6072	6	60	0	C	0	3	4	2	1	True	2.0	-1	47	47	85	47b	253	1/16	False	4	False				False	167		V64	C	IV		V64		V		64			M	False	False	(2, 1, 5)	()	1	2	major	major	IV	IV, major	V		IV	IV	False	V64	V64, major		V64, major		V	0	-1	-1	0	1	1	True	True	False
6078	6	67	1	G	0	3	4	2	1	True	2.25	-1	47	47	85	47b	1013/4	1/16	False	4	False				False	167		V64	C	IV		V64		V		64			M	False	False	(2, 1, 5)	()	1	2	major	major	IV	IV, major	V		IV	IV	False	V64	V64, major		V64, major		V	0	-1	-1	1	2	2	True	False	True
6084	12	43	1	G	0	3	4	4	1	True	2.5	-1	47	47	85	47b	507/2	1/8	False	2	False				False	167		V64	C	IV		V64		V		64			M	False	False	(2, 1, 5)	()	1	2	major	major	IV	IV, major	V		IV	IV	False	V64	V64, major		V64, major		V	0	-1	-1	1	2	2	True	False	True
6084	12	52	4	E	0	3	4	3	1	True	2.5	-1	47	47	85	47b	507/2	1/8	False	3	False				False	167		V64	C	IV		V64		V		64			M	False	False	(2, 1, 5)	()	1	2	major	major	IV	IV, major	V		IV	IV	False	V64	V64, major		V64, major		V	0	-1	-1	4	5	5	True	False	False
6084	12	55	1	G	0	3	4	3	1	True	2.5	-1	47	47	85	47b	507/2	1/8	False	3	False				False	167		V64	C	IV		V64		V		64			M	False	False	(2, 1, 5)	()	1	2	major	major	IV	IV, major	V		IV	IV	False	V64	V64, major		V64, major		V	0	-1	-1	1	2	2	True	False	True
6084	6	64	4	E	0	3	4	2	1	True	2.5	-1	47	47	85	47b	507/2	1/16	False	4	False				False	167		V64	C	IV		V64		V		64			M	False	False	(2, 1, 5)	()	1	2	major	major	IV	IV, major	V		IV	IV	False	V64	V64, major		V64, major		V	0	-1	-1	4	5	5	True	False	False
6084	12	91	1	G	0	3	4	1	1	True	2.5	-1	47	47	85	47b	507/2	1/8	False	6	False				False	167		V64	C	IV		V64		V		64			M	False	False	(2, 1, 5)	()	1	2	major	major	IV	IV, major	V		IV	IV	False	V64	V64, major		V64, major		V	0	-1	-1	1	2	2	True	False	True
6090	6	60	0	C	0	3	4	2	1	True	2.75	-1	47	47	85	47b	1015/4	1/16	False	4	False				False	167		V64	C	IV		V64		V		64			M	False	False	(2, 1, 5)	()	1	2	major	major	IV	IV, major	V		IV	IV	False	V64	V64, major		V64, major		V	0	-1	-1	0	1	1	True	True	False
6096	12	43	1	G	0	3	4	4	1	True	3.0	-1	47	47	85	47b	254	1/8	False	2	True				False	168		V7/V	C	IV		V7/V		V		7		V	Mm7	False	False	(2, 6, 3, 0)	()	2	2	major	major	IV	IV, major	V/V	V	V/IV	I	False	V7/V	V7/V, major		V7/V, major	V	V	0	-1	0	1	2	1	True	True	True
6096	12	59	5	B	0	3	4	3	1	True	3.0	-1	47	47	85	47b	254	1/8	False	3	True				False	168		V7/V	C	IV		V7/V		V		7		V	Mm7	False	False	(2, 6, 3, 0)	()	2	2	major	major	IV	IV, major	V/V	V	V/IV	I	False	V7/V	V7/V, major		V7/V, major	V	V	0	-1	0	5	6	5	True	False	False
6096	6	62	2	D	0	3	4	2	1	True	3.0	-1	47	47	85	47b	254	1/16	False	4	True				False	168		V7/V	C	IV		V7/V		V		7		V	Mm7	False	False	(2, 6, 3, 0)	()	2	2	major	major	IV	IV, major	V/V	V	V/IV	I	False	V7/V	V7/V, major		V7/V, major	V	V	0	-1	0	2	3	2	True	False	False
6096	12	91	1	G	0	3	4	1	1	True	3.0	-1	47	47	85	47b	254	1/8	False	6	True				False	168		V7/V	C	IV		V7/V		V		7		V	Mm7	False	False	(2, 6, 3, 0)	()	2	2	major	major	IV	IV, major	V/V	V	V/IV	I	False	V7/V	V7/V, major		V7/V, major	V	V	0	-1	0	1	2	1	True	True	True
6102	6	67	1	G	0	3	4	2	1	True	3.25	-1	47	47	85	47b	1017/4	1/16	False	4	False				False	168		V7/V	C	IV		V7/V		V		7		V	Mm7	False	False	(2, 6, 3, 0)	()	2	2	major	major	IV	IV, major	V/V	V	V/IV	I	False	V7/V	V7/V, major		V7/V, major	V	V	0	-1	0	1	2	1	True	True	True
6108	12	43	1	G	0	3	4	4	1	True	3.5	-1	47	47	85	47b	509/2	1/8	False	2	False				False	168		V7/V	C	IV		V7/V		V		7		V	Mm7	False	False	(2, 6, 3, 0)	()	2	2	major	major	IV	IV, major	V/V	V	V/IV	I	False	V7/V	V7/V, major		V7/V, major	V	V	0	-1	0	1	2	1	True	True	True
6108	12	59	5	B	0	3	4	3	1	True	3.5	-1	47	47	85	47b	509/2	1/8	False	3	False				False	168		V7/V	C	IV		V7/V		V		7		V	Mm7	False	False	(2, 6, 3, 0)	()	2	2	major	major	IV	IV, major	V/V	V	V/IV	I	False	V7/V	V7/V, major		V7/V, major	V	V	0	-1	0	5	6	5	True	False	False
6108	6	65	-1	F	0	3	4	2	1	True	3.5	-1	47	47	85	47b	509/2	1/16	False	4	False				False	168		V7/V	C	IV		V7/V		V		7		V	Mm7	False	False	(2, 6, 3, 0)	()	2	2	major	major	IV	IV, major	V/V	V	V/IV	I	False	V7/V	V7/V, major		V7/V, major	V	V	0	-1	0	-1	0	-1	True	False	False
6108	12	91	1	G	0	3	4	1	1	True	3.5	-1	47	47	85	47b	509/2	1/8	False	6	False				False	168		V7/V	C	IV		V7/V		V		7		V	Mm7	False	False	(2, 6, 3, 0)	()	2	2	major	major	IV	IV, major	V/V	V	V/IV	I	False	V7/V	V7/V, major		V7/V, major	V	V	0	-1	0	1	2	1	True	True	True
6114	6	62	2	D	0	3	4	2	1	True	3.75	-1	47	47	85	47b	1019/4	1/16	False	4	False				False	168		V7/V	C	IV		V7/V		V		7		V	Mm7	False	False	(2, 6, 3, 0)	()	2	2	major	major	IV	IV, major	V/V	V	V/IV	I	False	V7/V	V7/V, major		V7/V, major	V	V	0	-1	0	2	3	2	True	False	False
6120	6	48	0	C	0	3	4	3	1	True	1.0	-1	48	48	86	48b	255	1/16	False	3	False			\\	True	169		V\\	C	IV		V		V					M	False	False	(1, 5, 2)	()	1	1	major	major	IV	IV, major	V		IV	IV	False	V	V, major		V, major		V	0	-1	-1	0	1	1	True	True	True
6120	12	48	0	C	0	3	4	4	1	True	1.0	-1	48	48	86	48b	255	1/8	False	3	False			\\	True	169		V\\	C	IV		V		V					M	False	False	(1, 5, 2)	()	1	1	major	major	IV	IV, major	V		IV	IV	False	V	V, major		V, major		V	0	-1	-1	0	1	1	True	True	True
6120	6	60	0	C	0	3	4	2	1	True	1.0	-1	48	48	86	48b	255	1/16	False	4	False			\\	True	169		V\\	C	IV		V		V					M	False	False	(1, 5, 2)	()	1	1	major	major	IV	IV, major	V		IV	IV	False	V	V, major		V, major		V	0	-1	-1	0	1	1	True	True	True
6120	12	84	0	C	0	3	4	1	1	True	1.0	-1	48	48	86	48b	255	1/8	False	6	False			\\	True	169		V\\	C	IV		V		V					M	False	False	(1, 5, 2)	()	1	1	major	major	IV	IV, major	V		IV	IV	False	V	V, major		V, major		V	0	-1	-1	0	1	1	True	True	True
6126	6	50	2	D	0	3	4	3	1	True	1.25	-1	48	48	86	48b	1021/4	1/16	False	3	False				False	169		V\\	C	IV		V		V					M	False	False	(1, 5, 2)	()	1	1	major	major	IV	IV, major	V		IV	IV	False	V	V, major		V, major		V	0	-1	-1	2	3	3	False	False	False
6126	6	62	2	D	0	3	4	2	1	True	1.25	-1	48	48	86	48b	1021/4	1/16	False	4	False				False	169		V\\	C	IV		V		V					M	False	False	(1, 5, 2)	()	1	1	major	major	IV	IV, major	V		IV	IV	False	V	V, major		V, major		V	0	-1	-1	2	3	3	False	False	False
6132	12	36	0	C	0	3	4	4	1	True	1.5	-1	48	48	86	48b	511/2	1/8	False	2	True				False	170		V	C	IV		V		V					M	False	False	(1, 5, 2)	()	1	1	major	major	IV	IV, major	V		IV	IV	False	V	V, major		V, major		V	0	-1	-1	0	1	1	True	True	True
6132	6	52	4	E	0	3	4	3	1	True	1.5	-1	48	48	86	48b	511/2	1/16	False	3	True				False	170		V	C	IV		V		V					M	False	False	(1, 5, 2)	()	1	1	major	major	IV	IV, major	V		IV	IV	False	V	V, major		V, major		V	0	-1	-1	4	5	5	True	False	False
6132	6	64	4	E	0	3	4	2	1	True	1.5	-1	48	48	86	48b	511/2	1/16	False	4	True				False	170		V	C	IV		V		V					M	False	False	(1, 5, 2)	()	1	1	major	major	IV	IV, major	V		IV	IV	False	V	V, major		V, major		V	0	-1	-1	4	5	5	True	False	False
6138	6	53	-1	F	0	3	4	3	1	True	1.75	-1	48	48	86	48b	1023/4	1/16	False	3	False				False	170		V	C	IV		V		V					M	False	False	(1, 5, 2)	()	1	1	major	major	IV	IV, major	V		IV	IV	False	V	V, major		V, major		V	0	-1	-1	-1	0	0	False	False	False
6138	6	65	-1	F	0	3	4	2	1	True	1.75	-1	48	48	86	48b	1023/4	1/16	False	4	False				False	170		V	C	IV		V		V					M	False	False	(1, 5, 2)	()	1	1	major	major	IV	IV, major	V		IV	IV	False	V	V, major		V, major		V	0	-1	-1	-1	0	0	False	False	False
6144	12	48	0	C	0	3	4	4	1	True	2.0	-1	48	48	86	48b	256	1/8	False	3	False				False	170		V	C	IV		V		V					M	False	False	(1, 5, 2)	()	1	1	major	major	IV	IV, major	V		IV	IV	False	V	V, major		V, major		V	0	-1	-1	0	1	1	True	True	True
6144	6	55	1	G	0	3	4	3	1	True	2.0	-1	48	48	86	48b	256	1/16	False	3	False				False	170		V	C	IV		V		V					M	False	False	(1, 5, 2)	()	1	1	major	major	IV	IV, major	V		IV	IV	False	V	V, major		V, major		V	0	-1	-1	1	2	2	True	False	False
6144	6	67	1	G	0	3	4	2	1	True	2.0	-1	48	48	86	48b	256	1/16	False	4	False				False	170		V	C	IV		V		V					M	False	False	(1, 5, 2)	()	1	1	major	major	IV	IV, major	V		IV	IV	False	V	V, major		V, major		V	0	-1	-1	1	2	2	True	False	False
6150	6	57	3	A	0	3	4	3	1	True	2.25	-1	48	48	86	48b	1025/4	1/16	False	3	False				False	170		V	C	IV		V		V					M	False	False	(1, 5, 2)	()	1	1	major	major	IV	IV, major	V		IV	IV	False	V	V, major		V, major		V	0	-1	-1	3	4	4	False	False	False
6150	6	69	3	A	0	3	4	2	1	True	2.25	-1	48	48	86	48b	1025/4	1/16	False	4	False				False	170		V	C	IV		V		V					M	False	False	(1, 5, 2)	()	1	1	major	major	IV	IV, major	V		IV	IV	False	V	V, major		V, major		V	0	-1	-1	3	4	4	False	False	False
6156	6	55	1	G	0	3	4	3	1	True	2.5	-1	48	48	86	48b	513/2	1/16	False	3	False				False	170		V	C	IV		V		V					M	False	False	(1, 5, 2)	()	1	1	major	major	IV	IV, major	V		IV	IV	False	V	V, major		V, major		V	0	-1	-1	1	2	2	True	False	False
6156	6	67	1	G	0	3	4	2	1	True	2.5	-1	48	48	86	48b	513/2	1/16	False	4	False				False	170		V	C	IV		V		V					M	False	False	(1, 5, 2)	()	1	1	major	major	IV	IV, major	V		IV	IV	False	V	V, major		V, major		V	0	-1	-1	1	2	2	True	False	False
6156	12	72	0	C	0	3	4	1	1	True	2.5	-1	48	48	86	48b	513/2	1/8	False	5	False				False	170		V	C	IV		V		V					M	False	False	(1, 5, 2)	()	1	1	major	major	IV	IV, major	V		IV	IV	False	V	V, major		V, major		V	0	-1	-1	0	1	1	True	True	True
6162	6	53	-1	F	0	3	4	3	1	True	2.75	-1	48	48	86	48b	1027/4	1/16	False	3	False				False	170		V	C	IV		V		V					M	False	False	(1, 5, 2)	()	1	1	major	major	IV	IV, major	V		IV	IV	False	V	V, major		V, major		V	0	-1	-1	-1	0	0	False	False	False
6162	6	65	-1	F	0	3	4	2	1	True	2.75	-1	48	48	86	48b	1027/4	1/16	False	4	False				False	170		V	C	IV		V		V					M	False	False	(1, 5, 2)	()	1	1	major	major	IV	IV, major	V		IV	IV	False	V	V, major		V, major		V	0	-1	-1	-1	0	0	False	False	False
6168	6	52	4	E	0	3	4	3	1	True	3.0	-1	48	48	86	48b	257	1/16	False	3	False				False	170		V	C	IV		V		V					M	False	False	(1, 5, 2)	()	1	1	major	major	IV	IV, major	V		IV	IV	False	V	V, major		V, major		V	0	-1	-1	4	5	5	True	False	False
6168	6	64	4	E	0	3	4	2	1	True	3.0	-1	48	48	86	48b	257	1/16	False	4	False				False	170		V	C	IV		V		V					M	False	False	(1, 5, 2)	()	1	1	major	major	IV	IV, major	V		IV	IV	False	V	V, major		V, major		V	0	-1	-1	4	5	5	True	False	False
6168	24	76	4	E	0	3	4	1	1	True	3.0	-1	48	48	86	48b	257	1/4	False	5	False				False	170		V	C	IV		V		V					M	False	False	(1, 5, 2)	()	1	1	major	major	IV	IV, major	V		IV	IV	False	V	V, major		V, major		V	0	-1	-1	4	5	5	True	False	False
6174	6	55	1	G	0	3	4	3	1	True	3.25	-1	48	48	86	48b	1029/4	1/16	False	3	False				False	170		V	C	IV		V		V					M	False	False	(1, 5, 2)	()	1	1	major	major	IV	IV, major	V		IV	IV	False	V	V, major		V, major		V	0	-1	-1	1	2	2	True	False	False
6174	6	67	1	G	0	3	4	2	1	True	3.25	-1	48	48	86	48b	1029/4	1/16	False	4	False				False	170		V	C	IV		V		V					M	False	False	(1, 5, 2)	()	1	1	major	major	IV	IV, major	V		IV	IV	False	V	V, major		V, major		V	0	-1	-1	1	2	2	True	False	False
6180	6	57	3	A	0	3	4	3	1	True	3.5	-1	48	48	86	48b	515/2	1/16	False	3	False				False	170		V	C	IV		V		V					M	False	False	(1, 5, 2)	()	1	1	major	major	IV	IV, major	V		IV	IV	False	V	V, major		V, major		V	0	-1	-1	3	4	4	False	False	False
6180	6	69	3	A	0	3	4	2	1	True	3.5	-1	48	48	86	48b	515/2	1/16	False	4	False				False	170		V	C	IV		V		V					M	False	False	(1, 5, 2)	()	1	1	major	major	IV	IV, major	V		IV	IV	False	V	V, major		V, major		V	0	-1	-1	3	4	4	False	False	False
6186	6	59	5	B	0	3	4	3	1	True	3.75	-1	48	48	86	48b	1031/4	1/16	False	3	False				False	170		V	C	IV		V		V					M	False	False	(1, 5, 2)	()	1	1	major	major	IV	IV, major	V		IV	IV	False	V	V, major		V, major		V	0	-1	-1	5	6	6	False	False	False
6186	6	71	5	B	0	3	4	2	1	True	3.75	-1	48	48	86	48b	1031/4	1/16	False	4	False				False	170		V	C	IV		V		V					M	False	False	(1, 5, 2)	()	1	1	major	major	IV	IV, major	V		IV	IV	False	V	V, major		V, major		V	0	-1	-1	5	6	6	False	False	False
6192	12	48	0	C	0	3	4	4	1	True	1.0	-1	49	49	87	49b	258	1/8	False	3	False				False	170		V	C	IV		V		V					M	False	False	(1, 5, 2)	()	1	1	major	major	IV	IV, major	V		IV	IV	False	V	V, major		V, major		V	0	-1	-1	0	1	1	True	True	True
6192	6	60	0	C	0	3	4	3	1	True	1.0	-1	49	49	87	49b	258	1/16	False	4	False				False	170		V	C	IV		V		V					M	False	False	(1, 5, 2)	()	1	1	major	major	IV	IV, major	V		IV	IV	False	V	V, major		V, major		V	0	-1	-1	0	1	1	True	True	True
6192	6	72	0	C	0	3	4	2	1	True	1.0	-1	49	49	87	49b	258	1/16	False	5	False				False	170		V	C	IV		V		V					M	False	False	(1, 5, 2)	()	1	1	major	major	IV	IV, major	V		IV	IV	False	V	V, major		V, major		V	0	-1	-1	0	1	1	True	True	True
6192	24	76	4	E	0	3	4	1	1	False	1.0	-1	49	49	87	49b	258	1/4	False	5	False				False	170		V	C	IV		V		V					M	False	False	(1, 5, 2)	()	1	1	major	major	IV	IV, major	V		IV	IV	False	V	V, major		V, major		V	0	-1	-1	4	5	5	True	False	False
6198	6	59	5	B	0	3	4	3	1	True	1.25	-1	49	49	87	49b	1033/4	1/16	False	3	False				False	170		V	C	IV		V		V					M	False	False	(1, 5, 2)	()	1	1	major	major	IV	IV, major	V		IV	IV	False	V	V, major		V, major		V	0	-1	-1	5	6	6	False	False	False
6198	6	71	5	B	0	3	4	2	1	True	1.25	-1	49	49	87	49b	1033/4	1/16	False	4	False				False	170		V	C	IV		V		V					M	False	False	(1, 5, 2)	()	1	1	major	major	IV	IV, major	V		IV	IV	False	V	V, major		V, major		V	0	-1	-1	5	6	6	False	False	False
6204	12	36	0	C	0	3	4	4	1	True	1.5	-1	49	49	87	49b	517/2	1/8	False	2	False				False	170		V	C	IV		V		V					M	False	False	(1, 5, 2)	()	1	1	major	major	IV	IV, major	V		IV	IV	False	V	V, major		V, major		V	0	-1	-1	0	1	1	True	True	True
6204	6	60	0	C	0	3	4	3	1	True	1.5	-1	49	49	87	49b	517/2	1/16	False	4	False				False	170		V	C	IV		V		V					M	False	False	(1, 5, 2)	()	1	1	major	major	IV	IV, major	V		IV	IV	False	V	V, major		V, major		V	0	-1	-1	0	1	1	True	True	True
6204	6	72	0	C	0	3	4	2	1	True	1.5	-1	49	49	87	49b	517/2	1/16	False	5	False				False	170		V	C	IV		V		V					M	False	False	(1, 5, 2)	()	1	1	major	major	IV	IV, major	V		IV	IV	False	V	V, major		V, major		V	0	-1	-1	0	1	1	True	True	True
6210	6	57	3	A	0	3	4	3	1	True	1.75	-1	49	49	87	49b	1035/4	1/16	False	3	False				False	170		V	C	IV		V		V					M	False	False	(1, 5, 2)	()	1	1	major	major	IV	IV, major	V		IV	IV	False	V	V, major		V, major		V	0	-1	-1	3	4	4	False	False	False
6210	6	69	3	A	0	3	4	2	1	True	1.75	-1	49	49	87	49b	1035/4	1/16	False	4	False				False	170		V	C	IV		V		V					M	False	False	(1, 5, 2)	()	1	1	major	major	IV	IV, major	V		IV	IV	False	V	V, major		V, major		V	0	-1	-1	3	4	4	False	False	False
6216	12	48	0	C	0	3	4	4	1	True	2.0	-1	49	49	87	49b	259	1/8	False	3	False				False	170		V	C	IV		V		V					M	False	False	(1, 5, 2)	()	1	1	major	major	IV	IV, major	V		IV	IV	False	V	V, major		V, major		V	0	-1	-1	0	1	1	True	True	True
6216	6	55	1	G	0	3	4	3	1	True	2.0	-1	49	49	87	49b	259	1/16	False	3	False				False	170		V	C	IV		V		V					M	False	False	(1, 5, 2)	()	1	1	major	major	IV	IV, major	V		IV	IV	False	V	V, major		V, major		V	0	-1	-1	1	2	2	True	False	False
6216	6	67	1	G	0	3	4	2	1	True	2.0	-1	49	49	87	49b	259	1/16	False	4	False				False	170		V	C	IV		V		V					M	False	False	(1, 5, 2)	()	1	1	major	major	IV	IV, major	V		IV	IV	False	V	V, major		V, major		V	0	-1	-1	1	2	2	True	False	False
6222	6	59	5	B	0	3	4	3	1	True	2.25	-1	49	49	87	49b	1037/4	1/16	False	3	False				False	170		V	C	IV		V		V					M	False	False	(1, 5, 2)	()	1	1	major	major	IV	IV, major	V		IV	IV	False	V	V, major		V, major		V	0	-1	-1	5	6	6	False	False	False
6222	6	71	5	B	0	3	4	2	1	True	2.25	-1	49	49	87	49b	1037/4	1/16	False	4	False				False	170		V	C	IV		V		V					M	False	False	(1, 5, 2)	()	1	1	major	major	IV	IV, major	V		IV	IV	False	V	V, major		V, major		V	0	-1	-1	5	6	6	False	False	False
6228	6	60	0	C	0	3	4	3	1	True	2.5	-1	49	49	87	49b	519/2	1/16	False	4	False				False	170		V	C	IV		V		V					M	False	False	(1, 5, 2)	()	1	1	major	major	IV	IV, major	V		IV	IV	False	V	V, major		V, major		V	0	-1	-1	0	1	1	True	True	True
6228	6	72	0	C	0	3	4	2	1	True	2.5	-1	49	49	87	49b	519/2	1/16	False	5	False				False	170		V	C	IV		V		V					M	False	False	(1, 5, 2)	()	1	1	major	major	IV	IV, major	V		IV	IV	False	V	V, major		V, major		V	0	-1	-1	0	1	1	True	True	True
6228	12	76	4	E	0	3	4	1	1	True	2.5	-1	49	49	87	49b	519/2	1/8	False	5	False				False	170		V	C	IV		V		V					M	False	False	(1, 5, 2)	()	1	1	major	major	IV	IV, major	V		IV	IV	False	V	V, major		V, major		V	0	-1	-1	4	5	5	True	False	False
6234	6	62	2	D	0	3	4	3	1	True	2.75	-1	49	49	87	49b	1039/4	1/16	False	4	False				False	170		V	C	IV		V		V					M	False	False	(1, 5, 2)	()	1	1	major	major	IV	IV, major	V		IV	IV	False	V	V, major		V, major		V	0	-1	-1	2	3	3	False	False	False
6234	6	74	2	D	0	3	4	2	1	True	2.75	-1	49	49	87	49b	1039/4	1/16	False	5	False				False	170		V	C	IV		V		V					M	False	False	(1, 5, 2)	()	1	1	major	major	IV	IV, major	V		IV	IV	False	V	V, major		V, major		V	0	-1	-1	2	3	3	False	False	False
6240	6	64	4	E	0	3	4	3	1	True	3.0	-1	49	49	87	49b	260	1/16	False	4	False				False	170		V	C	IV		V		V					M	False	False	(1, 5, 2)	()	1	1	major	major	IV	IV, major	V		IV	IV	False	V	V, major		V, major		V	0	-1	-1	4	5	5	True	False	False
6240	6	76	4	E	0	3	4	2	1	True	3.0	-1	49	49	87	49b	260	1/16	False	5	False				False	170		V	C	IV		V		V					M	False	False	(1, 5, 2)	()	1	1	major	major	IV	IV, major	V		IV	IV	False	V	V, major		V, major		V	0	-1	-1	4	5	5	True	False	False
6240	24	79	1	G	0	3	4	1	1	True	3.0	-1	49	49	87	49b	260	1/4	False	5	False				False	170		V	C	IV		V		V					M	False	False	(1, 5, 2)	()	1	1	major	major	IV	IV, major	V		IV	IV	False	V	V, major		V, major		V	0	-1	-1	1	2	2	True	False	False
6246	6	65	-1	F	0	3	4	3	1	True	3.25	-1	49	49	87	49b	1041/4	1/16	False	4	False				False	170		V	C	IV		V		V					M	False	False	(1, 5, 2)	()	1	1	major	major	IV	IV, major	V		IV	IV	False	V	V, major		V, major		V	0	-1	-1	-1	0	0	False	False	False
6246	6	77	-1	F	0	3	4	2	1	True	3.25	-1	49	49	87	49b	1041/4	1/16	False	5	False				False	170		V	C	IV		V		V					M	False	False	(1, 5, 2)	()	1	1	major	major	IV	IV, major	V		IV	IV	False	V	V, major		V, major		V	0	-1	-1	-1	0	0	False	False	False
6252	6	64	4	E	0	3	4	3	1	True	3.5	-1	49	49	87	49b	521/2	1/16	False	4	False				False	170		V	C	IV		V		V					M	False	False	(1, 5, 2)	()	1	1	major	major	IV	IV, major	V		IV	IV	False	V	V, major		V, major		V	0	-1	-1	4	5	5	True	False	False
6252	6	76	4	E	0	3	4	2	1	True	3.5	-1	49	49	87	49b	521/2	1/16	False	5	False				False	170		V	C	IV		V		V					M	False	False	(1, 5, 2)	()	1	1	major	major	IV	IV, major	V		IV	IV	False	V	V, major		V, major		V	0	-1	-1	4	5	5	True	False	False
6258	6	62	2	D	0	3	4	3	1	True	3.75	-1	49	49	87	49b	1043/4	1/16	False	4	False				False	170		V	C	IV		V		V					M	False	False	(1, 5, 2)	()	1	1	major	major	IV	IV, major	V		IV	IV	False	V	V, major		V, major		V	0	-1	-1	2	3	3	False	False	False
6258	6	74	2	D	0	3	4	2	1	True	3.75	-1	49	49	87	49b	1043/4	1/16	False	5	False				False	170		V	C	IV		V		V					M	False	False	(1, 5, 2)	()	1	1	major	major	IV	IV, major	V		IV	IV	False	V	V, major		V, major		V	0	-1	-1	2	3	3	False	False	False
6264	12	48	0	C	0	3	4	4	1	True	1.0	-1	50	50	88	50b	261	1/8	False	3	False				False	170		V	C	IV		V		V					M	False	False	(1, 5, 2)	()	1	1	major	major	IV	IV, major	V		IV	IV	False	V	V, major		V, major		V	0	-1	-1	0	1	1	True	True	True
6264	6	60	0	C	0	3	4	3	1	True	1.0	-1	50	50	88	50b	261	1/16	False	4	False				False	170		V	C	IV		V		V					M	False	False	(1, 5, 2)	()	1	1	major	major	IV	IV, major	V		IV	IV	False	V	V, major		V, major		V	0	-1	-1	0	1	1	True	True	True
6264	6	72	0	C	0	3	4	2	1	True	1.0	-1	50	50	88	50b	261	1/16	False	5	False				False	170		V	C	IV		V		V					M	False	False	(1, 5, 2)	()	1	1	major	major	IV	IV, major	V		IV	IV	False	V	V, major		V, major		V	0	-1	-1	0	1	1	True	True	True
6264	24	79	1	G	0	3	4	1	1	False	1.0	-1	50	50	88	50b	261	1/4	False	5	False				False	170		V	C	IV		V		V					M	False	False	(1, 5, 2)	()	1	1	major	major	IV	IV, major	V		IV	IV	False	V	V, major		V, major		V	0	-1	-1	1	2	2	True	False	False
6270	6	62	2	D	0	3	4	3	1	True	1.25	-1	50	50	88	50b	1045/4	1/16	False	4	False				False	170		V	C	IV		V		V					M	False	False	(1, 5, 2)	()	1	1	major	major	IV	IV, major	V		IV	IV	False	V	V, major		V, major		V	0	-1	-1	2	3	3	False	False	False
6270	6	74	2	D	0	3	4	2	1	True	1.25	-1	50	50	88	50b	1045/4	1/16	False	5	False				False	170		V	C	IV		V		V					M	False	False	(1, 5, 2)	()	1	1	major	major	IV	IV, major	V		IV	IV	False	V	V, major		V, major		V	0	-1	-1	2	3	3	False	False	False
6276	12	36	0	C	0	3	4	4	1	True	1.5	-1	50	50	88	50b	523/2	1/8	False	2	False				False	170		V	C	IV		V		V					M	False	False	(1, 5, 2)	()	1	1	major	major	IV	IV, major	V		IV	IV	False	V	V, major		V, major		V	0	-1	-1	0	1	1	True	True	True
6276	6	64	4	E	0	3	4	3	1	True	1.5	-1	50	50	88	50b	523/2	1/16	False	4	False				False	170		V	C	IV		V		V					M	False	False	(1, 5, 2)	()	1	1	major	major	IV	IV, major	V		IV	IV	False	V	V, major		V, major		V	0	-1	-1	4	5	5	True	False	False
6276	6	76	4	E	0	3	4	2	1	True	1.5	-1	50	50	88	50b	523/2	1/16	False	5	False				False	170		V	C	IV		V		V					M	False	False	(1, 5, 2)	()	1	1	major	major	IV	IV, major	V		IV	IV	False	V	V, major		V, major		V	0	-1	-1	4	5	5	True	False	False
6282	6	65	-1	F	0	3	4	3	1	True	1.75	-1	50	50	88	50b	1047/4	1/16	False	4	False				False	170		V	C	IV		V		V					M	False	False	(1, 5, 2)	()	1	1	major	major	IV	IV, major	V		IV	IV	False	V	V, major		V, major		V	0	-1	-1	-1	0	0	False	False	False
6282	6	77	-1	F	0	3	4	2	1	True	1.75	-1	50	50	88	50b	1047/4	1/16	False	5	False				False	170		V	C	IV		V		V					M	False	False	(1, 5, 2)	()	1	1	major	major	IV	IV, major	V		IV	IV	False	V	V, major		V, major		V	0	-1	-1	-1	0	0	False	False	False
6288	12	48	0	C	0	3	4	4	1	True	2.0	-1	50	50	88	50b	262	1/8	False	3	False				False	170		V	C	IV		V		V					M	False	False	(1, 5, 2)	()	1	1	major	major	IV	IV, major	V		IV	IV	False	V	V, major		V, major		V	0	-1	-1	0	1	1	True	True	True
6288	6	67	1	G	0	3	4	3	1	True	2.0	-1	50	50	88	50b	262	1/16	False	4	False				False	170		V	C	IV		V		V					M	False	False	(1, 5, 2)	()	1	1	major	major	IV	IV, major	V		IV	IV	False	V	V, major		V, major		V	0	-1	-1	1	2	2	True	False	False
6288	6	79	1	G	0	3	4	2	1	True	2.0	-1	50	50	88	50b	262	1/16	False	5	False				False	170		V	C	IV		V		V					M	False	False	(1, 5, 2)	()	1	1	major	major	IV	IV, major	V		IV	IV	False	V	V, major		V, major		V	0	-1	-1	1	2	2	True	False	False
6294	6	69	3	A	0	3	4	3	1	True	2.25	-1	50	50	88	50b	1049/4	1/16	False	4	False				False	170		V	C	IV		V		V					M	False	False	(1, 5, 2)	()	1	1	major	major	IV	IV, major	V		IV	IV	False	V	V, major		V, major		V	0	-1	-1	3	4	4	False	False	False
6294	6	81	3	A	0	3	4	2	1	True	2.25	-1	50	50	88	50b	1049/4	1/16	False	5	False				False	170		V	C	IV		V		V					M	False	False	(1, 5, 2)	()	1	1	major	major	IV	IV, major	V		IV	IV	False	V	V, major		V, major		V	0	-1	-1	3	4	4	False	False	False
6300	6	67	1	G	0	3	4	3	1	True	2.5	-1	50	50	88	50b	525/2	1/16	False	4	False				False	170		V	C	IV		V		V					M	False	False	(1, 5, 2)	()	1	1	major	major	IV	IV, major	V		IV	IV	False	V	V, major		V, major		V	0	-1	-1	1	2	2	True	False	False
6300	6	79	1	G	0	3	4	2	1	True	2.5	-1	50	50	88	50b	525/2	1/16	False	5	False				False	170		V	C	IV		V		V					M	False	False	(1, 5, 2)	()	1	1	major	major	IV	IV, major	V		IV	IV	False	V	V, major		V, major		V	0	-1	-1	1	2	2	True	False	False
6300	12	79	1	G	0	3	4	1	1	True	2.5	-1	50	50	88	50b	525/2	1/8	False	5	False				False	170		V	C	IV		V		V					M	False	False	(1, 5, 2)	()	1	1	major	major	IV	IV, major	V		IV	IV	False	V	V, major		V, major		V	0	-1	-1	1	2	2	True	False	False
6306	6	65	-1	F	0	3	4	3	1	True	2.75	-1	50	50	88	50b	1051/4	1/16	False	4	False				False	170		V	C	IV		V		V					M	False	False	(1, 5, 2)	()	1	1	major	major	IV	IV, major	V		IV	IV	False	V	V, major		V, major		V	0	-1	-1	-1	0	0	False	False	False
6306	6	77	-1	F	0	3	4	2	1	True	2.75	-1	50	50	88	50b	1051/4	1/16	False	5	False				False	170		V	C	IV		V		V					M	False	False	(1, 5, 2)	()	1	1	major	major	IV	IV, major	V		IV	IV	False	V	V, major		V, major		V	0	-1	-1	-1	0	0	False	False	False
6312	6	64	4	E	0	3	4	3	1	True	3.0	-1	50	50	88	50b	263	1/16	False	4	False				False	170		V	C	IV		V		V					M	False	False	(1, 5, 2)	()	1	1	major	major	IV	IV, major	V		IV	IV	False	V	V, major		V, major		V	0	-1	-1	4	5	5	True	False	False
6312	6	76	4	E	0	3	4	2	1	True	3.0	-1	50	50	88	50b	263	1/16	False	5	False				False	170		V	C	IV		V		V					M	False	False	(1, 5, 2)	()	1	1	major	major	IV	IV, major	V		IV	IV	False	V	V, major		V, major		V	0	-1	-1	4	5	5	True	False	False
6312	24	84	0	C	0	3	4	1	1	True	3.0	-1	50	50	88	50b	263	1/4	False	6	False				False	170		V	C	IV		V		V					M	False	False	(1, 5, 2)	()	1	1	major	major	IV	IV, major	V		IV	IV	False	V	V, major		V, major		V	0	-1	-1	0	1	1	True	True	True
6318	6	60	0	C	0	3	4	3	1	True	3.25	-1	50	50	88	50b	1053/4	1/16	False	4	False				False	170		V	C	IV		V		V					M	False	False	(1, 5, 2)	()	1	1	major	major	IV	IV, major	V		IV	IV	False	V	V, major		V, major		V	0	-1	-1	0	1	1	True	True	True
6318	6	72	0	C	0	3	4	2	1	True	3.25	-1	50	50	88	50b	1053/4	1/16	False	5	False				False	170		V	C	IV		V		V					M	False	False	(1, 5, 2)	()	1	1	major	major	IV	IV, major	V		IV	IV	False	V	V, major		V, major		V	0	-1	-1	0	1	1	True	True	True
6324	6	59	5	B	0	3	4	3	1	True	3.5	-1	50	50	88	50b	527/2	1/16	False	3	False				False	170		V	C	IV		V		V					M	False	False	(1, 5, 2)	()	1	1	major	major	IV	IV, major	V		IV	IV	False	V	V, major		V, major		V	0	-1	-1	5	6	6	False	False	False
6324	6	71	5	B	0	3	4	2	1	True	3.5	-1	50	50	88	50b	527/2	1/16	False	4	False				False	170		V	C	IV		V		V					M	False	False	(1, 5, 2)	()	1	1	major	major	IV	IV, major	V		IV	IV	False	V	V, major		V, major		V	0	-1	-1	5	6	6	False	False	False
6330	6	57	3	A	0	3	4	3	1	True	3.75	-1	50	50	88	50b	1055/4	1/16	False	3	False				False	170		V	C	IV		V		V					M	False	False	(1, 5, 2)	()	1	1	major	major	IV	IV, major	V		IV	IV	False	V	V, major		V, major		V	0	-1	-1	3	4	4	False	False	False
6330	6	69	3	A	0	3	4	2	1	True	3.75	-1	50	50	88	50b	1055/4	1/16	False	4	False				False	170		V	C	IV		V		V					M	False	False	(1, 5, 2)	()	1	1	major	major	IV	IV, major	V		IV	IV	False	V	V, major		V, major		V	0	-1	-1	3	4	4	False	False	False
6336	6	55	1	G	0	3	4	3	1	True	1.0	-1	51	51	89	51b	264	1/16	False	3	True				False	171		V64	C	IV		V64		V		64			M	False	False	(2, 1, 5)	()	1	2	major	major	IV	IV, major	V		IV	IV	False	V64	V64, major		V64, major		V	0	-1	-1	1	2	2	True	False	True
6336	6	67	1	G	0	3	4	2	1	True	1.0	-1	51	51	89	51b	264	1/16	False	4	True				False	171		V64	C	IV		V64		V		64			M	False	False	(2, 1, 5)	()	1	2	major	major	IV	IV, major	V		IV	IV	False	V64	V64, major		V64, major		V	0	-1	-1	1	2	2	True	False	True
6336	12	84	0	C	0	3	4	1	1	False	1.0	-1	51	51	89	51b	264	1/8	False	6	True				False	171		V64	C	IV		V64		V		64			M	False	False	(2, 1, 5)	()	1	2	major	major	IV	IV, major	V		IV	IV	False	V64	V64, major		V64, major		V	0	-1	-1	0	1	1	True	True	False
6342	6	53	-1	F	0	3	4	3	1	True	1.25	-1	51	51	89	51b	1057/4	1/16	False	3	False				False	171		V64	C	IV		V64		V		64			M	False	False	(2, 1, 5)	()	1	2	major	major	IV	IV, major	V		IV	IV	False	V64	V64, major		V64, major		V	0	-1	-1	-1	0	0	False	False	False
6342	6	65	-1	F	0	3	4	2	1	True	1.25	-1	51	51	89	51b	1057/4	1/16	False	4	False				False	171		V64	C	IV		V64		V		64			M	False	False	(2, 1, 5)	()	1	2	major	major	IV	IV, major	V		IV	IV	False	V64	V64, major		V64, major		V	0	-1	-1	-1	0	0	False	False	False
6348	6	52	4	E	0	3	4	3	1	True	1.5	-1	51	51	89	51b	529/2	1/16	False	3	False				False	171		V64	C	IV		V64		V		64			M	False	False	(2, 1, 5)	()	1	2	major	major	IV	IV, major	V		IV	IV	False	V64	V64, major		V64, major		V	0	-1	-1	4	5	5	True	False	False
6348	6	64	4	E	0	3	4	2	1	True	1.5	-1	51	51	89	51b	529/2	1/16	False	4	False				False	171		V64	C	IV		V64		V		64			M	False	False	(2, 1, 5)	()	1	2	major	major	IV	IV, major	V		IV	IV	False	V64	V64, major		V64, major		V	0	-1	-1	4	5	5	True	False	False
6348	12	84	0	C	0	3	4	1	1	True	1.5	-1	51	51	89	51b	529/2	1/8	False	6	False				False	171		V64	C	IV		V64		V		64			M	False	False	(2, 1, 5)	()	1	2	major	major	IV	IV, major	V		IV	IV	False	V64	V64, major		V64, major		V	0	-1	-1	0	1	1	True	True	False
6354	6	50	2	D	0	3	4	3	1	True	1.75	-1	51	51	89	51b	1059/4	1/16	False	3	False				False	171		V64	C	IV		V64		V		64			M	False	False	(2, 1, 5)	()	1	2	major	major	IV	IV, major	V		IV	IV	False	V64	V64, major		V64, major		V	0	-1	-1	2	3	3	False	False	False
6354	6	62	2	D	0	3	4	2	1	True	1.75	-1	51	51	89	51b	1059/4	1/16	False	4	False				False	171		V64	C	IV		V64		V		64			M	False	False	(2, 1, 5)	()	1	2	major	major	IV	IV, major	V		IV	IV	False	V64	V64, major		V64, major		V	0	-1	-1	2	3	3	False	False	False
6360	6	48	0	C	0	3	4	3	1	True	2.0	-1	51	51	89	51b	265	1/16	False	3	False				False	171		V64	C	IV		V64		V		64			M	False	False	(2, 1, 5)	()	1	2	major	major	IV	IV, major	V		IV	IV	False	V64	V64, major		V64, major		V	0	-1	-1	0	1	1	True	True	False
6360	6	60	0	C	0	3	4	2	1	True	2.0	-1	51	51	89	51b	265	1/16	False	4	False				False	171		V64	C	IV		V64		V		64			M	False	False	(2, 1, 5)	()	1	2	major	major	IV	IV, major	V		IV	IV	False	V64	V64, major		V64, major		V	0	-1	-1	0	1	1	True	True	False
6360	12	88	4	E	0	3	4	1	1	True	2.0	-1	51	51	89	51b	265	1/8	False	6	False				False	171		V64	C	IV		V64		V		64			M	False	False	(2, 1, 5)	()	1	2	major	major	IV	IV, major	V		IV	IV	False	V64	V64, major		V64, major		V	0	-1	-1	4	5	5	True	False	False
6366	6	55	1	G	0	3	4	3	1	True	2.25	-1	51	51	89	51b	1061/4	1/16	False	3	False				False	171		V64	C	IV		V64		V		64			M	False	False	(2, 1, 5)	()	1	2	major	major	IV	IV, major	V		IV	IV	False	V64	V64, major		V64, major		V	0	-1	-1	1	2	2	True	False	True
6366	6	67	1	G	0	3	4	2	1	True	2.25	-1	51	51	89	51b	1061/4	1/16	False	4	False				False	171		V64	C	IV		V64		V		64			M	False	False	(2, 1, 5)	()	1	2	major	major	IV	IV, major	V		IV	IV	False	V64	V64, major		V64, major		V	0	-1	-1	1	2	2	True	False	True
6372	12	43	1	G	0	3	4	4	1	True	2.5	-1	51	51	89	51b	531/2	1/8	False	2	False				False	171		V64	C	IV		V64		V		64			M	False	False	(2, 1, 5)	()	1	2	major	major	IV	IV, major	V		IV	IV	False	V64	V64, major		V64, major		V	0	-1	-1	1	2	2	True	False	True
6372	6	52	4	E	0	3	4	3	1	True	2.5	-1	51	51	89	51b	531/2	1/16	False	3	False				False	171		V64	C	IV		V64		V		64			M	False	False	(2, 1, 5)	()	1	2	major	major	IV	IV, major	V		IV	IV	False	V64	V64, major		V64, major		V	0	-1	-1	4	5	5	True	False	False
6372	6	64	4	E	0	3	4	2	1	True	2.5	-1	51	51	89	51b	531/2	1/16	False	4	False				False	171		V64	C	IV		V64		V		64			M	False	False	(2, 1, 5)	()	1	2	major	major	IV	IV, major	V		IV	IV	False	V64	V64, major		V64, major		V	0	-1	-1	4	5	5	True	False	False
6372	24	91	1	G	0	3	4	1	1	True	2.5	-1	51	51	89	51b	531/2	1/4	False	6	False				False	171		V64	C	IV		V64		V		64			M	False	False	(2, 1, 5)	()	1	2	major	major	IV	IV, major	V		IV	IV	False	V64	V64, major		V64, major		V	0	-1	-1	1	2	2	True	False	True
6378	6	48	0	C	0	3	4	3	1	True	2.75	-1	51	51	89	51b	1063/4	1/16	False	3	False				False	171		V64	C	IV		V64		V		64			M	False	False	(2, 1, 5)	()	1	2	major	major	IV	IV, major	V		IV	IV	False	V64	V64, major		V64, major		V	0	-1	-1	0	1	1	True	True	False
6378	6	60	0	C	0	3	4	2	1	True	2.75	-1	51	51	89	51b	1063/4	1/16	False	4	False				False	171		V64	C	IV		V64		V		64			M	False	False	(2, 1, 5)	()	1	2	major	major	IV	IV, major	V		IV	IV	False	V64	V64, major		V64, major		V	0	-1	-1	0	1	1	True	True	False
6384	12	43	1	G	0	3	4	4	1	True	3.0	-1	51	51	89	51b	266	1/8	False	2	True				False	172		V7/V	C	IV		V7/V		V		7		V	Mm7	False	False	(2, 6, 3, 0)	()	2	2	major	major	IV	IV, major	V/V	V	V/IV	I	False	V7/V	V7/V, major		V7/V, major	V	V	0	-1	0	1	2	1	True	True	True
6384	6	50	2	D	0	3	4	3	1	True	3.0	-1	51	51	89	51b	266	1/16	False	3	True				False	172		V7/V	C	IV		V7/V		V		7		V	Mm7	False	False	(2, 6, 3, 0)	()	2	2	major	major	IV	IV, major	V/V	V	V/IV	I	False	V7/V	V7/V, major		V7/V, major	V	V	0	-1	0	2	3	2	True	False	False
6384	6	62	2	D	0	3	4	2	1	True	3.0	-1	51	51	89	51b	266	1/16	False	4	True				False	172		V7/V	C	IV		V7/V		V		7		V	Mm7	False	False	(2, 6, 3, 0)	()	2	2	major	major	IV	IV, major	V/V	V	V/IV	I	False	V7/V	V7/V, major		V7/V, major	V	V	0	-1	0	2	3	2	True	False	False
6390	6	55	1	G	0	3	4	3	1	True	3.25	-1	51	51	89	51b	1065/4	1/16	False	3	False				False	172		V7/V	C	IV		V7/V		V		7		V	Mm7	False	False	(2, 6, 3, 0)	()	2	2	major	major	IV	IV, major	V/V	V	V/IV	I	False	V7/V	V7/V, major		V7/V, major	V	V	0	-1	0	1	2	1	True	True	True
6390	6	67	1	G	0	3	4	2	1	True	3.25	-1	51	51	89	51b	1065/4	1/16	False	4	False				False	172		V7/V	C	IV		V7/V		V		7		V	Mm7	False	False	(2, 6, 3, 0)	()	2	2	major	major	IV	IV, major	V/V	V	V/IV	I	False	V7/V	V7/V, major		V7/V, major	V	V	0	-1	0	1	2	1	True	True	True
6396	12	43	1	G	0	3	4	4	1	True	3.5	-1	51	51	89	51b	533/2	1/8	False	2	False				False	172		V7/V	C	IV		V7/V		V		7		V	Mm7	False	False	(2, 6, 3, 0)	()	2	2	major	major	IV	IV, major	V/V	V	V/IV	I	False	V7/V	V7/V, major		V7/V, major	V	V	0	-1	0	1	2	1	True	True	True
6396	6	53	-1	F	0	3	4	3	1	True	3.5	-1	51	51	89	51b	533/2	1/16	False	3	False				False	172		V7/V	C	IV		V7/V		V		7		V	Mm7	False	False	(2, 6, 3, 0)	()	2	2	major	major	IV	IV, major	V/V	V	V/IV	I	False	V7/V	V7/V, major		V7/V, major	V	V	0	-1	0	-1	0	-1	True	False	False
6396	6	65	-1	F	0	3	4	2	1	True	3.5	-1	51	51	89	51b	533/2	1/16	False	4	False				False	172		V7/V	C	IV		V7/V		V		7		V	Mm7	False	False	(2, 6, 3, 0)	()	2	2	major	major	IV	IV, major	V/V	V	V/IV	I	False	V7/V	V7/V, major		V7/V, major	V	V	0	-1	0	-1	0	-1	True	False	False
6396	12	91	1	G	0	3	4	1	1	True	3.5	-1	51	51	89	51b	533/2	1/8	False	6	False				False	172		V7/V	C	IV		V7/V		V		7		V	Mm7	False	False	(2, 6, 3, 0)	()	2	2	major	major	IV	IV, major	V/V	V	V/IV	I	False	V7/V	V7/V, major		V7/V, major	V	V	0	-1	0	1	2	1	True	True	True
6402	6	50	2	D	0	3	4	3	1	True	3.75	-1	51	51	89	51b	1067/4	1/16	False	3	False				False	172		V7/V	C	IV		V7/V		V		7		V	Mm7	False	False	(2, 6, 3, 0)	()	2	2	major	major	IV	IV, major	V/V	V	V/IV	I	False	V7/V	V7/V, major		V7/V, major	V	V	0	-1	0	2	3	2	True	False	False
6402	6	62	2	D	0	3	4	2	1	True	3.75	-1	51	51	89	51b	1067/4	1/16	False	4	False				False	172		V7/V	C	IV		V7/V		V		7		V	Mm7	False	False	(2, 6, 3, 0)	()	2	2	major	major	IV	IV, major	V/V	V	V/IV	I	False	V7/V	V7/V, major		V7/V, major	V	V	0	-1	0	2	3	2	True	False	False
6408	6	55	1	G	0	3	4	3	1	True	1.0	-1	52	52	90	52b	267	1/16	False	3	True				False	173		V64	C	IV		V64		V		64			M	False	False	(2, 1, 5)	()	1	2	major	major	IV	IV, major	V		IV	IV	False	V64	V64, major		V64, major		V	0	-1	-1	1	2	2	True	False	True
6408	6	67	1	G	0	3	4	2	1	True	1.0	-1	52	52	90	52b	267	1/16	False	4	True				False	173		V64	C	IV		V64		V		64			M	False	False	(2, 1, 5)	()	1	2	major	major	IV	IV, major	V		IV	IV	False	V64	V64, major		V64, major		V	0	-1	-1	1	2	2	True	False	True
6414	6	53	-1	F	0	3	4	3	1	True	1.25	-1	52	52	90	52b	1069/4	1/16	False	3	False				False	173		V64	C	IV		V64		V		64			M	False	False	(2, 1, 5)	()	1	2	major	major	IV	IV, major	V		IV	IV	False	V64	V64, major		V64, major		V	0	-1	-1	-1	0	0	False	False	False
6414	6	65	-1	F	0	3	4	2	1	True	1.25	-1	52	52	90	52b	1069/4	1/16	False	4	False				False	173		V64	C	IV		V64		V		64			M	False	False	(2, 1, 5)	()	1	2	major	major	IV	IV, major	V		IV	IV	False	V64	V64, major		V64, major		V	0	-1	-1	-1	0	0	False	False	False
6420	6	52	4	E	0	3	4	3	1	True	1.5	-1	52	52	90	52b	535/2	1/16	False	3	False				False	173		V64	C	IV		V64		V		64			M	False	False	(2, 1, 5)	()	1	2	major	major	IV	IV, major	V		IV	IV	False	V64	V64, major		V64, major		V	0	-1	-1	4	5	5	True	False	False
6420	6	64	4	E	0	3	4	2	1	True	1.5	-1	52	52	90	52b	535/2	1/16	False	4	False				False	173		V64	C	IV		V64		V		64			M	False	False	(2, 1, 5)	()	1	2	major	major	IV	IV, major	V		IV	IV	False	V64	V64, major		V64, major		V	0	-1	-1	4	5	5	True	False	False
6420	12	84	0	C	0	3	4	1	1	True	1.5	-1	52	52	90	52b	535/2	1/8	False	6	False				False	173		V64	C	IV		V64		V		64			M	False	False	(2, 1, 5)	()	1	2	major	major	IV	IV, major	V		IV	IV	False	V64	V64, major		V64, major		V	0	-1	-1	0	1	1	True	True	False
6426	6	50	2	D	0	3	4	3	1	True	1.75	-1	52	52	90	52b	1071/4	1/16	False	3	False				False	173		V64	C	IV		V64		V		64			M	False	False	(2, 1, 5)	()	1	2	major	major	IV	IV, major	V		IV	IV	False	V64	V64, major		V64, major		V	0	-1	-1	2	3	3	False	False	False
6426	6	62	2	D	0	3	4	2	1	True	1.75	-1	52	52	90	52b	1071/4	1/16	False	4	False				False	173		V64	C	IV		V64		V		64			M	False	False	(2, 1, 5)	()	1	2	major	major	IV	IV, major	V		IV	IV	False	V64	V64, major		V64, major		V	0	-1	-1	2	3	3	False	False	False
6432	6	48	0	C	0	3	4	3	1	True	2.0	-1	52	52	90	52b	268	1/16	False	3	False				False	173		V64	C	IV		V64		V		64			M	False	False	(2, 1, 5)	()	1	2	major	major	IV	IV, major	V		IV	IV	False	V64	V64, major		V64, major		V	0	-1	-1	0	1	1	True	True	False
6432	6	60	0	C	0	3	4	2	1	True	2.0	-1	52	52	90	52b	268	1/16	False	4	False				False	173		V64	C	IV		V64		V		64			M	False	False	(2, 1, 5)	()	1	2	major	major	IV	IV, major	V		IV	IV	False	V64	V64, major		V64, major		V	0	-1	-1	0	1	1	True	True	False
6432	12	88	4	E	0	3	4	1	1	True	2.0	-1	52	52	90	52b	268	1/8	False	6	False				False	173		V64	C	IV		V64		V		64			M	False	False	(2, 1, 5)	()	1	2	major	major	IV	IV, major	V		IV	IV	False	V64	V64, major		V64, major		V	0	-1	-1	4	5	5	True	False	False
6438	6	55	1	G	0	3	4	3	1	True	2.25	-1	52	52	90	52b	1073/4	1/16	False	3	False				False	173		V64	C	IV		V64		V		64			M	False	False	(2, 1, 5)	()	1	2	major	major	IV	IV, major	V		IV	IV	False	V64	V64, major		V64, major		V	0	-1	-1	1	2	2	True	False	True
6438	6	67	1	G	0	3	4	2	1	True	2.25	-1	52	52	90	52b	1073/4	1/16	False	4	False				False	173		V64	C	IV		V64		V		64			M	False	False	(2, 1, 5)	()	1	2	major	major	IV	IV, major	V		IV	IV	False	V64	V64, major		V64, major		V	0	-1	-1	1	2	2	True	False	True
6444	12	43	1	G	0	3	4	4	1	True	2.5	-1	52	52	90	52b	537/2	1/8	False	2	False				False	173		V64	C	IV		V64		V		64			M	False	False	(2, 1, 5)	()	1	2	major	major	IV	IV, major	V		IV	IV	False	V64	V64, major		V64, major		V	0	-1	-1	1	2	2	True	False	True
6444	6	52	4	E	0	3	4	3	1	True	2.5	-1	52	52	90	52b	537/2	1/16	False	3	False				False	173		V64	C	IV		V64		V		64			M	False	False	(2, 1, 5)	()	1	2	major	major	IV	IV, major	V		IV	IV	False	V64	V64, major		V64, major		V	0	-1	-1	4	5	5	True	False	False
6444	6	64	4	E	0	3	4	2	1	True	2.5	-1	52	52	90	52b	537/2	1/16	False	4	False				False	173		V64	C	IV		V64		V		64			M	False	False	(2, 1, 5)	()	1	2	major	major	IV	IV, major	V		IV	IV	False	V64	V64, major		V64, major		V	0	-1	-1	4	5	5	True	False	False
6444	24	91	1	G	0	3	4	1	1	True	2.5	-1	52	52	90	52b	537/2	1/4	False	6	False				False	173		V64	C	IV		V64		V		64			M	False	False	(2, 1, 5)	()	1	2	major	major	IV	IV, major	V		IV	IV	False	V64	V64, major		V64, major		V	0	-1	-1	1	2	2	True	False	True
6450	6	48	0	C	0	3	4	3	1	True	2.75	-1	52	52	90	52b	1075/4	1/16	False	3	False				False	173		V64	C	IV		V64		V		64			M	False	False	(2, 1, 5)	()	1	2	major	major	IV	IV, major	V		IV	IV	False	V64	V64, major		V64, major		V	0	-1	-1	0	1	1	True	True	False
6450	6	60	0	C	0	3	4	2	1	True	2.75	-1	52	52	90	52b	1075/4	1/16	False	4	False				False	173		V64	C	IV		V64		V		64			M	False	False	(2, 1, 5)	()	1	2	major	major	IV	IV, major	V		IV	IV	False	V64	V64, major		V64, major		V	0	-1	-1	0	1	1	True	True	False
6456	12	43	1	G	0	3	4	4	1	True	3.0	-1	52	52	90	52b	269	1/8	False	2	True				False	174		V7/V	C	IV		V7/V		V		7		V	Mm7	False	False	(2, 6, 3, 0)	()	2	2	major	major	IV	IV, major	V/V	V	V/IV	I	False	V7/V	V7/V, major		V7/V, major	V	V	0	-1	0	1	2	1	True	True	True
6456	6	50	2	D	0	3	4	3	1	True	3.0	-1	52	52	90	52b	269	1/16	False	3	True				False	174		V7/V	C	IV		V7/V		V		7		V	Mm7	False	False	(2, 6, 3, 0)	()	2	2	major	major	IV	IV, major	V/V	V	V/IV	I	False	V7/V	V7/V, major		V7/V, major	V	V	0	-1	0	2	3	2	True	False	False
6456	6	62	2	D	0	3	4	2	1	True	3.0	-1	52	52	90	52b	269	1/16	False	4	True				False	174		V7/V	C	IV		V7/V		V		7		V	Mm7	False	False	(2, 6, 3, 0)	()	2	2	major	major	IV	IV, major	V/V	V	V/IV	I	False	V7/V	V7/V, major		V7/V, major	V	V	0	-1	0	2	3	2	True	False	False
6462	6	55	1	G	0	3	4	3	1	True	3.25	-1	52	52	90	52b	1077/4	1/16	False	3	False				False	174		V7/V	C	IV		V7/V		V		7		V	Mm7	False	False	(2, 6, 3, 0)	()	2	2	major	major	IV	IV, major	V/V	V	V/IV	I	False	V7/V	V7/V, major		V7/V, major	V	V	0	-1	0	1	2	1	True	True	True
6462	6	67	1	G	0	3	4	2	1	True	3.25	-1	52	52	90	52b	1077/4	1/16	False	4	False				False	174		V7/V	C	IV		V7/V		V		7		V	Mm7	False	False	(2, 6, 3, 0)	()	2	2	major	major	IV	IV, major	V/V	V	V/IV	I	False	V7/V	V7/V, major		V7/V, major	V	V	0	-1	0	1	2	1	True	True	True
6468	12	43	1	G	0	3	4	4	1	True	3.5	-1	52	52	90	52b	539/2	1/8	False	2	False				False	174		V7/V	C	IV		V7/V		V		7		V	Mm7	False	False	(2, 6, 3, 0)	()	2	2	major	major	IV	IV, major	V/V	V	V/IV	I	False	V7/V	V7/V, major		V7/V, major	V	V	0	-1	0	1	2	1	True	True	True
6468	6	53	-1	F	0	3	4	3	1	True	3.5	-1	52	52	90	52b	539/2	1/16	False	3	False				False	174		V7/V	C	IV		V7/V		V		7		V	Mm7	False	False	(2, 6, 3, 0)	()	2	2	major	major	IV	IV, major	V/V	V	V/IV	I	False	V7/V	V7/V, major		V7/V, major	V	V	0	-1	0	-1	0	-1	True	False	False
6468	6	65	-1	F	0	3	4	2	1	True	3.5	-1	52	52	90	52b	539/2	1/16	False	4	False				False	174		V7/V	C	IV		V7/V		V		7		V	Mm7	False	False	(2, 6, 3, 0)	()	2	2	major	major	IV	IV, major	V/V	V	V/IV	I	False	V7/V	V7/V, major		V7/V, major	V	V	0	-1	0	-1	0	-1	True	False	False
6468	12	91	1	G	0	3	4	1	1	True	3.5	-1	52	52	90	52b	539/2	1/8	False	6	False				False	174		V7/V	C	IV		V7/V		V		7		V	Mm7	False	False	(2, 6, 3, 0)	()	2	2	major	major	IV	IV, major	V/V	V	V/IV	I	False	V7/V	V7/V, major		V7/V, major	V	V	0	-1	0	1	2	1	True	True	True
6474	6	50	2	D	0	3	4	3	1	True	3.75	-1	52	52	90	52b	1079/4	1/16	False	3	False				False	174		V7/V	C	IV		V7/V		V		7		V	Mm7	False	False	(2, 6, 3, 0)	()	2	2	major	major	IV	IV, major	V/V	V	V/IV	I	False	V7/V	V7/V, major		V7/V, major	V	V	0	-1	0	2	3	2	True	False	False
6474	6	62	2	D	0	3	4	2	1	True	3.75	-1	52	52	90	52b	1079/4	1/16	False	4	False				False	174		V7/V	C	IV		V7/V		V		7		V	Mm7	False	False	(2, 6, 3, 0)	()	2	2	major	major	IV	IV, major	V/V	V	V/IV	I	False	V7/V	V7/V, major		V7/V, major	V	V	0	-1	0	2	3	2	True	False	False
6480	6	55	1	G	0	3	4	3	1	True	1.0	-1	53	53	91	53b	270	1/16	False	3	True				False	175		V64	C	IV		V64		V		64			M	False	False	(2, 1, 5)	()	1	2	major	major	IV	IV, major	V		IV	IV	False	V64	V64, major		V64, major		V	0	-1	-1	1	2	2	True	False	True
6480	6	67	1	G	0	3	4	2	1	True	1.0	-1	53	53	91	53b	270	1/16	False	4	True				False	175		V64	C	IV		V64		V		64			M	False	False	(2, 1, 5)	()	1	2	major	major	IV	IV, major	V		IV	IV	False	V64	V64, major		V64, major		V	0	-1	-1	1	2	2	True	False	True
6486	6	53	-1	F	0	3	4	3	1	True	1.25	-1	53	53	91	53b	1081/4	1/16	False	3	False				False	175		V64	C	IV		V64		V		64			M	False	False	(2, 1, 5)	()	1	2	major	major	IV	IV, major	V		IV	IV	False	V64	V64, major		V64, major		V	0	-1	-1	-1	0	0	False	False	False
6486	6	65	-1	F	0	3	4	2	1	True	1.25	-1	53	53	91	53b	1081/4	1/16	False	4	False				False	175		V64	C	IV		V64		V		64			M	False	False	(2, 1, 5)	()	1	2	major	major	IV	IV, major	V		IV	IV	False	V64	V64, major		V64, major		V	0	-1	-1	-1	0	0	False	False	False
6492	6	52	4	E	0	3	4	3	1	True	1.5	-1	53	53	91	53b	541/2	1/16	False	3	False				False	175		V64	C	IV		V64		V		64			M	False	False	(2, 1, 5)	()	1	2	major	major	IV	IV, major	V		IV	IV	False	V64	V64, major		V64, major		V	0	-1	-1	4	5	5	True	False	False
6492	6	64	4	E	0	3	4	2	1	True	1.5	-1	53	53	91	53b	541/2	1/16	False	4	False				False	175		V64	C	IV		V64		V		64			M	False	False	(2, 1, 5)	()	1	2	major	major	IV	IV, major	V		IV	IV	False	V64	V64, major		V64, major		V	0	-1	-1	4	5	5	True	False	False
6492	12	84	0	C	0	3	4	1	1	True	1.5	-1	53	53	91	53b	541/2	1/8	False	6	False				False	175		V64	C	IV		V64		V		64			M	False	False	(2, 1, 5)	()	1	2	major	major	IV	IV, major	V		IV	IV	False	V64	V64, major		V64, major		V	0	-1	-1	0	1	1	True	True	False
6498	6	50	2	D	0	3	4	3	1	True	1.75	-1	53	53	91	53b	1083/4	1/16	False	3	False				False	175		V64	C	IV		V64		V		64			M	False	False	(2, 1, 5)	()	1	2	major	major	IV	IV, major	V		IV	IV	False	V64	V64, major		V64, major		V	0	-1	-1	2	3	3	False	False	False
6498	6	62	2	D	0	3	4	2	1	True	1.75	-1	53	53	91	53b	1083/4	1/16	False	4	False				False	175		V64	C	IV		V64		V		64			M	False	False	(2, 1, 5)	()	1	2	major	major	IV	IV, major	V		IV	IV	False	V64	V64, major		V64, major		V	0	-1	-1	2	3	3	False	False	False
6504	6	48	0	C	0	3	4	3	1	True	2.0	-1	53	53	91	53b	271	1/16	False	3	False				False	175		V64	C	IV		V64		V		64			M	False	False	(2, 1, 5)	()	1	2	major	major	IV	IV, major	V		IV	IV	False	V64	V64, major		V64, major		V	0	-1	-1	0	1	1	True	True	False
6504	6	60	0	C	0	3	4	2	1	True	2.0	-1	53	53	91	53b	271	1/16	False	4	False				False	175		V64	C	IV		V64		V		64			M	False	False	(2, 1, 5)	()	1	2	major	major	IV	IV, major	V		IV	IV	False	V64	V64, major		V64, major		V	0	-1	-1	0	1	1	True	True	False
6504	12	88	4	E	0	3	4	1	1	True	2.0	-1	53	53	91	53b	271	1/8	False	6	False				False	175		V64	C	IV		V64		V		64			M	False	False	(2, 1, 5)	()	1	2	major	major	IV	IV, major	V		IV	IV	False	V64	V64, major		V64, major		V	0	-1	-1	4	5	5	True	False	False
6510	6	55	1	G	0	3	4	3	1	True	2.25	-1	53	53	91	53b	1085/4	1/16	False	3	False				False	175		V64	C	IV		V64		V		64			M	False	False	(2, 1, 5)	()	1	2	major	major	IV	IV, major	V		IV	IV	False	V64	V64, major		V64, major		V	0	-1	-1	1	2	2	True	False	True
6510	6	67	1	G	0	3	4	2	1	True	2.25	-1	53	53	91	53b	1085/4	1/16	False	4	False				False	175		V64	C	IV		V64		V		64			M	False	False	(2, 1, 5)	()	1	2	major	major	IV	IV, major	V		IV	IV	False	V64	V64, major		V64, major		V	0	-1	-1	1	2	2	True	False	True
6516	12	43	1	G	0	3	4	4	1	True	2.5	-1	53	53	91	53b	543/2	1/8	False	2	False				False	175		V64	C	IV		V64		V		64			M	False	False	(2, 1, 5)	()	1	2	major	major	IV	IV, major	V		IV	IV	False	V64	V64, major		V64, major		V	0	-1	-1	1	2	2	True	False	True
6516	6	52	4	E	0	3	4	3	1	True	2.5	-1	53	53	91	53b	543/2	1/16	False	3	False				False	175		V64	C	IV		V64		V		64			M	False	False	(2, 1, 5)	()	1	2	major	major	IV	IV, major	V		IV	IV	False	V64	V64, major		V64, major		V	0	-1	-1	4	5	5	True	False	False
6516	6	64	4	E	0	3	4	2	1	True	2.5	-1	53	53	91	53b	543/2	1/16	False	4	False				False	175		V64	C	IV		V64		V		64			M	False	False	(2, 1, 5)	()	1	2	major	major	IV	IV, major	V		IV	IV	False	V64	V64, major		V64, major		V	0	-1	-1	4	5	5	True	False	False
6516	12	91	1	G	0	3	4	1	1	True	2.5	-1	53	53	91	53b	543/2	1/8	False	6	False				False	175		V64	C	IV		V64		V		64			M	False	False	(2, 1, 5)	()	1	2	major	major	IV	IV, major	V		IV	IV	False	V64	V64, major		V64, major		V	0	-1	-1	1	2	2	True	False	True
6522	6	48	0	C	0	3	4	3	1	True	2.75	-1	53	53	91	53b	1087/4	1/16	False	3	False				False	175		V64	C	IV		V64		V		64			M	False	False	(2, 1, 5)	()	1	2	major	major	IV	IV, major	V		IV	IV	False	V64	V64, major		V64, major		V	0	-1	-1	0	1	1	True	True	False
6522	6	60	0	C	0	3	4	2	1	True	2.75	-1	53	53	91	53b	1087/4	1/16	False	4	False				False	175		V64	C	IV		V64		V		64			M	False	False	(2, 1, 5)	()	1	2	major	major	IV	IV, major	V		IV	IV	False	V64	V64, major		V64, major		V	0	-1	-1	0	1	1	True	True	False
6528	12	43	1	G	0	3	4	4	1	True	3.0	-1	53	53	91	53b	272	1/8	False	2	True				False	176		V7/V	C	IV		V7/V		V		7		V	Mm7	False	False	(2, 6, 3, 0)	()	2	2	major	major	IV	IV, major	V/V	V	V/IV	I	False	V7/V	V7/V, major		V7/V, major	V	V	0	-1	0	1	2	1	True	True	True
6528	6	50	2	D	0	3	4	3	1	True	3.0	-1	53	53	91	53b	272	1/16	False	3	True				False	176		V7/V	C	IV		V7/V		V		7		V	Mm7	False	False	(2, 6, 3, 0)	()	2	2	major	major	IV	IV, major	V/V	V	V/IV	I	False	V7/V	V7/V, major		V7/V, major	V	V	0	-1	0	2	3	2	True	False	False
6528	12	55	1	G	0	3	4	1	1	True	3.0	-1	53	53	91	53b	272	1/8	False	3	True				False	176		V7/V	C	IV		V7/V		V		7		V	Mm7	False	False	(2, 6, 3, 0)	()	2	2	major	major	IV	IV, major	V/V	V	V/IV	I	False	V7/V	V7/V, major		V7/V, major	V	V	0	-1	0	1	2	1	True	True	True
6528	6	62	2	D	0	3	4	2	1	True	3.0	-1	53	53	91	53b	272	1/16	False	4	True				False	176		V7/V	C	IV		V7/V		V		7		V	Mm7	False	False	(2, 6, 3, 0)	()	2	2	major	major	IV	IV, major	V/V	V	V/IV	I	False	V7/V	V7/V, major		V7/V, major	V	V	0	-1	0	2	3	2	True	False	False
6534	6	55	1	G	0	3	4	3	1	True	3.25	-1	53	53	91	53b	1089/4	1/16	False	3	False				False	176		V7/V	C	IV		V7/V		V		7		V	Mm7	False	False	(2, 6, 3, 0)	()	2	2	major	major	IV	IV, major	V/V	V	V/IV	I	False	V7/V	V7/V, major		V7/V, major	V	V	0	-1	0	1	2	1	True	True	True
6534	6	67	1	G	0	3	4	2	1	True	3.25	-1	53	53	91	53b	1089/4	1/16	False	4	False				False	176		V7/V	C	IV		V7/V		V		7		V	Mm7	False	False	(2, 6, 3, 0)	()	2	2	major	major	IV	IV, major	V/V	V	V/IV	I	False	V7/V	V7/V, major		V7/V, major	V	V	0	-1	0	1	2	1	True	True	True
6540	12	43	1	G	0	3	4	4	1	True	3.5	-1	53	53	91	53b	545/2	1/8	False	2	False				False	176		V7/V	C	IV		V7/V		V		7		V	Mm7	False	False	(2, 6, 3, 0)	()	2	2	major	major	IV	IV, major	V/V	V	V/IV	I	False	V7/V	V7/V, major		V7/V, major	V	V	0	-1	0	1	2	1	True	True	True
6540	6	53	-1	F	0	3	4	3	1	True	3.5	-1	53	53	91	53b	545/2	1/16	False	3	False				False	176		V7/V	C	IV		V7/V		V		7		V	Mm7	False	False	(2, 6, 3, 0)	()	2	2	major	major	IV	IV, major	V/V	V	V/IV	I	False	V7/V	V7/V, major		V7/V, major	V	V	0	-1	0	-1	0	-1	True	False	False
6540	6	65	-1	F	0	3	4	2	1	True	3.5	-1	53	53	91	53b	545/2	1/16	False	4	False				False	176		V7/V	C	IV		V7/V		V		7		V	Mm7	False	False	(2, 6, 3, 0)	()	2	2	major	major	IV	IV, major	V/V	V	V/IV	I	False	V7/V	V7/V, major		V7/V, major	V	V	0	-1	0	-1	0	-1	True	False	False
6540	12	71	5	B	0	3	4	1	1	True	3.5	-1	53	53	91	53b	545/2	1/8	False	4	False				False	176		V7/V	C	IV		V7/V		V		7		V	Mm7	False	False	(2, 6, 3, 0)	()	2	2	major	major	IV	IV, major	V/V	V	V/IV	I	False	V7/V	V7/V, major		V7/V, major	V	V	0	-1	0	5	6	5	True	False	False
6546	6	50	2	D	0	3	4	3	1	True	3.75	-1	53	53	91	53b	1091/4	1/16	False	3	False				False	176		V7/V	C	IV		V7/V		V		7		V	Mm7	False	False	(2, 6, 3, 0)	()	2	2	major	major	IV	IV, major	V/V	V	V/IV	I	False	V7/V	V7/V, major		V7/V, major	V	V	0	-1	0	2	3	2	True	False	False
6546	6	62	2	D	0	3	4	2	1	True	3.75	-1	53	53	91	53b	1091/4	1/16	False	4	False				False	176		V7/V	C	IV		V7/V		V		7		V	Mm7	False	False	(2, 6, 3, 0)	()	2	2	major	major	IV	IV, major	V/V	V	V/IV	I	False	V7/V	V7/V, major		V7/V, major	V	V	0	-1	0	2	3	2	True	False	False
6552	12	36	0	C	0	3	4	4	1	True	1.0	-1	54	54	92	54b	273	1/8	False	2	True			\\	True	177	1	V\\	C	IV		V		V					M	False	False	(1, 5, 2)	()	1	1	major	major	IV	IV, major	V		IV	IV	False	V	V, major		V, major		V	0	-1	-1	0	1	1	True	True	True
6552	12	48	0	C	0	3	4	3	1	True	1.0	-1	54	54	92	54b	273	1/8	False	3	True			\\	True	177	1	V\\	C	IV		V		V					M	False	False	(1, 5, 2)	()	1	1	major	major	IV	IV, major	V		IV	IV	False	V	V, major		V, major		V	0	-1	-1	0	1	1	True	True	True
6552	24	60	0	C	0	3	4	2	1	True	1.0	-1	54	54	92	54b	273	1/4	False	4	True			\\	True	177	1	V\\	C	IV		V		V					M	False	False	(1, 5, 2)	()	1	1	major	major	IV	IV, major	V		IV	IV	False	V	V, major		V, major		V	0	-1	-1	0	1	1	True	True	True
6552	24	72	0	C	0	3	4	1	1	True	1.0	-1	54	54	92	54b	273	1/4	False	5	True			\\	True	177	1	V\\	C	IV		V		V					M	False	False	(1, 5, 2)	()	1	1	major	major	IV	IV, major	V		IV	IV	False	V	V, major		V, major		V	0	-1	-1	0	1	1	True	True	True
6564	12	50	2	D	0	3	4	4	1	True	1.5	-1	54	54	92	54b	547/2	1/8	False	3	False				False	177	1	V\\	C	IV		V		V					M	False	False	(1, 5, 2)	()	1	1	major	major	IV	IV, major	V		IV	IV	False	V	V, major		V, major		V	0	-1	-1	2	3	3	False	False	False
6564	12	62	2	D	0	3	4	3	1	True	1.5	-1	54	54	92	54b	547/2	1/8	False	4	False				False	177	1	V\\	C	IV		V		V					M	False	False	(1, 5, 2)	()	1	1	major	major	IV	IV, major	V		IV	IV	False	V	V, major		V, major		V	0	-1	-1	2	3	3	False	False	False
6588	12	46	-2	B	-1	3	4	4	1	True	2.5	-1	54	54	92	54b	549/2	1/8	False	2	False				False	177	1	V\\	C	IV		V		V					M	False	False	(1, 5, 2)	()	1	1	major	major	IV	IV, major	V		IV	IV	False	V	V, major		V, major		V	0	-1	-1	-2	-1	-1	False	False	False
6588	12	58	-2	B	-1	3	4	3	1	True	2.5	-1	54	54	92	54b	549/2	1/8	False	3	False				False	177	1	V\\	C	IV		V		V					M	False	False	(1, 5, 2)	()	1	1	major	major	IV	IV, major	V		IV	IV	False	V	V, major		V, major		V	0	-1	-1	-2	-1	-1	False	False	False
6600	12	43	1	G	0	3	4	4	1	True	3.0	-1	54	54	92	54b	275	1/8	False	2	True				False	178	1	V/V	C	IV		V/V		V				V	M	False	False	(2, 6, 3)	()	2	2	major	major	IV	IV, major	V/V	V	V/IV	I	False	V/V	V/V, major		V/V, major	V	V	0	-1	0	1	2	1	True	True	True
6600	12	55	1	G	0	3	4	3	1	True	3.0	-1	54	54	92	54b	275	1/8	False	3	True				False	178	1	V/V	C	IV		V/V		V				V	M	False	False	(2, 6, 3)	()	2	2	major	major	IV	IV, major	V/V	V	V/IV	I	False	V/V	V/V, major		V/V, major	V	V	0	-1	0	1	2	1	True	True	True
6612	12	48	0	C	0	3	4	4	1	True	3.5	-1	54	54	92	54b	551/2	1/8	False	3	False				False	179	1	V	C	IV		V		V					M	False	False	(1, 5, 2)	()	1	1	major	major	IV	IV, major	V		IV	IV	False	V	V, major		V, major		V	0	-1	-1	0	1	1	True	True	True
6612	12	55	1	G	0	3	4	1	1	True	3.5	-1	54	54	92	54b	551/2	1/8	False	3	False				False	179	1	V	C	IV		V		V					M	False	False	(1, 5, 2)	()	1	1	major	major	IV	IV, major	V		IV	IV	False	V	V, major		V, major		V	0	-1	-1	1	2	2	True	False	False
6612	12	60	0	C	0	3	4	2	1	True	3.5	-1	54	54	92	54b	551/2	1/8	False	4	False				False	179	1	V	C	IV		V		V					M	False	False	(1, 5, 2)	()	1	1	major	major	IV	IV, major	V		IV	IV	False	V	V, major		V, major		V	0	-1	-1	0	1	1	True	True	True
6612	12	60	0	C	0	3	4	3	1	True	3.5	-1	54	54	92	54b	551/2	1/8	False	4	False				False	179	1	V	C	IV		V		V					M	False	False	(1, 5, 2)	()	1	1	major	major	IV	IV, major	V		IV	IV	False	V	V, major		V, major		V	0	-1	-1	0	1	1	True	True	True
6612	12	64	4	E	0	3	4	1	1	True	3.5	-1	54	54	92	54b	551/2	1/8	False	4	False				False	179	1	V	C	IV		V		V					M	False	False	(1, 5, 2)	()	1	1	major	major	IV	IV, major	V		IV	IV	False	V	V, major		V, major		V	0	-1	-1	4	5	5	True	False	False
6624	12	36	0	C	0	3	4	4	1	True	1.0	-1	55	55	93	55a	276	1/8	True	2	True			\\	True	180	1	V\\	C	IV		V		V					M	False	False	(1, 5, 2)	()	1	1	major	major	IV	IV, major	V		IV	IV	False	V	V, major		V, major		V	0	-1	-1	0	1	1	True	True	True
6624	12	48	0	C	0	3	4	3	1	True	1.0	-1	55	55	93	55a	276	1/8	True	3	True			\\	True	180	1	V\\	C	IV		V		V					M	False	False	(1, 5, 2)	()	1	1	major	major	IV	IV, major	V		IV	IV	False	V	V, major		V, major		V	0	-1	-1	0	1	1	True	True	True
6624	24	60	0	C	0	3	4	2	1	True	1.0	-1	55	55	93	55a	276	1/4	True	4	True			\\	True	180	1	V\\	C	IV		V		V					M	False	False	(1, 5, 2)	()	1	1	major	major	IV	IV, major	V		IV	IV	False	V	V, major		V, major		V	0	-1	-1	0	1	1	True	True	True
6624	12	72	0	C	0	3	4	1	1	True	1.0	-1	55	55	93	55a	276	1/8	True	5	True			\\	True	180	1	V\\	C	IV		V		V					M	False	False	(1, 5, 2)	()	1	1	major	major	IV	IV, major	V		IV	IV	False	V	V, major		V, major		V	0	-1	-1	0	1	1	True	True	True
6636	12	48	0	C	0	3	4	4	1	True	1.5	-1	55	55	93	55a	553/2	1/8	False	3	False				False	180	1	V\\	C	IV		V		V					M	False	False	(1, 5, 2)	()	1	1	major	major	IV	IV, major	V		IV	IV	False	V	V, major		V, major		V	0	-1	-1	0	1	1	True	True	True
6636	12	60	0	C	0	3	4	1	1	True	1.5	-1	55	55	93	55a	553/2	1/8	False	4	False				False	180	1	V\\	C	IV		V		V					M	False	False	(1, 5, 2)	()	1	1	major	major	IV	IV, major	V		IV	IV	False	V	V, major		V, major		V	0	-1	-1	0	1	1	True	True	True
6636	12	60	0	C	0	3	4	3	1	True	1.5	-1	55	55	93	55a	553/2	1/8	False	4	False				False	180	1	V\\	C	IV		V		V					M	False	False	(1, 5, 2)	()	1	1	major	major	IV	IV, major	V		IV	IV	False	V	V, major		V, major		V	0	-1	-1	0	1	1	True	True	True
6660	12	48	0	C	0	3	4	4	1	True	2.5	-1	55	55	93	55a	555/2	1/8	False	3	False				False	180	1	V\\	C	IV		V		V					M	False	False	(1, 5, 2)	()	1	1	major	major	IV	IV, major	V		IV	IV	False	V	V, major		V, major		V	0	-1	-1	0	1	1	True	True	True
6660	12	60	0	C	0	3	4	1	1	True	2.5	-1	55	55	93	55a	555/2	1/8	False	4	False				False	180	1	V\\	C	IV		V		V					M	False	False	(1, 5, 2)	()	1	1	major	major	IV	IV, major	V		IV	IV	False	V	V, major		V, major		V	0	-1	-1	0	1	1	True	True	True
6660	12	60	0	C	0	3	4	3	1	True	2.5	-1	55	55	93	55a	555/2	1/8	False	4	False				False	180	1	V\\	C	IV		V		V					M	False	False	(1, 5, 2)	()	1	1	major	major	IV	IV, major	V		IV	IV	False	V	V, major		V, major		V	0	-1	-1	0	1	1	True	True	True
6672	18	46	-2	B	-1	3	4	4	1	True	3.0	-1	55	55	93	55a	278	3/16	False	2	True				False	181	1	V2	C	IV		V2		V		2			Mm7	False	False	(-1, 1, 5, 2)	()	1	-1	major	major	IV	IV, major	V		IV	IV	False	V2	V2, major		V2, major		V	0	-1	-1	-2	-1	-1	True	False	True
6672	18	58	-2	B	-1	3	4	1	1	True	3.0	-1	55	55	93	55a	278	3/16	False	3	True				False	181	1	V2	C	IV		V2		V		2			Mm7	False	False	(-1, 1, 5, 2)	()	1	-1	major	major	IV	IV, major	V		IV	IV	False	V2	V2, major		V2, major		V	0	-1	-1	-2	-1	-1	True	False	True
6672	18	58	-2	B	-1	3	4	3	1	True	3.0	-1	55	55	93	55a	278	3/16	False	3	True				False	181	1	V2	C	IV		V2		V		2			Mm7	False	False	(-1, 1, 5, 2)	()	1	-1	major	major	IV	IV, major	V		IV	IV	False	V2	V2, major		V2, major		V	0	-1	-1	-2	-1	-1	True	False	True
6690	3	45	3	A	0	3	4	4	1	True	3.75	-1	55	55	93	55a	1115/4	1/32	False	2	False				False	181	1	V2	C	IV		V2		V		2			Mm7	False	False	(-1, 1, 5, 2)	()	1	-1	major	major	IV	IV, major	V		IV	IV	False	V2	V2, major		V2, major		V	0	-1	-1	3	4	4	False	False	False
6690	3	57	3	A	0	3	4	1	1	True	3.75	-1	55	55	93	55a	1115/4	1/32	False	3	False				False	181	1	V2	C	IV		V2		V		2			Mm7	False	False	(-1, 1, 5, 2)	()	1	-1	major	major	IV	IV, major	V		IV	IV	False	V2	V2, major		V2, major		V	0	-1	-1	3	4	4	False	False	False
6690	3	57	3	A	0	3	4	3	1	True	3.75	-1	55	55	93	55a	1115/4	1/32	False	3	False				False	181	1	V2	C	IV		V2		V		2			Mm7	False	False	(-1, 1, 5, 2)	()	1	-1	major	major	IV	IV, major	V		IV	IV	False	V2	V2, major		V2, major		V	0	-1	-1	3	4	4	False	False	False
6693	3	46	-2	B	-1	3	4	4	1	True	3.875	-1	55	55	93	55a	2231/8	1/32	False	2	False				False	181	1	V2	C	IV		V2		V		2			Mm7	False	False	(-1, 1, 5, 2)	()	1	-1	major	major	IV	IV, major	V		IV	IV	False	V2	V2, major		V2, major		V	0	-1	-1	-2	-1	-1	True	False	True
6693	3	58	-2	B	-1	3	4	1	1	True	3.875	-1	55	55	93	55a	2231/8	1/32	False	3	False				False	181	1	V2	C	IV		V2		V		2			Mm7	False	False	(-1, 1, 5, 2)	()	1	-1	major	major	IV	IV, major	V		IV	IV	False	V2	V2, major		V2, major		V	0	-1	-1	-2	-1	-1	True	False	True
6693	3	58	-2	B	-1	3	4	3	1	True	3.875	-1	55	55	93	55a	2231/8	1/32	False	3	False				False	181	1	V2	C	IV		V2		V		2			Mm7	False	False	(-1, 1, 5, 2)	()	1	-1	major	major	IV	IV, major	V		IV	IV	False	V2	V2, major		V2, major		V	0	-1	-1	-2	-1	-1	True	False	True
6696	24	45	3	A	0	3	4	4	1	True	1.0	-1	56	56	94	56a	279	1/4	True	2	True				False	182		V/vi	C	IV		V/vi		V				vi	M	False	False	(4, 8, 5)	()	4	4	major	major	IV	IV, major	V/vi	vi	vi/IV	ii	True	V/vi	V/vi, major		V/vi, major	vi	vi	0	-1	2	3	4	1	True	True	True
6696	18	57	3	A	0	3	4	1	1	True	1.0	-1	56	56	94	56a	279	3/16	True	3	True				False	182		V/vi	C	IV		V/vi		V				vi	M	False	False	(4, 8, 5)	()	4	4	major	major	IV	IV, major	V/vi	vi	vi/IV	ii	True	V/vi	V/vi, major		V/vi, major	vi	vi	0	-1	2	3	4	1	True	True	True
6696	24	57	3	A	0	3	4	3	1	True	1.0	-1	56	56	94	56a	279	1/4	True	3	True				False	182		V/vi	C	IV		V/vi		V				vi	M	False	False	(4, 8, 5)	()	4	4	major	major	IV	IV, major	V/vi	vi	vi/IV	ii	True	V/vi	V/vi, major		V/vi, major	vi	vi	0	-1	2	3	4	1	True	True	True
6696	24	61	7	C	1	3	4	2	1	True	1.0	-1	56	56	94	56a	279	1/4	True	4	True				False	182		V/vi	C	IV		V/vi		V				vi	M	False	False	(4, 8, 5)	()	4	4	major	major	IV	IV, major	V/vi	vi	vi/IV	ii	True	V/vi	V/vi, major		V/vi, major	vi	vi	0	-1	2	7	8	5	True	False	False
6696	18	64	4	E	0	3	4	1	1	True	1.0	-1	56	56	94	56a	279	3/16	True	4	True				False	182		V/vi	C	IV		V/vi		V				vi	M	False	False	(4, 8, 5)	()	4	4	major	major	IV	IV, major	V/vi	vi	vi/IV	ii	True	V/vi	V/vi, major		V/vi, major	vi	vi	0	-1	2	4	5	2	True	False	False
6696	24	64	4	E	0	3	4	2	1	True	1.0	-1	56	56	94	56a	279	1/4	True	4	True				False	182		V/vi	C	IV		V/vi		V				vi	M	False	False	(4, 8, 5)	()	4	4	major	major	IV	IV, major	V/vi	vi	vi/IV	ii	True	V/vi	V/vi, major		V/vi, major	vi	vi	0	-1	2	4	5	2	True	False	False
6696	18	69	3	A	0	3	4	1	1	True	1.0	-1	56	56	94	56a	279	3/16	True	4	True				False	182		V/vi	C	IV		V/vi		V				vi	M	False	False	(4, 8, 5)	()	4	4	major	major	IV	IV, major	V/vi	vi	vi/IV	ii	True	V/vi	V/vi, major		V/vi, major	vi	vi	0	-1	2	3	4	1	True	True	True
6714	6	69	3	A	0	3	4	1	1	True	1.75	-1	56	56	94	56a	1119/4	1/16	False	4	False				False	182		V/vi	C	IV		V/vi		V				vi	M	False	False	(4, 8, 5)	()	4	4	major	major	IV	IV, major	V/vi	vi	vi/IV	ii	True	V/vi	V/vi, major		V/vi, major	vi	vi	0	-1	2	3	4	1	True	True	True
6720	12	73	7	C	1	3	4	1	1	True	2.0	-1	56	56	94	56a	280	1/8	False	5	False				False	182		V/vi	C	IV		V/vi		V				vi	M	False	False	(4, 8, 5)	()	4	4	major	major	IV	IV, major	V/vi	vi	vi/IV	ii	True	V/vi	V/vi, major		V/vi, major	vi	vi	0	-1	2	7	8	5	True	False	False
6732	12	76	4	E	0	3	4	1	1	True	2.5	-1	56	56	94	56a	561/2	1/8	False	5	False				False	182		V/vi	C	IV		V/vi		V				vi	M	False	False	(4, 8, 5)	()	4	4	major	major	IV	IV, major	V/vi	vi	vi/IV	ii	True	V/vi	V/vi, major		V/vi, major	vi	vi	0	-1	2	4	5	2	True	False	False
6744	12	81	3	A	0	3	4	1	1	True	3.0	-1	56	56	94	56a	281	1/8	False	5	False				False	182		V/vi	C	IV		V/vi		V				vi	M	False	False	(4, 8, 5)	()	4	4	major	major	IV	IV, major	V/vi	vi	vi/IV	ii	True	V/vi	V/vi, major		V/vi, major	vi	vi	0	-1	2	3	4	1	True	True	True
6756	12	85	7	C	1	3	4	1	1	True	3.5	-1	56	56	94	56a	563/2	1/8	False	6	False				False	182		V/vi	C	IV		V/vi		V				vi	M	False	False	(4, 8, 5)	()	4	4	major	major	IV	IV, major	V/vi	vi	vi/IV	ii	True	V/vi	V/vi, major		V/vi, major	vi	vi	0	-1	2	7	8	5	True	False	False
6768	12	88	4	E	0	3	4	1	1	True	1.0	-1	57	57	95	57a	282	1/8	False	6	False				False	182		V/vi	C	IV		V/vi		V				vi	M	False	False	(4, 8, 5)	()	4	4	major	major	IV	IV, major	V/vi	vi	vi/IV	ii	True	V/vi	V/vi, major		V/vi, major	vi	vi	0	-1	2	4	5	2	True	False	False
6780	12	85	7	C	1	3	4	1	1	True	1.5	-1	57	57	95	57a	565/2	1/8	False	6	False				False	182		V/vi	C	IV		V/vi		V				vi	M	False	False	(4, 8, 5)	()	4	4	major	major	IV	IV, major	V/vi	vi	vi/IV	ii	True	V/vi	V/vi, major		V/vi, major	vi	vi	0	-1	2	7	8	5	True	False	False
6792	12	81	3	A	0	3	4	1	1	True	2.0	-1	57	57	95	57a	283	1/8	False	5	False				False	182		V/vi	C	IV		V/vi		V				vi	M	False	False	(4, 8, 5)	()	4	4	major	major	IV	IV, major	V/vi	vi	vi/IV	ii	True	V/vi	V/vi, major		V/vi, major	vi	vi	0	-1	2	3	4	1	True	True	True
6804	12	64	4	E	0	3	4	2	1	True	2.5	-1	57	57	95	57a	567/2	1/8	False	4	False				False	182		V/vi	C	IV		V/vi		V				vi	M	False	False	(4, 8, 5)	()	4	4	major	major	IV	IV, major	V/vi	vi	vi/IV	ii	True	V/vi	V/vi, major		V/vi, major	vi	vi	0	-1	2	4	5	2	True	False	False
6804	12	76	4	E	0	3	4	1	1	True	2.5	-1	57	57	95	57a	567/2	1/8	False	5	False				False	182		V/vi	C	IV		V/vi		V				vi	M	False	False	(4, 8, 5)	()	4	4	major	major	IV	IV, major	V/vi	vi	vi/IV	ii	True	V/vi	V/vi, major		V/vi, major	vi	vi	0	-1	2	4	5	2	True	False	False
6816	12	61	7	C	1	3	4	2	1	True	3.0	-1	57	57	95	57a	284	1/8	False	4	False				False	182		V/vi	C	IV		V/vi		V				vi	M	False	False	(4, 8, 5)	()	4	4	major	major	IV	IV, major	V/vi	vi	vi/IV	ii	True	V/vi	V/vi, major		V/vi, major	vi	vi	0	-1	2	7	8	5	True	False	False
6816	12	73	7	C	1	3	4	1	1	True	3.0	-1	57	57	95	57a	284	1/8	False	5	False				False	182		V/vi	C	IV		V/vi		V				vi	M	False	False	(4, 8, 5)	()	4	4	major	major	IV	IV, major	V/vi	vi	vi/IV	ii	True	V/vi	V/vi, major		V/vi, major	vi	vi	0	-1	2	7	8	5	True	False	False
6828	12	64	4	E	0	3	4	2	1	True	3.5	-1	57	57	95	57a	569/2	1/8	False	4	False				False	182		V/vi	C	IV		V/vi		V				vi	M	False	False	(4, 8, 5)	()	4	4	major	major	IV	IV, major	V/vi	vi	vi/IV	ii	True	V/vi	V/vi, major		V/vi, major	vi	vi	0	-1	2	4	5	2	True	False	False
6828	12	76	4	E	0	3	4	1	1	True	3.5	-1	57	57	95	57a	569/2	1/8	False	5	False				False	182		V/vi	C	IV		V/vi		V				vi	M	False	False	(4, 8, 5)	()	4	4	major	major	IV	IV, major	V/vi	vi	vi/IV	ii	True	V/vi	V/vi, major		V/vi, major	vi	vi	0	-1	2	4	5	2	True	False	False
6840	36	57	3	A	0	3	4	2	1	True	1.0	-1	58	58	96	58a	285	3/8	False	3	True				False	183		ii.V	C	ii		V		V					M	False	True	(1, 5, 2)	()	1	1	major	minor	ii	ii, major	V		ii	ii	True	V	V, minor		V, minor		V	0	2	2	3	1	1	True	True	True
6840	36	69	3	A	0	3	4	1	1	True	1.0	-1	58	58	96	58a	285	3/8	False	4	True				False	183		ii.V	C	ii		V		V					M	False	True	(1, 5, 2)	()	1	1	major	minor	ii	ii, major	V		ii	ii	True	V	V, minor		V, minor		V	0	2	2	3	1	1	True	True	True
6876	12	38	2	D	0	3	4	4	1	True	2.5	-1	58	58	96	58a	573/2	1/8	False	2	True				False	184		i	C	ii		i		i					m	False	True	(0, -3, 1)	()	0	0	major	minor	ii	ii, major	i		ii	ii	True	i	i, minor		i, minor		i	0	2	2	2	0	0	True	True	True
6876	12	53	-1	F	0	3	4	3	1	True	2.5	-1	58	58	96	58a	573/2	1/8	False	3	True				False	184		i	C	ii		i		i					m	False	True	(0, -3, 1)	()	0	0	major	minor	ii	ii, major	i		ii	ii	True	i	i, minor		i, minor		i	0	2	2	-1	-3	-3	True	False	False
6876	12	57	3	A	0	3	4	2	1	True	2.5	-1	58	58	96	58a	573/2	1/8	False	3	True				False	184		i	C	ii		i		i					m	False	True	(0, -3, 1)	()	0	0	major	minor	ii	ii, major	i		ii	ii	True	i	i, minor		i, minor		i	0	2	2	3	1	1	True	False	False
6876	12	69	3	A	0	3	4	1	1	True	2.5	-1	58	58	96	58a	573/2	1/8	False	4	True				False	184		i	C	ii		i		i					m	False	True	(0, -3, 1)	()	0	0	major	minor	ii	ii, major	i		ii	ii	True	i	i, minor		i, minor		i	0	2	2	3	1	1	True	False	False
6888	12	37	7	C	1	3	4	4	1	True	3.0	-1	58	58	96	58a	287	1/8	False	2	True				False	185		V6	C	ii		V6		V		6			M	False	True	(5, 2, 1)	()	1	5	major	minor	ii	ii, major	V		ii	ii	True	V6	V6, minor		V6, minor		V	0	2	2	7	5	5	True	False	True
6888	12	52	4	E	0	3	4	3	1	True	3.0	-1	58	58	96	58a	287	1/8	False	3	True				False	185		V6	C	ii		V6		V		6			M	False	True	(5, 2, 1)	()	1	5	major	minor	ii	ii, major	V		ii	ii	True	V6	V6, minor		V6, minor		V	0	2	2	4	2	2	True	False	False
6888	12	57	3	A	0	3	4	2	1	True	3.0	-1	58	58	96	58a	287	1/8	False	3	True				False	185		V6	C	ii		V6		V		6			M	False	True	(5, 2, 1)	()	1	5	major	minor	ii	ii, major	V		ii	ii	True	V6	V6, minor		V6, minor		V	0	2	2	3	1	1	True	True	False
6888	12	69	3	A	0	3	4	1	1	True	3.0	-1	58	58	96	58a	287	1/8	False	4	True				False	185		V6	C	ii		V6		V		6			M	False	True	(5, 2, 1)	()	1	5	major	minor	ii	ii, major	V		ii	ii	True	V6	V6, minor		V6, minor		V	0	2	2	3	1	1	True	True	False
6900	12	40	4	E	0	3	4	4	1	True	3.5	-1	58	58	96	58a	575/2	1/8	False	2	True				False	186		V43	C	ii		V43		V		43			Mm7	False	True	(2, -1, 1, 5)	()	1	2	major	minor	ii	ii, major	V		ii	ii	True	V43	V43, minor		V43, minor		V	0	2	2	4	2	2	True	False	True
6900	12	55	1	G	0	3	4	3	1	True	3.5	-1	58	58	96	58a	575/2	1/8	False	3	True				False	186		V43	C	ii		V43		V		43			Mm7	False	True	(2, -1, 1, 5)	()	1	2	major	minor	ii	ii, major	V		ii	ii	True	V43	V43, minor		V43, minor		V	0	2	2	1	-1	-1	True	False	False
6900	12	57	3	A	0	3	4	2	1	True	3.5	-1	58	58	96	58a	575/2	1/8	False	3	True				False	186		V43	C	ii		V43		V		43			Mm7	False	True	(2, -1, 1, 5)	()	1	2	major	minor	ii	ii, major	V		ii	ii	True	V43	V43, minor		V43, minor		V	0	2	2	3	1	1	True	True	False
6900	12	69	3	A	0	3	4	1	1	True	3.5	-1	58	58	96	58a	575/2	1/8	False	4	True				False	186		V43	C	ii		V43		V		43			Mm7	False	True	(2, -1, 1, 5)	()	1	2	major	minor	ii	ii, major	V		ii	ii	True	V43	V43, minor		V43, minor		V	0	2	2	3	1	1	True	True	False
6912	36	38	2	D	0	3	4	4	1	True	1.0	-1	59	59	97	59a	288	3/8	False	2	True				False	187		i	C	ii		i		i					m	False	True	(0, -3, 1)	()	0	0	major	minor	ii	ii, major	i		ii	ii	True	i	i, minor		i, minor		i	0	2	2	2	0	0	True	True	True
6912	12	53	-1	F	0	3	4	3	1	True	1.0	-1	59	59	97	59a	288	1/8	False	3	True				False	187		i	C	ii		i		i					m	False	True	(0, -3, 1)	()	0	0	major	minor	ii	ii, major	i		ii	ii	True	i	i, minor		i, minor		i	0	2	2	-1	-3	-3	True	False	False
6912	36	57	3	A	0	3	4	2	1	True	1.0	-1	59	59	97	59a	288	3/8	False	3	True				False	187		i	C	ii		i		i					m	False	True	(0, -3, 1)	()	0	0	major	minor	ii	ii, major	i		ii	ii	True	i	i, minor		i, minor		i	0	2	2	3	1	1	True	False	False
6912	36	69	3	A	0	3	4	1	1	True	1.0	-1	59	59	97	59a	288	3/8	False	4	True				False	187		i	C	ii		i		i					m	False	True	(0, -3, 1)	()	0	0	major	minor	ii	ii, major	i		ii	ii	True	i	i, minor		i, minor		i	0	2	2	3	1	1	True	False	False
6924	6	52	4	E	0	3	4	3	1	True	1.5	-1	59	59	97	59a	577/2	1/16	False	3	False				False	187		i	C	ii		i		i					m	False	True	(0, -3, 1)	()	0	0	major	minor	ii	ii, major	i		ii	ii	True	i	i, minor		i, minor		i	0	2	2	4	2	2	False	False	False
6930	6	53	-1	F	0	3	4	3	1	True	1.75	-1	59	59	97	59a	1155/4	1/16	False	3	False				False	187		i	C	ii		i		i					m	False	True	(0, -3, 1)	()	0	0	major	minor	ii	ii, major	i		ii	ii	True	i	i, minor		i, minor		i	0	2	2	-1	-3	-3	True	False	False
6936	12	50	2	D	0	3	4	3	1	True	2.0	-1	59	59	97	59a	289	1/8	False	3	False				False	187		i	C	ii		i		i					m	False	True	(0, -3, 1)	()	0	0	major	minor	ii	ii, major	i		ii	ii	True	i	i, minor		i, minor		i	0	2	2	2	0	0	True	True	True
6948	12	62	2	D	0	3	4	3	1	True	2.5	-1	59	59	97	59a	579/2	1/8	False	4	False				False	187		i	C	ii		i		i					m	False	True	(0, -3, 1)	()	0	0	major	minor	ii	ii, major	i		ii	ii	True	i	i, minor		i, minor		i	0	2	2	2	0	0	True	True	True
6948	12	65	-1	F	0	3	4	2	1	True	2.5	-1	59	59	97	59a	579/2	1/8	False	4	False				False	187		i	C	ii		i		i					m	False	True	(0, -3, 1)	()	0	0	major	minor	ii	ii, major	i		ii	ii	True	i	i, minor		i, minor		i	0	2	2	-1	-3	-3	True	False	False
6948	12	69	3	A	0	3	4	1	1	True	2.5	-1	59	59	97	59a	579/2	1/8	False	4	False				False	187		i	C	ii		i		i					m	False	True	(0, -3, 1)	()	0	0	major	minor	ii	ii, major	i		ii	ii	True	i	i, minor		i, minor		i	0	2	2	3	1	1	True	False	False
6960	12	62	2	D	0	3	4	3	1	True	3.0	-1	59	59	97	59a	290	1/8	False	4	False				False	187		i	C	ii		i		i					m	False	True	(0, -3, 1)	()	0	0	major	minor	ii	ii, major	i		ii	ii	True	i	i, minor		i, minor		i	0	2	2	2	0	0	True	True	True
6960	12	65	-1	F	0	3	4	2	1	True	3.0	-1	59	59	97	59a	290	1/8	False	4	False				False	187		i	C	ii		i		i					m	False	True	(0, -3, 1)	()	0	0	major	minor	ii	ii, major	i		ii	ii	True	i	i, minor		i, minor		i	0	2	2	-1	-3	-3	True	False	False
6960	12	70	-2	B	-1	3	4	1	1	True	3.0	-1	59	59	97	59a	290	1/8	False	4	False				False	187		i	C	ii		i		i					m	False	True	(0, -3, 1)	()	0	0	major	minor	ii	ii, major	i		ii	ii	True	i	i, minor		i, minor		i	0	2	2	-2	-4	-4	False	False	False
6972	12	62	2	D	0	3	4	3	1	True	3.5	-1	59	59	97	59a	581/2	1/8	False	4	True				False	188		VI6	C	ii		VI6		VI		6			M	False	True	(0, -3, -4)	()	-4	0	major	minor	ii	ii, major	VI		ii	ii	True	VI6	VI6, minor		VI6, minor		VI	0	2	2	2	0	0	True	False	True
6972	12	65	-1	F	0	3	4	2	1	True	3.5	-1	59	59	97	59a	581/2	1/8	False	4	True				False	188		VI6	C	ii		VI6		VI		6			M	False	True	(0, -3, -4)	()	-4	0	major	minor	ii	ii, major	VI		ii	ii	True	VI6	VI6, minor		VI6, minor		VI	0	2	2	-1	-3	-3	True	False	False
6972	12	70	-2	B	-1	3	4	1	1	True	3.5	-1	59	59	97	59a	581/2	1/8	False	4	True				False	188		VI6	C	ii		VI6		VI		6			M	False	True	(0, -3, -4)	()	-4	0	major	minor	ii	ii, major	VI		ii	ii	True	VI6	VI6, minor		VI6, minor		VI	0	2	2	-2	-4	-4	True	True	False
6984	36	64	4	E	0	3	4	3	1	True	1.0	-1	60	60	98	60a	291	3/8	False	4	True				False	189		iio	C	ii		iio		ii	o				o	False	True	(2, -1, -4)	()	2	2	major	minor	ii	ii, major	ii		ii	ii	True	iio	iio, minor		iio, minor		ii	0	2	2	4	2	2	True	True	True
6984	12	67	1	G	0	3	4	2	1	True	1.0	-1	60	60	98	60a	291	1/8	False	4	True				False	189		iio	C	ii		iio		ii	o				o	False	True	(2, -1, -4)	()	2	2	major	minor	ii	ii, major	ii		ii	ii	True	iio	iio, minor		iio, minor		ii	0	2	2	1	-1	-1	True	False	False
6984	36	70	-2	B	-1	3	4	1	1	True	1.0	-1	60	60	98	60a	291	3/8	False	4	True				False	189		iio	C	ii		iio		ii	o				o	False	True	(2, -1, -4)	()	2	2	major	minor	ii	ii, major	ii		ii	ii	True	iio	iio, minor		iio, minor		ii	0	2	2	-2	-4	-4	True	False	False
6996	6	65	-1	F	0	3	4	2	1	True	1.5	-1	60	60	98	60a	583/2	1/16	False	4	False				False	189		iio	C	ii		iio		ii	o				o	False	True	(2, -1, -4)	()	2	2	major	minor	ii	ii, major	ii		ii	ii	True	iio	iio, minor		iio, minor		ii	0	2	2	-1	-3	-3	False	False	False
7002	6	67	1	G	0	3	4	2	1	True	1.75	-1	60	60	98	60a	1167/4	1/16	False	4	False				False	189		iio	C	ii		iio		ii	o				o	False	True	(2, -1, -4)	()	2	2	major	minor	ii	ii, major	ii		ii	ii	True	iio	iio, minor		iio, minor		ii	0	2	2	1	-1	-1	True	False	False
7008	12	64	4	E	0	3	4	2	1	True	2.0	-1	60	60	98	60a	292	1/8	False	4	False				False	189		iio	C	ii		iio		ii	o				o	False	True	(2, -1, -4)	()	2	2	major	minor	ii	ii, major	ii		ii	ii	True	iio	iio, minor		iio, minor		ii	0	2	2	4	2	2	True	True	True
7020	12	40	4	E	0	3	4	4	1	True	2.5	-1	60	60	98	60a	585/2	1/8	False	2	False				False	189		iio	C	ii		iio		ii	o				o	False	True	(2, -1, -4)	()	2	2	major	minor	ii	ii, major	ii		ii	ii	True	iio	iio, minor		iio, minor		ii	0	2	2	4	2	2	True	True	True
7020	12	55	1	G	0	3	4	3	1	True	2.5	-1	60	60	98	60a	585/2	1/8	False	3	False				False	189		iio	C	ii		iio		ii	o				o	False	True	(2, -1, -4)	()	2	2	major	minor	ii	ii, major	ii		ii	ii	True	iio	iio, minor		iio, minor		ii	0	2	2	1	-1	-1	True	False	False
7020	12	58	-2	B	-1	3	4	2	1	True	2.5	-1	60	60	98	60a	585/2	1/8	False	3	False				False	189		iio	C	ii		iio		ii	o				o	False	True	(2, -1, -4)	()	2	2	major	minor	ii	ii, major	ii		ii	ii	True	iio	iio, minor		iio, minor		ii	0	2	2	-2	-4	-4	True	False	False
7020	12	70	-2	B	-1	3	4	1	1	True	2.5	-1	60	60	98	60a	585/2	1/8	False	4	False				False	189		iio	C	ii		iio		ii	o				o	False	True	(2, -1, -4)	()	2	2	major	minor	ii	ii, major	ii		ii	ii	True	iio	iio, minor		iio, minor		ii	0	2	2	-2	-4	-4	True	False	False
7032	12	38	2	D	0	3	4	4	1	True	3.0	-1	60	60	98	60a	293	1/8	False	2	True				False	190		VI6	C	ii		VI6		VI		6			M	False	True	(0, -3, -4)	()	-4	0	major	minor	ii	ii, major	VI		ii	ii	True	VI6	VI6, minor		VI6, minor		VI	0	2	2	2	0	0	True	False	True
7032	12	53	-1	F	0	3	4	3	1	True	3.0	-1	60	60	98	60a	293	1/8	False	3	True				False	190		VI6	C	ii		VI6		VI		6			M	False	True	(0, -3, -4)	()	-4	0	major	minor	ii	ii, major	VI		ii	ii	True	VI6	VI6, minor		VI6, minor		VI	0	2	2	-1	-3	-3	True	False	False
7032	12	58	-2	B	-1	3	4	2	1	True	3.0	-1	60	60	98	60a	293	1/8	False	3	True				False	190		VI6	C	ii		VI6		VI		6			M	False	True	(0, -3, -4)	()	-4	0	major	minor	ii	ii, major	VI		ii	ii	True	VI6	VI6, minor		VI6, minor		VI	0	2	2	-2	-4	-4	True	True	False
7032	12	70	-2	B	-1	3	4	1	1	True	3.0	-1	60	60	98	60a	293	1/8	False	4	True				False	190		VI6	C	ii		VI6		VI		6			M	False	True	(0, -3, -4)	()	-4	0	major	minor	ii	ii, major	VI		ii	ii	True	VI6	VI6, minor		VI6, minor		VI	0	2	2	-2	-4	-4	True	True	False
7044	12	41	-1	F	0	3	4	4	1	True	3.5	-1	60	60	98	60a	587/2	1/8	False	2	True				False	191		VI43	C	ii		VI43		VI		43			Mm7	False	True	(-3, -6, -4, 0)	()	-4	-3	major	minor	ii	ii, major	VI		ii	ii	True	VI43	VI43, minor		VI43, minor		VI	0	2	2	-1	-3	-3	True	False	True
7044	12	57	3	A	0	3	4	3	1	True	3.5	-1	60	60	98	60a	587/2	1/8	False	3	True				False	191		VI43	C	ii		VI43		VI		43			Mm7	False	True	(-3, -6, -4, 0)	()	-4	-3	major	minor	ii	ii, major	VI		ii	ii	True	VI43	VI43, minor		VI43, minor		VI	0	2	2	3	1	1	False	False	False
7044	12	58	-2	B	-1	3	4	2	1	True	3.5	-1	60	60	98	60a	587/2	1/8	False	3	True				False	191		VI43	C	ii		VI43		VI		43			Mm7	False	True	(-3, -6, -4, 0)	()	-4	-3	major	minor	ii	ii, major	VI		ii	ii	True	VI43	VI43, minor		VI43, minor		VI	0	2	2	-2	-4	-4	True	True	False
7044	12	70	-2	B	-1	3	4	1	1	True	3.5	-1	60	60	98	60a	587/2	1/8	False	4	True				False	191		VI43	C	ii		VI43		VI		43			Mm7	False	True	(-3, -6, -4, 0)	()	-4	-3	major	minor	ii	ii, major	VI		ii	ii	True	VI43	VI43, minor		VI43, minor		VI	0	2	2	-2	-4	-4	True	True	False
7056	36	40	4	E	0	3	4	4	1	True	1.0	-1	61	61	99	61a	294	3/8	False	2	False				False	192		iio	C	ii		iio		ii	o				o	False	True	(2, -1, -4)	()	2	2	major	minor	ii	ii, major	ii		ii	ii	True	iio	iio, minor		iio, minor		ii	0	2	2	4	2	2	True	True	True
7056	12	55	1	G	0	3	4	3	1	True	1.0	-1	61	61	99	61a	294	1/8	False	3	False				False	192		iio	C	ii		iio		ii	o				o	False	True	(2, -1, -4)	()	2	2	major	minor	ii	ii, major	ii		ii	ii	True	iio	iio, minor		iio, minor		ii	0	2	2	1	-1	-1	True	False	False
7056	36	58	-2	B	-1	3	4	2	1	True	1.0	-1	61	61	99	61a	294	3/8	False	3	False				False	192		iio	C	ii		iio		ii	o				o	False	True	(2, -1, -4)	()	2	2	major	minor	ii	ii, major	ii		ii	ii	True	iio	iio, minor		iio, minor		ii	0	2	2	-2	-4	-4	True	False	False
7056	36	70	-2	B	-1	3	4	1	1	True	1.0	-1	61	61	99	61a	294	3/8	False	4	False				False	192		iio	C	ii		iio		ii	o				o	False	True	(2, -1, -4)	()	2	2	major	minor	ii	ii, major	ii		ii	ii	True	iio	iio, minor		iio, minor		ii	0	2	2	-2	-4	-4	True	False	False
7068	6	53	-1	F	0	3	4	3	1	True	1.5	-1	61	61	99	61a	589/2	1/16	False	3	False				False	192		iio	C	ii		iio		ii	o				o	False	True	(2, -1, -4)	()	2	2	major	minor	ii	ii, major	ii		ii	ii	True	iio	iio, minor		iio, minor		ii	0	2	2	-1	-3	-3	False	False	False
7074	6	55	1	G	0	3	4	3	1	True	1.75	-1	61	61	99	61a	1179/4	1/16	False	3	False				False	192		iio	C	ii		iio		ii	o				o	False	True	(2, -1, -4)	()	2	2	major	minor	ii	ii, major	ii		ii	ii	True	iio	iio, minor		iio, minor		ii	0	2	2	1	-1	-1	True	False	False
7080	12	52	4	E	0	3	4	3	1	True	2.0	-1	61	61	99	61a	295	1/8	False	3	False				False	192		iio	C	ii		iio		ii	o				o	False	True	(2, -1, -4)	()	2	2	major	minor	ii	ii, major	ii		ii	ii	True	iio	iio, minor		iio, minor		ii	0	2	2	4	2	2	True	True	True
7092	12	64	4	E	0	3	4	3	1	True	2.5	-1	61	61	99	61a	591/2	1/8	False	4	True				False	193		iio	C	ii		iio		ii	o				o	False	True	(2, -1, -4)	()	2	2	major	minor	ii	ii, major	ii		ii	ii	True	iio	iio, minor		iio, minor		ii	0	2	2	4	2	2	True	True	True
7092	12	67	1	G	0	3	4	2	1	True	2.5	-1	61	61	99	61a	591/2	1/8	False	4	True				False	193		iio	C	ii		iio		ii	o				o	False	True	(2, -1, -4)	()	2	2	major	minor	ii	ii, major	ii		ii	ii	True	iio	iio, minor		iio, minor		ii	0	2	2	1	-1	-1	True	False	False
7092	12	70	-2	B	-1	3	4	1	1	True	2.5	-1	61	61	99	61a	591/2	1/8	False	4	True				False	193		iio	C	ii		iio		ii	o				o	False	True	(2, -1, -4)	()	2	2	major	minor	ii	ii, major	ii		ii	ii	True	iio	iio, minor		iio, minor		ii	0	2	2	-2	-4	-4	True	False	False
7104	12	64	4	E	0	3	4	3	1	True	3.0	-1	61	61	99	61a	296	1/8	False	4	False				False	194		V6/III	C	ii		V6/III		V		6		III	M	False	True	(2, -1, -2)	()	-2	2	major	minor	ii	ii, major	V/III	III	III/ii	IV	False	V6/III	V6/III, minor		V6/III, minor	III	III	0	2	-1	4	2	5	True	False	True
7104	12	67	1	G	0	3	4	2	1	True	3.0	-1	61	61	99	61a	296	1/8	False	4	False				False	194		V6/III	C	ii		V6/III		V		6		III	M	False	True	(2, -1, -2)	()	-2	2	major	minor	ii	ii, major	V/III	III	III/ii	IV	False	V6/III	V6/III, minor		V6/III, minor	III	III	0	2	-1	1	-1	2	True	False	False
7104	12	72	0	C	0	3	4	1	1	True	3.0	-1	61	61	99	61a	296	1/8	False	5	False				False	194		V6/III	C	ii		V6/III		V		6		III	M	False	True	(2, -1, -2)	()	-2	2	major	minor	ii	ii, major	V/III	III	III/ii	IV	False	V6/III	V6/III, minor		V6/III, minor	III	III	0	2	-1	0	-2	1	True	True	False
7116	12	64	4	E	0	3	4	3	1	True	3.5	-1	61	61	99	61a	593/2	1/8	False	4	True				False	195		V6/III	C	ii		V6/III		V		6		III	M	False	True	(2, -1, -2)	()	-2	2	major	minor	ii	ii, major	V/III	III	III/ii	IV	False	V6/III	V6/III, minor		V6/III, minor	III	III	0	2	-1	4	2	5	True	False	True
7116	12	67	1	G	0	3	4	2	1	True	3.5	-1	61	61	99	61a	593/2	1/8	False	4	True				False	195		V6/III	C	ii		V6/III		V		6		III	M	False	True	(2, -1, -2)	()	-2	2	major	minor	ii	ii, major	V/III	III	III/ii	IV	False	V6/III	V6/III, minor		V6/III, minor	III	III	0	2	-1	1	-1	2	True	False	False
7116	12	72	0	C	0	3	4	1	1	True	3.5	-1	61	61	99	61a	593/2	1/8	False	5	True				False	195		V6/III	C	ii		V6/III		V		6		III	M	False	True	(2, -1, -2)	()	-2	2	major	minor	ii	ii, major	V/III	III	III/ii	IV	False	V6/III	V6/III, minor		V6/III, minor	III	III	0	2	-1	0	-2	1	True	True	False
7128	24	65	-1	F	0	3	4	3	1	True	1.0	-1	62	62	100	62a	297	1/4	False	4	True				False	196		IV.I	C	IV		I		I					M	False	False	(0, 4, 1)	()	0	0	major	major	IV	IV, major	I		IV	IV	False	I	I, major		I, major		I	0	-1	-1	-1	0	0	True	True	True
7128	12	69	3	A	0	3	4	2	1	True	1.0	-1	62	62	100	62a	297	1/8	False	4	True				False	196		IV.I	C	IV		I		I					M	False	False	(0, 4, 1)	()	0	0	major	major	IV	IV, major	I		IV	IV	False	I	I, major		I, major		I	0	-1	-1	3	4	4	True	False	False
7128	36	72	0	C	0	3	4	1	1	True	1.0	-1	62	62	100	62a	297	3/8	False	5	True				False	196		IV.I	C	IV		I		I					M	False	False	(0, 4, 1)	()	0	0	major	major	IV	IV, major	I		IV	IV	False	I	I, major		I, major		I	0	-1	-1	0	1	1	True	False	False
7140	6	67	1	G	0	3	4	2	1	True	1.5	-1	62	62	100	62a	595/2	1/16	False	4	False				False	196		IV.I	C	IV		I		I					M	False	False	(0, 4, 1)	()	0	0	major	major	IV	IV, major	I		IV	IV	False	I	I, major		I, major		I	0	-1	-1	1	2	2	False	False	False
7146	6	69	3	A	0	3	4	2	1	True	1.75	-1	62	62	100	62a	1191/4	1/16	False	4	False				False	196		IV.I	C	IV		I		I					M	False	False	(0, 4, 1)	()	0	0	major	major	IV	IV, major	I		IV	IV	False	I	I, major		I, major		I	0	-1	-1	3	4	4	True	False	False
7152	12	65	-1	F	0	3	4	2	1	True	2.0	-1	62	62	100	62a	298	1/8	False	4	False				False	196		IV.I	C	IV		I		I					M	False	False	(0, 4, 1)	()	0	0	major	major	IV	IV, major	I		IV	IV	False	I	I, major		I, major		I	0	-1	-1	-1	0	0	True	True	True
7164	12	41	-1	F	0	3	4	4	1	True	2.5	-1	62	62	100	62a	597/2	1/8	False	2	False				False	196		IV.I	C	IV		I		I					M	False	False	(0, 4, 1)	()	0	0	major	major	IV	IV, major	I		IV	IV	False	I	I, major		I, major		I	0	-1	-1	-1	0	0	True	True	True
7164	12	57	3	A	0	3	4	3	1	True	2.5	-1	62	62	100	62a	597/2	1/8	False	3	False				False	196		IV.I	C	IV		I		I					M	False	False	(0, 4, 1)	()	0	0	major	major	IV	IV, major	I		IV	IV	False	I	I, major		I, major		I	0	-1	-1	3	4	4	True	False	False
7164	12	60	0	C	0	3	4	2	1	True	2.5	-1	62	62	100	62a	597/2	1/8	False	4	False				False	196		IV.I	C	IV		I		I					M	False	False	(0, 4, 1)	()	0	0	major	major	IV	IV, major	I		IV	IV	False	I	I, major		I, major		I	0	-1	-1	0	1	1	True	False	False
7176	12	40	4	E	0	3	4	4	1	True	3.0	-1	62	62	100	62a	299	1/8	False	2	True				False	197		V6	C	IV		V6		V		6			M	False	False	(5, 2, 1)	()	1	5	major	major	IV	IV, major	V		IV	IV	False	V6	V6, major		V6, major		V	0	-1	-1	4	5	5	True	False	True
7176	12	55	1	G	0	3	4	3	1	True	3.0	-1	62	62	100	62a	299	1/8	False	3	True				False	197		V6	C	IV		V6		V		6			M	False	False	(5, 2, 1)	()	1	5	major	major	IV	IV, major	V		IV	IV	False	V6	V6, major		V6, major		V	0	-1	-1	1	2	2	True	False	False
7176	12	60	0	C	0	3	4	2	1	True	3.0	-1	62	62	100	62a	299	1/8	False	4	True				False	197		V6	C	IV		V6		V		6			M	False	False	(5, 2, 1)	()	1	5	major	major	IV	IV, major	V		IV	IV	False	V6	V6, major		V6, major		V	0	-1	-1	0	1	1	True	True	False
7188	12	43	1	G	0	3	4	4	1	True	3.5	-1	62	62	100	62a	599/2	1/8	False	2	True				False	198		V43	C	IV		V43		V		43			Mm7	False	False	(2, -1, 1, 5)	()	1	2	major	major	IV	IV, major	V		IV	IV	False	V43	V43, major		V43, major		V	0	-1	-1	1	2	2	True	False	True
7188	12	58	-2	B	-1	3	4	3	1	True	3.5	-1	62	62	100	62a	599/2	1/8	False	3	True				False	198		V43	C	IV		V43		V		43			Mm7	False	False	(2, -1, 1, 5)	()	1	2	major	major	IV	IV, major	V		IV	IV	False	V43	V43, major		V43, major		V	0	-1	-1	-2	-1	-1	True	False	False
7188	12	60	0	C	0	3	4	2	1	True	3.5	-1	62	62	100	62a	599/2	1/8	False	4	True				False	198		V43	C	IV		V43		V		43			Mm7	False	False	(2, -1, 1, 5)	()	1	2	major	major	IV	IV, major	V		IV	IV	False	V43	V43, major		V43, major		V	0	-1	-1	0	1	1	True	True	False
7200	24	41	-1	F	0	3	4	4	1	True	1.0	-1	63	63	101	63a	300	1/4	False	2	True				False	199		I	C	IV		I		I					M	False	False	(0, 4, 1)	()	0	0	major	major	IV	IV, major	I		IV	IV	False	I	I, major		I, major		I	0	-1	-1	-1	0	0	True	True	True
7200	12	57	3	A	0	3	4	3	1	True	1.0	-1	63	63	101	63a	300	1/8	False	3	True				False	199		I	C	IV		I		I					M	False	False	(0, 4, 1)	()	0	0	major	major	IV	IV, major	I		IV	IV	False	I	I, major		I, major		I	0	-1	-1	3	4	4	True	False	False
7200	36	60	0	C	0	3	4	2	1	True	1.0	-1	63	63	101	63a	300	3/8	False	4	True				False	199		I	C	IV		I		I					M	False	False	(0, 4, 1)	()	0	0	major	major	IV	IV, major	I		IV	IV	False	I	I, major		I, major		I	0	-1	-1	0	1	1	True	False	False
7212	6	55	1	G	0	3	4	3	1	True	1.5	-1	63	63	101	63a	601/2	1/16	False	3	False				False	199		I	C	IV		I		I					M	False	False	(0, 4, 1)	()	0	0	major	major	IV	IV, major	I		IV	IV	False	I	I, major		I, major		I	0	-1	-1	1	2	2	False	False	False
7218	6	57	3	A	0	3	4	3	1	True	1.75	-1	63	63	101	63a	1203/4	1/16	False	3	False				False	199		I	C	IV		I		I					M	False	False	(0, 4, 1)	()	0	0	major	major	IV	IV, major	I		IV	IV	False	I	I, major		I, major		I	0	-1	-1	3	4	4	True	False	False
7224	12	53	-1	F	0	3	4	3	1	True	2.0	-1	63	63	101	63a	301	1/8	False	3	False				False	199		I	C	IV		I		I					M	False	False	(0, 4, 1)	()	0	0	major	major	IV	IV, major	I		IV	IV	False	I	I, major		I, major		I	0	-1	-1	-1	0	0	True	True	True
7236	12	65	-1	F	0	3	4	3	1	True	2.5	-1	63	63	101	63a	603/2	1/8	False	4	False				False	199		I	C	IV		I		I					M	False	False	(0, 4, 1)	()	0	0	major	major	IV	IV, major	I		IV	IV	False	I	I, major		I, major		I	0	-1	-1	-1	0	0	True	True	True
7236	12	69	3	A	0	3	4	2	1	True	2.5	-1	63	63	101	63a	603/2	1/8	False	4	False				False	199		I	C	IV		I		I					M	False	False	(0, 4, 1)	()	0	0	major	major	IV	IV, major	I		IV	IV	False	I	I, major		I, major		I	0	-1	-1	3	4	4	True	False	False
7236	12	72	0	C	0	3	4	1	1	True	2.5	-1	63	63	101	63a	603/2	1/8	False	5	False				False	199		I	C	IV		I		I					M	False	False	(0, 4, 1)	()	0	0	major	major	IV	IV, major	I		IV	IV	False	I	I, major		I, major		I	0	-1	-1	0	1	1	True	False	False
7248	12	64	4	E	0	3	4	3	1	True	3.0	-1	63	63	101	63a	302	1/8	False	4	True				False	200		V6	C	IV		V6		V		6			M	False	False	(5, 2, 1)	()	1	5	major	major	IV	IV, major	V		IV	IV	False	V6	V6, major		V6, major		V	0	-1	-1	4	5	5	True	False	True
7248	12	67	1	G	0	3	4	2	1	True	3.0	-1	63	63	101	63a	302	1/8	False	4	True				False	200		V6	C	IV		V6		V		6			M	False	False	(5, 2, 1)	()	1	5	major	major	IV	IV, major	V		IV	IV	False	V6	V6, major		V6, major		V	0	-1	-1	1	2	2	True	False	False
7248	12	72	0	C	0	3	4	1	1	True	3.0	-1	63	63	101	63a	302	1/8	False	5	True				False	200		V6	C	IV		V6		V		6			M	False	False	(5, 2, 1)	()	1	5	major	major	IV	IV, major	V		IV	IV	False	V6	V6, major		V6, major		V	0	-1	-1	0	1	1	True	True	False
7260	12	67	1	G	0	3	4	3	1	True	3.5	-1	63	63	101	63a	605/2	1/8	False	4	True				False	201		V43	C	IV		V43		V		43			Mm7	False	False	(2, -1, 1, 5)	()	1	2	major	major	IV	IV, major	V		IV	IV	False	V43	V43, major		V43, major		V	0	-1	-1	1	2	2	True	False	True
7260	12	70	-2	B	-1	3	4	2	1	True	3.5	-1	63	63	101	63a	605/2	1/8	False	4	True				False	201		V43	C	IV		V43		V		43			Mm7	False	False	(2, -1, 1, 5)	()	1	2	major	major	IV	IV, major	V		IV	IV	False	V43	V43, major		V43, major		V	0	-1	-1	-2	-1	-1	True	False	False
7260	12	72	0	C	0	3	4	1	1	True	3.5	-1	63	63	101	63a	605/2	1/8	False	5	True				False	201		V43	C	IV		V43		V		43			Mm7	False	False	(2, -1, 1, 5)	()	1	2	major	major	IV	IV, major	V		IV	IV	False	V43	V43, major		V43, major		V	0	-1	-1	0	1	1	True	True	False
7272	24	65	-1	F	0	3	4	3	1	True	1.0	-1	64	64	102	64a	303	1/4	False	4	True				False	202		I	C	IV		I		I					M	False	False	(0, 4, 1)	()	0	0	major	major	IV	IV, major	I		IV	IV	False	I	I, major		I, major		I	0	-1	-1	-1	0	0	True	True	True
7272	12	69	3	A	0	3	4	2	1	True	1.0	-1	64	64	102	64a	303	1/8	False	4	True				False	202		I	C	IV		I		I					M	False	False	(0, 4, 1)	()	0	0	major	major	IV	IV, major	I		IV	IV	False	I	I, major		I, major		I	0	-1	-1	3	4	4	True	False	False
7272	36	72	0	C	0	3	4	1	1	True	1.0	-1	64	64	102	64a	303	3/8	False	5	True				False	202		I	C	IV		I		I					M	False	False	(0, 4, 1)	()	0	0	major	major	IV	IV, major	I		IV	IV	False	I	I, major		I, major		I	0	-1	-1	0	1	1	True	False	False
7284	6	67	1	G	0	3	4	2	1	True	1.5	-1	64	64	102	64a	607/2	1/16	False	4	False				False	202		I	C	IV		I		I					M	False	False	(0, 4, 1)	()	0	0	major	major	IV	IV, major	I		IV	IV	False	I	I, major		I, major		I	0	-1	-1	1	2	2	False	False	False
7290	6	69	3	A	0	3	4	2	1	True	1.75	-1	64	64	102	64a	1215/4	1/16	False	4	False				False	202		I	C	IV		I		I					M	False	False	(0, 4, 1)	()	0	0	major	major	IV	IV, major	I		IV	IV	False	I	I, major		I, major		I	0	-1	-1	3	4	4	True	False	False
7296	12	65	-1	F	0	3	4	2	1	True	2.0	-1	64	64	102	64a	304	1/8	False	4	False				False	202		I	C	IV		I		I					M	False	False	(0, 4, 1)	()	0	0	major	major	IV	IV, major	I		IV	IV	False	I	I, major		I, major		I	0	-1	-1	-1	0	0	True	True	True
7308	12	53	-1	F	0	3	4	3	1	True	2.5	-1	64	64	102	64a	609/2	1/8	False	3	False				False	202		I	C	IV		I		I					M	False	False	(0, 4, 1)	()	0	0	major	major	IV	IV, major	I		IV	IV	False	I	I, major		I, major		I	0	-1	-1	-1	0	0	True	True	True
7308	12	57	3	A	0	3	4	2	1	True	2.5	-1	64	64	102	64a	609/2	1/8	False	3	False				False	202		I	C	IV		I		I					M	False	False	(0, 4, 1)	()	0	0	major	major	IV	IV, major	I		IV	IV	False	I	I, major		I, major		I	0	-1	-1	3	4	4	True	False	False
7308	12	60	0	C	0	3	4	1	1	True	2.5	-1	64	64	102	64a	609/2	1/8	False	4	False				False	202		I	C	IV		I		I					M	False	False	(0, 4, 1)	()	0	0	major	major	IV	IV, major	I		IV	IV	False	I	I, major		I, major		I	0	-1	-1	0	1	1	True	False	False
7320	12	52	4	E	0	3	4	3	1	True	3.0	-1	64	64	102	64a	305	1/8	False	3	True				False	203		V6	C	IV		V6		V		6			M	False	False	(5, 2, 1)	()	1	5	major	major	IV	IV, major	V		IV	IV	False	V6	V6, major		V6, major		V	0	-1	-1	4	5	5	True	False	True
7320	12	55	1	G	0	3	4	2	1	True	3.0	-1	64	64	102	64a	305	1/8	False	3	True				False	203		V6	C	IV		V6		V		6			M	False	False	(5, 2, 1)	()	1	5	major	major	IV	IV, major	V		IV	IV	False	V6	V6, major		V6, major		V	0	-1	-1	1	2	2	True	False	False
7320	12	60	0	C	0	3	4	1	1	True	3.0	-1	64	64	102	64a	305	1/8	False	4	True				False	203		V6	C	IV		V6		V		6			M	False	False	(5, 2, 1)	()	1	5	major	major	IV	IV, major	V		IV	IV	False	V6	V6, major		V6, major		V	0	-1	-1	0	1	1	True	True	False
7332	12	36	0	C	0	3	4	4	1	True	3.5	-1	64	64	102	64a	611/2	1/8	False	2	True				False	204		V7	C	IV		V7		V		7			Mm7	False	False	(1, 5, 2, -1)	()	1	1	major	major	IV	IV, major	V		IV	IV	False	V7	V7, major		V7, major		V	0	-1	-1	0	1	1	True	True	True
7332	12	55	1	G	0	3	4	3	1	True	3.5	-1	64	64	102	64a	611/2	1/8	False	3	True				False	204		V7	C	IV		V7		V		7			Mm7	False	False	(1, 5, 2, -1)	()	1	1	major	major	IV	IV, major	V		IV	IV	False	V7	V7, major		V7, major		V	0	-1	-1	1	2	2	True	False	False
7332	12	58	-2	B	-1	3	4	2	1	True	3.5	-1	64	64	102	64a	611/2	1/8	False	3	True				False	204		V7	C	IV		V7		V		7			Mm7	False	False	(1, 5, 2, -1)	()	1	1	major	major	IV	IV, major	V		IV	IV	False	V7	V7, major		V7, major		V	0	-1	-1	-2	-1	-1	True	False	False
7332	12	64	4	E	0	3	4	1	1	True	3.5	-1	64	64	102	64a	611/2	1/8	False	4	True				False	204		V7	C	IV		V7		V		7			Mm7	False	False	(1, 5, 2, -1)	()	1	1	major	major	IV	IV, major	V		IV	IV	False	V7	V7, major		V7, major		V	0	-1	-1	4	5	5	True	False	False
7344	24	41	-1	F	0	3	4	4	1	True	1.0	-1	65	65	103	65a	306	1/4	False	2	True				False	205		I	C	IV		I		I					M	False	False	(0, 4, 1)	()	0	0	major	major	IV	IV, major	I		IV	IV	False	I	I, major		I, major		I	0	-1	-1	-1	0	0	True	True	True
7344	6	53	-1	F	0	3	4	3	1	True	1.0	-1	65	65	103	65a	306	1/16	False	3	True				False	205		I	C	IV		I		I					M	False	False	(0, 4, 1)	()	0	0	major	major	IV	IV, major	I		IV	IV	False	I	I, major		I, major		I	0	-1	-1	-1	0	0	True	True	True
7344	24	57	3	A	0	3	4	2	1	True	1.0	-1	65	65	103	65a	306	1/4	False	3	True				False	205		I	C	IV		I		I					M	False	False	(0, 4, 1)	()	0	0	major	major	IV	IV, major	I		IV	IV	False	I	I, major		I, major		I	0	-1	-1	3	4	4	True	False	False
7344	24	65	-1	F	0	3	4	1	1	True	1.0	-1	65	65	103	65a	306	1/4	False	4	True				False	205		I	C	IV		I		I					M	False	False	(0, 4, 1)	()	0	0	major	major	IV	IV, major	I		IV	IV	False	I	I, major		I, major		I	0	-1	-1	-1	0	0	True	True	True
7350	6	55	1	G	0	3	4	3	1	True	1.25	-1	65	65	103	65a	1225/4	1/16	False	3	False				False	205		I	C	IV		I		I					M	False	False	(0, 4, 1)	()	0	0	major	major	IV	IV, major	I		IV	IV	False	I	I, major		I, major		I	0	-1	-1	1	2	2	False	False	False
7356	6	57	3	A	0	3	4	3	1	True	1.5	-1	65	65	103	65a	613/2	1/16	False	3	False				False	205		I	C	IV		I		I					M	False	False	(0, 4, 1)	()	0	0	major	major	IV	IV, major	I		IV	IV	False	I	I, major		I, major		I	0	-1	-1	3	4	4	True	False	False
7362	6	58	-2	B	-1	3	4	3	1	True	1.75	-1	65	65	103	65a	1227/4	1/16	False	3	False				False	205		I	C	IV		I		I					M	False	False	(0, 4, 1)	()	0	0	major	major	IV	IV, major	I		IV	IV	False	I	I, major		I, major		I	0	-1	-1	-2	-1	-1	False	False	False
7368	6	60	0	C	0	3	4	3	1	True	2.0	-1	65	65	103	65a	307	1/16	False	4	False				False	205		I	C	IV		I		I					M	False	False	(0, 4, 1)	()	0	0	major	major	IV	IV, major	I		IV	IV	False	I	I, major		I, major		I	0	-1	-1	0	1	1	True	False	False
7374	6	62	2	D	0	3	4	3	1	True	2.25	-1	65	65	103	65a	1229/4	1/16	False	4	False				False	205		I	C	IV		I		I					M	False	False	(0, 4, 1)	()	0	0	major	major	IV	IV, major	I		IV	IV	False	I	I, major		I, major		I	0	-1	-1	2	3	3	False	False	False
7380	6	60	0	C	0	3	4	3	1	True	2.5	-1	65	65	103	65a	615/2	1/16	False	4	False				False	205		I	C	IV		I		I					M	False	False	(0, 4, 1)	()	0	0	major	major	IV	IV, major	I		IV	IV	False	I	I, major		I, major		I	0	-1	-1	0	1	1	True	False	False
7386	6	58	-2	B	-1	3	4	3	1	True	2.75	-1	65	65	103	65a	1231/4	1/16	False	3	False				False	205		I	C	IV		I		I					M	False	False	(0, 4, 1)	()	0	0	major	major	IV	IV, major	I		IV	IV	False	I	I, major		I, major		I	0	-1	-1	-2	-1	-1	False	False	False
7392	6	57	3	A	0	3	4	3	1	True	3.0	-1	65	65	103	65a	308	1/16	False	3	False				False	205		I	C	IV		I		I					M	False	False	(0, 4, 1)	()	0	0	major	major	IV	IV, major	I		IV	IV	False	I	I, major		I, major		I	0	-1	-1	3	4	4	True	False	False
7392	24	69	3	A	0	3	4	1	1	True	3.0	-1	65	65	103	65a	308	1/4	False	4	False				False	205		I	C	IV		I		I					M	False	False	(0, 4, 1)	()	0	0	major	major	IV	IV, major	I		IV	IV	False	I	I, major		I, major		I	0	-1	-1	3	4	4	True	False	False
7398	6	60	0	C	0	3	4	3	1	True	3.25	-1	65	65	103	65a	1233/4	1/16	False	4	False				False	205		I	C	IV		I		I					M	False	False	(0, 4, 1)	()	0	0	major	major	IV	IV, major	I		IV	IV	False	I	I, major		I, major		I	0	-1	-1	0	1	1	True	False	False
7404	6	62	2	D	0	3	4	3	1	True	3.5	-1	65	65	103	65a	617/2	1/16	False	4	False				False	205		I	C	IV		I		I					M	False	False	(0, 4, 1)	()	0	0	major	major	IV	IV, major	I		IV	IV	False	I	I, major		I, major		I	0	-1	-1	2	3	3	False	False	False
7410	6	64	4	E	0	3	4	3	1	True	3.75	-1	65	65	103	65a	1235/4	1/16	False	4	False				False	205		I	C	IV		I		I					M	False	False	(0, 4, 1)	()	0	0	major	major	IV	IV, major	I		IV	IV	False	I	I, major		I, major		I	0	-1	-1	4	5	5	False	False	False
7416	24	41	-1	F	0	3	4	4	1	True	1.0	-1	66	66	104	66a	309	1/4	False	2	False				False	205		I	C	IV		I		I					M	False	False	(0, 4, 1)	()	0	0	major	major	IV	IV, major	I		IV	IV	False	I	I, major		I, major		I	0	-1	-1	-1	0	0	True	True	True
7416	24	57	3	A	0	3	4	2	1	True	1.0	-1	66	66	104	66a	309	1/4	False	3	False				False	205		I	C	IV		I		I					M	False	False	(0, 4, 1)	()	0	0	major	major	IV	IV, major	I		IV	IV	False	I	I, major		I, major		I	0	-1	-1	3	4	4	True	False	False
7416	6	65	-1	F	0	3	4	3	1	True	1.0	-1	66	66	104	66a	309	1/16	False	4	False				False	205		I	C	IV		I		I					M	False	False	(0, 4, 1)	()	0	0	major	major	IV	IV, major	I		IV	IV	False	I	I, major		I, major		I	0	-1	-1	-1	0	0	True	True	True
7416	24	65	-1	F	0	3	4	2	1	True	1.0	-1	66	66	104	66a	309	1/4	False	4	False				False	205		I	C	IV		I		I					M	False	False	(0, 4, 1)	()	0	0	major	major	IV	IV, major	I		IV	IV	False	I	I, major		I, major		I	0	-1	-1	-1	0	0	True	True	True
7416	24	69	3	A	0	3	4	1	1	False	1.0	-1	66	66	104	66a	309	1/4	False	4	False				False	205		I	C	IV		I		I					M	False	False	(0, 4, 1)	()	0	0	major	major	IV	IV, major	I		IV	IV	False	I	I, major		I, major		I	0	-1	-1	3	4	4	True	False	False
7422	6	64	4	E	0	3	4	3	1	True	1.25	-1	66	66	104	66a	1237/4	1/16	False	4	False				False	205		I	C	IV		I		I					M	False	False	(0, 4, 1)	()	0	0	major	major	IV	IV, major	I		IV	IV	False	I	I, major		I, major		I	0	-1	-1	4	5	5	False	False	False
7428	6	65	-1	F	0	3	4	3	1	True	1.5	-1	66	66	104	66a	619/2	1/16	False	4	False				False	205		I	C	IV		I		I					M	False	False	(0, 4, 1)	()	0	0	major	major	IV	IV, major	I		IV	IV	False	I	I, major		I, major		I	0	-1	-1	-1	0	0	True	True	True
7434	6	62	2	D	0	3	4	3	1	True	1.75	-1	66	66	104	66a	1239/4	1/16	False	4	False				False	205		I	C	IV		I		I					M	False	False	(0, 4, 1)	()	0	0	major	major	IV	IV, major	I		IV	IV	False	I	I, major		I, major		I	0	-1	-1	2	3	3	False	False	False
7440	6	60	0	C	0	3	4	3	1	True	2.0	-1	66	66	104	66a	310	1/16	False	4	False				False	205		I	C	IV		I		I					M	False	False	(0, 4, 1)	()	0	0	major	major	IV	IV, major	I		IV	IV	False	I	I, major		I, major		I	0	-1	-1	0	1	1	True	False	False
7446	6	64	4	E	0	3	4	3	1	True	2.25	-1	66	66	104	66a	1241/4	1/16	False	4	False				False	205		I	C	IV		I		I					M	False	False	(0, 4, 1)	()	0	0	major	major	IV	IV, major	I		IV	IV	False	I	I, major		I, major		I	0	-1	-1	4	5	5	False	False	False
7452	6	65	-1	F	0	3	4	3	1	True	2.5	-1	66	66	104	66a	621/2	1/16	False	4	False				False	205		I	C	IV		I		I					M	False	False	(0, 4, 1)	()	0	0	major	major	IV	IV, major	I		IV	IV	False	I	I, major		I, major		I	0	-1	-1	-1	0	0	True	True	True
7458	6	67	1	G	0	3	4	3	1	True	2.75	-1	66	66	104	66a	1243/4	1/16	False	4	False				False	205		I	C	IV		I		I					M	False	False	(0, 4, 1)	()	0	0	major	major	IV	IV, major	I		IV	IV	False	I	I, major		I, major		I	0	-1	-1	1	2	2	False	False	False
7464	6	69	3	A	0	3	4	3	1	True	3.0	-1	66	66	104	66a	311	1/16	False	4	False				False	205		I	C	IV		I		I					M	False	False	(0, 4, 1)	()	0	0	major	major	IV	IV, major	I		IV	IV	False	I	I, major		I, major		I	0	-1	-1	3	4	4	True	False	False
7464	24	72	0	C	0	3	4	1	1	True	3.0	-1	66	66	104	66a	311	1/4	False	5	False				False	205		I	C	IV		I		I					M	False	False	(0, 4, 1)	()	0	0	major	major	IV	IV, major	I		IV	IV	False	I	I, major		I, major		I	0	-1	-1	0	1	1	True	False	False
7470	6	70	-2	B	-1	3	4	3	1	True	3.25	-1	66	66	104	66a	1245/4	1/16	False	4	False				False	205		I	C	IV		I		I					M	False	False	(0, 4, 1)	()	0	0	major	major	IV	IV, major	I		IV	IV	False	I	I, major		I, major		I	0	-1	-1	-2	-1	-1	False	False	False
7476	6	69	3	A	0	3	4	3	1	True	3.5	-1	66	66	104	66a	623/2	1/16	False	4	False				False	205		I	C	IV		I		I					M	False	False	(0, 4, 1)	()	0	0	major	major	IV	IV, major	I		IV	IV	False	I	I, major		I, major		I	0	-1	-1	3	4	4	True	False	False
7482	6	67	1	G	0	3	4	3	1	True	3.75	-1	66	66	104	66a	1247/4	1/16	False	4	False				False	205		I	C	IV		I		I					M	False	False	(0, 4, 1)	()	0	0	major	major	IV	IV, major	I		IV	IV	False	I	I, major		I, major		I	0	-1	-1	1	2	2	False	False	False
7488	24	41	-1	F	0	3	4	4	1	True	1.0	-1	67	67	105	67a	312	1/4	False	2	False				False	205		I	C	IV		I		I					M	False	False	(0, 4, 1)	()	0	0	major	major	IV	IV, major	I		IV	IV	False	I	I, major		I, major		I	0	-1	-1	-1	0	0	True	True	True
7488	24	57	3	A	0	3	4	2	1	True	1.0	-1	67	67	105	67a	312	1/4	False	3	False				False	205		I	C	IV		I		I					M	False	False	(0, 4, 1)	()	0	0	major	major	IV	IV, major	I		IV	IV	False	I	I, major		I, major		I	0	-1	-1	3	4	4	True	False	False
7488	6	65	-1	F	0	3	4	3	1	True	1.0	-1	67	67	105	67a	312	1/16	False	4	False				False	205		I	C	IV		I		I					M	False	False	(0, 4, 1)	()	0	0	major	major	IV	IV, major	I		IV	IV	False	I	I, major		I, major		I	0	-1	-1	-1	0	0	True	True	True
7488	24	65	-1	F	0	3	4	2	1	True	1.0	-1	67	67	105	67a	312	1/4	False	4	False				False	205		I	C	IV		I		I					M	False	False	(0, 4, 1)	()	0	0	major	major	IV	IV, major	I		IV	IV	False	I	I, major		I, major		I	0	-1	-1	-1	0	0	True	True	True
7488	24	72	0	C	0	3	4	1	1	False	1.0	-1	67	67	105	67a	312	1/4	False	5	False				False	205		I	C	IV		I		I					M	False	False	(0, 4, 1)	()	0	0	major	major	IV	IV, major	I		IV	IV	False	I	I, major		I, major		I	0	-1	-1	0	1	1	True	False	False
7494	6	67	1	G	0	3	4	3	1	True	1.25	-1	67	67	105	67a	1249/4	1/16	False	4	False				False	205		I	C	IV		I		I					M	False	False	(0, 4, 1)	()	0	0	major	major	IV	IV, major	I		IV	IV	False	I	I, major		I, major		I	0	-1	-1	1	2	2	False	False	False
7500	6	69	3	A	0	3	4	3	1	True	1.5	-1	67	67	105	67a	625/2	1/16	False	4	False				False	205		I	C	IV		I		I					M	False	False	(0, 4, 1)	()	0	0	major	major	IV	IV, major	I		IV	IV	False	I	I, major		I, major		I	0	-1	-1	3	4	4	True	False	False
7506	6	70	-2	B	-1	3	4	3	1	True	1.75	-1	67	67	105	67a	1251/4	1/16	False	4	False				False	205		I	C	IV		I		I					M	False	False	(0, 4, 1)	()	0	0	major	major	IV	IV, major	I		IV	IV	False	I	I, major		I, major		I	0	-1	-1	-2	-1	-1	False	False	False
7512	6	72	0	C	0	3	4	3	1	True	2.0	-1	67	67	105	67a	313	1/16	False	5	False				False	205		I	C	IV		I		I					M	False	False	(0, 4, 1)	()	0	0	major	major	IV	IV, major	I		IV	IV	False	I	I, major		I, major		I	0	-1	-1	0	1	1	True	False	False
7518	6	74	2	D	0	3	4	3	1	True	2.25	-1	67	67	105	67a	1253/4	1/16	False	5	False				False	205		I	C	IV		I		I					M	False	False	(0, 4, 1)	()	0	0	major	major	IV	IV, major	I		IV	IV	False	I	I, major		I, major		I	0	-1	-1	2	3	3	False	False	False
7524	6	72	0	C	0	3	4	3	1	True	2.5	-1	67	67	105	67a	627/2	1/16	False	5	False				False	205		I	C	IV		I		I					M	False	False	(0, 4, 1)	()	0	0	major	major	IV	IV, major	I		IV	IV	False	I	I, major		I, major		I	0	-1	-1	0	1	1	True	False	False
7530	6	70	-2	B	-1	3	4	3	1	True	2.75	-1	67	67	105	67a	1255/4	1/16	False	4	False				False	205		I	C	IV		I		I					M	False	False	(0, 4, 1)	()	0	0	major	major	IV	IV, major	I		IV	IV	False	I	I, major		I, major		I	0	-1	-1	-2	-1	-1	False	False	False
7536	6	69	3	A	0	3	4	3	1	True	3.0	-1	67	67	105	67a	314	1/16	False	4	False				False	205		I	C	IV		I		I					M	False	False	(0, 4, 1)	()	0	0	major	major	IV	IV, major	I		IV	IV	False	I	I, major		I, major		I	0	-1	-1	3	4	4	True	False	False
7536	24	77	-1	F	0	3	4	1	1	True	3.0	-1	67	67	105	67a	314	1/4	False	5	False				False	205		I	C	IV		I		I					M	False	False	(0, 4, 1)	()	0	0	major	major	IV	IV, major	I		IV	IV	False	I	I, major		I, major		I	0	-1	-1	-1	0	0	True	True	True
7542	6	65	-1	F	0	3	4	3	1	True	3.25	-1	67	67	105	67a	1257/4	1/16	False	4	False				False	205		I	C	IV		I		I					M	False	False	(0, 4, 1)	()	0	0	major	major	IV	IV, major	I		IV	IV	False	I	I, major		I, major		I	0	-1	-1	-1	0	0	True	True	True
7548	6	64	4	E	0	3	4	3	1	True	3.5	-1	67	67	105	67a	629/2	1/16	False	4	False				False	205		I	C	IV		I		I					M	False	False	(0, 4, 1)	()	0	0	major	major	IV	IV, major	I		IV	IV	False	I	I, major		I, major		I	0	-1	-1	4	5	5	False	False	False
7554	6	62	2	D	0	3	4	3	1	True	3.75	-1	67	67	105	67a	1259/4	1/16	False	4	False				False	205		I	C	IV		I		I					M	False	False	(0, 4, 1)	()	0	0	major	major	IV	IV, major	I		IV	IV	False	I	I, major		I, major		I	0	-1	-1	2	3	3	False	False	False
7560	6	60	0	C	0	3	4	3	1	True	1.0	-1	68	68	106	68a	315	1/16	False	4	True				False	206		V(64)	C	IV		V(64)		V			64		M	False	False	(1, 0, 4)	()	1	1	major	major	IV	IV, major	V		IV	IV	False	V	V, major		V(64), major		V	0	-1	-1	0	1	1	True	True	True
7560	12	77	-1	F	0	3	4	1	1	False	1.0	-1	68	68	106	68a	315	1/8	False	5	True				False	206		V(64)	C	IV		V(64)		V			64		M	False	False	(1, 0, 4)	()	1	1	major	major	IV	IV, major	V		IV	IV	False	V	V, major		V(64), major		V	0	-1	-1	-1	0	0	True	False	False
7566	6	58	-2	B	-1	3	4	3	1	True	1.25	-1	68	68	106	68a	1261/4	1/16	False	3	False				False	206		V(64)	C	IV		V(64)		V			64		M	False	False	(1, 0, 4)	()	1	1	major	major	IV	IV, major	V		IV	IV	False	V	V, major		V(64), major		V	0	-1	-1	-2	-1	-1	False	False	False
7572	6	57	3	A	0	3	4	3	1	True	1.5	-1	68	68	106	68a	631/2	1/16	False	3	False				False	206		V(64)	C	IV		V(64)		V			64		M	False	False	(1, 0, 4)	()	1	1	major	major	IV	IV, major	V		IV	IV	False	V	V, major		V(64), major		V	0	-1	-1	3	4	4	True	False	False
7572	24	81	3	A	0	3	4	1	1	True	1.5	-1	68	68	106	68a	631/2	1/4	False	5	False				False	206		V(64)	C	IV		V(64)		V			64		M	False	False	(1, 0, 4)	()	1	1	major	major	IV	IV, major	V		IV	IV	False	V	V, major		V(64), major		V	0	-1	-1	3	4	4	True	False	False
7578	6	55	1	G	0	3	4	3	1	True	1.75	-1	68	68	106	68a	1263/4	1/16	False	3	False				False	206		V(64)	C	IV		V(64)		V			64		M	False	False	(1, 0, 4)	()	1	1	major	major	IV	IV, major	V		IV	IV	False	V	V, major		V(64), major		V	0	-1	-1	1	2	2	False	False	False
7584	6	53	-1	F	0	3	4	3	1	True	2.0	-1	68	68	106	68a	316	1/16	False	3	False				False	206		V(64)	C	IV		V(64)		V			64		M	False	False	(1, 0, 4)	()	1	1	major	major	IV	IV, major	V		IV	IV	False	V	V, major		V(64), major		V	0	-1	-1	-1	0	0	True	False	False
7590	6	60	0	C	0	3	4	3	1	True	2.25	-1	68	68	106	68a	1265/4	1/16	False	4	False				False	206		V(64)	C	IV		V(64)		V			64		M	False	False	(1, 0, 4)	()	1	1	major	major	IV	IV, major	V		IV	IV	False	V	V, major		V(64), major		V	0	-1	-1	0	1	1	True	True	True
7596	12	48	0	C	0	3	4	4	1	True	2.5	-1	68	68	106	68a	633/2	1/8	False	3	False				False	206		V(64)	C	IV		V(64)		V			64		M	False	False	(1, 0, 4)	()	1	1	major	major	IV	IV, major	V		IV	IV	False	V	V, major		V(64), major		V	0	-1	-1	0	1	1	True	True	True
7596	6	57	3	A	0	3	4	3	1	True	2.5	-1	68	68	106	68a	633/2	1/16	False	3	False				False	206		V(64)	C	IV		V(64)		V			64		M	False	False	(1, 0, 4)	()	1	1	major	major	IV	IV, major	V		IV	IV	False	V	V, major		V(64), major		V	0	-1	-1	3	4	4	True	False	False
7596	12	65	-1	F	0	3	4	2	1	True	2.5	-1	68	68	106	68a	633/2	1/8	False	4	False				False	206		V(64)	C	IV		V(64)		V			64		M	False	False	(1, 0, 4)	()	1	1	major	major	IV	IV, major	V		IV	IV	False	V	V, major		V(64), major		V	0	-1	-1	-1	0	0	True	False	False
7596	12	84	0	C	0	3	4	1	1	True	2.5	-1	68	68	106	68a	633/2	1/8	False	6	False				False	206		V(64)	C	IV		V(64)		V			64		M	False	False	(1, 0, 4)	()	1	1	major	major	IV	IV, major	V		IV	IV	False	V	V, major		V(64), major		V	0	-1	-1	0	1	1	True	True	True
7602	6	53	-1	F	0	3	4	3	1	True	2.75	-1	68	68	106	68a	1267/4	1/16	False	3	False				False	206		V(64)	C	IV		V(64)		V			64		M	False	False	(1, 0, 4)	()	1	1	major	major	IV	IV, major	V		IV	IV	False	V	V, major		V(64), major		V	0	-1	-1	-1	0	0	True	False	False
7608	12	48	0	C	0	3	4	4	1	True	3.0	-1	68	68	106	68a	317	1/8	False	3	True				False	207		V7	C	IV		V7		V		7			Mm7	False	False	(1, 5, 2, -1)	()	1	1	major	major	IV	IV, major	V		IV	IV	False	V7	V7, major		V7, major		V	0	-1	-1	0	1	1	True	True	True
7608	6	55	1	G	0	3	4	3	1	True	3.0	-1	68	68	106	68a	317	1/16	False	3	True				False	207		V7	C	IV		V7		V		7			Mm7	False	False	(1, 5, 2, -1)	()	1	1	major	major	IV	IV, major	V		IV	IV	False	V7	V7, major		V7, major		V	0	-1	-1	1	2	2	True	False	False
7608	12	64	4	E	0	3	4	2	1	True	3.0	-1	68	68	106	68a	317	1/8	False	4	True				False	207		V7	C	IV		V7		V		7			Mm7	False	False	(1, 5, 2, -1)	()	1	1	major	major	IV	IV, major	V		IV	IV	False	V7	V7, major		V7, major		V	0	-1	-1	4	5	5	True	False	False
7608	12	84	0	C	0	3	4	1	1	True	3.0	-1	68	68	106	68a	317	1/8	False	6	True				False	207		V7	C	IV		V7		V		7			Mm7	False	False	(1, 5, 2, -1)	()	1	1	major	major	IV	IV, major	V		IV	IV	False	V7	V7, major		V7, major		V	0	-1	-1	0	1	1	True	True	True
7614	6	60	0	C	0	3	4	3	1	True	3.25	-1	68	68	106	68a	1269/4	1/16	False	4	False				False	207		V7	C	IV		V7		V		7			Mm7	False	False	(1, 5, 2, -1)	()	1	1	major	major	IV	IV, major	V		IV	IV	False	V7	V7, major		V7, major		V	0	-1	-1	0	1	1	True	True	True
7620	12	48	0	C	0	3	4	4	1	True	3.5	-1	68	68	106	68a	635/2	1/8	False	3	False				False	207		V7	C	IV		V7		V		7			Mm7	False	False	(1, 5, 2, -1)	()	1	1	major	major	IV	IV, major	V		IV	IV	False	V7	V7, major		V7, major		V	0	-1	-1	0	1	1	True	True	True
7620	6	58	-2	B	-1	3	4	3	1	True	3.5	-1	68	68	106	68a	635/2	1/16	False	3	False				False	207		V7	C	IV		V7		V		7			Mm7	False	False	(1, 5, 2, -1)	()	1	1	major	major	IV	IV, major	V		IV	IV	False	V7	V7, major		V7, major		V	0	-1	-1	-2	-1	-1	True	False	False
7620	12	64	4	E	0	3	4	2	1	True	3.5	-1	68	68	106	68a	635/2	1/8	False	4	False				False	207		V7	C	IV		V7		V		7			Mm7	False	False	(1, 5, 2, -1)	()	1	1	major	major	IV	IV, major	V		IV	IV	False	V7	V7, major		V7, major		V	0	-1	-1	4	5	5	True	False	False
7620	12	84	0	C	0	3	4	1	1	True	3.5	-1	68	68	106	68a	635/2	1/8	False	6	False				False	207		V7	C	IV		V7		V		7			Mm7	False	False	(1, 5, 2, -1)	()	1	1	major	major	IV	IV, major	V		IV	IV	False	V7	V7, major		V7, major		V	0	-1	-1	0	1	1	True	True	True
7626	6	55	1	G	0	3	4	3	1	True	3.75	-1	68	68	106	68a	1271/4	1/16	False	3	False				False	207		V7	C	IV		V7		V		7			Mm7	False	False	(1, 5, 2, -1)	()	1	1	major	major	IV	IV, major	V		IV	IV	False	V7	V7, major		V7, major		V	0	-1	-1	1	2	2	True	False	False
7632	6	53	-1	F	0	3	4	3	1	True	1.0	-1	69	69	107	69a	318	1/16	False	3	True				False	208		I	C	IV		I		I					M	False	False	(0, 4, 1)	()	0	0	major	major	IV	IV, major	I		IV	IV	False	I	I, major		I, major		I	0	-1	-1	-1	0	0	True	True	True
7632	12	53	-1	F	0	3	4	4	1	True	1.0	-1	69	69	107	69a	318	1/8	False	3	True				False	208		I	C	IV		I		I					M	False	False	(0, 4, 1)	()	0	0	major	major	IV	IV, major	I		IV	IV	False	I	I, major		I, major		I	0	-1	-1	-1	0	0	True	True	True
7632	6	65	-1	F	0	3	4	2	1	True	1.0	-1	69	69	107	69a	318	1/16	False	4	True				False	208		I	C	IV		I		I					M	False	False	(0, 4, 1)	()	0	0	major	major	IV	IV, major	I		IV	IV	False	I	I, major		I, major		I	0	-1	-1	-1	0	0	True	True	True
7632	24	77	-1	F	0	3	4	1	1	True	1.0	-1	69	69	107	69a	318	1/4	False	5	True				False	208		I	C	IV		I		I					M	False	False	(0, 4, 1)	()	0	0	major	major	IV	IV, major	I		IV	IV	False	I	I, major		I, major		I	0	-1	-1	-1	0	0	True	True	True
7638	6	55	1	G	0	3	4	3	1	True	1.25	-1	69	69	107	69a	1273/4	1/16	False	3	False				False	208		I	C	IV		I		I					M	False	False	(0, 4, 1)	()	0	0	major	major	IV	IV, major	I		IV	IV	False	I	I, major		I, major		I	0	-1	-1	1	2	2	False	False	False
7638	6	67	1	G	0	3	4	2	1	True	1.25	-1	69	69	107	69a	1273/4	1/16	False	4	False				False	208		I	C	IV		I		I					M	False	False	(0, 4, 1)	()	0	0	major	major	IV	IV, major	I		IV	IV	False	I	I, major		I, major		I	0	-1	-1	1	2	2	False	False	False
7644	12	41	-1	F	0	3	4	4	1	True	1.5	-1	69	69	107	69a	637/2	1/8	False	2	False				False	208		I	C	IV		I		I					M	False	False	(0, 4, 1)	()	0	0	major	major	IV	IV, major	I		IV	IV	False	I	I, major		I, major		I	0	-1	-1	-1	0	0	True	True	True
7644	6	57	3	A	0	3	4	3	1	True	1.5	-1	69	69	107	69a	637/2	1/16	False	3	False				False	208		I	C	IV		I		I					M	False	False	(0, 4, 1)	()	0	0	major	major	IV	IV, major	I		IV	IV	False	I	I, major		I, major		I	0	-1	-1	3	4	4	True	False	False
7644	6	69	3	A	0	3	4	2	1	True	1.5	-1	69	69	107	69a	637/2	1/16	False	4	False				False	208		I	C	IV		I		I					M	False	False	(0, 4, 1)	()	0	0	major	major	IV	IV, major	I		IV	IV	False	I	I, major		I, major		I	0	-1	-1	3	4	4	True	False	False
7650	6	58	-2	B	-1	3	4	3	1	True	1.75	-1	69	69	107	69a	1275/4	1/16	False	3	False				False	208		I	C	IV		I		I					M	False	False	(0, 4, 1)	()	0	0	major	major	IV	IV, major	I		IV	IV	False	I	I, major		I, major		I	0	-1	-1	-2	-1	-1	False	False	False
7650	6	70	-2	B	-1	3	4	2	1	True	1.75	-1	69	69	107	69a	1275/4	1/16	False	4	False				False	208		I	C	IV		I		I					M	False	False	(0, 4, 1)	()	0	0	major	major	IV	IV, major	I		IV	IV	False	I	I, major		I, major		I	0	-1	-1	-2	-1	-1	False	False	False
7656	12	53	-1	F	0	3	4	4	1	True	2.0	-1	69	69	107	69a	319	1/8	False	3	False				False	208		I	C	IV		I		I					M	False	False	(0, 4, 1)	()	0	0	major	major	IV	IV, major	I		IV	IV	False	I	I, major		I, major		I	0	-1	-1	-1	0	0	True	True	True
7656	6	60	0	C	0	3	4	3	1	True	2.0	-1	69	69	107	69a	319	1/16	False	4	False				False	208		I	C	IV		I		I					M	False	False	(0, 4, 1)	()	0	0	major	major	IV	IV, major	I		IV	IV	False	I	I, major		I, major		I	0	-1	-1	0	1	1	True	False	False
7656	6	72	0	C	0	3	4	2	1	True	2.0	-1	69	69	107	69a	319	1/16	False	5	False				False	208		I	C	IV		I		I					M	False	False	(0, 4, 1)	()	0	0	major	major	IV	IV, major	I		IV	IV	False	I	I, major		I, major		I	0	-1	-1	0	1	1	True	False	False
7662	6	62	2	D	0	3	4	3	1	True	2.25	-1	69	69	107	69a	1277/4	1/16	False	4	False				False	208		I	C	IV		I		I					M	False	False	(0, 4, 1)	()	0	0	major	major	IV	IV, major	I		IV	IV	False	I	I, major		I, major		I	0	-1	-1	2	3	3	False	False	False
7662	6	74	2	D	0	3	4	2	1	True	2.25	-1	69	69	107	69a	1277/4	1/16	False	5	False				False	208		I	C	IV		I		I					M	False	False	(0, 4, 1)	()	0	0	major	major	IV	IV, major	I		IV	IV	False	I	I, major		I, major		I	0	-1	-1	2	3	3	False	False	False
7668	6	60	0	C	0	3	4	3	1	True	2.5	-1	69	69	107	69a	639/2	1/16	False	4	False				False	208		I	C	IV		I		I					M	False	False	(0, 4, 1)	()	0	0	major	major	IV	IV, major	I		IV	IV	False	I	I, major		I, major		I	0	-1	-1	0	1	1	True	False	False
7668	6	72	0	C	0	3	4	2	1	True	2.5	-1	69	69	107	69a	639/2	1/16	False	5	False				False	208		I	C	IV		I		I					M	False	False	(0, 4, 1)	()	0	0	major	major	IV	IV, major	I		IV	IV	False	I	I, major		I, major		I	0	-1	-1	0	1	1	True	False	False
7668	12	77	-1	F	0	3	4	1	1	True	2.5	-1	69	69	107	69a	639/2	1/8	False	5	False				False	208		I	C	IV		I		I					M	False	False	(0, 4, 1)	()	0	0	major	major	IV	IV, major	I		IV	IV	False	I	I, major		I, major		I	0	-1	-1	-1	0	0	True	True	True
7674	6	58	-2	B	-1	3	4	3	1	True	2.75	-1	69	69	107	69a	1279/4	1/16	False	3	False				False	208		I	C	IV		I		I					M	False	False	(0, 4, 1)	()	0	0	major	major	IV	IV, major	I		IV	IV	False	I	I, major		I, major		I	0	-1	-1	-2	-1	-1	False	False	False
7674	6	70	-2	B	-1	3	4	2	1	True	2.75	-1	69	69	107	69a	1279/4	1/16	False	4	False				False	208		I	C	IV		I		I					M	False	False	(0, 4, 1)	()	0	0	major	major	IV	IV, major	I		IV	IV	False	I	I, major		I, major		I	0	-1	-1	-2	-1	-1	False	False	False
7680	6	57	3	A	0	3	4	3	1	True	3.0	-1	69	69	107	69a	320	1/16	False	3	False				False	208		I	C	IV		I		I					M	False	False	(0, 4, 1)	()	0	0	major	major	IV	IV, major	I		IV	IV	False	I	I, major		I, major		I	0	-1	-1	3	4	4	True	False	False
7680	6	69	3	A	0	3	4	2	1	True	3.0	-1	69	69	107	69a	320	1/16	False	4	False				False	208		I	C	IV		I		I					M	False	False	(0, 4, 1)	()	0	0	major	major	IV	IV, major	I		IV	IV	False	I	I, major		I, major		I	0	-1	-1	3	4	4	True	False	False
7680	24	81	3	A	0	3	4	1	1	True	3.0	-1	69	69	107	69a	320	1/4	False	5	False				False	208		I	C	IV		I		I					M	False	False	(0, 4, 1)	()	0	0	major	major	IV	IV, major	I		IV	IV	False	I	I, major		I, major		I	0	-1	-1	3	4	4	True	False	False
7686	6	60	0	C	0	3	4	3	1	True	3.25	-1	69	69	107	69a	1281/4	1/16	False	4	False				False	208		I	C	IV		I		I					M	False	False	(0, 4, 1)	()	0	0	major	major	IV	IV, major	I		IV	IV	False	I	I, major		I, major		I	0	-1	-1	0	1	1	True	False	False
7686	6	72	0	C	0	3	4	2	1	True	3.25	-1	69	69	107	69a	1281/4	1/16	False	5	False				False	208		I	C	IV		I		I					M	False	False	(0, 4, 1)	()	0	0	major	major	IV	IV, major	I		IV	IV	False	I	I, major		I, major		I	0	-1	-1	0	1	1	True	False	False
7692	6	62	2	D	0	3	4	3	1	True	3.5	-1	69	69	107	69a	641/2	1/16	False	4	False				False	208		I	C	IV		I		I					M	False	False	(0, 4, 1)	()	0	0	major	major	IV	IV, major	I		IV	IV	False	I	I, major		I, major		I	0	-1	-1	2	3	3	False	False	False
7692	6	74	2	D	0	3	4	2	1	True	3.5	-1	69	69	107	69a	641/2	1/16	False	5	False				False	208		I	C	IV		I		I					M	False	False	(0, 4, 1)	()	0	0	major	major	IV	IV, major	I		IV	IV	False	I	I, major		I, major		I	0	-1	-1	2	3	3	False	False	False
7698	6	64	4	E	0	3	4	3	1	True	3.75	-1	69	69	107	69a	1283/4	1/16	False	4	False				False	208		I	C	IV		I		I					M	False	False	(0, 4, 1)	()	0	0	major	major	IV	IV, major	I		IV	IV	False	I	I, major		I, major		I	0	-1	-1	4	5	5	False	False	False
7698	6	76	4	E	0	3	4	2	1	True	3.75	-1	69	69	107	69a	1283/4	1/16	False	5	False				False	208		I	C	IV		I		I					M	False	False	(0, 4, 1)	()	0	0	major	major	IV	IV, major	I		IV	IV	False	I	I, major		I, major		I	0	-1	-1	4	5	5	False	False	False
7704	12	53	-1	F	0	3	4	4	1	True	1.0	-1	70	70	108	70a	321	1/8	False	3	False				False	208		I	C	IV		I		I					M	False	False	(0, 4, 1)	()	0	0	major	major	IV	IV, major	I		IV	IV	False	I	I, major		I, major		I	0	-1	-1	-1	0	0	True	True	True
7704	6	65	-1	F	0	3	4	3	1	True	1.0	-1	70	70	108	70a	321	1/16	False	4	False				False	208		I	C	IV		I		I					M	False	False	(0, 4, 1)	()	0	0	major	major	IV	IV, major	I		IV	IV	False	I	I, major		I, major		I	0	-1	-1	-1	0	0	True	True	True
7704	6	77	-1	F	0	3	4	2	1	True	1.0	-1	70	70	108	70a	321	1/16	False	5	False				False	208		I	C	IV		I		I					M	False	False	(0, 4, 1)	()	0	0	major	major	IV	IV, major	I		IV	IV	False	I	I, major		I, major		I	0	-1	-1	-1	0	0	True	True	True
7704	24	81	3	A	0	3	4	1	1	False	1.0	-1	70	70	108	70a	321	1/4	False	5	False				False	208		I	C	IV		I		I					M	False	False	(0, 4, 1)	()	0	0	major	major	IV	IV, major	I		IV	IV	False	I	I, major		I, major		I	0	-1	-1	3	4	4	True	False	False
7710	6	64	4	E	0	3	4	3	1	True	1.25	-1	70	70	108	70a	1285/4	1/16	False	4	False				False	208		I	C	IV		I		I					M	False	False	(0, 4, 1)	()	0	0	major	major	IV	IV, major	I		IV	IV	False	I	I, major		I, major		I	0	-1	-1	4	5	5	False	False	False
7710	6	76	4	E	0	3	4	2	1	True	1.25	-1	70	70	108	70a	1285/4	1/16	False	5	False				False	208		I	C	IV		I		I					M	False	False	(0, 4, 1)	()	0	0	major	major	IV	IV, major	I		IV	IV	False	I	I, major		I, major		I	0	-1	-1	4	5	5	False	False	False
7716	12	41	-1	F	0	3	4	4	1	True	1.5	-1	70	70	108	70a	643/2	1/8	False	2	False				False	208		I	C	IV		I		I					M	False	False	(0, 4, 1)	()	0	0	major	major	IV	IV, major	I		IV	IV	False	I	I, major		I, major		I	0	-1	-1	-1	0	0	True	True	True
7716	6	65	-1	F	0	3	4	3	1	True	1.5	-1	70	70	108	70a	643/2	1/16	False	4	False				False	208		I	C	IV		I		I					M	False	False	(0, 4, 1)	()	0	0	major	major	IV	IV, major	I		IV	IV	False	I	I, major		I, major		I	0	-1	-1	-1	0	0	True	True	True
7716	6	77	-1	F	0	3	4	2	1	True	1.5	-1	70	70	108	70a	643/2	1/16	False	5	False				False	208		I	C	IV		I		I					M	False	False	(0, 4, 1)	()	0	0	major	major	IV	IV, major	I		IV	IV	False	I	I, major		I, major		I	0	-1	-1	-1	0	0	True	True	True
7722	6	62	2	D	0	3	4	3	1	True	1.75	-1	70	70	108	70a	1287/4	1/16	False	4	False				False	208		I	C	IV		I		I					M	False	False	(0, 4, 1)	()	0	0	major	major	IV	IV, major	I		IV	IV	False	I	I, major		I, major		I	0	-1	-1	2	3	3	False	False	False
7722	6	74	2	D	0	3	4	2	1	True	1.75	-1	70	70	108	70a	1287/4	1/16	False	5	False				False	208		I	C	IV		I		I					M	False	False	(0, 4, 1)	()	0	0	major	major	IV	IV, major	I		IV	IV	False	I	I, major		I, major		I	0	-1	-1	2	3	3	False	False	False
7728	12	53	-1	F	0	3	4	4	1	True	2.0	-1	70	70	108	70a	322	1/8	False	3	False				False	208		I	C	IV		I		I					M	False	False	(0, 4, 1)	()	0	0	major	major	IV	IV, major	I		IV	IV	False	I	I, major		I, major		I	0	-1	-1	-1	0	0	True	True	True
7728	6	60	0	C	0	3	4	3	1	True	2.0	-1	70	70	108	70a	322	1/16	False	4	False				False	208		I	C	IV		I		I					M	False	False	(0, 4, 1)	()	0	0	major	major	IV	IV, major	I		IV	IV	False	I	I, major		I, major		I	0	-1	-1	0	1	1	True	False	False
7728	6	72	0	C	0	3	4	2	1	True	2.0	-1	70	70	108	70a	322	1/16	False	5	False				False	208		I	C	IV		I		I					M	False	False	(0, 4, 1)	()	0	0	major	major	IV	IV, major	I		IV	IV	False	I	I, major		I, major		I	0	-1	-1	0	1	1	True	False	False
7734	6	64	4	E	0	3	4	3	1	True	2.25	-1	70	70	108	70a	1289/4	1/16	False	4	False				False	208		I	C	IV		I		I					M	False	False	(0, 4, 1)	()	0	0	major	major	IV	IV, major	I		IV	IV	False	I	I, major		I, major		I	0	-1	-1	4	5	5	False	False	False
7734	6	76	4	E	0	3	4	2	1	True	2.25	-1	70	70	108	70a	1289/4	1/16	False	5	False				False	208		I	C	IV		I		I					M	False	False	(0, 4, 1)	()	0	0	major	major	IV	IV, major	I		IV	IV	False	I	I, major		I, major		I	0	-1	-1	4	5	5	False	False	False
7740	6	65	-1	F	0	3	4	3	1	True	2.5	-1	70	70	108	70a	645/2	1/16	False	4	False				False	208		I	C	IV		I		I					M	False	False	(0, 4, 1)	()	0	0	major	major	IV	IV, major	I		IV	IV	False	I	I, major		I, major		I	0	-1	-1	-1	0	0	True	True	True
7740	6	77	-1	F	0	3	4	2	1	True	2.5	-1	70	70	108	70a	645/2	1/16	False	5	False				False	208		I	C	IV		I		I					M	False	False	(0, 4, 1)	()	0	0	major	major	IV	IV, major	I		IV	IV	False	I	I, major		I, major		I	0	-1	-1	-1	0	0	True	True	True
7740	12	81	3	A	0	3	4	1	1	True	2.5	-1	70	70	108	70a	645/2	1/8	False	5	False				False	208		I	C	IV		I		I					M	False	False	(0, 4, 1)	()	0	0	major	major	IV	IV, major	I		IV	IV	False	I	I, major		I, major		I	0	-1	-1	3	4	4	True	False	False
7746	6	67	1	G	0	3	4	3	1	True	2.75	-1	70	70	108	70a	1291/4	1/16	False	4	False				False	208		I	C	IV		I		I					M	False	False	(0, 4, 1)	()	0	0	major	major	IV	IV, major	I		IV	IV	False	I	I, major		I, major		I	0	-1	-1	1	2	2	False	False	False
7746	6	79	1	G	0	3	4	2	1	True	2.75	-1	70	70	108	70a	1291/4	1/16	False	5	False				False	208		I	C	IV		I		I					M	False	False	(0, 4, 1)	()	0	0	major	major	IV	IV, major	I		IV	IV	False	I	I, major		I, major		I	0	-1	-1	1	2	2	False	False	False
7752	6	69	3	A	0	3	4	3	1	True	3.0	-1	70	70	108	70a	323	1/16	False	4	False				False	208		I	C	IV		I		I					M	False	False	(0, 4, 1)	()	0	0	major	major	IV	IV, major	I		IV	IV	False	I	I, major		I, major		I	0	-1	-1	3	4	4	True	False	False
7752	6	81	3	A	0	3	4	2	1	True	3.0	-1	70	70	108	70a	323	1/16	False	5	False				False	208		I	C	IV		I		I					M	False	False	(0, 4, 1)	()	0	0	major	major	IV	IV, major	I		IV	IV	False	I	I, major		I, major		I	0	-1	-1	3	4	4	True	False	False
7752	24	84	0	C	0	3	4	1	1	True	3.0	-1	70	70	108	70a	323	1/4	False	6	False				False	208		I	C	IV		I		I					M	False	False	(0, 4, 1)	()	0	0	major	major	IV	IV, major	I		IV	IV	False	I	I, major		I, major		I	0	-1	-1	0	1	1	True	False	False
7758	6	70	-2	B	-1	3	4	3	1	True	3.25	-1	70	70	108	70a	1293/4	1/16	False	4	False				False	208		I	C	IV		I		I					M	False	False	(0, 4, 1)	()	0	0	major	major	IV	IV, major	I		IV	IV	False	I	I, major		I, major		I	0	-1	-1	-2	-1	-1	False	False	False
7758	6	82	-2	B	-1	3	4	2	1	True	3.25	-1	70	70	108	70a	1293/4	1/16	False	5	False				False	208		I	C	IV		I		I					M	False	False	(0, 4, 1)	()	0	0	major	major	IV	IV, major	I		IV	IV	False	I	I, major		I, major		I	0	-1	-1	-2	-1	-1	False	False	False
7764	6	69	3	A	0	3	4	3	1	True	3.5	-1	70	70	108	70a	647/2	1/16	False	4	False				False	208		I	C	IV		I		I					M	False	False	(0, 4, 1)	()	0	0	major	major	IV	IV, major	I		IV	IV	False	I	I, major		I, major		I	0	-1	-1	3	4	4	True	False	False
7764	6	81	3	A	0	3	4	2	1	True	3.5	-1	70	70	108	70a	647/2	1/16	False	5	False				False	208		I	C	IV		I		I					M	False	False	(0, 4, 1)	()	0	0	major	major	IV	IV, major	I		IV	IV	False	I	I, major		I, major		I	0	-1	-1	3	4	4	True	False	False
7770	6	67	1	G	0	3	4	3	1	True	3.75	-1	70	70	108	70a	1295/4	1/16	False	4	False				False	208		I	C	IV		I		I					M	False	False	(0, 4, 1)	()	0	0	major	major	IV	IV, major	I		IV	IV	False	I	I, major		I, major		I	0	-1	-1	1	2	2	False	False	False
7770	6	79	1	G	0	3	4	2	1	True	3.75	-1	70	70	108	70a	1295/4	1/16	False	5	False				False	208		I	C	IV		I		I					M	False	False	(0, 4, 1)	()	0	0	major	major	IV	IV, major	I		IV	IV	False	I	I, major		I, major		I	0	-1	-1	1	2	2	False	False	False
7776	12	53	-1	F	0	3	4	4	1	True	1.0	-1	71	71	109	71a	324	1/8	False	3	False				False	208		I	C	IV		I		I					M	False	False	(0, 4, 1)	()	0	0	major	major	IV	IV, major	I		IV	IV	False	I	I, major		I, major		I	0	-1	-1	-1	0	0	True	True	True
7776	6	65	-1	F	0	3	4	3	1	True	1.0	-1	71	71	109	71a	324	1/16	False	4	False				False	208		I	C	IV		I		I					M	False	False	(0, 4, 1)	()	0	0	major	major	IV	IV, major	I		IV	IV	False	I	I, major		I, major		I	0	-1	-1	-1	0	0	True	True	True
7776	6	77	-1	F	0	3	4	2	1	True	1.0	-1	71	71	109	71a	324	1/16	False	5	False				False	208		I	C	IV		I		I					M	False	False	(0, 4, 1)	()	0	0	major	major	IV	IV, major	I		IV	IV	False	I	I, major		I, major		I	0	-1	-1	-1	0	0	True	True	True
7776	24	84	0	C	0	3	4	1	1	False	1.0	-1	71	71	109	71a	324	1/4	False	6	False				False	208		I	C	IV		I		I					M	False	False	(0, 4, 1)	()	0	0	major	major	IV	IV, major	I		IV	IV	False	I	I, major		I, major		I	0	-1	-1	0	1	1	True	False	False
7782	6	67	1	G	0	3	4	3	1	True	1.25	-1	71	71	109	71a	1297/4	1/16	False	4	False				False	208		I	C	IV		I		I					M	False	False	(0, 4, 1)	()	0	0	major	major	IV	IV, major	I		IV	IV	False	I	I, major		I, major		I	0	-1	-1	1	2	2	False	False	False
7782	6	79	1	G	0	3	4	2	1	True	1.25	-1	71	71	109	71a	1297/4	1/16	False	5	False				False	208		I	C	IV		I		I					M	False	False	(0, 4, 1)	()	0	0	major	major	IV	IV, major	I		IV	IV	False	I	I, major		I, major		I	0	-1	-1	1	2	2	False	False	False
7788	12	41	-1	F	0	3	4	4	1	True	1.5	-1	71	71	109	71a	649/2	1/8	False	2	False				False	208		I	C	IV		I		I					M	False	False	(0, 4, 1)	()	0	0	major	major	IV	IV, major	I		IV	IV	False	I	I, major		I, major		I	0	-1	-1	-1	0	0	True	True	True
7788	6	69	3	A	0	3	4	3	1	True	1.5	-1	71	71	109	71a	649/2	1/16	False	4	False				False	208		I	C	IV		I		I					M	False	False	(0, 4, 1)	()	0	0	major	major	IV	IV, major	I		IV	IV	False	I	I, major		I, major		I	0	-1	-1	3	4	4	True	False	False
7788	6	81	3	A	0	3	4	2	1	True	1.5	-1	71	71	109	71a	649/2	1/16	False	5	False				False	208		I	C	IV		I		I					M	False	False	(0, 4, 1)	()	0	0	major	major	IV	IV, major	I		IV	IV	False	I	I, major		I, major		I	0	-1	-1	3	4	4	True	False	False
7794	6	70	-2	B	-1	3	4	3	1	True	1.75	-1	71	71	109	71a	1299/4	1/16	False	4	False				False	208		I	C	IV		I		I					M	False	False	(0, 4, 1)	()	0	0	major	major	IV	IV, major	I		IV	IV	False	I	I, major		I, major		I	0	-1	-1	-2	-1	-1	False	False	False
7794	6	82	-2	B	-1	3	4	2	1	True	1.75	-1	71	71	109	71a	1299/4	1/16	False	5	False				False	208		I	C	IV		I		I					M	False	False	(0, 4, 1)	()	0	0	major	major	IV	IV, major	I		IV	IV	False	I	I, major		I, major		I	0	-1	-1	-2	-1	-1	False	False	False
7800	12	53	-1	F	0	3	4	4	1	True	2.0	-1	71	71	109	71a	325	1/8	False	3	False				False	208		I	C	IV		I		I					M	False	False	(0, 4, 1)	()	0	0	major	major	IV	IV, major	I		IV	IV	False	I	I, major		I, major		I	0	-1	-1	-1	0	0	True	True	True
7800	6	72	0	C	0	3	4	3	1	True	2.0	-1	71	71	109	71a	325	1/16	False	5	False				False	208		I	C	IV		I		I					M	False	False	(0, 4, 1)	()	0	0	major	major	IV	IV, major	I		IV	IV	False	I	I, major		I, major		I	0	-1	-1	0	1	1	True	False	False
7800	6	84	0	C	0	3	4	2	1	True	2.0	-1	71	71	109	71a	325	1/16	False	6	False				False	208		I	C	IV		I		I					M	False	False	(0, 4, 1)	()	0	0	major	major	IV	IV, major	I		IV	IV	False	I	I, major		I, major		I	0	-1	-1	0	1	1	True	False	False
7806	6	74	2	D	0	3	4	3	1	True	2.25	-1	71	71	109	71a	1301/4	1/16	False	5	False				False	208		I	C	IV		I		I					M	False	False	(0, 4, 1)	()	0	0	major	major	IV	IV, major	I		IV	IV	False	I	I, major		I, major		I	0	-1	-1	2	3	3	False	False	False
7806	6	86	2	D	0	3	4	2	1	True	2.25	-1	71	71	109	71a	1301/4	1/16	False	6	False				False	208		I	C	IV		I		I					M	False	False	(0, 4, 1)	()	0	0	major	major	IV	IV, major	I		IV	IV	False	I	I, major		I, major		I	0	-1	-1	2	3	3	False	False	False
7812	6	72	0	C	0	3	4	3	1	True	2.5	-1	71	71	109	71a	651/2	1/16	False	5	False				False	208		I	C	IV		I		I					M	False	False	(0, 4, 1)	()	0	0	major	major	IV	IV, major	I		IV	IV	False	I	I, major		I, major		I	0	-1	-1	0	1	1	True	False	False
7812	6	84	0	C	0	3	4	2	1	True	2.5	-1	71	71	109	71a	651/2	1/16	False	6	False				False	208		I	C	IV		I		I					M	False	False	(0, 4, 1)	()	0	0	major	major	IV	IV, major	I		IV	IV	False	I	I, major		I, major		I	0	-1	-1	0	1	1	True	False	False
7812	12	84	0	C	0	3	4	1	1	True	2.5	-1	71	71	109	71a	651/2	1/8	False	6	False				False	208		I	C	IV		I		I					M	False	False	(0, 4, 1)	()	0	0	major	major	IV	IV, major	I		IV	IV	False	I	I, major		I, major		I	0	-1	-1	0	1	1	True	False	False
7818	6	70	-2	B	-1	3	4	3	1	True	2.75	-1	71	71	109	71a	1303/4	1/16	False	4	False				False	208		I	C	IV		I		I					M	False	False	(0, 4, 1)	()	0	0	major	major	IV	IV, major	I		IV	IV	False	I	I, major		I, major		I	0	-1	-1	-2	-1	-1	False	False	False
7818	6	82	-2	B	-1	3	4	2	1	True	2.75	-1	71	71	109	71a	1303/4	1/16	False	5	False				False	208		I	C	IV		I		I					M	False	False	(0, 4, 1)	()	0	0	major	major	IV	IV, major	I		IV	IV	False	I	I, major		I, major		I	0	-1	-1	-2	-1	-1	False	False	False
7824	6	69	3	A	0	3	4	3	1	True	3.0	-1	71	71	109	71a	326	1/16	False	4	False				False	208		I	C	IV		I		I					M	False	False	(0, 4, 1)	()	0	0	major	major	IV	IV, major	I		IV	IV	False	I	I, major		I, major		I	0	-1	-1	3	4	4	True	False	False
7824	6	81	3	A	0	3	4	2	1	True	3.0	-1	71	71	109	71a	326	1/16	False	5	False				False	208		I	C	IV		I		I					M	False	False	(0, 4, 1)	()	0	0	major	major	IV	IV, major	I		IV	IV	False	I	I, major		I, major		I	0	-1	-1	3	4	4	True	False	False
7824	24	89	-1	F	0	3	4	1	1	True	3.0	-1	71	71	109	71a	326	1/4	False	6	False				False	208		I	C	IV		I		I					M	False	False	(0, 4, 1)	()	0	0	major	major	IV	IV, major	I		IV	IV	False	I	I, major		I, major		I	0	-1	-1	-1	0	0	True	True	True
7830	6	65	-1	F	0	3	4	3	1	True	3.25	-1	71	71	109	71a	1305/4	1/16	False	4	False				False	208		I	C	IV		I		I					M	False	False	(0, 4, 1)	()	0	0	major	major	IV	IV, major	I		IV	IV	False	I	I, major		I, major		I	0	-1	-1	-1	0	0	True	True	True
7830	6	77	-1	F	0	3	4	2	1	True	3.25	-1	71	71	109	71a	1305/4	1/16	False	5	False				False	208		I	C	IV		I		I					M	False	False	(0, 4, 1)	()	0	0	major	major	IV	IV, major	I		IV	IV	False	I	I, major		I, major		I	0	-1	-1	-1	0	0	True	True	True
7836	6	64	4	E	0	3	4	3	1	True	3.5	-1	71	71	109	71a	653/2	1/16	False	4	False				False	208		I	C	IV		I		I					M	False	False	(0, 4, 1)	()	0	0	major	major	IV	IV, major	I		IV	IV	False	I	I, major		I, major		I	0	-1	-1	4	5	5	False	False	False
7836	6	76	4	E	0	3	4	2	1	True	3.5	-1	71	71	109	71a	653/2	1/16	False	5	False				False	208		I	C	IV		I		I					M	False	False	(0, 4, 1)	()	0	0	major	major	IV	IV, major	I		IV	IV	False	I	I, major		I, major		I	0	-1	-1	4	5	5	False	False	False
7842	6	62	2	D	0	3	4	3	1	True	3.75	-1	71	71	109	71a	1307/4	1/16	False	4	False				False	208		I	C	IV		I		I					M	False	False	(0, 4, 1)	()	0	0	major	major	IV	IV, major	I		IV	IV	False	I	I, major		I, major		I	0	-1	-1	2	3	3	False	False	False
7842	6	74	2	D	0	3	4	2	1	True	3.75	-1	71	71	109	71a	1307/4	1/16	False	5	False				False	208		I	C	IV		I		I					M	False	False	(0, 4, 1)	()	0	0	major	major	IV	IV, major	I		IV	IV	False	I	I, major		I, major		I	0	-1	-1	2	3	3	False	False	False
7848	6	60	0	C	0	3	4	3	1	True	1.0	-1	72	72	110	72a	327	1/16	False	4	True				False	209		V(64)	C	IV		V(64)		V			64		M	False	False	(1, 0, 4)	()	1	1	major	major	IV	IV, major	V		IV	IV	False	V	V, major		V(64), major		V	0	-1	-1	0	1	1	True	True	True
7848	6	72	0	C	0	3	4	2	1	True	1.0	-1	72	72	110	72a	327	1/16	False	5	True				False	209		V(64)	C	IV		V(64)		V			64		M	False	False	(1, 0, 4)	()	1	1	major	major	IV	IV, major	V		IV	IV	False	V	V, major		V(64), major		V	0	-1	-1	0	1	1	True	True	True
7848	12	89	-1	F	0	3	4	1	1	False	1.0	-1	72	72	110	72a	327	1/8	False	6	True				False	209		V(64)	C	IV		V(64)		V			64		M	False	False	(1, 0, 4)	()	1	1	major	major	IV	IV, major	V		IV	IV	False	V	V, major		V(64), major		V	0	-1	-1	-1	0	0	True	False	False
7854	6	58	-2	B	-1	3	4	3	1	True	1.25	-1	72	72	110	72a	1309/4	1/16	False	3	False				False	209		V(64)	C	IV		V(64)		V			64		M	False	False	(1, 0, 4)	()	1	1	major	major	IV	IV, major	V		IV	IV	False	V	V, major		V(64), major		V	0	-1	-1	-2	-1	-1	False	False	False
7854	6	70	-2	B	-1	3	4	2	1	True	1.25	-1	72	72	110	72a	1309/4	1/16	False	4	False				False	209		V(64)	C	IV		V(64)		V			64		M	False	False	(1, 0, 4)	()	1	1	major	major	IV	IV, major	V		IV	IV	False	V	V, major		V(64), major		V	0	-1	-1	-2	-1	-1	False	False	False
7860	6	57	3	A	0	3	4	3	1	True	1.5	-1	72	72	110	72a	655/2	1/16	False	3	False				False	209		V(64)	C	IV		V(64)		V			64		M	False	False	(1, 0, 4)	()	1	1	major	major	IV	IV, major	V		IV	IV	False	V	V, major		V(64), major		V	0	-1	-1	3	4	4	True	False	False
7860	6	69	3	A	0	3	4	2	1	True	1.5	-1	72	72	110	72a	655/2	1/16	False	4	False				False	209		V(64)	C	IV		V(64)		V			64		M	False	False	(1, 0, 4)	()	1	1	major	major	IV	IV, major	V		IV	IV	False	V	V, major		V(64), major		V	0	-1	-1	3	4	4	True	False	False
7860	12	89	-1	F	0	3	4	1	1	True	1.5	-1	72	72	110	72a	655/2	1/8	False	6	False				False	209		V(64)	C	IV		V(64)		V			64		M	False	False	(1, 0, 4)	()	1	1	major	major	IV	IV, major	V		IV	IV	False	V	V, major		V(64), major		V	0	-1	-1	-1	0	0	True	False	False
7866	6	55	1	G	0	3	4	3	1	True	1.75	-1	72	72	110	72a	1311/4	1/16	False	3	False				False	209		V(64)	C	IV		V(64)		V			64		M	False	False	(1, 0, 4)	()	1	1	major	major	IV	IV, major	V		IV	IV	False	V	V, major		V(64), major		V	0	-1	-1	1	2	2	False	False	False
7866	6	67	1	G	0	3	4	2	1	True	1.75	-1	72	72	110	72a	1311/4	1/16	False	4	False				False	209		V(64)	C	IV		V(64)		V			64		M	False	False	(1, 0, 4)	()	1	1	major	major	IV	IV, major	V		IV	IV	False	V	V, major		V(64), major		V	0	-1	-1	1	2	2	False	False	False
7872	6	53	-1	F	0	3	4	3	1	True	2.0	-1	72	72	110	72a	328	1/16	False	3	False				False	209		V(64)	C	IV		V(64)		V			64		M	False	False	(1, 0, 4)	()	1	1	major	major	IV	IV, major	V		IV	IV	False	V	V, major		V(64), major		V	0	-1	-1	-1	0	0	True	False	False
7872	6	65	-1	F	0	3	4	2	1	True	2.0	-1	72	72	110	72a	328	1/16	False	4	False				False	209		V(64)	C	IV		V(64)		V			64		M	False	False	(1, 0, 4)	()	1	1	major	major	IV	IV, major	V		IV	IV	False	V	V, major		V(64), major		V	0	-1	-1	-1	0	0	True	False	False
7872	12	93	3	A	0	3	4	1	1	True	2.0	-1	72	72	110	72a	328	1/8	False	6	False				False	209		V(64)	C	IV		V(64)		V			64		M	False	False	(1, 0, 4)	()	1	1	major	major	IV	IV, major	V		IV	IV	False	V	V, major		V(64), major		V	0	-1	-1	3	4	4	True	False	False
7878	6	60	0	C	0	3	4	3	1	True	2.25	-1	72	72	110	72a	1313/4	1/16	False	4	False				False	209		V(64)	C	IV		V(64)		V			64		M	False	False	(1, 0, 4)	()	1	1	major	major	IV	IV, major	V		IV	IV	False	V	V, major		V(64), major		V	0	-1	-1	0	1	1	True	True	True
7878	6	72	0	C	0	3	4	2	1	True	2.25	-1	72	72	110	72a	1313/4	1/16	False	5	False				False	209		V(64)	C	IV		V(64)		V			64		M	False	False	(1, 0, 4)	()	1	1	major	major	IV	IV, major	V		IV	IV	False	V	V, major		V(64), major		V	0	-1	-1	0	1	1	True	True	True
7884	12	48	0	C	0	3	4	4	1	True	2.5	-1	72	72	110	72a	657/2	1/8	False	3	False				False	209		V(64)	C	IV		V(64)		V			64		M	False	False	(1, 0, 4)	()	1	1	major	major	IV	IV, major	V		IV	IV	False	V	V, major		V(64), major		V	0	-1	-1	0	1	1	True	True	True
7884	6	57	3	A	0	3	4	3	1	True	2.5	-1	72	72	110	72a	657/2	1/16	False	3	False				False	209		V(64)	C	IV		V(64)		V			64		M	False	False	(1, 0, 4)	()	1	1	major	major	IV	IV, major	V		IV	IV	False	V	V, major		V(64), major		V	0	-1	-1	3	4	4	True	False	False
7884	6	69	3	A	0	3	4	2	1	True	2.5	-1	72	72	110	72a	657/2	1/16	False	4	False				False	209		V(64)	C	IV		V(64)		V			64		M	False	False	(1, 0, 4)	()	1	1	major	major	IV	IV, major	V		IV	IV	False	V	V, major		V(64), major		V	0	-1	-1	3	4	4	True	False	False
7884	24	96	0	C	0	3	4	1	1	True	2.5	-1	72	72	110	72a	657/2	1/4	False	7	False				False	209		V(64)	C	IV		V(64)		V			64		M	False	False	(1, 0, 4)	()	1	1	major	major	IV	IV, major	V		IV	IV	False	V	V, major		V(64), major		V	0	-1	-1	0	1	1	True	True	True
7890	6	53	-1	F	0	3	4	3	1	True	2.75	-1	72	72	110	72a	1315/4	1/16	False	3	False				False	209		V(64)	C	IV		V(64)		V			64		M	False	False	(1, 0, 4)	()	1	1	major	major	IV	IV, major	V		IV	IV	False	V	V, major		V(64), major		V	0	-1	-1	-1	0	0	True	False	False
7890	6	65	-1	F	0	3	4	2	1	True	2.75	-1	72	72	110	72a	1315/4	1/16	False	4	False				False	209		V(64)	C	IV		V(64)		V			64		M	False	False	(1, 0, 4)	()	1	1	major	major	IV	IV, major	V		IV	IV	False	V	V, major		V(64), major		V	0	-1	-1	-1	0	0	True	False	False
7896	12	36	0	C	0	3	4	4	1	True	3.0	-1	72	72	110	72a	329	1/8	False	2	True				False	210		V7	C	IV		V7		V		7			Mm7	False	False	(1, 5, 2, -1)	()	1	1	major	major	IV	IV, major	V		IV	IV	False	V7	V7, major		V7, major		V	0	-1	-1	0	1	1	True	True	True
7896	6	55	1	G	0	3	4	3	1	True	3.0	-1	72	72	110	72a	329	1/16	False	3	True				False	210		V7	C	IV		V7		V		7			Mm7	False	False	(1, 5, 2, -1)	()	1	1	major	major	IV	IV, major	V		IV	IV	False	V7	V7, major		V7, major		V	0	-1	-1	1	2	2	True	False	False
7896	6	67	1	G	0	3	4	2	1	True	3.0	-1	72	72	110	72a	329	1/16	False	4	True				False	210		V7	C	IV		V7		V		7			Mm7	False	False	(1, 5, 2, -1)	()	1	1	major	major	IV	IV, major	V		IV	IV	False	V7	V7, major		V7, major		V	0	-1	-1	1	2	2	True	False	False
7902	6	60	0	C	0	3	4	3	1	True	3.25	-1	72	72	110	72a	1317/4	1/16	False	4	False				False	210		V7	C	IV		V7		V		7			Mm7	False	False	(1, 5, 2, -1)	()	1	1	major	major	IV	IV, major	V		IV	IV	False	V7	V7, major		V7, major		V	0	-1	-1	0	1	1	True	True	True
7902	6	72	0	C	0	3	4	2	1	True	3.25	-1	72	72	110	72a	1317/4	1/16	False	5	False				False	210		V7	C	IV		V7		V		7			Mm7	False	False	(1, 5, 2, -1)	()	1	1	major	major	IV	IV, major	V		IV	IV	False	V7	V7, major		V7, major		V	0	-1	-1	0	1	1	True	True	True
7908	12	48	0	C	0	3	4	4	1	True	3.5	-1	72	72	110	72a	659/2	1/8	False	3	False				False	210		V7	C	IV		V7		V		7			Mm7	False	False	(1, 5, 2, -1)	()	1	1	major	major	IV	IV, major	V		IV	IV	False	V7	V7, major		V7, major		V	0	-1	-1	0	1	1	True	True	True
7908	6	58	-2	B	-1	3	4	3	1	True	3.5	-1	72	72	110	72a	659/2	1/16	False	3	False				False	210		V7	C	IV		V7		V		7			Mm7	False	False	(1, 5, 2, -1)	()	1	1	major	major	IV	IV, major	V		IV	IV	False	V7	V7, major		V7, major		V	0	-1	-1	-2	-1	-1	True	False	False
7908	6	70	-2	B	-1	3	4	2	1	True	3.5	-1	72	72	110	72a	659/2	1/16	False	4	False				False	210		V7	C	IV		V7		V		7			Mm7	False	False	(1, 5, 2, -1)	()	1	1	major	major	IV	IV, major	V		IV	IV	False	V7	V7, major		V7, major		V	0	-1	-1	-2	-1	-1	True	False	False
7908	12	96	0	C	0	3	4	1	1	True	3.5	-1	72	72	110	72a	659/2	1/8	False	7	False				False	210		V7	C	IV		V7		V		7			Mm7	False	False	(1, 5, 2, -1)	()	1	1	major	major	IV	IV, major	V		IV	IV	False	V7	V7, major		V7, major		V	0	-1	-1	0	1	1	True	True	True
7914	6	55	1	G	0	3	4	3	1	True	3.75	-1	72	72	110	72a	1319/4	1/16	False	3	False				False	210		V7	C	IV		V7		V		7			Mm7	False	False	(1, 5, 2, -1)	()	1	1	major	major	IV	IV, major	V		IV	IV	False	V7	V7, major		V7, major		V	0	-1	-1	1	2	2	True	False	False
7914	6	67	1	G	0	3	4	2	1	True	3.75	-1	72	72	110	72a	1319/4	1/16	False	4	False				False	210		V7	C	IV		V7		V		7			Mm7	False	False	(1, 5, 2, -1)	()	1	1	major	major	IV	IV, major	V		IV	IV	False	V7	V7, major		V7, major		V	0	-1	-1	1	2	2	True	False	False
7920	6	60	0	C	0	3	4	3	1	True	1.0	-1	73	73	111	73a	330	1/16	False	4	True				False	211		V(64)	C	IV		V(64)		V			64		M	False	False	(1, 0, 4)	()	1	1	major	major	IV	IV, major	V		IV	IV	False	V	V, major		V(64), major		V	0	-1	-1	0	1	1	True	True	True
7920	6	72	0	C	0	3	4	2	1	True	1.0	-1	73	73	111	73a	330	1/16	False	5	True				False	211		V(64)	C	IV		V(64)		V			64		M	False	False	(1, 0, 4)	()	1	1	major	major	IV	IV, major	V		IV	IV	False	V	V, major		V(64), major		V	0	-1	-1	0	1	1	True	True	True
7926	6	58	-2	B	-1	3	4	3	1	True	1.25	-1	73	73	111	73a	1321/4	1/16	False	3	False				False	211		V(64)	C	IV		V(64)		V			64		M	False	False	(1, 0, 4)	()	1	1	major	major	IV	IV, major	V		IV	IV	False	V	V, major		V(64), major		V	0	-1	-1	-2	-1	-1	False	False	False
7926	6	70	-2	B	-1	3	4	2	1	True	1.25	-1	73	73	111	73a	1321/4	1/16	False	4	False				False	211		V(64)	C	IV		V(64)		V			64		M	False	False	(1, 0, 4)	()	1	1	major	major	IV	IV, major	V		IV	IV	False	V	V, major		V(64), major		V	0	-1	-1	-2	-1	-1	False	False	False
7932	6	57	3	A	0	3	4	3	1	True	1.5	-1	73	73	111	73a	661/2	1/16	False	3	False				False	211		V(64)	C	IV		V(64)		V			64		M	False	False	(1, 0, 4)	()	1	1	major	major	IV	IV, major	V		IV	IV	False	V	V, major		V(64), major		V	0	-1	-1	3	4	4	True	False	False
7932	6	69	3	A	0	3	4	2	1	True	1.5	-1	73	73	111	73a	661/2	1/16	False	4	False				False	211		V(64)	C	IV		V(64)		V			64		M	False	False	(1, 0, 4)	()	1	1	major	major	IV	IV, major	V		IV	IV	False	V	V, major		V(64), major		V	0	-1	-1	3	4	4	True	False	False
7932	12	89	-1	F	0	3	4	1	1	True	1.5	-1	73	73	111	73a	661/2	1/8	False	6	False				False	211		V(64)	C	IV		V(64)		V			64		M	False	False	(1, 0, 4)	()	1	1	major	major	IV	IV, major	V		IV	IV	False	V	V, major		V(64), major		V	0	-1	-1	-1	0	0	True	False	False
7938	6	55	1	G	0	3	4	3	1	True	1.75	-1	73	73	111	73a	1323/4	1/16	False	3	False				False	211		V(64)	C	IV		V(64)		V			64		M	False	False	(1, 0, 4)	()	1	1	major	major	IV	IV, major	V		IV	IV	False	V	V, major		V(64), major		V	0	-1	-1	1	2	2	False	False	False
7938	6	67	1	G	0	3	4	2	1	True	1.75	-1	73	73	111	73a	1323/4	1/16	False	4	False				False	211		V(64)	C	IV		V(64)		V			64		M	False	False	(1, 0, 4)	()	1	1	major	major	IV	IV, major	V		IV	IV	False	V	V, major		V(64), major		V	0	-1	-1	1	2	2	False	False	False
7944	6	53	-1	F	0	3	4	3	1	True	2.0	-1	73	73	111	73a	331	1/16	False	3	False				False	211		V(64)	C	IV		V(64)		V			64		M	False	False	(1, 0, 4)	()	1	1	major	major	IV	IV, major	V		IV	IV	False	V	V, major		V(64), major		V	0	-1	-1	-1	0	0	True	False	False
7944	6	65	-1	F	0	3	4	2	1	True	2.0	-1	73	73	111	73a	331	1/16	False	4	False				False	211		V(64)	C	IV		V(64)		V			64		M	False	False	(1, 0, 4)	()	1	1	major	major	IV	IV, major	V		IV	IV	False	V	V, major		V(64), major		V	0	-1	-1	-1	0	0	True	False	False
7944	12	93	3	A	0	3	4	1	1	True	2.0	-1	73	73	111	73a	331	1/8	False	6	False				False	211		V(64)	C	IV		V(64)		V			64		M	False	False	(1, 0, 4)	()	1	1	major	major	IV	IV, major	V		IV	IV	False	V	V, major		V(64), major		V	0	-1	-1	3	4	4	True	False	False
7950	6	60	0	C	0	3	4	3	1	True	2.25	-1	73	73	111	73a	1325/4	1/16	False	4	False				False	211		V(64)	C	IV		V(64)		V			64		M	False	False	(1, 0, 4)	()	1	1	major	major	IV	IV, major	V		IV	IV	False	V	V, major		V(64), major		V	0	-1	-1	0	1	1	True	True	True
7950	6	72	0	C	0	3	4	2	1	True	2.25	-1	73	73	111	73a	1325/4	1/16	False	5	False				False	211		V(64)	C	IV		V(64)		V			64		M	False	False	(1, 0, 4)	()	1	1	major	major	IV	IV, major	V		IV	IV	False	V	V, major		V(64), major		V	0	-1	-1	0	1	1	True	True	True
7956	12	48	0	C	0	3	4	4	1	True	2.5	-1	73	73	111	73a	663/2	1/8	False	3	False				False	211		V(64)	C	IV		V(64)		V			64		M	False	False	(1, 0, 4)	()	1	1	major	major	IV	IV, major	V		IV	IV	False	V	V, major		V(64), major		V	0	-1	-1	0	1	1	True	True	True
7956	6	57	3	A	0	3	4	3	1	True	2.5	-1	73	73	111	73a	663/2	1/16	False	3	False				False	211		V(64)	C	IV		V(64)		V			64		M	False	False	(1, 0, 4)	()	1	1	major	major	IV	IV, major	V		IV	IV	False	V	V, major		V(64), major		V	0	-1	-1	3	4	4	True	False	False
7956	6	69	3	A	0	3	4	2	1	True	2.5	-1	73	73	111	73a	663/2	1/16	False	4	False				False	211		V(64)	C	IV		V(64)		V			64		M	False	False	(1, 0, 4)	()	1	1	major	major	IV	IV, major	V		IV	IV	False	V	V, major		V(64), major		V	0	-1	-1	3	4	4	True	False	False
7956	24	96	0	C	0	3	4	1	1	True	2.5	-1	73	73	111	73a	663/2	1/4	False	7	False				False	211		V(64)	C	IV		V(64)		V			64		M	False	False	(1, 0, 4)	()	1	1	major	major	IV	IV, major	V		IV	IV	False	V	V, major		V(64), major		V	0	-1	-1	0	1	1	True	True	True
7962	6	53	-1	F	0	3	4	3	1	True	2.75	-1	73	73	111	73a	1327/4	1/16	False	3	False				False	211		V(64)	C	IV		V(64)		V			64		M	False	False	(1, 0, 4)	()	1	1	major	major	IV	IV, major	V		IV	IV	False	V	V, major		V(64), major		V	0	-1	-1	-1	0	0	True	False	False
7962	6	65	-1	F	0	3	4	2	1	True	2.75	-1	73	73	111	73a	1327/4	1/16	False	4	False				False	211		V(64)	C	IV		V(64)		V			64		M	False	False	(1, 0, 4)	()	1	1	major	major	IV	IV, major	V		IV	IV	False	V	V, major		V(64), major		V	0	-1	-1	-1	0	0	True	False	False
7968	12	36	0	C	0	3	4	4	1	True	3.0	-1	73	73	111	73a	332	1/8	False	2	True				False	212		V7	C	IV		V7		V		7			Mm7	False	False	(1, 5, 2, -1)	()	1	1	major	major	IV	IV, major	V		IV	IV	False	V7	V7, major		V7, major		V	0	-1	-1	0	1	1	True	True	True
7968	6	55	1	G	0	3	4	3	1	True	3.0	-1	73	73	111	73a	332	1/16	False	3	True				False	212		V7	C	IV		V7		V		7			Mm7	False	False	(1, 5, 2, -1)	()	1	1	major	major	IV	IV, major	V		IV	IV	False	V7	V7, major		V7, major		V	0	-1	-1	1	2	2	True	False	False
7968	6	67	1	G	0	3	4	2	1	True	3.0	-1	73	73	111	73a	332	1/16	False	4	True				False	212		V7	C	IV		V7		V		7			Mm7	False	False	(1, 5, 2, -1)	()	1	1	major	major	IV	IV, major	V		IV	IV	False	V7	V7, major		V7, major		V	0	-1	-1	1	2	2	True	False	False
7974	6	60	0	C	0	3	4	3	1	True	3.25	-1	73	73	111	73a	1329/4	1/16	False	4	False				False	212		V7	C	IV		V7		V		7			Mm7	False	False	(1, 5, 2, -1)	()	1	1	major	major	IV	IV, major	V		IV	IV	False	V7	V7, major		V7, major		V	0	-1	-1	0	1	1	True	True	True
7974	6	72	0	C	0	3	4	2	1	True	3.25	-1	73	73	111	73a	1329/4	1/16	False	5	False				False	212		V7	C	IV		V7		V		7			Mm7	False	False	(1, 5, 2, -1)	()	1	1	major	major	IV	IV, major	V		IV	IV	False	V7	V7, major		V7, major		V	0	-1	-1	0	1	1	True	True	True
7980	12	48	0	C	0	3	4	4	1	True	3.5	-1	73	73	111	73a	665/2	1/8	False	3	False				False	212		V7	C	IV		V7		V		7			Mm7	False	False	(1, 5, 2, -1)	()	1	1	major	major	IV	IV, major	V		IV	IV	False	V7	V7, major		V7, major		V	0	-1	-1	0	1	1	True	True	True
7980	6	58	-2	B	-1	3	4	3	1	True	3.5	-1	73	73	111	73a	665/2	1/16	False	3	False				False	212		V7	C	IV		V7		V		7			Mm7	False	False	(1, 5, 2, -1)	()	1	1	major	major	IV	IV, major	V		IV	IV	False	V7	V7, major		V7, major		V	0	-1	-1	-2	-1	-1	True	False	False
7980	6	70	-2	B	-1	3	4	2	1	True	3.5	-1	73	73	111	73a	665/2	1/16	False	4	False				False	212		V7	C	IV		V7		V		7			Mm7	False	False	(1, 5, 2, -1)	()	1	1	major	major	IV	IV, major	V		IV	IV	False	V7	V7, major		V7, major		V	0	-1	-1	-2	-1	-1	True	False	False
7980	12	96	0	C	0	3	4	1	1	True	3.5	-1	73	73	111	73a	665/2	1/8	False	7	False				False	212		V7	C	IV		V7		V		7			Mm7	False	False	(1, 5, 2, -1)	()	1	1	major	major	IV	IV, major	V		IV	IV	False	V7	V7, major		V7, major		V	0	-1	-1	0	1	1	True	True	True
7986	6	55	1	G	0	3	4	3	1	True	3.75	-1	73	73	111	73a	1331/4	1/16	False	3	False				False	212		V7	C	IV		V7		V		7			Mm7	False	False	(1, 5, 2, -1)	()	1	1	major	major	IV	IV, major	V		IV	IV	False	V7	V7, major		V7, major		V	0	-1	-1	1	2	2	True	False	False
7986	6	67	1	G	0	3	4	2	1	True	3.75	-1	73	73	111	73a	1331/4	1/16	False	4	False				False	212		V7	C	IV		V7		V		7			Mm7	False	False	(1, 5, 2, -1)	()	1	1	major	major	IV	IV, major	V		IV	IV	False	V7	V7, major		V7, major		V	0	-1	-1	1	2	2	True	False	False
7992	6	60	0	C	0	3	4	3	1	True	1.0	-1	74	74	112	74a	333	1/16	False	4	True				False	213		V(64)	C	IV		V(64)		V			64		M	False	False	(1, 0, 4)	()	1	1	major	major	IV	IV, major	V		IV	IV	False	V	V, major		V(64), major		V	0	-1	-1	0	1	1	True	True	True
7992	6	72	0	C	0	3	4	2	1	True	1.0	-1	74	74	112	74a	333	1/16	False	5	True				False	213		V(64)	C	IV		V(64)		V			64		M	False	False	(1, 0, 4)	()	1	1	major	major	IV	IV, major	V		IV	IV	False	V	V, major		V(64), major		V	0	-1	-1	0	1	1	True	True	True
7998	6	58	-2	B	-1	3	4	3	1	True	1.25	-1	74	74	112	74a	1333/4	1/16	False	3	False				False	213		V(64)	C	IV		V(64)		V			64		M	False	False	(1, 0, 4)	()	1	1	major	major	IV	IV, major	V		IV	IV	False	V	V, major		V(64), major		V	0	-1	-1	-2	-1	-1	False	False	False
7998	6	70	-2	B	-1	3	4	2	1	True	1.25	-1	74	74	112	74a	1333/4	1/16	False	4	False				False	213		V(64)	C	IV		V(64)		V			64		M	False	False	(1, 0, 4)	()	1	1	major	major	IV	IV, major	V		IV	IV	False	V	V, major		V(64), major		V	0	-1	-1	-2	-1	-1	False	False	False
8004	6	57	3	A	0	3	4	3	1	True	1.5	-1	74	74	112	74a	667/2	1/16	False	3	False				False	213		V(64)	C	IV		V(64)		V			64		M	False	False	(1, 0, 4)	()	1	1	major	major	IV	IV, major	V		IV	IV	False	V	V, major		V(64), major		V	0	-1	-1	3	4	4	True	False	False
8004	6	69	3	A	0	3	4	2	1	True	1.5	-1	74	74	112	74a	667/2	1/16	False	4	False				False	213		V(64)	C	IV		V(64)		V			64		M	False	False	(1, 0, 4)	()	1	1	major	major	IV	IV, major	V		IV	IV	False	V	V, major		V(64), major		V	0	-1	-1	3	4	4	True	False	False
8004	12	89	-1	F	0	3	4	1	1	True	1.5	-1	74	74	112	74a	667/2	1/8	False	6	False				False	213		V(64)	C	IV		V(64)		V			64		M	False	False	(1, 0, 4)	()	1	1	major	major	IV	IV, major	V		IV	IV	False	V	V, major		V(64), major		V	0	-1	-1	-1	0	0	True	False	False
8010	6	55	1	G	0	3	4	3	1	True	1.75	-1	74	74	112	74a	1335/4	1/16	False	3	False				False	213		V(64)	C	IV		V(64)		V			64		M	False	False	(1, 0, 4)	()	1	1	major	major	IV	IV, major	V		IV	IV	False	V	V, major		V(64), major		V	0	-1	-1	1	2	2	False	False	False
8010	6	67	1	G	0	3	4	2	1	True	1.75	-1	74	74	112	74a	1335/4	1/16	False	4	False				False	213		V(64)	C	IV		V(64)		V			64		M	False	False	(1, 0, 4)	()	1	1	major	major	IV	IV, major	V		IV	IV	False	V	V, major		V(64), major		V	0	-1	-1	1	2	2	False	False	False
8016	6	53	-1	F	0	3	4	3	1	True	2.0	-1	74	74	112	74a	334	1/16	False	3	False				False	213		V(64)	C	IV		V(64)		V			64		M	False	False	(1, 0, 4)	()	1	1	major	major	IV	IV, major	V		IV	IV	False	V	V, major		V(64), major		V	0	-1	-1	-1	0	0	True	False	False
8016	6	65	-1	F	0	3	4	2	1	True	2.0	-1	74	74	112	74a	334	1/16	False	4	False				False	213		V(64)	C	IV		V(64)		V			64		M	False	False	(1, 0, 4)	()	1	1	major	major	IV	IV, major	V		IV	IV	False	V	V, major		V(64), major		V	0	-1	-1	-1	0	0	True	False	False
8016	12	93	3	A	0	3	4	1	1	True	2.0	-1	74	74	112	74a	334	1/8	False	6	False				False	213		V(64)	C	IV		V(64)		V			64		M	False	False	(1, 0, 4)	()	1	1	major	major	IV	IV, major	V		IV	IV	False	V	V, major		V(64), major		V	0	-1	-1	3	4	4	True	False	False
8022	6	60	0	C	0	3	4	3	1	True	2.25	-1	74	74	112	74a	1337/4	1/16	False	4	False				False	213		V(64)	C	IV		V(64)		V			64		M	False	False	(1, 0, 4)	()	1	1	major	major	IV	IV, major	V		IV	IV	False	V	V, major		V(64), major		V	0	-1	-1	0	1	1	True	True	True
8022	6	72	0	C	0	3	4	2	1	True	2.25	-1	74	74	112	74a	1337/4	1/16	False	5	False				False	213		V(64)	C	IV		V(64)		V			64		M	False	False	(1, 0, 4)	()	1	1	major	major	IV	IV, major	V		IV	IV	False	V	V, major		V(64), major		V	0	-1	-1	0	1	1	True	True	True
8028	12	48	0	C	0	3	4	4	1	True	2.5	-1	74	74	112	74a	669/2	1/8	False	3	False				False	213		V(64)	C	IV		V(64)		V			64		M	False	False	(1, 0, 4)	()	1	1	major	major	IV	IV, major	V		IV	IV	False	V	V, major		V(64), major		V	0	-1	-1	0	1	1	True	True	True
8028	6	57	3	A	0	3	4	3	1	True	2.5	-1	74	74	112	74a	669/2	1/16	False	3	False				False	213		V(64)	C	IV		V(64)		V			64		M	False	False	(1, 0, 4)	()	1	1	major	major	IV	IV, major	V		IV	IV	False	V	V, major		V(64), major		V	0	-1	-1	3	4	4	True	False	False
8028	6	69	3	A	0	3	4	2	1	True	2.5	-1	74	74	112	74a	669/2	1/16	False	4	False				False	213		V(64)	C	IV		V(64)		V			64		M	False	False	(1, 0, 4)	()	1	1	major	major	IV	IV, major	V		IV	IV	False	V	V, major		V(64), major		V	0	-1	-1	3	4	4	True	False	False
8028	12	96	0	C	0	3	4	1	1	True	2.5	-1	74	74	112	74a	669/2	1/8	False	7	False				False	213		V(64)	C	IV		V(64)		V			64		M	False	False	(1, 0, 4)	()	1	1	major	major	IV	IV, major	V		IV	IV	False	V	V, major		V(64), major		V	0	-1	-1	0	1	1	True	True	True
8034	6	53	-1	F	0	3	4	3	1	True	2.75	-1	74	74	112	74a	1339/4	1/16	False	3	False				False	213		V(64)	C	IV		V(64)		V			64		M	False	False	(1, 0, 4)	()	1	1	major	major	IV	IV, major	V		IV	IV	False	V	V, major		V(64), major		V	0	-1	-1	-1	0	0	True	False	False
8034	6	65	-1	F	0	3	4	2	1	True	2.75	-1	74	74	112	74a	1339/4	1/16	False	4	False				False	213		V(64)	C	IV		V(64)		V			64		M	False	False	(1, 0, 4)	()	1	1	major	major	IV	IV, major	V		IV	IV	False	V	V, major		V(64), major		V	0	-1	-1	-1	0	0	True	False	False
8040	12	36	0	C	0	3	4	4	1	True	3.0	-1	74	74	112	74a	335	1/8	False	2	True				False	214		V7	C	IV		V7		V		7			Mm7	False	False	(1, 5, 2, -1)	()	1	1	major	major	IV	IV, major	V		IV	IV	False	V7	V7, major		V7, major		V	0	-1	-1	0	1	1	True	True	True
8040	6	55	1	G	0	3	4	3	1	True	3.0	-1	74	74	112	74a	335	1/16	False	3	True				False	214		V7	C	IV		V7		V		7			Mm7	False	False	(1, 5, 2, -1)	()	1	1	major	major	IV	IV, major	V		IV	IV	False	V7	V7, major		V7, major		V	0	-1	-1	1	2	2	True	False	False
8040	12	55	1	G	0	3	4	1	1	True	3.0	-1	74	74	112	74a	335	1/8	False	3	True				False	214		V7	C	IV		V7		V		7			Mm7	False	False	(1, 5, 2, -1)	()	1	1	major	major	IV	IV, major	V		IV	IV	False	V7	V7, major		V7, major		V	0	-1	-1	1	2	2	True	False	False
8040	12	64	4	E	0	3	4	1	1	True	3.0	-1	74	74	112	74a	335	1/8	False	4	True				False	214		V7	C	IV		V7		V		7			Mm7	False	False	(1, 5, 2, -1)	()	1	1	major	major	IV	IV, major	V		IV	IV	False	V7	V7, major		V7, major		V	0	-1	-1	4	5	5	True	False	False
8040	6	67	1	G	0	3	4	2	1	True	3.0	-1	74	74	112	74a	335	1/16	False	4	True				False	214		V7	C	IV		V7		V		7			Mm7	False	False	(1, 5, 2, -1)	()	1	1	major	major	IV	IV, major	V		IV	IV	False	V7	V7, major		V7, major		V	0	-1	-1	1	2	2	True	False	False
8046	6	60	0	C	0	3	4	3	1	True	3.25	-1	74	74	112	74a	1341/4	1/16	False	4	False				False	214		V7	C	IV		V7		V		7			Mm7	False	False	(1, 5, 2, -1)	()	1	1	major	major	IV	IV, major	V		IV	IV	False	V7	V7, major		V7, major		V	0	-1	-1	0	1	1	True	True	True
8046	6	72	0	C	0	3	4	2	1	True	3.25	-1	74	74	112	74a	1341/4	1/16	False	5	False				False	214		V7	C	IV		V7		V		7			Mm7	False	False	(1, 5, 2, -1)	()	1	1	major	major	IV	IV, major	V		IV	IV	False	V7	V7, major		V7, major		V	0	-1	-1	0	1	1	True	True	True
8052	12	48	0	C	0	3	4	4	1	True	3.5	-1	74	74	112	74a	671/2	1/8	False	3	False				False	214		V7	C	IV		V7		V		7			Mm7	False	False	(1, 5, 2, -1)	()	1	1	major	major	IV	IV, major	V		IV	IV	False	V7	V7, major		V7, major		V	0	-1	-1	0	1	1	True	True	True
8052	6	58	-2	B	-1	3	4	3	1	True	3.5	-1	74	74	112	74a	671/2	1/16	False	3	False				False	214		V7	C	IV		V7		V		7			Mm7	False	False	(1, 5, 2, -1)	()	1	1	major	major	IV	IV, major	V		IV	IV	False	V7	V7, major		V7, major		V	0	-1	-1	-2	-1	-1	True	False	False
8052	6	70	-2	B	-1	3	4	2	1	True	3.5	-1	74	74	112	74a	671/2	1/16	False	4	False				False	214		V7	C	IV		V7		V		7			Mm7	False	False	(1, 5, 2, -1)	()	1	1	major	major	IV	IV, major	V		IV	IV	False	V7	V7, major		V7, major		V	0	-1	-1	-2	-1	-1	True	False	False
8052	12	76	4	E	0	3	4	1	1	True	3.5	-1	74	74	112	74a	671/2	1/8	False	5	False				False	214		V7	C	IV		V7		V		7			Mm7	False	False	(1, 5, 2, -1)	()	1	1	major	major	IV	IV, major	V		IV	IV	False	V7	V7, major		V7, major		V	0	-1	-1	4	5	5	True	False	False
8058	6	55	1	G	0	3	4	3	1	True	3.75	-1	74	74	112	74a	1343/4	1/16	False	3	False				False	214		V7	C	IV		V7		V		7			Mm7	False	False	(1, 5, 2, -1)	()	1	1	major	major	IV	IV, major	V		IV	IV	False	V7	V7, major		V7, major		V	0	-1	-1	1	2	2	True	False	False
8058	6	67	1	G	0	3	4	2	1	True	3.75	-1	74	74	112	74a	1343/4	1/16	False	4	False				False	214		V7	C	IV		V7		V		7			Mm7	False	False	(1, 5, 2, -1)	()	1	1	major	major	IV	IV, major	V		IV	IV	False	V7	V7, major		V7, major		V	0	-1	-1	1	2	2	True	False	False
8064	12	41	-1	F	0	3	4	4	1	True	1.0	-1	75	75	113	75a	336	1/8	False	2	True			\\	True	215	1	I\\	C	IV		I		I					M	False	False	(0, 4, 1)	()	0	0	major	major	IV	IV, major	I		IV	IV	False	I	I, major		I, major		I	0	-1	-1	-1	0	0	True	True	True
8064	12	53	-1	F	0	3	4	3	1	True	1.0	-1	75	75	113	75a	336	1/8	False	3	True			\\	True	215	1	I\\	C	IV		I		I					M	False	False	(0, 4, 1)	()	0	0	major	major	IV	IV, major	I		IV	IV	False	I	I, major		I, major		I	0	-1	-1	-1	0	0	True	True	True
8064	24	65	-1	F	0	3	4	2	1	True	1.0	-1	75	75	113	75a	336	1/4	False	4	True			\\	True	215	1	I\\	C	IV		I		I					M	False	False	(0, 4, 1)	()	0	0	major	major	IV	IV, major	I		IV	IV	False	I	I, major		I, major		I	0	-1	-1	-1	0	0	True	True	True
8064	12	77	-1	F	0	3	4	1	1	True	1.0	-1	75	75	113	75a	336	1/8	False	5	True			\\	True	215	1	I\\	C	IV		I		I					M	False	False	(0, 4, 1)	()	0	0	major	major	IV	IV, major	I		IV	IV	False	I	I, major		I, major		I	0	-1	-1	-1	0	0	True	True	True
8076	12	41	-1	F	0	3	4	4	1	True	1.5	-1	75	75	113	75a	673/2	1/8	False	2	False				False	215	1	I\\	C	IV		I		I					M	False	False	(0, 4, 1)	()	0	0	major	major	IV	IV, major	I		IV	IV	False	I	I, major		I, major		I	0	-1	-1	-1	0	0	True	True	True
8076	12	53	-1	F	0	3	4	3	1	True	1.5	-1	75	75	113	75a	673/2	1/8	False	3	False				False	215	1	I\\	C	IV		I		I					M	False	False	(0, 4, 1)	()	0	0	major	major	IV	IV, major	I		IV	IV	False	I	I, major		I, major		I	0	-1	-1	-1	0	0	True	True	True
8076	12	65	-1	F	0	3	4	1	1	True	1.5	-1	75	75	113	75a	673/2	1/8	False	4	False				False	215	1	I\\	C	IV		I		I					M	False	False	(0, 4, 1)	()	0	0	major	major	IV	IV, major	I		IV	IV	False	I	I, major		I, major		I	0	-1	-1	-1	0	0	True	True	True
8100	12	41	-1	F	0	3	4	4	1	True	2.5	-1	75	75	113	75a	675/2	1/8	False	2	False				False	215	1	I\\	C	IV		I		I					M	False	False	(0, 4, 1)	()	0	0	major	major	IV	IV, major	I		IV	IV	False	I	I, major		I, major		I	0	-1	-1	-1	0	0	True	True	True
8100	12	53	-1	F	0	3	4	3	1	True	2.5	-1	75	75	113	75a	675/2	1/8	False	3	False				False	215	1	I\\	C	IV		I		I					M	False	False	(0, 4, 1)	()	0	0	major	major	IV	IV, major	I		IV	IV	False	I	I, major		I, major		I	0	-1	-1	-1	0	0	True	True	True
8100	12	65	-1	F	0	3	4	1	1	True	2.5	-1	75	75	113	75a	675/2	1/8	False	4	False				False	215	1	I\\	C	IV		I		I					M	False	False	(0, 4, 1)	()	0	0	major	major	IV	IV, major	I		IV	IV	False	I	I, major		I, major		I	0	-1	-1	-1	0	0	True	True	True
8112	18	43	1	G	0	3	4	4	1	True	3.0	-1	75	75	113	75a	338	3/16	False	2	False				False	215	1	I\\	C	IV		I		I					M	False	False	(0, 4, 1)	()	0	0	major	major	IV	IV, major	I		IV	IV	False	I	I, major		I, major		I	0	-1	-1	1	2	2	False	False	False
8112	18	55	1	G	0	3	4	3	1	True	3.0	-1	75	75	113	75a	338	3/16	False	3	False				False	215	1	I\\	C	IV		I		I					M	False	False	(0, 4, 1)	()	0	0	major	major	IV	IV, major	I		IV	IV	False	I	I, major		I, major		I	0	-1	-1	1	2	2	False	False	False
8112	18	67	1	G	0	3	4	1	1	True	3.0	-1	75	75	113	75a	338	3/16	False	4	False				False	215	1	I\\	C	IV		I		I					M	False	False	(0, 4, 1)	()	0	0	major	major	IV	IV, major	I		IV	IV	False	I	I, major		I, major		I	0	-1	-1	1	2	2	False	False	False
8130	3	41	-1	F	0	3	4	4	1	True	3.75	-1	75	75	113	75a	1355/4	1/32	False	2	False				False	215	1	I\\	C	IV		I		I					M	False	False	(0, 4, 1)	()	0	0	major	major	IV	IV, major	I		IV	IV	False	I	I, major		I, major		I	0	-1	-1	-1	0	0	True	True	True
8130	3	53	-1	F	0	3	4	3	1	True	3.75	-1	75	75	113	75a	1355/4	1/32	False	3	False				False	215	1	I\\	C	IV		I		I					M	False	False	(0, 4, 1)	()	0	0	major	major	IV	IV, major	I		IV	IV	False	I	I, major		I, major		I	0	-1	-1	-1	0	0	True	True	True
8130	3	65	-1	F	0	3	4	1	1	True	3.75	-1	75	75	113	75a	1355/4	1/32	False	4	False				False	215	1	I\\	C	IV		I		I					M	False	False	(0, 4, 1)	()	0	0	major	major	IV	IV, major	I		IV	IV	False	I	I, major		I, major		I	0	-1	-1	-1	0	0	True	True	True
8133	3	43	1	G	0	3	4	4	1	True	3.875	-1	75	75	113	75a	2711/8	1/32	False	2	False				False	215	1	I\\	C	IV		I		I					M	False	False	(0, 4, 1)	()	0	0	major	major	IV	IV, major	I		IV	IV	False	I	I, major		I, major		I	0	-1	-1	1	2	2	False	False	False
8133	3	55	1	G	0	3	4	3	1	True	3.875	-1	75	75	113	75a	2711/8	1/32	False	3	False				False	215	1	I\\	C	IV		I		I					M	False	False	(0, 4, 1)	()	0	0	major	major	IV	IV, major	I		IV	IV	False	I	I, major		I, major		I	0	-1	-1	1	2	2	False	False	False
8133	3	67	1	G	0	3	4	1	1	True	3.875	-1	75	75	113	75a	2711/8	1/32	False	4	False				False	215	1	I\\	C	IV		I		I					M	False	False	(0, 4, 1)	()	0	0	major	major	IV	IV, major	I		IV	IV	False	I	I, major		I, major		I	0	-1	-1	1	2	2	False	False	False
8136	24	45	3	A	0	3	4	4	1	True	1.0	-1	56	56	114	56b	339	1/4	True	2	True				False	216		V/vi	C	IV		V/vi		V				vi	M	False	False	(4, 8, 5)	()	4	4	major	major	IV	IV, major	V/vi	vi	vi/IV	ii	True	V/vi	V/vi, major		V/vi, major	vi	vi	0	-1	2	3	4	1	True	True	True
8136	18	57	3	A	0	3	4	1	1	True	1.0	-1	56	56	114	56b	339	3/16	True	3	True				False	216		V/vi	C	IV		V/vi		V				vi	M	False	False	(4, 8, 5)	()	4	4	major	major	IV	IV, major	V/vi	vi	vi/IV	ii	True	V/vi	V/vi, major		V/vi, major	vi	vi	0	-1	2	3	4	1	True	True	True
8136	24	57	3	A	0	3	4	3	1	True	1.0	-1	56	56	114	56b	339	1/4	True	3	True				False	216		V/vi	C	IV		V/vi		V				vi	M	False	False	(4, 8, 5)	()	4	4	major	major	IV	IV, major	V/vi	vi	vi/IV	ii	True	V/vi	V/vi, major		V/vi, major	vi	vi	0	-1	2	3	4	1	True	True	True
8136	24	61	7	C	1	3	4	2	1	True	1.0	-1	56	56	114	56b	339	1/4	True	4	True				False	216		V/vi	C	IV		V/vi		V				vi	M	False	False	(4, 8, 5)	()	4	4	major	major	IV	IV, major	V/vi	vi	vi/IV	ii	True	V/vi	V/vi, major		V/vi, major	vi	vi	0	-1	2	7	8	5	True	False	False
8136	18	64	4	E	0	3	4	1	1	True	1.0	-1	56	56	114	56b	339	3/16	True	4	True				False	216		V/vi	C	IV		V/vi		V				vi	M	False	False	(4, 8, 5)	()	4	4	major	major	IV	IV, major	V/vi	vi	vi/IV	ii	True	V/vi	V/vi, major		V/vi, major	vi	vi	0	-1	2	4	5	2	True	False	False
8136	24	64	4	E	0	3	4	2	1	True	1.0	-1	56	56	114	56b	339	1/4	True	4	True				False	216		V/vi	C	IV		V/vi		V				vi	M	False	False	(4, 8, 5)	()	4	4	major	major	IV	IV, major	V/vi	vi	vi/IV	ii	True	V/vi	V/vi, major		V/vi, major	vi	vi	0	-1	2	4	5	2	True	False	False
8136	18	69	3	A	0	3	4	1	1	True	1.0	-1	56	56	114	56b	339	3/16	True	4	True				False	216		V/vi	C	IV		V/vi		V				vi	M	False	False	(4, 8, 5)	()	4	4	major	major	IV	IV, major	V/vi	vi	vi/IV	ii	True	V/vi	V/vi, major		V/vi, major	vi	vi	0	-1	2	3	4	1	True	True	True
8154	6	69	3	A	0	3	4	1	1	True	1.75	-1	56	56	114	56b	1359/4	1/16	False	4	False				False	216		V/vi	C	IV		V/vi		V				vi	M	False	False	(4, 8, 5)	()	4	4	major	major	IV	IV, major	V/vi	vi	vi/IV	ii	True	V/vi	V/vi, major		V/vi, major	vi	vi	0	-1	2	3	4	1	True	True	True
8160	12	73	7	C	1	3	4	1	1	True	2.0	-1	56	56	114	56b	340	1/8	False	5	False				False	216		V/vi	C	IV		V/vi		V				vi	M	False	False	(4, 8, 5)	()	4	4	major	major	IV	IV, major	V/vi	vi	vi/IV	ii	True	V/vi	V/vi, major		V/vi, major	vi	vi	0	-1	2	7	8	5	True	False	False
8172	12	76	4	E	0	3	4	1	1	True	2.5	-1	56	56	114	56b	681/2	1/8	False	5	False				False	216		V/vi	C	IV		V/vi		V				vi	M	False	False	(4, 8, 5)	()	4	4	major	major	IV	IV, major	V/vi	vi	vi/IV	ii	True	V/vi	V/vi, major		V/vi, major	vi	vi	0	-1	2	4	5	2	True	False	False
8184	12	81	3	A	0	3	4	1	1	True	3.0	-1	56	56	114	56b	341	1/8	False	5	False				False	216		V/vi	C	IV		V/vi		V				vi	M	False	False	(4, 8, 5)	()	4	4	major	major	IV	IV, major	V/vi	vi	vi/IV	ii	True	V/vi	V/vi, major		V/vi, major	vi	vi	0	-1	2	3	4	1	True	True	True
8196	12	85	7	C	1	3	4	1	1	True	3.5	-1	56	56	114	56b	683/2	1/8	False	6	False				False	216		V/vi	C	IV		V/vi		V				vi	M	False	False	(4, 8, 5)	()	4	4	major	major	IV	IV, major	V/vi	vi	vi/IV	ii	True	V/vi	V/vi, major		V/vi, major	vi	vi	0	-1	2	7	8	5	True	False	False
8208	12	88	4	E	0	3	4	1	1	True	1.0	-1	57	57	115	57b	342	1/8	False	6	False				False	216		V/vi	C	IV		V/vi		V				vi	M	False	False	(4, 8, 5)	()	4	4	major	major	IV	IV, major	V/vi	vi	vi/IV	ii	True	V/vi	V/vi, major		V/vi, major	vi	vi	0	-1	2	4	5	2	True	False	False
8220	12	85	7	C	1	3	4	1	1	True	1.5	-1	57	57	115	57b	685/2	1/8	False	6	False				False	216		V/vi	C	IV		V/vi		V				vi	M	False	False	(4, 8, 5)	()	4	4	major	major	IV	IV, major	V/vi	vi	vi/IV	ii	True	V/vi	V/vi, major		V/vi, major	vi	vi	0	-1	2	7	8	5	True	False	False
8232	12	81	3	A	0	3	4	1	1	True	2.0	-1	57	57	115	57b	343	1/8	False	5	False				False	216		V/vi	C	IV		V/vi		V				vi	M	False	False	(4, 8, 5)	()	4	4	major	major	IV	IV, major	V/vi	vi	vi/IV	ii	True	V/vi	V/vi, major		V/vi, major	vi	vi	0	-1	2	3	4	1	True	True	True
8244	12	64	4	E	0	3	4	2	1	True	2.5	-1	57	57	115	57b	687/2	1/8	False	4	False				False	216		V/vi	C	IV		V/vi		V				vi	M	False	False	(4, 8, 5)	()	4	4	major	major	IV	IV, major	V/vi	vi	vi/IV	ii	True	V/vi	V/vi, major		V/vi, major	vi	vi	0	-1	2	4	5	2	True	False	False
8244	12	76	4	E	0	3	4	1	1	True	2.5	-1	57	57	115	57b	687/2	1/8	False	5	False				False	216		V/vi	C	IV		V/vi		V				vi	M	False	False	(4, 8, 5)	()	4	4	major	major	IV	IV, major	V/vi	vi	vi/IV	ii	True	V/vi	V/vi, major		V/vi, major	vi	vi	0	-1	2	4	5	2	True	False	False
8256	12	61	7	C	1	3	4	2	1	True	3.0	-1	57	57	115	57b	344	1/8	False	4	False				False	216		V/vi	C	IV		V/vi		V				vi	M	False	False	(4, 8, 5)	()	4	4	major	major	IV	IV, major	V/vi	vi	vi/IV	ii	True	V/vi	V/vi, major		V/vi, major	vi	vi	0	-1	2	7	8	5	True	False	False
8256	12	73	7	C	1	3	4	1	1	True	3.0	-1	57	57	115	57b	344	1/8	False	5	False				False	216		V/vi	C	IV		V/vi		V				vi	M	False	False	(4, 8, 5)	()	4	4	major	major	IV	IV, major	V/vi	vi	vi/IV	ii	True	V/vi	V/vi, major		V/vi, major	vi	vi	0	-1	2	7	8	5	True	False	False
8268	12	64	4	E	0	3	4	2	1	True	3.5	-1	57	57	115	57b	689/2	1/8	False	4	False				False	216		V/vi	C	IV		V/vi		V				vi	M	False	False	(4, 8, 5)	()	4	4	major	major	IV	IV, major	V/vi	vi	vi/IV	ii	True	V/vi	V/vi, major		V/vi, major	vi	vi	0	-1	2	4	5	2	True	False	False
8268	12	76	4	E	0	3	4	1	1	True	3.5	-1	57	57	115	57b	689/2	1/8	False	5	False				False	216		V/vi	C	IV		V/vi		V				vi	M	False	False	(4, 8, 5)	()	4	4	major	major	IV	IV, major	V/vi	vi	vi/IV	ii	True	V/vi	V/vi, major		V/vi, major	vi	vi	0	-1	2	4	5	2	True	False	False
8280	36	57	3	A	0	3	4	2	1	True	1.0	-1	58	58	116	58b	345	3/8	False	3	True				False	217		ii.V	C	ii		V		V					M	False	True	(1, 5, 2)	()	1	1	major	minor	ii	ii, major	V		ii	ii	True	V	V, minor		V, minor		V	0	2	2	3	1	1	True	True	True
8280	36	69	3	A	0	3	4	1	1	True	1.0	-1	58	58	116	58b	345	3/8	False	4	True				False	217		ii.V	C	ii		V		V					M	False	True	(1, 5, 2)	()	1	1	major	minor	ii	ii, major	V		ii	ii	True	V	V, minor		V, minor		V	0	2	2	3	1	1	True	True	True
8316	12	38	2	D	0	3	4	4	1	True	2.5	-1	58	58	116	58b	693/2	1/8	False	2	True				False	218		i	C	ii		i		i					m	False	True	(0, -3, 1)	()	0	0	major	minor	ii	ii, major	i		ii	ii	True	i	i, minor		i, minor		i	0	2	2	2	0	0	True	True	True
8316	12	53	-1	F	0	3	4	3	1	True	2.5	-1	58	58	116	58b	693/2	1/8	False	3	True				False	218		i	C	ii		i		i					m	False	True	(0, -3, 1)	()	0	0	major	minor	ii	ii, major	i		ii	ii	True	i	i, minor		i, minor		i	0	2	2	-1	-3	-3	True	False	False
8316	12	57	3	A	0	3	4	2	1	True	2.5	-1	58	58	116	58b	693/2	1/8	False	3	True				False	218		i	C	ii		i		i					m	False	True	(0, -3, 1)	()	0	0	major	minor	ii	ii, major	i		ii	ii	True	i	i, minor		i, minor		i	0	2	2	3	1	1	True	False	False
8316	12	69	3	A	0	3	4	1	1	True	2.5	-1	58	58	116	58b	693/2	1/8	False	4	True				False	218		i	C	ii		i		i					m	False	True	(0, -3, 1)	()	0	0	major	minor	ii	ii, major	i		ii	ii	True	i	i, minor		i, minor		i	0	2	2	3	1	1	True	False	False
8328	12	37	7	C	1	3	4	4	1	True	3.0	-1	58	58	116	58b	347	1/8	False	2	True				False	219		V6	C	ii		V6		V		6			M	False	True	(5, 2, 1)	()	1	5	major	minor	ii	ii, major	V		ii	ii	True	V6	V6, minor		V6, minor		V	0	2	2	7	5	5	True	False	True
8328	12	52	4	E	0	3	4	3	1	True	3.0	-1	58	58	116	58b	347	1/8	False	3	True				False	219		V6	C	ii		V6		V		6			M	False	True	(5, 2, 1)	()	1	5	major	minor	ii	ii, major	V		ii	ii	True	V6	V6, minor		V6, minor		V	0	2	2	4	2	2	True	False	False
8328	12	57	3	A	0	3	4	2	1	True	3.0	-1	58	58	116	58b	347	1/8	False	3	True				False	219		V6	C	ii		V6		V		6			M	False	True	(5, 2, 1)	()	1	5	major	minor	ii	ii, major	V		ii	ii	True	V6	V6, minor		V6, minor		V	0	2	2	3	1	1	True	True	False
8328	12	69	3	A	0	3	4	1	1	True	3.0	-1	58	58	116	58b	347	1/8	False	4	True				False	219		V6	C	ii		V6		V		6			M	False	True	(5, 2, 1)	()	1	5	major	minor	ii	ii, major	V		ii	ii	True	V6	V6, minor		V6, minor		V	0	2	2	3	1	1	True	True	False
8340	12	40	4	E	0	3	4	4	1	True	3.5	-1	58	58	116	58b	695/2	1/8	False	2	True				False	220		V43	C	ii		V43		V		43			Mm7	False	True	(2, -1, 1, 5)	()	1	2	major	minor	ii	ii, major	V		ii	ii	True	V43	V43, minor		V43, minor		V	0	2	2	4	2	2	True	False	True
8340	12	55	1	G	0	3	4	3	1	True	3.5	-1	58	58	116	58b	695/2	1/8	False	3	True				False	220		V43	C	ii		V43		V		43			Mm7	False	True	(2, -1, 1, 5)	()	1	2	major	minor	ii	ii, major	V		ii	ii	True	V43	V43, minor		V43, minor		V	0	2	2	1	-1	-1	True	False	False
8340	12	57	3	A	0	3	4	2	1	True	3.5	-1	58	58	116	58b	695/2	1/8	False	3	True				False	220		V43	C	ii		V43		V		43			Mm7	False	True	(2, -1, 1, 5)	()	1	2	major	minor	ii	ii, major	V		ii	ii	True	V43	V43, minor		V43, minor		V	0	2	2	3	1	1	True	True	False
8340	12	69	3	A	0	3	4	1	1	True	3.5	-1	58	58	116	58b	695/2	1/8	False	4	True				False	220		V43	C	ii		V43		V		43			Mm7	False	True	(2, -1, 1, 5)	()	1	2	major	minor	ii	ii, major	V		ii	ii	True	V43	V43, minor		V43, minor		V	0	2	2	3	1	1	True	True	False
8352	36	38	2	D	0	3	4	4	1	True	1.0	-1	59	59	117	59b	348	3/8	False	2	True				False	221		i	C	ii		i		i					m	False	True	(0, -3, 1)	()	0	0	major	minor	ii	ii, major	i		ii	ii	True	i	i, minor		i, minor		i	0	2	2	2	0	0	True	True	True
8352	12	53	-1	F	0	3	4	3	1	True	1.0	-1	59	59	117	59b	348	1/8	False	3	True				False	221		i	C	ii		i		i					m	False	True	(0, -3, 1)	()	0	0	major	minor	ii	ii, major	i		ii	ii	True	i	i, minor		i, minor		i	0	2	2	-1	-3	-3	True	False	False
8352	36	57	3	A	0	3	4	2	1	True	1.0	-1	59	59	117	59b	348	3/8	False	3	True				False	221		i	C	ii		i		i					m	False	True	(0, -3, 1)	()	0	0	major	minor	ii	ii, major	i		ii	ii	True	i	i, minor		i, minor		i	0	2	2	3	1	1	True	False	False
8352	36	69	3	A	0	3	4	1	1	True	1.0	-1	59	59	117	59b	348	3/8	False	4	True				False	221		i	C	ii		i		i					m	False	True	(0, -3, 1)	()	0	0	major	minor	ii	ii, major	i		ii	ii	True	i	i, minor		i, minor		i	0	2	2	3	1	1	True	False	False
8364	6	52	4	E	0	3	4	3	1	True	1.5	-1	59	59	117	59b	697/2	1/16	False	3	False				False	221		i	C	ii		i		i					m	False	True	(0, -3, 1)	()	0	0	major	minor	ii	ii, major	i		ii	ii	True	i	i, minor		i, minor		i	0	2	2	4	2	2	False	False	False
8370	6	53	-1	F	0	3	4	3	1	True	1.75	-1	59	59	117	59b	1395/4	1/16	False	3	False				False	221		i	C	ii		i		i					m	False	True	(0, -3, 1)	()	0	0	major	minor	ii	ii, major	i		ii	ii	True	i	i, minor		i, minor		i	0	2	2	-1	-3	-3	True	False	False
8376	12	50	2	D	0	3	4	3	1	True	2.0	-1	59	59	117	59b	349	1/8	False	3	False				False	221		i	C	ii		i		i					m	False	True	(0, -3, 1)	()	0	0	major	minor	ii	ii, major	i		ii	ii	True	i	i, minor		i, minor		i	0	2	2	2	0	0	True	True	True
8388	12	62	2	D	0	3	4	3	1	True	2.5	-1	59	59	117	59b	699/2	1/8	False	4	False				False	221		i	C	ii		i		i					m	False	True	(0, -3, 1)	()	0	0	major	minor	ii	ii, major	i		ii	ii	True	i	i, minor		i, minor		i	0	2	2	2	0	0	True	True	True
8388	12	65	-1	F	0	3	4	2	1	True	2.5	-1	59	59	117	59b	699/2	1/8	False	4	False				False	221		i	C	ii		i		i					m	False	True	(0, -3, 1)	()	0	0	major	minor	ii	ii, major	i		ii	ii	True	i	i, minor		i, minor		i	0	2	2	-1	-3	-3	True	False	False
8388	12	69	3	A	0	3	4	1	1	True	2.5	-1	59	59	117	59b	699/2	1/8	False	4	False				False	221		i	C	ii		i		i					m	False	True	(0, -3, 1)	()	0	0	major	minor	ii	ii, major	i		ii	ii	True	i	i, minor		i, minor		i	0	2	2	3	1	1	True	False	False
8400	12	62	2	D	0	3	4	3	1	True	3.0	-1	59	59	117	59b	350	1/8	False	4	False				False	221		i	C	ii		i		i					m	False	True	(0, -3, 1)	()	0	0	major	minor	ii	ii, major	i		ii	ii	True	i	i, minor		i, minor		i	0	2	2	2	0	0	True	True	True
8400	12	65	-1	F	0	3	4	2	1	True	3.0	-1	59	59	117	59b	350	1/8	False	4	False				False	221		i	C	ii		i		i					m	False	True	(0, -3, 1)	()	0	0	major	minor	ii	ii, major	i		ii	ii	True	i	i, minor		i, minor		i	0	2	2	-1	-3	-3	True	False	False
8400	12	70	-2	B	-1	3	4	1	1	True	3.0	-1	59	59	117	59b	350	1/8	False	4	False				False	221		i	C	ii		i		i					m	False	True	(0, -3, 1)	()	0	0	major	minor	ii	ii, major	i		ii	ii	True	i	i, minor		i, minor		i	0	2	2	-2	-4	-4	False	False	False
8412	12	62	2	D	0	3	4	3	1	True	3.5	-1	59	59	117	59b	701/2	1/8	False	4	True				False	222		VI6	C	ii		VI6		VI		6			M	False	True	(0, -3, -4)	()	-4	0	major	minor	ii	ii, major	VI		ii	ii	True	VI6	VI6, minor		VI6, minor		VI	0	2	2	2	0	0	True	False	True
8412	12	65	-1	F	0	3	4	2	1	True	3.5	-1	59	59	117	59b	701/2	1/8	False	4	True				False	222		VI6	C	ii		VI6		VI		6			M	False	True	(0, -3, -4)	()	-4	0	major	minor	ii	ii, major	VI		ii	ii	True	VI6	VI6, minor		VI6, minor		VI	0	2	2	-1	-3	-3	True	False	False
8412	12	70	-2	B	-1	3	4	1	1	True	3.5	-1	59	59	117	59b	701/2	1/8	False	4	True				False	222		VI6	C	ii		VI6		VI		6			M	False	True	(0, -3, -4)	()	-4	0	major	minor	ii	ii, major	VI		ii	ii	True	VI6	VI6, minor		VI6, minor		VI	0	2	2	-2	-4	-4	True	True	False
8424	36	64	4	E	0	3	4	3	1	True	1.0	-1	60	60	118	60b	351	3/8	False	4	True				False	223		iio	C	ii		iio		ii	o				o	False	True	(2, -1, -4)	()	2	2	major	minor	ii	ii, major	ii		ii	ii	True	iio	iio, minor		iio, minor		ii	0	2	2	4	2	2	True	True	True
8424	12	67	1	G	0	3	4	2	1	True	1.0	-1	60	60	118	60b	351	1/8	False	4	True				False	223		iio	C	ii		iio		ii	o				o	False	True	(2, -1, -4)	()	2	2	major	minor	ii	ii, major	ii		ii	ii	True	iio	iio, minor		iio, minor		ii	0	2	2	1	-1	-1	True	False	False
8424	36	70	-2	B	-1	3	4	1	1	True	1.0	-1	60	60	118	60b	351	3/8	False	4	True				False	223		iio	C	ii		iio		ii	o				o	False	True	(2, -1, -4)	()	2	2	major	minor	ii	ii, major	ii		ii	ii	True	iio	iio, minor		iio, minor		ii	0	2	2	-2	-4	-4	True	False	False
8436	6	65	-1	F	0	3	4	2	1	True	1.5	-1	60	60	118	60b	703/2	1/16	False	4	False				False	223		iio	C	ii		iio		ii	o				o	False	True	(2, -1, -4)	()	2	2	major	minor	ii	ii, major	ii		ii	ii	True	iio	iio, minor		iio, minor		ii	0	2	2	-1	-3	-3	False	False	False
8442	6	67	1	G	0	3	4	2	1	True	1.75	-1	60	60	118	60b	1407/4	1/16	False	4	False				False	223		iio	C	ii		iio		ii	o				o	False	True	(2, -1, -4)	()	2	2	major	minor	ii	ii, major	ii		ii	ii	True	iio	iio, minor		iio, minor		ii	0	2	2	1	-1	-1	True	False	False
8448	12	64	4	E	0	3	4	2	1	True	2.0	-1	60	60	118	60b	352	1/8	False	4	False				False	223		iio	C	ii		iio		ii	o				o	False	True	(2, -1, -4)	()	2	2	major	minor	ii	ii, major	ii		ii	ii	True	iio	iio, minor		iio, minor		ii	0	2	2	4	2	2	True	True	True
8460	12	40	4	E	0	3	4	4	1	True	2.5	-1	60	60	118	60b	705/2	1/8	False	2	False				False	223		iio	C	ii		iio		ii	o				o	False	True	(2, -1, -4)	()	2	2	major	minor	ii	ii, major	ii		ii	ii	True	iio	iio, minor		iio, minor		ii	0	2	2	4	2	2	True	True	True
8460	12	55	1	G	0	3	4	3	1	True	2.5	-1	60	60	118	60b	705/2	1/8	False	3	False				False	223		iio	C	ii		iio		ii	o				o	False	True	(2, -1, -4)	()	2	2	major	minor	ii	ii, major	ii		ii	ii	True	iio	iio, minor		iio, minor		ii	0	2	2	1	-1	-1	True	False	False
8460	12	58	-2	B	-1	3	4	2	1	True	2.5	-1	60	60	118	60b	705/2	1/8	False	3	False				False	223		iio	C	ii		iio		ii	o				o	False	True	(2, -1, -4)	()	2	2	major	minor	ii	ii, major	ii		ii	ii	True	iio	iio, minor		iio, minor		ii	0	2	2	-2	-4	-4	True	False	False
8460	12	70	-2	B	-1	3	4	1	1	True	2.5	-1	60	60	118	60b	705/2	1/8	False	4	False				False	223		iio	C	ii		iio		ii	o				o	False	True	(2, -1, -4)	()	2	2	major	minor	ii	ii, major	ii		ii	ii	True	iio	iio, minor		iio, minor		ii	0	2	2	-2	-4	-4	True	False	False
8472	12	38	2	D	0	3	4	4	1	True	3.0	-1	60	60	118	60b	353	1/8	False	2	True				False	224		VI6	C	ii		VI6		VI		6			M	False	True	(0, -3, -4)	()	-4	0	major	minor	ii	ii, major	VI		ii	ii	True	VI6	VI6, minor		VI6, minor		VI	0	2	2	2	0	0	True	False	True
8472	12	53	-1	F	0	3	4	3	1	True	3.0	-1	60	60	118	60b	353	1/8	False	3	True				False	224		VI6	C	ii		VI6		VI		6			M	False	True	(0, -3, -4)	()	-4	0	major	minor	ii	ii, major	VI		ii	ii	True	VI6	VI6, minor		VI6, minor		VI	0	2	2	-1	-3	-3	True	False	False
8472	12	58	-2	B	-1	3	4	2	1	True	3.0	-1	60	60	118	60b	353	1/8	False	3	True				False	224		VI6	C	ii		VI6		VI		6			M	False	True	(0, -3, -4)	()	-4	0	major	minor	ii	ii, major	VI		ii	ii	True	VI6	VI6, minor		VI6, minor		VI	0	2	2	-2	-4	-4	True	True	False
8472	12	70	-2	B	-1	3	4	1	1	True	3.0	-1	60	60	118	60b	353	1/8	False	4	True				False	224		VI6	C	ii		VI6		VI		6			M	False	True	(0, -3, -4)	()	-4	0	major	minor	ii	ii, major	VI		ii	ii	True	VI6	VI6, minor		VI6, minor		VI	0	2	2	-2	-4	-4	True	True	False
8484	12	41	-1	F	0	3	4	4	1	True	3.5	-1	60	60	118	60b	707/2	1/8	False	2	True				False	225		VI43	C	ii		VI43		VI		43			Mm7	False	True	(-3, -6, -4, 0)	()	-4	-3	major	minor	ii	ii, major	VI		ii	ii	True	VI43	VI43, minor		VI43, minor		VI	0	2	2	-1	-3	-3	True	False	True
8484	12	57	3	A	0	3	4	3	1	True	3.5	-1	60	60	118	60b	707/2	1/8	False	3	True				False	225		VI43	C	ii		VI43		VI		43			Mm7	False	True	(-3, -6, -4, 0)	()	-4	-3	major	minor	ii	ii, major	VI		ii	ii	True	VI43	VI43, minor		VI43, minor		VI	0	2	2	3	1	1	False	False	False
8484	12	58	-2	B	-1	3	4	2	1	True	3.5	-1	60	60	118	60b	707/2	1/8	False	3	True				False	225		VI43	C	ii		VI43		VI		43			Mm7	False	True	(-3, -6, -4, 0)	()	-4	-3	major	minor	ii	ii, major	VI		ii	ii	True	VI43	VI43, minor		VI43, minor		VI	0	2	2	-2	-4	-4	True	True	False
8484	12	70	-2	B	-1	3	4	1	1	True	3.5	-1	60	60	118	60b	707/2	1/8	False	4	True				False	225		VI43	C	ii		VI43		VI		43			Mm7	False	True	(-3, -6, -4, 0)	()	-4	-3	major	minor	ii	ii, major	VI		ii	ii	True	VI43	VI43, minor		VI43, minor		VI	0	2	2	-2	-4	-4	True	True	False
8496	36	40	4	E	0	3	4	4	1	True	1.0	-1	61	61	119	61b	354	3/8	False	2	False				False	226		iio	C	ii		iio		ii	o				o	False	True	(2, -1, -4)	()	2	2	major	minor	ii	ii, major	ii		ii	ii	True	iio	iio, minor		iio, minor		ii	0	2	2	4	2	2	True	True	True
8496	12	55	1	G	0	3	4	3	1	True	1.0	-1	61	61	119	61b	354	1/8	False	3	False				False	226		iio	C	ii		iio		ii	o				o	False	True	(2, -1, -4)	()	2	2	major	minor	ii	ii, major	ii		ii	ii	True	iio	iio, minor		iio, minor		ii	0	2	2	1	-1	-1	True	False	False
8496	36	58	-2	B	-1	3	4	2	1	True	1.0	-1	61	61	119	61b	354	3/8	False	3	False				False	226		iio	C	ii		iio		ii	o				o	False	True	(2, -1, -4)	()	2	2	major	minor	ii	ii, major	ii		ii	ii	True	iio	iio, minor		iio, minor		ii	0	2	2	-2	-4	-4	True	False	False
8496	36	70	-2	B	-1	3	4	1	1	True	1.0	-1	61	61	119	61b	354	3/8	False	4	False				False	226		iio	C	ii		iio		ii	o				o	False	True	(2, -1, -4)	()	2	2	major	minor	ii	ii, major	ii		ii	ii	True	iio	iio, minor		iio, minor		ii	0	2	2	-2	-4	-4	True	False	False
8508	6	53	-1	F	0	3	4	3	1	True	1.5	-1	61	61	119	61b	709/2	1/16	False	3	False				False	226		iio	C	ii		iio		ii	o				o	False	True	(2, -1, -4)	()	2	2	major	minor	ii	ii, major	ii		ii	ii	True	iio	iio, minor		iio, minor		ii	0	2	2	-1	-3	-3	False	False	False
8514	6	55	1	G	0	3	4	3	1	True	1.75	-1	61	61	119	61b	1419/4	1/16	False	3	False				False	226		iio	C	ii		iio		ii	o				o	False	True	(2, -1, -4)	()	2	2	major	minor	ii	ii, major	ii		ii	ii	True	iio	iio, minor		iio, minor		ii	0	2	2	1	-1	-1	True	False	False
8520	12	52	4	E	0	3	4	3	1	True	2.0	-1	61	61	119	61b	355	1/8	False	3	False				False	226		iio	C	ii		iio		ii	o				o	False	True	(2, -1, -4)	()	2	2	major	minor	ii	ii, major	ii		ii	ii	True	iio	iio, minor		iio, minor		ii	0	2	2	4	2	2	True	True	True
8532	12	64	4	E	0	3	4	3	1	True	2.5	-1	61	61	119	61b	711/2	1/8	False	4	True				False	227		iio	C	ii		iio		ii	o				o	False	True	(2, -1, -4)	()	2	2	major	minor	ii	ii, major	ii		ii	ii	True	iio	iio, minor		iio, minor		ii	0	2	2	4	2	2	True	True	True
8532	12	67	1	G	0	3	4	2	1	True	2.5	-1	61	61	119	61b	711/2	1/8	False	4	True				False	227		iio	C	ii		iio		ii	o				o	False	True	(2, -1, -4)	()	2	2	major	minor	ii	ii, major	ii		ii	ii	True	iio	iio, minor		iio, minor		ii	0	2	2	1	-1	-1	True	False	False
8532	12	70	-2	B	-1	3	4	1	1	True	2.5	-1	61	61	119	61b	711/2	1/8	False	4	True				False	227		iio	C	ii		iio		ii	o				o	False	True	(2, -1, -4)	()	2	2	major	minor	ii	ii, major	ii		ii	ii	True	iio	iio, minor		iio, minor		ii	0	2	2	-2	-4	-4	True	False	False
8544	12	64	4	E	0	3	4	3	1	True	3.0	-1	61	61	119	61b	356	1/8	False	4	False				False	228		V6/III	C	ii		V6/III		V		6		III	M	False	True	(2, -1, -2)	()	-2	2	major	minor	ii	ii, major	V/III	III	III/ii	IV	False	V6/III	V6/III, minor		V6/III, minor	III	III	0	2	-1	4	2	5	True	False	True
8544	12	67	1	G	0	3	4	2	1	True	3.0	-1	61	61	119	61b	356	1/8	False	4	False				False	228		V6/III	C	ii		V6/III		V		6		III	M	False	True	(2, -1, -2)	()	-2	2	major	minor	ii	ii, major	V/III	III	III/ii	IV	False	V6/III	V6/III, minor		V6/III, minor	III	III	0	2	-1	1	-1	2	True	False	False
8544	12	72	0	C	0	3	4	1	1	True	3.0	-1	61	61	119	61b	356	1/8	False	5	False				False	228		V6/III	C	ii		V6/III		V		6		III	M	False	True	(2, -1, -2)	()	-2	2	major	minor	ii	ii, major	V/III	III	III/ii	IV	False	V6/III	V6/III, minor		V6/III, minor	III	III	0	2	-1	0	-2	1	True	True	False
8556	12	64	4	E	0	3	4	3	1	True	3.5	-1	61	61	119	61b	713/2	1/8	False	4	True				False	229		V6/III	C	ii		V6/III		V		6		III	M	False	True	(2, -1, -2)	()	-2	2	major	minor	ii	ii, major	V/III	III	III/ii	IV	False	V6/III	V6/III, minor		V6/III, minor	III	III	0	2	-1	4	2	5	True	False	True
8556	12	67	1	G	0	3	4	2	1	True	3.5	-1	61	61	119	61b	713/2	1/8	False	4	True				False	229		V6/III	C	ii		V6/III		V		6		III	M	False	True	(2, -1, -2)	()	-2	2	major	minor	ii	ii, major	V/III	III	III/ii	IV	False	V6/III	V6/III, minor		V6/III, minor	III	III	0	2	-1	1	-1	2	True	False	False
8556	12	72	0	C	0	3	4	1	1	True	3.5	-1	61	61	119	61b	713/2	1/8	False	5	True				False	229		V6/III	C	ii		V6/III		V		6		III	M	False	True	(2, -1, -2)	()	-2	2	major	minor	ii	ii, major	V/III	III	III/ii	IV	False	V6/III	V6/III, minor		V6/III, minor	III	III	0	2	-1	0	-2	1	True	True	False
8568	24	65	-1	F	0	3	4	3	1	True	1.0	-1	62	62	120	62b	357	1/4	False	4	True				False	230		IV.I	C	IV		I		I					M	False	False	(0, 4, 1)	()	0	0	major	major	IV	IV, major	I		IV	IV	False	I	I, major		I, major		I	0	-1	-1	-1	0	0	True	True	True
8568	12	69	3	A	0	3	4	2	1	True	1.0	-1	62	62	120	62b	357	1/8	False	4	True				False	230		IV.I	C	IV		I		I					M	False	False	(0, 4, 1)	()	0	0	major	major	IV	IV, major	I		IV	IV	False	I	I, major		I, major		I	0	-1	-1	3	4	4	True	False	False
8568	36	72	0	C	0	3	4	1	1	True	1.0	-1	62	62	120	62b	357	3/8	False	5	True				False	230		IV.I	C	IV		I		I					M	False	False	(0, 4, 1)	()	0	0	major	major	IV	IV, major	I		IV	IV	False	I	I, major		I, major		I	0	-1	-1	0	1	1	True	False	False
8580	6	67	1	G	0	3	4	2	1	True	1.5	-1	62	62	120	62b	715/2	1/16	False	4	False				False	230		IV.I	C	IV		I		I					M	False	False	(0, 4, 1)	()	0	0	major	major	IV	IV, major	I		IV	IV	False	I	I, major		I, major		I	0	-1	-1	1	2	2	False	False	False
8586	6	69	3	A	0	3	4	2	1	True	1.75	-1	62	62	120	62b	1431/4	1/16	False	4	False				False	230		IV.I	C	IV		I		I					M	False	False	(0, 4, 1)	()	0	0	major	major	IV	IV, major	I		IV	IV	False	I	I, major		I, major		I	0	-1	-1	3	4	4	True	False	False
8592	12	65	-1	F	0	3	4	2	1	True	2.0	-1	62	62	120	62b	358	1/8	False	4	False				False	230		IV.I	C	IV		I		I					M	False	False	(0, 4, 1)	()	0	0	major	major	IV	IV, major	I		IV	IV	False	I	I, major		I, major		I	0	-1	-1	-1	0	0	True	True	True
8604	12	41	-1	F	0	3	4	4	1	True	2.5	-1	62	62	120	62b	717/2	1/8	False	2	False				False	230		IV.I	C	IV		I		I					M	False	False	(0, 4, 1)	()	0	0	major	major	IV	IV, major	I		IV	IV	False	I	I, major		I, major		I	0	-1	-1	-1	0	0	True	True	True
8604	12	57	3	A	0	3	4	3	1	True	2.5	-1	62	62	120	62b	717/2	1/8	False	3	False				False	230		IV.I	C	IV		I		I					M	False	False	(0, 4, 1)	()	0	0	major	major	IV	IV, major	I		IV	IV	False	I	I, major		I, major		I	0	-1	-1	3	4	4	True	False	False
8604	12	60	0	C	0	3	4	2	1	True	2.5	-1	62	62	120	62b	717/2	1/8	False	4	False				False	230		IV.I	C	IV		I		I					M	False	False	(0, 4, 1)	()	0	0	major	major	IV	IV, major	I		IV	IV	False	I	I, major		I, major		I	0	-1	-1	0	1	1	True	False	False
8616	12	40	4	E	0	3	4	4	1	True	3.0	-1	62	62	120	62b	359	1/8	False	2	True				False	231		V6	C	IV		V6		V		6			M	False	False	(5, 2, 1)	()	1	5	major	major	IV	IV, major	V		IV	IV	False	V6	V6, major		V6, major		V	0	-1	-1	4	5	5	True	False	True
8616	12	55	1	G	0	3	4	3	1	True	3.0	-1	62	62	120	62b	359	1/8	False	3	True				False	231		V6	C	IV		V6		V		6			M	False	False	(5, 2, 1)	()	1	5	major	major	IV	IV, major	V		IV	IV	False	V6	V6, major		V6, major		V	0	-1	-1	1	2	2	True	False	False
8616	12	60	0	C	0	3	4	2	1	True	3.0	-1	62	62	120	62b	359	1/8	False	4	True				False	231		V6	C	IV		V6		V		6			M	False	False	(5, 2, 1)	()	1	5	major	major	IV	IV, major	V		IV	IV	False	V6	V6, major		V6, major		V	0	-1	-1	0	1	1	True	True	False
8628	12	43	1	G	0	3	4	4	1	True	3.5	-1	62	62	120	62b	719/2	1/8	False	2	True				False	232		V43	C	IV		V43		V		43			Mm7	False	False	(2, -1, 1, 5)	()	1	2	major	major	IV	IV, major	V		IV	IV	False	V43	V43, major		V43, major		V	0	-1	-1	1	2	2	True	False	True
8628	12	58	-2	B	-1	3	4	3	1	True	3.5	-1	62	62	120	62b	719/2	1/8	False	3	True				False	232		V43	C	IV		V43		V		43			Mm7	False	False	(2, -1, 1, 5)	()	1	2	major	major	IV	IV, major	V		IV	IV	False	V43	V43, major		V43, major		V	0	-1	-1	-2	-1	-1	True	False	False
8628	12	60	0	C	0	3	4	2	1	True	3.5	-1	62	62	120	62b	719/2	1/8	False	4	True				False	232		V43	C	IV		V43		V		43			Mm7	False	False	(2, -1, 1, 5)	()	1	2	major	major	IV	IV, major	V		IV	IV	False	V43	V43, major		V43, major		V	0	-1	-1	0	1	1	True	True	False
8640	24	41	-1	F	0	3	4	4	1	True	1.0	-1	63	63	121	63b	360	1/4	False	2	True				False	233		I	C	IV		I		I					M	False	False	(0, 4, 1)	()	0	0	major	major	IV	IV, major	I		IV	IV	False	I	I, major		I, major		I	0	-1	-1	-1	0	0	True	True	True
8640	12	57	3	A	0	3	4	3	1	True	1.0	-1	63	63	121	63b	360	1/8	False	3	True				False	233		I	C	IV		I		I					M	False	False	(0, 4, 1)	()	0	0	major	major	IV	IV, major	I		IV	IV	False	I	I, major		I, major		I	0	-1	-1	3	4	4	True	False	False
8640	36	60	0	C	0	3	4	2	1	True	1.0	-1	63	63	121	63b	360	3/8	False	4	True				False	233		I	C	IV		I		I					M	False	False	(0, 4, 1)	()	0	0	major	major	IV	IV, major	I		IV	IV	False	I	I, major		I, major		I	0	-1	-1	0	1	1	True	False	False
8652	6	55	1	G	0	3	4	3	1	True	1.5	-1	63	63	121	63b	721/2	1/16	False	3	False				False	233		I	C	IV		I		I					M	False	False	(0, 4, 1)	()	0	0	major	major	IV	IV, major	I		IV	IV	False	I	I, major		I, major		I	0	-1	-1	1	2	2	False	False	False
8658	6	57	3	A	0	3	4	3	1	True	1.75	-1	63	63	121	63b	1443/4	1/16	False	3	False				False	233		I	C	IV		I		I					M	False	False	(0, 4, 1)	()	0	0	major	major	IV	IV, major	I		IV	IV	False	I	I, major		I, major		I	0	-1	-1	3	4	4	True	False	False
8664	12	53	-1	F	0	3	4	3	1	True	2.0	-1	63	63	121	63b	361	1/8	False	3	False				False	233		I	C	IV		I		I					M	False	False	(0, 4, 1)	()	0	0	major	major	IV	IV, major	I		IV	IV	False	I	I, major		I, major		I	0	-1	-1	-1	0	0	True	True	True
8676	12	65	-1	F	0	3	4	3	1	True	2.5	-1	63	63	121	63b	723/2	1/8	False	4	False				False	233		I	C	IV		I		I					M	False	False	(0, 4, 1)	()	0	0	major	major	IV	IV, major	I		IV	IV	False	I	I, major		I, major		I	0	-1	-1	-1	0	0	True	True	True
8676	12	69	3	A	0	3	4	2	1	True	2.5	-1	63	63	121	63b	723/2	1/8	False	4	False				False	233		I	C	IV		I		I					M	False	False	(0, 4, 1)	()	0	0	major	major	IV	IV, major	I		IV	IV	False	I	I, major		I, major		I	0	-1	-1	3	4	4	True	False	False
8676	12	72	0	C	0	3	4	1	1	True	2.5	-1	63	63	121	63b	723/2	1/8	False	5	False				False	233		I	C	IV		I		I					M	False	False	(0, 4, 1)	()	0	0	major	major	IV	IV, major	I		IV	IV	False	I	I, major		I, major		I	0	-1	-1	0	1	1	True	False	False
8688	12	64	4	E	0	3	4	3	1	True	3.0	-1	63	63	121	63b	362	1/8	False	4	True				False	234		V6	C	IV		V6		V		6			M	False	False	(5, 2, 1)	()	1	5	major	major	IV	IV, major	V		IV	IV	False	V6	V6, major		V6, major		V	0	-1	-1	4	5	5	True	False	True
8688	12	67	1	G	0	3	4	2	1	True	3.0	-1	63	63	121	63b	362	1/8	False	4	True				False	234		V6	C	IV		V6		V		6			M	False	False	(5, 2, 1)	()	1	5	major	major	IV	IV, major	V		IV	IV	False	V6	V6, major		V6, major		V	0	-1	-1	1	2	2	True	False	False
8688	12	72	0	C	0	3	4	1	1	True	3.0	-1	63	63	121	63b	362	1/8	False	5	True				False	234		V6	C	IV		V6		V		6			M	False	False	(5, 2, 1)	()	1	5	major	major	IV	IV, major	V		IV	IV	False	V6	V6, major		V6, major		V	0	-1	-1	0	1	1	True	True	False
8700	12	67	1	G	0	3	4	3	1	True	3.5	-1	63	63	121	63b	725/2	1/8	False	4	True				False	235		V43	C	IV		V43		V		43			Mm7	False	False	(2, -1, 1, 5)	()	1	2	major	major	IV	IV, major	V		IV	IV	False	V43	V43, major		V43, major		V	0	-1	-1	1	2	2	True	False	True
8700	12	70	-2	B	-1	3	4	2	1	True	3.5	-1	63	63	121	63b	725/2	1/8	False	4	True				False	235		V43	C	IV		V43		V		43			Mm7	False	False	(2, -1, 1, 5)	()	1	2	major	major	IV	IV, major	V		IV	IV	False	V43	V43, major		V43, major		V	0	-1	-1	-2	-1	-1	True	False	False
8700	12	72	0	C	0	3	4	1	1	True	3.5	-1	63	63	121	63b	725/2	1/8	False	5	True				False	235		V43	C	IV		V43		V		43			Mm7	False	False	(2, -1, 1, 5)	()	1	2	major	major	IV	IV, major	V		IV	IV	False	V43	V43, major		V43, major		V	0	-1	-1	0	1	1	True	True	False
8712	24	65	-1	F	0	3	4	3	1	True	1.0	-1	64	64	122	64b	363	1/4	False	4	True				False	236		I	C	IV		I		I					M	False	False	(0, 4, 1)	()	0	0	major	major	IV	IV, major	I		IV	IV	False	I	I, major		I, major		I	0	-1	-1	-1	0	0	True	True	True
8712	12	69	3	A	0	3	4	2	1	True	1.0	-1	64	64	122	64b	363	1/8	False	4	True				False	236		I	C	IV		I		I					M	False	False	(0, 4, 1)	()	0	0	major	major	IV	IV, major	I		IV	IV	False	I	I, major		I, major		I	0	-1	-1	3	4	4	True	False	False
8712	36	72	0	C	0	3	4	1	1	True	1.0	-1	64	64	122	64b	363	3/8	False	5	True				False	236		I	C	IV		I		I					M	False	False	(0, 4, 1)	()	0	0	major	major	IV	IV, major	I		IV	IV	False	I	I, major		I, major		I	0	-1	-1	0	1	1	True	False	False
8724	6	67	1	G	0	3	4	2	1	True	1.5	-1	64	64	122	64b	727/2	1/16	False	4	False				False	236		I	C	IV		I		I					M	False	False	(0, 4, 1)	()	0	0	major	major	IV	IV, major	I		IV	IV	False	I	I, major		I, major		I	0	-1	-1	1	2	2	False	False	False
8730	6	69	3	A	0	3	4	2	1	True	1.75	-1	64	64	122	64b	1455/4	1/16	False	4	False				False	236		I	C	IV		I		I					M	False	False	(0, 4, 1)	()	0	0	major	major	IV	IV, major	I		IV	IV	False	I	I, major		I, major		I	0	-1	-1	3	4	4	True	False	False
8736	12	65	-1	F	0	3	4	2	1	True	2.0	-1	64	64	122	64b	364	1/8	False	4	False				False	236		I	C	IV		I		I					M	False	False	(0, 4, 1)	()	0	0	major	major	IV	IV, major	I		IV	IV	False	I	I, major		I, major		I	0	-1	-1	-1	0	0	True	True	True
8748	12	53	-1	F	0	3	4	3	1	True	2.5	-1	64	64	122	64b	729/2	1/8	False	3	False				False	236		I	C	IV		I		I					M	False	False	(0, 4, 1)	()	0	0	major	major	IV	IV, major	I		IV	IV	False	I	I, major		I, major		I	0	-1	-1	-1	0	0	True	True	True
8748	12	57	3	A	0	3	4	2	1	True	2.5	-1	64	64	122	64b	729/2	1/8	False	3	False				False	236		I	C	IV		I		I					M	False	False	(0, 4, 1)	()	0	0	major	major	IV	IV, major	I		IV	IV	False	I	I, major		I, major		I	0	-1	-1	3	4	4	True	False	False
8748	12	60	0	C	0	3	4	1	1	True	2.5	-1	64	64	122	64b	729/2	1/8	False	4	False				False	236		I	C	IV		I		I					M	False	False	(0, 4, 1)	()	0	0	major	major	IV	IV, major	I		IV	IV	False	I	I, major		I, major		I	0	-1	-1	0	1	1	True	False	False
8760	12	52	4	E	0	3	4	3	1	True	3.0	-1	64	64	122	64b	365	1/8	False	3	True				False	237		V6	C	IV		V6		V		6			M	False	False	(5, 2, 1)	()	1	5	major	major	IV	IV, major	V		IV	IV	False	V6	V6, major		V6, major		V	0	-1	-1	4	5	5	True	False	True
8760	12	55	1	G	0	3	4	2	1	True	3.0	-1	64	64	122	64b	365	1/8	False	3	True				False	237		V6	C	IV		V6		V		6			M	False	False	(5, 2, 1)	()	1	5	major	major	IV	IV, major	V		IV	IV	False	V6	V6, major		V6, major		V	0	-1	-1	1	2	2	True	False	False
8760	12	60	0	C	0	3	4	1	1	True	3.0	-1	64	64	122	64b	365	1/8	False	4	True				False	237		V6	C	IV		V6		V		6			M	False	False	(5, 2, 1)	()	1	5	major	major	IV	IV, major	V		IV	IV	False	V6	V6, major		V6, major		V	0	-1	-1	0	1	1	True	True	False
8772	12	36	0	C	0	3	4	4	1	True	3.5	-1	64	64	122	64b	731/2	1/8	False	2	True				False	238		V7	C	IV		V7		V		7			Mm7	False	False	(1, 5, 2, -1)	()	1	1	major	major	IV	IV, major	V		IV	IV	False	V7	V7, major		V7, major		V	0	-1	-1	0	1	1	True	True	True
8772	12	55	1	G	0	3	4	3	1	True	3.5	-1	64	64	122	64b	731/2	1/8	False	3	True				False	238		V7	C	IV		V7		V		7			Mm7	False	False	(1, 5, 2, -1)	()	1	1	major	major	IV	IV, major	V		IV	IV	False	V7	V7, major		V7, major		V	0	-1	-1	1	2	2	True	False	False
8772	12	58	-2	B	-1	3	4	2	1	True	3.5	-1	64	64	122	64b	731/2	1/8	False	3	True				False	238		V7	C	IV		V7		V		7			Mm7	False	False	(1, 5, 2, -1)	()	1	1	major	major	IV	IV, major	V		IV	IV	False	V7	V7, major		V7, major		V	0	-1	-1	-2	-1	-1	True	False	False
8772	12	64	4	E	0	3	4	1	1	True	3.5	-1	64	64	122	64b	731/2	1/8	False	4	True				False	238		V7	C	IV		V7		V		7			Mm7	False	False	(1, 5, 2, -1)	()	1	1	major	major	IV	IV, major	V		IV	IV	False	V7	V7, major		V7, major		V	0	-1	-1	4	5	5	True	False	False
8784	24	41	-1	F	0	3	4	4	1	True	1.0	-1	65	65	123	65b	366	1/4	False	2	True				False	239		I	C	IV		I		I					M	False	False	(0, 4, 1)	()	0	0	major	major	IV	IV, major	I		IV	IV	False	I	I, major		I, major		I	0	-1	-1	-1	0	0	True	True	True
8784	6	53	-1	F	0	3	4	3	1	True	1.0	-1	65	65	123	65b	366	1/16	False	3	True				False	239		I	C	IV		I		I					M	False	False	(0, 4, 1)	()	0	0	major	major	IV	IV, major	I		IV	IV	False	I	I, major		I, major		I	0	-1	-1	-1	0	0	True	True	True
8784	24	57	3	A	0	3	4	2	1	True	1.0	-1	65	65	123	65b	366	1/4	False	3	True				False	239		I	C	IV		I		I					M	False	False	(0, 4, 1)	()	0	0	major	major	IV	IV, major	I		IV	IV	False	I	I, major		I, major		I	0	-1	-1	3	4	4	True	False	False
8784	24	65	-1	F	0	3	4	1	1	True	1.0	-1	65	65	123	65b	366	1/4	False	4	True				False	239		I	C	IV		I		I					M	False	False	(0, 4, 1)	()	0	0	major	major	IV	IV, major	I		IV	IV	False	I	I, major		I, major		I	0	-1	-1	-1	0	0	True	True	True
8790	6	55	1	G	0	3	4	3	1	True	1.25	-1	65	65	123	65b	1465/4	1/16	False	3	False				False	239		I	C	IV		I		I					M	False	False	(0, 4, 1)	()	0	0	major	major	IV	IV, major	I		IV	IV	False	I	I, major		I, major		I	0	-1	-1	1	2	2	False	False	False
8796	6	57	3	A	0	3	4	3	1	True	1.5	-1	65	65	123	65b	733/2	1/16	False	3	False				False	239		I	C	IV		I		I					M	False	False	(0, 4, 1)	()	0	0	major	major	IV	IV, major	I		IV	IV	False	I	I, major		I, major		I	0	-1	-1	3	4	4	True	False	False
8802	6	58	-2	B	-1	3	4	3	1	True	1.75	-1	65	65	123	65b	1467/4	1/16	False	3	False				False	239		I	C	IV		I		I					M	False	False	(0, 4, 1)	()	0	0	major	major	IV	IV, major	I		IV	IV	False	I	I, major		I, major		I	0	-1	-1	-2	-1	-1	False	False	False
8808	6	60	0	C	0	3	4	3	1	True	2.0	-1	65	65	123	65b	367	1/16	False	4	False				False	239		I	C	IV		I		I					M	False	False	(0, 4, 1)	()	0	0	major	major	IV	IV, major	I		IV	IV	False	I	I, major		I, major		I	0	-1	-1	0	1	1	True	False	False
8814	6	62	2	D	0	3	4	3	1	True	2.25	-1	65	65	123	65b	1469/4	1/16	False	4	False				False	239		I	C	IV		I		I					M	False	False	(0, 4, 1)	()	0	0	major	major	IV	IV, major	I		IV	IV	False	I	I, major		I, major		I	0	-1	-1	2	3	3	False	False	False
8820	6	60	0	C	0	3	4	3	1	True	2.5	-1	65	65	123	65b	735/2	1/16	False	4	False				False	239		I	C	IV		I		I					M	False	False	(0, 4, 1)	()	0	0	major	major	IV	IV, major	I		IV	IV	False	I	I, major		I, major		I	0	-1	-1	0	1	1	True	False	False
8826	6	58	-2	B	-1	3	4	3	1	True	2.75	-1	65	65	123	65b	1471/4	1/16	False	3	False				False	239		I	C	IV		I		I					M	False	False	(0, 4, 1)	()	0	0	major	major	IV	IV, major	I		IV	IV	False	I	I, major		I, major		I	0	-1	-1	-2	-1	-1	False	False	False
8832	6	57	3	A	0	3	4	3	1	True	3.0	-1	65	65	123	65b	368	1/16	False	3	False				False	239		I	C	IV		I		I					M	False	False	(0, 4, 1)	()	0	0	major	major	IV	IV, major	I		IV	IV	False	I	I, major		I, major		I	0	-1	-1	3	4	4	True	False	False
8832	24	69	3	A	0	3	4	1	1	True	3.0	-1	65	65	123	65b	368	1/4	False	4	False				False	239		I	C	IV		I		I					M	False	False	(0, 4, 1)	()	0	0	major	major	IV	IV, major	I		IV	IV	False	I	I, major		I, major		I	0	-1	-1	3	4	4	True	False	False
8838	6	60	0	C	0	3	4	3	1	True	3.25	-1	65	65	123	65b	1473/4	1/16	False	4	False				False	239		I	C	IV		I		I					M	False	False	(0, 4, 1)	()	0	0	major	major	IV	IV, major	I		IV	IV	False	I	I, major		I, major		I	0	-1	-1	0	1	1	True	False	False
8844	6	62	2	D	0	3	4	3	1	True	3.5	-1	65	65	123	65b	737/2	1/16	False	4	False				False	239		I	C	IV		I		I					M	False	False	(0, 4, 1)	()	0	0	major	major	IV	IV, major	I		IV	IV	False	I	I, major		I, major		I	0	-1	-1	2	3	3	False	False	False
8850	6	64	4	E	0	3	4	3	1	True	3.75	-1	65	65	123	65b	1475/4	1/16	False	4	False				False	239		I	C	IV		I		I					M	False	False	(0, 4, 1)	()	0	0	major	major	IV	IV, major	I		IV	IV	False	I	I, major		I, major		I	0	-1	-1	4	5	5	False	False	False
8856	24	41	-1	F	0	3	4	4	1	True	1.0	-1	66	66	124	66b	369	1/4	False	2	False				False	239		I	C	IV		I		I					M	False	False	(0, 4, 1)	()	0	0	major	major	IV	IV, major	I		IV	IV	False	I	I, major		I, major		I	0	-1	-1	-1	0	0	True	True	True
8856	24	57	3	A	0	3	4	2	1	True	1.0	-1	66	66	124	66b	369	1/4	False	3	False				False	239		I	C	IV		I		I					M	False	False	(0, 4, 1)	()	0	0	major	major	IV	IV, major	I		IV	IV	False	I	I, major		I, major		I	0	-1	-1	3	4	4	True	False	False
8856	6	65	-1	F	0	3	4	3	1	True	1.0	-1	66	66	124	66b	369	1/16	False	4	False				False	239		I	C	IV		I		I					M	False	False	(0, 4, 1)	()	0	0	major	major	IV	IV, major	I		IV	IV	False	I	I, major		I, major		I	0	-1	-1	-1	0	0	True	True	True
8856	24	65	-1	F	0	3	4	2	1	True	1.0	-1	66	66	124	66b	369	1/4	False	4	False				False	239		I	C	IV		I		I					M	False	False	(0, 4, 1)	()	0	0	major	major	IV	IV, major	I		IV	IV	False	I	I, major		I, major		I	0	-1	-1	-1	0	0	True	True	True
8856	24	69	3	A	0	3	4	1	1	False	1.0	-1	66	66	124	66b	369	1/4	False	4	False				False	239		I	C	IV		I		I					M	False	False	(0, 4, 1)	()	0	0	major	major	IV	IV, major	I		IV	IV	False	I	I, major		I, major		I	0	-1	-1	3	4	4	True	False	False
8862	6	64	4	E	0	3	4	3	1	True	1.25	-1	66	66	124	66b	1477/4	1/16	False	4	False				False	239		I	C	IV		I		I					M	False	False	(0, 4, 1)	()	0	0	major	major	IV	IV, major	I		IV	IV	False	I	I, major		I, major		I	0	-1	-1	4	5	5	False	False	False
8868	6	65	-1	F	0	3	4	3	1	True	1.5	-1	66	66	124	66b	739/2	1/16	False	4	False				False	239		I	C	IV		I		I					M	False	False	(0, 4, 1)	()	0	0	major	major	IV	IV, major	I		IV	IV	False	I	I, major		I, major		I	0	-1	-1	-1	0	0	True	True	True
8874	6	62	2	D	0	3	4	3	1	True	1.75	-1	66	66	124	66b	1479/4	1/16	False	4	False				False	239		I	C	IV		I		I					M	False	False	(0, 4, 1)	()	0	0	major	major	IV	IV, major	I		IV	IV	False	I	I, major		I, major		I	0	-1	-1	2	3	3	False	False	False
8880	6	60	0	C	0	3	4	3	1	True	2.0	-1	66	66	124	66b	370	1/16	False	4	False				False	239		I	C	IV		I		I					M	False	False	(0, 4, 1)	()	0	0	major	major	IV	IV, major	I		IV	IV	False	I	I, major		I, major		I	0	-1	-1	0	1	1	True	False	False
8886	6	64	4	E	0	3	4	3	1	True	2.25	-1	66	66	124	66b	1481/4	1/16	False	4	False				False	239		I	C	IV		I		I					M	False	False	(0, 4, 1)	()	0	0	major	major	IV	IV, major	I		IV	IV	False	I	I, major		I, major		I	0	-1	-1	4	5	5	False	False	False
8892	6	65	-1	F	0	3	4	3	1	True	2.5	-1	66	66	124	66b	741/2	1/16	False	4	False				False	239		I	C	IV		I		I					M	False	False	(0, 4, 1)	()	0	0	major	major	IV	IV, major	I		IV	IV	False	I	I, major		I, major		I	0	-1	-1	-1	0	0	True	True	True
8898	6	67	1	G	0	3	4	3	1	True	2.75	-1	66	66	124	66b	1483/4	1/16	False	4	False				False	239		I	C	IV		I		I					M	False	False	(0, 4, 1)	()	0	0	major	major	IV	IV, major	I		IV	IV	False	I	I, major		I, major		I	0	-1	-1	1	2	2	False	False	False
8904	6	69	3	A	0	3	4	3	1	True	3.0	-1	66	66	124	66b	371	1/16	False	4	False				False	239		I	C	IV		I		I					M	False	False	(0, 4, 1)	()	0	0	major	major	IV	IV, major	I		IV	IV	False	I	I, major		I, major		I	0	-1	-1	3	4	4	True	False	False
8904	24	72	0	C	0	3	4	1	1	True	3.0	-1	66	66	124	66b	371	1/4	False	5	False				False	239		I	C	IV		I		I					M	False	False	(0, 4, 1)	()	0	0	major	major	IV	IV, major	I		IV	IV	False	I	I, major		I, major		I	0	-1	-1	0	1	1	True	False	False
8910	6	70	-2	B	-1	3	4	3	1	True	3.25	-1	66	66	124	66b	1485/4	1/16	False	4	False				False	239		I	C	IV		I		I					M	False	False	(0, 4, 1)	()	0	0	major	major	IV	IV, major	I		IV	IV	False	I	I, major		I, major		I	0	-1	-1	-2	-1	-1	False	False	False
8916	6	69	3	A	0	3	4	3	1	True	3.5	-1	66	66	124	66b	743/2	1/16	False	4	False				False	239		I	C	IV		I		I					M	False	False	(0, 4, 1)	()	0	0	major	major	IV	IV, major	I		IV	IV	False	I	I, major		I, major		I	0	-1	-1	3	4	4	True	False	False
8922	6	67	1	G	0	3	4	3	1	True	3.75	-1	66	66	124	66b	1487/4	1/16	False	4	False				False	239		I	C	IV		I		I					M	False	False	(0, 4, 1)	()	0	0	major	major	IV	IV, major	I		IV	IV	False	I	I, major		I, major		I	0	-1	-1	1	2	2	False	False	False
8928	24	41	-1	F	0	3	4	4	1	True	1.0	-1	67	67	125	67b	372	1/4	False	2	False				False	239		I	C	IV		I		I					M	False	False	(0, 4, 1)	()	0	0	major	major	IV	IV, major	I		IV	IV	False	I	I, major		I, major		I	0	-1	-1	-1	0	0	True	True	True
8928	24	57	3	A	0	3	4	2	1	True	1.0	-1	67	67	125	67b	372	1/4	False	3	False				False	239		I	C	IV		I		I					M	False	False	(0, 4, 1)	()	0	0	major	major	IV	IV, major	I		IV	IV	False	I	I, major		I, major		I	0	-1	-1	3	4	4	True	False	False
8928	6	65	-1	F	0	3	4	3	1	True	1.0	-1	67	67	125	67b	372	1/16	False	4	False				False	239		I	C	IV		I		I					M	False	False	(0, 4, 1)	()	0	0	major	major	IV	IV, major	I		IV	IV	False	I	I, major		I, major		I	0	-1	-1	-1	0	0	True	True	True
8928	24	65	-1	F	0	3	4	2	1	True	1.0	-1	67	67	125	67b	372	1/4	False	4	False				False	239		I	C	IV		I		I					M	False	False	(0, 4, 1)	()	0	0	major	major	IV	IV, major	I		IV	IV	False	I	I, major		I, major		I	0	-1	-1	-1	0	0	True	True	True
8928	24	72	0	C	0	3	4	1	1	False	1.0	-1	67	67	125	67b	372	1/4	False	5	False				False	239		I	C	IV		I		I					M	False	False	(0, 4, 1)	()	0	0	major	major	IV	IV, major	I		IV	IV	False	I	I, major		I, major		I	0	-1	-1	0	1	1	True	False	False
8934	6	67	1	G	0	3	4	3	1	True	1.25	-1	67	67	125	67b	1489/4	1/16	False	4	False				False	239		I	C	IV		I		I					M	False	False	(0, 4, 1)	()	0	0	major	major	IV	IV, major	I		IV	IV	False	I	I, major		I, major		I	0	-1	-1	1	2	2	False	False	False
8940	6	69	3	A	0	3	4	3	1	True	1.5	-1	67	67	125	67b	745/2	1/16	False	4	False				False	239		I	C	IV		I		I					M	False	False	(0, 4, 1)	()	0	0	major	major	IV	IV, major	I		IV	IV	False	I	I, major		I, major		I	0	-1	-1	3	4	4	True	False	False
8946	6	70	-2	B	-1	3	4	3	1	True	1.75	-1	67	67	125	67b	1491/4	1/16	False	4	False				False	239		I	C	IV		I		I					M	False	False	(0, 4, 1)	()	0	0	major	major	IV	IV, major	I		IV	IV	False	I	I, major		I, major		I	0	-1	-1	-2	-1	-1	False	False	False
8952	6	72	0	C	0	3	4	3	1	True	2.0	-1	67	67	125	67b	373	1/16	False	5	False				False	239		I	C	IV		I		I					M	False	False	(0, 4, 1)	()	0	0	major	major	IV	IV, major	I		IV	IV	False	I	I, major		I, major		I	0	-1	-1	0	1	1	True	False	False
8958	6	74	2	D	0	3	4	3	1	True	2.25	-1	67	67	125	67b	1493/4	1/16	False	5	False				False	239		I	C	IV		I		I					M	False	False	(0, 4, 1)	()	0	0	major	major	IV	IV, major	I		IV	IV	False	I	I, major		I, major		I	0	-1	-1	2	3	3	False	False	False
8964	6	72	0	C	0	3	4	3	1	True	2.5	-1	67	67	125	67b	747/2	1/16	False	5	False				False	239		I	C	IV		I		I					M	False	False	(0, 4, 1)	()	0	0	major	major	IV	IV, major	I		IV	IV	False	I	I, major		I, major		I	0	-1	-1	0	1	1	True	False	False
8970	6	70	-2	B	-1	3	4	3	1	True	2.75	-1	67	67	125	67b	1495/4	1/16	False	4	False				False	239		I	C	IV		I		I					M	False	False	(0, 4, 1)	()	0	0	major	major	IV	IV, major	I		IV	IV	False	I	I, major		I, major		I	0	-1	-1	-2	-1	-1	False	False	False
8976	6	69	3	A	0	3	4	3	1	True	3.0	-1	67	67	125	67b	374	1/16	False	4	False				False	239		I	C	IV		I		I					M	False	False	(0, 4, 1)	()	0	0	major	major	IV	IV, major	I		IV	IV	False	I	I, major		I, major		I	0	-1	-1	3	4	4	True	False	False
8976	24	77	-1	F	0	3	4	1	1	True	3.0	-1	67	67	125	67b	374	1/4	False	5	False				False	239		I	C	IV		I		I					M	False	False	(0, 4, 1)	()	0	0	major	major	IV	IV, major	I		IV	IV	False	I	I, major		I, major		I	0	-1	-1	-1	0	0	True	True	True
8982	6	65	-1	F	0	3	4	3	1	True	3.25	-1	67	67	125	67b	1497/4	1/16	False	4	False				False	239		I	C	IV		I		I					M	False	False	(0, 4, 1)	()	0	0	major	major	IV	IV, major	I		IV	IV	False	I	I, major		I, major		I	0	-1	-1	-1	0	0	True	True	True
8988	6	64	4	E	0	3	4	3	1	True	3.5	-1	67	67	125	67b	749/2	1/16	False	4	False				False	239		I	C	IV		I		I					M	False	False	(0, 4, 1)	()	0	0	major	major	IV	IV, major	I		IV	IV	False	I	I, major		I, major		I	0	-1	-1	4	5	5	False	False	False
8994	6	62	2	D	0	3	4	3	1	True	3.75	-1	67	67	125	67b	1499/4	1/16	False	4	False				False	239		I	C	IV		I		I					M	False	False	(0, 4, 1)	()	0	0	major	major	IV	IV, major	I		IV	IV	False	I	I, major		I, major		I	0	-1	-1	2	3	3	False	False	False
9000	6	60	0	C	0	3	4	3	1	True	1.0	-1	68	68	126	68b	375	1/16	False	4	True				False	240		V(64)	C	IV		V(64)		V			64		M	False	False	(1, 0, 4)	()	1	1	major	major	IV	IV, major	V		IV	IV	False	V	V, major		V(64), major		V	0	-1	-1	0	1	1	True	True	True
9000	12	77	-1	F	0	3	4	1	1	False	1.0	-1	68	68	126	68b	375	1/8	False	5	True				False	240		V(64)	C	IV		V(64)		V			64		M	False	False	(1, 0, 4)	()	1	1	major	major	IV	IV, major	V		IV	IV	False	V	V, major		V(64), major		V	0	-1	-1	-1	0	0	True	False	False
9006	6	58	-2	B	-1	3	4	3	1	True	1.25	-1	68	68	126	68b	1501/4	1/16	False	3	False				False	240		V(64)	C	IV		V(64)		V			64		M	False	False	(1, 0, 4)	()	1	1	major	major	IV	IV, major	V		IV	IV	False	V	V, major		V(64), major		V	0	-1	-1	-2	-1	-1	False	False	False
9012	6	57	3	A	0	3	4	3	1	True	1.5	-1	68	68	126	68b	751/2	1/16	False	3	False				False	240		V(64)	C	IV		V(64)		V			64		M	False	False	(1, 0, 4)	()	1	1	major	major	IV	IV, major	V		IV	IV	False	V	V, major		V(64), major		V	0	-1	-1	3	4	4	True	False	False
9012	24	81	3	A	0	3	4	1	1	True	1.5	-1	68	68	126	68b	751/2	1/4	False	5	False				False	240		V(64)	C	IV		V(64)		V			64		M	False	False	(1, 0, 4)	()	1	1	major	major	IV	IV, major	V		IV	IV	False	V	V, major		V(64), major		V	0	-1	-1	3	4	4	True	False	False
9018	6	55	1	G	0	3	4	3	1	True	1.75	-1	68	68	126	68b	1503/4	1/16	False	3	False				False	240		V(64)	C	IV		V(64)		V			64		M	False	False	(1, 0, 4)	()	1	1	major	major	IV	IV, major	V		IV	IV	False	V	V, major		V(64), major		V	0	-1	-1	1	2	2	False	False	False
9024	6	53	-1	F	0	3	4	3	1	True	2.0	-1	68	68	126	68b	376	1/16	False	3	False				False	240		V(64)	C	IV		V(64)		V			64		M	False	False	(1, 0, 4)	()	1	1	major	major	IV	IV, major	V		IV	IV	False	V	V, major		V(64), major		V	0	-1	-1	-1	0	0	True	False	False
9030	6	60	0	C	0	3	4	3	1	True	2.25	-1	68	68	126	68b	1505/4	1/16	False	4	False				False	240		V(64)	C	IV		V(64)		V			64		M	False	False	(1, 0, 4)	()	1	1	major	major	IV	IV, major	V		IV	IV	False	V	V, major		V(64), major		V	0	-1	-1	0	1	1	True	True	True
9036	12	48	0	C	0	3	4	4	1	True	2.5	-1	68	68	126	68b	753/2	1/8	False	3	False				False	240		V(64)	C	IV		V(64)		V			64		M	False	False	(1, 0, 4)	()	1	1	major	major	IV	IV, major	V		IV	IV	False	V	V, major		V(64), major		V	0	-1	-1	0	1	1	True	True	True
9036	6	57	3	A	0	3	4	3	1	True	2.5	-1	68	68	126	68b	753/2	1/16	False	3	False				False	240		V(64)	C	IV		V(64)		V			64		M	False	False	(1, 0, 4)	()	1	1	major	major	IV	IV, major	V		IV	IV	False	V	V, major		V(64), major		V	0	-1	-1	3	4	4	True	False	False
9036	12	65	-1	F	0	3	4	2	1	True	2.5	-1	68	68	126	68b	753/2	1/8	False	4	False				False	240		V(64)	C	IV		V(64)		V			64		M	False	False	(1, 0, 4)	()	1	1	major	major	IV	IV, major	V		IV	IV	False	V	V, major		V(64), major		V	0	-1	-1	-1	0	0	True	False	False
9036	12	84	0	C	0	3	4	1	1	True	2.5	-1	68	68	126	68b	753/2	1/8	False	6	False				False	240		V(64)	C	IV		V(64)		V			64		M	False	False	(1, 0, 4)	()	1	1	major	major	IV	IV, major	V		IV	IV	False	V	V, major		V(64), major		V	0	-1	-1	0	1	1	True	True	True
9042	6	53	-1	F	0	3	4	3	1	True	2.75	-1	68	68	126	68b	1507/4	1/16	False	3	False				False	240		V(64)	C	IV		V(64)		V			64		M	False	False	(1, 0, 4)	()	1	1	major	major	IV	IV, major	V		IV	IV	False	V	V, major		V(64), major		V	0	-1	-1	-1	0	0	True	False	False
9048	12	48	0	C	0	3	4	4	1	True	3.0	-1	68	68	126	68b	377	1/8	False	3	True				False	241		V7	C	IV		V7		V		7			Mm7	False	False	(1, 5, 2, -1)	()	1	1	major	major	IV	IV, major	V		IV	IV	False	V7	V7, major		V7, major		V	0	-1	-1	0	1	1	True	True	True
9048	6	55	1	G	0	3	4	3	1	True	3.0	-1	68	68	126	68b	377	1/16	False	3	True				False	241		V7	C	IV		V7		V		7			Mm7	False	False	(1, 5, 2, -1)	()	1	1	major	major	IV	IV, major	V		IV	IV	False	V7	V7, major		V7, major		V	0	-1	-1	1	2	2	True	False	False
9048	12	64	4	E	0	3	4	2	1	True	3.0	-1	68	68	126	68b	377	1/8	False	4	True				False	241		V7	C	IV		V7		V		7			Mm7	False	False	(1, 5, 2, -1)	()	1	1	major	major	IV	IV, major	V		IV	IV	False	V7	V7, major		V7, major		V	0	-1	-1	4	5	5	True	False	False
9048	12	84	0	C	0	3	4	1	1	True	3.0	-1	68	68	126	68b	377	1/8	False	6	True				False	241		V7	C	IV		V7		V		7			Mm7	False	False	(1, 5, 2, -1)	()	1	1	major	major	IV	IV, major	V		IV	IV	False	V7	V7, major		V7, major		V	0	-1	-1	0	1	1	True	True	True
9054	6	60	0	C	0	3	4	3	1	True	3.25	-1	68	68	126	68b	1509/4	1/16	False	4	False				False	241		V7	C	IV		V7		V		7			Mm7	False	False	(1, 5, 2, -1)	()	1	1	major	major	IV	IV, major	V		IV	IV	False	V7	V7, major		V7, major		V	0	-1	-1	0	1	1	True	True	True
9060	12	48	0	C	0	3	4	4	1	True	3.5	-1	68	68	126	68b	755/2	1/8	False	3	False				False	241		V7	C	IV		V7		V		7			Mm7	False	False	(1, 5, 2, -1)	()	1	1	major	major	IV	IV, major	V		IV	IV	False	V7	V7, major		V7, major		V	0	-1	-1	0	1	1	True	True	True
9060	6	58	-2	B	-1	3	4	3	1	True	3.5	-1	68	68	126	68b	755/2	1/16	False	3	False				False	241		V7	C	IV		V7		V		7			Mm7	False	False	(1, 5, 2, -1)	()	1	1	major	major	IV	IV, major	V		IV	IV	False	V7	V7, major		V7, major		V	0	-1	-1	-2	-1	-1	True	False	False
9060	12	64	4	E	0	3	4	2	1	True	3.5	-1	68	68	126	68b	755/2	1/8	False	4	False				False	241		V7	C	IV		V7		V		7			Mm7	False	False	(1, 5, 2, -1)	()	1	1	major	major	IV	IV, major	V		IV	IV	False	V7	V7, major		V7, major		V	0	-1	-1	4	5	5	True	False	False
9060	12	84	0	C	0	3	4	1	1	True	3.5	-1	68	68	126	68b	755/2	1/8	False	6	False				False	241		V7	C	IV		V7		V		7			Mm7	False	False	(1, 5, 2, -1)	()	1	1	major	major	IV	IV, major	V		IV	IV	False	V7	V7, major		V7, major		V	0	-1	-1	0	1	1	True	True	True
9066	6	55	1	G	0	3	4	3	1	True	3.75	-1	68	68	126	68b	1511/4	1/16	False	3	False				False	241		V7	C	IV		V7		V		7			Mm7	False	False	(1, 5, 2, -1)	()	1	1	major	major	IV	IV, major	V		IV	IV	False	V7	V7, major		V7, major		V	0	-1	-1	1	2	2	True	False	False
9072	6	53	-1	F	0	3	4	3	1	True	1.0	-1	69	69	127	69b	378	1/16	False	3	True				False	242		I	C	IV		I		I					M	False	False	(0, 4, 1)	()	0	0	major	major	IV	IV, major	I		IV	IV	False	I	I, major		I, major		I	0	-1	-1	-1	0	0	True	True	True
9072	12	53	-1	F	0	3	4	4	1	True	1.0	-1	69	69	127	69b	378	1/8	False	3	True				False	242		I	C	IV		I		I					M	False	False	(0, 4, 1)	()	0	0	major	major	IV	IV, major	I		IV	IV	False	I	I, major		I, major		I	0	-1	-1	-1	0	0	True	True	True
9072	6	65	-1	F	0	3	4	2	1	True	1.0	-1	69	69	127	69b	378	1/16	False	4	True				False	242		I	C	IV		I		I					M	False	False	(0, 4, 1)	()	0	0	major	major	IV	IV, major	I		IV	IV	False	I	I, major		I, major		I	0	-1	-1	-1	0	0	True	True	True
9072	24	77	-1	F	0	3	4	1	1	True	1.0	-1	69	69	127	69b	378	1/4	False	5	True				False	242		I	C	IV		I		I					M	False	False	(0, 4, 1)	()	0	0	major	major	IV	IV, major	I		IV	IV	False	I	I, major		I, major		I	0	-1	-1	-1	0	0	True	True	True
9078	6	55	1	G	0	3	4	3	1	True	1.25	-1	69	69	127	69b	1513/4	1/16	False	3	False				False	242		I	C	IV		I		I					M	False	False	(0, 4, 1)	()	0	0	major	major	IV	IV, major	I		IV	IV	False	I	I, major		I, major		I	0	-1	-1	1	2	2	False	False	False
9078	6	67	1	G	0	3	4	2	1	True	1.25	-1	69	69	127	69b	1513/4	1/16	False	4	False				False	242		I	C	IV		I		I					M	False	False	(0, 4, 1)	()	0	0	major	major	IV	IV, major	I		IV	IV	False	I	I, major		I, major		I	0	-1	-1	1	2	2	False	False	False
9084	12	41	-1	F	0	3	4	4	1	True	1.5	-1	69	69	127	69b	757/2	1/8	False	2	False				False	242		I	C	IV		I		I					M	False	False	(0, 4, 1)	()	0	0	major	major	IV	IV, major	I		IV	IV	False	I	I, major		I, major		I	0	-1	-1	-1	0	0	True	True	True
9084	6	57	3	A	0	3	4	3	1	True	1.5	-1	69	69	127	69b	757/2	1/16	False	3	False				False	242		I	C	IV		I		I					M	False	False	(0, 4, 1)	()	0	0	major	major	IV	IV, major	I		IV	IV	False	I	I, major		I, major		I	0	-1	-1	3	4	4	True	False	False
9084	6	69	3	A	0	3	4	2	1	True	1.5	-1	69	69	127	69b	757/2	1/16	False	4	False				False	242		I	C	IV		I		I					M	False	False	(0, 4, 1)	()	0	0	major	major	IV	IV, major	I		IV	IV	False	I	I, major		I, major		I	0	-1	-1	3	4	4	True	False	False
9090	6	58	-2	B	-1	3	4	3	1	True	1.75	-1	69	69	127	69b	1515/4	1/16	False	3	False				False	242		I	C	IV		I		I					M	False	False	(0, 4, 1)	()	0	0	major	major	IV	IV, major	I		IV	IV	False	I	I, major		I, major		I	0	-1	-1	-2	-1	-1	False	False	False
9090	6	70	-2	B	-1	3	4	2	1	True	1.75	-1	69	69	127	69b	1515/4	1/16	False	4	False				False	242		I	C	IV		I		I					M	False	False	(0, 4, 1)	()	0	0	major	major	IV	IV, major	I		IV	IV	False	I	I, major		I, major		I	0	-1	-1	-2	-1	-1	False	False	False
9096	12	53	-1	F	0	3	4	4	1	True	2.0	-1	69	69	127	69b	379	1/8	False	3	False				False	242		I	C	IV		I		I					M	False	False	(0, 4, 1)	()	0	0	major	major	IV	IV, major	I		IV	IV	False	I	I, major		I, major		I	0	-1	-1	-1	0	0	True	True	True
9096	6	60	0	C	0	3	4	3	1	True	2.0	-1	69	69	127	69b	379	1/16	False	4	False				False	242		I	C	IV		I		I					M	False	False	(0, 4, 1)	()	0	0	major	major	IV	IV, major	I		IV	IV	False	I	I, major		I, major		I	0	-1	-1	0	1	1	True	False	False
9096	6	72	0	C	0	3	4	2	1	True	2.0	-1	69	69	127	69b	379	1/16	False	5	False				False	242		I	C	IV		I		I					M	False	False	(0, 4, 1)	()	0	0	major	major	IV	IV, major	I		IV	IV	False	I	I, major		I, major		I	0	-1	-1	0	1	1	True	False	False
9102	6	62	2	D	0	3	4	3	1	True	2.25	-1	69	69	127	69b	1517/4	1/16	False	4	False				False	242		I	C	IV		I		I					M	False	False	(0, 4, 1)	()	0	0	major	major	IV	IV, major	I		IV	IV	False	I	I, major		I, major		I	0	-1	-1	2	3	3	False	False	False
9102	6	74	2	D	0	3	4	2	1	True	2.25	-1	69	69	127	69b	1517/4	1/16	False	5	False				False	242		I	C	IV		I		I					M	False	False	(0, 4, 1)	()	0	0	major	major	IV	IV, major	I		IV	IV	False	I	I, major		I, major		I	0	-1	-1	2	3	3	False	False	False
9108	6	60	0	C	0	3	4	3	1	True	2.5	-1	69	69	127	69b	759/2	1/16	False	4	False				False	242		I	C	IV		I		I					M	False	False	(0, 4, 1)	()	0	0	major	major	IV	IV, major	I		IV	IV	False	I	I, major		I, major		I	0	-1	-1	0	1	1	True	False	False
9108	6	72	0	C	0	3	4	2	1	True	2.5	-1	69	69	127	69b	759/2	1/16	False	5	False				False	242		I	C	IV		I		I					M	False	False	(0, 4, 1)	()	0	0	major	major	IV	IV, major	I		IV	IV	False	I	I, major		I, major		I	0	-1	-1	0	1	1	True	False	False
9108	12	77	-1	F	0	3	4	1	1	True	2.5	-1	69	69	127	69b	759/2	1/8	False	5	False				False	242		I	C	IV		I		I					M	False	False	(0, 4, 1)	()	0	0	major	major	IV	IV, major	I		IV	IV	False	I	I, major		I, major		I	0	-1	-1	-1	0	0	True	True	True
9114	6	58	-2	B	-1	3	4	3	1	True	2.75	-1	69	69	127	69b	1519/4	1/16	False	3	False				False	242		I	C	IV		I		I					M	False	False	(0, 4, 1)	()	0	0	major	major	IV	IV, major	I		IV	IV	False	I	I, major		I, major		I	0	-1	-1	-2	-1	-1	False	False	False
9114	6	70	-2	B	-1	3	4	2	1	True	2.75	-1	69	69	127	69b	1519/4	1/16	False	4	False				False	242		I	C	IV		I		I					M	False	False	(0, 4, 1)	()	0	0	major	major	IV	IV, major	I		IV	IV	False	I	I, major		I, major		I	0	-1	-1	-2	-1	-1	False	False	False
9120	6	57	3	A	0	3	4	3	1	True	3.0	-1	69	69	127	69b	380	1/16	False	3	False				False	242		I	C	IV		I		I					M	False	False	(0, 4, 1)	()	0	0	major	major	IV	IV, major	I		IV	IV	False	I	I, major		I, major		I	0	-1	-1	3	4	4	True	False	False
9120	6	69	3	A	0	3	4	2	1	True	3.0	-1	69	69	127	69b	380	1/16	False	4	False				False	242		I	C	IV		I		I					M	False	False	(0, 4, 1)	()	0	0	major	major	IV	IV, major	I		IV	IV	False	I	I, major		I, major		I	0	-1	-1	3	4	4	True	False	False
9120	24	81	3	A	0	3	4	1	1	True	3.0	-1	69	69	127	69b	380	1/4	False	5	False				False	242		I	C	IV		I		I					M	False	False	(0, 4, 1)	()	0	0	major	major	IV	IV, major	I		IV	IV	False	I	I, major		I, major		I	0	-1	-1	3	4	4	True	False	False
9126	6	60	0	C	0	3	4	3	1	True	3.25	-1	69	69	127	69b	1521/4	1/16	False	4	False				False	242		I	C	IV		I		I					M	False	False	(0, 4, 1)	()	0	0	major	major	IV	IV, major	I		IV	IV	False	I	I, major		I, major		I	0	-1	-1	0	1	1	True	False	False
9126	6	72	0	C	0	3	4	2	1	True	3.25	-1	69	69	127	69b	1521/4	1/16	False	5	False				False	242		I	C	IV		I		I					M	False	False	(0, 4, 1)	()	0	0	major	major	IV	IV, major	I		IV	IV	False	I	I, major		I, major		I	0	-1	-1	0	1	1	True	False	False
9132	6	62	2	D	0	3	4	3	1	True	3.5	-1	69	69	127	69b	761/2	1/16	False	4	False				False	242		I	C	IV		I		I					M	False	False	(0, 4, 1)	()	0	0	major	major	IV	IV, major	I		IV	IV	False	I	I, major		I, major		I	0	-1	-1	2	3	3	False	False	False
9132	6	74	2	D	0	3	4	2	1	True	3.5	-1	69	69	127	69b	761/2	1/16	False	5	False				False	242		I	C	IV		I		I					M	False	False	(0, 4, 1)	()	0	0	major	major	IV	IV, major	I		IV	IV	False	I	I, major		I, major		I	0	-1	-1	2	3	3	False	False	False
9138	6	64	4	E	0	3	4	3	1	True	3.75	-1	69	69	127	69b	1523/4	1/16	False	4	False				False	242		I	C	IV		I		I					M	False	False	(0, 4, 1)	()	0	0	major	major	IV	IV, major	I		IV	IV	False	I	I, major		I, major		I	0	-1	-1	4	5	5	False	False	False
9138	6	76	4	E	0	3	4	2	1	True	3.75	-1	69	69	127	69b	1523/4	1/16	False	5	False				False	242		I	C	IV		I		I					M	False	False	(0, 4, 1)	()	0	0	major	major	IV	IV, major	I		IV	IV	False	I	I, major		I, major		I	0	-1	-1	4	5	5	False	False	False
9144	12	53	-1	F	0	3	4	4	1	True	1.0	-1	70	70	128	70b	381	1/8	False	3	False				False	242		I	C	IV		I		I					M	False	False	(0, 4, 1)	()	0	0	major	major	IV	IV, major	I		IV	IV	False	I	I, major		I, major		I	0	-1	-1	-1	0	0	True	True	True
9144	6	65	-1	F	0	3	4	3	1	True	1.0	-1	70	70	128	70b	381	1/16	False	4	False				False	242		I	C	IV		I		I					M	False	False	(0, 4, 1)	()	0	0	major	major	IV	IV, major	I		IV	IV	False	I	I, major		I, major		I	0	-1	-1	-1	0	0	True	True	True
9144	6	77	-1	F	0	3	4	2	1	True	1.0	-1	70	70	128	70b	381	1/16	False	5	False				False	242		I	C	IV		I		I					M	False	False	(0, 4, 1)	()	0	0	major	major	IV	IV, major	I		IV	IV	False	I	I, major		I, major		I	0	-1	-1	-1	0	0	True	True	True
9144	24	81	3	A	0	3	4	1	1	False	1.0	-1	70	70	128	70b	381	1/4	False	5	False				False	242		I	C	IV		I		I					M	False	False	(0, 4, 1)	()	0	0	major	major	IV	IV, major	I		IV	IV	False	I	I, major		I, major		I	0	-1	-1	3	4	4	True	False	False
9150	6	64	4	E	0	3	4	3	1	True	1.25	-1	70	70	128	70b	1525/4	1/16	False	4	False				False	242		I	C	IV		I		I					M	False	False	(0, 4, 1)	()	0	0	major	major	IV	IV, major	I		IV	IV	False	I	I, major		I, major		I	0	-1	-1	4	5	5	False	False	False
9150	6	76	4	E	0	3	4	2	1	True	1.25	-1	70	70	128	70b	1525/4	1/16	False	5	False				False	242		I	C	IV		I		I					M	False	False	(0, 4, 1)	()	0	0	major	major	IV	IV, major	I		IV	IV	False	I	I, major		I, major		I	0	-1	-1	4	5	5	False	False	False
9156	12	41	-1	F	0	3	4	4	1	True	1.5	-1	70	70	128	70b	763/2	1/8	False	2	False				False	242		I	C	IV		I		I					M	False	False	(0, 4, 1)	()	0	0	major	major	IV	IV, major	I		IV	IV	False	I	I, major		I, major		I	0	-1	-1	-1	0	0	True	True	True
9156	6	65	-1	F	0	3	4	3	1	True	1.5	-1	70	70	128	70b	763/2	1/16	False	4	False				False	242		I	C	IV		I		I					M	False	False	(0, 4, 1)	()	0	0	major	major	IV	IV, major	I		IV	IV	False	I	I, major		I, major		I	0	-1	-1	-1	0	0	True	True	True
9156	6	77	-1	F	0	3	4	2	1	True	1.5	-1	70	70	128	70b	763/2	1/16	False	5	False				False	242		I	C	IV		I		I					M	False	False	(0, 4, 1)	()	0	0	major	major	IV	IV, major	I		IV	IV	False	I	I, major		I, major		I	0	-1	-1	-1	0	0	True	True	True
9162	6	62	2	D	0	3	4	3	1	True	1.75	-1	70	70	128	70b	1527/4	1/16	False	4	False				False	242		I	C	IV		I		I					M	False	False	(0, 4, 1)	()	0	0	major	major	IV	IV, major	I		IV	IV	False	I	I, major		I, major		I	0	-1	-1	2	3	3	False	False	False
9162	6	74	2	D	0	3	4	2	1	True	1.75	-1	70	70	128	70b	1527/4	1/16	False	5	False				False	242		I	C	IV		I		I					M	False	False	(0, 4, 1)	()	0	0	major	major	IV	IV, major	I		IV	IV	False	I	I, major		I, major		I	0	-1	-1	2	3	3	False	False	False
9168	12	53	-1	F	0	3	4	4	1	True	2.0	-1	70	70	128	70b	382	1/8	False	3	False				False	242		I	C	IV		I		I					M	False	False	(0, 4, 1)	()	0	0	major	major	IV	IV, major	I		IV	IV	False	I	I, major		I, major		I	0	-1	-1	-1	0	0	True	True	True
9168	6	60	0	C	0	3	4	3	1	True	2.0	-1	70	70	128	70b	382	1/16	False	4	False				False	242		I	C	IV		I		I					M	False	False	(0, 4, 1)	()	0	0	major	major	IV	IV, major	I		IV	IV	False	I	I, major		I, major		I	0	-1	-1	0	1	1	True	False	False
9168	6	72	0	C	0	3	4	2	1	True	2.0	-1	70	70	128	70b	382	1/16	False	5	False				False	242		I	C	IV		I		I					M	False	False	(0, 4, 1)	()	0	0	major	major	IV	IV, major	I		IV	IV	False	I	I, major		I, major		I	0	-1	-1	0	1	1	True	False	False
9174	6	64	4	E	0	3	4	3	1	True	2.25	-1	70	70	128	70b	1529/4	1/16	False	4	False				False	242		I	C	IV		I		I					M	False	False	(0, 4, 1)	()	0	0	major	major	IV	IV, major	I		IV	IV	False	I	I, major		I, major		I	0	-1	-1	4	5	5	False	False	False
9174	6	76	4	E	0	3	4	2	1	True	2.25	-1	70	70	128	70b	1529/4	1/16	False	5	False				False	242		I	C	IV		I		I					M	False	False	(0, 4, 1)	()	0	0	major	major	IV	IV, major	I		IV	IV	False	I	I, major		I, major		I	0	-1	-1	4	5	5	False	False	False
9180	6	65	-1	F	0	3	4	3	1	True	2.5	-1	70	70	128	70b	765/2	1/16	False	4	False				False	242		I	C	IV		I		I					M	False	False	(0, 4, 1)	()	0	0	major	major	IV	IV, major	I		IV	IV	False	I	I, major		I, major		I	0	-1	-1	-1	0	0	True	True	True
9180	6	77	-1	F	0	3	4	2	1	True	2.5	-1	70	70	128	70b	765/2	1/16	False	5	False				False	242		I	C	IV		I		I					M	False	False	(0, 4, 1)	()	0	0	major	major	IV	IV, major	I		IV	IV	False	I	I, major		I, major		I	0	-1	-1	-1	0	0	True	True	True
9180	12	81	3	A	0	3	4	1	1	True	2.5	-1	70	70	128	70b	765/2	1/8	False	5	False				False	242		I	C	IV		I		I					M	False	False	(0, 4, 1)	()	0	0	major	major	IV	IV, major	I		IV	IV	False	I	I, major		I, major		I	0	-1	-1	3	4	4	True	False	False
9186	6	67	1	G	0	3	4	3	1	True	2.75	-1	70	70	128	70b	1531/4	1/16	False	4	False				False	242		I	C	IV		I		I					M	False	False	(0, 4, 1)	()	0	0	major	major	IV	IV, major	I		IV	IV	False	I	I, major		I, major		I	0	-1	-1	1	2	2	False	False	False
9186	6	79	1	G	0	3	4	2	1	True	2.75	-1	70	70	128	70b	1531/4	1/16	False	5	False				False	242		I	C	IV		I		I					M	False	False	(0, 4, 1)	()	0	0	major	major	IV	IV, major	I		IV	IV	False	I	I, major		I, major		I	0	-1	-1	1	2	2	False	False	False
9192	6	69	3	A	0	3	4	3	1	True	3.0	-1	70	70	128	70b	383	1/16	False	4	False				False	242		I	C	IV		I		I					M	False	False	(0, 4, 1)	()	0	0	major	major	IV	IV, major	I		IV	IV	False	I	I, major		I, major		I	0	-1	-1	3	4	4	True	False	False
9192	6	81	3	A	0	3	4	2	1	True	3.0	-1	70	70	128	70b	383	1/16	False	5	False				False	242		I	C	IV		I		I					M	False	False	(0, 4, 1)	()	0	0	major	major	IV	IV, major	I		IV	IV	False	I	I, major		I, major		I	0	-1	-1	3	4	4	True	False	False
9192	24	84	0	C	0	3	4	1	1	True	3.0	-1	70	70	128	70b	383	1/4	False	6	False				False	242		I	C	IV		I		I					M	False	False	(0, 4, 1)	()	0	0	major	major	IV	IV, major	I		IV	IV	False	I	I, major		I, major		I	0	-1	-1	0	1	1	True	False	False
9198	6	70	-2	B	-1	3	4	3	1	True	3.25	-1	70	70	128	70b	1533/4	1/16	False	4	False				False	242		I	C	IV		I		I					M	False	False	(0, 4, 1)	()	0	0	major	major	IV	IV, major	I		IV	IV	False	I	I, major		I, major		I	0	-1	-1	-2	-1	-1	False	False	False
9198	6	82	-2	B	-1	3	4	2	1	True	3.25	-1	70	70	128	70b	1533/4	1/16	False	5	False				False	242		I	C	IV		I		I					M	False	False	(0, 4, 1)	()	0	0	major	major	IV	IV, major	I		IV	IV	False	I	I, major		I, major		I	0	-1	-1	-2	-1	-1	False	False	False
9204	6	69	3	A	0	3	4	3	1	True	3.5	-1	70	70	128	70b	767/2	1/16	False	4	False				False	242		I	C	IV		I		I					M	False	False	(0, 4, 1)	()	0	0	major	major	IV	IV, major	I		IV	IV	False	I	I, major		I, major		I	0	-1	-1	3	4	4	True	False	False
9204	6	81	3	A	0	3	4	2	1	True	3.5	-1	70	70	128	70b	767/2	1/16	False	5	False				False	242		I	C	IV		I		I					M	False	False	(0, 4, 1)	()	0	0	major	major	IV	IV, major	I		IV	IV	False	I	I, major		I, major		I	0	-1	-1	3	4	4	True	False	False
9210	6	67	1	G	0	3	4	3	1	True	3.75	-1	70	70	128	70b	1535/4	1/16	False	4	False				False	242		I	C	IV		I		I					M	False	False	(0, 4, 1)	()	0	0	major	major	IV	IV, major	I		IV	IV	False	I	I, major		I, major		I	0	-1	-1	1	2	2	False	False	False
9210	6	79	1	G	0	3	4	2	1	True	3.75	-1	70	70	128	70b	1535/4	1/16	False	5	False				False	242		I	C	IV		I		I					M	False	False	(0, 4, 1)	()	0	0	major	major	IV	IV, major	I		IV	IV	False	I	I, major		I, major		I	0	-1	-1	1	2	2	False	False	False
9216	12	53	-1	F	0	3	4	4	1	True	1.0	-1	71	71	129	71b	384	1/8	False	3	False				False	242		I	C	IV		I		I					M	False	False	(0, 4, 1)	()	0	0	major	major	IV	IV, major	I		IV	IV	False	I	I, major		I, major		I	0	-1	-1	-1	0	0	True	True	True
9216	6	65	-1	F	0	3	4	3	1	True	1.0	-1	71	71	129	71b	384	1/16	False	4	False				False	242		I	C	IV		I		I					M	False	False	(0, 4, 1)	()	0	0	major	major	IV	IV, major	I		IV	IV	False	I	I, major		I, major		I	0	-1	-1	-1	0	0	True	True	True
9216	6	77	-1	F	0	3	4	2	1	True	1.0	-1	71	71	129	71b	384	1/16	False	5	False				False	242		I	C	IV		I		I					M	False	False	(0, 4, 1)	()	0	0	major	major	IV	IV, major	I		IV	IV	False	I	I, major		I, major		I	0	-1	-1	-1	0	0	True	True	True
9216	24	84	0	C	0	3	4	1	1	False	1.0	-1	71	71	129	71b	384	1/4	False	6	False				False	242		I	C	IV		I		I					M	False	False	(0, 4, 1)	()	0	0	major	major	IV	IV, major	I		IV	IV	False	I	I, major		I, major		I	0	-1	-1	0	1	1	True	False	False
9222	6	67	1	G	0	3	4	3	1	True	1.25	-1	71	71	129	71b	1537/4	1/16	False	4	False				False	242		I	C	IV		I		I					M	False	False	(0, 4, 1)	()	0	0	major	major	IV	IV, major	I		IV	IV	False	I	I, major		I, major		I	0	-1	-1	1	2	2	False	False	False
9222	6	79	1	G	0	3	4	2	1	True	1.25	-1	71	71	129	71b	1537/4	1/16	False	5	False				False	242		I	C	IV		I		I					M	False	False	(0, 4, 1)	()	0	0	major	major	IV	IV, major	I		IV	IV	False	I	I, major		I, major		I	0	-1	-1	1	2	2	False	False	False
9228	12	41	-1	F	0	3	4	4	1	True	1.5	-1	71	71	129	71b	769/2	1/8	False	2	False				False	242		I	C	IV		I		I					M	False	False	(0, 4, 1)	()	0	0	major	major	IV	IV, major	I		IV	IV	False	I	I, major		I, major		I	0	-1	-1	-1	0	0	True	True	True
9228	6	69	3	A	0	3	4	3	1	True	1.5	-1	71	71	129	71b	769/2	1/16	False	4	False				False	242		I	C	IV		I		I					M	False	False	(0, 4, 1)	()	0	0	major	major	IV	IV, major	I		IV	IV	False	I	I, major		I, major		I	0	-1	-1	3	4	4	True	False	False
9228	6	81	3	A	0	3	4	2	1	True	1.5	-1	71	71	129	71b	769/2	1/16	False	5	False				False	242		I	C	IV		I		I					M	False	False	(0, 4, 1)	()	0	0	major	major	IV	IV, major	I		IV	IV	False	I	I, major		I, major		I	0	-1	-1	3	4	4	True	False	False
9234	6	70	-2	B	-1	3	4	3	1	True	1.75	-1	71	71	129	71b	1539/4	1/16	False	4	False				False	242		I	C	IV		I		I					M	False	False	(0, 4, 1)	()	0	0	major	major	IV	IV, major	I		IV	IV	False	I	I, major		I, major		I	0	-1	-1	-2	-1	-1	False	False	False
9234	6	82	-2	B	-1	3	4	2	1	True	1.75	-1	71	71	129	71b	1539/4	1/16	False	5	False				False	242		I	C	IV		I		I					M	False	False	(0, 4, 1)	()	0	0	major	major	IV	IV, major	I		IV	IV	False	I	I, major		I, major		I	0	-1	-1	-2	-1	-1	False	False	False
9240	12	53	-1	F	0	3	4	4	1	True	2.0	-1	71	71	129	71b	385	1/8	False	3	False				False	242		I	C	IV		I		I					M	False	False	(0, 4, 1)	()	0	0	major	major	IV	IV, major	I		IV	IV	False	I	I, major		I, major		I	0	-1	-1	-1	0	0	True	True	True
9240	6	72	0	C	0	3	4	3	1	True	2.0	-1	71	71	129	71b	385	1/16	False	5	False				False	242		I	C	IV		I		I					M	False	False	(0, 4, 1)	()	0	0	major	major	IV	IV, major	I		IV	IV	False	I	I, major		I, major		I	0	-1	-1	0	1	1	True	False	False
9240	6	84	0	C	0	3	4	2	1	True	2.0	-1	71	71	129	71b	385	1/16	False	6	False				False	242		I	C	IV		I		I					M	False	False	(0, 4, 1)	()	0	0	major	major	IV	IV, major	I		IV	IV	False	I	I, major		I, major		I	0	-1	-1	0	1	1	True	False	False
9246	6	74	2	D	0	3	4	3	1	True	2.25	-1	71	71	129	71b	1541/4	1/16	False	5	False				False	242		I	C	IV		I		I					M	False	False	(0, 4, 1)	()	0	0	major	major	IV	IV, major	I		IV	IV	False	I	I, major		I, major		I	0	-1	-1	2	3	3	False	False	False
9246	6	86	2	D	0	3	4	2	1	True	2.25	-1	71	71	129	71b	1541/4	1/16	False	6	False				False	242		I	C	IV		I		I					M	False	False	(0, 4, 1)	()	0	0	major	major	IV	IV, major	I		IV	IV	False	I	I, major		I, major		I	0	-1	-1	2	3	3	False	False	False
9252	6	72	0	C	0	3	4	3	1	True	2.5	-1	71	71	129	71b	771/2	1/16	False	5	False				False	242		I	C	IV		I		I					M	False	False	(0, 4, 1)	()	0	0	major	major	IV	IV, major	I		IV	IV	False	I	I, major		I, major		I	0	-1	-1	0	1	1	True	False	False
9252	6	84	0	C	0	3	4	2	1	True	2.5	-1	71	71	129	71b	771/2	1/16	False	6	False				False	242		I	C	IV		I		I					M	False	False	(0, 4, 1)	()	0	0	major	major	IV	IV, major	I		IV	IV	False	I	I, major		I, major		I	0	-1	-1	0	1	1	True	False	False
9252	12	84	0	C	0	3	4	1	1	True	2.5	-1	71	71	129	71b	771/2	1/8	False	6	False				False	242		I	C	IV		I		I					M	False	False	(0, 4, 1)	()	0	0	major	major	IV	IV, major	I		IV	IV	False	I	I, major		I, major		I	0	-1	-1	0	1	1	True	False	False
9258	6	70	-2	B	-1	3	4	3	1	True	2.75	-1	71	71	129	71b	1543/4	1/16	False	4	False				False	242		I	C	IV		I		I					M	False	False	(0, 4, 1)	()	0	0	major	major	IV	IV, major	I		IV	IV	False	I	I, major		I, major		I	0	-1	-1	-2	-1	-1	False	False	False
9258	6	82	-2	B	-1	3	4	2	1	True	2.75	-1	71	71	129	71b	1543/4	1/16	False	5	False				False	242		I	C	IV		I		I					M	False	False	(0, 4, 1)	()	0	0	major	major	IV	IV, major	I		IV	IV	False	I	I, major		I, major		I	0	-1	-1	-2	-1	-1	False	False	False
9264	6	69	3	A	0	3	4	3	1	True	3.0	-1	71	71	129	71b	386	1/16	False	4	False				False	242		I	C	IV		I		I					M	False	False	(0, 4, 1)	()	0	0	major	major	IV	IV, major	I		IV	IV	False	I	I, major		I, major		I	0	-1	-1	3	4	4	True	False	False
9264	6	81	3	A	0	3	4	2	1	True	3.0	-1	71	71	129	71b	386	1/16	False	5	False				False	242		I	C	IV		I		I					M	False	False	(0, 4, 1)	()	0	0	major	major	IV	IV, major	I		IV	IV	False	I	I, major		I, major		I	0	-1	-1	3	4	4	True	False	False
9264	24	89	-1	F	0	3	4	1	1	True	3.0	-1	71	71	129	71b	386	1/4	False	6	False				False	242		I	C	IV		I		I					M	False	False	(0, 4, 1)	()	0	0	major	major	IV	IV, major	I		IV	IV	False	I	I, major		I, major		I	0	-1	-1	-1	0	0	True	True	True
9270	6	65	-1	F	0	3	4	3	1	True	3.25	-1	71	71	129	71b	1545/4	1/16	False	4	False				False	242		I	C	IV		I		I					M	False	False	(0, 4, 1)	()	0	0	major	major	IV	IV, major	I		IV	IV	False	I	I, major		I, major		I	0	-1	-1	-1	0	0	True	True	True
9270	6	77	-1	F	0	3	4	2	1	True	3.25	-1	71	71	129	71b	1545/4	1/16	False	5	False				False	242		I	C	IV		I		I					M	False	False	(0, 4, 1)	()	0	0	major	major	IV	IV, major	I		IV	IV	False	I	I, major		I, major		I	0	-1	-1	-1	0	0	True	True	True
9276	6	64	4	E	0	3	4	3	1	True	3.5	-1	71	71	129	71b	773/2	1/16	False	4	False				False	242		I	C	IV		I		I					M	False	False	(0, 4, 1)	()	0	0	major	major	IV	IV, major	I		IV	IV	False	I	I, major		I, major		I	0	-1	-1	4	5	5	False	False	False
9276	6	76	4	E	0	3	4	2	1	True	3.5	-1	71	71	129	71b	773/2	1/16	False	5	False				False	242		I	C	IV		I		I					M	False	False	(0, 4, 1)	()	0	0	major	major	IV	IV, major	I		IV	IV	False	I	I, major		I, major		I	0	-1	-1	4	5	5	False	False	False
9282	6	62	2	D	0	3	4	3	1	True	3.75	-1	71	71	129	71b	1547/4	1/16	False	4	False				False	242		I	C	IV		I		I					M	False	False	(0, 4, 1)	()	0	0	major	major	IV	IV, major	I		IV	IV	False	I	I, major		I, major		I	0	-1	-1	2	3	3	False	False	False
9282	6	74	2	D	0	3	4	2	1	True	3.75	-1	71	71	129	71b	1547/4	1/16	False	5	False				False	242		I	C	IV		I		I					M	False	False	(0, 4, 1)	()	0	0	major	major	IV	IV, major	I		IV	IV	False	I	I, major		I, major		I	0	-1	-1	2	3	3	False	False	False
9288	6	60	0	C	0	3	4	3	1	True	1.0	-1	72	72	130	72b	387	1/16	False	4	True				False	243		V(64)	C	IV		V(64)		V			64		M	False	False	(1, 0, 4)	()	1	1	major	major	IV	IV, major	V		IV	IV	False	V	V, major		V(64), major		V	0	-1	-1	0	1	1	True	True	True
9288	6	72	0	C	0	3	4	2	1	True	1.0	-1	72	72	130	72b	387	1/16	False	5	True				False	243		V(64)	C	IV		V(64)		V			64		M	False	False	(1, 0, 4)	()	1	1	major	major	IV	IV, major	V		IV	IV	False	V	V, major		V(64), major		V	0	-1	-1	0	1	1	True	True	True
9288	12	89	-1	F	0	3	4	1	1	False	1.0	-1	72	72	130	72b	387	1/8	False	6	True				False	243		V(64)	C	IV		V(64)		V			64		M	False	False	(1, 0, 4)	()	1	1	major	major	IV	IV, major	V		IV	IV	False	V	V, major		V(64), major		V	0	-1	-1	-1	0	0	True	False	False
9294	6	58	-2	B	-1	3	4	3	1	True	1.25	-1	72	72	130	72b	1549/4	1/16	False	3	False				False	243		V(64)	C	IV		V(64)		V			64		M	False	False	(1, 0, 4)	()	1	1	major	major	IV	IV, major	V		IV	IV	False	V	V, major		V(64), major		V	0	-1	-1	-2	-1	-1	False	False	False
9294	6	70	-2	B	-1	3	4	2	1	True	1.25	-1	72	72	130	72b	1549/4	1/16	False	4	False				False	243		V(64)	C	IV		V(64)		V			64		M	False	False	(1, 0, 4)	()	1	1	major	major	IV	IV, major	V		IV	IV	False	V	V, major		V(64), major		V	0	-1	-1	-2	-1	-1	False	False	False
9300	6	57	3	A	0	3	4	3	1	True	1.5	-1	72	72	130	72b	775/2	1/16	False	3	False				False	243		V(64)	C	IV		V(64)		V			64		M	False	False	(1, 0, 4)	()	1	1	major	major	IV	IV, major	V		IV	IV	False	V	V, major		V(64), major		V	0	-1	-1	3	4	4	True	False	False
9300	6	69	3	A	0	3	4	2	1	True	1.5	-1	72	72	130	72b	775/2	1/16	False	4	False				False	243		V(64)	C	IV		V(64)		V			64		M	False	False	(1, 0, 4)	()	1	1	major	major	IV	IV, major	V		IV	IV	False	V	V, major		V(64), major		V	0	-1	-1	3	4	4	True	False	False
9300	12	89	-1	F	0	3	4	1	1	True	1.5	-1	72	72	130	72b	775/2	1/8	False	6	False				False	243		V(64)	C	IV		V(64)		V			64		M	False	False	(1, 0, 4)	()	1	1	major	major	IV	IV, major	V		IV	IV	False	V	V, major		V(64), major		V	0	-1	-1	-1	0	0	True	False	False
9306	6	55	1	G	0	3	4	3	1	True	1.75	-1	72	72	130	72b	1551/4	1/16	False	3	False				False	243		V(64)	C	IV		V(64)		V			64		M	False	False	(1, 0, 4)	()	1	1	major	major	IV	IV, major	V		IV	IV	False	V	V, major		V(64), major		V	0	-1	-1	1	2	2	False	False	False
9306	6	67	1	G	0	3	4	2	1	True	1.75	-1	72	72	130	72b	1551/4	1/16	False	4	False				False	243		V(64)	C	IV		V(64)		V			64		M	False	False	(1, 0, 4)	()	1	1	major	major	IV	IV, major	V		IV	IV	False	V	V, major		V(64), major		V	0	-1	-1	1	2	2	False	False	False
9312	6	53	-1	F	0	3	4	3	1	True	2.0	-1	72	72	130	72b	388	1/16	False	3	False				False	243		V(64)	C	IV		V(64)		V			64		M	False	False	(1, 0, 4)	()	1	1	major	major	IV	IV, major	V		IV	IV	False	V	V, major		V(64), major		V	0	-1	-1	-1	0	0	True	False	False
9312	6	65	-1	F	0	3	4	2	1	True	2.0	-1	72	72	130	72b	388	1/16	False	4	False				False	243		V(64)	C	IV		V(64)		V			64		M	False	False	(1, 0, 4)	()	1	1	major	major	IV	IV, major	V		IV	IV	False	V	V, major		V(64), major		V	0	-1	-1	-1	0	0	True	False	False
9312	12	93	3	A	0	3	4	1	1	True	2.0	-1	72	72	130	72b	388	1/8	False	6	False				False	243		V(64)	C	IV		V(64)		V			64		M	False	False	(1, 0, 4)	()	1	1	major	major	IV	IV, major	V		IV	IV	False	V	V, major		V(64), major		V	0	-1	-1	3	4	4	True	False	False
9318	6	60	0	C	0	3	4	3	1	True	2.25	-1	72	72	130	72b	1553/4	1/16	False	4	False				False	243		V(64)	C	IV		V(64)		V			64		M	False	False	(1, 0, 4)	()	1	1	major	major	IV	IV, major	V		IV	IV	False	V	V, major		V(64), major		V	0	-1	-1	0	1	1	True	True	True
9318	6	72	0	C	0	3	4	2	1	True	2.25	-1	72	72	130	72b	1553/4	1/16	False	5	False				False	243		V(64)	C	IV		V(64)		V			64		M	False	False	(1, 0, 4)	()	1	1	major	major	IV	IV, major	V		IV	IV	False	V	V, major		V(64), major		V	0	-1	-1	0	1	1	True	True	True
9324	12	48	0	C	0	3	4	4	1	True	2.5	-1	72	72	130	72b	777/2	1/8	False	3	False				False	243		V(64)	C	IV		V(64)		V			64		M	False	False	(1, 0, 4)	()	1	1	major	major	IV	IV, major	V		IV	IV	False	V	V, major		V(64), major		V	0	-1	-1	0	1	1	True	True	True
9324	6	57	3	A	0	3	4	3	1	True	2.5	-1	72	72	130	72b	777/2	1/16	False	3	False				False	243		V(64)	C	IV		V(64)		V			64		M	False	False	(1, 0, 4)	()	1	1	major	major	IV	IV, major	V		IV	IV	False	V	V, major		V(64), major		V	0	-1	-1	3	4	4	True	False	False
9324	6	69	3	A	0	3	4	2	1	True	2.5	-1	72	72	130	72b	777/2	1/16	False	4	False				False	243		V(64)	C	IV		V(64)		V			64		M	False	False	(1, 0, 4)	()	1	1	major	major	IV	IV, major	V		IV	IV	False	V	V, major		V(64), major		V	0	-1	-1	3	4	4	True	False	False
9324	24	96	0	C	0	3	4	1	1	True	2.5	-1	72	72	130	72b	777/2	1/4	False	7	False				False	243		V(64)	C	IV		V(64)		V			64		M	False	False	(1, 0, 4)	()	1	1	major	major	IV	IV, major	V		IV	IV	False	V	V, major		V(64), major		V	0	-1	-1	0	1	1	True	True	True
9330	6	53	-1	F	0	3	4	3	1	True	2.75	-1	72	72	130	72b	1555/4	1/16	False	3	False				False	243		V(64)	C	IV		V(64)		V			64		M	False	False	(1, 0, 4)	()	1	1	major	major	IV	IV, major	V		IV	IV	False	V	V, major		V(64), major		V	0	-1	-1	-1	0	0	True	False	False
9330	6	65	-1	F	0	3	4	2	1	True	2.75	-1	72	72	130	72b	1555/4	1/16	False	4	False				False	243		V(64)	C	IV		V(64)		V			64		M	False	False	(1, 0, 4)	()	1	1	major	major	IV	IV, major	V		IV	IV	False	V	V, major		V(64), major		V	0	-1	-1	-1	0	0	True	False	False
9336	12	36	0	C	0	3	4	4	1	True	3.0	-1	72	72	130	72b	389	1/8	False	2	True				False	244		V7	C	IV		V7		V		7			Mm7	False	False	(1, 5, 2, -1)	()	1	1	major	major	IV	IV, major	V		IV	IV	False	V7	V7, major		V7, major		V	0	-1	-1	0	1	1	True	True	True
9336	6	55	1	G	0	3	4	3	1	True	3.0	-1	72	72	130	72b	389	1/16	False	3	True				False	244		V7	C	IV		V7		V		7			Mm7	False	False	(1, 5, 2, -1)	()	1	1	major	major	IV	IV, major	V		IV	IV	False	V7	V7, major		V7, major		V	0	-1	-1	1	2	2	True	False	False
9336	6	67	1	G	0	3	4	2	1	True	3.0	-1	72	72	130	72b	389	1/16	False	4	True				False	244		V7	C	IV		V7		V		7			Mm7	False	False	(1, 5, 2, -1)	()	1	1	major	major	IV	IV, major	V		IV	IV	False	V7	V7, major		V7, major		V	0	-1	-1	1	2	2	True	False	False
9342	6	60	0	C	0	3	4	3	1	True	3.25	-1	72	72	130	72b	1557/4	1/16	False	4	False				False	244		V7	C	IV		V7		V		7			Mm7	False	False	(1, 5, 2, -1)	()	1	1	major	major	IV	IV, major	V		IV	IV	False	V7	V7, major		V7, major		V	0	-1	-1	0	1	1	True	True	True
9342	6	72	0	C	0	3	4	2	1	True	3.25	-1	72	72	130	72b	1557/4	1/16	False	5	False				False	244		V7	C	IV		V7		V		7			Mm7	False	False	(1, 5, 2, -1)	()	1	1	major	major	IV	IV, major	V		IV	IV	False	V7	V7, major		V7, major		V	0	-1	-1	0	1	1	True	True	True
9348	12	48	0	C	0	3	4	4	1	True	3.5	-1	72	72	130	72b	779/2	1/8	False	3	False				False	244		V7	C	IV		V7		V		7			Mm7	False	False	(1, 5, 2, -1)	()	1	1	major	major	IV	IV, major	V		IV	IV	False	V7	V7, major		V7, major		V	0	-1	-1	0	1	1	True	True	True
9348	6	58	-2	B	-1	3	4	3	1	True	3.5	-1	72	72	130	72b	779/2	1/16	False	3	False				False	244		V7	C	IV		V7		V		7			Mm7	False	False	(1, 5, 2, -1)	()	1	1	major	major	IV	IV, major	V		IV	IV	False	V7	V7, major		V7, major		V	0	-1	-1	-2	-1	-1	True	False	False
9348	6	70	-2	B	-1	3	4	2	1	True	3.5	-1	72	72	130	72b	779/2	1/16	False	4	False				False	244		V7	C	IV		V7		V		7			Mm7	False	False	(1, 5, 2, -1)	()	1	1	major	major	IV	IV, major	V		IV	IV	False	V7	V7, major		V7, major		V	0	-1	-1	-2	-1	-1	True	False	False
9348	12	96	0	C	0	3	4	1	1	True	3.5	-1	72	72	130	72b	779/2	1/8	False	7	False				False	244		V7	C	IV		V7		V		7			Mm7	False	False	(1, 5, 2, -1)	()	1	1	major	major	IV	IV, major	V		IV	IV	False	V7	V7, major		V7, major		V	0	-1	-1	0	1	1	True	True	True
9354	6	55	1	G	0	3	4	3	1	True	3.75	-1	72	72	130	72b	1559/4	1/16	False	3	False				False	244		V7	C	IV		V7		V		7			Mm7	False	False	(1, 5, 2, -1)	()	1	1	major	major	IV	IV, major	V		IV	IV	False	V7	V7, major		V7, major		V	0	-1	-1	1	2	2	True	False	False
9354	6	67	1	G	0	3	4	2	1	True	3.75	-1	72	72	130	72b	1559/4	1/16	False	4	False				False	244		V7	C	IV		V7		V		7			Mm7	False	False	(1, 5, 2, -1)	()	1	1	major	major	IV	IV, major	V		IV	IV	False	V7	V7, major		V7, major		V	0	-1	-1	1	2	2	True	False	False
9360	6	60	0	C	0	3	4	3	1	True	1.0	-1	73	73	131	73b	390	1/16	False	4	True				False	245		V(64)	C	IV		V(64)		V			64		M	False	False	(1, 0, 4)	()	1	1	major	major	IV	IV, major	V		IV	IV	False	V	V, major		V(64), major		V	0	-1	-1	0	1	1	True	True	True
9360	6	72	0	C	0	3	4	2	1	True	1.0	-1	73	73	131	73b	390	1/16	False	5	True				False	245		V(64)	C	IV		V(64)		V			64		M	False	False	(1, 0, 4)	()	1	1	major	major	IV	IV, major	V		IV	IV	False	V	V, major		V(64), major		V	0	-1	-1	0	1	1	True	True	True
9366	6	58	-2	B	-1	3	4	3	1	True	1.25	-1	73	73	131	73b	1561/4	1/16	False	3	False				False	245		V(64)	C	IV		V(64)		V			64		M	False	False	(1, 0, 4)	()	1	1	major	major	IV	IV, major	V		IV	IV	False	V	V, major		V(64), major		V	0	-1	-1	-2	-1	-1	False	False	False
9366	6	70	-2	B	-1	3	4	2	1	True	1.25	-1	73	73	131	73b	1561/4	1/16	False	4	False				False	245		V(64)	C	IV		V(64)		V			64		M	False	False	(1, 0, 4)	()	1	1	major	major	IV	IV, major	V		IV	IV	False	V	V, major		V(64), major		V	0	-1	-1	-2	-1	-1	False	False	False
9372	6	57	3	A	0	3	4	3	1	True	1.5	-1	73	73	131	73b	781/2	1/16	False	3	False				False	245		V(64)	C	IV		V(64)		V			64		M	False	False	(1, 0, 4)	()	1	1	major	major	IV	IV, major	V		IV	IV	False	V	V, major		V(64), major		V	0	-1	-1	3	4	4	True	False	False
9372	6	69	3	A	0	3	4	2	1	True	1.5	-1	73	73	131	73b	781/2	1/16	False	4	False				False	245		V(64)	C	IV		V(64)		V			64		M	False	False	(1, 0, 4)	()	1	1	major	major	IV	IV, major	V		IV	IV	False	V	V, major		V(64), major		V	0	-1	-1	3	4	4	True	False	False
9372	12	89	-1	F	0	3	4	1	1	True	1.5	-1	73	73	131	73b	781/2	1/8	False	6	False				False	245		V(64)	C	IV		V(64)		V			64		M	False	False	(1, 0, 4)	()	1	1	major	major	IV	IV, major	V		IV	IV	False	V	V, major		V(64), major		V	0	-1	-1	-1	0	0	True	False	False
9378	6	55	1	G	0	3	4	3	1	True	1.75	-1	73	73	131	73b	1563/4	1/16	False	3	False				False	245		V(64)	C	IV		V(64)		V			64		M	False	False	(1, 0, 4)	()	1	1	major	major	IV	IV, major	V		IV	IV	False	V	V, major		V(64), major		V	0	-1	-1	1	2	2	False	False	False
9378	6	67	1	G	0	3	4	2	1	True	1.75	-1	73	73	131	73b	1563/4	1/16	False	4	False				False	245		V(64)	C	IV		V(64)		V			64		M	False	False	(1, 0, 4)	()	1	1	major	major	IV	IV, major	V		IV	IV	False	V	V, major		V(64), major		V	0	-1	-1	1	2	2	False	False	False
9384	6	53	-1	F	0	3	4	3	1	True	2.0	-1	73	73	131	73b	391	1/16	False	3	False				False	245		V(64)	C	IV		V(64)		V			64		M	False	False	(1, 0, 4)	()	1	1	major	major	IV	IV, major	V		IV	IV	False	V	V, major		V(64), major		V	0	-1	-1	-1	0	0	True	False	False
9384	6	65	-1	F	0	3	4	2	1	True	2.0	-1	73	73	131	73b	391	1/16	False	4	False				False	245		V(64)	C	IV		V(64)		V			64		M	False	False	(1, 0, 4)	()	1	1	major	major	IV	IV, major	V		IV	IV	False	V	V, major		V(64), major		V	0	-1	-1	-1	0	0	True	False	False
9384	12	93	3	A	0	3	4	1	1	True	2.0	-1	73	73	131	73b	391	1/8	False	6	False				False	245		V(64)	C	IV		V(64)		V			64		M	False	False	(1, 0, 4)	()	1	1	major	major	IV	IV, major	V		IV	IV	False	V	V, major		V(64), major		V	0	-1	-1	3	4	4	True	False	False
9390	6	60	0	C	0	3	4	3	1	True	2.25	-1	73	73	131	73b	1565/4	1/16	False	4	False				False	245		V(64)	C	IV		V(64)		V			64		M	False	False	(1, 0, 4)	()	1	1	major	major	IV	IV, major	V		IV	IV	False	V	V, major		V(64), major		V	0	-1	-1	0	1	1	True	True	True
9390	6	72	0	C	0	3	4	2	1	True	2.25	-1	73	73	131	73b	1565/4	1/16	False	5	False				False	245		V(64)	C	IV		V(64)		V			64		M	False	False	(1, 0, 4)	()	1	1	major	major	IV	IV, major	V		IV	IV	False	V	V, major		V(64), major		V	0	-1	-1	0	1	1	True	True	True
9396	12	48	0	C	0	3	4	4	1	True	2.5	-1	73	73	131	73b	783/2	1/8	False	3	False				False	245		V(64)	C	IV		V(64)		V			64		M	False	False	(1, 0, 4)	()	1	1	major	major	IV	IV, major	V		IV	IV	False	V	V, major		V(64), major		V	0	-1	-1	0	1	1	True	True	True
9396	6	57	3	A	0	3	4	3	1	True	2.5	-1	73	73	131	73b	783/2	1/16	False	3	False				False	245		V(64)	C	IV		V(64)		V			64		M	False	False	(1, 0, 4)	()	1	1	major	major	IV	IV, major	V		IV	IV	False	V	V, major		V(64), major		V	0	-1	-1	3	4	4	True	False	False
9396	6	69	3	A	0	3	4	2	1	True	2.5	-1	73	73	131	73b	783/2	1/16	False	4	False				False	245		V(64)	C	IV		V(64)		V			64		M	False	False	(1, 0, 4)	()	1	1	major	major	IV	IV, major	V		IV	IV	False	V	V, major		V(64), major		V	0	-1	-1	3	4	4	True	False	False
9396	24	96	0	C	0	3	4	1	1	True	2.5	-1	73	73	131	73b	783/2	1/4	False	7	False				False	245		V(64)	C	IV		V(64)		V			64		M	False	False	(1, 0, 4)	()	1	1	major	major	IV	IV, major	V		IV	IV	False	V	V, major		V(64), major		V	0	-1	-1	0	1	1	True	True	True
9402	6	53	-1	F	0	3	4	3	1	True	2.75	-1	73	73	131	73b	1567/4	1/16	False	3	False				False	245		V(64)	C	IV		V(64)		V			64		M	False	False	(1, 0, 4)	()	1	1	major	major	IV	IV, major	V		IV	IV	False	V	V, major		V(64), major		V	0	-1	-1	-1	0	0	True	False	False
9402	6	65	-1	F	0	3	4	2	1	True	2.75	-1	73	73	131	73b	1567/4	1/16	False	4	False				False	245		V(64)	C	IV		V(64)		V			64		M	False	False	(1, 0, 4)	()	1	1	major	major	IV	IV, major	V		IV	IV	False	V	V, major		V(64), major		V	0	-1	-1	-1	0	0	True	False	False
9408	12	36	0	C	0	3	4	4	1	True	3.0	-1	73	73	131	73b	392	1/8	False	2	True				False	246		V7	C	IV		V7		V		7			Mm7	False	False	(1, 5, 2, -1)	()	1	1	major	major	IV	IV, major	V		IV	IV	False	V7	V7, major		V7, major		V	0	-1	-1	0	1	1	True	True	True
9408	6	55	1	G	0	3	4	3	1	True	3.0	-1	73	73	131	73b	392	1/16	False	3	True				False	246		V7	C	IV		V7		V		7			Mm7	False	False	(1, 5, 2, -1)	()	1	1	major	major	IV	IV, major	V		IV	IV	False	V7	V7, major		V7, major		V	0	-1	-1	1	2	2	True	False	False
9408	6	67	1	G	0	3	4	2	1	True	3.0	-1	73	73	131	73b	392	1/16	False	4	True				False	246		V7	C	IV		V7		V		7			Mm7	False	False	(1, 5, 2, -1)	()	1	1	major	major	IV	IV, major	V		IV	IV	False	V7	V7, major		V7, major		V	0	-1	-1	1	2	2	True	False	False
9414	6	60	0	C	0	3	4	3	1	True	3.25	-1	73	73	131	73b	1569/4	1/16	False	4	False				False	246		V7	C	IV		V7		V		7			Mm7	False	False	(1, 5, 2, -1)	()	1	1	major	major	IV	IV, major	V		IV	IV	False	V7	V7, major		V7, major		V	0	-1	-1	0	1	1	True	True	True
9414	6	72	0	C	0	3	4	2	1	True	3.25	-1	73	73	131	73b	1569/4	1/16	False	5	False				False	246		V7	C	IV		V7		V		7			Mm7	False	False	(1, 5, 2, -1)	()	1	1	major	major	IV	IV, major	V		IV	IV	False	V7	V7, major		V7, major		V	0	-1	-1	0	1	1	True	True	True
9420	12	48	0	C	0	3	4	4	1	True	3.5	-1	73	73	131	73b	785/2	1/8	False	3	False				False	246		V7	C	IV		V7		V		7			Mm7	False	False	(1, 5, 2, -1)	()	1	1	major	major	IV	IV, major	V		IV	IV	False	V7	V7, major		V7, major		V	0	-1	-1	0	1	1	True	True	True
9420	6	58	-2	B	-1	3	4	3	1	True	3.5	-1	73	73	131	73b	785/2	1/16	False	3	False				False	246		V7	C	IV		V7		V		7			Mm7	False	False	(1, 5, 2, -1)	()	1	1	major	major	IV	IV, major	V		IV	IV	False	V7	V7, major		V7, major		V	0	-1	-1	-2	-1	-1	True	False	False
9420	6	70	-2	B	-1	3	4	2	1	True	3.5	-1	73	73	131	73b	785/2	1/16	False	4	False				False	246		V7	C	IV		V7		V		7			Mm7	False	False	(1, 5, 2, -1)	()	1	1	major	major	IV	IV, major	V		IV	IV	False	V7	V7, major		V7, major		V	0	-1	-1	-2	-1	-1	True	False	False
9420	12	96	0	C	0	3	4	1	1	True	3.5	-1	73	73	131	73b	785/2	1/8	False	7	False				False	246		V7	C	IV		V7		V		7			Mm7	False	False	(1, 5, 2, -1)	()	1	1	major	major	IV	IV, major	V		IV	IV	False	V7	V7, major		V7, major		V	0	-1	-1	0	1	1	True	True	True
9426	6	55	1	G	0	3	4	3	1	True	3.75	-1	73	73	131	73b	1571/4	1/16	False	3	False				False	246		V7	C	IV		V7		V		7			Mm7	False	False	(1, 5, 2, -1)	()	1	1	major	major	IV	IV, major	V		IV	IV	False	V7	V7, major		V7, major		V	0	-1	-1	1	2	2	True	False	False
9426	6	67	1	G	0	3	4	2	1	True	3.75	-1	73	73	131	73b	1571/4	1/16	False	4	False				False	246		V7	C	IV		V7		V		7			Mm7	False	False	(1, 5, 2, -1)	()	1	1	major	major	IV	IV, major	V		IV	IV	False	V7	V7, major		V7, major		V	0	-1	-1	1	2	2	True	False	False
9432	6	60	0	C	0	3	4	3	1	True	1.0	-1	74	74	132	74b	393	1/16	False	4	True				False	247		V(64)	C	IV		V(64)		V			64		M	False	False	(1, 0, 4)	()	1	1	major	major	IV	IV, major	V		IV	IV	False	V	V, major		V(64), major		V	0	-1	-1	0	1	1	True	True	True
9432	6	72	0	C	0	3	4	2	1	True	1.0	-1	74	74	132	74b	393	1/16	False	5	True				False	247		V(64)	C	IV		V(64)		V			64		M	False	False	(1, 0, 4)	()	1	1	major	major	IV	IV, major	V		IV	IV	False	V	V, major		V(64), major		V	0	-1	-1	0	1	1	True	True	True
9438	6	58	-2	B	-1	3	4	3	1	True	1.25	-1	74	74	132	74b	1573/4	1/16	False	3	False				False	247		V(64)	C	IV		V(64)		V			64		M	False	False	(1, 0, 4)	()	1	1	major	major	IV	IV, major	V		IV	IV	False	V	V, major		V(64), major		V	0	-1	-1	-2	-1	-1	False	False	False
9438	6	70	-2	B	-1	3	4	2	1	True	1.25	-1	74	74	132	74b	1573/4	1/16	False	4	False				False	247		V(64)	C	IV		V(64)		V			64		M	False	False	(1, 0, 4)	()	1	1	major	major	IV	IV, major	V		IV	IV	False	V	V, major		V(64), major		V	0	-1	-1	-2	-1	-1	False	False	False
9444	6	57	3	A	0	3	4	3	1	True	1.5	-1	74	74	132	74b	787/2	1/16	False	3	False				False	247		V(64)	C	IV		V(64)		V			64		M	False	False	(1, 0, 4)	()	1	1	major	major	IV	IV, major	V		IV	IV	False	V	V, major		V(64), major		V	0	-1	-1	3	4	4	True	False	False
9444	6	69	3	A	0	3	4	2	1	True	1.5	-1	74	74	132	74b	787/2	1/16	False	4	False				False	247		V(64)	C	IV		V(64)		V			64		M	False	False	(1, 0, 4)	()	1	1	major	major	IV	IV, major	V		IV	IV	False	V	V, major		V(64), major		V	0	-1	-1	3	4	4	True	False	False
9444	12	89	-1	F	0	3	4	1	1	True	1.5	-1	74	74	132	74b	787/2	1/8	False	6	False				False	247		V(64)	C	IV		V(64)		V			64		M	False	False	(1, 0, 4)	()	1	1	major	major	IV	IV, major	V		IV	IV	False	V	V, major		V(64), major		V	0	-1	-1	-1	0	0	True	False	False
9450	6	55	1	G	0	3	4	3	1	True	1.75	-1	74	74	132	74b	1575/4	1/16	False	3	False				False	247		V(64)	C	IV		V(64)		V			64		M	False	False	(1, 0, 4)	()	1	1	major	major	IV	IV, major	V		IV	IV	False	V	V, major		V(64), major		V	0	-1	-1	1	2	2	False	False	False
9450	6	67	1	G	0	3	4	2	1	True	1.75	-1	74	74	132	74b	1575/4	1/16	False	4	False				False	247		V(64)	C	IV		V(64)		V			64		M	False	False	(1, 0, 4)	()	1	1	major	major	IV	IV, major	V		IV	IV	False	V	V, major		V(64), major		V	0	-1	-1	1	2	2	False	False	False
9456	6	53	-1	F	0	3	4	3	1	True	2.0	-1	74	74	132	74b	394	1/16	False	3	False				False	247		V(64)	C	IV		V(64)		V			64		M	False	False	(1, 0, 4)	()	1	1	major	major	IV	IV, major	V		IV	IV	False	V	V, major		V(64), major		V	0	-1	-1	-1	0	0	True	False	False
9456	6	65	-1	F	0	3	4	2	1	True	2.0	-1	74	74	132	74b	394	1/16	False	4	False				False	247		V(64)	C	IV		V(64)		V			64		M	False	False	(1, 0, 4)	()	1	1	major	major	IV	IV, major	V		IV	IV	False	V	V, major		V(64), major		V	0	-1	-1	-1	0	0	True	False	False
9456	12	93	3	A	0	3	4	1	1	True	2.0	-1	74	74	132	74b	394	1/8	False	6	False				False	247		V(64)	C	IV		V(64)		V			64		M	False	False	(1, 0, 4)	()	1	1	major	major	IV	IV, major	V		IV	IV	False	V	V, major		V(64), major		V	0	-1	-1	3	4	4	True	False	False
9462	6	60	0	C	0	3	4	3	1	True	2.25	-1	74	74	132	74b	1577/4	1/16	False	4	False				False	247		V(64)	C	IV		V(64)		V			64		M	False	False	(1, 0, 4)	()	1	1	major	major	IV	IV, major	V		IV	IV	False	V	V, major		V(64), major		V	0	-1	-1	0	1	1	True	True	True
9462	6	72	0	C	0	3	4	2	1	True	2.25	-1	74	74	132	74b	1577/4	1/16	False	5	False				False	247		V(64)	C	IV		V(64)		V			64		M	False	False	(1, 0, 4)	()	1	1	major	major	IV	IV, major	V		IV	IV	False	V	V, major		V(64), major		V	0	-1	-1	0	1	1	True	True	True
9468	12	48	0	C	0	3	4	4	1	True	2.5	-1	74	74	132	74b	789/2	1/8	False	3	False				False	247		V(64)	C	IV		V(64)		V			64		M	False	False	(1, 0, 4)	()	1	1	major	major	IV	IV, major	V		IV	IV	False	V	V, major		V(64), major		V	0	-1	-1	0	1	1	True	True	True
9468	6	57	3	A	0	3	4	3	1	True	2.5	-1	74	74	132	74b	789/2	1/16	False	3	False				False	247		V(64)	C	IV		V(64)		V			64		M	False	False	(1, 0, 4)	()	1	1	major	major	IV	IV, major	V		IV	IV	False	V	V, major		V(64), major		V	0	-1	-1	3	4	4	True	False	False
9468	6	69	3	A	0	3	4	2	1	True	2.5	-1	74	74	132	74b	789/2	1/16	False	4	False				False	247		V(64)	C	IV		V(64)		V			64		M	False	False	(1, 0, 4)	()	1	1	major	major	IV	IV, major	V		IV	IV	False	V	V, major		V(64), major		V	0	-1	-1	3	4	4	True	False	False
9468	12	96	0	C	0	3	4	1	1	True	2.5	-1	74	74	132	74b	789/2	1/8	False	7	False				False	247		V(64)	C	IV		V(64)		V			64		M	False	False	(1, 0, 4)	()	1	1	major	major	IV	IV, major	V		IV	IV	False	V	V, major		V(64), major		V	0	-1	-1	0	1	1	True	True	True
9474	6	53	-1	F	0	3	4	3	1	True	2.75	-1	74	74	132	74b	1579/4	1/16	False	3	False				False	247		V(64)	C	IV		V(64)		V			64		M	False	False	(1, 0, 4)	()	1	1	major	major	IV	IV, major	V		IV	IV	False	V	V, major		V(64), major		V	0	-1	-1	-1	0	0	True	False	False
9474	6	65	-1	F	0	3	4	2	1	True	2.75	-1	74	74	132	74b	1579/4	1/16	False	4	False				False	247		V(64)	C	IV		V(64)		V			64		M	False	False	(1, 0, 4)	()	1	1	major	major	IV	IV, major	V		IV	IV	False	V	V, major		V(64), major		V	0	-1	-1	-1	0	0	True	False	False
9480	12	36	0	C	0	3	4	4	1	True	3.0	-1	74	74	132	74b	395	1/8	False	2	True				False	248		V7	C	IV		V7		V		7			Mm7	False	False	(1, 5, 2, -1)	()	1	1	major	major	IV	IV, major	V		IV	IV	False	V7	V7, major		V7, major		V	0	-1	-1	0	1	1	True	True	True
9480	6	55	1	G	0	3	4	3	1	True	3.0	-1	74	74	132	74b	395	1/16	False	3	True				False	248		V7	C	IV		V7		V		7			Mm7	False	False	(1, 5, 2, -1)	()	1	1	major	major	IV	IV, major	V		IV	IV	False	V7	V7, major		V7, major		V	0	-1	-1	1	2	2	True	False	False
9480	12	55	1	G	0	3	4	1	1	True	3.0	-1	74	74	132	74b	395	1/8	False	3	True				False	248		V7	C	IV		V7		V		7			Mm7	False	False	(1, 5, 2, -1)	()	1	1	major	major	IV	IV, major	V		IV	IV	False	V7	V7, major		V7, major		V	0	-1	-1	1	2	2	True	False	False
9480	12	64	4	E	0	3	4	1	1	True	3.0	-1	74	74	132	74b	395	1/8	False	4	True				False	248		V7	C	IV		V7		V		7			Mm7	False	False	(1, 5, 2, -1)	()	1	1	major	major	IV	IV, major	V		IV	IV	False	V7	V7, major		V7, major		V	0	-1	-1	4	5	5	True	False	False
9480	6	67	1	G	0	3	4	2	1	True	3.0	-1	74	74	132	74b	395	1/16	False	4	True				False	248		V7	C	IV		V7		V		7			Mm7	False	False	(1, 5, 2, -1)	()	1	1	major	major	IV	IV, major	V		IV	IV	False	V7	V7, major		V7, major		V	0	-1	-1	1	2	2	True	False	False
9486	6	60	0	C	0	3	4	3	1	True	3.25	-1	74	74	132	74b	1581/4	1/16	False	4	False				False	248		V7	C	IV		V7		V		7			Mm7	False	False	(1, 5, 2, -1)	()	1	1	major	major	IV	IV, major	V		IV	IV	False	V7	V7, major		V7, major		V	0	-1	-1	0	1	1	True	True	True
9486	6	72	0	C	0	3	4	2	1	True	3.25	-1	74	74	132	74b	1581/4	1/16	False	5	False				False	248		V7	C	IV		V7		V		7			Mm7	False	False	(1, 5, 2, -1)	()	1	1	major	major	IV	IV, major	V		IV	IV	False	V7	V7, major		V7, major		V	0	-1	-1	0	1	1	True	True	True
9492	12	48	0	C	0	3	4	4	1	True	3.5	-1	74	74	132	74b	791/2	1/8	False	3	False				False	248		V7	C	IV		V7		V		7			Mm7	False	False	(1, 5, 2, -1)	()	1	1	major	major	IV	IV, major	V		IV	IV	False	V7	V7, major		V7, major		V	0	-1	-1	0	1	1	True	True	True
9492	6	58	-2	B	-1	3	4	3	1	True	3.5	-1	74	74	132	74b	791/2	1/16	False	3	False				False	248		V7	C	IV		V7		V		7			Mm7	False	False	(1, 5, 2, -1)	()	1	1	major	major	IV	IV, major	V		IV	IV	False	V7	V7, major		V7, major		V	0	-1	-1	-2	-1	-1	True	False	False
9492	6	70	-2	B	-1	3	4	2	1	True	3.5	-1	74	74	132	74b	791/2	1/16	False	4	False				False	248		V7	C	IV		V7		V		7			Mm7	False	False	(1, 5, 2, -1)	()	1	1	major	major	IV	IV, major	V		IV	IV	False	V7	V7, major		V7, major		V	0	-1	-1	-2	-1	-1	True	False	False
9492	12	76	4	E	0	3	4	1	1	True	3.5	-1	74	74	132	74b	791/2	1/8	False	5	False				False	248		V7	C	IV		V7		V		7			Mm7	False	False	(1, 5, 2, -1)	()	1	1	major	major	IV	IV, major	V		IV	IV	False	V7	V7, major		V7, major		V	0	-1	-1	4	5	5	True	False	False
9498	6	55	1	G	0	3	4	3	1	True	3.75	-1	74	74	132	74b	1583/4	1/16	False	3	False				False	248		V7	C	IV		V7		V		7			Mm7	False	False	(1, 5, 2, -1)	()	1	1	major	major	IV	IV, major	V		IV	IV	False	V7	V7, major		V7, major		V	0	-1	-1	1	2	2	True	False	False
9498	6	67	1	G	0	3	4	2	1	True	3.75	-1	74	74	132	74b	1583/4	1/16	False	4	False				False	248		V7	C	IV		V7		V		7			Mm7	False	False	(1, 5, 2, -1)	()	1	1	major	major	IV	IV, major	V		IV	IV	False	V7	V7, major		V7, major		V	0	-1	-1	1	2	2	True	False	False
9504	12	41	-1	F	0	3	4	4	1	True	1.0	-1	75	75	133	75b	396	1/8	False	2	False			\\	True	249	1	I\\	C	IV		I		I					M	False	False	(0, 4, 1)	()	0	0	major	major	IV	IV, major	I		IV	IV	False	I	I, major		I, major		I	0	-1	-1	-1	0	0	True	True	True
9504	12	53	-1	F	0	3	4	3	1	True	1.0	-1	75	75	133	75b	396	1/8	False	3	False			\\	True	249	1	I\\	C	IV		I		I					M	False	False	(0, 4, 1)	()	0	0	major	major	IV	IV, major	I		IV	IV	False	I	I, major		I, major		I	0	-1	-1	-1	0	0	True	True	True
9504	24	65	-1	F	0	3	4	2	1	True	1.0	-1	75	75	133	75b	396	1/4	False	4	False			\\	True	249	1	I\\	C	IV		I		I					M	False	False	(0, 4, 1)	()	0	0	major	major	IV	IV, major	I		IV	IV	False	I	I, major		I, major		I	0	-1	-1	-1	0	0	True	True	True
9504	12	77	-1	F	0	3	4	1	1	True	1.0	-1	75	75	133	75b	396	1/8	False	5	False			\\	True	249	1	I\\	C	IV		I		I					M	False	False	(0, 4, 1)	()	0	0	major	major	IV	IV, major	I		IV	IV	False	I	I, major		I, major		I	0	-1	-1	-1	0	0	True	True	True
9516	12	41	-1	F	0	3	4	4	1	True	1.5	-1	75	75	133	75b	793/2	1/8	False	2	False				False	249	1	I\\	C	IV		I		I					M	False	False	(0, 4, 1)	()	0	0	major	major	IV	IV, major	I		IV	IV	False	I	I, major		I, major		I	0	-1	-1	-1	0	0	True	True	True
9516	12	53	-1	F	0	3	4	3	1	True	1.5	-1	75	75	133	75b	793/2	1/8	False	3	False				False	249	1	I\\	C	IV		I		I					M	False	False	(0, 4, 1)	()	0	0	major	major	IV	IV, major	I		IV	IV	False	I	I, major		I, major		I	0	-1	-1	-1	0	0	True	True	True
9516	12	65	-1	F	0	3	4	1	1	True	1.5	-1	75	75	133	75b	793/2	1/8	False	4	False				False	249	1	I\\	C	IV		I		I					M	False	False	(0, 4, 1)	()	0	0	major	major	IV	IV, major	I		IV	IV	False	I	I, major		I, major		I	0	-1	-1	-1	0	0	True	True	True
9540	12	41	-1	F	0	3	4	4	1	True	2.5	-1	75	75	133	75b	795/2	1/8	False	2	False				False	249	1	I\\	C	IV		I		I					M	False	False	(0, 4, 1)	()	0	0	major	major	IV	IV, major	I		IV	IV	False	I	I, major		I, major		I	0	-1	-1	-1	0	0	True	True	True
9540	12	53	-1	F	0	3	4	3	1	True	2.5	-1	75	75	133	75b	795/2	1/8	False	3	False				False	249	1	I\\	C	IV		I		I					M	False	False	(0, 4, 1)	()	0	0	major	major	IV	IV, major	I		IV	IV	False	I	I, major		I, major		I	0	-1	-1	-1	0	0	True	True	True
9540	12	65	-1	F	0	3	4	1	1	True	2.5	-1	75	75	133	75b	795/2	1/8	False	4	False				False	249	1	I\\	C	IV		I		I					M	False	False	(0, 4, 1)	()	0	0	major	major	IV	IV, major	I		IV	IV	False	I	I, major		I, major		I	0	-1	-1	-1	0	0	True	True	True
9552	18	43	1	G	0	3	4	4	1	True	3.0	-1	75	75	133	75b	398	3/16	False	2	False				False	249	1	I\\	C	IV		I		I					M	False	False	(0, 4, 1)	()	0	0	major	major	IV	IV, major	I		IV	IV	False	I	I, major		I, major		I	0	-1	-1	1	2	2	False	False	False
9552	18	55	1	G	0	3	4	3	1	True	3.0	-1	75	75	133	75b	398	3/16	False	3	False				False	249	1	I\\	C	IV		I		I					M	False	False	(0, 4, 1)	()	0	0	major	major	IV	IV, major	I		IV	IV	False	I	I, major		I, major		I	0	-1	-1	1	2	2	False	False	False
9552	18	67	1	G	0	3	4	1	1	True	3.0	-1	75	75	133	75b	398	3/16	False	4	False				False	249	1	I\\	C	IV		I		I					M	False	False	(0, 4, 1)	()	0	0	major	major	IV	IV, major	I		IV	IV	False	I	I, major		I, major		I	0	-1	-1	1	2	2	False	False	False
9570	3	41	-1	F	0	3	4	4	1	True	3.75	-1	75	75	133	75b	1595/4	1/32	False	2	False				False	249	1	I\\	C	IV		I		I					M	False	False	(0, 4, 1)	()	0	0	major	major	IV	IV, major	I		IV	IV	False	I	I, major		I, major		I	0	-1	-1	-1	0	0	True	True	True
9570	3	53	-1	F	0	3	4	3	1	True	3.75	-1	75	75	133	75b	1595/4	1/32	False	3	False				False	249	1	I\\	C	IV		I		I					M	False	False	(0, 4, 1)	()	0	0	major	major	IV	IV, major	I		IV	IV	False	I	I, major		I, major		I	0	-1	-1	-1	0	0	True	True	True
9570	3	65	-1	F	0	3	4	1	1	True	3.75	-1	75	75	133	75b	1595/4	1/32	False	4	False				False	249	1	I\\	C	IV		I		I					M	False	False	(0, 4, 1)	()	0	0	major	major	IV	IV, major	I		IV	IV	False	I	I, major		I, major		I	0	-1	-1	-1	0	0	True	True	True
9573	3	43	1	G	0	3	4	4	1	True	3.875	-1	75	75	133	75b	3191/8	1/32	False	2	False				False	249	1	I\\	C	IV		I		I					M	False	False	(0, 4, 1)	()	0	0	major	major	IV	IV, major	I		IV	IV	False	I	I, major		I, major		I	0	-1	-1	1	2	2	False	False	False
9573	3	55	1	G	0	3	4	3	1	True	3.875	-1	75	75	133	75b	3191/8	1/32	False	3	False				False	249	1	I\\	C	IV		I		I					M	False	False	(0, 4, 1)	()	0	0	major	major	IV	IV, major	I		IV	IV	False	I	I, major		I, major		I	0	-1	-1	1	2	2	False	False	False
9573	3	67	1	G	0	3	4	1	1	True	3.875	-1	75	75	133	75b	3191/8	1/32	False	4	False				False	249	1	I\\	C	IV		I		I					M	False	False	(0, 4, 1)	()	0	0	major	major	IV	IV, major	I		IV	IV	False	I	I, major		I, major		I	0	-1	-1	1	2	2	False	False	False
9576	12	41	-1	F	0	3	4	4	1	True	1.0	-1	76	76	134	76a	399	1/8	True	2	True			\\	True	250	1	I\\	C	IV		I		I					M	False	False	(0, 4, 1)	()	0	0	major	major	IV	IV, major	I		IV	IV	False	I	I, major		I, major		I	0	-1	-1	-1	0	0	True	True	True
9576	12	53	-1	F	0	3	4	3	1	True	1.0	-1	76	76	134	76a	399	1/8	True	3	True			\\	True	250	1	I\\	C	IV		I		I					M	False	False	(0, 4, 1)	()	0	0	major	major	IV	IV, major	I		IV	IV	False	I	I, major		I, major		I	0	-1	-1	-1	0	0	True	True	True
9576	24	65	-1	F	0	3	4	2	1	True	1.0	-1	76	76	134	76a	399	1/4	True	4	True			\\	True	250	1	I\\	C	IV		I		I					M	False	False	(0, 4, 1)	()	0	0	major	major	IV	IV, major	I		IV	IV	False	I	I, major		I, major		I	0	-1	-1	-1	0	0	True	True	True
9576	24	77	-1	F	0	3	4	1	1	True	1.0	-1	76	76	134	76a	399	1/4	True	5	True			\\	True	250	1	I\\	C	IV		I		I					M	False	False	(0, 4, 1)	()	0	0	major	major	IV	IV, major	I		IV	IV	False	I	I, major		I, major		I	0	-1	-1	-1	0	0	True	True	True
9588	12	41	-1	F	0	3	4	4	1	True	1.5	-1	76	76	134	76a	799/2	1/8	False	2	False				False	250	1	I\\	C	IV		I		I					M	False	False	(0, 4, 1)	()	0	0	major	major	IV	IV, major	I		IV	IV	False	I	I, major		I, major		I	0	-1	-1	-1	0	0	True	True	True
9588	12	53	-1	F	0	3	4	3	1	True	1.5	-1	76	76	134	76a	799/2	1/8	False	3	False				False	250	1	I\\	C	IV		I		I					M	False	False	(0, 4, 1)	()	0	0	major	major	IV	IV, major	I		IV	IV	False	I	I, major		I, major		I	0	-1	-1	-1	0	0	True	True	True
9612	12	41	-1	F	0	3	4	4	1	True	2.5	-1	76	76	134	76a	801/2	1/8	False	2	False				False	250	1	I\\	C	IV		I		I					M	False	False	(0, 4, 1)	()	0	0	major	major	IV	IV, major	I		IV	IV	False	I	I, major		I, major		I	0	-1	-1	-1	0	0	True	True	True
9612	12	53	-1	F	0	3	4	3	1	True	2.5	-1	76	76	134	76a	801/2	1/8	False	3	False				False	250	1	I\\	C	IV		I		I					M	False	False	(0, 4, 1)	()	0	0	major	major	IV	IV, major	I		IV	IV	False	I	I, major		I, major		I	0	-1	-1	-1	0	0	True	True	True
9624	12	38	2	D	0	3	4	4	1	True	3.0	-1	76	76	134	76a	401	1/8	False	2	False				False	250	1	I\\	C	IV		I		I					M	False	False	(0, 4, 1)	()	0	0	major	major	IV	IV, major	I		IV	IV	False	I	I, major		I, major		I	0	-1	-1	2	3	3	False	False	False
9624	12	50	2	D	0	3	4	3	1	True	3.0	-1	76	76	134	76a	401	1/8	False	3	False				False	250	1	I\\	C	IV		I		I					M	False	False	(0, 4, 1)	()	0	0	major	major	IV	IV, major	I		IV	IV	False	I	I, major		I, major		I	0	-1	-1	2	3	3	False	False	False
9636	12	41	-1	F	0	3	4	4	1	True	3.5	-1	76	76	134	76a	803/2	1/8	False	2	False				False	250	1	I\\	C	IV		I		I					M	False	False	(0, 4, 1)	()	0	0	major	major	IV	IV, major	I		IV	IV	False	I	I, major		I, major		I	0	-1	-1	-1	0	0	True	True	True
9636	12	53	-1	F	0	3	4	3	1	True	3.5	-1	76	76	134	76a	803/2	1/8	False	3	False				False	250	1	I\\	C	IV		I		I					M	False	False	(0, 4, 1)	()	0	0	major	major	IV	IV, major	I		IV	IV	False	I	I, major		I, major		I	0	-1	-1	-1	0	0	True	True	True
9648	24	43	1	G	0	3	4	4	1	True	1.0	-1	77	77	135	77a	402	1/4	False	2	True				False	251		I.V7	C	I		V7		V		7			Mm7	False	False	(1, 5, 2, -1)	()	1	1	major	major	I	I, major	V		I	I	False	V7	V7, major		V7, major		V	0	0	0	1	1	1	True	True	True
9648	24	55	1	G	0	3	4	3	1	True	1.0	-1	77	77	135	77a	402	1/4	False	3	True				False	251		I.V7	C	I		V7		V		7			Mm7	False	False	(1, 5, 2, -1)	()	1	1	major	major	I	I, major	V		I	I	False	V7	V7, major		V7, major		V	0	0	0	1	1	1	True	True	True
9660	12	65	-1	F	0	3	4	2	1	True	1.5	-1	77	77	135	77a	805/2	1/8	False	4	False				False	251		I.V7	C	I		V7		V		7			Mm7	False	False	(1, 5, 2, -1)	()	1	1	major	major	I	I, major	V		I	I	False	V7	V7, major		V7, major		V	0	0	0	-1	-1	-1	True	False	False
9672	12	62	2	D	0	3	4	2	1	True	2.0	-1	77	77	135	77a	403	1/8	False	4	False				False	251		I.V7	C	I		V7		V		7			Mm7	False	False	(1, 5, 2, -1)	()	1	1	major	major	I	I, major	V		I	I	False	V7	V7, major		V7, major		V	0	0	0	2	2	2	True	False	False
9684	12	65	-1	F	0	3	4	2	1	True	2.5	-1	77	77	135	77a	807/2	1/8	False	4	False				False	251		I.V7	C	I		V7		V		7			Mm7	False	False	(1, 5, 2, -1)	()	1	1	major	major	I	I, major	V		I	I	False	V7	V7, major		V7, major		V	0	0	0	-1	-1	-1	True	False	False
9696	24	67	1	G	0	3	4	2	1	True	3.0	-1	77	77	135	77a	404	1/4	False	4	False				False	251		I.V7	C	I		V7		V		7			Mm7	False	False	(1, 5, 2, -1)	()	1	1	major	major	I	I, major	V		I	I	False	V7	V7, major		V7, major		V	0	0	0	1	1	1	True	True	True
9720	72	65	-1	F	0	3	4	3	1	True	1.0	-1	78	78	136	78a	405	3/4	False	4	True				False	252		V2	C	I		V2		V		2			Mm7	False	False	(-1, 1, 5, 2)	()	1	-1	major	major	I	I, major	V		I	I	False	V2	V2, major		V2, major		V	0	0	0	-1	-1	-1	True	False	True
9720	72	67	1	G	0	3	4	2	1	False	1.0	-1	78	78	136	78a	405	3/4	False	4	True				False	252		V2	C	I		V2		V		2			Mm7	False	False	(-1, 1, 5, 2)	()	1	-1	major	major	I	I, major	V		I	I	False	V2	V2, major		V2, major		V	0	0	0	1	1	1	True	True	False
9792	48	48	0	C	0	3	4	4	1	True	1.0	0	79	79	137	79a	408	1/2	True	3	True				False	253		i.i	C	i		i		i					m	False	True	(0, -3, 1)	()	0	0	major	minor	i	i, major	i		i	i	True	i	i, minor		i, minor		i	0	0	0	0	0	0	True	True	True
9816	24	63	-3	E	-1	3	4	3	1	True	2.0	0	79	79	137	79a	409	1/4	False	4	False				False	253		i.i	C	i		i		i					m	False	True	(0, -3, 1)	()	0	0	major	minor	i	i, major	i		i	i	True	i	i, minor		i, minor		i	0	0	0	-3	-3	-3	True	False	False
9816	24	67	1	G	0	3	4	2	1	True	2.0	0	79	79	137	79a	409	1/4	False	4	False				False	253		i.i	C	i		i		i					m	False	True	(0, -3, 1)	()	0	0	major	minor	i	i, major	i		i	i	True	i	i, minor		i, minor		i	0	0	0	1	1	1	True	False	False
9816	24	72	0	C	0	3	4	1	1	True	2.0	0	79	79	137	79a	409	1/4	False	5	False				False	253		i.i	C	i		i		i					m	False	True	(0, -3, 1)	()	0	0	major	minor	i	i, major	i		i	i	True	i	i, minor		i, minor		i	0	0	0	0	0	0	True	True	True
9840	6	47	5	B	0	3	4	4	1	True	3.0	0	79	79	137	79a	410	1/16	False	2	False				False	253		i.i	C	i		i		i					m	False	True	(0, -3, 1)	()	0	0	major	minor	i	i, major	i		i	i	True	i	i, minor		i, minor		i	0	0	0	5	5	5	False	False	False
9840	24	63	-3	E	-1	3	4	3	1	True	3.0	0	79	79	137	79a	410	1/4	False	4	False				False	253		i.i	C	i		i		i					m	False	True	(0, -3, 1)	()	0	0	major	minor	i	i, major	i		i	i	True	i	i, minor		i, minor		i	0	0	0	-3	-3	-3	True	False	False
9840	24	67	1	G	0	3	4	2	1	True	3.0	0	79	79	137	79a	410	1/4	False	4	False				False	253		i.i	C	i		i		i					m	False	True	(0, -3, 1)	()	0	0	major	minor	i	i, major	i		i	i	True	i	i, minor		i, minor		i	0	0	0	1	1	1	True	False	False
9840	24	72	0	C	0	3	4	1	1	True	3.0	0	79	79	137	79a	410	1/4	False	5	False				False	253		i.i	C	i		i		i					m	False	True	(0, -3, 1)	()	0	0	major	minor	i	i, major	i		i	i	True	i	i, minor		i, minor		i	0	0	0	0	0	0	True	True	True
9846	6	48	0	C	0	3	4	4	1	True	3.25	0	79	79	137	79a	1641/4	1/16	False	3	False				False	253		i.i	C	i		i		i					m	False	True	(0, -3, 1)	()	0	0	major	minor	i	i, major	i		i	i	True	i	i, minor		i, minor		i	0	0	0	0	0	0	True	True	True
9852	6	50	2	D	0	3	4	4	1	True	3.5	0	79	79	137	79a	821/2	1/16	False	3	False				False	253		i.i	C	i		i		i					m	False	True	(0, -3, 1)	()	0	0	major	minor	i	i, major	i		i	i	True	i	i, minor		i, minor		i	0	0	0	2	2	2	False	False	False
9858	6	51	-3	E	-1	3	4	4	1	True	3.75	0	79	79	137	79a	1643/4	1/16	False	3	False				False	253		i.i	C	i		i		i					m	False	True	(0, -3, 1)	()	0	0	major	minor	i	i, major	i		i	i	True	i	i, minor		i, minor		i	0	0	0	-3	-3	-3	True	False	False
9864	48	53	-1	F	0	3	4	4	1	True	1.0	0	80	80	138	80a	411	1/2	False	3	True				False	254		iv	C	i		iv		iv					m	False	True	(-1, -4, 0)	()	-1	-1	major	minor	i	i, major	iv		i	i	True	iv	iv, minor		iv, minor		iv	0	0	0	-1	-1	-1	True	True	True
9864	24	60	0	C	0	3	4	3	1	True	1.0	0	80	80	138	80a	411	1/4	False	4	True				False	254		iv	C	i		iv		iv					m	False	True	(-1, -4, 0)	()	-1	-1	major	minor	i	i, major	iv		i	i	True	iv	iv, minor		iv, minor		iv	0	0	0	0	0	0	True	False	False
9864	24	68	-4	A	-1	3	4	2	1	True	1.0	0	80	80	138	80a	411	1/4	False	4	True				False	254		iv	C	i		iv		iv					m	False	True	(-1, -4, 0)	()	-1	-1	major	minor	i	i, major	iv		i	i	True	iv	iv, minor		iv, minor		iv	0	0	0	-4	-4	-4	True	False	False
9864	24	72	0	C	0	3	4	1	1	False	1.0	0	80	80	138	80a	411	1/4	False	5	True				False	254		iv	C	i		iv		iv					m	False	True	(-1, -4, 0)	()	-1	-1	major	minor	i	i, major	iv		i	i	True	iv	iv, minor		iv, minor		iv	0	0	0	0	0	0	True	False	False
9888	24	65	-1	F	0	3	4	3	1	True	2.0	0	80	80	138	80a	412	1/4	False	4	False				False	254		iv	C	i		iv		iv					m	False	True	(-1, -4, 0)	()	-1	-1	major	minor	i	i, major	iv		i	i	True	iv	iv, minor		iv, minor		iv	0	0	0	-1	-1	-1	True	True	True
9888	24	68	-4	A	-1	3	4	2	1	True	2.0	0	80	80	138	80a	412	1/4	False	4	False				False	254		iv	C	i		iv		iv					m	False	True	(-1, -4, 0)	()	-1	-1	major	minor	i	i, major	iv		i	i	True	iv	iv, minor		iv, minor		iv	0	0	0	-4	-4	-4	True	False	False
9888	24	72	0	C	0	3	4	1	1	True	2.0	0	80	80	138	80a	412	1/4	False	5	False				False	254		iv	C	i		iv		iv					m	False	True	(-1, -4, 0)	()	-1	-1	major	minor	i	i, major	iv		i	i	True	iv	iv, minor		iv, minor		iv	0	0	0	0	0	0	True	False	False
9912	6	52	4	E	0	3	4	4	1	True	3.0	0	80	80	138	80a	413	1/16	False	3	False				False	254		iv	C	i		iv		iv					m	False	True	(-1, -4, 0)	()	-1	-1	major	minor	i	i, major	iv		i	i	True	iv	iv, minor		iv, minor		iv	0	0	0	4	4	4	False	False	False
9912	24	65	-1	F	0	3	4	3	1	True	3.0	0	80	80	138	80a	413	1/4	False	4	False				False	254		iv	C	i		iv		iv					m	False	True	(-1, -4, 0)	()	-1	-1	major	minor	i	i, major	iv		i	i	True	iv	iv, minor		iv, minor		iv	0	0	0	-1	-1	-1	True	True	True
9912	24	68	-4	A	-1	3	4	2	1	True	3.0	0	80	80	138	80a	413	1/4	False	4	False				False	254		iv	C	i		iv		iv					m	False	True	(-1, -4, 0)	()	-1	-1	major	minor	i	i, major	iv		i	i	True	iv	iv, minor		iv, minor		iv	0	0	0	-4	-4	-4	True	False	False
9912	24	72	0	C	0	3	4	1	1	True	3.0	0	80	80	138	80a	413	1/4	False	5	False				False	254		iv	C	i		iv		iv					m	False	True	(-1, -4, 0)	()	-1	-1	major	minor	i	i, major	iv		i	i	True	iv	iv, minor		iv, minor		iv	0	0	0	0	0	0	True	False	False
9918	6	53	-1	F	0	3	4	4	1	True	3.25	0	80	80	138	80a	1653/4	1/16	False	3	False				False	254		iv	C	i		iv		iv					m	False	True	(-1, -4, 0)	()	-1	-1	major	minor	i	i, major	iv		i	i	True	iv	iv, minor		iv, minor		iv	0	0	0	-1	-1	-1	True	True	True
9924	6	55	1	G	0	3	4	4	1	True	3.5	0	80	80	138	80a	827/2	1/16	False	3	False				False	254		iv	C	i		iv		iv					m	False	True	(-1, -4, 0)	()	-1	-1	major	minor	i	i, major	iv		i	i	True	iv	iv, minor		iv, minor		iv	0	0	0	1	1	1	False	False	False
9930	6	56	-4	A	-1	3	4	4	1	True	3.75	0	80	80	138	80a	1655/4	1/16	False	3	False				False	254		iv	C	i		iv		iv					m	False	True	(-1, -4, 0)	()	-1	-1	major	minor	i	i, major	iv		i	i	True	iv	iv, minor		iv, minor		iv	0	0	0	-4	-4	-4	True	False	False
9936	48	50	2	D	0	3	4	4	1	True	1.0	0	81	81	139	81a	414	1/2	False	3	True				False	255		V65(2)/III	C	i		V65(2)/III		V		65	2	III	Mm7	False	True	(2, -1, -4, 0)	()	-2	2	major	minor	i	i, major	V/III	III	III/i	bIII	False	V65/III	V65/III, minor		V65(2)/III, minor	III	III	0	0	-3	2	2	5	True	False	True
9936	24	65	-1	F	0	3	4	3	1	False	1.0	0	81	81	139	81a	414	1/4	False	4	True				False	255		V65(2)/III	C	i		V65(2)/III		V		65	2	III	Mm7	False	True	(2, -1, -4, 0)	()	-2	2	major	minor	i	i, major	V/III	III	III/i	bIII	False	V65/III	V65/III, minor		V65(2)/III, minor	III	III	0	0	-3	-1	-1	2	True	False	False
9936	24	68	-4	A	-1	3	4	2	1	False	1.0	0	81	81	139	81a	414	1/4	False	4	True				False	255		V65(2)/III	C	i		V65(2)/III		V		65	2	III	Mm7	False	True	(2, -1, -4, 0)	()	-2	2	major	minor	i	i, major	V/III	III	III/i	bIII	False	V65/III	V65/III, minor		V65(2)/III, minor	III	III	0	0	-3	-4	-4	-1	True	False	False
9936	24	72	0	C	0	3	4	1	1	False	1.0	0	81	81	139	81a	414	1/4	False	5	True				False	255		V65(2)/III	C	i		V65(2)/III		V		65	2	III	Mm7	False	True	(2, -1, -4, 0)	()	-2	2	major	minor	i	i, major	V/III	III	III/i	bIII	False	V65/III	V65/III, minor		V65(2)/III, minor	III	III	0	0	-3	0	0	3	True	False	False
9960	24	65	-1	F	0	3	4	3	1	True	2.0	0	81	81	139	81a	415	1/4	False	4	True				False	256		V65/III	C	i		V65/III		V		65		III	Mm7	False	True	(2, -1, -4, -2)	()	-2	2	major	minor	i	i, major	V/III	III	III/i	bIII	False	V65/III	V65/III, minor		V65/III, minor	III	III	0	0	-3	-1	-1	2	True	False	False
9960	24	68	-4	A	-1	3	4	2	1	True	2.0	0	81	81	139	81a	415	1/4	False	4	True				False	256		V65/III	C	i		V65/III		V		65		III	Mm7	False	True	(2, -1, -4, -2)	()	-2	2	major	minor	i	i, major	V/III	III	III/i	bIII	False	V65/III	V65/III, minor		V65/III, minor	III	III	0	0	-3	-4	-4	-1	True	False	False
9960	24	70	-2	B	-1	3	4	1	1	True	2.0	0	81	81	139	81a	415	1/4	False	4	True				False	256		V65/III	C	i		V65/III		V		65		III	Mm7	False	True	(2, -1, -4, -2)	()	-2	2	major	minor	i	i, major	V/III	III	III/i	bIII	False	V65/III	V65/III, minor		V65/III, minor	III	III	0	0	-3	-2	-2	1	True	True	False
9984	6	49	7	C	1	3	4	4	1	True	3.0	0	81	81	139	81a	416	1/16	False	3	False				False	256		V65/III	C	i		V65/III		V		65		III	Mm7	False	True	(2, -1, -4, -2)	()	-2	2	major	minor	i	i, major	V/III	III	III/i	bIII	False	V65/III	V65/III, minor		V65/III, minor	III	III	0	0	-3	7	7	10	False	False	False
9984	24	56	-4	A	-1	3	4	3	1	True	3.0	0	81	81	139	81a	416	1/4	False	3	False				False	256		V65/III	C	i		V65/III		V		65		III	Mm7	False	True	(2, -1, -4, -2)	()	-2	2	major	minor	i	i, major	V/III	III	III/i	bIII	False	V65/III	V65/III, minor		V65/III, minor	III	III	0	0	-3	-4	-4	-1	True	False	False
9984	24	65	-1	F	0	3	4	2	1	True	3.0	0	81	81	139	81a	416	1/4	False	4	False				False	256		V65/III	C	i		V65/III		V		65		III	Mm7	False	True	(2, -1, -4, -2)	()	-2	2	major	minor	i	i, major	V/III	III	III/i	bIII	False	V65/III	V65/III, minor		V65/III, minor	III	III	0	0	-3	-1	-1	2	True	False	False
9984	24	70	-2	B	-1	3	4	1	1	True	3.0	0	81	81	139	81a	416	1/4	False	4	False				False	256		V65/III	C	i		V65/III		V		65		III	Mm7	False	True	(2, -1, -4, -2)	()	-2	2	major	minor	i	i, major	V/III	III	III/i	bIII	False	V65/III	V65/III, minor		V65/III, minor	III	III	0	0	-3	-2	-2	1	True	True	False
9990	6	50	2	D	0	3	4	4	1	True	3.25	0	81	81	139	81a	1665/4	1/16	False	3	False				False	256		V65/III	C	i		V65/III		V		65		III	Mm7	False	True	(2, -1, -4, -2)	()	-2	2	major	minor	i	i, major	V/III	III	III/i	bIII	False	V65/III	V65/III, minor		V65/III, minor	III	III	0	0	-3	2	2	5	True	False	True
9996	6	52	4	E	0	3	4	4	1	True	3.5	0	81	81	139	81a	833/2	1/16	False	3	False				False	256		V65/III	C	i		V65/III		V		65		III	Mm7	False	True	(2, -1, -4, -2)	()	-2	2	major	minor	i	i, major	V/III	III	III/i	bIII	False	V65/III	V65/III, minor		V65/III, minor	III	III	0	0	-3	4	4	7	False	False	False
10002	6	53	-1	F	0	3	4	4	1	True	3.75	0	81	81	139	81a	1667/4	1/16	False	3	False				False	256		V65/III	C	i		V65/III		V		65		III	Mm7	False	True	(2, -1, -4, -2)	()	-2	2	major	minor	i	i, major	V/III	III	III/i	bIII	False	V65/III	V65/III, minor		V65/III, minor	III	III	0	0	-3	-1	-1	2	True	False	False
10008	24	46	-2	B	-1	3	4	4	1	True	1.0	0	82	82	140	82a	417	1/4	False	2	True				False	257		V7/III	C	i		V7/III		V		7		III	Mm7	False	True	(-2, 2, -1, -4)	()	-2	-2	major	minor	i	i, major	V/III	III	III/i	bIII	False	V7/III	V7/III, minor		V7/III, minor	III	III	0	0	-3	-2	-2	1	True	True	True
10008	24	56	-4	A	-1	3	4	3	1	False	1.0	0	82	82	140	82a	417	1/4	False	3	True				False	257		V7/III	C	i		V7/III		V		7		III	Mm7	False	True	(-2, 2, -1, -4)	()	-2	-2	major	minor	i	i, major	V/III	III	III/i	bIII	False	V7/III	V7/III, minor		V7/III, minor	III	III	0	0	-3	-4	-4	-1	True	False	False
10008	24	58	-2	B	-1	3	4	2	1	True	1.0	0	82	82	140	82a	417	1/4	False	3	True				False	257		V7/III	C	i		V7/III		V		7		III	Mm7	False	True	(-2, 2, -1, -4)	()	-2	-2	major	minor	i	i, major	V/III	III	III/i	bIII	False	V7/III	V7/III, minor		V7/III, minor	III	III	0	0	-3	-2	-2	1	True	True	True
10008	24	70	-2	B	-1	3	4	1	1	False	1.0	0	82	82	140	82a	417	1/4	False	4	True				False	257		V7/III	C	i		V7/III		V		7		III	Mm7	False	True	(-2, 2, -1, -4)	()	-2	-2	major	minor	i	i, major	V/III	III	III/i	bIII	False	V7/III	V7/III, minor		V7/III, minor	III	III	0	0	-3	-2	-2	1	True	True	True
10032	6	55	1	G	0	3	4	3	1	True	2.0	0	82	82	140	82a	418	1/16	False	3	False				False	257		V7/III	C	i		V7/III		V		7		III	Mm7	False	True	(-2, 2, -1, -4)	()	-2	-2	major	minor	i	i, major	V/III	III	III/i	bIII	False	V7/III	V7/III, minor		V7/III, minor	III	III	0	0	-3	1	1	4	False	False	False
10032	6	60	0	C	0	3	4	2	1	True	2.0	0	82	82	140	82a	418	1/16	False	4	False				False	257		V7/III	C	i		V7/III		V		7		III	Mm7	False	True	(-2, 2, -1, -4)	()	-2	-2	major	minor	i	i, major	V/III	III	III/i	bIII	False	V7/III	V7/III, minor		V7/III, minor	III	III	0	0	-3	0	0	3	False	False	False
10032	24	70	-2	B	-1	3	4	1	1	True	2.0	0	82	82	140	82a	418	1/4	False	4	False				False	257		V7/III	C	i		V7/III		V		7		III	Mm7	False	True	(-2, 2, -1, -4)	()	-2	-2	major	minor	i	i, major	V/III	III	III/i	bIII	False	V7/III	V7/III, minor		V7/III, minor	III	III	0	0	-3	-2	-2	1	True	True	True
10038	6	53	-1	F	0	3	4	3	1	True	2.25	0	82	82	140	82a	1673/4	1/16	False	3	False				False	257		V7/III	C	i		V7/III		V		7		III	Mm7	False	True	(-2, 2, -1, -4)	()	-2	-2	major	minor	i	i, major	V/III	III	III/i	bIII	False	V7/III	V7/III, minor		V7/III, minor	III	III	0	0	-3	-1	-1	2	True	False	False
10038	6	62	2	D	0	3	4	2	1	True	2.25	0	82	82	140	82a	1673/4	1/16	False	4	False				False	257		V7/III	C	i		V7/III		V		7		III	Mm7	False	True	(-2, 2, -1, -4)	()	-2	-2	major	minor	i	i, major	V/III	III	III/i	bIII	False	V7/III	V7/III, minor		V7/III, minor	III	III	0	0	-3	2	2	5	True	False	False
10044	6	51	-3	E	-1	3	4	3	1	True	2.5	0	82	82	140	82a	837/2	1/16	False	3	False				False	257		V7/III	C	i		V7/III		V		7		III	Mm7	False	True	(-2, 2, -1, -4)	()	-2	-2	major	minor	i	i, major	V/III	III	III/i	bIII	False	V7/III	V7/III, minor		V7/III, minor	III	III	0	0	-3	-3	-3	0	False	False	False
10044	6	63	-3	E	-1	3	4	2	1	True	2.5	0	82	82	140	82a	837/2	1/16	False	4	False				False	257		V7/III	C	i		V7/III		V		7		III	Mm7	False	True	(-2, 2, -1, -4)	()	-2	-2	major	minor	i	i, major	V/III	III	III/i	bIII	False	V7/III	V7/III, minor		V7/III, minor	III	III	0	0	-3	-3	-3	0	False	False	False
10050	6	50	2	D	0	3	4	3	1	True	2.75	0	82	82	140	82a	1675/4	1/16	False	3	False				False	257		V7/III	C	i		V7/III		V		7		III	Mm7	False	True	(-2, 2, -1, -4)	()	-2	-2	major	minor	i	i, major	V/III	III	III/i	bIII	False	V7/III	V7/III, minor		V7/III, minor	III	III	0	0	-3	2	2	5	True	False	False
10050	6	65	-1	F	0	3	4	2	1	True	2.75	0	82	82	140	82a	1675/4	1/16	False	4	False				False	257		V7/III	C	i		V7/III		V		7		III	Mm7	False	True	(-2, 2, -1, -4)	()	-2	-2	major	minor	i	i, major	V/III	III	III/i	bIII	False	V7/III	V7/III, minor		V7/III, minor	III	III	0	0	-3	-1	-1	2	True	False	False
10056	6	72	0	C	0	3	4	1	1	True	3.0	0	82	82	140	82a	419	1/16	False	5	False				False	257		V7/III	C	i		V7/III		V		7		III	Mm7	False	True	(-2, 2, -1, -4)	()	-2	-2	major	minor	i	i, major	V/III	III	III/i	bIII	False	V7/III	V7/III, minor		V7/III, minor	III	III	0	0	-3	0	0	3	False	False	False
10062	6	74	2	D	0	3	4	1	1	True	3.25	0	82	82	140	82a	1677/4	1/16	False	5	False				False	257		V7/III	C	i		V7/III		V		7		III	Mm7	False	True	(-2, 2, -1, -4)	()	-2	-2	major	minor	i	i, major	V/III	III	III/i	bIII	False	V7/III	V7/III, minor		V7/III, minor	III	III	0	0	-3	2	2	5	True	False	False
10068	6	75	-3	E	-1	3	4	1	1	True	3.5	0	82	82	140	82a	839/2	1/16	False	5	False				False	257		V7/III	C	i		V7/III		V		7		III	Mm7	False	True	(-2, 2, -1, -4)	()	-2	-2	major	minor	i	i, major	V/III	III	III/i	bIII	False	V7/III	V7/III, minor		V7/III, minor	III	III	0	0	-3	-3	-3	0	False	False	False
10074	6	77	-1	F	0	3	4	1	1	True	3.75	0	82	82	140	82a	1679/4	1/16	False	5	False				False	257		V7/III	C	i		V7/III		V		7		III	Mm7	False	True	(-2, 2, -1, -4)	()	-2	-2	major	minor	i	i, major	V/III	III	III/i	bIII	False	V7/III	V7/III, minor		V7/III, minor	III	III	0	0	-3	-1	-1	2	True	False	False
10080	48	51	-3	E	-1	3	4	4	1	True	1.0	0	83	83	141	83a	420	1/2	False	3	True				False	258		III	C	i		III		III					M	False	True	(-3, 1, -2)	()	-3	-3	major	minor	i	i, major	III		i	i	True	III	III, minor		III, minor		III	0	0	0	-3	-3	-3	True	True	True
10080	24	58	-2	B	-1	3	4	3	1	True	1.0	0	83	83	141	83a	420	1/4	False	3	True				False	258		III	C	i		III		III					M	False	True	(-3, 1, -2)	()	-3	-3	major	minor	i	i, major	III		i	i	True	III	III, minor		III, minor		III	0	0	0	-2	-2	-2	True	False	False
10080	24	75	-3	E	-1	3	4	2	1	True	1.0	0	83	83	141	83a	420	1/4	False	5	True				False	258		III	C	i		III		III					M	False	True	(-3, 1, -2)	()	-3	-3	major	minor	i	i, major	III		i	i	True	III	III, minor		III, minor		III	0	0	0	-3	-3	-3	True	True	True
10080	24	79	1	G	0	3	4	1	1	True	1.0	0	83	83	141	83a	420	1/4	False	5	True				False	258		III	C	i		III		III					M	False	True	(-3, 1, -2)	()	-3	-3	major	minor	i	i, major	III		i	i	True	III	III, minor		III, minor		III	0	0	0	1	1	1	True	False	False
10104	24	70	-2	B	-1	3	4	3	1	True	2.0	0	83	83	141	83a	421	1/4	False	4	False				False	258		III	C	i		III		III					M	False	True	(-3, 1, -2)	()	-3	-3	major	minor	i	i, major	III		i	i	True	III	III, minor		III, minor		III	0	0	0	-2	-2	-2	True	False	False
10104	24	75	-3	E	-1	3	4	2	1	True	2.0	0	83	83	141	83a	421	1/4	False	5	False				False	258		III	C	i		III		III					M	False	True	(-3, 1, -2)	()	-3	-3	major	minor	i	i, major	III		i	i	True	III	III, minor		III, minor		III	0	0	0	-3	-3	-3	True	True	True
10104	24	79	1	G	0	3	4	1	1	True	2.0	0	83	83	141	83a	421	1/4	False	5	False				False	258		III	C	i		III		III					M	False	True	(-3, 1, -2)	()	-3	-3	major	minor	i	i, major	III		i	i	True	III	III, minor		III, minor		III	0	0	0	1	1	1	True	False	False
10128	6	50	2	D	0	3	4	4	1	True	3.0	0	83	83	141	83a	422	1/16	False	3	False				False	258		III	C	i		III		III					M	False	True	(-3, 1, -2)	()	-3	-3	major	minor	i	i, major	III		i	i	True	III	III, minor		III, minor		III	0	0	0	2	2	2	False	False	False
10128	24	70	-2	B	-1	3	4	3	1	True	3.0	0	83	83	141	83a	422	1/4	False	4	False				False	258		III	C	i		III		III					M	False	True	(-3, 1, -2)	()	-3	-3	major	minor	i	i, major	III		i	i	True	III	III, minor		III, minor		III	0	0	0	-2	-2	-2	True	False	False
10128	24	75	-3	E	-1	3	4	2	1	True	3.0	0	83	83	141	83a	422	1/4	False	5	False				False	258		III	C	i		III		III					M	False	True	(-3, 1, -2)	()	-3	-3	major	minor	i	i, major	III		i	i	True	III	III, minor		III, minor		III	0	0	0	-3	-3	-3	True	True	True
10128	24	79	1	G	0	3	4	1	1	True	3.0	0	83	83	141	83a	422	1/4	False	5	False				False	258		III	C	i		III		III					M	False	True	(-3, 1, -2)	()	-3	-3	major	minor	i	i, major	III		i	i	True	III	III, minor		III, minor		III	0	0	0	1	1	1	True	False	False
10134	6	51	-3	E	-1	3	4	4	1	True	3.25	0	83	83	141	83a	1689/4	1/16	False	3	False				False	258		III	C	i		III		III					M	False	True	(-3, 1, -2)	()	-3	-3	major	minor	i	i, major	III		i	i	True	III	III, minor		III, minor		III	0	0	0	-3	-3	-3	True	True	True
10140	6	53	-1	F	0	3	4	4	1	True	3.5	0	83	83	141	83a	845/2	1/16	False	3	False				False	258		III	C	i		III		III					M	False	True	(-3, 1, -2)	()	-3	-3	major	minor	i	i, major	III		i	i	True	III	III, minor		III, minor		III	0	0	0	-1	-1	-1	False	False	False
10146	6	55	1	G	0	3	4	4	1	True	3.75	0	83	83	141	83a	1691/4	1/16	False	3	False				False	258		III	C	i		III		III					M	False	True	(-3, 1, -2)	()	-3	-3	major	minor	i	i, major	III		i	i	True	III	III, minor		III, minor		III	0	0	0	1	1	1	True	False	False
10152	48	56	-4	A	-1	3	4	4	1	True	1.0	0	84	84	142	84a	423	1/2	False	3	True				False	259		VI(7)	C	i		VI(7)		VI			7		M	False	True	(-4, 0, -3)	(1,)	-4	-4	major	minor	i	i, major	VI		i	i	True	VI	VI, minor		VI(7), minor		VI	0	0	0	-4	-4	-4	True	True	True
10152	24	72	0	C	0	3	4	3	1	True	1.0	0	84	84	142	84a	423	1/4	False	5	True				False	259		VI(7)	C	i		VI(7)		VI			7		M	False	True	(-4, 0, -3)	(1,)	-4	-4	major	minor	i	i, major	VI		i	i	True	VI	VI, minor		VI(7), minor		VI	0	0	0	0	0	0	True	False	False
10152	24	75	-3	E	-1	3	4	2	1	False	1.0	0	84	84	142	84a	423	1/4	False	5	True				False	259		VI(7)	C	i		VI(7)		VI			7		M	False	True	(-4, 0, -3)	(1,)	-4	-4	major	minor	i	i, major	VI		i	i	True	VI	VI, minor		VI(7), minor		VI	0	0	0	-3	-3	-3	True	False	False
10152	24	79	1	G	0	3	4	1	1	False	1.0	0	84	84	142	84a	423	1/4	False	5	True				False	259		VI(7)	C	i		VI(7)		VI			7		M	False	True	(-4, 0, -3)	(1,)	-4	-4	major	minor	i	i, major	VI		i	i	True	VI	VI, minor		VI(7), minor		VI	0	0	0	1	1	1	False	False	False
10176	24	72	0	C	0	3	4	3	1	True	2.0	0	84	84	142	84a	424	1/4	False	5	True				False	260		VI	C	i		VI		VI					M	False	True	(-4, 0, -3)	()	-4	-4	major	minor	i	i, major	VI		i	i	True	VI	VI, minor		VI, minor		VI	0	0	0	0	0	0	True	False	False
10176	24	75	-3	E	-1	3	4	2	1	True	2.0	0	84	84	142	84a	424	1/4	False	5	True				False	260		VI	C	i		VI		VI					M	False	True	(-4, 0, -3)	()	-4	-4	major	minor	i	i, major	VI		i	i	True	VI	VI, minor		VI, minor		VI	0	0	0	-3	-3	-3	True	False	False
10176	24	80	-4	A	-1	3	4	1	1	True	2.0	0	84	84	142	84a	424	1/4	False	5	True				False	260		VI	C	i		VI		VI					M	False	True	(-4, 0, -3)	()	-4	-4	major	minor	i	i, major	VI		i	i	True	VI	VI, minor		VI, minor		VI	0	0	0	-4	-4	-4	True	True	True
10200	6	55	1	G	0	3	4	4	1	True	3.0	0	84	84	142	84a	425	1/16	False	3	False				False	260		VI	C	i		VI		VI					M	False	True	(-4, 0, -3)	()	-4	-4	major	minor	i	i, major	VI		i	i	True	VI	VI, minor		VI, minor		VI	0	0	0	1	1	1	False	False	False
10200	24	72	0	C	0	3	4	3	1	True	3.0	0	84	84	142	84a	425	1/4	False	5	False				False	260		VI	C	i		VI		VI					M	False	True	(-4, 0, -3)	()	-4	-4	major	minor	i	i, major	VI		i	i	True	VI	VI, minor		VI, minor		VI	0	0	0	0	0	0	True	False	False
10200	24	75	-3	E	-1	3	4	2	1	True	3.0	0	84	84	142	84a	425	1/4	False	5	False				False	260		VI	C	i		VI		VI					M	False	True	(-4, 0, -3)	()	-4	-4	major	minor	i	i, major	VI		i	i	True	VI	VI, minor		VI, minor		VI	0	0	0	-3	-3	-3	True	False	False
10200	24	80	-4	A	-1	3	4	1	1	True	3.0	0	84	84	142	84a	425	1/4	False	5	False				False	260		VI	C	i		VI		VI					M	False	True	(-4, 0, -3)	()	-4	-4	major	minor	i	i, major	VI		i	i	True	VI	VI, minor		VI, minor		VI	0	0	0	-4	-4	-4	True	True	True
10206	6	56	-4	A	-1	3	4	4	1	True	3.25	0	84	84	142	84a	1701/4	1/16	False	3	False				False	260		VI	C	i		VI		VI					M	False	True	(-4, 0, -3)	()	-4	-4	major	minor	i	i, major	VI		i	i	True	VI	VI, minor		VI, minor		VI	0	0	0	-4	-4	-4	True	True	True
10212	6	58	-2	B	-1	3	4	4	1	True	3.5	0	84	84	142	84a	851/2	1/16	False	3	False				False	260		VI	C	i		VI		VI					M	False	True	(-4, 0, -3)	()	-4	-4	major	minor	i	i, major	VI		i	i	True	VI	VI, minor		VI, minor		VI	0	0	0	-2	-2	-2	False	False	False
10218	6	60	0	C	0	3	4	4	1	True	3.75	0	84	84	142	84a	1703/4	1/16	False	4	False				False	260		VI	C	i		VI		VI					M	False	True	(-4, 0, -3)	()	-4	-4	major	minor	i	i, major	VI		i	i	True	VI	VI, minor		VI, minor		VI	0	0	0	0	0	0	True	False	False
10224	48	53	-1	F	0	3	4	4	1	True	1.0	0	85	85	143	85a	426	1/2	False	3	True				False	261		iv	C	i		iv		iv					m	False	True	(-1, -4, 0)	()	-1	-1	major	minor	i	i, major	iv		i	i	True	iv	iv, minor		iv, minor		iv	0	0	0	-1	-1	-1	True	True	True
10224	24	72	0	C	0	3	4	3	1	False	1.0	0	85	85	143	85a	426	1/4	False	5	True				False	261		iv	C	i		iv		iv					m	False	True	(-1, -4, 0)	()	-1	-1	major	minor	i	i, major	iv		i	i	True	iv	iv, minor		iv, minor		iv	0	0	0	0	0	0	True	False	False
10224	24	77	-1	F	0	3	4	2	1	True	1.0	0	85	85	143	85a	426	1/4	False	5	True				False	261		iv	C	i		iv		iv					m	False	True	(-1, -4, 0)	()	-1	-1	major	minor	i	i, major	iv		i	i	True	iv	iv, minor		iv, minor		iv	0	0	0	-1	-1	-1	True	True	True
10224	24	80	-4	A	-1	3	4	1	1	False	1.0	0	85	85	143	85a	426	1/4	False	5	True				False	261		iv	C	i		iv		iv					m	False	True	(-1, -4, 0)	()	-1	-1	major	minor	i	i, major	iv		i	i	True	iv	iv, minor		iv, minor		iv	0	0	0	-4	-4	-4	True	False	False
10248	24	72	0	C	0	3	4	3	1	True	2.0	0	85	85	143	85a	427	1/4	False	5	False				False	261		iv	C	i		iv		iv					m	False	True	(-1, -4, 0)	()	-1	-1	major	minor	i	i, major	iv		i	i	True	iv	iv, minor		iv, minor		iv	0	0	0	0	0	0	True	False	False
10248	24	77	-1	F	0	3	4	2	1	True	2.0	0	85	85	143	85a	427	1/4	False	5	False				False	261		iv	C	i		iv		iv					m	False	True	(-1, -4, 0)	()	-1	-1	major	minor	i	i, major	iv		i	i	True	iv	iv, minor		iv, minor		iv	0	0	0	-1	-1	-1	True	True	True
10248	24	80	-4	A	-1	3	4	1	1	True	2.0	0	85	85	143	85a	427	1/4	False	5	False				False	261		iv	C	i		iv		iv					m	False	True	(-1, -4, 0)	()	-1	-1	major	minor	i	i, major	iv		i	i	True	iv	iv, minor		iv, minor		iv	0	0	0	-4	-4	-4	True	False	False
10272	6	52	4	E	0	3	4	4	1	True	3.0	0	85	85	143	85a	428	1/16	False	3	False				False	261		iv	C	i		iv		iv					m	False	True	(-1, -4, 0)	()	-1	-1	major	minor	i	i, major	iv		i	i	True	iv	iv, minor		iv, minor		iv	0	0	0	4	4	4	False	False	False
10272	24	72	0	C	0	3	4	3	1	True	3.0	0	85	85	143	85a	428	1/4	False	5	False				False	261		iv	C	i		iv		iv					m	False	True	(-1, -4, 0)	()	-1	-1	major	minor	i	i, major	iv		i	i	True	iv	iv, minor		iv, minor		iv	0	0	0	0	0	0	True	False	False
10272	24	77	-1	F	0	3	4	2	1	True	3.0	0	85	85	143	85a	428	1/4	False	5	False				False	261		iv	C	i		iv		iv					m	False	True	(-1, -4, 0)	()	-1	-1	major	minor	i	i, major	iv		i	i	True	iv	iv, minor		iv, minor		iv	0	0	0	-1	-1	-1	True	True	True
10272	24	80	-4	A	-1	3	4	1	1	True	3.0	0	85	85	143	85a	428	1/4	False	5	False				False	261		iv	C	i		iv		iv					m	False	True	(-1, -4, 0)	()	-1	-1	major	minor	i	i, major	iv		i	i	True	iv	iv, minor		iv, minor		iv	0	0	0	-4	-4	-4	True	False	False
10278	6	53	-1	F	0	3	4	4	1	True	3.25	0	85	85	143	85a	1713/4	1/16	False	3	False				False	261		iv	C	i		iv		iv					m	False	True	(-1, -4, 0)	()	-1	-1	major	minor	i	i, major	iv		i	i	True	iv	iv, minor		iv, minor		iv	0	0	0	-1	-1	-1	True	True	True
10284	6	55	1	G	0	3	4	4	1	True	3.5	0	85	85	143	85a	857/2	1/16	False	3	False				False	261		iv	C	i		iv		iv					m	False	True	(-1, -4, 0)	()	-1	-1	major	minor	i	i, major	iv		i	i	True	iv	iv, minor		iv, minor		iv	0	0	0	1	1	1	False	False	False
10290	6	56	-4	A	-1	3	4	4	1	True	3.75	0	85	85	143	85a	1715/4	1/16	False	3	False				False	261		iv	C	i		iv		iv					m	False	True	(-1, -4, 0)	()	-1	-1	major	minor	i	i, major	iv		i	i	True	iv	iv, minor		iv, minor		iv	0	0	0	-4	-4	-4	True	False	False
10296	24	50	2	D	0	3	4	4	1	True	1.0	0	86	86	144	86a	429	1/4	False	3	True				False	262		iio	C	i		iio		ii	o				o	False	True	(2, -1, -4)	()	2	2	major	minor	i	i, major	ii		i	i	True	iio	iio, minor		iio, minor		ii	0	0	0	2	2	2	True	True	True
10296	24	71	5	B	0	3	4	3	1	True	1.0	0	86	86	144	86a	429	1/4	False	4	True				False	262		iio	C	i		iio		ii	o				o	False	True	(2, -1, -4)	()	2	2	major	minor	i	i, major	ii		i	i	True	iio	iio, minor		iio, minor		ii	0	0	0	5	5	5	False	False	False
10296	24	77	-1	F	0	3	4	2	1	False	1.0	0	86	86	144	86a	429	1/4	False	5	True				False	262		iio	C	i		iio		ii	o				o	False	True	(2, -1, -4)	()	2	2	major	minor	i	i, major	ii		i	i	True	iio	iio, minor		iio, minor		ii	0	0	0	-1	-1	-1	True	False	False
10296	24	80	-4	A	-1	3	4	1	1	False	1.0	0	86	86	144	86a	429	1/4	False	5	True				False	262		iio	C	i		iio		ii	o				o	False	True	(2, -1, -4)	()	2	2	major	minor	i	i, major	ii		i	i	True	iio	iio, minor		iio, minor		ii	0	0	0	-4	-4	-4	True	False	False
10320	6	76	4	E	0	3	4	1	1	True	2.0	0	86	86	144	86a	430	1/16	False	5	False				False	262		iio	C	i		iio		ii	o				o	False	True	(2, -1, -4)	()	2	2	major	minor	i	i, major	ii		i	i	True	iio	iio, minor		iio, minor		ii	0	0	0	4	4	4	False	False	False
10326	6	77	-1	F	0	3	4	1	1	True	2.25	0	86	86	144	86a	1721/4	1/16	False	5	False				False	262		iio	C	i		iio		ii	o				o	False	True	(2, -1, -4)	()	2	2	major	minor	i	i, major	ii		i	i	True	iio	iio, minor		iio, minor		ii	0	0	0	-1	-1	-1	True	False	False
10332	6	79	1	G	0	3	4	1	1	True	2.5	0	86	86	144	86a	861/2	1/16	False	5	False				False	262		iio	C	i		iio		ii	o				o	False	True	(2, -1, -4)	()	2	2	major	minor	i	i, major	ii		i	i	True	iio	iio, minor		iio, minor		ii	0	0	0	1	1	1	False	False	False
10338	6	80	-4	A	-1	3	4	1	1	True	2.75	0	86	86	144	86a	1723/4	1/16	False	5	False				False	262		iio	C	i		iio		ii	o				o	False	True	(2, -1, -4)	()	2	2	major	minor	i	i, major	ii		i	i	True	iio	iio, minor		iio, minor		ii	0	0	0	-4	-4	-4	True	False	False
10344	6	52	4	E	0	3	4	4	1	True	3.0	0	86	86	144	86a	431	1/16	False	3	False				False	262		iio	C	i		iio		ii	o				o	False	True	(2, -1, -4)	()	2	2	major	minor	i	i, major	ii		i	i	True	iio	iio, minor		iio, minor		ii	0	0	0	4	4	4	False	False	False
10344	12	74	2	D	0	3	4	1	1	True	3.0	0	86	86	144	86a	431	1/8	False	5	False				False	262		iio	C	i		iio		ii	o				o	False	True	(2, -1, -4)	()	2	2	major	minor	i	i, major	ii		i	i	True	iio	iio, minor		iio, minor		ii	0	0	0	2	2	2	True	True	True
10350	6	53	-1	F	0	3	4	4	1	True	3.25	0	86	86	144	86a	1725/4	1/16	False	3	False				False	262		iio	C	i		iio		ii	o				o	False	True	(2, -1, -4)	()	2	2	major	minor	i	i, major	ii		i	i	True	iio	iio, minor		iio, minor		ii	0	0	0	-1	-1	-1	True	False	False
10356	6	55	1	G	0	3	4	4	1	True	3.5	0	86	86	144	86a	863/2	1/16	False	3	False				False	262		iio	C	i		iio		ii	o				o	False	True	(2, -1, -4)	()	2	2	major	minor	i	i, major	ii		i	i	True	iio	iio, minor		iio, minor		ii	0	0	0	1	1	1	False	False	False
10362	6	56	-4	A	-1	3	4	4	1	True	3.75	0	86	86	144	86a	1727/4	1/16	False	3	False				False	262		iio	C	i		iio		ii	o				o	False	True	(2, -1, -4)	()	2	2	major	minor	i	i, major	ii		i	i	True	iio	iio, minor		iio, minor		ii	0	0	0	-4	-4	-4	True	False	False
10368	48	50	2	D	0	3	4	4	1	True	1.0	0	87	87	145	87a	432	1/2	False	3	False				False	262		iio	C	i		iio		ii	o				o	False	True	(2, -1, -4)	()	2	2	major	minor	i	i, major	ii		i	i	True	iio	iio, minor		iio, minor		ii	0	0	0	2	2	2	True	True	True
10392	24	56	-4	A	-1	3	4	3	1	True	2.0	0	87	87	145	87a	433	1/4	False	3	False				False	262		iio	C	i		iio		ii	o				o	False	True	(2, -1, -4)	()	2	2	major	minor	i	i, major	ii		i	i	True	iio	iio, minor		iio, minor		ii	0	0	0	-4	-4	-4	True	False	False
10392	24	62	2	D	0	3	4	2	1	True	2.0	0	87	87	145	87a	433	1/4	False	4	False				False	262		iio	C	i		iio		ii	o				o	False	True	(2, -1, -4)	()	2	2	major	minor	i	i, major	ii		i	i	True	iio	iio, minor		iio, minor		ii	0	0	0	2	2	2	True	True	True
10392	24	65	-1	F	0	3	4	1	1	True	2.0	0	87	87	145	87a	433	1/4	False	4	False				False	262		iio	C	i		iio		ii	o				o	False	True	(2, -1, -4)	()	2	2	major	minor	i	i, major	ii		i	i	True	iio	iio, minor		iio, minor		ii	0	0	0	-1	-1	-1	True	False	False
10416	6	49	7	C	1	3	4	4	1	True	3.0	0	87	87	145	87a	434	1/16	False	3	False				False	262		iio	C	i		iio		ii	o				o	False	True	(2, -1, -4)	()	2	2	major	minor	i	i, major	ii		i	i	True	iio	iio, minor		iio, minor		ii	0	0	0	7	7	7	False	False	False
10416	24	56	-4	A	-1	3	4	3	1	True	3.0	0	87	87	145	87a	434	1/4	False	3	False				False	262		iio	C	i		iio		ii	o				o	False	True	(2, -1, -4)	()	2	2	major	minor	i	i, major	ii		i	i	True	iio	iio, minor		iio, minor		ii	0	0	0	-4	-4	-4	True	False	False
10416	24	62	2	D	0	3	4	2	1	True	3.0	0	87	87	145	87a	434	1/4	False	4	False				False	262		iio	C	i		iio		ii	o				o	False	True	(2, -1, -4)	()	2	2	major	minor	i	i, major	ii		i	i	True	iio	iio, minor		iio, minor		ii	0	0	0	2	2	2	True	True	True
10416	24	65	-1	F	0	3	4	1	1	True	3.0	0	87	87	145	87a	434	1/4	False	4	False				False	262		iio	C	i		iio		ii	o				o	False	True	(2, -1, -4)	()	2	2	major	minor	i	i, major	ii		i	i	True	iio	iio, minor		iio, minor		ii	0	0	0	-1	-1	-1	True	False	False
10422	6	50	2	D	0	3	4	4	1	True	3.25	0	87	87	145	87a	1737/4	1/16	False	3	False				False	262		iio	C	i		iio		ii	o				o	False	True	(2, -1, -4)	()	2	2	major	minor	i	i, major	ii		i	i	True	iio	iio, minor		iio, minor		ii	0	0	0	2	2	2	True	True	True
10428	6	52	4	E	0	3	4	4	1	True	3.5	0	87	87	145	87a	869/2	1/16	False	3	False				False	262		iio	C	i		iio		ii	o				o	False	True	(2, -1, -4)	()	2	2	major	minor	i	i, major	ii		i	i	True	iio	iio, minor		iio, minor		ii	0	0	0	4	4	4	False	False	False
10434	6	53	-1	F	0	3	4	4	1	True	3.75	0	87	87	145	87a	1739/4	1/16	False	3	False				False	262		iio	C	i		iio		ii	o				o	False	True	(2, -1, -4)	()	2	2	major	minor	i	i, major	ii		i	i	True	iio	iio, minor		iio, minor		ii	0	0	0	-1	-1	-1	True	False	False
10440	24	47	5	B	0	3	4	4	1	True	1.0	0	88	88	146	88a	435	1/4	False	2	True				False	263		#viio7	C	i		#viio7		#vii	o	7			o7	False	True	(5, 2, -1, -4)	()	5	5	major	minor	i	i, major	#vii		i	i	True	#viio7	#viio7, minor		#viio7, minor		#vii	0	0	0	5	5	5	True	True	True
10440	24	56	-4	A	-1	3	4	3	1	False	1.0	0	88	88	146	88a	435	1/4	False	3	True				False	263		#viio7	C	i		#viio7		#vii	o	7			o7	False	True	(5, 2, -1, -4)	()	5	5	major	minor	i	i, major	#vii		i	i	True	#viio7	#viio7, minor		#viio7, minor		#vii	0	0	0	-4	-4	-4	True	False	False
10440	24	62	2	D	0	3	4	2	1	False	1.0	0	88	88	146	88a	435	1/4	False	4	True				False	263		#viio7	C	i		#viio7		#vii	o	7			o7	False	True	(5, 2, -1, -4)	()	5	5	major	minor	i	i, major	#vii		i	i	True	#viio7	#viio7, minor		#viio7, minor		#vii	0	0	0	2	2	2	True	False	False
10440	24	65	-1	F	0	3	4	1	1	False	1.0	0	88	88	146	88a	435	1/4	False	4	True				False	263		#viio7	C	i		#viio7		#vii	o	7			o7	False	True	(5, 2, -1, -4)	()	5	5	major	minor	i	i, major	#vii		i	i	True	#viio7	#viio7, minor		#viio7, minor		#vii	0	0	0	-1	-1	-1	True	False	False
10464	6	73	7	C	1	3	4	1	1	True	2.0	0	88	88	146	88a	436	1/16	False	5	False				False	263		#viio7	C	i		#viio7		#vii	o	7			o7	False	True	(5, 2, -1, -4)	()	5	5	major	minor	i	i, major	#vii		i	i	True	#viio7	#viio7, minor		#viio7, minor		#vii	0	0	0	7	7	7	False	False	False
10470	6	74	2	D	0	3	4	1	1	True	2.25	0	88	88	146	88a	1745/4	1/16	False	5	False				False	263		#viio7	C	i		#viio7		#vii	o	7			o7	False	True	(5, 2, -1, -4)	()	5	5	major	minor	i	i, major	#vii		i	i	True	#viio7	#viio7, minor		#viio7, minor		#vii	0	0	0	2	2	2	True	False	False
10476	6	76	4	E	0	3	4	1	1	True	2.5	0	88	88	146	88a	873/2	1/16	False	5	False				False	263		#viio7	C	i		#viio7		#vii	o	7			o7	False	True	(5, 2, -1, -4)	()	5	5	major	minor	i	i, major	#vii		i	i	True	#viio7	#viio7, minor		#viio7, minor		#vii	0	0	0	4	4	4	False	False	False
10482	6	77	-1	F	0	3	4	1	1	True	2.75	0	88	88	146	88a	1747/4	1/16	False	5	False				False	263		#viio7	C	i		#viio7		#vii	o	7			o7	False	True	(5, 2, -1, -4)	()	5	5	major	minor	i	i, major	#vii		i	i	True	#viio7	#viio7, minor		#viio7, minor		#vii	0	0	0	-1	-1	-1	True	False	False
10488	24	44	-4	A	-1	3	4	4	1	True	3.0	0	88	88	146	88a	437	1/4	False	2	True				False	264		#viio2	C	i		#viio2		#vii	o	2			o7	False	True	(-4, 5, 2, -1)	()	5	-4	major	minor	i	i, major	#vii		i	i	True	#viio2	#viio2, minor		#viio2, minor		#vii	0	0	0	-4	-4	-4	True	False	True
10488	24	56	-4	A	-1	3	4	1	1	True	3.0	0	88	88	146	88a	437	1/4	False	3	True				False	264		#viio2	C	i		#viio2		#vii	o	2			o7	False	True	(-4, 5, 2, -1)	()	5	-4	major	minor	i	i, major	#vii		i	i	True	#viio2	#viio2, minor		#viio2, minor		#vii	0	0	0	-4	-4	-4	True	False	True
10488	24	56	-4	A	-1	3	4	2	1	True	3.0	0	88	88	146	88a	437	1/4	False	3	True				False	264		#viio2	C	i		#viio2		#vii	o	2			o7	False	True	(-4, 5, 2, -1)	()	5	-4	major	minor	i	i, major	#vii		i	i	True	#viio2	#viio2, minor		#viio2, minor		#vii	0	0	0	-4	-4	-4	True	False	True
10488	24	56	-4	A	-1	3	4	3	1	True	3.0	0	88	88	146	88a	437	1/4	False	3	True				False	264		#viio2	C	i		#viio2		#vii	o	2			o7	False	True	(-4, 5, 2, -1)	()	5	-4	major	minor	i	i, major	#vii		i	i	True	#viio2	#viio2, minor		#viio2, minor		#vii	0	0	0	-4	-4	-4	True	False	True
10512	24	43	1	G	0	3	4	4	1	True	1.0	0	89	89	147	89a	438	1/4	False	2	True				False	265		V	C	i		V		V					M	False	True	(1, 5, 2)	()	1	1	major	minor	i	i, major	V		i	i	True	V	V, minor		V, minor		V	0	0	0	1	1	1	True	True	True
10512	12	55	1	G	0	3	4	1	1	True	1.0	0	89	89	147	89a	438	1/8	False	3	True				False	265		V	C	i		V		V					M	False	True	(1, 5, 2)	()	1	1	major	minor	i	i, major	V		i	i	True	V	V, minor		V, minor		V	0	0	0	1	1	1	True	True	True
10512	12	55	1	G	0	3	4	2	1	True	1.0	0	89	89	147	89a	438	1/8	False	3	True				False	265		V	C	i		V		V					M	False	True	(1, 5, 2)	()	1	1	major	minor	i	i, major	V		i	i	True	V	V, minor		V, minor		V	0	0	0	1	1	1	True	True	True
10512	48	55	1	G	0	3	4	3	1	True	1.0	0	89	89	147	89a	438	1/2	False	3	True				False	265		V	C	i		V		V					M	False	True	(1, 5, 2)	()	1	1	major	minor	i	i, major	V		i	i	True	V	V, minor		V, minor		V	0	0	0	1	1	1	True	True	True
10536	6	66	6	F	1	3	4	2	1	True	2.0	0	89	89	147	89a	439	1/16	False	4	False				False	265		V	C	i		V		V					M	False	True	(1, 5, 2)	()	1	1	major	minor	i	i, major	V		i	i	True	V	V, minor		V, minor		V	0	0	0	6	6	6	False	False	False
10536	6	69	3	A	0	3	4	1	1	True	2.0	0	89	89	147	89a	439	1/16	False	4	False				False	265		V	C	i		V		V					M	False	True	(1, 5, 2)	()	1	1	major	minor	i	i, major	V		i	i	True	V	V, minor		V, minor		V	0	0	0	3	3	3	False	False	False
10542	6	67	1	G	0	3	4	2	1	True	2.25	0	89	89	147	89a	1757/4	1/16	False	4	False				False	265		V	C	i		V		V					M	False	True	(1, 5, 2)	()	1	1	major	minor	i	i, major	V		i	i	True	V	V, minor		V, minor		V	0	0	0	1	1	1	True	True	True
10542	6	71	5	B	0	3	4	1	1	True	2.25	0	89	89	147	89a	1757/4	1/16	False	4	False				False	265		V	C	i		V		V					M	False	True	(1, 5, 2)	()	1	1	major	minor	i	i, major	V		i	i	True	V	V, minor		V, minor		V	0	0	0	5	5	5	True	False	False
10548	6	69	3	A	0	3	4	2	1	True	2.5	0	89	89	147	89a	879/2	1/16	False	4	False				False	265		V	C	i		V		V					M	False	True	(1, 5, 2)	()	1	1	major	minor	i	i, major	V		i	i	True	V	V, minor		V, minor		V	0	0	0	3	3	3	False	False	False
10548	6	72	0	C	0	3	4	1	1	True	2.5	0	89	89	147	89a	879/2	1/16	False	5	False				False	265		V	C	i		V		V					M	False	True	(1, 5, 2)	()	1	1	major	minor	i	i, major	V		i	i	True	V	V, minor		V, minor		V	0	0	0	0	0	0	False	False	False
10554	6	71	5	B	0	3	4	2	1	True	2.75	0	89	89	147	89a	1759/4	1/16	False	4	False				False	265		V	C	i		V		V					M	False	True	(1, 5, 2)	()	1	1	major	minor	i	i, major	V		i	i	True	V	V, minor		V, minor		V	0	0	0	5	5	5	True	False	False
10554	6	74	2	D	0	3	4	1	1	True	2.75	0	89	89	147	89a	1759/4	1/16	False	5	False				False	265		V	C	i		V		V					M	False	True	(1, 5, 2)	()	1	1	major	minor	i	i, major	V		i	i	True	V	V, minor		V, minor		V	0	0	0	2	2	2	True	False	False
10560	6	48	0	C	0	3	4	3	1	True	3.0	0	89	89	147	89a	440	1/16	False	3	True				False	266		i	C	i		i		i					m	False	True	(0, -3, 1)	()	0	0	major	minor	i	i, major	i		i	i	True	i	i, minor		i, minor		i	0	0	0	0	0	0	True	True	True
10560	24	72	0	C	0	3	4	2	1	True	3.0	0	89	89	147	89a	440	1/4	False	5	True				False	266		i	C	i		i		i					m	False	True	(0, -3, 1)	()	0	0	major	minor	i	i, major	i		i	i	True	i	i, minor		i, minor		i	0	0	0	0	0	0	True	True	True
10560	24	75	-3	E	-1	3	4	1	1	True	3.0	0	89	89	147	89a	440	1/4	False	5	True				False	266		i	C	i		i		i					m	False	True	(0, -3, 1)	()	0	0	major	minor	i	i, major	i		i	i	True	i	i, minor		i, minor		i	0	0	0	-3	-3	-3	True	False	False
10566	6	50	2	D	0	3	4	3	1	True	3.25	0	89	89	147	89a	1761/4	1/16	False	3	False				False	266		i	C	i		i		i					m	False	True	(0, -3, 1)	()	0	0	major	minor	i	i, major	i		i	i	True	i	i, minor		i, minor		i	0	0	0	2	2	2	False	False	False
10572	6	51	-3	E	-1	3	4	3	1	True	3.5	0	89	89	147	89a	881/2	1/16	False	3	False				False	266		i	C	i		i		i					m	False	True	(0, -3, 1)	()	0	0	major	minor	i	i, major	i		i	i	True	i	i, minor		i, minor		i	0	0	0	-3	-3	-3	True	False	False
10578	6	53	-1	F	0	3	4	3	1	True	3.75	0	89	89	147	89a	1763/4	1/16	False	3	False				False	266		i	C	i		i		i					m	False	True	(0, -3, 1)	()	0	0	major	minor	i	i, major	i		i	i	True	i	i, minor		i, minor		i	0	0	0	-1	-1	-1	False	False	False
10584	12	36	0	C	0	3	4	4	1	True	1.0	0	90	90	148	90a	441	1/8	False	2	False				False	266		i	C	i		i		i					m	False	True	(0, -3, 1)	()	0	0	major	minor	i	i, major	i		i	i	True	i	i, minor		i, minor		i	0	0	0	0	0	0	True	True	True
10584	72	55	1	G	0	3	4	3	1	True	1.0	0	90	90	148	90a	441	3/4	False	3	False				False	266		i	C	i		i		i					m	False	True	(0, -3, 1)	()	0	0	major	minor	i	i, major	i		i	i	True	i	i, minor		i, minor		i	0	0	0	1	1	1	True	False	False
10584	72	72	0	C	0	3	4	2	1	True	1.0	0	90	90	148	90a	441	3/4	False	5	False				False	266		i	C	i		i		i					m	False	True	(0, -3, 1)	()	0	0	major	minor	i	i, major	i		i	i	True	i	i, minor		i, minor		i	0	0	0	0	0	0	True	True	True
10584	72	75	-3	E	-1	3	4	1	1	True	1.0	0	90	90	148	90a	441	3/4	False	5	False				False	266		i	C	i		i		i					m	False	True	(0, -3, 1)	()	0	0	major	minor	i	i, major	i		i	i	True	i	i, minor		i, minor		i	0	0	0	-3	-3	-3	True	False	False
10596	6	38	2	D	0	3	4	4	1	True	1.5	0	90	90	148	90a	883/2	1/16	False	2	False				False	266		i	C	i		i		i					m	False	True	(0, -3, 1)	()	0	0	major	minor	i	i, major	i		i	i	True	i	i, minor		i, minor		i	0	0	0	2	2	2	False	False	False
10602	6	39	-3	E	-1	3	4	4	1	True	1.75	0	90	90	148	90a	1767/4	1/16	False	2	False				False	266		i	C	i		i		i					m	False	True	(0, -3, 1)	()	0	0	major	minor	i	i, major	i		i	i	True	i	i, minor		i, minor		i	0	0	0	-3	-3	-3	True	False	False
10608	6	41	-1	F	0	3	4	4	1	True	2.0	0	90	90	148	90a	442	1/16	False	2	False				False	266		i	C	i		i		i					m	False	True	(0, -3, 1)	()	0	0	major	minor	i	i, major	i		i	i	True	i	i, minor		i, minor		i	0	0	0	-1	-1	-1	False	False	False
10614	6	43	1	G	0	3	4	4	1	True	2.25	0	90	90	148	90a	1769/4	1/16	False	2	False				False	266		i	C	i		i		i					m	False	True	(0, -3, 1)	()	0	0	major	minor	i	i, major	i		i	i	True	i	i, minor		i, minor		i	0	0	0	1	1	1	True	False	False
10620	6	45	3	A	0	3	4	4	1	True	2.5	0	90	90	148	90a	885/2	1/16	False	2	False				False	266		i	C	i		i		i					m	False	True	(0, -3, 1)	()	0	0	major	minor	i	i, major	i		i	i	True	i	i, minor		i, minor		i	0	0	0	3	3	3	False	False	False
10626	6	47	5	B	0	3	4	4	1	True	2.75	0	90	90	148	90a	1771/4	1/16	False	2	False				False	266		i	C	i		i		i					m	False	True	(0, -3, 1)	()	0	0	major	minor	i	i, major	i		i	i	True	i	i, minor		i, minor		i	0	0	0	5	5	5	False	False	False
10632	6	48	0	C	0	3	4	4	1	True	3.0	0	90	90	148	90a	443	1/16	False	3	False				False	266		i	C	i		i		i					m	False	True	(0, -3, 1)	()	0	0	major	minor	i	i, major	i		i	i	True	i	i, minor		i, minor		i	0	0	0	0	0	0	True	True	True
10638	6	50	2	D	0	3	4	4	1	True	3.25	0	90	90	148	90a	1773/4	1/16	False	3	False				False	266		i	C	i		i		i					m	False	True	(0, -3, 1)	()	0	0	major	minor	i	i, major	i		i	i	True	i	i, minor		i, minor		i	0	0	0	2	2	2	False	False	False
10644	6	51	-3	E	-1	3	4	4	1	True	3.5	0	90	90	148	90a	887/2	1/16	False	3	False				False	266		i	C	i		i		i					m	False	True	(0, -3, 1)	()	0	0	major	minor	i	i, major	i		i	i	True	i	i, minor		i, minor		i	0	0	0	-3	-3	-3	True	False	False
10650	6	53	-1	F	0	3	4	4	1	True	3.75	0	90	90	148	90a	1775/4	1/16	False	3	False				False	266		i	C	i		i		i					m	False	True	(0, -3, 1)	()	0	0	major	minor	i	i, major	i		i	i	True	i	i, minor		i, minor		i	0	0	0	-1	-1	-1	False	False	False
10656	24	55	1	G	0	3	4	3	1	False	1.0	0	91	91	149	91a	444	1/4	False	3	True				False	267		V	C	i		V		V					M	False	True	(1, 5, 2)	()	1	1	major	minor	i	i, major	V		i	i	True	V	V, minor		V, minor		V	0	0	0	1	1	1	True	True	True
10656	24	55	1	G	0	3	4	4	1	True	1.0	0	91	91	149	91a	444	1/4	False	3	True				False	267		V	C	i		V		V					M	False	True	(1, 5, 2)	()	1	1	major	minor	i	i, major	V		i	i	True	V	V, minor		V, minor		V	0	0	0	1	1	1	True	True	True
10656	6	71	5	B	0	3	4	2	1	True	1.0	0	91	91	149	91a	444	1/16	False	4	True				False	267		V	C	i		V		V					M	False	True	(1, 5, 2)	()	1	1	major	minor	i	i, major	V		i	i	True	V	V, minor		V, minor		V	0	0	0	5	5	5	True	False	False
10656	6	74	2	D	0	3	4	1	1	True	1.0	0	91	91	149	91a	444	1/16	False	5	True				False	267		V	C	i		V		V					M	False	True	(1, 5, 2)	()	1	1	major	minor	i	i, major	V		i	i	True	V	V, minor		V, minor		V	0	0	0	2	2	2	True	False	False
10662	6	67	1	G	0	3	4	2	1	True	1.25	0	91	91	149	91a	1777/4	1/16	False	4	False				False	267		V	C	i		V		V					M	False	True	(1, 5, 2)	()	1	1	major	minor	i	i, major	V		i	i	True	V	V, minor		V, minor		V	0	0	0	1	1	1	True	True	True
10662	6	71	5	B	0	3	4	1	1	True	1.25	0	91	91	149	91a	1777/4	1/16	False	4	False				False	267		V	C	i		V		V					M	False	True	(1, 5, 2)	()	1	1	major	minor	i	i, major	V		i	i	True	V	V, minor		V, minor		V	0	0	0	5	5	5	True	False	False
10668	6	69	3	A	0	3	4	2	1	True	1.5	0	91	91	149	91a	889/2	1/16	False	4	False				False	267		V	C	i		V		V					M	False	True	(1, 5, 2)	()	1	1	major	minor	i	i, major	V		i	i	True	V	V, minor		V, minor		V	0	0	0	3	3	3	False	False	False
10668	6	72	0	C	0	3	4	1	1	True	1.5	0	91	91	149	91a	889/2	1/16	False	5	False				False	267		V	C	i		V		V					M	False	True	(1, 5, 2)	()	1	1	major	minor	i	i, major	V		i	i	True	V	V, minor		V, minor		V	0	0	0	0	0	0	False	False	False
10674	6	67	1	G	0	3	4	2	1	True	1.75	0	91	91	149	91a	1779/4	1/16	False	4	False				False	267		V	C	i		V		V					M	False	True	(1, 5, 2)	()	1	1	major	minor	i	i, major	V		i	i	True	V	V, minor		V, minor		V	0	0	0	1	1	1	True	True	True
10674	6	71	5	B	0	3	4	1	1	True	1.75	0	91	91	149	91a	1779/4	1/16	False	4	False				False	267		V	C	i		V		V					M	False	True	(1, 5, 2)	()	1	1	major	minor	i	i, major	V		i	i	True	V	V, minor		V, minor		V	0	0	0	5	5	5	True	False	False
10680	6	55	1	G	0	3	4	3	1	False	2.0	0	91	91	149	91a	445	1/16	False	3	False				False	267		V	C	i		V		V					M	False	True	(1, 5, 2)	()	1	1	major	minor	i	i, major	V		i	i	True	V	V, minor		V, minor		V	0	0	0	1	1	1	True	True	True
10680	6	66	6	F	1	3	4	2	1	True	2.0	0	91	91	149	91a	445	1/16	False	4	False				False	267		V	C	i		V		V					M	False	True	(1, 5, 2)	()	1	1	major	minor	i	i, major	V		i	i	True	V	V, minor		V, minor		V	0	0	0	6	6	6	False	False	False
10680	6	69	3	A	0	3	4	1	1	True	2.0	0	91	91	149	91a	445	1/16	False	4	False				False	267		V	C	i		V		V					M	False	True	(1, 5, 2)	()	1	1	major	minor	i	i, major	V		i	i	True	V	V, minor		V, minor		V	0	0	0	3	3	3	False	False	False
10686	6	53	-1	F	0	3	4	3	1	True	2.25	0	91	91	149	91a	1781/4	1/16	False	3	False				False	267		V	C	i		V		V					M	False	True	(1, 5, 2)	()	1	1	major	minor	i	i, major	V		i	i	True	V	V, minor		V, minor		V	0	0	0	-1	-1	-1	False	False	False
10686	6	67	1	G	0	3	4	2	1	True	2.25	0	91	91	149	91a	1781/4	1/16	False	4	False				False	267		V	C	i		V		V					M	False	True	(1, 5, 2)	()	1	1	major	minor	i	i, major	V		i	i	True	V	V, minor		V, minor		V	0	0	0	1	1	1	True	True	True
10686	6	71	5	B	0	3	4	1	1	True	2.25	0	91	91	149	91a	1781/4	1/16	False	4	False				False	267		V	C	i		V		V					M	False	True	(1, 5, 2)	()	1	1	major	minor	i	i, major	V		i	i	True	V	V, minor		V, minor		V	0	0	0	5	5	5	True	False	False
10692	6	51	-3	E	-1	3	4	3	1	True	2.5	0	91	91	149	91a	891/2	1/16	False	3	False				False	267		V	C	i		V		V					M	False	True	(1, 5, 2)	()	1	1	major	minor	i	i, major	V		i	i	True	V	V, minor		V, minor		V	0	0	0	-3	-3	-3	False	False	False
10692	6	69	3	A	0	3	4	2	1	True	2.5	0	91	91	149	91a	891/2	1/16	False	4	False				False	267		V	C	i		V		V					M	False	True	(1, 5, 2)	()	1	1	major	minor	i	i, major	V		i	i	True	V	V, minor		V, minor		V	0	0	0	3	3	3	False	False	False
10692	6	72	0	C	0	3	4	1	1	True	2.5	0	91	91	149	91a	891/2	1/16	False	5	False				False	267		V	C	i		V		V					M	False	True	(1, 5, 2)	()	1	1	major	minor	i	i, major	V		i	i	True	V	V, minor		V, minor		V	0	0	0	0	0	0	False	False	False
10698	6	50	2	D	0	3	4	3	1	True	2.75	0	91	91	149	91a	1783/4	1/16	False	3	False				False	267		V	C	i		V		V					M	False	True	(1, 5, 2)	()	1	1	major	minor	i	i, major	V		i	i	True	V	V, minor		V, minor		V	0	0	0	2	2	2	True	False	False
10698	6	71	5	B	0	3	4	2	1	True	2.75	0	91	91	149	91a	1783/4	1/16	False	4	False				False	267		V	C	i		V		V					M	False	True	(1, 5, 2)	()	1	1	major	minor	i	i, major	V		i	i	True	V	V, minor		V, minor		V	0	0	0	5	5	5	True	False	False
10698	6	74	2	D	0	3	4	1	1	True	2.75	0	91	91	149	91a	1783/4	1/16	False	5	False				False	267		V	C	i		V		V					M	False	True	(1, 5, 2)	()	1	1	major	minor	i	i, major	V		i	i	True	V	V, minor		V, minor		V	0	0	0	2	2	2	True	False	False
10704	6	43	1	G	0	3	4	4	1	True	3.0	0	91	91	149	91a	446	1/16	False	2	True				False	268		i64	C	i		i64		i		64			m	False	True	(1, 0, -3)	()	0	1	major	minor	i	i, major	i		i	i	True	i64	i64, minor		i64, minor		i	0	0	0	1	1	1	True	False	True
10704	6	48	0	C	0	3	4	3	1	True	3.0	0	91	91	149	91a	446	1/16	False	3	True				False	268		i64	C	i		i64		i		64			m	False	True	(1, 0, -3)	()	0	1	major	minor	i	i, major	i		i	i	True	i64	i64, minor		i64, minor		i	0	0	0	0	0	0	True	True	False
10704	12	72	0	C	0	3	4	2	1	True	3.0	0	91	91	149	91a	446	1/8	False	5	True				False	268		i64	C	i		i64		i		64			m	False	True	(1, 0, -3)	()	0	1	major	minor	i	i, major	i		i	i	True	i64	i64, minor		i64, minor		i	0	0	0	0	0	0	True	True	False
10704	12	75	-3	E	-1	3	4	1	1	True	3.0	0	91	91	149	91a	446	1/8	False	5	True				False	268		i64	C	i		i64		i		64			m	False	True	(1, 0, -3)	()	0	1	major	minor	i	i, major	i		i	i	True	i64	i64, minor		i64, minor		i	0	0	0	-3	-3	-3	True	False	False
10710	6	41	-1	F	0	3	4	4	1	True	3.25	0	91	91	149	91a	1785/4	1/16	False	2	False				False	268		i64	C	i		i64		i		64			m	False	True	(1, 0, -3)	()	0	1	major	minor	i	i, major	i		i	i	True	i64	i64, minor		i64, minor		i	0	0	0	-1	-1	-1	False	False	False
10710	6	50	2	D	0	3	4	3	1	True	3.25	0	91	91	149	91a	1785/4	1/16	False	3	False				False	268		i64	C	i		i64		i		64			m	False	True	(1, 0, -3)	()	0	1	major	minor	i	i, major	i		i	i	True	i64	i64, minor		i64, minor		i	0	0	0	2	2	2	False	False	False
10716	6	39	-3	E	-1	3	4	4	1	True	3.5	0	91	91	149	91a	893/2	1/16	False	2	False				False	268		i64	C	i		i64		i		64			m	False	True	(1, 0, -3)	()	0	1	major	minor	i	i, major	i		i	i	True	i64	i64, minor		i64, minor		i	0	0	0	-3	-3	-3	True	False	False
10716	6	51	-3	E	-1	3	4	3	1	True	3.5	0	91	91	149	91a	893/2	1/16	False	3	False				False	268		i64	C	i		i64		i		64			m	False	True	(1, 0, -3)	()	0	1	major	minor	i	i, major	i		i	i	True	i64	i64, minor		i64, minor		i	0	0	0	-3	-3	-3	True	False	False
10716	12	72	0	C	0	3	4	2	1	True	3.5	0	91	91	149	91a	893/2	1/8	False	5	False				False	268		i64	C	i		i64		i		64			m	False	True	(1, 0, -3)	()	0	1	major	minor	i	i, major	i		i	i	True	i64	i64, minor		i64, minor		i	0	0	0	0	0	0	True	True	False
10716	12	75	-3	E	-1	3	4	1	1	True	3.5	0	91	91	149	91a	893/2	1/8	False	5	False				False	268		i64	C	i		i64		i		64			m	False	True	(1, 0, -3)	()	0	1	major	minor	i	i, major	i		i	i	True	i64	i64, minor		i64, minor		i	0	0	0	-3	-3	-3	True	False	False
10722	6	38	2	D	0	3	4	4	1	True	3.75	0	91	91	149	91a	1787/4	1/16	False	2	False				False	268		i64	C	i		i64		i		64			m	False	True	(1, 0, -3)	()	0	1	major	minor	i	i, major	i		i	i	True	i64	i64, minor		i64, minor		i	0	0	0	2	2	2	False	False	False
10722	6	53	-1	F	0	3	4	3	1	True	3.75	0	91	91	149	91a	1787/4	1/16	False	3	False				False	268		i64	C	i		i64		i		64			m	False	True	(1, 0, -3)	()	0	1	major	minor	i	i, major	i		i	i	True	i64	i64, minor		i64, minor		i	0	0	0	-1	-1	-1	False	False	False
10728	12	36	0	C	0	3	4	4	1	True	1.0	0	92	92	150	92a	447	1/8	False	2	True				False	269		i	C	i		i		i					m	False	True	(0, -3, 1)	()	0	0	major	minor	i	i, major	i		i	i	True	i	i, minor		i, minor		i	0	0	0	0	0	0	True	True	True
10728	72	55	1	G	0	3	4	3	1	True	1.0	0	92	92	150	92a	447	3/4	False	3	True				False	269		i	C	i		i		i					m	False	True	(0, -3, 1)	()	0	0	major	minor	i	i, major	i		i	i	True	i	i, minor		i, minor		i	0	0	0	1	1	1	True	False	False
10728	72	72	0	C	0	3	4	2	1	True	1.0	0	92	92	150	92a	447	3/4	False	5	True				False	269		i	C	i		i		i					m	False	True	(0, -3, 1)	()	0	0	major	minor	i	i, major	i		i	i	True	i	i, minor		i, minor		i	0	0	0	0	0	0	True	True	True
10728	72	75	-3	E	-1	3	4	1	1	True	1.0	0	92	92	150	92a	447	3/4	False	5	True				False	269		i	C	i		i		i					m	False	True	(0, -3, 1)	()	0	0	major	minor	i	i, major	i		i	i	True	i	i, minor		i, minor		i	0	0	0	-3	-3	-3	True	False	False
10740	6	38	2	D	0	3	4	4	1	True	1.5	0	92	92	150	92a	895/2	1/16	False	2	False				False	269		i	C	i		i		i					m	False	True	(0, -3, 1)	()	0	0	major	minor	i	i, major	i		i	i	True	i	i, minor		i, minor		i	0	0	0	2	2	2	False	False	False
10746	6	39	-3	E	-1	3	4	4	1	True	1.75	0	92	92	150	92a	1791/4	1/16	False	2	False				False	269		i	C	i		i		i					m	False	True	(0, -3, 1)	()	0	0	major	minor	i	i, major	i		i	i	True	i	i, minor		i, minor		i	0	0	0	-3	-3	-3	True	False	False
10752	6	41	-1	F	0	3	4	4	1	True	2.0	0	92	92	150	92a	448	1/16	False	2	False				False	269		i	C	i		i		i					m	False	True	(0, -3, 1)	()	0	0	major	minor	i	i, major	i		i	i	True	i	i, minor		i, minor		i	0	0	0	-1	-1	-1	False	False	False
10758	6	43	1	G	0	3	4	4	1	True	2.25	0	92	92	150	92a	1793/4	1/16	False	2	False				False	269		i	C	i		i		i					m	False	True	(0, -3, 1)	()	0	0	major	minor	i	i, major	i		i	i	True	i	i, minor		i, minor		i	0	0	0	1	1	1	True	False	False
10764	6	45	3	A	0	3	4	4	1	True	2.5	0	92	92	150	92a	897/2	1/16	False	2	False				False	269		i	C	i		i		i					m	False	True	(0, -3, 1)	()	0	0	major	minor	i	i, major	i		i	i	True	i	i, minor		i, minor		i	0	0	0	3	3	3	False	False	False
10770	6	47	5	B	0	3	4	4	1	True	2.75	0	92	92	150	92a	1795/4	1/16	False	2	False				False	269		i	C	i		i		i					m	False	True	(0, -3, 1)	()	0	0	major	minor	i	i, major	i		i	i	True	i	i, minor		i, minor		i	0	0	0	5	5	5	False	False	False
10776	6	48	0	C	0	3	4	4	1	True	3.0	0	92	92	150	92a	449	1/16	False	3	False				False	269		i	C	i		i		i					m	False	True	(0, -3, 1)	()	0	0	major	minor	i	i, major	i		i	i	True	i	i, minor		i, minor		i	0	0	0	0	0	0	True	True	True
10782	6	50	2	D	0	3	4	4	1	True	3.25	0	92	92	150	92a	1797/4	1/16	False	3	False				False	269		i	C	i		i		i					m	False	True	(0, -3, 1)	()	0	0	major	minor	i	i, major	i		i	i	True	i	i, minor		i, minor		i	0	0	0	2	2	2	False	False	False
10788	6	51	-3	E	-1	3	4	4	1	True	3.5	0	92	92	150	92a	899/2	1/16	False	3	False				False	269		i	C	i		i		i					m	False	True	(0, -3, 1)	()	0	0	major	minor	i	i, major	i		i	i	True	i	i, minor		i, minor		i	0	0	0	-3	-3	-3	True	False	False
10794	6	53	-1	F	0	3	4	4	1	True	3.75	0	92	92	150	92a	1799/4	1/16	False	3	False				False	269		i	C	i		i		i					m	False	True	(0, -3, 1)	()	0	0	major	minor	i	i, major	i		i	i	True	i	i, minor		i, minor		i	0	0	0	-1	-1	-1	False	False	False
10800	24	55	1	G	0	3	4	4	1	True	1.0	0	93	93	151	93a	450	1/4	False	3	True				False	270		V(64)	C	i		V(64)		V			64		M	False	True	(1, 0, -3)	()	1	1	major	minor	i	i, major	V		i	i	True	V	V, minor		V(64), minor		V	0	0	0	1	1	1	True	True	True
10800	48	55	1	G	0	3	4	3	1	False	1.0	0	93	93	151	93a	450	1/2	False	3	True				False	270		V(64)	C	i		V(64)		V			64		M	False	True	(1, 0, -3)	()	1	1	major	minor	i	i, major	V		i	i	True	V	V, minor		V(64), minor		V	0	0	0	1	1	1	True	True	True
10800	24	72	0	C	0	3	4	2	1	False	1.0	0	93	93	151	93a	450	1/4	False	5	True				False	270		V(64)	C	i		V(64)		V			64		M	False	True	(1, 0, -3)	()	1	1	major	minor	i	i, major	V		i	i	True	V	V, minor		V(64), minor		V	0	0	0	0	0	0	True	False	False
10800	24	75	-3	E	-1	3	4	1	1	False	1.0	0	93	93	151	93a	450	1/4	False	5	True				False	270		V(64)	C	i		V(64)		V			64		M	False	True	(1, 0, -3)	()	1	1	major	minor	i	i, major	V		i	i	True	V	V, minor		V(64), minor		V	0	0	0	-3	-3	-3	True	False	False
10824	24	43	1	G	0	3	4	4	1	True	2.0	0	93	93	151	93a	451	1/4	False	2	True				False	271		V	C	i		V		V					M	False	True	(1, 5, 2)	()	1	1	major	minor	i	i, major	V		i	i	True	V	V, minor		V, minor		V	0	0	0	1	1	1	True	True	True
10824	24	71	5	B	0	3	4	2	1	True	2.0	0	93	93	151	93a	451	1/4	False	4	True				False	271		V	C	i		V		V					M	False	True	(1, 5, 2)	()	1	1	major	minor	i	i, major	V		i	i	True	V	V, minor		V, minor		V	0	0	0	5	5	5	True	False	False
10824	24	74	2	D	0	3	4	1	1	True	2.0	0	93	93	151	93a	451	1/4	False	5	True				False	271		V	C	i		V		V					M	False	True	(1, 5, 2)	()	1	1	major	minor	i	i, major	V		i	i	True	V	V, minor		V, minor		V	0	0	0	2	2	2	True	False	False
10848	24	44	-4	A	-1	3	4	4	1	True	3.0	0	93	93	151	93a	452	1/4	False	2	True				False	272		It6	C	i		It6	It	vii	o	6	b3	V	It	False	True	(-4, 0, 6)	()	6	-4	major	minor	i	i, major	vii/V	V	V/i	V	False	viio6/V	viio6/V, minor		It6, minor	V	V	0	0	1	-4	-4	-5	True	False	True
10848	24	48	0	C	0	3	4	3	1	True	3.0	0	93	93	151	93a	452	1/4	False	3	True				False	272		It6	C	i		It6	It	vii	o	6	b3	V	It	False	True	(-4, 0, 6)	()	6	-4	major	minor	i	i, major	vii/V	V	V/i	V	False	viio6/V	viio6/V, minor		It6, minor	V	V	0	0	1	0	0	-1	True	False	False
10848	24	66	6	F	1	3	4	1	1	True	3.0	0	93	93	151	93a	452	1/4	False	4	True				False	272		It6	C	i		It6	It	vii	o	6	b3	V	It	False	True	(-4, 0, 6)	()	6	-4	major	minor	i	i, major	vii/V	V	V/i	V	False	viio6/V	viio6/V, minor		It6, minor	V	V	0	0	1	6	6	5	True	True	False
10872	24	45	3	A	0	3	4	4	1	True	1.0	0	94	94	152	94a	453	1/4	False	2	True				False	273		viio65/V	C	i		viio65/V		vii	o	65		V	o7	False	True	(3, 0, -3, 6)	()	6	3	major	minor	i	i, major	vii/V	V	V/i	V	False	viio65/V	viio65/V, minor		viio65/V, minor	V	V	0	0	1	3	3	2	True	False	True
10872	24	51	-3	E	-1	3	4	3	1	True	1.0	0	94	94	152	94a	453	1/4	False	3	True				False	273		viio65/V	C	i		viio65/V		vii	o	65		V	o7	False	True	(3, 0, -3, 6)	()	6	3	major	minor	i	i, major	vii/V	V	V/i	V	False	viio65/V	viio65/V, minor		viio65/V, minor	V	V	0	0	1	-3	-3	-4	True	False	False
10872	24	66	6	F	1	3	4	1	1	False	1.0	0	94	94	152	94a	453	1/4	False	4	True				False	273		viio65/V	C	i		viio65/V		vii	o	65		V	o7	False	True	(3, 0, -3, 6)	()	6	3	major	minor	i	i, major	vii/V	V	V/i	V	False	viio65/V	viio65/V, minor		viio65/V, minor	V	V	0	0	1	6	6	5	True	True	False
10896	24	46	-2	B	-1	3	4	4	1	True	2.0	0	94	94	152	94a	454	1/4	False	2	True				False	274		iv6	C	i		iv6		iv		6			m	False	True	(-4, 0, -1)	()	-1	-4	major	minor	i	i, major	iv		i	i	True	iv6	iv6, minor		iv6, minor		iv	0	0	0	-2	-2	-2	False	False	False
10896	24	50	2	D	0	3	4	3	1	True	2.0	0	94	94	152	94a	454	1/4	False	3	True				False	274		iv6	C	i		iv6		iv		6			m	False	True	(-4, 0, -1)	()	-1	-4	major	minor	i	i, major	iv		i	i	True	iv6	iv6, minor		iv6, minor		iv	0	0	0	2	2	2	False	False	False
10896	24	55	1	G	0	3	4	2	1	True	2.0	0	94	94	152	94a	454	1/4	False	3	True				False	274		iv6	C	i		iv6		iv		6			m	False	True	(-4, 0, -1)	()	-1	-4	major	minor	i	i, major	iv		i	i	True	iv6	iv6, minor		iv6, minor		iv	0	0	0	1	1	1	False	False	False
10896	24	67	1	G	0	3	4	1	1	True	2.0	0	94	94	152	94a	454	1/4	False	4	True				False	274		iv6	C	i		iv6		iv		6			m	False	True	(-4, 0, -1)	()	-1	-4	major	minor	i	i, major	iv		i	i	True	iv6	iv6, minor		iv6, minor		iv	0	0	0	1	1	1	False	False	False
10920	24	47	5	B	0	3	4	4	1	True	3.0	0	94	94	152	94a	455	1/4	False	2	True				False	275		V65	C	i		V65		V		65			Mm7	False	True	(5, 2, -1, 1)	()	1	5	major	minor	i	i, major	V		i	i	True	V65	V65, minor		V65, minor		V	0	0	0	5	5	5	True	False	True
10920	24	55	1	G	0	3	4	3	1	True	3.0	0	94	94	152	94a	455	1/4	False	3	True				False	275		V65	C	i		V65		V		65			Mm7	False	True	(5, 2, -1, 1)	()	1	5	major	minor	i	i, major	V		i	i	True	V65	V65, minor		V65, minor		V	0	0	0	1	1	1	True	True	False
10920	24	62	2	D	0	3	4	2	1	True	3.0	0	94	94	152	94a	455	1/4	False	4	True				False	275		V65	C	i		V65		V		65			Mm7	False	True	(5, 2, -1, 1)	()	1	5	major	minor	i	i, major	V		i	i	True	V65	V65, minor		V65, minor		V	0	0	0	2	2	2	True	False	False
10920	24	65	-1	F	0	3	4	1	1	True	3.0	0	94	94	152	94a	455	1/4	False	4	True				False	275		V65	C	i		V65		V		65			Mm7	False	True	(5, 2, -1, 1)	()	1	5	major	minor	i	i, major	V		i	i	True	V65	V65, minor		V65, minor		V	0	0	0	-1	-1	-1	True	False	False
10944	48	47	5	B	0	3	4	4	1	True	1.0	0	95	95	153	95a	456	1/2	False	2	False				False	275		V65	C	i		V65		V		65			Mm7	False	True	(5, 2, -1, 1)	()	1	5	major	minor	i	i, major	V		i	i	True	V65	V65, minor		V65, minor		V	0	0	0	5	5	5	True	False	True
10944	48	55	1	G	0	3	4	3	1	True	1.0	0	95	95	153	95a	456	1/2	False	3	False				False	275		V65	C	i		V65		V		65			Mm7	False	True	(5, 2, -1, 1)	()	1	5	major	minor	i	i, major	V		i	i	True	V65	V65, minor		V65, minor		V	0	0	0	1	1	1	True	True	False
10944	36	62	2	D	0	3	4	2	1	True	1.0	0	95	95	153	95a	456	3/8	False	4	False				False	275		V65	C	i		V65		V		65			Mm7	False	True	(5, 2, -1, 1)	()	1	5	major	minor	i	i, major	V		i	i	True	V65	V65, minor		V65, minor		V	0	0	0	2	2	2	True	False	False
10944	36	65	-1	F	0	3	4	1	1	True	1.0	0	95	95	153	95a	456	3/8	False	4	False				False	275		V65	C	i		V65		V		65			Mm7	False	True	(5, 2, -1, 1)	()	1	5	major	minor	i	i, major	V		i	i	True	V65	V65, minor		V65, minor		V	0	0	0	-1	-1	-1	True	False	False
10980	6	64	4	E	0	3	4	2	1	True	2.5	0	95	95	153	95a	915/2	1/16	False	4	False				False	275		V65	C	i		V65		V		65			Mm7	False	True	(5, 2, -1, 1)	()	1	5	major	minor	i	i, major	V		i	i	True	V65	V65, minor		V65, minor		V	0	0	0	4	4	4	False	False	False
10980	6	67	1	G	0	3	4	1	1	True	2.5	0	95	95	153	95a	915/2	1/16	False	4	False				False	275		V65	C	i		V65		V		65			Mm7	False	True	(5, 2, -1, 1)	()	1	5	major	minor	i	i, major	V		i	i	True	V65	V65, minor		V65, minor		V	0	0	0	1	1	1	True	True	False
10986	6	65	-1	F	0	3	4	2	1	True	2.75	0	95	95	153	95a	1831/4	1/16	False	4	False				False	275		V65	C	i		V65		V		65			Mm7	False	True	(5, 2, -1, 1)	()	1	5	major	minor	i	i, major	V		i	i	True	V65	V65, minor		V65, minor		V	0	0	0	-1	-1	-1	True	False	False
10986	6	69	3	A	0	3	4	1	1	True	2.75	0	95	95	153	95a	1831/4	1/16	False	4	False				False	275		V65	C	i		V65		V		65			Mm7	False	True	(5, 2, -1, 1)	()	1	5	major	minor	i	i, major	V		i	i	True	V65	V65, minor		V65, minor		V	0	0	0	3	3	3	False	False	False
10992	12	47	5	B	0	3	4	4	1	False	3.0	0	95	95	153	95a	458	1/8	False	2	False				False	275		V65	C	i		V65		V		65			Mm7	False	True	(5, 2, -1, 1)	()	1	5	major	minor	i	i, major	V		i	i	True	V65	V65, minor		V65, minor		V	0	0	0	5	5	5	True	False	True
10992	12	55	1	G	0	3	4	3	1	False	3.0	0	95	95	153	95a	458	1/8	False	3	False				False	275		V65	C	i		V65		V		65			Mm7	False	True	(5, 2, -1, 1)	()	1	5	major	minor	i	i, major	V		i	i	True	V65	V65, minor		V65, minor		V	0	0	0	1	1	1	True	True	False
10992	6	67	1	G	0	3	4	2	1	True	3.0	0	95	95	153	95a	458	1/16	False	4	False				False	275		V65	C	i		V65		V		65			Mm7	False	True	(5, 2, -1, 1)	()	1	5	major	minor	i	i, major	V		i	i	True	V65	V65, minor		V65, minor		V	0	0	0	1	1	1	True	True	False
10992	6	71	5	B	0	3	4	1	1	True	3.0	0	95	95	153	95a	458	1/16	False	4	False				False	275		V65	C	i		V65		V		65			Mm7	False	True	(5, 2, -1, 1)	()	1	5	major	minor	i	i, major	V		i	i	True	V65	V65, minor		V65, minor		V	0	0	0	5	5	5	True	False	True
10998	6	69	3	A	0	3	4	2	1	True	3.25	0	95	95	153	95a	1833/4	1/16	False	4	False				False	275		V65	C	i		V65		V		65			Mm7	False	True	(5, 2, -1, 1)	()	1	5	major	minor	i	i, major	V		i	i	True	V65	V65, minor		V65, minor		V	0	0	0	3	3	3	False	False	False
10998	6	72	0	C	0	3	4	1	1	True	3.25	0	95	95	153	95a	1833/4	1/16	False	5	False				False	275		V65	C	i		V65		V		65			Mm7	False	True	(5, 2, -1, 1)	()	1	5	major	minor	i	i, major	V		i	i	True	V65	V65, minor		V65, minor		V	0	0	0	0	0	0	False	False	False
11004	6	53	-1	F	0	3	4	4	1	True	3.5	0	95	95	153	95a	917/2	1/16	False	3	False				False	275		V65	C	i		V65		V		65			Mm7	False	True	(5, 2, -1, 1)	()	1	5	major	minor	i	i, major	V		i	i	True	V65	V65, minor		V65, minor		V	0	0	0	-1	-1	-1	True	False	False
11004	6	69	3	A	0	3	4	3	1	True	3.5	0	95	95	153	95a	917/2	1/16	False	4	False				False	275		V65	C	i		V65		V		65			Mm7	False	True	(5, 2, -1, 1)	()	1	5	major	minor	i	i, major	V		i	i	True	V65	V65, minor		V65, minor		V	0	0	0	3	3	3	False	False	False
11004	6	71	5	B	0	3	4	2	1	True	3.5	0	95	95	153	95a	917/2	1/16	False	4	False				False	275		V65	C	i		V65		V		65			Mm7	False	True	(5, 2, -1, 1)	()	1	5	major	minor	i	i, major	V		i	i	True	V65	V65, minor		V65, minor		V	0	0	0	5	5	5	True	False	True
11004	6	74	2	D	0	3	4	1	1	True	3.5	0	95	95	153	95a	917/2	1/16	False	5	False				False	275		V65	C	i		V65		V		65			Mm7	False	True	(5, 2, -1, 1)	()	1	5	major	minor	i	i, major	V		i	i	True	V65	V65, minor		V65, minor		V	0	0	0	2	2	2	True	False	False
11010	6	52	4	E	0	3	4	4	1	True	3.75	0	95	95	153	95a	1835/4	1/16	False	3	False				False	275		V65	C	i		V65		V		65			Mm7	False	True	(5, 2, -1, 1)	()	1	5	major	minor	i	i, major	V		i	i	True	V65	V65, minor		V65, minor		V	0	0	0	4	4	4	False	False	False
11010	6	67	1	G	0	3	4	3	1	True	3.75	0	95	95	153	95a	1835/4	1/16	False	4	False				False	275		V65	C	i		V65		V		65			Mm7	False	True	(5, 2, -1, 1)	()	1	5	major	minor	i	i, major	V		i	i	True	V65	V65, minor		V65, minor		V	0	0	0	1	1	1	True	True	False
11010	6	72	0	C	0	3	4	2	1	True	3.75	0	95	95	153	95a	1835/4	1/16	False	5	False				False	275		V65	C	i		V65		V		65			Mm7	False	True	(5, 2, -1, 1)	()	1	5	major	minor	i	i, major	V		i	i	True	V65	V65, minor		V65, minor		V	0	0	0	0	0	0	False	False	False
11010	6	76	4	E	0	3	4	1	1	True	3.75	0	95	95	153	95a	1835/4	1/16	False	5	False				False	275		V65	C	i		V65		V		65			Mm7	False	True	(5, 2, -1, 1)	()	1	5	major	minor	i	i, major	V		i	i	True	V65	V65, minor		V65, minor		V	0	0	0	4	4	4	False	False	False
11016	6	50	2	D	0	3	4	4	1	True	1.0	0	96	96	154	96a	459	1/16	False	3	True				False	276		V43	C	i		V43		V		43			Mm7	False	True	(2, -1, 1, 5)	()	1	2	major	minor	i	i, major	V		i	i	True	V43	V43, minor		V43, minor		V	0	0	0	2	2	2	True	False	True
11016	6	65	-1	F	0	3	4	3	1	True	1.0	0	96	96	154	96a	459	1/16	False	4	True				False	276		V43	C	i		V43		V		43			Mm7	False	True	(2, -1, 1, 5)	()	1	2	major	minor	i	i, major	V		i	i	True	V43	V43, minor		V43, minor		V	0	0	0	-1	-1	-1	True	False	False
11016	72	74	2	D	0	3	4	2	1	True	1.0	0	96	96	154	96a	459	3/4	False	5	True				False	276		V43	C	i		V43		V		43			Mm7	False	True	(2, -1, 1, 5)	()	1	2	major	minor	i	i, major	V		i	i	True	V43	V43, minor		V43, minor		V	0	0	0	2	2	2	True	False	True
11016	72	77	-1	F	0	3	4	1	1	True	1.0	0	96	96	154	96a	459	3/4	False	5	True				False	276		V43	C	i		V43		V		43			Mm7	False	True	(2, -1, 1, 5)	()	1	2	major	minor	i	i, major	V		i	i	True	V43	V43, minor		V43, minor		V	0	0	0	-1	-1	-1	True	False	False
11022	6	48	0	C	0	3	4	4	1	True	1.25	0	96	96	154	96a	1837/4	1/16	False	3	False				False	276		V43	C	i		V43		V		43			Mm7	False	True	(2, -1, 1, 5)	()	1	2	major	minor	i	i, major	V		i	i	True	V43	V43, minor		V43, minor		V	0	0	0	0	0	0	False	False	False
11022	6	64	4	E	0	3	4	3	1	True	1.25	0	96	96	154	96a	1837/4	1/16	False	4	False				False	276		V43	C	i		V43		V		43			Mm7	False	True	(2, -1, 1, 5)	()	1	2	major	minor	i	i, major	V		i	i	True	V43	V43, minor		V43, minor		V	0	0	0	4	4	4	False	False	False
11028	6	47	5	B	0	3	4	4	1	True	1.5	0	96	96	154	96a	919/2	1/16	False	2	False				False	276		V43	C	i		V43		V		43			Mm7	False	True	(2, -1, 1, 5)	()	1	2	major	minor	i	i, major	V		i	i	True	V43	V43, minor		V43, minor		V	0	0	0	5	5	5	True	False	False
11028	6	62	2	D	0	3	4	3	1	True	1.5	0	96	96	154	96a	919/2	1/16	False	4	False				False	276		V43	C	i		V43		V		43			Mm7	False	True	(2, -1, 1, 5)	()	1	2	major	minor	i	i, major	V		i	i	True	V43	V43, minor		V43, minor		V	0	0	0	2	2	2	True	False	True
11034	6	45	3	A	0	3	4	4	1	True	1.75	0	96	96	154	96a	1839/4	1/16	False	2	False				False	276		V43	C	i		V43		V		43			Mm7	False	True	(2, -1, 1, 5)	()	1	2	major	minor	i	i, major	V		i	i	True	V43	V43, minor		V43, minor		V	0	0	0	3	3	3	False	False	False
11034	6	60	0	C	0	3	4	3	1	True	1.75	0	96	96	154	96a	1839/4	1/16	False	4	False				False	276		V43	C	i		V43		V		43			Mm7	False	True	(2, -1, 1, 5)	()	1	2	major	minor	i	i, major	V		i	i	True	V43	V43, minor		V43, minor		V	0	0	0	0	0	0	False	False	False
11040	24	43	1	G	0	3	4	4	1	True	2.0	0	96	96	154	96a	460	1/4	False	2	True				False	277		V	C	i		V		V					M	False	True	(1, 5, 2)	()	1	1	major	minor	i	i, major	V		i	i	True	V	V, minor		V, minor		V	0	0	0	1	1	1	True	True	True
11040	24	59	5	B	0	3	4	3	1	True	2.0	0	96	96	154	96a	460	1/4	False	3	True				False	277		V	C	i		V		V					M	False	True	(1, 5, 2)	()	1	1	major	minor	i	i, major	V		i	i	True	V	V, minor		V, minor		V	0	0	0	5	5	5	True	False	False
