onset_div	duration_div	pitch	tpc	step	alter	ts_beats	ts_beat_type	staff	voice	is_note_onset	beat	ks_fifths	mc	mn	mc_playthrough	mn_playthrough	quarterbeats_playthrough	duration	section_start	octave	is_harmony_onset	cadence	cadence_type	phraseend	is_phrase_ending	unfolded_harmony_index	label	alt_label	globalkey	localkey	pedal	chord	special	numeral	form	figbass	changes	relativeroot	chord_type	globalkey_is_minor	localkey_is_minor	chord_tones	added_tones	root	bass_note	globalkey_mode	localkey_mode	localkey_resolved	localkey_and_mode	root_roman	relativeroot_resolved	effective_localkey	effective_localkey_resolved	effective_localkey_is_minor	chord_reduced	chord_reduced_and_mode	pedal_resolved	chord_and_mode	applied_to_numeral	numeral_or_applied_to_numeral	globalkey_tpc	localkey_tpc	tonicized_tpc	sic_with_global	sic_with_local	sic_with_tonicized	tpc_is_in_label	tpc_is_root	tpc_is_bass
0	12	44	-4	A	-1	3	4	2	1	True	1.0	-4	1	1	1	1a	0	3/8	True	2	True			{	False	0	Ab.I{		Ab	I		I		I					M	False	False	(0, 4, 1)	()	0	0	major	major	I	I, major	I		I	I	False	I	I, major		I, major		I	-4	-4	-4	0	0	0	True	True	True
0	12	51	-3	E	-1	3	4	2	1	True	1.0	-4	1	1	1	1a	0	3/8	True	3	True			{	False	0	Ab.I{		Ab	I		I		I					M	False	False	(0, 4, 1)	()	0	0	major	major	I	I, major	I		I	I	False	I	I, major		I, major		I	-4	-4	-4	1	1	1	True	False	False
0	12	68	-4	A	-1	3	4	1	1	True	1.0	-4	1	1	1	1a	0	3/8	True	4	True			{	False	0	Ab.I{		Ab	I		I		I					M	False	False	(0, 4, 1)	()	0	0	major	major	I	I, major	I		I	I	False	I	I, major		I, major		I	-4	-4	-4	0	0	0	True	True	True
0	12	72	0	C	0	3	4	1	1	True	1.0	-4	1	1	1	1a	0	3/8	True	5	True			{	False	0	Ab.I{		Ab	I		I		I					M	False	False	(0, 4, 1)	()	0	0	major	major	I	I, major	I		I	I	False	I	I, major		I, major		I	-4	-4	-4	4	4	4	True	False	False
12	4	48	0	C	0	3	4	2	1	True	2.5	-4	1	1	1	1a	3/2	1/8	False	3	True				False	1	I6		Ab	I		I6		I		6			M	False	False	(4, 1, 0)	()	0	4	major	major	I	I, major	I		I	I	False	I6	I6, major		I6, major		I	-4	-4	-4	4	4	4	True	False	True
12	4	51	-3	E	-1	3	4	2	1	True	2.5	-4	1	1	1	1a	3/2	1/8	False	3	True				False	1	I6		Ab	I		I6		I		6			M	False	False	(4, 1, 0)	()	0	4	major	major	I	I, major	I		I	I	False	I6	I6, major		I6, major		I	-4	-4	-4	1	1	1	True	False	False
12	4	63	-3	E	-1	3	4	1	1	True	2.5	-4	1	1	1	1a	3/2	1/8	False	4	True				False	1	I6		Ab	I		I6		I		6			M	False	False	(4, 1, 0)	()	0	4	major	major	I	I, major	I		I	I	False	I6	I6, major		I6, major		I	-4	-4	-4	1	1	1	True	False	False
12	4	68	-4	A	-1	3	4	1	1	True	2.5	-4	1	1	1	1a	3/2	1/8	False	4	True				False	1	I6		Ab	I		I6		I		6			M	False	False	(4, 1, 0)	()	0	4	major	major	I	I, major	I		I	I	False	I6	I6, major		I6, major		I	-4	-4	-4	0	0	0	True	True	False
16	6	48	0	C	0	3	4	2	1	True	3.0	-4	1	1	1	1a	2	3/16	False	3	False				False	1	I6		Ab	I		I6		I		6			M	False	False	(4, 1, 0)	()	0	4	major	major	I	I, major	I		I	I	False	I6	I6, major		I6, major		I	-4	-4	-4	4	4	4	True	False	True
16	6	51	-3	E	-1	3	4	2	1	True	3.0	-4	1	1	1	1a	2	3/16	False	3	False				False	1	I6		Ab	I		I6		I		6			M	False	False	(4, 1, 0)	()	0	4	major	major	I	I, major	I		I	I	False	I6	I6, major		I6, major		I	-4	-4	-4	1	1	1	True	False	False
16	6	63	-3	E	-1	3	4	1	1	True	3.0	-4	1	1	1	1a	2	3/16	False	4	False				False	1	I6		Ab	I		I6		I		6			M	False	False	(4, 1, 0)	()	0	4	major	major	I	I, major	I		I	I	False	I6	I6, major		I6, major		I	-4	-4	-4	1	1	1	True	False	False
16	6	68	-4	A	-1	3	4	1	1	True	3.0	-4	1	1	1	1a	2	3/16	False	4	False				False	1	I6		Ab	I		I6		I		6			M	False	False	(4, 1, 0)	()	0	4	major	major	I	I, major	I		I	I	False	I6	I6, major		I6, major		I	-4	-4	-4	0	0	0	True	True	False
22	2	48	0	C	0	3	4	2	1	True	3.75	-4	1	1	1	1a	11/4	1/16	False	3	False				False	1	I6		Ab	I		I6		I		6			M	False	False	(4, 1, 0)	()	0	4	major	major	I	I, major	I		I	I	False	I6	I6, major		I6, major		I	-4	-4	-4	4	4	4	True	False	True
22	2	51	-3	E	-1	3	4	2	1	True	3.75	-4	1	1	1	1a	11/4	1/16	False	3	False				False	1	I6		Ab	I		I6		I		6			M	False	False	(4, 1, 0)	()	0	4	major	major	I	I, major	I		I	I	False	I6	I6, major		I6, major		I	-4	-4	-4	1	1	1	True	False	False
22	2	63	-3	E	-1	3	4	1	1	True	3.75	-4	1	1	1	1a	11/4	1/16	False	4	False				False	1	I6		Ab	I		I6		I		6			M	False	False	(4, 1, 0)	()	0	4	major	major	I	I, major	I		I	I	False	I6	I6, major		I6, major		I	-4	-4	-4	1	1	1	True	False	False
22	2	68	-4	A	-1	3	4	1	1	True	3.75	-4	1	1	1	1a	11/4	1/16	False	4	False				False	1	I6		Ab	I		I6		I		6			M	False	False	(4, 1, 0)	()	0	4	major	major	I	I, major	I		I	I	False	I6	I6, major		I6, major		I	-4	-4	-4	0	0	0	True	True	False
24	8	46	-2	B	-1	3	4	2	1	True	1.0	-4	2	2	2	2a	3	1/4	False	2	True				False	2	V43		Ab	I		V43		V		43			Mm7	False	False	(2, -1, 1, 5)	()	1	2	major	major	I	I, major	V		I	I	False	V43	V43, major		V43, major		V	-4	-4	-4	2	2	2	True	False	True
24	8	51	-3	E	-1	3	4	2	1	True	1.0	-4	2	2	2	2a	3	1/4	False	3	True				False	2	V43		Ab	I		V43		V		43			Mm7	False	False	(2, -1, 1, 5)	()	1	2	major	major	I	I, major	V		I	I	False	V43	V43, major		V43, major		V	-4	-4	-4	1	1	1	True	True	False
24	8	67	1	G	0	3	4	1	1	True	1.0	-4	2	2	2	2a	3	1/4	False	4	True				False	2	V43		Ab	I		V43		V		43			Mm7	False	False	(2, -1, 1, 5)	()	1	2	major	major	I	I, major	V		I	I	False	V43	V43, major		V43, major		V	-4	-4	-4	5	5	5	True	False	False
24	8	73	-5	D	-1	3	4	1	1	True	1.0	-4	2	2	2	2a	3	1/4	False	5	True				False	2	V43		Ab	I		V43		V		43			Mm7	False	False	(2, -1, 1, 5)	()	1	2	major	major	I	I, major	V		I	I	False	V43	V43, major		V43, major		V	-4	-4	-4	-1	-1	-1	True	False	False
32	16	49	-5	D	-1	3	4	2	1	True	2.0	-4	2	2	2	2a	4	1/2	False	3	True				False	3	V2		Ab	I		V2		V		2			Mm7	False	False	(-1, 1, 5, 2)	()	1	-1	major	major	I	I, major	V		I	I	False	V2	V2, major		V2, major		V	-4	-4	-4	-1	-1	-1	True	False	True
32	16	51	-3	E	-1	3	4	2	1	True	2.0	-4	2	2	2	2a	4	1/2	False	3	True				False	3	V2		Ab	I		V2		V		2			Mm7	False	False	(-1, 1, 5, 2)	()	1	-1	major	major	I	I, major	V		I	I	False	V2	V2, major		V2, major		V	-4	-4	-4	1	1	1	True	True	False
32	16	67	1	G	0	3	4	1	1	True	2.0	-4	2	2	2	2a	4	1/2	False	4	True				False	3	V2		Ab	I		V2		V		2			Mm7	False	False	(-1, 1, 5, 2)	()	1	-1	major	major	I	I, major	V		I	I	False	V2	V2, major		V2, major		V	-4	-4	-4	5	5	5	True	False	False
32	16	70	-2	B	-1	3	4	1	1	True	2.0	-4	2	2	2	2a	4	1/2	False	4	True				False	3	V2		Ab	I		V2		V		2			Mm7	False	False	(-1, 1, 5, 2)	()	1	-1	major	major	I	I, major	V		I	I	False	V2	V2, major		V2, major		V	-4	-4	-4	2	2	2	True	False	False
48	12	48	0	C	0	3	4	2	2	True	1.0	-4	3	3	3	3a	6	3/8	False	3	True				False	4	I6		Ab	I		I6		I		6			M	False	False	(4, 1, 0)	()	0	4	major	major	I	I, major	I		I	I	False	I6	I6, major		I6, major		I	-4	-4	-4	4	4	4	True	False	True
48	4	51	-3	E	-1	3	4	2	1	True	1.0	-4	3	3	3	3a	6	1/8	False	3	True				False	4	I6		Ab	I		I6		I		6			M	False	False	(4, 1, 0)	()	0	4	major	major	I	I, major	I		I	I	False	I6	I6, major		I6, major		I	-4	-4	-4	1	1	1	True	False	False
48	12	68	-4	A	-1	3	4	1	1	True	1.0	-4	3	3	3	3a	6	3/8	False	4	True				False	4	I6		Ab	I		I6		I		6			M	False	False	(4, 1, 0)	()	0	4	major	major	I	I, major	I		I	I	False	I6	I6, major		I6, major		I	-4	-4	-4	0	0	0	True	True	False
48	12	75	-3	E	-1	3	4	1	1	True	1.0	-4	3	3	3	3a	6	3/8	False	5	True				False	4	I6		Ab	I		I6		I		6			M	False	False	(4, 1, 0)	()	0	4	major	major	I	I, major	I		I	I	False	I6	I6, major		I6, major		I	-4	-4	-4	1	1	1	True	False	False
52	4	56	-4	A	-1	3	4	2	1	True	1.5	-4	3	3	3	3a	13/2	1/8	False	3	False				False	4	I6		Ab	I		I6		I		6			M	False	False	(4, 1, 0)	()	0	4	major	major	I	I, major	I		I	I	False	I6	I6, major		I6, major		I	-4	-4	-4	0	0	0	True	True	False
56	4	60	0	C	0	3	4	2	1	True	2.0	-4	3	3	3	3a	7	1/8	False	4	False				False	4	I6		Ab	I		I6		I		6			M	False	False	(4, 1, 0)	()	0	4	major	major	I	I, major	I		I	I	False	I6	I6, major		I6, major		I	-4	-4	-4	4	4	4	True	False	True
60	4	53	-1	F	0	3	4	2	2	True	2.5	-4	3	3	3	3a	15/2	1/8	False	3	True				False	5	ii43		Ab	I		ii43		ii		43			mm7	False	False	(3, 0, 2, -1)	()	2	3	major	major	I	I, major	ii		I	I	False	ii43	ii43, major		ii43, major		ii	-4	-4	-4	3	3	3	True	False	True
60	4	58	-2	B	-1	3	4	2	1	True	2.5	-4	3	3	3	3a	15/2	1/8	False	3	True				False	5	ii43		Ab	I		ii43		ii		43			mm7	False	False	(3, 0, 2, -1)	()	2	3	major	major	I	I, major	ii		I	I	False	ii43	ii43, major		ii43, major		ii	-4	-4	-4	2	2	2	True	True	False
60	4	68	-4	A	-1	3	4	1	1	True	2.5	-4	3	3	3	3a	15/2	1/8	False	4	True				False	5	ii43		Ab	I		ii43		ii		43			mm7	False	False	(3, 0, 2, -1)	()	2	3	major	major	I	I, major	ii		I	I	False	ii43	ii43, major		ii43, major		ii	-4	-4	-4	0	0	0	True	False	False
60	4	73	-5	D	-1	3	4	1	1	True	2.5	-4	3	3	3	3a	15/2	1/8	False	5	True				False	5	ii43		Ab	I		ii43		ii		43			mm7	False	False	(3, 0, 2, -1)	()	2	3	major	major	I	I, major	ii		I	I	False	ii43	ii43, major		ii43, major		ii	-4	-4	-4	-1	-1	-1	True	False	False
64	4	51	-3	E	-1	3	4	2	2	True	3.0	-4	3	3	3	3a	8	1/8	False	3	True				False	6	I64		Ab	I		I64		I		64			M	False	False	(1, 0, 4)	()	0	1	major	major	I	I, major	I		I	I	False	I64	I64, major		I64, major		I	-4	-4	-4	1	1	1	True	False	True
64	4	60	0	C	0	3	4	2	1	True	3.0	-4	3	3	3	3a	8	1/8	False	4	True				False	6	I64		Ab	I		I64		I		64			M	False	False	(1, 0, 4)	()	0	1	major	major	I	I, major	I		I	I	False	I64	I64, major		I64, major		I	-4	-4	-4	4	4	4	True	False	False
64	4	68	-4	A	-1	3	4	1	1	True	3.0	-4	3	3	3	3a	8	1/8	False	4	True				False	6	I64		Ab	I		I64		I		64			M	False	False	(1, 0, 4)	()	0	1	major	major	I	I, major	I		I	I	False	I64	I64, major		I64, major		I	-4	-4	-4	0	0	0	True	True	False
64	4	75	-3	E	-1	3	4	1	1	True	3.0	-4	3	3	3	3a	8	1/8	False	5	True				False	6	I64		Ab	I		I64		I		64			M	False	False	(1, 0, 4)	()	0	1	major	major	I	I, major	I		I	I	False	I64	I64, major		I64, major		I	-4	-4	-4	1	1	1	True	False	True
68	4	49	-5	D	-1	3	4	2	2	True	3.5	-4	3	3	3	3a	17/2	1/8	False	3	True				False	7	IV		Ab	I		IV		IV					M	False	False	(-1, 3, 0)	()	-1	-1	major	major	I	I, major	IV		I	I	False	IV	IV, major		IV, major		IV	-4	-4	-4	-1	-1	-1	True	True	True
68	4	61	-5	D	-1	3	4	2	1	True	3.5	-4	3	3	3	3a	17/2	1/8	False	4	True				False	7	IV		Ab	I		IV		IV					M	False	False	(-1, 3, 0)	()	-1	-1	major	major	I	I, major	IV		I	I	False	IV	IV, major		IV, major		IV	-4	-4	-4	-1	-1	-1	True	True	True
68	4	68	-4	A	-1	3	4	1	1	True	3.5	-4	3	3	3	3a	17/2	1/8	False	4	True				False	7	IV		Ab	I		IV		IV					M	False	False	(-1, 3, 0)	()	-1	-1	major	major	I	I, major	IV		I	I	False	IV	IV, major		IV, major		IV	-4	-4	-4	0	0	0	True	False	False
68	4	77	-1	F	0	3	4	1	1	True	3.5	-4	3	3	3	3a	17/2	1/8	False	5	True				False	7	IV		Ab	I		IV		IV					M	False	False	(-1, 3, 0)	()	-1	-1	major	major	I	I, major	IV		I	I	False	IV	IV, major		IV, major		IV	-4	-4	-4	3	3	3	True	False	False
72	8	51	-3	E	-1	3	4	2	1	True	1.0	-4	4	4	4	4a	9	1/4	False	3	True				False	8	V		Ab	I		V		V					M	False	False	(1, 5, 2)	()	1	1	major	major	I	I, major	V		I	I	False	V	V, major		V, major		V	-4	-4	-4	1	1	1	True	True	True
72	8	58	-2	B	-1	3	4	2	1	True	1.0	-4	4	4	4	4a	9	1/4	False	3	True				False	8	V		Ab	I		V		V					M	False	False	(1, 5, 2)	()	1	1	major	major	I	I, major	V		I	I	False	V	V, major		V, major		V	-4	-4	-4	2	2	2	True	False	False
72	8	67	1	G	0	3	4	1	2	True	1.0	-4	4	4	4	4a	9	1/4	False	4	True				False	8	V		Ab	I		V		V					M	False	False	(1, 5, 2)	()	1	1	major	major	I	I, major	V		I	I	False	V	V, major		V, major		V	-4	-4	-4	5	5	5	True	False	False
72	6	75	-3	E	-1	3	4	1	1	True	1.0	-4	4	4	4	4a	9	3/16	False	5	True				False	8	V		Ab	I		V		V					M	False	False	(1, 5, 2)	()	1	1	major	major	I	I, major	V		I	I	False	V	V, major		V, major		V	-4	-4	-4	1	1	1	True	True	True
78	2	74	2	D	0	3	4	1	1	True	1.75	-4	4	4	4	4a	39/4	1/16	False	5	False				False	8	V		Ab	I		V		V					M	False	False	(1, 5, 2)	()	1	1	major	major	I	I, major	V		I	I	False	V	V, major		V, major		V	-4	-4	-4	6	6	6	False	False	False
80	4	51	-3	E	-1	3	4	2	1	True	2.0	-4	4	4	4	4a	10	1/8	False	3	True				False	9	V7		Ab	I		V7		V		7			Mm7	False	False	(1, 5, 2, -1)	()	1	1	major	major	I	I, major	V		I	I	False	V7	V7, major		V7, major		V	-4	-4	-4	1	1	1	True	True	True
80	4	58	-2	B	-1	3	4	2	1	True	2.0	-4	4	4	4	4a	10	1/8	False	3	True				False	9	V7		Ab	I		V7		V		7			Mm7	False	False	(1, 5, 2, -1)	()	1	1	major	major	I	I, major	V		I	I	False	V7	V7, major		V7, major		V	-4	-4	-4	2	2	2	True	False	False
80	4	67	1	G	0	3	4	1	2	True	2.0	-4	4	4	4	4a	10	1/8	False	4	True				False	9	V7		Ab	I		V7		V		7			Mm7	False	False	(1, 5, 2, -1)	()	1	1	major	major	I	I, major	V		I	I	False	V7	V7, major		V7, major		V	-4	-4	-4	5	5	5	True	False	False
80	4	73	-5	D	-1	3	4	1	1	True	2.0	-4	4	4	4	4a	10	1/8	False	5	True				False	9	V7		Ab	I		V7		V		7			Mm7	False	False	(1, 5, 2, -1)	()	1	1	major	major	I	I, major	V		I	I	False	V7	V7, major		V7, major		V	-4	-4	-4	-1	-1	-1	True	False	False
84	1	73	-5	D	-1	3	4	1	2	False	2.5	-4	4	4	4	4a	21/2	1/32	False	5	False				False	9	V7		Ab	I		V7		V		7			Mm7	False	False	(1, 5, 2, -1)	()	1	1	major	major	I	I, major	V		I	I	False	V7	V7, major		V7, major		V	-4	-4	-4	-1	-1	-1	True	False	False
85	1	72	0	C	0	3	4	1	2	True	2.625	-4	4	4	4	4a	85/8	1/32	False	5	False				False	9	V7		Ab	I		V7		V		7			Mm7	False	False	(1, 5, 2, -1)	()	1	1	major	major	I	I, major	V		I	I	False	V7	V7, major		V7, major		V	-4	-4	-4	4	4	4	False	False	False
86	1	73	-5	D	-1	3	4	1	2	True	2.75	-4	4	4	4	4a	43/4	1/32	False	5	False				False	9	V7		Ab	I		V7		V		7			Mm7	False	False	(1, 5, 2, -1)	()	1	1	major	major	I	I, major	V		I	I	False	V7	V7, major		V7, major		V	-4	-4	-4	-1	-1	-1	True	False	False
87	1	75	-3	E	-1	3	4	1	2	True	2.875	-4	4	4	4	4a	87/8	1/32	False	5	False				False	9	V7		Ab	I		V7		V		7			Mm7	False	False	(1, 5, 2, -1)	()	1	1	major	major	I	I, major	V		I	I	False	V7	V7, major		V7, major		V	-4	-4	-4	1	1	1	True	True	True
88	0	73	-5	D	-1	3	4	1	2	True	3.0	-4	4	4	4	4a	11	0	False	5	False				False	9	V7		Ab	I		V7		V		7			Mm7	False	False	(1, 5, 2, -1)	()	1	1	major	major	I	I, major	V		I	I	False	V7	V7, major		V7, major		V	-4	-4	-4	-1	-1	-1	True	False	False
88	0	75	-3	E	-1	3	4	1	2	True	3.0	-4	4	4	4	4a	11	0	False	5	False				False	9	V7		Ab	I		V7		V		7			Mm7	False	False	(1, 5, 2, -1)	()	1	1	major	major	I	I, major	V		I	I	False	V7	V7, major		V7, major		V	-4	-4	-4	1	1	1	True	True	True
88	4	77	-1	F	0	3	4	1	2	True	3.0	-4	4	4	4	4a	11	1/8	False	5	False				False	9	V7		Ab	I		V7		V		7			Mm7	False	False	(1, 5, 2, -1)	()	1	1	major	major	I	I, major	V		I	I	False	V7	V7, major		V7, major		V	-4	-4	-4	3	3	3	False	False	False
92	2	75	-3	E	-1	3	4	1	2	True	3.5	-4	4	4	4	4a	23/2	1/16	False	5	False				False	9	V7		Ab	I		V7		V		7			Mm7	False	False	(1, 5, 2, -1)	()	1	1	major	major	I	I, major	V		I	I	False	V7	V7, major		V7, major		V	-4	-4	-4	1	1	1	True	True	True
94	2	73	-5	D	-1	3	4	1	2	True	3.75	-4	4	4	4	4a	47/4	1/16	False	5	False				False	9	V7		Ab	I		V7		V		7			Mm7	False	False	(1, 5, 2, -1)	()	1	1	major	major	I	I, major	V		I	I	False	V7	V7, major		V7, major		V	-4	-4	-4	-1	-1	-1	True	False	False
96	2	56	-4	A	-1	3	4	2	1	True	1.0	-4	5	5	5	5a	12	1/16	False	3	True	IAC	IAC	}{	True	10	I|IAC}{		Ab	I		I		I					M	False	False	(0, 4, 1)	()	0	0	major	major	I	I, major	I		I	I	False	I	I, major		I, major		I	-4	-4	-4	0	0	0	True	True	True
96	12	72	0	C	0	3	4	1	1	True	1.0	-4	5	5	5	5a	12	3/8	False	5	True	IAC	IAC	}{	True	10	I|IAC}{		Ab	I		I		I					M	False	False	(0, 4, 1)	()	0	0	major	major	I	I, major	I		I	I	False	I	I, major		I, major		I	-4	-4	-4	4	4	4	True	False	False
98	2	60	0	C	0	3	4	2	1	True	1.25	-4	5	5	5	5a	49/4	1/16	False	4	False				False	10	I|IAC}{		Ab	I		I		I					M	False	False	(0, 4, 1)	()	0	0	major	major	I	I, major	I		I	I	False	I	I, major		I, major		I	-4	-4	-4	4	4	4	True	False	False
98	2	63	-3	E	-1	3	4	2	1	True	1.25	-4	5	5	5	5a	49/4	1/16	False	4	False				False	10	I|IAC}{		Ab	I		I		I					M	False	False	(0, 4, 1)	()	0	0	major	major	I	I, major	I		I	I	False	I	I, major		I, major		I	-4	-4	-4	1	1	1	True	False	False
100	2	60	0	C	0	3	4	2	1	True	1.5	-4	5	5	5	5a	25/2	1/16	False	4	False				False	10	I|IAC}{		Ab	I		I		I					M	False	False	(0, 4, 1)	()	0	0	major	major	I	I, major	I		I	I	False	I	I, major		I, major		I	-4	-4	-4	4	4	4	True	False	False
100	2	63	-3	E	-1	3	4	2	1	True	1.5	-4	5	5	5	5a	25/2	1/16	False	4	False				False	10	I|IAC}{		Ab	I		I		I					M	False	False	(0, 4, 1)	()	0	0	major	major	I	I, major	I		I	I	False	I	I, major		I, major		I	-4	-4	-4	1	1	1	True	False	False
102	2	60	0	C	0	3	4	2	1	True	1.75	-4	5	5	5	5a	51/4	1/16	False	4	False				False	10	I|IAC}{		Ab	I		I		I					M	False	False	(0, 4, 1)	()	0	0	major	major	I	I, major	I		I	I	False	I	I, major		I, major		I	-4	-4	-4	4	4	4	True	False	False
102	2	63	-3	E	-1	3	4	2	1	True	1.75	-4	5	5	5	5a	51/4	1/16	False	4	False				False	10	I|IAC}{		Ab	I		I		I					M	False	False	(0, 4, 1)	()	0	0	major	major	I	I, major	I		I	I	False	I	I, major		I, major		I	-4	-4	-4	1	1	1	True	False	False
104	2	56	-4	A	-1	3	4	2	1	True	2.0	-4	5	5	5	5a	13	1/16	False	3	False				False	10	I|IAC}{		Ab	I		I		I					M	False	False	(0, 4, 1)	()	0	0	major	major	I	I, major	I		I	I	False	I	I, major		I, major		I	-4	-4	-4	0	0	0	True	True	True
106	2	60	0	C	0	3	4	2	1	True	2.25	-4	5	5	5	5a	53/4	1/16	False	4	False				False	10	I|IAC}{		Ab	I		I		I					M	False	False	(0, 4, 1)	()	0	0	major	major	I	I, major	I		I	I	False	I	I, major		I, major		I	-4	-4	-4	4	4	4	True	False	False
106	2	63	-3	E	-1	3	4	2	1	True	2.25	-4	5	5	5	5a	53/4	1/16	False	4	False				False	10	I|IAC}{		Ab	I		I		I					M	False	False	(0, 4, 1)	()	0	0	major	major	I	I, major	I		I	I	False	I	I, major		I, major		I	-4	-4	-4	1	1	1	True	False	False
108	2	60	0	C	0	3	4	2	1	True	2.5	-4	5	5	5	5a	27/2	1/16	False	4	False				False	10	I|IAC}{		Ab	I		I		I					M	False	False	(0, 4, 1)	()	0	0	major	major	I	I, major	I		I	I	False	I	I, major		I, major		I	-4	-4	-4	4	4	4	True	False	False
108	2	63	-3	E	-1	3	4	2	1	True	2.5	-4	5	5	5	5a	27/2	1/16	False	4	False				False	10	I|IAC}{		Ab	I		I		I					M	False	False	(0, 4, 1)	()	0	0	major	major	I	I, major	I		I	I	False	I	I, major		I, major		I	-4	-4	-4	1	1	1	True	False	False
108	8	75	-3	E	-1	3	4	1	1	True	2.5	-4	5	5	5	5a	27/2	1/4	False	5	False				False	10	I|IAC}{		Ab	I		I		I					M	False	False	(0, 4, 1)	()	0	0	major	major	I	I, major	I		I	I	False	I	I, major		I, major		I	-4	-4	-4	1	1	1	True	False	False
110	2	60	0	C	0	3	4	2	1	True	2.75	-4	5	5	5	5a	55/4	1/16	False	4	False				False	10	I|IAC}{		Ab	I		I		I					M	False	False	(0, 4, 1)	()	0	0	major	major	I	I, major	I		I	I	False	I	I, major		I, major		I	-4	-4	-4	4	4	4	True	False	False
110	2	63	-3	E	-1	3	4	2	1	True	2.75	-4	5	5	5	5a	55/4	1/16	False	4	False				False	10	I|IAC}{		Ab	I		I		I					M	False	False	(0, 4, 1)	()	0	0	major	major	I	I, major	I		I	I	False	I	I, major		I, major		I	-4	-4	-4	1	1	1	True	False	False
112	2	56	-4	A	-1	3	4	2	1	True	3.0	-4	5	5	5	5a	14	1/16	False	3	False				False	10	I|IAC}{		Ab	I		I		I					M	False	False	(0, 4, 1)	()	0	0	major	major	I	I, major	I		I	I	False	I	I, major		I, major		I	-4	-4	-4	0	0	0	True	True	True
114	2	60	0	C	0	3	4	2	1	True	3.25	-4	5	5	5	5a	57/4	1/16	False	4	False				False	10	I|IAC}{		Ab	I		I		I					M	False	False	(0, 4, 1)	()	0	0	major	major	I	I, major	I		I	I	False	I	I, major		I, major		I	-4	-4	-4	4	4	4	True	False	False
114	2	63	-3	E	-1	3	4	2	1	True	3.25	-4	5	5	5	5a	57/4	1/16	False	4	False				False	10	I|IAC}{		Ab	I		I		I					M	False	False	(0, 4, 1)	()	0	0	major	major	I	I, major	I		I	I	False	I	I, major		I, major		I	-4	-4	-4	1	1	1	True	False	False
116	2	60	0	C	0	3	4	2	1	True	3.5	-4	5	5	5	5a	29/2	1/16	False	4	False				False	10	I|IAC}{		Ab	I		I		I					M	False	False	(0, 4, 1)	()	0	0	major	major	I	I, major	I		I	I	False	I	I, major		I, major		I	-4	-4	-4	4	4	4	True	False	False
116	2	63	-3	E	-1	3	4	2	1	True	3.5	-4	5	5	5	5a	29/2	1/16	False	4	False				False	10	I|IAC}{		Ab	I		I		I					M	False	False	(0, 4, 1)	()	0	0	major	major	I	I, major	I		I	I	False	I	I, major		I, major		I	-4	-4	-4	1	1	1	True	False	False
116	4	80	-4	A	-1	3	4	1	1	True	3.5	-4	5	5	5	5a	29/2	1/8	False	5	False				False	10	I|IAC}{		Ab	I		I		I					M	False	False	(0, 4, 1)	()	0	0	major	major	I	I, major	I		I	I	False	I	I, major		I, major		I	-4	-4	-4	0	0	0	True	True	True
118	2	60	0	C	0	3	4	2	1	True	3.75	-4	5	5	5	5a	59/4	1/16	False	4	False				False	10	I|IAC}{		Ab	I		I		I					M	False	False	(0, 4, 1)	()	0	0	major	major	I	I, major	I		I	I	False	I	I, major		I, major		I	-4	-4	-4	4	4	4	True	False	False
118	2	63	-3	E	-1	3	4	2	1	True	3.75	-4	5	5	5	5a	59/4	1/16	False	4	False				False	10	I|IAC}{		Ab	I		I		I					M	False	False	(0, 4, 1)	()	0	0	major	major	I	I, major	I		I	I	False	I	I, major		I, major		I	-4	-4	-4	1	1	1	True	False	False
120	2	58	-2	B	-1	3	4	2	1	True	1.0	-4	6	6	6	6a	15	1/16	False	3	True				False	11	V43(4)		Ab	I		V43(4)		V		43	4		Mm7	False	False	(2, -1, 1, 0)	()	1	2	major	major	I	I, major	V		I	I	False	V43	V43, major		V43(4), major		V	-4	-4	-4	2	2	2	True	False	True
120	8	80	-4	A	-1	3	4	1	1	True	1.0	-4	6	6	6	6a	15	1/4	False	5	True				False	11	V43(4)		Ab	I		V43(4)		V		43	4		Mm7	False	False	(2, -1, 1, 0)	()	1	2	major	major	I	I, major	V		I	I	False	V43	V43, major		V43(4), major		V	-4	-4	-4	0	0	0	True	False	False
122	2	61	-5	D	-1	3	4	2	1	True	1.25	-4	6	6	6	6a	61/4	1/16	False	4	False				False	11	V43(4)		Ab	I		V43(4)		V		43	4		Mm7	False	False	(2, -1, 1, 0)	()	1	2	major	major	I	I, major	V		I	I	False	V43	V43, major		V43(4), major		V	-4	-4	-4	-1	-1	-1	True	False	False
122	2	63	-3	E	-1	3	4	2	1	True	1.25	-4	6	6	6	6a	61/4	1/16	False	4	False				False	11	V43(4)		Ab	I		V43(4)		V		43	4		Mm7	False	False	(2, -1, 1, 0)	()	1	2	major	major	I	I, major	V		I	I	False	V43	V43, major		V43(4), major		V	-4	-4	-4	1	1	1	True	True	False
124	2	61	-5	D	-1	3	4	2	1	True	1.5	-4	6	6	6	6a	31/2	1/16	False	4	False				False	11	V43(4)		Ab	I		V43(4)		V		43	4		Mm7	False	False	(2, -1, 1, 0)	()	1	2	major	major	I	I, major	V		I	I	False	V43	V43, major		V43(4), major		V	-4	-4	-4	-1	-1	-1	True	False	False
124	2	63	-3	E	-1	3	4	2	1	True	1.5	-4	6	6	6	6a	31/2	1/16	False	4	False				False	11	V43(4)		Ab	I		V43(4)		V		43	4		Mm7	False	False	(2, -1, 1, 0)	()	1	2	major	major	I	I, major	V		I	I	False	V43	V43, major		V43(4), major		V	-4	-4	-4	1	1	1	True	True	False
126	2	61	-5	D	-1	3	4	2	1	True	1.75	-4	6	6	6	6a	63/4	1/16	False	4	False				False	11	V43(4)		Ab	I		V43(4)		V		43	4		Mm7	False	False	(2, -1, 1, 0)	()	1	2	major	major	I	I, major	V		I	I	False	V43	V43, major		V43(4), major		V	-4	-4	-4	-1	-1	-1	True	False	False
126	2	63	-3	E	-1	3	4	2	1	True	1.75	-4	6	6	6	6a	63/4	1/16	False	4	False				False	11	V43(4)		Ab	I		V43(4)		V		43	4		Mm7	False	False	(2, -1, 1, 0)	()	1	2	major	major	I	I, major	V		I	I	False	V43	V43, major		V43(4), major		V	-4	-4	-4	1	1	1	True	True	False
128	2	58	-2	B	-1	3	4	2	1	True	2.0	-4	6	6	6	6a	16	1/16	False	3	True				False	12	V43		Ab	I		V43		V		43			Mm7	False	False	(2, -1, 1, 5)	()	1	2	major	major	I	I, major	V		I	I	False	V43	V43, major		V43, major		V	-4	-4	-4	2	2	2	True	False	True
128	16	79	1	G	0	3	4	1	1	True	2.0	-4	6	6	6	6a	16	1/2	False	5	True				False	12	V43		Ab	I		V43		V		43			Mm7	False	False	(2, -1, 1, 5)	()	1	2	major	major	I	I, major	V		I	I	False	V43	V43, major		V43, major		V	-4	-4	-4	5	5	5	True	False	False
130	2	61	-5	D	-1	3	4	2	1	True	2.25	-4	6	6	6	6a	65/4	1/16	False	4	False				False	12	V43		Ab	I		V43		V		43			Mm7	False	False	(2, -1, 1, 5)	()	1	2	major	major	I	I, major	V		I	I	False	V43	V43, major		V43, major		V	-4	-4	-4	-1	-1	-1	True	False	False
130	2	63	-3	E	-1	3	4	2	1	True	2.25	-4	6	6	6	6a	65/4	1/16	False	4	False				False	12	V43		Ab	I		V43		V		43			Mm7	False	False	(2, -1, 1, 5)	()	1	2	major	major	I	I, major	V		I	I	False	V43	V43, major		V43, major		V	-4	-4	-4	1	1	1	True	True	False
132	2	61	-5	D	-1	3	4	2	1	True	2.5	-4	6	6	6	6a	33/2	1/16	False	4	False				False	12	V43		Ab	I		V43		V		43			Mm7	False	False	(2, -1, 1, 5)	()	1	2	major	major	I	I, major	V		I	I	False	V43	V43, major		V43, major		V	-4	-4	-4	-1	-1	-1	True	False	False
132	2	63	-3	E	-1	3	4	2	1	True	2.5	-4	6	6	6	6a	33/2	1/16	False	4	False				False	12	V43		Ab	I		V43		V		43			Mm7	False	False	(2, -1, 1, 5)	()	1	2	major	major	I	I, major	V		I	I	False	V43	V43, major		V43, major		V	-4	-4	-4	1	1	1	True	True	False
134	2	61	-5	D	-1	3	4	2	1	True	2.75	-4	6	6	6	6a	67/4	1/16	False	4	False				False	12	V43		Ab	I		V43		V		43			Mm7	False	False	(2, -1, 1, 5)	()	1	2	major	major	I	I, major	V		I	I	False	V43	V43, major		V43, major		V	-4	-4	-4	-1	-1	-1	True	False	False
134	2	63	-3	E	-1	3	4	2	1	True	2.75	-4	6	6	6	6a	67/4	1/16	False	4	False				False	12	V43		Ab	I		V43		V		43			Mm7	False	False	(2, -1, 1, 5)	()	1	2	major	major	I	I, major	V		I	I	False	V43	V43, major		V43, major		V	-4	-4	-4	1	1	1	True	True	False
136	2	58	-2	B	-1	3	4	2	1	True	3.0	-4	6	6	6	6a	17	1/16	False	3	False				False	12	V43		Ab	I		V43		V		43			Mm7	False	False	(2, -1, 1, 5)	()	1	2	major	major	I	I, major	V		I	I	False	V43	V43, major		V43, major		V	-4	-4	-4	2	2	2	True	False	True
138	2	61	-5	D	-1	3	4	2	1	True	3.25	-4	6	6	6	6a	69/4	1/16	False	4	False				False	12	V43		Ab	I		V43		V		43			Mm7	False	False	(2, -1, 1, 5)	()	1	2	major	major	I	I, major	V		I	I	False	V43	V43, major		V43, major		V	-4	-4	-4	-1	-1	-1	True	False	False
138	2	63	-3	E	-1	3	4	2	1	True	3.25	-4	6	6	6	6a	69/4	1/16	False	4	False				False	12	V43		Ab	I		V43		V		43			Mm7	False	False	(2, -1, 1, 5)	()	1	2	major	major	I	I, major	V		I	I	False	V43	V43, major		V43, major		V	-4	-4	-4	1	1	1	True	True	False
140	2	61	-5	D	-1	3	4	2	1	True	3.5	-4	6	6	6	6a	35/2	1/16	False	4	False				False	12	V43		Ab	I		V43		V		43			Mm7	False	False	(2, -1, 1, 5)	()	1	2	major	major	I	I, major	V		I	I	False	V43	V43, major		V43, major		V	-4	-4	-4	-1	-1	-1	True	False	False
140	2	63	-3	E	-1	3	4	2	1	True	3.5	-4	6	6	6	6a	35/2	1/16	False	4	False				False	12	V43		Ab	I		V43		V		43			Mm7	False	False	(2, -1, 1, 5)	()	1	2	major	major	I	I, major	V		I	I	False	V43	V43, major		V43, major		V	-4	-4	-4	1	1	1	True	True	False
142	2	61	-5	D	-1	3	4	2	1	True	3.75	-4	6	6	6	6a	71/4	1/16	False	4	False				False	12	V43		Ab	I		V43		V		43			Mm7	False	False	(2, -1, 1, 5)	()	1	2	major	major	I	I, major	V		I	I	False	V43	V43, major		V43, major		V	-4	-4	-4	-1	-1	-1	True	False	False
142	2	63	-3	E	-1	3	4	2	1	True	3.75	-4	6	6	6	6a	71/4	1/16	False	4	False				False	12	V43		Ab	I		V43		V		43			Mm7	False	False	(2, -1, 1, 5)	()	1	2	major	major	I	I, major	V		I	I	False	V43	V43, major		V43, major		V	-4	-4	-4	1	1	1	True	True	False
144	2	61	-5	D	-1	3	4	2	1	True	1.0	-4	7	7	7	7a	18	1/16	False	4	True				False	13	V2		Ab	I		V2		V		2			Mm7	False	False	(-1, 1, 5, 2)	()	1	-1	major	major	I	I, major	V		I	I	False	V2	V2, major		V2, major		V	-4	-4	-4	-1	-1	-1	True	False	True
144	12	82	-2	B	-1	3	4	1	1	True	1.0	-4	7	7	7	7a	18	3/8	False	5	True				False	13	V2		Ab	I		V2		V		2			Mm7	False	False	(-1, 1, 5, 2)	()	1	-1	major	major	I	I, major	V		I	I	False	V2	V2, major		V2, major		V	-4	-4	-4	2	2	2	True	False	False
146	2	63	-3	E	-1	3	4	2	1	True	1.25	-4	7	7	7	7a	73/4	1/16	False	4	False				False	13	V2		Ab	I		V2		V		2			Mm7	False	False	(-1, 1, 5, 2)	()	1	-1	major	major	I	I, major	V		I	I	False	V2	V2, major		V2, major		V	-4	-4	-4	1	1	1	True	True	False
146	2	67	1	G	0	3	4	2	1	True	1.25	-4	7	7	7	7a	73/4	1/16	False	4	False				False	13	V2		Ab	I		V2		V		2			Mm7	False	False	(-1, 1, 5, 2)	()	1	-1	major	major	I	I, major	V		I	I	False	V2	V2, major		V2, major		V	-4	-4	-4	5	5	5	True	False	False
146	2	70	-2	B	-1	3	4	2	1	True	1.25	-4	7	7	7	7a	73/4	1/16	False	4	False				False	13	V2		Ab	I		V2		V		2			Mm7	False	False	(-1, 1, 5, 2)	()	1	-1	major	major	I	I, major	V		I	I	False	V2	V2, major		V2, major		V	-4	-4	-4	2	2	2	True	False	False
148	2	63	-3	E	-1	3	4	2	1	True	1.5	-4	7	7	7	7a	37/2	1/16	False	4	False				False	13	V2		Ab	I		V2		V		2			Mm7	False	False	(-1, 1, 5, 2)	()	1	-1	major	major	I	I, major	V		I	I	False	V2	V2, major		V2, major		V	-4	-4	-4	1	1	1	True	True	False
148	2	67	1	G	0	3	4	2	1	True	1.5	-4	7	7	7	7a	37/2	1/16	False	4	False				False	13	V2		Ab	I		V2		V		2			Mm7	False	False	(-1, 1, 5, 2)	()	1	-1	major	major	I	I, major	V		I	I	False	V2	V2, major		V2, major		V	-4	-4	-4	5	5	5	True	False	False
148	2	70	-2	B	-1	3	4	2	1	True	1.5	-4	7	7	7	7a	37/2	1/16	False	4	False				False	13	V2		Ab	I		V2		V		2			Mm7	False	False	(-1, 1, 5, 2)	()	1	-1	major	major	I	I, major	V		I	I	False	V2	V2, major		V2, major		V	-4	-4	-4	2	2	2	True	False	False
150	2	63	-3	E	-1	3	4	2	1	True	1.75	-4	7	7	7	7a	75/4	1/16	False	4	False				False	13	V2		Ab	I		V2		V		2			Mm7	False	False	(-1, 1, 5, 2)	()	1	-1	major	major	I	I, major	V		I	I	False	V2	V2, major		V2, major		V	-4	-4	-4	1	1	1	True	True	False
150	2	67	1	G	0	3	4	2	1	True	1.75	-4	7	7	7	7a	75/4	1/16	False	4	False				False	13	V2		Ab	I		V2		V		2			Mm7	False	False	(-1, 1, 5, 2)	()	1	-1	major	major	I	I, major	V		I	I	False	V2	V2, major		V2, major		V	-4	-4	-4	5	5	5	True	False	False
150	2	70	-2	B	-1	3	4	2	1	True	1.75	-4	7	7	7	7a	75/4	1/16	False	4	False				False	13	V2		Ab	I		V2		V		2			Mm7	False	False	(-1, 1, 5, 2)	()	1	-1	major	major	I	I, major	V		I	I	False	V2	V2, major		V2, major		V	-4	-4	-4	2	2	2	True	False	False
152	2	61	-5	D	-1	3	4	2	1	True	2.0	-4	7	7	7	7a	19	1/16	False	4	False				False	13	V2		Ab	I		V2		V		2			Mm7	False	False	(-1, 1, 5, 2)	()	1	-1	major	major	I	I, major	V		I	I	False	V2	V2, major		V2, major		V	-4	-4	-4	-1	-1	-1	True	False	True
154	2	63	-3	E	-1	3	4	2	1	True	2.25	-4	7	7	7	7a	77/4	1/16	False	4	False				False	13	V2		Ab	I		V2		V		2			Mm7	False	False	(-1, 1, 5, 2)	()	1	-1	major	major	I	I, major	V		I	I	False	V2	V2, major		V2, major		V	-4	-4	-4	1	1	1	True	True	False
154	2	67	1	G	0	3	4	2	1	True	2.25	-4	7	7	7	7a	77/4	1/16	False	4	False				False	13	V2		Ab	I		V2		V		2			Mm7	False	False	(-1, 1, 5, 2)	()	1	-1	major	major	I	I, major	V		I	I	False	V2	V2, major		V2, major		V	-4	-4	-4	5	5	5	True	False	False
154	2	70	-2	B	-1	3	4	2	1	True	2.25	-4	7	7	7	7a	77/4	1/16	False	4	False				False	13	V2		Ab	I		V2		V		2			Mm7	False	False	(-1, 1, 5, 2)	()	1	-1	major	major	I	I, major	V		I	I	False	V2	V2, major		V2, major		V	-4	-4	-4	2	2	2	True	False	False
156	2	63	-3	E	-1	3	4	2	1	True	2.5	-4	7	7	7	7a	39/2	1/16	False	4	False				False	13	V2		Ab	I		V2		V		2			Mm7	False	False	(-1, 1, 5, 2)	()	1	-1	major	major	I	I, major	V		I	I	False	V2	V2, major		V2, major		V	-4	-4	-4	1	1	1	True	True	False
156	2	67	1	G	0	3	4	2	1	True	2.5	-4	7	7	7	7a	39/2	1/16	False	4	False				False	13	V2		Ab	I		V2		V		2			Mm7	False	False	(-1, 1, 5, 2)	()	1	-1	major	major	I	I, major	V		I	I	False	V2	V2, major		V2, major		V	-4	-4	-4	5	5	5	True	False	False
156	2	70	-2	B	-1	3	4	2	1	True	2.5	-4	7	7	7	7a	39/2	1/16	False	4	False				False	13	V2		Ab	I		V2		V		2			Mm7	False	False	(-1, 1, 5, 2)	()	1	-1	major	major	I	I, major	V		I	I	False	V2	V2, major		V2, major		V	-4	-4	-4	2	2	2	True	False	False
156	8	79	1	G	0	3	4	1	1	True	2.5	-4	7	7	7	7a	39/2	1/4	False	5	False				False	13	V2		Ab	I		V2		V		2			Mm7	False	False	(-1, 1, 5, 2)	()	1	-1	major	major	I	I, major	V		I	I	False	V2	V2, major		V2, major		V	-4	-4	-4	5	5	5	True	False	False
158	2	63	-3	E	-1	3	4	2	1	True	2.75	-4	7	7	7	7a	79/4	1/16	False	4	False				False	13	V2		Ab	I		V2		V		2			Mm7	False	False	(-1, 1, 5, 2)	()	1	-1	major	major	I	I, major	V		I	I	False	V2	V2, major		V2, major		V	-4	-4	-4	1	1	1	True	True	False
158	2	67	1	G	0	3	4	2	1	True	2.75	-4	7	7	7	7a	79/4	1/16	False	4	False				False	13	V2		Ab	I		V2		V		2			Mm7	False	False	(-1, 1, 5, 2)	()	1	-1	major	major	I	I, major	V		I	I	False	V2	V2, major		V2, major		V	-4	-4	-4	5	5	5	True	False	False
158	2	70	-2	B	-1	3	4	2	1	True	2.75	-4	7	7	7	7a	79/4	1/16	False	4	False				False	13	V2		Ab	I		V2		V		2			Mm7	False	False	(-1, 1, 5, 2)	()	1	-1	major	major	I	I, major	V		I	I	False	V2	V2, major		V2, major		V	-4	-4	-4	2	2	2	True	False	False
160	2	61	-5	D	-1	3	4	2	1	True	3.0	-4	7	7	7	7a	20	1/16	False	4	False				False	13	V2		Ab	I		V2		V		2			Mm7	False	False	(-1, 1, 5, 2)	()	1	-1	major	major	I	I, major	V		I	I	False	V2	V2, major		V2, major		V	-4	-4	-4	-1	-1	-1	True	False	True
162	2	63	-3	E	-1	3	4	2	1	True	3.25	-4	7	7	7	7a	81/4	1/16	False	4	False				False	13	V2		Ab	I		V2		V		2			Mm7	False	False	(-1, 1, 5, 2)	()	1	-1	major	major	I	I, major	V		I	I	False	V2	V2, major		V2, major		V	-4	-4	-4	1	1	1	True	True	False
162	2	67	1	G	0	3	4	2	1	True	3.25	-4	7	7	7	7a	81/4	1/16	False	4	False				False	13	V2		Ab	I		V2		V		2			Mm7	False	False	(-1, 1, 5, 2)	()	1	-1	major	major	I	I, major	V		I	I	False	V2	V2, major		V2, major		V	-4	-4	-4	5	5	5	True	False	False
162	2	70	-2	B	-1	3	4	2	1	True	3.25	-4	7	7	7	7a	81/4	1/16	False	4	False				False	13	V2		Ab	I		V2		V		2			Mm7	False	False	(-1, 1, 5, 2)	()	1	-1	major	major	I	I, major	V		I	I	False	V2	V2, major		V2, major		V	-4	-4	-4	2	2	2	True	False	False
164	2	63	-3	E	-1	3	4	2	1	True	3.5	-4	7	7	7	7a	41/2	1/16	False	4	False				False	13	V2		Ab	I		V2		V		2			Mm7	False	False	(-1, 1, 5, 2)	()	1	-1	major	major	I	I, major	V		I	I	False	V2	V2, major		V2, major		V	-4	-4	-4	1	1	1	True	True	False
164	2	67	1	G	0	3	4	2	1	True	3.5	-4	7	7	7	7a	41/2	1/16	False	4	False				False	13	V2		Ab	I		V2		V		2			Mm7	False	False	(-1, 1, 5, 2)	()	1	-1	major	major	I	I, major	V		I	I	False	V2	V2, major		V2, major		V	-4	-4	-4	5	5	5	True	False	False
164	2	70	-2	B	-1	3	4	2	1	True	3.5	-4	7	7	7	7a	41/2	1/16	False	4	False				False	13	V2		Ab	I		V2		V		2			Mm7	False	False	(-1, 1, 5, 2)	()	1	-1	major	major	I	I, major	V		I	I	False	V2	V2, major		V2, major		V	-4	-4	-4	2	2	2	True	False	False
164	4	75	-3	E	-1	3	4	1	1	True	3.5	-4	7	7	7	7a	41/2	1/8	False	5	False				False	13	V2		Ab	I		V2		V		2			Mm7	False	False	(-1, 1, 5, 2)	()	1	-1	major	major	I	I, major	V		I	I	False	V2	V2, major		V2, major		V	-4	-4	-4	1	1	1	True	True	False
166	2	63	-3	E	-1	3	4	2	1	True	3.75	-4	7	7	7	7a	83/4	1/16	False	4	False				False	13	V2		Ab	I		V2		V		2			Mm7	False	False	(-1, 1, 5, 2)	()	1	-1	major	major	I	I, major	V		I	I	False	V2	V2, major		V2, major		V	-4	-4	-4	1	1	1	True	True	False
166	2	67	1	G	0	3	4	2	1	True	3.75	-4	7	7	7	7a	83/4	1/16	False	4	False				False	13	V2		Ab	I		V2		V		2			Mm7	False	False	(-1, 1, 5, 2)	()	1	-1	major	major	I	I, major	V		I	I	False	V2	V2, major		V2, major		V	-4	-4	-4	5	5	5	True	False	False
166	2	70	-2	B	-1	3	4	2	1	True	3.75	-4	7	7	7	7a	83/4	1/16	False	4	False				False	13	V2		Ab	I		V2		V		2			Mm7	False	False	(-1, 1, 5, 2)	()	1	-1	major	major	I	I, major	V		I	I	False	V2	V2, major		V2, major		V	-4	-4	-4	2	2	2	True	False	False
168	2	60	0	C	0	3	4	2	1	True	1.0	-4	8	8	8	8a	21	1/16	False	4	True				False	14	I6		Ab	I		I6		I		6			M	False	False	(4, 1, 0)	()	0	4	major	major	I	I, major	I		I	I	False	I6	I6, major		I6, major		I	-4	-4	-4	4	4	4	True	False	True
168	8	75	-3	E	-1	3	4	1	1	True	1.0	-4	8	8	8	8a	21	1/4	False	5	True				False	14	I6		Ab	I		I6		I		6			M	False	False	(4, 1, 0)	()	0	4	major	major	I	I, major	I		I	I	False	I6	I6, major		I6, major		I	-4	-4	-4	1	1	1	True	False	False
170	2	63	-3	E	-1	3	4	2	1	True	1.25	-4	8	8	8	8a	85/4	1/16	False	4	False				False	14	I6		Ab	I		I6		I		6			M	False	False	(4, 1, 0)	()	0	4	major	major	I	I, major	I		I	I	False	I6	I6, major		I6, major		I	-4	-4	-4	1	1	1	True	False	False
170	2	68	-4	A	-1	3	4	2	1	True	1.25	-4	8	8	8	8a	85/4	1/16	False	4	False				False	14	I6		Ab	I		I6		I		6			M	False	False	(4, 1, 0)	()	0	4	major	major	I	I, major	I		I	I	False	I6	I6, major		I6, major		I	-4	-4	-4	0	0	0	True	True	False
172	2	63	-3	E	-1	3	4	2	1	True	1.5	-4	8	8	8	8a	43/2	1/16	False	4	False				False	14	I6		Ab	I		I6		I		6			M	False	False	(4, 1, 0)	()	0	4	major	major	I	I, major	I		I	I	False	I6	I6, major		I6, major		I	-4	-4	-4	1	1	1	True	False	False
172	2	68	-4	A	-1	3	4	2	1	True	1.5	-4	8	8	8	8a	43/2	1/16	False	4	False				False	14	I6		Ab	I		I6		I		6			M	False	False	(4, 1, 0)	()	0	4	major	major	I	I, major	I		I	I	False	I6	I6, major		I6, major		I	-4	-4	-4	0	0	0	True	True	False
174	2	63	-3	E	-1	3	4	2	1	True	1.75	-4	8	8	8	8a	87/4	1/16	False	4	False				False	14	I6		Ab	I		I6		I		6			M	False	False	(4, 1, 0)	()	0	4	major	major	I	I, major	I		I	I	False	I6	I6, major		I6, major		I	-4	-4	-4	1	1	1	True	False	False
174	2	68	-4	A	-1	3	4	2	1	True	1.75	-4	8	8	8	8a	87/4	1/16	False	4	False				False	14	I6		Ab	I		I6		I		6			M	False	False	(4, 1, 0)	()	0	4	major	major	I	I, major	I		I	I	False	I6	I6, major		I6, major		I	-4	-4	-4	0	0	0	True	True	False
176	2	60	0	C	0	3	4	2	1	True	2.0	-4	8	8	8	8a	22	1/16	False	4	False				False	14	I6		Ab	I		I6		I		6			M	False	False	(4, 1, 0)	()	0	4	major	major	I	I, major	I		I	I	False	I6	I6, major		I6, major		I	-4	-4	-4	4	4	4	True	False	True
176	16	80	-4	A	-1	3	4	1	1	True	2.0	-4	8	8	8	8a	22	1/2	False	5	False				False	14	I6		Ab	I		I6		I		6			M	False	False	(4, 1, 0)	()	0	4	major	major	I	I, major	I		I	I	False	I6	I6, major		I6, major		I	-4	-4	-4	0	0	0	True	True	False
178	2	63	-3	E	-1	3	4	2	1	True	2.25	-4	8	8	8	8a	89/4	1/16	False	4	False				False	14	I6		Ab	I		I6		I		6			M	False	False	(4, 1, 0)	()	0	4	major	major	I	I, major	I		I	I	False	I6	I6, major		I6, major		I	-4	-4	-4	1	1	1	True	False	False
178	2	68	-4	A	-1	3	4	2	1	True	2.25	-4	8	8	8	8a	89/4	1/16	False	4	False				False	14	I6		Ab	I		I6		I		6			M	False	False	(4, 1, 0)	()	0	4	major	major	I	I, major	I		I	I	False	I6	I6, major		I6, major		I	-4	-4	-4	0	0	0	True	True	False
180	2	63	-3	E	-1	3	4	2	1	True	2.5	-4	8	8	8	8a	45/2	1/16	False	4	False				False	14	I6		Ab	I		I6		I		6			M	False	False	(4, 1, 0)	()	0	4	major	major	I	I, major	I		I	I	False	I6	I6, major		I6, major		I	-4	-4	-4	1	1	1	True	False	False
180	2	68	-4	A	-1	3	4	2	1	True	2.5	-4	8	8	8	8a	45/2	1/16	False	4	False				False	14	I6		Ab	I		I6		I		6			M	False	False	(4, 1, 0)	()	0	4	major	major	I	I, major	I		I	I	False	I6	I6, major		I6, major		I	-4	-4	-4	0	0	0	True	True	False
182	2	63	-3	E	-1	3	4	2	1	True	2.75	-4	8	8	8	8a	91/4	1/16	False	4	False				False	14	I6		Ab	I		I6		I		6			M	False	False	(4, 1, 0)	()	0	4	major	major	I	I, major	I		I	I	False	I6	I6, major		I6, major		I	-4	-4	-4	1	1	1	True	False	False
182	2	68	-4	A	-1	3	4	2	1	True	2.75	-4	8	8	8	8a	91/4	1/16	False	4	False				False	14	I6		Ab	I		I6		I		6			M	False	False	(4, 1, 0)	()	0	4	major	major	I	I, major	I		I	I	False	I6	I6, major		I6, major		I	-4	-4	-4	0	0	0	True	True	False
184	2	60	0	C	0	3	4	2	1	True	3.0	-4	8	8	8	8a	23	1/16	False	4	False				False	14	I6		Ab	I		I6		I		6			M	False	False	(4, 1, 0)	()	0	4	major	major	I	I, major	I		I	I	False	I6	I6, major		I6, major		I	-4	-4	-4	4	4	4	True	False	True
186	2	63	-3	E	-1	3	4	2	1	True	3.25	-4	8	8	8	8a	93/4	1/16	False	4	False				False	14	I6		Ab	I		I6		I		6			M	False	False	(4, 1, 0)	()	0	4	major	major	I	I, major	I		I	I	False	I6	I6, major		I6, major		I	-4	-4	-4	1	1	1	True	False	False
186	2	68	-4	A	-1	3	4	2	1	True	3.25	-4	8	8	8	8a	93/4	1/16	False	4	False				False	14	I6		Ab	I		I6		I		6			M	False	False	(4, 1, 0)	()	0	4	major	major	I	I, major	I		I	I	False	I6	I6, major		I6, major		I	-4	-4	-4	0	0	0	True	True	False
188	2	63	-3	E	-1	3	4	2	1	True	3.5	-4	8	8	8	8a	47/2	1/16	False	4	False				False	14	I6		Ab	I		I6		I		6			M	False	False	(4, 1, 0)	()	0	4	major	major	I	I, major	I		I	I	False	I6	I6, major		I6, major		I	-4	-4	-4	1	1	1	True	False	False
188	2	68	-4	A	-1	3	4	2	1	True	3.5	-4	8	8	8	8a	47/2	1/16	False	4	False				False	14	I6		Ab	I		I6		I		6			M	False	False	(4, 1, 0)	()	0	4	major	major	I	I, major	I		I	I	False	I6	I6, major		I6, major		I	-4	-4	-4	0	0	0	True	True	False
190	2	63	-3	E	-1	3	4	2	1	True	3.75	-4	8	8	8	8a	95/4	1/16	False	4	False				False	14	I6		Ab	I		I6		I		6			M	False	False	(4, 1, 0)	()	0	4	major	major	I	I, major	I		I	I	False	I6	I6, major		I6, major		I	-4	-4	-4	1	1	1	True	False	False
190	2	68	-4	A	-1	3	4	2	1	True	3.75	-4	8	8	8	8a	95/4	1/16	False	4	False				False	14	I6		Ab	I		I6		I		6			M	False	False	(4, 1, 0)	()	0	4	major	major	I	I, major	I		I	I	False	I6	I6, major		I6, major		I	-4	-4	-4	0	0	0	True	True	False
192	2	66	-6	G	-1	3	4	2	1	True	1.0	-4	9	9	9	9a	24	1/16	False	4	True				False	15	V2/IV		Ab	I		V2/IV		V		2		IV	Mm7	False	False	(-2, 0, 4, 1)	()	0	-2	major	major	I	I, major	V/IV	IV	IV/I	IV	False	V2/IV	V2/IV, major		V2/IV, major	IV	IV	-4	-4	-5	-2	-2	-1	True	False	True
192	12	80	-4	A	-1	3	4	1	1	True	1.0	-4	9	9	9	9a	24	3/8	False	5	True				False	15	V2/IV		Ab	I		V2/IV		V		2		IV	Mm7	False	False	(-2, 0, 4, 1)	()	0	-2	major	major	I	I, major	V/IV	IV	IV/I	IV	False	V2/IV	V2/IV, major		V2/IV, major	IV	IV	-4	-4	-5	0	0	1	True	True	False
194	2	68	-4	A	-1	3	4	2	1	True	1.25	-4	9	9	9	9a	97/4	1/16	False	4	False				False	15	V2/IV		Ab	I		V2/IV		V		2		IV	Mm7	False	False	(-2, 0, 4, 1)	()	0	-2	major	major	I	I, major	V/IV	IV	IV/I	IV	False	V2/IV	V2/IV, major		V2/IV, major	IV	IV	-4	-4	-5	0	0	1	True	True	False
194	2	72	0	C	0	3	4	2	1	True	1.25	-4	9	9	9	9a	97/4	1/16	False	5	False				False	15	V2/IV		Ab	I		V2/IV		V		2		IV	Mm7	False	False	(-2, 0, 4, 1)	()	0	-2	major	major	I	I, major	V/IV	IV	IV/I	IV	False	V2/IV	V2/IV, major		V2/IV, major	IV	IV	-4	-4	-5	4	4	5	True	False	False
194	2	75	-3	E	-1	3	4	2	1	True	1.25	-4	9	9	9	9a	97/4	1/16	False	5	False				False	15	V2/IV		Ab	I		V2/IV		V		2		IV	Mm7	False	False	(-2, 0, 4, 1)	()	0	-2	major	major	I	I, major	V/IV	IV	IV/I	IV	False	V2/IV	V2/IV, major		V2/IV, major	IV	IV	-4	-4	-5	1	1	2	True	False	False
196	2	68	-4	A	-1	3	4	2	1	True	1.5	-4	9	9	9	9a	49/2	1/16	False	4	False				False	15	V2/IV		Ab	I		V2/IV		V		2		IV	Mm7	False	False	(-2, 0, 4, 1)	()	0	-2	major	major	I	I, major	V/IV	IV	IV/I	IV	False	V2/IV	V2/IV, major		V2/IV, major	IV	IV	-4	-4	-5	0	0	1	True	True	False
196	2	72	0	C	0	3	4	2	1	True	1.5	-4	9	9	9	9a	49/2	1/16	False	5	False				False	15	V2/IV		Ab	I		V2/IV		V		2		IV	Mm7	False	False	(-2, 0, 4, 1)	()	0	-2	major	major	I	I, major	V/IV	IV	IV/I	IV	False	V2/IV	V2/IV, major		V2/IV, major	IV	IV	-4	-4	-5	4	4	5	True	False	False
196	2	75	-3	E	-1	3	4	2	1	True	1.5	-4	9	9	9	9a	49/2	1/16	False	5	False				False	15	V2/IV		Ab	I		V2/IV		V		2		IV	Mm7	False	False	(-2, 0, 4, 1)	()	0	-2	major	major	I	I, major	V/IV	IV	IV/I	IV	False	V2/IV	V2/IV, major		V2/IV, major	IV	IV	-4	-4	-5	1	1	2	True	False	False
198	2	68	-4	A	-1	3	4	2	1	True	1.75	-4	9	9	9	9a	99/4	1/16	False	4	False				False	15	V2/IV		Ab	I		V2/IV		V		2		IV	Mm7	False	False	(-2, 0, 4, 1)	()	0	-2	major	major	I	I, major	V/IV	IV	IV/I	IV	False	V2/IV	V2/IV, major		V2/IV, major	IV	IV	-4	-4	-5	0	0	1	True	True	False
198	2	72	0	C	0	3	4	2	1	True	1.75	-4	9	9	9	9a	99/4	1/16	False	5	False				False	15	V2/IV		Ab	I		V2/IV		V		2		IV	Mm7	False	False	(-2, 0, 4, 1)	()	0	-2	major	major	I	I, major	V/IV	IV	IV/I	IV	False	V2/IV	V2/IV, major		V2/IV, major	IV	IV	-4	-4	-5	4	4	5	True	False	False
198	2	75	-3	E	-1	3	4	2	1	True	1.75	-4	9	9	9	9a	99/4	1/16	False	5	False				False	15	V2/IV		Ab	I		V2/IV		V		2		IV	Mm7	False	False	(-2, 0, 4, 1)	()	0	-2	major	major	I	I, major	V/IV	IV	IV/I	IV	False	V2/IV	V2/IV, major		V2/IV, major	IV	IV	-4	-4	-5	1	1	2	True	False	False
200	2	66	-6	G	-1	3	4	2	1	True	2.0	-4	9	9	9	9a	25	1/16	False	4	False				False	15	V2/IV		Ab	I		V2/IV		V		2		IV	Mm7	False	False	(-2, 0, 4, 1)	()	0	-2	major	major	I	I, major	V/IV	IV	IV/I	IV	False	V2/IV	V2/IV, major		V2/IV, major	IV	IV	-4	-4	-5	-2	-2	-1	True	False	True
202	2	68	-4	A	-1	3	4	2	1	True	2.25	-4	9	9	9	9a	101/4	1/16	False	4	False				False	15	V2/IV		Ab	I		V2/IV		V		2		IV	Mm7	False	False	(-2, 0, 4, 1)	()	0	-2	major	major	I	I, major	V/IV	IV	IV/I	IV	False	V2/IV	V2/IV, major		V2/IV, major	IV	IV	-4	-4	-5	0	0	1	True	True	False
202	2	72	0	C	0	3	4	2	1	True	2.25	-4	9	9	9	9a	101/4	1/16	False	5	False				False	15	V2/IV		Ab	I		V2/IV		V		2		IV	Mm7	False	False	(-2, 0, 4, 1)	()	0	-2	major	major	I	I, major	V/IV	IV	IV/I	IV	False	V2/IV	V2/IV, major		V2/IV, major	IV	IV	-4	-4	-5	4	4	5	True	False	False
202	2	75	-3	E	-1	3	4	2	1	True	2.25	-4	9	9	9	9a	101/4	1/16	False	5	False				False	15	V2/IV		Ab	I		V2/IV		V		2		IV	Mm7	False	False	(-2, 0, 4, 1)	()	0	-2	major	major	I	I, major	V/IV	IV	IV/I	IV	False	V2/IV	V2/IV, major		V2/IV, major	IV	IV	-4	-4	-5	1	1	2	True	False	False
204	2	68	-4	A	-1	3	4	2	1	True	2.5	-4	9	9	9	9a	51/2	1/16	False	4	False				False	15	V2/IV		Ab	I		V2/IV		V		2		IV	Mm7	False	False	(-2, 0, 4, 1)	()	0	-2	major	major	I	I, major	V/IV	IV	IV/I	IV	False	V2/IV	V2/IV, major		V2/IV, major	IV	IV	-4	-4	-5	0	0	1	True	True	False
204	2	72	0	C	0	3	4	2	1	True	2.5	-4	9	9	9	9a	51/2	1/16	False	5	False				False	15	V2/IV		Ab	I		V2/IV		V		2		IV	Mm7	False	False	(-2, 0, 4, 1)	()	0	-2	major	major	I	I, major	V/IV	IV	IV/I	IV	False	V2/IV	V2/IV, major		V2/IV, major	IV	IV	-4	-4	-5	4	4	5	True	False	False
204	2	75	-3	E	-1	3	4	2	1	True	2.5	-4	9	9	9	9a	51/2	1/16	False	5	False				False	15	V2/IV		Ab	I		V2/IV		V		2		IV	Mm7	False	False	(-2, 0, 4, 1)	()	0	-2	major	major	I	I, major	V/IV	IV	IV/I	IV	False	V2/IV	V2/IV, major		V2/IV, major	IV	IV	-4	-4	-5	1	1	2	True	False	False
204	8	84	0	C	0	3	4	1	1	True	2.5	-4	9	9	9	9a	51/2	1/4	False	6	False				False	15	V2/IV		Ab	I		V2/IV		V		2		IV	Mm7	False	False	(-2, 0, 4, 1)	()	0	-2	major	major	I	I, major	V/IV	IV	IV/I	IV	False	V2/IV	V2/IV, major		V2/IV, major	IV	IV	-4	-4	-5	4	4	5	True	False	False
206	2	68	-4	A	-1	3	4	2	1	True	2.75	-4	9	9	9	9a	103/4	1/16	False	4	False				False	15	V2/IV		Ab	I		V2/IV		V		2		IV	Mm7	False	False	(-2, 0, 4, 1)	()	0	-2	major	major	I	I, major	V/IV	IV	IV/I	IV	False	V2/IV	V2/IV, major		V2/IV, major	IV	IV	-4	-4	-5	0	0	1	True	True	False
206	2	72	0	C	0	3	4	2	1	True	2.75	-4	9	9	9	9a	103/4	1/16	False	5	False				False	15	V2/IV		Ab	I		V2/IV		V		2		IV	Mm7	False	False	(-2, 0, 4, 1)	()	0	-2	major	major	I	I, major	V/IV	IV	IV/I	IV	False	V2/IV	V2/IV, major		V2/IV, major	IV	IV	-4	-4	-5	4	4	5	True	False	False
206	2	75	-3	E	-1	3	4	2	1	True	2.75	-4	9	9	9	9a	103/4	1/16	False	5	False				False	15	V2/IV		Ab	I		V2/IV		V		2		IV	Mm7	False	False	(-2, 0, 4, 1)	()	0	-2	major	major	I	I, major	V/IV	IV	IV/I	IV	False	V2/IV	V2/IV, major		V2/IV, major	IV	IV	-4	-4	-5	1	1	2	True	False	False
208	2	66	-6	G	-1	3	4	2	1	True	3.0	-4	9	9	9	9a	26	1/16	False	4	False				False	15	V2/IV		Ab	I		V2/IV		V		2		IV	Mm7	False	False	(-2, 0, 4, 1)	()	0	-2	major	major	I	I, major	V/IV	IV	IV/I	IV	False	V2/IV	V2/IV, major		V2/IV, major	IV	IV	-4	-4	-5	-2	-2	-1	True	False	True
210	2	68	-4	A	-1	3	4	2	1	True	3.25	-4	9	9	9	9a	105/4	1/16	False	4	False				False	15	V2/IV		Ab	I		V2/IV		V		2		IV	Mm7	False	False	(-2, 0, 4, 1)	()	0	-2	major	major	I	I, major	V/IV	IV	IV/I	IV	False	V2/IV	V2/IV, major		V2/IV, major	IV	IV	-4	-4	-5	0	0	1	True	True	False
210	2	72	0	C	0	3	4	2	1	True	3.25	-4	9	9	9	9a	105/4	1/16	False	5	False				False	15	V2/IV		Ab	I		V2/IV		V		2		IV	Mm7	False	False	(-2, 0, 4, 1)	()	0	-2	major	major	I	I, major	V/IV	IV	IV/I	IV	False	V2/IV	V2/IV, major		V2/IV, major	IV	IV	-4	-4	-5	4	4	5	True	False	False
210	2	75	-3	E	-1	3	4	2	1	True	3.25	-4	9	9	9	9a	105/4	1/16	False	5	False				False	15	V2/IV		Ab	I		V2/IV		V		2		IV	Mm7	False	False	(-2, 0, 4, 1)	()	0	-2	major	major	I	I, major	V/IV	IV	IV/I	IV	False	V2/IV	V2/IV, major		V2/IV, major	IV	IV	-4	-4	-5	1	1	2	True	False	False
212	2	68	-4	A	-1	3	4	2	1	True	3.5	-4	9	9	9	9a	53/2	1/16	False	4	False				False	15	V2/IV		Ab	I		V2/IV		V		2		IV	Mm7	False	False	(-2, 0, 4, 1)	()	0	-2	major	major	I	I, major	V/IV	IV	IV/I	IV	False	V2/IV	V2/IV, major		V2/IV, major	IV	IV	-4	-4	-5	0	0	1	True	True	False
212	2	72	0	C	0	3	4	2	1	True	3.5	-4	9	9	9	9a	53/2	1/16	False	5	False				False	15	V2/IV		Ab	I		V2/IV		V		2		IV	Mm7	False	False	(-2, 0, 4, 1)	()	0	-2	major	major	I	I, major	V/IV	IV	IV/I	IV	False	V2/IV	V2/IV, major		V2/IV, major	IV	IV	-4	-4	-5	4	4	5	True	False	False
212	2	75	-3	E	-1	3	4	2	1	True	3.5	-4	9	9	9	9a	53/2	1/16	False	5	False				False	15	V2/IV		Ab	I		V2/IV		V		2		IV	Mm7	False	False	(-2, 0, 4, 1)	()	0	-2	major	major	I	I, major	V/IV	IV	IV/I	IV	False	V2/IV	V2/IV, major		V2/IV, major	IV	IV	-4	-4	-5	1	1	2	True	False	False
212	4	87	-3	E	-1	3	4	1	1	True	3.5	-4	9	9	9	9a	53/2	1/8	False	6	False				False	15	V2/IV		Ab	I		V2/IV		V		2		IV	Mm7	False	False	(-2, 0, 4, 1)	()	0	-2	major	major	I	I, major	V/IV	IV	IV/I	IV	False	V2/IV	V2/IV, major		V2/IV, major	IV	IV	-4	-4	-5	1	1	2	True	False	False
214	2	68	-4	A	-1	3	4	2	1	True	3.75	-4	9	9	9	9a	107/4	1/16	False	4	False				False	15	V2/IV		Ab	I		V2/IV		V		2		IV	Mm7	False	False	(-2, 0, 4, 1)	()	0	-2	major	major	I	I, major	V/IV	IV	IV/I	IV	False	V2/IV	V2/IV, major		V2/IV, major	IV	IV	-4	-4	-5	0	0	1	True	True	False
214	2	72	0	C	0	3	4	2	1	True	3.75	-4	9	9	9	9a	107/4	1/16	False	5	False				False	15	V2/IV		Ab	I		V2/IV		V		2		IV	Mm7	False	False	(-2, 0, 4, 1)	()	0	-2	major	major	I	I, major	V/IV	IV	IV/I	IV	False	V2/IV	V2/IV, major		V2/IV, major	IV	IV	-4	-4	-5	4	4	5	True	False	False
214	2	75	-3	E	-1	3	4	2	1	True	3.75	-4	9	9	9	9a	107/4	1/16	False	5	False				False	15	V2/IV		Ab	I		V2/IV		V		2		IV	Mm7	False	False	(-2, 0, 4, 1)	()	0	-2	major	major	I	I, major	V/IV	IV	IV/I	IV	False	V2/IV	V2/IV, major		V2/IV, major	IV	IV	-4	-4	-5	1	1	2	True	False	False
216	2	65	-1	F	0	3	4	2	1	True	1.0	-4	10	10	10	10a	27	1/16	False	4	True				False	16	IV6(9)		Ab	I		IV6(9)		IV		6	9		M	False	False	(3, 0, -1)	(1,)	-1	3	major	major	I	I, major	IV		I	I	False	IV6	IV6, major		IV6(9), major		IV	-4	-4	-4	3	3	3	True	False	True
216	12	87	-3	E	-1	3	4	1	1	True	1.0	-4	10	10	10	10a	27	3/8	False	6	True				False	16	IV6(9)		Ab	I		IV6(9)		IV		6	9		M	False	False	(3, 0, -1)	(1,)	-1	3	major	major	I	I, major	IV		I	I	False	IV6	IV6, major		IV6(9), major		IV	-4	-4	-4	1	1	1	False	False	False
218	2	68	-4	A	-1	3	4	2	1	True	1.25	-4	10	10	10	10a	109/4	1/16	False	4	False				False	16	IV6(9)		Ab	I		IV6(9)		IV		6	9		M	False	False	(3, 0, -1)	(1,)	-1	3	major	major	I	I, major	IV		I	I	False	IV6	IV6, major		IV6(9), major		IV	-4	-4	-4	0	0	0	True	False	False
218	2	73	-5	D	-1	3	4	2	1	True	1.25	-4	10	10	10	10a	109/4	1/16	False	5	False				False	16	IV6(9)		Ab	I		IV6(9)		IV		6	9		M	False	False	(3, 0, -1)	(1,)	-1	3	major	major	I	I, major	IV		I	I	False	IV6	IV6, major		IV6(9), major		IV	-4	-4	-4	-1	-1	-1	True	True	False
220	2	68	-4	A	-1	3	4	2	1	True	1.5	-4	10	10	10	10a	55/2	1/16	False	4	False				False	16	IV6(9)		Ab	I		IV6(9)		IV		6	9		M	False	False	(3, 0, -1)	(1,)	-1	3	major	major	I	I, major	IV		I	I	False	IV6	IV6, major		IV6(9), major		IV	-4	-4	-4	0	0	0	True	False	False
220	2	73	-5	D	-1	3	4	2	1	True	1.5	-4	10	10	10	10a	55/2	1/16	False	5	False				False	16	IV6(9)		Ab	I		IV6(9)		IV		6	9		M	False	False	(3, 0, -1)	(1,)	-1	3	major	major	I	I, major	IV		I	I	False	IV6	IV6, major		IV6(9), major		IV	-4	-4	-4	-1	-1	-1	True	True	False
222	2	68	-4	A	-1	3	4	2	1	True	1.75	-4	10	10	10	10a	111/4	1/16	False	4	False				False	16	IV6(9)		Ab	I		IV6(9)		IV		6	9		M	False	False	(3, 0, -1)	(1,)	-1	3	major	major	I	I, major	IV		I	I	False	IV6	IV6, major		IV6(9), major		IV	-4	-4	-4	0	0	0	True	False	False
222	2	73	-5	D	-1	3	4	2	1	True	1.75	-4	10	10	10	10a	111/4	1/16	False	5	False				False	16	IV6(9)		Ab	I		IV6(9)		IV		6	9		M	False	False	(3, 0, -1)	(1,)	-1	3	major	major	I	I, major	IV		I	I	False	IV6	IV6, major		IV6(9), major		IV	-4	-4	-4	-1	-1	-1	True	True	False
224	2	65	-1	F	0	3	4	2	1	True	2.0	-4	10	10	10	10a	28	1/16	False	4	False				False	16	IV6(9)		Ab	I		IV6(9)		IV		6	9		M	False	False	(3, 0, -1)	(1,)	-1	3	major	major	I	I, major	IV		I	I	False	IV6	IV6, major		IV6(9), major		IV	-4	-4	-4	3	3	3	True	False	True
226	2	68	-4	A	-1	3	4	2	1	True	2.25	-4	10	10	10	10a	113/4	1/16	False	4	False				False	16	IV6(9)		Ab	I		IV6(9)		IV		6	9		M	False	False	(3, 0, -1)	(1,)	-1	3	major	major	I	I, major	IV		I	I	False	IV6	IV6, major		IV6(9), major		IV	-4	-4	-4	0	0	0	True	False	False
226	2	73	-5	D	-1	3	4	2	1	True	2.25	-4	10	10	10	10a	113/4	1/16	False	5	False				False	16	IV6(9)		Ab	I		IV6(9)		IV		6	9		M	False	False	(3, 0, -1)	(1,)	-1	3	major	major	I	I, major	IV		I	I	False	IV6	IV6, major		IV6(9), major		IV	-4	-4	-4	-1	-1	-1	True	True	False
228	2	68	-4	A	-1	3	4	2	1	True	2.5	-4	10	10	10	10a	57/2	1/16	False	4	True				False	17	IV6		Ab	I		IV6		IV		6			M	False	False	(3, 0, -1)	()	-1	3	major	major	I	I, major	IV		I	I	False	IV6	IV6, major		IV6, major		IV	-4	-4	-4	0	0	0	True	False	False
228	2	73	-5	D	-1	3	4	2	1	True	2.5	-4	10	10	10	10a	57/2	1/16	False	5	True				False	17	IV6		Ab	I		IV6		IV		6			M	False	False	(3, 0, -1)	()	-1	3	major	major	I	I, major	IV		I	I	False	IV6	IV6, major		IV6, major		IV	-4	-4	-4	-1	-1	-1	True	True	False
228	4	85	-5	D	-1	3	4	1	1	True	2.5	-4	10	10	10	10a	57/2	1/8	False	6	True				False	17	IV6		Ab	I		IV6		IV		6			M	False	False	(3, 0, -1)	()	-1	3	major	major	I	I, major	IV		I	I	False	IV6	IV6, major		IV6, major		IV	-4	-4	-4	-1	-1	-1	True	True	False
230	2	68	-4	A	-1	3	4	2	1	True	2.75	-4	10	10	10	10a	115/4	1/16	False	4	False				False	17	IV6		Ab	I		IV6		IV		6			M	False	False	(3, 0, -1)	()	-1	3	major	major	I	I, major	IV		I	I	False	IV6	IV6, major		IV6, major		IV	-4	-4	-4	0	0	0	True	False	False
230	2	73	-5	D	-1	3	4	2	1	True	2.75	-4	10	10	10	10a	115/4	1/16	False	5	False				False	17	IV6		Ab	I		IV6		IV		6			M	False	False	(3, 0, -1)	()	-1	3	major	major	I	I, major	IV		I	I	False	IV6	IV6, major		IV6, major		IV	-4	-4	-4	-1	-1	-1	True	True	False
232	2	63	-3	E	-1	3	4	2	1	True	3.0	-4	10	10	10	10a	29	1/16	False	4	True				False	18	I64		Ab	I		I64		I		64			M	False	False	(1, 0, 4)	()	0	1	major	major	I	I, major	I		I	I	False	I64	I64, major		I64, major		I	-4	-4	-4	1	1	1	True	False	True
232	4	87	-3	E	-1	3	4	1	1	True	3.0	-4	10	10	10	10a	29	1/8	False	6	True				False	18	I64		Ab	I		I64		I		64			M	False	False	(1, 0, 4)	()	0	1	major	major	I	I, major	I		I	I	False	I64	I64, major		I64, major		I	-4	-4	-4	1	1	1	True	False	True
234	2	68	-4	A	-1	3	4	2	1	True	3.25	-4	10	10	10	10a	117/4	1/16	False	4	False				False	18	I64		Ab	I		I64		I		64			M	False	False	(1, 0, 4)	()	0	1	major	major	I	I, major	I		I	I	False	I64	I64, major		I64, major		I	-4	-4	-4	0	0	0	True	True	False
234	2	72	0	C	0	3	4	2	1	True	3.25	-4	10	10	10	10a	117/4	1/16	False	5	False				False	18	I64		Ab	I		I64		I		64			M	False	False	(1, 0, 4)	()	0	1	major	major	I	I, major	I		I	I	False	I64	I64, major		I64, major		I	-4	-4	-4	4	4	4	True	False	False
236	2	61	-5	D	-1	3	4	2	1	True	3.5	-4	10	10	10	10a	59/2	1/16	False	4	True				False	19	ii65		Ab	I		ii65		ii		65			mm7	False	False	(-1, 3, 0, 2)	()	2	-1	major	major	I	I, major	ii		I	I	False	ii65	ii65, major		ii65, major		ii	-4	-4	-4	-1	-1	-1	True	False	True
236	4	89	-1	F	0	3	4	1	1	True	3.5	-4	10	10	10	10a	59/2	1/8	False	6	True				False	19	ii65		Ab	I		ii65		ii		65			mm7	False	False	(-1, 3, 0, 2)	()	2	-1	major	major	I	I, major	ii		I	I	False	ii65	ii65, major		ii65, major		ii	-4	-4	-4	3	3	3	True	False	False
238	2	68	-4	A	-1	3	4	2	1	True	3.75	-4	10	10	10	10a	119/4	1/16	False	4	False				False	19	ii65		Ab	I		ii65		ii		65			mm7	False	False	(-1, 3, 0, 2)	()	2	-1	major	major	I	I, major	ii		I	I	False	ii65	ii65, major		ii65, major		ii	-4	-4	-4	0	0	0	True	False	False
238	2	70	-2	B	-1	3	4	2	1	True	3.75	-4	10	10	10	10a	119/4	1/16	False	4	False				False	19	ii65		Ab	I		ii65		ii		65			mm7	False	False	(-1, 3, 0, 2)	()	2	-1	major	major	I	I, major	ii		I	I	False	ii65	ii65, major		ii65, major		ii	-4	-4	-4	2	2	2	True	True	False
240	2	63	-3	E	-1	3	4	2	1	True	1.0	-4	11	11	11	11a	30	1/16	False	4	True				False	20	V(964)		Ab	I		V(964)		V			964		M	False	False	(1, 0, 4)	(3,)	1	1	major	major	I	I, major	V		I	I	False	V	V, major		V(964), major		V	-4	-4	-4	1	1	1	True	True	True
240	4	89	-1	F	0	3	4	1	1	True	1.0	-4	11	11	11	11a	30	1/8	False	6	True				False	20	V(964)		Ab	I		V(964)		V			964		M	False	False	(1, 0, 4)	(3,)	1	1	major	major	I	I, major	V		I	I	False	V	V, major		V(964), major		V	-4	-4	-4	3	3	3	False	False	False
242	2	68	-4	A	-1	3	4	2	1	True	1.25	-4	11	11	11	11a	121/4	1/16	False	4	False				False	20	V(964)		Ab	I		V(964)		V			964		M	False	False	(1, 0, 4)	(3,)	1	1	major	major	I	I, major	V		I	I	False	V	V, major		V(964), major		V	-4	-4	-4	0	0	0	True	False	False
242	2	72	0	C	0	3	4	2	1	True	1.25	-4	11	11	11	11a	121/4	1/16	False	5	False				False	20	V(964)		Ab	I		V(964)		V			964		M	False	False	(1, 0, 4)	(3,)	1	1	major	major	I	I, major	V		I	I	False	V	V, major		V(964), major		V	-4	-4	-4	4	4	4	True	False	False
244	2	68	-4	A	-1	3	4	2	1	True	1.5	-4	11	11	11	11a	61/2	1/16	False	4	True				False	21	V(64)		Ab	I		V(64)		V			64		M	False	False	(1, 0, 4)	()	1	1	major	major	I	I, major	V		I	I	False	V	V, major		V(64), major		V	-4	-4	-4	0	0	0	True	False	False
244	2	72	0	C	0	3	4	2	1	True	1.5	-4	11	11	11	11a	61/2	1/16	False	5	True				False	21	V(64)		Ab	I		V(64)		V			64		M	False	False	(1, 0, 4)	()	1	1	major	major	I	I, major	V		I	I	False	V	V, major		V(64), major		V	-4	-4	-4	4	4	4	True	False	False
244	8	87	-3	E	-1	3	4	1	1	True	1.5	-4	11	11	11	11a	61/2	1/4	False	6	True				False	21	V(64)		Ab	I		V(64)		V			64		M	False	False	(1, 0, 4)	()	1	1	major	major	I	I, major	V		I	I	False	V	V, major		V(64), major		V	-4	-4	-4	1	1	1	True	True	True
246	2	68	-4	A	-1	3	4	2	1	True	1.75	-4	11	11	11	11a	123/4	1/16	False	4	False				False	21	V(64)		Ab	I		V(64)		V			64		M	False	False	(1, 0, 4)	()	1	1	major	major	I	I, major	V		I	I	False	V	V, major		V(64), major		V	-4	-4	-4	0	0	0	True	False	False
246	2	72	0	C	0	3	4	2	1	True	1.75	-4	11	11	11	11a	123/4	1/16	False	5	False				False	21	V(64)		Ab	I		V(64)		V			64		M	False	False	(1, 0, 4)	()	1	1	major	major	I	I, major	V		I	I	False	V	V, major		V(64), major		V	-4	-4	-4	4	4	4	True	False	False
248	2	63	-3	E	-1	3	4	2	1	True	2.0	-4	11	11	11	11a	31	1/16	False	4	False				False	21	V(64)		Ab	I		V(64)		V			64		M	False	False	(1, 0, 4)	()	1	1	major	major	I	I, major	V		I	I	False	V	V, major		V(64), major		V	-4	-4	-4	1	1	1	True	True	True
250	2	68	-4	A	-1	3	4	2	1	True	2.25	-4	11	11	11	11a	125/4	1/16	False	4	False				False	21	V(64)		Ab	I		V(64)		V			64		M	False	False	(1, 0, 4)	()	1	1	major	major	I	I, major	V		I	I	False	V	V, major		V(64), major		V	-4	-4	-4	0	0	0	True	False	False
250	2	72	0	C	0	3	4	2	1	True	2.25	-4	11	11	11	11a	125/4	1/16	False	5	False				False	21	V(64)		Ab	I		V(64)		V			64		M	False	False	(1, 0, 4)	()	1	1	major	major	I	I, major	V		I	I	False	V	V, major		V(64), major		V	-4	-4	-4	4	4	4	True	False	False
252	2	68	-4	A	-1	3	4	2	1	True	2.5	-4	11	11	11	11a	63/2	1/16	False	4	False				False	21	V(64)		Ab	I		V(64)		V			64		M	False	False	(1, 0, 4)	()	1	1	major	major	I	I, major	V		I	I	False	V	V, major		V(64), major		V	-4	-4	-4	0	0	0	True	False	False
252	2	72	0	C	0	3	4	2	1	True	2.5	-4	11	11	11	11a	63/2	1/16	False	5	False				False	21	V(64)		Ab	I		V(64)		V			64		M	False	False	(1, 0, 4)	()	1	1	major	major	I	I, major	V		I	I	False	V	V, major		V(64), major		V	-4	-4	-4	4	4	4	True	False	False
252	2	85	-5	D	-1	3	4	1	1	True	2.5	-4	11	11	11	11a	63/2	1/16	False	6	False				False	21	V(64)		Ab	I		V(64)		V			64		M	False	False	(1, 0, 4)	()	1	1	major	major	I	I, major	V		I	I	False	V	V, major		V(64), major		V	-4	-4	-4	-1	-1	-1	False	False	False
254	2	68	-4	A	-1	3	4	2	1	True	2.75	-4	11	11	11	11a	127/4	1/16	False	4	False				False	21	V(64)		Ab	I		V(64)		V			64		M	False	False	(1, 0, 4)	()	1	1	major	major	I	I, major	V		I	I	False	V	V, major		V(64), major		V	-4	-4	-4	0	0	0	True	False	False
254	2	72	0	C	0	3	4	2	1	True	2.75	-4	11	11	11	11a	127/4	1/16	False	5	False				False	21	V(64)		Ab	I		V(64)		V			64		M	False	False	(1, 0, 4)	()	1	1	major	major	I	I, major	V		I	I	False	V	V, major		V(64), major		V	-4	-4	-4	4	4	4	True	False	False
254	2	84	0	C	0	3	4	1	1	True	2.75	-4	11	11	11	11a	127/4	1/16	False	6	False				False	21	V(64)		Ab	I		V(64)		V			64		M	False	False	(1, 0, 4)	()	1	1	major	major	I	I, major	V		I	I	False	V	V, major		V(64), major		V	-4	-4	-4	4	4	4	True	False	False
256	2	63	-3	E	-1	3	4	2	1	True	3.0	-4	11	11	11	11a	32	1/16	False	4	True				False	22	V7		Ab	I		V7		V		7			Mm7	False	False	(1, 5, 2, -1)	()	1	1	major	major	I	I, major	V		I	I	False	V7	V7, major		V7, major		V	-4	-4	-4	1	1	1	True	True	True
256	2	87	-3	E	-1	3	4	1	1	True	3.0	-4	11	11	11	11a	32	1/16	False	6	True				False	22	V7		Ab	I		V7		V		7			Mm7	False	False	(1, 5, 2, -1)	()	1	1	major	major	I	I, major	V		I	I	False	V7	V7, major		V7, major		V	-4	-4	-4	1	1	1	True	True	True
258	2	70	-2	B	-1	3	4	2	1	True	3.25	-4	11	11	11	11a	129/4	1/16	False	4	False				False	22	V7		Ab	I		V7		V		7			Mm7	False	False	(1, 5, 2, -1)	()	1	1	major	major	I	I, major	V		I	I	False	V7	V7, major		V7, major		V	-4	-4	-4	2	2	2	True	False	False
258	2	73	-5	D	-1	3	4	2	1	True	3.25	-4	11	11	11	11a	129/4	1/16	False	5	False				False	22	V7		Ab	I		V7		V		7			Mm7	False	False	(1, 5, 2, -1)	()	1	1	major	major	I	I, major	V		I	I	False	V7	V7, major		V7, major		V	-4	-4	-4	-1	-1	-1	True	False	False
258	2	85	-5	D	-1	3	4	1	1	True	3.25	-4	11	11	11	11a	129/4	1/16	False	6	False				False	22	V7		Ab	I		V7		V		7			Mm7	False	False	(1, 5, 2, -1)	()	1	1	major	major	I	I, major	V		I	I	False	V7	V7, major		V7, major		V	-4	-4	-4	-1	-1	-1	True	False	False
260	2	70	-2	B	-1	3	4	2	1	True	3.5	-4	11	11	11	11a	65/2	1/16	False	4	False				False	22	V7		Ab	I		V7		V		7			Mm7	False	False	(1, 5, 2, -1)	()	1	1	major	major	I	I, major	V		I	I	False	V7	V7, major		V7, major		V	-4	-4	-4	2	2	2	True	False	False
260	2	73	-5	D	-1	3	4	2	1	True	3.5	-4	11	11	11	11a	65/2	1/16	False	5	False				False	22	V7		Ab	I		V7		V		7			Mm7	False	False	(1, 5, 2, -1)	()	1	1	major	major	I	I, major	V		I	I	False	V7	V7, major		V7, major		V	-4	-4	-4	-1	-1	-1	True	False	False
260	4	79	1	G	0	3	4	1	1	True	3.5	-4	11	11	11	11a	65/2	1/8	False	5	False				False	22	V7		Ab	I		V7		V		7			Mm7	False	False	(1, 5, 2, -1)	()	1	1	major	major	I	I, major	V		I	I	False	V7	V7, major		V7, major		V	-4	-4	-4	5	5	5	True	False	False
262	2	70	-2	B	-1	3	4	2	1	True	3.75	-4	11	11	11	11a	131/4	1/16	False	4	False				False	22	V7		Ab	I		V7		V		7			Mm7	False	False	(1, 5, 2, -1)	()	1	1	major	major	I	I, major	V		I	I	False	V7	V7, major		V7, major		V	-4	-4	-4	2	2	2	True	False	False
262	2	73	-5	D	-1	3	4	2	1	True	3.75	-4	11	11	11	11a	131/4	1/16	False	5	False				False	22	V7		Ab	I		V7		V		7			Mm7	False	False	(1, 5, 2, -1)	()	1	1	major	major	I	I, major	V		I	I	False	V7	V7, major		V7, major		V	-4	-4	-4	-1	-1	-1	True	False	False
264	4	68	-4	A	-1	3	4	2	1	True	1.0	-4	12	12	12	12a	33	1/8	False	4	True	PAC	PAC	}{	True	23	I|PAC}{		Ab	I		I		I					M	False	False	(0, 4, 1)	()	0	0	major	major	I	I, major	I		I	I	False	I	I, major		I, major		I	-4	-4	-4	0	0	0	True	True	True
264	4	72	0	C	0	3	4	2	1	True	1.0	-4	12	12	12	12a	33	1/8	False	5	True	PAC	PAC	}{	True	23	I|PAC}{		Ab	I		I		I					M	False	False	(0, 4, 1)	()	0	0	major	major	I	I, major	I		I	I	False	I	I, major		I, major		I	-4	-4	-4	4	4	4	True	False	False
264	1	80	-4	A	-1	3	4	1	1	True	1.0	-4	12	12	12	12a	33	1/32	False	5	True	PAC	PAC	}{	True	23	I|PAC}{		Ab	I		I		I					M	False	False	(0, 4, 1)	()	0	0	major	major	I	I, major	I		I	I	False	I	I, major		I, major		I	-4	-4	-4	0	0	0	True	True	True
265	1	87	-3	E	-1	3	4	1	1	True	1.125	-4	12	12	12	12a	265/8	1/32	False	6	False				False	23	I|PAC}{		Ab	I		I		I					M	False	False	(0, 4, 1)	()	0	0	major	major	I	I, major	I		I	I	False	I	I, major		I, major		I	-4	-4	-4	1	1	1	True	False	False
266	1	84	0	C	0	3	4	1	1	True	1.25	-4	12	12	12	12a	133/4	1/32	False	6	False				False	23	I|PAC}{		Ab	I		I		I					M	False	False	(0, 4, 1)	()	0	0	major	major	I	I, major	I		I	I	False	I	I, major		I, major		I	-4	-4	-4	4	4	4	True	False	False
267	1	87	-3	E	-1	3	4	1	1	True	1.375	-4	12	12	12	12a	267/8	1/32	False	6	False				False	23	I|PAC}{		Ab	I		I		I					M	False	False	(0, 4, 1)	()	0	0	major	major	I	I, major	I		I	I	False	I	I, major		I, major		I	-4	-4	-4	1	1	1	True	False	False
268	1	92	-4	A	-1	3	4	1	1	True	1.5	-4	12	12	12	12a	67/2	1/32	False	6	False				False	23	I|PAC}{		Ab	I		I		I					M	False	False	(0, 4, 1)	()	0	0	major	major	I	I, major	I		I	I	False	I	I, major		I, major		I	-4	-4	-4	0	0	0	True	True	True
269	1	87	-3	E	-1	3	4	1	1	True	1.625	-4	12	12	12	12a	269/8	1/32	False	6	False				False	23	I|PAC}{		Ab	I		I		I					M	False	False	(0, 4, 1)	()	0	0	major	major	I	I, major	I		I	I	False	I	I, major		I, major		I	-4	-4	-4	1	1	1	True	False	False
270	1	84	0	C	0	3	4	1	1	True	1.75	-4	12	12	12	12a	135/4	1/32	False	6	False				False	23	I|PAC}{		Ab	I		I		I					M	False	False	(0, 4, 1)	()	0	0	major	major	I	I, major	I		I	I	False	I	I, major		I, major		I	-4	-4	-4	4	4	4	True	False	False
271	1	87	-3	E	-1	3	4	1	1	True	1.875	-4	12	12	12	12a	271/8	1/32	False	6	False				False	23	I|PAC}{		Ab	I		I		I					M	False	False	(0, 4, 1)	()	0	0	major	major	I	I, major	I		I	I	False	I	I, major		I, major		I	-4	-4	-4	1	1	1	True	False	False
272	1	80	-4	A	-1	3	4	1	1	True	2.0	-4	12	12	12	12a	34	1/32	False	5	False				False	23	I|PAC}{		Ab	I		I		I					M	False	False	(0, 4, 1)	()	0	0	major	major	I	I, major	I		I	I	False	I	I, major		I, major		I	-4	-4	-4	0	0	0	True	True	True
273	1	75	-3	E	-1	3	4	1	1	True	2.125	-4	12	12	12	12a	273/8	1/32	False	5	False				False	23	I|PAC}{		Ab	I		I		I					M	False	False	(0, 4, 1)	()	0	0	major	major	I	I, major	I		I	I	False	I	I, major		I, major		I	-4	-4	-4	1	1	1	True	False	False
274	1	72	0	C	0	3	4	1	1	True	2.25	-4	12	12	12	12a	137/4	1/32	False	5	False				False	23	I|PAC}{		Ab	I		I		I					M	False	False	(0, 4, 1)	()	0	0	major	major	I	I, major	I		I	I	False	I	I, major		I, major		I	-4	-4	-4	4	4	4	True	False	False
275	1	75	-3	E	-1	3	4	1	1	True	2.375	-4	12	12	12	12a	275/8	1/32	False	5	False				False	23	I|PAC}{		Ab	I		I		I					M	False	False	(0, 4, 1)	()	0	0	major	major	I	I, major	I		I	I	False	I	I, major		I, major		I	-4	-4	-4	1	1	1	True	False	False
276	1	68	-4	A	-1	3	4	1	1	True	2.5	-4	12	12	12	12a	69/2	1/32	False	4	False				False	23	I|PAC}{		Ab	I		I		I					M	False	False	(0, 4, 1)	()	0	0	major	major	I	I, major	I		I	I	False	I	I, major		I, major		I	-4	-4	-4	0	0	0	True	True	True
277	1	63	-3	E	-1	3	4	1	1	True	2.625	-4	12	12	12	12a	277/8	1/32	False	4	False				False	23	I|PAC}{		Ab	I		I		I					M	False	False	(0, 4, 1)	()	0	0	major	major	I	I, major	I		I	I	False	I	I, major		I, major		I	-4	-4	-4	1	1	1	True	False	False
278	1	60	0	C	0	3	4	1	1	True	2.75	-4	12	12	12	12a	139/4	1/32	False	4	False				False	23	I|PAC}{		Ab	I		I		I					M	False	False	(0, 4, 1)	()	0	0	major	major	I	I, major	I		I	I	False	I	I, major		I, major		I	-4	-4	-4	4	4	4	True	False	False
279	1	63	-3	E	-1	3	4	1	1	True	2.875	-4	12	12	12	12a	279/8	1/32	False	4	False				False	23	I|PAC}{		Ab	I		I		I					M	False	False	(0, 4, 1)	()	0	0	major	major	I	I, major	I		I	I	False	I	I, major		I, major		I	-4	-4	-4	1	1	1	True	False	False
280	1	56	-4	A	-1	3	4	1	1	True	3.0	-4	12	12	12	12a	35	1/32	False	3	False				False	23	I|PAC}{		Ab	I		I		I					M	False	False	(0, 4, 1)	()	0	0	major	major	I	I, major	I		I	I	False	I	I, major		I, major		I	-4	-4	-4	0	0	0	True	True	True
281	1	51	-3	E	-1	3	4	1	1	True	3.125	-4	12	12	12	12a	281/8	1/32	False	3	False				False	23	I|PAC}{		Ab	I		I		I					M	False	False	(0, 4, 1)	()	0	0	major	major	I	I, major	I		I	I	False	I	I, major		I, major		I	-4	-4	-4	1	1	1	True	False	False
282	1	48	0	C	0	3	4	1	1	True	3.25	-4	12	12	12	12a	141/4	1/32	False	3	False				False	23	I|PAC}{		Ab	I		I		I					M	False	False	(0, 4, 1)	()	0	0	major	major	I	I, major	I		I	I	False	I	I, major		I, major		I	-4	-4	-4	4	4	4	True	False	False
283	1	51	-3	E	-1	3	4	1	1	True	3.375	-4	12	12	12	12a	283/8	1/32	False	3	False				False	23	I|PAC}{		Ab	I		I		I					M	False	False	(0, 4, 1)	()	0	0	major	major	I	I, major	I		I	I	False	I	I, major		I, major		I	-4	-4	-4	1	1	1	True	False	False
284	1	44	-4	A	-1	3	4	1	1	True	3.5	-4	12	12	12	12a	71/2	1/32	False	2	False				False	23	I|PAC}{		Ab	I		I		I					M	False	False	(0, 4, 1)	()	0	0	major	major	I	I, major	I		I	I	False	I	I, major		I, major		I	-4	-4	-4	0	0	0	True	True	True
285	1	51	-3	E	-1	3	4	1	1	True	3.625	-4	12	12	12	12a	285/8	1/32	False	3	False				False	23	I|PAC}{		Ab	I		I		I					M	False	False	(0, 4, 1)	()	0	0	major	major	I	I, major	I		I	I	False	I	I, major		I, major		I	-4	-4	-4	1	1	1	True	False	False
286	1	48	0	C	0	3	4	1	1	True	3.75	-4	12	12	12	12a	143/4	1/32	False	3	False				False	23	I|PAC}{		Ab	I		I		I					M	False	False	(0, 4, 1)	()	0	0	major	major	I	I, major	I		I	I	False	I	I, major		I, major		I	-4	-4	-4	4	4	4	True	False	False
287	1	51	-3	E	-1	3	4	1	1	True	3.875	-4	12	12	12	12a	287/8	1/32	False	3	False				False	23	I|PAC}{		Ab	I		I		I					M	False	False	(0, 4, 1)	()	0	0	major	major	I	I, major	I		I	I	False	I	I, major		I, major		I	-4	-4	-4	1	1	1	True	False	False
288	4	34	-2	B	-1	3	4	2	1	True	1.0	-4	13	13	13	13a	36	1/8	False	1	True				False	24	V43		Ab	I		V43		V		43			Mm7	False	False	(2, -1, 1, 5)	()	1	2	major	major	I	I, major	V		I	I	False	V43	V43, major		V43, major		V	-4	-4	-4	2	2	2	True	False	True
288	4	39	-3	E	-1	3	4	2	1	True	1.0	-4	13	13	13	13a	36	1/8	False	2	True				False	24	V43		Ab	I		V43		V		43			Mm7	False	False	(2, -1, 1, 5)	()	1	2	major	major	I	I, major	V		I	I	False	V43	V43, major		V43, major		V	-4	-4	-4	1	1	1	True	True	False
288	1	43	1	G	0	3	4	1	1	True	1.0	-4	13	13	13	13a	36	1/32	False	2	True				False	24	V43		Ab	I		V43		V		43			Mm7	False	False	(2, -1, 1, 5)	()	1	2	major	major	I	I, major	V		I	I	False	V43	V43, major		V43, major		V	-4	-4	-4	5	5	5	True	False	False
288	4	46	-2	B	-1	3	4	2	1	True	1.0	-4	13	13	13	13a	36	1/8	False	2	True				False	24	V43		Ab	I		V43		V		43			Mm7	False	False	(2, -1, 1, 5)	()	1	2	major	major	I	I, major	V		I	I	False	V43	V43, major		V43, major		V	-4	-4	-4	2	2	2	True	False	True
289	1	51	-3	E	-1	3	4	1	1	True	1.125	-4	13	13	13	13a	289/8	1/32	False	3	False				False	24	V43		Ab	I		V43		V		43			Mm7	False	False	(2, -1, 1, 5)	()	1	2	major	major	I	I, major	V		I	I	False	V43	V43, major		V43, major		V	-4	-4	-4	1	1	1	True	True	False
290	1	49	-5	D	-1	3	4	1	1	True	1.25	-4	13	13	13	13a	145/4	1/32	False	3	False				False	24	V43		Ab	I		V43		V		43			Mm7	False	False	(2, -1, 1, 5)	()	1	2	major	major	I	I, major	V		I	I	False	V43	V43, major		V43, major		V	-4	-4	-4	-1	-1	-1	True	False	False
291	1	51	-3	E	-1	3	4	1	1	True	1.375	-4	13	13	13	13a	291/8	1/32	False	3	False				False	24	V43		Ab	I		V43		V		43			Mm7	False	False	(2, -1, 1, 5)	()	1	2	major	major	I	I, major	V		I	I	False	V43	V43, major		V43, major		V	-4	-4	-4	1	1	1	True	True	False
292	1	55	1	G	0	3	4	1	1	True	1.5	-4	13	13	13	13a	73/2	1/32	False	3	False				False	24	V43		Ab	I		V43		V		43			Mm7	False	False	(2, -1, 1, 5)	()	1	2	major	major	I	I, major	V		I	I	False	V43	V43, major		V43, major		V	-4	-4	-4	5	5	5	True	False	False
293	1	51	-3	E	-1	3	4	1	1	True	1.625	-4	13	13	13	13a	293/8	1/32	False	3	False				False	24	V43		Ab	I		V43		V		43			Mm7	False	False	(2, -1, 1, 5)	()	1	2	major	major	I	I, major	V		I	I	False	V43	V43, major		V43, major		V	-4	-4	-4	1	1	1	True	True	False
294	1	49	-5	D	-1	3	4	1	1	True	1.75	-4	13	13	13	13a	147/4	1/32	False	3	False				False	24	V43		Ab	I		V43		V		43			Mm7	False	False	(2, -1, 1, 5)	()	1	2	major	major	I	I, major	V		I	I	False	V43	V43, major		V43, major		V	-4	-4	-4	-1	-1	-1	True	False	False
295	1	51	-3	E	-1	3	4	1	1	True	1.875	-4	13	13	13	13a	295/8	1/32	False	3	False				False	24	V43		Ab	I		V43		V		43			Mm7	False	False	(2, -1, 1, 5)	()	1	2	major	major	I	I, major	V		I	I	False	V43	V43, major		V43, major		V	-4	-4	-4	1	1	1	True	True	False
296	4	34	-2	B	-1	3	4	2	1	True	2.0	-4	13	13	13	13a	37	1/8	False	1	False				False	24	V43		Ab	I		V43		V		43			Mm7	False	False	(2, -1, 1, 5)	()	1	2	major	major	I	I, major	V		I	I	False	V43	V43, major		V43, major		V	-4	-4	-4	2	2	2	True	False	True
296	4	39	-3	E	-1	3	4	2	1	True	2.0	-4	13	13	13	13a	37	1/8	False	2	False				False	24	V43		Ab	I		V43		V		43			Mm7	False	False	(2, -1, 1, 5)	()	1	2	major	major	I	I, major	V		I	I	False	V43	V43, major		V43, major		V	-4	-4	-4	1	1	1	True	True	False
296	4	46	-2	B	-1	3	4	2	1	True	2.0	-4	13	13	13	13a	37	1/8	False	2	False				False	24	V43		Ab	I		V43		V		43			Mm7	False	False	(2, -1, 1, 5)	()	1	2	major	major	I	I, major	V		I	I	False	V43	V43, major		V43, major		V	-4	-4	-4	2	2	2	True	False	True
296	1	55	1	G	0	3	4	1	1	True	2.0	-4	13	13	13	13a	37	1/32	False	3	False				False	24	V43		Ab	I		V43		V		43			Mm7	False	False	(2, -1, 1, 5)	()	1	2	major	major	I	I, major	V		I	I	False	V43	V43, major		V43, major		V	-4	-4	-4	5	5	5	True	False	False
297	1	63	-3	E	-1	3	4	1	1	True	2.125	-4	13	13	13	13a	297/8	1/32	False	4	False				False	24	V43		Ab	I		V43		V		43			Mm7	False	False	(2, -1, 1, 5)	()	1	2	major	major	I	I, major	V		I	I	False	V43	V43, major		V43, major		V	-4	-4	-4	1	1	1	True	True	False
298	1	61	-5	D	-1	3	4	1	1	True	2.25	-4	13	13	13	13a	149/4	1/32	False	4	False				False	24	V43		Ab	I		V43		V		43			Mm7	False	False	(2, -1, 1, 5)	()	1	2	major	major	I	I, major	V		I	I	False	V43	V43, major		V43, major		V	-4	-4	-4	-1	-1	-1	True	False	False
299	1	63	-3	E	-1	3	4	1	1	True	2.375	-4	13	13	13	13a	299/8	1/32	False	4	False				False	24	V43		Ab	I		V43		V		43			Mm7	False	False	(2, -1, 1, 5)	()	1	2	major	major	I	I, major	V		I	I	False	V43	V43, major		V43, major		V	-4	-4	-4	1	1	1	True	True	False
300	1	67	1	G	0	3	4	1	1	True	2.5	-4	13	13	13	13a	75/2	1/32	False	4	False				False	24	V43		Ab	I		V43		V		43			Mm7	False	False	(2, -1, 1, 5)	()	1	2	major	major	I	I, major	V		I	I	False	V43	V43, major		V43, major		V	-4	-4	-4	5	5	5	True	False	False
301	1	63	-3	E	-1	3	4	1	1	True	2.625	-4	13	13	13	13a	301/8	1/32	False	4	False				False	24	V43		Ab	I		V43		V		43			Mm7	False	False	(2, -1, 1, 5)	()	1	2	major	major	I	I, major	V		I	I	False	V43	V43, major		V43, major		V	-4	-4	-4	1	1	1	True	True	False
302	1	61	-5	D	-1	3	4	1	1	True	2.75	-4	13	13	13	13a	151/4	1/32	False	4	False				False	24	V43		Ab	I		V43		V		43			Mm7	False	False	(2, -1, 1, 5)	()	1	2	major	major	I	I, major	V		I	I	False	V43	V43, major		V43, major		V	-4	-4	-4	-1	-1	-1	True	False	False
303	1	63	-3	E	-1	3	4	1	1	True	2.875	-4	13	13	13	13a	303/8	1/32	False	4	False				False	24	V43		Ab	I		V43		V		43			Mm7	False	False	(2, -1, 1, 5)	()	1	2	major	major	I	I, major	V		I	I	False	V43	V43, major		V43, major		V	-4	-4	-4	1	1	1	True	True	False
304	4	34	-2	B	-1	3	4	2	1	True	3.0	-4	13	13	13	13a	38	1/8	False	1	False				False	24	V43		Ab	I		V43		V		43			Mm7	False	False	(2, -1, 1, 5)	()	1	2	major	major	I	I, major	V		I	I	False	V43	V43, major		V43, major		V	-4	-4	-4	2	2	2	True	False	True
304	4	39	-3	E	-1	3	4	2	1	True	3.0	-4	13	13	13	13a	38	1/8	False	2	False				False	24	V43		Ab	I		V43		V		43			Mm7	False	False	(2, -1, 1, 5)	()	1	2	major	major	I	I, major	V		I	I	False	V43	V43, major		V43, major		V	-4	-4	-4	1	1	1	True	True	False
304	4	46	-2	B	-1	3	4	2	1	True	3.0	-4	13	13	13	13a	38	1/8	False	2	False				False	24	V43		Ab	I		V43		V		43			Mm7	False	False	(2, -1, 1, 5)	()	1	2	major	major	I	I, major	V		I	I	False	V43	V43, major		V43, major		V	-4	-4	-4	2	2	2	True	False	True
304	1	67	1	G	0	3	4	1	1	True	3.0	-4	13	13	13	13a	38	1/32	False	4	False				False	24	V43		Ab	I		V43		V		43			Mm7	False	False	(2, -1, 1, 5)	()	1	2	major	major	I	I, major	V		I	I	False	V43	V43, major		V43, major		V	-4	-4	-4	5	5	5	True	False	False
305	1	75	-3	E	-1	3	4	1	1	True	3.125	-4	13	13	13	13a	305/8	1/32	False	5	False				False	24	V43		Ab	I		V43		V		43			Mm7	False	False	(2, -1, 1, 5)	()	1	2	major	major	I	I, major	V		I	I	False	V43	V43, major		V43, major		V	-4	-4	-4	1	1	1	True	True	False
306	1	73	-5	D	-1	3	4	1	1	True	3.25	-4	13	13	13	13a	153/4	1/32	False	5	False				False	24	V43		Ab	I		V43		V		43			Mm7	False	False	(2, -1, 1, 5)	()	1	2	major	major	I	I, major	V		I	I	False	V43	V43, major		V43, major		V	-4	-4	-4	-1	-1	-1	True	False	False
307	1	75	-3	E	-1	3	4	1	1	True	3.375	-4	13	13	13	13a	307/8	1/32	False	5	False				False	24	V43		Ab	I		V43		V		43			Mm7	False	False	(2, -1, 1, 5)	()	1	2	major	major	I	I, major	V		I	I	False	V43	V43, major		V43, major		V	-4	-4	-4	1	1	1	True	True	False
308	1	79	1	G	0	3	4	1	1	True	3.5	-4	13	13	13	13a	77/2	1/32	False	5	False				False	24	V43		Ab	I		V43		V		43			Mm7	False	False	(2, -1, 1, 5)	()	1	2	major	major	I	I, major	V		I	I	False	V43	V43, major		V43, major		V	-4	-4	-4	5	5	5	True	False	False
309	1	75	-3	E	-1	3	4	1	1	True	3.625	-4	13	13	13	13a	309/8	1/32	False	5	False				False	24	V43		Ab	I		V43		V		43			Mm7	False	False	(2, -1, 1, 5)	()	1	2	major	major	I	I, major	V		I	I	False	V43	V43, major		V43, major		V	-4	-4	-4	1	1	1	True	True	False
310	1	73	-5	D	-1	3	4	1	1	True	3.75	-4	13	13	13	13a	155/4	1/32	False	5	False				False	24	V43		Ab	I		V43		V		43			Mm7	False	False	(2, -1, 1, 5)	()	1	2	major	major	I	I, major	V		I	I	False	V43	V43, major		V43, major		V	-4	-4	-4	-1	-1	-1	True	False	False
311	1	75	-3	E	-1	3	4	1	1	True	3.875	-4	13	13	13	13a	311/8	1/32	False	5	False				False	24	V43		Ab	I		V43		V		43			Mm7	False	False	(2, -1, 1, 5)	()	1	2	major	major	I	I, major	V		I	I	False	V43	V43, major		V43, major		V	-4	-4	-4	1	1	1	True	True	False
312	4	36	0	C	0	3	4	2	1	True	1.0	-4	14	14	14	14a	39	1/8	False	2	True				False	25	I6		Ab	I		I6		I		6			M	False	False	(4, 1, 0)	()	0	4	major	major	I	I, major	I		I	I	False	I6	I6, major		I6, major		I	-4	-4	-4	4	4	4	True	False	True
312	4	39	-3	E	-1	3	4	2	1	True	1.0	-4	14	14	14	14a	39	1/8	False	2	True				False	25	I6		Ab	I		I6		I		6			M	False	False	(4, 1, 0)	()	0	4	major	major	I	I, major	I		I	I	False	I6	I6, major		I6, major		I	-4	-4	-4	1	1	1	True	False	False
312	4	48	0	C	0	3	4	2	1	True	1.0	-4	14	14	14	14a	39	1/8	False	3	True				False	25	I6		Ab	I		I6		I		6			M	False	False	(4, 1, 0)	()	0	4	major	major	I	I, major	I		I	I	False	I6	I6, major		I6, major		I	-4	-4	-4	4	4	4	True	False	True
312	1	80	-4	A	-1	3	4	1	1	True	1.0	-4	14	14	14	14a	39	1/32	False	5	True				False	25	I6		Ab	I		I6		I		6			M	False	False	(4, 1, 0)	()	0	4	major	major	I	I, major	I		I	I	False	I6	I6, major		I6, major		I	-4	-4	-4	0	0	0	True	True	False
313	1	87	-3	E	-1	3	4	1	1	True	1.125	-4	14	14	14	14a	313/8	1/32	False	6	False				False	25	I6		Ab	I		I6		I		6			M	False	False	(4, 1, 0)	()	0	4	major	major	I	I, major	I		I	I	False	I6	I6, major		I6, major		I	-4	-4	-4	1	1	1	True	False	False
314	1	84	0	C	0	3	4	1	1	True	1.25	-4	14	14	14	14a	157/4	1/32	False	6	False				False	25	I6		Ab	I		I6		I		6			M	False	False	(4, 1, 0)	()	0	4	major	major	I	I, major	I		I	I	False	I6	I6, major		I6, major		I	-4	-4	-4	4	4	4	True	False	True
315	1	87	-3	E	-1	3	4	1	1	True	1.375	-4	14	14	14	14a	315/8	1/32	False	6	False				False	25	I6		Ab	I		I6		I		6			M	False	False	(4, 1, 0)	()	0	4	major	major	I	I, major	I		I	I	False	I6	I6, major		I6, major		I	-4	-4	-4	1	1	1	True	False	False
316	1	92	-4	A	-1	3	4	1	1	True	1.5	-4	14	14	14	14a	79/2	1/32	False	6	False				False	25	I6		Ab	I		I6		I		6			M	False	False	(4, 1, 0)	()	0	4	major	major	I	I, major	I		I	I	False	I6	I6, major		I6, major		I	-4	-4	-4	0	0	0	True	True	False
317	1	87	-3	E	-1	3	4	1	1	True	1.625	-4	14	14	14	14a	317/8	1/32	False	6	False				False	25	I6		Ab	I		I6		I		6			M	False	False	(4, 1, 0)	()	0	4	major	major	I	I, major	I		I	I	False	I6	I6, major		I6, major		I	-4	-4	-4	1	1	1	True	False	False
318	1	84	0	C	0	3	4	1	1	True	1.75	-4	14	14	14	14a	159/4	1/32	False	6	False				False	25	I6		Ab	I		I6		I		6			M	False	False	(4, 1, 0)	()	0	4	major	major	I	I, major	I		I	I	False	I6	I6, major		I6, major		I	-4	-4	-4	4	4	4	True	False	True
319	1	87	-3	E	-1	3	4	1	1	True	1.875	-4	14	14	14	14a	319/8	1/32	False	6	False				False	25	I6		Ab	I		I6		I		6			M	False	False	(4, 1, 0)	()	0	4	major	major	I	I, major	I		I	I	False	I6	I6, major		I6, major		I	-4	-4	-4	1	1	1	True	False	False
320	1	80	-4	A	-1	3	4	1	1	True	2.0	-4	14	14	14	14a	40	1/32	False	5	False				False	25	I6		Ab	I		I6		I		6			M	False	False	(4, 1, 0)	()	0	4	major	major	I	I, major	I		I	I	False	I6	I6, major		I6, major		I	-4	-4	-4	0	0	0	True	True	False
321	1	75	-3	E	-1	3	4	1	1	True	2.125	-4	14	14	14	14a	321/8	1/32	False	5	False				False	25	I6		Ab	I		I6		I		6			M	False	False	(4, 1, 0)	()	0	4	major	major	I	I, major	I		I	I	False	I6	I6, major		I6, major		I	-4	-4	-4	1	1	1	True	False	False
322	1	72	0	C	0	3	4	1	1	True	2.25	-4	14	14	14	14a	161/4	1/32	False	5	False				False	25	I6		Ab	I		I6		I		6			M	False	False	(4, 1, 0)	()	0	4	major	major	I	I, major	I		I	I	False	I6	I6, major		I6, major		I	-4	-4	-4	4	4	4	True	False	True
323	1	75	-3	E	-1	3	4	1	1	True	2.375	-4	14	14	14	14a	323/8	1/32	False	5	False				False	25	I6		Ab	I		I6		I		6			M	False	False	(4, 1, 0)	()	0	4	major	major	I	I, major	I		I	I	False	I6	I6, major		I6, major		I	-4	-4	-4	1	1	1	True	False	False
324	1	68	-4	A	-1	3	4	1	1	True	2.5	-4	14	14	14	14a	81/2	1/32	False	4	False				False	25	I6		Ab	I		I6		I		6			M	False	False	(4, 1, 0)	()	0	4	major	major	I	I, major	I		I	I	False	I6	I6, major		I6, major		I	-4	-4	-4	0	0	0	True	True	False
325	1	63	-3	E	-1	3	4	1	1	True	2.625	-4	14	14	14	14a	325/8	1/32	False	4	False				False	25	I6		Ab	I		I6		I		6			M	False	False	(4, 1, 0)	()	0	4	major	major	I	I, major	I		I	I	False	I6	I6, major		I6, major		I	-4	-4	-4	1	1	1	True	False	False
326	1	60	0	C	0	3	4	1	1	True	2.75	-4	14	14	14	14a	163/4	1/32	False	4	False				False	25	I6		Ab	I		I6		I		6			M	False	False	(4, 1, 0)	()	0	4	major	major	I	I, major	I		I	I	False	I6	I6, major		I6, major		I	-4	-4	-4	4	4	4	True	False	True
327	1	63	-3	E	-1	3	4	1	1	True	2.875	-4	14	14	14	14a	327/8	1/32	False	4	False				False	25	I6		Ab	I		I6		I		6			M	False	False	(4, 1, 0)	()	0	4	major	major	I	I, major	I		I	I	False	I6	I6, major		I6, major		I	-4	-4	-4	1	1	1	True	False	False
328	1	56	-4	A	-1	3	4	1	1	True	3.0	-4	14	14	14	14a	41	1/32	False	3	False				False	25	I6		Ab	I		I6		I		6			M	False	False	(4, 1, 0)	()	0	4	major	major	I	I, major	I		I	I	False	I6	I6, major		I6, major		I	-4	-4	-4	0	0	0	True	True	False
329	1	51	-3	E	-1	3	4	1	1	True	3.125	-4	14	14	14	14a	329/8	1/32	False	3	False				False	25	I6		Ab	I		I6		I		6			M	False	False	(4, 1, 0)	()	0	4	major	major	I	I, major	I		I	I	False	I6	I6, major		I6, major		I	-4	-4	-4	1	1	1	True	False	False
330	1	48	0	C	0	3	4	1	1	True	3.25	-4	14	14	14	14a	165/4	1/32	False	3	False				False	25	I6		Ab	I		I6		I		6			M	False	False	(4, 1, 0)	()	0	4	major	major	I	I, major	I		I	I	False	I6	I6, major		I6, major		I	-4	-4	-4	4	4	4	True	False	True
331	1	51	-3	E	-1	3	4	1	1	True	3.375	-4	14	14	14	14a	331/8	1/32	False	3	False				False	25	I6		Ab	I		I6		I		6			M	False	False	(4, 1, 0)	()	0	4	major	major	I	I, major	I		I	I	False	I6	I6, major		I6, major		I	-4	-4	-4	1	1	1	True	False	False
332	1	44	-4	A	-1	3	4	1	1	True	3.5	-4	14	14	14	14a	83/2	1/32	False	2	False				False	25	I6		Ab	I		I6		I		6			M	False	False	(4, 1, 0)	()	0	4	major	major	I	I, major	I		I	I	False	I6	I6, major		I6, major		I	-4	-4	-4	0	0	0	True	True	False
333	1	51	-3	E	-1	3	4	1	1	True	3.625	-4	14	14	14	14a	333/8	1/32	False	3	False				False	25	I6		Ab	I		I6		I		6			M	False	False	(4, 1, 0)	()	0	4	major	major	I	I, major	I		I	I	False	I6	I6, major		I6, major		I	-4	-4	-4	1	1	1	True	False	False
334	1	48	0	C	0	3	4	1	1	True	3.75	-4	14	14	14	14a	167/4	1/32	False	3	False				False	25	I6		Ab	I		I6		I		6			M	False	False	(4, 1, 0)	()	0	4	major	major	I	I, major	I		I	I	False	I6	I6, major		I6, major		I	-4	-4	-4	4	4	4	True	False	True
335	1	51	-3	E	-1	3	4	1	1	True	3.875	-4	14	14	14	14a	335/8	1/32	False	3	False				False	25	I6		Ab	I		I6		I		6			M	False	False	(4, 1, 0)	()	0	4	major	major	I	I, major	I		I	I	False	I6	I6, major		I6, major		I	-4	-4	-4	1	1	1	True	False	False
336	4	31	1	G	0	3	4	2	1	True	1.0	-4	15	15	15	15a	42	1/8	False	1	True				False	26	V65		Ab	I		V65		V		65			Mm7	False	False	(5, 2, -1, 1)	()	1	5	major	major	I	I, major	V		I	I	False	V65	V65, major		V65, major		V	-4	-4	-4	5	5	5	True	False	True
336	4	39	-3	E	-1	3	4	2	1	True	1.0	-4	15	15	15	15a	42	1/8	False	2	True				False	26	V65		Ab	I		V65		V		65			Mm7	False	False	(5, 2, -1, 1)	()	1	5	major	major	I	I, major	V		I	I	False	V65	V65, major		V65, major		V	-4	-4	-4	1	1	1	True	True	False
336	4	43	1	G	0	3	4	2	1	True	1.0	-4	15	15	15	15a	42	1/8	False	2	True				False	26	V65		Ab	I		V65		V		65			Mm7	False	False	(5, 2, -1, 1)	()	1	5	major	major	I	I, major	V		I	I	False	V65	V65, major		V65, major		V	-4	-4	-4	5	5	5	True	False	True
336	1	46	-2	B	-1	3	4	1	1	True	1.0	-4	15	15	15	15a	42	1/32	False	2	True				False	26	V65		Ab	I		V65		V		65			Mm7	False	False	(5, 2, -1, 1)	()	1	5	major	major	I	I, major	V		I	I	False	V65	V65, major		V65, major		V	-4	-4	-4	2	2	2	True	False	False
337	1	51	-3	E	-1	3	4	1	1	True	1.125	-4	15	15	15	15a	337/8	1/32	False	3	False				False	26	V65		Ab	I		V65		V		65			Mm7	False	False	(5, 2, -1, 1)	()	1	5	major	major	I	I, major	V		I	I	False	V65	V65, major		V65, major		V	-4	-4	-4	1	1	1	True	True	False
338	1	49	-5	D	-1	3	4	1	1	True	1.25	-4	15	15	15	15a	169/4	1/32	False	3	False				False	26	V65		Ab	I		V65		V		65			Mm7	False	False	(5, 2, -1, 1)	()	1	5	major	major	I	I, major	V		I	I	False	V65	V65, major		V65, major		V	-4	-4	-4	-1	-1	-1	True	False	False
339	1	51	-3	E	-1	3	4	1	1	True	1.375	-4	15	15	15	15a	339/8	1/32	False	3	False				False	26	V65		Ab	I		V65		V		65			Mm7	False	False	(5, 2, -1, 1)	()	1	5	major	major	I	I, major	V		I	I	False	V65	V65, major		V65, major		V	-4	-4	-4	1	1	1	True	True	False
340	1	58	-2	B	-1	3	4	1	1	True	1.5	-4	15	15	15	15a	85/2	1/32	False	3	False				False	26	V65		Ab	I		V65		V		65			Mm7	False	False	(5, 2, -1, 1)	()	1	5	major	major	I	I, major	V		I	I	False	V65	V65, major		V65, major		V	-4	-4	-4	2	2	2	True	False	False
341	1	51	-3	E	-1	3	4	1	1	True	1.625	-4	15	15	15	15a	341/8	1/32	False	3	False				False	26	V65		Ab	I		V65		V		65			Mm7	False	False	(5, 2, -1, 1)	()	1	5	major	major	I	I, major	V		I	I	False	V65	V65, major		V65, major		V	-4	-4	-4	1	1	1	True	True	False
342	1	49	-5	D	-1	3	4	1	1	True	1.75	-4	15	15	15	15a	171/4	1/32	False	3	False				False	26	V65		Ab	I		V65		V		65			Mm7	False	False	(5, 2, -1, 1)	()	1	5	major	major	I	I, major	V		I	I	False	V65	V65, major		V65, major		V	-4	-4	-4	-1	-1	-1	True	False	False
343	1	51	-3	E	-1	3	4	1	1	True	1.875	-4	15	15	15	15a	343/8	1/32	False	3	False				False	26	V65		Ab	I		V65		V		65			Mm7	False	False	(5, 2, -1, 1)	()	1	5	major	major	I	I, major	V		I	I	False	V65	V65, major		V65, major		V	-4	-4	-4	1	1	1	True	True	False
344	4	31	1	G	0	3	4	2	1	True	2.0	-4	15	15	15	15a	43	1/8	False	1	False				False	26	V65		Ab	I		V65		V		65			Mm7	False	False	(5, 2, -1, 1)	()	1	5	major	major	I	I, major	V		I	I	False	V65	V65, major		V65, major		V	-4	-4	-4	5	5	5	True	False	True
344	4	39	-3	E	-1	3	4	2	1	True	2.0	-4	15	15	15	15a	43	1/8	False	2	False				False	26	V65		Ab	I		V65		V		65			Mm7	False	False	(5, 2, -1, 1)	()	1	5	major	major	I	I, major	V		I	I	False	V65	V65, major		V65, major		V	-4	-4	-4	1	1	1	True	True	False
344	4	43	1	G	0	3	4	2	1	True	2.0	-4	15	15	15	15a	43	1/8	False	2	False				False	26	V65		Ab	I		V65		V		65			Mm7	False	False	(5, 2, -1, 1)	()	1	5	major	major	I	I, major	V		I	I	False	V65	V65, major		V65, major		V	-4	-4	-4	5	5	5	True	False	True
344	1	58	-2	B	-1	3	4	1	1	True	2.0	-4	15	15	15	15a	43	1/32	False	3	False				False	26	V65		Ab	I		V65		V		65			Mm7	False	False	(5, 2, -1, 1)	()	1	5	major	major	I	I, major	V		I	I	False	V65	V65, major		V65, major		V	-4	-4	-4	2	2	2	True	False	False
345	1	63	-3	E	-1	3	4	1	1	True	2.125	-4	15	15	15	15a	345/8	1/32	False	4	False				False	26	V65		Ab	I		V65		V		65			Mm7	False	False	(5, 2, -1, 1)	()	1	5	major	major	I	I, major	V		I	I	False	V65	V65, major		V65, major		V	-4	-4	-4	1	1	1	True	True	False
346	1	61	-5	D	-1	3	4	1	1	True	2.25	-4	15	15	15	15a	173/4	1/32	False	4	False				False	26	V65		Ab	I		V65		V		65			Mm7	False	False	(5, 2, -1, 1)	()	1	5	major	major	I	I, major	V		I	I	False	V65	V65, major		V65, major		V	-4	-4	-4	-1	-1	-1	True	False	False
347	1	63	-3	E	-1	3	4	1	1	True	2.375	-4	15	15	15	15a	347/8	1/32	False	4	False				False	26	V65		Ab	I		V65		V		65			Mm7	False	False	(5, 2, -1, 1)	()	1	5	major	major	I	I, major	V		I	I	False	V65	V65, major		V65, major		V	-4	-4	-4	1	1	1	True	True	False
348	1	70	-2	B	-1	3	4	1	1	True	2.5	-4	15	15	15	15a	87/2	1/32	False	4	False				False	26	V65		Ab	I		V65		V		65			Mm7	False	False	(5, 2, -1, 1)	()	1	5	major	major	I	I, major	V		I	I	False	V65	V65, major		V65, major		V	-4	-4	-4	2	2	2	True	False	False
349	1	63	-3	E	-1	3	4	1	1	True	2.625	-4	15	15	15	15a	349/8	1/32	False	4	False				False	26	V65		Ab	I		V65		V		65			Mm7	False	False	(5, 2, -1, 1)	()	1	5	major	major	I	I, major	V		I	I	False	V65	V65, major		V65, major		V	-4	-4	-4	1	1	1	True	True	False
350	1	61	-5	D	-1	3	4	1	1	True	2.75	-4	15	15	15	15a	175/4	1/32	False	4	False				False	26	V65		Ab	I		V65		V		65			Mm7	False	False	(5, 2, -1, 1)	()	1	5	major	major	I	I, major	V		I	I	False	V65	V65, major		V65, major		V	-4	-4	-4	-1	-1	-1	True	False	False
351	1	63	-3	E	-1	3	4	1	1	True	2.875	-4	15	15	15	15a	351/8	1/32	False	4	False				False	26	V65		Ab	I		V65		V		65			Mm7	False	False	(5, 2, -1, 1)	()	1	5	major	major	I	I, major	V		I	I	False	V65	V65, major		V65, major		V	-4	-4	-4	1	1	1	True	True	False
352	4	31	1	G	0	3	4	2	1	True	3.0	-4	15	15	15	15a	44	1/8	False	1	False				False	26	V65		Ab	I		V65		V		65			Mm7	False	False	(5, 2, -1, 1)	()	1	5	major	major	I	I, major	V		I	I	False	V65	V65, major		V65, major		V	-4	-4	-4	5	5	5	True	False	True
352	4	39	-3	E	-1	3	4	2	1	True	3.0	-4	15	15	15	15a	44	1/8	False	2	False				False	26	V65		Ab	I		V65		V		65			Mm7	False	False	(5, 2, -1, 1)	()	1	5	major	major	I	I, major	V		I	I	False	V65	V65, major		V65, major		V	-4	-4	-4	1	1	1	True	True	False
352	4	43	1	G	0	3	4	2	1	True	3.0	-4	15	15	15	15a	44	1/8	False	2	False				False	26	V65		Ab	I		V65		V		65			Mm7	False	False	(5, 2, -1, 1)	()	1	5	major	major	I	I, major	V		I	I	False	V65	V65, major		V65, major		V	-4	-4	-4	5	5	5	True	False	True
352	1	70	-2	B	-1	3	4	1	1	True	3.0	-4	15	15	15	15a	44	1/32	False	4	False				False	26	V65		Ab	I		V65		V		65			Mm7	False	False	(5, 2, -1, 1)	()	1	5	major	major	I	I, major	V		I	I	False	V65	V65, major		V65, major		V	-4	-4	-4	2	2	2	True	False	False
353	1	75	-3	E	-1	3	4	1	1	True	3.125	-4	15	15	15	15a	353/8	1/32	False	5	False				False	26	V65		Ab	I		V65		V		65			Mm7	False	False	(5, 2, -1, 1)	()	1	5	major	major	I	I, major	V		I	I	False	V65	V65, major		V65, major		V	-4	-4	-4	1	1	1	True	True	False
354	1	73	-5	D	-1	3	4	1	1	True	3.25	-4	15	15	15	15a	177/4	1/32	False	5	False				False	26	V65		Ab	I		V65		V		65			Mm7	False	False	(5, 2, -1, 1)	()	1	5	major	major	I	I, major	V		I	I	False	V65	V65, major		V65, major		V	-4	-4	-4	-1	-1	-1	True	False	False
355	1	75	-3	E	-1	3	4	1	1	True	3.375	-4	15	15	15	15a	355/8	1/32	False	5	False				False	26	V65		Ab	I		V65		V		65			Mm7	False	False	(5, 2, -1, 1)	()	1	5	major	major	I	I, major	V		I	I	False	V65	V65, major		V65, major		V	-4	-4	-4	1	1	1	True	True	False
356	1	82	-2	B	-1	3	4	1	1	True	3.5	-4	15	15	15	15a	89/2	1/32	False	5	False				False	26	V65		Ab	I		V65		V		65			Mm7	False	False	(5, 2, -1, 1)	()	1	5	major	major	I	I, major	V		I	I	False	V65	V65, major		V65, major		V	-4	-4	-4	2	2	2	True	False	False
357	1	75	-3	E	-1	3	4	1	1	True	3.625	-4	15	15	15	15a	357/8	1/32	False	5	False				False	26	V65		Ab	I		V65		V		65			Mm7	False	False	(5, 2, -1, 1)	()	1	5	major	major	I	I, major	V		I	I	False	V65	V65, major		V65, major		V	-4	-4	-4	1	1	1	True	True	False
358	1	73	-5	D	-1	3	4	1	1	True	3.75	-4	15	15	15	15a	179/4	1/32	False	5	False				False	26	V65		Ab	I		V65		V		65			Mm7	False	False	(5, 2, -1, 1)	()	1	5	major	major	I	I, major	V		I	I	False	V65	V65, major		V65, major		V	-4	-4	-4	-1	-1	-1	True	False	False
359	1	75	-3	E	-1	3	4	1	1	True	3.875	-4	15	15	15	15a	359/8	1/32	False	5	False				False	26	V65		Ab	I		V65		V		65			Mm7	False	False	(5, 2, -1, 1)	()	1	5	major	major	I	I, major	V		I	I	False	V65	V65, major		V65, major		V	-4	-4	-4	1	1	1	True	True	False
360	4	32	-4	A	-1	3	4	2	1	True	1.0	-4	16	16	16	16a	45	1/8	False	1	True				False	27	I		Ab	I		I		I					M	False	False	(0, 4, 1)	()	0	0	major	major	I	I, major	I		I	I	False	I	I, major		I, major		I	-4	-4	-4	0	0	0	True	True	True
360	4	39	-3	E	-1	3	4	2	1	True	1.0	-4	16	16	16	16a	45	1/8	False	2	True				False	27	I		Ab	I		I		I					M	False	False	(0, 4, 1)	()	0	0	major	major	I	I, major	I		I	I	False	I	I, major		I, major		I	-4	-4	-4	1	1	1	True	False	False
360	4	44	-4	A	-1	3	4	2	1	True	1.0	-4	16	16	16	16a	45	1/8	False	2	True				False	27	I		Ab	I		I		I					M	False	False	(0, 4, 1)	()	0	0	major	major	I	I, major	I		I	I	False	I	I, major		I, major		I	-4	-4	-4	0	0	0	True	True	True
360	1	72	0	C	0	3	4	1	1	True	1.0	-4	16	16	16	16a	45	1/32	False	5	True				False	27	I		Ab	I		I		I					M	False	False	(0, 4, 1)	()	0	0	major	major	I	I, major	I		I	I	False	I	I, major		I, major		I	-4	-4	-4	4	4	4	True	False	False
361	1	80	-4	A	-1	3	4	1	1	True	1.125	-4	16	16	16	16a	361/8	1/32	False	5	False				False	27	I		Ab	I		I		I					M	False	False	(0, 4, 1)	()	0	0	major	major	I	I, major	I		I	I	False	I	I, major		I, major		I	-4	-4	-4	0	0	0	True	True	True
362	1	75	-3	E	-1	3	4	1	1	True	1.25	-4	16	16	16	16a	181/4	1/32	False	5	False				False	27	I		Ab	I		I		I					M	False	False	(0, 4, 1)	()	0	0	major	major	I	I, major	I		I	I	False	I	I, major		I, major		I	-4	-4	-4	1	1	1	True	False	False
363	1	80	-4	A	-1	3	4	1	1	True	1.375	-4	16	16	16	16a	363/8	1/32	False	5	False				False	27	I		Ab	I		I		I					M	False	False	(0, 4, 1)	()	0	0	major	major	I	I, major	I		I	I	False	I	I, major		I, major		I	-4	-4	-4	0	0	0	True	True	True
364	1	84	0	C	0	3	4	1	1	True	1.5	-4	16	16	16	16a	91/2	1/32	False	6	False				False	27	I		Ab	I		I		I					M	False	False	(0, 4, 1)	()	0	0	major	major	I	I, major	I		I	I	False	I	I, major		I, major		I	-4	-4	-4	4	4	4	True	False	False
365	1	80	-4	A	-1	3	4	1	1	True	1.625	-4	16	16	16	16a	365/8	1/32	False	5	False				False	27	I		Ab	I		I		I					M	False	False	(0, 4, 1)	()	0	0	major	major	I	I, major	I		I	I	False	I	I, major		I, major		I	-4	-4	-4	0	0	0	True	True	True
366	1	75	-3	E	-1	3	4	1	1	True	1.75	-4	16	16	16	16a	183/4	1/32	False	5	False				False	27	I		Ab	I		I		I					M	False	False	(0, 4, 1)	()	0	0	major	major	I	I, major	I		I	I	False	I	I, major		I, major		I	-4	-4	-4	1	1	1	True	False	False
367	1	80	-4	A	-1	3	4	1	1	True	1.875	-4	16	16	16	16a	367/8	1/32	False	5	False				False	27	I		Ab	I		I		I					M	False	False	(0, 4, 1)	()	0	0	major	major	I	I, major	I		I	I	False	I	I, major		I, major		I	-4	-4	-4	0	0	0	True	True	True
368	1	72	0	C	0	3	4	1	1	True	2.0	-4	16	16	16	16a	46	1/32	False	5	False				False	27	I		Ab	I		I		I					M	False	False	(0, 4, 1)	()	0	0	major	major	I	I, major	I		I	I	False	I	I, major		I, major		I	-4	-4	-4	4	4	4	True	False	False
369	1	68	-4	A	-1	3	4	1	1	True	2.125	-4	16	16	16	16a	369/8	1/32	False	4	False				False	27	I		Ab	I		I		I					M	False	False	(0, 4, 1)	()	0	0	major	major	I	I, major	I		I	I	False	I	I, major		I, major		I	-4	-4	-4	0	0	0	True	True	True
370	1	63	-3	E	-1	3	4	1	1	True	2.25	-4	16	16	16	16a	185/4	1/32	False	4	False				False	27	I		Ab	I		I		I					M	False	False	(0, 4, 1)	()	0	0	major	major	I	I, major	I		I	I	False	I	I, major		I, major		I	-4	-4	-4	1	1	1	True	False	False
371	1	68	-4	A	-1	3	4	1	1	True	2.375	-4	16	16	16	16a	371/8	1/32	False	4	False				False	27	I		Ab	I		I		I					M	False	False	(0, 4, 1)	()	0	0	major	major	I	I, major	I		I	I	False	I	I, major		I, major		I	-4	-4	-4	0	0	0	True	True	True
372	1	60	0	C	0	3	4	1	1	True	2.5	-4	16	16	16	16a	93/2	1/32	False	4	False				False	27	I		Ab	I		I		I					M	False	False	(0, 4, 1)	()	0	0	major	major	I	I, major	I		I	I	False	I	I, major		I, major		I	-4	-4	-4	4	4	4	True	False	False
373	1	56	-4	A	-1	3	4	1	1	True	2.625	-4	16	16	16	16a	373/8	1/32	False	3	False				False	27	I		Ab	I		I		I					M	False	False	(0, 4, 1)	()	0	0	major	major	I	I, major	I		I	I	False	I	I, major		I, major		I	-4	-4	-4	0	0	0	True	True	True
374	1	51	-3	E	-1	3	4	1	1	True	2.75	-4	16	16	16	16a	187/4	1/32	False	3	False				False	27	I		Ab	I		I		I					M	False	False	(0, 4, 1)	()	0	0	major	major	I	I, major	I		I	I	False	I	I, major		I, major		I	-4	-4	-4	1	1	1	True	False	False
375	1	56	-4	A	-1	3	4	1	1	True	2.875	-4	16	16	16	16a	375/8	1/32	False	3	False				False	27	I		Ab	I		I		I					M	False	False	(0, 4, 1)	()	0	0	major	major	I	I, major	I		I	I	False	I	I, major		I, major		I	-4	-4	-4	0	0	0	True	True	True
376	1	48	0	C	0	3	4	1	1	True	3.0	-4	16	16	16	16a	47	1/32	False	3	False				False	27	I		Ab	I		I		I					M	False	False	(0, 4, 1)	()	0	0	major	major	I	I, major	I		I	I	False	I	I, major		I, major		I	-4	-4	-4	4	4	4	True	False	False
377	1	56	-4	A	-1	3	4	1	1	True	3.125	-4	16	16	16	16a	377/8	1/32	False	3	False				False	27	I		Ab	I		I		I					M	False	False	(0, 4, 1)	()	0	0	major	major	I	I, major	I		I	I	False	I	I, major		I, major		I	-4	-4	-4	0	0	0	True	True	True
378	1	51	-3	E	-1	3	4	1	1	True	3.25	-4	16	16	16	16a	189/4	1/32	False	3	False				False	27	I		Ab	I		I		I					M	False	False	(0, 4, 1)	()	0	0	major	major	I	I, major	I		I	I	False	I	I, major		I, major		I	-4	-4	-4	1	1	1	True	False	False
379	1	56	-4	A	-1	3	4	1	1	True	3.375	-4	16	16	16	16a	379/8	1/32	False	3	False				False	27	I		Ab	I		I		I					M	False	False	(0, 4, 1)	()	0	0	major	major	I	I, major	I		I	I	False	I	I, major		I, major		I	-4	-4	-4	0	0	0	True	True	True
380	1	60	0	C	0	3	4	1	1	True	3.5	-4	16	16	16	16a	95/2	1/32	False	4	False				False	27	I		Ab	I		I		I					M	False	False	(0, 4, 1)	()	0	0	major	major	I	I, major	I		I	I	False	I	I, major		I, major		I	-4	-4	-4	4	4	4	True	False	False
381	1	56	-4	A	-1	3	4	1	1	True	3.625	-4	16	16	16	16a	381/8	1/32	False	3	False				False	27	I		Ab	I		I		I					M	False	False	(0, 4, 1)	()	0	0	major	major	I	I, major	I		I	I	False	I	I, major		I, major		I	-4	-4	-4	0	0	0	True	True	True
382	1	51	-3	E	-1	3	4	1	1	True	3.75	-4	16	16	16	16a	191/4	1/32	False	3	False				False	27	I		Ab	I		I		I					M	False	False	(0, 4, 1)	()	0	0	major	major	I	I, major	I		I	I	False	I	I, major		I, major		I	-4	-4	-4	1	1	1	True	False	False
383	1	56	-4	A	-1	3	4	1	1	True	3.875	-4	16	16	16	16a	383/8	1/32	False	3	False				False	27	I		Ab	I		I		I					M	False	False	(0, 4, 1)	()	0	0	major	major	I	I, major	I		I	I	False	I	I, major		I, major		I	-4	-4	-4	0	0	0	True	True	True
384	4	29	-1	F	0	3	4	2	1	True	1.0	-4	17	17	17	17a	48	1/8	False	1	True				False	28	V43/V		Ab	I		V43/V		V		43		V	Mm7	False	False	(3, 0, 2, 6)	()	2	3	major	major	I	I, major	V/V	V	V/I	V	False	V43/V	V43/V, major		V43/V, major	V	V	-4	-4	-3	3	3	2	True	False	True
384	4	41	-1	F	0	3	4	2	1	True	1.0	-4	17	17	17	17a	48	1/8	False	2	True				False	28	V43/V		Ab	I		V43/V		V		43		V	Mm7	False	False	(3, 0, 2, 6)	()	2	3	major	major	I	I, major	V/V	V	V/I	V	False	V43/V	V43/V, major		V43/V, major	V	V	-4	-4	-3	3	3	2	True	False	True
384	1	50	2	D	0	3	4	1	1	True	1.0	-4	17	17	17	17a	48	1/32	False	3	True				False	28	V43/V		Ab	I		V43/V		V		43		V	Mm7	False	False	(3, 0, 2, 6)	()	2	3	major	major	I	I, major	V/V	V	V/I	V	False	V43/V	V43/V, major		V43/V, major	V	V	-4	-4	-3	6	6	5	True	False	False
385	1	58	-2	B	-1	3	4	1	1	True	1.125	-4	17	17	17	17a	385/8	1/32	False	3	False				False	28	V43/V		Ab	I		V43/V		V		43		V	Mm7	False	False	(3, 0, 2, 6)	()	2	3	major	major	I	I, major	V/V	V	V/I	V	False	V43/V	V43/V, major		V43/V, major	V	V	-4	-4	-3	2	2	1	True	True	False
386	1	56	-4	A	-1	3	4	1	1	True	1.25	-4	17	17	17	17a	193/4	1/32	False	3	False				False	28	V43/V		Ab	I		V43/V		V		43		V	Mm7	False	False	(3, 0, 2, 6)	()	2	3	major	major	I	I, major	V/V	V	V/I	V	False	V43/V	V43/V, major		V43/V, major	V	V	-4	-4	-3	0	0	-1	True	False	False
387	1	58	-2	B	-1	3	4	1	1	True	1.375	-4	17	17	17	17a	387/8	1/32	False	3	False				False	28	V43/V		Ab	I		V43/V		V		43		V	Mm7	False	False	(3, 0, 2, 6)	()	2	3	major	major	I	I, major	V/V	V	V/I	V	False	V43/V	V43/V, major		V43/V, major	V	V	-4	-4	-3	2	2	1	True	True	False
388	1	62	2	D	0	3	4	1	1	True	1.5	-4	17	17	17	17a	97/2	1/32	False	4	False				False	28	V43/V		Ab	I		V43/V		V		43		V	Mm7	False	False	(3, 0, 2, 6)	()	2	3	major	major	I	I, major	V/V	V	V/I	V	False	V43/V	V43/V, major		V43/V, major	V	V	-4	-4	-3	6	6	5	True	False	False
389	1	58	-2	B	-1	3	4	1	1	True	1.625	-4	17	17	17	17a	389/8	1/32	False	3	False				False	28	V43/V		Ab	I		V43/V		V		43		V	Mm7	False	False	(3, 0, 2, 6)	()	2	3	major	major	I	I, major	V/V	V	V/I	V	False	V43/V	V43/V, major		V43/V, major	V	V	-4	-4	-3	2	2	1	True	True	False
390	1	56	-4	A	-1	3	4	1	1	True	1.75	-4	17	17	17	17a	195/4	1/32	False	3	False				False	28	V43/V		Ab	I		V43/V		V		43		V	Mm7	False	False	(3, 0, 2, 6)	()	2	3	major	major	I	I, major	V/V	V	V/I	V	False	V43/V	V43/V, major		V43/V, major	V	V	-4	-4	-3	0	0	-1	True	False	False
391	1	58	-2	B	-1	3	4	1	1	True	1.875	-4	17	17	17	17a	391/8	1/32	False	3	False				False	28	V43/V		Ab	I		V43/V		V		43		V	Mm7	False	False	(3, 0, 2, 6)	()	2	3	major	major	I	I, major	V/V	V	V/I	V	False	V43/V	V43/V, major		V43/V, major	V	V	-4	-4	-3	2	2	1	True	True	False
392	4	41	-1	F	0	3	4	2	1	True	2.0	-4	17	17	17	17a	49	1/8	False	2	False				False	28	V43/V		Ab	I		V43/V		V		43		V	Mm7	False	False	(3, 0, 2, 6)	()	2	3	major	major	I	I, major	V/V	V	V/I	V	False	V43/V	V43/V, major		V43/V, major	V	V	-4	-4	-3	3	3	2	True	False	True
392	4	46	-2	B	-1	3	4	2	1	True	2.0	-4	17	17	17	17a	49	1/8	False	2	False				False	28	V43/V		Ab	I		V43/V		V		43		V	Mm7	False	False	(3, 0, 2, 6)	()	2	3	major	major	I	I, major	V/V	V	V/I	V	False	V43/V	V43/V, major		V43/V, major	V	V	-4	-4	-3	2	2	1	True	True	False
392	4	53	-1	F	0	3	4	2	1	True	2.0	-4	17	17	17	17a	49	1/8	False	3	False				False	28	V43/V		Ab	I		V43/V		V		43		V	Mm7	False	False	(3, 0, 2, 6)	()	2	3	major	major	I	I, major	V/V	V	V/I	V	False	V43/V	V43/V, major		V43/V, major	V	V	-4	-4	-3	3	3	2	True	False	True
392	1	62	2	D	0	3	4	1	1	True	2.0	-4	17	17	17	17a	49	1/32	False	4	False				False	28	V43/V		Ab	I		V43/V		V		43		V	Mm7	False	False	(3, 0, 2, 6)	()	2	3	major	major	I	I, major	V/V	V	V/I	V	False	V43/V	V43/V, major		V43/V, major	V	V	-4	-4	-3	6	6	5	True	False	False
393	1	70	-2	B	-1	3	4	1	1	True	2.125	-4	17	17	17	17a	393/8	1/32	False	4	False				False	28	V43/V		Ab	I		V43/V		V		43		V	Mm7	False	False	(3, 0, 2, 6)	()	2	3	major	major	I	I, major	V/V	V	V/I	V	False	V43/V	V43/V, major		V43/V, major	V	V	-4	-4	-3	2	2	1	True	True	False
394	1	68	-4	A	-1	3	4	1	1	True	2.25	-4	17	17	17	17a	197/4	1/32	False	4	False				False	28	V43/V		Ab	I		V43/V		V		43		V	Mm7	False	False	(3, 0, 2, 6)	()	2	3	major	major	I	I, major	V/V	V	V/I	V	False	V43/V	V43/V, major		V43/V, major	V	V	-4	-4	-3	0	0	-1	True	False	False
395	1	70	-2	B	-1	3	4	1	1	True	2.375	-4	17	17	17	17a	395/8	1/32	False	4	False				False	28	V43/V		Ab	I		V43/V		V		43		V	Mm7	False	False	(3, 0, 2, 6)	()	2	3	major	major	I	I, major	V/V	V	V/I	V	False	V43/V	V43/V, major		V43/V, major	V	V	-4	-4	-3	2	2	1	True	True	False
396	1	74	2	D	0	3	4	1	1	True	2.5	-4	17	17	17	17a	99/2	1/32	False	5	False				False	28	V43/V		Ab	I		V43/V		V		43		V	Mm7	False	False	(3, 0, 2, 6)	()	2	3	major	major	I	I, major	V/V	V	V/I	V	False	V43/V	V43/V, major		V43/V, major	V	V	-4	-4	-3	6	6	5	True	False	False
397	1	70	-2	B	-1	3	4	1	1	True	2.625	-4	17	17	17	17a	397/8	1/32	False	4	False				False	28	V43/V		Ab	I		V43/V		V		43		V	Mm7	False	False	(3, 0, 2, 6)	()	2	3	major	major	I	I, major	V/V	V	V/I	V	False	V43/V	V43/V, major		V43/V, major	V	V	-4	-4	-3	2	2	1	True	True	False
398	1	68	-4	A	-1	3	4	1	1	True	2.75	-4	17	17	17	17a	199/4	1/32	False	4	False				False	28	V43/V		Ab	I		V43/V		V		43		V	Mm7	False	False	(3, 0, 2, 6)	()	2	3	major	major	I	I, major	V/V	V	V/I	V	False	V43/V	V43/V, major		V43/V, major	V	V	-4	-4	-3	0	0	-1	True	False	False
399	1	70	-2	B	-1	3	4	1	1	True	2.875	-4	17	17	17	17a	399/8	1/32	False	4	False				False	28	V43/V		Ab	I		V43/V		V		43		V	Mm7	False	False	(3, 0, 2, 6)	()	2	3	major	major	I	I, major	V/V	V	V/I	V	False	V43/V	V43/V, major		V43/V, major	V	V	-4	-4	-3	2	2	1	True	True	False
400	4	39	-3	E	-1	3	4	2	1	True	3.0	-4	17	17	17	17a	50	1/8	False	2	True				False	29	V		Ab	I		V		V					M	False	False	(1, 5, 2)	()	1	1	major	major	I	I, major	V		I	I	False	V	V, major		V, major		V	-4	-4	-4	1	1	1	True	True	True
400	4	46	-2	B	-1	3	4	2	1	True	3.0	-4	17	17	17	17a	50	1/8	False	2	True				False	29	V		Ab	I		V		V					M	False	False	(1, 5, 2)	()	1	1	major	major	I	I, major	V		I	I	False	V	V, major		V, major		V	-4	-4	-4	2	2	2	True	False	False
400	4	51	-3	E	-1	3	4	2	1	True	3.0	-4	17	17	17	17a	50	1/8	False	3	True				False	29	V		Ab	I		V		V					M	False	False	(1, 5, 2)	()	1	1	major	major	I	I, major	V		I	I	False	V	V, major		V, major		V	-4	-4	-4	1	1	1	True	True	True
400	1	75	-3	E	-1	3	4	1	1	True	3.0	-4	17	17	17	17a	50	1/32	False	5	True				False	29	V		Ab	I		V		V					M	False	False	(1, 5, 2)	()	1	1	major	major	I	I, major	V		I	I	False	V	V, major		V, major		V	-4	-4	-4	1	1	1	True	True	True
401	1	82	-2	B	-1	3	4	1	1	True	3.125	-4	17	17	17	17a	401/8	1/32	False	5	False				False	29	V		Ab	I		V		V					M	False	False	(1, 5, 2)	()	1	1	major	major	I	I, major	V		I	I	False	V	V, major		V, major		V	-4	-4	-4	2	2	2	True	False	False
402	1	79	1	G	0	3	4	1	1	True	3.25	-4	17	17	17	17a	201/4	1/32	False	5	False				False	29	V		Ab	I		V		V					M	False	False	(1, 5, 2)	()	1	1	major	major	I	I, major	V		I	I	False	V	V, major		V, major		V	-4	-4	-4	5	5	5	True	False	False
403	1	82	-2	B	-1	3	4	1	1	True	3.375	-4	17	17	17	17a	403/8	1/32	False	5	False				False	29	V		Ab	I		V		V					M	False	False	(1, 5, 2)	()	1	1	major	major	I	I, major	V		I	I	False	V	V, major		V, major		V	-4	-4	-4	2	2	2	True	False	False
404	1	87	-3	E	-1	3	4	1	1	True	3.5	-4	17	17	17	17a	101/2	1/32	False	6	False				False	29	V		Ab	I		V		V					M	False	False	(1, 5, 2)	()	1	1	major	major	I	I, major	V		I	I	False	V	V, major		V, major		V	-4	-4	-4	1	1	1	True	True	True
405	1	82	-2	B	-1	3	4	1	1	True	3.625	-4	17	17	17	17a	405/8	1/32	False	5	False				False	29	V		Ab	I		V		V					M	False	False	(1, 5, 2)	()	1	1	major	major	I	I, major	V		I	I	False	V	V, major		V, major		V	-4	-4	-4	2	2	2	True	False	False
406	1	79	1	G	0	3	4	1	1	True	3.75	-4	17	17	17	17a	203/4	1/32	False	5	False				False	29	V		Ab	I		V		V					M	False	False	(1, 5, 2)	()	1	1	major	major	I	I, major	V		I	I	False	V	V, major		V, major		V	-4	-4	-4	5	5	5	True	False	False
407	1	82	-2	B	-1	3	4	1	1	True	3.875	-4	17	17	17	17a	407/8	1/32	False	5	False				False	29	V		Ab	I		V		V					M	False	False	(1, 5, 2)	()	1	1	major	major	I	I, major	V		I	I	False	V	V, major		V, major		V	-4	-4	-4	2	2	2	True	False	False
408	4	38	2	D	0	3	4	2	1	True	1.0	-4	18	18	18	18a	51	1/8	False	2	True				False	30	V.V65		Ab	V		V65		V		65			Mm7	False	False	(5, 2, -1, 1)	()	1	5	major	major	V	V, major	V		V	V	False	V65	V65, major		V65, major		V	-4	-3	-3	6	5	5	True	False	True
408	4	46	-2	B	-1	3	4	2	1	True	1.0	-4	18	18	18	18a	51	1/8	False	2	True				False	30	V.V65		Ab	V		V65		V		65			Mm7	False	False	(5, 2, -1, 1)	()	1	5	major	major	V	V, major	V		V	V	False	V65	V65, major		V65, major		V	-4	-3	-3	2	1	1	True	True	False
408	4	50	2	D	0	3	4	2	1	True	1.0	-4	18	18	18	18a	51	1/8	False	3	True				False	30	V.V65		Ab	V		V65		V		65			Mm7	False	False	(5, 2, -1, 1)	()	1	5	major	major	V	V, major	V		V	V	False	V65	V65, major		V65, major		V	-4	-3	-3	6	5	5	True	False	True
408	1	77	-1	F	0	3	4	1	1	True	1.0	-4	18	18	18	18a	51	1/32	False	5	True				False	30	V.V65		Ab	V		V65		V		65			Mm7	False	False	(5, 2, -1, 1)	()	1	5	major	major	V	V, major	V		V	V	False	V65	V65, major		V65, major		V	-4	-3	-3	3	2	2	True	False	False
409	1	82	-2	B	-1	3	4	1	1	True	1.125	-4	18	18	18	18a	409/8	1/32	False	5	False				False	30	V.V65		Ab	V		V65		V		65			Mm7	False	False	(5, 2, -1, 1)	()	1	5	major	major	V	V, major	V		V	V	False	V65	V65, major		V65, major		V	-4	-3	-3	2	1	1	True	True	False
410	1	80	-4	A	-1	3	4	1	1	True	1.25	-4	18	18	18	18a	205/4	1/32	False	5	False				False	30	V.V65		Ab	V		V65		V		65			Mm7	False	False	(5, 2, -1, 1)	()	1	5	major	major	V	V, major	V		V	V	False	V65	V65, major		V65, major		V	-4	-3	-3	0	-1	-1	True	False	False
411	1	82	-2	B	-1	3	4	1	1	True	1.375	-4	18	18	18	18a	411/8	1/32	False	5	False				False	30	V.V65		Ab	V		V65		V		65			Mm7	False	False	(5, 2, -1, 1)	()	1	5	major	major	V	V, major	V		V	V	False	V65	V65, major		V65, major		V	-4	-3	-3	2	1	1	True	True	False
412	1	89	-1	F	0	3	4	1	1	True	1.5	-4	18	18	18	18a	103/2	1/32	False	6	False				False	30	V.V65		Ab	V		V65		V		65			Mm7	False	False	(5, 2, -1, 1)	()	1	5	major	major	V	V, major	V		V	V	False	V65	V65, major		V65, major		V	-4	-3	-3	3	2	2	True	False	False
413	1	82	-2	B	-1	3	4	1	1	True	1.625	-4	18	18	18	18a	413/8	1/32	False	5	False				False	30	V.V65		Ab	V		V65		V		65			Mm7	False	False	(5, 2, -1, 1)	()	1	5	major	major	V	V, major	V		V	V	False	V65	V65, major		V65, major		V	-4	-3	-3	2	1	1	True	True	False
414	1	80	-4	A	-1	3	4	1	1	True	1.75	-4	18	18	18	18a	207/4	1/32	False	5	False				False	30	V.V65		Ab	V		V65		V		65			Mm7	False	False	(5, 2, -1, 1)	()	1	5	major	major	V	V, major	V		V	V	False	V65	V65, major		V65, major		V	-4	-3	-3	0	-1	-1	True	False	False
415	1	82	-2	B	-1	3	4	1	1	True	1.875	-4	18	18	18	18a	415/8	1/32	False	5	False				False	30	V.V65		Ab	V		V65		V		65			Mm7	False	False	(5, 2, -1, 1)	()	1	5	major	major	V	V, major	V		V	V	False	V65	V65, major		V65, major		V	-4	-3	-3	2	1	1	True	True	False
416	4	50	2	D	0	3	4	2	1	True	2.0	-4	18	18	18	18a	52	1/8	False	3	False				False	30	V.V65		Ab	V		V65		V		65			Mm7	False	False	(5, 2, -1, 1)	()	1	5	major	major	V	V, major	V		V	V	False	V65	V65, major		V65, major		V	-4	-3	-3	6	5	5	True	False	True
416	4	58	-2	B	-1	3	4	2	1	True	2.0	-4	18	18	18	18a	52	1/8	False	3	False				False	30	V.V65		Ab	V		V65		V		65			Mm7	False	False	(5, 2, -1, 1)	()	1	5	major	major	V	V, major	V		V	V	False	V65	V65, major		V65, major		V	-4	-3	-3	2	1	1	True	True	False
416	4	62	2	D	0	3	4	2	1	True	2.0	-4	18	18	18	18a	52	1/8	False	4	False				False	30	V.V65		Ab	V		V65		V		65			Mm7	False	False	(5, 2, -1, 1)	()	1	5	major	major	V	V, major	V		V	V	False	V65	V65, major		V65, major		V	-4	-3	-3	6	5	5	True	False	True
416	1	77	-1	F	0	3	4	1	1	True	2.0	-4	18	18	18	18a	52	1/32	False	5	False				False	30	V.V65		Ab	V		V65		V		65			Mm7	False	False	(5, 2, -1, 1)	()	1	5	major	major	V	V, major	V		V	V	False	V65	V65, major		V65, major		V	-4	-3	-3	3	2	2	True	False	False
417	1	82	-2	B	-1	3	4	1	1	True	2.125	-4	18	18	18	18a	417/8	1/32	False	5	False				False	30	V.V65		Ab	V		V65		V		65			Mm7	False	False	(5, 2, -1, 1)	()	1	5	major	major	V	V, major	V		V	V	False	V65	V65, major		V65, major		V	-4	-3	-3	2	1	1	True	True	False
418	1	80	-4	A	-1	3	4	1	1	True	2.25	-4	18	18	18	18a	209/4	1/32	False	5	False				False	30	V.V65		Ab	V		V65		V		65			Mm7	False	False	(5, 2, -1, 1)	()	1	5	major	major	V	V, major	V		V	V	False	V65	V65, major		V65, major		V	-4	-3	-3	0	-1	-1	True	False	False
419	1	82	-2	B	-1	3	4	1	1	True	2.375	-4	18	18	18	18a	419/8	1/32	False	5	False				False	30	V.V65		Ab	V		V65		V		65			Mm7	False	False	(5, 2, -1, 1)	()	1	5	major	major	V	V, major	V		V	V	False	V65	V65, major		V65, major		V	-4	-3	-3	2	1	1	True	True	False
420	1	89	-1	F	0	3	4	1	1	True	2.5	-4	18	18	18	18a	105/2	1/32	False	6	False				False	30	V.V65		Ab	V		V65		V		65			Mm7	False	False	(5, 2, -1, 1)	()	1	5	major	major	V	V, major	V		V	V	False	V65	V65, major		V65, major		V	-4	-3	-3	3	2	2	True	False	False
421	1	82	-2	B	-1	3	4	1	1	True	2.625	-4	18	18	18	18a	421/8	1/32	False	5	False				False	30	V.V65		Ab	V		V65		V		65			Mm7	False	False	(5, 2, -1, 1)	()	1	5	major	major	V	V, major	V		V	V	False	V65	V65, major		V65, major		V	-4	-3	-3	2	1	1	True	True	False
422	1	80	-4	A	-1	3	4	1	1	True	2.75	-4	18	18	18	18a	211/4	1/32	False	5	False				False	30	V.V65		Ab	V		V65		V		65			Mm7	False	False	(5, 2, -1, 1)	()	1	5	major	major	V	V, major	V		V	V	False	V65	V65, major		V65, major		V	-4	-3	-3	0	-1	-1	True	False	False
423	1	82	-2	B	-1	3	4	1	1	True	2.875	-4	18	18	18	18a	423/8	1/32	False	5	False				False	30	V.V65		Ab	V		V65		V		65			Mm7	False	False	(5, 2, -1, 1)	()	1	5	major	major	V	V, major	V		V	V	False	V65	V65, major		V65, major		V	-4	-3	-3	2	1	1	True	True	False
424	4	49	-5	D	-1	3	4	2	1	True	3.0	-4	18	18	18	18a	53	1/8	False	3	True				False	31	V2/IV		Ab	V		V2/IV		V		2		IV	Mm7	False	False	(-2, 0, 4, 1)	()	0	-2	major	major	V	V, major	V/IV	IV	IV/V	I	False	V2/IV	V2/IV, major		V2/IV, major	IV	IV	-4	-3	-4	-1	-2	-1	True	False	True
424	4	51	-3	E	-1	3	4	2	1	True	3.0	-4	18	18	18	18a	53	1/8	False	3	True				False	31	V2/IV		Ab	V		V2/IV		V		2		IV	Mm7	False	False	(-2, 0, 4, 1)	()	0	-2	major	major	V	V, major	V/IV	IV	IV/V	I	False	V2/IV	V2/IV, major		V2/IV, major	IV	IV	-4	-3	-4	1	0	1	True	True	False
424	4	61	-5	D	-1	3	4	2	1	True	3.0	-4	18	18	18	18a	53	1/8	False	4	True				False	31	V2/IV		Ab	V		V2/IV		V		2		IV	Mm7	False	False	(-2, 0, 4, 1)	()	0	-2	major	major	V	V, major	V/IV	IV	IV/V	I	False	V2/IV	V2/IV, major		V2/IV, major	IV	IV	-4	-3	-4	-1	-2	-1	True	False	True
424	1	79	1	G	0	3	4	1	1	True	3.0	-4	18	18	18	18a	53	1/32	False	5	True				False	31	V2/IV		Ab	V		V2/IV		V		2		IV	Mm7	False	False	(-2, 0, 4, 1)	()	0	-2	major	major	V	V, major	V/IV	IV	IV/V	I	False	V2/IV	V2/IV, major		V2/IV, major	IV	IV	-4	-3	-4	5	4	5	True	False	False
425	1	87	-3	E	-1	3	4	1	1	True	3.125	-4	18	18	18	18a	425/8	1/32	False	6	False				False	31	V2/IV		Ab	V		V2/IV		V		2		IV	Mm7	False	False	(-2, 0, 4, 1)	()	0	-2	major	major	V	V, major	V/IV	IV	IV/V	I	False	V2/IV	V2/IV, major		V2/IV, major	IV	IV	-4	-3	-4	1	0	1	True	True	False
426	1	82	-2	B	-1	3	4	1	1	True	3.25	-4	18	18	18	18a	213/4	1/32	False	5	False				False	31	V2/IV		Ab	V		V2/IV		V		2		IV	Mm7	False	False	(-2, 0, 4, 1)	()	0	-2	major	major	V	V, major	V/IV	IV	IV/V	I	False	V2/IV	V2/IV, major		V2/IV, major	IV	IV	-4	-3	-4	2	1	2	True	False	False
427	1	87	-3	E	-1	3	4	1	1	True	3.375	-4	18	18	18	18a	427/8	1/32	False	6	False				False	31	V2/IV		Ab	V		V2/IV		V		2		IV	Mm7	False	False	(-2, 0, 4, 1)	()	0	-2	major	major	V	V, major	V/IV	IV	IV/V	I	False	V2/IV	V2/IV, major		V2/IV, major	IV	IV	-4	-3	-4	1	0	1	True	True	False
428	1	91	1	G	0	3	4	1	1	True	3.5	-4	18	18	18	18a	107/2	1/32	False	6	False				False	31	V2/IV		Ab	V		V2/IV		V		2		IV	Mm7	False	False	(-2, 0, 4, 1)	()	0	-2	major	major	V	V, major	V/IV	IV	IV/V	I	False	V2/IV	V2/IV, major		V2/IV, major	IV	IV	-4	-3	-4	5	4	5	True	False	False
429	1	87	-3	E	-1	3	4	1	1	True	3.625	-4	18	18	18	18a	429/8	1/32	False	6	False				False	31	V2/IV		Ab	V		V2/IV		V		2		IV	Mm7	False	False	(-2, 0, 4, 1)	()	0	-2	major	major	V	V, major	V/IV	IV	IV/V	I	False	V2/IV	V2/IV, major		V2/IV, major	IV	IV	-4	-3	-4	1	0	1	True	True	False
430	1	82	-2	B	-1	3	4	1	1	True	3.75	-4	18	18	18	18a	215/4	1/32	False	5	False				False	31	V2/IV		Ab	V		V2/IV		V		2		IV	Mm7	False	False	(-2, 0, 4, 1)	()	0	-2	major	major	V	V, major	V/IV	IV	IV/V	I	False	V2/IV	V2/IV, major		V2/IV, major	IV	IV	-4	-3	-4	2	1	2	True	False	False
431	1	87	-3	E	-1	3	4	1	1	True	3.875	-4	18	18	18	18a	431/8	1/32	False	6	False				False	31	V2/IV		Ab	V		V2/IV		V		2		IV	Mm7	False	False	(-2, 0, 4, 1)	()	0	-2	major	major	V	V, major	V/IV	IV	IV/V	I	False	V2/IV	V2/IV, major		V2/IV, major	IV	IV	-4	-3	-4	1	0	1	True	True	False
432	4	48	0	C	0	3	4	2	1	True	1.0	-4	19	19	19	19a	54	1/8	False	3	True				False	32	IV6		Ab	V		IV6		IV		6			M	False	False	(3, 0, -1)	()	-1	3	major	major	V	V, major	IV		V	V	False	IV6	IV6, major		IV6, major		IV	-4	-3	-3	4	3	3	True	False	True
432	4	51	-3	E	-1	3	4	2	1	True	1.0	-4	19	19	19	19a	54	1/8	False	3	True				False	32	IV6		Ab	V		IV6		IV		6			M	False	False	(3, 0, -1)	()	-1	3	major	major	V	V, major	IV		V	V	False	IV6	IV6, major		IV6, major		IV	-4	-3	-3	1	0	0	True	False	False
432	4	60	0	C	0	3	4	2	1	True	1.0	-4	19	19	19	19a	54	1/8	False	4	True				False	32	IV6		Ab	V		IV6		IV		6			M	False	False	(3, 0, -1)	()	-1	3	major	major	V	V, major	IV		V	V	False	IV6	IV6, major		IV6, major		IV	-4	-3	-3	4	3	3	True	False	True
432	1	68	-4	A	-1	3	4	1	1	True	1.0	-4	19	19	19	19a	54	1/32	False	4	True				False	32	IV6		Ab	V		IV6		IV		6			M	False	False	(3, 0, -1)	()	-1	3	major	major	V	V, major	IV		V	V	False	IV6	IV6, major		IV6, major		IV	-4	-3	-3	0	-1	-1	True	True	False
433	1	80	-4	A	-1	3	4	1	1	True	1.125	-4	19	19	19	19a	433/8	1/32	False	5	False				False	32	IV6		Ab	V		IV6		IV		6			M	False	False	(3, 0, -1)	()	-1	3	major	major	V	V, major	IV		V	V	False	IV6	IV6, major		IV6, major		IV	-4	-3	-3	0	-1	-1	True	True	False
434	1	75	-3	E	-1	3	4	1	1	True	1.25	-4	19	19	19	19a	217/4	1/32	False	5	False				False	32	IV6		Ab	V		IV6		IV		6			M	False	False	(3, 0, -1)	()	-1	3	major	major	V	V, major	IV		V	V	False	IV6	IV6, major		IV6, major		IV	-4	-3	-3	1	0	0	True	False	False
435	1	80	-4	A	-1	3	4	1	1	True	1.375	-4	19	19	19	19a	435/8	1/32	False	5	False				False	32	IV6		Ab	V		IV6		IV		6			M	False	False	(3, 0, -1)	()	-1	3	major	major	V	V, major	IV		V	V	False	IV6	IV6, major		IV6, major		IV	-4	-3	-3	0	-1	-1	True	True	False
436	4	47	-7	C	-1	3	4	2	1	True	1.5	-4	19	19	19	19a	109/2	1/8	False	3	True				False	33	It6		Ab	V		It6	It	vii	o	6	b3	V	It	False	False	(-4, 0, 6)	()	6	-4	major	major	V	V, major	vii/V	V	V/V	II	False	viio6/V	viio6/V, major		It6, major	V	V	-4	-3	-2	-3	-4	-5	True	False	True
436	4	51	-3	E	-1	3	4	2	1	True	1.5	-4	19	19	19	19a	109/2	1/8	False	3	True				False	33	It6		Ab	V		It6	It	vii	o	6	b3	V	It	False	False	(-4, 0, 6)	()	6	-4	major	major	V	V, major	vii/V	V	V/V	II	False	viio6/V	viio6/V, major		It6, major	V	V	-4	-3	-2	1	0	-1	True	False	False
436	4	59	-7	C	-1	3	4	2	1	True	1.5	-4	19	19	19	19a	109/2	1/8	False	4	True				False	33	It6		Ab	V		It6	It	vii	o	6	b3	V	It	False	False	(-4, 0, 6)	()	6	-4	major	major	V	V, major	vii/V	V	V/V	II	False	viio6/V	viio6/V, major		It6, major	V	V	-4	-3	-2	-3	-4	-5	True	False	True
436	1	69	3	A	0	3	4	1	1	True	1.5	-4	19	19	19	19a	109/2	1/32	False	4	True				False	33	It6		Ab	V		It6	It	vii	o	6	b3	V	It	False	False	(-4, 0, 6)	()	6	-4	major	major	V	V, major	vii/V	V	V/V	II	False	viio6/V	viio6/V, major		It6, major	V	V	-4	-3	-2	7	6	5	True	True	False
437	1	81	3	A	0	3	4	1	1	True	1.625	-4	19	19	19	19a	437/8	1/32	False	5	False				False	33	It6		Ab	V		It6	It	vii	o	6	b3	V	It	False	False	(-4, 0, 6)	()	6	-4	major	major	V	V, major	vii/V	V	V/V	II	False	viio6/V	viio6/V, major		It6, major	V	V	-4	-3	-2	7	6	5	True	True	False
438	1	75	-3	E	-1	3	4	1	1	True	1.75	-4	19	19	19	19a	219/4	1/32	False	5	False				False	33	It6		Ab	V		It6	It	vii	o	6	b3	V	It	False	False	(-4, 0, 6)	()	6	-4	major	major	V	V, major	vii/V	V	V/V	II	False	viio6/V	viio6/V, major		It6, major	V	V	-4	-3	-2	1	0	-1	True	False	False
439	1	81	3	A	0	3	4	1	1	True	1.875	-4	19	19	19	19a	439/8	1/32	False	5	False				False	33	It6		Ab	V		It6	It	vii	o	6	b3	V	It	False	False	(-4, 0, 6)	()	6	-4	major	major	V	V, major	vii/V	V	V/V	II	False	viio6/V	viio6/V, major		It6, major	V	V	-4	-3	-2	7	6	5	True	True	False
440	4	59	-7	C	-1	3	4	2	1	True	2.0	-4	19	19	19	19a	55	1/8	False	4	False				False	33	It6		Ab	V		It6	It	vii	o	6	b3	V	It	False	False	(-4, 0, 6)	()	6	-4	major	major	V	V, major	vii/V	V	V/V	II	False	viio6/V	viio6/V, major		It6, major	V	V	-4	-3	-2	-3	-4	-5	True	False	True
440	4	63	-3	E	-1	3	4	2	1	True	2.0	-4	19	19	19	19a	55	1/8	False	4	False				False	33	It6		Ab	V		It6	It	vii	o	6	b3	V	It	False	False	(-4, 0, 6)	()	6	-4	major	major	V	V, major	vii/V	V	V/V	II	False	viio6/V	viio6/V, major		It6, major	V	V	-4	-3	-2	1	0	-1	True	False	False
440	1	69	3	A	0	3	4	1	1	True	2.0	-4	19	19	19	19a	55	1/32	False	4	False				False	33	It6		Ab	V		It6	It	vii	o	6	b3	V	It	False	False	(-4, 0, 6)	()	6	-4	major	major	V	V, major	vii/V	V	V/V	II	False	viio6/V	viio6/V, major		It6, major	V	V	-4	-3	-2	7	6	5	True	True	False
440	4	71	-7	C	-1	3	4	2	1	True	2.0	-4	19	19	19	19a	55	1/8	False	5	False				False	33	It6		Ab	V		It6	It	vii	o	6	b3	V	It	False	False	(-4, 0, 6)	()	6	-4	major	major	V	V, major	vii/V	V	V/V	II	False	viio6/V	viio6/V, major		It6, major	V	V	-4	-3	-2	-3	-4	-5	True	False	True
441	1	81	3	A	0	3	4	1	1	True	2.125	-4	19	19	19	19a	441/8	1/32	False	5	False				False	33	It6		Ab	V		It6	It	vii	o	6	b3	V	It	False	False	(-4, 0, 6)	()	6	-4	major	major	V	V, major	vii/V	V	V/V	II	False	viio6/V	viio6/V, major		It6, major	V	V	-4	-3	-2	7	6	5	True	True	False
442	1	75	-3	E	-1	3	4	1	1	True	2.25	-4	19	19	19	19a	221/4	1/32	False	5	False				False	33	It6		Ab	V		It6	It	vii	o	6	b3	V	It	False	False	(-4, 0, 6)	()	6	-4	major	major	V	V, major	vii/V	V	V/V	II	False	viio6/V	viio6/V, major		It6, major	V	V	-4	-3	-2	1	0	-1	True	False	False
443	1	81	3	A	0	3	4	1	1	True	2.375	-4	19	19	19	19a	443/8	1/32	False	5	False				False	33	It6		Ab	V		It6	It	vii	o	6	b3	V	It	False	False	(-4, 0, 6)	()	6	-4	major	major	V	V, major	vii/V	V	V/V	II	False	viio6/V	viio6/V, major		It6, major	V	V	-4	-3	-2	7	6	5	True	True	False
444	4	58	-2	B	-1	3	4	2	1	True	2.5	-4	19	19	19	19a	111/2	1/8	False	3	True				False	34	I64		Ab	V		I64		I		64			M	False	False	(1, 0, 4)	()	0	1	major	major	V	V, major	I		V	V	False	I64	I64, major		I64, major		I	-4	-3	-3	2	1	1	True	False	True
444	4	63	-3	E	-1	3	4	2	1	True	2.5	-4	19	19	19	19a	111/2	1/8	False	4	True				False	34	I64		Ab	V		I64		I		64			M	False	False	(1, 0, 4)	()	0	1	major	major	V	V, major	I		V	V	False	I64	I64, major		I64, major		I	-4	-3	-3	1	0	0	True	True	False
444	1	70	-2	B	-1	3	4	1	1	True	2.5	-4	19	19	19	19a	111/2	1/32	False	4	True				False	34	I64		Ab	V		I64		I		64			M	False	False	(1, 0, 4)	()	0	1	major	major	V	V, major	I		V	V	False	I64	I64, major		I64, major		I	-4	-3	-3	2	1	1	True	False	True
444	4	70	-2	B	-1	3	4	2	1	True	2.5	-4	19	19	19	19a	111/2	1/8	False	4	True				False	34	I64		Ab	V		I64		I		64			M	False	False	(1, 0, 4)	()	0	1	major	major	V	V, major	I		V	V	False	I64	I64, major		I64, major		I	-4	-3	-3	2	1	1	True	False	True
445	1	82	-2	B	-1	3	4	1	1	True	2.625	-4	19	19	19	19a	445/8	1/32	False	5	False				False	34	I64		Ab	V		I64		I		64			M	False	False	(1, 0, 4)	()	0	1	major	major	V	V, major	I		V	V	False	I64	I64, major		I64, major		I	-4	-3	-3	2	1	1	True	False	True
446	1	75	-3	E	-1	3	4	1	1	True	2.75	-4	19	19	19	19a	223/4	1/32	False	5	False				False	34	I64		Ab	V		I64		I		64			M	False	False	(1, 0, 4)	()	0	1	major	major	V	V, major	I		V	V	False	I64	I64, major		I64, major		I	-4	-3	-3	1	0	0	True	True	False
447	1	82	-2	B	-1	3	4	1	1	True	2.875	-4	19	19	19	19a	447/8	1/32	False	5	False				False	34	I64		Ab	V		I64		I		64			M	False	False	(1, 0, 4)	()	0	1	major	major	V	V, major	I		V	V	False	I64	I64, major		I64, major		I	-4	-3	-3	2	1	1	True	False	True
448	4	56	-4	A	-1	3	4	2	1	True	3.0	-4	19	19	19	19a	56	1/8	False	3	True				False	35	IV(9)		Ab	V		IV(9)		IV			9		M	False	False	(-1, 3, 0)	(1,)	-1	-1	major	major	V	V, major	IV		V	V	False	IV	IV, major		IV(9), major		IV	-4	-3	-3	0	-1	-1	True	True	True
448	4	63	-3	E	-1	3	4	2	1	True	3.0	-4	19	19	19	19a	56	1/8	False	4	True				False	35	IV(9)		Ab	V		IV(9)		IV			9		M	False	False	(-1, 3, 0)	(1,)	-1	-1	major	major	V	V, major	IV		V	V	False	IV	IV, major		IV(9), major		IV	-4	-3	-3	1	0	0	True	False	False
448	4	68	-4	A	-1	3	4	2	1	True	3.0	-4	19	19	19	19a	56	1/8	False	4	True				False	35	IV(9)		Ab	V		IV(9)		IV			9		M	False	False	(-1, 3, 0)	(1,)	-1	-1	major	major	V	V, major	IV		V	V	False	IV	IV, major		IV(9), major		IV	-4	-3	-3	0	-1	-1	True	True	True
448	1	70	-2	B	-1	3	4	1	1	True	3.0	-4	19	19	19	19a	56	1/32	False	4	True				False	35	IV(9)		Ab	V		IV(9)		IV			9		M	False	False	(-1, 3, 0)	(1,)	-1	-1	major	major	V	V, major	IV		V	V	False	IV	IV, major		IV(9), major		IV	-4	-3	-3	2	1	1	False	False	False
449	1	82	-2	B	-1	3	4	1	1	True	3.125	-4	19	19	19	19a	449/8	1/32	False	5	False				False	35	IV(9)		Ab	V		IV(9)		IV			9		M	False	False	(-1, 3, 0)	(1,)	-1	-1	major	major	V	V, major	IV		V	V	False	IV	IV, major		IV(9), major		IV	-4	-3	-3	2	1	1	False	False	False
450	1	75	-3	E	-1	3	4	1	1	True	3.25	-4	19	19	19	19a	225/4	1/32	False	5	False				False	35	IV(9)		Ab	V		IV(9)		IV			9		M	False	False	(-1, 3, 0)	(1,)	-1	-1	major	major	V	V, major	IV		V	V	False	IV	IV, major		IV(9), major		IV	-4	-3	-3	1	0	0	True	False	False
451	1	82	-2	B	-1	3	4	1	1	True	3.375	-4	19	19	19	19a	451/8	1/32	False	5	False				False	35	IV(9)		Ab	V		IV(9)		IV			9		M	False	False	(-1, 3, 0)	(1,)	-1	-1	major	major	V	V, major	IV		V	V	False	IV	IV, major		IV(9), major		IV	-4	-3	-3	2	1	1	False	False	False
452	4	55	1	G	0	3	4	2	1	True	3.5	-4	19	19	19	19a	113/2	1/8	False	3	True				False	36	V+6/IV		Ab	V		V+6/IV		V	+	6		IV	+	False	False	(4, 8, 0)	()	0	4	major	major	V	V, major	V/IV	IV	IV/V	I	False	V+6/IV	V+6/IV, major		V+6/IV, major	IV	IV	-4	-3	-4	5	4	5	True	False	True
452	4	63	-3	E	-1	3	4	2	1	True	3.5	-4	19	19	19	19a	113/2	1/8	False	4	True				False	36	V+6/IV		Ab	V		V+6/IV		V	+	6		IV	+	False	False	(4, 8, 0)	()	0	4	major	major	V	V, major	V/IV	IV	IV/V	I	False	V+6/IV	V+6/IV, major		V+6/IV, major	IV	IV	-4	-3	-4	1	0	1	True	True	False
452	4	67	1	G	0	3	4	2	1	True	3.5	-4	19	19	19	19a	113/2	1/8	False	4	True				False	36	V+6/IV		Ab	V		V+6/IV		V	+	6		IV	+	False	False	(4, 8, 0)	()	0	4	major	major	V	V, major	V/IV	IV	IV/V	I	False	V+6/IV	V+6/IV, major		V+6/IV, major	IV	IV	-4	-3	-4	5	4	5	True	False	True
452	1	71	5	B	0	3	4	1	1	True	3.5	-4	19	19	19	19a	113/2	1/32	False	4	True				False	36	V+6/IV		Ab	V		V+6/IV		V	+	6		IV	+	False	False	(4, 8, 0)	()	0	4	major	major	V	V, major	V/IV	IV	IV/V	I	False	V+6/IV	V+6/IV, major		V+6/IV, major	IV	IV	-4	-3	-4	9	8	9	True	False	False
453	1	83	5	B	0	3	4	1	1	True	3.625	-4	19	19	19	19a	453/8	1/32	False	5	False				False	36	V+6/IV		Ab	V		V+6/IV		V	+	6		IV	+	False	False	(4, 8, 0)	()	0	4	major	major	V	V, major	V/IV	IV	IV/V	I	False	V+6/IV	V+6/IV, major		V+6/IV, major	IV	IV	-4	-3	-4	9	8	9	True	False	False
454	1	75	-3	E	-1	3	4	1	1	True	3.75	-4	19	19	19	19a	227/4	1/32	False	5	False				False	36	V+6/IV		Ab	V		V+6/IV		V	+	6		IV	+	False	False	(4, 8, 0)	()	0	4	major	major	V	V, major	V/IV	IV	IV/V	I	False	V+6/IV	V+6/IV, major		V+6/IV, major	IV	IV	-4	-3	-4	1	0	1	True	True	False
455	1	83	5	B	0	3	4	1	1	True	3.875	-4	19	19	19	19a	455/8	1/32	False	5	False				False	36	V+6/IV		Ab	V		V+6/IV		V	+	6		IV	+	False	False	(4, 8, 0)	()	0	4	major	major	V	V, major	V/IV	IV	IV/V	I	False	V+6/IV	V+6/IV, major		V+6/IV, major	IV	IV	-4	-3	-4	9	8	9	True	False	False
456	6	84	0	C	0	3	4	1	1	True	1.0	-4	20	20	20	20a	57	3/16	False	6	True				False	37	IV		Ab	V		IV		IV					M	False	False	(-1, 3, 0)	()	-1	-1	major	major	V	V, major	IV		V	V	False	IV	IV, major		IV, major		IV	-4	-3	-3	4	3	3	True	False	False
458	2	80	-4	A	-1	3	4	2	1	True	1.25	-4	20	20	20	20a	229/4	1/16	False	5	False				False	37	IV		Ab	V		IV		IV					M	False	False	(-1, 3, 0)	()	-1	-1	major	major	V	V, major	IV		V	V	False	IV	IV, major		IV, major		IV	-4	-3	-3	0	-1	-1	True	True	True
460	6	68	-4	A	-1	3	4	2	1	True	1.5	-4	20	20	20	20a	115/2	3/16	False	4	False				False	37	IV		Ab	V		IV		IV					M	False	False	(-1, 3, 0)	()	-1	-1	major	major	V	V, major	IV		V	V	False	IV	IV, major		IV, major		IV	-4	-3	-3	0	-1	-1	True	True	True
462	2	72	0	C	0	3	4	1	1	True	1.75	-4	20	20	20	20a	231/4	1/16	False	5	False				False	37	IV		Ab	V		IV		IV					M	False	False	(-1, 3, 0)	()	-1	-1	major	major	V	V, major	IV		V	V	False	IV	IV, major		IV, major		IV	-4	-3	-3	4	3	3	True	False	False
464	6	82	-2	B	-1	3	4	1	1	True	2.0	-4	20	20	20	20a	58	3/16	False	5	True				False	38	I6		Ab	V		I6		I		6			M	False	False	(4, 1, 0)	()	0	4	major	major	V	V, major	I		V	V	False	I6	I6, major		I6, major		I	-4	-3	-3	2	1	1	True	False	False
466	2	79	1	G	0	3	4	2	1	True	2.25	-4	20	20	20	20a	233/4	1/16	False	5	False				False	38	I6		Ab	V		I6		I		6			M	False	False	(4, 1, 0)	()	0	4	major	major	V	V, major	I		V	V	False	I6	I6, major		I6, major		I	-4	-3	-3	5	4	4	True	False	True
468	6	67	1	G	0	3	4	2	1	True	2.5	-4	20	20	20	20a	117/2	3/16	False	4	False				False	38	I6		Ab	V		I6		I		6			M	False	False	(4, 1, 0)	()	0	4	major	major	V	V, major	I		V	V	False	I6	I6, major		I6, major		I	-4	-3	-3	5	4	4	True	False	True
470	2	70	-2	B	-1	3	4	1	1	True	2.75	-4	20	20	20	20a	235/4	1/16	False	4	False				False	38	I6		Ab	V		I6		I		6			M	False	False	(4, 1, 0)	()	0	4	major	major	V	V, major	I		V	V	False	I6	I6, major		I6, major		I	-4	-3	-3	2	1	1	True	False	False
472	6	80	-4	A	-1	3	4	1	1	True	3.0	-4	20	20	20	20a	59	3/16	False	5	True				False	39	viio6		Ab	V		viio6		vii	o	6			o	False	False	(2, -1, 5)	()	5	2	major	major	V	V, major	vii		V	V	False	viio6	viio6, major		viio6, major		vii	-4	-3	-3	0	-1	-1	True	False	False
474	2	77	-1	F	0	3	4	2	1	True	3.25	-4	20	20	20	20a	237/4	1/16	False	5	False				False	39	viio6		Ab	V		viio6		vii	o	6			o	False	False	(2, -1, 5)	()	5	2	major	major	V	V, major	vii		V	V	False	viio6	viio6, major		viio6, major		vii	-4	-3	-3	3	2	2	True	False	True
476	4	65	-1	F	0	3	4	2	1	True	3.5	-4	20	20	20	20a	119/2	1/8	False	4	False				False	39	viio6		Ab	V		viio6		vii	o	6			o	False	False	(2, -1, 5)	()	5	2	major	major	V	V, major	vii		V	V	False	viio6	viio6, major		viio6, major		vii	-4	-3	-3	3	2	2	True	False	True
478	2	81	3	A	0	3	4	1	1	True	3.75	-4	20	20	20	20a	239/4	1/16	False	5	False				False	39	viio6		Ab	V		viio6		vii	o	6			o	False	False	(2, -1, 5)	()	5	2	major	major	V	V, major	vii		V	V	False	viio6	viio6, major		viio6, major		vii	-4	-3	-3	7	6	6	False	False	False
480	2	65	-1	F	0	3	4	2	1	False	1.0	-4	21	21	21	21a	60	1/16	False	4	True				False	40	I6		Ab	V		I6		I		6			M	False	False	(4, 1, 0)	()	0	4	major	major	V	V, major	I		V	V	False	I6	I6, major		I6, major		I	-4	-3	-3	3	2	2	False	False	False
480	6	82	-2	B	-1	3	4	1	1	True	1.0	-4	21	21	21	21a	60	3/16	False	5	True				False	40	I6		Ab	V		I6		I		6			M	False	False	(4, 1, 0)	()	0	4	major	major	V	V, major	I		V	V	False	I6	I6, major		I6, major		I	-4	-3	-3	2	1	1	True	False	False
482	2	79	1	G	0	3	4	2	1	True	1.25	-4	21	21	21	21a	241/4	1/16	False	5	False				False	40	I6		Ab	V		I6		I		6			M	False	False	(4, 1, 0)	()	0	4	major	major	V	V, major	I		V	V	False	I6	I6, major		I6, major		I	-4	-3	-3	5	4	4	True	False	True
484	6	67	1	G	0	3	4	2	1	True	1.5	-4	21	21	21	21a	121/2	3/16	False	4	False				False	40	I6		Ab	V		I6		I		6			M	False	False	(4, 1, 0)	()	0	4	major	major	V	V, major	I		V	V	False	I6	I6, major		I6, major		I	-4	-3	-3	5	4	4	True	False	True
486	2	70	-2	B	-1	3	4	1	1	True	1.75	-4	21	21	21	21a	243/4	1/16	False	4	False				False	40	I6		Ab	V		I6		I		6			M	False	False	(4, 1, 0)	()	0	4	major	major	V	V, major	I		V	V	False	I6	I6, major		I6, major		I	-4	-3	-3	2	1	1	True	False	False
488	6	80	-4	A	-1	3	4	1	1	True	2.0	-4	21	21	21	21a	61	3/16	False	5	True				False	41	viio6		Ab	V		viio6		vii	o	6			o	False	False	(2, -1, 5)	()	5	2	major	major	V	V, major	vii		V	V	False	viio6	viio6, major		viio6, major		vii	-4	-3	-3	0	-1	-1	True	False	False
490	2	77	-1	F	0	3	4	2	1	True	2.25	-4	21	21	21	21a	245/4	1/16	False	5	False				False	41	viio6		Ab	V		viio6		vii	o	6			o	False	False	(2, -1, 5)	()	5	2	major	major	V	V, major	vii		V	V	False	viio6	viio6, major		viio6, major		vii	-4	-3	-3	3	2	2	True	False	True
492	4	65	-1	F	0	3	4	2	1	True	2.5	-4	21	21	21	21a	123/2	1/8	False	4	False				False	41	viio6		Ab	V		viio6		vii	o	6			o	False	False	(2, -1, 5)	()	5	2	major	major	V	V, major	vii		V	V	False	viio6	viio6, major		viio6, major		vii	-4	-3	-3	3	2	2	True	False	True
494	2	68	-4	A	-1	3	4	1	1	True	2.75	-4	21	21	21	21a	247/4	1/16	False	4	False				False	41	viio6		Ab	V		viio6		vii	o	6			o	False	False	(2, -1, 5)	()	5	2	major	major	V	V, major	vii		V	V	False	viio6	viio6, major		viio6, major		vii	-4	-3	-3	0	-1	-1	True	False	False
496	2	75	-3	E	-1	3	4	2	1	True	3.0	-4	21	21	21	21a	62	1/16	False	5	True				False	42	I		Ab	V		I		I					M	False	False	(0, 4, 1)	()	0	0	major	major	V	V, major	I		V	V	False	I	I, major		I, major		I	-4	-3	-3	1	0	0	True	True	True
496	2	79	1	G	0	3	4	1	1	True	3.0	-4	21	21	21	21a	62	1/16	False	5	True				False	42	I		Ab	V		I		I					M	False	False	(0, 4, 1)	()	0	0	major	major	V	V, major	I		V	V	False	I	I, major		I, major		I	-4	-3	-3	5	4	4	True	False	False
498	2	63	-3	E	-1	3	4	2	1	True	3.25	-4	21	21	21	21a	249/4	1/16	False	4	False				False	42	I		Ab	V		I		I					M	False	False	(0, 4, 1)	()	0	0	major	major	V	V, major	I		V	V	False	I	I, major		I, major		I	-4	-3	-3	1	0	0	True	True	True
498	2	67	1	G	0	3	4	1	1	True	3.25	-4	21	21	21	21a	249/4	1/16	False	4	False				False	42	I		Ab	V		I		I					M	False	False	(0, 4, 1)	()	0	0	major	major	V	V, major	I		V	V	False	I	I, major		I, major		I	-4	-3	-3	5	4	4	True	False	False
500	2	65	-1	F	0	3	4	2	1	True	3.5	-4	21	21	21	21a	125/2	1/16	False	4	False				False	42	I		Ab	V		I		I					M	False	False	(0, 4, 1)	()	0	0	major	major	V	V, major	I		V	V	False	I	I, major		I, major		I	-4	-3	-3	3	2	2	False	False	False
500	2	68	-4	A	-1	3	4	1	1	True	3.5	-4	21	21	21	21a	125/2	1/16	False	4	False				False	42	I		Ab	V		I		I					M	False	False	(0, 4, 1)	()	0	0	major	major	V	V, major	I		V	V	False	I	I, major		I, major		I	-4	-3	-3	0	-1	-1	False	False	False
502	2	67	1	G	0	3	4	2	1	True	3.75	-4	21	21	21	21a	251/4	1/16	False	4	False				False	42	I		Ab	V		I		I					M	False	False	(0, 4, 1)	()	0	0	major	major	V	V, major	I		V	V	False	I	I, major		I, major		I	-4	-3	-3	5	4	4	True	False	False
502	2	70	-2	B	-1	3	4	1	1	True	3.75	-4	21	21	21	21a	251/4	1/16	False	4	False				False	42	I		Ab	V		I		I					M	False	False	(0, 4, 1)	()	0	0	major	major	V	V, major	I		V	V	False	I	I, major		I, major		I	-4	-3	-3	2	1	1	True	False	False
504	2	86	2	D	0	3	4	1	1	True	1.0	-4	22	22	22	22a	63	1/16	False	6	True				False	43	IV		Ab	V		IV		IV					M	False	False	(-1, 3, 0)	()	-1	-1	major	major	V	V, major	IV		V	V	False	IV	IV, major		IV, major		IV	-4	-3	-3	6	5	5	False	False	False
506	2	70	-2	B	-1	3	4	2	1	True	1.25	-4	22	22	22	22a	253/4	1/16	False	4	False				False	43	IV		Ab	V		IV		IV					M	False	False	(-1, 3, 0)	()	-1	-1	major	major	V	V, major	IV		V	V	False	IV	IV, major		IV, major		IV	-4	-3	-3	2	1	1	False	False	False
506	4	84	0	C	0	3	4	1	1	True	1.25	-4	22	22	22	22a	253/4	1/8	False	6	False				False	43	IV		Ab	V		IV		IV					M	False	False	(-1, 3, 0)	()	-1	-1	major	major	V	V, major	IV		V	V	False	IV	IV, major		IV, major		IV	-4	-3	-3	4	3	3	True	False	False
508	2	68	-4	A	-1	3	4	2	1	True	1.5	-4	22	22	22	22a	127/2	1/16	False	4	False				False	43	IV		Ab	V		IV		IV					M	False	False	(-1, 3, 0)	()	-1	-1	major	major	V	V, major	IV		V	V	False	IV	IV, major		IV, major		IV	-4	-3	-3	0	-1	-1	True	True	True
510	2	56	-4	A	-1	3	4	2	1	True	1.75	-4	22	22	22	22a	255/4	1/16	False	3	False				False	43	IV		Ab	V		IV		IV					M	False	False	(-1, 3, 0)	()	-1	-1	major	major	V	V, major	IV		V	V	False	IV	IV, major		IV, major		IV	-4	-3	-3	0	-1	-1	True	True	True
510	2	72	0	C	0	3	4	1	1	True	1.75	-4	22	22	22	22a	255/4	1/16	False	5	False				False	43	IV		Ab	V		IV		IV					M	False	False	(-1, 3, 0)	()	-1	-1	major	major	V	V, major	IV		V	V	False	IV	IV, major		IV, major		IV	-4	-3	-3	4	3	3	True	False	False
512	2	84	0	C	0	3	4	1	1	True	2.0	-4	22	22	22	22a	64	1/16	False	6	True				False	44	I6		Ab	V		I6		I		6			M	False	False	(4, 1, 0)	()	0	4	major	major	V	V, major	I		V	V	False	I6	I6, major		I6, major		I	-4	-3	-3	4	3	3	False	False	False
514	2	68	-4	A	-1	3	4	2	1	True	2.25	-4	22	22	22	22a	257/4	1/16	False	4	False				False	44	I6		Ab	V		I6		I		6			M	False	False	(4, 1, 0)	()	0	4	major	major	V	V, major	I		V	V	False	I6	I6, major		I6, major		I	-4	-3	-3	0	-1	-1	False	False	False
514	4	82	-2	B	-1	3	4	1	1	True	2.25	-4	22	22	22	22a	257/4	1/8	False	5	False				False	44	I6		Ab	V		I6		I		6			M	False	False	(4, 1, 0)	()	0	4	major	major	V	V, major	I		V	V	False	I6	I6, major		I6, major		I	-4	-3	-3	2	1	1	True	False	False
516	2	67	1	G	0	3	4	2	1	True	2.5	-4	22	22	22	22a	129/2	1/16	False	4	False				False	44	I6		Ab	V		I6		I		6			M	False	False	(4, 1, 0)	()	0	4	major	major	V	V, major	I		V	V	False	I6	I6, major		I6, major		I	-4	-3	-3	5	4	4	True	False	True
518	2	55	1	G	0	3	4	2	1	True	2.75	-4	22	22	22	22a	259/4	1/16	False	3	False				False	44	I6		Ab	V		I6		I		6			M	False	False	(4, 1, 0)	()	0	4	major	major	V	V, major	I		V	V	False	I6	I6, major		I6, major		I	-4	-3	-3	5	4	4	True	False	True
518	2	70	-2	B	-1	3	4	1	1	True	2.75	-4	22	22	22	22a	259/4	1/16	False	4	False				False	44	I6		Ab	V		I6		I		6			M	False	False	(4, 1, 0)	()	0	4	major	major	V	V, major	I		V	V	False	I6	I6, major		I6, major		I	-4	-3	-3	2	1	1	True	False	False
520	2	82	-2	B	-1	3	4	1	1	True	3.0	-4	22	22	22	22a	65	1/16	False	5	True				False	45	viio6		Ab	V		viio6		vii	o	6			o	False	False	(2, -1, 5)	()	5	2	major	major	V	V, major	vii		V	V	False	viio6	viio6, major		viio6, major		vii	-4	-3	-3	2	1	1	False	False	False
522	2	67	1	G	0	3	4	2	1	True	3.25	-4	22	22	22	22a	261/4	1/16	False	4	False				False	45	viio6		Ab	V		viio6		vii	o	6			o	False	False	(2, -1, 5)	()	5	2	major	major	V	V, major	vii		V	V	False	viio6	viio6, major		viio6, major		vii	-4	-3	-3	5	4	4	False	False	False
522	4	80	-4	A	-1	3	4	1	1	True	3.25	-4	22	22	22	22a	261/4	1/8	False	5	False				False	45	viio6		Ab	V		viio6		vii	o	6			o	False	False	(2, -1, 5)	()	5	2	major	major	V	V, major	vii		V	V	False	viio6	viio6, major		viio6, major		vii	-4	-3	-3	0	-1	-1	True	False	False
524	2	65	-1	F	0	3	4	2	1	True	3.5	-4	22	22	22	22a	131/2	1/16	False	4	False				False	45	viio6		Ab	V		viio6		vii	o	6			o	False	False	(2, -1, 5)	()	5	2	major	major	V	V, major	vii		V	V	False	viio6	viio6, major		viio6, major		vii	-4	-3	-3	3	2	2	True	False	True
526	2	66	6	F	1	3	4	2	1	True	3.75	-4	22	22	22	22a	263/4	1/16	False	4	False				False	45	viio6		Ab	V		viio6		vii	o	6			o	False	False	(2, -1, 5)	()	5	2	major	major	V	V, major	vii		V	V	False	viio6	viio6, major		viio6, major		vii	-4	-3	-3	10	9	9	False	False	False
526	2	81	3	A	0	3	4	1	1	True	3.75	-4	22	22	22	22a	263/4	1/16	False	5	False				False	45	viio6		Ab	V		viio6		vii	o	6			o	False	False	(2, -1, 5)	()	5	2	major	major	V	V, major	vii		V	V	False	viio6	viio6, major		viio6, major		vii	-4	-3	-3	7	6	6	False	False	False
528	2	84	0	C	0	3	4	1	2	True	1.0	-4	23	23	23	23a	66	1/16	False	6	True				False	46	I6		Ab	V		I6		I		6			M	False	False	(4, 1, 0)	()	0	4	major	major	V	V, major	I		V	V	False	I6	I6, major		I6, major		I	-4	-3	-3	4	3	3	False	False	False
530	2	68	-4	A	-1	3	4	2	1	True	1.25	-4	23	23	23	23a	265/4	1/16	False	4	False				False	46	I6		Ab	V		I6		I		6			M	False	False	(4, 1, 0)	()	0	4	major	major	V	V, major	I		V	V	False	I6	I6, major		I6, major		I	-4	-3	-3	0	-1	-1	False	False	False
530	4	82	-2	B	-1	3	4	1	2	True	1.25	-4	23	23	23	23a	265/4	1/8	False	5	False				False	46	I6		Ab	V		I6		I		6			M	False	False	(4, 1, 0)	()	0	4	major	major	V	V, major	I		V	V	False	I6	I6, major		I6, major		I	-4	-3	-3	2	1	1	True	False	False
532	2	67	1	G	0	3	4	2	1	True	1.5	-4	23	23	23	23a	133/2	1/16	False	4	False				False	46	I6		Ab	V		I6		I		6			M	False	False	(4, 1, 0)	()	0	4	major	major	V	V, major	I		V	V	False	I6	I6, major		I6, major		I	-4	-3	-3	5	4	4	True	False	True
534	2	55	1	G	0	3	4	2	1	True	1.75	-4	23	23	23	23a	267/4	1/16	False	3	False				False	46	I6		Ab	V		I6		I		6			M	False	False	(4, 1, 0)	()	0	4	major	major	V	V, major	I		V	V	False	I6	I6, major		I6, major		I	-4	-3	-3	5	4	4	True	False	True
534	2	70	-2	B	-1	3	4	1	2	True	1.75	-4	23	23	23	23a	267/4	1/16	False	4	False				False	46	I6		Ab	V		I6		I		6			M	False	False	(4, 1, 0)	()	0	4	major	major	V	V, major	I		V	V	False	I6	I6, major		I6, major		I	-4	-3	-3	2	1	1	True	False	False
536	2	82	-2	B	-1	3	4	1	2	True	2.0	-4	23	23	23	23a	67	1/16	False	5	True				False	47	viio6		Ab	V		viio6		vii	o	6			o	False	False	(2, -1, 5)	()	5	2	major	major	V	V, major	vii		V	V	False	viio6	viio6, major		viio6, major		vii	-4	-3	-3	2	1	1	False	False	False
538	2	67	1	G	0	3	4	2	1	True	2.25	-4	23	23	23	23a	269/4	1/16	False	4	False				False	47	viio6		Ab	V		viio6		vii	o	6			o	False	False	(2, -1, 5)	()	5	2	major	major	V	V, major	vii		V	V	False	viio6	viio6, major		viio6, major		vii	-4	-3	-3	5	4	4	False	False	False
538	4	80	-4	A	-1	3	4	1	2	True	2.25	-4	23	23	23	23a	269/4	1/8	False	5	False				False	47	viio6		Ab	V		viio6		vii	o	6			o	False	False	(2, -1, 5)	()	5	2	major	major	V	V, major	vii		V	V	False	viio6	viio6, major		viio6, major		vii	-4	-3	-3	0	-1	-1	True	False	False
540	2	65	-1	F	0	3	4	2	1	True	2.5	-4	23	23	23	23a	135/2	1/16	False	4	False				False	47	viio6		Ab	V		viio6		vii	o	6			o	False	False	(2, -1, 5)	()	5	2	major	major	V	V, major	vii		V	V	False	viio6	viio6, major		viio6, major		vii	-4	-3	-3	3	2	2	True	False	True
542	2	53	-1	F	0	3	4	2	1	True	2.75	-4	23	23	23	23a	271/4	1/16	False	3	False				False	47	viio6		Ab	V		viio6		vii	o	6			o	False	False	(2, -1, 5)	()	5	2	major	major	V	V, major	vii		V	V	False	viio6	viio6, major		viio6, major		vii	-4	-3	-3	3	2	2	True	False	True
542	2	68	-4	A	-1	3	4	1	2	True	2.75	-4	23	23	23	23a	271/4	1/16	False	4	False				False	47	viio6		Ab	V		viio6		vii	o	6			o	False	False	(2, -1, 5)	()	5	2	major	major	V	V, major	vii		V	V	False	viio6	viio6, major		viio6, major		vii	-4	-3	-3	0	-1	-1	True	False	False
544	2	55	1	G	0	3	4	2	2	True	3.0	-4	23	23	23	23a	68	1/16	False	3	True				False	48	I6		Ab	V		I6		I		6			M	False	False	(4, 1, 0)	()	0	4	major	major	V	V, major	I		V	V	False	I6	I6, major		I6, major		I	-4	-3	-3	5	4	4	True	False	True
544	2	63	-3	E	-1	3	4	2	1	True	3.0	-4	23	23	23	23a	68	1/16	False	4	True				False	48	I6		Ab	V		I6		I		6			M	False	False	(4, 1, 0)	()	0	4	major	major	V	V, major	I		V	V	False	I6	I6, major		I6, major		I	-4	-3	-3	1	0	0	True	True	False
544	4	70	-2	B	-1	3	4	1	2	True	3.0	-4	23	23	23	23a	68	1/8	False	4	True				False	48	I6		Ab	V		I6		I		6			M	False	False	(4, 1, 0)	()	0	4	major	major	V	V, major	I		V	V	False	I6	I6, major		I6, major		I	-4	-3	-3	2	1	1	True	False	False
544	2	79	1	G	0	3	4	1	1	True	3.0	-4	23	23	23	23a	68	1/16	False	5	True				False	48	I6		Ab	V		I6		I		6			M	False	False	(4, 1, 0)	()	0	4	major	major	V	V, major	I		V	V	False	I6	I6, major		I6, major		I	-4	-3	-3	5	4	4	True	False	True
546	2	56	-4	A	-1	3	4	2	2	True	3.25	-4	23	23	23	23a	273/4	1/16	False	3	True				False	49	V2		Ab	V		V2		V		2			Mm7	False	False	(-1, 1, 5, 2)	()	1	-1	major	major	V	V, major	V		V	V	False	V2	V2, major		V2, major		V	-4	-3	-3	0	-1	-1	True	False	True
546	2	62	2	D	0	3	4	2	1	True	3.25	-4	23	23	23	23a	273/4	1/16	False	4	True				False	49	V2		Ab	V		V2		V		2			Mm7	False	False	(-1, 1, 5, 2)	()	1	-1	major	major	V	V, major	V		V	V	False	V2	V2, major		V2, major		V	-4	-3	-3	6	5	5	True	False	False
546	2	77	-1	F	0	3	4	1	1	True	3.25	-4	23	23	23	23a	273/4	1/16	False	5	True				False	49	V2		Ab	V		V2		V		2			Mm7	False	False	(-1, 1, 5, 2)	()	1	-1	major	major	V	V, major	V		V	V	False	V2	V2, major		V2, major		V	-4	-3	-3	3	2	2	True	False	False
548	2	55	1	G	0	3	4	2	2	True	3.5	-4	23	23	23	23a	137/2	1/16	False	3	True				False	50	I6		Ab	V		I6		I		6			M	False	False	(4, 1, 0)	()	0	4	major	major	V	V, major	I		V	V	False	I6	I6, major		I6, major		I	-4	-3	-3	5	4	4	True	False	True
548	2	63	-3	E	-1	3	4	2	1	True	3.5	-4	23	23	23	23a	137/2	1/16	False	4	True				False	50	I6		Ab	V		I6		I		6			M	False	False	(4, 1, 0)	()	0	4	major	major	V	V, major	I		V	V	False	I6	I6, major		I6, major		I	-4	-3	-3	1	0	0	True	True	False
548	4	70	-2	B	-1	3	4	1	2	True	3.5	-4	23	23	23	23a	137/2	1/8	False	4	True				False	50	I6		Ab	V		I6		I		6			M	False	False	(4, 1, 0)	()	0	4	major	major	V	V, major	I		V	V	False	I6	I6, major		I6, major		I	-4	-3	-3	2	1	1	True	False	False
548	2	79	1	G	0	3	4	1	1	True	3.5	-4	23	23	23	23a	137/2	1/16	False	5	True				False	50	I6		Ab	V		I6		I		6			M	False	False	(4, 1, 0)	()	0	4	major	major	V	V, major	I		V	V	False	I6	I6, major		I6, major		I	-4	-3	-3	5	4	4	True	False	True
550	2	56	-4	A	-1	3	4	2	2	True	3.75	-4	23	23	23	23a	275/4	1/16	False	3	True				False	51	V2		Ab	V		V2		V		2			Mm7	False	False	(-1, 1, 5, 2)	()	1	-1	major	major	V	V, major	V		V	V	False	V2	V2, major		V2, major		V	-4	-3	-3	0	-1	-1	True	False	True
550	2	62	2	D	0	3	4	2	1	True	3.75	-4	23	23	23	23a	275/4	1/16	False	4	True				False	51	V2		Ab	V		V2		V		2			Mm7	False	False	(-1, 1, 5, 2)	()	1	-1	major	major	V	V, major	V		V	V	False	V2	V2, major		V2, major		V	-4	-3	-3	6	5	5	True	False	False
550	2	77	-1	F	0	3	4	1	1	True	3.75	-4	23	23	23	23a	275/4	1/16	False	5	True				False	51	V2		Ab	V		V2		V		2			Mm7	False	False	(-1, 1, 5, 2)	()	1	-1	major	major	V	V, major	V		V	V	False	V2	V2, major		V2, major		V	-4	-3	-3	3	2	2	True	False	False
552	8	55	1	G	0	3	4	2	1	True	1.0	-4	24	24	24	24a	69	1/4	False	3	True				False	52	I6		Ab	V		I6		I		6			M	False	False	(4, 1, 0)	()	0	4	major	major	V	V, major	I		V	V	False	I6	I6, major		I6, major		I	-4	-3	-3	5	4	4	True	False	True
552	8	63	-3	E	-1	3	4	2	1	True	1.0	-4	24	24	24	24a	69	1/4	False	4	True				False	52	I6		Ab	V		I6		I		6			M	False	False	(4, 1, 0)	()	0	4	major	major	V	V, major	I		V	V	False	I6	I6, major		I6, major		I	-4	-3	-3	1	0	0	True	True	False
552	8	70	-2	B	-1	3	4	1	2	True	1.0	-4	24	24	24	24a	69	1/4	False	4	True				False	52	I6		Ab	V		I6		I		6			M	False	False	(4, 1, 0)	()	0	4	major	major	V	V, major	I		V	V	False	I6	I6, major		I6, major		I	-4	-3	-3	2	1	1	True	False	False
552	8	79	1	G	0	3	4	1	1	True	1.0	-4	24	24	24	24a	69	1/4	False	5	True				False	52	I6		Ab	V		I6		I		6			M	False	False	(4, 1, 0)	()	0	4	major	major	V	V, major	I		V	V	False	I6	I6, major		I6, major		I	-4	-3	-3	5	4	4	True	False	True
560	8	56	-4	A	-1	3	4	2	1	True	2.0	-4	24	24	24	24a	70	1/4	False	3	True				False	53	V2		Ab	V		V2		V		2			Mm7	False	False	(-1, 1, 5, 2)	()	1	-1	major	major	V	V, major	V		V	V	False	V2	V2, major		V2, major		V	-4	-3	-3	0	-1	-1	True	False	True
560	8	62	2	D	0	3	4	2	1	True	2.0	-4	24	24	24	24a	70	1/4	False	4	True				False	53	V2		Ab	V		V2		V		2			Mm7	False	False	(-1, 1, 5, 2)	()	1	-1	major	major	V	V, major	V		V	V	False	V2	V2, major		V2, major		V	-4	-3	-3	6	5	5	True	False	False
560	8	70	-2	B	-1	3	4	1	2	True	2.0	-4	24	24	24	24a	70	1/4	False	4	True				False	53	V2		Ab	V		V2		V		2			Mm7	False	False	(-1, 1, 5, 2)	()	1	-1	major	major	V	V, major	V		V	V	False	V2	V2, major		V2, major		V	-4	-3	-3	2	1	1	True	True	False
560	8	77	-1	F	0	3	4	1	1	True	2.0	-4	24	24	24	24a	70	1/4	False	5	True				False	53	V2		Ab	V		V2		V		2			Mm7	False	False	(-1, 1, 5, 2)	()	1	-1	major	major	V	V, major	V		V	V	False	V2	V2, major		V2, major		V	-4	-3	-3	3	2	2	True	False	False
568	2	55	1	G	0	3	4	2	1	True	3.0	-4	24	24	24	24a	71	1/16	False	3	True				False	54	I6		Ab	V		I6		I		6			M	False	False	(4, 1, 0)	()	0	4	major	major	V	V, major	I		V	V	False	I6	I6, major		I6, major		I	-4	-3	-3	5	4	4	True	False	True
568	2	63	-3	E	-1	3	4	2	1	True	3.0	-4	24	24	24	24a	71	1/16	False	4	True				False	54	I6		Ab	V		I6		I		6			M	False	False	(4, 1, 0)	()	0	4	major	major	V	V, major	I		V	V	False	I6	I6, major		I6, major		I	-4	-3	-3	1	0	0	True	True	False
568	2	70	-2	B	-1	3	4	1	2	True	3.0	-4	24	24	24	24a	71	1/16	False	4	True				False	54	I6		Ab	V		I6		I		6			M	False	False	(4, 1, 0)	()	0	4	major	major	V	V, major	I		V	V	False	I6	I6, major		I6, major		I	-4	-3	-3	2	1	1	True	False	False
568	2	82	-2	B	-1	3	4	1	1	True	3.0	-4	24	24	24	24a	71	1/16	False	5	True				False	54	I6		Ab	V		I6		I		6			M	False	False	(4, 1, 0)	()	0	4	major	major	V	V, major	I		V	V	False	I6	I6, major		I6, major		I	-4	-3	-3	2	1	1	True	False	False
570	2	53	-1	F	0	3	4	2	1	True	3.25	-4	24	24	24	24a	285/4	1/16	False	3	True				False	55	V7/V		Ab	V		V7/V		V		7		V	Mm7	False	False	(2, 6, 3, 0)	()	2	2	major	major	V	V, major	V/V	V	V/V	II	False	V7/V	V7/V, major		V7/V, major	V	V	-4	-3	-2	3	2	1	True	True	True
570	2	60	0	C	0	3	4	2	1	True	3.25	-4	24	24	24	24a	285/4	1/16	False	4	True				False	55	V7/V		Ab	V		V7/V		V		7		V	Mm7	False	False	(2, 6, 3, 0)	()	2	2	major	major	V	V, major	V/V	V	V/V	II	False	V7/V	V7/V, major		V7/V, major	V	V	-4	-3	-2	4	3	2	True	False	False
570	2	75	-3	E	-1	3	4	1	2	True	3.25	-4	24	24	24	24a	285/4	1/16	False	5	True				False	55	V7/V		Ab	V		V7/V		V		7		V	Mm7	False	False	(2, 6, 3, 0)	()	2	2	major	major	V	V, major	V/V	V	V/V	II	False	V7/V	V7/V, major		V7/V, major	V	V	-4	-3	-2	1	0	-1	True	False	False
570	2	81	3	A	0	3	4	1	1	True	3.25	-4	24	24	24	24a	285/4	1/16	False	5	True				False	55	V7/V		Ab	V		V7/V		V		7		V	Mm7	False	False	(2, 6, 3, 0)	()	2	2	major	major	V	V, major	V/V	V	V/V	II	False	V7/V	V7/V, major		V7/V, major	V	V	-4	-3	-2	7	6	5	True	False	False
572	2	55	1	G	0	3	4	2	1	True	3.5	-4	24	24	24	24a	143/2	1/16	False	3	True				False	56	I6		Ab	V		I6		I		6			M	False	False	(4, 1, 0)	()	0	4	major	major	V	V, major	I		V	V	False	I6	I6, major		I6, major		I	-4	-3	-3	5	4	4	True	False	True
572	2	63	-3	E	-1	3	4	2	1	True	3.5	-4	24	24	24	24a	143/2	1/16	False	4	True				False	56	I6		Ab	V		I6		I		6			M	False	False	(4, 1, 0)	()	0	4	major	major	V	V, major	I		V	V	False	I6	I6, major		I6, major		I	-4	-3	-3	1	0	0	True	True	False
572	2	70	-2	B	-1	3	4	1	2	True	3.5	-4	24	24	24	24a	143/2	1/16	False	4	True				False	56	I6		Ab	V		I6		I		6			M	False	False	(4, 1, 0)	()	0	4	major	major	V	V, major	I		V	V	False	I6	I6, major		I6, major		I	-4	-3	-3	2	1	1	True	False	False
572	2	82	-2	B	-1	3	4	1	1	True	3.5	-4	24	24	24	24a	143/2	1/16	False	5	True				False	56	I6		Ab	V		I6		I		6			M	False	False	(4, 1, 0)	()	0	4	major	major	V	V, major	I		V	V	False	I6	I6, major		I6, major		I	-4	-3	-3	2	1	1	True	False	False
574	2	53	-1	F	0	3	4	2	1	True	3.75	-4	24	24	24	24a	287/4	1/16	False	3	True				False	57	V7/V		Ab	V		V7/V		V		7		V	Mm7	False	False	(2, 6, 3, 0)	()	2	2	major	major	V	V, major	V/V	V	V/V	II	False	V7/V	V7/V, major		V7/V, major	V	V	-4	-3	-2	3	2	1	True	True	True
574	2	60	0	C	0	3	4	2	1	True	3.75	-4	24	24	24	24a	287/4	1/16	False	4	True				False	57	V7/V		Ab	V		V7/V		V		7		V	Mm7	False	False	(2, 6, 3, 0)	()	2	2	major	major	V	V, major	V/V	V	V/V	II	False	V7/V	V7/V, major		V7/V, major	V	V	-4	-3	-2	4	3	2	True	False	False
574	2	75	-3	E	-1	3	4	1	2	True	3.75	-4	24	24	24	24a	287/4	1/16	False	5	True				False	57	V7/V		Ab	V		V7/V		V		7		V	Mm7	False	False	(2, 6, 3, 0)	()	2	2	major	major	V	V, major	V/V	V	V/V	II	False	V7/V	V7/V, major		V7/V, major	V	V	-4	-3	-2	1	0	-1	True	False	False
574	2	81	3	A	0	3	4	1	1	True	3.75	-4	24	24	24	24a	287/4	1/16	False	5	True				False	57	V7/V		Ab	V		V7/V		V		7		V	Mm7	False	False	(2, 6, 3, 0)	()	2	2	major	major	V	V, major	V/V	V	V/V	II	False	V7/V	V7/V, major		V7/V, major	V	V	-4	-3	-2	7	6	5	True	False	False
576	8	55	1	G	0	3	4	2	1	True	1.0	-4	25	25	25	25a	72	1/4	False	3	True				False	58	I6		Ab	V		I6		I		6			M	False	False	(4, 1, 0)	()	0	4	major	major	V	V, major	I		V	V	False	I6	I6, major		I6, major		I	-4	-3	-3	5	4	4	True	False	True
576	8	58	-2	B	-1	3	4	2	1	True	1.0	-4	25	25	25	25a	72	1/4	False	3	True				False	58	I6		Ab	V		I6		I		6			M	False	False	(4, 1, 0)	()	0	4	major	major	V	V, major	I		V	V	False	I6	I6, major		I6, major		I	-4	-3	-3	2	1	1	True	False	False
576	8	63	-3	E	-1	3	4	2	1	True	1.0	-4	25	25	25	25a	72	1/4	False	4	True				False	58	I6		Ab	V		I6		I		6			M	False	False	(4, 1, 0)	()	0	4	major	major	V	V, major	I		V	V	False	I6	I6, major		I6, major		I	-4	-3	-3	1	0	0	True	True	False
576	8	70	-2	B	-1	3	4	1	1	True	1.0	-4	25	25	25	25a	72	1/4	False	4	True				False	58	I6		Ab	V		I6		I		6			M	False	False	(4, 1, 0)	()	0	4	major	major	V	V, major	I		V	V	False	I6	I6, major		I6, major		I	-4	-3	-3	2	1	1	True	False	False
576	8	75	-3	E	-1	3	4	1	1	True	1.0	-4	25	25	25	25a	72	1/4	False	5	True				False	58	I6		Ab	V		I6		I		6			M	False	False	(4, 1, 0)	()	0	4	major	major	V	V, major	I		V	V	False	I6	I6, major		I6, major		I	-4	-3	-3	1	0	0	True	True	False
576	8	82	-2	B	-1	3	4	1	1	True	1.0	-4	25	25	25	25a	72	1/4	False	5	True				False	58	I6		Ab	V		I6		I		6			M	False	False	(4, 1, 0)	()	0	4	major	major	V	V, major	I		V	V	False	I6	I6, major		I6, major		I	-4	-3	-3	2	1	1	True	False	False
584	0	69	3	A	0	3	4	1	1	True	2.0	-4	25	25	25	25a	73	0	False	4	True				False	59	V7/V		Ab	V		V7/V		V		7		V	Mm7	False	False	(2, 6, 3, 0)	()	2	2	major	major	V	V, major	V/V	V	V/V	II	False	V7/V	V7/V, major		V7/V, major	V	V	-4	-3	-2	7	6	5	True	False	False
584	0	75	-3	E	-1	3	4	1	1	True	2.0	-4	25	25	25	25a	73	0	False	5	True				False	59	V7/V		Ab	V		V7/V		V		7		V	Mm7	False	False	(2, 6, 3, 0)	()	2	2	major	major	V	V, major	V/V	V	V/V	II	False	V7/V	V7/V, major		V7/V, major	V	V	-4	-3	-2	1	0	-1	True	False	False
584	8	53	-1	F	0	3	4	2	1	True	2.0	-4	25	25	25	25a	73	1/4	False	3	True				False	59	V7/V		Ab	V		V7/V		V		7		V	Mm7	False	False	(2, 6, 3, 0)	()	2	2	major	major	V	V, major	V/V	V	V/V	II	False	V7/V	V7/V, major		V7/V, major	V	V	-4	-3	-2	3	2	1	True	True	True
584	12	84	0	C	0	3	4	1	1	True	2.0	-4	25	25	25	25a	73	3/8	False	6	True				False	59	V7/V		Ab	V		V7/V		V		7		V	Mm7	False	False	(2, 6, 3, 0)	()	2	2	major	major	V	V, major	V/V	V	V/V	II	False	V7/V	V7/V, major		V7/V, major	V	V	-4	-3	-2	4	3	2	True	False	False
592	8	51	-3	E	-1	3	4	2	1	True	3.0	-4	25	25	25	25a	74	1/4	False	3	True				False	60	V2/V		Ab	V		V2/V		V		2		V	Mm7	False	False	(0, 2, 6, 3)	()	2	0	major	major	V	V, major	V/V	V	V/V	II	False	V2/V	V2/V, major		V2/V, major	V	V	-4	-3	-2	1	0	-1	True	False	True
596	0	69	3	A	0	3	4	1	1	True	3.5	-4	25	25	25	25a	149/2	0	False	4	False				False	60	V2/V		Ab	V		V2/V		V		2		V	Mm7	False	False	(0, 2, 6, 3)	()	2	0	major	major	V	V, major	V/V	V	V/V	II	False	V2/V	V2/V, major		V2/V, major	V	V	-4	-3	-2	7	6	5	True	False	False
596	0	77	-1	F	0	3	4	1	1	True	3.5	-4	25	25	25	25a	149/2	0	False	5	False				False	60	V2/V		Ab	V		V2/V		V		2		V	Mm7	False	False	(0, 2, 6, 3)	()	2	0	major	major	V	V, major	V/V	V	V/V	II	False	V2/V	V2/V, major		V2/V, major	V	V	-4	-3	-2	3	2	1	True	True	False
596	4	84	0	C	0	3	4	1	1	True	3.5	-4	25	25	25	25a	149/2	1/8	False	6	False				False	60	V2/V		Ab	V		V2/V		V		2		V	Mm7	False	False	(0, 2, 6, 3)	()	2	0	major	major	V	V, major	V/V	V	V/V	II	False	V2/V	V2/V, major		V2/V, major	V	V	-4	-3	-2	4	3	2	True	False	False
600	8	50	2	D	0	3	4	2	1	True	1.0	-4	26	26	26	26a	75	1/4	False	3	True				False	61	V6		Ab	V		V6		V		6			M	False	False	(5, 2, 1)	()	1	5	major	major	V	V, major	V		V	V	False	V6	V6, major		V6, major		V	-4	-3	-3	6	5	5	True	False	True
604	0	70	-2	B	-1	3	4	1	1	True	1.5	-4	26	26	26	26a	151/2	0	False	4	False				False	61	V6		Ab	V		V6		V		6			M	False	False	(5, 2, 1)	()	1	5	major	major	V	V, major	V		V	V	False	V6	V6, major		V6, major		V	-4	-3	-3	2	1	1	True	True	False
604	0	77	-1	F	0	3	4	1	1	True	1.5	-4	26	26	26	26a	151/2	0	False	5	False				False	61	V6		Ab	V		V6		V		6			M	False	False	(5, 2, 1)	()	1	5	major	major	V	V, major	V		V	V	False	V6	V6, major		V6, major		V	-4	-3	-3	3	2	2	True	False	False
604	4	86	2	D	0	3	4	1	1	True	1.5	-4	26	26	26	26a	151/2	1/8	False	6	False				False	61	V6		Ab	V		V6		V		6			M	False	False	(5, 2, 1)	()	1	5	major	major	V	V, major	V		V	V	False	V6	V6, major		V6, major		V	-4	-3	-3	6	5	5	True	False	True
608	8	48	0	C	0	3	4	2	1	True	2.0	-4	26	26	26	26a	76	1/4	False	3	True				False	62	V43/V		Ab	V		V43/V		V		43		V	Mm7	False	False	(3, 0, 2, 6)	()	2	3	major	major	V	V, major	V/V	V	V/V	II	False	V43/V	V43/V, major		V43/V, major	V	V	-4	-3	-2	4	3	2	True	False	True
612	0	72	0	C	0	3	4	1	1	True	2.5	-4	26	26	26	26a	153/2	0	False	5	False				False	62	V43/V		Ab	V		V43/V		V		43		V	Mm7	False	False	(3, 0, 2, 6)	()	2	3	major	major	V	V, major	V/V	V	V/V	II	False	V43/V	V43/V, major		V43/V, major	V	V	-4	-3	-2	4	3	2	True	False	True
612	0	77	-1	F	0	3	4	1	1	True	2.5	-4	26	26	26	26a	153/2	0	False	5	False				False	62	V43/V		Ab	V		V43/V		V		43		V	Mm7	False	False	(3, 0, 2, 6)	()	2	3	major	major	V	V, major	V/V	V	V/V	II	False	V43/V	V43/V, major		V43/V, major	V	V	-4	-3	-2	3	2	1	True	True	False
612	4	87	-3	E	-1	3	4	1	1	True	2.5	-4	26	26	26	26a	153/2	1/8	False	6	False				False	62	V43/V		Ab	V		V43/V		V		43		V	Mm7	False	False	(3, 0, 2, 6)	()	2	3	major	major	V	V, major	V/V	V	V/V	II	False	V43/V	V43/V, major		V43/V, major	V	V	-4	-3	-2	1	0	-1	True	False	False
616	8	46	-2	B	-1	3	4	2	1	True	3.0	-4	26	26	26	26a	77	1/4	False	2	True				False	63	V		Ab	V		V		V					M	False	False	(1, 5, 2)	()	1	1	major	major	V	V, major	V		V	V	False	V	V, major		V, major		V	-4	-3	-3	2	1	1	True	True	True
620	0	74	2	D	0	3	4	1	1	True	3.5	-4	26	26	26	26a	155/2	0	False	5	False				False	63	V		Ab	V		V		V					M	False	False	(1, 5, 2)	()	1	1	major	major	V	V, major	V		V	V	False	V	V, major		V, major		V	-4	-3	-3	6	5	5	True	False	False
620	0	77	-1	F	0	3	4	1	1	True	3.5	-4	26	26	26	26a	155/2	0	False	5	False				False	63	V		Ab	V		V		V					M	False	False	(1, 5, 2)	()	1	1	major	major	V	V, major	V		V	V	False	V	V, major		V, major		V	-4	-3	-3	3	2	2	True	False	False
620	4	89	-1	F	0	3	4	1	1	True	3.5	-4	26	26	26	26a	155/2	1/8	False	6	False				False	63	V		Ab	V		V		V					M	False	False	(1, 5, 2)	()	1	1	major	major	V	V, major	V		V	V	False	V	V, major		V, major		V	-4	-3	-3	3	2	2	True	False	False
624	16	44	-4	A	-1	3	4	2	1	True	1.0	-4	27	27	27	27a	78	1/2	False	2	True				False	64	V2		Ab	V		V2		V		2			Mm7	False	False	(-1, 1, 5, 2)	()	1	-1	major	major	V	V, major	V		V	V	False	V2	V2, major		V2, major		V	-4	-3	-3	0	-1	-1	True	False	True
624	4	89	-1	F	0	3	4	1	1	False	1.0	-4	27	27	27	27a	78	1/8	False	6	True				False	64	V2		Ab	V		V2		V		2			Mm7	False	False	(-1, 1, 5, 2)	()	1	-1	major	major	V	V, major	V		V	V	False	V2	V2, major		V2, major		V	-4	-3	-3	3	2	2	True	False	False
628	4	91	1	G	0	3	4	1	1	True	1.5	-4	27	27	27	27a	157/2	1/8	False	6	False				False	64	V2		Ab	V		V2		V		2			Mm7	False	False	(-1, 1, 5, 2)	()	1	-1	major	major	V	V, major	V		V	V	False	V2	V2, major		V2, major		V	-4	-3	-3	5	4	4	False	False	False
632	4	92	-4	A	-1	3	4	1	1	True	2.0	-4	27	27	27	27a	79	1/8	False	6	False				False	64	V2		Ab	V		V2		V		2			Mm7	False	False	(-1, 1, 5, 2)	()	1	-1	major	major	V	V, major	V		V	V	False	V2	V2, major		V2, major		V	-4	-3	-3	0	-1	-1	True	False	True
636	4	93	3	A	0	3	4	1	1	True	2.5	-4	27	27	27	27a	159/2	1/8	False	6	False				False	64	V2		Ab	V		V2		V		2			Mm7	False	False	(-1, 1, 5, 2)	()	1	-1	major	major	V	V, major	V		V	V	False	V2	V2, major		V2, major		V	-4	-3	-3	7	6	6	False	False	False
640	2	44	-4	A	-1	3	4	2	1	False	3.0	-4	27	27	27	27a	80	1/16	False	2	False				False	64	V2		Ab	V		V2		V		2			Mm7	False	False	(-1, 1, 5, 2)	()	1	-1	major	major	V	V, major	V		V	V	False	V2	V2, major		V2, major		V	-4	-3	-3	0	-1	-1	True	False	True
640	8	94	-2	B	-1	3	4	1	1	True	3.0	-4	27	27	27	27a	80	1/4	False	6	False				False	64	V2		Ab	V		V2		V		2			Mm7	False	False	(-1, 1, 5, 2)	()	1	-1	major	major	V	V, major	V		V	V	False	V2	V2, major		V2, major		V	-4	-3	-3	2	1	1	True	True	False
642	1	43	1	G	0	3	4	2	1	True	3.25	-4	27	27	27	27a	321/4	1/32	False	2	True				False	65	I6		Ab	V		I6		I		6			M	False	False	(4, 1, 0)	()	0	4	major	major	V	V, major	I		V	V	False	I6	I6, major		I6, major		I	-4	-3	-3	5	4	4	True	False	True
643	1	44	-4	A	-1	3	4	2	1	True	3.375	-4	27	27	27	27a	643/8	1/32	False	2	False				False	65	I6		Ab	V		I6		I		6			M	False	False	(4, 1, 0)	()	0	4	major	major	V	V, major	I		V	V	False	I6	I6, major		I6, major		I	-4	-3	-3	0	-1	-1	False	False	False
644	1	46	-2	B	-1	3	4	2	1	True	3.5	-4	27	27	27	27a	161/2	1/32	False	2	True				False	66	V		Ab	V		V		V					M	False	False	(1, 5, 2)	()	1	1	major	major	V	V, major	V		V	V	False	V	V, major		V, major		V	-4	-3	-3	2	1	1	True	True	True
645	1	44	-4	A	-1	3	4	2	1	True	3.625	-4	27	27	27	27a	645/8	1/32	False	2	False				False	66	V		Ab	V		V		V					M	False	False	(1, 5, 2)	()	1	1	major	major	V	V, major	V		V	V	False	V	V, major		V, major		V	-4	-3	-3	0	-1	-1	False	False	False
646	1	43	1	G	0	3	4	2	1	True	3.75	-4	27	27	27	27a	323/4	1/32	False	2	False				False	66	V		Ab	V		V		V					M	False	False	(1, 5, 2)	()	1	1	major	major	V	V, major	V		V	V	False	V	V, major		V, major		V	-4	-3	-3	5	4	4	False	False	False
647	1	41	-1	F	0	3	4	2	1	True	3.875	-4	27	27	27	27a	647/8	1/32	False	2	False				False	66	V		Ab	V		V		V					M	False	False	(1, 5, 2)	()	1	1	major	major	V	V, major	V		V	V	False	V	V, major		V, major		V	-4	-3	-3	3	2	2	True	False	False
648	2	39	-3	E	-1	3	4	2	1	True	1.0	-4	28	28	28	28a	81	1/16	False	2	True	IAC	IAC	}{	True	67	I|IAC}{		Ab	V		I		I					M	False	False	(0, 4, 1)	()	0	0	major	major	V	V, major	I		V	V	False	I	I, major		I, major		I	-4	-3	-3	1	0	0	True	True	True
648	4	94	-2	B	-1	3	4	1	1	False	1.0	-4	28	28	28	28a	81	1/8	False	6	True	IAC	IAC	}{	True	67	I|IAC}{		Ab	V		I		I					M	False	False	(0, 4, 1)	()	0	0	major	major	V	V, major	I		V	V	False	I	I, major		I, major		I	-4	-3	-3	2	1	1	True	False	False
650	2	51	-3	E	-1	3	4	2	1	True	1.25	-4	28	28	28	28a	325/4	1/16	False	3	False				False	67	I|IAC}{		Ab	V		I		I					M	False	False	(0, 4, 1)	()	0	0	major	major	V	V, major	I		V	V	False	I	I, major		I, major		I	-4	-3	-3	1	0	0	True	True	True
650	2	55	1	G	0	3	4	2	1	True	1.25	-4	28	28	28	28a	325/4	1/16	False	3	False				False	67	I|IAC}{		Ab	V		I		I					M	False	False	(0, 4, 1)	()	0	0	major	major	V	V, major	I		V	V	False	I	I, major		I, major		I	-4	-3	-3	5	4	4	True	False	False
652	2	51	-3	E	-1	3	4	2	1	True	1.5	-4	28	28	28	28a	163/2	1/16	False	3	False				False	67	I|IAC}{		Ab	V		I		I					M	False	False	(0, 4, 1)	()	0	0	major	major	V	V, major	I		V	V	False	I	I, major		I, major		I	-4	-3	-3	1	0	0	True	True	True
652	2	55	1	G	0	3	4	2	1	True	1.5	-4	28	28	28	28a	163/2	1/16	False	3	False				False	67	I|IAC}{		Ab	V		I		I					M	False	False	(0, 4, 1)	()	0	0	major	major	V	V, major	I		V	V	False	I	I, major		I, major		I	-4	-3	-3	5	4	4	True	False	False
652	4	67	1	G	0	3	4	1	1	True	1.5	-4	28	28	28	28a	163/2	1/8	False	4	False				False	67	I|IAC}{		Ab	V		I		I					M	False	False	(0, 4, 1)	()	0	0	major	major	V	V, major	I		V	V	False	I	I, major		I, major		I	-4	-3	-3	5	4	4	True	False	False
654	2	50	2	D	0	3	4	2	1	True	1.75	-4	28	28	28	28a	327/4	1/16	False	3	True				False	68	IM2		Ab	V		IM2		I	M	2			MM7	False	False	(5, 0, 4, 1)	()	0	5	major	major	V	V, major	I		V	V	False	IM2	IM2, major		IM2, major		I	-4	-3	-3	6	5	5	True	False	True
654	2	51	-3	E	-1	3	4	2	1	True	1.75	-4	28	28	28	28a	327/4	1/16	False	3	True				False	68	IM2		Ab	V		IM2		I	M	2			MM7	False	False	(5, 0, 4, 1)	()	0	5	major	major	V	V, major	I		V	V	False	IM2	IM2, major		IM2, major		I	-4	-3	-3	1	0	0	True	True	False
654	2	55	1	G	0	3	4	2	1	True	1.75	-4	28	28	28	28a	327/4	1/16	False	3	True				False	68	IM2		Ab	V		IM2		I	M	2			MM7	False	False	(5, 0, 4, 1)	()	0	5	major	major	V	V, major	I		V	V	False	IM2	IM2, major		IM2, major		I	-4	-3	-3	5	4	4	True	False	False
656	2	50	2	D	0	3	4	2	1	True	2.0	-4	28	28	28	28a	82	1/16	False	3	False				False	68	IM2		Ab	V		IM2		I	M	2			MM7	False	False	(5, 0, 4, 1)	()	0	5	major	major	V	V, major	I		V	V	False	IM2	IM2, major		IM2, major		I	-4	-3	-3	6	5	5	True	False	True
656	2	51	-3	E	-1	3	4	2	1	True	2.0	-4	28	28	28	28a	82	1/16	False	3	False				False	68	IM2		Ab	V		IM2		I	M	2			MM7	False	False	(5, 0, 4, 1)	()	0	5	major	major	V	V, major	I		V	V	False	IM2	IM2, major		IM2, major		I	-4	-3	-3	1	0	0	True	True	False
656	2	55	1	G	0	3	4	2	1	True	2.0	-4	28	28	28	28a	82	1/16	False	3	False				False	68	IM2		Ab	V		IM2		I	M	2			MM7	False	False	(5, 0, 4, 1)	()	0	5	major	major	V	V, major	I		V	V	False	IM2	IM2, major		IM2, major		I	-4	-3	-3	5	4	4	True	False	False
658	2	48	0	C	0	3	4	2	1	True	2.25	-4	28	28	28	28a	329/4	1/16	False	3	True				False	69	vi		Ab	V		vi		vi					m	False	False	(3, 0, 4)	()	3	3	major	major	V	V, major	vi		V	V	False	vi	vi, major		vi, major		vi	-4	-3	-3	4	3	3	True	True	True
658	2	51	-3	E	-1	3	4	2	1	True	2.25	-4	28	28	28	28a	329/4	1/16	False	3	True				False	69	vi		Ab	V		vi		vi					m	False	False	(3, 0, 4)	()	3	3	major	major	V	V, major	vi		V	V	False	vi	vi, major		vi, major		vi	-4	-3	-3	1	0	0	True	False	False
658	2	55	1	G	0	3	4	2	1	True	2.25	-4	28	28	28	28a	329/4	1/16	False	3	True				False	69	vi		Ab	V		vi		vi					m	False	False	(3, 0, 4)	()	3	3	major	major	V	V, major	vi		V	V	False	vi	vi, major		vi, major		vi	-4	-3	-3	5	4	4	True	False	False
660	2	48	0	C	0	3	4	2	1	True	2.5	-4	28	28	28	28a	165/2	1/16	False	3	False				False	69	vi		Ab	V		vi		vi					m	False	False	(3, 0, 4)	()	3	3	major	major	V	V, major	vi		V	V	False	vi	vi, major		vi, major		vi	-4	-3	-3	4	3	3	True	True	True
660	2	51	-3	E	-1	3	4	2	1	True	2.5	-4	28	28	28	28a	165/2	1/16	False	3	False				False	69	vi		Ab	V		vi		vi					m	False	False	(3, 0, 4)	()	3	3	major	major	V	V, major	vi		V	V	False	vi	vi, major		vi, major		vi	-4	-3	-3	1	0	0	True	False	False
660	2	55	1	G	0	3	4	2	1	True	2.5	-4	28	28	28	28a	165/2	1/16	False	3	False				False	69	vi		Ab	V		vi		vi					m	False	False	(3, 0, 4)	()	3	3	major	major	V	V, major	vi		V	V	False	vi	vi, major		vi, major		vi	-4	-3	-3	5	4	4	True	False	False
662	2	46	-2	B	-1	3	4	2	1	True	2.75	-4	28	28	28	28a	331/4	1/16	False	2	True				False	70	I64		Ab	V		I64		I		64			M	False	False	(1, 0, 4)	()	0	1	major	major	V	V, major	I		V	V	False	I64	I64, major		I64, major		I	-4	-3	-3	2	1	1	True	False	True
662	2	51	-3	E	-1	3	4	2	1	True	2.75	-4	28	28	28	28a	331/4	1/16	False	3	True				False	70	I64		Ab	V		I64		I		64			M	False	False	(1, 0, 4)	()	0	1	major	major	V	V, major	I		V	V	False	I64	I64, major		I64, major		I	-4	-3	-3	1	0	0	True	True	False
662	2	55	1	G	0	3	4	2	1	True	2.75	-4	28	28	28	28a	331/4	1/16	False	3	True				False	70	I64		Ab	V		I64		I		64			M	False	False	(1, 0, 4)	()	0	1	major	major	V	V, major	I		V	V	False	I64	I64, major		I64, major		I	-4	-3	-3	5	4	4	True	False	False
662	2	67	1	G	0	3	4	1	1	True	2.75	-4	28	28	28	28a	331/4	1/16	False	4	True				False	70	I64		Ab	V		I64		I		64			M	False	False	(1, 0, 4)	()	0	1	major	major	V	V, major	I		V	V	False	I64	I64, major		I64, major		I	-4	-3	-3	5	4	4	True	False	False
664	2	46	-2	B	-1	3	4	2	1	True	3.0	-4	28	28	28	28a	83	1/16	False	2	False				False	70	I64		Ab	V		I64		I		64			M	False	False	(1, 0, 4)	()	0	1	major	major	V	V, major	I		V	V	False	I64	I64, major		I64, major		I	-4	-3	-3	2	1	1	True	False	True
664	2	51	-3	E	-1	3	4	2	1	True	3.0	-4	28	28	28	28a	83	1/16	False	3	False				False	70	I64		Ab	V		I64		I		64			M	False	False	(1, 0, 4)	()	0	1	major	major	V	V, major	I		V	V	False	I64	I64, major		I64, major		I	-4	-3	-3	1	0	0	True	True	False
664	2	55	1	G	0	3	4	2	1	True	3.0	-4	28	28	28	28a	83	1/16	False	3	False				False	70	I64		Ab	V		I64		I		64			M	False	False	(1, 0, 4)	()	0	1	major	major	V	V, major	I		V	V	False	I64	I64, major		I64, major		I	-4	-3	-3	5	4	4	True	False	False
664	2	68	-4	A	-1	3	4	1	1	True	3.0	-4	28	28	28	28a	83	1/16	False	4	False				False	70	I64		Ab	V		I64		I		64			M	False	False	(1, 0, 4)	()	0	1	major	major	V	V, major	I		V	V	False	I64	I64, major		I64, major		I	-4	-3	-3	0	-1	-1	False	False	False
666	2	44	-4	A	-1	3	4	2	1	True	3.25	-4	28	28	28	28a	333/4	1/16	False	2	True				False	71	IVM7(9)		Ab	V		IVM7(9)		IV	M	7	9		MM7	False	False	(-1, 3, 0, 4)	(1,)	-1	-1	major	major	V	V, major	IV		V	V	False	IVM7	IVM7, major		IVM7(9), major		IV	-4	-3	-3	0	-1	-1	True	True	True
666	2	51	-3	E	-1	3	4	2	1	True	3.25	-4	28	28	28	28a	333/4	1/16	False	3	True				False	71	IVM7(9)		Ab	V		IVM7(9)		IV	M	7	9		MM7	False	False	(-1, 3, 0, 4)	(1,)	-1	-1	major	major	V	V, major	IV		V	V	False	IVM7	IVM7, major		IVM7(9), major		IV	-4	-3	-3	1	0	0	True	False	False
666	2	55	1	G	0	3	4	2	1	True	3.25	-4	28	28	28	28a	333/4	1/16	False	3	True				False	71	IVM7(9)		Ab	V		IVM7(9)		IV	M	7	9		MM7	False	False	(-1, 3, 0, 4)	(1,)	-1	-1	major	major	V	V, major	IV		V	V	False	IVM7	IVM7, major		IVM7(9), major		IV	-4	-3	-3	5	4	4	True	False	False
666	2	70	-2	B	-1	3	4	1	1	True	3.25	-4	28	28	28	28a	333/4	1/16	False	4	True				False	71	IVM7(9)		Ab	V		IVM7(9)		IV	M	7	9		MM7	False	False	(-1, 3, 0, 4)	(1,)	-1	-1	major	major	V	V, major	IV		V	V	False	IVM7	IVM7, major		IVM7(9), major		IV	-4	-3	-3	2	1	1	False	False	False
668	2	43	1	G	0	3	4	2	1	True	3.5	-4	28	28	28	28a	167/2	1/16	False	2	True				False	72	I6		Ab	V		I6		I		6			M	False	False	(4, 1, 0)	()	0	4	major	major	V	V, major	I		V	V	False	I6	I6, major		I6, major		I	-4	-3	-3	5	4	4	True	False	True
668	2	51	-3	E	-1	3	4	2	1	True	3.5	-4	28	28	28	28a	167/2	1/16	False	3	True				False	72	I6		Ab	V		I6		I		6			M	False	False	(4, 1, 0)	()	0	4	major	major	V	V, major	I		V	V	False	I6	I6, major		I6, major		I	-4	-3	-3	1	0	0	True	True	False
668	2	55	1	G	0	3	4	2	1	True	3.5	-4	28	28	28	28a	167/2	1/16	False	3	True				False	72	I6		Ab	V		I6		I		6			M	False	False	(4, 1, 0)	()	0	4	major	major	V	V, major	I		V	V	False	I6	I6, major		I6, major		I	-4	-3	-3	5	4	4	True	False	True
668	2	72	0	C	0	3	4	1	1	True	3.5	-4	28	28	28	28a	167/2	1/16	False	5	True				False	72	I6		Ab	V		I6		I		6			M	False	False	(4, 1, 0)	()	0	4	major	major	V	V, major	I		V	V	False	I6	I6, major		I6, major		I	-4	-3	-3	4	3	3	False	False	False
670	2	43	1	G	0	3	4	2	1	True	3.75	-4	28	28	28	28a	335/4	1/16	False	2	False				False	72	I6		Ab	V		I6		I		6			M	False	False	(4, 1, 0)	()	0	4	major	major	V	V, major	I		V	V	False	I6	I6, major		I6, major		I	-4	-3	-3	5	4	4	True	False	True
670	2	51	-3	E	-1	3	4	2	1	True	3.75	-4	28	28	28	28a	335/4	1/16	False	3	False				False	72	I6		Ab	V		I6		I		6			M	False	False	(4, 1, 0)	()	0	4	major	major	V	V, major	I		V	V	False	I6	I6, major		I6, major		I	-4	-3	-3	1	0	0	True	True	False
670	2	55	1	G	0	3	4	2	1	True	3.75	-4	28	28	28	28a	335/4	1/16	False	3	False				False	72	I6		Ab	V		I6		I		6			M	False	False	(4, 1, 0)	()	0	4	major	major	V	V, major	I		V	V	False	I6	I6, major		I6, major		I	-4	-3	-3	5	4	4	True	False	True
670	2	74	2	D	0	3	4	1	1	True	3.75	-4	28	28	28	28a	335/4	1/16	False	5	False				False	72	I6		Ab	V		I6		I		6			M	False	False	(4, 1, 0)	()	0	4	major	major	V	V, major	I		V	V	False	I6	I6, major		I6, major		I	-4	-3	-3	6	5	5	False	False	False
672	2	43	1	G	0	3	4	2	1	True	1.0	-4	29	29	29	29a	84	1/16	False	2	False				False	72	I6		Ab	V		I6		I		6			M	False	False	(4, 1, 0)	()	0	4	major	major	V	V, major	I		V	V	False	I6	I6, major		I6, major		I	-4	-3	-3	5	4	4	True	False	True
672	4	75	-3	E	-1	3	4	1	1	True	1.0	-4	29	29	29	29a	84	1/8	False	5	False				False	72	I6		Ab	V		I6		I		6			M	False	False	(4, 1, 0)	()	0	4	major	major	V	V, major	I		V	V	False	I6	I6, major		I6, major		I	-4	-3	-3	1	0	0	True	True	False
674	2	51	-3	E	-1	3	4	2	1	True	1.25	-4	29	29	29	29a	337/4	1/16	False	3	True				False	73	I		Ab	V		I		I					M	False	False	(0, 4, 1)	()	0	0	major	major	V	V, major	I		V	V	False	I	I, major		I, major		I	-4	-3	-3	1	0	0	True	True	True
674	2	55	1	G	0	3	4	2	1	True	1.25	-4	29	29	29	29a	337/4	1/16	False	3	True				False	73	I		Ab	V		I		I					M	False	False	(0, 4, 1)	()	0	0	major	major	V	V, major	I		V	V	False	I	I, major		I, major		I	-4	-3	-3	5	4	4	True	False	False
676	2	51	-3	E	-1	3	4	2	1	True	1.5	-4	29	29	29	29a	169/2	1/16	False	3	False				False	73	I		Ab	V		I		I					M	False	False	(0, 4, 1)	()	0	0	major	major	V	V, major	I		V	V	False	I	I, major		I, major		I	-4	-3	-3	1	0	0	True	True	True
676	2	55	1	G	0	3	4	2	1	True	1.5	-4	29	29	29	29a	169/2	1/16	False	3	False				False	73	I		Ab	V		I		I					M	False	False	(0, 4, 1)	()	0	0	major	major	V	V, major	I		V	V	False	I	I, major		I, major		I	-4	-3	-3	5	4	4	True	False	False
676	4	70	-2	B	-1	3	4	1	1	True	1.5	-4	29	29	29	29a	169/2	1/8	False	4	False				False	73	I		Ab	V		I		I					M	False	False	(0, 4, 1)	()	0	0	major	major	V	V, major	I		V	V	False	I	I, major		I, major		I	-4	-3	-3	2	1	1	True	False	False
678	2	50	2	D	0	3	4	2	1	True	1.75	-4	29	29	29	29a	339/4	1/16	False	3	True				False	74	IM2		Ab	V		IM2		I	M	2			MM7	False	False	(5, 0, 4, 1)	()	0	5	major	major	V	V, major	I		V	V	False	IM2	IM2, major		IM2, major		I	-4	-3	-3	6	5	5	True	False	True
678	2	51	-3	E	-1	3	4	2	1	True	1.75	-4	29	29	29	29a	339/4	1/16	False	3	True				False	74	IM2		Ab	V		IM2		I	M	2			MM7	False	False	(5, 0, 4, 1)	()	0	5	major	major	V	V, major	I		V	V	False	IM2	IM2, major		IM2, major		I	-4	-3	-3	1	0	0	True	True	False
678	2	55	1	G	0	3	4	2	1	True	1.75	-4	29	29	29	29a	339/4	1/16	False	3	True				False	74	IM2		Ab	V		IM2		I	M	2			MM7	False	False	(5, 0, 4, 1)	()	0	5	major	major	V	V, major	I		V	V	False	IM2	IM2, major		IM2, major		I	-4	-3	-3	5	4	4	True	False	False
680	2	50	2	D	0	3	4	2	1	True	2.0	-4	29	29	29	29a	85	1/16	False	3	False				False	74	IM2		Ab	V		IM2		I	M	2			MM7	False	False	(5, 0, 4, 1)	()	0	5	major	major	V	V, major	I		V	V	False	IM2	IM2, major		IM2, major		I	-4	-3	-3	6	5	5	True	False	True
680	2	51	-3	E	-1	3	4	2	1	True	2.0	-4	29	29	29	29a	85	1/16	False	3	False				False	74	IM2		Ab	V		IM2		I	M	2			MM7	False	False	(5, 0, 4, 1)	()	0	5	major	major	V	V, major	I		V	V	False	IM2	IM2, major		IM2, major		I	-4	-3	-3	1	0	0	True	True	False
680	2	55	1	G	0	3	4	2	1	True	2.0	-4	29	29	29	29a	85	1/16	False	3	False				False	74	IM2		Ab	V		IM2		I	M	2			MM7	False	False	(5, 0, 4, 1)	()	0	5	major	major	V	V, major	I		V	V	False	IM2	IM2, major		IM2, major		I	-4	-3	-3	5	4	4	True	False	False
682	2	48	0	C	0	3	4	2	1	True	2.25	-4	29	29	29	29a	341/4	1/16	False	3	True				False	75	vi		Ab	V		vi		vi					m	False	False	(3, 0, 4)	()	3	3	major	major	V	V, major	vi		V	V	False	vi	vi, major		vi, major		vi	-4	-3	-3	4	3	3	True	True	True
682	2	51	-3	E	-1	3	4	2	1	True	2.25	-4	29	29	29	29a	341/4	1/16	False	3	True				False	75	vi		Ab	V		vi		vi					m	False	False	(3, 0, 4)	()	3	3	major	major	V	V, major	vi		V	V	False	vi	vi, major		vi, major		vi	-4	-3	-3	1	0	0	True	False	False
682	2	55	1	G	0	3	4	2	1	True	2.25	-4	29	29	29	29a	341/4	1/16	False	3	True				False	75	vi		Ab	V		vi		vi					m	False	False	(3, 0, 4)	()	3	3	major	major	V	V, major	vi		V	V	False	vi	vi, major		vi, major		vi	-4	-3	-3	5	4	4	True	False	False
684	2	48	0	C	0	3	4	2	1	True	2.5	-4	29	29	29	29a	171/2	1/16	False	3	False				False	75	vi		Ab	V		vi		vi					m	False	False	(3, 0, 4)	()	3	3	major	major	V	V, major	vi		V	V	False	vi	vi, major		vi, major		vi	-4	-3	-3	4	3	3	True	True	True
684	2	51	-3	E	-1	3	4	2	1	True	2.5	-4	29	29	29	29a	171/2	1/16	False	3	False				False	75	vi		Ab	V		vi		vi					m	False	False	(3, 0, 4)	()	3	3	major	major	V	V, major	vi		V	V	False	vi	vi, major		vi, major		vi	-4	-3	-3	1	0	0	True	False	False
684	2	55	1	G	0	3	4	2	1	True	2.5	-4	29	29	29	29a	171/2	1/16	False	3	False				False	75	vi		Ab	V		vi		vi					m	False	False	(3, 0, 4)	()	3	3	major	major	V	V, major	vi		V	V	False	vi	vi, major		vi, major		vi	-4	-3	-3	5	4	4	True	False	False
686	2	46	-2	B	-1	3	4	2	1	True	2.75	-4	29	29	29	29a	343/4	1/16	False	2	True				False	76	I64		Ab	V		I64		I		64			M	False	False	(1, 0, 4)	()	0	1	major	major	V	V, major	I		V	V	False	I64	I64, major		I64, major		I	-4	-3	-3	2	1	1	True	False	True
686	2	51	-3	E	-1	3	4	2	1	True	2.75	-4	29	29	29	29a	343/4	1/16	False	3	True				False	76	I64		Ab	V		I64		I		64			M	False	False	(1, 0, 4)	()	0	1	major	major	V	V, major	I		V	V	False	I64	I64, major		I64, major		I	-4	-3	-3	1	0	0	True	True	False
686	2	55	1	G	0	3	4	2	1	True	2.75	-4	29	29	29	29a	343/4	1/16	False	3	True				False	76	I64		Ab	V		I64		I		64			M	False	False	(1, 0, 4)	()	0	1	major	major	V	V, major	I		V	V	False	I64	I64, major		I64, major		I	-4	-3	-3	5	4	4	True	False	False
686	2	74	2	D	0	3	4	1	1	True	2.75	-4	29	29	29	29a	343/4	1/16	False	5	True				False	76	I64		Ab	V		I64		I		64			M	False	False	(1, 0, 4)	()	0	1	major	major	V	V, major	I		V	V	False	I64	I64, major		I64, major		I	-4	-3	-3	6	5	5	False	False	False
688	2	46	-2	B	-1	3	4	2	1	True	3.0	-4	29	29	29	29a	86	1/16	False	2	False				False	76	I64		Ab	V		I64		I		64			M	False	False	(1, 0, 4)	()	0	1	major	major	V	V, major	I		V	V	False	I64	I64, major		I64, major		I	-4	-3	-3	2	1	1	True	False	True
688	2	51	-3	E	-1	3	4	2	1	True	3.0	-4	29	29	29	29a	86	1/16	False	3	False				False	76	I64		Ab	V		I64		I		64			M	False	False	(1, 0, 4)	()	0	1	major	major	V	V, major	I		V	V	False	I64	I64, major		I64, major		I	-4	-3	-3	1	0	0	True	True	False
688	2	55	1	G	0	3	4	2	1	True	3.0	-4	29	29	29	29a	86	1/16	False	3	False				False	76	I64		Ab	V		I64		I		64			M	False	False	(1, 0, 4)	()	0	1	major	major	V	V, major	I		V	V	False	I64	I64, major		I64, major		I	-4	-3	-3	5	4	4	True	False	False
688	2	75	-3	E	-1	3	4	1	1	True	3.0	-4	29	29	29	29a	86	1/16	False	5	False				False	76	I64		Ab	V		I64		I		64			M	False	False	(1, 0, 4)	()	0	1	major	major	V	V, major	I		V	V	False	I64	I64, major		I64, major		I	-4	-3	-3	1	0	0	True	True	False
690	2	44	-4	A	-1	3	4	2	1	True	3.25	-4	29	29	29	29a	345/4	1/16	False	2	True				False	77	IVM7		Ab	V		IVM7		IV	M	7			MM7	False	False	(-1, 3, 0, 4)	()	-1	-1	major	major	V	V, major	IV		V	V	False	IVM7	IVM7, major		IVM7, major		IV	-4	-3	-3	0	-1	-1	True	True	True
690	2	51	-3	E	-1	3	4	2	1	True	3.25	-4	29	29	29	29a	345/4	1/16	False	3	True				False	77	IVM7		Ab	V		IVM7		IV	M	7			MM7	False	False	(-1, 3, 0, 4)	()	-1	-1	major	major	V	V, major	IV		V	V	False	IVM7	IVM7, major		IVM7, major		IV	-4	-3	-3	1	0	0	True	False	False
690	2	55	1	G	0	3	4	2	1	True	3.25	-4	29	29	29	29a	345/4	1/16	False	3	True				False	77	IVM7		Ab	V		IVM7		IV	M	7			MM7	False	False	(-1, 3, 0, 4)	()	-1	-1	major	major	V	V, major	IV		V	V	False	IVM7	IVM7, major		IVM7, major		IV	-4	-3	-3	5	4	4	True	False	False
690	2	77	-1	F	0	3	4	1	1	True	3.25	-4	29	29	29	29a	345/4	1/16	False	5	True				False	77	IVM7		Ab	V		IVM7		IV	M	7			MM7	False	False	(-1, 3, 0, 4)	()	-1	-1	major	major	V	V, major	IV		V	V	False	IVM7	IVM7, major		IVM7, major		IV	-4	-3	-3	3	2	2	False	False	False
692	2	43	1	G	0	3	4	2	1	True	3.5	-4	29	29	29	29a	173/2	1/16	False	2	True				False	78	I6		Ab	V		I6		I		6			M	False	False	(4, 1, 0)	()	0	4	major	major	V	V, major	I		V	V	False	I6	I6, major		I6, major		I	-4	-3	-3	5	4	4	True	False	True
692	2	51	-3	E	-1	3	4	2	1	True	3.5	-4	29	29	29	29a	173/2	1/16	False	3	True				False	78	I6		Ab	V		I6		I		6			M	False	False	(4, 1, 0)	()	0	4	major	major	V	V, major	I		V	V	False	I6	I6, major		I6, major		I	-4	-3	-3	1	0	0	True	True	False
692	2	55	1	G	0	3	4	2	1	True	3.5	-4	29	29	29	29a	173/2	1/16	False	3	True				False	78	I6		Ab	V		I6		I		6			M	False	False	(4, 1, 0)	()	0	4	major	major	V	V, major	I		V	V	False	I6	I6, major		I6, major		I	-4	-3	-3	5	4	4	True	False	True
692	2	79	1	G	0	3	4	1	1	True	3.5	-4	29	29	29	29a	173/2	1/16	False	5	True				False	78	I6		Ab	V		I6		I		6			M	False	False	(4, 1, 0)	()	0	4	major	major	V	V, major	I		V	V	False	I6	I6, major		I6, major		I	-4	-3	-3	5	4	4	True	False	True
694	2	43	1	G	0	3	4	2	1	True	3.75	-4	29	29	29	29a	347/4	1/16	False	2	False				False	78	I6		Ab	V		I6		I		6			M	False	False	(4, 1, 0)	()	0	4	major	major	V	V, major	I		V	V	False	I6	I6, major		I6, major		I	-4	-3	-3	5	4	4	True	False	True
694	2	51	-3	E	-1	3	4	2	1	True	3.75	-4	29	29	29	29a	347/4	1/16	False	3	False				False	78	I6		Ab	V		I6		I		6			M	False	False	(4, 1, 0)	()	0	4	major	major	V	V, major	I		V	V	False	I6	I6, major		I6, major		I	-4	-3	-3	1	0	0	True	True	False
694	2	55	1	G	0	3	4	2	1	True	3.75	-4	29	29	29	29a	347/4	1/16	False	3	False				False	78	I6		Ab	V		I6		I		6			M	False	False	(4, 1, 0)	()	0	4	major	major	V	V, major	I		V	V	False	I6	I6, major		I6, major		I	-4	-3	-3	5	4	4	True	False	True
694	2	80	-4	A	-1	3	4	1	1	True	3.75	-4	29	29	29	29a	347/4	1/16	False	5	False				False	78	I6		Ab	V		I6		I		6			M	False	False	(4, 1, 0)	()	0	4	major	major	V	V, major	I		V	V	False	I6	I6, major		I6, major		I	-4	-3	-3	0	-1	-1	False	False	False
696	2	43	1	G	0	3	4	2	1	True	1.0	-4	30	30	30	30a	87	1/16	False	2	False				False	78	I6		Ab	V		I6		I		6			M	False	False	(4, 1, 0)	()	0	4	major	major	V	V, major	I		V	V	False	I6	I6, major		I6, major		I	-4	-3	-3	5	4	4	True	False	True
696	4	82	-2	B	-1	3	4	1	1	True	1.0	-4	30	30	30	30a	87	1/8	False	5	False				False	78	I6		Ab	V		I6		I		6			M	False	False	(4, 1, 0)	()	0	4	major	major	V	V, major	I		V	V	False	I6	I6, major		I6, major		I	-4	-3	-3	2	1	1	True	False	False
698	2	51	-3	E	-1	3	4	2	1	True	1.25	-4	30	30	30	30a	349/4	1/16	False	3	True				False	79	I		Ab	V		I		I					M	False	False	(0, 4, 1)	()	0	0	major	major	V	V, major	I		V	V	False	I	I, major		I, major		I	-4	-3	-3	1	0	0	True	True	True
698	2	55	1	G	0	3	4	2	1	True	1.25	-4	30	30	30	30a	349/4	1/16	False	3	True				False	79	I		Ab	V		I		I					M	False	False	(0, 4, 1)	()	0	0	major	major	V	V, major	I		V	V	False	I	I, major		I, major		I	-4	-3	-3	5	4	4	True	False	False
700	2	51	-3	E	-1	3	4	2	1	True	1.5	-4	30	30	30	30a	175/2	1/16	False	3	False				False	79	I		Ab	V		I		I					M	False	False	(0, 4, 1)	()	0	0	major	major	V	V, major	I		V	V	False	I	I, major		I, major		I	-4	-3	-3	1	0	0	True	True	True
700	2	55	1	G	0	3	4	2	1	True	1.5	-4	30	30	30	30a	175/2	1/16	False	3	False				False	79	I		Ab	V		I		I					M	False	False	(0, 4, 1)	()	0	0	major	major	V	V, major	I		V	V	False	I	I, major		I, major		I	-4	-3	-3	5	4	4	True	False	False
700	4	75	-3	E	-1	3	4	1	1	True	1.5	-4	30	30	30	30a	175/2	1/8	False	5	False				False	79	I		Ab	V		I		I					M	False	False	(0, 4, 1)	()	0	0	major	major	V	V, major	I		V	V	False	I	I, major		I, major		I	-4	-3	-3	1	0	0	True	True	True
702	2	50	2	D	0	3	4	2	1	True	1.75	-4	30	30	30	30a	351/4	1/16	False	3	True				False	80	IM2		Ab	V		IM2		I	M	2			MM7	False	False	(5, 0, 4, 1)	()	0	5	major	major	V	V, major	I		V	V	False	IM2	IM2, major		IM2, major		I	-4	-3	-3	6	5	5	True	False	True
702	2	51	-3	E	-1	3	4	2	1	True	1.75	-4	30	30	30	30a	351/4	1/16	False	3	True				False	80	IM2		Ab	V		IM2		I	M	2			MM7	False	False	(5, 0, 4, 1)	()	0	5	major	major	V	V, major	I		V	V	False	IM2	IM2, major		IM2, major		I	-4	-3	-3	1	0	0	True	True	False
702	2	55	1	G	0	3	4	2	1	True	1.75	-4	30	30	30	30a	351/4	1/16	False	3	True				False	80	IM2		Ab	V		IM2		I	M	2			MM7	False	False	(5, 0, 4, 1)	()	0	5	major	major	V	V, major	I		V	V	False	IM2	IM2, major		IM2, major		I	-4	-3	-3	5	4	4	True	False	False
704	2	50	2	D	0	3	4	2	1	True	2.0	-4	30	30	30	30a	88	1/16	False	3	False				False	80	IM2		Ab	V		IM2		I	M	2			MM7	False	False	(5, 0, 4, 1)	()	0	5	major	major	V	V, major	I		V	V	False	IM2	IM2, major		IM2, major		I	-4	-3	-3	6	5	5	True	False	True
704	2	51	-3	E	-1	3	4	2	1	True	2.0	-4	30	30	30	30a	88	1/16	False	3	False				False	80	IM2		Ab	V		IM2		I	M	2			MM7	False	False	(5, 0, 4, 1)	()	0	5	major	major	V	V, major	I		V	V	False	IM2	IM2, major		IM2, major		I	-4	-3	-3	1	0	0	True	True	False
704	2	55	1	G	0	3	4	2	1	True	2.0	-4	30	30	30	30a	88	1/16	False	3	False				False	80	IM2		Ab	V		IM2		I	M	2			MM7	False	False	(5, 0, 4, 1)	()	0	5	major	major	V	V, major	I		V	V	False	IM2	IM2, major		IM2, major		I	-4	-3	-3	5	4	4	True	False	False
706	2	48	0	C	0	3	4	2	1	True	2.25	-4	30	30	30	30a	353/4	1/16	False	3	True				False	81	vi		Ab	V		vi		vi					m	False	False	(3, 0, 4)	()	3	3	major	major	V	V, major	vi		V	V	False	vi	vi, major		vi, major		vi	-4	-3	-3	4	3	3	True	True	True
706	2	51	-3	E	-1	3	4	2	1	True	2.25	-4	30	30	30	30a	353/4	1/16	False	3	True				False	81	vi		Ab	V		vi		vi					m	False	False	(3, 0, 4)	()	3	3	major	major	V	V, major	vi		V	V	False	vi	vi, major		vi, major		vi	-4	-3	-3	1	0	0	True	False	False
706	2	55	1	G	0	3	4	2	1	True	2.25	-4	30	30	30	30a	353/4	1/16	False	3	True				False	81	vi		Ab	V		vi		vi					m	False	False	(3, 0, 4)	()	3	3	major	major	V	V, major	vi		V	V	False	vi	vi, major		vi, major		vi	-4	-3	-3	5	4	4	True	False	False
708	2	48	0	C	0	3	4	2	1	True	2.5	-4	30	30	30	30a	177/2	1/16	False	3	False				False	81	vi		Ab	V		vi		vi					m	False	False	(3, 0, 4)	()	3	3	major	major	V	V, major	vi		V	V	False	vi	vi, major		vi, major		vi	-4	-3	-3	4	3	3	True	True	True
708	2	51	-3	E	-1	3	4	2	1	True	2.5	-4	30	30	30	30a	177/2	1/16	False	3	False				False	81	vi		Ab	V		vi		vi					m	False	False	(3, 0, 4)	()	3	3	major	major	V	V, major	vi		V	V	False	vi	vi, major		vi, major		vi	-4	-3	-3	1	0	0	True	False	False
708	2	55	1	G	0	3	4	2	1	True	2.5	-4	30	30	30	30a	177/2	1/16	False	3	False				False	81	vi		Ab	V		vi		vi					m	False	False	(3, 0, 4)	()	3	3	major	major	V	V, major	vi		V	V	False	vi	vi, major		vi, major		vi	-4	-3	-3	5	4	4	True	False	False
710	2	46	-2	B	-1	3	4	2	1	True	2.75	-4	30	30	30	30a	355/4	1/16	False	2	True				False	82	I64		Ab	V		I64		I		64			M	False	False	(1, 0, 4)	()	0	1	major	major	V	V, major	I		V	V	False	I64	I64, major		I64, major		I	-4	-3	-3	2	1	1	True	False	True
710	2	51	-3	E	-1	3	4	2	1	True	2.75	-4	30	30	30	30a	355/4	1/16	False	3	True				False	82	I64		Ab	V		I64		I		64			M	False	False	(1, 0, 4)	()	0	1	major	major	V	V, major	I		V	V	False	I64	I64, major		I64, major		I	-4	-3	-3	1	0	0	True	True	False
710	2	55	1	G	0	3	4	2	1	True	2.75	-4	30	30	30	30a	355/4	1/16	False	3	True				False	82	I64		Ab	V		I64		I		64			M	False	False	(1, 0, 4)	()	0	1	major	major	V	V, major	I		V	V	False	I64	I64, major		I64, major		I	-4	-3	-3	5	4	4	True	False	False
710	2	75	-3	E	-1	3	4	1	1	True	2.75	-4	30	30	30	30a	355/4	1/16	False	5	True				False	82	I64		Ab	V		I64		I		64			M	False	False	(1, 0, 4)	()	0	1	major	major	V	V, major	I		V	V	False	I64	I64, major		I64, major		I	-4	-3	-3	1	0	0	True	True	False
712	2	46	-2	B	-1	3	4	2	1	True	3.0	-4	30	30	30	30a	89	1/16	False	2	False				False	82	I64		Ab	V		I64		I		64			M	False	False	(1, 0, 4)	()	0	1	major	major	V	V, major	I		V	V	False	I64	I64, major		I64, major		I	-4	-3	-3	2	1	1	True	False	True
712	2	51	-3	E	-1	3	4	2	1	True	3.0	-4	30	30	30	30a	89	1/16	False	3	False				False	82	I64		Ab	V		I64		I		64			M	False	False	(1, 0, 4)	()	0	1	major	major	V	V, major	I		V	V	False	I64	I64, major		I64, major		I	-4	-3	-3	1	0	0	True	True	False
712	2	55	1	G	0	3	4	2	1	True	3.0	-4	30	30	30	30a	89	1/16	False	3	False				False	82	I64		Ab	V		I64		I		64			M	False	False	(1, 0, 4)	()	0	1	major	major	V	V, major	I		V	V	False	I64	I64, major		I64, major		I	-4	-3	-3	5	4	4	True	False	False
712	2	77	-1	F	0	3	4	1	1	True	3.0	-4	30	30	30	30a	89	1/16	False	5	False				False	82	I64		Ab	V		I64		I		64			M	False	False	(1, 0, 4)	()	0	1	major	major	V	V, major	I		V	V	False	I64	I64, major		I64, major		I	-4	-3	-3	3	2	2	False	False	False
714	2	46	-2	B	-1	3	4	2	1	True	3.25	-4	30	30	30	30a	357/4	1/16	False	2	False				False	82	I64		Ab	V		I64		I		64			M	False	False	(1, 0, 4)	()	0	1	major	major	V	V, major	I		V	V	False	I64	I64, major		I64, major		I	-4	-3	-3	2	1	1	True	False	True
714	2	51	-3	E	-1	3	4	2	1	True	3.25	-4	30	30	30	30a	357/4	1/16	False	3	False				False	82	I64		Ab	V		I64		I		64			M	False	False	(1, 0, 4)	()	0	1	major	major	V	V, major	I		V	V	False	I64	I64, major		I64, major		I	-4	-3	-3	1	0	0	True	True	False
714	2	55	1	G	0	3	4	2	1	True	3.25	-4	30	30	30	30a	357/4	1/16	False	3	False				False	82	I64		Ab	V		I64		I		64			M	False	False	(1, 0, 4)	()	0	1	major	major	V	V, major	I		V	V	False	I64	I64, major		I64, major		I	-4	-3	-3	5	4	4	True	False	False
714	2	79	1	G	0	3	4	1	1	True	3.25	-4	30	30	30	30a	357/4	1/16	False	5	False				False	82	I64		Ab	V		I64		I		64			M	False	False	(1, 0, 4)	()	0	1	major	major	V	V, major	I		V	V	False	I64	I64, major		I64, major		I	-4	-3	-3	5	4	4	True	False	False
716	2	44	-4	A	-1	3	4	2	1	True	3.5	-4	30	30	30	30a	179/2	1/16	False	2	True				False	83	IVM7		Ab	V		IVM7		IV	M	7			MM7	False	False	(-1, 3, 0, 4)	()	-1	-1	major	major	V	V, major	IV		V	V	False	IVM7	IVM7, major		IVM7, major		IV	-4	-3	-3	0	-1	-1	True	True	True
716	2	51	-3	E	-1	3	4	2	1	True	3.5	-4	30	30	30	30a	179/2	1/16	False	3	True				False	83	IVM7		Ab	V		IVM7		IV	M	7			MM7	False	False	(-1, 3, 0, 4)	()	-1	-1	major	major	V	V, major	IV		V	V	False	IVM7	IVM7, major		IVM7, major		IV	-4	-3	-3	1	0	0	True	False	False
716	2	55	1	G	0	3	4	2	1	True	3.5	-4	30	30	30	30a	179/2	1/16	False	3	True				False	83	IVM7		Ab	V		IVM7		IV	M	7			MM7	False	False	(-1, 3, 0, 4)	()	-1	-1	major	major	V	V, major	IV		V	V	False	IVM7	IVM7, major		IVM7, major		IV	-4	-3	-3	5	4	4	True	False	False
716	2	80	-4	A	-1	3	4	1	1	True	3.5	-4	30	30	30	30a	179/2	1/16	False	5	True				False	83	IVM7		Ab	V		IVM7		IV	M	7			MM7	False	False	(-1, 3, 0, 4)	()	-1	-1	major	major	V	V, major	IV		V	V	False	IVM7	IVM7, major		IVM7, major		IV	-4	-3	-3	0	-1	-1	True	True	True
718	2	43	1	G	0	3	4	2	1	True	3.75	-4	30	30	30	30a	359/4	1/16	False	2	True				False	84	I6		Ab	V		I6		I		6			M	False	False	(4, 1, 0)	()	0	4	major	major	V	V, major	I		V	V	False	I6	I6, major		I6, major		I	-4	-3	-3	5	4	4	True	False	True
718	2	51	-3	E	-1	3	4	2	1	True	3.75	-4	30	30	30	30a	359/4	1/16	False	3	True				False	84	I6		Ab	V		I6		I		6			M	False	False	(4, 1, 0)	()	0	4	major	major	V	V, major	I		V	V	False	I6	I6, major		I6, major		I	-4	-3	-3	1	0	0	True	True	False
718	2	55	1	G	0	3	4	2	1	True	3.75	-4	30	30	30	30a	359/4	1/16	False	3	True				False	84	I6		Ab	V		I6		I		6			M	False	False	(4, 1, 0)	()	0	4	major	major	V	V, major	I		V	V	False	I6	I6, major		I6, major		I	-4	-3	-3	5	4	4	True	False	True
718	2	82	-2	B	-1	3	4	1	1	True	3.75	-4	30	30	30	30a	359/4	1/16	False	5	True				False	84	I6		Ab	V		I6		I		6			M	False	False	(4, 1, 0)	()	0	4	major	major	V	V, major	I		V	V	False	I6	I6, major		I6, major		I	-4	-3	-3	2	1	1	True	False	False
720	8	44	-4	A	-1	3	4	2	1	True	1.0	-4	31	31	31	31a	90	1/4	False	2	True				False	85	ii65		Ab	V		ii65		ii		65			mm7	False	False	(-1, 3, 0, 2)	()	2	-1	major	major	V	V, major	ii		V	V	False	ii65	ii65, major		ii65, major		ii	-4	-3	-3	0	-1	-1	True	False	True
720	8	51	-3	E	-1	3	4	2	1	True	1.0	-4	31	31	31	31a	90	1/4	False	3	True				False	85	ii65		Ab	V		ii65		ii		65			mm7	False	False	(-1, 3, 0, 2)	()	2	-1	major	major	V	V, major	ii		V	V	False	ii65	ii65, major		ii65, major		ii	-4	-3	-3	1	0	0	True	False	False
720	8	53	-1	F	0	3	4	2	1	True	1.0	-4	31	31	31	31a	90	1/4	False	3	True				False	85	ii65		Ab	V		ii65		ii		65			mm7	False	False	(-1, 3, 0, 2)	()	2	-1	major	major	V	V, major	ii		V	V	False	ii65	ii65, major		ii65, major		ii	-4	-3	-3	3	2	2	True	True	False
720	8	84	0	C	0	3	4	1	1	True	1.0	-4	31	31	31	31a	90	1/4	False	6	True				False	85	ii65		Ab	V		ii65		ii		65			mm7	False	False	(-1, 3, 0, 2)	()	2	-1	major	major	V	V, major	ii		V	V	False	ii65	ii65, major		ii65, major		ii	-4	-3	-3	4	3	3	True	False	False
734	2	45	3	A	0	3	4	2	1	True	2.75	-4	31	31	31	31a	367/4	1/16	False	2	True				False	86	V65/V		Ab	V		V65/V		V		65		V	Mm7	False	False	(6, 3, 0, 2)	()	2	6	major	major	V	V, major	V/V	V	V/V	II	False	V65/V	V65/V, major		V65/V, major	V	V	-4	-3	-2	7	6	5	True	False	True
734	2	51	-3	E	-1	3	4	2	1	True	2.75	-4	31	31	31	31a	367/4	1/16	False	3	True				False	86	V65/V		Ab	V		V65/V		V		65		V	Mm7	False	False	(6, 3, 0, 2)	()	2	6	major	major	V	V, major	V/V	V	V/V	II	False	V65/V	V65/V, major		V65/V, major	V	V	-4	-3	-2	1	0	-1	True	False	False
734	2	53	-1	F	0	3	4	2	1	True	2.75	-4	31	31	31	31a	367/4	1/16	False	3	True				False	86	V65/V		Ab	V		V65/V		V		65		V	Mm7	False	False	(6, 3, 0, 2)	()	2	6	major	major	V	V, major	V/V	V	V/V	II	False	V65/V	V65/V, major		V65/V, major	V	V	-4	-3	-2	3	2	1	True	True	False
734	2	65	-1	F	0	3	4	1	1	True	2.75	-4	31	31	31	31a	367/4	1/16	False	4	True				False	86	V65/V		Ab	V		V65/V		V		65		V	Mm7	False	False	(6, 3, 0, 2)	()	2	6	major	major	V	V, major	V/V	V	V/V	II	False	V65/V	V65/V, major		V65/V, major	V	V	-4	-3	-2	3	2	1	True	True	False
736	4	46	-2	B	-1	3	4	2	1	True	3.0	-4	31	31	31	31a	92	1/8	False	2	True				False	87	V		Ab	V		V		V					M	False	False	(1, 5, 2)	()	1	1	major	major	V	V, major	V		V	V	False	V	V, major		V, major		V	-4	-3	-3	2	1	1	True	True	True
736	4	50	2	D	0	3	4	2	1	True	3.0	-4	31	31	31	31a	92	1/8	False	3	True				False	87	V		Ab	V		V		V					M	False	False	(1, 5, 2)	()	1	1	major	major	V	V, major	V		V	V	False	V	V, major		V, major		V	-4	-3	-3	6	5	5	True	False	False
736	4	53	-1	F	0	3	4	2	1	True	3.0	-4	31	31	31	31a	92	1/8	False	3	True				False	87	V		Ab	V		V		V					M	False	False	(1, 5, 2)	()	1	1	major	major	V	V, major	V		V	V	False	V	V, major		V, major		V	-4	-3	-3	3	2	2	True	False	False
736	4	65	-1	F	0	3	4	1	1	True	3.0	-4	31	31	31	31a	92	1/8	False	4	True				False	87	V		Ab	V		V		V					M	False	False	(1, 5, 2)	()	1	1	major	major	V	V, major	V		V	V	False	V	V, major		V, major		V	-4	-3	-3	3	2	2	True	False	False
736	4	70	-2	B	-1	3	4	1	1	True	3.0	-4	31	31	31	31a	92	1/8	False	4	True				False	87	V		Ab	V		V		V					M	False	False	(1, 5, 2)	()	1	1	major	major	V	V, major	V		V	V	False	V	V, major		V, major		V	-4	-3	-3	2	1	1	True	True	True
742	2	46	-2	B	-1	3	4	2	1	True	3.75	-4	31	31	31	31a	371/4	1/16	False	2	False				False	87	V		Ab	V		V		V					M	False	False	(1, 5, 2)	()	1	1	major	major	V	V, major	V		V	V	False	V	V, major		V, major		V	-4	-3	-3	2	1	1	True	True	True
742	2	50	2	D	0	3	4	2	1	True	3.75	-4	31	31	31	31a	371/4	1/16	False	3	False				False	87	V		Ab	V		V		V					M	False	False	(1, 5, 2)	()	1	1	major	major	V	V, major	V		V	V	False	V	V, major		V, major		V	-4	-3	-3	6	5	5	True	False	False
742	2	65	-1	F	0	3	4	1	1	True	3.75	-4	31	31	31	31a	371/4	1/16	False	4	False				False	87	V		Ab	V		V		V					M	False	False	(1, 5, 2)	()	1	1	major	major	V	V, major	V		V	V	False	V	V, major		V, major		V	-4	-3	-3	3	2	2	True	False	False
742	2	70	-2	B	-1	3	4	1	1	True	3.75	-4	31	31	31	31a	371/4	1/16	False	4	False				False	87	V		Ab	V		V		V					M	False	False	(1, 5, 2)	()	1	1	major	major	V	V, major	V		V	V	False	V	V, major		V, major		V	-4	-3	-3	2	1	1	True	True	True
744	8	48	0	C	0	3	4	2	1	True	1.0	-4	32	32	32	32a	93	1/4	False	3	True				False	88	V43/V		Ab	V		V43/V		V		43		V	Mm7	False	False	(3, 0, 2, 6)	()	2	3	major	major	V	V, major	V/V	V	V/V	II	False	V43/V	V43/V, major		V43/V, major	V	V	-4	-3	-2	4	3	2	True	False	True
744	8	51	-3	E	-1	3	4	2	1	True	1.0	-4	32	32	32	32a	93	1/4	False	3	True				False	88	V43/V		Ab	V		V43/V		V		43		V	Mm7	False	False	(3, 0, 2, 6)	()	2	3	major	major	V	V, major	V/V	V	V/V	II	False	V43/V	V43/V, major		V43/V, major	V	V	-4	-3	-2	1	0	-1	True	False	False
744	8	65	-1	F	0	3	4	1	1	True	1.0	-4	32	32	32	32a	93	1/4	False	4	True				False	88	V43/V		Ab	V		V43/V		V		43		V	Mm7	False	False	(3, 0, 2, 6)	()	2	3	major	major	V	V, major	V/V	V	V/V	II	False	V43/V	V43/V, major		V43/V, major	V	V	-4	-3	-2	3	2	1	True	True	False
744	8	69	3	A	0	3	4	1	1	True	1.0	-4	32	32	32	32a	93	1/4	False	4	True				False	88	V43/V		Ab	V		V43/V		V		43		V	Mm7	False	False	(3, 0, 2, 6)	()	2	3	major	major	V	V, major	V/V	V	V/V	II	False	V43/V	V43/V, major		V43/V, major	V	V	-4	-3	-2	7	6	5	True	False	False
752	8	50	2	D	0	3	4	2	1	True	2.0	-4	32	32	32	32a	94	1/4	False	3	True				False	89	viio7		Ab	V		viio7		vii	o	7			o7	False	False	(5, 2, -1, -4)	()	5	5	major	major	V	V, major	vii		V	V	False	viio7	viio7, major		viio7, major		vii	-4	-3	-3	6	5	5	True	True	True
752	8	59	-7	C	-1	3	4	2	1	True	2.0	-4	32	32	32	32a	94	1/4	False	4	True				False	89	viio7		Ab	V		viio7		vii	o	7			o7	False	False	(5, 2, -1, -4)	()	5	5	major	major	V	V, major	vii		V	V	False	viio7	viio7, major		viio7, major		vii	-4	-3	-3	-3	-4	-4	True	False	False
752	8	65	-1	F	0	3	4	1	1	True	2.0	-4	32	32	32	32a	94	1/4	False	4	True				False	89	viio7		Ab	V		viio7		vii	o	7			o7	False	False	(5, 2, -1, -4)	()	5	5	major	major	V	V, major	vii		V	V	False	viio7	viio7, major		viio7, major		vii	-4	-3	-3	3	2	2	True	False	False
752	8	68	-4	A	-1	3	4	1	1	True	2.0	-4	32	32	32	32a	94	1/4	False	4	True				False	89	viio7		Ab	V		viio7		vii	o	7			o7	False	False	(5, 2, -1, -4)	()	5	5	major	major	V	V, major	vii		V	V	False	viio7	viio7, major		viio7, major		vii	-4	-3	-3	0	-1	-1	True	False	False
760	2	51	-3	E	-1	3	4	2	1	True	3.0	-4	32	32	32	32a	95	1/16	False	3	True	IAC	IAC	}	True	90	I|IAC}		Ab	V		I		I					M	False	False	(0, 4, 1)	()	0	0	major	major	V	V, major	I		V	V	False	I	I, major		I, major		I	-4	-3	-3	1	0	0	True	True	True
760	2	58	-2	B	-1	3	4	2	1	True	3.0	-4	32	32	32	32a	95	1/16	False	3	True	IAC	IAC	}	True	90	I|IAC}		Ab	V		I		I					M	False	False	(0, 4, 1)	()	0	0	major	major	V	V, major	I		V	V	False	I	I, major		I, major		I	-4	-3	-3	2	1	1	True	False	False
760	2	67	1	G	0	3	4	1	1	True	3.0	-4	32	32	32	32a	95	1/16	False	4	True	IAC	IAC	}	True	90	I|IAC}		Ab	V		I		I					M	False	False	(0, 4, 1)	()	0	0	major	major	V	V, major	I		V	V	False	I	I, major		I, major		I	-4	-3	-3	5	4	4	True	False	False
762	2	63	-3	E	-1	3	4	2	1	True	3.25	-4	32	32	32	32a	381/4	1/16	False	4	False			{	False	91	{		Ab	V		I		I					M	False	False	(0, 4, 1)	()	0	0	major	major	V	V, major	I		V	V	False		, major		I, major		I	-4	-3	-3	1	0	0	True	True	True
762	2	67	1	G	0	3	4	2	1	True	3.25	-4	32	32	32	32a	381/4	1/16	False	4	False			{	False	91	{		Ab	V		I		I					M	False	False	(0, 4, 1)	()	0	0	major	major	V	V, major	I		V	V	False		, major		I, major		I	-4	-3	-3	5	4	4	True	False	False
762	2	87	-3	E	-1	3	4	1	1	True	3.25	-4	32	32	32	32a	381/4	1/16	False	6	False			{	False	91	{		Ab	V		I		I					M	False	False	(0, 4, 1)	()	0	0	major	major	V	V, major	I		V	V	False		, major		I, major		I	-4	-3	-3	1	0	0	True	True	True
764	2	65	-1	F	0	3	4	2	1	True	3.5	-4	32	32	32	32a	191/2	1/16	False	4	True				False	92	viio6		Ab	V		viio6		vii	o	6			o	False	False	(2, -1, 5)	()	5	2	major	major	V	V, major	vii		V	V	False	viio6	viio6, major		viio6, major		vii	-4	-3	-3	3	2	2	True	False	True
764	2	68	-4	A	-1	3	4	2	1	True	3.5	-4	32	32	32	32a	191/2	1/16	False	4	True				False	92	viio6		Ab	V		viio6		vii	o	6			o	False	False	(2, -1, 5)	()	5	2	major	major	V	V, major	vii		V	V	False	viio6	viio6, major		viio6, major		vii	-4	-3	-3	0	-1	-1	True	False	False
764	2	86	2	D	0	3	4	1	1	True	3.5	-4	32	32	32	32a	191/2	1/16	False	6	True				False	92	viio6		Ab	V		viio6		vii	o	6			o	False	False	(2, -1, 5)	()	5	2	major	major	V	V, major	vii		V	V	False	viio6	viio6, major		viio6, major		vii	-4	-3	-3	6	5	5	True	True	False
766	2	67	1	G	0	3	4	2	1	True	3.75	-4	32	32	32	32a	383/4	1/16	False	4	True				False	93	viio/IV		Ab	V		viio/IV		vii	o			IV	o	False	False	(4, 1, -2)	()	4	4	major	major	V	V, major	vii/IV	IV	IV/V	I	False	viio/IV	viio/IV, major		viio/IV, major	IV	IV	-4	-3	-4	5	4	5	True	True	True
766	2	70	-2	B	-1	3	4	2	1	True	3.75	-4	32	32	32	32a	383/4	1/16	False	4	True				False	93	viio/IV		Ab	V		viio/IV		vii	o			IV	o	False	False	(4, 1, -2)	()	4	4	major	major	V	V, major	vii/IV	IV	IV/V	I	False	viio/IV	viio/IV, major		viio/IV, major	IV	IV	-4	-3	-4	2	1	2	True	False	False
766	2	85	-5	D	-1	3	4	1	1	True	3.75	-4	32	32	32	32a	383/4	1/16	False	6	True				False	93	viio/IV		Ab	V		viio/IV		vii	o			IV	o	False	False	(4, 1, -2)	()	4	4	major	major	V	V, major	vii/IV	IV	IV/V	I	False	viio/IV	viio/IV, major		viio/IV, major	IV	IV	-4	-3	-4	-1	-2	-1	True	False	False
768	4	68	-4	A	-1	3	4	2	1	True	1.0	-4	33	33	33	33a	96	1/8	False	4	True				False	94	IV		Ab	V		IV		IV					M	False	False	(-1, 3, 0)	()	-1	-1	major	major	V	V, major	IV		V	V	False	IV	IV, major		IV, major		IV	-4	-3	-3	0	-1	-1	True	True	True
768	4	72	0	C	0	3	4	2	1	True	1.0	-4	33	33	33	33a	96	1/8	False	5	True				False	94	IV		Ab	V		IV		IV					M	False	False	(-1, 3, 0)	()	-1	-1	major	major	V	V, major	IV		V	V	False	IV	IV, major		IV, major		IV	-4	-3	-3	4	3	3	True	False	False
768	1	84	0	C	0	3	4	1	1	True	1.0	-4	33	33	33	33a	96	1/32	False	6	True				False	94	IV		Ab	V		IV		IV					M	False	False	(-1, 3, 0)	()	-1	-1	major	major	V	V, major	IV		V	V	False	IV	IV, major		IV, major		IV	-4	-3	-3	4	3	3	True	False	False
769	1	82	-2	B	-1	3	4	1	1	True	1.125	-4	33	33	33	33a	769/8	1/32	False	5	False				False	94	IV		Ab	V		IV		IV					M	False	False	(-1, 3, 0)	()	-1	-1	major	major	V	V, major	IV		V	V	False	IV	IV, major		IV, major		IV	-4	-3	-3	2	1	1	False	False	False
770	1	80	-4	A	-1	3	4	1	1	True	1.25	-4	33	33	33	33a	385/4	1/32	False	5	False				False	94	IV		Ab	V		IV		IV					M	False	False	(-1, 3, 0)	()	-1	-1	major	major	V	V, major	IV		V	V	False	IV	IV, major		IV, major		IV	-4	-3	-3	0	-1	-1	True	True	True
771	1	79	1	G	0	3	4	1	1	True	1.375	-4	33	33	33	33a	771/8	1/32	False	5	False				False	94	IV		Ab	V		IV		IV					M	False	False	(-1, 3, 0)	()	-1	-1	major	major	V	V, major	IV		V	V	False	IV	IV, major		IV, major		IV	-4	-3	-3	5	4	4	False	False	False
772	1	78	-6	G	-1	3	4	1	1	True	1.5	-4	33	33	33	33a	193/2	1/32	False	5	False				False	94	IV		Ab	V		IV		IV					M	False	False	(-1, 3, 0)	()	-1	-1	major	major	V	V, major	IV		V	V	False	IV	IV, major		IV, major		IV	-4	-3	-3	-2	-3	-3	False	False	False
773	1	77	-1	F	0	3	4	1	1	True	1.625	-4	33	33	33	33a	773/8	1/32	False	5	False				False	94	IV		Ab	V		IV		IV					M	False	False	(-1, 3, 0)	()	-1	-1	major	major	V	V, major	IV		V	V	False	IV	IV, major		IV, major		IV	-4	-3	-3	3	2	2	False	False	False
774	1	76	4	E	0	3	4	1	1	True	1.75	-4	33	33	33	33a	387/4	1/32	False	5	False				False	94	IV		Ab	V		IV		IV					M	False	False	(-1, 3, 0)	()	-1	-1	major	major	V	V, major	IV		V	V	False	IV	IV, major		IV, major		IV	-4	-3	-3	8	7	7	False	False	False
775	1	75	-3	E	-1	3	4	1	1	True	1.875	-4	33	33	33	33a	775/8	1/32	False	5	False				False	94	IV		Ab	V		IV		IV					M	False	False	(-1, 3, 0)	()	-1	-1	major	major	V	V, major	IV		V	V	False	IV	IV, major		IV, major		IV	-4	-3	-3	1	0	0	True	False	False
776	1	74	2	D	0	3	4	1	1	True	2.0	-4	33	33	33	33a	97	1/32	False	5	False				False	94	IV		Ab	V		IV		IV					M	False	False	(-1, 3, 0)	()	-1	-1	major	major	V	V, major	IV		V	V	False	IV	IV, major		IV, major		IV	-4	-3	-3	6	5	5	False	False	False
777	1	73	-5	D	-1	3	4	1	1	True	2.125	-4	33	33	33	33a	777/8	1/32	False	5	False				False	94	IV		Ab	V		IV		IV					M	False	False	(-1, 3, 0)	()	-1	-1	major	major	V	V, major	IV		V	V	False	IV	IV, major		IV, major		IV	-4	-3	-3	-1	-2	-2	False	False	False
778	1	72	0	C	0	3	4	1	1	True	2.25	-4	33	33	33	33a	389/4	1/32	False	5	False				False	94	IV		Ab	V		IV		IV					M	False	False	(-1, 3, 0)	()	-1	-1	major	major	V	V, major	IV		V	V	False	IV	IV, major		IV, major		IV	-4	-3	-3	4	3	3	True	False	False
779	1	71	-7	C	-1	3	4	1	1	True	2.375	-4	33	33	33	33a	779/8	1/32	False	5	False				False	94	IV		Ab	V		IV		IV					M	False	False	(-1, 3, 0)	()	-1	-1	major	major	V	V, major	IV		V	V	False	IV	IV, major		IV, major		IV	-4	-3	-3	-3	-4	-4	False	False	False
780	1	70	-2	B	-1	3	4	1	1	True	2.5	-4	33	33	33	33a	195/2	1/32	False	4	False				False	94	IV		Ab	V		IV		IV					M	False	False	(-1, 3, 0)	()	-1	-1	major	major	V	V, major	IV		V	V	False	IV	IV, major		IV, major		IV	-4	-3	-3	2	1	1	False	False	False
781	1	68	-4	A	-1	3	4	1	1	True	2.625	-4	33	33	33	33a	781/8	1/32	False	4	False				False	94	IV		Ab	V		IV		IV					M	False	False	(-1, 3, 0)	()	-1	-1	major	major	V	V, major	IV		V	V	False	IV	IV, major		IV, major		IV	-4	-3	-3	0	-1	-1	True	True	True
782	2	45	3	A	0	3	4	2	1	True	2.75	-4	33	33	33	33a	391/4	1/16	False	2	True				False	95	V65/V		Ab	V		V65/V		V		65		V	Mm7	False	False	(6, 3, 0, 2)	()	2	6	major	major	V	V, major	V/V	V	V/V	II	False	V65/V	V65/V, major		V65/V, major	V	V	-4	-3	-2	7	6	5	True	False	True
782	2	51	-3	E	-1	3	4	2	1	True	2.75	-4	33	33	33	33a	391/4	1/16	False	3	True				False	95	V65/V		Ab	V		V65/V		V		65		V	Mm7	False	False	(6, 3, 0, 2)	()	2	6	major	major	V	V, major	V/V	V	V/V	II	False	V65/V	V65/V, major		V65/V, major	V	V	-4	-3	-2	1	0	-1	True	False	False
782	2	53	-1	F	0	3	4	2	1	True	2.75	-4	33	33	33	33a	391/4	1/16	False	3	True				False	95	V65/V		Ab	V		V65/V		V		65		V	Mm7	False	False	(6, 3, 0, 2)	()	2	6	major	major	V	V, major	V/V	V	V/V	II	False	V65/V	V65/V, major		V65/V, major	V	V	-4	-3	-2	3	2	1	True	True	False
782	1	67	1	G	0	3	4	1	1	True	2.75	-4	33	33	33	33a	391/4	1/32	False	4	True				False	95	V65/V		Ab	V		V65/V		V		65		V	Mm7	False	False	(6, 3, 0, 2)	()	2	6	major	major	V	V, major	V/V	V	V/V	II	False	V65/V	V65/V, major		V65/V, major	V	V	-4	-3	-2	5	4	3	False	False	False
783	1	65	-1	F	0	3	4	1	1	True	2.875	-4	33	33	33	33a	783/8	1/32	False	4	False				False	95	V65/V		Ab	V		V65/V		V		65		V	Mm7	False	False	(6, 3, 0, 2)	()	2	6	major	major	V	V, major	V/V	V	V/V	II	False	V65/V	V65/V, major		V65/V, major	V	V	-4	-3	-2	3	2	1	True	True	False
784	4	46	-2	B	-1	3	4	2	1	True	3.0	-4	33	33	33	33a	98	1/8	False	2	True				False	96	V		Ab	V		V		V					M	False	False	(1, 5, 2)	()	1	1	major	major	V	V, major	V		V	V	False	V	V, major		V, major		V	-4	-3	-3	2	1	1	True	True	True
784	4	53	-1	F	0	3	4	2	1	True	3.0	-4	33	33	33	33a	98	1/8	False	3	True				False	96	V		Ab	V		V		V					M	False	False	(1, 5, 2)	()	1	1	major	major	V	V, major	V		V	V	False	V	V, major		V, major		V	-4	-3	-3	3	2	2	True	False	False
784	4	62	2	D	0	3	4	1	1	True	3.0	-4	33	33	33	33a	98	1/8	False	4	True				False	96	V		Ab	V		V		V					M	False	False	(1, 5, 2)	()	1	1	major	major	V	V, major	V		V	V	False	V	V, major		V, major		V	-4	-3	-3	6	5	5	True	False	False
784	4	70	-2	B	-1	3	4	1	1	True	3.0	-4	33	33	33	33a	98	1/8	False	4	True				False	96	V		Ab	V		V		V					M	False	False	(1, 5, 2)	()	1	1	major	major	V	V, major	V		V	V	False	V	V, major		V, major		V	-4	-3	-3	2	1	1	True	True	True
790	2	46	-2	B	-1	3	4	2	1	True	3.75	-4	33	33	33	33a	395/4	1/16	False	2	True				False	97	V7		Ab	V		V7		V		7			Mm7	False	False	(1, 5, 2, -1)	()	1	1	major	major	V	V, major	V		V	V	False	V7	V7, major		V7, major		V	-4	-3	-3	2	1	1	True	True	True
790	2	56	-4	A	-1	3	4	2	1	True	3.75	-4	33	33	33	33a	395/4	1/16	False	3	True				False	97	V7		Ab	V		V7		V		7			Mm7	False	False	(1, 5, 2, -1)	()	1	1	major	major	V	V, major	V		V	V	False	V7	V7, major		V7, major		V	-4	-3	-3	0	-1	-1	True	False	False
790	2	62	2	D	0	3	4	1	1	True	3.75	-4	33	33	33	33a	395/4	1/16	False	4	True				False	97	V7		Ab	V		V7		V		7			Mm7	False	False	(1, 5, 2, -1)	()	1	1	major	major	V	V, major	V		V	V	False	V7	V7, major		V7, major		V	-4	-3	-3	6	5	5	True	False	False
790	2	70	-2	B	-1	3	4	1	1	True	3.75	-4	33	33	33	33a	395/4	1/16	False	4	True				False	97	V7		Ab	V		V7		V		7			Mm7	False	False	(1, 5, 2, -1)	()	1	1	major	major	V	V, major	V		V	V	False	V7	V7, major		V7, major		V	-4	-3	-3	2	1	1	True	True	True
792	8	51	-3	E	-1	3	4	2	2	True	1.0	-4	34	34	34	34a	99	1/4	False	3	True				False	98	I		Ab	V		I		I					M	False	False	(0, 4, 1)	()	0	0	major	major	V	V, major	I		V	V	False	I	I, major		I, major		I	-4	-3	-3	1	0	0	True	True	True
792	4	55	1	G	0	3	4	2	1	True	1.0	-4	34	34	34	34a	99	1/8	False	3	True				False	98	I		Ab	V		I		I					M	False	False	(0, 4, 1)	()	0	0	major	major	V	V, major	I		V	V	False	I	I, major		I, major		I	-4	-3	-3	5	4	4	True	False	False
792	16	63	-3	E	-1	3	4	1	2	True	1.0	-4	34	34	34	34a	99	1/2	False	4	True				False	98	I		Ab	V		I		I					M	False	False	(0, 4, 1)	()	0	0	major	major	V	V, major	I		V	V	False	I	I, major		I, major		I	-4	-3	-3	1	0	0	True	True	True
792	4	70	-2	B	-1	3	4	1	1	True	1.0	-4	34	34	34	34a	99	1/8	False	4	True				False	98	I		Ab	V		I		I					M	False	False	(0, 4, 1)	()	0	0	major	major	V	V, major	I		V	V	False	I	I, major		I, major		I	-4	-3	-3	2	1	1	True	False	False
796	2	56	-4	A	-1	3	4	2	1	True	1.5	-4	34	34	34	34a	199/2	1/16	False	3	False				False	98	I		Ab	V		I		I					M	False	False	(0, 4, 1)	()	0	0	major	major	V	V, major	I		V	V	False	I	I, major		I, major		I	-4	-3	-3	0	-1	-1	False	False	False
796	2	72	0	C	0	3	4	1	1	True	1.5	-4	34	34	34	34a	199/2	1/16	False	5	False				False	98	I		Ab	V		I		I					M	False	False	(0, 4, 1)	()	0	0	major	major	V	V, major	I		V	V	False	I	I, major		I, major		I	-4	-3	-3	4	3	3	False	False	False
798	2	55	1	G	0	3	4	2	1	True	1.75	-4	34	34	34	34a	399/4	1/16	False	3	False				False	98	I		Ab	V		I		I					M	False	False	(0, 4, 1)	()	0	0	major	major	V	V, major	I		V	V	False	I	I, major		I, major		I	-4	-3	-3	5	4	4	True	False	False
798	2	70	-2	B	-1	3	4	1	1	True	1.75	-4	34	34	34	34a	399/4	1/16	False	4	False				False	98	I		Ab	V		I		I					M	False	False	(0, 4, 1)	()	0	0	major	major	V	V, major	I		V	V	False	I	I, major		I, major		I	-4	-3	-3	2	1	1	True	False	False
800	2	51	-3	E	-1	3	4	2	2	False	2.0	-4	34	34	34	34a	100	1/16	False	3	False				False	98	I		Ab	V		I		I					M	False	False	(0, 4, 1)	()	0	0	major	major	V	V, major	I		V	V	False	I	I, major		I, major		I	-4	-3	-3	1	0	0	True	True	True
800	2	53	-1	F	0	3	4	2	1	True	2.0	-4	34	34	34	34a	100	1/16	False	3	False				False	98	I		Ab	V		I		I					M	False	False	(0, 4, 1)	()	0	0	major	major	V	V, major	I		V	V	False	I	I, major		I, major		I	-4	-3	-3	3	2	2	False	False	False
800	2	68	-4	A	-1	3	4	1	1	True	2.0	-4	34	34	34	34a	100	1/16	False	4	False				False	98	I		Ab	V		I		I					M	False	False	(0, 4, 1)	()	0	0	major	major	V	V, major	I		V	V	False	I	I, major		I, major		I	-4	-3	-3	0	-1	-1	False	False	False
802	2	51	-3	E	-1	3	4	2	1	True	2.25	-4	34	34	34	34a	401/4	1/16	False	3	False				False	98	I		Ab	V		I		I					M	False	False	(0, 4, 1)	()	0	0	major	major	V	V, major	I		V	V	False	I	I, major		I, major		I	-4	-3	-3	1	0	0	True	True	True
802	2	67	1	G	0	3	4	1	1	True	2.25	-4	34	34	34	34a	401/4	1/16	False	4	False				False	98	I		Ab	V		I		I					M	False	False	(0, 4, 1)	()	0	0	major	major	V	V, major	I		V	V	False	I	I, major		I, major		I	-4	-3	-3	5	4	4	True	False	False
804	2	50	2	D	0	3	4	2	1	True	2.5	-4	34	34	34	34a	201/2	1/16	False	3	False				False	98	I		Ab	V		I		I					M	False	False	(0, 4, 1)	()	0	0	major	major	V	V, major	I		V	V	False	I	I, major		I, major		I	-4	-3	-3	6	5	5	False	False	False
804	2	65	-1	F	0	3	4	1	1	True	2.5	-4	34	34	34	34a	201/2	1/16	False	4	False				False	98	I		Ab	V		I		I					M	False	False	(0, 4, 1)	()	0	0	major	major	V	V, major	I		V	V	False	I	I, major		I, major		I	-4	-3	-3	3	2	2	False	False	False
806	2	51	-3	E	-1	3	4	2	1	True	2.75	-4	34	34	34	34a	403/4	1/16	False	3	False				False	98	I		Ab	V		I		I					M	False	False	(0, 4, 1)	()	0	0	major	major	V	V, major	I		V	V	False	I	I, major		I, major		I	-4	-3	-3	1	0	0	True	True	True
806	2	67	1	G	0	3	4	1	1	True	2.75	-4	34	34	34	34a	403/4	1/16	False	4	False				False	98	I		Ab	V		I		I					M	False	False	(0, 4, 1)	()	0	0	major	major	V	V, major	I		V	V	False	I	I, major		I, major		I	-4	-3	-3	5	4	4	True	False	False
808	8	46	-2	B	-1	3	4	2	2	True	3.0	-4	34	34	34	34a	101	1/4	False	2	True				False	99	V7(4)		Ab	V		V7(4)		V		7	4		Mm7	False	False	(1, 0, 2, -1)	()	1	1	major	major	V	V, major	V		V	V	False	V7	V7, major		V7(4), major		V	-4	-3	-3	2	1	1	True	True	True
808	8	53	-1	F	0	3	4	2	1	True	3.0	-4	34	34	34	34a	101	1/4	False	3	True				False	99	V7(4)		Ab	V		V7(4)		V		7	4		Mm7	False	False	(1, 0, 2, -1)	()	1	1	major	major	V	V, major	V		V	V	False	V7	V7, major		V7(4), major		V	-4	-3	-3	3	2	2	True	False	False
808	2	63	-3	E	-1	3	4	1	2	False	3.0	-4	34	34	34	34a	101	1/16	False	4	True				False	99	V7(4)		Ab	V		V7(4)		V		7	4		Mm7	False	False	(1, 0, 2, -1)	()	1	1	major	major	V	V, major	V		V	V	False	V7	V7, major		V7(4), major		V	-4	-3	-3	1	0	0	True	False	False
808	8	68	-4	A	-1	3	4	1	1	True	3.0	-4	34	34	34	34a	101	1/4	False	4	True				False	99	V7(4)		Ab	V		V7(4)		V		7	4		Mm7	False	False	(1, 0, 2, -1)	()	1	1	major	major	V	V, major	V		V	V	False	V7	V7, major		V7(4), major		V	-4	-3	-3	0	-1	-1	True	False	False
810	2	60	0	C	0	3	4	1	2	True	3.25	-4	34	34	34	34a	405/4	1/16	False	4	False				False	99	V7(4)		Ab	V		V7(4)		V		7	4		Mm7	False	False	(1, 0, 2, -1)	()	1	1	major	major	V	V, major	V		V	V	False	V7	V7, major		V7(4), major		V	-4	-3	-3	4	3	3	False	False	False
812	2	63	-3	E	-1	3	4	1	2	True	3.5	-4	34	34	34	34a	203/2	1/16	False	4	False				False	99	V7(4)		Ab	V		V7(4)		V		7	4		Mm7	False	False	(1, 0, 2, -1)	()	1	1	major	major	V	V, major	V		V	V	False	V7	V7, major		V7(4), major		V	-4	-3	-3	1	0	0	True	False	False
814	2	62	2	D	0	3	4	1	2	True	3.75	-4	34	34	34	34a	407/4	1/16	False	4	True				False	100	V7		Ab	V		V7		V		7			Mm7	False	False	(1, 5, 2, -1)	()	1	1	major	major	V	V, major	V		V	V	False	V7	V7, major		V7, major		V	-4	-3	-3	6	5	5	True	False	False
816	8	39	-3	E	-1	3	4	2	2	True	1.0	-4	35	35	35	35a	102	1/4	False	2	True				False	101	I		Ab	V		I		I					M	False	False	(0, 4, 1)	()	0	0	major	major	V	V, major	I		V	V	False	I	I, major		I, major		I	-4	-3	-3	1	0	0	True	True	True
816	2	51	-3	E	-1	3	4	2	1	True	1.0	-4	35	35	35	35a	102	1/16	False	3	True				False	101	I		Ab	V		I		I					M	False	False	(0, 4, 1)	()	0	0	major	major	V	V, major	I		V	V	False	I	I, major		I, major		I	-4	-3	-3	1	0	0	True	True	True
816	2	63	-3	E	-1	3	4	1	1	True	1.0	-4	35	35	35	35a	102	1/16	False	4	True				False	101	I		Ab	V		I		I					M	False	False	(0, 4, 1)	()	0	0	major	major	V	V, major	I		V	V	False	I	I, major		I, major		I	-4	-3	-3	1	0	0	True	True	True
816	2	67	1	G	0	3	4	1	1	True	1.0	-4	35	35	35	35a	102	1/16	False	4	True				False	101	I		Ab	V		I		I					M	False	False	(0, 4, 1)	()	0	0	major	major	V	V, major	I		V	V	False	I	I, major		I, major		I	-4	-3	-3	5	4	4	True	False	False
818	2	43	1	G	0	3	4	2	1	True	1.25	-4	35	35	35	35a	409/4	1/16	False	2	False				False	101	I		Ab	V		I		I					M	False	False	(0, 4, 1)	()	0	0	major	major	V	V, major	I		V	V	False	I	I, major		I, major		I	-4	-3	-3	5	4	4	True	False	False
818	2	58	-2	B	-1	3	4	1	1	True	1.25	-4	35	35	35	35a	409/4	1/16	False	3	False				False	101	I		Ab	V		I		I					M	False	False	(0, 4, 1)	()	0	0	major	major	V	V, major	I		V	V	False	I	I, major		I, major		I	-4	-3	-3	2	1	1	True	False	False
820	2	44	-4	A	-1	3	4	2	1	True	1.5	-4	35	35	35	35a	205/2	1/16	False	2	False				False	101	I		Ab	V		I		I					M	False	False	(0, 4, 1)	()	0	0	major	major	V	V, major	I		V	V	False	I	I, major		I, major		I	-4	-3	-3	0	-1	-1	False	False	False
820	2	60	0	C	0	3	4	1	1	True	1.5	-4	35	35	35	35a	205/2	1/16	False	4	False				False	101	I		Ab	V		I		I					M	False	False	(0, 4, 1)	()	0	0	major	major	V	V, major	I		V	V	False	I	I, major		I, major		I	-4	-3	-3	4	3	3	False	False	False
822	2	43	1	G	0	3	4	2	1	True	1.75	-4	35	35	35	35a	411/4	1/16	False	2	False				False	101	I		Ab	V		I		I					M	False	False	(0, 4, 1)	()	0	0	major	major	V	V, major	I		V	V	False	I	I, major		I, major		I	-4	-3	-3	5	4	4	True	False	False
822	2	58	-2	B	-1	3	4	1	1	True	1.75	-4	35	35	35	35a	411/4	1/16	False	3	False				False	101	I		Ab	V		I		I					M	False	False	(0, 4, 1)	()	0	0	major	major	V	V, major	I		V	V	False	I	I, major		I, major		I	-4	-3	-3	2	1	1	True	False	False
824	2	39	-3	E	-1	3	4	2	2	False	2.0	-4	35	35	35	35a	103	1/16	False	2	False				False	101	I		Ab	V		I		I					M	False	False	(0, 4, 1)	()	0	0	major	major	V	V, major	I		V	V	False	I	I, major		I, major		I	-4	-3	-3	1	0	0	True	True	True
824	2	41	-1	F	0	3	4	2	1	True	2.0	-4	35	35	35	35a	103	1/16	False	2	False				False	101	I		Ab	V		I		I					M	False	False	(0, 4, 1)	()	0	0	major	major	V	V, major	I		V	V	False	I	I, major		I, major		I	-4	-3	-3	3	2	2	False	False	False
824	2	56	-4	A	-1	3	4	1	1	True	2.0	-4	35	35	35	35a	103	1/16	False	3	False				False	101	I		Ab	V		I		I					M	False	False	(0, 4, 1)	()	0	0	major	major	V	V, major	I		V	V	False	I	I, major		I, major		I	-4	-3	-3	0	-1	-1	False	False	False
826	2	39	-3	E	-1	3	4	2	1	True	2.25	-4	35	35	35	35a	413/4	1/16	False	2	False				False	101	I		Ab	V		I		I					M	False	False	(0, 4, 1)	()	0	0	major	major	V	V, major	I		V	V	False	I	I, major		I, major		I	-4	-3	-3	1	0	0	True	True	True
826	2	55	1	G	0	3	4	1	1	True	2.25	-4	35	35	35	35a	413/4	1/16	False	3	False				False	101	I		Ab	V		I		I					M	False	False	(0, 4, 1)	()	0	0	major	major	V	V, major	I		V	V	False	I	I, major		I, major		I	-4	-3	-3	5	4	4	True	False	False
828	2	38	2	D	0	3	4	2	1	True	2.5	-4	35	35	35	35a	207/2	1/16	False	2	False				False	101	I		Ab	V		I		I					M	False	False	(0, 4, 1)	()	0	0	major	major	V	V, major	I		V	V	False	I	I, major		I, major		I	-4	-3	-3	6	5	5	False	False	False
828	2	53	-1	F	0	3	4	1	1	True	2.5	-4	35	35	35	35a	207/2	1/16	False	3	False				False	101	I		Ab	V		I		I					M	False	False	(0, 4, 1)	()	0	0	major	major	V	V, major	I		V	V	False	I	I, major		I, major		I	-4	-3	-3	3	2	2	False	False	False
830	2	39	-3	E	-1	3	4	2	1	True	2.75	-4	35	35	35	35a	415/4	1/16	False	2	False				False	101	I		Ab	V		I		I					M	False	False	(0, 4, 1)	()	0	0	major	major	V	V, major	I		V	V	False	I	I, major		I, major		I	-4	-3	-3	1	0	0	True	True	True
830	2	55	1	G	0	3	4	1	1	True	2.75	-4	35	35	35	35a	415/4	1/16	False	3	False				False	101	I		Ab	V		I		I					M	False	False	(0, 4, 1)	()	0	0	major	major	V	V, major	I		V	V	False	I	I, major		I, major		I	-4	-3	-3	5	4	4	True	False	False
832	8	34	-2	B	-1	3	4	2	1	True	3.0	-4	35	35	35	35a	104	1/4	False	1	True				False	102	V7(4)		Ab	V		V7(4)		V		7	4		Mm7	False	False	(1, 0, 2, -1)	()	1	1	major	major	V	V, major	V		V	V	False	V7	V7, major		V7(4), major		V	-4	-3	-3	2	1	1	True	True	True
832	8	41	-1	F	0	3	4	2	1	True	3.0	-4	35	35	35	35a	104	1/4	False	2	True				False	102	V7(4)		Ab	V		V7(4)		V		7	4		Mm7	False	False	(1, 0, 2, -1)	()	1	1	major	major	V	V, major	V		V	V	False	V7	V7, major		V7(4), major		V	-4	-3	-3	3	2	2	True	False	False
832	8	56	-4	A	-1	3	4	1	2	True	3.0	-4	35	35	35	35a	104	1/4	False	3	True				False	102	V7(4)		Ab	V		V7(4)		V		7	4		Mm7	False	False	(1, 0, 2, -1)	()	1	1	major	major	V	V, major	V		V	V	False	V7	V7, major		V7(4), major		V	-4	-3	-3	0	-1	-1	True	False	False
832	2	63	-3	E	-1	3	4	1	1	True	3.0	-4	35	35	35	35a	104	1/16	False	4	True				False	102	V7(4)		Ab	V		V7(4)		V		7	4		Mm7	False	False	(1, 0, 2, -1)	()	1	1	major	major	V	V, major	V		V	V	False	V7	V7, major		V7(4), major		V	-4	-3	-3	1	0	0	True	False	False
834	2	60	0	C	0	3	4	1	1	True	3.25	-4	35	35	35	35a	417/4	1/16	False	4	False				False	102	V7(4)		Ab	V		V7(4)		V		7	4		Mm7	False	False	(1, 0, 2, -1)	()	1	1	major	major	V	V, major	V		V	V	False	V7	V7, major		V7(4), major		V	-4	-3	-3	4	3	3	False	False	False
836	2	63	-3	E	-1	3	4	1	1	True	3.5	-4	35	35	35	35a	209/2	1/16	False	4	False				False	102	V7(4)		Ab	V		V7(4)		V		7	4		Mm7	False	False	(1, 0, 2, -1)	()	1	1	major	major	V	V, major	V		V	V	False	V7	V7, major		V7(4), major		V	-4	-3	-3	1	0	0	True	False	False
838	2	62	2	D	0	3	4	1	1	True	3.75	-4	35	35	35	35a	419/4	1/16	False	4	True				False	103	V7		Ab	V		V7		V		7			Mm7	False	False	(1, 5, 2, -1)	()	1	1	major	major	V	V, major	V		V	V	False	V7	V7, major		V7, major		V	-4	-3	-3	6	5	5	True	False	False
840	8	39	-3	E	-1	3	4	2	2	True	1.0	-4	36	36	36	36a	105	1/4	False	2	True			}	True	104	I(9)}		Ab	V		I(9)		I			9		M	False	False	(0, 4, 1)	(2,)	0	0	major	major	V	V, major	I		V	V	False	I	I, major		I(9), major		I	-4	-3	-3	1	0	0	True	True	True
840	8	43	1	G	0	3	4	2	2	True	1.0	-4	36	36	36	36a	105	1/4	False	2	True			}	True	104	I(9)}		Ab	V		I(9)		I			9		M	False	False	(0, 4, 1)	(2,)	0	0	major	major	V	V, major	I		V	V	False	I	I, major		I(9), major		I	-4	-3	-3	5	4	4	True	False	False
840	8	55	1	G	0	3	4	2	1	True	1.0	-4	36	36	36	36a	105	1/4	False	3	True			}	True	104	I(9)}		Ab	V		I(9)		I			9		M	False	False	(0, 4, 1)	(2,)	0	0	major	major	V	V, major	I		V	V	False	I	I, major		I(9), major		I	-4	-3	-3	5	4	4	True	False	False
840	2	65	-1	F	0	3	4	1	1	True	1.0	-4	36	36	36	36a	105	1/16	False	4	True			}	True	104	I(9)}		Ab	V		I(9)		I			9		M	False	False	(0, 4, 1)	(2,)	0	0	major	major	V	V, major	I		V	V	False	I	I, major		I(9), major		I	-4	-3	-3	3	2	2	False	False	False
842	2	62	2	D	0	3	4	1	1	True	1.25	-4	36	36	36	36a	421/4	1/16	False	4	False				False	104	I(9)}		Ab	V		I(9)		I			9		M	False	False	(0, 4, 1)	(2,)	0	0	major	major	V	V, major	I		V	V	False	I	I, major		I(9), major		I	-4	-3	-3	6	5	5	False	False	False
844	2	65	-1	F	0	3	4	1	1	True	1.5	-4	36	36	36	36a	211/2	1/16	False	4	False				False	104	I(9)}		Ab	V		I(9)		I			9		M	False	False	(0, 4, 1)	(2,)	0	0	major	major	V	V, major	I		V	V	False	I	I, major		I(9), major		I	-4	-3	-3	3	2	2	False	False	False
846	2	63	-3	E	-1	3	4	1	1	True	1.75	-4	36	36	36	36a	423/4	1/16	False	4	True				False	105	I		Ab	V		I		I					M	False	False	(0, 4, 1)	()	0	0	major	major	V	V, major	I		V	V	False	I	I, major		I, major		I	-4	-3	-3	1	0	0	True	True	True
848	16	39	-3	E	-1	3	4	2	1	True	2.0	-4	36	36	36	36a	106	1/2	False	2	True				False	106	I(11)		Ab	V		I(11)		I			11		M	False	False	(0, 4, 1)	(-1,)	0	0	major	major	V	V, major	I		V	V	False	I	I, major		I(11), major		I	-4	-3	-3	1	0	0	True	True	True
848	16	43	1	G	0	3	4	2	1	True	2.0	-4	36	36	36	36a	106	1/2	False	2	True				False	106	I(11)		Ab	V		I(11)		I			11		M	False	False	(0, 4, 1)	(-1,)	0	0	major	major	V	V, major	I		V	V	False	I	I, major		I(11), major		I	-4	-3	-3	5	4	4	True	False	False
848	16	46	-2	B	-1	3	4	2	1	True	2.0	-4	36	36	36	36a	106	1/2	False	2	True				False	106	I(11)		Ab	V		I(11)		I			11		M	False	False	(0, 4, 1)	(-1,)	0	0	major	major	V	V, major	I		V	V	False	I	I, major		I(11), major		I	-4	-3	-3	2	1	1	True	False	False
848	16	51	-3	E	-1	3	4	2	1	True	2.0	-4	36	36	36	36a	106	1/2	False	3	True				False	106	I(11)		Ab	V		I(11)		I			11		M	False	False	(0, 4, 1)	(-1,)	0	0	major	major	V	V, major	I		V	V	False	I	I, major		I(11), major		I	-4	-3	-3	1	0	0	True	True	True
848	2	68	-4	A	-1	3	4	1	1	True	2.0	-4	36	36	36	36a	106	1/16	False	4	True				False	106	I(11)		Ab	V		I(11)		I			11		M	False	False	(0, 4, 1)	(-1,)	0	0	major	major	V	V, major	I		V	V	False	I	I, major		I(11), major		I	-4	-3	-3	0	-1	-1	False	False	False
850	2	65	-1	F	0	3	4	1	1	True	2.25	-4	36	36	36	36a	425/4	1/16	False	4	False				False	106	I(11)		Ab	V		I(11)		I			11		M	False	False	(0, 4, 1)	(-1,)	0	0	major	major	V	V, major	I		V	V	False	I	I, major		I(11), major		I	-4	-3	-3	3	2	2	False	False	False
852	2	68	-4	A	-1	3	4	1	1	True	2.5	-4	36	36	36	36a	213/2	1/16	False	4	False				False	106	I(11)		Ab	V		I(11)		I			11		M	False	False	(0, 4, 1)	(-1,)	0	0	major	major	V	V, major	I		V	V	False	I	I, major		I(11), major		I	-4	-3	-3	0	-1	-1	False	False	False
854	2	67	1	G	0	3	4	1	1	True	2.75	-4	36	36	36	36a	427/4	1/16	False	4	True				False	107	I		Ab	V		I		I					M	False	False	(0, 4, 1)	()	0	0	major	major	V	V, major	I		V	V	False	I	I, major		I, major		I	-4	-3	-3	5	4	4	True	False	False
856	2	72	0	C	0	3	4	1	1	True	3.0	-4	36	36	36	36a	107	1/16	False	5	True				False	108	I(13)		Ab	V		I(13)		I			13		M	False	False	(0, 4, 1)	(3,)	0	0	major	major	V	V, major	I		V	V	False	I	I, major		I(13), major		I	-4	-3	-3	4	3	3	False	False	False
858	2	69	3	A	0	3	4	1	1	True	3.25	-4	36	36	36	36a	429/4	1/16	False	4	False				False	108	I(13)		Ab	V		I(13)		I			13		M	False	False	(0, 4, 1)	(3,)	0	0	major	major	V	V, major	I		V	V	False	I	I, major		I(13), major		I	-4	-3	-3	7	6	6	False	False	False
860	2	72	0	C	0	3	4	1	1	True	3.5	-4	36	36	36	36a	215/2	1/16	False	5	False				False	108	I(13)		Ab	V		I(13)		I			13		M	False	False	(0, 4, 1)	(3,)	0	0	major	major	V	V, major	I		V	V	False	I	I, major		I(13), major		I	-4	-3	-3	4	3	3	False	False	False
862	2	70	-2	B	-1	3	4	1	1	True	3.75	-4	36	36	36	36a	431/4	1/16	False	4	True				False	109	I		Ab	V		I		I					M	False	False	(0, 4, 1)	()	0	0	major	major	V	V, major	I		V	V	False	I	I, major		I, major		I	-4	-3	-3	2	1	1	True	False	False
864	8	39	-3	E	-1	3	4	2	1	False	1.0	-4	37	37	37	37a	108	1/4	False	2	True				False	110	I(9)		Ab	V		I(9)		I			9		M	False	False	(0, 4, 1)	(2,)	0	0	major	major	V	V, major	I		V	V	False	I	I, major		I(9), major		I	-4	-3	-3	1	0	0	True	True	True
864	8	43	1	G	0	3	4	2	1	False	1.0	-4	37	37	37	37a	108	1/4	False	2	True				False	110	I(9)		Ab	V		I(9)		I			9		M	False	False	(0, 4, 1)	(2,)	0	0	major	major	V	V, major	I		V	V	False	I	I, major		I(9), major		I	-4	-3	-3	5	4	4	True	False	False
864	8	46	-2	B	-1	3	4	2	1	False	1.0	-4	37	37	37	37a	108	1/4	False	2	True				False	110	I(9)		Ab	V		I(9)		I			9		M	False	False	(0, 4, 1)	(2,)	0	0	major	major	V	V, major	I		V	V	False	I	I, major		I(9), major		I	-4	-3	-3	2	1	1	True	False	False
864	8	51	-3	E	-1	3	4	2	1	False	1.0	-4	37	37	37	37a	108	1/4	False	3	True				False	110	I(9)		Ab	V		I(9)		I			9		M	False	False	(0, 4, 1)	(2,)	0	0	major	major	V	V, major	I		V	V	False	I	I, major		I(9), major		I	-4	-3	-3	1	0	0	True	True	True
864	2	77	-1	F	0	3	4	1	1	True	1.0	-4	37	37	37	37a	108	1/16	False	5	True				False	110	I(9)		Ab	V		I(9)		I			9		M	False	False	(0, 4, 1)	(2,)	0	0	major	major	V	V, major	I		V	V	False	I	I, major		I(9), major		I	-4	-3	-3	3	2	2	False	False	False
866	2	74	2	D	0	3	4	1	1	True	1.25	-4	37	37	37	37a	433/4	1/16	False	5	False				False	110	I(9)		Ab	V		I(9)		I			9		M	False	False	(0, 4, 1)	(2,)	0	0	major	major	V	V, major	I		V	V	False	I	I, major		I(9), major		I	-4	-3	-3	6	5	5	False	False	False
868	2	77	-1	F	0	3	4	1	1	True	1.5	-4	37	37	37	37a	217/2	1/16	False	5	False				False	110	I(9)		Ab	V		I(9)		I			9		M	False	False	(0, 4, 1)	(2,)	0	0	major	major	V	V, major	I		V	V	False	I	I, major		I(9), major		I	-4	-3	-3	3	2	2	False	False	False
870	2	75	-3	E	-1	3	4	1	1	True	1.75	-4	37	37	37	37a	435/4	1/16	False	5	False				False	110	I(9)		Ab	V		I(9)		I			9		M	False	False	(0, 4, 1)	(2,)	0	0	major	major	V	V, major	I		V	V	False	I	I, major		I(9), major		I	-4	-3	-3	1	0	0	True	True	True
872	8	51	-3	E	-1	3	4	2	1	True	2.0	-4	37	37	37	37a	109	1/4	False	3	True				False	111	I(11)		Ab	V		I(11)		I			11		M	False	False	(0, 4, 1)	(-1,)	0	0	major	major	V	V, major	I		V	V	False	I	I, major		I(11), major		I	-4	-3	-3	1	0	0	True	True	True
872	8	55	1	G	0	3	4	2	1	True	2.0	-4	37	37	37	37a	109	1/4	False	3	True				False	111	I(11)		Ab	V		I(11)		I			11		M	False	False	(0, 4, 1)	(-1,)	0	0	major	major	V	V, major	I		V	V	False	I	I, major		I(11), major		I	-4	-3	-3	5	4	4	True	False	False
872	8	58	-2	B	-1	3	4	2	1	True	2.0	-4	37	37	37	37a	109	1/4	False	3	True				False	111	I(11)		Ab	V		I(11)		I			11		M	False	False	(0, 4, 1)	(-1,)	0	0	major	major	V	V, major	I		V	V	False	I	I, major		I(11), major		I	-4	-3	-3	2	1	1	True	False	False
872	8	63	-3	E	-1	3	4	2	1	True	2.0	-4	37	37	37	37a	109	1/4	False	4	True				False	111	I(11)		Ab	V		I(11)		I			11		M	False	False	(0, 4, 1)	(-1,)	0	0	major	major	V	V, major	I		V	V	False	I	I, major		I(11), major		I	-4	-3	-3	1	0	0	True	True	True
872	2	80	-4	A	-1	3	4	1	1	True	2.0	-4	37	37	37	37a	109	1/16	False	5	True				False	111	I(11)		Ab	V		I(11)		I			11		M	False	False	(0, 4, 1)	(-1,)	0	0	major	major	V	V, major	I		V	V	False	I	I, major		I(11), major		I	-4	-3	-3	0	-1	-1	False	False	False
874	2	77	-1	F	0	3	4	1	1	True	2.25	-4	37	37	37	37a	437/4	1/16	False	5	False				False	111	I(11)		Ab	V		I(11)		I			11		M	False	False	(0, 4, 1)	(-1,)	0	0	major	major	V	V, major	I		V	V	False	I	I, major		I(11), major		I	-4	-3	-3	3	2	2	False	False	False
876	2	80	-4	A	-1	3	4	1	1	True	2.5	-4	37	37	37	37a	219/2	1/16	False	5	False				False	111	I(11)		Ab	V		I(11)		I			11		M	False	False	(0, 4, 1)	(-1,)	0	0	major	major	V	V, major	I		V	V	False	I	I, major		I(11), major		I	-4	-3	-3	0	-1	-1	False	False	False
878	2	79	1	G	0	3	4	1	1	True	2.75	-4	37	37	37	37a	439/4	1/16	False	5	True				False	112	I		Ab	V		I		I					M	False	False	(0, 4, 1)	()	0	0	major	major	V	V, major	I		V	V	False	I	I, major		I, major		I	-4	-3	-3	5	4	4	True	False	False
880	8	51	-3	E	-1	3	4	2	1	True	3.0	-4	37	37	37	37a	110	1/4	False	3	True				False	113	I(13)		Ab	V		I(13)		I			13		M	False	False	(0, 4, 1)	(3,)	0	0	major	major	V	V, major	I		V	V	False	I	I, major		I(13), major		I	-4	-3	-3	1	0	0	True	True	True
880	8	55	1	G	0	3	4	2	1	True	3.0	-4	37	37	37	37a	110	1/4	False	3	True				False	113	I(13)		Ab	V		I(13)		I			13		M	False	False	(0, 4, 1)	(3,)	0	0	major	major	V	V, major	I		V	V	False	I	I, major		I(13), major		I	-4	-3	-3	5	4	4	True	False	False
880	8	58	-2	B	-1	3	4	2	1	True	3.0	-4	37	37	37	37a	110	1/4	False	3	True				False	113	I(13)		Ab	V		I(13)		I			13		M	False	False	(0, 4, 1)	(3,)	0	0	major	major	V	V, major	I		V	V	False	I	I, major		I(13), major		I	-4	-3	-3	2	1	1	True	False	False
880	8	63	-3	E	-1	3	4	2	1	True	3.0	-4	37	37	37	37a	110	1/4	False	4	True				False	113	I(13)		Ab	V		I(13)		I			13		M	False	False	(0, 4, 1)	(3,)	0	0	major	major	V	V, major	I		V	V	False	I	I, major		I(13), major		I	-4	-3	-3	1	0	0	True	True	True
880	2	84	0	C	0	3	4	1	1	True	3.0	-4	37	37	37	37a	110	1/16	False	6	True				False	113	I(13)		Ab	V		I(13)		I			13		M	False	False	(0, 4, 1)	(3,)	0	0	major	major	V	V, major	I		V	V	False	I	I, major		I(13), major		I	-4	-3	-3	4	3	3	False	False	False
882	2	81	3	A	0	3	4	1	1	True	3.25	-4	37	37	37	37a	441/4	1/16	False	5	False				False	113	I(13)		Ab	V		I(13)		I			13		M	False	False	(0, 4, 1)	(3,)	0	0	major	major	V	V, major	I		V	V	False	I	I, major		I(13), major		I	-4	-3	-3	7	6	6	False	False	False
884	2	84	0	C	0	3	4	1	1	True	3.5	-4	37	37	37	37a	221/2	1/16	False	6	False				False	113	I(13)		Ab	V		I(13)		I			13		M	False	False	(0, 4, 1)	(3,)	0	0	major	major	V	V, major	I		V	V	False	I	I, major		I(13), major		I	-4	-3	-3	4	3	3	False	False	False
886	2	82	-2	B	-1	3	4	1	1	True	3.75	-4	37	37	37	37a	443/4	1/16	False	5	True				False	114	I		Ab	V		I		I					M	False	False	(0, 4, 1)	()	0	0	major	major	V	V, major	I		V	V	False	I	I, major		I, major		I	-4	-3	-3	2	1	1	True	False	False
888	8	51	-3	E	-1	3	4	2	1	True	1.0	-4	38	38	38	38a	111	1/4	False	3	False	PAC	PAC		False	115	|PAC		Ab	V		I		I					M	False	False	(0, 4, 1)	()	0	0	major	major	V	V, major	I		V	V	False		, major		I, major		I	-4	-3	-3	1	0	0	True	True	True
888	8	55	1	G	0	3	4	2	1	True	1.0	-4	38	38	38	38a	111	1/4	False	3	False	PAC	PAC		False	115	|PAC		Ab	V		I		I					M	False	False	(0, 4, 1)	()	0	0	major	major	V	V, major	I		V	V	False		, major		I, major		I	-4	-3	-3	5	4	4	True	False	False
888	8	58	-2	B	-1	3	4	2	1	True	1.0	-4	38	38	38	38a	111	1/4	False	3	False	PAC	PAC		False	115	|PAC		Ab	V		I		I					M	False	False	(0, 4, 1)	()	0	0	major	major	V	V, major	I		V	V	False		, major		I, major		I	-4	-3	-3	2	1	1	True	False	False
888	8	63	-3	E	-1	3	4	2	1	True	1.0	-4	38	38	38	38a	111	1/4	False	4	False	PAC	PAC		False	115	|PAC		Ab	V		I		I					M	False	False	(0, 4, 1)	()	0	0	major	major	V	V, major	I		V	V	False		, major		I, major		I	-4	-3	-3	1	0	0	True	True	True
888	24	87	-3	E	-1	3	4	1	1	True	1.0	-4	38	38	38	38a	111	3/4	False	6	False	PAC	PAC		False	115	|PAC		Ab	V		I		I					M	False	False	(0, 4, 1)	()	0	0	major	major	V	V, major	I		V	V	False		, major		I, major		I	-4	-3	-3	1	0	0	True	True	True
888	24	87	-3	E	-1	3	4	1	2	True	1.0	-4	38	38	38	38a	111	3/4	False	6	False	PAC	PAC		False	115	|PAC		Ab	V		I		I					M	False	False	(0, 4, 1)	()	0	0	major	major	V	V, major	I		V	V	False		, major		I, major		I	-4	-3	-3	1	0	0	True	True	True
896	8	39	-3	E	-1	3	4	2	1	True	2.0	-4	38	38	38	38a	112	1/4	False	2	False				False	115	|PAC		Ab	V		I		I					M	False	False	(0, 4, 1)	()	0	0	major	major	V	V, major	I		V	V	False		, major		I, major		I	-4	-3	-3	1	0	0	True	True	True
896	16	39	-3	E	-1	3	4	2	2	True	2.0	-4	38	38	38	38a	112	1/2	False	2	False				False	115	|PAC		Ab	V		I		I					M	False	False	(0, 4, 1)	()	0	0	major	major	V	V, major	I		V	V	False		, major		I, major		I	-4	-3	-3	1	0	0	True	True	True
904	8	51	-3	E	-1	3	4	2	1	True	3.0	-4	38	38	38	38a	113	1/4	False	3	False				False	115	|PAC		Ab	V		I		I					M	False	False	(0, 4, 1)	()	0	0	major	major	V	V, major	I		V	V	False		, major		I, major		I	-4	-3	-3	1	0	0	True	True	True
904	8	75	-3	E	-1	3	4	1	3	True	3.0	-4	38	38	38	38a	113	1/4	False	5	False				False	115	|PAC		Ab	V		I		I					M	False	False	(0, 4, 1)	()	0	0	major	major	V	V, major	I		V	V	False		, major		I, major		I	-4	-3	-3	1	0	0	True	True	True
912	8	37	-5	D	-1	3	4	2	1	True	1.0	-4	39	39	39	39a	114	1/4	False	2	True				False	116	I.IV	iv6/vi	Ab	I		IV		IV					M	False	False	(-1, 3, 0)	()	-1	-1	major	major	I	I, major	IV		I	I	False	IV	IV, major		IV, major		IV	-4	-4	-4	-1	-1	-1	True	True	True
912	24	37	-5	D	-1	3	4	2	2	True	1.0	-4	39	39	39	39a	114	3/4	False	2	True				False	116	I.IV	iv6/vi	Ab	I		IV		IV					M	False	False	(-1, 3, 0)	()	-1	-1	major	major	I	I, major	IV		I	I	False	IV	IV, major		IV, major		IV	-4	-4	-4	-1	-1	-1	True	True	True
912	24	85	-5	D	-1	3	4	1	1	True	1.0	-4	39	39	39	39a	114	3/4	False	6	True				False	116	I.IV	iv6/vi	Ab	I		IV		IV					M	False	False	(-1, 3, 0)	()	-1	-1	major	major	I	I, major	IV		I	I	False	IV	IV, major		IV, major		IV	-4	-4	-4	-1	-1	-1	True	True	True
912	24	85	-5	D	-1	3	4	1	2	True	1.0	-4	39	39	39	39a	114	3/4	False	6	True				False	116	I.IV	iv6/vi	Ab	I		IV		IV					M	False	False	(-1, 3, 0)	()	-1	-1	major	major	I	I, major	IV		I	I	False	IV	IV, major		IV, major		IV	-4	-4	-4	-1	-1	-1	True	True	True
920	16	49	-5	D	-1	3	4	2	1	True	2.0	-4	39	39	39	39a	115	1/2	False	3	False				False	116	I.IV	iv6/vi	Ab	I		IV		IV					M	False	False	(-1, 3, 0)	()	-1	-1	major	major	I	I, major	IV		I	I	False	IV	IV, major		IV, major		IV	-4	-4	-4	-1	-1	-1	True	True	True
928	8	73	-5	D	-1	3	4	1	3	True	3.0	-4	39	39	39	39a	116	1/4	False	5	False				False	116	I.IV	iv6/vi	Ab	I		IV		IV					M	False	False	(-1, 3, 0)	()	-1	-1	major	major	I	I, major	IV		I	I	False	IV	IV, major		IV, major		IV	-4	-4	-4	-1	-1	-1	True	True	True
936	2	36	0	C	0	3	4	2	1	True	1.0	-4	40	40	40	40a	117	1/16	False	2	True			{	False	117	V(64)/vi{	i64/vi{	Ab	I		V(64)/vi		V			64	vi	M	False	False	(4, 3, 0)	()	4	4	major	major	I	I, major	V/vi	vi	vi/I	vi	True	V/vi	V/vi, major		V(64)/vi, major	vi	vi	-4	-4	-1	4	4	1	True	True	True
936	2	48	0	C	0	3	4	2	1	True	1.0	-4	40	40	40	40a	117	1/16	False	3	True			{	False	117	V(64)/vi{	i64/vi{	Ab	I		V(64)/vi		V			64	vi	M	False	False	(4, 3, 0)	()	4	4	major	major	I	I, major	V/vi	vi	vi/I	vi	True	V/vi	V/vi, major		V(64)/vi, major	vi	vi	-4	-4	-1	4	4	1	True	True	True
936	12	72	0	C	0	3	4	1	1	True	1.0	-4	40	40	40	40a	117	3/8	False	5	True			{	False	117	V(64)/vi{	i64/vi{	Ab	I		V(64)/vi		V			64	vi	M	False	False	(4, 3, 0)	()	4	4	major	major	I	I, major	V/vi	vi	vi/I	vi	True	V/vi	V/vi, major		V(64)/vi, major	vi	vi	-4	-4	-1	4	4	1	True	True	True
936	12	84	0	C	0	3	4	1	1	True	1.0	-4	40	40	40	40a	117	3/8	False	6	True			{	False	117	V(64)/vi{	i64/vi{	Ab	I		V(64)/vi		V			64	vi	M	False	False	(4, 3, 0)	()	4	4	major	major	I	I, major	V/vi	vi	vi/I	vi	True	V/vi	V/vi, major		V(64)/vi, major	vi	vi	-4	-4	-1	4	4	1	True	True	True
938	2	53	-1	F	0	3	4	2	1	True	1.25	-4	40	40	40	40a	469/4	1/16	False	3	False				False	117	V(64)/vi{	i64/vi{	Ab	I		V(64)/vi		V			64	vi	M	False	False	(4, 3, 0)	()	4	4	major	major	I	I, major	V/vi	vi	vi/I	vi	True	V/vi	V/vi, major		V(64)/vi, major	vi	vi	-4	-4	-1	3	3	0	True	False	False
938	2	56	-4	A	-1	3	4	2	1	True	1.25	-4	40	40	40	40a	469/4	1/16	False	3	False				False	117	V(64)/vi{	i64/vi{	Ab	I		V(64)/vi		V			64	vi	M	False	False	(4, 3, 0)	()	4	4	major	major	I	I, major	V/vi	vi	vi/I	vi	True	V/vi	V/vi, major		V(64)/vi, major	vi	vi	-4	-4	-1	0	0	-3	True	False	False
940	2	53	-1	F	0	3	4	2	1	True	1.5	-4	40	40	40	40a	235/2	1/16	False	3	False				False	117	V(64)/vi{	i64/vi{	Ab	I		V(64)/vi		V			64	vi	M	False	False	(4, 3, 0)	()	4	4	major	major	I	I, major	V/vi	vi	vi/I	vi	True	V/vi	V/vi, major		V(64)/vi, major	vi	vi	-4	-4	-1	3	3	0	True	False	False
940	2	56	-4	A	-1	3	4	2	1	True	1.5	-4	40	40	40	40a	235/2	1/16	False	3	False				False	117	V(64)/vi{	i64/vi{	Ab	I		V(64)/vi		V			64	vi	M	False	False	(4, 3, 0)	()	4	4	major	major	I	I, major	V/vi	vi	vi/I	vi	True	V/vi	V/vi, major		V(64)/vi, major	vi	vi	-4	-4	-1	0	0	-3	True	False	False
942	2	53	-1	F	0	3	4	2	1	True	1.75	-4	40	40	40	40a	471/4	1/16	False	3	False				False	117	V(64)/vi{	i64/vi{	Ab	I		V(64)/vi		V			64	vi	M	False	False	(4, 3, 0)	()	4	4	major	major	I	I, major	V/vi	vi	vi/I	vi	True	V/vi	V/vi, major		V(64)/vi, major	vi	vi	-4	-4	-1	3	3	0	True	False	False
942	2	56	-4	A	-1	3	4	2	1	True	1.75	-4	40	40	40	40a	471/4	1/16	False	3	False				False	117	V(64)/vi{	i64/vi{	Ab	I		V(64)/vi		V			64	vi	M	False	False	(4, 3, 0)	()	4	4	major	major	I	I, major	V/vi	vi	vi/I	vi	True	V/vi	V/vi, major		V(64)/vi, major	vi	vi	-4	-4	-1	0	0	-3	True	False	False
944	2	48	0	C	0	3	4	2	1	True	2.0	-4	40	40	40	40a	118	1/16	False	3	False				False	117	V(64)/vi{	i64/vi{	Ab	I		V(64)/vi		V			64	vi	M	False	False	(4, 3, 0)	()	4	4	major	major	I	I, major	V/vi	vi	vi/I	vi	True	V/vi	V/vi, major		V(64)/vi, major	vi	vi	-4	-4	-1	4	4	1	True	True	True
946	2	53	-1	F	0	3	4	2	1	True	2.25	-4	40	40	40	40a	473/4	1/16	False	3	False				False	117	V(64)/vi{	i64/vi{	Ab	I		V(64)/vi		V			64	vi	M	False	False	(4, 3, 0)	()	4	4	major	major	I	I, major	V/vi	vi	vi/I	vi	True	V/vi	V/vi, major		V(64)/vi, major	vi	vi	-4	-4	-1	3	3	0	True	False	False
946	2	56	-4	A	-1	3	4	2	1	True	2.25	-4	40	40	40	40a	473/4	1/16	False	3	False				False	117	V(64)/vi{	i64/vi{	Ab	I		V(64)/vi		V			64	vi	M	False	False	(4, 3, 0)	()	4	4	major	major	I	I, major	V/vi	vi	vi/I	vi	True	V/vi	V/vi, major		V(64)/vi, major	vi	vi	-4	-4	-1	0	0	-3	True	False	False
948	2	53	-1	F	0	3	4	2	1	True	2.5	-4	40	40	40	40a	237/2	1/16	False	3	False				False	117	V(64)/vi{	i64/vi{	Ab	I		V(64)/vi		V			64	vi	M	False	False	(4, 3, 0)	()	4	4	major	major	I	I, major	V/vi	vi	vi/I	vi	True	V/vi	V/vi, major		V(64)/vi, major	vi	vi	-4	-4	-1	3	3	0	True	False	False
948	2	56	-4	A	-1	3	4	2	1	True	2.5	-4	40	40	40	40a	237/2	1/16	False	3	False				False	117	V(64)/vi{	i64/vi{	Ab	I		V(64)/vi		V			64	vi	M	False	False	(4, 3, 0)	()	4	4	major	major	I	I, major	V/vi	vi	vi/I	vi	True	V/vi	V/vi, major		V(64)/vi, major	vi	vi	-4	-4	-1	0	0	-3	True	False	False
948	4	80	-4	A	-1	3	4	1	2	True	2.5	-4	40	40	40	40a	237/2	1/8	False	5	False				False	117	V(64)/vi{	i64/vi{	Ab	I		V(64)/vi		V			64	vi	M	False	False	(4, 3, 0)	()	4	4	major	major	I	I, major	V/vi	vi	vi/I	vi	True	V/vi	V/vi, major		V(64)/vi, major	vi	vi	-4	-4	-1	0	0	-3	True	False	False
950	2	53	-1	F	0	3	4	2	1	True	2.75	-4	40	40	40	40a	475/4	1/16	False	3	False				False	117	V(64)/vi{	i64/vi{	Ab	I		V(64)/vi		V			64	vi	M	False	False	(4, 3, 0)	()	4	4	major	major	I	I, major	V/vi	vi	vi/I	vi	True	V/vi	V/vi, major		V(64)/vi, major	vi	vi	-4	-4	-1	3	3	0	True	False	False
950	2	56	-4	A	-1	3	4	2	1	True	2.75	-4	40	40	40	40a	475/4	1/16	False	3	False				False	117	V(64)/vi{	i64/vi{	Ab	I		V(64)/vi		V			64	vi	M	False	False	(4, 3, 0)	()	4	4	major	major	I	I, major	V/vi	vi	vi/I	vi	True	V/vi	V/vi, major		V(64)/vi, major	vi	vi	-4	-4	-1	0	0	-3	True	False	False
952	2	48	0	C	0	3	4	2	1	True	3.0	-4	40	40	40	40a	119	1/16	False	3	False				False	117	V(64)/vi{	i64/vi{	Ab	I		V(64)/vi		V			64	vi	M	False	False	(4, 3, 0)	()	4	4	major	major	I	I, major	V/vi	vi	vi/I	vi	True	V/vi	V/vi, major		V(64)/vi, major	vi	vi	-4	-4	-1	4	4	1	True	True	True
952	6	80	-4	A	-1	3	4	1	2	True	3.0	-4	40	40	40	40a	119	3/16	False	5	False				False	117	V(64)/vi{	i64/vi{	Ab	I		V(64)/vi		V			64	vi	M	False	False	(4, 3, 0)	()	4	4	major	major	I	I, major	V/vi	vi	vi/I	vi	True	V/vi	V/vi, major		V(64)/vi, major	vi	vi	-4	-4	-1	0	0	-3	True	False	False
954	2	53	-1	F	0	3	4	2	1	True	3.25	-4	40	40	40	40a	477/4	1/16	False	3	False				False	117	V(64)/vi{	i64/vi{	Ab	I		V(64)/vi		V			64	vi	M	False	False	(4, 3, 0)	()	4	4	major	major	I	I, major	V/vi	vi	vi/I	vi	True	V/vi	V/vi, major		V(64)/vi, major	vi	vi	-4	-4	-1	3	3	0	True	False	False
954	2	56	-4	A	-1	3	4	2	1	True	3.25	-4	40	40	40	40a	477/4	1/16	False	3	False				False	117	V(64)/vi{	i64/vi{	Ab	I		V(64)/vi		V			64	vi	M	False	False	(4, 3, 0)	()	4	4	major	major	I	I, major	V/vi	vi	vi/I	vi	True	V/vi	V/vi, major		V(64)/vi, major	vi	vi	-4	-4	-1	0	0	-3	True	False	False
956	2	53	-1	F	0	3	4	2	1	True	3.5	-4	40	40	40	40a	239/2	1/16	False	3	False				False	117	V(64)/vi{	i64/vi{	Ab	I		V(64)/vi		V			64	vi	M	False	False	(4, 3, 0)	()	4	4	major	major	I	I, major	V/vi	vi	vi/I	vi	True	V/vi	V/vi, major		V(64)/vi, major	vi	vi	-4	-4	-1	3	3	0	True	False	False
956	2	56	-4	A	-1	3	4	2	1	True	3.5	-4	40	40	40	40a	239/2	1/16	False	3	False				False	117	V(64)/vi{	i64/vi{	Ab	I		V(64)/vi		V			64	vi	M	False	False	(4, 3, 0)	()	4	4	major	major	I	I, major	V/vi	vi	vi/I	vi	True	V/vi	V/vi, major		V(64)/vi, major	vi	vi	-4	-4	-1	0	0	-3	True	False	False
958	2	53	-1	F	0	3	4	2	1	True	3.75	-4	40	40	40	40a	479/4	1/16	False	3	False				False	117	V(64)/vi{	i64/vi{	Ab	I		V(64)/vi		V			64	vi	M	False	False	(4, 3, 0)	()	4	4	major	major	I	I, major	V/vi	vi	vi/I	vi	True	V/vi	V/vi, major		V(64)/vi, major	vi	vi	-4	-4	-1	3	3	0	True	False	False
958	2	56	-4	A	-1	3	4	2	1	True	3.75	-4	40	40	40	40a	479/4	1/16	False	3	False				False	117	V(64)/vi{	i64/vi{	Ab	I		V(64)/vi		V			64	vi	M	False	False	(4, 3, 0)	()	4	4	major	major	I	I, major	V/vi	vi	vi/I	vi	True	V/vi	V/vi, major		V(64)/vi, major	vi	vi	-4	-4	-1	0	0	-3	True	False	False
958	2	80	-4	A	-1	3	4	1	2	True	3.75	-4	40	40	40	40a	479/4	1/16	False	5	False				False	117	V(64)/vi{	i64/vi{	Ab	I		V(64)/vi		V			64	vi	M	False	False	(4, 3, 0)	()	4	4	major	major	I	I, major	V/vi	vi	vi/I	vi	True	V/vi	V/vi, major		V(64)/vi, major	vi	vi	-4	-4	-1	0	0	-3	True	False	False
960	2	48	0	C	0	3	4	2	1	True	1.0	-4	41	41	41	41a	120	1/16	False	3	True				False	118	V7(9)/vi		Ab	I		V7(9)/vi		V		7	9	vi	Mm7	False	False	(4, 8, 5, 2)	(-1,)	4	4	major	major	I	I, major	V/vi	vi	vi/I	vi	True	V7/vi	V7/vi, major		V7(9)/vi, major	vi	vi	-4	-4	-1	4	4	1	True	True	True
960	8	76	4	E	0	3	4	1	1	True	1.0	-4	41	41	41	41a	120	1/4	False	5	True				False	118	V7(9)/vi		Ab	I		V7(9)/vi		V		7	9	vi	Mm7	False	False	(4, 8, 5, 2)	(-1,)	4	4	major	major	I	I, major	V/vi	vi	vi/I	vi	True	V7/vi	V7/vi, major		V7(9)/vi, major	vi	vi	-4	-4	-1	8	8	5	True	False	False
960	8	79	1	G	0	3	4	1	1	True	1.0	-4	41	41	41	41a	120	1/4	False	5	True				False	118	V7(9)/vi		Ab	I		V7(9)/vi		V		7	9	vi	Mm7	False	False	(4, 8, 5, 2)	(-1,)	4	4	major	major	I	I, major	V/vi	vi	vi/I	vi	True	V7/vi	V7/vi, major		V7(9)/vi, major	vi	vi	-4	-4	-1	5	5	2	True	False	False
960	8	82	-2	B	-1	3	4	1	1	True	1.0	-4	41	41	41	41a	120	1/4	False	5	True				False	118	V7(9)/vi		Ab	I		V7(9)/vi		V		7	9	vi	Mm7	False	False	(4, 8, 5, 2)	(-1,)	4	4	major	major	I	I, major	V/vi	vi	vi/I	vi	True	V7/vi	V7/vi, major		V7(9)/vi, major	vi	vi	-4	-4	-1	2	2	-1	True	False	False
960	8	85	-5	D	-1	3	4	1	1	True	1.0	-4	41	41	41	41a	120	1/4	False	6	True				False	118	V7(9)/vi		Ab	I		V7(9)/vi		V		7	9	vi	Mm7	False	False	(4, 8, 5, 2)	(-1,)	4	4	major	major	I	I, major	V/vi	vi	vi/I	vi	True	V7/vi	V7/vi, major		V7(9)/vi, major	vi	vi	-4	-4	-1	-1	-1	-4	False	False	False
962	2	55	1	G	0	3	4	2	1	True	1.25	-4	41	41	41	41a	481/4	1/16	False	3	False				False	118	V7(9)/vi		Ab	I		V7(9)/vi		V		7	9	vi	Mm7	False	False	(4, 8, 5, 2)	(-1,)	4	4	major	major	I	I, major	V/vi	vi	vi/I	vi	True	V7/vi	V7/vi, major		V7(9)/vi, major	vi	vi	-4	-4	-1	5	5	2	True	False	False
962	2	58	-2	B	-1	3	4	2	1	True	1.25	-4	41	41	41	41a	481/4	1/16	False	3	False				False	118	V7(9)/vi		Ab	I		V7(9)/vi		V		7	9	vi	Mm7	False	False	(4, 8, 5, 2)	(-1,)	4	4	major	major	I	I, major	V/vi	vi	vi/I	vi	True	V7/vi	V7/vi, major		V7(9)/vi, major	vi	vi	-4	-4	-1	2	2	-1	True	False	False
964	2	55	1	G	0	3	4	2	1	True	1.5	-4	41	41	41	41a	241/2	1/16	False	3	False				False	118	V7(9)/vi		Ab	I		V7(9)/vi		V		7	9	vi	Mm7	False	False	(4, 8, 5, 2)	(-1,)	4	4	major	major	I	I, major	V/vi	vi	vi/I	vi	True	V7/vi	V7/vi, major		V7(9)/vi, major	vi	vi	-4	-4	-1	5	5	2	True	False	False
964	2	58	-2	B	-1	3	4	2	1	True	1.5	-4	41	41	41	41a	241/2	1/16	False	3	False				False	118	V7(9)/vi		Ab	I		V7(9)/vi		V		7	9	vi	Mm7	False	False	(4, 8, 5, 2)	(-1,)	4	4	major	major	I	I, major	V/vi	vi	vi/I	vi	True	V7/vi	V7/vi, major		V7(9)/vi, major	vi	vi	-4	-4	-1	2	2	-1	True	False	False
966	2	55	1	G	0	3	4	2	1	True	1.75	-4	41	41	41	41a	483/4	1/16	False	3	False				False	118	V7(9)/vi		Ab	I		V7(9)/vi		V		7	9	vi	Mm7	False	False	(4, 8, 5, 2)	(-1,)	4	4	major	major	I	I, major	V/vi	vi	vi/I	vi	True	V7/vi	V7/vi, major		V7(9)/vi, major	vi	vi	-4	-4	-1	5	5	2	True	False	False
966	2	58	-2	B	-1	3	4	2	1	True	1.75	-4	41	41	41	41a	483/4	1/16	False	3	False				False	118	V7(9)/vi		Ab	I		V7(9)/vi		V		7	9	vi	Mm7	False	False	(4, 8, 5, 2)	(-1,)	4	4	major	major	I	I, major	V/vi	vi	vi/I	vi	True	V7/vi	V7/vi, major		V7(9)/vi, major	vi	vi	-4	-4	-1	2	2	-1	True	False	False
968	2	48	0	C	0	3	4	2	1	True	2.0	-4	41	41	41	41a	121	1/16	False	3	True				False	119	V7/vi		Ab	I		V7/vi		V		7		vi	Mm7	False	False	(4, 8, 5, 2)	()	4	4	major	major	I	I, major	V/vi	vi	vi/I	vi	True	V7/vi	V7/vi, major		V7/vi, major	vi	vi	-4	-4	-1	4	4	1	True	True	True
968	16	76	4	E	0	3	4	1	1	True	2.0	-4	41	41	41	41a	121	1/2	False	5	True				False	119	V7/vi		Ab	I		V7/vi		V		7		vi	Mm7	False	False	(4, 8, 5, 2)	()	4	4	major	major	I	I, major	V/vi	vi	vi/I	vi	True	V7/vi	V7/vi, major		V7/vi, major	vi	vi	-4	-4	-1	8	8	5	True	False	False
968	16	79	1	G	0	3	4	1	1	True	2.0	-4	41	41	41	41a	121	1/2	False	5	True				False	119	V7/vi		Ab	I		V7/vi		V		7		vi	Mm7	False	False	(4, 8, 5, 2)	()	4	4	major	major	I	I, major	V/vi	vi	vi/I	vi	True	V7/vi	V7/vi, major		V7/vi, major	vi	vi	-4	-4	-1	5	5	2	True	False	False
968	16	82	-2	B	-1	3	4	1	1	True	2.0	-4	41	41	41	41a	121	1/2	False	5	True				False	119	V7/vi		Ab	I		V7/vi		V		7		vi	Mm7	False	False	(4, 8, 5, 2)	()	4	4	major	major	I	I, major	V/vi	vi	vi/I	vi	True	V7/vi	V7/vi, major		V7/vi, major	vi	vi	-4	-4	-1	2	2	-1	True	False	False
970	2	55	1	G	0	3	4	2	1	True	2.25	-4	41	41	41	41a	485/4	1/16	False	3	False				False	119	V7/vi		Ab	I		V7/vi		V		7		vi	Mm7	False	False	(4, 8, 5, 2)	()	4	4	major	major	I	I, major	V/vi	vi	vi/I	vi	True	V7/vi	V7/vi, major		V7/vi, major	vi	vi	-4	-4	-1	5	5	2	True	False	False
970	2	58	-2	B	-1	3	4	2	1	True	2.25	-4	41	41	41	41a	485/4	1/16	False	3	False				False	119	V7/vi		Ab	I		V7/vi		V		7		vi	Mm7	False	False	(4, 8, 5, 2)	()	4	4	major	major	I	I, major	V/vi	vi	vi/I	vi	True	V7/vi	V7/vi, major		V7/vi, major	vi	vi	-4	-4	-1	2	2	-1	True	False	False
972	2	55	1	G	0	3	4	2	1	True	2.5	-4	41	41	41	41a	243/2	1/16	False	3	False				False	119	V7/vi		Ab	I		V7/vi		V		7		vi	Mm7	False	False	(4, 8, 5, 2)	()	4	4	major	major	I	I, major	V/vi	vi	vi/I	vi	True	V7/vi	V7/vi, major		V7/vi, major	vi	vi	-4	-4	-1	5	5	2	True	False	False
972	2	58	-2	B	-1	3	4	2	1	True	2.5	-4	41	41	41	41a	243/2	1/16	False	3	False				False	119	V7/vi		Ab	I		V7/vi		V		7		vi	Mm7	False	False	(4, 8, 5, 2)	()	4	4	major	major	I	I, major	V/vi	vi	vi/I	vi	True	V7/vi	V7/vi, major		V7/vi, major	vi	vi	-4	-4	-1	2	2	-1	True	False	False
974	2	55	1	G	0	3	4	2	1	True	2.75	-4	41	41	41	41a	487/4	1/16	False	3	False				False	119	V7/vi		Ab	I		V7/vi		V		7		vi	Mm7	False	False	(4, 8, 5, 2)	()	4	4	major	major	I	I, major	V/vi	vi	vi/I	vi	True	V7/vi	V7/vi, major		V7/vi, major	vi	vi	-4	-4	-1	5	5	2	True	False	False
974	2	58	-2	B	-1	3	4	2	1	True	2.75	-4	41	41	41	41a	487/4	1/16	False	3	False				False	119	V7/vi		Ab	I		V7/vi		V		7		vi	Mm7	False	False	(4, 8, 5, 2)	()	4	4	major	major	I	I, major	V/vi	vi	vi/I	vi	True	V7/vi	V7/vi, major		V7/vi, major	vi	vi	-4	-4	-1	2	2	-1	True	False	False
976	2	48	0	C	0	3	4	2	1	True	3.0	-4	41	41	41	41a	122	1/16	False	3	False				False	119	V7/vi		Ab	I		V7/vi		V		7		vi	Mm7	False	False	(4, 8, 5, 2)	()	4	4	major	major	I	I, major	V/vi	vi	vi/I	vi	True	V7/vi	V7/vi, major		V7/vi, major	vi	vi	-4	-4	-1	4	4	1	True	True	True
978	2	55	1	G	0	3	4	2	1	True	3.25	-4	41	41	41	41a	489/4	1/16	False	3	False				False	119	V7/vi		Ab	I		V7/vi		V		7		vi	Mm7	False	False	(4, 8, 5, 2)	()	4	4	major	major	I	I, major	V/vi	vi	vi/I	vi	True	V7/vi	V7/vi, major		V7/vi, major	vi	vi	-4	-4	-1	5	5	2	True	False	False
978	2	58	-2	B	-1	3	4	2	1	True	3.25	-4	41	41	41	41a	489/4	1/16	False	3	False				False	119	V7/vi		Ab	I		V7/vi		V		7		vi	Mm7	False	False	(4, 8, 5, 2)	()	4	4	major	major	I	I, major	V/vi	vi	vi/I	vi	True	V7/vi	V7/vi, major		V7/vi, major	vi	vi	-4	-4	-1	2	2	-1	True	False	False
980	2	55	1	G	0	3	4	2	1	True	3.5	-4	41	41	41	41a	245/2	1/16	False	3	False				False	119	V7/vi		Ab	I		V7/vi		V		7		vi	Mm7	False	False	(4, 8, 5, 2)	()	4	4	major	major	I	I, major	V/vi	vi	vi/I	vi	True	V7/vi	V7/vi, major		V7/vi, major	vi	vi	-4	-4	-1	5	5	2	True	False	False
980	2	58	-2	B	-1	3	4	2	1	True	3.5	-4	41	41	41	41a	245/2	1/16	False	3	False				False	119	V7/vi		Ab	I		V7/vi		V		7		vi	Mm7	False	False	(4, 8, 5, 2)	()	4	4	major	major	I	I, major	V/vi	vi	vi/I	vi	True	V7/vi	V7/vi, major		V7/vi, major	vi	vi	-4	-4	-1	2	2	-1	True	False	False
982	2	55	1	G	0	3	4	2	1	True	3.75	-4	41	41	41	41a	491/4	1/16	False	3	False				False	119	V7/vi		Ab	I		V7/vi		V		7		vi	Mm7	False	False	(4, 8, 5, 2)	()	4	4	major	major	I	I, major	V/vi	vi	vi/I	vi	True	V7/vi	V7/vi, major		V7/vi, major	vi	vi	-4	-4	-1	5	5	2	True	False	False
982	2	58	-2	B	-1	3	4	2	1	True	3.75	-4	41	41	41	41a	491/4	1/16	False	3	False				False	119	V7/vi		Ab	I		V7/vi		V		7		vi	Mm7	False	False	(4, 8, 5, 2)	()	4	4	major	major	I	I, major	V/vi	vi	vi/I	vi	True	V7/vi	V7/vi, major		V7/vi, major	vi	vi	-4	-4	-1	2	2	-1	True	False	False
984	2	48	0	C	0	3	4	2	1	True	1.0	-4	42	42	42	42a	123	1/16	False	3	False				False	119	V7/vi		Ab	I		V7/vi		V		7		vi	Mm7	False	False	(4, 8, 5, 2)	()	4	4	major	major	I	I, major	V/vi	vi	vi/I	vi	True	V7/vi	V7/vi, major		V7/vi, major	vi	vi	-4	-4	-1	4	4	1	True	True	True
984	12	76	4	E	0	3	4	1	1	True	1.0	-4	42	42	42	42a	123	3/8	False	5	False				False	119	V7/vi		Ab	I		V7/vi		V		7		vi	Mm7	False	False	(4, 8, 5, 2)	()	4	4	major	major	I	I, major	V/vi	vi	vi/I	vi	True	V7/vi	V7/vi, major		V7/vi, major	vi	vi	-4	-4	-1	8	8	5	True	False	False
984	12	79	1	G	0	3	4	1	1	True	1.0	-4	42	42	42	42a	123	3/8	False	5	False				False	119	V7/vi		Ab	I		V7/vi		V		7		vi	Mm7	False	False	(4, 8, 5, 2)	()	4	4	major	major	I	I, major	V/vi	vi	vi/I	vi	True	V7/vi	V7/vi, major		V7/vi, major	vi	vi	-4	-4	-1	5	5	2	True	False	False
984	12	82	-2	B	-1	3	4	1	1	True	1.0	-4	42	42	42	42a	123	3/8	False	5	False				False	119	V7/vi		Ab	I		V7/vi		V		7		vi	Mm7	False	False	(4, 8, 5, 2)	()	4	4	major	major	I	I, major	V/vi	vi	vi/I	vi	True	V7/vi	V7/vi, major		V7/vi, major	vi	vi	-4	-4	-1	2	2	-1	True	False	False
986	2	52	4	E	0	3	4	2	1	True	1.25	-4	42	42	42	42a	493/4	1/16	False	3	False				False	119	V7/vi		Ab	I		V7/vi		V		7		vi	Mm7	False	False	(4, 8, 5, 2)	()	4	4	major	major	I	I, major	V/vi	vi	vi/I	vi	True	V7/vi	V7/vi, major		V7/vi, major	vi	vi	-4	-4	-1	8	8	5	True	False	False
986	2	55	1	G	0	3	4	2	1	True	1.25	-4	42	42	42	42a	493/4	1/16	False	3	False				False	119	V7/vi		Ab	I		V7/vi		V		7		vi	Mm7	False	False	(4, 8, 5, 2)	()	4	4	major	major	I	I, major	V/vi	vi	vi/I	vi	True	V7/vi	V7/vi, major		V7/vi, major	vi	vi	-4	-4	-1	5	5	2	True	False	False
988	2	52	4	E	0	3	4	2	1	True	1.5	-4	42	42	42	42a	247/2	1/16	False	3	False				False	119	V7/vi		Ab	I		V7/vi		V		7		vi	Mm7	False	False	(4, 8, 5, 2)	()	4	4	major	major	I	I, major	V/vi	vi	vi/I	vi	True	V7/vi	V7/vi, major		V7/vi, major	vi	vi	-4	-4	-1	8	8	5	True	False	False
988	2	55	1	G	0	3	4	2	1	True	1.5	-4	42	42	42	42a	247/2	1/16	False	3	False				False	119	V7/vi		Ab	I		V7/vi		V		7		vi	Mm7	False	False	(4, 8, 5, 2)	()	4	4	major	major	I	I, major	V/vi	vi	vi/I	vi	True	V7/vi	V7/vi, major		V7/vi, major	vi	vi	-4	-4	-1	5	5	2	True	False	False
990	2	52	4	E	0	3	4	2	1	True	1.75	-4	42	42	42	42a	495/4	1/16	False	3	False				False	119	V7/vi		Ab	I		V7/vi		V		7		vi	Mm7	False	False	(4, 8, 5, 2)	()	4	4	major	major	I	I, major	V/vi	vi	vi/I	vi	True	V7/vi	V7/vi, major		V7/vi, major	vi	vi	-4	-4	-1	8	8	5	True	False	False
990	2	55	1	G	0	3	4	2	1	True	1.75	-4	42	42	42	42a	495/4	1/16	False	3	False				False	119	V7/vi		Ab	I		V7/vi		V		7		vi	Mm7	False	False	(4, 8, 5, 2)	()	4	4	major	major	I	I, major	V/vi	vi	vi/I	vi	True	V7/vi	V7/vi, major		V7/vi, major	vi	vi	-4	-4	-1	5	5	2	True	False	False
992	2	48	0	C	0	3	4	2	1	True	2.0	-4	42	42	42	42a	124	1/16	False	3	False				False	119	V7/vi		Ab	I		V7/vi		V		7		vi	Mm7	False	False	(4, 8, 5, 2)	()	4	4	major	major	I	I, major	V/vi	vi	vi/I	vi	True	V7/vi	V7/vi, major		V7/vi, major	vi	vi	-4	-4	-1	4	4	1	True	True	True
994	2	52	4	E	0	3	4	2	1	True	2.25	-4	42	42	42	42a	497/4	1/16	False	3	False				False	119	V7/vi		Ab	I		V7/vi		V		7		vi	Mm7	False	False	(4, 8, 5, 2)	()	4	4	major	major	I	I, major	V/vi	vi	vi/I	vi	True	V7/vi	V7/vi, major		V7/vi, major	vi	vi	-4	-4	-1	8	8	5	True	False	False
994	2	55	1	G	0	3	4	2	1	True	2.25	-4	42	42	42	42a	497/4	1/16	False	3	False				False	119	V7/vi		Ab	I		V7/vi		V		7		vi	Mm7	False	False	(4, 8, 5, 2)	()	4	4	major	major	I	I, major	V/vi	vi	vi/I	vi	True	V7/vi	V7/vi, major		V7/vi, major	vi	vi	-4	-4	-1	5	5	2	True	False	False
996	2	52	4	E	0	3	4	2	1	True	2.5	-4	42	42	42	42a	249/2	1/16	False	3	True				False	120	V/vi		Ab	I		V/vi		V				vi	M	False	False	(4, 8, 5)	()	4	4	major	major	I	I, major	V/vi	vi	vi/I	vi	True	V/vi	V/vi, major		V/vi, major	vi	vi	-4	-4	-1	8	8	5	True	False	False
996	2	55	1	G	0	3	4	2	1	True	2.5	-4	42	42	42	42a	249/2	1/16	False	3	True				False	120	V/vi		Ab	I		V/vi		V				vi	M	False	False	(4, 8, 5)	()	4	4	major	major	I	I, major	V/vi	vi	vi/I	vi	True	V/vi	V/vi, major		V/vi, major	vi	vi	-4	-4	-1	5	5	2	True	False	False
996	4	79	1	G	0	3	4	1	1	True	2.5	-4	42	42	42	42a	249/2	1/8	False	5	True				False	120	V/vi		Ab	I		V/vi		V				vi	M	False	False	(4, 8, 5)	()	4	4	major	major	I	I, major	V/vi	vi	vi/I	vi	True	V/vi	V/vi, major		V/vi, major	vi	vi	-4	-4	-1	5	5	2	True	False	False
998	2	52	4	E	0	3	4	2	1	True	2.75	-4	42	42	42	42a	499/4	1/16	False	3	False				False	120	V/vi		Ab	I		V/vi		V				vi	M	False	False	(4, 8, 5)	()	4	4	major	major	I	I, major	V/vi	vi	vi/I	vi	True	V/vi	V/vi, major		V/vi, major	vi	vi	-4	-4	-1	8	8	5	True	False	False
998	2	55	1	G	0	3	4	2	1	True	2.75	-4	42	42	42	42a	499/4	1/16	False	3	False				False	120	V/vi		Ab	I		V/vi		V				vi	M	False	False	(4, 8, 5)	()	4	4	major	major	I	I, major	V/vi	vi	vi/I	vi	True	V/vi	V/vi, major		V/vi, major	vi	vi	-4	-4	-1	5	5	2	True	False	False
1000	2	48	0	C	0	3	4	2	1	True	3.0	-4	42	42	42	42a	125	1/16	False	3	False				False	120	V/vi		Ab	I		V/vi		V				vi	M	False	False	(4, 8, 5)	()	4	4	major	major	I	I, major	V/vi	vi	vi/I	vi	True	V/vi	V/vi, major		V/vi, major	vi	vi	-4	-4	-1	4	4	1	True	True	True
1000	6	79	1	G	0	3	4	1	1	True	3.0	-4	42	42	42	42a	125	3/16	False	5	False				False	120	V/vi		Ab	I		V/vi		V				vi	M	False	False	(4, 8, 5)	()	4	4	major	major	I	I, major	V/vi	vi	vi/I	vi	True	V/vi	V/vi, major		V/vi, major	vi	vi	-4	-4	-1	5	5	2	True	False	False
1002	2	52	4	E	0	3	4	2	1	True	3.25	-4	42	42	42	42a	501/4	1/16	False	3	False				False	120	V/vi		Ab	I		V/vi		V				vi	M	False	False	(4, 8, 5)	()	4	4	major	major	I	I, major	V/vi	vi	vi/I	vi	True	V/vi	V/vi, major		V/vi, major	vi	vi	-4	-4	-1	8	8	5	True	False	False
1002	2	55	1	G	0	3	4	2	1	True	3.25	-4	42	42	42	42a	501/4	1/16	False	3	False				False	120	V/vi		Ab	I		V/vi		V				vi	M	False	False	(4, 8, 5)	()	4	4	major	major	I	I, major	V/vi	vi	vi/I	vi	True	V/vi	V/vi, major		V/vi, major	vi	vi	-4	-4	-1	5	5	2	True	False	False
1004	2	52	4	E	0	3	4	2	1	True	3.5	-4	42	42	42	42a	251/2	1/16	False	3	False				False	120	V/vi		Ab	I		V/vi		V				vi	M	False	False	(4, 8, 5)	()	4	4	major	major	I	I, major	V/vi	vi	vi/I	vi	True	V/vi	V/vi, major		V/vi, major	vi	vi	-4	-4	-1	8	8	5	True	False	False
1004	2	55	1	G	0	3	4	2	1	True	3.5	-4	42	42	42	42a	251/2	1/16	False	3	False				False	120	V/vi		Ab	I		V/vi		V				vi	M	False	False	(4, 8, 5)	()	4	4	major	major	I	I, major	V/vi	vi	vi/I	vi	True	V/vi	V/vi, major		V/vi, major	vi	vi	-4	-4	-1	5	5	2	True	False	False
1006	2	52	4	E	0	3	4	2	1	True	3.75	-4	42	42	42	42a	503/4	1/16	False	3	False				False	120	V/vi		Ab	I		V/vi		V				vi	M	False	False	(4, 8, 5)	()	4	4	major	major	I	I, major	V/vi	vi	vi/I	vi	True	V/vi	V/vi, major		V/vi, major	vi	vi	-4	-4	-1	8	8	5	True	False	False
1006	2	55	1	G	0	3	4	2	1	True	3.75	-4	42	42	42	42a	503/4	1/16	False	3	False				False	120	V/vi		Ab	I		V/vi		V				vi	M	False	False	(4, 8, 5)	()	4	4	major	major	I	I, major	V/vi	vi	vi/I	vi	True	V/vi	V/vi, major		V/vi, major	vi	vi	-4	-4	-1	5	5	2	True	False	False
1006	2	79	1	G	0	3	4	1	1	True	3.75	-4	42	42	42	42a	503/4	1/16	False	5	False				False	120	V/vi		Ab	I		V/vi		V				vi	M	False	False	(4, 8, 5)	()	4	4	major	major	I	I, major	V/vi	vi	vi/I	vi	True	V/vi	V/vi, major		V/vi, major	vi	vi	-4	-4	-1	5	5	2	True	False	False
1008	2	48	0	C	0	3	4	2	1	True	1.0	-4	43	43	43	43a	126	1/16	False	3	True				False	121	V(64)/vi	i64/vi	Ab	I		V(64)/vi		V			64	vi	M	False	False	(4, 3, 0)	()	4	4	major	major	I	I, major	V/vi	vi	vi/I	vi	True	V/vi	V/vi, major		V(64)/vi, major	vi	vi	-4	-4	-1	4	4	1	True	True	True
1008	8	72	0	C	0	3	4	1	1	True	1.0	-4	43	43	43	43a	126	1/4	False	5	True				False	121	V(64)/vi	i64/vi	Ab	I		V(64)/vi		V			64	vi	M	False	False	(4, 3, 0)	()	4	4	major	major	I	I, major	V/vi	vi	vi/I	vi	True	V/vi	V/vi, major		V(64)/vi, major	vi	vi	-4	-4	-1	4	4	1	True	True	True
1008	8	77	-1	F	0	3	4	1	1	True	1.0	-4	43	43	43	43a	126	1/4	False	5	True				False	121	V(64)/vi	i64/vi	Ab	I		V(64)/vi		V			64	vi	M	False	False	(4, 3, 0)	()	4	4	major	major	I	I, major	V/vi	vi	vi/I	vi	True	V/vi	V/vi, major		V(64)/vi, major	vi	vi	-4	-4	-1	3	3	0	True	False	False
1008	8	80	-4	A	-1	3	4	1	1	True	1.0	-4	43	43	43	43a	126	1/4	False	5	True				False	121	V(64)/vi	i64/vi	Ab	I		V(64)/vi		V			64	vi	M	False	False	(4, 3, 0)	()	4	4	major	major	I	I, major	V/vi	vi	vi/I	vi	True	V/vi	V/vi, major		V(64)/vi, major	vi	vi	-4	-4	-1	0	0	-3	True	False	False
1008	8	84	0	C	0	3	4	1	1	True	1.0	-4	43	43	43	43a	126	1/4	False	6	True				False	121	V(64)/vi	i64/vi	Ab	I		V(64)/vi		V			64	vi	M	False	False	(4, 3, 0)	()	4	4	major	major	I	I, major	V/vi	vi	vi/I	vi	True	V/vi	V/vi, major		V(64)/vi, major	vi	vi	-4	-4	-1	4	4	1	True	True	True
1010	2	53	-1	F	0	3	4	2	1	True	1.25	-4	43	43	43	43a	505/4	1/16	False	3	False				False	121	V(64)/vi	i64/vi	Ab	I		V(64)/vi		V			64	vi	M	False	False	(4, 3, 0)	()	4	4	major	major	I	I, major	V/vi	vi	vi/I	vi	True	V/vi	V/vi, major		V(64)/vi, major	vi	vi	-4	-4	-1	3	3	0	True	False	False
1010	2	56	-4	A	-1	3	4	2	1	True	1.25	-4	43	43	43	43a	505/4	1/16	False	3	False				False	121	V(64)/vi	i64/vi	Ab	I		V(64)/vi		V			64	vi	M	False	False	(4, 3, 0)	()	4	4	major	major	I	I, major	V/vi	vi	vi/I	vi	True	V/vi	V/vi, major		V(64)/vi, major	vi	vi	-4	-4	-1	0	0	-3	True	False	False
1012	2	53	-1	F	0	3	4	2	1	True	1.5	-4	43	43	43	43a	253/2	1/16	False	3	False				False	121	V(64)/vi	i64/vi	Ab	I		V(64)/vi		V			64	vi	M	False	False	(4, 3, 0)	()	4	4	major	major	I	I, major	V/vi	vi	vi/I	vi	True	V/vi	V/vi, major		V(64)/vi, major	vi	vi	-4	-4	-1	3	3	0	True	False	False
1012	2	56	-4	A	-1	3	4	2	1	True	1.5	-4	43	43	43	43a	253/2	1/16	False	3	False				False	121	V(64)/vi	i64/vi	Ab	I		V(64)/vi		V			64	vi	M	False	False	(4, 3, 0)	()	4	4	major	major	I	I, major	V/vi	vi	vi/I	vi	True	V/vi	V/vi, major		V(64)/vi, major	vi	vi	-4	-4	-1	0	0	-3	True	False	False
1014	2	53	-1	F	0	3	4	2	1	True	1.75	-4	43	43	43	43a	507/4	1/16	False	3	False				False	121	V(64)/vi	i64/vi	Ab	I		V(64)/vi		V			64	vi	M	False	False	(4, 3, 0)	()	4	4	major	major	I	I, major	V/vi	vi	vi/I	vi	True	V/vi	V/vi, major		V(64)/vi, major	vi	vi	-4	-4	-1	3	3	0	True	False	False
1014	2	56	-4	A	-1	3	4	2	1	True	1.75	-4	43	43	43	43a	507/4	1/16	False	3	False				False	121	V(64)/vi	i64/vi	Ab	I		V(64)/vi		V			64	vi	M	False	False	(4, 3, 0)	()	4	4	major	major	I	I, major	V/vi	vi	vi/I	vi	True	V/vi	V/vi, major		V(64)/vi, major	vi	vi	-4	-4	-1	0	0	-3	True	False	False
1016	2	48	0	C	0	3	4	2	1	True	2.0	-4	43	43	43	43a	127	1/16	False	3	False				False	121	V(64)/vi	i64/vi	Ab	I		V(64)/vi		V			64	vi	M	False	False	(4, 3, 0)	()	4	4	major	major	I	I, major	V/vi	vi	vi/I	vi	True	V/vi	V/vi, major		V(64)/vi, major	vi	vi	-4	-4	-1	4	4	1	True	True	True
1016	16	72	0	C	0	3	4	1	1	True	2.0	-4	43	43	43	43a	127	1/2	False	5	False				False	121	V(64)/vi	i64/vi	Ab	I		V(64)/vi		V			64	vi	M	False	False	(4, 3, 0)	()	4	4	major	major	I	I, major	V/vi	vi	vi/I	vi	True	V/vi	V/vi, major		V(64)/vi, major	vi	vi	-4	-4	-1	4	4	1	True	True	True
1016	16	77	-1	F	0	3	4	1	1	True	2.0	-4	43	43	43	43a	127	1/2	False	5	False				False	121	V(64)/vi	i64/vi	Ab	I		V(64)/vi		V			64	vi	M	False	False	(4, 3, 0)	()	4	4	major	major	I	I, major	V/vi	vi	vi/I	vi	True	V/vi	V/vi, major		V(64)/vi, major	vi	vi	-4	-4	-1	3	3	0	True	False	False
1016	16	80	-4	A	-1	3	4	1	1	True	2.0	-4	43	43	43	43a	127	1/2	False	5	False				False	121	V(64)/vi	i64/vi	Ab	I		V(64)/vi		V			64	vi	M	False	False	(4, 3, 0)	()	4	4	major	major	I	I, major	V/vi	vi	vi/I	vi	True	V/vi	V/vi, major		V(64)/vi, major	vi	vi	-4	-4	-1	0	0	-3	True	False	False
1018	2	53	-1	F	0	3	4	2	1	True	2.25	-4	43	43	43	43a	509/4	1/16	False	3	False				False	121	V(64)/vi	i64/vi	Ab	I		V(64)/vi		V			64	vi	M	False	False	(4, 3, 0)	()	4	4	major	major	I	I, major	V/vi	vi	vi/I	vi	True	V/vi	V/vi, major		V(64)/vi, major	vi	vi	-4	-4	-1	3	3	0	True	False	False
1018	2	56	-4	A	-1	3	4	2	1	True	2.25	-4	43	43	43	43a	509/4	1/16	False	3	False				False	121	V(64)/vi	i64/vi	Ab	I		V(64)/vi		V			64	vi	M	False	False	(4, 3, 0)	()	4	4	major	major	I	I, major	V/vi	vi	vi/I	vi	True	V/vi	V/vi, major		V(64)/vi, major	vi	vi	-4	-4	-1	0	0	-3	True	False	False
1020	2	53	-1	F	0	3	4	2	1	True	2.5	-4	43	43	43	43a	255/2	1/16	False	3	False				False	121	V(64)/vi	i64/vi	Ab	I		V(64)/vi		V			64	vi	M	False	False	(4, 3, 0)	()	4	4	major	major	I	I, major	V/vi	vi	vi/I	vi	True	V/vi	V/vi, major		V(64)/vi, major	vi	vi	-4	-4	-1	3	3	0	True	False	False
1020	2	56	-4	A	-1	3	4	2	1	True	2.5	-4	43	43	43	43a	255/2	1/16	False	3	False				False	121	V(64)/vi	i64/vi	Ab	I		V(64)/vi		V			64	vi	M	False	False	(4, 3, 0)	()	4	4	major	major	I	I, major	V/vi	vi	vi/I	vi	True	V/vi	V/vi, major		V(64)/vi, major	vi	vi	-4	-4	-1	0	0	-3	True	False	False
1022	2	53	-1	F	0	3	4	2	1	True	2.75	-4	43	43	43	43a	511/4	1/16	False	3	False				False	121	V(64)/vi	i64/vi	Ab	I		V(64)/vi		V			64	vi	M	False	False	(4, 3, 0)	()	4	4	major	major	I	I, major	V/vi	vi	vi/I	vi	True	V/vi	V/vi, major		V(64)/vi, major	vi	vi	-4	-4	-1	3	3	0	True	False	False
1022	2	56	-4	A	-1	3	4	2	1	True	2.75	-4	43	43	43	43a	511/4	1/16	False	3	False				False	121	V(64)/vi	i64/vi	Ab	I		V(64)/vi		V			64	vi	M	False	False	(4, 3, 0)	()	4	4	major	major	I	I, major	V/vi	vi	vi/I	vi	True	V/vi	V/vi, major		V(64)/vi, major	vi	vi	-4	-4	-1	0	0	-3	True	False	False
1024	2	48	0	C	0	3	4	2	1	True	3.0	-4	43	43	43	43a	128	1/16	False	3	False				False	121	V(64)/vi	i64/vi	Ab	I		V(64)/vi		V			64	vi	M	False	False	(4, 3, 0)	()	4	4	major	major	I	I, major	V/vi	vi	vi/I	vi	True	V/vi	V/vi, major		V(64)/vi, major	vi	vi	-4	-4	-1	4	4	1	True	True	True
1026	2	53	-1	F	0	3	4	2	1	True	3.25	-4	43	43	43	43a	513/4	1/16	False	3	False				False	121	V(64)/vi	i64/vi	Ab	I		V(64)/vi		V			64	vi	M	False	False	(4, 3, 0)	()	4	4	major	major	I	I, major	V/vi	vi	vi/I	vi	True	V/vi	V/vi, major		V(64)/vi, major	vi	vi	-4	-4	-1	3	3	0	True	False	False
1026	2	56	-4	A	-1	3	4	2	1	True	3.25	-4	43	43	43	43a	513/4	1/16	False	3	False				False	121	V(64)/vi	i64/vi	Ab	I		V(64)/vi		V			64	vi	M	False	False	(4, 3, 0)	()	4	4	major	major	I	I, major	V/vi	vi	vi/I	vi	True	V/vi	V/vi, major		V(64)/vi, major	vi	vi	-4	-4	-1	0	0	-3	True	False	False
1028	2	53	-1	F	0	3	4	2	1	True	3.5	-4	43	43	43	43a	257/2	1/16	False	3	False				False	121	V(64)/vi	i64/vi	Ab	I		V(64)/vi		V			64	vi	M	False	False	(4, 3, 0)	()	4	4	major	major	I	I, major	V/vi	vi	vi/I	vi	True	V/vi	V/vi, major		V(64)/vi, major	vi	vi	-4	-4	-1	3	3	0	True	False	False
1028	2	56	-4	A	-1	3	4	2	1	True	3.5	-4	43	43	43	43a	257/2	1/16	False	3	False				False	121	V(64)/vi	i64/vi	Ab	I		V(64)/vi		V			64	vi	M	False	False	(4, 3, 0)	()	4	4	major	major	I	I, major	V/vi	vi	vi/I	vi	True	V/vi	V/vi, major		V(64)/vi, major	vi	vi	-4	-4	-1	0	0	-3	True	False	False
1030	2	53	-1	F	0	3	4	2	1	True	3.75	-4	43	43	43	43a	515/4	1/16	False	3	False				False	121	V(64)/vi	i64/vi	Ab	I		V(64)/vi		V			64	vi	M	False	False	(4, 3, 0)	()	4	4	major	major	I	I, major	V/vi	vi	vi/I	vi	True	V/vi	V/vi, major		V(64)/vi, major	vi	vi	-4	-4	-1	3	3	0	True	False	False
1030	2	56	-4	A	-1	3	4	2	1	True	3.75	-4	43	43	43	43a	515/4	1/16	False	3	False				False	121	V(64)/vi	i64/vi	Ab	I		V(64)/vi		V			64	vi	M	False	False	(4, 3, 0)	()	4	4	major	major	I	I, major	V/vi	vi	vi/I	vi	True	V/vi	V/vi, major		V(64)/vi, major	vi	vi	-4	-4	-1	0	0	-3	True	False	False
1032	2	41	-1	F	0	3	4	2	1	True	1.0	-4	44	44	44	44a	129	1/16	False	2	True				False	122	i/vi		Ab	I		i/vi		i				vi	m	False	False	(3, 0, 4)	()	3	3	major	major	I	I, major	i/vi	vi	vi/I	vi	True	i/vi	i/vi, major		i/vi, major	vi	vi	-4	-4	-1	3	3	0	True	True	True
1032	16	72	0	C	0	3	4	1	2	True	1.0	-4	44	44	44	44a	129	1/2	False	5	True				False	122	i/vi		Ab	I		i/vi		i				vi	m	False	False	(3, 0, 4)	()	3	3	major	major	I	I, major	i/vi	vi	vi/I	vi	True	i/vi	i/vi, major		i/vi, major	vi	vi	-4	-4	-1	4	4	1	True	False	False
1032	12	77	-1	F	0	3	4	1	1	True	1.0	-4	44	44	44	44a	129	3/8	False	5	True				False	122	i/vi		Ab	I		i/vi		i				vi	m	False	False	(3, 0, 4)	()	3	3	major	major	I	I, major	i/vi	vi	vi/I	vi	True	i/vi	i/vi, major		i/vi, major	vi	vi	-4	-4	-1	3	3	0	True	True	True
1032	12	80	-4	A	-1	3	4	1	1	True	1.0	-4	44	44	44	44a	129	3/8	False	5	True				False	122	i/vi		Ab	I		i/vi		i				vi	m	False	False	(3, 0, 4)	()	3	3	major	major	I	I, major	i/vi	vi	vi/I	vi	True	i/vi	i/vi, major		i/vi, major	vi	vi	-4	-4	-1	0	0	-3	True	False	False
1034	2	48	0	C	0	3	4	2	1	True	1.25	-4	44	44	44	44a	517/4	1/16	False	3	False				False	122	i/vi		Ab	I		i/vi		i				vi	m	False	False	(3, 0, 4)	()	3	3	major	major	I	I, major	i/vi	vi	vi/I	vi	True	i/vi	i/vi, major		i/vi, major	vi	vi	-4	-4	-1	4	4	1	True	False	False
1036	2	50	2	D	0	3	4	2	1	True	1.5	-4	44	44	44	44a	259/2	1/16	False	3	False				False	122	i/vi		Ab	I		i/vi		i				vi	m	False	False	(3, 0, 4)	()	3	3	major	major	I	I, major	i/vi	vi	vi/I	vi	True	i/vi	i/vi, major		i/vi, major	vi	vi	-4	-4	-1	6	6	3	False	False	False
1038	2	52	4	E	0	3	4	2	1	True	1.75	-4	44	44	44	44a	519/4	1/16	False	3	False				False	122	i/vi		Ab	I		i/vi		i				vi	m	False	False	(3, 0, 4)	()	3	3	major	major	I	I, major	i/vi	vi	vi/I	vi	True	i/vi	i/vi, major		i/vi, major	vi	vi	-4	-4	-1	8	8	5	False	False	False
1040	2	53	-1	F	0	3	4	2	1	True	2.0	-4	44	44	44	44a	130	1/16	False	3	False				False	122	i/vi		Ab	I		i/vi		i				vi	m	False	False	(3, 0, 4)	()	3	3	major	major	I	I, major	i/vi	vi	vi/I	vi	True	i/vi	i/vi, major		i/vi, major	vi	vi	-4	-4	-1	3	3	0	True	True	True
1042	2	55	1	G	0	3	4	2	1	True	2.25	-4	44	44	44	44a	521/4	1/16	False	3	False				False	122	i/vi		Ab	I		i/vi		i				vi	m	False	False	(3, 0, 4)	()	3	3	major	major	I	I, major	i/vi	vi	vi/I	vi	True	i/vi	i/vi, major		i/vi, major	vi	vi	-4	-4	-1	5	5	2	False	False	False
1044	2	56	-4	A	-1	3	4	2	1	True	2.5	-4	44	44	44	44a	261/2	1/16	False	3	False				False	122	i/vi		Ab	I		i/vi		i				vi	m	False	False	(3, 0, 4)	()	3	3	major	major	I	I, major	i/vi	vi	vi/I	vi	True	i/vi	i/vi, major		i/vi, major	vi	vi	-4	-4	-1	0	0	-3	True	False	False
1044	4	77	-1	F	0	3	4	1	1	True	2.5	-4	44	44	44	44a	261/2	1/8	False	5	False				False	122	i/vi		Ab	I		i/vi		i				vi	m	False	False	(3, 0, 4)	()	3	3	major	major	I	I, major	i/vi	vi	vi/I	vi	True	i/vi	i/vi, major		i/vi, major	vi	vi	-4	-4	-1	3	3	0	True	True	True
1046	2	58	-2	B	-1	3	4	2	1	True	2.75	-4	44	44	44	44a	523/4	1/16	False	3	False				False	122	i/vi		Ab	I		i/vi		i				vi	m	False	False	(3, 0, 4)	()	3	3	major	major	I	I, major	i/vi	vi	vi/I	vi	True	i/vi	i/vi, major		i/vi, major	vi	vi	-4	-4	-1	2	2	-1	False	False	False
1048	2	60	0	C	0	3	4	2	1	True	3.0	-4	44	44	44	44a	131	1/16	False	4	False				False	122	i/vi		Ab	I		i/vi		i				vi	m	False	False	(3, 0, 4)	()	3	3	major	major	I	I, major	i/vi	vi	vi/I	vi	True	i/vi	i/vi, major		i/vi, major	vi	vi	-4	-4	-1	4	4	1	True	False	False
1048	8	68	-4	A	-1	3	4	1	2	True	3.0	-4	44	44	44	44a	131	1/4	False	4	False				False	122	i/vi		Ab	I		i/vi		i				vi	m	False	False	(3, 0, 4)	()	3	3	major	major	I	I, major	i/vi	vi	vi/I	vi	True	i/vi	i/vi, major		i/vi, major	vi	vi	-4	-4	-1	0	0	-3	True	False	False
1048	8	72	0	C	0	3	4	1	2	True	3.0	-4	44	44	44	44a	131	1/4	False	5	False				False	122	i/vi		Ab	I		i/vi		i				vi	m	False	False	(3, 0, 4)	()	3	3	major	major	I	I, major	i/vi	vi	vi/I	vi	True	i/vi	i/vi, major		i/vi, major	vi	vi	-4	-4	-1	4	4	1	True	False	False
1048	6	77	-1	F	0	3	4	1	1	True	3.0	-4	44	44	44	44a	131	3/16	False	5	False				False	122	i/vi		Ab	I		i/vi		i				vi	m	False	False	(3, 0, 4)	()	3	3	major	major	I	I, major	i/vi	vi	vi/I	vi	True	i/vi	i/vi, major		i/vi, major	vi	vi	-4	-4	-1	3	3	0	True	True	True
1050	2	56	-4	A	-1	3	4	2	1	True	3.25	-4	44	44	44	44a	525/4	1/16	False	3	False				False	122	i/vi		Ab	I		i/vi		i				vi	m	False	False	(3, 0, 4)	()	3	3	major	major	I	I, major	i/vi	vi	vi/I	vi	True	i/vi	i/vi, major		i/vi, major	vi	vi	-4	-4	-1	0	0	-3	True	False	False
1052	2	55	1	G	0	3	4	2	1	True	3.5	-4	44	44	44	44a	263/2	1/16	False	3	False				False	122	i/vi		Ab	I		i/vi		i				vi	m	False	False	(3, 0, 4)	()	3	3	major	major	I	I, major	i/vi	vi	vi/I	vi	True	i/vi	i/vi, major		i/vi, major	vi	vi	-4	-4	-1	5	5	2	False	False	False
1054	2	53	-1	F	0	3	4	2	1	True	3.75	-4	44	44	44	44a	527/4	1/16	False	3	False				False	122	i/vi		Ab	I		i/vi		i				vi	m	False	False	(3, 0, 4)	()	3	3	major	major	I	I, major	i/vi	vi	vi/I	vi	True	i/vi	i/vi, major		i/vi, major	vi	vi	-4	-4	-1	3	3	0	True	True	True
1054	2	77	-1	F	0	3	4	1	1	True	3.75	-4	44	44	44	44a	527/4	1/16	False	5	False				False	122	i/vi		Ab	I		i/vi		i				vi	m	False	False	(3, 0, 4)	()	3	3	major	major	I	I, major	i/vi	vi	vi/I	vi	True	i/vi	i/vi, major		i/vi, major	vi	vi	-4	-4	-1	3	3	0	True	True	True
1056	2	48	0	C	0	3	4	2	1	True	1.0	-4	45	45	45	45a	132	1/16	False	3	True				False	123	V7/vi		Ab	I		V7/vi		V		7		vi	Mm7	False	False	(4, 8, 5, 2)	()	4	4	major	major	I	I, major	V/vi	vi	vi/I	vi	True	V7/vi	V7/vi, major		V7/vi, major	vi	vi	-4	-4	-1	4	4	1	True	True	True
1056	8	72	0	C	0	3	4	1	1	True	1.0	-4	45	45	45	45a	132	1/4	False	5	True				False	123	V7/vi		Ab	I		V7/vi		V		7		vi	Mm7	False	False	(4, 8, 5, 2)	()	4	4	major	major	I	I, major	V/vi	vi	vi/I	vi	True	V7/vi	V7/vi, major		V7/vi, major	vi	vi	-4	-4	-1	4	4	1	True	True	True
1056	8	76	4	E	0	3	4	1	1	True	1.0	-4	45	45	45	45a	132	1/4	False	5	True				False	123	V7/vi		Ab	I		V7/vi		V		7		vi	Mm7	False	False	(4, 8, 5, 2)	()	4	4	major	major	I	I, major	V/vi	vi	vi/I	vi	True	V7/vi	V7/vi, major		V7/vi, major	vi	vi	-4	-4	-1	8	8	5	True	False	False
1056	8	79	1	G	0	3	4	1	1	True	1.0	-4	45	45	45	45a	132	1/4	False	5	True				False	123	V7/vi		Ab	I		V7/vi		V		7		vi	Mm7	False	False	(4, 8, 5, 2)	()	4	4	major	major	I	I, major	V/vi	vi	vi/I	vi	True	V7/vi	V7/vi, major		V7/vi, major	vi	vi	-4	-4	-1	5	5	2	True	False	False
1056	8	82	-2	B	-1	3	4	1	1	True	1.0	-4	45	45	45	45a	132	1/4	False	5	True				False	123	V7/vi		Ab	I		V7/vi		V		7		vi	Mm7	False	False	(4, 8, 5, 2)	()	4	4	major	major	I	I, major	V/vi	vi	vi/I	vi	True	V7/vi	V7/vi, major		V7/vi, major	vi	vi	-4	-4	-1	2	2	-1	True	False	False
1058	2	35	5	B	0	3	4	2	1	True	1.25	-4	45	45	45	45a	529/4	1/16	False	1	False				False	123	V7/vi		Ab	I		V7/vi		V		7		vi	Mm7	False	False	(4, 8, 5, 2)	()	4	4	major	major	I	I, major	V/vi	vi	vi/I	vi	True	V7/vi	V7/vi, major		V7/vi, major	vi	vi	-4	-4	-1	9	9	6	False	False	False
1060	2	36	0	C	0	3	4	2	1	True	1.5	-4	45	45	45	45a	265/2	1/16	False	2	False				False	123	V7/vi		Ab	I		V7/vi		V		7		vi	Mm7	False	False	(4, 8, 5, 2)	()	4	4	major	major	I	I, major	V/vi	vi	vi/I	vi	True	V7/vi	V7/vi, major		V7/vi, major	vi	vi	-4	-4	-1	4	4	1	True	True	True
1062	2	35	5	B	0	3	4	2	1	True	1.75	-4	45	45	45	45a	531/4	1/16	False	1	False				False	123	V7/vi		Ab	I		V7/vi		V		7		vi	Mm7	False	False	(4, 8, 5, 2)	()	4	4	major	major	I	I, major	V/vi	vi	vi/I	vi	True	V7/vi	V7/vi, major		V7/vi, major	vi	vi	-4	-4	-1	9	9	6	False	False	False
1064	2	36	0	C	0	3	4	2	1	True	2.0	-4	45	45	45	45a	133	1/16	False	2	False				False	123	V7/vi		Ab	I		V7/vi		V		7		vi	Mm7	False	False	(4, 8, 5, 2)	()	4	4	major	major	I	I, major	V/vi	vi	vi/I	vi	True	V7/vi	V7/vi, major		V7/vi, major	vi	vi	-4	-4	-1	4	4	1	True	True	True
1064	16	72	0	C	0	3	4	1	1	True	2.0	-4	45	45	45	45a	133	1/2	False	5	False				False	123	V7/vi		Ab	I		V7/vi		V		7		vi	Mm7	False	False	(4, 8, 5, 2)	()	4	4	major	major	I	I, major	V/vi	vi	vi/I	vi	True	V7/vi	V7/vi, major		V7/vi, major	vi	vi	-4	-4	-1	4	4	1	True	True	True
1064	16	76	4	E	0	3	4	1	1	True	2.0	-4	45	45	45	45a	133	1/2	False	5	False				False	123	V7/vi		Ab	I		V7/vi		V		7		vi	Mm7	False	False	(4, 8, 5, 2)	()	4	4	major	major	I	I, major	V/vi	vi	vi/I	vi	True	V7/vi	V7/vi, major		V7/vi, major	vi	vi	-4	-4	-1	8	8	5	True	False	False
1064	16	79	1	G	0	3	4	1	1	True	2.0	-4	45	45	45	45a	133	1/2	False	5	False				False	123	V7/vi		Ab	I		V7/vi		V		7		vi	Mm7	False	False	(4, 8, 5, 2)	()	4	4	major	major	I	I, major	V/vi	vi	vi/I	vi	True	V7/vi	V7/vi, major		V7/vi, major	vi	vi	-4	-4	-1	5	5	2	True	False	False
1066	2	40	4	E	0	3	4	2	1	True	2.25	-4	45	45	45	45a	533/4	1/16	False	2	False				False	123	V7/vi		Ab	I		V7/vi		V		7		vi	Mm7	False	False	(4, 8, 5, 2)	()	4	4	major	major	I	I, major	V/vi	vi	vi/I	vi	True	V7/vi	V7/vi, major		V7/vi, major	vi	vi	-4	-4	-1	8	8	5	True	False	False
1068	2	43	1	G	0	3	4	2	1	True	2.5	-4	45	45	45	45a	267/2	1/16	False	2	False				False	123	V7/vi		Ab	I		V7/vi		V		7		vi	Mm7	False	False	(4, 8, 5, 2)	()	4	4	major	major	I	I, major	V/vi	vi	vi/I	vi	True	V7/vi	V7/vi, major		V7/vi, major	vi	vi	-4	-4	-1	5	5	2	True	False	False
1070	2	47	5	B	0	3	4	2	1	True	2.75	-4	45	45	45	45a	535/4	1/16	False	2	False				False	123	V7/vi		Ab	I		V7/vi		V		7		vi	Mm7	False	False	(4, 8, 5, 2)	()	4	4	major	major	I	I, major	V/vi	vi	vi/I	vi	True	V7/vi	V7/vi, major		V7/vi, major	vi	vi	-4	-4	-1	9	9	6	False	False	False
1072	2	48	0	C	0	3	4	2	1	True	3.0	-4	45	45	45	45a	134	1/16	False	3	True				False	124	V43/vi		Ab	I		V43/vi		V		43		vi	Mm7	False	False	(5, 2, 4, 8)	()	4	5	major	major	I	I, major	V/vi	vi	vi/I	vi	True	V43/vi	V43/vi, major		V43/vi, major	vi	vi	-4	-4	-1	4	4	1	True	True	False
1074	2	46	-2	B	-1	3	4	2	1	True	3.25	-4	45	45	45	45a	537/4	1/16	False	2	False				False	124	V43/vi		Ab	I		V43/vi		V		43		vi	Mm7	False	False	(5, 2, 4, 8)	()	4	5	major	major	I	I, major	V/vi	vi	vi/I	vi	True	V43/vi	V43/vi, major		V43/vi, major	vi	vi	-4	-4	-1	2	2	-1	True	False	False
1076	2	44	-4	A	-1	3	4	2	1	True	3.5	-4	45	45	45	45a	269/2	1/16	False	2	False				False	124	V43/vi		Ab	I		V43/vi		V		43		vi	Mm7	False	False	(5, 2, 4, 8)	()	4	5	major	major	I	I, major	V/vi	vi	vi/I	vi	True	V43/vi	V43/vi, major		V43/vi, major	vi	vi	-4	-4	-1	0	0	-3	False	False	False
1078	2	43	1	G	0	3	4	2	1	True	3.75	-4	45	45	45	45a	539/4	1/16	False	2	False				False	124	V43/vi		Ab	I		V43/vi		V		43		vi	Mm7	False	False	(5, 2, 4, 8)	()	4	5	major	major	I	I, major	V/vi	vi	vi/I	vi	True	V43/vi	V43/vi, major		V43/vi, major	vi	vi	-4	-4	-1	5	5	2	True	False	True
1080	2	41	-1	F	0	3	4	2	1	True	1.0	-4	46	46	46	46a	135	1/16	False	2	True				False	125	i/vi		Ab	I		i/vi		i				vi	m	False	False	(3, 0, 4)	()	3	3	major	major	I	I, major	i/vi	vi	vi/I	vi	True	i/vi	i/vi, major		i/vi, major	vi	vi	-4	-4	-1	3	3	0	True	True	True
1080	16	72	0	C	0	3	4	1	2	True	1.0	-4	46	46	46	46a	135	1/2	False	5	True				False	125	i/vi		Ab	I		i/vi		i				vi	m	False	False	(3, 0, 4)	()	3	3	major	major	I	I, major	i/vi	vi	vi/I	vi	True	i/vi	i/vi, major		i/vi, major	vi	vi	-4	-4	-1	4	4	1	True	False	False
1080	12	77	-1	F	0	3	4	1	1	True	1.0	-4	46	46	46	46a	135	3/8	False	5	True				False	125	i/vi		Ab	I		i/vi		i				vi	m	False	False	(3, 0, 4)	()	3	3	major	major	I	I, major	i/vi	vi	vi/I	vi	True	i/vi	i/vi, major		i/vi, major	vi	vi	-4	-4	-1	3	3	0	True	True	True
1080	12	80	-4	A	-1	3	4	1	1	True	1.0	-4	46	46	46	46a	135	3/8	False	5	True				False	125	i/vi		Ab	I		i/vi		i				vi	m	False	False	(3, 0, 4)	()	3	3	major	major	I	I, major	i/vi	vi	vi/I	vi	True	i/vi	i/vi, major		i/vi, major	vi	vi	-4	-4	-1	0	0	-3	True	False	False
1082	2	48	0	C	0	3	4	2	1	True	1.25	-4	46	46	46	46a	541/4	1/16	False	3	False				False	125	i/vi		Ab	I		i/vi		i				vi	m	False	False	(3, 0, 4)	()	3	3	major	major	I	I, major	i/vi	vi	vi/I	vi	True	i/vi	i/vi, major		i/vi, major	vi	vi	-4	-4	-1	4	4	1	True	False	False
1084	2	50	2	D	0	3	4	2	1	True	1.5	-4	46	46	46	46a	271/2	1/16	False	3	False				False	125	i/vi		Ab	I		i/vi		i				vi	m	False	False	(3, 0, 4)	()	3	3	major	major	I	I, major	i/vi	vi	vi/I	vi	True	i/vi	i/vi, major		i/vi, major	vi	vi	-4	-4	-1	6	6	3	False	False	False
1086	2	52	4	E	0	3	4	2	1	True	1.75	-4	46	46	46	46a	543/4	1/16	False	3	False				False	125	i/vi		Ab	I		i/vi		i				vi	m	False	False	(3, 0, 4)	()	3	3	major	major	I	I, major	i/vi	vi	vi/I	vi	True	i/vi	i/vi, major		i/vi, major	vi	vi	-4	-4	-1	8	8	5	False	False	False
1088	2	53	-1	F	0	3	4	2	1	True	2.0	-4	46	46	46	46a	136	1/16	False	3	False				False	125	i/vi		Ab	I		i/vi		i				vi	m	False	False	(3, 0, 4)	()	3	3	major	major	I	I, major	i/vi	vi	vi/I	vi	True	i/vi	i/vi, major		i/vi, major	vi	vi	-4	-4	-1	3	3	0	True	True	True
1090	2	55	1	G	0	3	4	2	1	True	2.25	-4	46	46	46	46a	545/4	1/16	False	3	False				False	125	i/vi		Ab	I		i/vi		i				vi	m	False	False	(3, 0, 4)	()	3	3	major	major	I	I, major	i/vi	vi	vi/I	vi	True	i/vi	i/vi, major		i/vi, major	vi	vi	-4	-4	-1	5	5	2	False	False	False
1092	2	56	-4	A	-1	3	4	2	1	True	2.5	-4	46	46	46	46a	273/2	1/16	False	3	False				False	125	i/vi		Ab	I		i/vi		i				vi	m	False	False	(3, 0, 4)	()	3	3	major	major	I	I, major	i/vi	vi	vi/I	vi	True	i/vi	i/vi, major		i/vi, major	vi	vi	-4	-4	-1	0	0	-3	True	False	False
1092	4	77	-1	F	0	3	4	1	1	True	2.5	-4	46	46	46	46a	273/2	1/8	False	5	False				False	125	i/vi		Ab	I		i/vi		i				vi	m	False	False	(3, 0, 4)	()	3	3	major	major	I	I, major	i/vi	vi	vi/I	vi	True	i/vi	i/vi, major		i/vi, major	vi	vi	-4	-4	-1	3	3	0	True	True	True
1094	2	58	-2	B	-1	3	4	2	1	True	2.75	-4	46	46	46	46a	547/4	1/16	False	3	False				False	125	i/vi		Ab	I		i/vi		i				vi	m	False	False	(3, 0, 4)	()	3	3	major	major	I	I, major	i/vi	vi	vi/I	vi	True	i/vi	i/vi, major		i/vi, major	vi	vi	-4	-4	-1	2	2	-1	False	False	False
1096	2	60	0	C	0	3	4	2	1	True	3.0	-4	46	46	46	46a	137	1/16	False	4	False				False	125	i/vi		Ab	I		i/vi		i				vi	m	False	False	(3, 0, 4)	()	3	3	major	major	I	I, major	i/vi	vi	vi/I	vi	True	i/vi	i/vi, major		i/vi, major	vi	vi	-4	-4	-1	4	4	1	True	False	False
1096	8	68	-4	A	-1	3	4	1	2	True	3.0	-4	46	46	46	46a	137	1/4	False	4	False				False	125	i/vi		Ab	I		i/vi		i				vi	m	False	False	(3, 0, 4)	()	3	3	major	major	I	I, major	i/vi	vi	vi/I	vi	True	i/vi	i/vi, major		i/vi, major	vi	vi	-4	-4	-1	0	0	-3	True	False	False
1096	8	72	0	C	0	3	4	1	2	True	3.0	-4	46	46	46	46a	137	1/4	False	5	False				False	125	i/vi		Ab	I		i/vi		i				vi	m	False	False	(3, 0, 4)	()	3	3	major	major	I	I, major	i/vi	vi	vi/I	vi	True	i/vi	i/vi, major		i/vi, major	vi	vi	-4	-4	-1	4	4	1	True	False	False
1096	6	77	-1	F	0	3	4	1	1	True	3.0	-4	46	46	46	46a	137	3/16	False	5	False				False	125	i/vi		Ab	I		i/vi		i				vi	m	False	False	(3, 0, 4)	()	3	3	major	major	I	I, major	i/vi	vi	vi/I	vi	True	i/vi	i/vi, major		i/vi, major	vi	vi	-4	-4	-1	3	3	0	True	True	True
1098	2	56	-4	A	-1	3	4	2	1	True	3.25	-4	46	46	46	46a	549/4	1/16	False	3	False				False	125	i/vi		Ab	I		i/vi		i				vi	m	False	False	(3, 0, 4)	()	3	3	major	major	I	I, major	i/vi	vi	vi/I	vi	True	i/vi	i/vi, major		i/vi, major	vi	vi	-4	-4	-1	0	0	-3	True	False	False
1100	2	55	1	G	0	3	4	2	1	True	3.5	-4	46	46	46	46a	275/2	1/16	False	3	False				False	125	i/vi		Ab	I		i/vi		i				vi	m	False	False	(3, 0, 4)	()	3	3	major	major	I	I, major	i/vi	vi	vi/I	vi	True	i/vi	i/vi, major		i/vi, major	vi	vi	-4	-4	-1	5	5	2	False	False	False
1102	2	53	-1	F	0	3	4	2	1	True	3.75	-4	46	46	46	46a	551/4	1/16	False	3	False				False	125	i/vi		Ab	I		i/vi		i				vi	m	False	False	(3, 0, 4)	()	3	3	major	major	I	I, major	i/vi	vi	vi/I	vi	True	i/vi	i/vi, major		i/vi, major	vi	vi	-4	-4	-1	3	3	0	True	True	True
1102	2	77	-1	F	0	3	4	1	1	True	3.75	-4	46	46	46	46a	551/4	1/16	False	5	False				False	125	i/vi		Ab	I		i/vi		i				vi	m	False	False	(3, 0, 4)	()	3	3	major	major	I	I, major	i/vi	vi	vi/I	vi	True	i/vi	i/vi, major		i/vi, major	vi	vi	-4	-4	-1	3	3	0	True	True	True
1104	2	51	-3	E	-1	3	4	2	1	True	1.0	-4	47	47	47	47a	138	1/16	False	3	True				False	126	ii7/IV	V43(4)/IV	Ab	I		ii7/IV		ii		7		IV	mm7	False	False	(1, -2, 2, -1)	()	1	1	major	major	I	I, major	ii/IV	IV	IV/I	IV	False	ii7/IV	ii7/IV, major		ii7/IV, major	IV	IV	-4	-4	-5	1	1	2	True	True	True
1104	8	66	-6	G	-1	3	4	1	2	True	1.0	-4	47	47	47	47a	138	1/4	False	4	True				False	126	ii7/IV	V43(4)/IV	Ab	I		ii7/IV		ii		7		IV	mm7	False	False	(1, -2, 2, -1)	()	1	1	major	major	I	I, major	ii/IV	IV	IV/I	IV	False	ii7/IV	ii7/IV, major		ii7/IV, major	IV	IV	-4	-4	-5	-2	-2	-1	True	False	False
1104	8	73	-5	D	-1	3	4	1	1	True	1.0	-4	47	47	47	47a	138	1/4	False	5	True				False	126	ii7/IV	V43(4)/IV	Ab	I		ii7/IV		ii		7		IV	mm7	False	False	(1, -2, 2, -1)	()	1	1	major	major	I	I, major	ii/IV	IV	IV/I	IV	False	ii7/IV	ii7/IV, major		ii7/IV, major	IV	IV	-4	-4	-5	-1	-1	0	True	False	False
1104	8	78	-6	G	-1	3	4	1	1	True	1.0	-4	47	47	47	47a	138	1/4	False	5	True				False	126	ii7/IV	V43(4)/IV	Ab	I		ii7/IV		ii		7		IV	mm7	False	False	(1, -2, 2, -1)	()	1	1	major	major	I	I, major	ii/IV	IV	IV/I	IV	False	ii7/IV	ii7/IV, major		ii7/IV, major	IV	IV	-4	-4	-5	-2	-2	-1	True	False	False
1106	2	39	-3	E	-1	3	4	2	1	True	1.25	-4	47	47	47	47a	553/4	1/16	False	2	False				False	126	ii7/IV	V43(4)/IV	Ab	I		ii7/IV		ii		7		IV	mm7	False	False	(1, -2, 2, -1)	()	1	1	major	major	I	I, major	ii/IV	IV	IV/I	IV	False	ii7/IV	ii7/IV, major		ii7/IV, major	IV	IV	-4	-4	-5	1	1	2	True	True	True
1108	2	41	-1	F	0	3	4	2	1	True	1.5	-4	47	47	47	47a	277/2	1/16	False	2	False				False	126	ii7/IV	V43(4)/IV	Ab	I		ii7/IV		ii		7		IV	mm7	False	False	(1, -2, 2, -1)	()	1	1	major	major	I	I, major	ii/IV	IV	IV/I	IV	False	ii7/IV	ii7/IV, major		ii7/IV, major	IV	IV	-4	-4	-5	3	3	4	False	False	False
1110	2	42	-6	G	-1	3	4	2	1	True	1.75	-4	47	47	47	47a	555/4	1/16	False	2	False				False	126	ii7/IV	V43(4)/IV	Ab	I		ii7/IV		ii		7		IV	mm7	False	False	(1, -2, 2, -1)	()	1	1	major	major	I	I, major	ii/IV	IV	IV/I	IV	False	ii7/IV	ii7/IV, major		ii7/IV, major	IV	IV	-4	-4	-5	-2	-2	-1	True	False	False
1112	2	44	-4	A	-1	3	4	2	1	True	2.0	-4	47	47	47	47a	139	1/16	False	2	True				False	127	V7/IV		Ab	I		V7/IV		V		7		IV	Mm7	False	False	(0, 4, 1, -2)	()	0	0	major	major	I	I, major	V/IV	IV	IV/I	IV	False	V7/IV	V7/IV, major		V7/IV, major	IV	IV	-4	-4	-5	0	0	1	True	True	True
1112	8	66	-6	G	-1	3	4	1	2	True	2.0	-4	47	47	47	47a	139	1/4	False	4	True				False	127	V7/IV		Ab	I		V7/IV		V		7		IV	Mm7	False	False	(0, 4, 1, -2)	()	0	0	major	major	I	I, major	V/IV	IV	IV/I	IV	False	V7/IV	V7/IV, major		V7/IV, major	IV	IV	-4	-4	-5	-2	-2	-1	True	False	False
1112	16	72	0	C	0	3	4	1	1	True	2.0	-4	47	47	47	47a	139	1/2	False	5	True				False	127	V7/IV		Ab	I		V7/IV		V		7		IV	Mm7	False	False	(0, 4, 1, -2)	()	0	0	major	major	I	I, major	V/IV	IV	IV/I	IV	False	V7/IV	V7/IV, major		V7/IV, major	IV	IV	-4	-4	-5	4	4	5	True	False	False
1112	16	75	-3	E	-1	3	4	1	1	True	2.0	-4	47	47	47	47a	139	1/2	False	5	True				False	127	V7/IV		Ab	I		V7/IV		V		7		IV	Mm7	False	False	(0, 4, 1, -2)	()	0	0	major	major	I	I, major	V/IV	IV	IV/I	IV	False	V7/IV	V7/IV, major		V7/IV, major	IV	IV	-4	-4	-5	1	1	2	True	False	False
1114	2	45	3	A	0	3	4	2	1	True	2.25	-4	47	47	47	47a	557/4	1/16	False	2	False				False	127	V7/IV		Ab	I		V7/IV		V		7		IV	Mm7	False	False	(0, 4, 1, -2)	()	0	0	major	major	I	I, major	V/IV	IV	IV/I	IV	False	V7/IV	V7/IV, major		V7/IV, major	IV	IV	-4	-4	-5	7	7	8	False	False	False
1116	2	46	-2	B	-1	3	4	2	1	True	2.5	-4	47	47	47	47a	279/2	1/16	False	2	False				False	127	V7/IV		Ab	I		V7/IV		V		7		IV	Mm7	False	False	(0, 4, 1, -2)	()	0	0	major	major	I	I, major	V/IV	IV	IV/I	IV	False	V7/IV	V7/IV, major		V7/IV, major	IV	IV	-4	-4	-5	2	2	3	False	False	False
1118	2	44	-4	A	-1	3	4	2	1	True	2.75	-4	47	47	47	47a	559/4	1/16	False	2	False				False	127	V7/IV		Ab	I		V7/IV		V		7		IV	Mm7	False	False	(0, 4, 1, -2)	()	0	0	major	major	I	I, major	V/IV	IV	IV/I	IV	False	V7/IV	V7/IV, major		V7/IV, major	IV	IV	-4	-4	-5	0	0	1	True	True	True
1120	2	42	-6	G	-1	3	4	2	1	True	3.0	-4	47	47	47	47a	140	1/16	False	2	True				False	128	V2/IV		Ab	I		V2/IV		V		2		IV	Mm7	False	False	(-2, 0, 4, 1)	()	0	-2	major	major	I	I, major	V/IV	IV	IV/I	IV	False	V2/IV	V2/IV, major		V2/IV, major	IV	IV	-4	-4	-5	-2	-2	-1	True	False	True
1120	4	68	-4	A	-1	3	4	1	2	True	3.0	-4	47	47	47	47a	140	1/8	False	4	True				False	128	V2/IV		Ab	I		V2/IV		V		2		IV	Mm7	False	False	(-2, 0, 4, 1)	()	0	-2	major	major	I	I, major	V/IV	IV	IV/I	IV	False	V2/IV	V2/IV, major		V2/IV, major	IV	IV	-4	-4	-5	0	0	1	True	True	False
1122	2	41	-1	F	0	3	4	2	1	True	3.25	-4	47	47	47	47a	561/4	1/16	False	2	False				False	128	V2/IV		Ab	I		V2/IV		V		2		IV	Mm7	False	False	(-2, 0, 4, 1)	()	0	-2	major	major	I	I, major	V/IV	IV	IV/I	IV	False	V2/IV	V2/IV, major		V2/IV, major	IV	IV	-4	-4	-5	3	3	4	False	False	False
1124	2	39	-3	E	-1	3	4	2	1	True	3.5	-4	47	47	47	47a	281/2	1/16	False	2	True				False	129	V43/IV		Ab	I		V43/IV		V		43		IV	Mm7	False	False	(1, -2, 0, 4)	()	0	1	major	major	I	I, major	V/IV	IV	IV/I	IV	False	V43/IV	V43/IV, major		V43/IV, major	IV	IV	-4	-4	-5	1	1	2	True	False	True
1124	4	66	-6	G	-1	3	4	1	2	True	3.5	-4	47	47	47	47a	281/2	1/8	False	4	True				False	129	V43/IV		Ab	I		V43/IV		V		43		IV	Mm7	False	False	(1, -2, 0, 4)	()	0	1	major	major	I	I, major	V/IV	IV	IV/I	IV	False	V43/IV	V43/IV, major		V43/IV, major	IV	IV	-4	-4	-5	-2	-2	-1	True	False	False
1126	2	44	-4	A	-1	3	4	2	1	True	3.75	-4	47	47	47	47a	563/4	1/16	False	2	True				False	130	V7/IV		Ab	I		V7/IV		V		7		IV	Mm7	False	False	(0, 4, 1, -2)	()	0	0	major	major	I	I, major	V/IV	IV	IV/I	IV	False	V7/IV	V7/IV, major		V7/IV, major	IV	IV	-4	-4	-5	0	0	1	True	True	True
1128	2	37	-5	D	-1	3	4	2	1	True	1.0	-4	48	48	48	48a	141	1/16	False	2	True				False	131	I/IV		Ab	I		I/IV		I				IV	M	False	False	(-1, 3, 0)	()	-1	-1	major	major	I	I, major	I/IV	IV	IV/I	IV	False	I/IV	I/IV, major		I/IV, major	IV	IV	-4	-4	-5	-1	-1	0	True	True	True
1128	16	65	-1	F	0	3	4	1	2	True	1.0	-4	48	48	48	48a	141	1/2	False	4	True				False	131	I/IV		Ab	I		I/IV		I				IV	M	False	False	(-1, 3, 0)	()	-1	-1	major	major	I	I, major	I/IV	IV	IV/I	IV	False	I/IV	I/IV, major		I/IV, major	IV	IV	-4	-4	-5	3	3	4	True	False	False
1128	12	73	-5	D	-1	3	4	1	1	True	1.0	-4	48	48	48	48a	141	3/8	False	5	True				False	131	I/IV		Ab	I		I/IV		I				IV	M	False	False	(-1, 3, 0)	()	-1	-1	major	major	I	I, major	I/IV	IV	IV/I	IV	False	I/IV	I/IV, major		I/IV, major	IV	IV	-4	-4	-5	-1	-1	0	True	True	True
1128	12	77	-1	F	0	3	4	1	1	True	1.0	-4	48	48	48	48a	141	3/8	False	5	True				False	131	I/IV		Ab	I		I/IV		I				IV	M	False	False	(-1, 3, 0)	()	-1	-1	major	major	I	I, major	I/IV	IV	IV/I	IV	False	I/IV	I/IV, major		I/IV, major	IV	IV	-4	-4	-5	3	3	4	True	False	False
1130	2	49	-5	D	-1	3	4	2	1	True	1.25	-4	48	48	48	48a	565/4	1/16	False	3	False				False	131	I/IV		Ab	I		I/IV		I				IV	M	False	False	(-1, 3, 0)	()	-1	-1	major	major	I	I, major	I/IV	IV	IV/I	IV	False	I/IV	I/IV, major		I/IV, major	IV	IV	-4	-4	-5	-1	-1	0	True	True	True
1132	2	51	-3	E	-1	3	4	2	1	True	1.5	-4	48	48	48	48a	283/2	1/16	False	3	False				False	131	I/IV		Ab	I		I/IV		I				IV	M	False	False	(-1, 3, 0)	()	-1	-1	major	major	I	I, major	I/IV	IV	IV/I	IV	False	I/IV	I/IV, major		I/IV, major	IV	IV	-4	-4	-5	1	1	2	False	False	False
1134	2	53	-1	F	0	3	4	2	1	True	1.75	-4	48	48	48	48a	567/4	1/16	False	3	False				False	131	I/IV		Ab	I		I/IV		I				IV	M	False	False	(-1, 3, 0)	()	-1	-1	major	major	I	I, major	I/IV	IV	IV/I	IV	False	I/IV	I/IV, major		I/IV, major	IV	IV	-4	-4	-5	3	3	4	True	False	False
1136	2	54	-6	G	-1	3	4	2	1	True	2.0	-4	48	48	48	48a	142	1/16	False	3	False				False	131	I/IV		Ab	I		I/IV		I				IV	M	False	False	(-1, 3, 0)	()	-1	-1	major	major	I	I, major	I/IV	IV	IV/I	IV	False	I/IV	I/IV, major		I/IV, major	IV	IV	-4	-4	-5	-2	-2	-1	False	False	False
1138	2	56	-4	A	-1	3	4	2	1	True	2.25	-4	48	48	48	48a	569/4	1/16	False	3	False				False	131	I/IV		Ab	I		I/IV		I				IV	M	False	False	(-1, 3, 0)	()	-1	-1	major	major	I	I, major	I/IV	IV	IV/I	IV	False	I/IV	I/IV, major		I/IV, major	IV	IV	-4	-4	-5	0	0	1	True	False	False
1140	2	58	-2	B	-1	3	4	2	1	True	2.5	-4	48	48	48	48a	285/2	1/16	False	3	False				False	131	I/IV		Ab	I		I/IV		I				IV	M	False	False	(-1, 3, 0)	()	-1	-1	major	major	I	I, major	I/IV	IV	IV/I	IV	False	I/IV	I/IV, major		I/IV, major	IV	IV	-4	-4	-5	2	2	3	False	False	False
1140	4	73	-5	D	-1	3	4	1	1	True	2.5	-4	48	48	48	48a	285/2	1/8	False	5	False				False	131	I/IV		Ab	I		I/IV		I				IV	M	False	False	(-1, 3, 0)	()	-1	-1	major	major	I	I, major	I/IV	IV	IV/I	IV	False	I/IV	I/IV, major		I/IV, major	IV	IV	-4	-4	-5	-1	-1	0	True	True	True
1142	2	56	-4	A	-1	3	4	2	1	True	2.75	-4	48	48	48	48a	571/4	1/16	False	3	False				False	131	I/IV		Ab	I		I/IV		I				IV	M	False	False	(-1, 3, 0)	()	-1	-1	major	major	I	I, major	I/IV	IV	IV/I	IV	False	I/IV	I/IV, major		I/IV, major	IV	IV	-4	-4	-5	0	0	1	True	False	False
1144	2	54	-6	G	-1	3	4	2	1	True	3.0	-4	48	48	48	48a	143	1/16	False	3	False				False	131	I/IV		Ab	I		I/IV		I				IV	M	False	False	(-1, 3, 0)	()	-1	-1	major	major	I	I, major	I/IV	IV	IV/I	IV	False	I/IV	I/IV, major		I/IV, major	IV	IV	-4	-4	-5	-2	-2	-1	False	False	False
1144	8	65	-1	F	0	3	4	1	2	True	3.0	-4	48	48	48	48a	143	1/4	False	4	False				False	131	I/IV		Ab	I		I/IV		I				IV	M	False	False	(-1, 3, 0)	()	-1	-1	major	major	I	I, major	I/IV	IV	IV/I	IV	False	I/IV	I/IV, major		I/IV, major	IV	IV	-4	-4	-5	3	3	4	True	False	False
1144	8	68	-4	A	-1	3	4	1	2	True	3.0	-4	48	48	48	48a	143	1/4	False	4	False				False	131	I/IV		Ab	I		I/IV		I				IV	M	False	False	(-1, 3, 0)	()	-1	-1	major	major	I	I, major	I/IV	IV	IV/I	IV	False	I/IV	I/IV, major		I/IV, major	IV	IV	-4	-4	-5	0	0	1	True	False	False
1144	6	73	-5	D	-1	3	4	1	1	True	3.0	-4	48	48	48	48a	143	3/16	False	5	False				False	131	I/IV		Ab	I		I/IV		I				IV	M	False	False	(-1, 3, 0)	()	-1	-1	major	major	I	I, major	I/IV	IV	IV/I	IV	False	I/IV	I/IV, major		I/IV, major	IV	IV	-4	-4	-5	-1	-1	0	True	True	True
1146	2	53	-1	F	0	3	4	2	1	True	3.25	-4	48	48	48	48a	573/4	1/16	False	3	False				False	131	I/IV		Ab	I		I/IV		I				IV	M	False	False	(-1, 3, 0)	()	-1	-1	major	major	I	I, major	I/IV	IV	IV/I	IV	False	I/IV	I/IV, major		I/IV, major	IV	IV	-4	-4	-5	3	3	4	True	False	False
1148	2	51	-3	E	-1	3	4	2	1	True	3.5	-4	48	48	48	48a	287/2	1/16	False	3	False				False	131	I/IV		Ab	I		I/IV		I				IV	M	False	False	(-1, 3, 0)	()	-1	-1	major	major	I	I, major	I/IV	IV	IV/I	IV	False	I/IV	I/IV, major		I/IV, major	IV	IV	-4	-4	-5	1	1	2	False	False	False
1150	2	49	-5	D	-1	3	4	2	1	True	3.75	-4	48	48	48	48a	575/4	1/16	False	3	False				False	131	I/IV		Ab	I		I/IV		I				IV	M	False	False	(-1, 3, 0)	()	-1	-1	major	major	I	I, major	I/IV	IV	IV/I	IV	False	I/IV	I/IV, major		I/IV, major	IV	IV	-4	-4	-5	-1	-1	0	True	True	True
1150	2	73	-5	D	-1	3	4	1	1	True	3.75	-4	48	48	48	48a	575/4	1/16	False	5	False				False	131	I/IV		Ab	I		I/IV		I				IV	M	False	False	(-1, 3, 0)	()	-1	-1	major	major	I	I, major	I/IV	IV	IV/I	IV	False	I/IV	I/IV, major		I/IV, major	IV	IV	-4	-4	-5	-1	-1	0	True	True	True
1152	2	44	-4	A	-1	3	4	2	1	True	1.0	-4	49	49	49	49a	144	1/16	False	2	True				False	132	V7/IV		Ab	I		V7/IV		V		7		IV	Mm7	False	False	(0, 4, 1, -2)	()	0	0	major	major	I	I, major	V/IV	IV	IV/I	IV	False	V7/IV	V7/IV, major		V7/IV, major	IV	IV	-4	-4	-5	0	0	1	True	True	True
1152	8	66	-6	G	-1	3	4	1	2	True	1.0	-4	49	49	49	49a	144	1/4	False	4	True				False	132	V7/IV		Ab	I		V7/IV		V		7		IV	Mm7	False	False	(0, 4, 1, -2)	()	0	0	major	major	I	I, major	V/IV	IV	IV/I	IV	False	V7/IV	V7/IV, major		V7/IV, major	IV	IV	-4	-4	-5	-2	-2	-1	True	False	False
1152	8	72	0	C	0	3	4	1	1	True	1.0	-4	49	49	49	49a	144	1/4	False	5	True				False	132	V7/IV		Ab	I		V7/IV		V		7		IV	Mm7	False	False	(0, 4, 1, -2)	()	0	0	major	major	I	I, major	V/IV	IV	IV/I	IV	False	V7/IV	V7/IV, major		V7/IV, major	IV	IV	-4	-4	-5	4	4	5	True	False	False
1152	8	75	-3	E	-1	3	4	1	1	True	1.0	-4	49	49	49	49a	144	1/4	False	5	True				False	132	V7/IV		Ab	I		V7/IV		V		7		IV	Mm7	False	False	(0, 4, 1, -2)	()	0	0	major	major	I	I, major	V/IV	IV	IV/I	IV	False	V7/IV	V7/IV, major		V7/IV, major	IV	IV	-4	-4	-5	1	1	2	True	False	False
1152	8	78	-6	G	-1	3	4	1	1	True	1.0	-4	49	49	49	49a	144	1/4	False	5	True				False	132	V7/IV		Ab	I		V7/IV		V		7		IV	Mm7	False	False	(0, 4, 1, -2)	()	0	0	major	major	I	I, major	V/IV	IV	IV/I	IV	False	V7/IV	V7/IV, major		V7/IV, major	IV	IV	-4	-4	-5	-2	-2	-1	True	False	False
1154	2	31	1	G	0	3	4	2	1	True	1.25	-4	49	49	49	49a	577/4	1/16	False	1	False				False	132	V7/IV		Ab	I		V7/IV		V		7		IV	Mm7	False	False	(0, 4, 1, -2)	()	0	0	major	major	I	I, major	V/IV	IV	IV/I	IV	False	V7/IV	V7/IV, major		V7/IV, major	IV	IV	-4	-4	-5	5	5	6	False	False	False
1156	2	32	-4	A	-1	3	4	2	1	True	1.5	-4	49	49	49	49a	289/2	1/16	False	1	False				False	132	V7/IV		Ab	I		V7/IV		V		7		IV	Mm7	False	False	(0, 4, 1, -2)	()	0	0	major	major	I	I, major	V/IV	IV	IV/I	IV	False	V7/IV	V7/IV, major		V7/IV, major	IV	IV	-4	-4	-5	0	0	1	True	True	True
1158	2	31	1	G	0	3	4	2	1	True	1.75	-4	49	49	49	49a	579/4	1/16	False	1	False				False	132	V7/IV		Ab	I		V7/IV		V		7		IV	Mm7	False	False	(0, 4, 1, -2)	()	0	0	major	major	I	I, major	V/IV	IV	IV/I	IV	False	V7/IV	V7/IV, major		V7/IV, major	IV	IV	-4	-4	-5	5	5	6	False	False	False
1160	2	32	-4	A	-1	3	4	2	1	True	2.0	-4	49	49	49	49a	145	1/16	False	1	False				False	132	V7/IV		Ab	I		V7/IV		V		7		IV	Mm7	False	False	(0, 4, 1, -2)	()	0	0	major	major	I	I, major	V/IV	IV	IV/I	IV	False	V7/IV	V7/IV, major		V7/IV, major	IV	IV	-4	-4	-5	0	0	1	True	True	True
1160	16	66	-6	G	-1	3	4	1	2	True	2.0	-4	49	49	49	49a	145	1/2	False	4	False				False	132	V7/IV		Ab	I		V7/IV		V		7		IV	Mm7	False	False	(0, 4, 1, -2)	()	0	0	major	major	I	I, major	V/IV	IV	IV/I	IV	False	V7/IV	V7/IV, major		V7/IV, major	IV	IV	-4	-4	-5	-2	-2	-1	True	False	False
1160	16	72	0	C	0	3	4	1	1	True	2.0	-4	49	49	49	49a	145	1/2	False	5	False				False	132	V7/IV		Ab	I		V7/IV		V		7		IV	Mm7	False	False	(0, 4, 1, -2)	()	0	0	major	major	I	I, major	V/IV	IV	IV/I	IV	False	V7/IV	V7/IV, major		V7/IV, major	IV	IV	-4	-4	-5	4	4	5	True	False	False
1160	16	75	-3	E	-1	3	4	1	1	True	2.0	-4	49	49	49	49a	145	1/2	False	5	False				False	132	V7/IV		Ab	I		V7/IV		V		7		IV	Mm7	False	False	(0, 4, 1, -2)	()	0	0	major	major	I	I, major	V/IV	IV	IV/I	IV	False	V7/IV	V7/IV, major		V7/IV, major	IV	IV	-4	-4	-5	1	1	2	True	False	False
1162	2	34	-2	B	-1	3	4	2	1	True	2.25	-4	49	49	49	49a	581/4	1/16	False	1	False				False	132	V7/IV		Ab	I		V7/IV		V		7		IV	Mm7	False	False	(0, 4, 1, -2)	()	0	0	major	major	I	I, major	V/IV	IV	IV/I	IV	False	V7/IV	V7/IV, major		V7/IV, major	IV	IV	-4	-4	-5	2	2	3	False	False	False
1164	2	36	0	C	0	3	4	2	1	True	2.5	-4	49	49	49	49a	291/2	1/16	False	2	False				False	132	V7/IV		Ab	I		V7/IV		V		7		IV	Mm7	False	False	(0, 4, 1, -2)	()	0	0	major	major	I	I, major	V/IV	IV	IV/I	IV	False	V7/IV	V7/IV, major		V7/IV, major	IV	IV	-4	-4	-5	4	4	5	True	False	False
1166	2	37	-5	D	-1	3	4	2	1	True	2.75	-4	49	49	49	49a	583/4	1/16	False	2	False				False	132	V7/IV		Ab	I		V7/IV		V		7		IV	Mm7	False	False	(0, 4, 1, -2)	()	0	0	major	major	I	I, major	V/IV	IV	IV/I	IV	False	V7/IV	V7/IV, major		V7/IV, major	IV	IV	-4	-4	-5	-1	-1	0	False	False	False
1168	2	39	-3	E	-1	3	4	2	1	True	3.0	-4	49	49	49	49a	146	1/16	False	2	False				False	132	V7/IV		Ab	I		V7/IV		V		7		IV	Mm7	False	False	(0, 4, 1, -2)	()	0	0	major	major	I	I, major	V/IV	IV	IV/I	IV	False	V7/IV	V7/IV, major		V7/IV, major	IV	IV	-4	-4	-5	1	1	2	True	False	False
1170	2	41	-1	F	0	3	4	2	1	True	3.25	-4	49	49	49	49a	585/4	1/16	False	2	False				False	132	V7/IV		Ab	I		V7/IV		V		7		IV	Mm7	False	False	(0, 4, 1, -2)	()	0	0	major	major	I	I, major	V/IV	IV	IV/I	IV	False	V7/IV	V7/IV, major		V7/IV, major	IV	IV	-4	-4	-5	3	3	4	False	False	False
1172	2	42	-6	G	-1	3	4	2	1	True	3.5	-4	49	49	49	49a	293/2	1/16	False	2	False				False	132	V7/IV		Ab	I		V7/IV		V		7		IV	Mm7	False	False	(0, 4, 1, -2)	()	0	0	major	major	I	I, major	V/IV	IV	IV/I	IV	False	V7/IV	V7/IV, major		V7/IV, major	IV	IV	-4	-4	-5	-2	-2	-1	True	False	False
1174	2	44	-4	A	-1	3	4	2	1	True	3.75	-4	49	49	49	49a	587/4	1/16	False	2	False				False	132	V7/IV		Ab	I		V7/IV		V		7		IV	Mm7	False	False	(0, 4, 1, -2)	()	0	0	major	major	I	I, major	V/IV	IV	IV/I	IV	False	V7/IV	V7/IV, major		V7/IV, major	IV	IV	-4	-4	-5	0	0	1	True	True	True
1176	2	37	-5	D	-1	3	4	2	1	True	1.0	-4	50	50	50	50a	147	1/16	False	2	True				False	133	i6(9)/ii		Ab	I		i6(9)/ii		i		6	9	ii	m	False	False	(-1, 3, 2)	(4,)	2	-1	major	major	I	I, major	i/ii	ii	ii/I	ii	True	i6/ii	i6/ii, major		i6(9)/ii, major	ii	ii	-4	-4	-2	-1	-1	-3	True	False	True
1176	8	65	-1	F	0	3	4	1	2	True	1.0	-4	50	50	50	50a	147	1/4	False	4	True				False	133	i6(9)/ii		Ab	I		i6(9)/ii		i		6	9	ii	m	False	False	(-1, 3, 2)	(4,)	2	-1	major	major	I	I, major	i/ii	ii	ii/I	ii	True	i6/ii	i6/ii, major		i6(9)/ii, major	ii	ii	-4	-4	-2	3	3	1	True	False	False
1176	8	72	0	C	0	3	4	1	2	True	1.0	-4	50	50	50	50a	147	1/4	False	5	True				False	133	i6(9)/ii		Ab	I		i6(9)/ii		i		6	9	ii	m	False	False	(-1, 3, 2)	(4,)	2	-1	major	major	I	I, major	i/ii	ii	ii/I	ii	True	i6/ii	i6/ii, major		i6(9)/ii, major	ii	ii	-4	-4	-2	4	4	2	False	False	False
1176	12	77	-1	F	0	3	4	1	1	True	1.0	-4	50	50	50	50a	147	3/8	False	5	True				False	133	i6(9)/ii		Ab	I		i6(9)/ii		i		6	9	ii	m	False	False	(-1, 3, 2)	(4,)	2	-1	major	major	I	I, major	i/ii	ii	ii/I	ii	True	i6/ii	i6/ii, major		i6(9)/ii, major	ii	ii	-4	-4	-2	3	3	1	True	False	False
1178	2	45	3	A	0	3	4	2	1	True	1.25	-4	50	50	50	50a	589/4	1/16	False	2	False				False	133	i6(9)/ii		Ab	I		i6(9)/ii		i		6	9	ii	m	False	False	(-1, 3, 2)	(4,)	2	-1	major	major	I	I, major	i/ii	ii	ii/I	ii	True	i6/ii	i6/ii, major		i6(9)/ii, major	ii	ii	-4	-4	-2	7	7	5	False	False	False
1180	2	46	-2	B	-1	3	4	2	1	True	1.5	-4	50	50	50	50a	295/2	1/16	False	2	False				False	133	i6(9)/ii		Ab	I		i6(9)/ii		i		6	9	ii	m	False	False	(-1, 3, 2)	(4,)	2	-1	major	major	I	I, major	i/ii	ii	ii/I	ii	True	i6/ii	i6/ii, major		i6(9)/ii, major	ii	ii	-4	-4	-2	2	2	0	True	True	False
1182	2	45	3	A	0	3	4	2	1	True	1.75	-4	50	50	50	50a	591/4	1/16	False	2	False				False	133	i6(9)/ii		Ab	I		i6(9)/ii		i		6	9	ii	m	False	False	(-1, 3, 2)	(4,)	2	-1	major	major	I	I, major	i/ii	ii	ii/I	ii	True	i6/ii	i6/ii, major		i6(9)/ii, major	ii	ii	-4	-4	-2	7	7	5	False	False	False
1184	2	46	-2	B	-1	3	4	2	1	True	2.0	-4	50	50	50	50a	148	1/16	False	2	True				False	134	i/ii		Ab	I		i/ii		i				ii	m	False	False	(2, -1, 3)	()	2	2	major	major	I	I, major	i/ii	ii	ii/I	ii	True	i/ii	i/ii, major		i/ii, major	ii	ii	-4	-4	-2	2	2	0	True	True	True
1184	16	65	-1	F	0	3	4	1	2	True	2.0	-4	50	50	50	50a	148	1/2	False	4	True				False	134	i/ii		Ab	I		i/ii		i				ii	m	False	False	(2, -1, 3)	()	2	2	major	major	I	I, major	i/ii	ii	ii/I	ii	True	i/ii	i/ii, major		i/ii, major	ii	ii	-4	-4	-2	3	3	1	True	False	False
1184	16	70	-2	B	-1	3	4	1	2	True	2.0	-4	50	50	50	50a	148	1/2	False	4	True				False	134	i/ii		Ab	I		i/ii		i				ii	m	False	False	(2, -1, 3)	()	2	2	major	major	I	I, major	i/ii	ii	ii/I	ii	True	i/ii	i/ii, major		i/ii, major	ii	ii	-4	-4	-2	2	2	0	True	True	True
1186	2	48	0	C	0	3	4	2	1	True	2.25	-4	50	50	50	50a	593/4	1/16	False	3	False				False	134	i/ii		Ab	I		i/ii		i				ii	m	False	False	(2, -1, 3)	()	2	2	major	major	I	I, major	i/ii	ii	ii/I	ii	True	i/ii	i/ii, major		i/ii, major	ii	ii	-4	-4	-2	4	4	2	False	False	False
1188	2	49	-5	D	-1	3	4	2	1	True	2.5	-4	50	50	50	50a	297/2	1/16	False	3	False				False	134	i/ii		Ab	I		i/ii		i				ii	m	False	False	(2, -1, 3)	()	2	2	major	major	I	I, major	i/ii	ii	ii/I	ii	True	i/ii	i/ii, major		i/ii, major	ii	ii	-4	-4	-2	-1	-1	-3	True	False	False
1188	4	73	-5	D	-1	3	4	1	1	True	2.5	-4	50	50	50	50a	297/2	1/8	False	5	False				False	134	i/ii		Ab	I		i/ii		i				ii	m	False	False	(2, -1, 3)	()	2	2	major	major	I	I, major	i/ii	ii	ii/I	ii	True	i/ii	i/ii, major		i/ii, major	ii	ii	-4	-4	-2	-1	-1	-3	True	False	False
1190	2	51	-3	E	-1	3	4	2	1	True	2.75	-4	50	50	50	50a	595/4	1/16	False	3	False				False	134	i/ii		Ab	I		i/ii		i				ii	m	False	False	(2, -1, 3)	()	2	2	major	major	I	I, major	i/ii	ii	ii/I	ii	True	i/ii	i/ii, major		i/ii, major	ii	ii	-4	-4	-2	1	1	-1	False	False	False
1192	2	53	-1	F	0	3	4	2	1	True	3.0	-4	50	50	50	50a	149	1/16	False	3	False				False	134	i/ii		Ab	I		i/ii		i				ii	m	False	False	(2, -1, 3)	()	2	2	major	major	I	I, major	i/ii	ii	ii/I	ii	True	i/ii	i/ii, major		i/ii, major	ii	ii	-4	-4	-2	3	3	1	True	False	False
1192	6	73	-5	D	-1	3	4	1	1	True	3.0	-4	50	50	50	50a	149	3/16	False	5	False				False	134	i/ii		Ab	I		i/ii		i				ii	m	False	False	(2, -1, 3)	()	2	2	major	major	I	I, major	i/ii	ii	ii/I	ii	True	i/ii	i/ii, major		i/ii, major	ii	ii	-4	-4	-2	-1	-1	-3	True	False	False
1194	2	49	-5	D	-1	3	4	2	1	True	3.25	-4	50	50	50	50a	597/4	1/16	False	3	False				False	134	i/ii		Ab	I		i/ii		i				ii	m	False	False	(2, -1, 3)	()	2	2	major	major	I	I, major	i/ii	ii	ii/I	ii	True	i/ii	i/ii, major		i/ii, major	ii	ii	-4	-4	-2	-1	-1	-3	True	False	False
1196	2	48	0	C	0	3	4	2	1	True	3.5	-4	50	50	50	50a	299/2	1/16	False	3	False				False	134	i/ii		Ab	I		i/ii		i				ii	m	False	False	(2, -1, 3)	()	2	2	major	major	I	I, major	i/ii	ii	ii/I	ii	True	i/ii	i/ii, major		i/ii, major	ii	ii	-4	-4	-2	4	4	2	False	False	False
1198	2	46	-2	B	-1	3	4	2	1	True	3.75	-4	50	50	50	50a	599/4	1/16	False	2	False				False	134	i/ii		Ab	I		i/ii		i				ii	m	False	False	(2, -1, 3)	()	2	2	major	major	I	I, major	i/ii	ii	ii/I	ii	True	i/ii	i/ii, major		i/ii, major	ii	ii	-4	-4	-2	2	2	0	True	True	True
1198	2	73	-5	D	-1	3	4	1	1	True	3.75	-4	50	50	50	50a	599/4	1/16	False	5	False				False	134	i/ii		Ab	I		i/ii		i				ii	m	False	False	(2, -1, 3)	()	2	2	major	major	I	I, major	i/ii	ii	ii/I	ii	True	i/ii	i/ii, major		i/ii, major	ii	ii	-4	-4	-2	-1	-1	-3	True	False	False
1200	2	48	0	C	0	3	4	2	1	True	1.0	-4	51	51	51	51a	150	1/16	False	3	True				False	135	ii%7(4)/ii	V43(4)/ii	Ab	I		ii%7(4)/ii		ii	%	7	4	ii	%7	False	False	(4, 3, -2, 2)	()	4	4	major	major	I	I, major	ii/ii	ii	ii/I	ii	True	ii%7/ii	ii%7/ii, major		ii%7(4)/ii, major	ii	ii	-4	-4	-2	4	4	2	True	True	True
1200	16	65	-1	F	0	3	4	1	2	True	1.0	-4	51	51	51	51a	150	1/2	False	4	True				False	135	ii%7(4)/ii	V43(4)/ii	Ab	I		ii%7(4)/ii		ii	%	7	4	ii	%7	False	False	(4, 3, -2, 2)	()	4	4	major	major	I	I, major	ii/ii	ii	ii/I	ii	True	ii%7/ii	ii%7/ii, major		ii%7(4)/ii, major	ii	ii	-4	-4	-2	3	3	1	True	False	False
1200	16	70	-2	B	-1	3	4	1	3	True	1.0	-4	51	51	51	51a	150	1/2	False	4	True				False	135	ii%7(4)/ii	V43(4)/ii	Ab	I		ii%7(4)/ii		ii	%	7	4	ii	%7	False	False	(4, 3, -2, 2)	()	4	4	major	major	I	I, major	ii/ii	ii	ii/I	ii	True	ii%7/ii	ii%7/ii, major		ii%7(4)/ii, major	ii	ii	-4	-4	-2	2	2	0	True	False	False
1200	8	75	-3	E	-1	3	4	1	1	True	1.0	-4	51	51	51	51a	150	1/4	False	5	True				False	135	ii%7(4)/ii	V43(4)/ii	Ab	I		ii%7(4)/ii		ii	%	7	4	ii	%7	False	False	(4, 3, -2, 2)	()	4	4	major	major	I	I, major	ii/ii	ii	ii/I	ii	True	ii%7/ii	ii%7/ii, major		ii%7(4)/ii, major	ii	ii	-4	-4	-2	1	1	-1	False	False	False
1202	2	36	0	C	0	3	4	2	1	True	1.25	-4	51	51	51	51a	601/4	1/16	False	2	False				False	135	ii%7(4)/ii	V43(4)/ii	Ab	I		ii%7(4)/ii		ii	%	7	4	ii	%7	False	False	(4, 3, -2, 2)	()	4	4	major	major	I	I, major	ii/ii	ii	ii/I	ii	True	ii%7/ii	ii%7/ii, major		ii%7(4)/ii, major	ii	ii	-4	-4	-2	4	4	2	True	True	True
1204	2	37	-5	D	-1	3	4	2	1	True	1.5	-4	51	51	51	51a	301/2	1/16	False	2	False				False	135	ii%7(4)/ii	V43(4)/ii	Ab	I		ii%7(4)/ii		ii	%	7	4	ii	%7	False	False	(4, 3, -2, 2)	()	4	4	major	major	I	I, major	ii/ii	ii	ii/I	ii	True	ii%7/ii	ii%7/ii, major		ii%7(4)/ii, major	ii	ii	-4	-4	-2	-1	-1	-3	False	False	False
1206	2	39	-3	E	-1	3	4	2	1	True	1.75	-4	51	51	51	51a	603/4	1/16	False	2	False				False	135	ii%7(4)/ii	V43(4)/ii	Ab	I		ii%7(4)/ii		ii	%	7	4	ii	%7	False	False	(4, 3, -2, 2)	()	4	4	major	major	I	I, major	ii/ii	ii	ii/I	ii	True	ii%7/ii	ii%7/ii, major		ii%7(4)/ii, major	ii	ii	-4	-4	-2	1	1	-1	False	False	False
1208	2	41	-1	F	0	3	4	2	1	True	2.0	-4	51	51	51	51a	151	1/16	False	2	True				False	136	V(4)/ii		Ab	I		V(4)/ii		V			4	ii	M	False	False	(3, 2, 4)	()	3	3	major	major	I	I, major	V/ii	ii	ii/I	ii	True	V/ii	V/ii, major		V(4)/ii, major	ii	ii	-4	-4	-2	3	3	1	True	True	True
1208	16	72	0	C	0	3	4	1	1	True	2.0	-4	51	51	51	51a	151	1/2	False	5	True				False	136	V(4)/ii		Ab	I		V(4)/ii		V			4	ii	M	False	False	(3, 2, 4)	()	3	3	major	major	I	I, major	V/ii	ii	ii/I	ii	True	V/ii	V/ii, major		V(4)/ii, major	ii	ii	-4	-4	-2	4	4	2	True	False	False
1210	2	42	-6	G	-1	3	4	2	1	True	2.25	-4	51	51	51	51a	605/4	1/16	False	2	False				False	136	V(4)/ii		Ab	I		V(4)/ii		V			4	ii	M	False	False	(3, 2, 4)	()	3	3	major	major	I	I, major	V/ii	ii	ii/I	ii	True	V/ii	V/ii, major		V(4)/ii, major	ii	ii	-4	-4	-2	-2	-2	-4	False	False	False
1212	2	41	-1	F	0	3	4	2	1	True	2.5	-4	51	51	51	51a	303/2	1/16	False	2	False				False	136	V(4)/ii		Ab	I		V(4)/ii		V			4	ii	M	False	False	(3, 2, 4)	()	3	3	major	major	I	I, major	V/ii	ii	ii/I	ii	True	V/ii	V/ii, major		V(4)/ii, major	ii	ii	-4	-4	-2	3	3	1	True	True	True
1214	2	40	4	E	0	3	4	2	1	True	2.75	-4	51	51	51	51a	607/4	1/16	False	2	False				False	136	V(4)/ii		Ab	I		V(4)/ii		V			4	ii	M	False	False	(3, 2, 4)	()	3	3	major	major	I	I, major	V/ii	ii	ii/I	ii	True	V/ii	V/ii, major		V(4)/ii, major	ii	ii	-4	-4	-2	8	8	6	False	False	False
1216	2	41	-1	F	0	3	4	2	1	True	3.0	-4	51	51	51	51a	152	1/16	False	2	True				False	137	V/ii		Ab	I		V/ii		V				ii	M	False	False	(3, 7, 4)	()	3	3	major	major	I	I, major	V/ii	ii	ii/I	ii	True	V/ii	V/ii, major		V/ii, major	ii	ii	-4	-4	-2	3	3	1	True	True	True
1216	4	65	-1	F	0	3	4	1	2	False	3.0	-4	51	51	51	51a	152	1/8	False	4	True				False	137	V/ii		Ab	I		V/ii		V				ii	M	False	False	(3, 7, 4)	()	3	3	major	major	I	I, major	V/ii	ii	ii/I	ii	True	V/ii	V/ii, major		V/ii, major	ii	ii	-4	-4	-2	3	3	1	True	True	True
1216	4	69	3	A	0	3	4	1	2	True	3.0	-4	51	51	51	51a	152	1/8	False	4	True				False	137	V/ii		Ab	I		V/ii		V				ii	M	False	False	(3, 7, 4)	()	3	3	major	major	I	I, major	V/ii	ii	ii/I	ii	True	V/ii	V/ii, major		V/ii, major	ii	ii	-4	-4	-2	7	7	5	True	False	False
1218	2	29	-1	F	0	3	4	2	1	True	3.25	-4	51	51	51	51a	609/4	1/16	False	1	False				False	137	V/ii		Ab	I		V/ii		V				ii	M	False	False	(3, 7, 4)	()	3	3	major	major	I	I, major	V/ii	ii	ii/I	ii	True	V/ii	V/ii, major		V/ii, major	ii	ii	-4	-4	-2	3	3	1	True	True	True
1220	2	31	1	G	0	3	4	2	1	True	3.5	-4	51	51	51	51a	305/2	1/16	False	1	False				False	137	V/ii		Ab	I		V/ii		V				ii	M	False	False	(3, 7, 4)	()	3	3	major	major	I	I, major	V/ii	ii	ii/I	ii	True	V/ii	V/ii, major		V/ii, major	ii	ii	-4	-4	-2	5	5	3	False	False	False
1220	4	65	-1	F	0	3	4	1	2	True	3.5	-4	51	51	51	51a	305/2	1/8	False	4	False				False	137	V/ii		Ab	I		V/ii		V				ii	M	False	False	(3, 7, 4)	()	3	3	major	major	I	I, major	V/ii	ii	ii/I	ii	True	V/ii	V/ii, major		V/ii, major	ii	ii	-4	-4	-2	3	3	1	True	True	True
1222	2	33	3	A	0	3	4	2	1	True	3.75	-4	51	51	51	51a	611/4	1/16	False	1	False				False	137	V/ii		Ab	I		V/ii		V				ii	M	False	False	(3, 7, 4)	()	3	3	major	major	I	I, major	V/ii	ii	ii/I	ii	True	V/ii	V/ii, major		V/ii, major	ii	ii	-4	-4	-2	7	7	5	True	False	False
1224	2	34	-2	B	-1	3	4	2	1	True	1.0	-4	52	52	52	52a	153	1/16	False	1	True				False	138	i/ii		Ab	I		i/ii		i				ii	m	False	False	(2, -1, 3)	()	2	2	major	major	I	I, major	i/ii	ii	ii/I	ii	True	i/ii	i/ii, major		i/ii, major	ii	ii	-4	-4	-2	2	2	0	True	True	True
1224	4	65	-1	F	0	3	4	1	2	False	1.0	-4	52	52	52	52a	153	1/8	False	4	True				False	138	i/ii		Ab	I		i/ii		i				ii	m	False	False	(2, -1, 3)	()	2	2	major	major	I	I, major	i/ii	ii	ii/I	ii	True	i/ii	i/ii, major		i/ii, major	ii	ii	-4	-4	-2	3	3	1	True	False	False
1224	12	73	-5	D	-1	3	4	1	1	True	1.0	-4	52	52	52	52a	153	3/8	False	5	True				False	138	i/ii		Ab	I		i/ii		i				ii	m	False	False	(2, -1, 3)	()	2	2	major	major	I	I, major	i/ii	ii	ii/I	ii	True	i/ii	i/ii, major		i/ii, major	ii	ii	-4	-4	-2	-1	-1	-3	True	False	False
1226	2	41	-1	F	0	3	4	2	1	True	1.25	-4	52	52	52	52a	613/4	1/16	False	2	False				False	138	i/ii		Ab	I		i/ii		i				ii	m	False	False	(2, -1, 3)	()	2	2	major	major	I	I, major	i/ii	ii	ii/I	ii	True	i/ii	i/ii, major		i/ii, major	ii	ii	-4	-4	-2	3	3	1	True	False	False
1228	2	43	1	G	0	3	4	2	1	True	1.5	-4	52	52	52	52a	307/2	1/16	False	2	False				False	138	i/ii		Ab	I		i/ii		i				ii	m	False	False	(2, -1, 3)	()	2	2	major	major	I	I, major	i/ii	ii	ii/I	ii	True	i/ii	i/ii, major		i/ii, major	ii	ii	-4	-4	-2	5	5	3	False	False	False
1228	4	65	-1	F	0	3	4	1	2	True	1.5	-4	52	52	52	52a	307/2	1/8	False	4	False				False	138	i/ii		Ab	I		i/ii		i				ii	m	False	False	(2, -1, 3)	()	2	2	major	major	I	I, major	i/ii	ii	ii/I	ii	True	i/ii	i/ii, major		i/ii, major	ii	ii	-4	-4	-2	3	3	1	True	False	False
1230	2	45	3	A	0	3	4	2	1	True	1.75	-4	52	52	52	52a	615/4	1/16	False	2	False				False	138	i/ii		Ab	I		i/ii		i				ii	m	False	False	(2, -1, 3)	()	2	2	major	major	I	I, major	i/ii	ii	ii/I	ii	True	i/ii	i/ii, major		i/ii, major	ii	ii	-4	-4	-2	7	7	5	False	False	False
1232	2	46	-2	B	-1	3	4	2	1	True	2.0	-4	52	52	52	52a	154	1/16	False	2	False				False	138	i/ii		Ab	I		i/ii		i				ii	m	False	False	(2, -1, 3)	()	2	2	major	major	I	I, major	i/ii	ii	ii/I	ii	True	i/ii	i/ii, major		i/ii, major	ii	ii	-4	-4	-2	2	2	0	True	True	True
1232	16	65	-1	F	0	3	4	1	2	False	2.0	-4	52	52	52	52a	154	1/2	False	4	False				False	138	i/ii		Ab	I		i/ii		i				ii	m	False	False	(2, -1, 3)	()	2	2	major	major	I	I, major	i/ii	ii	ii/I	ii	True	i/ii	i/ii, major		i/ii, major	ii	ii	-4	-4	-2	3	3	1	True	False	False
1234	2	48	0	C	0	3	4	2	1	True	2.25	-4	52	52	52	52a	617/4	1/16	False	3	False				False	138	i/ii		Ab	I		i/ii		i				ii	m	False	False	(2, -1, 3)	()	2	2	major	major	I	I, major	i/ii	ii	ii/I	ii	True	i/ii	i/ii, major		i/ii, major	ii	ii	-4	-4	-2	4	4	2	False	False	False
1236	2	49	-5	D	-1	3	4	2	1	True	2.5	-4	52	52	52	52a	309/2	1/16	False	3	False				False	138	i/ii		Ab	I		i/ii		i				ii	m	False	False	(2, -1, 3)	()	2	2	major	major	I	I, major	i/ii	ii	ii/I	ii	True	i/ii	i/ii, major		i/ii, major	ii	ii	-4	-4	-2	-1	-1	-3	True	False	False
1236	4	70	-2	B	-1	3	4	1	1	True	2.5	-4	52	52	52	52a	309/2	1/8	False	4	False				False	138	i/ii		Ab	I		i/ii		i				ii	m	False	False	(2, -1, 3)	()	2	2	major	major	I	I, major	i/ii	ii	ii/I	ii	True	i/ii	i/ii, major		i/ii, major	ii	ii	-4	-4	-2	2	2	0	True	True	True
1238	2	51	-3	E	-1	3	4	2	1	True	2.75	-4	52	52	52	52a	619/4	1/16	False	3	False				False	138	i/ii		Ab	I		i/ii		i				ii	m	False	False	(2, -1, 3)	()	2	2	major	major	I	I, major	i/ii	ii	ii/I	ii	True	i/ii	i/ii, major		i/ii, major	ii	ii	-4	-4	-2	1	1	-1	False	False	False
1240	2	53	-1	F	0	3	4	2	1	True	3.0	-4	52	52	52	52a	155	1/16	False	3	False				False	138	i/ii		Ab	I		i/ii		i				ii	m	False	False	(2, -1, 3)	()	2	2	major	major	I	I, major	i/ii	ii	ii/I	ii	True	i/ii	i/ii, major		i/ii, major	ii	ii	-4	-4	-2	3	3	1	True	False	False
1240	6	70	-2	B	-1	3	4	1	1	True	3.0	-4	52	52	52	52a	155	3/16	False	4	False				False	138	i/ii		Ab	I		i/ii		i				ii	m	False	False	(2, -1, 3)	()	2	2	major	major	I	I, major	i/ii	ii	ii/I	ii	True	i/ii	i/ii, major		i/ii, major	ii	ii	-4	-4	-2	2	2	0	True	True	True
1242	2	49	-5	D	-1	3	4	2	1	True	3.25	-4	52	52	52	52a	621/4	1/16	False	3	False				False	138	i/ii		Ab	I		i/ii		i				ii	m	False	False	(2, -1, 3)	()	2	2	major	major	I	I, major	i/ii	ii	ii/I	ii	True	i/ii	i/ii, major		i/ii, major	ii	ii	-4	-4	-2	-1	-1	-3	True	False	False
1244	2	48	0	C	0	3	4	2	1	True	3.5	-4	52	52	52	52a	311/2	1/16	False	3	False				False	138	i/ii		Ab	I		i/ii		i				ii	m	False	False	(2, -1, 3)	()	2	2	major	major	I	I, major	i/ii	ii	ii/I	ii	True	i/ii	i/ii, major		i/ii, major	ii	ii	-4	-4	-2	4	4	2	False	False	False
1246	2	46	-2	B	-1	3	4	2	1	True	3.75	-4	52	52	52	52a	623/4	1/16	False	2	False				False	138	i/ii		Ab	I		i/ii		i				ii	m	False	False	(2, -1, 3)	()	2	2	major	major	I	I, major	i/ii	ii	ii/I	ii	True	i/ii	i/ii, major		i/ii, major	ii	ii	-4	-4	-2	2	2	0	True	True	True
1246	2	70	-2	B	-1	3	4	1	1	True	3.75	-4	52	52	52	52a	623/4	1/16	False	4	False				False	138	i/ii		Ab	I		i/ii		i				ii	m	False	False	(2, -1, 3)	()	2	2	major	major	I	I, major	i/ii	ii	ii/I	ii	True	i/ii	i/ii, major		i/ii, major	ii	ii	-4	-4	-2	2	2	0	True	True	True
1248	2	41	-1	F	0	3	4	2	1	True	1.0	-4	53	53	53	53a	156	1/16	False	2	True				False	139	V7(4)/ii		Ab	I		V7(4)/ii		V		7	4	ii	Mm7	False	False	(3, 2, 4, 1)	()	3	3	major	major	I	I, major	V/ii	ii	ii/I	ii	True	V7/ii	V7/ii, major		V7(4)/ii, major	ii	ii	-4	-4	-2	3	3	1	True	True	True
1248	16	65	-1	F	0	3	4	1	2	True	1.0	-4	53	53	53	53a	156	1/2	False	4	True				False	139	V7(4)/ii		Ab	I		V7(4)/ii		V		7	4	ii	Mm7	False	False	(3, 2, 4, 1)	()	3	3	major	major	I	I, major	V/ii	ii	ii/I	ii	True	V7/ii	V7/ii, major		V7(4)/ii, major	ii	ii	-4	-4	-2	3	3	1	True	True	True
1248	16	70	-2	B	-1	3	4	1	3	True	1.0	-4	53	53	53	53a	156	1/2	False	4	True				False	139	V7(4)/ii		Ab	I		V7(4)/ii		V		7	4	ii	Mm7	False	False	(3, 2, 4, 1)	()	3	3	major	major	I	I, major	V/ii	ii	ii/I	ii	True	V7/ii	V7/ii, major		V7(4)/ii, major	ii	ii	-4	-4	-2	2	2	0	True	False	False
1248	8	75	-3	E	-1	3	4	1	1	True	1.0	-4	53	53	53	53a	156	1/4	False	5	True				False	139	V7(4)/ii		Ab	I		V7(4)/ii		V		7	4	ii	Mm7	False	False	(3, 2, 4, 1)	()	3	3	major	major	I	I, major	V/ii	ii	ii/I	ii	True	V7/ii	V7/ii, major		V7(4)/ii, major	ii	ii	-4	-4	-2	1	1	-1	True	False	False
1250	2	29	-1	F	0	3	4	2	1	True	1.25	-4	53	53	53	53a	625/4	1/16	False	1	False				False	139	V7(4)/ii		Ab	I		V7(4)/ii		V		7	4	ii	Mm7	False	False	(3, 2, 4, 1)	()	3	3	major	major	I	I, major	V/ii	ii	ii/I	ii	True	V7/ii	V7/ii, major		V7(4)/ii, major	ii	ii	-4	-4	-2	3	3	1	True	True	True
1252	2	31	1	G	0	3	4	2	1	True	1.5	-4	53	53	53	53a	313/2	1/16	False	1	False				False	139	V7(4)/ii		Ab	I		V7(4)/ii		V		7	4	ii	Mm7	False	False	(3, 2, 4, 1)	()	3	3	major	major	I	I, major	V/ii	ii	ii/I	ii	True	V7/ii	V7/ii, major		V7(4)/ii, major	ii	ii	-4	-4	-2	5	5	3	False	False	False
1254	2	33	3	A	0	3	4	2	1	True	1.75	-4	53	53	53	53a	627/4	1/16	False	1	False				False	139	V7(4)/ii		Ab	I		V7(4)/ii		V		7	4	ii	Mm7	False	False	(3, 2, 4, 1)	()	3	3	major	major	I	I, major	V/ii	ii	ii/I	ii	True	V7/ii	V7/ii, major		V7(4)/ii, major	ii	ii	-4	-4	-2	7	7	5	False	False	False
1256	2	34	-2	B	-1	3	4	2	1	True	2.0	-4	53	53	53	53a	157	1/16	False	1	True				False	140	V43(4)/ii		Ab	I		V43(4)/ii		V		43	4	ii	Mm7	False	False	(4, 1, 3, 2)	()	3	4	major	major	I	I, major	V/ii	ii	ii/I	ii	True	V43/ii	V43/ii, major		V43(4)/ii, major	ii	ii	-4	-4	-2	2	2	0	True	False	False
1256	16	72	0	C	0	3	4	1	1	True	2.0	-4	53	53	53	53a	157	1/2	False	5	True				False	140	V43(4)/ii		Ab	I		V43(4)/ii		V		43	4	ii	Mm7	False	False	(4, 1, 3, 2)	()	3	4	major	major	I	I, major	V/ii	ii	ii/I	ii	True	V43/ii	V43/ii, major		V43(4)/ii, major	ii	ii	-4	-4	-2	4	4	2	True	False	True
1258	2	36	0	C	0	3	4	2	1	True	2.25	-4	53	53	53	53a	629/4	1/16	False	2	False				False	140	V43(4)/ii		Ab	I		V43(4)/ii		V		43	4	ii	Mm7	False	False	(4, 1, 3, 2)	()	3	4	major	major	I	I, major	V/ii	ii	ii/I	ii	True	V43/ii	V43/ii, major		V43(4)/ii, major	ii	ii	-4	-4	-2	4	4	2	True	False	True
1260	2	37	-5	D	-1	3	4	2	1	True	2.5	-4	53	53	53	53a	315/2	1/16	False	2	False				False	140	V43(4)/ii		Ab	I		V43(4)/ii		V		43	4	ii	Mm7	False	False	(4, 1, 3, 2)	()	3	4	major	major	I	I, major	V/ii	ii	ii/I	ii	True	V43/ii	V43/ii, major		V43(4)/ii, major	ii	ii	-4	-4	-2	-1	-1	-3	False	False	False
1262	2	39	-3	E	-1	3	4	2	1	True	2.75	-4	53	53	53	53a	631/4	1/16	False	2	False				False	140	V43(4)/ii		Ab	I		V43(4)/ii		V		43	4	ii	Mm7	False	False	(4, 1, 3, 2)	()	3	4	major	major	I	I, major	V/ii	ii	ii/I	ii	True	V43/ii	V43/ii, major		V43(4)/ii, major	ii	ii	-4	-4	-2	1	1	-1	True	False	False
1264	2	41	-1	F	0	3	4	2	1	True	3.0	-4	53	53	53	53a	158	1/16	False	2	True				False	141	V43/ii	V7/ii	Ab	I		V43/ii		V		43		ii	Mm7	False	False	(4, 1, 3, 7)	()	3	4	major	major	I	I, major	V/ii	ii	ii/I	ii	True	V43/ii	V43/ii, major		V43/ii, major	ii	ii	-4	-4	-2	3	3	1	True	True	False
1264	8	65	-1	F	0	3	4	1	2	True	3.0	-4	53	53	53	53a	158	1/4	False	4	True				False	141	V43/ii	V7/ii	Ab	I		V43/ii		V		43		ii	Mm7	False	False	(4, 1, 3, 7)	()	3	4	major	major	I	I, major	V/ii	ii	ii/I	ii	True	V43/ii	V43/ii, major		V43/ii, major	ii	ii	-4	-4	-2	3	3	1	True	True	False
1264	8	69	3	A	0	3	4	1	2	True	3.0	-4	53	53	53	53a	158	1/4	False	4	True				False	141	V43/ii	V7/ii	Ab	I		V43/ii		V		43		ii	Mm7	False	False	(4, 1, 3, 7)	()	3	4	major	major	I	I, major	V/ii	ii	ii/I	ii	True	V43/ii	V43/ii, major		V43/ii, major	ii	ii	-4	-4	-2	7	7	5	True	False	False
1266	2	39	-3	E	-1	3	4	2	1	True	3.25	-4	53	53	53	53a	633/4	1/16	False	2	False				False	141	V43/ii	V7/ii	Ab	I		V43/ii		V		43		ii	Mm7	False	False	(4, 1, 3, 7)	()	3	4	major	major	I	I, major	V/ii	ii	ii/I	ii	True	V43/ii	V43/ii, major		V43/ii, major	ii	ii	-4	-4	-2	1	1	-1	True	False	False
1268	2	37	-5	D	-1	3	4	2	1	True	3.5	-4	53	53	53	53a	317/2	1/16	False	2	False				False	141	V43/ii	V7/ii	Ab	I		V43/ii		V		43		ii	Mm7	False	False	(4, 1, 3, 7)	()	3	4	major	major	I	I, major	V/ii	ii	ii/I	ii	True	V43/ii	V43/ii, major		V43/ii, major	ii	ii	-4	-4	-2	-1	-1	-3	False	False	False
1270	2	36	0	C	0	3	4	2	1	True	3.75	-4	53	53	53	53a	635/4	1/16	False	2	False				False	141	V43/ii	V7/ii	Ab	I		V43/ii		V		43		ii	Mm7	False	False	(4, 1, 3, 7)	()	3	4	major	major	I	I, major	V/ii	ii	ii/I	ii	True	V43/ii	V43/ii, major		V43/ii, major	ii	ii	-4	-4	-2	4	4	2	True	False	True
1272	2	34	-2	B	-1	3	4	2	1	True	1.0	-4	54	54	54	54a	159	1/16	False	1	True				False	142	i/ii		Ab	I		i/ii		i				ii	m	False	False	(2, -1, 3)	()	2	2	major	major	I	I, major	i/ii	ii	ii/I	ii	True	i/ii	i/ii, major		i/ii, major	ii	ii	-4	-4	-2	2	2	0	True	True	True
1272	16	65	-1	F	0	3	4	1	2	True	1.0	-4	54	54	54	54a	159	1/2	False	4	True				False	142	i/ii		Ab	I		i/ii		i				ii	m	False	False	(2, -1, 3)	()	2	2	major	major	I	I, major	i/ii	ii	ii/I	ii	True	i/ii	i/ii, major		i/ii, major	ii	ii	-4	-4	-2	3	3	1	True	False	False
1272	12	70	-2	B	-1	3	4	1	1	True	1.0	-4	54	54	54	54a	159	3/8	False	4	True				False	142	i/ii		Ab	I		i/ii		i				ii	m	False	False	(2, -1, 3)	()	2	2	major	major	I	I, major	i/ii	ii	ii/I	ii	True	i/ii	i/ii, major		i/ii, major	ii	ii	-4	-4	-2	2	2	0	True	True	True
1272	12	73	-5	D	-1	3	4	1	1	True	1.0	-4	54	54	54	54a	159	3/8	False	5	True				False	142	i/ii		Ab	I		i/ii		i				ii	m	False	False	(2, -1, 3)	()	2	2	major	major	I	I, major	i/ii	ii	ii/I	ii	True	i/ii	i/ii, major		i/ii, major	ii	ii	-4	-4	-2	-1	-1	-3	True	False	False
1274	2	45	3	A	0	3	4	2	1	True	1.25	-4	54	54	54	54a	637/4	1/16	False	2	False				False	142	i/ii		Ab	I		i/ii		i				ii	m	False	False	(2, -1, 3)	()	2	2	major	major	I	I, major	i/ii	ii	ii/I	ii	True	i/ii	i/ii, major		i/ii, major	ii	ii	-4	-4	-2	7	7	5	False	False	False
1276	2	46	-2	B	-1	3	4	2	1	True	1.5	-4	54	54	54	54a	319/2	1/16	False	2	False				False	142	i/ii		Ab	I		i/ii		i				ii	m	False	False	(2, -1, 3)	()	2	2	major	major	I	I, major	i/ii	ii	ii/I	ii	True	i/ii	i/ii, major		i/ii, major	ii	ii	-4	-4	-2	2	2	0	True	True	True
1278	2	48	0	C	0	3	4	2	1	True	1.75	-4	54	54	54	54a	639/4	1/16	False	3	False				False	142	i/ii		Ab	I		i/ii		i				ii	m	False	False	(2, -1, 3)	()	2	2	major	major	I	I, major	i/ii	ii	ii/I	ii	True	i/ii	i/ii, major		i/ii, major	ii	ii	-4	-4	-2	4	4	2	False	False	False
1280	2	49	-5	D	-1	3	4	2	1	True	2.0	-4	54	54	54	54a	160	1/16	False	3	True				False	143	i6/ii		Ab	I		i6/ii		i		6		ii	m	False	False	(-1, 3, 2)	()	2	-1	major	major	I	I, major	i/ii	ii	ii/I	ii	True	i6/ii	i6/ii, major		i6/ii, major	ii	ii	-4	-4	-2	-1	-1	-3	True	False	True
1282	2	51	-3	E	-1	3	4	2	1	True	2.25	-4	54	54	54	54a	641/4	1/16	False	3	False				False	143	i6/ii		Ab	I		i6/ii		i		6		ii	m	False	False	(-1, 3, 2)	()	2	-1	major	major	I	I, major	i/ii	ii	ii/I	ii	True	i6/ii	i6/ii, major		i6/ii, major	ii	ii	-4	-4	-2	1	1	-1	False	False	False
1284	2	53	-1	F	0	3	4	2	1	True	2.5	-4	54	54	54	54a	321/2	1/16	False	3	False				False	143	i6/ii		Ab	I		i6/ii		i		6		ii	m	False	False	(-1, 3, 2)	()	2	-1	major	major	I	I, major	i/ii	ii	ii/I	ii	True	i6/ii	i6/ii, major		i6/ii, major	ii	ii	-4	-4	-2	3	3	1	True	False	False
1284	4	70	-2	B	-1	3	4	1	1	True	2.5	-4	54	54	54	54a	321/2	1/8	False	4	False				False	143	i6/ii		Ab	I		i6/ii		i		6		ii	m	False	False	(-1, 3, 2)	()	2	-1	major	major	I	I, major	i/ii	ii	ii/I	ii	True	i6/ii	i6/ii, major		i6/ii, major	ii	ii	-4	-4	-2	2	2	0	True	True	False
1286	2	51	-3	E	-1	3	4	2	1	True	2.75	-4	54	54	54	54a	643/4	1/16	False	3	False				False	143	i6/ii		Ab	I		i6/ii		i		6		ii	m	False	False	(-1, 3, 2)	()	2	-1	major	major	I	I, major	i/ii	ii	ii/I	ii	True	i6/ii	i6/ii, major		i6/ii, major	ii	ii	-4	-4	-2	1	1	-1	False	False	False
1288	2	49	-5	D	-1	3	4	2	1	True	3.0	-4	54	54	54	54a	161	1/16	False	3	False				False	143	i6/ii		Ab	I		i6/ii		i		6		ii	m	False	False	(-1, 3, 2)	()	2	-1	major	major	I	I, major	i/ii	ii	ii/I	ii	True	i6/ii	i6/ii, major		i6/ii, major	ii	ii	-4	-4	-2	-1	-1	-3	True	False	True
1288	6	70	-2	B	-1	3	4	1	1	True	3.0	-4	54	54	54	54a	161	3/16	False	4	False				False	143	i6/ii		Ab	I		i6/ii		i		6		ii	m	False	False	(-1, 3, 2)	()	2	-1	major	major	I	I, major	i/ii	ii	ii/I	ii	True	i6/ii	i6/ii, major		i6/ii, major	ii	ii	-4	-4	-2	2	2	0	True	True	False
1290	2	48	0	C	0	3	4	2	1	True	3.25	-4	54	54	54	54a	645/4	1/16	False	3	False				False	143	i6/ii		Ab	I		i6/ii		i		6		ii	m	False	False	(-1, 3, 2)	()	2	-1	major	major	I	I, major	i/ii	ii	ii/I	ii	True	i6/ii	i6/ii, major		i6/ii, major	ii	ii	-4	-4	-2	4	4	2	False	False	False
1292	2	46	-2	B	-1	3	4	2	1	True	3.5	-4	54	54	54	54a	323/2	1/16	False	2	True				False	144	ii2		Ab	I		ii2		ii		2			mm7	False	False	(0, 2, -1, 3)	()	2	0	major	major	I	I, major	ii		I	I	False	ii2	ii2, major		ii2, major		ii	-4	-4	-4	2	2	2	True	True	False
1294	2	44	-4	A	-1	3	4	2	1	True	3.75	-4	54	54	54	54a	647/4	1/16	False	2	False				False	144	ii2		Ab	I		ii2		ii		2			mm7	False	False	(0, 2, -1, 3)	()	2	0	major	major	I	I, major	ii		I	I	False	ii2	ii2, major		ii2, major		ii	-4	-4	-4	0	0	0	True	False	True
1294	2	70	-2	B	-1	3	4	1	1	True	3.75	-4	54	54	54	54a	647/4	1/16	False	4	False				False	144	ii2		Ab	I		ii2		ii		2			mm7	False	False	(0, 2, -1, 3)	()	2	0	major	major	I	I, major	ii		I	I	False	ii2	ii2, major		ii2, major		ii	-4	-4	-4	2	2	2	True	True	False
1296	2	43	1	G	0	3	4	2	1	True	1.0	-4	55	55	55	55a	162	1/16	False	2	True				False	145	V65		Ab	I		V65		V		65			Mm7	False	False	(5, 2, -1, 1)	()	1	5	major	major	I	I, major	V		I	I	False	V65	V65, major		V65, major		V	-4	-4	-4	5	5	5	True	False	True
1296	8	63	-3	E	-1	3	4	1	1	True	1.0	-4	55	55	55	55a	162	1/4	False	4	True				False	145	V65		Ab	I		V65		V		65			Mm7	False	False	(5, 2, -1, 1)	()	1	5	major	major	I	I, major	V		I	I	False	V65	V65, major		V65, major		V	-4	-4	-4	1	1	1	True	True	False
1296	8	70	-2	B	-1	3	4	1	1	True	1.0	-4	55	55	55	55a	162	1/4	False	4	True				False	145	V65		Ab	I		V65		V		65			Mm7	False	False	(5, 2, -1, 1)	()	1	5	major	major	I	I, major	V		I	I	False	V65	V65, major		V65, major		V	-4	-4	-4	2	2	2	True	False	False
1296	8	73	-5	D	-1	3	4	1	1	True	1.0	-4	55	55	55	55a	162	1/4	False	5	True				False	145	V65		Ab	I		V65		V		65			Mm7	False	False	(5, 2, -1, 1)	()	1	5	major	major	I	I, major	V		I	I	False	V65	V65, major		V65, major		V	-4	-4	-4	-1	-1	-1	True	False	False
1298	2	38	2	D	0	3	4	2	1	True	1.25	-4	55	55	55	55a	649/4	1/16	False	2	False				False	145	V65		Ab	I		V65		V		65			Mm7	False	False	(5, 2, -1, 1)	()	1	5	major	major	I	I, major	V		I	I	False	V65	V65, major		V65, major		V	-4	-4	-4	6	6	6	False	False	False
1300	2	39	-3	E	-1	3	4	2	1	True	1.5	-4	55	55	55	55a	325/2	1/16	False	2	False				False	145	V65		Ab	I		V65		V		65			Mm7	False	False	(5, 2, -1, 1)	()	1	5	major	major	I	I, major	V		I	I	False	V65	V65, major		V65, major		V	-4	-4	-4	1	1	1	True	True	False
1302	2	41	-1	F	0	3	4	2	1	True	1.75	-4	55	55	55	55a	651/4	1/16	False	2	False				False	145	V65		Ab	I		V65		V		65			Mm7	False	False	(5, 2, -1, 1)	()	1	5	major	major	I	I, major	V		I	I	False	V65	V65, major		V65, major		V	-4	-4	-4	3	3	3	False	False	False
1304	2	43	1	G	0	3	4	2	1	True	2.0	-4	55	55	55	55a	163	1/16	False	2	True				False	146	V6		Ab	I		V6		V		6			M	False	False	(5, 2, 1)	()	1	5	major	major	I	I, major	V		I	I	False	V6	V6, major		V6, major		V	-4	-4	-4	5	5	5	True	False	True
1304	12	70	-2	B	-1	3	4	1	2	True	2.0	-4	55	55	55	55a	163	3/8	False	4	True				False	146	V6		Ab	I		V6		V		6			M	False	False	(5, 2, 1)	()	1	5	major	major	I	I, major	V		I	I	False	V6	V6, major		V6, major		V	-4	-4	-4	2	2	2	True	False	False
1306	2	44	-4	A	-1	3	4	2	1	True	2.25	-4	55	55	55	55a	653/4	1/16	False	2	False				False	146	V6		Ab	I		V6		V		6			M	False	False	(5, 2, 1)	()	1	5	major	major	I	I, major	V		I	I	False	V6	V6, major		V6, major		V	-4	-4	-4	0	0	0	False	False	False
1308	2	46	-2	B	-1	3	4	2	1	True	2.5	-4	55	55	55	55a	327/2	1/16	False	2	False				False	146	V6		Ab	I		V6		V		6			M	False	False	(5, 2, 1)	()	1	5	major	major	I	I, major	V		I	I	False	V6	V6, major		V6, major		V	-4	-4	-4	2	2	2	True	False	False
1310	2	44	-4	A	-1	3	4	2	1	True	2.75	-4	55	55	55	55a	655/4	1/16	False	2	False				False	146	V6		Ab	I		V6		V		6			M	False	False	(5, 2, 1)	()	1	5	major	major	I	I, major	V		I	I	False	V6	V6, major		V6, major		V	-4	-4	-4	0	0	0	False	False	False
1312	2	43	1	G	0	3	4	2	1	True	3.0	-4	55	55	55	55a	164	1/16	False	2	False				False	146	V6		Ab	I		V6		V		6			M	False	False	(5, 2, 1)	()	1	5	major	major	I	I, major	V		I	I	False	V6	V6, major		V6, major		V	-4	-4	-4	5	5	5	True	False	True
1314	2	41	-1	F	0	3	4	2	1	True	3.25	-4	55	55	55	55a	657/4	1/16	False	2	False				False	146	V6		Ab	I		V6		V		6			M	False	False	(5, 2, 1)	()	1	5	major	major	I	I, major	V		I	I	False	V6	V6, major		V6, major		V	-4	-4	-4	3	3	3	False	False	False
1316	1	39	-3	E	-1	3	4	2	1	True	3.5	-4	55	55	55	55a	329/2	1/32	False	2	True				False	147	V+		Ab	I		V+		V	+				+	False	False	(1, 5, 9)	()	1	1	major	major	I	I, major	V		I	I	False	V+	V+, major		V+, major		V	-4	-4	-4	1	1	1	True	True	True
1316	4	71	5	B	0	3	4	1	2	True	3.5	-4	55	55	55	55a	329/2	1/8	False	4	True				False	147	V+		Ab	I		V+		V	+				+	False	False	(1, 5, 9)	()	1	1	major	major	I	I, major	V		I	I	False	V+	V+, major		V+, major		V	-4	-4	-4	9	9	9	True	False	False
1317	1	37	-5	D	-1	3	4	2	1	True	3.625	-4	55	55	55	55a	1317/8	1/32	False	2	False				False	147	V+		Ab	I		V+		V	+				+	False	False	(1, 5, 9)	()	1	1	major	major	I	I, major	V		I	I	False	V+	V+, major		V+, major		V	-4	-4	-4	-1	-1	-1	False	False	False
1318	1	36	0	C	0	3	4	2	1	True	3.75	-4	55	55	55	55a	659/4	1/32	False	2	False				False	147	V+		Ab	I		V+		V	+				+	False	False	(1, 5, 9)	()	1	1	major	major	I	I, major	V		I	I	False	V+	V+, major		V+, major		V	-4	-4	-4	4	4	4	False	False	False
1319	1	34	-2	B	-1	3	4	2	1	True	3.875	-4	55	55	55	55a	1319/8	1/32	False	1	False				False	147	V+		Ab	I		V+		V	+				+	False	False	(1, 5, 9)	()	1	1	major	major	I	I, major	V		I	I	False	V+	V+, major		V+, major		V	-4	-4	-4	2	2	2	False	False	False
1320	1	32	-4	A	-1	3	4	2	1	True	1.0	-4	56	56	56	56a	165	1/32	False	1	True	IAC	IAC	}{	True	148	I|IAC}{		Ab	I		I		I					M	False	False	(0, 4, 1)	()	0	0	major	major	I	I, major	I		I	I	False	I	I, major		I, major		I	-4	-4	-4	0	0	0	True	True	True
1320	12	60	0	C	0	3	4	1	1	True	1.0	-4	56	56	56	56a	165	3/8	False	4	True	IAC	IAC	}{	True	148	I|IAC}{		Ab	I		I		I					M	False	False	(0, 4, 1)	()	0	0	major	major	I	I, major	I		I	I	False	I	I, major		I, major		I	-4	-4	-4	4	4	4	True	False	False
1320	12	63	-3	E	-1	3	4	1	1	True	1.0	-4	56	56	56	56a	165	3/8	False	4	True	IAC	IAC	}{	True	148	I|IAC}{		Ab	I		I		I					M	False	False	(0, 4, 1)	()	0	0	major	major	I	I, major	I		I	I	False	I	I, major		I, major		I	-4	-4	-4	1	1	1	True	False	False
1320	12	72	0	C	0	3	4	1	1	True	1.0	-4	56	56	56	56a	165	3/8	False	5	True	IAC	IAC	}{	True	148	I|IAC}{		Ab	I		I		I					M	False	False	(0, 4, 1)	()	0	0	major	major	I	I, major	I		I	I	False	I	I, major		I, major		I	-4	-4	-4	4	4	4	True	False	False
1321	1	39	-3	E	-1	3	4	2	1	True	1.125	-4	56	56	56	56a	1321/8	1/32	False	2	False				False	148	I|IAC}{		Ab	I		I		I					M	False	False	(0, 4, 1)	()	0	0	major	major	I	I, major	I		I	I	False	I	I, major		I, major		I	-4	-4	-4	1	1	1	True	False	False
1322	1	36	0	C	0	3	4	2	1	True	1.25	-4	56	56	56	56a	661/4	1/32	False	2	False				False	148	I|IAC}{		Ab	I		I		I					M	False	False	(0, 4, 1)	()	0	0	major	major	I	I, major	I		I	I	False	I	I, major		I, major		I	-4	-4	-4	4	4	4	True	False	False
1323	1	39	-3	E	-1	3	4	2	1	True	1.375	-4	56	56	56	56a	1323/8	1/32	False	2	False				False	148	I|IAC}{		Ab	I		I		I					M	False	False	(0, 4, 1)	()	0	0	major	major	I	I, major	I		I	I	False	I	I, major		I, major		I	-4	-4	-4	1	1	1	True	False	False
1324	1	44	-4	A	-1	3	4	2	1	True	1.5	-4	56	56	56	56a	331/2	1/32	False	2	False				False	148	I|IAC}{		Ab	I		I		I					M	False	False	(0, 4, 1)	()	0	0	major	major	I	I, major	I		I	I	False	I	I, major		I, major		I	-4	-4	-4	0	0	0	True	True	True
1325	1	51	-3	E	-1	3	4	2	1	True	1.625	-4	56	56	56	56a	1325/8	1/32	False	3	False				False	148	I|IAC}{		Ab	I		I		I					M	False	False	(0, 4, 1)	()	0	0	major	major	I	I, major	I		I	I	False	I	I, major		I, major		I	-4	-4	-4	1	1	1	True	False	False
1326	1	48	0	C	0	3	4	2	1	True	1.75	-4	56	56	56	56a	663/4	1/32	False	3	False				False	148	I|IAC}{		Ab	I		I		I					M	False	False	(0, 4, 1)	()	0	0	major	major	I	I, major	I		I	I	False	I	I, major		I, major		I	-4	-4	-4	4	4	4	True	False	False
1327	1	51	-3	E	-1	3	4	2	1	True	1.875	-4	56	56	56	56a	1327/8	1/32	False	3	False				False	148	I|IAC}{		Ab	I		I		I					M	False	False	(0, 4, 1)	()	0	0	major	major	I	I, major	I		I	I	False	I	I, major		I, major		I	-4	-4	-4	1	1	1	True	False	False
1328	1	44	-4	A	-1	3	4	2	1	True	2.0	-4	56	56	56	56a	166	1/32	False	2	False				False	148	I|IAC}{		Ab	I		I		I					M	False	False	(0, 4, 1)	()	0	0	major	major	I	I, major	I		I	I	False	I	I, major		I, major		I	-4	-4	-4	0	0	0	True	True	True
1329	1	51	-3	E	-1	3	4	2	1	True	2.125	-4	56	56	56	56a	1329/8	1/32	False	3	False				False	148	I|IAC}{		Ab	I		I		I					M	False	False	(0, 4, 1)	()	0	0	major	major	I	I, major	I		I	I	False	I	I, major		I, major		I	-4	-4	-4	1	1	1	True	False	False
1330	1	48	0	C	0	3	4	2	1	True	2.25	-4	56	56	56	56a	665/4	1/32	False	3	False				False	148	I|IAC}{		Ab	I		I		I					M	False	False	(0, 4, 1)	()	0	0	major	major	I	I, major	I		I	I	False	I	I, major		I, major		I	-4	-4	-4	4	4	4	True	False	False
1331	1	51	-3	E	-1	3	4	2	1	True	2.375	-4	56	56	56	56a	1331/8	1/32	False	3	False				False	148	I|IAC}{		Ab	I		I		I					M	False	False	(0, 4, 1)	()	0	0	major	major	I	I, major	I		I	I	False	I	I, major		I, major		I	-4	-4	-4	1	1	1	True	False	False
1332	1	56	-4	A	-1	3	4	2	1	True	2.5	-4	56	56	56	56a	333/2	1/32	False	3	False				False	148	I|IAC}{		Ab	I		I		I					M	False	False	(0, 4, 1)	()	0	0	major	major	I	I, major	I		I	I	False	I	I, major		I, major		I	-4	-4	-4	0	0	0	True	True	True
1332	4	60	0	C	0	3	4	1	1	True	2.5	-4	56	56	56	56a	333/2	1/8	False	4	False				False	148	I|IAC}{		Ab	I		I		I					M	False	False	(0, 4, 1)	()	0	0	major	major	I	I, major	I		I	I	False	I	I, major		I, major		I	-4	-4	-4	4	4	4	True	False	False
1332	4	63	-3	E	-1	3	4	1	1	True	2.5	-4	56	56	56	56a	333/2	1/8	False	4	False				False	148	I|IAC}{		Ab	I		I		I					M	False	False	(0, 4, 1)	()	0	0	major	major	I	I, major	I		I	I	False	I	I, major		I, major		I	-4	-4	-4	1	1	1	True	False	False
1332	4	68	-4	A	-1	3	4	1	1	True	2.5	-4	56	56	56	56a	333/2	1/8	False	4	False				False	148	I|IAC}{		Ab	I		I		I					M	False	False	(0, 4, 1)	()	0	0	major	major	I	I, major	I		I	I	False	I	I, major		I, major		I	-4	-4	-4	0	0	0	True	True	True
1333	1	51	-3	E	-1	3	4	2	1	True	2.625	-4	56	56	56	56a	1333/8	1/32	False	3	False				False	148	I|IAC}{		Ab	I		I		I					M	False	False	(0, 4, 1)	()	0	0	major	major	I	I, major	I		I	I	False	I	I, major		I, major		I	-4	-4	-4	1	1	1	True	False	False
1334	1	48	0	C	0	3	4	2	1	True	2.75	-4	56	56	56	56a	667/4	1/32	False	3	False				False	148	I|IAC}{		Ab	I		I		I					M	False	False	(0, 4, 1)	()	0	0	major	major	I	I, major	I		I	I	False	I	I, major		I, major		I	-4	-4	-4	4	4	4	True	False	False
1335	1	51	-3	E	-1	3	4	2	1	True	2.875	-4	56	56	56	56a	1335/8	1/32	False	3	False				False	148	I|IAC}{		Ab	I		I		I					M	False	False	(0, 4, 1)	()	0	0	major	major	I	I, major	I		I	I	False	I	I, major		I, major		I	-4	-4	-4	1	1	1	True	False	False
1336	1	48	0	C	0	3	4	2	1	True	3.0	-4	56	56	56	56a	167	1/32	False	3	True				False	149	I6		Ab	I		I6		I		6			M	False	False	(4, 1, 0)	()	0	4	major	major	I	I, major	I		I	I	False	I6	I6, major		I6, major		I	-4	-4	-4	4	4	4	True	False	True
1336	4	60	0	C	0	3	4	1	2	True	3.0	-4	56	56	56	56a	167	1/8	False	4	True				False	149	I6		Ab	I		I6		I		6			M	False	False	(4, 1, 0)	()	0	4	major	major	I	I, major	I		I	I	False	I6	I6, major		I6, major		I	-4	-4	-4	4	4	4	True	False	True
1336	4	63	-3	E	-1	3	4	1	2	True	3.0	-4	56	56	56	56a	167	1/8	False	4	True				False	149	I6		Ab	I		I6		I		6			M	False	False	(4, 1, 0)	()	0	4	major	major	I	I, major	I		I	I	False	I6	I6, major		I6, major		I	-4	-4	-4	1	1	1	True	False	False
1336	6	68	-4	A	-1	3	4	1	1	True	3.0	-4	56	56	56	56a	167	3/16	False	4	True				False	149	I6		Ab	I		I6		I		6			M	False	False	(4, 1, 0)	()	0	4	major	major	I	I, major	I		I	I	False	I6	I6, major		I6, major		I	-4	-4	-4	0	0	0	True	True	False
1337	1	56	-4	A	-1	3	4	2	1	True	3.125	-4	56	56	56	56a	1337/8	1/32	False	3	False				False	149	I6		Ab	I		I6		I		6			M	False	False	(4, 1, 0)	()	0	4	major	major	I	I, major	I		I	I	False	I6	I6, major		I6, major		I	-4	-4	-4	0	0	0	True	True	False
1338	1	51	-3	E	-1	3	4	2	1	True	3.25	-4	56	56	56	56a	669/4	1/32	False	3	False				False	149	I6		Ab	I		I6		I		6			M	False	False	(4, 1, 0)	()	0	4	major	major	I	I, major	I		I	I	False	I6	I6, major		I6, major		I	-4	-4	-4	1	1	1	True	False	False
1339	1	56	-4	A	-1	3	4	2	1	True	3.375	-4	56	56	56	56a	1339/8	1/32	False	3	False				False	149	I6		Ab	I		I6		I		6			M	False	False	(4, 1, 0)	()	0	4	major	major	I	I, major	I		I	I	False	I6	I6, major		I6, major		I	-4	-4	-4	0	0	0	True	True	False
1340	1	60	0	C	0	3	4	2	1	True	3.5	-4	56	56	56	56a	335/2	1/32	False	4	False				False	149	I6		Ab	I		I6		I		6			M	False	False	(4, 1, 0)	()	0	4	major	major	I	I, major	I		I	I	False	I6	I6, major		I6, major		I	-4	-4	-4	4	4	4	True	False	True
1341	1	56	-4	A	-1	3	4	2	1	True	3.625	-4	56	56	56	56a	1341/8	1/32	False	3	False				False	149	I6		Ab	I		I6		I		6			M	False	False	(4, 1, 0)	()	0	4	major	major	I	I, major	I		I	I	False	I6	I6, major		I6, major		I	-4	-4	-4	0	0	0	True	True	False
1342	1	51	-3	E	-1	3	4	2	1	True	3.75	-4	56	56	56	56a	671/4	1/32	False	3	False				False	149	I6		Ab	I		I6		I		6			M	False	False	(4, 1, 0)	()	0	4	major	major	I	I, major	I		I	I	False	I6	I6, major		I6, major		I	-4	-4	-4	1	1	1	True	False	False
1342	2	68	-4	A	-1	3	4	1	1	True	3.75	-4	56	56	56	56a	671/4	1/16	False	4	False				False	149	I6		Ab	I		I6		I		6			M	False	False	(4, 1, 0)	()	0	4	major	major	I	I, major	I		I	I	False	I6	I6, major		I6, major		I	-4	-4	-4	0	0	0	True	True	False
1343	1	56	-4	A	-1	3	4	2	1	True	3.875	-4	56	56	56	56a	1343/8	1/32	False	3	False				False	149	I6		Ab	I		I6		I		6			M	False	False	(4, 1, 0)	()	0	4	major	major	I	I, major	I		I	I	False	I6	I6, major		I6, major		I	-4	-4	-4	0	0	0	True	True	False
1344	1	46	-2	B	-1	3	4	2	1	True	1.0	-4	57	57	57	57a	168	1/32	False	2	True				False	150	V43		Ab	I		V43		V		43			Mm7	False	False	(2, -1, 1, 5)	()	1	2	major	major	I	I, major	V		I	I	False	V43	V43, major		V43, major		V	-4	-4	-4	2	2	2	True	False	True
1344	8	63	-3	E	-1	3	4	1	2	True	1.0	-4	57	57	57	57a	168	1/4	False	4	True				False	150	V43		Ab	I		V43		V		43			Mm7	False	False	(2, -1, 1, 5)	()	1	2	major	major	I	I, major	V		I	I	False	V43	V43, major		V43, major		V	-4	-4	-4	1	1	1	True	True	False
1344	8	67	1	G	0	3	4	1	2	True	1.0	-4	57	57	57	57a	168	1/4	False	4	True				False	150	V43		Ab	I		V43		V		43			Mm7	False	False	(2, -1, 1, 5)	()	1	2	major	major	I	I, major	V		I	I	False	V43	V43, major		V43, major		V	-4	-4	-4	5	5	5	True	False	False
1344	8	73	-5	D	-1	3	4	1	1	True	1.0	-4	57	57	57	57a	168	1/4	False	5	True				False	150	V43		Ab	I		V43		V		43			Mm7	False	False	(2, -1, 1, 5)	()	1	2	major	major	I	I, major	V		I	I	False	V43	V43, major		V43, major		V	-4	-4	-4	-1	-1	-1	True	False	False
1345	1	55	1	G	0	3	4	2	1	True	1.125	-4	57	57	57	57a	1345/8	1/32	False	3	False				False	150	V43		Ab	I		V43		V		43			Mm7	False	False	(2, -1, 1, 5)	()	1	2	major	major	I	I, major	V		I	I	False	V43	V43, major		V43, major		V	-4	-4	-4	5	5	5	True	False	False
1346	1	51	-3	E	-1	3	4	2	1	True	1.25	-4	57	57	57	57a	673/4	1/32	False	3	False				False	150	V43		Ab	I		V43		V		43			Mm7	False	False	(2, -1, 1, 5)	()	1	2	major	major	I	I, major	V		I	I	False	V43	V43, major		V43, major		V	-4	-4	-4	1	1	1	True	True	False
1347	1	55	1	G	0	3	4	2	1	True	1.375	-4	57	57	57	57a	1347/8	1/32	False	3	False				False	150	V43		Ab	I		V43		V		43			Mm7	False	False	(2, -1, 1, 5)	()	1	2	major	major	I	I, major	V		I	I	False	V43	V43, major		V43, major		V	-4	-4	-4	5	5	5	True	False	False
1348	1	58	-2	B	-1	3	4	2	1	True	1.5	-4	57	57	57	57a	337/2	1/32	False	3	False				False	150	V43		Ab	I		V43		V		43			Mm7	False	False	(2, -1, 1, 5)	()	1	2	major	major	I	I, major	V		I	I	False	V43	V43, major		V43, major		V	-4	-4	-4	2	2	2	True	False	True
1349	1	55	1	G	0	3	4	2	1	True	1.625	-4	57	57	57	57a	1349/8	1/32	False	3	False				False	150	V43		Ab	I		V43		V		43			Mm7	False	False	(2, -1, 1, 5)	()	1	2	major	major	I	I, major	V		I	I	False	V43	V43, major		V43, major		V	-4	-4	-4	5	5	5	True	False	False
1350	1	51	-3	E	-1	3	4	2	1	True	1.75	-4	57	57	57	57a	675/4	1/32	False	3	False				False	150	V43		Ab	I		V43		V		43			Mm7	False	False	(2, -1, 1, 5)	()	1	2	major	major	I	I, major	V		I	I	False	V43	V43, major		V43, major		V	-4	-4	-4	1	1	1	True	True	False
1351	1	55	1	G	0	3	4	2	1	True	1.875	-4	57	57	57	57a	1351/8	1/32	False	3	False				False	150	V43		Ab	I		V43		V		43			Mm7	False	False	(2, -1, 1, 5)	()	1	2	major	major	I	I, major	V		I	I	False	V43	V43, major		V43, major		V	-4	-4	-4	5	5	5	True	False	False
1352	1	49	-5	D	-1	3	4	2	1	True	2.0	-4	57	57	57	57a	169	1/32	False	3	True				False	151	V2		Ab	I		V2		V		2			Mm7	False	False	(-1, 1, 5, 2)	()	1	-1	major	major	I	I, major	V		I	I	False	V2	V2, major		V2, major		V	-4	-4	-4	-1	-1	-1	True	False	True
1352	16	63	-3	E	-1	3	4	1	1	True	2.0	-4	57	57	57	57a	169	1/2	False	4	True				False	151	V2		Ab	I		V2		V		2			Mm7	False	False	(-1, 1, 5, 2)	()	1	-1	major	major	I	I, major	V		I	I	False	V2	V2, major		V2, major		V	-4	-4	-4	1	1	1	True	True	False
1352	16	67	1	G	0	3	4	1	1	True	2.0	-4	57	57	57	57a	169	1/2	False	4	True				False	151	V2		Ab	I		V2		V		2			Mm7	False	False	(-1, 1, 5, 2)	()	1	-1	major	major	I	I, major	V		I	I	False	V2	V2, major		V2, major		V	-4	-4	-4	5	5	5	True	False	False
1352	16	70	-2	B	-1	3	4	1	1	True	2.0	-4	57	57	57	57a	169	1/2	False	4	True				False	151	V2		Ab	I		V2		V		2			Mm7	False	False	(-1, 1, 5, 2)	()	1	-1	major	major	I	I, major	V		I	I	False	V2	V2, major		V2, major		V	-4	-4	-4	2	2	2	True	False	False
1353	1	55	1	G	0	3	4	2	1	True	2.125	-4	57	57	57	57a	1353/8	1/32	False	3	False				False	151	V2		Ab	I		V2		V		2			Mm7	False	False	(-1, 1, 5, 2)	()	1	-1	major	major	I	I, major	V		I	I	False	V2	V2, major		V2, major		V	-4	-4	-4	5	5	5	True	False	False
1354	1	51	-3	E	-1	3	4	2	1	True	2.25	-4	57	57	57	57a	677/4	1/32	False	3	False				False	151	V2		Ab	I		V2		V		2			Mm7	False	False	(-1, 1, 5, 2)	()	1	-1	major	major	I	I, major	V		I	I	False	V2	V2, major		V2, major		V	-4	-4	-4	1	1	1	True	True	False
1355	1	55	1	G	0	3	4	2	1	True	2.375	-4	57	57	57	57a	1355/8	1/32	False	3	False				False	151	V2		Ab	I		V2		V		2			Mm7	False	False	(-1, 1, 5, 2)	()	1	-1	major	major	I	I, major	V		I	I	False	V2	V2, major		V2, major		V	-4	-4	-4	5	5	5	True	False	False
1356	1	58	-2	B	-1	3	4	2	1	True	2.5	-4	57	57	57	57a	339/2	1/32	False	3	False				False	151	V2		Ab	I		V2		V		2			Mm7	False	False	(-1, 1, 5, 2)	()	1	-1	major	major	I	I, major	V		I	I	False	V2	V2, major		V2, major		V	-4	-4	-4	2	2	2	True	False	False
1357	1	55	1	G	0	3	4	2	1	True	2.625	-4	57	57	57	57a	1357/8	1/32	False	3	False				False	151	V2		Ab	I		V2		V		2			Mm7	False	False	(-1, 1, 5, 2)	()	1	-1	major	major	I	I, major	V		I	I	False	V2	V2, major		V2, major		V	-4	-4	-4	5	5	5	True	False	False
1358	1	51	-3	E	-1	3	4	2	1	True	2.75	-4	57	57	57	57a	679/4	1/32	False	3	False				False	151	V2		Ab	I		V2		V		2			Mm7	False	False	(-1, 1, 5, 2)	()	1	-1	major	major	I	I, major	V		I	I	False	V2	V2, major		V2, major		V	-4	-4	-4	1	1	1	True	True	False
1359	1	55	1	G	0	3	4	2	1	True	2.875	-4	57	57	57	57a	1359/8	1/32	False	3	False				False	151	V2		Ab	I		V2		V		2			Mm7	False	False	(-1, 1, 5, 2)	()	1	-1	major	major	I	I, major	V		I	I	False	V2	V2, major		V2, major		V	-4	-4	-4	5	5	5	True	False	False
1360	1	49	-5	D	-1	3	4	2	1	True	3.0	-4	57	57	57	57a	170	1/32	False	3	False				False	151	V2		Ab	I		V2		V		2			Mm7	False	False	(-1, 1, 5, 2)	()	1	-1	major	major	I	I, major	V		I	I	False	V2	V2, major		V2, major		V	-4	-4	-4	-1	-1	-1	True	False	True
1361	1	55	1	G	0	3	4	2	1	True	3.125	-4	57	57	57	57a	1361/8	1/32	False	3	False				False	151	V2		Ab	I		V2		V		2			Mm7	False	False	(-1, 1, 5, 2)	()	1	-1	major	major	I	I, major	V		I	I	False	V2	V2, major		V2, major		V	-4	-4	-4	5	5	5	True	False	False
1362	1	51	-3	E	-1	3	4	2	1	True	3.25	-4	57	57	57	57a	681/4	1/32	False	3	False				False	151	V2		Ab	I		V2		V		2			Mm7	False	False	(-1, 1, 5, 2)	()	1	-1	major	major	I	I, major	V		I	I	False	V2	V2, major		V2, major		V	-4	-4	-4	1	1	1	True	True	False
1363	1	55	1	G	0	3	4	2	1	True	3.375	-4	57	57	57	57a	1363/8	1/32	False	3	False				False	151	V2		Ab	I		V2		V		2			Mm7	False	False	(-1, 1, 5, 2)	()	1	-1	major	major	I	I, major	V		I	I	False	V2	V2, major		V2, major		V	-4	-4	-4	5	5	5	True	False	False
1364	1	58	-2	B	-1	3	4	2	1	True	3.5	-4	57	57	57	57a	341/2	1/32	False	3	False				False	151	V2		Ab	I		V2		V		2			Mm7	False	False	(-1, 1, 5, 2)	()	1	-1	major	major	I	I, major	V		I	I	False	V2	V2, major		V2, major		V	-4	-4	-4	2	2	2	True	False	False
1365	1	55	1	G	0	3	4	2	1	True	3.625	-4	57	57	57	57a	1365/8	1/32	False	3	False				False	151	V2		Ab	I		V2		V		2			Mm7	False	False	(-1, 1, 5, 2)	()	1	-1	major	major	I	I, major	V		I	I	False	V2	V2, major		V2, major		V	-4	-4	-4	5	5	5	True	False	False
1366	1	51	-3	E	-1	3	4	2	1	True	3.75	-4	57	57	57	57a	683/4	1/32	False	3	False				False	151	V2		Ab	I		V2		V		2			Mm7	False	False	(-1, 1, 5, 2)	()	1	-1	major	major	I	I, major	V		I	I	False	V2	V2, major		V2, major		V	-4	-4	-4	1	1	1	True	True	False
1367	1	55	1	G	0	3	4	2	1	True	3.875	-4	57	57	57	57a	1367/8	1/32	False	3	False				False	151	V2		Ab	I		V2		V		2			Mm7	False	False	(-1, 1, 5, 2)	()	1	-1	major	major	I	I, major	V		I	I	False	V2	V2, major		V2, major		V	-4	-4	-4	5	5	5	True	False	False
1368	1	48	0	C	0	3	4	2	1	True	1.0	-4	58	58	58	58a	171	1/32	False	3	True				False	152	I6		Ab	I		I6		I		6			M	False	False	(4, 1, 0)	()	0	4	major	major	I	I, major	I		I	I	False	I6	I6, major		I6, major		I	-4	-4	-4	4	4	4	True	False	True
1368	12	63	-3	E	-1	3	4	1	1	True	1.0	-4	58	58	58	58a	171	3/8	False	4	True				False	152	I6		Ab	I		I6		I		6			M	False	False	(4, 1, 0)	()	0	4	major	major	I	I, major	I		I	I	False	I6	I6, major		I6, major		I	-4	-4	-4	1	1	1	True	False	False
1368	12	68	-4	A	-1	3	4	1	1	True	1.0	-4	58	58	58	58a	171	3/8	False	4	True				False	152	I6		Ab	I		I6		I		6			M	False	False	(4, 1, 0)	()	0	4	major	major	I	I, major	I		I	I	False	I6	I6, major		I6, major		I	-4	-4	-4	0	0	0	True	True	False
1368	12	75	-3	E	-1	3	4	1	1	True	1.0	-4	58	58	58	58a	171	3/8	False	5	True				False	152	I6		Ab	I		I6		I		6			M	False	False	(4, 1, 0)	()	0	4	major	major	I	I, major	I		I	I	False	I6	I6, major		I6, major		I	-4	-4	-4	1	1	1	True	False	False
1369	1	56	-4	A	-1	3	4	2	1	True	1.125	-4	58	58	58	58a	1369/8	1/32	False	3	False				False	152	I6		Ab	I		I6		I		6			M	False	False	(4, 1, 0)	()	0	4	major	major	I	I, major	I		I	I	False	I6	I6, major		I6, major		I	-4	-4	-4	0	0	0	True	True	False
1370	1	51	-3	E	-1	3	4	2	1	True	1.25	-4	58	58	58	58a	685/4	1/32	False	3	False				False	152	I6		Ab	I		I6		I		6			M	False	False	(4, 1, 0)	()	0	4	major	major	I	I, major	I		I	I	False	I6	I6, major		I6, major		I	-4	-4	-4	1	1	1	True	False	False
1371	1	56	-4	A	-1	3	4	2	1	True	1.375	-4	58	58	58	58a	1371/8	1/32	False	3	False				False	152	I6		Ab	I		I6		I		6			M	False	False	(4, 1, 0)	()	0	4	major	major	I	I, major	I		I	I	False	I6	I6, major		I6, major		I	-4	-4	-4	0	0	0	True	True	False
1372	1	60	0	C	0	3	4	2	1	True	1.5	-4	58	58	58	58a	343/2	1/32	False	4	False				False	152	I6		Ab	I		I6		I		6			M	False	False	(4, 1, 0)	()	0	4	major	major	I	I, major	I		I	I	False	I6	I6, major		I6, major		I	-4	-4	-4	4	4	4	True	False	True
1373	1	56	-4	A	-1	3	4	2	1	True	1.625	-4	58	58	58	58a	1373/8	1/32	False	3	False				False	152	I6		Ab	I		I6		I		6			M	False	False	(4, 1, 0)	()	0	4	major	major	I	I, major	I		I	I	False	I6	I6, major		I6, major		I	-4	-4	-4	0	0	0	True	True	False
1374	1	51	-3	E	-1	3	4	2	1	True	1.75	-4	58	58	58	58a	687/4	1/32	False	3	False				False	152	I6		Ab	I		I6		I		6			M	False	False	(4, 1, 0)	()	0	4	major	major	I	I, major	I		I	I	False	I6	I6, major		I6, major		I	-4	-4	-4	1	1	1	True	False	False
1375	1	56	-4	A	-1	3	4	2	1	True	1.875	-4	58	58	58	58a	1375/8	1/32	False	3	False				False	152	I6		Ab	I		I6		I		6			M	False	False	(4, 1, 0)	()	0	4	major	major	I	I, major	I		I	I	False	I6	I6, major		I6, major		I	-4	-4	-4	0	0	0	True	True	False
1376	1	48	0	C	0	3	4	2	1	True	2.0	-4	58	58	58	58a	172	1/32	False	3	False				False	152	I6		Ab	I		I6		I		6			M	False	False	(4, 1, 0)	()	0	4	major	major	I	I, major	I		I	I	False	I6	I6, major		I6, major		I	-4	-4	-4	4	4	4	True	False	True
1377	1	60	0	C	0	3	4	2	1	True	2.125	-4	58	58	58	58a	1377/8	1/32	False	4	False				False	152	I6		Ab	I		I6		I		6			M	False	False	(4, 1, 0)	()	0	4	major	major	I	I, major	I		I	I	False	I6	I6, major		I6, major		I	-4	-4	-4	4	4	4	True	False	True
1378	1	56	-4	A	-1	3	4	2	1	True	2.25	-4	58	58	58	58a	689/4	1/32	False	3	False				False	152	I6		Ab	I		I6		I		6			M	False	False	(4, 1, 0)	()	0	4	major	major	I	I, major	I		I	I	False	I6	I6, major		I6, major		I	-4	-4	-4	0	0	0	True	True	False
1379	1	60	0	C	0	3	4	2	1	True	2.375	-4	58	58	58	58a	1379/8	1/32	False	4	False				False	152	I6		Ab	I		I6		I		6			M	False	False	(4, 1, 0)	()	0	4	major	major	I	I, major	I		I	I	False	I6	I6, major		I6, major		I	-4	-4	-4	4	4	4	True	False	True
1380	1	47	5	B	0	3	4	2	1	True	2.5	-4	58	58	58	58a	345/2	1/32	False	2	True				False	153	I6(#2#4)		Ab	I		I6(#2#4)		I		6	#2#4		M	False	False	(9, 6, 0)	()	0	9	major	major	I	I, major	I		I	I	False	I6	I6, major		I6(#2#4), major		I	-4	-4	-4	9	9	9	True	False	True
1380	4	62	2	D	0	3	4	1	1	True	2.5	-4	58	58	58	58a	345/2	1/8	False	4	True				False	153	I6(#2#4)		Ab	I		I6(#2#4)		I		6	#2#4		M	False	False	(9, 6, 0)	()	0	9	major	major	I	I, major	I		I	I	False	I6	I6, major		I6(#2#4), major		I	-4	-4	-4	6	6	6	True	False	False
1380	4	68	-4	A	-1	3	4	1	1	True	2.5	-4	58	58	58	58a	345/2	1/8	False	4	True				False	153	I6(#2#4)		Ab	I		I6(#2#4)		I		6	#2#4		M	False	False	(9, 6, 0)	()	0	9	major	major	I	I, major	I		I	I	False	I6	I6, major		I6(#2#4), major		I	-4	-4	-4	0	0	0	True	True	False
1380	4	74	2	D	0	3	4	1	1	True	2.5	-4	58	58	58	58a	345/2	1/8	False	5	True				False	153	I6(#2#4)		Ab	I		I6(#2#4)		I		6	#2#4		M	False	False	(9, 6, 0)	()	0	9	major	major	I	I, major	I		I	I	False	I6	I6, major		I6(#2#4), major		I	-4	-4	-4	6	6	6	True	False	False
1381	1	59	5	B	0	3	4	2	1	True	2.625	-4	58	58	58	58a	1381/8	1/32	False	3	False				False	153	I6(#2#4)		Ab	I		I6(#2#4)		I		6	#2#4		M	False	False	(9, 6, 0)	()	0	9	major	major	I	I, major	I		I	I	False	I6	I6, major		I6(#2#4), major		I	-4	-4	-4	9	9	9	True	False	True
1382	1	56	-4	A	-1	3	4	2	1	True	2.75	-4	58	58	58	58a	691/4	1/32	False	3	False				False	153	I6(#2#4)		Ab	I		I6(#2#4)		I		6	#2#4		M	False	False	(9, 6, 0)	()	0	9	major	major	I	I, major	I		I	I	False	I6	I6, major		I6(#2#4), major		I	-4	-4	-4	0	0	0	True	True	False
1383	1	59	5	B	0	3	4	2	1	True	2.875	-4	58	58	58	58a	1383/8	1/32	False	3	False				False	153	I6(#2#4)		Ab	I		I6(#2#4)		I		6	#2#4		M	False	False	(9, 6, 0)	()	0	9	major	major	I	I, major	I		I	I	False	I6	I6, major		I6(#2#4), major		I	-4	-4	-4	9	9	9	True	False	True
1384	1	48	0	C	0	3	4	2	1	True	3.0	-4	58	58	58	58a	173	1/32	False	3	True				False	154	I6		Ab	I		I6		I		6			M	False	False	(4, 1, 0)	()	0	4	major	major	I	I, major	I		I	I	False	I6	I6, major		I6, major		I	-4	-4	-4	4	4	4	True	False	True
1384	4	63	-3	E	-1	3	4	1	1	True	3.0	-4	58	58	58	58a	173	1/8	False	4	True				False	154	I6		Ab	I		I6		I		6			M	False	False	(4, 1, 0)	()	0	4	major	major	I	I, major	I		I	I	False	I6	I6, major		I6, major		I	-4	-4	-4	1	1	1	True	False	False
1384	4	68	-4	A	-1	3	4	1	1	True	3.0	-4	58	58	58	58a	173	1/8	False	4	True				False	154	I6		Ab	I		I6		I		6			M	False	False	(4, 1, 0)	()	0	4	major	major	I	I, major	I		I	I	False	I6	I6, major		I6, major		I	-4	-4	-4	0	0	0	True	True	False
1384	4	75	-3	E	-1	3	4	1	1	True	3.0	-4	58	58	58	58a	173	1/8	False	5	True				False	154	I6		Ab	I		I6		I		6			M	False	False	(4, 1, 0)	()	0	4	major	major	I	I, major	I		I	I	False	I6	I6, major		I6, major		I	-4	-4	-4	1	1	1	True	False	False
1385	1	60	0	C	0	3	4	2	1	True	3.125	-4	58	58	58	58a	1385/8	1/32	False	4	False				False	154	I6		Ab	I		I6		I		6			M	False	False	(4, 1, 0)	()	0	4	major	major	I	I, major	I		I	I	False	I6	I6, major		I6, major		I	-4	-4	-4	4	4	4	True	False	True
1386	1	56	-4	A	-1	3	4	2	1	True	3.25	-4	58	58	58	58a	693/4	1/32	False	3	False				False	154	I6		Ab	I		I6		I		6			M	False	False	(4, 1, 0)	()	0	4	major	major	I	I, major	I		I	I	False	I6	I6, major		I6, major		I	-4	-4	-4	0	0	0	True	True	False
1387	1	60	0	C	0	3	4	2	1	True	3.375	-4	58	58	58	58a	1387/8	1/32	False	4	False				False	154	I6		Ab	I		I6		I		6			M	False	False	(4, 1, 0)	()	0	4	major	major	I	I, major	I		I	I	False	I6	I6, major		I6, major		I	-4	-4	-4	4	4	4	True	False	True
1388	1	49	-5	D	-1	3	4	2	1	True	3.5	-4	58	58	58	58a	347/2	1/32	False	3	True				False	155	IV		Ab	I		IV		IV					M	False	False	(-1, 3, 0)	()	-1	-1	major	major	I	I, major	IV		I	I	False	IV	IV, major		IV, major		IV	-4	-4	-4	-1	-1	-1	True	True	True
1388	4	65	-1	F	0	3	4	1	1	True	3.5	-4	58	58	58	58a	347/2	1/8	False	4	True				False	155	IV		Ab	I		IV		IV					M	False	False	(-1, 3, 0)	()	-1	-1	major	major	I	I, major	IV		I	I	False	IV	IV, major		IV, major		IV	-4	-4	-4	3	3	3	True	False	False
1388	4	68	-4	A	-1	3	4	1	1	True	3.5	-4	58	58	58	58a	347/2	1/8	False	4	True				False	155	IV		Ab	I		IV		IV					M	False	False	(-1, 3, 0)	()	-1	-1	major	major	I	I, major	IV		I	I	False	IV	IV, major		IV, major		IV	-4	-4	-4	0	0	0	True	False	False
1388	4	77	-1	F	0	3	4	1	1	True	3.5	-4	58	58	58	58a	347/2	1/8	False	5	True				False	155	IV		Ab	I		IV		IV					M	False	False	(-1, 3, 0)	()	-1	-1	major	major	I	I, major	IV		I	I	False	IV	IV, major		IV, major		IV	-4	-4	-4	3	3	3	True	False	False
1389	1	61	-5	D	-1	3	4	2	1	True	3.625	-4	58	58	58	58a	1389/8	1/32	False	4	False				False	155	IV		Ab	I		IV		IV					M	False	False	(-1, 3, 0)	()	-1	-1	major	major	I	I, major	IV		I	I	False	IV	IV, major		IV, major		IV	-4	-4	-4	-1	-1	-1	True	True	True
1390	1	56	-4	A	-1	3	4	2	1	True	3.75	-4	58	58	58	58a	695/4	1/32	False	3	False				False	155	IV		Ab	I		IV		IV					M	False	False	(-1, 3, 0)	()	-1	-1	major	major	I	I, major	IV		I	I	False	IV	IV, major		IV, major		IV	-4	-4	-4	0	0	0	True	False	False
1391	1	61	-5	D	-1	3	4	2	1	True	3.875	-4	58	58	58	58a	1391/8	1/32	False	4	False				False	155	IV		Ab	I		IV		IV					M	False	False	(-1, 3, 0)	()	-1	-1	major	major	I	I, major	IV		I	I	False	IV	IV, major		IV, major		IV	-4	-4	-4	-1	-1	-1	True	True	True
1392	1	51	-3	E	-1	3	4	2	1	True	1.0	-4	59	59	59	59a	174	1/32	False	3	True				False	156	V		Ab	I		V		V					M	False	False	(1, 5, 2)	()	1	1	major	major	I	I, major	V		I	I	False	V	V, major		V, major		V	-4	-4	-4	1	1	1	True	True	True
1392	4	75	-3	E	-1	3	4	1	1	True	1.0	-4	59	59	59	59a	174	1/8	False	5	True				False	156	V		Ab	I		V		V					M	False	False	(1, 5, 2)	()	1	1	major	major	I	I, major	V		I	I	False	V	V, major		V, major		V	-4	-4	-4	1	1	1	True	True	True
1393	1	63	-3	E	-1	3	4	2	1	True	1.125	-4	59	59	59	59a	1393/8	1/32	False	4	False				False	156	V		Ab	I		V		V					M	False	False	(1, 5, 2)	()	1	1	major	major	I	I, major	V		I	I	False	V	V, major		V, major		V	-4	-4	-4	1	1	1	True	True	True
1394	1	55	1	G	0	3	4	2	1	True	1.25	-4	59	59	59	59a	697/4	1/32	False	3	False				False	156	V		Ab	I		V		V					M	False	False	(1, 5, 2)	()	1	1	major	major	I	I, major	V		I	I	False	V	V, major		V, major		V	-4	-4	-4	5	5	5	True	False	False
1395	1	63	-3	E	-1	3	4	2	1	True	1.375	-4	59	59	59	59a	1395/8	1/32	False	4	False				False	156	V		Ab	I		V		V					M	False	False	(1, 5, 2)	()	1	1	major	major	I	I, major	V		I	I	False	V	V, major		V, major		V	-4	-4	-4	1	1	1	True	True	True
1396	1	53	-1	F	0	3	4	2	1	True	1.5	-4	59	59	59	59a	349/2	1/32	False	3	True				False	157	viio6/V		Ab	I		viio6/V		vii	o	6		V	o	False	False	(3, 0, 6)	()	6	3	major	major	I	I, major	vii/V	V	V/I	V	False	viio6/V	viio6/V, major		viio6/V, major	V	V	-4	-4	-3	3	3	2	True	False	True
1396	4	74	2	D	0	3	4	1	1	True	1.5	-4	59	59	59	59a	349/2	1/8	False	5	True				False	157	viio6/V		Ab	I		viio6/V		vii	o	6		V	o	False	False	(3, 0, 6)	()	6	3	major	major	I	I, major	vii/V	V	V/I	V	False	viio6/V	viio6/V, major		viio6/V, major	V	V	-4	-4	-3	6	6	5	True	True	False
1397	1	65	-1	F	0	3	4	2	1	True	1.625	-4	59	59	59	59a	1397/8	1/32	False	4	False				False	157	viio6/V		Ab	I		viio6/V		vii	o	6		V	o	False	False	(3, 0, 6)	()	6	3	major	major	I	I, major	vii/V	V	V/I	V	False	viio6/V	viio6/V, major		viio6/V, major	V	V	-4	-4	-3	3	3	2	True	False	True
1398	1	56	-4	A	-1	3	4	2	1	True	1.75	-4	59	59	59	59a	699/4	1/32	False	3	False				False	157	viio6/V		Ab	I		viio6/V		vii	o	6		V	o	False	False	(3, 0, 6)	()	6	3	major	major	I	I, major	vii/V	V	V/I	V	False	viio6/V	viio6/V, major		viio6/V, major	V	V	-4	-4	-3	0	0	-1	True	False	False
1399	1	65	-1	F	0	3	4	2	1	True	1.875	-4	59	59	59	59a	1399/8	1/32	False	4	False				False	157	viio6/V		Ab	I		viio6/V		vii	o	6		V	o	False	False	(3, 0, 6)	()	6	3	major	major	I	I, major	vii/V	V	V/I	V	False	viio6/V	viio6/V, major		viio6/V, major	V	V	-4	-4	-3	3	3	2	True	False	True
1400	1	55	1	G	0	3	4	2	1	True	2.0	-4	59	59	59	59a	175	1/32	False	3	True				False	158	viio	V65	Ab	I		viio		vii	o				o	False	False	(5, 2, -1)	()	5	5	major	major	I	I, major	vii		I	I	False	viio	viio, major		viio, major		vii	-4	-4	-4	5	5	5	True	True	True
1400	12	73	-5	D	-1	3	4	1	1	True	2.0	-4	59	59	59	59a	175	3/8	False	5	True				False	158	viio	V65	Ab	I		viio		vii	o				o	False	False	(5, 2, -1)	()	5	5	major	major	I	I, major	vii		I	I	False	viio	viio, major		viio, major		vii	-4	-4	-4	-1	-1	-1	True	False	False
1401	1	67	1	G	0	3	4	2	1	True	2.125	-4	59	59	59	59a	1401/8	1/32	False	4	False				False	158	viio	V65	Ab	I		viio		vii	o				o	False	False	(5, 2, -1)	()	5	5	major	major	I	I, major	vii		I	I	False	viio	viio, major		viio, major		vii	-4	-4	-4	5	5	5	True	True	True
1402	1	58	-2	B	-1	3	4	2	1	True	2.25	-4	59	59	59	59a	701/4	1/32	False	3	False				False	158	viio	V65	Ab	I		viio		vii	o				o	False	False	(5, 2, -1)	()	5	5	major	major	I	I, major	vii		I	I	False	viio	viio, major		viio, major		vii	-4	-4	-4	2	2	2	True	False	False
1403	1	67	1	G	0	3	4	2	1	True	2.375	-4	59	59	59	59a	1403/8	1/32	False	4	False				False	158	viio	V65	Ab	I		viio		vii	o				o	False	False	(5, 2, -1)	()	5	5	major	major	I	I, major	vii		I	I	False	viio	viio, major		viio, major		vii	-4	-4	-4	5	5	5	True	True	True
1404	1	51	-3	E	-1	3	4	2	1	True	2.5	-4	59	59	59	59a	351/2	1/32	False	3	True				False	159	V7		Ab	I		V7		V		7			Mm7	False	False	(1, 5, 2, -1)	()	1	1	major	major	I	I, major	V		I	I	False	V7	V7, major		V7, major		V	-4	-4	-4	1	1	1	True	True	True
1405	1	63	-3	E	-1	3	4	2	1	True	2.625	-4	59	59	59	59a	1405/8	1/32	False	4	False				False	159	V7		Ab	I		V7		V		7			Mm7	False	False	(1, 5, 2, -1)	()	1	1	major	major	I	I, major	V		I	I	False	V7	V7, major		V7, major		V	-4	-4	-4	1	1	1	True	True	True
1406	1	55	1	G	0	3	4	2	1	True	2.75	-4	59	59	59	59a	703/4	1/32	False	3	False				False	159	V7		Ab	I		V7		V		7			Mm7	False	False	(1, 5, 2, -1)	()	1	1	major	major	I	I, major	V		I	I	False	V7	V7, major		V7, major		V	-4	-4	-4	5	5	5	True	False	False
1407	1	63	-3	E	-1	3	4	2	1	True	2.875	-4	59	59	59	59a	1407/8	1/32	False	4	False				False	159	V7		Ab	I		V7		V		7			Mm7	False	False	(1, 5, 2, -1)	()	1	1	major	major	I	I, major	V		I	I	False	V7	V7, major		V7, major		V	-4	-4	-4	1	1	1	True	True	True
1408	1	53	-1	F	0	3	4	2	1	True	3.0	-4	59	59	59	59a	176	1/32	False	3	True				False	160	IV6		Ab	I		IV6		IV		6			M	False	False	(3, 0, -1)	()	-1	3	major	major	I	I, major	IV		I	I	False	IV6	IV6, major		IV6, major		IV	-4	-4	-4	3	3	3	True	False	True
1409	1	65	-1	F	0	3	4	2	1	True	3.125	-4	59	59	59	59a	1409/8	1/32	False	4	False				False	160	IV6		Ab	I		IV6		IV		6			M	False	False	(3, 0, -1)	()	-1	3	major	major	I	I, major	IV		I	I	False	IV6	IV6, major		IV6, major		IV	-4	-4	-4	3	3	3	True	False	True
1410	1	56	-4	A	-1	3	4	2	1	True	3.25	-4	59	59	59	59a	705/4	1/32	False	3	False				False	160	IV6		Ab	I		IV6		IV		6			M	False	False	(3, 0, -1)	()	-1	3	major	major	I	I, major	IV		I	I	False	IV6	IV6, major		IV6, major		IV	-4	-4	-4	0	0	0	True	False	False
1411	1	65	-1	F	0	3	4	2	1	True	3.375	-4	59	59	59	59a	1411/8	1/32	False	4	False				False	160	IV6		Ab	I		IV6		IV		6			M	False	False	(3, 0, -1)	()	-1	3	major	major	I	I, major	IV		I	I	False	IV6	IV6, major		IV6, major		IV	-4	-4	-4	3	3	3	True	False	True
1412	1	55	1	G	0	3	4	2	1	True	3.5	-4	59	59	59	59a	353/2	1/32	False	3	True				False	161	viio	V6	Ab	I		viio		vii	o				o	False	False	(5, 2, -1)	()	5	5	major	major	I	I, major	vii		I	I	False	viio	viio, major		viio, major		vii	-4	-4	-4	5	5	5	True	True	True
1412	2	72	0	C	0	3	4	1	1	True	3.5	-4	59	59	59	59a	353/2	1/16	False	5	True				False	161	viio	V6	Ab	I		viio		vii	o				o	False	False	(5, 2, -1)	()	5	5	major	major	I	I, major	vii		I	I	False	viio	viio, major		viio, major		vii	-4	-4	-4	4	4	4	False	False	False
1413	1	67	1	G	0	3	4	2	1	True	3.625	-4	59	59	59	59a	1413/8	1/32	False	4	False				False	161	viio	V6	Ab	I		viio		vii	o				o	False	False	(5, 2, -1)	()	5	5	major	major	I	I, major	vii		I	I	False	viio	viio, major		viio, major		vii	-4	-4	-4	5	5	5	True	True	True
1414	1	58	-2	B	-1	3	4	2	1	True	3.75	-4	59	59	59	59a	707/4	1/32	False	3	False				False	161	viio	V6	Ab	I		viio		vii	o				o	False	False	(5, 2, -1)	()	5	5	major	major	I	I, major	vii		I	I	False	viio	viio, major		viio, major		vii	-4	-4	-4	2	2	2	True	False	False
1414	2	70	-2	B	-1	3	4	1	1	True	3.75	-4	59	59	59	59a	707/4	1/16	False	4	False				False	161	viio	V6	Ab	I		viio		vii	o				o	False	False	(5, 2, -1)	()	5	5	major	major	I	I, major	vii		I	I	False	viio	viio, major		viio, major		vii	-4	-4	-4	2	2	2	True	False	False
1415	1	67	1	G	0	3	4	2	1	True	3.875	-4	59	59	59	59a	1415/8	1/32	False	4	False				False	161	viio	V6	Ab	I		viio		vii	o				o	False	False	(5, 2, -1)	()	5	5	major	major	I	I, major	vii		I	I	False	viio	viio, major		viio, major		vii	-4	-4	-4	5	5	5	True	True	True
1416	12	60	0	C	0	3	4	2	1	True	1.0	-4	60	60	60	60a	177	3/8	False	4	True	IAC	IAC	}{	True	162	I6|IAC}{		Ab	I		I6		I		6			M	False	False	(4, 1, 0)	()	0	4	major	major	I	I, major	I		I	I	False	I6	I6, major		I6, major		I	-4	-4	-4	4	4	4	True	False	True
1416	12	63	-3	E	-1	3	4	2	1	True	1.0	-4	60	60	60	60a	177	3/8	False	4	True	IAC	IAC	}{	True	162	I6|IAC}{		Ab	I		I6		I		6			M	False	False	(4, 1, 0)	()	0	4	major	major	I	I, major	I		I	I	False	I6	I6, major		I6, major		I	-4	-4	-4	1	1	1	True	False	False
1416	1	68	-4	A	-1	3	4	1	1	True	1.0	-4	60	60	60	60a	177	1/32	False	4	True	IAC	IAC	}{	True	162	I6|IAC}{		Ab	I		I6		I		6			M	False	False	(4, 1, 0)	()	0	4	major	major	I	I, major	I		I	I	False	I6	I6, major		I6, major		I	-4	-4	-4	0	0	0	True	True	False
1417	1	75	-3	E	-1	3	4	1	1	True	1.125	-4	60	60	60	60a	1417/8	1/32	False	5	False				False	162	I6|IAC}{		Ab	I		I6		I		6			M	False	False	(4, 1, 0)	()	0	4	major	major	I	I, major	I		I	I	False	I6	I6, major		I6, major		I	-4	-4	-4	1	1	1	True	False	False
1418	1	72	0	C	0	3	4	1	1	True	1.25	-4	60	60	60	60a	709/4	1/32	False	5	False				False	162	I6|IAC}{		Ab	I		I6		I		6			M	False	False	(4, 1, 0)	()	0	4	major	major	I	I, major	I		I	I	False	I6	I6, major		I6, major		I	-4	-4	-4	4	4	4	True	False	True
1419	1	75	-3	E	-1	3	4	1	1	True	1.375	-4	60	60	60	60a	1419/8	1/32	False	5	False				False	162	I6|IAC}{		Ab	I		I6		I		6			M	False	False	(4, 1, 0)	()	0	4	major	major	I	I, major	I		I	I	False	I6	I6, major		I6, major		I	-4	-4	-4	1	1	1	True	False	False
1420	1	80	-4	A	-1	3	4	1	1	True	1.5	-4	60	60	60	60a	355/2	1/32	False	5	False				False	162	I6|IAC}{		Ab	I		I6		I		6			M	False	False	(4, 1, 0)	()	0	4	major	major	I	I, major	I		I	I	False	I6	I6, major		I6, major		I	-4	-4	-4	0	0	0	True	True	False
1421	1	87	-3	E	-1	3	4	1	1	True	1.625	-4	60	60	60	60a	1421/8	1/32	False	6	False				False	162	I6|IAC}{		Ab	I		I6		I		6			M	False	False	(4, 1, 0)	()	0	4	major	major	I	I, major	I		I	I	False	I6	I6, major		I6, major		I	-4	-4	-4	1	1	1	True	False	False
1422	1	84	0	C	0	3	4	1	1	True	1.75	-4	60	60	60	60a	711/4	1/32	False	6	False				False	162	I6|IAC}{		Ab	I		I6		I		6			M	False	False	(4, 1, 0)	()	0	4	major	major	I	I, major	I		I	I	False	I6	I6, major		I6, major		I	-4	-4	-4	4	4	4	True	False	True
1423	1	87	-3	E	-1	3	4	1	1	True	1.875	-4	60	60	60	60a	1423/8	1/32	False	6	False				False	162	I6|IAC}{		Ab	I		I6		I		6			M	False	False	(4, 1, 0)	()	0	4	major	major	I	I, major	I		I	I	False	I6	I6, major		I6, major		I	-4	-4	-4	1	1	1	True	False	False
1424	1	92	-4	A	-1	3	4	1	1	True	2.0	-4	60	60	60	60a	178	1/32	False	6	False				False	162	I6|IAC}{		Ab	I		I6		I		6			M	False	False	(4, 1, 0)	()	0	4	major	major	I	I, major	I		I	I	False	I6	I6, major		I6, major		I	-4	-4	-4	0	0	0	True	True	False
1425	1	80	-4	A	-1	3	4	1	1	True	2.125	-4	60	60	60	60a	1425/8	1/32	False	5	False				False	162	I6|IAC}{		Ab	I		I6		I		6			M	False	False	(4, 1, 0)	()	0	4	major	major	I	I, major	I		I	I	False	I6	I6, major		I6, major		I	-4	-4	-4	0	0	0	True	True	False
1426	1	92	-4	A	-1	3	4	1	1	True	2.25	-4	60	60	60	60a	713/4	1/32	False	6	False				False	162	I6|IAC}{		Ab	I		I6		I		6			M	False	False	(4, 1, 0)	()	0	4	major	major	I	I, major	I		I	I	False	I6	I6, major		I6, major		I	-4	-4	-4	0	0	0	True	True	False
1427	1	80	-4	A	-1	3	4	1	1	True	2.375	-4	60	60	60	60a	1427/8	1/32	False	5	False				False	162	I6|IAC}{		Ab	I		I6		I		6			M	False	False	(4, 1, 0)	()	0	4	major	major	I	I, major	I		I	I	False	I6	I6, major		I6, major		I	-4	-4	-4	0	0	0	True	True	False
1428	4	56	-4	A	-1	3	4	2	1	True	2.5	-4	60	60	60	60a	357/2	1/8	False	3	True				False	163	I		Ab	I		I		I					M	False	False	(0, 4, 1)	()	0	0	major	major	I	I, major	I		I	I	False	I	I, major		I, major		I	-4	-4	-4	0	0	0	True	True	True
1428	4	60	0	C	0	3	4	2	1	True	2.5	-4	60	60	60	60a	357/2	1/8	False	4	True				False	163	I		Ab	I		I		I					M	False	False	(0, 4, 1)	()	0	0	major	major	I	I, major	I		I	I	False	I	I, major		I, major		I	-4	-4	-4	4	4	4	True	False	False
1428	1	92	-4	A	-1	3	4	1	1	True	2.5	-4	60	60	60	60a	357/2	1/32	False	6	True				False	163	I		Ab	I		I		I					M	False	False	(0, 4, 1)	()	0	0	major	major	I	I, major	I		I	I	False	I	I, major		I, major		I	-4	-4	-4	0	0	0	True	True	True
1429	1	80	-4	A	-1	3	4	1	1	True	2.625	-4	60	60	60	60a	1429/8	1/32	False	5	False				False	163	I		Ab	I		I		I					M	False	False	(0, 4, 1)	()	0	0	major	major	I	I, major	I		I	I	False	I	I, major		I, major		I	-4	-4	-4	0	0	0	True	True	True
1430	1	92	-4	A	-1	3	4	1	1	True	2.75	-4	60	60	60	60a	715/4	1/32	False	6	False				False	163	I		Ab	I		I		I					M	False	False	(0, 4, 1)	()	0	0	major	major	I	I, major	I		I	I	False	I	I, major		I, major		I	-4	-4	-4	0	0	0	True	True	True
1431	1	80	-4	A	-1	3	4	1	1	True	2.875	-4	60	60	60	60a	1431/8	1/32	False	5	False				False	163	I		Ab	I		I		I					M	False	False	(0, 4, 1)	()	0	0	major	major	I	I, major	I		I	I	False	I	I, major		I, major		I	-4	-4	-4	0	0	0	True	True	True
1432	6	56	-4	A	-1	3	4	2	1	True	3.0	-4	60	60	60	60a	179	3/16	False	3	False				False	163	I		Ab	I		I		I					M	False	False	(0, 4, 1)	()	0	0	major	major	I	I, major	I		I	I	False	I	I, major		I, major		I	-4	-4	-4	0	0	0	True	True	True
1432	6	60	0	C	0	3	4	2	1	True	3.0	-4	60	60	60	60a	179	3/16	False	4	False				False	163	I		Ab	I		I		I					M	False	False	(0, 4, 1)	()	0	0	major	major	I	I, major	I		I	I	False	I	I, major		I, major		I	-4	-4	-4	4	4	4	True	False	False
1432	1	92	-4	A	-1	3	4	1	1	True	3.0	-4	60	60	60	60a	179	1/32	False	6	False				False	163	I		Ab	I		I		I					M	False	False	(0, 4, 1)	()	0	0	major	major	I	I, major	I		I	I	False	I	I, major		I, major		I	-4	-4	-4	0	0	0	True	True	True
1433	1	80	-4	A	-1	3	4	1	1	True	3.125	-4	60	60	60	60a	1433/8	1/32	False	5	False				False	163	I		Ab	I		I		I					M	False	False	(0, 4, 1)	()	0	0	major	major	I	I, major	I		I	I	False	I	I, major		I, major		I	-4	-4	-4	0	0	0	True	True	True
1434	1	92	-4	A	-1	3	4	1	1	True	3.25	-4	60	60	60	60a	717/4	1/32	False	6	False				False	163	I		Ab	I		I		I					M	False	False	(0, 4, 1)	()	0	0	major	major	I	I, major	I		I	I	False	I	I, major		I, major		I	-4	-4	-4	0	0	0	True	True	True
1435	1	80	-4	A	-1	3	4	1	1	True	3.375	-4	60	60	60	60a	1435/8	1/32	False	5	False				False	163	I		Ab	I		I		I					M	False	False	(0, 4, 1)	()	0	0	major	major	I	I, major	I		I	I	False	I	I, major		I, major		I	-4	-4	-4	0	0	0	True	True	True
1436	1	92	-4	A	-1	3	4	1	1	True	3.5	-4	60	60	60	60a	359/2	1/32	False	6	False				False	163	I		Ab	I		I		I					M	False	False	(0, 4, 1)	()	0	0	major	major	I	I, major	I		I	I	False	I	I, major		I, major		I	-4	-4	-4	0	0	0	True	True	True
1437	1	80	-4	A	-1	3	4	1	1	True	3.625	-4	60	60	60	60a	1437/8	1/32	False	5	False				False	163	I		Ab	I		I		I					M	False	False	(0, 4, 1)	()	0	0	major	major	I	I, major	I		I	I	False	I	I, major		I, major		I	-4	-4	-4	0	0	0	True	True	True
1438	2	56	-4	A	-1	3	4	2	1	True	3.75	-4	60	60	60	60a	719/4	1/16	False	3	False				False	163	I		Ab	I		I		I					M	False	False	(0, 4, 1)	()	0	0	major	major	I	I, major	I		I	I	False	I	I, major		I, major		I	-4	-4	-4	0	0	0	True	True	True
1438	2	60	0	C	0	3	4	2	1	True	3.75	-4	60	60	60	60a	719/4	1/16	False	4	False				False	163	I		Ab	I		I		I					M	False	False	(0, 4, 1)	()	0	0	major	major	I	I, major	I		I	I	False	I	I, major		I, major		I	-4	-4	-4	4	4	4	True	False	False
1438	1	92	-4	A	-1	3	4	1	1	True	3.75	-4	60	60	60	60a	719/4	1/32	False	6	False				False	163	I		Ab	I		I		I					M	False	False	(0, 4, 1)	()	0	0	major	major	I	I, major	I		I	I	False	I	I, major		I, major		I	-4	-4	-4	0	0	0	True	True	True
1439	1	80	-4	A	-1	3	4	1	1	True	3.875	-4	60	60	60	60a	1439/8	1/32	False	5	False				False	163	I		Ab	I		I		I					M	False	False	(0, 4, 1)	()	0	0	major	major	I	I, major	I		I	I	False	I	I, major		I, major		I	-4	-4	-4	0	0	0	True	True	True
1440	8	61	-5	D	-1	3	4	2	1	True	1.0	-4	61	61	61	61a	180	1/4	False	4	True				False	164	IV		Ab	I		IV		IV					M	False	False	(-1, 3, 0)	()	-1	-1	major	major	I	I, major	IV		I	I	False	IV	IV, major		IV, major		IV	-4	-4	-4	-1	-1	-1	True	True	True
1440	8	65	-1	F	0	3	4	2	1	True	1.0	-4	61	61	61	61a	180	1/4	False	4	True				False	164	IV		Ab	I		IV		IV					M	False	False	(-1, 3, 0)	()	-1	-1	major	major	I	I, major	IV		I	I	False	IV	IV, major		IV, major		IV	-4	-4	-4	3	3	3	True	False	False
1440	1	92	-4	A	-1	3	4	1	1	True	1.0	-4	61	61	61	61a	180	1/32	False	6	True				False	164	IV		Ab	I		IV		IV					M	False	False	(-1, 3, 0)	()	-1	-1	major	major	I	I, major	IV		I	I	False	IV	IV, major		IV, major		IV	-4	-4	-4	0	0	0	True	False	False
1441	1	80	-4	A	-1	3	4	1	1	True	1.125	-4	61	61	61	61a	1441/8	1/32	False	5	False				False	164	IV		Ab	I		IV		IV					M	False	False	(-1, 3, 0)	()	-1	-1	major	major	I	I, major	IV		I	I	False	IV	IV, major		IV, major		IV	-4	-4	-4	0	0	0	True	False	False
1442	1	92	-4	A	-1	3	4	1	1	True	1.25	-4	61	61	61	61a	721/4	1/32	False	6	False				False	164	IV		Ab	I		IV		IV					M	False	False	(-1, 3, 0)	()	-1	-1	major	major	I	I, major	IV		I	I	False	IV	IV, major		IV, major		IV	-4	-4	-4	0	0	0	True	False	False
1443	1	80	-4	A	-1	3	4	1	1	True	1.375	-4	61	61	61	61a	1443/8	1/32	False	5	False				False	164	IV		Ab	I		IV		IV					M	False	False	(-1, 3, 0)	()	-1	-1	major	major	I	I, major	IV		I	I	False	IV	IV, major		IV, major		IV	-4	-4	-4	0	0	0	True	False	False
1444	1	92	-4	A	-1	3	4	1	1	True	1.5	-4	61	61	61	61a	361/2	1/32	False	6	False				False	164	IV		Ab	I		IV		IV					M	False	False	(-1, 3, 0)	()	-1	-1	major	major	I	I, major	IV		I	I	False	IV	IV, major		IV, major		IV	-4	-4	-4	0	0	0	True	False	False
1445	1	80	-4	A	-1	3	4	1	1	True	1.625	-4	61	61	61	61a	1445/8	1/32	False	5	False				False	164	IV		Ab	I		IV		IV					M	False	False	(-1, 3, 0)	()	-1	-1	major	major	I	I, major	IV		I	I	False	IV	IV, major		IV, major		IV	-4	-4	-4	0	0	0	True	False	False
1446	1	92	-4	A	-1	3	4	1	1	True	1.75	-4	61	61	61	61a	723/4	1/32	False	6	False				False	164	IV		Ab	I		IV		IV					M	False	False	(-1, 3, 0)	()	-1	-1	major	major	I	I, major	IV		I	I	False	IV	IV, major		IV, major		IV	-4	-4	-4	0	0	0	True	False	False
1447	1	80	-4	A	-1	3	4	1	1	True	1.875	-4	61	61	61	61a	1447/8	1/32	False	5	False				False	164	IV		Ab	I		IV		IV					M	False	False	(-1, 3, 0)	()	-1	-1	major	major	I	I, major	IV		I	I	False	IV	IV, major		IV, major		IV	-4	-4	-4	0	0	0	True	False	False
1448	16	58	-2	B	-1	3	4	2	1	True	2.0	-4	61	61	61	61a	181	1/2	False	3	True				False	165	ii7		Ab	I		ii7		ii		7			mm7	False	False	(2, -1, 3, 0)	()	2	2	major	major	I	I, major	ii		I	I	False	ii7	ii7, major		ii7, major		ii	-4	-4	-4	2	2	2	True	True	True
1448	16	61	-5	D	-1	3	4	2	1	True	2.0	-4	61	61	61	61a	181	1/2	False	4	True				False	165	ii7		Ab	I		ii7		ii		7			mm7	False	False	(2, -1, 3, 0)	()	2	2	major	major	I	I, major	ii		I	I	False	ii7	ii7, major		ii7, major		ii	-4	-4	-4	-1	-1	-1	True	False	False
1448	1	92	-4	A	-1	3	4	1	1	True	2.0	-4	61	61	61	61a	181	1/32	False	6	True				False	165	ii7		Ab	I		ii7		ii		7			mm7	False	False	(2, -1, 3, 0)	()	2	2	major	major	I	I, major	ii		I	I	False	ii7	ii7, major		ii7, major		ii	-4	-4	-4	0	0	0	True	False	False
1449	1	80	-4	A	-1	3	4	1	1	True	2.125	-4	61	61	61	61a	1449/8	1/32	False	5	False				False	165	ii7		Ab	I		ii7		ii		7			mm7	False	False	(2, -1, 3, 0)	()	2	2	major	major	I	I, major	ii		I	I	False	ii7	ii7, major		ii7, major		ii	-4	-4	-4	0	0	0	True	False	False
1450	1	92	-4	A	-1	3	4	1	1	True	2.25	-4	61	61	61	61a	725/4	1/32	False	6	False				False	165	ii7		Ab	I		ii7		ii		7			mm7	False	False	(2, -1, 3, 0)	()	2	2	major	major	I	I, major	ii		I	I	False	ii7	ii7, major		ii7, major		ii	-4	-4	-4	0	0	0	True	False	False
1451	1	80	-4	A	-1	3	4	1	1	True	2.375	-4	61	61	61	61a	1451/8	1/32	False	5	False				False	165	ii7		Ab	I		ii7		ii		7			mm7	False	False	(2, -1, 3, 0)	()	2	2	major	major	I	I, major	ii		I	I	False	ii7	ii7, major		ii7, major		ii	-4	-4	-4	0	0	0	True	False	False
1452	1	92	-4	A	-1	3	4	1	1	True	2.5	-4	61	61	61	61a	363/2	1/32	False	6	False				False	165	ii7		Ab	I		ii7		ii		7			mm7	False	False	(2, -1, 3, 0)	()	2	2	major	major	I	I, major	ii		I	I	False	ii7	ii7, major		ii7, major		ii	-4	-4	-4	0	0	0	True	False	False
1453	1	80	-4	A	-1	3	4	1	1	True	2.625	-4	61	61	61	61a	1453/8	1/32	False	5	False				False	165	ii7		Ab	I		ii7		ii		7			mm7	False	False	(2, -1, 3, 0)	()	2	2	major	major	I	I, major	ii		I	I	False	ii7	ii7, major		ii7, major		ii	-4	-4	-4	0	0	0	True	False	False
1454	1	92	-4	A	-1	3	4	1	1	True	2.75	-4	61	61	61	61a	727/4	1/32	False	6	False				False	165	ii7		Ab	I		ii7		ii		7			mm7	False	False	(2, -1, 3, 0)	()	2	2	major	major	I	I, major	ii		I	I	False	ii7	ii7, major		ii7, major		ii	-4	-4	-4	0	0	0	True	False	False
1455	1	80	-4	A	-1	3	4	1	1	True	2.875	-4	61	61	61	61a	1455/8	1/32	False	5	False				False	165	ii7		Ab	I		ii7		ii		7			mm7	False	False	(2, -1, 3, 0)	()	2	2	major	major	I	I, major	ii		I	I	False	ii7	ii7, major		ii7, major		ii	-4	-4	-4	0	0	0	True	False	False
1456	1	92	-4	A	-1	3	4	1	1	True	3.0	-4	61	61	61	61a	182	1/32	False	6	False				False	165	ii7		Ab	I		ii7		ii		7			mm7	False	False	(2, -1, 3, 0)	()	2	2	major	major	I	I, major	ii		I	I	False	ii7	ii7, major		ii7, major		ii	-4	-4	-4	0	0	0	True	False	False
1457	1	80	-4	A	-1	3	4	1	1	True	3.125	-4	61	61	61	61a	1457/8	1/32	False	5	False				False	165	ii7		Ab	I		ii7		ii		7			mm7	False	False	(2, -1, 3, 0)	()	2	2	major	major	I	I, major	ii		I	I	False	ii7	ii7, major		ii7, major		ii	-4	-4	-4	0	0	0	True	False	False
1458	1	92	-4	A	-1	3	4	1	1	True	3.25	-4	61	61	61	61a	729/4	1/32	False	6	False				False	165	ii7		Ab	I		ii7		ii		7			mm7	False	False	(2, -1, 3, 0)	()	2	2	major	major	I	I, major	ii		I	I	False	ii7	ii7, major		ii7, major		ii	-4	-4	-4	0	0	0	True	False	False
1459	1	80	-4	A	-1	3	4	1	1	True	3.375	-4	61	61	61	61a	1459/8	1/32	False	5	False				False	165	ii7		Ab	I		ii7		ii		7			mm7	False	False	(2, -1, 3, 0)	()	2	2	major	major	I	I, major	ii		I	I	False	ii7	ii7, major		ii7, major		ii	-4	-4	-4	0	0	0	True	False	False
1460	1	92	-4	A	-1	3	4	1	1	True	3.5	-4	61	61	61	61a	365/2	1/32	False	6	False				False	165	ii7		Ab	I		ii7		ii		7			mm7	False	False	(2, -1, 3, 0)	()	2	2	major	major	I	I, major	ii		I	I	False	ii7	ii7, major		ii7, major		ii	-4	-4	-4	0	0	0	True	False	False
1461	1	80	-4	A	-1	3	4	1	1	True	3.625	-4	61	61	61	61a	1461/8	1/32	False	5	False				False	165	ii7		Ab	I		ii7		ii		7			mm7	False	False	(2, -1, 3, 0)	()	2	2	major	major	I	I, major	ii		I	I	False	ii7	ii7, major		ii7, major		ii	-4	-4	-4	0	0	0	True	False	False
1462	1	92	-4	A	-1	3	4	1	1	True	3.75	-4	61	61	61	61a	731/4	1/32	False	6	False				False	165	ii7		Ab	I		ii7		ii		7			mm7	False	False	(2, -1, 3, 0)	()	2	2	major	major	I	I, major	ii		I	I	False	ii7	ii7, major		ii7, major		ii	-4	-4	-4	0	0	0	True	False	False
1463	1	80	-4	A	-1	3	4	1	1	True	3.875	-4	61	61	61	61a	1463/8	1/32	False	5	False				False	165	ii7		Ab	I		ii7		ii		7			mm7	False	False	(2, -1, 3, 0)	()	2	2	major	major	I	I, major	ii		I	I	False	ii7	ii7, major		ii7, major		ii	-4	-4	-4	0	0	0	True	False	False
1464	8	63	-3	E	-1	3	4	2	1	True	1.0	-4	62	62	62	62a	183	1/4	False	4	True				False	166	V43/IV		Ab	I		V43/IV		V		43		IV	Mm7	False	False	(1, -2, 0, 4)	()	0	1	major	major	I	I, major	V/IV	IV	IV/I	IV	False	V43/IV	V43/IV, major		V43/IV, major	IV	IV	-4	-4	-5	1	1	2	True	False	True
1464	8	66	-6	G	-1	3	4	2	1	True	1.0	-4	62	62	62	62a	183	1/4	False	4	True				False	166	V43/IV		Ab	I		V43/IV		V		43		IV	Mm7	False	False	(1, -2, 0, 4)	()	0	1	major	major	I	I, major	V/IV	IV	IV/I	IV	False	V43/IV	V43/IV, major		V43/IV, major	IV	IV	-4	-4	-5	-2	-2	-1	True	False	False
1464	4	92	-4	A	-1	3	4	1	1	True	1.0	-4	62	62	62	62a	183	1/8	False	6	True				False	166	V43/IV		Ab	I		V43/IV		V		43		IV	Mm7	False	False	(1, -2, 0, 4)	()	0	1	major	major	I	I, major	V/IV	IV	IV/I	IV	False	V43/IV	V43/IV, major		V43/IV, major	IV	IV	-4	-4	-5	0	0	1	True	True	False
1468	2	90	-6	G	-1	3	4	1	1	True	1.5	-4	62	62	62	62a	367/2	1/16	False	6	False				False	166	V43/IV		Ab	I		V43/IV		V		43		IV	Mm7	False	False	(1, -2, 0, 4)	()	0	1	major	major	I	I, major	V/IV	IV	IV/I	IV	False	V43/IV	V43/IV, major		V43/IV, major	IV	IV	-4	-4	-5	-2	-2	-1	True	False	False
1470	2	89	-1	F	0	3	4	1	1	True	1.75	-4	62	62	62	62a	735/4	1/16	False	6	False				False	166	V43/IV		Ab	I		V43/IV		V		43		IV	Mm7	False	False	(1, -2, 0, 4)	()	0	1	major	major	I	I, major	V/IV	IV	IV/I	IV	False	V43/IV	V43/IV, major		V43/IV, major	IV	IV	-4	-4	-5	3	3	4	False	False	False
1472	16	60	0	C	0	3	4	2	2	True	2.0	-4	62	62	62	62a	184	1/2	False	4	True				False	167	viio(11)/IV		Ab	I		viio(11)/IV		vii	o		11	IV	o	False	False	(4, 1, -2)	(3,)	4	4	major	major	I	I, major	vii/IV	IV	IV/I	IV	False	viio/IV	viio/IV, major		viio(11)/IV, major	IV	IV	-4	-4	-5	4	4	5	True	True	True
1472	8	63	-3	E	-1	3	4	2	1	True	2.0	-4	62	62	62	62a	184	1/4	False	4	True				False	167	viio(11)/IV		Ab	I		viio(11)/IV		vii	o		11	IV	o	False	False	(4, 1, -2)	(3,)	4	4	major	major	I	I, major	vii/IV	IV	IV/I	IV	False	viio/IV	viio/IV, major		viio(11)/IV, major	IV	IV	-4	-4	-5	1	1	2	True	False	False
1472	2	89	-1	F	0	3	4	1	1	False	2.0	-4	62	62	62	62a	184	1/16	False	6	True				False	167	viio(11)/IV		Ab	I		viio(11)/IV		vii	o		11	IV	o	False	False	(4, 1, -2)	(3,)	4	4	major	major	I	I, major	vii/IV	IV	IV/I	IV	False	viio/IV	viio/IV, major		viio(11)/IV, major	IV	IV	-4	-4	-5	3	3	4	False	False	False
1474	1	87	-3	E	-1	3	4	1	1	True	2.25	-4	62	62	62	62a	737/4	1/32	False	6	False				False	167	viio(11)/IV		Ab	I		viio(11)/IV		vii	o		11	IV	o	False	False	(4, 1, -2)	(3,)	4	4	major	major	I	I, major	vii/IV	IV	IV/I	IV	False	viio/IV	viio/IV, major		viio(11)/IV, major	IV	IV	-4	-4	-5	1	1	2	True	False	False
1475	1	86	2	D	0	3	4	1	1	True	2.375	-4	62	62	62	62a	1475/8	1/32	False	6	False				False	167	viio(11)/IV		Ab	I		viio(11)/IV		vii	o		11	IV	o	False	False	(4, 1, -2)	(3,)	4	4	major	major	I	I, major	vii/IV	IV	IV/I	IV	False	viio/IV	viio/IV, major		viio(11)/IV, major	IV	IV	-4	-4	-5	6	6	7	False	False	False
1476	1	87	-3	E	-1	3	4	1	1	True	2.5	-4	62	62	62	62a	369/2	1/32	False	6	True				False	168	viio/IV		Ab	I		viio/IV		vii	o			IV	o	False	False	(4, 1, -2)	()	4	4	major	major	I	I, major	vii/IV	IV	IV/I	IV	False	viio/IV	viio/IV, major		viio/IV, major	IV	IV	-4	-4	-5	1	1	2	True	False	False
1477	1	89	-1	F	0	3	4	1	1	True	2.625	-4	62	62	62	62a	1477/8	1/32	False	6	False				False	168	viio/IV		Ab	I		viio/IV		vii	o			IV	o	False	False	(4, 1, -2)	()	4	4	major	major	I	I, major	vii/IV	IV	IV/I	IV	False	viio/IV	viio/IV, major		viio/IV, major	IV	IV	-4	-4	-5	3	3	4	False	False	False
1478	1	90	-6	G	-1	3	4	1	1	True	2.75	-4	62	62	62	62a	739/4	1/32	False	6	False				False	168	viio/IV		Ab	I		viio/IV		vii	o			IV	o	False	False	(4, 1, -2)	()	4	4	major	major	I	I, major	vii/IV	IV	IV/I	IV	False	viio/IV	viio/IV, major		viio/IV, major	IV	IV	-4	-4	-5	-2	-2	-1	True	False	False
1479	1	89	-1	F	0	3	4	1	1	True	2.875	-4	62	62	62	62a	1479/8	1/32	False	6	False				False	168	viio/IV		Ab	I		viio/IV		vii	o			IV	o	False	False	(4, 1, -2)	()	4	4	major	major	I	I, major	vii/IV	IV	IV/I	IV	False	viio/IV	viio/IV, major		viio/IV, major	IV	IV	-4	-4	-5	3	3	4	False	False	False
1480	8	63	-3	E	-1	3	4	2	1	True	3.0	-4	62	62	62	62a	185	1/4	False	4	True				False	169	V65/IV		Ab	I		V65/IV		V		65		IV	Mm7	False	False	(4, 1, -2, 0)	()	0	4	major	major	I	I, major	V/IV	IV	IV/I	IV	False	V65/IV	V65/IV, major		V65/IV, major	IV	IV	-4	-4	-5	1	1	2	True	False	False
1480	8	68	-4	A	-1	3	4	2	1	True	3.0	-4	62	62	62	62a	185	1/4	False	4	True				False	169	V65/IV		Ab	I		V65/IV		V		65		IV	Mm7	False	False	(4, 1, -2, 0)	()	0	4	major	major	I	I, major	V/IV	IV	IV/I	IV	False	V65/IV	V65/IV, major		V65/IV, major	IV	IV	-4	-4	-5	0	0	1	True	True	False
1480	1	87	-3	E	-1	3	4	1	1	True	3.0	-4	62	62	62	62a	185	1/32	False	6	True				False	169	V65/IV		Ab	I		V65/IV		V		65		IV	Mm7	False	False	(4, 1, -2, 0)	()	0	4	major	major	I	I, major	V/IV	IV	IV/I	IV	False	V65/IV	V65/IV, major		V65/IV, major	IV	IV	-4	-4	-5	1	1	2	True	False	False
1481	1	89	-1	F	0	3	4	1	1	True	3.125	-4	62	62	62	62a	1481/8	1/32	False	6	False				False	169	V65/IV		Ab	I		V65/IV		V		65		IV	Mm7	False	False	(4, 1, -2, 0)	()	0	4	major	major	I	I, major	V/IV	IV	IV/I	IV	False	V65/IV	V65/IV, major		V65/IV, major	IV	IV	-4	-4	-5	3	3	4	False	False	False
1482	1	87	-3	E	-1	3	4	1	1	True	3.25	-4	62	62	62	62a	741/4	1/32	False	6	False				False	169	V65/IV		Ab	I		V65/IV		V		65		IV	Mm7	False	False	(4, 1, -2, 0)	()	0	4	major	major	I	I, major	V/IV	IV	IV/I	IV	False	V65/IV	V65/IV, major		V65/IV, major	IV	IV	-4	-4	-5	1	1	2	True	False	False
1483	1	85	-5	D	-1	3	4	1	1	True	3.375	-4	62	62	62	62a	1483/8	1/32	False	6	False				False	169	V65/IV		Ab	I		V65/IV		V		65		IV	Mm7	False	False	(4, 1, -2, 0)	()	0	4	major	major	I	I, major	V/IV	IV	IV/I	IV	False	V65/IV	V65/IV, major		V65/IV, major	IV	IV	-4	-4	-5	-1	-1	0	False	False	False
1484	1	84	0	C	0	3	4	1	1	True	3.5	-4	62	62	62	62a	371/2	1/32	False	6	False				False	169	V65/IV		Ab	I		V65/IV		V		65		IV	Mm7	False	False	(4, 1, -2, 0)	()	0	4	major	major	I	I, major	V/IV	IV	IV/I	IV	False	V65/IV	V65/IV, major		V65/IV, major	IV	IV	-4	-4	-5	4	4	5	True	False	True
1485	1	82	-2	B	-1	3	4	1	1	True	3.625	-4	62	62	62	62a	1485/8	1/32	False	5	False				False	169	V65/IV		Ab	I		V65/IV		V		65		IV	Mm7	False	False	(4, 1, -2, 0)	()	0	4	major	major	I	I, major	V/IV	IV	IV/I	IV	False	V65/IV	V65/IV, major		V65/IV, major	IV	IV	-4	-4	-5	2	2	3	False	False	False
1486	1	80	-4	A	-1	3	4	1	1	True	3.75	-4	62	62	62	62a	743/4	1/32	False	5	False				False	169	V65/IV		Ab	I		V65/IV		V		65		IV	Mm7	False	False	(4, 1, -2, 0)	()	0	4	major	major	I	I, major	V/IV	IV	IV/I	IV	False	V65/IV	V65/IV, major		V65/IV, major	IV	IV	-4	-4	-5	0	0	1	True	True	False
1487	1	78	-6	G	-1	3	4	1	1	True	3.875	-4	62	62	62	62a	1487/8	1/32	False	5	False				False	169	V65/IV		Ab	I		V65/IV		V		65		IV	Mm7	False	False	(4, 1, -2, 0)	()	0	4	major	major	I	I, major	V/IV	IV	IV/I	IV	False	V65/IV	V65/IV, major		V65/IV, major	IV	IV	-4	-4	-5	-2	-2	-1	True	False	False
1488	2	61	-5	D	-1	3	4	2	1	True	1.0	-4	63	63	63	63a	186	1/16	False	4	True	IAC	IAC	}{	True	170	I/IV|IAC}{		Ab	I		I/IV		I				IV	M	False	False	(-1, 3, 0)	()	-1	-1	major	major	I	I, major	I/IV	IV	IV/I	IV	False	I/IV	I/IV, major		I/IV, major	IV	IV	-4	-4	-5	-1	-1	0	True	True	True
1488	12	77	-1	F	0	3	4	1	1	True	1.0	-4	63	63	63	63a	186	3/8	False	5	True	IAC	IAC	}{	True	170	I/IV|IAC}{		Ab	I		I/IV		I				IV	M	False	False	(-1, 3, 0)	()	-1	-1	major	major	I	I, major	I/IV	IV	IV/I	IV	False	I/IV	I/IV, major		I/IV, major	IV	IV	-4	-4	-5	3	3	4	True	False	False
1490	2	65	-1	F	0	3	4	2	1	True	1.25	-4	63	63	63	63a	745/4	1/16	False	4	False				False	170	I/IV|IAC}{		Ab	I		I/IV		I				IV	M	False	False	(-1, 3, 0)	()	-1	-1	major	major	I	I, major	I/IV	IV	IV/I	IV	False	I/IV	I/IV, major		I/IV, major	IV	IV	-4	-4	-5	3	3	4	True	False	False
1490	2	68	-4	A	-1	3	4	2	1	True	1.25	-4	63	63	63	63a	745/4	1/16	False	4	False				False	170	I/IV|IAC}{		Ab	I		I/IV		I				IV	M	False	False	(-1, 3, 0)	()	-1	-1	major	major	I	I, major	I/IV	IV	IV/I	IV	False	I/IV	I/IV, major		I/IV, major	IV	IV	-4	-4	-5	0	0	1	True	False	False
1492	2	65	-1	F	0	3	4	2	1	True	1.5	-4	63	63	63	63a	373/2	1/16	False	4	False				False	170	I/IV|IAC}{		Ab	I		I/IV		I				IV	M	False	False	(-1, 3, 0)	()	-1	-1	major	major	I	I, major	I/IV	IV	IV/I	IV	False	I/IV	I/IV, major		I/IV, major	IV	IV	-4	-4	-5	3	3	4	True	False	False
1492	2	68	-4	A	-1	3	4	2	1	True	1.5	-4	63	63	63	63a	373/2	1/16	False	4	False				False	170	I/IV|IAC}{		Ab	I		I/IV		I				IV	M	False	False	(-1, 3, 0)	()	-1	-1	major	major	I	I, major	I/IV	IV	IV/I	IV	False	I/IV	I/IV, major		I/IV, major	IV	IV	-4	-4	-5	0	0	1	True	False	False
1494	2	65	-1	F	0	3	4	2	1	True	1.75	-4	63	63	63	63a	747/4	1/16	False	4	False				False	170	I/IV|IAC}{		Ab	I		I/IV		I				IV	M	False	False	(-1, 3, 0)	()	-1	-1	major	major	I	I, major	I/IV	IV	IV/I	IV	False	I/IV	I/IV, major		I/IV, major	IV	IV	-4	-4	-5	3	3	4	True	False	False
1494	2	68	-4	A	-1	3	4	2	1	True	1.75	-4	63	63	63	63a	747/4	1/16	False	4	False				False	170	I/IV|IAC}{		Ab	I		I/IV		I				IV	M	False	False	(-1, 3, 0)	()	-1	-1	major	major	I	I, major	I/IV	IV	IV/I	IV	False	I/IV	I/IV, major		I/IV, major	IV	IV	-4	-4	-5	0	0	1	True	False	False
1496	2	61	-5	D	-1	3	4	2	1	True	2.0	-4	63	63	63	63a	187	1/16	False	4	False				False	170	I/IV|IAC}{		Ab	I		I/IV		I				IV	M	False	False	(-1, 3, 0)	()	-1	-1	major	major	I	I, major	I/IV	IV	IV/I	IV	False	I/IV	I/IV, major		I/IV, major	IV	IV	-4	-4	-5	-1	-1	0	True	True	True
1498	2	65	-1	F	0	3	4	2	1	True	2.25	-4	63	63	63	63a	749/4	1/16	False	4	False				False	170	I/IV|IAC}{		Ab	I		I/IV		I				IV	M	False	False	(-1, 3, 0)	()	-1	-1	major	major	I	I, major	I/IV	IV	IV/I	IV	False	I/IV	I/IV, major		I/IV, major	IV	IV	-4	-4	-5	3	3	4	True	False	False
1498	2	68	-4	A	-1	3	4	2	1	True	2.25	-4	63	63	63	63a	749/4	1/16	False	4	False				False	170	I/IV|IAC}{		Ab	I		I/IV		I				IV	M	False	False	(-1, 3, 0)	()	-1	-1	major	major	I	I, major	I/IV	IV	IV/I	IV	False	I/IV	I/IV, major		I/IV, major	IV	IV	-4	-4	-5	0	0	1	True	False	False
1500	2	65	-1	F	0	3	4	2	1	True	2.5	-4	63	63	63	63a	375/2	1/16	False	4	False				False	170	I/IV|IAC}{		Ab	I		I/IV		I				IV	M	False	False	(-1, 3, 0)	()	-1	-1	major	major	I	I, major	I/IV	IV	IV/I	IV	False	I/IV	I/IV, major		I/IV, major	IV	IV	-4	-4	-5	3	3	4	True	False	False
1500	2	68	-4	A	-1	3	4	2	1	True	2.5	-4	63	63	63	63a	375/2	1/16	False	4	False				False	170	I/IV|IAC}{		Ab	I		I/IV		I				IV	M	False	False	(-1, 3, 0)	()	-1	-1	major	major	I	I, major	I/IV	IV	IV/I	IV	False	I/IV	I/IV, major		I/IV, major	IV	IV	-4	-4	-5	0	0	1	True	False	False
1500	8	80	-4	A	-1	3	4	1	1	True	2.5	-4	63	63	63	63a	375/2	1/4	False	5	False				False	170	I/IV|IAC}{		Ab	I		I/IV		I				IV	M	False	False	(-1, 3, 0)	()	-1	-1	major	major	I	I, major	I/IV	IV	IV/I	IV	False	I/IV	I/IV, major		I/IV, major	IV	IV	-4	-4	-5	0	0	1	True	False	False
1502	2	65	-1	F	0	3	4	2	1	True	2.75	-4	63	63	63	63a	751/4	1/16	False	4	False				False	170	I/IV|IAC}{		Ab	I		I/IV		I				IV	M	False	False	(-1, 3, 0)	()	-1	-1	major	major	I	I, major	I/IV	IV	IV/I	IV	False	I/IV	I/IV, major		I/IV, major	IV	IV	-4	-4	-5	3	3	4	True	False	False
1502	2	68	-4	A	-1	3	4	2	1	True	2.75	-4	63	63	63	63a	751/4	1/16	False	4	False				False	170	I/IV|IAC}{		Ab	I		I/IV		I				IV	M	False	False	(-1, 3, 0)	()	-1	-1	major	major	I	I, major	I/IV	IV	IV/I	IV	False	I/IV	I/IV, major		I/IV, major	IV	IV	-4	-4	-5	0	0	1	True	False	False
1504	2	61	-5	D	-1	3	4	2	1	True	3.0	-4	63	63	63	63a	188	1/16	False	4	False				False	170	I/IV|IAC}{		Ab	I		I/IV		I				IV	M	False	False	(-1, 3, 0)	()	-1	-1	major	major	I	I, major	I/IV	IV	IV/I	IV	False	I/IV	I/IV, major		I/IV, major	IV	IV	-4	-4	-5	-1	-1	0	True	True	True
1506	2	65	-1	F	0	3	4	2	1	True	3.25	-4	63	63	63	63a	753/4	1/16	False	4	False				False	170	I/IV|IAC}{		Ab	I		I/IV		I				IV	M	False	False	(-1, 3, 0)	()	-1	-1	major	major	I	I, major	I/IV	IV	IV/I	IV	False	I/IV	I/IV, major		I/IV, major	IV	IV	-4	-4	-5	3	3	4	True	False	False
1506	2	68	-4	A	-1	3	4	2	1	True	3.25	-4	63	63	63	63a	753/4	1/16	False	4	False				False	170	I/IV|IAC}{		Ab	I		I/IV		I				IV	M	False	False	(-1, 3, 0)	()	-1	-1	major	major	I	I, major	I/IV	IV	IV/I	IV	False	I/IV	I/IV, major		I/IV, major	IV	IV	-4	-4	-5	0	0	1	True	False	False
1508	2	65	-1	F	0	3	4	2	1	True	3.5	-4	63	63	63	63a	377/2	1/16	False	4	False				False	170	I/IV|IAC}{		Ab	I		I/IV		I				IV	M	False	False	(-1, 3, 0)	()	-1	-1	major	major	I	I, major	I/IV	IV	IV/I	IV	False	I/IV	I/IV, major		I/IV, major	IV	IV	-4	-4	-5	3	3	4	True	False	False
1508	2	68	-4	A	-1	3	4	2	1	True	3.5	-4	63	63	63	63a	377/2	1/16	False	4	False				False	170	I/IV|IAC}{		Ab	I		I/IV		I				IV	M	False	False	(-1, 3, 0)	()	-1	-1	major	major	I	I, major	I/IV	IV	IV/I	IV	False	I/IV	I/IV, major		I/IV, major	IV	IV	-4	-4	-5	0	0	1	True	False	False
1508	4	85	-5	D	-1	3	4	1	1	True	3.5	-4	63	63	63	63a	377/2	1/8	False	6	False				False	170	I/IV|IAC}{		Ab	I		I/IV		I				IV	M	False	False	(-1, 3, 0)	()	-1	-1	major	major	I	I, major	I/IV	IV	IV/I	IV	False	I/IV	I/IV, major		I/IV, major	IV	IV	-4	-4	-5	-1	-1	0	True	True	True
1510	2	65	-1	F	0	3	4	2	1	True	3.75	-4	63	63	63	63a	755/4	1/16	False	4	False				False	170	I/IV|IAC}{		Ab	I		I/IV		I				IV	M	False	False	(-1, 3, 0)	()	-1	-1	major	major	I	I, major	I/IV	IV	IV/I	IV	False	I/IV	I/IV, major		I/IV, major	IV	IV	-4	-4	-5	3	3	4	True	False	False
1510	2	68	-4	A	-1	3	4	2	1	True	3.75	-4	63	63	63	63a	755/4	1/16	False	4	False				False	170	I/IV|IAC}{		Ab	I		I/IV		I				IV	M	False	False	(-1, 3, 0)	()	-1	-1	major	major	I	I, major	I/IV	IV	IV/I	IV	False	I/IV	I/IV, major		I/IV, major	IV	IV	-4	-4	-5	0	0	1	True	False	False
1512	2	63	-3	E	-1	3	4	2	1	True	1.0	-4	64	64	64	64a	189	1/16	False	4	True				False	171	V43(4)/IV		Ab	I		V43(4)/IV		V		43	4	IV	Mm7	False	False	(1, -2, 0, -1)	()	0	1	major	major	I	I, major	V/IV	IV	IV/I	IV	False	V43/IV	V43/IV, major		V43(4)/IV, major	IV	IV	-4	-4	-5	1	1	2	True	False	True
1512	8	85	-5	D	-1	3	4	1	1	True	1.0	-4	64	64	64	64a	189	1/4	False	6	True				False	171	V43(4)/IV		Ab	I		V43(4)/IV		V		43	4	IV	Mm7	False	False	(1, -2, 0, -1)	()	0	1	major	major	I	I, major	V/IV	IV	IV/I	IV	False	V43/IV	V43/IV, major		V43(4)/IV, major	IV	IV	-4	-4	-5	-1	-1	0	True	False	False
1514	2	66	-6	G	-1	3	4	2	1	True	1.25	-4	64	64	64	64a	757/4	1/16	False	4	False				False	171	V43(4)/IV		Ab	I		V43(4)/IV		V		43	4	IV	Mm7	False	False	(1, -2, 0, -1)	()	0	1	major	major	I	I, major	V/IV	IV	IV/I	IV	False	V43/IV	V43/IV, major		V43(4)/IV, major	IV	IV	-4	-4	-5	-2	-2	-1	True	False	False
1514	2	68	-4	A	-1	3	4	2	1	True	1.25	-4	64	64	64	64a	757/4	1/16	False	4	False				False	171	V43(4)/IV		Ab	I		V43(4)/IV		V		43	4	IV	Mm7	False	False	(1, -2, 0, -1)	()	0	1	major	major	I	I, major	V/IV	IV	IV/I	IV	False	V43/IV	V43/IV, major		V43(4)/IV, major	IV	IV	-4	-4	-5	0	0	1	True	True	False
1516	2	66	-6	G	-1	3	4	2	1	True	1.5	-4	64	64	64	64a	379/2	1/16	False	4	False				False	171	V43(4)/IV		Ab	I		V43(4)/IV		V		43	4	IV	Mm7	False	False	(1, -2, 0, -1)	()	0	1	major	major	I	I, major	V/IV	IV	IV/I	IV	False	V43/IV	V43/IV, major		V43(4)/IV, major	IV	IV	-4	-4	-5	-2	-2	-1	True	False	False
1516	2	68	-4	A	-1	3	4	2	1	True	1.5	-4	64	64	64	64a	379/2	1/16	False	4	False				False	171	V43(4)/IV		Ab	I		V43(4)/IV		V		43	4	IV	Mm7	False	False	(1, -2, 0, -1)	()	0	1	major	major	I	I, major	V/IV	IV	IV/I	IV	False	V43/IV	V43/IV, major		V43(4)/IV, major	IV	IV	-4	-4	-5	0	0	1	True	True	False
1518	2	66	-6	G	-1	3	4	2	1	True	1.75	-4	64	64	64	64a	759/4	1/16	False	4	False				False	171	V43(4)/IV		Ab	I		V43(4)/IV		V		43	4	IV	Mm7	False	False	(1, -2, 0, -1)	()	0	1	major	major	I	I, major	V/IV	IV	IV/I	IV	False	V43/IV	V43/IV, major		V43(4)/IV, major	IV	IV	-4	-4	-5	-2	-2	-1	True	False	False
1518	2	68	-4	A	-1	3	4	2	1	True	1.75	-4	64	64	64	64a	759/4	1/16	False	4	False				False	171	V43(4)/IV		Ab	I		V43(4)/IV		V		43	4	IV	Mm7	False	False	(1, -2, 0, -1)	()	0	1	major	major	I	I, major	V/IV	IV	IV/I	IV	False	V43/IV	V43/IV, major		V43(4)/IV, major	IV	IV	-4	-4	-5	0	0	1	True	True	False
1520	2	63	-3	E	-1	3	4	2	1	True	2.0	-4	64	64	64	64a	190	1/16	False	4	True				False	172	V43/IV		Ab	I		V43/IV		V		43		IV	Mm7	False	False	(1, -2, 0, 4)	()	0	1	major	major	I	I, major	V/IV	IV	IV/I	IV	False	V43/IV	V43/IV, major		V43/IV, major	IV	IV	-4	-4	-5	1	1	2	True	False	True
1520	16	84	0	C	0	3	4	1	1	True	2.0	-4	64	64	64	64a	190	1/2	False	6	True				False	172	V43/IV		Ab	I		V43/IV		V		43		IV	Mm7	False	False	(1, -2, 0, 4)	()	0	1	major	major	I	I, major	V/IV	IV	IV/I	IV	False	V43/IV	V43/IV, major		V43/IV, major	IV	IV	-4	-4	-5	4	4	5	True	False	False
1522	2	66	-6	G	-1	3	4	2	1	True	2.25	-4	64	64	64	64a	761/4	1/16	False	4	False				False	172	V43/IV		Ab	I		V43/IV		V		43		IV	Mm7	False	False	(1, -2, 0, 4)	()	0	1	major	major	I	I, major	V/IV	IV	IV/I	IV	False	V43/IV	V43/IV, major		V43/IV, major	IV	IV	-4	-4	-5	-2	-2	-1	True	False	False
1522	2	68	-4	A	-1	3	4	2	1	True	2.25	-4	64	64	64	64a	761/4	1/16	False	4	False				False	172	V43/IV		Ab	I		V43/IV		V		43		IV	Mm7	False	False	(1, -2, 0, 4)	()	0	1	major	major	I	I, major	V/IV	IV	IV/I	IV	False	V43/IV	V43/IV, major		V43/IV, major	IV	IV	-4	-4	-5	0	0	1	True	True	False
1524	2	66	-6	G	-1	3	4	2	1	True	2.5	-4	64	64	64	64a	381/2	1/16	False	4	False				False	172	V43/IV		Ab	I		V43/IV		V		43		IV	Mm7	False	False	(1, -2, 0, 4)	()	0	1	major	major	I	I, major	V/IV	IV	IV/I	IV	False	V43/IV	V43/IV, major		V43/IV, major	IV	IV	-4	-4	-5	-2	-2	-1	True	False	False
1524	2	68	-4	A	-1	3	4	2	1	True	2.5	-4	64	64	64	64a	381/2	1/16	False	4	False				False	172	V43/IV		Ab	I		V43/IV		V		43		IV	Mm7	False	False	(1, -2, 0, 4)	()	0	1	major	major	I	I, major	V/IV	IV	IV/I	IV	False	V43/IV	V43/IV, major		V43/IV, major	IV	IV	-4	-4	-5	0	0	1	True	True	False
1526	2	66	-6	G	-1	3	4	2	1	True	2.75	-4	64	64	64	64a	763/4	1/16	False	4	False				False	172	V43/IV		Ab	I		V43/IV		V		43		IV	Mm7	False	False	(1, -2, 0, 4)	()	0	1	major	major	I	I, major	V/IV	IV	IV/I	IV	False	V43/IV	V43/IV, major		V43/IV, major	IV	IV	-4	-4	-5	-2	-2	-1	True	False	False
1526	2	68	-4	A	-1	3	4	2	1	True	2.75	-4	64	64	64	64a	763/4	1/16	False	4	False				False	172	V43/IV		Ab	I		V43/IV		V		43		IV	Mm7	False	False	(1, -2, 0, 4)	()	0	1	major	major	I	I, major	V/IV	IV	IV/I	IV	False	V43/IV	V43/IV, major		V43/IV, major	IV	IV	-4	-4	-5	0	0	1	True	True	False
1528	2	63	-3	E	-1	3	4	2	1	True	3.0	-4	64	64	64	64a	191	1/16	False	4	False				False	172	V43/IV		Ab	I		V43/IV		V		43		IV	Mm7	False	False	(1, -2, 0, 4)	()	0	1	major	major	I	I, major	V/IV	IV	IV/I	IV	False	V43/IV	V43/IV, major		V43/IV, major	IV	IV	-4	-4	-5	1	1	2	True	False	True
1530	2	66	-6	G	-1	3	4	2	1	True	3.25	-4	64	64	64	64a	765/4	1/16	False	4	False				False	172	V43/IV		Ab	I		V43/IV		V		43		IV	Mm7	False	False	(1, -2, 0, 4)	()	0	1	major	major	I	I, major	V/IV	IV	IV/I	IV	False	V43/IV	V43/IV, major		V43/IV, major	IV	IV	-4	-4	-5	-2	-2	-1	True	False	False
1530	2	68	-4	A	-1	3	4	2	1	True	3.25	-4	64	64	64	64a	765/4	1/16	False	4	False				False	172	V43/IV		Ab	I		V43/IV		V		43		IV	Mm7	False	False	(1, -2, 0, 4)	()	0	1	major	major	I	I, major	V/IV	IV	IV/I	IV	False	V43/IV	V43/IV, major		V43/IV, major	IV	IV	-4	-4	-5	0	0	1	True	True	False
1532	2	66	-6	G	-1	3	4	2	1	True	3.5	-4	64	64	64	64a	383/2	1/16	False	4	False				False	172	V43/IV		Ab	I		V43/IV		V		43		IV	Mm7	False	False	(1, -2, 0, 4)	()	0	1	major	major	I	I, major	V/IV	IV	IV/I	IV	False	V43/IV	V43/IV, major		V43/IV, major	IV	IV	-4	-4	-5	-2	-2	-1	True	False	False
1532	2	68	-4	A	-1	3	4	2	1	True	3.5	-4	64	64	64	64a	383/2	1/16	False	4	False				False	172	V43/IV		Ab	I		V43/IV		V		43		IV	Mm7	False	False	(1, -2, 0, 4)	()	0	1	major	major	I	I, major	V/IV	IV	IV/I	IV	False	V43/IV	V43/IV, major		V43/IV, major	IV	IV	-4	-4	-5	0	0	1	True	True	False
1534	2	66	-6	G	-1	3	4	2	1	True	3.75	-4	64	64	64	64a	767/4	1/16	False	4	False				False	172	V43/IV		Ab	I		V43/IV		V		43		IV	Mm7	False	False	(1, -2, 0, 4)	()	0	1	major	major	I	I, major	V/IV	IV	IV/I	IV	False	V43/IV	V43/IV, major		V43/IV, major	IV	IV	-4	-4	-5	-2	-2	-1	True	False	False
1534	2	68	-4	A	-1	3	4	2	1	True	3.75	-4	64	64	64	64a	767/4	1/16	False	4	False				False	172	V43/IV		Ab	I		V43/IV		V		43		IV	Mm7	False	False	(1, -2, 0, 4)	()	0	1	major	major	I	I, major	V/IV	IV	IV/I	IV	False	V43/IV	V43/IV, major		V43/IV, major	IV	IV	-4	-4	-5	0	0	1	True	True	False
1536	2	66	-6	G	-1	3	4	2	1	True	1.0	-4	65	65	65	65a	192	1/16	False	4	True				False	173	V2/IV		Ab	I		V2/IV		V		2		IV	Mm7	False	False	(-2, 0, 4, 1)	()	0	-2	major	major	I	I, major	V/IV	IV	IV/I	IV	False	V2/IV	V2/IV, major		V2/IV, major	IV	IV	-4	-4	-5	-2	-2	-1	True	False	True
1536	12	87	-3	E	-1	3	4	1	1	True	1.0	-4	65	65	65	65a	192	3/8	False	6	True				False	173	V2/IV		Ab	I		V2/IV		V		2		IV	Mm7	False	False	(-2, 0, 4, 1)	()	0	-2	major	major	I	I, major	V/IV	IV	IV/I	IV	False	V2/IV	V2/IV, major		V2/IV, major	IV	IV	-4	-4	-5	1	1	2	True	False	False
1538	2	68	-4	A	-1	3	4	2	1	True	1.25	-4	65	65	65	65a	769/4	1/16	False	4	False				False	173	V2/IV		Ab	I		V2/IV		V		2		IV	Mm7	False	False	(-2, 0, 4, 1)	()	0	-2	major	major	I	I, major	V/IV	IV	IV/I	IV	False	V2/IV	V2/IV, major		V2/IV, major	IV	IV	-4	-4	-5	0	0	1	True	True	False
1538	2	72	0	C	0	3	4	2	1	True	1.25	-4	65	65	65	65a	769/4	1/16	False	5	False				False	173	V2/IV		Ab	I		V2/IV		V		2		IV	Mm7	False	False	(-2, 0, 4, 1)	()	0	-2	major	major	I	I, major	V/IV	IV	IV/I	IV	False	V2/IV	V2/IV, major		V2/IV, major	IV	IV	-4	-4	-5	4	4	5	True	False	False
1538	2	75	-3	E	-1	3	4	2	1	True	1.25	-4	65	65	65	65a	769/4	1/16	False	5	False				False	173	V2/IV		Ab	I		V2/IV		V		2		IV	Mm7	False	False	(-2, 0, 4, 1)	()	0	-2	major	major	I	I, major	V/IV	IV	IV/I	IV	False	V2/IV	V2/IV, major		V2/IV, major	IV	IV	-4	-4	-5	1	1	2	True	False	False
1540	2	68	-4	A	-1	3	4	2	1	True	1.5	-4	65	65	65	65a	385/2	1/16	False	4	False				False	173	V2/IV		Ab	I		V2/IV		V		2		IV	Mm7	False	False	(-2, 0, 4, 1)	()	0	-2	major	major	I	I, major	V/IV	IV	IV/I	IV	False	V2/IV	V2/IV, major		V2/IV, major	IV	IV	-4	-4	-5	0	0	1	True	True	False
1540	2	72	0	C	0	3	4	2	1	True	1.5	-4	65	65	65	65a	385/2	1/16	False	5	False				False	173	V2/IV		Ab	I		V2/IV		V		2		IV	Mm7	False	False	(-2, 0, 4, 1)	()	0	-2	major	major	I	I, major	V/IV	IV	IV/I	IV	False	V2/IV	V2/IV, major		V2/IV, major	IV	IV	-4	-4	-5	4	4	5	True	False	False
1540	2	75	-3	E	-1	3	4	2	1	True	1.5	-4	65	65	65	65a	385/2	1/16	False	5	False				False	173	V2/IV		Ab	I		V2/IV		V		2		IV	Mm7	False	False	(-2, 0, 4, 1)	()	0	-2	major	major	I	I, major	V/IV	IV	IV/I	IV	False	V2/IV	V2/IV, major		V2/IV, major	IV	IV	-4	-4	-5	1	1	2	True	False	False
1542	2	68	-4	A	-1	3	4	2	1	True	1.75	-4	65	65	65	65a	771/4	1/16	False	4	False				False	173	V2/IV		Ab	I		V2/IV		V		2		IV	Mm7	False	False	(-2, 0, 4, 1)	()	0	-2	major	major	I	I, major	V/IV	IV	IV/I	IV	False	V2/IV	V2/IV, major		V2/IV, major	IV	IV	-4	-4	-5	0	0	1	True	True	False
1542	2	72	0	C	0	3	4	2	1	True	1.75	-4	65	65	65	65a	771/4	1/16	False	5	False				False	173	V2/IV		Ab	I		V2/IV		V		2		IV	Mm7	False	False	(-2, 0, 4, 1)	()	0	-2	major	major	I	I, major	V/IV	IV	IV/I	IV	False	V2/IV	V2/IV, major		V2/IV, major	IV	IV	-4	-4	-5	4	4	5	True	False	False
1542	2	75	-3	E	-1	3	4	2	1	True	1.75	-4	65	65	65	65a	771/4	1/16	False	5	False				False	173	V2/IV		Ab	I		V2/IV		V		2		IV	Mm7	False	False	(-2, 0, 4, 1)	()	0	-2	major	major	I	I, major	V/IV	IV	IV/I	IV	False	V2/IV	V2/IV, major		V2/IV, major	IV	IV	-4	-4	-5	1	1	2	True	False	False
1544	2	66	-6	G	-1	3	4	2	1	True	2.0	-4	65	65	65	65a	193	1/16	False	4	False				False	173	V2/IV		Ab	I		V2/IV		V		2		IV	Mm7	False	False	(-2, 0, 4, 1)	()	0	-2	major	major	I	I, major	V/IV	IV	IV/I	IV	False	V2/IV	V2/IV, major		V2/IV, major	IV	IV	-4	-4	-5	-2	-2	-1	True	False	True
1546	2	68	-4	A	-1	3	4	2	1	True	2.25	-4	65	65	65	65a	773/4	1/16	False	4	False				False	173	V2/IV		Ab	I		V2/IV		V		2		IV	Mm7	False	False	(-2, 0, 4, 1)	()	0	-2	major	major	I	I, major	V/IV	IV	IV/I	IV	False	V2/IV	V2/IV, major		V2/IV, major	IV	IV	-4	-4	-5	0	0	1	True	True	False
1546	2	72	0	C	0	3	4	2	1	True	2.25	-4	65	65	65	65a	773/4	1/16	False	5	False				False	173	V2/IV		Ab	I		V2/IV		V		2		IV	Mm7	False	False	(-2, 0, 4, 1)	()	0	-2	major	major	I	I, major	V/IV	IV	IV/I	IV	False	V2/IV	V2/IV, major		V2/IV, major	IV	IV	-4	-4	-5	4	4	5	True	False	False
1546	2	75	-3	E	-1	3	4	2	1	True	2.25	-4	65	65	65	65a	773/4	1/16	False	5	False				False	173	V2/IV		Ab	I		V2/IV		V		2		IV	Mm7	False	False	(-2, 0, 4, 1)	()	0	-2	major	major	I	I, major	V/IV	IV	IV/I	IV	False	V2/IV	V2/IV, major		V2/IV, major	IV	IV	-4	-4	-5	1	1	2	True	False	False
1548	2	68	-4	A	-1	3	4	2	1	True	2.5	-4	65	65	65	65a	387/2	1/16	False	4	False				False	173	V2/IV		Ab	I		V2/IV		V		2		IV	Mm7	False	False	(-2, 0, 4, 1)	()	0	-2	major	major	I	I, major	V/IV	IV	IV/I	IV	False	V2/IV	V2/IV, major		V2/IV, major	IV	IV	-4	-4	-5	0	0	1	True	True	False
1548	2	72	0	C	0	3	4	2	1	True	2.5	-4	65	65	65	65a	387/2	1/16	False	5	False				False	173	V2/IV		Ab	I		V2/IV		V		2		IV	Mm7	False	False	(-2, 0, 4, 1)	()	0	-2	major	major	I	I, major	V/IV	IV	IV/I	IV	False	V2/IV	V2/IV, major		V2/IV, major	IV	IV	-4	-4	-5	4	4	5	True	False	False
1548	2	75	-3	E	-1	3	4	2	1	True	2.5	-4	65	65	65	65a	387/2	1/16	False	5	False				False	173	V2/IV		Ab	I		V2/IV		V		2		IV	Mm7	False	False	(-2, 0, 4, 1)	()	0	-2	major	major	I	I, major	V/IV	IV	IV/I	IV	False	V2/IV	V2/IV, major		V2/IV, major	IV	IV	-4	-4	-5	1	1	2	True	False	False
1548	8	84	0	C	0	3	4	1	1	True	2.5	-4	65	65	65	65a	387/2	1/4	False	6	False				False	173	V2/IV		Ab	I		V2/IV		V		2		IV	Mm7	False	False	(-2, 0, 4, 1)	()	0	-2	major	major	I	I, major	V/IV	IV	IV/I	IV	False	V2/IV	V2/IV, major		V2/IV, major	IV	IV	-4	-4	-5	4	4	5	True	False	False
1550	2	68	-4	A	-1	3	4	2	1	True	2.75	-4	65	65	65	65a	775/4	1/16	False	4	False				False	173	V2/IV		Ab	I		V2/IV		V		2		IV	Mm7	False	False	(-2, 0, 4, 1)	()	0	-2	major	major	I	I, major	V/IV	IV	IV/I	IV	False	V2/IV	V2/IV, major		V2/IV, major	IV	IV	-4	-4	-5	0	0	1	True	True	False
1550	2	72	0	C	0	3	4	2	1	True	2.75	-4	65	65	65	65a	775/4	1/16	False	5	False				False	173	V2/IV		Ab	I		V2/IV		V		2		IV	Mm7	False	False	(-2, 0, 4, 1)	()	0	-2	major	major	I	I, major	V/IV	IV	IV/I	IV	False	V2/IV	V2/IV, major		V2/IV, major	IV	IV	-4	-4	-5	4	4	5	True	False	False
1550	2	75	-3	E	-1	3	4	2	1	True	2.75	-4	65	65	65	65a	775/4	1/16	False	5	False				False	173	V2/IV		Ab	I		V2/IV		V		2		IV	Mm7	False	False	(-2, 0, 4, 1)	()	0	-2	major	major	I	I, major	V/IV	IV	IV/I	IV	False	V2/IV	V2/IV, major		V2/IV, major	IV	IV	-4	-4	-5	1	1	2	True	False	False
1552	2	66	-6	G	-1	3	4	2	1	True	3.0	-4	65	65	65	65a	194	1/16	False	4	False				False	173	V2/IV		Ab	I		V2/IV		V		2		IV	Mm7	False	False	(-2, 0, 4, 1)	()	0	-2	major	major	I	I, major	V/IV	IV	IV/I	IV	False	V2/IV	V2/IV, major		V2/IV, major	IV	IV	-4	-4	-5	-2	-2	-1	True	False	True
1554	2	68	-4	A	-1	3	4	2	1	True	3.25	-4	65	65	65	65a	777/4	1/16	False	4	False				False	173	V2/IV		Ab	I		V2/IV		V		2		IV	Mm7	False	False	(-2, 0, 4, 1)	()	0	-2	major	major	I	I, major	V/IV	IV	IV/I	IV	False	V2/IV	V2/IV, major		V2/IV, major	IV	IV	-4	-4	-5	0	0	1	True	True	False
1554	2	72	0	C	0	3	4	2	1	True	3.25	-4	65	65	65	65a	777/4	1/16	False	5	False				False	173	V2/IV		Ab	I		V2/IV		V		2		IV	Mm7	False	False	(-2, 0, 4, 1)	()	0	-2	major	major	I	I, major	V/IV	IV	IV/I	IV	False	V2/IV	V2/IV, major		V2/IV, major	IV	IV	-4	-4	-5	4	4	5	True	False	False
1554	2	75	-3	E	-1	3	4	2	1	True	3.25	-4	65	65	65	65a	777/4	1/16	False	5	False				False	173	V2/IV		Ab	I		V2/IV		V		2		IV	Mm7	False	False	(-2, 0, 4, 1)	()	0	-2	major	major	I	I, major	V/IV	IV	IV/I	IV	False	V2/IV	V2/IV, major		V2/IV, major	IV	IV	-4	-4	-5	1	1	2	True	False	False
1556	2	68	-4	A	-1	3	4	2	1	True	3.5	-4	65	65	65	65a	389/2	1/16	False	4	False				False	173	V2/IV		Ab	I		V2/IV		V		2		IV	Mm7	False	False	(-2, 0, 4, 1)	()	0	-2	major	major	I	I, major	V/IV	IV	IV/I	IV	False	V2/IV	V2/IV, major		V2/IV, major	IV	IV	-4	-4	-5	0	0	1	True	True	False
1556	2	72	0	C	0	3	4	2	1	True	3.5	-4	65	65	65	65a	389/2	1/16	False	5	False				False	173	V2/IV		Ab	I		V2/IV		V		2		IV	Mm7	False	False	(-2, 0, 4, 1)	()	0	-2	major	major	I	I, major	V/IV	IV	IV/I	IV	False	V2/IV	V2/IV, major		V2/IV, major	IV	IV	-4	-4	-5	4	4	5	True	False	False
1556	2	75	-3	E	-1	3	4	2	1	True	3.5	-4	65	65	65	65a	389/2	1/16	False	5	False				False	173	V2/IV		Ab	I		V2/IV		V		2		IV	Mm7	False	False	(-2, 0, 4, 1)	()	0	-2	major	major	I	I, major	V/IV	IV	IV/I	IV	False	V2/IV	V2/IV, major		V2/IV, major	IV	IV	-4	-4	-5	1	1	2	True	False	False
1556	4	80	-4	A	-1	3	4	1	1	True	3.5	-4	65	65	65	65a	389/2	1/8	False	5	False				False	173	V2/IV		Ab	I		V2/IV		V		2		IV	Mm7	False	False	(-2, 0, 4, 1)	()	0	-2	major	major	I	I, major	V/IV	IV	IV/I	IV	False	V2/IV	V2/IV, major		V2/IV, major	IV	IV	-4	-4	-5	0	0	1	True	True	False
1558	2	68	-4	A	-1	3	4	2	1	True	3.75	-4	65	65	65	65a	779/4	1/16	False	4	False				False	173	V2/IV		Ab	I		V2/IV		V		2		IV	Mm7	False	False	(-2, 0, 4, 1)	()	0	-2	major	major	I	I, major	V/IV	IV	IV/I	IV	False	V2/IV	V2/IV, major		V2/IV, major	IV	IV	-4	-4	-5	0	0	1	True	True	False
1558	2	72	0	C	0	3	4	2	1	True	3.75	-4	65	65	65	65a	779/4	1/16	False	5	False				False	173	V2/IV		Ab	I		V2/IV		V		2		IV	Mm7	False	False	(-2, 0, 4, 1)	()	0	-2	major	major	I	I, major	V/IV	IV	IV/I	IV	False	V2/IV	V2/IV, major		V2/IV, major	IV	IV	-4	-4	-5	4	4	5	True	False	False
1558	2	75	-3	E	-1	3	4	2	1	True	3.75	-4	65	65	65	65a	779/4	1/16	False	5	False				False	173	V2/IV		Ab	I		V2/IV		V		2		IV	Mm7	False	False	(-2, 0, 4, 1)	()	0	-2	major	major	I	I, major	V/IV	IV	IV/I	IV	False	V2/IV	V2/IV, major		V2/IV, major	IV	IV	-4	-4	-5	1	1	2	True	False	False
1560	2	65	-1	F	0	3	4	2	1	True	1.0	-4	66	66	66	66a	195	1/16	False	4	True				False	174	I6/IV		Ab	I		I6/IV		I		6		IV	M	False	False	(3, 0, -1)	()	-1	3	major	major	I	I, major	I/IV	IV	IV/I	IV	False	I6/IV	I6/IV, major		I6/IV, major	IV	IV	-4	-4	-5	3	3	4	True	False	True
1560	8	80	-4	A	-1	3	4	1	1	True	1.0	-4	66	66	66	66a	195	1/4	False	5	True				False	174	I6/IV		Ab	I		I6/IV		I		6		IV	M	False	False	(3, 0, -1)	()	-1	3	major	major	I	I, major	I/IV	IV	IV/I	IV	False	I6/IV	I6/IV, major		I6/IV, major	IV	IV	-4	-4	-5	0	0	1	True	False	False
1562	2	68	-4	A	-1	3	4	2	1	True	1.25	-4	66	66	66	66a	781/4	1/16	False	4	False				False	174	I6/IV		Ab	I		I6/IV		I		6		IV	M	False	False	(3, 0, -1)	()	-1	3	major	major	I	I, major	I/IV	IV	IV/I	IV	False	I6/IV	I6/IV, major		I6/IV, major	IV	IV	-4	-4	-5	0	0	1	True	False	False
1562	2	73	-5	D	-1	3	4	2	1	True	1.25	-4	66	66	66	66a	781/4	1/16	False	5	False				False	174	I6/IV		Ab	I		I6/IV		I		6		IV	M	False	False	(3, 0, -1)	()	-1	3	major	major	I	I, major	I/IV	IV	IV/I	IV	False	I6/IV	I6/IV, major		I6/IV, major	IV	IV	-4	-4	-5	-1	-1	0	True	True	False
1564	2	68	-4	A	-1	3	4	2	1	True	1.5	-4	66	66	66	66a	391/2	1/16	False	4	False				False	174	I6/IV		Ab	I		I6/IV		I		6		IV	M	False	False	(3, 0, -1)	()	-1	3	major	major	I	I, major	I/IV	IV	IV/I	IV	False	I6/IV	I6/IV, major		I6/IV, major	IV	IV	-4	-4	-5	0	0	1	True	False	False
1564	2	73	-5	D	-1	3	4	2	1	True	1.5	-4	66	66	66	66a	391/2	1/16	False	5	False				False	174	I6/IV		Ab	I		I6/IV		I		6		IV	M	False	False	(3, 0, -1)	()	-1	3	major	major	I	I, major	I/IV	IV	IV/I	IV	False	I6/IV	I6/IV, major		I6/IV, major	IV	IV	-4	-4	-5	-1	-1	0	True	True	False
1566	2	68	-4	A	-1	3	4	2	1	True	1.75	-4	66	66	66	66a	783/4	1/16	False	4	False				False	174	I6/IV		Ab	I		I6/IV		I		6		IV	M	False	False	(3, 0, -1)	()	-1	3	major	major	I	I, major	I/IV	IV	IV/I	IV	False	I6/IV	I6/IV, major		I6/IV, major	IV	IV	-4	-4	-5	0	0	1	True	False	False
1566	2	73	-5	D	-1	3	4	2	1	True	1.75	-4	66	66	66	66a	783/4	1/16	False	5	False				False	174	I6/IV		Ab	I		I6/IV		I		6		IV	M	False	False	(3, 0, -1)	()	-1	3	major	major	I	I, major	I/IV	IV	IV/I	IV	False	I6/IV	I6/IV, major		I6/IV, major	IV	IV	-4	-4	-5	-1	-1	0	True	True	False
1568	2	65	-1	F	0	3	4	2	1	True	2.0	-4	66	66	66	66a	196	1/16	False	4	False				False	174	I6/IV		Ab	I		I6/IV		I		6		IV	M	False	False	(3, 0, -1)	()	-1	3	major	major	I	I, major	I/IV	IV	IV/I	IV	False	I6/IV	I6/IV, major		I6/IV, major	IV	IV	-4	-4	-5	3	3	4	True	False	True
1568	12	85	-5	D	-1	3	4	1	1	True	2.0	-4	66	66	66	66a	196	3/8	False	6	False				False	174	I6/IV		Ab	I		I6/IV		I		6		IV	M	False	False	(3, 0, -1)	()	-1	3	major	major	I	I, major	I/IV	IV	IV/I	IV	False	I6/IV	I6/IV, major		I6/IV, major	IV	IV	-4	-4	-5	-1	-1	0	True	True	False
1570	2	68	-4	A	-1	3	4	2	1	True	2.25	-4	66	66	66	66a	785/4	1/16	False	4	False				False	174	I6/IV		Ab	I		I6/IV		I		6		IV	M	False	False	(3, 0, -1)	()	-1	3	major	major	I	I, major	I/IV	IV	IV/I	IV	False	I6/IV	I6/IV, major		I6/IV, major	IV	IV	-4	-4	-5	0	0	1	True	False	False
1570	2	73	-5	D	-1	3	4	2	1	True	2.25	-4	66	66	66	66a	785/4	1/16	False	5	False				False	174	I6/IV		Ab	I		I6/IV		I		6		IV	M	False	False	(3, 0, -1)	()	-1	3	major	major	I	I, major	I/IV	IV	IV/I	IV	False	I6/IV	I6/IV, major		I6/IV, major	IV	IV	-4	-4	-5	-1	-1	0	True	True	False
1572	2	68	-4	A	-1	3	4	2	1	True	2.5	-4	66	66	66	66a	393/2	1/16	False	4	False				False	174	I6/IV		Ab	I		I6/IV		I		6		IV	M	False	False	(3, 0, -1)	()	-1	3	major	major	I	I, major	I/IV	IV	IV/I	IV	False	I6/IV	I6/IV, major		I6/IV, major	IV	IV	-4	-4	-5	0	0	1	True	False	False
1572	2	73	-5	D	-1	3	4	2	1	True	2.5	-4	66	66	66	66a	393/2	1/16	False	5	False				False	174	I6/IV		Ab	I		I6/IV		I		6		IV	M	False	False	(3, 0, -1)	()	-1	3	major	major	I	I, major	I/IV	IV	IV/I	IV	False	I6/IV	I6/IV, major		I6/IV, major	IV	IV	-4	-4	-5	-1	-1	0	True	True	False
1574	2	68	-4	A	-1	3	4	2	1	True	2.75	-4	66	66	66	66a	787/4	1/16	False	4	False				False	174	I6/IV		Ab	I		I6/IV		I		6		IV	M	False	False	(3, 0, -1)	()	-1	3	major	major	I	I, major	I/IV	IV	IV/I	IV	False	I6/IV	I6/IV, major		I6/IV, major	IV	IV	-4	-4	-5	0	0	1	True	False	False
1574	2	73	-5	D	-1	3	4	2	1	True	2.75	-4	66	66	66	66a	787/4	1/16	False	5	False				False	174	I6/IV		Ab	I		I6/IV		I		6		IV	M	False	False	(3, 0, -1)	()	-1	3	major	major	I	I, major	I/IV	IV	IV/I	IV	False	I6/IV	I6/IV, major		I6/IV, major	IV	IV	-4	-4	-5	-1	-1	0	True	True	False
1576	2	65	-1	F	0	3	4	2	1	True	3.0	-4	66	66	66	66a	197	1/16	False	4	False				False	174	I6/IV		Ab	I		I6/IV		I		6		IV	M	False	False	(3, 0, -1)	()	-1	3	major	major	I	I, major	I/IV	IV	IV/I	IV	False	I6/IV	I6/IV, major		I6/IV, major	IV	IV	-4	-4	-5	3	3	4	True	False	True
1578	2	68	-4	A	-1	3	4	2	1	True	3.25	-4	66	66	66	66a	789/4	1/16	False	4	False				False	174	I6/IV		Ab	I		I6/IV		I		6		IV	M	False	False	(3, 0, -1)	()	-1	3	major	major	I	I, major	I/IV	IV	IV/I	IV	False	I6/IV	I6/IV, major		I6/IV, major	IV	IV	-4	-4	-5	0	0	1	True	False	False
1578	2	73	-5	D	-1	3	4	2	1	True	3.25	-4	66	66	66	66a	789/4	1/16	False	5	False				False	174	I6/IV		Ab	I		I6/IV		I		6		IV	M	False	False	(3, 0, -1)	()	-1	3	major	major	I	I, major	I/IV	IV	IV/I	IV	False	I6/IV	I6/IV, major		I6/IV, major	IV	IV	-4	-4	-5	-1	-1	0	True	True	False
1580	2	68	-4	A	-1	3	4	2	1	True	3.5	-4	66	66	66	66a	395/2	1/16	False	4	False				False	174	I6/IV		Ab	I		I6/IV		I		6		IV	M	False	False	(3, 0, -1)	()	-1	3	major	major	I	I, major	I/IV	IV	IV/I	IV	False	I6/IV	I6/IV, major		I6/IV, major	IV	IV	-4	-4	-5	0	0	1	True	False	False
1580	2	73	-5	D	-1	3	4	2	1	True	3.5	-4	66	66	66	66a	395/2	1/16	False	5	False				False	174	I6/IV		Ab	I		I6/IV		I		6		IV	M	False	False	(3, 0, -1)	()	-1	3	major	major	I	I, major	I/IV	IV	IV/I	IV	False	I6/IV	I6/IV, major		I6/IV, major	IV	IV	-4	-4	-5	-1	-1	0	True	True	False
1580	4	85	-5	D	-1	3	4	1	1	True	3.5	-4	66	66	66	66a	395/2	1/8	False	6	False				False	174	I6/IV		Ab	I		I6/IV		I		6		IV	M	False	False	(3, 0, -1)	()	-1	3	major	major	I	I, major	I/IV	IV	IV/I	IV	False	I6/IV	I6/IV, major		I6/IV, major	IV	IV	-4	-4	-5	-1	-1	0	True	True	False
1582	2	68	-4	A	-1	3	4	2	1	True	3.75	-4	66	66	66	66a	791/4	1/16	False	4	False				False	174	I6/IV		Ab	I		I6/IV		I		6		IV	M	False	False	(3, 0, -1)	()	-1	3	major	major	I	I, major	I/IV	IV	IV/I	IV	False	I6/IV	I6/IV, major		I6/IV, major	IV	IV	-4	-4	-5	0	0	1	True	False	False
1582	2	73	-5	D	-1	3	4	2	1	True	3.75	-4	66	66	66	66a	791/4	1/16	False	5	False				False	174	I6/IV		Ab	I		I6/IV		I		6		IV	M	False	False	(3, 0, -1)	()	-1	3	major	major	I	I, major	I/IV	IV	IV/I	IV	False	I6/IV	I6/IV, major		I6/IV, major	IV	IV	-4	-4	-5	-1	-1	0	True	True	False
1584	2	64	4	E	0	3	4	2	1	True	1.0	-4	67	67	67	67a	198	1/16	False	4	True				False	175	vi6/bVI		Ab	I		vi6/bVI		vi		6		bVI	m	False	False	(-4, 0, -1)	()	-1	-4	major	major	I	I, major	vi/bVI	bVI	bVI/I	bVI	False	vi6/bVI	vi6/bVI, major		vi6/bVI, major	bVI	bVI	-4	-4	-8	8	8	12	False	False	False
1584	8	85	7	C	1	3	4	1	1	True	1.0	-4	67	67	67	67a	198	1/4	False	6	True				False	175	vi6/bVI		Ab	I		vi6/bVI		vi		6		bVI	m	False	False	(-4, 0, -1)	()	-1	-4	major	major	I	I, major	vi/bVI	bVI	bVI/I	bVI	False	vi6/bVI	vi6/bVI, major		vi6/bVI, major	bVI	bVI	-4	-4	-8	11	11	15	False	False	False
1586	2	68	8	G	1	3	4	2	1	True	1.25	-4	67	67	67	67a	793/4	1/16	False	4	False				False	175	vi6/bVI		Ab	I		vi6/bVI		vi		6		bVI	m	False	False	(-4, 0, -1)	()	-1	-4	major	major	I	I, major	vi/bVI	bVI	bVI/I	bVI	False	vi6/bVI	vi6/bVI, major		vi6/bVI, major	bVI	bVI	-4	-4	-8	12	12	16	False	False	False
1586	2	73	7	C	1	3	4	2	1	True	1.25	-4	67	67	67	67a	793/4	1/16	False	5	False				False	175	vi6/bVI		Ab	I		vi6/bVI		vi		6		bVI	m	False	False	(-4, 0, -1)	()	-1	-4	major	major	I	I, major	vi/bVI	bVI	bVI/I	bVI	False	vi6/bVI	vi6/bVI, major		vi6/bVI, major	bVI	bVI	-4	-4	-8	11	11	15	False	False	False
1588	2	68	8	G	1	3	4	2	1	True	1.5	-4	67	67	67	67a	397/2	1/16	False	4	False				False	175	vi6/bVI		Ab	I		vi6/bVI		vi		6		bVI	m	False	False	(-4, 0, -1)	()	-1	-4	major	major	I	I, major	vi/bVI	bVI	bVI/I	bVI	False	vi6/bVI	vi6/bVI, major		vi6/bVI, major	bVI	bVI	-4	-4	-8	12	12	16	False	False	False
1588	2	73	7	C	1	3	4	2	1	True	1.5	-4	67	67	67	67a	397/2	1/16	False	5	False				False	175	vi6/bVI		Ab	I		vi6/bVI		vi		6		bVI	m	False	False	(-4, 0, -1)	()	-1	-4	major	major	I	I, major	vi/bVI	bVI	bVI/I	bVI	False	vi6/bVI	vi6/bVI, major		vi6/bVI, major	bVI	bVI	-4	-4	-8	11	11	15	False	False	False
1590	2	68	8	G	1	3	4	2	1	True	1.75	-4	67	67	67	67a	795/4	1/16	False	4	False				False	175	vi6/bVI		Ab	I		vi6/bVI		vi		6		bVI	m	False	False	(-4, 0, -1)	()	-1	-4	major	major	I	I, major	vi/bVI	bVI	bVI/I	bVI	False	vi6/bVI	vi6/bVI, major		vi6/bVI, major	bVI	bVI	-4	-4	-8	12	12	16	False	False	False
1590	2	73	7	C	1	3	4	2	1	True	1.75	-4	67	67	67	67a	795/4	1/16	False	5	False				False	175	vi6/bVI		Ab	I		vi6/bVI		vi		6		bVI	m	False	False	(-4, 0, -1)	()	-1	-4	major	major	I	I, major	vi/bVI	bVI	bVI/I	bVI	False	vi6/bVI	vi6/bVI, major		vi6/bVI, major	bVI	bVI	-4	-4	-8	11	11	15	False	False	False
1592	2	64	4	E	0	3	4	2	1	True	2.0	-4	67	67	67	67a	199	1/16	False	4	False				False	175	vi6/bVI		Ab	I		vi6/bVI		vi		6		bVI	m	False	False	(-4, 0, -1)	()	-1	-4	major	major	I	I, major	vi/bVI	bVI	bVI/I	bVI	False	vi6/bVI	vi6/bVI, major		vi6/bVI, major	bVI	bVI	-4	-4	-8	8	8	12	False	False	False
1592	12	85	7	C	1	3	4	1	1	True	2.0	-4	67	67	67	67a	199	3/8	False	6	False				False	175	vi6/bVI		Ab	I		vi6/bVI		vi		6		bVI	m	False	False	(-4, 0, -1)	()	-1	-4	major	major	I	I, major	vi/bVI	bVI	bVI/I	bVI	False	vi6/bVI	vi6/bVI, major		vi6/bVI, major	bVI	bVI	-4	-4	-8	11	11	15	False	False	False
1594	2	68	8	G	1	3	4	2	1	True	2.25	-4	67	67	67	67a	797/4	1/16	False	4	False				False	175	vi6/bVI		Ab	I		vi6/bVI		vi		6		bVI	m	False	False	(-4, 0, -1)	()	-1	-4	major	major	I	I, major	vi/bVI	bVI	bVI/I	bVI	False	vi6/bVI	vi6/bVI, major		vi6/bVI, major	bVI	bVI	-4	-4	-8	12	12	16	False	False	False
1594	2	73	7	C	1	3	4	2	1	True	2.25	-4	67	67	67	67a	797/4	1/16	False	5	False				False	175	vi6/bVI		Ab	I		vi6/bVI		vi		6		bVI	m	False	False	(-4, 0, -1)	()	-1	-4	major	major	I	I, major	vi/bVI	bVI	bVI/I	bVI	False	vi6/bVI	vi6/bVI, major		vi6/bVI, major	bVI	bVI	-4	-4	-8	11	11	15	False	False	False
1596	2	68	8	G	1	3	4	2	1	True	2.5	-4	67	67	67	67a	399/2	1/16	False	4	False				False	175	vi6/bVI		Ab	I		vi6/bVI		vi		6		bVI	m	False	False	(-4, 0, -1)	()	-1	-4	major	major	I	I, major	vi/bVI	bVI	bVI/I	bVI	False	vi6/bVI	vi6/bVI, major		vi6/bVI, major	bVI	bVI	-4	-4	-8	12	12	16	False	False	False
1596	2	73	7	C	1	3	4	2	1	True	2.5	-4	67	67	67	67a	399/2	1/16	False	5	False				False	175	vi6/bVI		Ab	I		vi6/bVI		vi		6		bVI	m	False	False	(-4, 0, -1)	()	-1	-4	major	major	I	I, major	vi/bVI	bVI	bVI/I	bVI	False	vi6/bVI	vi6/bVI, major		vi6/bVI, major	bVI	bVI	-4	-4	-8	11	11	15	False	False	False
1598	2	68	8	G	1	3	4	2	1	True	2.75	-4	67	67	67	67a	799/4	1/16	False	4	False				False	175	vi6/bVI		Ab	I		vi6/bVI		vi		6		bVI	m	False	False	(-4, 0, -1)	()	-1	-4	major	major	I	I, major	vi/bVI	bVI	bVI/I	bVI	False	vi6/bVI	vi6/bVI, major		vi6/bVI, major	bVI	bVI	-4	-4	-8	12	12	16	False	False	False
1598	2	73	7	C	1	3	4	2	1	True	2.75	-4	67	67	67	67a	799/4	1/16	False	5	False				False	175	vi6/bVI		Ab	I		vi6/bVI		vi		6		bVI	m	False	False	(-4, 0, -1)	()	-1	-4	major	major	I	I, major	vi/bVI	bVI	bVI/I	bVI	False	vi6/bVI	vi6/bVI, major		vi6/bVI, major	bVI	bVI	-4	-4	-8	11	11	15	False	False	False
1600	2	64	4	E	0	3	4	2	1	True	3.0	-4	67	67	67	67a	200	1/16	False	4	False				False	175	vi6/bVI		Ab	I		vi6/bVI		vi		6		bVI	m	False	False	(-4, 0, -1)	()	-1	-4	major	major	I	I, major	vi/bVI	bVI	bVI/I	bVI	False	vi6/bVI	vi6/bVI, major		vi6/bVI, major	bVI	bVI	-4	-4	-8	8	8	12	False	False	False
1602	2	68	8	G	1	3	4	2	1	True	3.25	-4	67	67	67	67a	801/4	1/16	False	4	False				False	175	vi6/bVI		Ab	I		vi6/bVI		vi		6		bVI	m	False	False	(-4, 0, -1)	()	-1	-4	major	major	I	I, major	vi/bVI	bVI	bVI/I	bVI	False	vi6/bVI	vi6/bVI, major		vi6/bVI, major	bVI	bVI	-4	-4	-8	12	12	16	False	False	False
1602	2	73	7	C	1	3	4	2	1	True	3.25	-4	67	67	67	67a	801/4	1/16	False	5	False				False	175	vi6/bVI		Ab	I		vi6/bVI		vi		6		bVI	m	False	False	(-4, 0, -1)	()	-1	-4	major	major	I	I, major	vi/bVI	bVI	bVI/I	bVI	False	vi6/bVI	vi6/bVI, major		vi6/bVI, major	bVI	bVI	-4	-4	-8	11	11	15	False	False	False
1604	2	68	8	G	1	3	4	2	1	True	3.5	-4	67	67	67	67a	401/2	1/16	False	4	False				False	175	vi6/bVI		Ab	I		vi6/bVI		vi		6		bVI	m	False	False	(-4, 0, -1)	()	-1	-4	major	major	I	I, major	vi/bVI	bVI	bVI/I	bVI	False	vi6/bVI	vi6/bVI, major		vi6/bVI, major	bVI	bVI	-4	-4	-8	12	12	16	False	False	False
1604	2	73	7	C	1	3	4	2	1	True	3.5	-4	67	67	67	67a	401/2	1/16	False	5	False				False	175	vi6/bVI		Ab	I		vi6/bVI		vi		6		bVI	m	False	False	(-4, 0, -1)	()	-1	-4	major	major	I	I, major	vi/bVI	bVI	bVI/I	bVI	False	vi6/bVI	vi6/bVI, major		vi6/bVI, major	bVI	bVI	-4	-4	-8	11	11	15	False	False	False
1604	4	85	7	C	1	3	4	1	1	True	3.5	-4	67	67	67	67a	401/2	1/8	False	6	False				False	175	vi6/bVI		Ab	I		vi6/bVI		vi		6		bVI	m	False	False	(-4, 0, -1)	()	-1	-4	major	major	I	I, major	vi/bVI	bVI	bVI/I	bVI	False	vi6/bVI	vi6/bVI, major		vi6/bVI, major	bVI	bVI	-4	-4	-8	11	11	15	False	False	False
1606	2	68	8	G	1	3	4	2	1	True	3.75	-4	67	67	67	67a	803/4	1/16	False	4	False				False	175	vi6/bVI		Ab	I		vi6/bVI		vi		6		bVI	m	False	False	(-4, 0, -1)	()	-1	-4	major	major	I	I, major	vi/bVI	bVI	bVI/I	bVI	False	vi6/bVI	vi6/bVI, major		vi6/bVI, major	bVI	bVI	-4	-4	-8	12	12	16	False	False	False
1606	2	73	7	C	1	3	4	2	1	True	3.75	-4	67	67	67	67a	803/4	1/16	False	5	False				False	175	vi6/bVI		Ab	I		vi6/bVI		vi		6		bVI	m	False	False	(-4, 0, -1)	()	-1	-4	major	major	I	I, major	vi/bVI	bVI	bVI/I	bVI	False	vi6/bVI	vi6/bVI, major		vi6/bVI, major	bVI	bVI	-4	-4	-8	11	11	15	False	False	False
1608	2	63	9	D	1	3	4	2	1	True	1.0	-4	68	68	68	68a	201	1/16	False	4	True				False	176	V6(9)/bVI		Ab	I		V6(9)/bVI		V		6	9	bVI	M	False	False	(1, -2, -3)	(-1,)	-3	1	major	major	I	I, major	V/bVI	bVI	bVI/I	bVI	False	V6/bVI	V6/bVI, major		V6(9)/bVI, major	bVI	bVI	-4	-4	-8	13	13	17	False	False	False
1608	8	85	7	C	1	3	4	1	1	True	1.0	-4	68	68	68	68a	201	1/4	False	6	True				False	176	V6(9)/bVI		Ab	I		V6(9)/bVI		V		6	9	bVI	M	False	False	(1, -2, -3)	(-1,)	-3	1	major	major	I	I, major	V/bVI	bVI	bVI/I	bVI	False	V6/bVI	V6/bVI, major		V6(9)/bVI, major	bVI	bVI	-4	-4	-8	11	11	15	False	False	False
1610	2	66	6	F	1	3	4	2	1	True	1.25	-4	68	68	68	68a	805/4	1/16	False	4	False				False	176	V6(9)/bVI		Ab	I		V6(9)/bVI		V		6	9	bVI	M	False	False	(1, -2, -3)	(-1,)	-3	1	major	major	I	I, major	V/bVI	bVI	bVI/I	bVI	False	V6/bVI	V6/bVI, major		V6(9)/bVI, major	bVI	bVI	-4	-4	-8	10	10	14	False	False	False
1610	2	71	5	B	0	3	4	2	1	True	1.25	-4	68	68	68	68a	805/4	1/16	False	4	False				False	176	V6(9)/bVI		Ab	I		V6(9)/bVI		V		6	9	bVI	M	False	False	(1, -2, -3)	(-1,)	-3	1	major	major	I	I, major	V/bVI	bVI	bVI/I	bVI	False	V6/bVI	V6/bVI, major		V6(9)/bVI, major	bVI	bVI	-4	-4	-8	9	9	13	False	False	False
1612	2	66	6	F	1	3	4	2	1	True	1.5	-4	68	68	68	68a	403/2	1/16	False	4	False				False	176	V6(9)/bVI		Ab	I		V6(9)/bVI		V		6	9	bVI	M	False	False	(1, -2, -3)	(-1,)	-3	1	major	major	I	I, major	V/bVI	bVI	bVI/I	bVI	False	V6/bVI	V6/bVI, major		V6(9)/bVI, major	bVI	bVI	-4	-4	-8	10	10	14	False	False	False
1612	2	71	5	B	0	3	4	2	1	True	1.5	-4	68	68	68	68a	403/2	1/16	False	4	False				False	176	V6(9)/bVI		Ab	I		V6(9)/bVI		V		6	9	bVI	M	False	False	(1, -2, -3)	(-1,)	-3	1	major	major	I	I, major	V/bVI	bVI	bVI/I	bVI	False	V6/bVI	V6/bVI, major		V6(9)/bVI, major	bVI	bVI	-4	-4	-8	9	9	13	False	False	False
1614	2	66	6	F	1	3	4	2	1	True	1.75	-4	68	68	68	68a	807/4	1/16	False	4	False				False	176	V6(9)/bVI		Ab	I		V6(9)/bVI		V		6	9	bVI	M	False	False	(1, -2, -3)	(-1,)	-3	1	major	major	I	I, major	V/bVI	bVI	bVI/I	bVI	False	V6/bVI	V6/bVI, major		V6(9)/bVI, major	bVI	bVI	-4	-4	-8	10	10	14	False	False	False
1614	2	71	5	B	0	3	4	2	1	True	1.75	-4	68	68	68	68a	807/4	1/16	False	4	False				False	176	V6(9)/bVI		Ab	I		V6(9)/bVI		V		6	9	bVI	M	False	False	(1, -2, -3)	(-1,)	-3	1	major	major	I	I, major	V/bVI	bVI	bVI/I	bVI	False	V6/bVI	V6/bVI, major		V6(9)/bVI, major	bVI	bVI	-4	-4	-8	9	9	13	False	False	False
1616	2	63	9	D	1	3	4	2	1	True	2.0	-4	68	68	68	68a	202	1/16	False	4	True				False	177	V6/bVI		Ab	I		V6/bVI		V		6		bVI	M	False	False	(1, -2, -3)	()	-3	1	major	major	I	I, major	V/bVI	bVI	bVI/I	bVI	False	V6/bVI	V6/bVI, major		V6/bVI, major	bVI	bVI	-4	-4	-8	13	13	17	False	False	False
1616	12	83	5	B	0	3	4	1	1	True	2.0	-4	68	68	68	68a	202	3/8	False	5	True				False	177	V6/bVI		Ab	I		V6/bVI		V		6		bVI	M	False	False	(1, -2, -3)	()	-3	1	major	major	I	I, major	V/bVI	bVI	bVI/I	bVI	False	V6/bVI	V6/bVI, major		V6/bVI, major	bVI	bVI	-4	-4	-8	9	9	13	False	False	False
1618	2	66	6	F	1	3	4	2	1	True	2.25	-4	68	68	68	68a	809/4	1/16	False	4	False				False	177	V6/bVI		Ab	I		V6/bVI		V		6		bVI	M	False	False	(1, -2, -3)	()	-3	1	major	major	I	I, major	V/bVI	bVI	bVI/I	bVI	False	V6/bVI	V6/bVI, major		V6/bVI, major	bVI	bVI	-4	-4	-8	10	10	14	False	False	False
1618	2	71	5	B	0	3	4	2	1	True	2.25	-4	68	68	68	68a	809/4	1/16	False	4	False				False	177	V6/bVI		Ab	I		V6/bVI		V		6		bVI	M	False	False	(1, -2, -3)	()	-3	1	major	major	I	I, major	V/bVI	bVI	bVI/I	bVI	False	V6/bVI	V6/bVI, major		V6/bVI, major	bVI	bVI	-4	-4	-8	9	9	13	False	False	False
1620	2	66	6	F	1	3	4	2	1	True	2.5	-4	68	68	68	68a	405/2	1/16	False	4	False				False	177	V6/bVI		Ab	I		V6/bVI		V		6		bVI	M	False	False	(1, -2, -3)	()	-3	1	major	major	I	I, major	V/bVI	bVI	bVI/I	bVI	False	V6/bVI	V6/bVI, major		V6/bVI, major	bVI	bVI	-4	-4	-8	10	10	14	False	False	False
1620	2	71	5	B	0	3	4	2	1	True	2.5	-4	68	68	68	68a	405/2	1/16	False	4	False				False	177	V6/bVI		Ab	I		V6/bVI		V		6		bVI	M	False	False	(1, -2, -3)	()	-3	1	major	major	I	I, major	V/bVI	bVI	bVI/I	bVI	False	V6/bVI	V6/bVI, major		V6/bVI, major	bVI	bVI	-4	-4	-8	9	9	13	False	False	False
1622	2	66	6	F	1	3	4	2	1	True	2.75	-4	68	68	68	68a	811/4	1/16	False	4	False				False	177	V6/bVI		Ab	I		V6/bVI		V		6		bVI	M	False	False	(1, -2, -3)	()	-3	1	major	major	I	I, major	V/bVI	bVI	bVI/I	bVI	False	V6/bVI	V6/bVI, major		V6/bVI, major	bVI	bVI	-4	-4	-8	10	10	14	False	False	False
1622	2	71	5	B	0	3	4	2	1	True	2.75	-4	68	68	68	68a	811/4	1/16	False	4	False				False	177	V6/bVI		Ab	I		V6/bVI		V		6		bVI	M	False	False	(1, -2, -3)	()	-3	1	major	major	I	I, major	V/bVI	bVI	bVI/I	bVI	False	V6/bVI	V6/bVI, major		V6/bVI, major	bVI	bVI	-4	-4	-8	9	9	13	False	False	False
1624	2	63	9	D	1	3	4	2	1	True	3.0	-4	68	68	68	68a	203	1/16	False	4	False				False	177	V6/bVI		Ab	I		V6/bVI		V		6		bVI	M	False	False	(1, -2, -3)	()	-3	1	major	major	I	I, major	V/bVI	bVI	bVI/I	bVI	False	V6/bVI	V6/bVI, major		V6/bVI, major	bVI	bVI	-4	-4	-8	13	13	17	False	False	False
1626	2	66	6	F	1	3	4	2	1	True	3.25	-4	68	68	68	68a	813/4	1/16	False	4	False				False	177	V6/bVI		Ab	I		V6/bVI		V		6		bVI	M	False	False	(1, -2, -3)	()	-3	1	major	major	I	I, major	V/bVI	bVI	bVI/I	bVI	False	V6/bVI	V6/bVI, major		V6/bVI, major	bVI	bVI	-4	-4	-8	10	10	14	False	False	False
1626	2	71	5	B	0	3	4	2	1	True	3.25	-4	68	68	68	68a	813/4	1/16	False	4	False				False	177	V6/bVI		Ab	I		V6/bVI		V		6		bVI	M	False	False	(1, -2, -3)	()	-3	1	major	major	I	I, major	V/bVI	bVI	bVI/I	bVI	False	V6/bVI	V6/bVI, major		V6/bVI, major	bVI	bVI	-4	-4	-8	9	9	13	False	False	False
1628	2	66	6	F	1	3	4	2	1	True	3.5	-4	68	68	68	68a	407/2	1/16	False	4	False				False	177	V6/bVI		Ab	I		V6/bVI		V		6		bVI	M	False	False	(1, -2, -3)	()	-3	1	major	major	I	I, major	V/bVI	bVI	bVI/I	bVI	False	V6/bVI	V6/bVI, major		V6/bVI, major	bVI	bVI	-4	-4	-8	10	10	14	False	False	False
1628	2	71	5	B	0	3	4	2	1	True	3.5	-4	68	68	68	68a	407/2	1/16	False	4	False				False	177	V6/bVI		Ab	I		V6/bVI		V		6		bVI	M	False	False	(1, -2, -3)	()	-3	1	major	major	I	I, major	V/bVI	bVI	bVI/I	bVI	False	V6/bVI	V6/bVI, major		V6/bVI, major	bVI	bVI	-4	-4	-8	9	9	13	False	False	False
1628	4	83	5	B	0	3	4	1	1	True	3.5	-4	68	68	68	68a	407/2	1/8	False	5	False				False	177	V6/bVI		Ab	I		V6/bVI		V		6		bVI	M	False	False	(1, -2, -3)	()	-3	1	major	major	I	I, major	V/bVI	bVI	bVI/I	bVI	False	V6/bVI	V6/bVI, major		V6/bVI, major	bVI	bVI	-4	-4	-8	9	9	13	False	False	False
1630	2	66	6	F	1	3	4	2	1	True	3.75	-4	68	68	68	68a	815/4	1/16	False	4	False				False	177	V6/bVI		Ab	I		V6/bVI		V		6		bVI	M	False	False	(1, -2, -3)	()	-3	1	major	major	I	I, major	V/bVI	bVI	bVI/I	bVI	False	V6/bVI	V6/bVI, major		V6/bVI, major	bVI	bVI	-4	-4	-8	10	10	14	False	False	False
1630	2	71	5	B	0	3	4	2	1	True	3.75	-4	68	68	68	68a	815/4	1/16	False	4	False				False	177	V6/bVI		Ab	I		V6/bVI		V		6		bVI	M	False	False	(1, -2, -3)	()	-3	1	major	major	I	I, major	V/bVI	bVI	bVI/I	bVI	False	V6/bVI	V6/bVI, major		V6/bVI, major	bVI	bVI	-4	-4	-8	9	9	13	False	False	False
1632	2	63	9	D	1	3	4	2	1	True	1.0	4	69	69	69	69a	204	1/16	False	4	True				False	178	V65/bVI		Ab	I		V65/bVI		V		65		bVI	Mm7	False	False	(1, -2, -5, -3)	()	-3	1	major	major	I	I, major	V/bVI	bVI	bVI/I	bVI	False	V65/bVI	V65/bVI, major		V65/bVI, major	bVI	bVI	-4	-4	-8	13	13	17	False	False	False
1632	4	83	5	B	0	3	4	1	1	True	1.0	4	69	69	69	69a	204	1/8	False	5	True				False	178	V65/bVI		Ab	I		V65/bVI		V		65		bVI	Mm7	False	False	(1, -2, -5, -3)	()	-3	1	major	major	I	I, major	V/bVI	bVI	bVI/I	bVI	False	V65/bVI	V65/bVI, major		V65/bVI, major	bVI	bVI	-4	-4	-8	9	9	13	False	False	False
1634	2	66	6	F	1	3	4	2	1	True	1.25	4	69	69	69	69a	817/4	1/16	False	4	False				False	178	V65/bVI		Ab	I		V65/bVI		V		65		bVI	Mm7	False	False	(1, -2, -5, -3)	()	-3	1	major	major	I	I, major	V/bVI	bVI	bVI/I	bVI	False	V65/bVI	V65/bVI, major		V65/bVI, major	bVI	bVI	-4	-4	-8	10	10	14	False	False	False
1634	2	71	5	B	0	3	4	2	1	True	1.25	4	69	69	69	69a	817/4	1/16	False	4	False				False	178	V65/bVI		Ab	I		V65/bVI		V		65		bVI	Mm7	False	False	(1, -2, -5, -3)	()	-3	1	major	major	I	I, major	V/bVI	bVI	bVI/I	bVI	False	V65/bVI	V65/bVI, major		V65/bVI, major	bVI	bVI	-4	-4	-8	9	9	13	False	False	False
1636	2	66	6	F	1	3	4	2	1	True	1.5	4	69	69	69	69a	409/2	1/16	False	4	False				False	178	V65/bVI		Ab	I		V65/bVI		V		65		bVI	Mm7	False	False	(1, -2, -5, -3)	()	-3	1	major	major	I	I, major	V/bVI	bVI	bVI/I	bVI	False	V65/bVI	V65/bVI, major		V65/bVI, major	bVI	bVI	-4	-4	-8	10	10	14	False	False	False
1636	2	71	5	B	0	3	4	2	1	True	1.5	4	69	69	69	69a	409/2	1/16	False	4	False				False	178	V65/bVI		Ab	I		V65/bVI		V		65		bVI	Mm7	False	False	(1, -2, -5, -3)	()	-3	1	major	major	I	I, major	V/bVI	bVI	bVI/I	bVI	False	V65/bVI	V65/bVI, major		V65/bVI, major	bVI	bVI	-4	-4	-8	9	9	13	False	False	False
1636	4	81	3	A	0	3	4	1	1	True	1.5	4	69	69	69	69a	409/2	1/8	False	5	False				False	178	V65/bVI		Ab	I		V65/bVI		V		65		bVI	Mm7	False	False	(1, -2, -5, -3)	()	-3	1	major	major	I	I, major	V/bVI	bVI	bVI/I	bVI	False	V65/bVI	V65/bVI, major		V65/bVI, major	bVI	bVI	-4	-4	-8	7	7	11	False	False	False
1638	2	66	6	F	1	3	4	2	1	True	1.75	4	69	69	69	69a	819/4	1/16	False	4	False				False	178	V65/bVI		Ab	I		V65/bVI		V		65		bVI	Mm7	False	False	(1, -2, -5, -3)	()	-3	1	major	major	I	I, major	V/bVI	bVI	bVI/I	bVI	False	V65/bVI	V65/bVI, major		V65/bVI, major	bVI	bVI	-4	-4	-8	10	10	14	False	False	False
1638	2	71	5	B	0	3	4	2	1	True	1.75	4	69	69	69	69a	819/4	1/16	False	4	False				False	178	V65/bVI		Ab	I		V65/bVI		V		65		bVI	Mm7	False	False	(1, -2, -5, -3)	()	-3	1	major	major	I	I, major	V/bVI	bVI	bVI/I	bVI	False	V65/bVI	V65/bVI, major		V65/bVI, major	bVI	bVI	-4	-4	-8	9	9	13	False	False	False
1640	2	63	9	D	1	3	4	2	1	True	2.0	4	69	69	69	69a	205	1/16	False	4	False				False	178	V65/bVI		Ab	I		V65/bVI		V		65		bVI	Mm7	False	False	(1, -2, -5, -3)	()	-3	1	major	major	I	I, major	V/bVI	bVI	bVI/I	bVI	False	V65/bVI	V65/bVI, major		V65/bVI, major	bVI	bVI	-4	-4	-8	13	13	17	False	False	False
1640	1	81	3	A	0	3	4	1	1	False	2.0	4	69	69	69	69a	205	1/32	False	5	False				False	178	V65/bVI		Ab	I		V65/bVI		V		65		bVI	Mm7	False	False	(1, -2, -5, -3)	()	-3	1	major	major	I	I, major	V/bVI	bVI	bVI/I	bVI	False	V65/bVI	V65/bVI, major		V65/bVI, major	bVI	bVI	-4	-4	-8	7	7	11	False	False	False
1641	1	83	5	B	0	3	4	1	1	True	2.125	4	69	69	69	69a	1641/8	1/32	False	5	False				False	178	V65/bVI		Ab	I		V65/bVI		V		65		bVI	Mm7	False	False	(1, -2, -5, -3)	()	-3	1	major	major	I	I, major	V/bVI	bVI	bVI/I	bVI	False	V65/bVI	V65/bVI, major		V65/bVI, major	bVI	bVI	-4	-4	-8	9	9	13	False	False	False
1642	2	66	6	F	1	3	4	2	1	True	2.25	4	69	69	69	69a	821/4	1/16	False	4	False				False	178	V65/bVI		Ab	I		V65/bVI		V		65		bVI	Mm7	False	False	(1, -2, -5, -3)	()	-3	1	major	major	I	I, major	V/bVI	bVI	bVI/I	bVI	False	V65/bVI	V65/bVI, major		V65/bVI, major	bVI	bVI	-4	-4	-8	10	10	14	False	False	False
1642	2	71	5	B	0	3	4	2	1	True	2.25	4	69	69	69	69a	821/4	1/16	False	4	False				False	178	V65/bVI		Ab	I		V65/bVI		V		65		bVI	Mm7	False	False	(1, -2, -5, -3)	()	-3	1	major	major	I	I, major	V/bVI	bVI	bVI/I	bVI	False	V65/bVI	V65/bVI, major		V65/bVI, major	bVI	bVI	-4	-4	-8	9	9	13	False	False	False
1642	1	81	3	A	0	3	4	1	1	True	2.25	4	69	69	69	69a	821/4	1/32	False	5	False				False	178	V65/bVI		Ab	I		V65/bVI		V		65		bVI	Mm7	False	False	(1, -2, -5, -3)	()	-3	1	major	major	I	I, major	V/bVI	bVI	bVI/I	bVI	False	V65/bVI	V65/bVI, major		V65/bVI, major	bVI	bVI	-4	-4	-8	7	7	11	False	False	False
1643	1	80	8	G	1	3	4	1	1	True	2.375	4	69	69	69	69a	1643/8	1/32	False	5	False				False	178	V65/bVI		Ab	I		V65/bVI		V		65		bVI	Mm7	False	False	(1, -2, -5, -3)	()	-3	1	major	major	I	I, major	V/bVI	bVI	bVI/I	bVI	False	V65/bVI	V65/bVI, major		V65/bVI, major	bVI	bVI	-4	-4	-8	12	12	16	False	False	False
1644	2	66	6	F	1	3	4	2	1	True	2.5	4	69	69	69	69a	411/2	1/16	False	4	False				False	178	V65/bVI		Ab	I		V65/bVI		V		65		bVI	Mm7	False	False	(1, -2, -5, -3)	()	-3	1	major	major	I	I, major	V/bVI	bVI	bVI/I	bVI	False	V65/bVI	V65/bVI, major		V65/bVI, major	bVI	bVI	-4	-4	-8	10	10	14	False	False	False
1644	2	71	5	B	0	3	4	2	1	True	2.5	4	69	69	69	69a	411/2	1/16	False	4	False				False	178	V65/bVI		Ab	I		V65/bVI		V		65		bVI	Mm7	False	False	(1, -2, -5, -3)	()	-3	1	major	major	I	I, major	V/bVI	bVI	bVI/I	bVI	False	V65/bVI	V65/bVI, major		V65/bVI, major	bVI	bVI	-4	-4	-8	9	9	13	False	False	False
1644	2	81	3	A	0	3	4	1	1	True	2.5	4	69	69	69	69a	411/2	1/16	False	5	False				False	178	V65/bVI		Ab	I		V65/bVI		V		65		bVI	Mm7	False	False	(1, -2, -5, -3)	()	-3	1	major	major	I	I, major	V/bVI	bVI	bVI/I	bVI	False	V65/bVI	V65/bVI, major		V65/bVI, major	bVI	bVI	-4	-4	-8	7	7	11	False	False	False
1646	2	66	6	F	1	3	4	2	1	True	2.75	4	69	69	69	69a	823/4	1/16	False	4	False				False	178	V65/bVI		Ab	I		V65/bVI		V		65		bVI	Mm7	False	False	(1, -2, -5, -3)	()	-3	1	major	major	I	I, major	V/bVI	bVI	bVI/I	bVI	False	V65/bVI	V65/bVI, major		V65/bVI, major	bVI	bVI	-4	-4	-8	10	10	14	False	False	False
1646	2	71	5	B	0	3	4	2	1	True	2.75	4	69	69	69	69a	823/4	1/16	False	4	False				False	178	V65/bVI		Ab	I		V65/bVI		V		65		bVI	Mm7	False	False	(1, -2, -5, -3)	()	-3	1	major	major	I	I, major	V/bVI	bVI	bVI/I	bVI	False	V65/bVI	V65/bVI, major		V65/bVI, major	bVI	bVI	-4	-4	-8	9	9	13	False	False	False
1646	2	83	5	B	0	3	4	1	1	True	2.75	4	69	69	69	69a	823/4	1/16	False	5	False				False	178	V65/bVI		Ab	I		V65/bVI		V		65		bVI	Mm7	False	False	(1, -2, -5, -3)	()	-3	1	major	major	I	I, major	V/bVI	bVI	bVI/I	bVI	False	V65/bVI	V65/bVI, major		V65/bVI, major	bVI	bVI	-4	-4	-8	9	9	13	False	False	False
1648	2	63	9	D	1	3	4	2	1	True	3.0	4	69	69	69	69a	206	1/16	False	4	False				False	178	V65/bVI		Ab	I		V65/bVI		V		65		bVI	Mm7	False	False	(1, -2, -5, -3)	()	-3	1	major	major	I	I, major	V/bVI	bVI	bVI/I	bVI	False	V65/bVI	V65/bVI, major		V65/bVI, major	bVI	bVI	-4	-4	-8	13	13	17	False	False	False
1648	1	81	3	A	0	3	4	1	1	True	3.0	4	69	69	69	69a	206	1/32	False	5	False				False	178	V65/bVI		Ab	I		V65/bVI		V		65		bVI	Mm7	False	False	(1, -2, -5, -3)	()	-3	1	major	major	I	I, major	V/bVI	bVI	bVI/I	bVI	False	V65/bVI	V65/bVI, major		V65/bVI, major	bVI	bVI	-4	-4	-8	7	7	11	False	False	False
1649	1	83	5	B	0	3	4	1	1	True	3.125	4	69	69	69	69a	1649/8	1/32	False	5	False				False	178	V65/bVI		Ab	I		V65/bVI		V		65		bVI	Mm7	False	False	(1, -2, -5, -3)	()	-3	1	major	major	I	I, major	V/bVI	bVI	bVI/I	bVI	False	V65/bVI	V65/bVI, major		V65/bVI, major	bVI	bVI	-4	-4	-8	9	9	13	False	False	False
1650	2	66	6	F	1	3	4	2	1	True	3.25	4	69	69	69	69a	825/4	1/16	False	4	False				False	178	V65/bVI		Ab	I		V65/bVI		V		65		bVI	Mm7	False	False	(1, -2, -5, -3)	()	-3	1	major	major	I	I, major	V/bVI	bVI	bVI/I	bVI	False	V65/bVI	V65/bVI, major		V65/bVI, major	bVI	bVI	-4	-4	-8	10	10	14	False	False	False
1650	2	71	5	B	0	3	4	2	1	True	3.25	4	69	69	69	69a	825/4	1/16	False	4	False				False	178	V65/bVI		Ab	I		V65/bVI		V		65		bVI	Mm7	False	False	(1, -2, -5, -3)	()	-3	1	major	major	I	I, major	V/bVI	bVI	bVI/I	bVI	False	V65/bVI	V65/bVI, major		V65/bVI, major	bVI	bVI	-4	-4	-8	9	9	13	False	False	False
1650	2	85	7	C	1	3	4	1	1	True	3.25	4	69	69	69	69a	825/4	1/16	False	6	False				False	178	V65/bVI		Ab	I		V65/bVI		V		65		bVI	Mm7	False	False	(1, -2, -5, -3)	()	-3	1	major	major	I	I, major	V/bVI	bVI	bVI/I	bVI	False	V65/bVI	V65/bVI, major		V65/bVI, major	bVI	bVI	-4	-4	-8	11	11	15	False	False	False
1652	2	66	6	F	1	3	4	2	1	True	3.5	4	69	69	69	69a	413/2	1/16	False	4	False				False	178	V65/bVI		Ab	I		V65/bVI		V		65		bVI	Mm7	False	False	(1, -2, -5, -3)	()	-3	1	major	major	I	I, major	V/bVI	bVI	bVI/I	bVI	False	V65/bVI	V65/bVI, major		V65/bVI, major	bVI	bVI	-4	-4	-8	10	10	14	False	False	False
1652	2	71	5	B	0	3	4	2	1	True	3.5	4	69	69	69	69a	413/2	1/16	False	4	False				False	178	V65/bVI		Ab	I		V65/bVI		V		65		bVI	Mm7	False	False	(1, -2, -5, -3)	()	-3	1	major	major	I	I, major	V/bVI	bVI	bVI/I	bVI	False	V65/bVI	V65/bVI, major		V65/bVI, major	bVI	bVI	-4	-4	-8	9	9	13	False	False	False
1652	2	83	5	B	0	3	4	1	1	True	3.5	4	69	69	69	69a	413/2	1/16	False	5	False				False	178	V65/bVI		Ab	I		V65/bVI		V		65		bVI	Mm7	False	False	(1, -2, -5, -3)	()	-3	1	major	major	I	I, major	V/bVI	bVI	bVI/I	bVI	False	V65/bVI	V65/bVI, major		V65/bVI, major	bVI	bVI	-4	-4	-8	9	9	13	False	False	False
1654	2	66	6	F	1	3	4	2	1	True	3.75	4	69	69	69	69a	827/4	1/16	False	4	False				False	178	V65/bVI		Ab	I		V65/bVI		V		65		bVI	Mm7	False	False	(1, -2, -5, -3)	()	-3	1	major	major	I	I, major	V/bVI	bVI	bVI/I	bVI	False	V65/bVI	V65/bVI, major		V65/bVI, major	bVI	bVI	-4	-4	-8	10	10	14	False	False	False
1654	2	71	5	B	0	3	4	2	1	True	3.75	4	69	69	69	69a	827/4	1/16	False	4	False				False	178	V65/bVI		Ab	I		V65/bVI		V		65		bVI	Mm7	False	False	(1, -2, -5, -3)	()	-3	1	major	major	I	I, major	V/bVI	bVI	bVI/I	bVI	False	V65/bVI	V65/bVI, major		V65/bVI, major	bVI	bVI	-4	-4	-8	9	9	13	False	False	False
1654	2	81	3	A	0	3	4	1	1	True	3.75	4	69	69	69	69a	827/4	1/16	False	5	False				False	178	V65/bVI		Ab	I		V65/bVI		V		65		bVI	Mm7	False	False	(1, -2, -5, -3)	()	-3	1	major	major	I	I, major	V/bVI	bVI	bVI/I	bVI	False	V65/bVI	V65/bVI, major		V65/bVI, major	bVI	bVI	-4	-4	-8	7	7	11	False	False	False
1656	4	64	4	E	0	3	4	2	1	True	1.0	4	70	70	70	70a	207	1/8	False	4	True	IAC	IAC	}{	True	179	I/bVI|IAC}{		Ab	I		I/bVI		I				bVI	M	False	False	(-4, 0, -3)	()	-4	-4	major	major	I	I, major	I/bVI	bVI	bVI/I	bVI	False	I/bVI	I/bVI, major		I/bVI, major	bVI	bVI	-4	-4	-8	8	8	12	False	False	False
1656	4	68	8	G	1	3	4	2	1	True	1.0	4	70	70	70	70a	207	1/8	False	4	True	IAC	IAC	}{	True	179	I/bVI|IAC}{		Ab	I		I/bVI		I				bVI	M	False	False	(-4, 0, -3)	()	-4	-4	major	major	I	I, major	I/bVI	bVI	bVI/I	bVI	False	I/bVI	I/bVI, major		I/bVI, major	bVI	bVI	-4	-4	-8	12	12	16	False	False	False
1656	4	71	5	B	0	3	4	2	1	True	1.0	4	70	70	70	70a	207	1/8	False	4	True	IAC	IAC	}{	True	179	I/bVI|IAC}{		Ab	I		I/bVI		I				bVI	M	False	False	(-4, 0, -3)	()	-4	-4	major	major	I	I, major	I/bVI	bVI	bVI/I	bVI	False	I/bVI	I/bVI, major		I/bVI, major	bVI	bVI	-4	-4	-8	9	9	13	False	False	False
1656	1	80	8	G	1	3	4	1	1	True	1.0	4	70	70	70	70a	207	1/32	False	5	True	IAC	IAC	}{	True	179	I/bVI|IAC}{		Ab	I		I/bVI		I				bVI	M	False	False	(-4, 0, -3)	()	-4	-4	major	major	I	I, major	I/bVI	bVI	bVI/I	bVI	False	I/bVI	I/bVI, major		I/bVI, major	bVI	bVI	-4	-4	-8	12	12	16	False	False	False
1657	1	88	4	E	0	3	4	1	1	True	1.125	4	70	70	70	70a	1657/8	1/32	False	6	False				False	179	I/bVI|IAC}{		Ab	I		I/bVI		I				bVI	M	False	False	(-4, 0, -3)	()	-4	-4	major	major	I	I, major	I/bVI	bVI	bVI/I	bVI	False	I/bVI	I/bVI, major		I/bVI, major	bVI	bVI	-4	-4	-8	8	8	12	False	False	False
1658	1	83	5	B	0	3	4	1	1	True	1.25	4	70	70	70	70a	829/4	1/32	False	5	False				False	179	I/bVI|IAC}{		Ab	I		I/bVI		I				bVI	M	False	False	(-4, 0, -3)	()	-4	-4	major	major	I	I, major	I/bVI	bVI	bVI/I	bVI	False	I/bVI	I/bVI, major		I/bVI, major	bVI	bVI	-4	-4	-8	9	9	13	False	False	False
1659	1	88	4	E	0	3	4	1	1	True	1.375	4	70	70	70	70a	1659/8	1/32	False	6	False				False	179	I/bVI|IAC}{		Ab	I		I/bVI		I				bVI	M	False	False	(-4, 0, -3)	()	-4	-4	major	major	I	I, major	I/bVI	bVI	bVI/I	bVI	False	I/bVI	I/bVI, major		I/bVI, major	bVI	bVI	-4	-4	-8	8	8	12	False	False	False
1660	1	92	8	G	1	3	4	1	1	True	1.5	4	70	70	70	70a	415/2	1/32	False	6	False				False	179	I/bVI|IAC}{		Ab	I		I/bVI		I				bVI	M	False	False	(-4, 0, -3)	()	-4	-4	major	major	I	I, major	I/bVI	bVI	bVI/I	bVI	False	I/bVI	I/bVI, major		I/bVI, major	bVI	bVI	-4	-4	-8	12	12	16	False	False	False
1661	1	88	4	E	0	3	4	1	1	True	1.625	4	70	70	70	70a	1661/8	1/32	False	6	False				False	179	I/bVI|IAC}{		Ab	I		I/bVI		I				bVI	M	False	False	(-4, 0, -3)	()	-4	-4	major	major	I	I, major	I/bVI	bVI	bVI/I	bVI	False	I/bVI	I/bVI, major		I/bVI, major	bVI	bVI	-4	-4	-8	8	8	12	False	False	False
1662	1	83	5	B	0	3	4	1	1	True	1.75	4	70	70	70	70a	831/4	1/32	False	5	False				False	179	I/bVI|IAC}{		Ab	I		I/bVI		I				bVI	M	False	False	(-4, 0, -3)	()	-4	-4	major	major	I	I, major	I/bVI	bVI	bVI/I	bVI	False	I/bVI	I/bVI, major		I/bVI, major	bVI	bVI	-4	-4	-8	9	9	13	False	False	False
1663	1	88	4	E	0	3	4	1	1	True	1.875	4	70	70	70	70a	1663/8	1/32	False	6	False				False	179	I/bVI|IAC}{		Ab	I		I/bVI		I				bVI	M	False	False	(-4, 0, -3)	()	-4	-4	major	major	I	I, major	I/bVI	bVI	bVI/I	bVI	False	I/bVI	I/bVI, major		I/bVI, major	bVI	bVI	-4	-4	-8	8	8	12	False	False	False
1664	1	80	8	G	1	3	4	1	1	True	2.0	4	70	70	70	70a	208	1/32	False	5	False				False	179	I/bVI|IAC}{		Ab	I		I/bVI		I				bVI	M	False	False	(-4, 0, -3)	()	-4	-4	major	major	I	I, major	I/bVI	bVI	bVI/I	bVI	False	I/bVI	I/bVI, major		I/bVI, major	bVI	bVI	-4	-4	-8	12	12	16	False	False	False
1665	1	76	4	E	0	3	4	1	1	True	2.125	4	70	70	70	70a	1665/8	1/32	False	5	False				False	179	I/bVI|IAC}{		Ab	I		I/bVI		I				bVI	M	False	False	(-4, 0, -3)	()	-4	-4	major	major	I	I, major	I/bVI	bVI	bVI/I	bVI	False	I/bVI	I/bVI, major		I/bVI, major	bVI	bVI	-4	-4	-8	8	8	12	False	False	False
1666	1	71	5	B	0	3	4	1	1	True	2.25	4	70	70	70	70a	833/4	1/32	False	4	False				False	179	I/bVI|IAC}{		Ab	I		I/bVI		I				bVI	M	False	False	(-4, 0, -3)	()	-4	-4	major	major	I	I, major	I/bVI	bVI	bVI/I	bVI	False	I/bVI	I/bVI, major		I/bVI, major	bVI	bVI	-4	-4	-8	9	9	13	False	False	False
1667	1	76	4	E	0	3	4	1	1	True	2.375	4	70	70	70	70a	1667/8	1/32	False	5	False				False	179	I/bVI|IAC}{		Ab	I		I/bVI		I				bVI	M	False	False	(-4, 0, -3)	()	-4	-4	major	major	I	I, major	I/bVI	bVI	bVI/I	bVI	False	I/bVI	I/bVI, major		I/bVI, major	bVI	bVI	-4	-4	-8	8	8	12	False	False	False
1668	1	68	8	G	1	3	4	1	1	True	2.5	4	70	70	70	70a	417/2	1/32	False	4	False				False	179	I/bVI|IAC}{		Ab	I		I/bVI		I				bVI	M	False	False	(-4, 0, -3)	()	-4	-4	major	major	I	I, major	I/bVI	bVI	bVI/I	bVI	False	I/bVI	I/bVI, major		I/bVI, major	bVI	bVI	-4	-4	-8	12	12	16	False	False	False
1669	1	64	4	E	0	3	4	1	1	True	2.625	4	70	70	70	70a	1669/8	1/32	False	4	False				False	179	I/bVI|IAC}{		Ab	I		I/bVI		I				bVI	M	False	False	(-4, 0, -3)	()	-4	-4	major	major	I	I, major	I/bVI	bVI	bVI/I	bVI	False	I/bVI	I/bVI, major		I/bVI, major	bVI	bVI	-4	-4	-8	8	8	12	False	False	False
1670	1	59	5	B	0	3	4	1	1	True	2.75	4	70	70	70	70a	835/4	1/32	False	3	False				False	179	I/bVI|IAC}{		Ab	I		I/bVI		I				bVI	M	False	False	(-4, 0, -3)	()	-4	-4	major	major	I	I, major	I/bVI	bVI	bVI/I	bVI	False	I/bVI	I/bVI, major		I/bVI, major	bVI	bVI	-4	-4	-8	9	9	13	False	False	False
1671	1	64	4	E	0	3	4	1	1	True	2.875	4	70	70	70	70a	1671/8	1/32	False	4	False				False	179	I/bVI|IAC}{		Ab	I		I/bVI		I				bVI	M	False	False	(-4, 0, -3)	()	-4	-4	major	major	I	I, major	I/bVI	bVI	bVI/I	bVI	False	I/bVI	I/bVI, major		I/bVI, major	bVI	bVI	-4	-4	-8	8	8	12	False	False	False
1672	1	56	8	G	1	3	4	2	1	True	3.0	4	70	70	70	70a	209	1/32	False	3	False				False	179	I/bVI|IAC}{		Ab	I		I/bVI		I				bVI	M	False	False	(-4, 0, -3)	()	-4	-4	major	major	I	I, major	I/bVI	bVI	bVI/I	bVI	False	I/bVI	I/bVI, major		I/bVI, major	bVI	bVI	-4	-4	-8	12	12	16	False	False	False
1673	1	52	4	E	0	3	4	2	1	True	3.125	4	70	70	70	70a	1673/8	1/32	False	3	False				False	179	I/bVI|IAC}{		Ab	I		I/bVI		I				bVI	M	False	False	(-4, 0, -3)	()	-4	-4	major	major	I	I, major	I/bVI	bVI	bVI/I	bVI	False	I/bVI	I/bVI, major		I/bVI, major	bVI	bVI	-4	-4	-8	8	8	12	False	False	False
1674	1	47	5	B	0	3	4	2	1	True	3.25	4	70	70	70	70a	837/4	1/32	False	2	False				False	179	I/bVI|IAC}{		Ab	I		I/bVI		I				bVI	M	False	False	(-4, 0, -3)	()	-4	-4	major	major	I	I, major	I/bVI	bVI	bVI/I	bVI	False	I/bVI	I/bVI, major		I/bVI, major	bVI	bVI	-4	-4	-8	9	9	13	False	False	False
1675	1	52	4	E	0	3	4	2	1	True	3.375	4	70	70	70	70a	1675/8	1/32	False	3	False				False	179	I/bVI|IAC}{		Ab	I		I/bVI		I				bVI	M	False	False	(-4, 0, -3)	()	-4	-4	major	major	I	I, major	I/bVI	bVI	bVI/I	bVI	False	I/bVI	I/bVI, major		I/bVI, major	bVI	bVI	-4	-4	-8	8	8	12	False	False	False
1676	4	40	4	E	0	3	4	2	1	True	3.5	4	70	70	70	70a	419/2	1/8	False	2	False				False	179	I/bVI|IAC}{		Ab	I		I/bVI		I				bVI	M	False	False	(-4, 0, -3)	()	-4	-4	major	major	I	I, major	I/bVI	bVI	bVI/I	bVI	False	I/bVI	I/bVI, major		I/bVI, major	bVI	bVI	-4	-4	-8	8	8	12	False	False	False
1676	1	44	8	G	1	3	4	1	1	True	3.5	4	70	70	70	70a	419/2	1/32	False	2	False				False	179	I/bVI|IAC}{		Ab	I		I/bVI		I				bVI	M	False	False	(-4, 0, -3)	()	-4	-4	major	major	I	I, major	I/bVI	bVI	bVI/I	bVI	False	I/bVI	I/bVI, major		I/bVI, major	bVI	bVI	-4	-4	-8	12	12	16	False	False	False
1677	1	52	4	E	0	3	4	1	1	True	3.625	4	70	70	70	70a	1677/8	1/32	False	3	False				False	179	I/bVI|IAC}{		Ab	I		I/bVI		I				bVI	M	False	False	(-4, 0, -3)	()	-4	-4	major	major	I	I, major	I/bVI	bVI	bVI/I	bVI	False	I/bVI	I/bVI, major		I/bVI, major	bVI	bVI	-4	-4	-8	8	8	12	False	False	False
1678	1	47	5	B	0	3	4	1	1	True	3.75	4	70	70	70	70a	839/4	1/32	False	2	False				False	179	I/bVI|IAC}{		Ab	I		I/bVI		I				bVI	M	False	False	(-4, 0, -3)	()	-4	-4	major	major	I	I, major	I/bVI	bVI	bVI/I	bVI	False	I/bVI	I/bVI, major		I/bVI, major	bVI	bVI	-4	-4	-8	9	9	13	False	False	False
1679	1	52	4	E	0	3	4	1	1	True	3.875	4	70	70	70	70a	1679/8	1/32	False	3	False				False	179	I/bVI|IAC}{		Ab	I		I/bVI		I				bVI	M	False	False	(-4, 0, -3)	()	-4	-4	major	major	I	I, major	I/bVI	bVI	bVI/I	bVI	False	I/bVI	I/bVI, major		I/bVI, major	bVI	bVI	-4	-4	-8	8	8	12	False	False	False
1680	4	30	6	F	1	3	4	2	1	True	1.0	4	71	71	71	71a	210	1/8	False	1	True				False	180	V43/bVI		Ab	I		V43/bVI		V		43		bVI	Mm7	False	False	(-2, -5, -3, 1)	()	-3	-2	major	major	I	I, major	V/bVI	bVI	bVI/I	bVI	False	V43/bVI	V43/bVI, major		V43/bVI, major	bVI	bVI	-4	-4	-8	10	10	14	False	False	False
1680	4	35	5	B	0	3	4	2	1	True	1.0	4	71	71	71	71a	210	1/8	False	1	True				False	180	V43/bVI		Ab	I		V43/bVI		V		43		bVI	Mm7	False	False	(-2, -5, -3, 1)	()	-3	-2	major	major	I	I, major	V/bVI	bVI	bVI/I	bVI	False	V43/bVI	V43/bVI, major		V43/bVI, major	bVI	bVI	-4	-4	-8	9	9	13	False	False	False
1680	1	39	9	D	1	3	4	1	1	True	1.0	4	71	71	71	71a	210	1/32	False	2	True				False	180	V43/bVI		Ab	I		V43/bVI		V		43		bVI	Mm7	False	False	(-2, -5, -3, 1)	()	-3	-2	major	major	I	I, major	V/bVI	bVI	bVI/I	bVI	False	V43/bVI	V43/bVI, major		V43/bVI, major	bVI	bVI	-4	-4	-8	13	13	17	False	False	False
1680	4	42	6	F	1	3	4	2	1	True	1.0	4	71	71	71	71a	210	1/8	False	2	True				False	180	V43/bVI		Ab	I		V43/bVI		V		43		bVI	Mm7	False	False	(-2, -5, -3, 1)	()	-3	-2	major	major	I	I, major	V/bVI	bVI	bVI/I	bVI	False	V43/bVI	V43/bVI, major		V43/bVI, major	bVI	bVI	-4	-4	-8	10	10	14	False	False	False
1681	1	47	5	B	0	3	4	1	1	True	1.125	4	71	71	71	71a	1681/8	1/32	False	2	False				False	180	V43/bVI		Ab	I		V43/bVI		V		43		bVI	Mm7	False	False	(-2, -5, -3, 1)	()	-3	-2	major	major	I	I, major	V/bVI	bVI	bVI/I	bVI	False	V43/bVI	V43/bVI, major		V43/bVI, major	bVI	bVI	-4	-4	-8	9	9	13	False	False	False
1682	1	45	3	A	0	3	4	1	1	True	1.25	4	71	71	71	71a	841/4	1/32	False	2	False				False	180	V43/bVI		Ab	I		V43/bVI		V		43		bVI	Mm7	False	False	(-2, -5, -3, 1)	()	-3	-2	major	major	I	I, major	V/bVI	bVI	bVI/I	bVI	False	V43/bVI	V43/bVI, major		V43/bVI, major	bVI	bVI	-4	-4	-8	7	7	11	False	False	False
1683	1	47	5	B	0	3	4	1	1	True	1.375	4	71	71	71	71a	1683/8	1/32	False	2	False				False	180	V43/bVI		Ab	I		V43/bVI		V		43		bVI	Mm7	False	False	(-2, -5, -3, 1)	()	-3	-2	major	major	I	I, major	V/bVI	bVI	bVI/I	bVI	False	V43/bVI	V43/bVI, major		V43/bVI, major	bVI	bVI	-4	-4	-8	9	9	13	False	False	False
1684	1	51	9	D	1	3	4	1	1	True	1.5	4	71	71	71	71a	421/2	1/32	False	3	False				False	180	V43/bVI		Ab	I		V43/bVI		V		43		bVI	Mm7	False	False	(-2, -5, -3, 1)	()	-3	-2	major	major	I	I, major	V/bVI	bVI	bVI/I	bVI	False	V43/bVI	V43/bVI, major		V43/bVI, major	bVI	bVI	-4	-4	-8	13	13	17	False	False	False
1685	1	47	5	B	0	3	4	1	1	True	1.625	4	71	71	71	71a	1685/8	1/32	False	2	False				False	180	V43/bVI		Ab	I		V43/bVI		V		43		bVI	Mm7	False	False	(-2, -5, -3, 1)	()	-3	-2	major	major	I	I, major	V/bVI	bVI	bVI/I	bVI	False	V43/bVI	V43/bVI, major		V43/bVI, major	bVI	bVI	-4	-4	-8	9	9	13	False	False	False
1686	1	45	3	A	0	3	4	1	1	True	1.75	4	71	71	71	71a	843/4	1/32	False	2	False				False	180	V43/bVI		Ab	I		V43/bVI		V		43		bVI	Mm7	False	False	(-2, -5, -3, 1)	()	-3	-2	major	major	I	I, major	V/bVI	bVI	bVI/I	bVI	False	V43/bVI	V43/bVI, major		V43/bVI, major	bVI	bVI	-4	-4	-8	7	7	11	False	False	False
1687	1	47	5	B	0	3	4	1	1	True	1.875	4	71	71	71	71a	1687/8	1/32	False	2	False				False	180	V43/bVI		Ab	I		V43/bVI		V		43		bVI	Mm7	False	False	(-2, -5, -3, 1)	()	-3	-2	major	major	I	I, major	V/bVI	bVI	bVI/I	bVI	False	V43/bVI	V43/bVI, major		V43/bVI, major	bVI	bVI	-4	-4	-8	9	9	13	False	False	False
1688	4	30	6	F	1	3	4	2	1	True	2.0	4	71	71	71	71a	211	1/8	False	1	False				False	180	V43/bVI		Ab	I		V43/bVI		V		43		bVI	Mm7	False	False	(-2, -5, -3, 1)	()	-3	-2	major	major	I	I, major	V/bVI	bVI	bVI/I	bVI	False	V43/bVI	V43/bVI, major		V43/bVI, major	bVI	bVI	-4	-4	-8	10	10	14	False	False	False
1688	4	35	5	B	0	3	4	2	1	True	2.0	4	71	71	71	71a	211	1/8	False	1	False				False	180	V43/bVI		Ab	I		V43/bVI		V		43		bVI	Mm7	False	False	(-2, -5, -3, 1)	()	-3	-2	major	major	I	I, major	V/bVI	bVI	bVI/I	bVI	False	V43/bVI	V43/bVI, major		V43/bVI, major	bVI	bVI	-4	-4	-8	9	9	13	False	False	False
1688	4	42	6	F	1	3	4	2	1	True	2.0	4	71	71	71	71a	211	1/8	False	2	False				False	180	V43/bVI		Ab	I		V43/bVI		V		43		bVI	Mm7	False	False	(-2, -5, -3, 1)	()	-3	-2	major	major	I	I, major	V/bVI	bVI	bVI/I	bVI	False	V43/bVI	V43/bVI, major		V43/bVI, major	bVI	bVI	-4	-4	-8	10	10	14	False	False	False
1688	1	51	9	D	1	3	4	1	1	True	2.0	4	71	71	71	71a	211	1/32	False	3	False				False	180	V43/bVI		Ab	I		V43/bVI		V		43		bVI	Mm7	False	False	(-2, -5, -3, 1)	()	-3	-2	major	major	I	I, major	V/bVI	bVI	bVI/I	bVI	False	V43/bVI	V43/bVI, major		V43/bVI, major	bVI	bVI	-4	-4	-8	13	13	17	False	False	False
1689	1	59	5	B	0	3	4	1	1	True	2.125	4	71	71	71	71a	1689/8	1/32	False	3	False				False	180	V43/bVI		Ab	I		V43/bVI		V		43		bVI	Mm7	False	False	(-2, -5, -3, 1)	()	-3	-2	major	major	I	I, major	V/bVI	bVI	bVI/I	bVI	False	V43/bVI	V43/bVI, major		V43/bVI, major	bVI	bVI	-4	-4	-8	9	9	13	False	False	False
1690	1	57	3	A	0	3	4	1	1	True	2.25	4	71	71	71	71a	845/4	1/32	False	3	False				False	180	V43/bVI		Ab	I		V43/bVI		V		43		bVI	Mm7	False	False	(-2, -5, -3, 1)	()	-3	-2	major	major	I	I, major	V/bVI	bVI	bVI/I	bVI	False	V43/bVI	V43/bVI, major		V43/bVI, major	bVI	bVI	-4	-4	-8	7	7	11	False	False	False
1691	1	59	5	B	0	3	4	1	1	True	2.375	4	71	71	71	71a	1691/8	1/32	False	3	False				False	180	V43/bVI		Ab	I		V43/bVI		V		43		bVI	Mm7	False	False	(-2, -5, -3, 1)	()	-3	-2	major	major	I	I, major	V/bVI	bVI	bVI/I	bVI	False	V43/bVI	V43/bVI, major		V43/bVI, major	bVI	bVI	-4	-4	-8	9	9	13	False	False	False
1692	1	63	9	D	1	3	4	1	1	True	2.5	4	71	71	71	71a	423/2	1/32	False	4	False				False	180	V43/bVI		Ab	I		V43/bVI		V		43		bVI	Mm7	False	False	(-2, -5, -3, 1)	()	-3	-2	major	major	I	I, major	V/bVI	bVI	bVI/I	bVI	False	V43/bVI	V43/bVI, major		V43/bVI, major	bVI	bVI	-4	-4	-8	13	13	17	False	False	False
1693	1	59	5	B	0	3	4	1	1	True	2.625	4	71	71	71	71a	1693/8	1/32	False	3	False				False	180	V43/bVI		Ab	I		V43/bVI		V		43		bVI	Mm7	False	False	(-2, -5, -3, 1)	()	-3	-2	major	major	I	I, major	V/bVI	bVI	bVI/I	bVI	False	V43/bVI	V43/bVI, major		V43/bVI, major	bVI	bVI	-4	-4	-8	9	9	13	False	False	False
1694	1	57	3	A	0	3	4	1	1	True	2.75	4	71	71	71	71a	847/4	1/32	False	3	False				False	180	V43/bVI		Ab	I		V43/bVI		V		43		bVI	Mm7	False	False	(-2, -5, -3, 1)	()	-3	-2	major	major	I	I, major	V/bVI	bVI	bVI/I	bVI	False	V43/bVI	V43/bVI, major		V43/bVI, major	bVI	bVI	-4	-4	-8	7	7	11	False	False	False
1695	1	59	5	B	0	3	4	1	1	True	2.875	4	71	71	71	71a	1695/8	1/32	False	3	False				False	180	V43/bVI		Ab	I		V43/bVI		V		43		bVI	Mm7	False	False	(-2, -5, -3, 1)	()	-3	-2	major	major	I	I, major	V/bVI	bVI	bVI/I	bVI	False	V43/bVI	V43/bVI, major		V43/bVI, major	bVI	bVI	-4	-4	-8	9	9	13	False	False	False
1696	4	30	6	F	1	3	4	2	1	True	3.0	4	71	71	71	71a	212	1/8	False	1	False				False	180	V43/bVI		Ab	I		V43/bVI		V		43		bVI	Mm7	False	False	(-2, -5, -3, 1)	()	-3	-2	major	major	I	I, major	V/bVI	bVI	bVI/I	bVI	False	V43/bVI	V43/bVI, major		V43/bVI, major	bVI	bVI	-4	-4	-8	10	10	14	False	False	False
1696	4	35	5	B	0	3	4	2	1	True	3.0	4	71	71	71	71a	212	1/8	False	1	False				False	180	V43/bVI		Ab	I		V43/bVI		V		43		bVI	Mm7	False	False	(-2, -5, -3, 1)	()	-3	-2	major	major	I	I, major	V/bVI	bVI	bVI/I	bVI	False	V43/bVI	V43/bVI, major		V43/bVI, major	bVI	bVI	-4	-4	-8	9	9	13	False	False	False
1696	4	42	6	F	1	3	4	2	1	True	3.0	4	71	71	71	71a	212	1/8	False	2	False				False	180	V43/bVI		Ab	I		V43/bVI		V		43		bVI	Mm7	False	False	(-2, -5, -3, 1)	()	-3	-2	major	major	I	I, major	V/bVI	bVI	bVI/I	bVI	False	V43/bVI	V43/bVI, major		V43/bVI, major	bVI	bVI	-4	-4	-8	10	10	14	False	False	False
1696	1	63	9	D	1	3	4	1	1	True	3.0	4	71	71	71	71a	212	1/32	False	4	False				False	180	V43/bVI		Ab	I		V43/bVI		V		43		bVI	Mm7	False	False	(-2, -5, -3, 1)	()	-3	-2	major	major	I	I, major	V/bVI	bVI	bVI/I	bVI	False	V43/bVI	V43/bVI, major		V43/bVI, major	bVI	bVI	-4	-4	-8	13	13	17	False	False	False
1697	1	71	5	B	0	3	4	1	1	True	3.125	4	71	71	71	71a	1697/8	1/32	False	4	False				False	180	V43/bVI		Ab	I		V43/bVI		V		43		bVI	Mm7	False	False	(-2, -5, -3, 1)	()	-3	-2	major	major	I	I, major	V/bVI	bVI	bVI/I	bVI	False	V43/bVI	V43/bVI, major		V43/bVI, major	bVI	bVI	-4	-4	-8	9	9	13	False	False	False
1698	1	69	3	A	0	3	4	1	1	True	3.25	4	71	71	71	71a	849/4	1/32	False	4	False				False	180	V43/bVI		Ab	I		V43/bVI		V		43		bVI	Mm7	False	False	(-2, -5, -3, 1)	()	-3	-2	major	major	I	I, major	V/bVI	bVI	bVI/I	bVI	False	V43/bVI	V43/bVI, major		V43/bVI, major	bVI	bVI	-4	-4	-8	7	7	11	False	False	False
1699	1	71	5	B	0	3	4	1	1	True	3.375	4	71	71	71	71a	1699/8	1/32	False	4	False				False	180	V43/bVI		Ab	I		V43/bVI		V		43		bVI	Mm7	False	False	(-2, -5, -3, 1)	()	-3	-2	major	major	I	I, major	V/bVI	bVI	bVI/I	bVI	False	V43/bVI	V43/bVI, major		V43/bVI, major	bVI	bVI	-4	-4	-8	9	9	13	False	False	False
1700	1	75	9	D	1	3	4	1	1	True	3.5	4	71	71	71	71a	425/2	1/32	False	5	False				False	180	V43/bVI		Ab	I		V43/bVI		V		43		bVI	Mm7	False	False	(-2, -5, -3, 1)	()	-3	-2	major	major	I	I, major	V/bVI	bVI	bVI/I	bVI	False	V43/bVI	V43/bVI, major		V43/bVI, major	bVI	bVI	-4	-4	-8	13	13	17	False	False	False
1701	1	71	5	B	0	3	4	1	1	True	3.625	4	71	71	71	71a	1701/8	1/32	False	4	False				False	180	V43/bVI		Ab	I		V43/bVI		V		43		bVI	Mm7	False	False	(-2, -5, -3, 1)	()	-3	-2	major	major	I	I, major	V/bVI	bVI	bVI/I	bVI	False	V43/bVI	V43/bVI, major		V43/bVI, major	bVI	bVI	-4	-4	-8	9	9	13	False	False	False
1702	1	69	3	A	0	3	4	1	1	True	3.75	4	71	71	71	71a	851/4	1/32	False	4	False				False	180	V43/bVI		Ab	I		V43/bVI		V		43		bVI	Mm7	False	False	(-2, -5, -3, 1)	()	-3	-2	major	major	I	I, major	V/bVI	bVI	bVI/I	bVI	False	V43/bVI	V43/bVI, major		V43/bVI, major	bVI	bVI	-4	-4	-8	7	7	11	False	False	False
1703	1	71	5	B	0	3	4	1	1	True	3.875	4	71	71	71	71a	1703/8	1/32	False	4	False				False	180	V43/bVI		Ab	I		V43/bVI		V		43		bVI	Mm7	False	False	(-2, -5, -3, 1)	()	-3	-2	major	major	I	I, major	V/bVI	bVI	bVI/I	bVI	False	V43/bVI	V43/bVI, major		V43/bVI, major	bVI	bVI	-4	-4	-8	9	9	13	False	False	False
1704	4	32	8	G	1	3	4	2	1	True	1.0	4	72	72	72	72a	213	1/8	False	1	True				False	181	I6/bVI		Ab	I		I6/bVI		I		6		bVI	M	False	False	(0, -3, -4)	()	-4	0	major	major	I	I, major	I/bVI	bVI	bVI/I	bVI	False	I6/bVI	I6/bVI, major		I6/bVI, major	bVI	bVI	-4	-4	-8	12	12	16	False	False	False
1704	4	35	5	B	0	3	4	2	1	True	1.0	4	72	72	72	72a	213	1/8	False	1	True				False	181	I6/bVI		Ab	I		I6/bVI		I		6		bVI	M	False	False	(0, -3, -4)	()	-4	0	major	major	I	I, major	I/bVI	bVI	bVI/I	bVI	False	I6/bVI	I6/bVI, major		I6/bVI, major	bVI	bVI	-4	-4	-8	9	9	13	False	False	False
1704	4	44	8	G	1	3	4	2	1	True	1.0	4	72	72	72	72a	213	1/8	False	2	True				False	181	I6/bVI		Ab	I		I6/bVI		I		6		bVI	M	False	False	(0, -3, -4)	()	-4	0	major	major	I	I, major	I/bVI	bVI	bVI/I	bVI	False	I6/bVI	I6/bVI, major		I6/bVI, major	bVI	bVI	-4	-4	-8	12	12	16	False	False	False
1704	1	76	4	E	0	3	4	1	1	True	1.0	4	72	72	72	72a	213	1/32	False	5	True				False	181	I6/bVI		Ab	I		I6/bVI		I		6		bVI	M	False	False	(0, -3, -4)	()	-4	0	major	major	I	I, major	I/bVI	bVI	bVI/I	bVI	False	I6/bVI	I6/bVI, major		I6/bVI, major	bVI	bVI	-4	-4	-8	8	8	12	False	False	False
1705	1	83	5	B	0	3	4	1	1	True	1.125	4	72	72	72	72a	1705/8	1/32	False	5	False				False	181	I6/bVI		Ab	I		I6/bVI		I		6		bVI	M	False	False	(0, -3, -4)	()	-4	0	major	major	I	I, major	I/bVI	bVI	bVI/I	bVI	False	I6/bVI	I6/bVI, major		I6/bVI, major	bVI	bVI	-4	-4	-8	9	9	13	False	False	False
1706	1	80	8	G	1	3	4	1	1	True	1.25	4	72	72	72	72a	853/4	1/32	False	5	False				False	181	I6/bVI		Ab	I		I6/bVI		I		6		bVI	M	False	False	(0, -3, -4)	()	-4	0	major	major	I	I, major	I/bVI	bVI	bVI/I	bVI	False	I6/bVI	I6/bVI, major		I6/bVI, major	bVI	bVI	-4	-4	-8	12	12	16	False	False	False
1707	1	83	5	B	0	3	4	1	1	True	1.375	4	72	72	72	72a	1707/8	1/32	False	5	False				False	181	I6/bVI		Ab	I		I6/bVI		I		6		bVI	M	False	False	(0, -3, -4)	()	-4	0	major	major	I	I, major	I/bVI	bVI	bVI/I	bVI	False	I6/bVI	I6/bVI, major		I6/bVI, major	bVI	bVI	-4	-4	-8	9	9	13	False	False	False
1708	1	88	4	E	0	3	4	1	1	True	1.5	4	72	72	72	72a	427/2	1/32	False	6	False				False	181	I6/bVI		Ab	I		I6/bVI		I		6		bVI	M	False	False	(0, -3, -4)	()	-4	0	major	major	I	I, major	I/bVI	bVI	bVI/I	bVI	False	I6/bVI	I6/bVI, major		I6/bVI, major	bVI	bVI	-4	-4	-8	8	8	12	False	False	False
1709	1	83	5	B	0	3	4	1	1	True	1.625	4	72	72	72	72a	1709/8	1/32	False	5	False				False	181	I6/bVI		Ab	I		I6/bVI		I		6		bVI	M	False	False	(0, -3, -4)	()	-4	0	major	major	I	I, major	I/bVI	bVI	bVI/I	bVI	False	I6/bVI	I6/bVI, major		I6/bVI, major	bVI	bVI	-4	-4	-8	9	9	13	False	False	False
1710	1	80	8	G	1	3	4	1	1	True	1.75	4	72	72	72	72a	855/4	1/32	False	5	False				False	181	I6/bVI		Ab	I		I6/bVI		I		6		bVI	M	False	False	(0, -3, -4)	()	-4	0	major	major	I	I, major	I/bVI	bVI	bVI/I	bVI	False	I6/bVI	I6/bVI, major		I6/bVI, major	bVI	bVI	-4	-4	-8	12	12	16	False	False	False
1711	1	83	5	B	0	3	4	1	1	True	1.875	4	72	72	72	72a	1711/8	1/32	False	5	False				False	181	I6/bVI		Ab	I		I6/bVI		I		6		bVI	M	False	False	(0, -3, -4)	()	-4	0	major	major	I	I, major	I/bVI	bVI	bVI/I	bVI	False	I6/bVI	I6/bVI, major		I6/bVI, major	bVI	bVI	-4	-4	-8	9	9	13	False	False	False
1712	1	76	4	E	0	3	4	1	1	True	2.0	4	72	72	72	72a	214	1/32	False	5	False				False	181	I6/bVI		Ab	I		I6/bVI		I		6		bVI	M	False	False	(0, -3, -4)	()	-4	0	major	major	I	I, major	I/bVI	bVI	bVI/I	bVI	False	I6/bVI	I6/bVI, major		I6/bVI, major	bVI	bVI	-4	-4	-8	8	8	12	False	False	False
1713	1	71	5	B	0	3	4	1	1	True	2.125	4	72	72	72	72a	1713/8	1/32	False	4	False				False	181	I6/bVI		Ab	I		I6/bVI		I		6		bVI	M	False	False	(0, -3, -4)	()	-4	0	major	major	I	I, major	I/bVI	bVI	bVI/I	bVI	False	I6/bVI	I6/bVI, major		I6/bVI, major	bVI	bVI	-4	-4	-8	9	9	13	False	False	False
1714	1	68	8	G	1	3	4	1	1	True	2.25	4	72	72	72	72a	857/4	1/32	False	4	False				False	181	I6/bVI		Ab	I		I6/bVI		I		6		bVI	M	False	False	(0, -3, -4)	()	-4	0	major	major	I	I, major	I/bVI	bVI	bVI/I	bVI	False	I6/bVI	I6/bVI, major		I6/bVI, major	bVI	bVI	-4	-4	-8	12	12	16	False	False	False
1715	1	71	5	B	0	3	4	1	1	True	2.375	4	72	72	72	72a	1715/8	1/32	False	4	False				False	181	I6/bVI		Ab	I		I6/bVI		I		6		bVI	M	False	False	(0, -3, -4)	()	-4	0	major	major	I	I, major	I/bVI	bVI	bVI/I	bVI	False	I6/bVI	I6/bVI, major		I6/bVI, major	bVI	bVI	-4	-4	-8	9	9	13	False	False	False
1716	1	64	4	E	0	3	4	1	1	True	2.5	4	72	72	72	72a	429/2	1/32	False	4	False				False	181	I6/bVI		Ab	I		I6/bVI		I		6		bVI	M	False	False	(0, -3, -4)	()	-4	0	major	major	I	I, major	I/bVI	bVI	bVI/I	bVI	False	I6/bVI	I6/bVI, major		I6/bVI, major	bVI	bVI	-4	-4	-8	8	8	12	False	False	False
1717	1	59	5	B	0	3	4	1	1	True	2.625	4	72	72	72	72a	1717/8	1/32	False	3	False				False	181	I6/bVI		Ab	I		I6/bVI		I		6		bVI	M	False	False	(0, -3, -4)	()	-4	0	major	major	I	I, major	I/bVI	bVI	bVI/I	bVI	False	I6/bVI	I6/bVI, major		I6/bVI, major	bVI	bVI	-4	-4	-8	9	9	13	False	False	False
1718	1	56	8	G	1	3	4	1	1	True	2.75	4	72	72	72	72a	859/4	1/32	False	3	False				False	181	I6/bVI		Ab	I		I6/bVI		I		6		bVI	M	False	False	(0, -3, -4)	()	-4	0	major	major	I	I, major	I/bVI	bVI	bVI/I	bVI	False	I6/bVI	I6/bVI, major		I6/bVI, major	bVI	bVI	-4	-4	-8	12	12	16	False	False	False
1719	1	59	5	B	0	3	4	1	1	True	2.875	4	72	72	72	72a	1719/8	1/32	False	3	False				False	181	I6/bVI		Ab	I		I6/bVI		I		6		bVI	M	False	False	(0, -3, -4)	()	-4	0	major	major	I	I, major	I/bVI	bVI	bVI/I	bVI	False	I6/bVI	I6/bVI, major		I6/bVI, major	bVI	bVI	-4	-4	-8	9	9	13	False	False	False
1720	1	52	4	E	0	3	4	1	1	True	3.0	4	72	72	72	72a	215	1/32	False	3	False				False	181	I6/bVI		Ab	I		I6/bVI		I		6		bVI	M	False	False	(0, -3, -4)	()	-4	0	major	major	I	I, major	I/bVI	bVI	bVI/I	bVI	False	I6/bVI	I6/bVI, major		I6/bVI, major	bVI	bVI	-4	-4	-8	8	8	12	False	False	False
1721	1	59	5	B	0	3	4	1	1	True	3.125	4	72	72	72	72a	1721/8	1/32	False	3	False				False	181	I6/bVI		Ab	I		I6/bVI		I		6		bVI	M	False	False	(0, -3, -4)	()	-4	0	major	major	I	I, major	I/bVI	bVI	bVI/I	bVI	False	I6/bVI	I6/bVI, major		I6/bVI, major	bVI	bVI	-4	-4	-8	9	9	13	False	False	False
1722	1	56	8	G	1	3	4	1	1	True	3.25	4	72	72	72	72a	861/4	1/32	False	3	False				False	181	I6/bVI		Ab	I		I6/bVI		I		6		bVI	M	False	False	(0, -3, -4)	()	-4	0	major	major	I	I, major	I/bVI	bVI	bVI/I	bVI	False	I6/bVI	I6/bVI, major		I6/bVI, major	bVI	bVI	-4	-4	-8	12	12	16	False	False	False
1723	1	59	5	B	0	3	4	1	1	True	3.375	4	72	72	72	72a	1723/8	1/32	False	3	False				False	181	I6/bVI		Ab	I		I6/bVI		I		6		bVI	M	False	False	(0, -3, -4)	()	-4	0	major	major	I	I, major	I/bVI	bVI	bVI/I	bVI	False	I6/bVI	I6/bVI, major		I6/bVI, major	bVI	bVI	-4	-4	-8	9	9	13	False	False	False
1724	1	64	4	E	0	3	4	1	1	True	3.5	4	72	72	72	72a	431/2	1/32	False	4	False				False	181	I6/bVI		Ab	I		I6/bVI		I		6		bVI	M	False	False	(0, -3, -4)	()	-4	0	major	major	I	I, major	I/bVI	bVI	bVI/I	bVI	False	I6/bVI	I6/bVI, major		I6/bVI, major	bVI	bVI	-4	-4	-8	8	8	12	False	False	False
1725	1	59	5	B	0	3	4	1	1	True	3.625	4	72	72	72	72a	1725/8	1/32	False	3	False				False	181	I6/bVI		Ab	I		I6/bVI		I		6		bVI	M	False	False	(0, -3, -4)	()	-4	0	major	major	I	I, major	I/bVI	bVI	bVI/I	bVI	False	I6/bVI	I6/bVI, major		I6/bVI, major	bVI	bVI	-4	-4	-8	9	9	13	False	False	False
1726	1	56	8	G	1	3	4	1	1	True	3.75	4	72	72	72	72a	863/4	1/32	False	3	False				False	181	I6/bVI		Ab	I		I6/bVI		I		6		bVI	M	False	False	(0, -3, -4)	()	-4	0	major	major	I	I, major	I/bVI	bVI	bVI/I	bVI	False	I6/bVI	I6/bVI, major		I6/bVI, major	bVI	bVI	-4	-4	-8	12	12	16	False	False	False
1727	1	59	5	B	0	3	4	1	1	True	3.875	4	72	72	72	72a	1727/8	1/32	False	3	False				False	181	I6/bVI		Ab	I		I6/bVI		I		6		bVI	M	False	False	(0, -3, -4)	()	-4	0	major	major	I	I, major	I/bVI	bVI	bVI/I	bVI	False	I6/bVI	I6/bVI, major		I6/bVI, major	bVI	bVI	-4	-4	-8	9	9	13	False	False	False
1728	4	39	9	D	1	3	4	2	1	True	1.0	4	73	73	73	73a	216	1/8	False	2	True				False	182	V65/bVI		Ab	I		V65/bVI		V		65		bVI	Mm7	False	False	(1, -2, -5, -3)	()	-3	1	major	major	I	I, major	V/bVI	bVI	bVI/I	bVI	False	V65/bVI	V65/bVI, major		V65/bVI, major	bVI	bVI	-4	-4	-8	13	13	17	False	False	False
1728	4	47	5	B	0	3	4	2	1	True	1.0	4	73	73	73	73a	216	1/8	False	2	True				False	182	V65/bVI		Ab	I		V65/bVI		V		65		bVI	Mm7	False	False	(1, -2, -5, -3)	()	-3	1	major	major	I	I, major	V/bVI	bVI	bVI/I	bVI	False	V65/bVI	V65/bVI, major		V65/bVI, major	bVI	bVI	-4	-4	-8	9	9	13	False	False	False
1728	4	51	9	D	1	3	4	2	1	True	1.0	4	73	73	73	73a	216	1/8	False	3	True				False	182	V65/bVI		Ab	I		V65/bVI		V		65		bVI	Mm7	False	False	(1, -2, -5, -3)	()	-3	1	major	major	I	I, major	V/bVI	bVI	bVI/I	bVI	False	V65/bVI	V65/bVI, major		V65/bVI, major	bVI	bVI	-4	-4	-8	13	13	17	False	False	False
1728	1	54	6	F	1	3	4	1	1	True	1.0	4	73	73	73	73a	216	1/32	False	3	True				False	182	V65/bVI		Ab	I		V65/bVI		V		65		bVI	Mm7	False	False	(1, -2, -5, -3)	()	-3	1	major	major	I	I, major	V/bVI	bVI	bVI/I	bVI	False	V65/bVI	V65/bVI, major		V65/bVI, major	bVI	bVI	-4	-4	-8	10	10	14	False	False	False
1729	1	59	5	B	0	3	4	1	1	True	1.125	4	73	73	73	73a	1729/8	1/32	False	3	False				False	182	V65/bVI		Ab	I		V65/bVI		V		65		bVI	Mm7	False	False	(1, -2, -5, -3)	()	-3	1	major	major	I	I, major	V/bVI	bVI	bVI/I	bVI	False	V65/bVI	V65/bVI, major		V65/bVI, major	bVI	bVI	-4	-4	-8	9	9	13	False	False	False
1730	1	57	3	A	0	3	4	1	1	True	1.25	4	73	73	73	73a	865/4	1/32	False	3	False				False	182	V65/bVI		Ab	I		V65/bVI		V		65		bVI	Mm7	False	False	(1, -2, -5, -3)	()	-3	1	major	major	I	I, major	V/bVI	bVI	bVI/I	bVI	False	V65/bVI	V65/bVI, major		V65/bVI, major	bVI	bVI	-4	-4	-8	7	7	11	False	False	False
1731	1	59	5	B	0	3	4	1	1	True	1.375	4	73	73	73	73a	1731/8	1/32	False	3	False				False	182	V65/bVI		Ab	I		V65/bVI		V		65		bVI	Mm7	False	False	(1, -2, -5, -3)	()	-3	1	major	major	I	I, major	V/bVI	bVI	bVI/I	bVI	False	V65/bVI	V65/bVI, major		V65/bVI, major	bVI	bVI	-4	-4	-8	9	9	13	False	False	False
1732	1	66	6	F	1	3	4	1	1	True	1.5	4	73	73	73	73a	433/2	1/32	False	4	False				False	182	V65/bVI		Ab	I		V65/bVI		V		65		bVI	Mm7	False	False	(1, -2, -5, -3)	()	-3	1	major	major	I	I, major	V/bVI	bVI	bVI/I	bVI	False	V65/bVI	V65/bVI, major		V65/bVI, major	bVI	bVI	-4	-4	-8	10	10	14	False	False	False
1733	1	59	5	B	0	3	4	1	1	True	1.625	4	73	73	73	73a	1733/8	1/32	False	3	False				False	182	V65/bVI		Ab	I		V65/bVI		V		65		bVI	Mm7	False	False	(1, -2, -5, -3)	()	-3	1	major	major	I	I, major	V/bVI	bVI	bVI/I	bVI	False	V65/bVI	V65/bVI, major		V65/bVI, major	bVI	bVI	-4	-4	-8	9	9	13	False	False	False
1734	1	57	3	A	0	3	4	1	1	True	1.75	4	73	73	73	73a	867/4	1/32	False	3	False				False	182	V65/bVI		Ab	I		V65/bVI		V		65		bVI	Mm7	False	False	(1, -2, -5, -3)	()	-3	1	major	major	I	I, major	V/bVI	bVI	bVI/I	bVI	False	V65/bVI	V65/bVI, major		V65/bVI, major	bVI	bVI	-4	-4	-8	7	7	11	False	False	False
1735	1	59	5	B	0	3	4	1	1	True	1.875	4	73	73	73	73a	1735/8	1/32	False	3	False				False	182	V65/bVI		Ab	I		V65/bVI		V		65		bVI	Mm7	False	False	(1, -2, -5, -3)	()	-3	1	major	major	I	I, major	V/bVI	bVI	bVI/I	bVI	False	V65/bVI	V65/bVI, major		V65/bVI, major	bVI	bVI	-4	-4	-8	9	9	13	False	False	False
1736	4	39	9	D	1	3	4	2	1	True	2.0	4	73	73	73	73a	217	1/8	False	2	False				False	182	V65/bVI		Ab	I		V65/bVI		V		65		bVI	Mm7	False	False	(1, -2, -5, -3)	()	-3	1	major	major	I	I, major	V/bVI	bVI	bVI/I	bVI	False	V65/bVI	V65/bVI, major		V65/bVI, major	bVI	bVI	-4	-4	-8	13	13	17	False	False	False
1736	4	47	5	B	0	3	4	2	1	True	2.0	4	73	73	73	73a	217	1/8	False	2	False				False	182	V65/bVI		Ab	I		V65/bVI		V		65		bVI	Mm7	False	False	(1, -2, -5, -3)	()	-3	1	major	major	I	I, major	V/bVI	bVI	bVI/I	bVI	False	V65/bVI	V65/bVI, major		V65/bVI, major	bVI	bVI	-4	-4	-8	9	9	13	False	False	False
1736	4	51	9	D	1	3	4	2	1	True	2.0	4	73	73	73	73a	217	1/8	False	3	False				False	182	V65/bVI		Ab	I		V65/bVI		V		65		bVI	Mm7	False	False	(1, -2, -5, -3)	()	-3	1	major	major	I	I, major	V/bVI	bVI	bVI/I	bVI	False	V65/bVI	V65/bVI, major		V65/bVI, major	bVI	bVI	-4	-4	-8	13	13	17	False	False	False
1736	1	66	6	F	1	3	4	1	1	True	2.0	4	73	73	73	73a	217	1/32	False	4	False				False	182	V65/bVI		Ab	I		V65/bVI		V		65		bVI	Mm7	False	False	(1, -2, -5, -3)	()	-3	1	major	major	I	I, major	V/bVI	bVI	bVI/I	bVI	False	V65/bVI	V65/bVI, major		V65/bVI, major	bVI	bVI	-4	-4	-8	10	10	14	False	False	False
1737	1	71	5	B	0	3	4	1	1	True	2.125	4	73	73	73	73a	1737/8	1/32	False	4	False				False	182	V65/bVI		Ab	I		V65/bVI		V		65		bVI	Mm7	False	False	(1, -2, -5, -3)	()	-3	1	major	major	I	I, major	V/bVI	bVI	bVI/I	bVI	False	V65/bVI	V65/bVI, major		V65/bVI, major	bVI	bVI	-4	-4	-8	9	9	13	False	False	False
1738	1	69	3	A	0	3	4	1	1	True	2.25	4	73	73	73	73a	869/4	1/32	False	4	False				False	182	V65/bVI		Ab	I		V65/bVI		V		65		bVI	Mm7	False	False	(1, -2, -5, -3)	()	-3	1	major	major	I	I, major	V/bVI	bVI	bVI/I	bVI	False	V65/bVI	V65/bVI, major		V65/bVI, major	bVI	bVI	-4	-4	-8	7	7	11	False	False	False
1739	1	71	5	B	0	3	4	1	1	True	2.375	4	73	73	73	73a	1739/8	1/32	False	4	False				False	182	V65/bVI		Ab	I		V65/bVI		V		65		bVI	Mm7	False	False	(1, -2, -5, -3)	()	-3	1	major	major	I	I, major	V/bVI	bVI	bVI/I	bVI	False	V65/bVI	V65/bVI, major		V65/bVI, major	bVI	bVI	-4	-4	-8	9	9	13	False	False	False
1740	1	78	6	F	1	3	4	1	1	True	2.5	4	73	73	73	73a	435/2	1/32	False	5	False				False	182	V65/bVI		Ab	I		V65/bVI		V		65		bVI	Mm7	False	False	(1, -2, -5, -3)	()	-3	1	major	major	I	I, major	V/bVI	bVI	bVI/I	bVI	False	V65/bVI	V65/bVI, major		V65/bVI, major	bVI	bVI	-4	-4	-8	10	10	14	False	False	False
1741	1	71	5	B	0	3	4	1	1	True	2.625	4	73	73	73	73a	1741/8	1/32	False	4	False				False	182	V65/bVI		Ab	I		V65/bVI		V		65		bVI	Mm7	False	False	(1, -2, -5, -3)	()	-3	1	major	major	I	I, major	V/bVI	bVI	bVI/I	bVI	False	V65/bVI	V65/bVI, major		V65/bVI, major	bVI	bVI	-4	-4	-8	9	9	13	False	False	False
1742	1	69	3	A	0	3	4	1	1	True	2.75	4	73	73	73	73a	871/4	1/32	False	4	False				False	182	V65/bVI		Ab	I		V65/bVI		V		65		bVI	Mm7	False	False	(1, -2, -5, -3)	()	-3	1	major	major	I	I, major	V/bVI	bVI	bVI/I	bVI	False	V65/bVI	V65/bVI, major		V65/bVI, major	bVI	bVI	-4	-4	-8	7	7	11	False	False	False
1743	1	71	5	B	0	3	4	1	1	True	2.875	4	73	73	73	73a	1743/8	1/32	False	4	False				False	182	V65/bVI		Ab	I		V65/bVI		V		65		bVI	Mm7	False	False	(1, -2, -5, -3)	()	-3	1	major	major	I	I, major	V/bVI	bVI	bVI/I	bVI	False	V65/bVI	V65/bVI, major		V65/bVI, major	bVI	bVI	-4	-4	-8	9	9	13	False	False	False
1744	4	39	9	D	1	3	4	2	1	True	3.0	4	73	73	73	73a	218	1/8	False	2	False				False	182	V65/bVI		Ab	I		V65/bVI		V		65		bVI	Mm7	False	False	(1, -2, -5, -3)	()	-3	1	major	major	I	I, major	V/bVI	bVI	bVI/I	bVI	False	V65/bVI	V65/bVI, major		V65/bVI, major	bVI	bVI	-4	-4	-8	13	13	17	False	False	False
1744	4	47	5	B	0	3	4	2	1	True	3.0	4	73	73	73	73a	218	1/8	False	2	False				False	182	V65/bVI		Ab	I		V65/bVI		V		65		bVI	Mm7	False	False	(1, -2, -5, -3)	()	-3	1	major	major	I	I, major	V/bVI	bVI	bVI/I	bVI	False	V65/bVI	V65/bVI, major		V65/bVI, major	bVI	bVI	-4	-4	-8	9	9	13	False	False	False
1744	4	51	9	D	1	3	4	2	1	True	3.0	4	73	73	73	73a	218	1/8	False	3	False				False	182	V65/bVI		Ab	I		V65/bVI		V		65		bVI	Mm7	False	False	(1, -2, -5, -3)	()	-3	1	major	major	I	I, major	V/bVI	bVI	bVI/I	bVI	False	V65/bVI	V65/bVI, major		V65/bVI, major	bVI	bVI	-4	-4	-8	13	13	17	False	False	False
1744	1	78	6	F	1	3	4	1	1	True	3.0	4	73	73	73	73a	218	1/32	False	5	False				False	182	V65/bVI		Ab	I		V65/bVI		V		65		bVI	Mm7	False	False	(1, -2, -5, -3)	()	-3	1	major	major	I	I, major	V/bVI	bVI	bVI/I	bVI	False	V65/bVI	V65/bVI, major		V65/bVI, major	bVI	bVI	-4	-4	-8	10	10	14	False	False	False
1745	1	83	5	B	0	3	4	1	1	True	3.125	4	73	73	73	73a	1745/8	1/32	False	5	False				False	182	V65/bVI		Ab	I		V65/bVI		V		65		bVI	Mm7	False	False	(1, -2, -5, -3)	()	-3	1	major	major	I	I, major	V/bVI	bVI	bVI/I	bVI	False	V65/bVI	V65/bVI, major		V65/bVI, major	bVI	bVI	-4	-4	-8	9	9	13	False	False	False
1746	1	81	3	A	0	3	4	1	1	True	3.25	4	73	73	73	73a	873/4	1/32	False	5	False				False	182	V65/bVI		Ab	I		V65/bVI		V		65		bVI	Mm7	False	False	(1, -2, -5, -3)	()	-3	1	major	major	I	I, major	V/bVI	bVI	bVI/I	bVI	False	V65/bVI	V65/bVI, major		V65/bVI, major	bVI	bVI	-4	-4	-8	7	7	11	False	False	False
1747	1	83	5	B	0	3	4	1	1	True	3.375	4	73	73	73	73a	1747/8	1/32	False	5	False				False	182	V65/bVI		Ab	I		V65/bVI		V		65		bVI	Mm7	False	False	(1, -2, -5, -3)	()	-3	1	major	major	I	I, major	V/bVI	bVI	bVI/I	bVI	False	V65/bVI	V65/bVI, major		V65/bVI, major	bVI	bVI	-4	-4	-8	9	9	13	False	False	False
1748	1	90	6	F	1	3	4	1	1	True	3.5	4	73	73	73	73a	437/2	1/32	False	6	False				False	182	V65/bVI		Ab	I		V65/bVI		V		65		bVI	Mm7	False	False	(1, -2, -5, -3)	()	-3	1	major	major	I	I, major	V/bVI	bVI	bVI/I	bVI	False	V65/bVI	V65/bVI, major		V65/bVI, major	bVI	bVI	-4	-4	-8	10	10	14	False	False	False
1749	1	83	5	B	0	3	4	1	1	True	3.625	4	73	73	73	73a	1749/8	1/32	False	5	False				False	182	V65/bVI		Ab	I		V65/bVI		V		65		bVI	Mm7	False	False	(1, -2, -5, -3)	()	-3	1	major	major	I	I, major	V/bVI	bVI	bVI/I	bVI	False	V65/bVI	V65/bVI, major		V65/bVI, major	bVI	bVI	-4	-4	-8	9	9	13	False	False	False
1750	1	81	3	A	0	3	4	1	1	True	3.75	4	73	73	73	73a	875/4	1/32	False	5	False				False	182	V65/bVI		Ab	I		V65/bVI		V		65		bVI	Mm7	False	False	(1, -2, -5, -3)	()	-3	1	major	major	I	I, major	V/bVI	bVI	bVI/I	bVI	False	V65/bVI	V65/bVI, major		V65/bVI, major	bVI	bVI	-4	-4	-8	7	7	11	False	False	False
1751	1	83	5	B	0	3	4	1	1	True	3.875	4	73	73	73	73a	1751/8	1/32	False	5	False				False	182	V65/bVI		Ab	I		V65/bVI		V		65		bVI	Mm7	False	False	(1, -2, -5, -3)	()	-3	1	major	major	I	I, major	V/bVI	bVI	bVI/I	bVI	False	V65/bVI	V65/bVI, major		V65/bVI, major	bVI	bVI	-4	-4	-8	9	9	13	False	False	False
1752	4	40	4	E	0	3	4	2	1	True	1.0	4	74	74	74	74a	219	1/8	False	2	True				False	183	I/bVI		Ab	I		I/bVI		I				bVI	M	False	False	(-4, 0, -3)	()	-4	-4	major	major	I	I, major	I/bVI	bVI	bVI/I	bVI	False	I/bVI	I/bVI, major		I/bVI, major	bVI	bVI	-4	-4	-8	8	8	12	False	False	False
1752	4	47	5	B	0	3	4	2	1	True	1.0	4	74	74	74	74a	219	1/8	False	2	True				False	183	I/bVI		Ab	I		I/bVI		I				bVI	M	False	False	(-4, 0, -3)	()	-4	-4	major	major	I	I, major	I/bVI	bVI	bVI/I	bVI	False	I/bVI	I/bVI, major		I/bVI, major	bVI	bVI	-4	-4	-8	9	9	13	False	False	False
1752	4	52	4	E	0	3	4	2	1	True	1.0	4	74	74	74	74a	219	1/8	False	3	True				False	183	I/bVI		Ab	I		I/bVI		I				bVI	M	False	False	(-4, 0, -3)	()	-4	-4	major	major	I	I, major	I/bVI	bVI	bVI/I	bVI	False	I/bVI	I/bVI, major		I/bVI, major	bVI	bVI	-4	-4	-8	8	8	12	False	False	False
1752	1	80	8	G	1	3	4	1	1	True	1.0	4	74	74	74	74a	219	1/32	False	5	True				False	183	I/bVI		Ab	I		I/bVI		I				bVI	M	False	False	(-4, 0, -3)	()	-4	-4	major	major	I	I, major	I/bVI	bVI	bVI/I	bVI	False	I/bVI	I/bVI, major		I/bVI, major	bVI	bVI	-4	-4	-8	12	12	16	False	False	False
1753	1	92	8	G	1	3	4	1	1	True	1.125	4	74	74	74	74a	1753/8	1/32	False	6	False				False	183	I/bVI		Ab	I		I/bVI		I				bVI	M	False	False	(-4, 0, -3)	()	-4	-4	major	major	I	I, major	I/bVI	bVI	bVI/I	bVI	False	I/bVI	I/bVI, major		I/bVI, major	bVI	bVI	-4	-4	-8	12	12	16	False	False	False
1754	1	83	5	B	0	3	4	1	1	True	1.25	4	74	74	74	74a	877/4	1/32	False	5	False				False	183	I/bVI		Ab	I		I/bVI		I				bVI	M	False	False	(-4, 0, -3)	()	-4	-4	major	major	I	I, major	I/bVI	bVI	bVI/I	bVI	False	I/bVI	I/bVI, major		I/bVI, major	bVI	bVI	-4	-4	-8	9	9	13	False	False	False
1755	1	92	8	G	1	3	4	1	1	True	1.375	4	74	74	74	74a	1755/8	1/32	False	6	False				False	183	I/bVI		Ab	I		I/bVI		I				bVI	M	False	False	(-4, 0, -3)	()	-4	-4	major	major	I	I, major	I/bVI	bVI	bVI/I	bVI	False	I/bVI	I/bVI, major		I/bVI, major	bVI	bVI	-4	-4	-8	12	12	16	False	False	False
1756	4	52	4	E	0	3	4	2	1	True	1.5	4	74	74	74	74a	439/2	1/8	False	3	False				False	183	I/bVI		Ab	I		I/bVI		I				bVI	M	False	False	(-4, 0, -3)	()	-4	-4	major	major	I	I, major	I/bVI	bVI	bVI/I	bVI	False	I/bVI	I/bVI, major		I/bVI, major	bVI	bVI	-4	-4	-8	8	8	12	False	False	False
1756	4	64	4	E	0	3	4	2	1	True	1.5	4	74	74	74	74a	439/2	1/8	False	4	False				False	183	I/bVI		Ab	I		I/bVI		I				bVI	M	False	False	(-4, 0, -3)	()	-4	-4	major	major	I	I, major	I/bVI	bVI	bVI/I	bVI	False	I/bVI	I/bVI, major		I/bVI, major	bVI	bVI	-4	-4	-8	8	8	12	False	False	False
1756	1	80	8	G	1	3	4	1	1	True	1.5	4	74	74	74	74a	439/2	1/32	False	5	False				False	183	I/bVI		Ab	I		I/bVI		I				bVI	M	False	False	(-4, 0, -3)	()	-4	-4	major	major	I	I, major	I/bVI	bVI	bVI/I	bVI	False	I/bVI	I/bVI, major		I/bVI, major	bVI	bVI	-4	-4	-8	12	12	16	False	False	False
1757	1	92	8	G	1	3	4	1	1	True	1.625	4	74	74	74	74a	1757/8	1/32	False	6	False				False	183	I/bVI		Ab	I		I/bVI		I				bVI	M	False	False	(-4, 0, -3)	()	-4	-4	major	major	I	I, major	I/bVI	bVI	bVI/I	bVI	False	I/bVI	I/bVI, major		I/bVI, major	bVI	bVI	-4	-4	-8	12	12	16	False	False	False
1758	1	83	5	B	0	3	4	1	1	True	1.75	4	74	74	74	74a	879/4	1/32	False	5	False				False	183	I/bVI		Ab	I		I/bVI		I				bVI	M	False	False	(-4, 0, -3)	()	-4	-4	major	major	I	I, major	I/bVI	bVI	bVI/I	bVI	False	I/bVI	I/bVI, major		I/bVI, major	bVI	bVI	-4	-4	-8	9	9	13	False	False	False
1759	1	92	8	G	1	3	4	1	1	True	1.875	4	74	74	74	74a	1759/8	1/32	False	6	False				False	183	I/bVI		Ab	I		I/bVI		I				bVI	M	False	False	(-4, 0, -3)	()	-4	-4	major	major	I	I, major	I/bVI	bVI	bVI/I	bVI	False	I/bVI	I/bVI, major		I/bVI, major	bVI	bVI	-4	-4	-8	12	12	16	False	False	False
1760	4	52	4	E	0	3	4	2	1	True	2.0	4	74	74	74	74a	220	1/8	False	3	False				False	183	I/bVI		Ab	I		I/bVI		I				bVI	M	False	False	(-4, 0, -3)	()	-4	-4	major	major	I	I, major	I/bVI	bVI	bVI/I	bVI	False	I/bVI	I/bVI, major		I/bVI, major	bVI	bVI	-4	-4	-8	8	8	12	False	False	False
1760	4	64	4	E	0	3	4	2	1	True	2.0	4	74	74	74	74a	220	1/8	False	4	False				False	183	I/bVI		Ab	I		I/bVI		I				bVI	M	False	False	(-4, 0, -3)	()	-4	-4	major	major	I	I, major	I/bVI	bVI	bVI/I	bVI	False	I/bVI	I/bVI, major		I/bVI, major	bVI	bVI	-4	-4	-8	8	8	12	False	False	False
1760	1	80	8	G	1	3	4	1	1	True	2.0	4	74	74	74	74a	220	1/32	False	5	False				False	183	I/bVI		Ab	I		I/bVI		I				bVI	M	False	False	(-4, 0, -3)	()	-4	-4	major	major	I	I, major	I/bVI	bVI	bVI/I	bVI	False	I/bVI	I/bVI, major		I/bVI, major	bVI	bVI	-4	-4	-8	12	12	16	False	False	False
1761	1	92	8	G	1	3	4	1	1	True	2.125	4	74	74	74	74a	1761/8	1/32	False	6	False				False	183	I/bVI		Ab	I		I/bVI		I				bVI	M	False	False	(-4, 0, -3)	()	-4	-4	major	major	I	I, major	I/bVI	bVI	bVI/I	bVI	False	I/bVI	I/bVI, major		I/bVI, major	bVI	bVI	-4	-4	-8	12	12	16	False	False	False
1762	1	83	5	B	0	3	4	1	1	True	2.25	4	74	74	74	74a	881/4	1/32	False	5	False				False	183	I/bVI		Ab	I		I/bVI		I				bVI	M	False	False	(-4, 0, -3)	()	-4	-4	major	major	I	I, major	I/bVI	bVI	bVI/I	bVI	False	I/bVI	I/bVI, major		I/bVI, major	bVI	bVI	-4	-4	-8	9	9	13	False	False	False
1763	1	92	8	G	1	3	4	1	1	True	2.375	4	74	74	74	74a	1763/8	1/32	False	6	False				False	183	I/bVI		Ab	I		I/bVI		I				bVI	M	False	False	(-4, 0, -3)	()	-4	-4	major	major	I	I, major	I/bVI	bVI	bVI/I	bVI	False	I/bVI	I/bVI, major		I/bVI, major	bVI	bVI	-4	-4	-8	12	12	16	False	False	False
1764	4	49	7	C	1	3	4	2	1	True	2.5	4	74	74	74	74a	441/2	1/8	False	3	True				False	184	IV6/bVI		Ab	I		IV6/bVI		IV		6		bVI	M	False	False	(-1, -4, -5)	()	-5	-1	major	major	I	I, major	IV/bVI	bVI	bVI/I	bVI	False	IV6/bVI	IV6/bVI, major		IV6/bVI, major	bVI	bVI	-4	-4	-8	11	11	15	False	False	False
1764	4	52	4	E	0	3	4	2	1	True	2.5	4	74	74	74	74a	441/2	1/8	False	3	True				False	184	IV6/bVI		Ab	I		IV6/bVI		IV		6		bVI	M	False	False	(-1, -4, -5)	()	-5	-1	major	major	I	I, major	IV/bVI	bVI	bVI/I	bVI	False	IV6/bVI	IV6/bVI, major		IV6/bVI, major	bVI	bVI	-4	-4	-8	8	8	12	False	False	False
1764	4	61	7	C	1	3	4	2	1	True	2.5	4	74	74	74	74a	441/2	1/8	False	4	True				False	184	IV6/bVI		Ab	I		IV6/bVI		IV		6		bVI	M	False	False	(-1, -4, -5)	()	-5	-1	major	major	I	I, major	IV/bVI	bVI	bVI/I	bVI	False	IV6/bVI	IV6/bVI, major		IV6/bVI, major	bVI	bVI	-4	-4	-8	11	11	15	False	False	False
1764	1	81	3	A	0	3	4	1	1	True	2.5	4	74	74	74	74a	441/2	1/32	False	5	True				False	184	IV6/bVI		Ab	I		IV6/bVI		IV		6		bVI	M	False	False	(-1, -4, -5)	()	-5	-1	major	major	I	I, major	IV/bVI	bVI	bVI/I	bVI	False	IV6/bVI	IV6/bVI, major		IV6/bVI, major	bVI	bVI	-4	-4	-8	7	7	11	False	False	False
1765	1	93	3	A	0	3	4	1	1	True	2.625	4	74	74	74	74a	1765/8	1/32	False	6	False				False	184	IV6/bVI		Ab	I		IV6/bVI		IV		6		bVI	M	False	False	(-1, -4, -5)	()	-5	-1	major	major	I	I, major	IV/bVI	bVI	bVI/I	bVI	False	IV6/bVI	IV6/bVI, major		IV6/bVI, major	bVI	bVI	-4	-4	-8	7	7	11	False	False	False
1766	1	88	4	E	0	3	4	1	1	True	2.75	4	74	74	74	74a	883/4	1/32	False	6	False				False	184	IV6/bVI		Ab	I		IV6/bVI		IV		6		bVI	M	False	False	(-1, -4, -5)	()	-5	-1	major	major	I	I, major	IV/bVI	bVI	bVI/I	bVI	False	IV6/bVI	IV6/bVI, major		IV6/bVI, major	bVI	bVI	-4	-4	-8	8	8	12	False	False	False
1767	1	93	3	A	0	3	4	1	1	True	2.875	4	74	74	74	74a	1767/8	1/32	False	6	False				False	184	IV6/bVI		Ab	I		IV6/bVI		IV		6		bVI	M	False	False	(-1, -4, -5)	()	-5	-1	major	major	I	I, major	IV/bVI	bVI	bVI/I	bVI	False	IV6/bVI	IV6/bVI, major		IV6/bVI, major	bVI	bVI	-4	-4	-8	7	7	11	False	False	False
1768	4	49	7	C	1	3	4	2	1	True	3.0	4	74	74	74	74a	221	1/8	False	3	False				False	184	IV6/bVI		Ab	I		IV6/bVI		IV		6		bVI	M	False	False	(-1, -4, -5)	()	-5	-1	major	major	I	I, major	IV/bVI	bVI	bVI/I	bVI	False	IV6/bVI	IV6/bVI, major		IV6/bVI, major	bVI	bVI	-4	-4	-8	11	11	15	False	False	False
1768	4	52	4	E	0	3	4	2	1	True	3.0	4	74	74	74	74a	221	1/8	False	3	False				False	184	IV6/bVI		Ab	I		IV6/bVI		IV		6		bVI	M	False	False	(-1, -4, -5)	()	-5	-1	major	major	I	I, major	IV/bVI	bVI	bVI/I	bVI	False	IV6/bVI	IV6/bVI, major		IV6/bVI, major	bVI	bVI	-4	-4	-8	8	8	12	False	False	False
1768	4	61	7	C	1	3	4	2	1	True	3.0	4	74	74	74	74a	221	1/8	False	4	False				False	184	IV6/bVI		Ab	I		IV6/bVI		IV		6		bVI	M	False	False	(-1, -4, -5)	()	-5	-1	major	major	I	I, major	IV/bVI	bVI	bVI/I	bVI	False	IV6/bVI	IV6/bVI, major		IV6/bVI, major	bVI	bVI	-4	-4	-8	11	11	15	False	False	False
1768	1	81	3	A	0	3	4	1	1	True	3.0	4	74	74	74	74a	221	1/32	False	5	False				False	184	IV6/bVI		Ab	I		IV6/bVI		IV		6		bVI	M	False	False	(-1, -4, -5)	()	-5	-1	major	major	I	I, major	IV/bVI	bVI	bVI/I	bVI	False	IV6/bVI	IV6/bVI, major		IV6/bVI, major	bVI	bVI	-4	-4	-8	7	7	11	False	False	False
1769	1	93	3	A	0	3	4	1	1	True	3.125	4	74	74	74	74a	1769/8	1/32	False	6	False				False	184	IV6/bVI		Ab	I		IV6/bVI		IV		6		bVI	M	False	False	(-1, -4, -5)	()	-5	-1	major	major	I	I, major	IV/bVI	bVI	bVI/I	bVI	False	IV6/bVI	IV6/bVI, major		IV6/bVI, major	bVI	bVI	-4	-4	-8	7	7	11	False	False	False
1770	1	88	4	E	0	3	4	1	1	True	3.25	4	74	74	74	74a	885/4	1/32	False	6	False				False	184	IV6/bVI		Ab	I		IV6/bVI		IV		6		bVI	M	False	False	(-1, -4, -5)	()	-5	-1	major	major	I	I, major	IV/bVI	bVI	bVI/I	bVI	False	IV6/bVI	IV6/bVI, major		IV6/bVI, major	bVI	bVI	-4	-4	-8	8	8	12	False	False	False
1771	1	93	3	A	0	3	4	1	1	True	3.375	4	74	74	74	74a	1771/8	1/32	False	6	False				False	184	IV6/bVI		Ab	I		IV6/bVI		IV		6		bVI	M	False	False	(-1, -4, -5)	()	-5	-1	major	major	I	I, major	IV/bVI	bVI	bVI/I	bVI	False	IV6/bVI	IV6/bVI, major		IV6/bVI, major	bVI	bVI	-4	-4	-8	7	7	11	False	False	False
1772	4	48	0	C	0	3	4	2	1	True	3.5	4	74	74	74	74a	443/2	1/8	False	3	True				False	185	It6/bVI		Ab	I		It6/bVI	It	vii	o	6	b3	V/bVI	It	False	False	(-8, -4, 2)	()	2	-8	major	major	I	I, major	vii/V/bVI	bIII	V/bVI/I	bIII	False	viio6/V/bVI	viio6/V/bVI, major		It6/bVI, major	bVI	bVI	-4	-4	-7	4	4	7	False	False	False
1772	4	52	4	E	0	3	4	2	1	True	3.5	4	74	74	74	74a	443/2	1/8	False	3	True				False	185	It6/bVI		Ab	I		It6/bVI	It	vii	o	6	b3	V/bVI	It	False	False	(-8, -4, 2)	()	2	-8	major	major	I	I, major	vii/V/bVI	bIII	V/bVI/I	bIII	False	viio6/V/bVI	viio6/V/bVI, major		It6/bVI, major	bVI	bVI	-4	-4	-7	8	8	11	False	False	False
1772	4	60	0	C	0	3	4	2	1	True	3.5	4	74	74	74	74a	443/2	1/8	False	4	True				False	185	It6/bVI		Ab	I		It6/bVI	It	vii	o	6	b3	V/bVI	It	False	False	(-8, -4, 2)	()	2	-8	major	major	I	I, major	vii/V/bVI	bIII	V/bVI/I	bIII	False	viio6/V/bVI	viio6/V/bVI, major		It6/bVI, major	bVI	bVI	-4	-4	-7	4	4	7	False	False	False
1772	1	82	10	A	1	3	4	1	1	True	3.5	4	74	74	74	74a	443/2	1/32	False	5	True				False	185	It6/bVI		Ab	I		It6/bVI	It	vii	o	6	b3	V/bVI	It	False	False	(-8, -4, 2)	()	2	-8	major	major	I	I, major	vii/V/bVI	bIII	V/bVI/I	bIII	False	viio6/V/bVI	viio6/V/bVI, major		It6/bVI, major	bVI	bVI	-4	-4	-7	14	14	17	False	False	False
1773	1	94	10	A	1	3	4	1	1	True	3.625	4	74	74	74	74a	1773/8	1/32	False	6	False				False	185	It6/bVI		Ab	I		It6/bVI	It	vii	o	6	b3	V/bVI	It	False	False	(-8, -4, 2)	()	2	-8	major	major	I	I, major	vii/V/bVI	bIII	V/bVI/I	bIII	False	viio6/V/bVI	viio6/V/bVI, major		It6/bVI, major	bVI	bVI	-4	-4	-7	14	14	17	False	False	False
1774	1	88	4	E	0	3	4	1	1	True	3.75	4	74	74	74	74a	887/4	1/32	False	6	False				False	185	It6/bVI		Ab	I		It6/bVI	It	vii	o	6	b3	V/bVI	It	False	False	(-8, -4, 2)	()	2	-8	major	major	I	I, major	vii/V/bVI	bIII	V/bVI/I	bIII	False	viio6/V/bVI	viio6/V/bVI, major		It6/bVI, major	bVI	bVI	-4	-4	-7	8	8	11	False	False	False
1775	1	94	10	A	1	3	4	1	1	True	3.875	4	74	74	74	74a	1775/8	1/32	False	6	False				False	185	It6/bVI		Ab	I		It6/bVI	It	vii	o	6	b3	V/bVI	It	False	False	(-8, -4, 2)	()	2	-8	major	major	I	I, major	vii/V/bVI	bIII	V/bVI/I	bIII	False	viio6/V/bVI	viio6/V/bVI, major		It6/bVI, major	bVI	bVI	-4	-4	-7	14	14	17	False	False	False
1776	4	48	0	C	0	3	4	2	1	True	1.0	4	75	75	75	75a	222	1/8	False	3	False				False	185	It6/bVI		Ab	I		It6/bVI	It	vii	o	6	b3	V/bVI	It	False	False	(-8, -4, 2)	()	2	-8	major	major	I	I, major	vii/V/bVI	bIII	V/bVI/I	bIII	False	viio6/V/bVI	viio6/V/bVI, major		It6/bVI, major	bVI	bVI	-4	-4	-7	4	4	7	False	False	False
1776	4	52	4	E	0	3	4	2	1	True	1.0	4	75	75	75	75a	222	1/8	False	3	False				False	185	It6/bVI		Ab	I		It6/bVI	It	vii	o	6	b3	V/bVI	It	False	False	(-8, -4, 2)	()	2	-8	major	major	I	I, major	vii/V/bVI	bIII	V/bVI/I	bIII	False	viio6/V/bVI	viio6/V/bVI, major		It6/bVI, major	bVI	bVI	-4	-4	-7	8	8	11	False	False	False
1776	4	60	0	C	0	3	4	2	1	True	1.0	4	75	75	75	75a	222	1/8	False	4	False				False	185	It6/bVI		Ab	I		It6/bVI	It	vii	o	6	b3	V/bVI	It	False	False	(-8, -4, 2)	()	2	-8	major	major	I	I, major	vii/V/bVI	bIII	V/bVI/I	bIII	False	viio6/V/bVI	viio6/V/bVI, major		It6/bVI, major	bVI	bVI	-4	-4	-7	4	4	7	False	False	False
1776	1	70	10	A	1	3	4	1	1	True	1.0	4	75	75	75	75a	222	1/32	False	4	False				False	185	It6/bVI		Ab	I		It6/bVI	It	vii	o	6	b3	V/bVI	It	False	False	(-8, -4, 2)	()	2	-8	major	major	I	I, major	vii/V/bVI	bIII	V/bVI/I	bIII	False	viio6/V/bVI	viio6/V/bVI, major		It6/bVI, major	bVI	bVI	-4	-4	-7	14	14	17	False	False	False
1777	1	82	10	A	1	3	4	1	1	True	1.125	4	75	75	75	75a	1777/8	1/32	False	5	False				False	185	It6/bVI		Ab	I		It6/bVI	It	vii	o	6	b3	V/bVI	It	False	False	(-8, -4, 2)	()	2	-8	major	major	I	I, major	vii/V/bVI	bIII	V/bVI/I	bIII	False	viio6/V/bVI	viio6/V/bVI, major		It6/bVI, major	bVI	bVI	-4	-4	-7	14	14	17	False	False	False
1778	1	76	4	E	0	3	4	1	1	True	1.25	4	75	75	75	75a	889/4	1/32	False	5	False				False	185	It6/bVI		Ab	I		It6/bVI	It	vii	o	6	b3	V/bVI	It	False	False	(-8, -4, 2)	()	2	-8	major	major	I	I, major	vii/V/bVI	bIII	V/bVI/I	bIII	False	viio6/V/bVI	viio6/V/bVI, major		It6/bVI, major	bVI	bVI	-4	-4	-7	8	8	11	False	False	False
1779	1	82	10	A	1	3	4	1	1	True	1.375	4	75	75	75	75a	1779/8	1/32	False	5	False				False	185	It6/bVI		Ab	I		It6/bVI	It	vii	o	6	b3	V/bVI	It	False	False	(-8, -4, 2)	()	2	-8	major	major	I	I, major	vii/V/bVI	bIII	V/bVI/I	bIII	False	viio6/V/bVI	viio6/V/bVI, major		It6/bVI, major	bVI	bVI	-4	-4	-7	14	14	17	False	False	False
1780	4	47	5	B	0	3	4	2	1	True	1.5	4	75	75	75	75a	445/2	1/8	False	2	True				False	186	I64/bVI		Ab	I		I64/bVI		I		64		bVI	M	False	False	(-3, -4, 0)	()	-4	-3	major	major	I	I, major	I/bVI	bVI	bVI/I	bVI	False	I64/bVI	I64/bVI, major		I64/bVI, major	bVI	bVI	-4	-4	-8	9	9	13	False	False	False
1780	4	52	4	E	0	3	4	2	1	True	1.5	4	75	75	75	75a	445/2	1/8	False	3	True				False	186	I64/bVI		Ab	I		I64/bVI		I		64		bVI	M	False	False	(-3, -4, 0)	()	-4	-3	major	major	I	I, major	I/bVI	bVI	bVI/I	bVI	False	I64/bVI	I64/bVI, major		I64/bVI, major	bVI	bVI	-4	-4	-8	8	8	12	False	False	False
1780	4	59	5	B	0	3	4	2	1	True	1.5	4	75	75	75	75a	445/2	1/8	False	3	True				False	186	I64/bVI		Ab	I		I64/bVI		I		64		bVI	M	False	False	(-3, -4, 0)	()	-4	-3	major	major	I	I, major	I/bVI	bVI	bVI/I	bVI	False	I64/bVI	I64/bVI, major		I64/bVI, major	bVI	bVI	-4	-4	-8	9	9	13	False	False	False
1780	1	71	5	B	0	3	4	1	1	True	1.5	4	75	75	75	75a	445/2	1/32	False	4	True				False	186	I64/bVI		Ab	I		I64/bVI		I		64		bVI	M	False	False	(-3, -4, 0)	()	-4	-3	major	major	I	I, major	I/bVI	bVI	bVI/I	bVI	False	I64/bVI	I64/bVI, major		I64/bVI, major	bVI	bVI	-4	-4	-8	9	9	13	False	False	False
1781	1	83	5	B	0	3	4	1	1	True	1.625	4	75	75	75	75a	1781/8	1/32	False	5	False				False	186	I64/bVI		Ab	I		I64/bVI		I		64		bVI	M	False	False	(-3, -4, 0)	()	-4	-3	major	major	I	I, major	I/bVI	bVI	bVI/I	bVI	False	I64/bVI	I64/bVI, major		I64/bVI, major	bVI	bVI	-4	-4	-8	9	9	13	False	False	False
1782	1	76	4	E	0	3	4	1	1	True	1.75	4	75	75	75	75a	891/4	1/32	False	5	False				False	186	I64/bVI		Ab	I		I64/bVI		I		64		bVI	M	False	False	(-3, -4, 0)	()	-4	-3	major	major	I	I, major	I/bVI	bVI	bVI/I	bVI	False	I64/bVI	I64/bVI, major		I64/bVI, major	bVI	bVI	-4	-4	-8	8	8	12	False	False	False
1783	1	83	5	B	0	3	4	1	1	True	1.875	4	75	75	75	75a	1783/8	1/32	False	5	False				False	186	I64/bVI		Ab	I		I64/bVI		I		64		bVI	M	False	False	(-3, -4, 0)	()	-4	-3	major	major	I	I, major	I/bVI	bVI	bVI/I	bVI	False	I64/bVI	I64/bVI, major		I64/bVI, major	bVI	bVI	-4	-4	-8	9	9	13	False	False	False
1784	4	45	3	A	0	3	4	2	1	True	2.0	4	75	75	75	75a	223	1/8	False	2	True				False	187	IV(9)/bVI		Ab	I		IV(9)/bVI		IV			9	bVI	M	False	False	(-5, -1, -4)	(-3,)	-5	-5	major	major	I	I, major	IV/bVI	bVI	bVI/I	bVI	False	IV/bVI	IV/bVI, major		IV(9)/bVI, major	bVI	bVI	-4	-4	-8	7	7	11	False	False	False
1784	4	52	4	E	0	3	4	2	1	True	2.0	4	75	75	75	75a	223	1/8	False	3	True				False	187	IV(9)/bVI		Ab	I		IV(9)/bVI		IV			9	bVI	M	False	False	(-5, -1, -4)	(-3,)	-5	-5	major	major	I	I, major	IV/bVI	bVI	bVI/I	bVI	False	IV/bVI	IV/bVI, major		IV(9)/bVI, major	bVI	bVI	-4	-4	-8	8	8	12	False	False	False
1784	4	57	3	A	0	3	4	2	1	True	2.0	4	75	75	75	75a	223	1/8	False	3	True				False	187	IV(9)/bVI		Ab	I		IV(9)/bVI		IV			9	bVI	M	False	False	(-5, -1, -4)	(-3,)	-5	-5	major	major	I	I, major	IV/bVI	bVI	bVI/I	bVI	False	IV/bVI	IV/bVI, major		IV(9)/bVI, major	bVI	bVI	-4	-4	-8	7	7	11	False	False	False
1784	1	71	5	B	0	3	4	1	1	True	2.0	4	75	75	75	75a	223	1/32	False	4	True				False	187	IV(9)/bVI		Ab	I		IV(9)/bVI		IV			9	bVI	M	False	False	(-5, -1, -4)	(-3,)	-5	-5	major	major	I	I, major	IV/bVI	bVI	bVI/I	bVI	False	IV/bVI	IV/bVI, major		IV(9)/bVI, major	bVI	bVI	-4	-4	-8	9	9	13	False	False	False
1785	1	83	5	B	0	3	4	1	1	True	2.125	4	75	75	75	75a	1785/8	1/32	False	5	False				False	187	IV(9)/bVI		Ab	I		IV(9)/bVI		IV			9	bVI	M	False	False	(-5, -1, -4)	(-3,)	-5	-5	major	major	I	I, major	IV/bVI	bVI	bVI/I	bVI	False	IV/bVI	IV/bVI, major		IV(9)/bVI, major	bVI	bVI	-4	-4	-8	9	9	13	False	False	False
1786	1	76	4	E	0	3	4	1	1	True	2.25	4	75	75	75	75a	893/4	1/32	False	5	False				False	187	IV(9)/bVI		Ab	I		IV(9)/bVI		IV			9	bVI	M	False	False	(-5, -1, -4)	(-3,)	-5	-5	major	major	I	I, major	IV/bVI	bVI	bVI/I	bVI	False	IV/bVI	IV/bVI, major		IV(9)/bVI, major	bVI	bVI	-4	-4	-8	8	8	12	False	False	False
1787	1	83	5	B	0	3	4	1	1	True	2.375	4	75	75	75	75a	1787/8	1/32	False	5	False				False	187	IV(9)/bVI		Ab	I		IV(9)/bVI		IV			9	bVI	M	False	False	(-5, -1, -4)	(-3,)	-5	-5	major	major	I	I, major	IV/bVI	bVI	bVI/I	bVI	False	IV/bVI	IV/bVI, major		IV(9)/bVI, major	bVI	bVI	-4	-4	-8	9	9	13	False	False	False
1788	4	44	8	G	1	3	4	2	1	True	2.5	4	75	75	75	75a	447/2	1/8	False	2	True				False	188	V+6/IV/bVI		Ab	I		V+6/IV/bVI		V	+	6		IV/bVI	+	False	False	(0, 4, -4)	()	-4	0	major	major	I	I, major	V/IV/bVI	bII	IV/bVI/I	bII	False	V+6/IV/bVI	V+6/IV/bVI, major		V+6/IV/bVI, major	bVI	bVI	-4	-4	-9	12	12	17	False	False	False
1788	4	52	4	E	0	3	4	2	1	True	2.5	4	75	75	75	75a	447/2	1/8	False	3	True				False	188	V+6/IV/bVI		Ab	I		V+6/IV/bVI		V	+	6		IV/bVI	+	False	False	(0, 4, -4)	()	-4	0	major	major	I	I, major	V/IV/bVI	bII	IV/bVI/I	bII	False	V+6/IV/bVI	V+6/IV/bVI, major		V+6/IV/bVI, major	bVI	bVI	-4	-4	-9	8	8	13	False	False	False
1788	4	56	8	G	1	3	4	2	1	True	2.5	4	75	75	75	75a	447/2	1/8	False	3	True				False	188	V+6/IV/bVI		Ab	I		V+6/IV/bVI		V	+	6		IV/bVI	+	False	False	(0, 4, -4)	()	-4	0	major	major	I	I, major	V/IV/bVI	bII	IV/bVI/I	bII	False	V+6/IV/bVI	V+6/IV/bVI, major		V+6/IV/bVI, major	bVI	bVI	-4	-4	-9	12	12	17	False	False	False
1788	1	72	12	B	1	3	4	1	1	True	2.5	4	75	75	75	75a	447/2	1/32	False	4	True				False	188	V+6/IV/bVI		Ab	I		V+6/IV/bVI		V	+	6		IV/bVI	+	False	False	(0, 4, -4)	()	-4	0	major	major	I	I, major	V/IV/bVI	bII	IV/bVI/I	bII	False	V+6/IV/bVI	V+6/IV/bVI, major		V+6/IV/bVI, major	bVI	bVI	-4	-4	-9	16	16	21	False	False	False
1789	1	84	12	B	1	3	4	1	1	True	2.625	4	75	75	75	75a	1789/8	1/32	False	5	False				False	188	V+6/IV/bVI		Ab	I		V+6/IV/bVI		V	+	6		IV/bVI	+	False	False	(0, 4, -4)	()	-4	0	major	major	I	I, major	V/IV/bVI	bII	IV/bVI/I	bII	False	V+6/IV/bVI	V+6/IV/bVI, major		V+6/IV/bVI, major	bVI	bVI	-4	-4	-9	16	16	21	False	False	False
1790	1	76	4	E	0	3	4	1	1	True	2.75	4	75	75	75	75a	895/4	1/32	False	5	False				False	188	V+6/IV/bVI		Ab	I		V+6/IV/bVI		V	+	6		IV/bVI	+	False	False	(0, 4, -4)	()	-4	0	major	major	I	I, major	V/IV/bVI	bII	IV/bVI/I	bII	False	V+6/IV/bVI	V+6/IV/bVI, major		V+6/IV/bVI, major	bVI	bVI	-4	-4	-9	8	8	13	False	False	False
1791	1	84	12	B	1	3	4	1	1	True	2.875	4	75	75	75	75a	1791/8	1/32	False	5	False				False	188	V+6/IV/bVI		Ab	I		V+6/IV/bVI		V	+	6		IV/bVI	+	False	False	(0, 4, -4)	()	-4	0	major	major	I	I, major	V/IV/bVI	bII	IV/bVI/I	bII	False	V+6/IV/bVI	V+6/IV/bVI, major		V+6/IV/bVI, major	bVI	bVI	-4	-4	-9	16	16	21	False	False	False
1792	4	56	8	G	1	3	4	2	1	True	3.0	4	75	75	75	75a	224	1/8	False	3	False				False	188	V+6/IV/bVI		Ab	I		V+6/IV/bVI		V	+	6		IV/bVI	+	False	False	(0, 4, -4)	()	-4	0	major	major	I	I, major	V/IV/bVI	bII	IV/bVI/I	bII	False	V+6/IV/bVI	V+6/IV/bVI, major		V+6/IV/bVI, major	bVI	bVI	-4	-4	-9	12	12	17	False	False	False
1792	4	64	4	E	0	3	4	2	1	True	3.0	4	75	75	75	75a	224	1/8	False	4	False				False	188	V+6/IV/bVI		Ab	I		V+6/IV/bVI		V	+	6		IV/bVI	+	False	False	(0, 4, -4)	()	-4	0	major	major	I	I, major	V/IV/bVI	bII	IV/bVI/I	bII	False	V+6/IV/bVI	V+6/IV/bVI, major		V+6/IV/bVI, major	bVI	bVI	-4	-4	-9	8	8	13	False	False	False
1792	4	68	8	G	1	3	4	2	1	True	3.0	4	75	75	75	75a	224	1/8	False	4	False				False	188	V+6/IV/bVI		Ab	I		V+6/IV/bVI		V	+	6		IV/bVI	+	False	False	(0, 4, -4)	()	-4	0	major	major	I	I, major	V/IV/bVI	bII	IV/bVI/I	bII	False	V+6/IV/bVI	V+6/IV/bVI, major		V+6/IV/bVI, major	bVI	bVI	-4	-4	-9	12	12	17	False	False	False
1792	1	72	12	B	1	3	4	1	1	True	3.0	4	75	75	75	75a	224	1/32	False	4	False				False	188	V+6/IV/bVI		Ab	I		V+6/IV/bVI		V	+	6		IV/bVI	+	False	False	(0, 4, -4)	()	-4	0	major	major	I	I, major	V/IV/bVI	bII	IV/bVI/I	bII	False	V+6/IV/bVI	V+6/IV/bVI, major		V+6/IV/bVI, major	bVI	bVI	-4	-4	-9	16	16	21	False	False	False
1793	1	84	12	B	1	3	4	1	1	True	3.125	4	75	75	75	75a	1793/8	1/32	False	5	False				False	188	V+6/IV/bVI		Ab	I		V+6/IV/bVI		V	+	6		IV/bVI	+	False	False	(0, 4, -4)	()	-4	0	major	major	I	I, major	V/IV/bVI	bII	IV/bVI/I	bII	False	V+6/IV/bVI	V+6/IV/bVI, major		V+6/IV/bVI, major	bVI	bVI	-4	-4	-9	16	16	21	False	False	False
1794	1	76	4	E	0	3	4	1	1	True	3.25	4	75	75	75	75a	897/4	1/32	False	5	False				False	188	V+6/IV/bVI		Ab	I		V+6/IV/bVI		V	+	6		IV/bVI	+	False	False	(0, 4, -4)	()	-4	0	major	major	I	I, major	V/IV/bVI	bII	IV/bVI/I	bII	False	V+6/IV/bVI	V+6/IV/bVI, major		V+6/IV/bVI, major	bVI	bVI	-4	-4	-9	8	8	13	False	False	False
1795	1	84	12	B	1	3	4	1	1	True	3.375	4	75	75	75	75a	1795/8	1/32	False	5	False				False	188	V+6/IV/bVI		Ab	I		V+6/IV/bVI		V	+	6		IV/bVI	+	False	False	(0, 4, -4)	()	-4	0	major	major	I	I, major	V/IV/bVI	bII	IV/bVI/I	bII	False	V+6/IV/bVI	V+6/IV/bVI, major		V+6/IV/bVI, major	bVI	bVI	-4	-4	-9	16	16	21	False	False	False
1796	4	57	3	A	0	3	4	2	1	True	3.5	4	75	75	75	75a	449/2	1/8	False	3	True				False	189	IV/bVI		Ab	I		IV/bVI		IV				bVI	M	False	False	(-5, -1, -4)	()	-5	-5	major	major	I	I, major	IV/bVI	bVI	bVI/I	bVI	False	IV/bVI	IV/bVI, major		IV/bVI, major	bVI	bVI	-4	-4	-8	7	7	11	False	False	False
1796	4	64	4	E	0	3	4	2	1	True	3.5	4	75	75	75	75a	449/2	1/8	False	4	True				False	189	IV/bVI		Ab	I		IV/bVI		IV				bVI	M	False	False	(-5, -1, -4)	()	-5	-5	major	major	I	I, major	IV/bVI	bVI	bVI/I	bVI	False	IV/bVI	IV/bVI, major		IV/bVI, major	bVI	bVI	-4	-4	-8	8	8	12	False	False	False
1796	4	69	3	A	0	3	4	2	1	True	3.5	4	75	75	75	75a	449/2	1/8	False	4	True				False	189	IV/bVI		Ab	I		IV/bVI		IV				bVI	M	False	False	(-5, -1, -4)	()	-5	-5	major	major	I	I, major	IV/bVI	bVI	bVI/I	bVI	False	IV/bVI	IV/bVI, major		IV/bVI, major	bVI	bVI	-4	-4	-8	7	7	11	False	False	False
1796	1	73	7	C	1	3	4	1	1	True	3.5	4	75	75	75	75a	449/2	1/32	False	5	True				False	189	IV/bVI		Ab	I		IV/bVI		IV				bVI	M	False	False	(-5, -1, -4)	()	-5	-5	major	major	I	I, major	IV/bVI	bVI	bVI/I	bVI	False	IV/bVI	IV/bVI, major		IV/bVI, major	bVI	bVI	-4	-4	-8	11	11	15	False	False	False
1797	1	85	7	C	1	3	4	1	1	True	3.625	4	75	75	75	75a	1797/8	1/32	False	6	False				False	189	IV/bVI		Ab	I		IV/bVI		IV				bVI	M	False	False	(-5, -1, -4)	()	-5	-5	major	major	I	I, major	IV/bVI	bVI	bVI/I	bVI	False	IV/bVI	IV/bVI, major		IV/bVI, major	bVI	bVI	-4	-4	-8	11	11	15	False	False	False
1798	1	76	4	E	0	3	4	1	1	True	3.75	4	75	75	75	75a	899/4	1/32	False	5	False				False	189	IV/bVI		Ab	I		IV/bVI		IV				bVI	M	False	False	(-5, -1, -4)	()	-5	-5	major	major	I	I, major	IV/bVI	bVI	bVI/I	bVI	False	IV/bVI	IV/bVI, major		IV/bVI, major	bVI	bVI	-4	-4	-8	8	8	12	False	False	False
1799	1	85	7	C	1	3	4	1	1	True	3.875	4	75	75	75	75a	1799/8	1/32	False	6	False				False	189	IV/bVI		Ab	I		IV/bVI		IV				bVI	M	False	False	(-5, -1, -4)	()	-5	-5	major	major	I	I, major	IV/bVI	bVI	bVI/I	bVI	False	IV/bVI	IV/bVI, major		IV/bVI, major	bVI	bVI	-4	-4	-8	11	11	15	False	False	False
1800	6	85	7	C	1	3	4	1	1	True	1.0	4	76	76	76	76a	225	3/16	False	6	False				False	189	IV/bVI		Ab	I		IV/bVI		IV				bVI	M	False	False	(-5, -1, -4)	()	-5	-5	major	major	I	I, major	IV/bVI	bVI	bVI/I	bVI	False	IV/bVI	IV/bVI, major		IV/bVI, major	bVI	bVI	-4	-4	-8	11	11	15	False	False	False
1802	2	69	3	A	0	3	4	2	1	True	1.25	4	76	76	76	76a	901/4	1/16	False	4	False				False	189	IV/bVI		Ab	I		IV/bVI		IV				bVI	M	False	False	(-5, -1, -4)	()	-5	-5	major	major	I	I, major	IV/bVI	bVI	bVI/I	bVI	False	IV/bVI	IV/bVI, major		IV/bVI, major	bVI	bVI	-4	-4	-8	7	7	11	False	False	False
1804	6	57	3	A	0	3	4	2	1	True	1.5	4	76	76	76	76a	451/2	3/16	False	3	False				False	189	IV/bVI		Ab	I		IV/bVI		IV				bVI	M	False	False	(-5, -1, -4)	()	-5	-5	major	major	I	I, major	IV/bVI	bVI	bVI/I	bVI	False	IV/bVI	IV/bVI, major		IV/bVI, major	bVI	bVI	-4	-4	-8	7	7	11	False	False	False
1806	2	73	7	C	1	3	4	1	1	True	1.75	4	76	76	76	76a	903/4	1/16	False	5	False				False	189	IV/bVI		Ab	I		IV/bVI		IV				bVI	M	False	False	(-5, -1, -4)	()	-5	-5	major	major	I	I, major	IV/bVI	bVI	bVI/I	bVI	False	IV/bVI	IV/bVI, major		IV/bVI, major	bVI	bVI	-4	-4	-8	11	11	15	False	False	False
1808	6	83	5	B	0	3	4	1	1	True	2.0	4	76	76	76	76a	226	3/16	False	5	True				False	190	I6/bVI		Ab	I		I6/bVI		I		6		bVI	M	False	False	(0, -3, -4)	()	-4	0	major	major	I	I, major	I/bVI	bVI	bVI/I	bVI	False	I6/bVI	I6/bVI, major		I6/bVI, major	bVI	bVI	-4	-4	-8	9	9	13	False	False	False
1810	2	68	8	G	1	3	4	2	1	True	2.25	4	76	76	76	76a	905/4	1/16	False	4	False				False	190	I6/bVI		Ab	I		I6/bVI		I		6		bVI	M	False	False	(0, -3, -4)	()	-4	0	major	major	I	I, major	I/bVI	bVI	bVI/I	bVI	False	I6/bVI	I6/bVI, major		I6/bVI, major	bVI	bVI	-4	-4	-8	12	12	16	False	False	False
1812	6	56	8	G	1	3	4	2	1	True	2.5	4	76	76	76	76a	453/2	3/16	False	3	False				False	190	I6/bVI		Ab	I		I6/bVI		I		6		bVI	M	False	False	(0, -3, -4)	()	-4	0	major	major	I	I, major	I/bVI	bVI	bVI/I	bVI	False	I6/bVI	I6/bVI, major		I6/bVI, major	bVI	bVI	-4	-4	-8	12	12	16	False	False	False
1814	2	71	5	B	0	3	4	1	1	True	2.75	4	76	76	76	76a	907/4	1/16	False	4	False				False	190	I6/bVI		Ab	I		I6/bVI		I		6		bVI	M	False	False	(0, -3, -4)	()	-4	0	major	major	I	I, major	I/bVI	bVI	bVI/I	bVI	False	I6/bVI	I6/bVI, major		I6/bVI, major	bVI	bVI	-4	-4	-8	9	9	13	False	False	False
1816	6	81	3	A	0	3	4	1	1	True	3.0	4	76	76	76	76a	227	3/16	False	5	True				False	191	viio6/bVI		Ab	I		viio6/bVI		vii	o	6		bVI	o	False	False	(-2, -5, 1)	()	1	-2	major	major	I	I, major	vii/bVI	bVI	bVI/I	bVI	False	viio6/bVI	viio6/bVI, major		viio6/bVI, major	bVI	bVI	-4	-4	-8	7	7	11	False	False	False
1818	2	66	6	F	1	3	4	2	1	True	3.25	4	76	76	76	76a	909/4	1/16	False	4	False				False	191	viio6/bVI		Ab	I		viio6/bVI		vii	o	6		bVI	o	False	False	(-2, -5, 1)	()	1	-2	major	major	I	I, major	vii/bVI	bVI	bVI/I	bVI	False	viio6/bVI	viio6/bVI, major		viio6/bVI, major	bVI	bVI	-4	-4	-8	10	10	14	False	False	False
1820	4	54	6	F	1	3	4	2	1	True	3.5	4	76	76	76	76a	455/2	1/8	False	3	False				False	191	viio6/bVI		Ab	I		viio6/bVI		vii	o	6		bVI	o	False	False	(-2, -5, 1)	()	1	-2	major	major	I	I, major	vii/bVI	bVI	bVI/I	bVI	False	viio6/bVI	viio6/bVI, major		viio6/bVI, major	bVI	bVI	-4	-4	-8	10	10	14	False	False	False
1822	2	82	10	A	1	3	4	1	1	True	3.75	4	76	76	76	76a	911/4	1/16	False	5	False				False	191	viio6/bVI		Ab	I		viio6/bVI		vii	o	6		bVI	o	False	False	(-2, -5, 1)	()	1	-2	major	major	I	I, major	vii/bVI	bVI	bVI/I	bVI	False	viio6/bVI	viio6/bVI, major		viio6/bVI, major	bVI	bVI	-4	-4	-8	14	14	18	False	False	False
1824	2	54	6	F	1	3	4	2	1	False	1.0	4	77	77	77	77a	228	1/16	False	3	True				False	192	I6/bVI		Ab	I		I6/bVI		I		6		bVI	M	False	False	(0, -3, -4)	()	-4	0	major	major	I	I, major	I/bVI	bVI	bVI/I	bVI	False	I6/bVI	I6/bVI, major		I6/bVI, major	bVI	bVI	-4	-4	-8	10	10	14	False	False	False
1824	6	83	5	B	0	3	4	1	1	True	1.0	4	77	77	77	77a	228	3/16	False	5	True				False	192	I6/bVI		Ab	I		I6/bVI		I		6		bVI	M	False	False	(0, -3, -4)	()	-4	0	major	major	I	I, major	I/bVI	bVI	bVI/I	bVI	False	I6/bVI	I6/bVI, major		I6/bVI, major	bVI	bVI	-4	-4	-8	9	9	13	False	False	False
1826	2	68	8	G	1	3	4	2	1	True	1.25	4	77	77	77	77a	913/4	1/16	False	4	False				False	192	I6/bVI		Ab	I		I6/bVI		I		6		bVI	M	False	False	(0, -3, -4)	()	-4	0	major	major	I	I, major	I/bVI	bVI	bVI/I	bVI	False	I6/bVI	I6/bVI, major		I6/bVI, major	bVI	bVI	-4	-4	-8	12	12	16	False	False	False
1828	6	56	8	G	1	3	4	2	1	True	1.5	4	77	77	77	77a	457/2	3/16	False	3	False				False	192	I6/bVI		Ab	I		I6/bVI		I		6		bVI	M	False	False	(0, -3, -4)	()	-4	0	major	major	I	I, major	I/bVI	bVI	bVI/I	bVI	False	I6/bVI	I6/bVI, major		I6/bVI, major	bVI	bVI	-4	-4	-8	12	12	16	False	False	False
1830	2	71	5	B	0	3	4	1	1	True	1.75	4	77	77	77	77a	915/4	1/16	False	4	False				False	192	I6/bVI		Ab	I		I6/bVI		I		6		bVI	M	False	False	(0, -3, -4)	()	-4	0	major	major	I	I, major	I/bVI	bVI	bVI/I	bVI	False	I6/bVI	I6/bVI, major		I6/bVI, major	bVI	bVI	-4	-4	-8	9	9	13	False	False	False
1832	6	81	3	A	0	3	4	1	1	True	2.0	4	77	77	77	77a	229	3/16	False	5	True				False	193	viio6/bVI		Ab	I		viio6/bVI		vii	o	6		bVI	o	False	False	(-2, -5, 1)	()	1	-2	major	major	I	I, major	vii/bVI	bVI	bVI/I	bVI	False	viio6/bVI	viio6/bVI, major		viio6/bVI, major	bVI	bVI	-4	-4	-8	7	7	11	False	False	False
1834	2	66	6	F	1	3	4	2	1	True	2.25	4	77	77	77	77a	917/4	1/16	False	4	False				False	193	viio6/bVI		Ab	I		viio6/bVI		vii	o	6		bVI	o	False	False	(-2, -5, 1)	()	1	-2	major	major	I	I, major	vii/bVI	bVI	bVI/I	bVI	False	viio6/bVI	viio6/bVI, major		viio6/bVI, major	bVI	bVI	-4	-4	-8	10	10	14	False	False	False
1836	4	54	6	F	1	3	4	2	1	True	2.5	4	77	77	77	77a	459/2	1/8	False	3	False				False	193	viio6/bVI		Ab	I		viio6/bVI		vii	o	6		bVI	o	False	False	(-2, -5, 1)	()	1	-2	major	major	I	I, major	vii/bVI	bVI	bVI/I	bVI	False	viio6/bVI	viio6/bVI, major		viio6/bVI, major	bVI	bVI	-4	-4	-8	10	10	14	False	False	False
1838	2	69	3	A	0	3	4	1	1	True	2.75	4	77	77	77	77a	919/4	1/16	False	4	False				False	193	viio6/bVI		Ab	I		viio6/bVI		vii	o	6		bVI	o	False	False	(-2, -5, 1)	()	1	-2	major	major	I	I, major	vii/bVI	bVI	bVI/I	bVI	False	viio6/bVI	viio6/bVI, major		viio6/bVI, major	bVI	bVI	-4	-4	-8	7	7	11	False	False	False
1840	4	53	11	E	1	3	4	2	1	True	3.0	4	77	77	77	77a	230	1/8	False	3	True				False	194	#viio/ii/bVI		Ab	I		#viio/ii/bVI		#vii	o			ii/bVI	o	False	False	(3, 0, -3)	()	3	3	major	major	I	I, major	#vii/ii/bVI	bvii	ii/bVI/I	bvii	True	#viio/ii/bVI	#viio/ii/bVI, major		#viio/ii/bVI, major	bVI	bVI	-4	-4	-6	15	15	17	False	False	False
1840	4	65	11	E	1	3	4	2	1	True	3.0	4	77	77	77	77a	230	1/8	False	4	True				False	194	#viio/ii/bVI		Ab	I		#viio/ii/bVI		#vii	o			ii/bVI	o	False	False	(3, 0, -3)	()	3	3	major	major	I	I, major	#vii/ii/bVI	bvii	ii/bVI/I	bvii	True	#viio/ii/bVI	#viio/ii/bVI, major		#viio/ii/bVI, major	bVI	bVI	-4	-4	-6	15	15	17	False	False	False
1840	4	68	8	G	1	3	4	1	1	True	3.0	4	77	77	77	77a	230	1/8	False	4	True				False	194	#viio/ii/bVI		Ab	I		#viio/ii/bVI		#vii	o			ii/bVI	o	False	False	(3, 0, -3)	()	3	3	major	major	I	I, major	#vii/ii/bVI	bvii	ii/bVI/I	bvii	True	#viio/ii/bVI	#viio/ii/bVI, major		#viio/ii/bVI, major	bVI	bVI	-4	-4	-6	12	12	14	False	False	False
1840	4	80	8	G	1	3	4	1	1	True	3.0	4	77	77	77	77a	230	1/8	False	5	True				False	194	#viio/ii/bVI		Ab	I		#viio/ii/bVI		#vii	o			ii/bVI	o	False	False	(3, 0, -3)	()	3	3	major	major	I	I, major	#vii/ii/bVI	bvii	ii/bVI/I	bvii	True	#viio/ii/bVI	#viio/ii/bVI, major		#viio/ii/bVI, major	bVI	bVI	-4	-4	-6	12	12	14	False	False	False
1844	4	52	4	E	0	3	4	2	1	True	3.5	4	77	77	77	77a	461/2	1/8	False	3	True				False	195	#viio/vi		Ab	I		#viio/vi		#vii	o			vi	o	False	False	(8, 5, 2)	()	8	8	major	major	I	I, major	#vii/vi	vi	vi/I	vi	True	#viio/vi	#viio/vi, major		#viio/vi, major	vi	vi	-4	-4	-1	8	8	5	True	True	True
1844	4	64	4	E	0	3	4	2	1	True	3.5	4	77	77	77	77a	461/2	1/8	False	4	True				False	195	#viio/vi		Ab	I		#viio/vi		#vii	o			vi	o	False	False	(8, 5, 2)	()	8	8	major	major	I	I, major	#vii/vi	vi	vi/I	vi	True	#viio/vi	#viio/vi, major		#viio/vi, major	vi	vi	-4	-4	-1	8	8	5	True	True	True
1844	4	67	1	G	0	3	4	1	1	True	3.5	4	77	77	77	77a	461/2	1/8	False	4	True				False	195	#viio/vi		Ab	I		#viio/vi		#vii	o			vi	o	False	False	(8, 5, 2)	()	8	8	major	major	I	I, major	#vii/vi	vi	vi/I	vi	True	#viio/vi	#viio/vi, major		#viio/vi, major	vi	vi	-4	-4	-1	5	5	2	True	False	False
1844	4	79	1	G	0	3	4	1	1	True	3.5	4	77	77	77	77a	461/2	1/8	False	5	True				False	195	#viio/vi		Ab	I		#viio/vi		#vii	o			vi	o	False	False	(8, 5, 2)	()	8	8	major	major	I	I, major	#vii/vi	vi	vi/I	vi	True	#viio/vi	#viio/vi, major		#viio/vi, major	vi	vi	-4	-4	-1	5	5	2	True	False	False
1848	12	51	-3	E	-1	3	4	2	1	True	1.0	-4	78	78	78	78a	231	3/8	True	3	True				False	196	V		Ab	I		V		V					M	False	False	(1, 5, 2)	()	1	1	major	major	I	I, major	V		I	I	False	V	V, major		V, major		V	-4	-4	-4	1	1	1	True	True	True
1848	12	63	-3	E	-1	3	4	2	1	True	1.0	-4	78	78	78	78a	231	3/8	True	4	True				False	196	V		Ab	I		V		V					M	False	False	(1, 5, 2)	()	1	1	major	major	I	I, major	V		I	I	False	V	V, major		V, major		V	-4	-4	-4	1	1	1	True	True	True
1848	12	67	1	G	0	3	4	1	1	True	1.0	-4	78	78	78	78a	231	3/8	True	4	True				False	196	V		Ab	I		V		V					M	False	False	(1, 5, 2)	()	1	1	major	major	I	I, major	V		I	I	False	V	V, major		V, major		V	-4	-4	-4	5	5	5	True	False	False
1848	12	79	1	G	0	3	4	1	1	True	1.0	-4	78	78	78	78a	231	3/8	True	5	True				False	196	V		Ab	I		V		V					M	False	False	(1, 5, 2)	()	1	1	major	major	I	I, major	V		I	I	False	V	V, major		V, major		V	-4	-4	-4	5	5	5	True	False	False
1860	4	53	-1	F	0	3	4	2	1	True	2.5	-4	78	78	78	78a	465/2	1/8	False	3	True				False	197	IV6		Ab	I		IV6		IV		6			M	False	False	(3, 0, -1)	()	-1	3	major	major	I	I, major	IV		I	I	False	IV6	IV6, major		IV6, major		IV	-4	-4	-4	3	3	3	True	False	True
1860	4	65	-1	F	0	3	4	2	1	True	2.5	-4	78	78	78	78a	465/2	1/8	False	4	True				False	197	IV6		Ab	I		IV6		IV		6			M	False	False	(3, 0, -1)	()	-1	3	major	major	I	I, major	IV		I	I	False	IV6	IV6, major		IV6, major		IV	-4	-4	-4	3	3	3	True	False	True
1860	4	68	-4	A	-1	3	4	1	1	True	2.5	-4	78	78	78	78a	465/2	1/8	False	4	True				False	197	IV6		Ab	I		IV6		IV		6			M	False	False	(3, 0, -1)	()	-1	3	major	major	I	I, major	IV		I	I	False	IV6	IV6, major		IV6, major		IV	-4	-4	-4	0	0	0	True	False	False
1860	4	80	-4	A	-1	3	4	1	1	True	2.5	-4	78	78	78	78a	465/2	1/8	False	5	True				False	197	IV6		Ab	I		IV6		IV		6			M	False	False	(3, 0, -1)	()	-1	3	major	major	I	I, major	IV		I	I	False	IV6	IV6, major		IV6, major		IV	-4	-4	-4	0	0	0	True	False	False
1864	2	55	1	G	0	3	4	2	1	True	3.0	-4	78	78	78	78a	233	1/16	False	3	True				False	198	viio	V6	Ab	I		viio		vii	o				o	False	False	(5, 2, -1)	()	5	5	major	major	I	I, major	vii		I	I	False	viio	viio, major		viio, major		vii	-4	-4	-4	5	5	5	True	True	True
1864	2	67	1	G	0	3	4	2	1	True	3.0	-4	78	78	78	78a	233	1/16	False	4	True				False	198	viio	V6	Ab	I		viio		vii	o				o	False	False	(5, 2, -1)	()	5	5	major	major	I	I, major	vii		I	I	False	viio	viio, major		viio, major		vii	-4	-4	-4	5	5	5	True	True	True
1864	2	70	-2	B	-1	3	4	1	1	True	3.0	-4	78	78	78	78a	233	1/16	False	4	True				False	198	viio	V6	Ab	I		viio		vii	o				o	False	False	(5, 2, -1)	()	5	5	major	major	I	I, major	vii		I	I	False	viio	viio, major		viio, major		vii	-4	-4	-4	2	2	2	True	False	False
1864	2	82	-2	B	-1	3	4	1	1	True	3.0	-4	78	78	78	78a	233	1/16	False	5	True				False	198	viio	V6	Ab	I		viio		vii	o				o	False	False	(5, 2, -1)	()	5	5	major	major	I	I, major	vii		I	I	False	viio	viio, major		viio, major		vii	-4	-4	-4	2	2	2	True	False	False
1866	2	56	-4	A	-1	3	4	2	1	True	3.25	-4	78	78	78	78a	933/4	1/16	False	3	True				False	199	I		Ab	I		I		I					M	False	False	(0, 4, 1)	()	0	0	major	major	I	I, major	I		I	I	False	I	I, major		I, major		I	-4	-4	-4	0	0	0	True	True	True
1866	2	68	-4	A	-1	3	4	2	1	True	3.25	-4	78	78	78	78a	933/4	1/16	False	4	True				False	199	I		Ab	I		I		I					M	False	False	(0, 4, 1)	()	0	0	major	major	I	I, major	I		I	I	False	I	I, major		I, major		I	-4	-4	-4	0	0	0	True	True	True
1866	2	72	0	C	0	3	4	1	1	True	3.25	-4	78	78	78	78a	933/4	1/16	False	5	True				False	199	I		Ab	I		I		I					M	False	False	(0, 4, 1)	()	0	0	major	major	I	I, major	I		I	I	False	I	I, major		I, major		I	-4	-4	-4	4	4	4	True	False	False
1866	2	84	0	C	0	3	4	1	1	True	3.25	-4	78	78	78	78a	933/4	1/16	False	6	True				False	199	I		Ab	I		I		I					M	False	False	(0, 4, 1)	()	0	0	major	major	I	I, major	I		I	I	False	I	I, major		I, major		I	-4	-4	-4	4	4	4	True	False	False
1868	2	58	-2	B	-1	3	4	2	1	True	3.5	-4	78	78	78	78a	467/2	1/16	False	3	True				False	200	viio6		Ab	I		viio6		vii	o	6			o	False	False	(2, -1, 5)	()	5	2	major	major	I	I, major	vii		I	I	False	viio6	viio6, major		viio6, major		vii	-4	-4	-4	2	2	2	True	False	True
1868	2	70	-2	B	-1	3	4	2	1	True	3.5	-4	78	78	78	78a	467/2	1/16	False	4	True				False	200	viio6		Ab	I		viio6		vii	o	6			o	False	False	(2, -1, 5)	()	5	2	major	major	I	I, major	vii		I	I	False	viio6	viio6, major		viio6, major		vii	-4	-4	-4	2	2	2	True	False	True
1868	2	73	-5	D	-1	3	4	1	1	True	3.5	-4	78	78	78	78a	467/2	1/16	False	5	True				False	200	viio6		Ab	I		viio6		vii	o	6			o	False	False	(2, -1, 5)	()	5	2	major	major	I	I, major	vii		I	I	False	viio6	viio6, major		viio6, major		vii	-4	-4	-4	-1	-1	-1	True	False	False
1868	2	85	-5	D	-1	3	4	1	1	True	3.5	-4	78	78	78	78a	467/2	1/16	False	6	True				False	200	viio6		Ab	I		viio6		vii	o	6			o	False	False	(2, -1, 5)	()	5	2	major	major	I	I, major	vii		I	I	False	viio6	viio6, major		viio6, major		vii	-4	-4	-4	-1	-1	-1	True	False	False
1870	2	60	0	C	0	3	4	2	1	True	3.75	-4	78	78	78	78a	935/4	1/16	False	4	True				False	201	I6		Ab	I		I6		I		6			M	False	False	(4, 1, 0)	()	0	4	major	major	I	I, major	I		I	I	False	I6	I6, major		I6, major		I	-4	-4	-4	4	4	4	True	False	True
1870	2	72	0	C	0	3	4	2	1	True	3.75	-4	78	78	78	78a	935/4	1/16	False	5	True				False	201	I6		Ab	I		I6		I		6			M	False	False	(4, 1, 0)	()	0	4	major	major	I	I, major	I		I	I	False	I6	I6, major		I6, major		I	-4	-4	-4	4	4	4	True	False	True
1870	2	75	-3	E	-1	3	4	1	1	True	3.75	-4	78	78	78	78a	935/4	1/16	False	5	True				False	201	I6		Ab	I		I6		I		6			M	False	False	(4, 1, 0)	()	0	4	major	major	I	I, major	I		I	I	False	I6	I6, major		I6, major		I	-4	-4	-4	1	1	1	True	False	False
1870	2	87	-3	E	-1	3	4	1	1	True	3.75	-4	78	78	78	78a	935/4	1/16	False	6	True				False	201	I6		Ab	I		I6		I		6			M	False	False	(4, 1, 0)	()	0	4	major	major	I	I, major	I		I	I	False	I6	I6, major		I6, major		I	-4	-4	-4	1	1	1	True	False	False
1872	6	89	-1	F	0	3	4	1	1	True	1.0	-4	79	79	79	79a	234	3/16	False	6	True				False	202	IV		Ab	I		IV		IV					M	False	False	(-1, 3, 0)	()	-1	-1	major	major	I	I, major	IV		I	I	False	IV	IV, major		IV, major		IV	-4	-4	-4	3	3	3	True	False	False
1874	2	73	-5	D	-1	3	4	2	1	True	1.25	-4	79	79	79	79a	937/4	1/16	False	5	False				False	202	IV		Ab	I		IV		IV					M	False	False	(-1, 3, 0)	()	-1	-1	major	major	I	I, major	IV		I	I	False	IV	IV, major		IV, major		IV	-4	-4	-4	-1	-1	-1	True	True	True
1876	6	61	-5	D	-1	3	4	2	1	True	1.5	-4	79	79	79	79a	469/2	3/16	False	4	False				False	202	IV		Ab	I		IV		IV					M	False	False	(-1, 3, 0)	()	-1	-1	major	major	I	I, major	IV		I	I	False	IV	IV, major		IV, major		IV	-4	-4	-4	-1	-1	-1	True	True	True
1878	2	77	-1	F	0	3	4	1	1	True	1.75	-4	79	79	79	79a	939/4	1/16	False	5	False				False	202	IV		Ab	I		IV		IV					M	False	False	(-1, 3, 0)	()	-1	-1	major	major	I	I, major	IV		I	I	False	IV	IV, major		IV, major		IV	-4	-4	-4	3	3	3	True	False	False
1880	6	87	-3	E	-1	3	4	1	1	True	2.0	-4	79	79	79	79a	235	3/16	False	6	True				False	203	I6		Ab	I		I6		I		6			M	False	False	(4, 1, 0)	()	0	4	major	major	I	I, major	I		I	I	False	I6	I6, major		I6, major		I	-4	-4	-4	1	1	1	True	False	False
1882	2	72	0	C	0	3	4	2	1	True	2.25	-4	79	79	79	79a	941/4	1/16	False	5	False				False	203	I6		Ab	I		I6		I		6			M	False	False	(4, 1, 0)	()	0	4	major	major	I	I, major	I		I	I	False	I6	I6, major		I6, major		I	-4	-4	-4	4	4	4	True	False	True
1884	6	60	0	C	0	3	4	2	1	True	2.5	-4	79	79	79	79a	471/2	3/16	False	4	False				False	203	I6		Ab	I		I6		I		6			M	False	False	(4, 1, 0)	()	0	4	major	major	I	I, major	I		I	I	False	I6	I6, major		I6, major		I	-4	-4	-4	4	4	4	True	False	True
1886	2	75	-3	E	-1	3	4	1	1	True	2.75	-4	79	79	79	79a	943/4	1/16	False	5	False				False	203	I6		Ab	I		I6		I		6			M	False	False	(4, 1, 0)	()	0	4	major	major	I	I, major	I		I	I	False	I6	I6, major		I6, major		I	-4	-4	-4	1	1	1	True	False	False
1888	6	85	-5	D	-1	3	4	1	1	True	3.0	-4	79	79	79	79a	236	3/16	False	6	True				False	204	viio6		Ab	I		viio6		vii	o	6			o	False	False	(2, -1, 5)	()	5	2	major	major	I	I, major	vii		I	I	False	viio6	viio6, major		viio6, major		vii	-4	-4	-4	-1	-1	-1	True	False	False
1890	2	70	-2	B	-1	3	4	2	1	True	3.25	-4	79	79	79	79a	945/4	1/16	False	4	False				False	204	viio6		Ab	I		viio6		vii	o	6			o	False	False	(2, -1, 5)	()	5	2	major	major	I	I, major	vii		I	I	False	viio6	viio6, major		viio6, major		vii	-4	-4	-4	2	2	2	True	False	True
1892	4	58	-2	B	-1	3	4	2	1	True	3.5	-4	79	79	79	79a	473/2	1/8	False	3	False				False	204	viio6		Ab	I		viio6		vii	o	6			o	False	False	(2, -1, 5)	()	5	2	major	major	I	I, major	vii		I	I	False	viio6	viio6, major		viio6, major		vii	-4	-4	-4	2	2	2	True	False	True
1894	2	86	2	D	0	3	4	1	1	True	3.75	-4	79	79	79	79a	947/4	1/16	False	6	False				False	204	viio6		Ab	I		viio6		vii	o	6			o	False	False	(2, -1, 5)	()	5	2	major	major	I	I, major	vii		I	I	False	viio6	viio6, major		viio6, major		vii	-4	-4	-4	6	6	6	False	False	False
1896	2	58	-2	B	-1	3	4	2	1	False	1.0	-4	80	80	80	80a	237	1/16	False	3	True				False	205	I6		Ab	I		I6		I		6			M	False	False	(4, 1, 0)	()	0	4	major	major	I	I, major	I		I	I	False	I6	I6, major		I6, major		I	-4	-4	-4	2	2	2	False	False	False
1896	6	87	-3	E	-1	3	4	1	1	True	1.0	-4	80	80	80	80a	237	3/16	False	6	True				False	205	I6		Ab	I		I6		I		6			M	False	False	(4, 1, 0)	()	0	4	major	major	I	I, major	I		I	I	False	I6	I6, major		I6, major		I	-4	-4	-4	1	1	1	True	False	False
1898	2	72	0	C	0	3	4	2	1	True	1.25	-4	80	80	80	80a	949/4	1/16	False	5	False				False	205	I6		Ab	I		I6		I		6			M	False	False	(4, 1, 0)	()	0	4	major	major	I	I, major	I		I	I	False	I6	I6, major		I6, major		I	-4	-4	-4	4	4	4	True	False	True
1900	6	60	0	C	0	3	4	2	1	True	1.5	-4	80	80	80	80a	475/2	3/16	False	4	False				False	205	I6		Ab	I		I6		I		6			M	False	False	(4, 1, 0)	()	0	4	major	major	I	I, major	I		I	I	False	I6	I6, major		I6, major		I	-4	-4	-4	4	4	4	True	False	True
1902	2	75	-3	E	-1	3	4	1	1	True	1.75	-4	80	80	80	80a	951/4	1/16	False	5	False				False	205	I6		Ab	I		I6		I		6			M	False	False	(4, 1, 0)	()	0	4	major	major	I	I, major	I		I	I	False	I6	I6, major		I6, major		I	-4	-4	-4	1	1	1	True	False	False
1904	6	85	-5	D	-1	3	4	1	1	True	2.0	-4	80	80	80	80a	238	3/16	False	6	True				False	206	viio6		Ab	I		viio6		vii	o	6			o	False	False	(2, -1, 5)	()	5	2	major	major	I	I, major	vii		I	I	False	viio6	viio6, major		viio6, major		vii	-4	-4	-4	-1	-1	-1	True	False	False
1906	2	70	-2	B	-1	3	4	2	1	True	2.25	-4	80	80	80	80a	953/4	1/16	False	4	False				False	206	viio6		Ab	I		viio6		vii	o	6			o	False	False	(2, -1, 5)	()	5	2	major	major	I	I, major	vii		I	I	False	viio6	viio6, major		viio6, major		vii	-4	-4	-4	2	2	2	True	False	True
1908	4	58	-2	B	-1	3	4	2	1	True	2.5	-4	80	80	80	80a	477/2	1/8	False	3	False				False	206	viio6		Ab	I		viio6		vii	o	6			o	False	False	(2, -1, 5)	()	5	2	major	major	I	I, major	vii		I	I	False	viio6	viio6, major		viio6, major		vii	-4	-4	-4	2	2	2	True	False	True
1910	2	73	-5	D	-1	3	4	1	1	True	2.75	-4	80	80	80	80a	955/4	1/16	False	5	False				False	206	viio6		Ab	I		viio6		vii	o	6			o	False	False	(2, -1, 5)	()	5	2	major	major	I	I, major	vii		I	I	False	viio6	viio6, major		viio6, major		vii	-4	-4	-4	-1	-1	-1	True	False	False
1912	2	68	-4	A	-1	3	4	2	1	True	3.0	-4	80	80	80	80a	239	1/16	False	4	True				False	207	I		Ab	I		I		I					M	False	False	(0, 4, 1)	()	0	0	major	major	I	I, major	I		I	I	False	I	I, major		I, major		I	-4	-4	-4	0	0	0	True	True	True
1912	2	84	0	C	0	3	4	1	1	True	3.0	-4	80	80	80	80a	239	1/16	False	6	True				False	207	I		Ab	I		I		I					M	False	False	(0, 4, 1)	()	0	0	major	major	I	I, major	I		I	I	False	I	I, major		I, major		I	-4	-4	-4	4	4	4	True	False	False
1914	2	56	-4	A	-1	3	4	2	1	True	3.25	-4	80	80	80	80a	957/4	1/16	False	3	False				False	207	I		Ab	I		I		I					M	False	False	(0, 4, 1)	()	0	0	major	major	I	I, major	I		I	I	False	I	I, major		I, major		I	-4	-4	-4	0	0	0	True	True	True
1914	2	72	0	C	0	3	4	1	1	True	3.25	-4	80	80	80	80a	957/4	1/16	False	5	False				False	207	I		Ab	I		I		I					M	False	False	(0, 4, 1)	()	0	0	major	major	I	I, major	I		I	I	False	I	I, major		I, major		I	-4	-4	-4	4	4	4	True	False	False
1916	2	58	-2	B	-1	3	4	2	1	True	3.5	-4	80	80	80	80a	479/2	1/16	False	3	False				False	207	I		Ab	I		I		I					M	False	False	(0, 4, 1)	()	0	0	major	major	I	I, major	I		I	I	False	I	I, major		I, major		I	-4	-4	-4	2	2	2	False	False	False
1916	2	73	-5	D	-1	3	4	1	1	True	3.5	-4	80	80	80	80a	479/2	1/16	False	5	False				False	207	I		Ab	I		I		I					M	False	False	(0, 4, 1)	()	0	0	major	major	I	I, major	I		I	I	False	I	I, major		I, major		I	-4	-4	-4	-1	-1	-1	False	False	False
1918	2	60	0	C	0	3	4	2	1	True	3.75	-4	80	80	80	80a	959/4	1/16	False	4	False				False	207	I		Ab	I		I		I					M	False	False	(0, 4, 1)	()	0	0	major	major	I	I, major	I		I	I	False	I	I, major		I, major		I	-4	-4	-4	4	4	4	True	False	False
1918	2	75	-3	E	-1	3	4	1	1	True	3.75	-4	80	80	80	80a	959/4	1/16	False	5	False				False	207	I		Ab	I		I		I					M	False	False	(0, 4, 1)	()	0	0	major	major	I	I, major	I		I	I	False	I	I, major		I, major		I	-4	-4	-4	1	1	1	True	False	False
1920	2	63	-3	E	-1	3	4	2	1	True	1.0	-4	81	81	81	81a	240	1/16	False	4	True				False	208	V/vi		Ab	I		V/vi		V				vi	M	False	False	(4, 8, 5)	()	4	4	major	major	I	I, major	V/vi	vi	vi/I	vi	True	V/vi	V/vi, major		V/vi, major	vi	vi	-4	-4	-1	1	1	-2	False	False	False
1920	2	79	1	G	0	3	4	1	1	True	1.0	-4	81	81	81	81a	240	1/16	False	5	True				False	208	V/vi		Ab	I		V/vi		V				vi	M	False	False	(4, 8, 5)	()	4	4	major	major	I	I, major	V/vi	vi	vi/I	vi	True	V/vi	V/vi, major		V/vi, major	vi	vi	-4	-4	-1	5	5	2	True	False	False
1922	2	60	0	C	0	3	4	2	1	True	1.25	-4	81	81	81	81a	961/4	1/16	False	4	False				False	208	V/vi		Ab	I		V/vi		V				vi	M	False	False	(4, 8, 5)	()	4	4	major	major	I	I, major	V/vi	vi	vi/I	vi	True	V/vi	V/vi, major		V/vi, major	vi	vi	-4	-4	-1	4	4	1	True	True	True
1922	2	76	4	E	0	3	4	1	1	True	1.25	-4	81	81	81	81a	961/4	1/16	False	5	False				False	208	V/vi		Ab	I		V/vi		V				vi	M	False	False	(4, 8, 5)	()	4	4	major	major	I	I, major	V/vi	vi	vi/I	vi	True	V/vi	V/vi, major		V/vi, major	vi	vi	-4	-4	-1	8	8	5	True	False	False
1924	2	61	-5	D	-1	3	4	2	1	True	1.5	-4	81	81	81	81a	481/2	1/16	False	4	True				False	209	IV		Ab	I		IV		IV					M	False	False	(-1, 3, 0)	()	-1	-1	major	major	I	I, major	IV		I	I	False	IV	IV, major		IV, major		IV	-4	-4	-4	-1	-1	-1	True	True	True
1924	2	77	-1	F	0	3	4	1	1	True	1.5	-4	81	81	81	81a	481/2	1/16	False	5	True				False	209	IV		Ab	I		IV		IV					M	False	False	(-1, 3, 0)	()	-1	-1	major	major	I	I, major	IV		I	I	False	IV	IV, major		IV, major		IV	-4	-4	-4	3	3	3	True	False	False
1926	2	49	-5	D	-1	3	4	2	1	True	1.75	-4	81	81	81	81a	963/4	1/16	False	3	False				False	209	IV		Ab	I		IV		IV					M	False	False	(-1, 3, 0)	()	-1	-1	major	major	I	I, major	IV		I	I	False	IV	IV, major		IV, major		IV	-4	-4	-4	-1	-1	-1	True	True	True
1926	2	65	-1	F	0	3	4	1	1	True	1.75	-4	81	81	81	81a	963/4	1/16	False	4	False				False	209	IV		Ab	I		IV		IV					M	False	False	(-1, 3, 0)	()	-1	-1	major	major	I	I, major	IV		I	I	False	IV	IV, major		IV, major		IV	-4	-4	-4	3	3	3	True	False	False
1928	2	61	-5	D	-1	3	4	2	1	True	2.0	-4	81	81	81	81a	241	1/16	False	4	True				False	210	#viio/iii		Ab	I		#viio/iii		#vii	o			iii	o	False	False	(9, 6, 3)	()	9	9	major	major	I	I, major	#vii/iii	iii	iii/I	iii	True	#viio/iii	#viio/iii, major		#viio/iii, major	iii	iii	-4	-4	0	-1	-1	-5	False	False	False
1928	2	77	-1	F	0	3	4	1	1	True	2.0	-4	81	81	81	81a	241	1/16	False	5	True				False	210	#viio/iii		Ab	I		#viio/iii		#vii	o			iii	o	False	False	(9, 6, 3)	()	9	9	major	major	I	I, major	#vii/iii	iii	iii/I	iii	True	#viio/iii	#viio/iii, major		#viio/iii, major	iii	iii	-4	-4	0	3	3	-1	True	False	False
1930	2	59	5	B	0	3	4	2	1	True	2.25	-4	81	81	81	81a	965/4	1/16	False	3	False				False	210	#viio/iii		Ab	I		#viio/iii		#vii	o			iii	o	False	False	(9, 6, 3)	()	9	9	major	major	I	I, major	#vii/iii	iii	iii/I	iii	True	#viio/iii	#viio/iii, major		#viio/iii, major	iii	iii	-4	-4	0	9	9	5	True	True	True
1930	2	74	2	D	0	3	4	1	1	True	2.25	-4	81	81	81	81a	965/4	1/16	False	5	False				False	210	#viio/iii		Ab	I		#viio/iii		#vii	o			iii	o	False	False	(9, 6, 3)	()	9	9	major	major	I	I, major	#vii/iii	iii	iii/I	iii	True	#viio/iii	#viio/iii, major		#viio/iii, major	iii	iii	-4	-4	0	6	6	2	True	False	False
1932	2	60	0	C	0	3	4	2	1	True	2.5	-4	81	81	81	81a	483/2	1/16	False	4	True				False	211	iii	I6	Ab	I		iii		iii					m	False	False	(4, 1, 5)	()	4	4	major	major	I	I, major	iii		I	I	False	iii	iii, major		iii, major		iii	-4	-4	-4	4	4	4	True	True	True
1932	2	75	-3	E	-1	3	4	1	1	True	2.5	-4	81	81	81	81a	483/2	1/16	False	5	True				False	211	iii	I6	Ab	I		iii		iii					m	False	False	(4, 1, 5)	()	4	4	major	major	I	I, major	iii		I	I	False	iii	iii, major		iii, major		iii	-4	-4	-4	1	1	1	True	False	False
1934	2	48	0	C	0	3	4	2	1	True	2.75	-4	81	81	81	81a	967/4	1/16	False	3	False				False	211	iii	I6	Ab	I		iii		iii					m	False	False	(4, 1, 5)	()	4	4	major	major	I	I, major	iii		I	I	False	iii	iii, major		iii, major		iii	-4	-4	-4	4	4	4	True	True	True
1934	2	63	-3	E	-1	3	4	1	1	True	2.75	-4	81	81	81	81a	967/4	1/16	False	4	False				False	211	iii	I6	Ab	I		iii		iii					m	False	False	(4, 1, 5)	()	4	4	major	major	I	I, major	iii		I	I	False	iii	iii, major		iii, major		iii	-4	-4	-4	1	1	1	True	False	False
1936	2	60	0	C	0	3	4	2	1	True	3.0	-4	81	81	81	81a	242	1/16	False	4	True				False	212	#viio/ii		Ab	I		#viio/ii		#vii	o			ii	o	False	False	(7, 4, 1)	()	7	7	major	major	I	I, major	#vii/ii	ii	ii/I	ii	True	#viio/ii	#viio/ii, major		#viio/ii, major	ii	ii	-4	-4	-2	4	4	2	True	False	False
1936	2	75	-3	E	-1	3	4	1	1	True	3.0	-4	81	81	81	81a	242	1/16	False	5	True				False	212	#viio/ii		Ab	I		#viio/ii		#vii	o			ii	o	False	False	(7, 4, 1)	()	7	7	major	major	I	I, major	#vii/ii	ii	ii/I	ii	True	#viio/ii	#viio/ii, major		#viio/ii, major	ii	ii	-4	-4	-2	1	1	-1	True	False	False
1938	2	57	3	A	0	3	4	2	1	True	3.25	-4	81	81	81	81a	969/4	1/16	False	3	False				False	212	#viio/ii		Ab	I		#viio/ii		#vii	o			ii	o	False	False	(7, 4, 1)	()	7	7	major	major	I	I, major	#vii/ii	ii	ii/I	ii	True	#viio/ii	#viio/ii, major		#viio/ii, major	ii	ii	-4	-4	-2	7	7	5	True	True	True
1938	2	72	0	C	0	3	4	1	1	True	3.25	-4	81	81	81	81a	969/4	1/16	False	5	False				False	212	#viio/ii		Ab	I		#viio/ii		#vii	o			ii	o	False	False	(7, 4, 1)	()	7	7	major	major	I	I, major	#vii/ii	ii	ii/I	ii	True	#viio/ii	#viio/ii, major		#viio/ii, major	ii	ii	-4	-4	-2	4	4	2	True	False	False
1940	2	58	-2	B	-1	3	4	2	1	True	3.5	-4	81	81	81	81a	485/2	1/16	False	3	True				False	213	ii	viio6	Ab	I		ii		ii					m	False	False	(2, -1, 3)	()	2	2	major	major	I	I, major	ii		I	I	False	ii	ii, major		ii, major		ii	-4	-4	-4	2	2	2	True	True	True
1940	2	73	-5	D	-1	3	4	1	1	True	3.5	-4	81	81	81	81a	485/2	1/16	False	5	True				False	213	ii	viio6	Ab	I		ii		ii					m	False	False	(2, -1, 3)	()	2	2	major	major	I	I, major	ii		I	I	False	ii	ii, major		ii, major		ii	-4	-4	-4	-1	-1	-1	True	False	False
1942	2	46	-2	B	-1	3	4	2	1	True	3.75	-4	81	81	81	81a	971/4	1/16	False	2	False				False	213	ii	viio6	Ab	I		ii		ii					m	False	False	(2, -1, 3)	()	2	2	major	major	I	I, major	ii		I	I	False	ii	ii, major		ii, major		ii	-4	-4	-4	2	2	2	True	True	True
1942	2	61	-5	D	-1	3	4	1	1	True	3.75	-4	81	81	81	81a	971/4	1/16	False	4	False				False	213	ii	viio6	Ab	I		ii		ii					m	False	False	(2, -1, 3)	()	2	2	major	major	I	I, major	ii		I	I	False	ii	ii, major		ii, major		ii	-4	-4	-4	-1	-1	-1	True	False	False
1944	2	61	-5	D	-1	3	4	2	2	True	1.0	-4	82	82	82	82a	243	1/16	False	4	True				False	214	#viio/iii		Ab	I		#viio/iii		#vii	o			iii	o	False	False	(9, 6, 3)	()	9	9	major	major	I	I, major	#vii/iii	iii	iii/I	iii	True	#viio/iii	#viio/iii, major		#viio/iii, major	iii	iii	-4	-4	0	-1	-1	-5	False	False	False
1944	2	77	-1	F	0	3	4	1	2	True	1.0	-4	82	82	82	82a	243	1/16	False	5	True				False	214	#viio/iii		Ab	I		#viio/iii		#vii	o			iii	o	False	False	(9, 6, 3)	()	9	9	major	major	I	I, major	#vii/iii	iii	iii/I	iii	True	#viio/iii	#viio/iii, major		#viio/iii, major	iii	iii	-4	-4	0	3	3	-1	True	False	False
1946	2	59	5	B	0	3	4	2	2	True	1.25	-4	82	82	82	82a	973/4	1/16	False	3	False				False	214	#viio/iii		Ab	I		#viio/iii		#vii	o			iii	o	False	False	(9, 6, 3)	()	9	9	major	major	I	I, major	#vii/iii	iii	iii/I	iii	True	#viio/iii	#viio/iii, major		#viio/iii, major	iii	iii	-4	-4	0	9	9	5	True	True	True
1946	2	74	2	D	0	3	4	1	2	True	1.25	-4	82	82	82	82a	973/4	1/16	False	5	False				False	214	#viio/iii		Ab	I		#viio/iii		#vii	o			iii	o	False	False	(9, 6, 3)	()	9	9	major	major	I	I, major	#vii/iii	iii	iii/I	iii	True	#viio/iii	#viio/iii, major		#viio/iii, major	iii	iii	-4	-4	0	6	6	2	True	False	False
1948	2	60	0	C	0	3	4	2	2	True	1.5	-4	82	82	82	82a	487/2	1/16	False	4	True				False	215	iii	I6	Ab	I		iii		iii					m	False	False	(4, 1, 5)	()	4	4	major	major	I	I, major	iii		I	I	False	iii	iii, major		iii, major		iii	-4	-4	-4	4	4	4	True	True	True
1948	2	75	-3	E	-1	3	4	1	2	True	1.5	-4	82	82	82	82a	487/2	1/16	False	5	True				False	215	iii	I6	Ab	I		iii		iii					m	False	False	(4, 1, 5)	()	4	4	major	major	I	I, major	iii		I	I	False	iii	iii, major		iii, major		iii	-4	-4	-4	1	1	1	True	False	False
1950	2	48	0	C	0	3	4	2	2	True	1.75	-4	82	82	82	82a	975/4	1/16	False	3	False				False	215	iii	I6	Ab	I		iii		iii					m	False	False	(4, 1, 5)	()	4	4	major	major	I	I, major	iii		I	I	False	iii	iii, major		iii, major		iii	-4	-4	-4	4	4	4	True	True	True
1950	2	63	-3	E	-1	3	4	1	2	True	1.75	-4	82	82	82	82a	975/4	1/16	False	4	False				False	215	iii	I6	Ab	I		iii		iii					m	False	False	(4, 1, 5)	()	4	4	major	major	I	I, major	iii		I	I	False	iii	iii, major		iii, major		iii	-4	-4	-4	1	1	1	True	False	False
1952	2	60	0	C	0	3	4	2	2	True	2.0	-4	82	82	82	82a	244	1/16	False	4	True				False	216	#viio/ii		Ab	I		#viio/ii		#vii	o			ii	o	False	False	(7, 4, 1)	()	7	7	major	major	I	I, major	#vii/ii	ii	ii/I	ii	True	#viio/ii	#viio/ii, major		#viio/ii, major	ii	ii	-4	-4	-2	4	4	2	True	False	False
1952	2	75	-3	E	-1	3	4	1	2	True	2.0	-4	82	82	82	82a	244	1/16	False	5	True				False	216	#viio/ii		Ab	I		#viio/ii		#vii	o			ii	o	False	False	(7, 4, 1)	()	7	7	major	major	I	I, major	#vii/ii	ii	ii/I	ii	True	#viio/ii	#viio/ii, major		#viio/ii, major	ii	ii	-4	-4	-2	1	1	-1	True	False	False
1954	2	57	3	A	0	3	4	2	2	True	2.25	-4	82	82	82	82a	977/4	1/16	False	3	False				False	216	#viio/ii		Ab	I		#viio/ii		#vii	o			ii	o	False	False	(7, 4, 1)	()	7	7	major	major	I	I, major	#vii/ii	ii	ii/I	ii	True	#viio/ii	#viio/ii, major		#viio/ii, major	ii	ii	-4	-4	-2	7	7	5	True	True	True
1954	2	72	0	C	0	3	4	1	2	True	2.25	-4	82	82	82	82a	977/4	1/16	False	5	False				False	216	#viio/ii		Ab	I		#viio/ii		#vii	o			ii	o	False	False	(7, 4, 1)	()	7	7	major	major	I	I, major	#vii/ii	ii	ii/I	ii	True	#viio/ii	#viio/ii, major		#viio/ii, major	ii	ii	-4	-4	-2	4	4	2	True	False	False
1956	2	58	-2	B	-1	3	4	2	2	True	2.5	-4	82	82	82	82a	489/2	1/16	False	3	True				False	217	ii	viio6	Ab	I		ii		ii					m	False	False	(2, -1, 3)	()	2	2	major	major	I	I, major	ii		I	I	False	ii	ii, major		ii, major		ii	-4	-4	-4	2	2	2	True	True	True
1956	2	73	-5	D	-1	3	4	1	2	True	2.5	-4	82	82	82	82a	489/2	1/16	False	5	True				False	217	ii	viio6	Ab	I		ii		ii					m	False	False	(2, -1, 3)	()	2	2	major	major	I	I, major	ii		I	I	False	ii	ii, major		ii, major		ii	-4	-4	-4	-1	-1	-1	True	False	False
1958	2	46	-2	B	-1	3	4	2	2	True	2.75	-4	82	82	82	82a	979/4	1/16	False	2	False				False	217	ii	viio6	Ab	I		ii		ii					m	False	False	(2, -1, 3)	()	2	2	major	major	I	I, major	ii		I	I	False	ii	ii, major		ii, major		ii	-4	-4	-4	2	2	2	True	True	True
1958	2	61	-5	D	-1	3	4	1	2	True	2.75	-4	82	82	82	82a	979/4	1/16	False	4	False				False	217	ii	viio6	Ab	I		ii		ii					m	False	False	(2, -1, 3)	()	2	2	major	major	I	I, major	ii		I	I	False	ii	ii, major		ii, major		ii	-4	-4	-4	-1	-1	-1	True	False	False
1960	2	48	0	C	0	3	4	2	2	True	3.0	-4	82	82	82	82a	245	1/16	False	3	True				False	218	I6		Ab	I		I6		I		6			M	False	False	(4, 1, 0)	()	0	4	major	major	I	I, major	I		I	I	False	I6	I6, major		I6, major		I	-4	-4	-4	4	4	4	True	False	True
1960	2	56	-4	A	-1	3	4	2	1	True	3.0	-4	82	82	82	82a	245	1/16	False	3	True				False	218	I6		Ab	I		I6		I		6			M	False	False	(4, 1, 0)	()	0	4	major	major	I	I, major	I		I	I	False	I6	I6, major		I6, major		I	-4	-4	-4	0	0	0	True	True	False
1960	4	63	-3	E	-1	3	4	1	2	True	3.0	-4	82	82	82	82a	245	1/8	False	4	True				False	218	I6		Ab	I		I6		I		6			M	False	False	(4, 1, 0)	()	0	4	major	major	I	I, major	I		I	I	False	I6	I6, major		I6, major		I	-4	-4	-4	1	1	1	True	False	False
1960	2	72	0	C	0	3	4	1	1	True	3.0	-4	82	82	82	82a	245	1/16	False	5	True				False	218	I6		Ab	I		I6		I		6			M	False	False	(4, 1, 0)	()	0	4	major	major	I	I, major	I		I	I	False	I6	I6, major		I6, major		I	-4	-4	-4	4	4	4	True	False	True
1962	2	49	-5	D	-1	3	4	2	2	True	3.25	-4	82	82	82	82a	981/4	1/16	False	3	True				False	219	V2		Ab	I		V2		V		2			Mm7	False	False	(-1, 1, 5, 2)	()	1	-1	major	major	I	I, major	V		I	I	False	V2	V2, major		V2, major		V	-4	-4	-4	-1	-1	-1	True	False	True
1962	2	55	1	G	0	3	4	2	1	True	3.25	-4	82	82	82	82a	981/4	1/16	False	3	True				False	219	V2		Ab	I		V2		V		2			Mm7	False	False	(-1, 1, 5, 2)	()	1	-1	major	major	I	I, major	V		I	I	False	V2	V2, major		V2, major		V	-4	-4	-4	5	5	5	True	False	False
1962	2	70	-2	B	-1	3	4	1	1	True	3.25	-4	82	82	82	82a	981/4	1/16	False	4	True				False	219	V2		Ab	I		V2		V		2			Mm7	False	False	(-1, 1, 5, 2)	()	1	-1	major	major	I	I, major	V		I	I	False	V2	V2, major		V2, major		V	-4	-4	-4	2	2	2	True	False	False
1964	2	48	0	C	0	3	4	2	2	True	3.5	-4	82	82	82	82a	491/2	1/16	False	3	True				False	220	I6		Ab	I		I6		I		6			M	False	False	(4, 1, 0)	()	0	4	major	major	I	I, major	I		I	I	False	I6	I6, major		I6, major		I	-4	-4	-4	4	4	4	True	False	True
1964	2	56	-4	A	-1	3	4	2	1	True	3.5	-4	82	82	82	82a	491/2	1/16	False	3	True				False	220	I6		Ab	I		I6		I		6			M	False	False	(4, 1, 0)	()	0	4	major	major	I	I, major	I		I	I	False	I6	I6, major		I6, major		I	-4	-4	-4	0	0	0	True	True	False
1964	4	63	-3	E	-1	3	4	1	2	True	3.5	-4	82	82	82	82a	491/2	1/8	False	4	True				False	220	I6		Ab	I		I6		I		6			M	False	False	(4, 1, 0)	()	0	4	major	major	I	I, major	I		I	I	False	I6	I6, major		I6, major		I	-4	-4	-4	1	1	1	True	False	False
1964	2	72	0	C	0	3	4	1	1	True	3.5	-4	82	82	82	82a	491/2	1/16	False	5	True				False	220	I6		Ab	I		I6		I		6			M	False	False	(4, 1, 0)	()	0	4	major	major	I	I, major	I		I	I	False	I6	I6, major		I6, major		I	-4	-4	-4	4	4	4	True	False	True
1966	2	49	-5	D	-1	3	4	2	2	True	3.75	-4	82	82	82	82a	983/4	1/16	False	3	True				False	221	V2		Ab	I		V2		V		2			Mm7	False	False	(-1, 1, 5, 2)	()	1	-1	major	major	I	I, major	V		I	I	False	V2	V2, major		V2, major		V	-4	-4	-4	-1	-1	-1	True	False	True
1966	2	55	1	G	0	3	4	2	1	True	3.75	-4	82	82	82	82a	983/4	1/16	False	3	True				False	221	V2		Ab	I		V2		V		2			Mm7	False	False	(-1, 1, 5, 2)	()	1	-1	major	major	I	I, major	V		I	I	False	V2	V2, major		V2, major		V	-4	-4	-4	5	5	5	True	False	False
1966	2	70	-2	B	-1	3	4	1	1	True	3.75	-4	82	82	82	82a	983/4	1/16	False	4	True				False	221	V2		Ab	I		V2		V		2			Mm7	False	False	(-1, 1, 5, 2)	()	1	-1	major	major	I	I, major	V		I	I	False	V2	V2, major		V2, major		V	-4	-4	-4	2	2	2	True	False	False
1968	8	48	0	C	0	3	4	2	2	True	1.0	-4	83	83	83	83a	246	1/4	False	3	True				False	222	I6		Ab	I		I6		I		6			M	False	False	(4, 1, 0)	()	0	4	major	major	I	I, major	I		I	I	False	I6	I6, major		I6, major		I	-4	-4	-4	4	4	4	True	False	True
1968	8	56	-4	A	-1	3	4	2	1	True	1.0	-4	83	83	83	83a	246	1/4	False	3	True				False	222	I6		Ab	I		I6		I		6			M	False	False	(4, 1, 0)	()	0	4	major	major	I	I, major	I		I	I	False	I6	I6, major		I6, major		I	-4	-4	-4	0	0	0	True	True	False
1968	8	63	-3	E	-1	3	4	1	2	True	1.0	-4	83	83	83	83a	246	1/4	False	4	True				False	222	I6		Ab	I		I6		I		6			M	False	False	(4, 1, 0)	()	0	4	major	major	I	I, major	I		I	I	False	I6	I6, major		I6, major		I	-4	-4	-4	1	1	1	True	False	False
1968	8	72	0	C	0	3	4	1	1	True	1.0	-4	83	83	83	83a	246	1/4	False	5	True				False	222	I6		Ab	I		I6		I		6			M	False	False	(4, 1, 0)	()	0	4	major	major	I	I, major	I		I	I	False	I6	I6, major		I6, major		I	-4	-4	-4	4	4	4	True	False	True
1976	8	49	-5	D	-1	3	4	2	2	True	2.0	-4	83	83	83	83a	247	1/4	False	3	True				False	223	V2		Ab	I		V2		V		2			Mm7	False	False	(-1, 1, 5, 2)	()	1	-1	major	major	I	I, major	V		I	I	False	V2	V2, major		V2, major		V	-4	-4	-4	-1	-1	-1	True	False	True
1976	8	55	1	G	0	3	4	2	1	True	2.0	-4	83	83	83	83a	247	1/4	False	3	True				False	223	V2		Ab	I		V2		V		2			Mm7	False	False	(-1, 1, 5, 2)	()	1	-1	major	major	I	I, major	V		I	I	False	V2	V2, major		V2, major		V	-4	-4	-4	5	5	5	True	False	False
1976	8	63	-3	E	-1	3	4	1	2	True	2.0	-4	83	83	83	83a	247	1/4	False	4	True				False	223	V2		Ab	I		V2		V		2			Mm7	False	False	(-1, 1, 5, 2)	()	1	-1	major	major	I	I, major	V		I	I	False	V2	V2, major		V2, major		V	-4	-4	-4	1	1	1	True	True	False
1976	8	70	-2	B	-1	3	4	1	1	True	2.0	-4	83	83	83	83a	247	1/4	False	4	True				False	223	V2		Ab	I		V2		V		2			Mm7	False	False	(-1, 1, 5, 2)	()	1	-1	major	major	I	I, major	V		I	I	False	V2	V2, major		V2, major		V	-4	-4	-4	2	2	2	True	False	False
1984	2	48	0	C	0	3	4	2	2	True	3.0	-4	83	83	83	83a	248	1/16	False	3	True				False	224	I6		Ab	I		I6		I		6			M	False	False	(4, 1, 0)	()	0	4	major	major	I	I, major	I		I	I	False	I6	I6, major		I6, major		I	-4	-4	-4	4	4	4	True	False	True
1984	2	56	-4	A	-1	3	4	2	1	True	3.0	-4	83	83	83	83a	248	1/16	False	3	True				False	224	I6		Ab	I		I6		I		6			M	False	False	(4, 1, 0)	()	0	4	major	major	I	I, major	I		I	I	False	I6	I6, major		I6, major		I	-4	-4	-4	0	0	0	True	True	False
1984	2	63	-3	E	-1	3	4	1	2	True	3.0	-4	83	83	83	83a	248	1/16	False	4	True				False	224	I6		Ab	I		I6		I		6			M	False	False	(4, 1, 0)	()	0	4	major	major	I	I, major	I		I	I	False	I6	I6, major		I6, major		I	-4	-4	-4	1	1	1	True	False	False
1984	2	75	-3	E	-1	3	4	1	1	True	3.0	-4	83	83	83	83a	248	1/16	False	5	True				False	224	I6		Ab	I		I6		I		6			M	False	False	(4, 1, 0)	()	0	4	major	major	I	I, major	I		I	I	False	I6	I6, major		I6, major		I	-4	-4	-4	1	1	1	True	False	False
1986	2	46	-2	B	-1	3	4	2	2	True	3.25	-4	83	83	83	83a	993/4	1/16	False	2	True				False	225	V7/V		Ab	I		V7/V		V		7		V	Mm7	False	False	(2, 6, 3, 0)	()	2	2	major	major	I	I, major	V/V	V	V/I	V	False	V7/V	V7/V, major		V7/V, major	V	V	-4	-4	-3	2	2	1	True	True	True
1986	2	53	-1	F	0	3	4	2	1	True	3.25	-4	83	83	83	83a	993/4	1/16	False	3	True				False	225	V7/V		Ab	I		V7/V		V		7		V	Mm7	False	False	(2, 6, 3, 0)	()	2	2	major	major	I	I, major	V/V	V	V/I	V	False	V7/V	V7/V, major		V7/V, major	V	V	-4	-4	-3	3	3	2	True	False	False
1986	2	68	-4	A	-1	3	4	1	2	True	3.25	-4	83	83	83	83a	993/4	1/16	False	4	True				False	225	V7/V		Ab	I		V7/V		V		7		V	Mm7	False	False	(2, 6, 3, 0)	()	2	2	major	major	I	I, major	V/V	V	V/I	V	False	V7/V	V7/V, major		V7/V, major	V	V	-4	-4	-3	0	0	-1	True	False	False
1986	2	74	2	D	0	3	4	1	1	True	3.25	-4	83	83	83	83a	993/4	1/16	False	5	True				False	225	V7/V		Ab	I		V7/V		V		7		V	Mm7	False	False	(2, 6, 3, 0)	()	2	2	major	major	I	I, major	V/V	V	V/I	V	False	V7/V	V7/V, major		V7/V, major	V	V	-4	-4	-3	6	6	5	True	False	False
1988	2	48	0	C	0	3	4	2	2	True	3.5	-4	83	83	83	83a	497/2	1/16	False	3	True				False	226	I6		Ab	I		I6		I		6			M	False	False	(4, 1, 0)	()	0	4	major	major	I	I, major	I		I	I	False	I6	I6, major		I6, major		I	-4	-4	-4	4	4	4	True	False	True
1988	2	56	-4	A	-1	3	4	2	1	True	3.5	-4	83	83	83	83a	497/2	1/16	False	3	True				False	226	I6		Ab	I		I6		I		6			M	False	False	(4, 1, 0)	()	0	4	major	major	I	I, major	I		I	I	False	I6	I6, major		I6, major		I	-4	-4	-4	0	0	0	True	True	False
1988	2	63	-3	E	-1	3	4	1	2	True	3.5	-4	83	83	83	83a	497/2	1/16	False	4	True				False	226	I6		Ab	I		I6		I		6			M	False	False	(4, 1, 0)	()	0	4	major	major	I	I, major	I		I	I	False	I6	I6, major		I6, major		I	-4	-4	-4	1	1	1	True	False	False
1988	2	75	-3	E	-1	3	4	1	1	True	3.5	-4	83	83	83	83a	497/2	1/16	False	5	True				False	226	I6		Ab	I		I6		I		6			M	False	False	(4, 1, 0)	()	0	4	major	major	I	I, major	I		I	I	False	I6	I6, major		I6, major		I	-4	-4	-4	1	1	1	True	False	False
1990	2	46	-2	B	-1	3	4	2	2	True	3.75	-4	83	83	83	83a	995/4	1/16	False	2	True				False	227	V7/V		Ab	I		V7/V		V		7		V	Mm7	False	False	(2, 6, 3, 0)	()	2	2	major	major	I	I, major	V/V	V	V/I	V	False	V7/V	V7/V, major		V7/V, major	V	V	-4	-4	-3	2	2	1	True	True	True
1990	2	53	-1	F	0	3	4	2	1	True	3.75	-4	83	83	83	83a	995/4	1/16	False	3	True				False	227	V7/V		Ab	I		V7/V		V		7		V	Mm7	False	False	(2, 6, 3, 0)	()	2	2	major	major	I	I, major	V/V	V	V/I	V	False	V7/V	V7/V, major		V7/V, major	V	V	-4	-4	-3	3	3	2	True	False	False
1990	2	68	-4	A	-1	3	4	1	2	True	3.75	-4	83	83	83	83a	995/4	1/16	False	4	True				False	227	V7/V		Ab	I		V7/V		V		7		V	Mm7	False	False	(2, 6, 3, 0)	()	2	2	major	major	I	I, major	V/V	V	V/I	V	False	V7/V	V7/V, major		V7/V, major	V	V	-4	-4	-3	0	0	-1	True	False	False
1990	2	74	2	D	0	3	4	1	1	True	3.75	-4	83	83	83	83a	995/4	1/16	False	5	True				False	227	V7/V		Ab	I		V7/V		V		7		V	Mm7	False	False	(2, 6, 3, 0)	()	2	2	major	major	I	I, major	V/V	V	V/I	V	False	V7/V	V7/V, major		V7/V, major	V	V	-4	-4	-3	6	6	5	True	False	False
1992	8	48	0	C	0	3	4	2	1	True	1.0	-4	84	84	84	84a	249	1/4	False	3	True				False	228	I6		Ab	I		I6		I		6			M	False	False	(4, 1, 0)	()	0	4	major	major	I	I, major	I		I	I	False	I6	I6, major		I6, major		I	-4	-4	-4	4	4	4	True	False	True
1992	8	51	-3	E	-1	3	4	2	1	True	1.0	-4	84	84	84	84a	249	1/4	False	3	True				False	228	I6		Ab	I		I6		I		6			M	False	False	(4, 1, 0)	()	0	4	major	major	I	I, major	I		I	I	False	I6	I6, major		I6, major		I	-4	-4	-4	1	1	1	True	False	False
1992	8	56	-4	A	-1	3	4	2	1	True	1.0	-4	84	84	84	84a	249	1/4	False	3	True				False	228	I6		Ab	I		I6		I		6			M	False	False	(4, 1, 0)	()	0	4	major	major	I	I, major	I		I	I	False	I6	I6, major		I6, major		I	-4	-4	-4	0	0	0	True	True	False
1992	8	63	-3	E	-1	3	4	1	1	True	1.0	-4	84	84	84	84a	249	1/4	False	4	True				False	228	I6		Ab	I		I6		I		6			M	False	False	(4, 1, 0)	()	0	4	major	major	I	I, major	I		I	I	False	I6	I6, major		I6, major		I	-4	-4	-4	1	1	1	True	False	False
1992	8	68	-4	A	-1	3	4	1	1	True	1.0	-4	84	84	84	84a	249	1/4	False	4	True				False	228	I6		Ab	I		I6		I		6			M	False	False	(4, 1, 0)	()	0	4	major	major	I	I, major	I		I	I	False	I6	I6, major		I6, major		I	-4	-4	-4	0	0	0	True	True	False
1992	8	75	-3	E	-1	3	4	1	1	True	1.0	-4	84	84	84	84a	249	1/4	False	5	True				False	228	I6		Ab	I		I6		I		6			M	False	False	(4, 1, 0)	()	0	4	major	major	I	I, major	I		I	I	False	I6	I6, major		I6, major		I	-4	-4	-4	1	1	1	True	False	False
2000	0	62	2	D	0	3	4	1	1	True	2.0	-4	84	84	84	84a	250	0	False	4	True				False	229	V7/V		Ab	I		V7/V		V		7		V	Mm7	False	False	(2, 6, 3, 0)	()	2	2	major	major	I	I, major	V/V	V	V/I	V	False	V7/V	V7/V, major		V7/V, major	V	V	-4	-4	-3	6	6	5	True	False	False
2000	0	68	-4	A	-1	3	4	1	1	True	2.0	-4	84	84	84	84a	250	0	False	4	True				False	229	V7/V		Ab	I		V7/V		V		7		V	Mm7	False	False	(2, 6, 3, 0)	()	2	2	major	major	I	I, major	V/V	V	V/I	V	False	V7/V	V7/V, major		V7/V, major	V	V	-4	-4	-3	0	0	-1	True	False	False
2000	8	46	-2	B	-1	3	4	2	1	True	2.0	-4	84	84	84	84a	250	1/4	False	2	True				False	229	V7/V		Ab	I		V7/V		V		7		V	Mm7	False	False	(2, 6, 3, 0)	()	2	2	major	major	I	I, major	V/V	V	V/I	V	False	V7/V	V7/V, major		V7/V, major	V	V	-4	-4	-3	2	2	1	True	True	True
2000	12	77	-1	F	0	3	4	1	1	True	2.0	-4	84	84	84	84a	250	3/8	False	5	True				False	229	V7/V		Ab	I		V7/V		V		7		V	Mm7	False	False	(2, 6, 3, 0)	()	2	2	major	major	I	I, major	V/V	V	V/I	V	False	V7/V	V7/V, major		V7/V, major	V	V	-4	-4	-3	3	3	2	True	False	False
2008	8	44	-4	A	-1	3	4	2	1	True	3.0	-4	84	84	84	84a	251	1/4	False	2	True				False	230	V2/V		Ab	I		V2/V		V		2		V	Mm7	False	False	(0, 2, 6, 3)	()	2	0	major	major	I	I, major	V/V	V	V/I	V	False	V2/V	V2/V, major		V2/V, major	V	V	-4	-4	-3	0	0	-1	True	False	True
2012	0	62	2	D	0	3	4	1	1	True	3.5	-4	84	84	84	84a	503/2	0	False	4	False				False	230	V2/V		Ab	I		V2/V		V		2		V	Mm7	False	False	(0, 2, 6, 3)	()	2	0	major	major	I	I, major	V/V	V	V/I	V	False	V2/V	V2/V, major		V2/V, major	V	V	-4	-4	-3	6	6	5	True	False	False
2012	0	70	-2	B	-1	3	4	1	1	True	3.5	-4	84	84	84	84a	503/2	0	False	4	False				False	230	V2/V		Ab	I		V2/V		V		2		V	Mm7	False	False	(0, 2, 6, 3)	()	2	0	major	major	I	I, major	V/V	V	V/I	V	False	V2/V	V2/V, major		V2/V, major	V	V	-4	-4	-3	2	2	1	True	True	False
2012	4	77	-1	F	0	3	4	1	1	True	3.5	-4	84	84	84	84a	503/2	1/8	False	5	False				False	230	V2/V		Ab	I		V2/V		V		2		V	Mm7	False	False	(0, 2, 6, 3)	()	2	0	major	major	I	I, major	V/V	V	V/I	V	False	V2/V	V2/V, major		V2/V, major	V	V	-4	-4	-3	3	3	2	True	False	False
2016	8	43	1	G	0	3	4	2	1	True	1.0	-4	85	85	85	85a	252	1/4	False	2	True				False	231	V6		Ab	I		V6		V		6			M	False	False	(5, 2, 1)	()	1	5	major	major	I	I, major	V		I	I	False	V6	V6, major		V6, major		V	-4	-4	-4	5	5	5	True	False	True
2020	0	63	-3	E	-1	3	4	1	1	True	1.5	-4	85	85	85	85a	505/2	0	False	4	False				False	231	V6		Ab	I		V6		V		6			M	False	False	(5, 2, 1)	()	1	5	major	major	I	I, major	V		I	I	False	V6	V6, major		V6, major		V	-4	-4	-4	1	1	1	True	True	False
2020	0	70	-2	B	-1	3	4	1	1	True	1.5	-4	85	85	85	85a	505/2	0	False	4	False				False	231	V6		Ab	I		V6		V		6			M	False	False	(5, 2, 1)	()	1	5	major	major	I	I, major	V		I	I	False	V6	V6, major		V6, major		V	-4	-4	-4	2	2	2	True	False	False
2020	4	79	1	G	0	3	4	1	1	True	1.5	-4	85	85	85	85a	505/2	1/8	False	5	False				False	231	V6		Ab	I		V6		V		6			M	False	False	(5, 2, 1)	()	1	5	major	major	I	I, major	V		I	I	False	V6	V6, major		V6, major		V	-4	-4	-4	5	5	5	True	False	True
2024	8	41	-1	F	0	3	4	2	1	True	2.0	-4	85	85	85	85a	253	1/4	False	2	True				False	232	V43/V		Ab	I		V43/V		V		43		V	Mm7	False	False	(3, 0, 2, 6)	()	2	3	major	major	I	I, major	V/V	V	V/I	V	False	V43/V	V43/V, major		V43/V, major	V	V	-4	-4	-3	3	3	2	True	False	True
2028	0	65	-1	F	0	3	4	1	1	True	2.5	-4	85	85	85	85a	507/2	0	False	4	False				False	232	V43/V		Ab	I		V43/V		V		43		V	Mm7	False	False	(3, 0, 2, 6)	()	2	3	major	major	I	I, major	V/V	V	V/I	V	False	V43/V	V43/V, major		V43/V, major	V	V	-4	-4	-3	3	3	2	True	False	True
2028	0	70	-2	B	-1	3	4	1	1	True	2.5	-4	85	85	85	85a	507/2	0	False	4	False				False	232	V43/V		Ab	I		V43/V		V		43		V	Mm7	False	False	(3, 0, 2, 6)	()	2	3	major	major	I	I, major	V/V	V	V/I	V	False	V43/V	V43/V, major		V43/V, major	V	V	-4	-4	-3	2	2	1	True	True	False
2028	4	80	-4	A	-1	3	4	1	1	True	2.5	-4	85	85	85	85a	507/2	1/8	False	5	False				False	232	V43/V		Ab	I		V43/V		V		43		V	Mm7	False	False	(3, 0, 2, 6)	()	2	3	major	major	I	I, major	V/V	V	V/I	V	False	V43/V	V43/V, major		V43/V, major	V	V	-4	-4	-3	0	0	-1	True	False	False
2032	8	39	-3	E	-1	3	4	2	1	True	3.0	-4	85	85	85	85a	254	1/4	False	2	True				False	233	V		Ab	I		V		V					M	False	False	(1, 5, 2)	()	1	1	major	major	I	I, major	V		I	I	False	V	V, major		V, major		V	-4	-4	-4	1	1	1	True	True	True
2036	0	67	1	G	0	3	4	1	1	True	3.5	-4	85	85	85	85a	509/2	0	False	4	False				False	233	V		Ab	I		V		V					M	False	False	(1, 5, 2)	()	1	1	major	major	I	I, major	V		I	I	False	V	V, major		V, major		V	-4	-4	-4	5	5	5	True	False	False
2036	0	70	-2	B	-1	3	4	1	1	True	3.5	-4	85	85	85	85a	509/2	0	False	4	False				False	233	V		Ab	I		V		V					M	False	False	(1, 5, 2)	()	1	1	major	major	I	I, major	V		I	I	False	V	V, major		V, major		V	-4	-4	-4	2	2	2	True	False	False
2036	4	82	-2	B	-1	3	4	1	1	True	3.5	-4	85	85	85	85a	509/2	1/8	False	5	False				False	233	V		Ab	I		V		V					M	False	False	(1, 5, 2)	()	1	1	major	major	I	I, major	V		I	I	False	V	V, major		V, major		V	-4	-4	-4	2	2	2	True	False	False
2040	16	37	-5	D	-1	3	4	2	1	True	1.0	-4	86	86	86	86a	255	1/2	False	2	True				False	234	V2		Ab	I		V2		V		2			Mm7	False	False	(-1, 1, 5, 2)	()	1	-1	major	major	I	I, major	V		I	I	False	V2	V2, major		V2, major		V	-4	-4	-4	-1	-1	-1	True	False	True
2040	4	82	-2	B	-1	3	4	1	1	False	1.0	-4	86	86	86	86a	255	1/8	False	5	True				False	234	V2		Ab	I		V2		V		2			Mm7	False	False	(-1, 1, 5, 2)	()	1	-1	major	major	I	I, major	V		I	I	False	V2	V2, major		V2, major		V	-4	-4	-4	2	2	2	True	False	False
2044	4	84	0	C	0	3	4	1	1	True	1.5	-4	86	86	86	86a	511/2	1/8	False	6	False				False	234	V2		Ab	I		V2		V		2			Mm7	False	False	(-1, 1, 5, 2)	()	1	-1	major	major	I	I, major	V		I	I	False	V2	V2, major		V2, major		V	-4	-4	-4	4	4	4	False	False	False
2048	4	85	-5	D	-1	3	4	1	1	True	2.0	-4	86	86	86	86a	256	1/8	False	6	False				False	234	V2		Ab	I		V2		V		2			Mm7	False	False	(-1, 1, 5, 2)	()	1	-1	major	major	I	I, major	V		I	I	False	V2	V2, major		V2, major		V	-4	-4	-4	-1	-1	-1	True	False	True
2052	4	86	2	D	0	3	4	1	1	True	2.5	-4	86	86	86	86a	513/2	1/8	False	6	False				False	234	V2		Ab	I		V2		V		2			Mm7	False	False	(-1, 1, 5, 2)	()	1	-1	major	major	I	I, major	V		I	I	False	V2	V2, major		V2, major		V	-4	-4	-4	6	6	6	False	False	False
2056	2	37	-5	D	-1	3	4	2	1	False	3.0	-4	86	86	86	86a	257	1/16	False	2	False				False	234	V2		Ab	I		V2		V		2			Mm7	False	False	(-1, 1, 5, 2)	()	1	-1	major	major	I	I, major	V		I	I	False	V2	V2, major		V2, major		V	-4	-4	-4	-1	-1	-1	True	False	True
2056	8	87	-3	E	-1	3	4	1	1	True	3.0	-4	86	86	86	86a	257	1/4	False	6	False				False	234	V2		Ab	I		V2		V		2			Mm7	False	False	(-1, 1, 5, 2)	()	1	-1	major	major	I	I, major	V		I	I	False	V2	V2, major		V2, major		V	-4	-4	-4	1	1	1	True	True	False
2058	1	36	0	C	0	3	4	2	1	True	3.25	-4	86	86	86	86a	1029/4	1/32	False	2	True				False	235	I6		Ab	I		I6		I		6			M	False	False	(4, 1, 0)	()	0	4	major	major	I	I, major	I		I	I	False	I6	I6, major		I6, major		I	-4	-4	-4	4	4	4	True	False	True
2059	1	37	-5	D	-1	3	4	2	1	True	3.375	-4	86	86	86	86a	2059/8	1/32	False	2	False				False	235	I6		Ab	I		I6		I		6			M	False	False	(4, 1, 0)	()	0	4	major	major	I	I, major	I		I	I	False	I6	I6, major		I6, major		I	-4	-4	-4	-1	-1	-1	False	False	False
2060	1	39	-3	E	-1	3	4	2	1	True	3.5	-4	86	86	86	86a	515/2	1/32	False	2	True				False	236	V		Ab	I		V		V					M	False	False	(1, 5, 2)	()	1	1	major	major	I	I, major	V		I	I	False	V	V, major		V, major		V	-4	-4	-4	1	1	1	True	True	True
2061	1	37	-5	D	-1	3	4	2	1	True	3.625	-4	86	86	86	86a	2061/8	1/32	False	2	False				False	236	V		Ab	I		V		V					M	False	False	(1, 5, 2)	()	1	1	major	major	I	I, major	V		I	I	False	V	V, major		V, major		V	-4	-4	-4	-1	-1	-1	False	False	False
2062	1	36	0	C	0	3	4	2	1	True	3.75	-4	86	86	86	86a	1031/4	1/32	False	2	False				False	236	V		Ab	I		V		V					M	False	False	(1, 5, 2)	()	1	1	major	major	I	I, major	V		I	I	False	V	V, major		V, major		V	-4	-4	-4	4	4	4	False	False	False
2063	1	34	-2	B	-1	3	4	2	1	True	3.875	-4	86	86	86	86a	2063/8	1/32	False	1	False				False	236	V		Ab	I		V		V					M	False	False	(1, 5, 2)	()	1	1	major	major	I	I, major	V		I	I	False	V	V, major		V, major		V	-4	-4	-4	2	2	2	True	False	False
2064	2	32	-4	A	-1	3	4	2	1	True	1.0	-4	87	87	87	87a	258	1/16	False	1	True	IAC	IAC	}{	True	237	I|IAC}{		Ab	I		I		I					M	False	False	(0, 4, 1)	()	0	0	major	major	I	I, major	I		I	I	False	I	I, major		I, major		I	-4	-4	-4	0	0	0	True	True	True
2064	4	87	-3	E	-1	3	4	1	1	False	1.0	-4	87	87	87	87a	258	1/8	False	6	True	IAC	IAC	}{	True	237	I|IAC}{		Ab	I		I		I					M	False	False	(0, 4, 1)	()	0	0	major	major	I	I, major	I		I	I	False	I	I, major		I, major		I	-4	-4	-4	1	1	1	True	False	False
2066	2	44	-4	A	-1	3	4	2	1	True	1.25	-4	87	87	87	87a	1033/4	1/16	False	2	False				False	237	I|IAC}{		Ab	I		I		I					M	False	False	(0, 4, 1)	()	0	0	major	major	I	I, major	I		I	I	False	I	I, major		I, major		I	-4	-4	-4	0	0	0	True	True	True
2066	2	48	0	C	0	3	4	2	1	True	1.25	-4	87	87	87	87a	1033/4	1/16	False	3	False				False	237	I|IAC}{		Ab	I		I		I					M	False	False	(0, 4, 1)	()	0	0	major	major	I	I, major	I		I	I	False	I	I, major		I, major		I	-4	-4	-4	4	4	4	True	False	False
2068	2	44	-4	A	-1	3	4	2	1	True	1.5	-4	87	87	87	87a	517/2	1/16	False	2	False				False	237	I|IAC}{		Ab	I		I		I					M	False	False	(0, 4, 1)	()	0	0	major	major	I	I, major	I		I	I	False	I	I, major		I, major		I	-4	-4	-4	0	0	0	True	True	True
2068	2	48	0	C	0	3	4	2	1	True	1.5	-4	87	87	87	87a	517/2	1/16	False	3	False				False	237	I|IAC}{		Ab	I		I		I					M	False	False	(0, 4, 1)	()	0	0	major	major	I	I, major	I		I	I	False	I	I, major		I, major		I	-4	-4	-4	4	4	4	True	False	False
2068	4	60	0	C	0	3	4	1	1	True	1.5	-4	87	87	87	87a	517/2	1/8	False	4	False				False	237	I|IAC}{		Ab	I		I		I					M	False	False	(0, 4, 1)	()	0	0	major	major	I	I, major	I		I	I	False	I	I, major		I, major		I	-4	-4	-4	4	4	4	True	False	False
2070	2	43	1	G	0	3	4	2	1	True	1.75	-4	87	87	87	87a	1035/4	1/16	False	2	True				False	238	IM2		Ab	I		IM2		I	M	2			MM7	False	False	(5, 0, 4, 1)	()	0	5	major	major	I	I, major	I		I	I	False	IM2	IM2, major		IM2, major		I	-4	-4	-4	5	5	5	True	False	True
2070	2	44	-4	A	-1	3	4	2	1	True	1.75	-4	87	87	87	87a	1035/4	1/16	False	2	True				False	238	IM2		Ab	I		IM2		I	M	2			MM7	False	False	(5, 0, 4, 1)	()	0	5	major	major	I	I, major	I		I	I	False	IM2	IM2, major		IM2, major		I	-4	-4	-4	0	0	0	True	True	False
2070	2	48	0	C	0	3	4	2	1	True	1.75	-4	87	87	87	87a	1035/4	1/16	False	3	True				False	238	IM2		Ab	I		IM2		I	M	2			MM7	False	False	(5, 0, 4, 1)	()	0	5	major	major	I	I, major	I		I	I	False	IM2	IM2, major		IM2, major		I	-4	-4	-4	4	4	4	True	False	False
2072	2	43	1	G	0	3	4	2	1	True	2.0	-4	87	87	87	87a	259	1/16	False	2	False				False	238	IM2		Ab	I		IM2		I	M	2			MM7	False	False	(5, 0, 4, 1)	()	0	5	major	major	I	I, major	I		I	I	False	IM2	IM2, major		IM2, major		I	-4	-4	-4	5	5	5	True	False	True
2072	2	44	-4	A	-1	3	4	2	1	True	2.0	-4	87	87	87	87a	259	1/16	False	2	False				False	238	IM2		Ab	I		IM2		I	M	2			MM7	False	False	(5, 0, 4, 1)	()	0	5	major	major	I	I, major	I		I	I	False	IM2	IM2, major		IM2, major		I	-4	-4	-4	0	0	0	True	True	False
2072	2	48	0	C	0	3	4	2	1	True	2.0	-4	87	87	87	87a	259	1/16	False	3	False				False	238	IM2		Ab	I		IM2		I	M	2			MM7	False	False	(5, 0, 4, 1)	()	0	5	major	major	I	I, major	I		I	I	False	IM2	IM2, major		IM2, major		I	-4	-4	-4	4	4	4	True	False	False
2074	2	41	-1	F	0	3	4	2	1	True	2.25	-4	87	87	87	87a	1037/4	1/16	False	2	True				False	239	vi		Ab	I		vi		vi					m	False	False	(3, 0, 4)	()	3	3	major	major	I	I, major	vi		I	I	False	vi	vi, major		vi, major		vi	-4	-4	-4	3	3	3	True	True	True
2074	2	44	-4	A	-1	3	4	2	1	True	2.25	-4	87	87	87	87a	1037/4	1/16	False	2	True				False	239	vi		Ab	I		vi		vi					m	False	False	(3, 0, 4)	()	3	3	major	major	I	I, major	vi		I	I	False	vi	vi, major		vi, major		vi	-4	-4	-4	0	0	0	True	False	False
2074	2	48	0	C	0	3	4	2	1	True	2.25	-4	87	87	87	87a	1037/4	1/16	False	3	True				False	239	vi		Ab	I		vi		vi					m	False	False	(3, 0, 4)	()	3	3	major	major	I	I, major	vi		I	I	False	vi	vi, major		vi, major		vi	-4	-4	-4	4	4	4	True	False	False
2076	2	41	-1	F	0	3	4	2	1	True	2.5	-4	87	87	87	87a	519/2	1/16	False	2	False				False	239	vi		Ab	I		vi		vi					m	False	False	(3, 0, 4)	()	3	3	major	major	I	I, major	vi		I	I	False	vi	vi, major		vi, major		vi	-4	-4	-4	3	3	3	True	True	True
2076	2	44	-4	A	-1	3	4	2	1	True	2.5	-4	87	87	87	87a	519/2	1/16	False	2	False				False	239	vi		Ab	I		vi		vi					m	False	False	(3, 0, 4)	()	3	3	major	major	I	I, major	vi		I	I	False	vi	vi, major		vi, major		vi	-4	-4	-4	0	0	0	True	False	False
2076	2	48	0	C	0	3	4	2	1	True	2.5	-4	87	87	87	87a	519/2	1/16	False	3	False				False	239	vi		Ab	I		vi		vi					m	False	False	(3, 0, 4)	()	3	3	major	major	I	I, major	vi		I	I	False	vi	vi, major		vi, major		vi	-4	-4	-4	4	4	4	True	False	False
2078	2	39	-3	E	-1	3	4	2	1	True	2.75	-4	87	87	87	87a	1039/4	1/16	False	2	True				False	240	I64		Ab	I		I64		I		64			M	False	False	(1, 0, 4)	()	0	1	major	major	I	I, major	I		I	I	False	I64	I64, major		I64, major		I	-4	-4	-4	1	1	1	True	False	True
2078	2	44	-4	A	-1	3	4	2	1	True	2.75	-4	87	87	87	87a	1039/4	1/16	False	2	True				False	240	I64		Ab	I		I64		I		64			M	False	False	(1, 0, 4)	()	0	1	major	major	I	I, major	I		I	I	False	I64	I64, major		I64, major		I	-4	-4	-4	0	0	0	True	True	False
2078	2	48	0	C	0	3	4	2	1	True	2.75	-4	87	87	87	87a	1039/4	1/16	False	3	True				False	240	I64		Ab	I		I64		I		64			M	False	False	(1, 0, 4)	()	0	1	major	major	I	I, major	I		I	I	False	I64	I64, major		I64, major		I	-4	-4	-4	4	4	4	True	False	False
2078	2	60	0	C	0	3	4	1	1	True	2.75	-4	87	87	87	87a	1039/4	1/16	False	4	True				False	240	I64		Ab	I		I64		I		64			M	False	False	(1, 0, 4)	()	0	1	major	major	I	I, major	I		I	I	False	I64	I64, major		I64, major		I	-4	-4	-4	4	4	4	True	False	False
2080	2	39	-3	E	-1	3	4	2	1	True	3.0	-4	87	87	87	87a	260	1/16	False	2	False				False	240	I64		Ab	I		I64		I		64			M	False	False	(1, 0, 4)	()	0	1	major	major	I	I, major	I		I	I	False	I64	I64, major		I64, major		I	-4	-4	-4	1	1	1	True	False	True
2080	2	44	-4	A	-1	3	4	2	1	True	3.0	-4	87	87	87	87a	260	1/16	False	2	False				False	240	I64		Ab	I		I64		I		64			M	False	False	(1, 0, 4)	()	0	1	major	major	I	I, major	I		I	I	False	I64	I64, major		I64, major		I	-4	-4	-4	0	0	0	True	True	False
2080	2	48	0	C	0	3	4	2	1	True	3.0	-4	87	87	87	87a	260	1/16	False	3	False				False	240	I64		Ab	I		I64		I		64			M	False	False	(1, 0, 4)	()	0	1	major	major	I	I, major	I		I	I	False	I64	I64, major		I64, major		I	-4	-4	-4	4	4	4	True	False	False
2080	2	61	-5	D	-1	3	4	1	1	True	3.0	-4	87	87	87	87a	260	1/16	False	4	False				False	240	I64		Ab	I		I64		I		64			M	False	False	(1, 0, 4)	()	0	1	major	major	I	I, major	I		I	I	False	I64	I64, major		I64, major		I	-4	-4	-4	-1	-1	-1	False	False	False
2082	2	37	-5	D	-1	3	4	2	1	True	3.25	-4	87	87	87	87a	1041/4	1/16	False	2	True				False	241	IVM7		Ab	I		IVM7		IV	M	7			MM7	False	False	(-1, 3, 0, 4)	()	-1	-1	major	major	I	I, major	IV		I	I	False	IVM7	IVM7, major		IVM7, major		IV	-4	-4	-4	-1	-1	-1	True	True	True
2082	2	44	-4	A	-1	3	4	2	1	True	3.25	-4	87	87	87	87a	1041/4	1/16	False	2	True				False	241	IVM7		Ab	I		IVM7		IV	M	7			MM7	False	False	(-1, 3, 0, 4)	()	-1	-1	major	major	I	I, major	IV		I	I	False	IVM7	IVM7, major		IVM7, major		IV	-4	-4	-4	0	0	0	True	False	False
2082	2	48	0	C	0	3	4	2	1	True	3.25	-4	87	87	87	87a	1041/4	1/16	False	3	True				False	241	IVM7		Ab	I		IVM7		IV	M	7			MM7	False	False	(-1, 3, 0, 4)	()	-1	-1	major	major	I	I, major	IV		I	I	False	IVM7	IVM7, major		IVM7, major		IV	-4	-4	-4	4	4	4	True	False	False
2082	2	63	-3	E	-1	3	4	1	1	True	3.25	-4	87	87	87	87a	1041/4	1/16	False	4	True				False	241	IVM7		Ab	I		IVM7		IV	M	7			MM7	False	False	(-1, 3, 0, 4)	()	-1	-1	major	major	I	I, major	IV		I	I	False	IVM7	IVM7, major		IVM7, major		IV	-4	-4	-4	1	1	1	False	False	False
2084	2	36	0	C	0	3	4	2	1	True	3.5	-4	87	87	87	87a	521/2	1/16	False	2	True				False	242	I6		Ab	I		I6		I		6			M	False	False	(4, 1, 0)	()	0	4	major	major	I	I, major	I		I	I	False	I6	I6, major		I6, major		I	-4	-4	-4	4	4	4	True	False	True
2084	2	44	-4	A	-1	3	4	2	1	True	3.5	-4	87	87	87	87a	521/2	1/16	False	2	True				False	242	I6		Ab	I		I6		I		6			M	False	False	(4, 1, 0)	()	0	4	major	major	I	I, major	I		I	I	False	I6	I6, major		I6, major		I	-4	-4	-4	0	0	0	True	True	False
2084	2	48	0	C	0	3	4	2	1	True	3.5	-4	87	87	87	87a	521/2	1/16	False	3	True				False	242	I6		Ab	I		I6		I		6			M	False	False	(4, 1, 0)	()	0	4	major	major	I	I, major	I		I	I	False	I6	I6, major		I6, major		I	-4	-4	-4	4	4	4	True	False	True
2084	2	65	-1	F	0	3	4	1	1	True	3.5	-4	87	87	87	87a	521/2	1/16	False	4	True				False	242	I6		Ab	I		I6		I		6			M	False	False	(4, 1, 0)	()	0	4	major	major	I	I, major	I		I	I	False	I6	I6, major		I6, major		I	-4	-4	-4	3	3	3	False	False	False
2086	2	36	0	C	0	3	4	2	1	True	3.75	-4	87	87	87	87a	1043/4	1/16	False	2	False				False	242	I6		Ab	I		I6		I		6			M	False	False	(4, 1, 0)	()	0	4	major	major	I	I, major	I		I	I	False	I6	I6, major		I6, major		I	-4	-4	-4	4	4	4	True	False	True
2086	2	44	-4	A	-1	3	4	2	1	True	3.75	-4	87	87	87	87a	1043/4	1/16	False	2	False				False	242	I6		Ab	I		I6		I		6			M	False	False	(4, 1, 0)	()	0	4	major	major	I	I, major	I		I	I	False	I6	I6, major		I6, major		I	-4	-4	-4	0	0	0	True	True	False
2086	2	48	0	C	0	3	4	2	1	True	3.75	-4	87	87	87	87a	1043/4	1/16	False	3	False				False	242	I6		Ab	I		I6		I		6			M	False	False	(4, 1, 0)	()	0	4	major	major	I	I, major	I		I	I	False	I6	I6, major		I6, major		I	-4	-4	-4	4	4	4	True	False	True
2086	2	67	1	G	0	3	4	1	1	True	3.75	-4	87	87	87	87a	1043/4	1/16	False	4	False				False	242	I6		Ab	I		I6		I		6			M	False	False	(4, 1, 0)	()	0	4	major	major	I	I, major	I		I	I	False	I6	I6, major		I6, major		I	-4	-4	-4	5	5	5	False	False	False
2088	2	36	0	C	0	3	4	2	1	True	1.0	-4	88	88	88	88a	261	1/16	False	2	False				False	242	I6		Ab	I		I6		I		6			M	False	False	(4, 1, 0)	()	0	4	major	major	I	I, major	I		I	I	False	I6	I6, major		I6, major		I	-4	-4	-4	4	4	4	True	False	True
2088	4	68	-4	A	-1	3	4	1	1	True	1.0	-4	88	88	88	88a	261	1/8	False	4	False				False	242	I6		Ab	I		I6		I		6			M	False	False	(4, 1, 0)	()	0	4	major	major	I	I, major	I		I	I	False	I6	I6, major		I6, major		I	-4	-4	-4	0	0	0	True	True	False
2090	2	44	-4	A	-1	3	4	2	1	True	1.25	-4	88	88	88	88a	1045/4	1/16	False	2	True				False	243	I		Ab	I		I		I					M	False	False	(0, 4, 1)	()	0	0	major	major	I	I, major	I		I	I	False	I	I, major		I, major		I	-4	-4	-4	0	0	0	True	True	True
2090	2	48	0	C	0	3	4	2	1	True	1.25	-4	88	88	88	88a	1045/4	1/16	False	3	True				False	243	I		Ab	I		I		I					M	False	False	(0, 4, 1)	()	0	0	major	major	I	I, major	I		I	I	False	I	I, major		I, major		I	-4	-4	-4	4	4	4	True	False	False
2092	2	44	-4	A	-1	3	4	2	1	True	1.5	-4	88	88	88	88a	523/2	1/16	False	2	False				False	243	I		Ab	I		I		I					M	False	False	(0, 4, 1)	()	0	0	major	major	I	I, major	I		I	I	False	I	I, major		I, major		I	-4	-4	-4	0	0	0	True	True	True
2092	2	48	0	C	0	3	4	2	1	True	1.5	-4	88	88	88	88a	523/2	1/16	False	3	False				False	243	I		Ab	I		I		I					M	False	False	(0, 4, 1)	()	0	0	major	major	I	I, major	I		I	I	False	I	I, major		I, major		I	-4	-4	-4	4	4	4	True	False	False
2092	4	63	-3	E	-1	3	4	1	1	True	1.5	-4	88	88	88	88a	523/2	1/8	False	4	False				False	243	I		Ab	I		I		I					M	False	False	(0, 4, 1)	()	0	0	major	major	I	I, major	I		I	I	False	I	I, major		I, major		I	-4	-4	-4	1	1	1	True	False	False
2094	2	43	1	G	0	3	4	2	1	True	1.75	-4	88	88	88	88a	1047/4	1/16	False	2	True				False	244	IM2		Ab	I		IM2		I	M	2			MM7	False	False	(5, 0, 4, 1)	()	0	5	major	major	I	I, major	I		I	I	False	IM2	IM2, major		IM2, major		I	-4	-4	-4	5	5	5	True	False	True
2094	2	44	-4	A	-1	3	4	2	1	True	1.75	-4	88	88	88	88a	1047/4	1/16	False	2	True				False	244	IM2		Ab	I		IM2		I	M	2			MM7	False	False	(5, 0, 4, 1)	()	0	5	major	major	I	I, major	I		I	I	False	IM2	IM2, major		IM2, major		I	-4	-4	-4	0	0	0	True	True	False
2094	2	48	0	C	0	3	4	2	1	True	1.75	-4	88	88	88	88a	1047/4	1/16	False	3	True				False	244	IM2		Ab	I		IM2		I	M	2			MM7	False	False	(5, 0, 4, 1)	()	0	5	major	major	I	I, major	I		I	I	False	IM2	IM2, major		IM2, major		I	-4	-4	-4	4	4	4	True	False	False
2096	2	43	1	G	0	3	4	2	1	True	2.0	-4	88	88	88	88a	262	1/16	False	2	False				False	244	IM2		Ab	I		IM2		I	M	2			MM7	False	False	(5, 0, 4, 1)	()	0	5	major	major	I	I, major	I		I	I	False	IM2	IM2, major		IM2, major		I	-4	-4	-4	5	5	5	True	False	True
2096	2	44	-4	A	-1	3	4	2	1	True	2.0	-4	88	88	88	88a	262	1/16	False	2	False				False	244	IM2		Ab	I		IM2		I	M	2			MM7	False	False	(5, 0, 4, 1)	()	0	5	major	major	I	I, major	I		I	I	False	IM2	IM2, major		IM2, major		I	-4	-4	-4	0	0	0	True	True	False
2096	2	48	0	C	0	3	4	2	1	True	2.0	-4	88	88	88	88a	262	1/16	False	3	False				False	244	IM2		Ab	I		IM2		I	M	2			MM7	False	False	(5, 0, 4, 1)	()	0	5	major	major	I	I, major	I		I	I	False	IM2	IM2, major		IM2, major		I	-4	-4	-4	4	4	4	True	False	False
2098	2	41	-1	F	0	3	4	2	1	True	2.25	-4	88	88	88	88a	1049/4	1/16	False	2	True				False	245	vi		Ab	I		vi		vi					m	False	False	(3, 0, 4)	()	3	3	major	major	I	I, major	vi		I	I	False	vi	vi, major		vi, major		vi	-4	-4	-4	3	3	3	True	True	True
2098	2	44	-4	A	-1	3	4	2	1	True	2.25	-4	88	88	88	88a	1049/4	1/16	False	2	True				False	245	vi		Ab	I		vi		vi					m	False	False	(3, 0, 4)	()	3	3	major	major	I	I, major	vi		I	I	False	vi	vi, major		vi, major		vi	-4	-4	-4	0	0	0	True	False	False
2098	2	48	0	C	0	3	4	2	1	True	2.25	-4	88	88	88	88a	1049/4	1/16	False	3	True				False	245	vi		Ab	I		vi		vi					m	False	False	(3, 0, 4)	()	3	3	major	major	I	I, major	vi		I	I	False	vi	vi, major		vi, major		vi	-4	-4	-4	4	4	4	True	False	False
2100	2	41	-1	F	0	3	4	2	1	True	2.5	-4	88	88	88	88a	525/2	1/16	False	2	False				False	245	vi		Ab	I		vi		vi					m	False	False	(3, 0, 4)	()	3	3	major	major	I	I, major	vi		I	I	False	vi	vi, major		vi, major		vi	-4	-4	-4	3	3	3	True	True	True
2100	2	44	-4	A	-1	3	4	2	1	True	2.5	-4	88	88	88	88a	525/2	1/16	False	2	False				False	245	vi		Ab	I		vi		vi					m	False	False	(3, 0, 4)	()	3	3	major	major	I	I, major	vi		I	I	False	vi	vi, major		vi, major		vi	-4	-4	-4	0	0	0	True	False	False
2100	2	48	0	C	0	3	4	2	1	True	2.5	-4	88	88	88	88a	525/2	1/16	False	3	False				False	245	vi		Ab	I		vi		vi					m	False	False	(3, 0, 4)	()	3	3	major	major	I	I, major	vi		I	I	False	vi	vi, major		vi, major		vi	-4	-4	-4	4	4	4	True	False	False
2102	2	39	-3	E	-1	3	4	2	1	True	2.75	-4	88	88	88	88a	1051/4	1/16	False	2	True				False	246	I64		Ab	I		I64		I		64			M	False	False	(1, 0, 4)	()	0	1	major	major	I	I, major	I		I	I	False	I64	I64, major		I64, major		I	-4	-4	-4	1	1	1	True	False	True
2102	2	44	-4	A	-1	3	4	2	1	True	2.75	-4	88	88	88	88a	1051/4	1/16	False	2	True				False	246	I64		Ab	I		I64		I		64			M	False	False	(1, 0, 4)	()	0	1	major	major	I	I, major	I		I	I	False	I64	I64, major		I64, major		I	-4	-4	-4	0	0	0	True	True	False
2102	2	48	0	C	0	3	4	2	1	True	2.75	-4	88	88	88	88a	1051/4	1/16	False	3	True				False	246	I64		Ab	I		I64		I		64			M	False	False	(1, 0, 4)	()	0	1	major	major	I	I, major	I		I	I	False	I64	I64, major		I64, major		I	-4	-4	-4	4	4	4	True	False	False
2102	2	67	1	G	0	3	4	1	1	True	2.75	-4	88	88	88	88a	1051/4	1/16	False	4	True				False	246	I64		Ab	I		I64		I		64			M	False	False	(1, 0, 4)	()	0	1	major	major	I	I, major	I		I	I	False	I64	I64, major		I64, major		I	-4	-4	-4	5	5	5	False	False	False
2104	2	39	-3	E	-1	3	4	2	1	True	3.0	-4	88	88	88	88a	263	1/16	False	2	False				False	246	I64		Ab	I		I64		I		64			M	False	False	(1, 0, 4)	()	0	1	major	major	I	I, major	I		I	I	False	I64	I64, major		I64, major		I	-4	-4	-4	1	1	1	True	False	True
2104	2	44	-4	A	-1	3	4	2	1	True	3.0	-4	88	88	88	88a	263	1/16	False	2	False				False	246	I64		Ab	I		I64		I		64			M	False	False	(1, 0, 4)	()	0	1	major	major	I	I, major	I		I	I	False	I64	I64, major		I64, major		I	-4	-4	-4	0	0	0	True	True	False
2104	2	48	0	C	0	3	4	2	1	True	3.0	-4	88	88	88	88a	263	1/16	False	3	False				False	246	I64		Ab	I		I64		I		64			M	False	False	(1, 0, 4)	()	0	1	major	major	I	I, major	I		I	I	False	I64	I64, major		I64, major		I	-4	-4	-4	4	4	4	True	False	False
2104	2	68	-4	A	-1	3	4	1	1	True	3.0	-4	88	88	88	88a	263	1/16	False	4	False				False	246	I64		Ab	I		I64		I		64			M	False	False	(1, 0, 4)	()	0	1	major	major	I	I, major	I		I	I	False	I64	I64, major		I64, major		I	-4	-4	-4	0	0	0	True	True	False
2106	2	37	-5	D	-1	3	4	2	1	True	3.25	-4	88	88	88	88a	1053/4	1/16	False	2	True				False	247	IVM7		Ab	I		IVM7		IV	M	7			MM7	False	False	(-1, 3, 0, 4)	()	-1	-1	major	major	I	I, major	IV		I	I	False	IVM7	IVM7, major		IVM7, major		IV	-4	-4	-4	-1	-1	-1	True	True	True
2106	2	44	-4	A	-1	3	4	2	1	True	3.25	-4	88	88	88	88a	1053/4	1/16	False	2	True				False	247	IVM7		Ab	I		IVM7		IV	M	7			MM7	False	False	(-1, 3, 0, 4)	()	-1	-1	major	major	I	I, major	IV		I	I	False	IVM7	IVM7, major		IVM7, major		IV	-4	-4	-4	0	0	0	True	False	False
2106	2	48	0	C	0	3	4	2	1	True	3.25	-4	88	88	88	88a	1053/4	1/16	False	3	True				False	247	IVM7		Ab	I		IVM7		IV	M	7			MM7	False	False	(-1, 3, 0, 4)	()	-1	-1	major	major	I	I, major	IV		I	I	False	IVM7	IVM7, major		IVM7, major		IV	-4	-4	-4	4	4	4	True	False	False
2106	2	70	-2	B	-1	3	4	1	1	True	3.25	-4	88	88	88	88a	1053/4	1/16	False	4	True				False	247	IVM7		Ab	I		IVM7		IV	M	7			MM7	False	False	(-1, 3, 0, 4)	()	-1	-1	major	major	I	I, major	IV		I	I	False	IVM7	IVM7, major		IVM7, major		IV	-4	-4	-4	2	2	2	False	False	False
2108	2	36	0	C	0	3	4	2	1	True	3.5	-4	88	88	88	88a	527/2	1/16	False	2	True				False	248	I6		Ab	I		I6		I		6			M	False	False	(4, 1, 0)	()	0	4	major	major	I	I, major	I		I	I	False	I6	I6, major		I6, major		I	-4	-4	-4	4	4	4	True	False	True
2108	2	44	-4	A	-1	3	4	2	1	True	3.5	-4	88	88	88	88a	527/2	1/16	False	2	True				False	248	I6		Ab	I		I6		I		6			M	False	False	(4, 1, 0)	()	0	4	major	major	I	I, major	I		I	I	False	I6	I6, major		I6, major		I	-4	-4	-4	0	0	0	True	True	False
2108	2	48	0	C	0	3	4	2	1	True	3.5	-4	88	88	88	88a	527/2	1/16	False	3	True				False	248	I6		Ab	I		I6		I		6			M	False	False	(4, 1, 0)	()	0	4	major	major	I	I, major	I		I	I	False	I6	I6, major		I6, major		I	-4	-4	-4	4	4	4	True	False	True
2108	2	72	0	C	0	3	4	1	1	True	3.5	-4	88	88	88	88a	527/2	1/16	False	5	True				False	248	I6		Ab	I		I6		I		6			M	False	False	(4, 1, 0)	()	0	4	major	major	I	I, major	I		I	I	False	I6	I6, major		I6, major		I	-4	-4	-4	4	4	4	True	False	True
2110	2	36	0	C	0	3	4	2	1	True	3.75	-4	88	88	88	88a	1055/4	1/16	False	2	False				False	248	I6		Ab	I		I6		I		6			M	False	False	(4, 1, 0)	()	0	4	major	major	I	I, major	I		I	I	False	I6	I6, major		I6, major		I	-4	-4	-4	4	4	4	True	False	True
2110	2	44	-4	A	-1	3	4	2	1	True	3.75	-4	88	88	88	88a	1055/4	1/16	False	2	False				False	248	I6		Ab	I		I6		I		6			M	False	False	(4, 1, 0)	()	0	4	major	major	I	I, major	I		I	I	False	I6	I6, major		I6, major		I	-4	-4	-4	0	0	0	True	True	False
2110	2	48	0	C	0	3	4	2	1	True	3.75	-4	88	88	88	88a	1055/4	1/16	False	3	False				False	248	I6		Ab	I		I6		I		6			M	False	False	(4, 1, 0)	()	0	4	major	major	I	I, major	I		I	I	False	I6	I6, major		I6, major		I	-4	-4	-4	4	4	4	True	False	True
2110	2	73	-5	D	-1	3	4	1	1	True	3.75	-4	88	88	88	88a	1055/4	1/16	False	5	False				False	248	I6		Ab	I		I6		I		6			M	False	False	(4, 1, 0)	()	0	4	major	major	I	I, major	I		I	I	False	I6	I6, major		I6, major		I	-4	-4	-4	-1	-1	-1	False	False	False
2112	2	36	0	C	0	3	4	2	1	True	1.0	-4	89	89	89	89a	264	1/16	False	2	False				False	248	I6		Ab	I		I6		I		6			M	False	False	(4, 1, 0)	()	0	4	major	major	I	I, major	I		I	I	False	I6	I6, major		I6, major		I	-4	-4	-4	4	4	4	True	False	True
2112	4	75	-3	E	-1	3	4	1	1	True	1.0	-4	89	89	89	89a	264	1/8	False	5	False				False	248	I6		Ab	I		I6		I		6			M	False	False	(4, 1, 0)	()	0	4	major	major	I	I, major	I		I	I	False	I6	I6, major		I6, major		I	-4	-4	-4	1	1	1	True	False	False
2114	2	44	-4	A	-1	3	4	2	1	True	1.25	-4	89	89	89	89a	1057/4	1/16	False	2	True				False	249	I		Ab	I		I		I					M	False	False	(0, 4, 1)	()	0	0	major	major	I	I, major	I		I	I	False	I	I, major		I, major		I	-4	-4	-4	0	0	0	True	True	True
2114	2	48	0	C	0	3	4	2	1	True	1.25	-4	89	89	89	89a	1057/4	1/16	False	3	True				False	249	I		Ab	I		I		I					M	False	False	(0, 4, 1)	()	0	0	major	major	I	I, major	I		I	I	False	I	I, major		I, major		I	-4	-4	-4	4	4	4	True	False	False
2116	2	44	-4	A	-1	3	4	2	1	True	1.5	-4	89	89	89	89a	529/2	1/16	False	2	False				False	249	I		Ab	I		I		I					M	False	False	(0, 4, 1)	()	0	0	major	major	I	I, major	I		I	I	False	I	I, major		I, major		I	-4	-4	-4	0	0	0	True	True	True
2116	2	48	0	C	0	3	4	2	1	True	1.5	-4	89	89	89	89a	529/2	1/16	False	3	False				False	249	I		Ab	I		I		I					M	False	False	(0, 4, 1)	()	0	0	major	major	I	I, major	I		I	I	False	I	I, major		I, major		I	-4	-4	-4	4	4	4	True	False	False
2116	4	68	-4	A	-1	3	4	1	1	True	1.5	-4	89	89	89	89a	529/2	1/8	False	4	False				False	249	I		Ab	I		I		I					M	False	False	(0, 4, 1)	()	0	0	major	major	I	I, major	I		I	I	False	I	I, major		I, major		I	-4	-4	-4	0	0	0	True	True	True
2118	2	43	1	G	0	3	4	2	1	True	1.75	-4	89	89	89	89a	1059/4	1/16	False	2	True				False	250	IM2		Ab	I		IM2		I	M	2			MM7	False	False	(5, 0, 4, 1)	()	0	5	major	major	I	I, major	I		I	I	False	IM2	IM2, major		IM2, major		I	-4	-4	-4	5	5	5	True	False	True
2118	2	44	-4	A	-1	3	4	2	1	True	1.75	-4	89	89	89	89a	1059/4	1/16	False	2	True				False	250	IM2		Ab	I		IM2		I	M	2			MM7	False	False	(5, 0, 4, 1)	()	0	5	major	major	I	I, major	I		I	I	False	IM2	IM2, major		IM2, major		I	-4	-4	-4	0	0	0	True	True	False
2118	2	48	0	C	0	3	4	2	1	True	1.75	-4	89	89	89	89a	1059/4	1/16	False	3	True				False	250	IM2		Ab	I		IM2		I	M	2			MM7	False	False	(5, 0, 4, 1)	()	0	5	major	major	I	I, major	I		I	I	False	IM2	IM2, major		IM2, major		I	-4	-4	-4	4	4	4	True	False	False
2120	2	43	1	G	0	3	4	2	1	True	2.0	-4	89	89	89	89a	265	1/16	False	2	False				False	250	IM2		Ab	I		IM2		I	M	2			MM7	False	False	(5, 0, 4, 1)	()	0	5	major	major	I	I, major	I		I	I	False	IM2	IM2, major		IM2, major		I	-4	-4	-4	5	5	5	True	False	True
2120	2	44	-4	A	-1	3	4	2	1	True	2.0	-4	89	89	89	89a	265	1/16	False	2	False				False	250	IM2		Ab	I		IM2		I	M	2			MM7	False	False	(5, 0, 4, 1)	()	0	5	major	major	I	I, major	I		I	I	False	IM2	IM2, major		IM2, major		I	-4	-4	-4	0	0	0	True	True	False
2120	2	48	0	C	0	3	4	2	1	True	2.0	-4	89	89	89	89a	265	1/16	False	3	False				False	250	IM2		Ab	I		IM2		I	M	2			MM7	False	False	(5, 0, 4, 1)	()	0	5	major	major	I	I, major	I		I	I	False	IM2	IM2, major		IM2, major		I	-4	-4	-4	4	4	4	True	False	False
2122	2	41	-1	F	0	3	4	2	1	True	2.25	-4	89	89	89	89a	1061/4	1/16	False	2	True				False	251	vi		Ab	I		vi		vi					m	False	False	(3, 0, 4)	()	3	3	major	major	I	I, major	vi		I	I	False	vi	vi, major		vi, major		vi	-4	-4	-4	3	3	3	True	True	True
2122	2	44	-4	A	-1	3	4	2	1	True	2.25	-4	89	89	89	89a	1061/4	1/16	False	2	True				False	251	vi		Ab	I		vi		vi					m	False	False	(3, 0, 4)	()	3	3	major	major	I	I, major	vi		I	I	False	vi	vi, major		vi, major		vi	-4	-4	-4	0	0	0	True	False	False
2122	2	48	0	C	0	3	4	2	1	True	2.25	-4	89	89	89	89a	1061/4	1/16	False	3	True				False	251	vi		Ab	I		vi		vi					m	False	False	(3, 0, 4)	()	3	3	major	major	I	I, major	vi		I	I	False	vi	vi, major		vi, major		vi	-4	-4	-4	4	4	4	True	False	False
2124	2	41	-1	F	0	3	4	2	1	True	2.5	-4	89	89	89	89a	531/2	1/16	False	2	False				False	251	vi		Ab	I		vi		vi					m	False	False	(3, 0, 4)	()	3	3	major	major	I	I, major	vi		I	I	False	vi	vi, major		vi, major		vi	-4	-4	-4	3	3	3	True	True	True
2124	2	44	-4	A	-1	3	4	2	1	True	2.5	-4	89	89	89	89a	531/2	1/16	False	2	False				False	251	vi		Ab	I		vi		vi					m	False	False	(3, 0, 4)	()	3	3	major	major	I	I, major	vi		I	I	False	vi	vi, major		vi, major		vi	-4	-4	-4	0	0	0	True	False	False
2124	2	48	0	C	0	3	4	2	1	True	2.5	-4	89	89	89	89a	531/2	1/16	False	3	False				False	251	vi		Ab	I		vi		vi					m	False	False	(3, 0, 4)	()	3	3	major	major	I	I, major	vi		I	I	False	vi	vi, major		vi, major		vi	-4	-4	-4	4	4	4	True	False	False
2126	2	39	-3	E	-1	3	4	2	1	True	2.75	-4	89	89	89	89a	1063/4	1/16	False	2	True				False	252	I64		Ab	I		I64		I		64			M	False	False	(1, 0, 4)	()	0	1	major	major	I	I, major	I		I	I	False	I64	I64, major		I64, major		I	-4	-4	-4	1	1	1	True	False	True
2126	2	44	-4	A	-1	3	4	2	1	True	2.75	-4	89	89	89	89a	1063/4	1/16	False	2	True				False	252	I64		Ab	I		I64		I		64			M	False	False	(1, 0, 4)	()	0	1	major	major	I	I, major	I		I	I	False	I64	I64, major		I64, major		I	-4	-4	-4	0	0	0	True	True	False
2126	2	48	0	C	0	3	4	2	1	True	2.75	-4	89	89	89	89a	1063/4	1/16	False	3	True				False	252	I64		Ab	I		I64		I		64			M	False	False	(1, 0, 4)	()	0	1	major	major	I	I, major	I		I	I	False	I64	I64, major		I64, major		I	-4	-4	-4	4	4	4	True	False	False
2126	2	80	-4	A	-1	3	4	1	1	True	2.75	-4	89	89	89	89a	1063/4	1/16	False	5	True				False	252	I64		Ab	I		I64		I		64			M	False	False	(1, 0, 4)	()	0	1	major	major	I	I, major	I		I	I	False	I64	I64, major		I64, major		I	-4	-4	-4	0	0	0	True	True	False
2128	2	39	-3	E	-1	3	4	2	1	True	3.0	-4	89	89	89	89a	266	1/16	False	2	False				False	252	I64		Ab	I		I64		I		64			M	False	False	(1, 0, 4)	()	0	1	major	major	I	I, major	I		I	I	False	I64	I64, major		I64, major		I	-4	-4	-4	1	1	1	True	False	True
2128	2	44	-4	A	-1	3	4	2	1	True	3.0	-4	89	89	89	89a	266	1/16	False	2	False				False	252	I64		Ab	I		I64		I		64			M	False	False	(1, 0, 4)	()	0	1	major	major	I	I, major	I		I	I	False	I64	I64, major		I64, major		I	-4	-4	-4	0	0	0	True	True	False
2128	2	48	0	C	0	3	4	2	1	True	3.0	-4	89	89	89	89a	266	1/16	False	3	False				False	252	I64		Ab	I		I64		I		64			M	False	False	(1, 0, 4)	()	0	1	major	major	I	I, major	I		I	I	False	I64	I64, major		I64, major		I	-4	-4	-4	4	4	4	True	False	False
2128	2	82	-2	B	-1	3	4	1	1	True	3.0	-4	89	89	89	89a	266	1/16	False	5	False				False	252	I64		Ab	I		I64		I		64			M	False	False	(1, 0, 4)	()	0	1	major	major	I	I, major	I		I	I	False	I64	I64, major		I64, major		I	-4	-4	-4	2	2	2	False	False	False
2130	2	39	-3	E	-1	3	4	2	1	True	3.25	-4	89	89	89	89a	1065/4	1/16	False	2	False				False	252	I64		Ab	I		I64		I		64			M	False	False	(1, 0, 4)	()	0	1	major	major	I	I, major	I		I	I	False	I64	I64, major		I64, major		I	-4	-4	-4	1	1	1	True	False	True
2130	2	44	-4	A	-1	3	4	2	1	True	3.25	-4	89	89	89	89a	1065/4	1/16	False	2	False				False	252	I64		Ab	I		I64		I		64			M	False	False	(1, 0, 4)	()	0	1	major	major	I	I, major	I		I	I	False	I64	I64, major		I64, major		I	-4	-4	-4	0	0	0	True	True	False
2130	2	48	0	C	0	3	4	2	1	True	3.25	-4	89	89	89	89a	1065/4	1/16	False	3	False				False	252	I64		Ab	I		I64		I		64			M	False	False	(1, 0, 4)	()	0	1	major	major	I	I, major	I		I	I	False	I64	I64, major		I64, major		I	-4	-4	-4	4	4	4	True	False	False
2130	2	84	0	C	0	3	4	1	1	True	3.25	-4	89	89	89	89a	1065/4	1/16	False	6	False				False	252	I64		Ab	I		I64		I		64			M	False	False	(1, 0, 4)	()	0	1	major	major	I	I, major	I		I	I	False	I64	I64, major		I64, major		I	-4	-4	-4	4	4	4	True	False	False
2132	2	37	-5	D	-1	3	4	2	1	True	3.5	-4	89	89	89	89a	533/2	1/16	False	2	True				False	253	IVM7		Ab	I		IVM7		IV	M	7			MM7	False	False	(-1, 3, 0, 4)	()	-1	-1	major	major	I	I, major	IV		I	I	False	IVM7	IVM7, major		IVM7, major		IV	-4	-4	-4	-1	-1	-1	True	True	True
2132	2	44	-4	A	-1	3	4	2	1	True	3.5	-4	89	89	89	89a	533/2	1/16	False	2	True				False	253	IVM7		Ab	I		IVM7		IV	M	7			MM7	False	False	(-1, 3, 0, 4)	()	-1	-1	major	major	I	I, major	IV		I	I	False	IVM7	IVM7, major		IVM7, major		IV	-4	-4	-4	0	0	0	True	False	False
2132	2	48	0	C	0	3	4	2	1	True	3.5	-4	89	89	89	89a	533/2	1/16	False	3	True				False	253	IVM7		Ab	I		IVM7		IV	M	7			MM7	False	False	(-1, 3, 0, 4)	()	-1	-1	major	major	I	I, major	IV		I	I	False	IVM7	IVM7, major		IVM7, major		IV	-4	-4	-4	4	4	4	True	False	False
2132	2	85	-5	D	-1	3	4	1	1	True	3.5	-4	89	89	89	89a	533/2	1/16	False	6	True				False	253	IVM7		Ab	I		IVM7		IV	M	7			MM7	False	False	(-1, 3, 0, 4)	()	-1	-1	major	major	I	I, major	IV		I	I	False	IVM7	IVM7, major		IVM7, major		IV	-4	-4	-4	-1	-1	-1	True	True	True
2134	2	36	0	C	0	3	4	2	1	True	3.75	-4	89	89	89	89a	1067/4	1/16	False	2	True				False	254	I6		Ab	I		I6		I		6			M	False	False	(4, 1, 0)	()	0	4	major	major	I	I, major	I		I	I	False	I6	I6, major		I6, major		I	-4	-4	-4	4	4	4	True	False	True
2134	2	44	-4	A	-1	3	4	2	1	True	3.75	-4	89	89	89	89a	1067/4	1/16	False	2	True				False	254	I6		Ab	I		I6		I		6			M	False	False	(4, 1, 0)	()	0	4	major	major	I	I, major	I		I	I	False	I6	I6, major		I6, major		I	-4	-4	-4	0	0	0	True	True	False
2134	2	48	0	C	0	3	4	2	1	True	3.75	-4	89	89	89	89a	1067/4	1/16	False	3	True				False	254	I6		Ab	I		I6		I		6			M	False	False	(4, 1, 0)	()	0	4	major	major	I	I, major	I		I	I	False	I6	I6, major		I6, major		I	-4	-4	-4	4	4	4	True	False	True
2134	2	87	-3	E	-1	3	4	1	1	True	3.75	-4	89	89	89	89a	1067/4	1/16	False	6	True				False	254	I6		Ab	I		I6		I		6			M	False	False	(4, 1, 0)	()	0	4	major	major	I	I, major	I		I	I	False	I6	I6, major		I6, major		I	-4	-4	-4	1	1	1	True	False	False
2136	8	37	-5	D	-1	3	4	2	1	True	1.0	-4	90	90	90	90a	267	1/4	False	2	True				False	255	ii65		Ab	I		ii65		ii		65			mm7	False	False	(-1, 3, 0, 2)	()	2	-1	major	major	I	I, major	ii		I	I	False	ii65	ii65, major		ii65, major		ii	-4	-4	-4	-1	-1	-1	True	False	True
2136	8	44	-4	A	-1	3	4	2	1	True	1.0	-4	90	90	90	90a	267	1/4	False	2	True				False	255	ii65		Ab	I		ii65		ii		65			mm7	False	False	(-1, 3, 0, 2)	()	2	-1	major	major	I	I, major	ii		I	I	False	ii65	ii65, major		ii65, major		ii	-4	-4	-4	0	0	0	True	False	False
2136	8	46	-2	B	-1	3	4	2	1	True	1.0	-4	90	90	90	90a	267	1/4	False	2	True				False	255	ii65		Ab	I		ii65		ii		65			mm7	False	False	(-1, 3, 0, 2)	()	2	-1	major	major	I	I, major	ii		I	I	False	ii65	ii65, major		ii65, major		ii	-4	-4	-4	2	2	2	True	True	False
2136	8	89	-1	F	0	3	4	1	1	True	1.0	-4	90	90	90	90a	267	1/4	False	6	True				False	255	ii65		Ab	I		ii65		ii		65			mm7	False	False	(-1, 3, 0, 2)	()	2	-1	major	major	I	I, major	ii		I	I	False	ii65	ii65, major		ii65, major		ii	-4	-4	-4	3	3	3	True	False	False
2150	2	50	2	D	0	3	4	2	1	True	2.75	-4	90	90	90	90a	1075/4	1/16	False	3	True				False	256	V65/V		Ab	I		V65/V		V		65		V	Mm7	False	False	(6, 3, 0, 2)	()	2	6	major	major	I	I, major	V/V	V	V/I	V	False	V65/V	V65/V, major		V65/V, major	V	V	-4	-4	-3	6	6	5	True	False	True
2150	2	56	-4	A	-1	3	4	2	1	True	2.75	-4	90	90	90	90a	1075/4	1/16	False	3	True				False	256	V65/V		Ab	I		V65/V		V		65		V	Mm7	False	False	(6, 3, 0, 2)	()	2	6	major	major	I	I, major	V/V	V	V/I	V	False	V65/V	V65/V, major		V65/V, major	V	V	-4	-4	-3	0	0	-1	True	False	False
2150	2	65	-1	F	0	3	4	1	1	True	2.75	-4	90	90	90	90a	1075/4	1/16	False	4	True				False	256	V65/V		Ab	I		V65/V		V		65		V	Mm7	False	False	(6, 3, 0, 2)	()	2	6	major	major	I	I, major	V/V	V	V/I	V	False	V65/V	V65/V, major		V65/V, major	V	V	-4	-4	-3	3	3	2	True	False	False
2150	2	70	-2	B	-1	3	4	1	1	True	2.75	-4	90	90	90	90a	1075/4	1/16	False	4	True				False	256	V65/V		Ab	I		V65/V		V		65		V	Mm7	False	False	(6, 3, 0, 2)	()	2	6	major	major	I	I, major	V/V	V	V/I	V	False	V65/V	V65/V, major		V65/V, major	V	V	-4	-4	-3	2	2	1	True	True	False
2152	4	51	-3	E	-1	3	4	2	1	True	3.0	-4	90	90	90	90a	269	1/8	False	3	True				False	257	V		Ab	I		V		V					M	False	False	(1, 5, 2)	()	1	1	major	major	I	I, major	V		I	I	False	V	V, major		V, major		V	-4	-4	-4	1	1	1	True	True	True
2152	4	55	1	G	0	3	4	2	1	True	3.0	-4	90	90	90	90a	269	1/8	False	3	True				False	257	V		Ab	I		V		V					M	False	False	(1, 5, 2)	()	1	1	major	major	I	I, major	V		I	I	False	V	V, major		V, major		V	-4	-4	-4	5	5	5	True	False	False
2152	4	67	1	G	0	3	4	1	1	True	3.0	-4	90	90	90	90a	269	1/8	False	4	True				False	257	V		Ab	I		V		V					M	False	False	(1, 5, 2)	()	1	1	major	major	I	I, major	V		I	I	False	V	V, major		V, major		V	-4	-4	-4	5	5	5	True	False	False
2152	4	75	-3	E	-1	3	4	1	1	True	3.0	-4	90	90	90	90a	269	1/8	False	5	True				False	257	V		Ab	I		V		V					M	False	False	(1, 5, 2)	()	1	1	major	major	I	I, major	V		I	I	False	V	V, major		V, major		V	-4	-4	-4	1	1	1	True	True	True
2158	2	51	-3	E	-1	3	4	2	1	True	3.75	-4	90	90	90	90a	1079/4	1/16	False	3	False				False	257	V		Ab	I		V		V					M	False	False	(1, 5, 2)	()	1	1	major	major	I	I, major	V		I	I	False	V	V, major		V, major		V	-4	-4	-4	1	1	1	True	True	True
2158	2	58	-2	B	-1	3	4	2	1	True	3.75	-4	90	90	90	90a	1079/4	1/16	False	3	False				False	257	V		Ab	I		V		V					M	False	False	(1, 5, 2)	()	1	1	major	major	I	I, major	V		I	I	False	V	V, major		V, major		V	-4	-4	-4	2	2	2	True	False	False
2158	2	67	1	G	0	3	4	1	1	True	3.75	-4	90	90	90	90a	1079/4	1/16	False	4	False				False	257	V		Ab	I		V		V					M	False	False	(1, 5, 2)	()	1	1	major	major	I	I, major	V		I	I	False	V	V, major		V, major		V	-4	-4	-4	5	5	5	True	False	False
2158	2	75	-3	E	-1	3	4	1	1	True	3.75	-4	90	90	90	90a	1079/4	1/16	False	5	False				False	257	V		Ab	I		V		V					M	False	False	(1, 5, 2)	()	1	1	major	major	I	I, major	V		I	I	False	V	V, major		V, major		V	-4	-4	-4	1	1	1	True	True	True
2160	8	53	-1	F	0	3	4	2	1	True	1.0	-4	91	91	91	91a	270	1/4	False	3	True				False	258	viio65/V		Ab	I		viio65/V		vii	o	65		V	o7	False	False	(3, 0, -3, 6)	()	6	3	major	major	I	I, major	vii/V	V	V/I	V	False	viio65/V	viio65/V, major		viio65/V, major	V	V	-4	-4	-3	3	3	2	True	False	True
2160	8	56	-4	A	-1	3	4	2	1	True	1.0	-4	91	91	91	91a	270	1/4	False	3	True				False	258	viio65/V		Ab	I		viio65/V		vii	o	65		V	o7	False	False	(3, 0, -3, 6)	()	6	3	major	major	I	I, major	vii/V	V	V/I	V	False	viio65/V	viio65/V, major		viio65/V, major	V	V	-4	-4	-3	0	0	-1	True	False	False
2160	8	71	-7	C	-1	3	4	1	1	True	1.0	-4	91	91	91	91a	270	1/4	False	5	True				False	258	viio65/V		Ab	I		viio65/V		vii	o	65		V	o7	False	False	(3, 0, -3, 6)	()	6	3	major	major	I	I, major	vii/V	V	V/I	V	False	viio65/V	viio65/V, major		viio65/V, major	V	V	-4	-4	-3	-3	-3	-4	True	False	False
2160	8	74	2	D	0	3	4	1	1	True	1.0	-4	91	91	91	91a	270	1/4	False	5	True				False	258	viio65/V		Ab	I		viio65/V		vii	o	65		V	o7	False	False	(3, 0, -3, 6)	()	6	3	major	major	I	I, major	vii/V	V	V/I	V	False	viio65/V	viio65/V, major		viio65/V, major	V	V	-4	-4	-3	6	6	5	True	True	False
2168	8	55	1	G	0	3	4	2	1	True	2.0	-4	91	91	91	91a	271	1/4	False	3	True				False	259	viio7		Ab	I		viio7		vii	o	7			o7	False	False	(5, 2, -1, -4)	()	5	5	major	major	I	I, major	vii		I	I	False	viio7	viio7, major		viio7, major		vii	-4	-4	-4	5	5	5	True	True	True
2168	8	58	-2	B	-1	3	4	2	1	True	2.0	-4	91	91	91	91a	271	1/4	False	3	True				False	259	viio7		Ab	I		viio7		vii	o	7			o7	False	False	(5, 2, -1, -4)	()	5	5	major	major	I	I, major	vii		I	I	False	viio7	viio7, major		viio7, major		vii	-4	-4	-4	2	2	2	True	False	False
2168	8	64	-8	F	-1	3	4	1	1	True	2.0	-4	91	91	91	91a	271	1/4	False	4	True				False	259	viio7		Ab	I		viio7		vii	o	7			o7	False	False	(5, 2, -1, -4)	()	5	5	major	major	I	I, major	vii		I	I	False	viio7	viio7, major		viio7, major		vii	-4	-4	-4	-4	-4	-4	True	False	False
2168	8	73	-5	D	-1	3	4	1	1	True	2.0	-4	91	91	91	91a	271	1/4	False	5	True				False	259	viio7		Ab	I		viio7		vii	o	7			o7	False	False	(5, 2, -1, -4)	()	5	5	major	major	I	I, major	vii		I	I	False	viio7	viio7, major		viio7, major		vii	-4	-4	-4	-1	-1	-1	True	False	False
2176	2	56	-4	A	-1	3	4	2	1	True	3.0	-4	91	91	91	91a	272	1/16	False	3	True	IAC	IAC	}	True	260	I|IAC}		Ab	I		I		I					M	False	False	(0, 4, 1)	()	0	0	major	major	I	I, major	I		I	I	False	I	I, major		I, major		I	-4	-4	-4	0	0	0	True	True	True
2176	2	60	0	C	0	3	4	2	1	True	3.0	-4	91	91	91	91a	272	1/16	False	4	True	IAC	IAC	}	True	260	I|IAC}		Ab	I		I		I					M	False	False	(0, 4, 1)	()	0	0	major	major	I	I, major	I		I	I	False	I	I, major		I, major		I	-4	-4	-4	4	4	4	True	False	False
2176	2	63	-3	E	-1	3	4	1	1	True	3.0	-4	91	91	91	91a	272	1/16	False	4	True	IAC	IAC	}	True	260	I|IAC}		Ab	I		I		I					M	False	False	(0, 4, 1)	()	0	0	major	major	I	I, major	I		I	I	False	I	I, major		I, major		I	-4	-4	-4	1	1	1	True	False	False
2176	2	72	0	C	0	3	4	1	1	True	3.0	-4	91	91	91	91a	272	1/16	False	5	True	IAC	IAC	}	True	260	I|IAC}		Ab	I		I		I					M	False	False	(0, 4, 1)	()	0	0	major	major	I	I, major	I		I	I	False	I	I, major		I, major		I	-4	-4	-4	4	4	4	True	False	False
2178	2	56	-4	A	-1	3	4	2	1	True	3.25	-4	91	91	91	91a	1089/4	1/16	False	3	False			{	False	261	{		Ab	I		I		I					M	False	False	(0, 4, 1)	()	0	0	major	major	I	I, major	I		I	I	False		, major		I, major		I	-4	-4	-4	0	0	0	True	True	True
2178	2	60	0	C	0	3	4	2	1	True	3.25	-4	91	91	91	91a	1089/4	1/16	False	4	False			{	False	261	{		Ab	I		I		I					M	False	False	(0, 4, 1)	()	0	0	major	major	I	I, major	I		I	I	False		, major		I, major		I	-4	-4	-4	4	4	4	True	False	False
2178	2	92	-4	A	-1	3	4	1	1	True	3.25	-4	91	91	91	91a	1089/4	1/16	False	6	False			{	False	261	{		Ab	I		I		I					M	False	False	(0, 4, 1)	()	0	0	major	major	I	I, major	I		I	I	False		, major		I, major		I	-4	-4	-4	0	0	0	True	True	True
2180	2	58	-2	B	-1	3	4	2	1	True	3.5	-4	91	91	91	91a	545/2	1/16	False	3	True				False	262	viio6		Ab	I		viio6		vii	o	6			o	False	False	(2, -1, 5)	()	5	2	major	major	I	I, major	vii		I	I	False	viio6	viio6, major		viio6, major		vii	-4	-4	-4	2	2	2	True	False	True
2180	2	61	-5	D	-1	3	4	2	1	True	3.5	-4	91	91	91	91a	545/2	1/16	False	4	True				False	262	viio6		Ab	I		viio6		vii	o	6			o	False	False	(2, -1, 5)	()	5	2	major	major	I	I, major	vii		I	I	False	viio6	viio6, major		viio6, major		vii	-4	-4	-4	-1	-1	-1	True	False	False
2180	2	91	1	G	0	3	4	1	1	True	3.5	-4	91	91	91	91a	545/2	1/16	False	6	True				False	262	viio6		Ab	I		viio6		vii	o	6			o	False	False	(2, -1, 5)	()	5	2	major	major	I	I, major	vii		I	I	False	viio6	viio6, major		viio6, major		vii	-4	-4	-4	5	5	5	True	True	False
2182	2	60	0	C	0	3	4	2	1	True	3.75	-4	91	91	91	91a	1091/4	1/16	False	4	True				False	263	viio/IV		Ab	I		viio/IV		vii	o			IV	o	False	False	(4, 1, -2)	()	4	4	major	major	I	I, major	vii/IV	IV	IV/I	IV	False	viio/IV	viio/IV, major		viio/IV, major	IV	IV	-4	-4	-5	4	4	5	True	True	True
2182	2	63	-3	E	-1	3	4	2	1	True	3.75	-4	91	91	91	91a	1091/4	1/16	False	4	True				False	263	viio/IV		Ab	I		viio/IV		vii	o			IV	o	False	False	(4, 1, -2)	()	4	4	major	major	I	I, major	vii/IV	IV	IV/I	IV	False	viio/IV	viio/IV, major		viio/IV, major	IV	IV	-4	-4	-5	1	1	2	True	False	False
2182	2	90	-6	G	-1	3	4	1	1	True	3.75	-4	91	91	91	91a	1091/4	1/16	False	6	True				False	263	viio/IV		Ab	I		viio/IV		vii	o			IV	o	False	False	(4, 1, -2)	()	4	4	major	major	I	I, major	vii/IV	IV	IV/I	IV	False	viio/IV	viio/IV, major		viio/IV, major	IV	IV	-4	-4	-5	-2	-2	-1	True	False	False
2184	4	61	-5	D	-1	3	4	2	1	True	1.0	-4	92	92	92	92a	273	1/8	False	4	True				False	264	IV		Ab	I		IV		IV					M	False	False	(-1, 3, 0)	()	-1	-1	major	major	I	I, major	IV		I	I	False	IV	IV, major		IV, major		IV	-4	-4	-4	-1	-1	-1	True	True	True
2184	4	65	-1	F	0	3	4	2	1	True	1.0	-4	92	92	92	92a	273	1/8	False	4	True				False	264	IV		Ab	I		IV		IV					M	False	False	(-1, 3, 0)	()	-1	-1	major	major	I	I, major	IV		I	I	False	IV	IV, major		IV, major		IV	-4	-4	-4	3	3	3	True	False	False
2184	1	89	-1	F	0	3	4	1	1	True	1.0	-4	92	92	92	92a	273	1/32	False	6	True				False	264	IV		Ab	I		IV		IV					M	False	False	(-1, 3, 0)	()	-1	-1	major	major	I	I, major	IV		I	I	False	IV	IV, major		IV, major		IV	-4	-4	-4	3	3	3	True	False	False
2185	1	87	-3	E	-1	3	4	1	1	True	1.125	-4	92	92	92	92a	2185/8	1/32	False	6	False				False	264	IV		Ab	I		IV		IV					M	False	False	(-1, 3, 0)	()	-1	-1	major	major	I	I, major	IV		I	I	False	IV	IV, major		IV, major		IV	-4	-4	-4	1	1	1	False	False	False
2186	1	85	-5	D	-1	3	4	1	1	True	1.25	-4	92	92	92	92a	1093/4	1/32	False	6	False				False	264	IV		Ab	I		IV		IV					M	False	False	(-1, 3, 0)	()	-1	-1	major	major	I	I, major	IV		I	I	False	IV	IV, major		IV, major		IV	-4	-4	-4	-1	-1	-1	True	True	True
2187	1	84	0	C	0	3	4	1	1	True	1.375	-4	92	92	92	92a	2187/8	1/32	False	6	False				False	264	IV		Ab	I		IV		IV					M	False	False	(-1, 3, 0)	()	-1	-1	major	major	I	I, major	IV		I	I	False	IV	IV, major		IV, major		IV	-4	-4	-4	4	4	4	False	False	False
2188	1	83	-7	C	-1	3	4	1	1	True	1.5	-4	92	92	92	92a	547/2	1/32	False	6	False				False	264	IV		Ab	I		IV		IV					M	False	False	(-1, 3, 0)	()	-1	-1	major	major	I	I, major	IV		I	I	False	IV	IV, major		IV, major		IV	-4	-4	-4	-3	-3	-3	False	False	False
2189	1	82	-2	B	-1	3	4	1	1	True	1.625	-4	92	92	92	92a	2189/8	1/32	False	5	False				False	264	IV		Ab	I		IV		IV					M	False	False	(-1, 3, 0)	()	-1	-1	major	major	I	I, major	IV		I	I	False	IV	IV, major		IV, major		IV	-4	-4	-4	2	2	2	False	False	False
2190	1	81	3	A	0	3	4	1	1	True	1.75	-4	92	92	92	92a	1095/4	1/32	False	5	False				False	264	IV		Ab	I		IV		IV					M	False	False	(-1, 3, 0)	()	-1	-1	major	major	I	I, major	IV		I	I	False	IV	IV, major		IV, major		IV	-4	-4	-4	7	7	7	False	False	False
2191	1	80	-4	A	-1	3	4	1	1	True	1.875	-4	92	92	92	92a	2191/8	1/32	False	5	False				False	264	IV		Ab	I		IV		IV					M	False	False	(-1, 3, 0)	()	-1	-1	major	major	I	I, major	IV		I	I	False	IV	IV, major		IV, major		IV	-4	-4	-4	0	0	0	True	False	False
2192	1	79	1	G	0	3	4	1	1	True	2.0	-4	92	92	92	92a	274	1/32	False	5	False				False	264	IV		Ab	I		IV		IV					M	False	False	(-1, 3, 0)	()	-1	-1	major	major	I	I, major	IV		I	I	False	IV	IV, major		IV, major		IV	-4	-4	-4	5	5	5	False	False	False
2193	1	78	-6	G	-1	3	4	1	1	True	2.125	-4	92	92	92	92a	2193/8	1/32	False	5	False				False	264	IV		Ab	I		IV		IV					M	False	False	(-1, 3, 0)	()	-1	-1	major	major	I	I, major	IV		I	I	False	IV	IV, major		IV, major		IV	-4	-4	-4	-2	-2	-2	False	False	False
2194	1	77	-1	F	0	3	4	1	1	True	2.25	-4	92	92	92	92a	1097/4	1/32	False	5	False				False	264	IV		Ab	I		IV		IV					M	False	False	(-1, 3, 0)	()	-1	-1	major	major	I	I, major	IV		I	I	False	IV	IV, major		IV, major		IV	-4	-4	-4	3	3	3	True	False	False
2195	1	76	4	E	0	3	4	1	1	True	2.375	-4	92	92	92	92a	2195/8	1/32	False	5	False				False	264	IV		Ab	I		IV		IV					M	False	False	(-1, 3, 0)	()	-1	-1	major	major	I	I, major	IV		I	I	False	IV	IV, major		IV, major		IV	-4	-4	-4	8	8	8	False	False	False
2196	2	49	-5	D	-1	3	4	2	1	True	2.5	-4	92	92	92	92a	549/2	1/16	False	3	False				False	264	IV		Ab	I		IV		IV					M	False	False	(-1, 3, 0)	()	-1	-1	major	major	I	I, major	IV		I	I	False	IV	IV, major		IV, major		IV	-4	-4	-4	-1	-1	-1	True	True	True
2196	2	53	-1	F	0	3	4	2	1	True	2.5	-4	92	92	92	92a	549/2	1/16	False	3	False				False	264	IV		Ab	I		IV		IV					M	False	False	(-1, 3, 0)	()	-1	-1	major	major	I	I, major	IV		I	I	False	IV	IV, major		IV, major		IV	-4	-4	-4	3	3	3	True	False	False
2196	2	56	-4	A	-1	3	4	2	1	True	2.5	-4	92	92	92	92a	549/2	1/16	False	3	False				False	264	IV		Ab	I		IV		IV					M	False	False	(-1, 3, 0)	()	-1	-1	major	major	I	I, major	IV		I	I	False	IV	IV, major		IV, major		IV	-4	-4	-4	0	0	0	True	False	False
2196	1	75	-3	E	-1	3	4	1	1	True	2.5	-4	92	92	92	92a	549/2	1/32	False	5	False				False	264	IV		Ab	I		IV		IV					M	False	False	(-1, 3, 0)	()	-1	-1	major	major	I	I, major	IV		I	I	False	IV	IV, major		IV, major		IV	-4	-4	-4	1	1	1	False	False	False
2197	1	73	-5	D	-1	3	4	1	1	True	2.625	-4	92	92	92	92a	2197/8	1/32	False	5	False				False	264	IV		Ab	I		IV		IV					M	False	False	(-1, 3, 0)	()	-1	-1	major	major	I	I, major	IV		I	I	False	IV	IV, major		IV, major		IV	-4	-4	-4	-1	-1	-1	True	True	True
2198	2	50	2	D	0	3	4	2	1	True	2.75	-4	92	92	92	92a	1099/4	1/16	False	3	True				False	265	V65/V		Ab	I		V65/V		V		65		V	Mm7	False	False	(6, 3, 0, 2)	()	2	6	major	major	I	I, major	V/V	V	V/I	V	False	V65/V	V65/V, major		V65/V, major	V	V	-4	-4	-3	6	6	5	True	False	True
2198	2	53	-1	F	0	3	4	2	1	True	2.75	-4	92	92	92	92a	1099/4	1/16	False	3	True				False	265	V65/V		Ab	I		V65/V		V		65		V	Mm7	False	False	(6, 3, 0, 2)	()	2	6	major	major	I	I, major	V/V	V	V/I	V	False	V65/V	V65/V, major		V65/V, major	V	V	-4	-4	-3	3	3	2	True	False	False
2198	2	56	-4	A	-1	3	4	2	1	True	2.75	-4	92	92	92	92a	1099/4	1/16	False	3	True				False	265	V65/V		Ab	I		V65/V		V		65		V	Mm7	False	False	(6, 3, 0, 2)	()	2	6	major	major	I	I, major	V/V	V	V/I	V	False	V65/V	V65/V, major		V65/V, major	V	V	-4	-4	-3	0	0	-1	True	False	False
2198	1	72	0	C	0	3	4	1	1	True	2.75	-4	92	92	92	92a	1099/4	1/32	False	5	True				False	265	V65/V		Ab	I		V65/V		V		65		V	Mm7	False	False	(6, 3, 0, 2)	()	2	6	major	major	I	I, major	V/V	V	V/I	V	False	V65/V	V65/V, major		V65/V, major	V	V	-4	-4	-3	4	4	3	False	False	False
2199	1	70	-2	B	-1	3	4	1	1	True	2.875	-4	92	92	92	92a	2199/8	1/32	False	4	False				False	265	V65/V		Ab	I		V65/V		V		65		V	Mm7	False	False	(6, 3, 0, 2)	()	2	6	major	major	I	I, major	V/V	V	V/I	V	False	V65/V	V65/V, major		V65/V, major	V	V	-4	-4	-3	2	2	1	True	True	False
2200	4	51	-3	E	-1	3	4	2	1	True	3.0	-4	92	92	92	92a	275	1/8	False	3	True				False	266	V		Ab	I		V		V					M	False	False	(1, 5, 2)	()	1	1	major	major	I	I, major	V		I	I	False	V	V, major		V, major		V	-4	-4	-4	1	1	1	True	True	True
2200	4	55	1	G	0	3	4	2	1	True	3.0	-4	92	92	92	92a	275	1/8	False	3	True				False	266	V		Ab	I		V		V					M	False	False	(1, 5, 2)	()	1	1	major	major	I	I, major	V		I	I	False	V	V, major		V, major		V	-4	-4	-4	5	5	5	True	False	False
2200	4	70	-2	B	-1	3	4	1	1	True	3.0	-4	92	92	92	92a	275	1/8	False	4	True				False	266	V		Ab	I		V		V					M	False	False	(1, 5, 2)	()	1	1	major	major	I	I, major	V		I	I	False	V	V, major		V, major		V	-4	-4	-4	2	2	2	True	False	False
2200	4	75	-3	E	-1	3	4	1	1	True	3.0	-4	92	92	92	92a	275	1/8	False	5	True				False	266	V		Ab	I		V		V					M	False	False	(1, 5, 2)	()	1	1	major	major	I	I, major	V		I	I	False	V	V, major		V, major		V	-4	-4	-4	1	1	1	True	True	True
2206	2	51	-3	E	-1	3	4	2	1	True	3.75	-4	92	92	92	92a	1103/4	1/16	False	3	False				False	266	V		Ab	I		V		V					M	False	False	(1, 5, 2)	()	1	1	major	major	I	I, major	V		I	I	False	V	V, major		V, major		V	-4	-4	-4	1	1	1	True	True	True
2206	2	58	-2	B	-1	3	4	2	1	True	3.75	-4	92	92	92	92a	1103/4	1/16	False	3	False				False	266	V		Ab	I		V		V					M	False	False	(1, 5, 2)	()	1	1	major	major	I	I, major	V		I	I	False	V	V, major		V, major		V	-4	-4	-4	2	2	2	True	False	False
2206	2	67	1	G	0	3	4	1	1	True	3.75	-4	92	92	92	92a	1103/4	1/16	False	4	False				False	266	V		Ab	I		V		V					M	False	False	(1, 5, 2)	()	1	1	major	major	I	I, major	V		I	I	False	V	V, major		V, major		V	-4	-4	-4	5	5	5	True	False	False
2206	2	75	-3	E	-1	3	4	1	1	True	3.75	-4	92	92	92	92a	1103/4	1/16	False	5	False				False	266	V		Ab	I		V		V					M	False	False	(1, 5, 2)	()	1	1	major	major	I	I, major	V		I	I	False	V	V, major		V, major		V	-4	-4	-4	1	1	1	True	True	True
2208	8	56	-4	A	-1	3	4	2	2	True	1.0	-4	93	93	93	93a	276	1/4	False	3	True				False	267	I		Ab	I		I		I					M	False	False	(0, 4, 1)	()	0	0	major	major	I	I, major	I		I	I	False	I	I, major		I, major		I	-4	-4	-4	0	0	0	True	True	True
2208	4	60	0	C	0	3	4	2	1	True	1.0	-4	93	93	93	93a	276	1/8	False	4	True				False	267	I		Ab	I		I		I					M	False	False	(0, 4, 1)	()	0	0	major	major	I	I, major	I		I	I	False	I	I, major		I, major		I	-4	-4	-4	4	4	4	True	False	False
2208	16	68	-4	A	-1	3	4	1	2	True	1.0	-4	93	93	93	93a	276	1/2	False	4	True				False	267	I		Ab	I		I		I					M	False	False	(0, 4, 1)	()	0	0	major	major	I	I, major	I		I	I	False	I	I, major		I, major		I	-4	-4	-4	0	0	0	True	True	True
2208	4	75	-3	E	-1	3	4	1	1	True	1.0	-4	93	93	93	93a	276	1/8	False	5	True				False	267	I		Ab	I		I		I					M	False	False	(0, 4, 1)	()	0	0	major	major	I	I, major	I		I	I	False	I	I, major		I, major		I	-4	-4	-4	1	1	1	True	False	False
2212	2	61	-5	D	-1	3	4	2	1	True	1.5	-4	93	93	93	93a	553/2	1/16	False	4	False				False	267	I		Ab	I		I		I					M	False	False	(0, 4, 1)	()	0	0	major	major	I	I, major	I		I	I	False	I	I, major		I, major		I	-4	-4	-4	-1	-1	-1	False	False	False
2212	2	77	-1	F	0	3	4	1	1	True	1.5	-4	93	93	93	93a	553/2	1/16	False	5	False				False	267	I		Ab	I		I		I					M	False	False	(0, 4, 1)	()	0	0	major	major	I	I, major	I		I	I	False	I	I, major		I, major		I	-4	-4	-4	3	3	3	False	False	False
2214	2	60	0	C	0	3	4	2	1	True	1.75	-4	93	93	93	93a	1107/4	1/16	False	4	False				False	267	I		Ab	I		I		I					M	False	False	(0, 4, 1)	()	0	0	major	major	I	I, major	I		I	I	False	I	I, major		I, major		I	-4	-4	-4	4	4	4	True	False	False
2214	2	75	-3	E	-1	3	4	1	1	True	1.75	-4	93	93	93	93a	1107/4	1/16	False	5	False				False	267	I		Ab	I		I		I					M	False	False	(0, 4, 1)	()	0	0	major	major	I	I, major	I		I	I	False	I	I, major		I, major		I	-4	-4	-4	1	1	1	True	False	False
2216	2	56	-4	A	-1	3	4	2	2	False	2.0	-4	93	93	93	93a	277	1/16	False	3	False				False	267	I		Ab	I		I		I					M	False	False	(0, 4, 1)	()	0	0	major	major	I	I, major	I		I	I	False	I	I, major		I, major		I	-4	-4	-4	0	0	0	True	True	True
2216	2	58	-2	B	-1	3	4	2	1	True	2.0	-4	93	93	93	93a	277	1/16	False	3	False				False	267	I		Ab	I		I		I					M	False	False	(0, 4, 1)	()	0	0	major	major	I	I, major	I		I	I	False	I	I, major		I, major		I	-4	-4	-4	2	2	2	False	False	False
2216	2	73	-5	D	-1	3	4	1	1	True	2.0	-4	93	93	93	93a	277	1/16	False	5	False				False	267	I		Ab	I		I		I					M	False	False	(0, 4, 1)	()	0	0	major	major	I	I, major	I		I	I	False	I	I, major		I, major		I	-4	-4	-4	-1	-1	-1	False	False	False
2218	2	56	-4	A	-1	3	4	2	1	True	2.25	-4	93	93	93	93a	1109/4	1/16	False	3	False				False	267	I		Ab	I		I		I					M	False	False	(0, 4, 1)	()	0	0	major	major	I	I, major	I		I	I	False	I	I, major		I, major		I	-4	-4	-4	0	0	0	True	True	True
2218	2	72	0	C	0	3	4	1	1	True	2.25	-4	93	93	93	93a	1109/4	1/16	False	5	False				False	267	I		Ab	I		I		I					M	False	False	(0, 4, 1)	()	0	0	major	major	I	I, major	I		I	I	False	I	I, major		I, major		I	-4	-4	-4	4	4	4	True	False	False
2220	2	55	1	G	0	3	4	2	1	True	2.5	-4	93	93	93	93a	555/2	1/16	False	3	False				False	267	I		Ab	I		I		I					M	False	False	(0, 4, 1)	()	0	0	major	major	I	I, major	I		I	I	False	I	I, major		I, major		I	-4	-4	-4	5	5	5	False	False	False
2220	2	70	-2	B	-1	3	4	1	1	True	2.5	-4	93	93	93	93a	555/2	1/16	False	4	False				False	267	I		Ab	I		I		I					M	False	False	(0, 4, 1)	()	0	0	major	major	I	I, major	I		I	I	False	I	I, major		I, major		I	-4	-4	-4	2	2	2	False	False	False
2222	2	56	-4	A	-1	3	4	2	1	True	2.75	-4	93	93	93	93a	1111/4	1/16	False	3	False				False	267	I		Ab	I		I		I					M	False	False	(0, 4, 1)	()	0	0	major	major	I	I, major	I		I	I	False	I	I, major		I, major		I	-4	-4	-4	0	0	0	True	True	True
2222	2	72	0	C	0	3	4	1	1	True	2.75	-4	93	93	93	93a	1111/4	1/16	False	5	False				False	267	I		Ab	I		I		I					M	False	False	(0, 4, 1)	()	0	0	major	major	I	I, major	I		I	I	False	I	I, major		I, major		I	-4	-4	-4	4	4	4	True	False	False
2224	8	51	-3	E	-1	3	4	2	2	True	3.0	-4	93	93	93	93a	278	1/4	False	3	True				False	268	V7(4)		Ab	I		V7(4)		V		7	4		Mm7	False	False	(1, 0, 2, -1)	()	1	1	major	major	I	I, major	V		I	I	False	V7	V7, major		V7(4), major		V	-4	-4	-4	1	1	1	True	True	True
2224	8	58	-2	B	-1	3	4	2	1	True	3.0	-4	93	93	93	93a	278	1/4	False	3	True				False	268	V7(4)		Ab	I		V7(4)		V		7	4		Mm7	False	False	(1, 0, 2, -1)	()	1	1	major	major	I	I, major	V		I	I	False	V7	V7, major		V7(4), major		V	-4	-4	-4	2	2	2	True	False	False
2224	2	68	-4	A	-1	3	4	1	2	False	3.0	-4	93	93	93	93a	278	1/16	False	4	True				False	268	V7(4)		Ab	I		V7(4)		V		7	4		Mm7	False	False	(1, 0, 2, -1)	()	1	1	major	major	I	I, major	V		I	I	False	V7	V7, major		V7(4), major		V	-4	-4	-4	0	0	0	True	False	False
2224	8	73	-5	D	-1	3	4	1	1	True	3.0	-4	93	93	93	93a	278	1/4	False	5	True				False	268	V7(4)		Ab	I		V7(4)		V		7	4		Mm7	False	False	(1, 0, 2, -1)	()	1	1	major	major	I	I, major	V		I	I	False	V7	V7, major		V7(4), major		V	-4	-4	-4	-1	-1	-1	True	False	False
2226	2	65	-1	F	0	3	4	1	2	True	3.25	-4	93	93	93	93a	1113/4	1/16	False	4	False				False	268	V7(4)		Ab	I		V7(4)		V		7	4		Mm7	False	False	(1, 0, 2, -1)	()	1	1	major	major	I	I, major	V		I	I	False	V7	V7, major		V7(4), major		V	-4	-4	-4	3	3	3	False	False	False
2228	2	68	-4	A	-1	3	4	1	2	True	3.5	-4	93	93	93	93a	557/2	1/16	False	4	False				False	268	V7(4)		Ab	I		V7(4)		V		7	4		Mm7	False	False	(1, 0, 2, -1)	()	1	1	major	major	I	I, major	V		I	I	False	V7	V7, major		V7(4), major		V	-4	-4	-4	0	0	0	True	False	False
2230	2	67	1	G	0	3	4	1	2	True	3.75	-4	93	93	93	93a	1115/4	1/16	False	4	True				False	269	V7		Ab	I		V7		V		7			Mm7	False	False	(1, 5, 2, -1)	()	1	1	major	major	I	I, major	V		I	I	False	V7	V7, major		V7, major		V	-4	-4	-4	5	5	5	True	False	False
2232	8	44	-4	A	-1	3	4	2	2	True	1.0	-4	94	94	94	94a	279	1/4	False	2	True				False	270	I		Ab	I		I		I					M	False	False	(0, 4, 1)	()	0	0	major	major	I	I, major	I		I	I	False	I	I, major		I, major		I	-4	-4	-4	0	0	0	True	True	True
2232	2	56	-4	A	-1	3	4	2	1	True	1.0	-4	94	94	94	94a	279	1/16	False	3	True				False	270	I		Ab	I		I		I					M	False	False	(0, 4, 1)	()	0	0	major	major	I	I, major	I		I	I	False	I	I, major		I, major		I	-4	-4	-4	0	0	0	True	True	True
2232	2	68	-4	A	-1	3	4	1	1	True	1.0	-4	94	94	94	94a	279	1/16	False	4	True				False	270	I		Ab	I		I		I					M	False	False	(0, 4, 1)	()	0	0	major	major	I	I, major	I		I	I	False	I	I, major		I, major		I	-4	-4	-4	0	0	0	True	True	True
2232	2	72	0	C	0	3	4	1	1	True	1.0	-4	94	94	94	94a	279	1/16	False	5	True				False	270	I		Ab	I		I		I					M	False	False	(0, 4, 1)	()	0	0	major	major	I	I, major	I		I	I	False	I	I, major		I, major		I	-4	-4	-4	4	4	4	True	False	False
2234	2	48	0	C	0	3	4	2	1	True	1.25	-4	94	94	94	94a	1117/4	1/16	False	3	False				False	270	I		Ab	I		I		I					M	False	False	(0, 4, 1)	()	0	0	major	major	I	I, major	I		I	I	False	I	I, major		I, major		I	-4	-4	-4	4	4	4	True	False	False
2234	2	63	-3	E	-1	3	4	1	1	True	1.25	-4	94	94	94	94a	1117/4	1/16	False	4	False				False	270	I		Ab	I		I		I					M	False	False	(0, 4, 1)	()	0	0	major	major	I	I, major	I		I	I	False	I	I, major		I, major		I	-4	-4	-4	1	1	1	True	False	False
2236	2	49	-5	D	-1	3	4	2	1	True	1.5	-4	94	94	94	94a	559/2	1/16	False	3	False				False	270	I		Ab	I		I		I					M	False	False	(0, 4, 1)	()	0	0	major	major	I	I, major	I		I	I	False	I	I, major		I, major		I	-4	-4	-4	-1	-1	-1	False	False	False
2236	2	65	-1	F	0	3	4	1	1	True	1.5	-4	94	94	94	94a	559/2	1/16	False	4	False				False	270	I		Ab	I		I		I					M	False	False	(0, 4, 1)	()	0	0	major	major	I	I, major	I		I	I	False	I	I, major		I, major		I	-4	-4	-4	3	3	3	False	False	False
2238	2	48	0	C	0	3	4	2	1	True	1.75	-4	94	94	94	94a	1119/4	1/16	False	3	False				False	270	I		Ab	I		I		I					M	False	False	(0, 4, 1)	()	0	0	major	major	I	I, major	I		I	I	False	I	I, major		I, major		I	-4	-4	-4	4	4	4	True	False	False
2238	2	63	-3	E	-1	3	4	1	1	True	1.75	-4	94	94	94	94a	1119/4	1/16	False	4	False				False	270	I		Ab	I		I		I					M	False	False	(0, 4, 1)	()	0	0	major	major	I	I, major	I		I	I	False	I	I, major		I, major		I	-4	-4	-4	1	1	1	True	False	False
2240	2	44	-4	A	-1	3	4	2	2	False	2.0	-4	94	94	94	94a	280	1/16	False	2	False				False	270	I		Ab	I		I		I					M	False	False	(0, 4, 1)	()	0	0	major	major	I	I, major	I		I	I	False	I	I, major		I, major		I	-4	-4	-4	0	0	0	True	True	True
2240	2	46	-2	B	-1	3	4	2	1	True	2.0	-4	94	94	94	94a	280	1/16	False	2	False				False	270	I		Ab	I		I		I					M	False	False	(0, 4, 1)	()	0	0	major	major	I	I, major	I		I	I	False	I	I, major		I, major		I	-4	-4	-4	2	2	2	False	False	False
2240	2	61	-5	D	-1	3	4	1	1	True	2.0	-4	94	94	94	94a	280	1/16	False	4	False				False	270	I		Ab	I		I		I					M	False	False	(0, 4, 1)	()	0	0	major	major	I	I, major	I		I	I	False	I	I, major		I, major		I	-4	-4	-4	-1	-1	-1	False	False	False
2242	2	44	-4	A	-1	3	4	2	1	True	2.25	-4	94	94	94	94a	1121/4	1/16	False	2	False				False	270	I		Ab	I		I		I					M	False	False	(0, 4, 1)	()	0	0	major	major	I	I, major	I		I	I	False	I	I, major		I, major		I	-4	-4	-4	0	0	0	True	True	True
2242	2	60	0	C	0	3	4	1	1	True	2.25	-4	94	94	94	94a	1121/4	1/16	False	4	False				False	270	I		Ab	I		I		I					M	False	False	(0, 4, 1)	()	0	0	major	major	I	I, major	I		I	I	False	I	I, major		I, major		I	-4	-4	-4	4	4	4	True	False	False
2244	2	43	1	G	0	3	4	2	1	True	2.5	-4	94	94	94	94a	561/2	1/16	False	2	False				False	270	I		Ab	I		I		I					M	False	False	(0, 4, 1)	()	0	0	major	major	I	I, major	I		I	I	False	I	I, major		I, major		I	-4	-4	-4	5	5	5	False	False	False
2244	2	58	-2	B	-1	3	4	1	1	True	2.5	-4	94	94	94	94a	561/2	1/16	False	3	False				False	270	I		Ab	I		I		I					M	False	False	(0, 4, 1)	()	0	0	major	major	I	I, major	I		I	I	False	I	I, major		I, major		I	-4	-4	-4	2	2	2	False	False	False
2246	2	44	-4	A	-1	3	4	2	1	True	2.75	-4	94	94	94	94a	1123/4	1/16	False	2	False				False	270	I		Ab	I		I		I					M	False	False	(0, 4, 1)	()	0	0	major	major	I	I, major	I		I	I	False	I	I, major		I, major		I	-4	-4	-4	0	0	0	True	True	True
2246	2	60	0	C	0	3	4	1	1	True	2.75	-4	94	94	94	94a	1123/4	1/16	False	4	False				False	270	I		Ab	I		I		I					M	False	False	(0, 4, 1)	()	0	0	major	major	I	I, major	I		I	I	False	I	I, major		I, major		I	-4	-4	-4	4	4	4	True	False	False
2248	8	39	-3	E	-1	3	4	2	2	True	3.0	-4	94	94	94	94a	281	1/4	False	2	True				False	271	V7(4)		Ab	I		V7(4)		V		7	4		Mm7	False	False	(1, 0, 2, -1)	()	1	1	major	major	I	I, major	V		I	I	False	V7	V7, major		V7(4), major		V	-4	-4	-4	1	1	1	True	True	True
2248	8	46	-2	B	-1	3	4	2	1	True	3.0	-4	94	94	94	94a	281	1/4	False	2	True				False	271	V7(4)		Ab	I		V7(4)		V		7	4		Mm7	False	False	(1, 0, 2, -1)	()	1	1	major	major	I	I, major	V		I	I	False	V7	V7, major		V7(4), major		V	-4	-4	-4	2	2	2	True	False	False
2248	8	61	-5	D	-1	3	4	1	2	True	3.0	-4	94	94	94	94a	281	1/4	False	4	True				False	271	V7(4)		Ab	I		V7(4)		V		7	4		Mm7	False	False	(1, 0, 2, -1)	()	1	1	major	major	I	I, major	V		I	I	False	V7	V7, major		V7(4), major		V	-4	-4	-4	-1	-1	-1	True	False	False
2248	2	68	-4	A	-1	3	4	1	1	True	3.0	-4	94	94	94	94a	281	1/16	False	4	True				False	271	V7(4)		Ab	I		V7(4)		V		7	4		Mm7	False	False	(1, 0, 2, -1)	()	1	1	major	major	I	I, major	V		I	I	False	V7	V7, major		V7(4), major		V	-4	-4	-4	0	0	0	True	False	False
2250	2	65	-1	F	0	3	4	1	1	True	3.25	-4	94	94	94	94a	1125/4	1/16	False	4	False				False	271	V7(4)		Ab	I		V7(4)		V		7	4		Mm7	False	False	(1, 0, 2, -1)	()	1	1	major	major	I	I, major	V		I	I	False	V7	V7, major		V7(4), major		V	-4	-4	-4	3	3	3	False	False	False
2252	2	68	-4	A	-1	3	4	1	1	True	3.5	-4	94	94	94	94a	563/2	1/16	False	4	False				False	271	V7(4)		Ab	I		V7(4)		V		7	4		Mm7	False	False	(1, 0, 2, -1)	()	1	1	major	major	I	I, major	V		I	I	False	V7	V7, major		V7(4), major		V	-4	-4	-4	0	0	0	True	False	False
2254	2	67	1	G	0	3	4	1	1	True	3.75	-4	94	94	94	94a	1127/4	1/16	False	4	True				False	272	V7		Ab	I		V7		V		7			Mm7	False	False	(1, 5, 2, -1)	()	1	1	major	major	I	I, major	V		I	I	False	V7	V7, major		V7, major		V	-4	-4	-4	5	5	5	True	False	False
2256	8	32	-4	A	-1	3	4	2	1	True	1.0	-4	95	95	95	95a	282	1/4	False	1	True				False	273	I(9)		Ab	I		I(9)		I			9		M	False	False	(0, 4, 1)	(2,)	0	0	major	major	I	I, major	I		I	I	False	I	I, major		I(9), major		I	-4	-4	-4	0	0	0	True	True	True
2256	8	44	-4	A	-1	3	4	2	1	True	1.0	-4	95	95	95	95a	282	1/4	False	2	True				False	273	I(9)		Ab	I		I(9)		I			9		M	False	False	(0, 4, 1)	(2,)	0	0	major	major	I	I, major	I		I	I	False	I	I, major		I(9), major		I	-4	-4	-4	0	0	0	True	True	True
2256	8	60	0	C	0	3	4	1	2	True	1.0	-4	95	95	95	95a	282	1/4	False	4	True				False	273	I(9)		Ab	I		I(9)		I			9		M	False	False	(0, 4, 1)	(2,)	0	0	major	major	I	I, major	I		I	I	False	I	I, major		I(9), major		I	-4	-4	-4	4	4	4	True	False	False
2256	2	70	-2	B	-1	3	4	1	1	True	1.0	-4	95	95	95	95a	282	1/16	False	4	True				False	273	I(9)		Ab	I		I(9)		I			9		M	False	False	(0, 4, 1)	(2,)	0	0	major	major	I	I, major	I		I	I	False	I	I, major		I(9), major		I	-4	-4	-4	2	2	2	False	False	False
2258	2	67	1	G	0	3	4	1	1	True	1.25	-4	95	95	95	95a	1129/4	1/16	False	4	False				False	273	I(9)		Ab	I		I(9)		I			9		M	False	False	(0, 4, 1)	(2,)	0	0	major	major	I	I, major	I		I	I	False	I	I, major		I(9), major		I	-4	-4	-4	5	5	5	False	False	False
2260	2	70	-2	B	-1	3	4	1	1	True	1.5	-4	95	95	95	95a	565/2	1/16	False	4	False				False	273	I(9)		Ab	I		I(9)		I			9		M	False	False	(0, 4, 1)	(2,)	0	0	major	major	I	I, major	I		I	I	False	I	I, major		I(9), major		I	-4	-4	-4	2	2	2	False	False	False
2262	2	68	-4	A	-1	3	4	1	1	True	1.75	-4	95	95	95	95a	1131/4	1/16	False	4	True				False	274	I		Ab	I		I		I					M	False	False	(0, 4, 1)	()	0	0	major	major	I	I, major	I		I	I	False	I	I, major		I, major		I	-4	-4	-4	0	0	0	True	True	True
2264	16	32	-4	A	-1	3	4	2	1	True	2.0	-4	95	95	95	95a	283	1/2	False	1	True				False	275	I(11)		Ab	I		I(11)		I			11		M	False	False	(0, 4, 1)	(-1,)	0	0	major	major	I	I, major	I		I	I	False	I	I, major		I(11), major		I	-4	-4	-4	0	0	0	True	True	True
2264	16	36	0	C	0	3	4	2	1	True	2.0	-4	95	95	95	95a	283	1/2	False	2	True				False	275	I(11)		Ab	I		I(11)		I			11		M	False	False	(0, 4, 1)	(-1,)	0	0	major	major	I	I, major	I		I	I	False	I	I, major		I(11), major		I	-4	-4	-4	4	4	4	True	False	False
2264	16	39	-3	E	-1	3	4	2	1	True	2.0	-4	95	95	95	95a	283	1/2	False	2	True				False	275	I(11)		Ab	I		I(11)		I			11		M	False	False	(0, 4, 1)	(-1,)	0	0	major	major	I	I, major	I		I	I	False	I	I, major		I(11), major		I	-4	-4	-4	1	1	1	True	False	False
2264	16	44	-4	A	-1	3	4	2	1	True	2.0	-4	95	95	95	95a	283	1/2	False	2	True				False	275	I(11)		Ab	I		I(11)		I			11		M	False	False	(0, 4, 1)	(-1,)	0	0	major	major	I	I, major	I		I	I	False	I	I, major		I(11), major		I	-4	-4	-4	0	0	0	True	True	True
2264	2	73	-5	D	-1	3	4	1	1	True	2.0	-4	95	95	95	95a	283	1/16	False	5	True				False	275	I(11)		Ab	I		I(11)		I			11		M	False	False	(0, 4, 1)	(-1,)	0	0	major	major	I	I, major	I		I	I	False	I	I, major		I(11), major		I	-4	-4	-4	-1	-1	-1	False	False	False
2266	2	71	5	B	0	3	4	1	1	True	2.25	-4	95	95	95	95a	1133/4	1/16	False	4	False				False	275	I(11)		Ab	I		I(11)		I			11		M	False	False	(0, 4, 1)	(-1,)	0	0	major	major	I	I, major	I		I	I	False	I	I, major		I(11), major		I	-4	-4	-4	9	9	9	False	False	False
2268	2	73	-5	D	-1	3	4	1	1	True	2.5	-4	95	95	95	95a	567/2	1/16	False	5	False				False	275	I(11)		Ab	I		I(11)		I			11		M	False	False	(0, 4, 1)	(-1,)	0	0	major	major	I	I, major	I		I	I	False	I	I, major		I(11), major		I	-4	-4	-4	-1	-1	-1	False	False	False
2270	2	72	0	C	0	3	4	1	1	True	2.75	-4	95	95	95	95a	1135/4	1/16	False	5	True				False	276	I		Ab	I		I		I					M	False	False	(0, 4, 1)	()	0	0	major	major	I	I, major	I		I	I	False	I	I, major		I, major		I	-4	-4	-4	4	4	4	True	False	False
2272	2	77	-1	F	0	3	4	1	1	True	3.0	-4	95	95	95	95a	284	1/16	False	5	True				False	277	I(13)		Ab	I		I(13)		I			13		M	False	False	(0, 4, 1)	(3,)	0	0	major	major	I	I, major	I		I	I	False	I	I, major		I(13), major		I	-4	-4	-4	3	3	3	False	False	False
2274	2	74	2	D	0	3	4	1	1	True	3.25	-4	95	95	95	95a	1137/4	1/16	False	5	False				False	277	I(13)		Ab	I		I(13)		I			13		M	False	False	(0, 4, 1)	(3,)	0	0	major	major	I	I, major	I		I	I	False	I	I, major		I(13), major		I	-4	-4	-4	6	6	6	False	False	False
2276	2	77	-1	F	0	3	4	1	1	True	3.5	-4	95	95	95	95a	569/2	1/16	False	5	False				False	277	I(13)		Ab	I		I(13)		I			13		M	False	False	(0, 4, 1)	(3,)	0	0	major	major	I	I, major	I		I	I	False	I	I, major		I(13), major		I	-4	-4	-4	3	3	3	False	False	False
2278	2	75	-3	E	-1	3	4	1	1	True	3.75	-4	95	95	95	95a	1139/4	1/16	False	5	True				False	278	I		Ab	I		I		I					M	False	False	(0, 4, 1)	()	0	0	major	major	I	I, major	I		I	I	False	I	I, major		I, major		I	-4	-4	-4	1	1	1	True	False	False
2280	8	32	-4	A	-1	3	4	2	1	False	1.0	-4	96	96	96	96a	285	1/4	False	1	True				False	279	I(9)		Ab	I		I(9)		I			9		M	False	False	(0, 4, 1)	(2,)	0	0	major	major	I	I, major	I		I	I	False	I	I, major		I(9), major		I	-4	-4	-4	0	0	0	True	True	True
2280	8	36	0	C	0	3	4	2	1	False	1.0	-4	96	96	96	96a	285	1/4	False	2	True				False	279	I(9)		Ab	I		I(9)		I			9		M	False	False	(0, 4, 1)	(2,)	0	0	major	major	I	I, major	I		I	I	False	I	I, major		I(9), major		I	-4	-4	-4	4	4	4	True	False	False
2280	8	39	-3	E	-1	3	4	2	1	False	1.0	-4	96	96	96	96a	285	1/4	False	2	True				False	279	I(9)		Ab	I		I(9)		I			9		M	False	False	(0, 4, 1)	(2,)	0	0	major	major	I	I, major	I		I	I	False	I	I, major		I(9), major		I	-4	-4	-4	1	1	1	True	False	False
2280	8	44	-4	A	-1	3	4	2	1	False	1.0	-4	96	96	96	96a	285	1/4	False	2	True				False	279	I(9)		Ab	I		I(9)		I			9		M	False	False	(0, 4, 1)	(2,)	0	0	major	major	I	I, major	I		I	I	False	I	I, major		I(9), major		I	-4	-4	-4	0	0	0	True	True	True
2280	2	82	-2	B	-1	3	4	1	1	True	1.0	-4	96	96	96	96a	285	1/16	False	5	True				False	279	I(9)		Ab	I		I(9)		I			9		M	False	False	(0, 4, 1)	(2,)	0	0	major	major	I	I, major	I		I	I	False	I	I, major		I(9), major		I	-4	-4	-4	2	2	2	False	False	False
2282	2	79	1	G	0	3	4	1	1	True	1.25	-4	96	96	96	96a	1141/4	1/16	False	5	False				False	279	I(9)		Ab	I		I(9)		I			9		M	False	False	(0, 4, 1)	(2,)	0	0	major	major	I	I, major	I		I	I	False	I	I, major		I(9), major		I	-4	-4	-4	5	5	5	False	False	False
2284	2	82	-2	B	-1	3	4	1	1	True	1.5	-4	96	96	96	96a	571/2	1/16	False	5	False				False	279	I(9)		Ab	I		I(9)		I			9		M	False	False	(0, 4, 1)	(2,)	0	0	major	major	I	I, major	I		I	I	False	I	I, major		I(9), major		I	-4	-4	-4	2	2	2	False	False	False
2286	2	80	-4	A	-1	3	4	1	1	True	1.75	-4	96	96	96	96a	1143/4	1/16	False	5	True				False	280	I		Ab	I		I		I					M	False	False	(0, 4, 1)	()	0	0	major	major	I	I, major	I		I	I	False	I	I, major		I, major		I	-4	-4	-4	0	0	0	True	True	True
2288	8	44	-4	A	-1	3	4	2	1	True	2.0	-4	96	96	96	96a	286	1/4	False	2	True				False	281	I(11)		Ab	I		I(11)		I			11		M	False	False	(0, 4, 1)	(-1,)	0	0	major	major	I	I, major	I		I	I	False	I	I, major		I(11), major		I	-4	-4	-4	0	0	0	True	True	True
2288	8	48	0	C	0	3	4	2	1	True	2.0	-4	96	96	96	96a	286	1/4	False	3	True				False	281	I(11)		Ab	I		I(11)		I			11		M	False	False	(0, 4, 1)	(-1,)	0	0	major	major	I	I, major	I		I	I	False	I	I, major		I(11), major		I	-4	-4	-4	4	4	4	True	False	False
2288	8	51	-3	E	-1	3	4	2	1	True	2.0	-4	96	96	96	96a	286	1/4	False	3	True				False	281	I(11)		Ab	I		I(11)		I			11		M	False	False	(0, 4, 1)	(-1,)	0	0	major	major	I	I, major	I		I	I	False	I	I, major		I(11), major		I	-4	-4	-4	1	1	1	True	False	False
2288	8	56	-4	A	-1	3	4	2	1	True	2.0	-4	96	96	96	96a	286	1/4	False	3	True				False	281	I(11)		Ab	I		I(11)		I			11		M	False	False	(0, 4, 1)	(-1,)	0	0	major	major	I	I, major	I		I	I	False	I	I, major		I(11), major		I	-4	-4	-4	0	0	0	True	True	True
2288	2	85	-5	D	-1	3	4	1	1	True	2.0	-4	96	96	96	96a	286	1/16	False	6	True				False	281	I(11)		Ab	I		I(11)		I			11		M	False	False	(0, 4, 1)	(-1,)	0	0	major	major	I	I, major	I		I	I	False	I	I, major		I(11), major		I	-4	-4	-4	-1	-1	-1	False	False	False
2290	2	83	5	B	0	3	4	1	1	True	2.25	-4	96	96	96	96a	1145/4	1/16	False	5	False				False	281	I(11)		Ab	I		I(11)		I			11		M	False	False	(0, 4, 1)	(-1,)	0	0	major	major	I	I, major	I		I	I	False	I	I, major		I(11), major		I	-4	-4	-4	9	9	9	False	False	False
2292	2	85	-5	D	-1	3	4	1	1	True	2.5	-4	96	96	96	96a	573/2	1/16	False	6	False				False	281	I(11)		Ab	I		I(11)		I			11		M	False	False	(0, 4, 1)	(-1,)	0	0	major	major	I	I, major	I		I	I	False	I	I, major		I(11), major		I	-4	-4	-4	-1	-1	-1	False	False	False
2294	2	84	0	C	0	3	4	1	1	True	2.75	-4	96	96	96	96a	1147/4	1/16	False	6	True				False	282	I		Ab	I		I		I					M	False	False	(0, 4, 1)	()	0	0	major	major	I	I, major	I		I	I	False	I	I, major		I, major		I	-4	-4	-4	4	4	4	True	False	False
2296	8	56	-4	A	-1	3	4	2	1	True	3.0	-4	96	96	96	96a	287	1/4	False	3	True				False	283	I(13)		Ab	I		I(13)		I			13		M	False	False	(0, 4, 1)	(3,)	0	0	major	major	I	I, major	I		I	I	False	I	I, major		I(13), major		I	-4	-4	-4	0	0	0	True	True	True
2296	8	60	0	C	0	3	4	2	1	True	3.0	-4	96	96	96	96a	287	1/4	False	4	True				False	283	I(13)		Ab	I		I(13)		I			13		M	False	False	(0, 4, 1)	(3,)	0	0	major	major	I	I, major	I		I	I	False	I	I, major		I(13), major		I	-4	-4	-4	4	4	4	True	False	False
2296	8	63	-3	E	-1	3	4	2	1	True	3.0	-4	96	96	96	96a	287	1/4	False	4	True				False	283	I(13)		Ab	I		I(13)		I			13		M	False	False	(0, 4, 1)	(3,)	0	0	major	major	I	I, major	I		I	I	False	I	I, major		I(13), major		I	-4	-4	-4	1	1	1	True	False	False
2296	2	89	-1	F	0	3	4	1	1	True	3.0	-4	96	96	96	96a	287	1/16	False	6	True				False	283	I(13)		Ab	I		I(13)		I			13		M	False	False	(0, 4, 1)	(3,)	0	0	major	major	I	I, major	I		I	I	False	I	I, major		I(13), major		I	-4	-4	-4	3	3	3	False	False	False
2298	2	86	2	D	0	3	4	1	1	True	3.25	-4	96	96	96	96a	1149/4	1/16	False	6	False				False	283	I(13)		Ab	I		I(13)		I			13		M	False	False	(0, 4, 1)	(3,)	0	0	major	major	I	I, major	I		I	I	False	I	I, major		I(13), major		I	-4	-4	-4	6	6	6	False	False	False
2300	2	89	-1	F	0	3	4	1	1	True	3.5	-4	96	96	96	96a	575/2	1/16	False	6	False				False	283	I(13)		Ab	I		I(13)		I			13		M	False	False	(0, 4, 1)	(3,)	0	0	major	major	I	I, major	I		I	I	False	I	I, major		I(13), major		I	-4	-4	-4	3	3	3	False	False	False
2302	2	87	-3	E	-1	3	4	1	1	True	3.75	-4	96	96	96	96a	1151/4	1/16	False	6	True				False	284	I		Ab	I		I		I					M	False	False	(0, 4, 1)	()	0	0	major	major	I	I, major	I		I	I	False	I	I, major		I, major		I	-4	-4	-4	1	1	1	True	False	False
2304	8	53	-1	F	0	3	4	2	1	True	1.0	-4	97	97	97	97a	288	1/4	False	3	True				False	285	V43(11)/V		Ab	I		V43(11)/V		V		43	11	V	Mm7	False	False	(3, 0, 2, 6)	(1,)	2	3	major	major	I	I, major	V/V	V	V/I	V	False	V43/V	V43/V, major		V43(11)/V, major	V	V	-4	-4	-3	3	3	2	True	False	True
2304	8	56	-4	A	-1	3	4	2	1	True	1.0	-4	97	97	97	97a	288	1/4	False	3	True				False	285	V43(11)/V		Ab	I		V43(11)/V		V		43	11	V	Mm7	False	False	(3, 0, 2, 6)	(1,)	2	3	major	major	I	I, major	V/V	V	V/I	V	False	V43/V	V43/V, major		V43(11)/V, major	V	V	-4	-4	-3	0	0	-1	True	False	False
2304	8	58	-2	B	-1	3	4	2	1	True	1.0	-4	97	97	97	97a	288	1/4	False	3	True				False	285	V43(11)/V		Ab	I		V43(11)/V		V		43	11	V	Mm7	False	False	(3, 0, 2, 6)	(1,)	2	3	major	major	I	I, major	V/V	V	V/I	V	False	V43/V	V43/V, major		V43(11)/V, major	V	V	-4	-4	-3	2	2	1	True	True	False
2304	8	62	2	D	0	3	4	2	1	True	1.0	-4	97	97	97	97a	288	1/4	False	4	True				False	285	V43(11)/V		Ab	I		V43(11)/V		V		43	11	V	Mm7	False	False	(3, 0, 2, 6)	(1,)	2	3	major	major	I	I, major	V/V	V	V/I	V	False	V43/V	V43/V, major		V43(11)/V, major	V	V	-4	-4	-3	6	6	5	True	False	False
2304	2	75	-3	E	-1	3	4	1	1	True	1.0	-4	97	97	97	97a	288	1/16	False	5	True				False	285	V43(11)/V		Ab	I		V43(11)/V		V		43	11	V	Mm7	False	False	(3, 0, 2, 6)	(1,)	2	3	major	major	I	I, major	V/V	V	V/I	V	False	V43/V	V43/V, major		V43(11)/V, major	V	V	-4	-4	-3	1	1	0	False	False	False
2306	2	72	0	C	0	3	4	1	1	True	1.25	-4	97	97	97	97a	1153/4	1/16	False	5	False				False	285	V43(11)/V		Ab	I		V43(11)/V		V		43	11	V	Mm7	False	False	(3, 0, 2, 6)	(1,)	2	3	major	major	I	I, major	V/V	V	V/I	V	False	V43/V	V43/V, major		V43(11)/V, major	V	V	-4	-4	-3	4	4	3	False	False	False
2308	2	75	-3	E	-1	3	4	1	1	True	1.5	-4	97	97	97	97a	577/2	1/16	False	5	False				False	285	V43(11)/V		Ab	I		V43(11)/V		V		43	11	V	Mm7	False	False	(3, 0, 2, 6)	(1,)	2	3	major	major	I	I, major	V/V	V	V/I	V	False	V43/V	V43/V, major		V43(11)/V, major	V	V	-4	-4	-3	1	1	0	False	False	False
2310	2	74	2	D	0	3	4	1	1	True	1.75	-4	97	97	97	97a	1155/4	1/16	False	5	True				False	286	V43/V		Ab	I		V43/V		V		43		V	Mm7	False	False	(3, 0, 2, 6)	()	2	3	major	major	I	I, major	V/V	V	V/I	V	False	V43/V	V43/V, major		V43/V, major	V	V	-4	-4	-3	6	6	5	True	False	False
2312	16	53	-1	F	0	3	4	2	1	True	2.0	-4	97	97	97	97a	289	1/2	False	3	True				False	287	V43(9)/V		Ab	I		V43(9)/V		V		43	9	V	Mm7	False	False	(3, 0, 2, 6)	(4,)	2	3	major	major	I	I, major	V/V	V	V/I	V	False	V43/V	V43/V, major		V43(9)/V, major	V	V	-4	-4	-3	3	3	2	True	False	True
2312	16	56	-4	A	-1	3	4	2	1	True	2.0	-4	97	97	97	97a	289	1/2	False	3	True				False	287	V43(9)/V		Ab	I		V43(9)/V		V		43	9	V	Mm7	False	False	(3, 0, 2, 6)	(4,)	2	3	major	major	I	I, major	V/V	V	V/I	V	False	V43/V	V43/V, major		V43(9)/V, major	V	V	-4	-4	-3	0	0	-1	True	False	False
2312	16	58	-2	B	-1	3	4	2	1	True	2.0	-4	97	97	97	97a	289	1/2	False	3	True				False	287	V43(9)/V		Ab	I		V43(9)/V		V		43	9	V	Mm7	False	False	(3, 0, 2, 6)	(4,)	2	3	major	major	I	I, major	V/V	V	V/I	V	False	V43/V	V43/V, major		V43(9)/V, major	V	V	-4	-4	-3	2	2	1	True	True	False
2312	16	62	2	D	0	3	4	2	1	True	2.0	-4	97	97	97	97a	289	1/2	False	4	True				False	287	V43(9)/V		Ab	I		V43(9)/V		V		43	9	V	Mm7	False	False	(3, 0, 2, 6)	(4,)	2	3	major	major	I	I, major	V/V	V	V/I	V	False	V43/V	V43/V, major		V43(9)/V, major	V	V	-4	-4	-3	6	6	5	True	False	False
2312	2	84	0	C	0	3	4	1	1	True	2.0	-4	97	97	97	97a	289	1/16	False	6	True				False	287	V43(9)/V		Ab	I		V43(9)/V		V		43	9	V	Mm7	False	False	(3, 0, 2, 6)	(4,)	2	3	major	major	I	I, major	V/V	V	V/I	V	False	V43/V	V43/V, major		V43(9)/V, major	V	V	-4	-4	-3	4	4	3	False	False	False
2314	2	81	3	A	0	3	4	1	1	True	2.25	-4	97	97	97	97a	1157/4	1/16	False	5	False				False	287	V43(9)/V		Ab	I		V43(9)/V		V		43	9	V	Mm7	False	False	(3, 0, 2, 6)	(4,)	2	3	major	major	I	I, major	V/V	V	V/I	V	False	V43/V	V43/V, major		V43(9)/V, major	V	V	-4	-4	-3	7	7	6	False	False	False
2316	2	84	0	C	0	3	4	1	1	True	2.5	-4	97	97	97	97a	579/2	1/16	False	6	False				False	287	V43(9)/V		Ab	I		V43(9)/V		V		43	9	V	Mm7	False	False	(3, 0, 2, 6)	(4,)	2	3	major	major	I	I, major	V/V	V	V/I	V	False	V43/V	V43/V, major		V43(9)/V, major	V	V	-4	-4	-3	4	4	3	False	False	False
2318	2	82	-2	B	-1	3	4	1	1	True	2.75	-4	97	97	97	97a	1159/4	1/16	False	5	True				False	288	V43/V		Ab	I		V43/V		V		43		V	Mm7	False	False	(3, 0, 2, 6)	()	2	3	major	major	I	I, major	V/V	V	V/I	V	False	V43/V	V43/V, major		V43/V, major	V	V	-4	-4	-3	2	2	1	True	True	False
2320	2	75	-3	E	-1	3	4	1	1	True	3.0	-4	97	97	97	97a	290	1/16	False	5	True				False	289	V43(11)/V		Ab	I		V43(11)/V		V		43	11	V	Mm7	False	False	(3, 0, 2, 6)	(1,)	2	3	major	major	I	I, major	V/V	V	V/I	V	False	V43/V	V43/V, major		V43(11)/V, major	V	V	-4	-4	-3	1	1	0	False	False	False
2322	2	72	0	C	0	3	4	1	1	True	3.25	-4	97	97	97	97a	1161/4	1/16	False	5	False				False	289	V43(11)/V		Ab	I		V43(11)/V		V		43	11	V	Mm7	False	False	(3, 0, 2, 6)	(1,)	2	3	major	major	I	I, major	V/V	V	V/I	V	False	V43/V	V43/V, major		V43(11)/V, major	V	V	-4	-4	-3	4	4	3	False	False	False
2324	2	75	-3	E	-1	3	4	1	1	True	3.5	-4	97	97	97	97a	581/2	1/16	False	5	False				False	289	V43(11)/V		Ab	I		V43(11)/V		V		43	11	V	Mm7	False	False	(3, 0, 2, 6)	(1,)	2	3	major	major	I	I, major	V/V	V	V/I	V	False	V43/V	V43/V, major		V43(11)/V, major	V	V	-4	-4	-3	1	1	0	False	False	False
2326	2	74	2	D	0	3	4	1	1	True	3.75	-4	97	97	97	97a	1163/4	1/16	False	5	True				False	290	V43/V		Ab	I		V43/V		V		43		V	Mm7	False	False	(3, 0, 2, 6)	()	2	3	major	major	I	I, major	V/V	V	V/I	V	False	V43/V	V43/V, major		V43/V, major	V	V	-4	-4	-3	6	6	5	True	False	False
2328	8	51	-3	E	-1	3	4	2	1	True	1.0	-4	98	98	98	98a	291	1/4	False	3	True				False	291	V(9)		Ab	I		V(9)		V			9		M	False	False	(1, 5, 2)	(3,)	1	1	major	major	I	I, major	V		I	I	False	V	V, major		V(9), major		V	-4	-4	-4	1	1	1	True	True	True
2328	8	55	1	G	0	3	4	2	1	True	1.0	-4	98	98	98	98a	291	1/4	False	3	True				False	291	V(9)		Ab	I		V(9)		V			9		M	False	False	(1, 5, 2)	(3,)	1	1	major	major	I	I, major	V		I	I	False	V	V, major		V(9), major		V	-4	-4	-4	5	5	5	True	False	False
2328	8	58	-2	B	-1	3	4	2	1	True	1.0	-4	98	98	98	98a	291	1/4	False	3	True				False	291	V(9)		Ab	I		V(9)		V			9		M	False	False	(1, 5, 2)	(3,)	1	1	major	major	I	I, major	V		I	I	False	V	V, major		V(9), major		V	-4	-4	-4	2	2	2	True	False	False
2328	8	63	-3	E	-1	3	4	2	1	True	1.0	-4	98	98	98	98a	291	1/4	False	4	True				False	291	V(9)		Ab	I		V(9)		V			9		M	False	False	(1, 5, 2)	(3,)	1	1	major	major	I	I, major	V		I	I	False	V	V, major		V(9), major		V	-4	-4	-4	1	1	1	True	True	True
2328	2	77	-1	F	0	3	4	1	1	True	1.0	-4	98	98	98	98a	291	1/16	False	5	True				False	291	V(9)		Ab	I		V(9)		V			9		M	False	False	(1, 5, 2)	(3,)	1	1	major	major	I	I, major	V		I	I	False	V	V, major		V(9), major		V	-4	-4	-4	3	3	3	False	False	False
2330	2	74	2	D	0	3	4	1	1	True	1.25	-4	98	98	98	98a	1165/4	1/16	False	5	False				False	291	V(9)		Ab	I		V(9)		V			9		M	False	False	(1, 5, 2)	(3,)	1	1	major	major	I	I, major	V		I	I	False	V	V, major		V(9), major		V	-4	-4	-4	6	6	6	False	False	False
2332	2	77	-1	F	0	3	4	1	1	True	1.5	-4	98	98	98	98a	583/2	1/16	False	5	False				False	291	V(9)		Ab	I		V(9)		V			9		M	False	False	(1, 5, 2)	(3,)	1	1	major	major	I	I, major	V		I	I	False	V	V, major		V(9), major		V	-4	-4	-4	3	3	3	False	False	False
2334	2	75	-3	E	-1	3	4	1	1	True	1.75	-4	98	98	98	98a	1167/4	1/16	False	5	True				False	292	V		Ab	I		V		V					M	False	False	(1, 5, 2)	()	1	1	major	major	I	I, major	V		I	I	False	V	V, major		V, major		V	-4	-4	-4	1	1	1	True	True	True
2336	8	51	-3	E	-1	3	4	2	1	True	2.0	-4	98	98	98	98a	292	1/4	False	3	True				False	293	V(13)		Ab	I		V(13)		V			13		M	False	False	(1, 5, 2)	(4,)	1	1	major	major	I	I, major	V		I	I	False	V	V, major		V(13), major		V	-4	-4	-4	1	1	1	True	True	True
2336	8	55	1	G	0	3	4	2	1	True	2.0	-4	98	98	98	98a	292	1/4	False	3	True				False	293	V(13)		Ab	I		V(13)		V			13		M	False	False	(1, 5, 2)	(4,)	1	1	major	major	I	I, major	V		I	I	False	V	V, major		V(13), major		V	-4	-4	-4	5	5	5	True	False	False
2336	8	58	-2	B	-1	3	4	2	1	True	2.0	-4	98	98	98	98a	292	1/4	False	3	True				False	293	V(13)		Ab	I		V(13)		V			13		M	False	False	(1, 5, 2)	(4,)	1	1	major	major	I	I, major	V		I	I	False	V	V, major		V(13), major		V	-4	-4	-4	2	2	2	True	False	False
2336	8	63	-3	E	-1	3	4	2	1	True	2.0	-4	98	98	98	98a	292	1/4	False	4	True				False	293	V(13)		Ab	I		V(13)		V			13		M	False	False	(1, 5, 2)	(4,)	1	1	major	major	I	I, major	V		I	I	False	V	V, major		V(13), major		V	-4	-4	-4	1	1	1	True	True	True
2336	2	84	0	C	0	3	4	1	1	True	2.0	-4	98	98	98	98a	292	1/16	False	6	True				False	293	V(13)		Ab	I		V(13)		V			13		M	False	False	(1, 5, 2)	(4,)	1	1	major	major	I	I, major	V		I	I	False	V	V, major		V(13), major		V	-4	-4	-4	4	4	4	False	False	False
2338	2	81	3	A	0	3	4	1	1	True	2.25	-4	98	98	98	98a	1169/4	1/16	False	5	False				False	293	V(13)		Ab	I		V(13)		V			13		M	False	False	(1, 5, 2)	(4,)	1	1	major	major	I	I, major	V		I	I	False	V	V, major		V(13), major		V	-4	-4	-4	7	7	7	False	False	False
2340	2	84	0	C	0	3	4	1	1	True	2.5	-4	98	98	98	98a	585/2	1/16	False	6	False				False	293	V(13)		Ab	I		V(13)		V			13		M	False	False	(1, 5, 2)	(4,)	1	1	major	major	I	I, major	V		I	I	False	V	V, major		V(13), major		V	-4	-4	-4	4	4	4	False	False	False
2342	2	82	-2	B	-1	3	4	1	1	True	2.75	-4	98	98	98	98a	1171/4	1/16	False	5	True				False	294	V		Ab	I		V		V					M	False	False	(1, 5, 2)	()	1	1	major	major	I	I, major	V		I	I	False	V	V, major		V, major		V	-4	-4	-4	2	2	2	True	False	False
2344	8	51	-3	E	-1	3	4	2	1	True	3.0	-4	98	98	98	98a	293	1/4	False	3	True				False	295	V(9)		Ab	I		V(9)		V			9		M	False	False	(1, 5, 2)	(3,)	1	1	major	major	I	I, major	V		I	I	False	V	V, major		V(9), major		V	-4	-4	-4	1	1	1	True	True	True
2344	8	55	1	G	0	3	4	2	1	True	3.0	-4	98	98	98	98a	293	1/4	False	3	True				False	295	V(9)		Ab	I		V(9)		V			9		M	False	False	(1, 5, 2)	(3,)	1	1	major	major	I	I, major	V		I	I	False	V	V, major		V(9), major		V	-4	-4	-4	5	5	5	True	False	False
2344	8	58	-2	B	-1	3	4	2	1	True	3.0	-4	98	98	98	98a	293	1/4	False	3	True				False	295	V(9)		Ab	I		V(9)		V			9		M	False	False	(1, 5, 2)	(3,)	1	1	major	major	I	I, major	V		I	I	False	V	V, major		V(9), major		V	-4	-4	-4	2	2	2	True	False	False
2344	8	63	-3	E	-1	3	4	2	1	True	3.0	-4	98	98	98	98a	293	1/4	False	4	True				False	295	V(9)		Ab	I		V(9)		V			9		M	False	False	(1, 5, 2)	(3,)	1	1	major	major	I	I, major	V		I	I	False	V	V, major		V(9), major		V	-4	-4	-4	1	1	1	True	True	True
2344	2	77	-1	F	0	3	4	1	1	True	3.0	-4	98	98	98	98a	293	1/16	False	5	True				False	295	V(9)		Ab	I		V(9)		V			9		M	False	False	(1, 5, 2)	(3,)	1	1	major	major	I	I, major	V		I	I	False	V	V, major		V(9), major		V	-4	-4	-4	3	3	3	False	False	False
2346	2	74	2	D	0	3	4	1	1	True	3.25	-4	98	98	98	98a	1173/4	1/16	False	5	False				False	295	V(9)		Ab	I		V(9)		V			9		M	False	False	(1, 5, 2)	(3,)	1	1	major	major	I	I, major	V		I	I	False	V	V, major		V(9), major		V	-4	-4	-4	6	6	6	False	False	False
2348	2	77	-1	F	0	3	4	1	1	True	3.5	-4	98	98	98	98a	587/2	1/16	False	5	False				False	295	V(9)		Ab	I		V(9)		V			9		M	False	False	(1, 5, 2)	(3,)	1	1	major	major	I	I, major	V		I	I	False	V	V, major		V(9), major		V	-4	-4	-4	3	3	3	False	False	False
2350	2	75	-3	E	-1	3	4	1	1	True	3.75	-4	98	98	98	98a	1175/4	1/16	False	5	True				False	296	V		Ab	I		V		V					M	False	False	(1, 5, 2)	()	1	1	major	major	I	I, major	V		I	I	False	V	V, major		V, major		V	-4	-4	-4	1	1	1	True	True	True
2352	8	53	-1	F	0	3	4	2	1	True	1.0	-4	99	99	99	99a	294	1/4	False	3	True				False	297	V43(11)/V		Ab	I		V43(11)/V		V		43	11	V	Mm7	False	False	(3, 0, 2, 6)	(1,)	2	3	major	major	I	I, major	V/V	V	V/I	V	False	V43/V	V43/V, major		V43(11)/V, major	V	V	-4	-4	-3	3	3	2	True	False	True
2352	8	56	-4	A	-1	3	4	2	1	True	1.0	-4	99	99	99	99a	294	1/4	False	3	True				False	297	V43(11)/V		Ab	I		V43(11)/V		V		43	11	V	Mm7	False	False	(3, 0, 2, 6)	(1,)	2	3	major	major	I	I, major	V/V	V	V/I	V	False	V43/V	V43/V, major		V43(11)/V, major	V	V	-4	-4	-3	0	0	-1	True	False	False
2352	8	58	-2	B	-1	3	4	2	1	True	1.0	-4	99	99	99	99a	294	1/4	False	3	True				False	297	V43(11)/V		Ab	I		V43(11)/V		V		43	11	V	Mm7	False	False	(3, 0, 2, 6)	(1,)	2	3	major	major	I	I, major	V/V	V	V/I	V	False	V43/V	V43/V, major		V43(11)/V, major	V	V	-4	-4	-3	2	2	1	True	True	False
2352	8	62	2	D	0	3	4	2	1	True	1.0	-4	99	99	99	99a	294	1/4	False	4	True				False	297	V43(11)/V		Ab	I		V43(11)/V		V		43	11	V	Mm7	False	False	(3, 0, 2, 6)	(1,)	2	3	major	major	I	I, major	V/V	V	V/I	V	False	V43/V	V43/V, major		V43(11)/V, major	V	V	-4	-4	-3	6	6	5	True	False	False
2352	2	75	-3	E	-1	3	4	1	1	True	1.0	-4	99	99	99	99a	294	1/16	False	5	True				False	297	V43(11)/V		Ab	I		V43(11)/V		V		43	11	V	Mm7	False	False	(3, 0, 2, 6)	(1,)	2	3	major	major	I	I, major	V/V	V	V/I	V	False	V43/V	V43/V, major		V43(11)/V, major	V	V	-4	-4	-3	1	1	0	False	False	False
2354	2	72	0	C	0	3	4	1	1	True	1.25	-4	99	99	99	99a	1177/4	1/16	False	5	False				False	297	V43(11)/V		Ab	I		V43(11)/V		V		43	11	V	Mm7	False	False	(3, 0, 2, 6)	(1,)	2	3	major	major	I	I, major	V/V	V	V/I	V	False	V43/V	V43/V, major		V43(11)/V, major	V	V	-4	-4	-3	4	4	3	False	False	False
2356	2	75	-3	E	-1	3	4	1	1	True	1.5	-4	99	99	99	99a	589/2	1/16	False	5	False				False	297	V43(11)/V		Ab	I		V43(11)/V		V		43	11	V	Mm7	False	False	(3, 0, 2, 6)	(1,)	2	3	major	major	I	I, major	V/V	V	V/I	V	False	V43/V	V43/V, major		V43(11)/V, major	V	V	-4	-4	-3	1	1	0	False	False	False
2358	2	74	2	D	0	3	4	1	1	True	1.75	-4	99	99	99	99a	1179/4	1/16	False	5	True				False	298	V43/V		Ab	I		V43/V		V		43		V	Mm7	False	False	(3, 0, 2, 6)	()	2	3	major	major	I	I, major	V/V	V	V/I	V	False	V43/V	V43/V, major		V43/V, major	V	V	-4	-4	-3	6	6	5	True	False	False
2360	16	53	-1	F	0	3	4	2	1	True	2.0	-4	99	99	99	99a	295	1/2	False	3	True				False	299	V43(9)/V		Ab	I		V43(9)/V		V		43	9	V	Mm7	False	False	(3, 0, 2, 6)	(4,)	2	3	major	major	I	I, major	V/V	V	V/I	V	False	V43/V	V43/V, major		V43(9)/V, major	V	V	-4	-4	-3	3	3	2	True	False	True
2360	16	56	-4	A	-1	3	4	2	1	True	2.0	-4	99	99	99	99a	295	1/2	False	3	True				False	299	V43(9)/V		Ab	I		V43(9)/V		V		43	9	V	Mm7	False	False	(3, 0, 2, 6)	(4,)	2	3	major	major	I	I, major	V/V	V	V/I	V	False	V43/V	V43/V, major		V43(9)/V, major	V	V	-4	-4	-3	0	0	-1	True	False	False
2360	16	58	-2	B	-1	3	4	2	1	True	2.0	-4	99	99	99	99a	295	1/2	False	3	True				False	299	V43(9)/V		Ab	I		V43(9)/V		V		43	9	V	Mm7	False	False	(3, 0, 2, 6)	(4,)	2	3	major	major	I	I, major	V/V	V	V/I	V	False	V43/V	V43/V, major		V43(9)/V, major	V	V	-4	-4	-3	2	2	1	True	True	False
2360	16	62	2	D	0	3	4	2	1	True	2.0	-4	99	99	99	99a	295	1/2	False	4	True				False	299	V43(9)/V		Ab	I		V43(9)/V		V		43	9	V	Mm7	False	False	(3, 0, 2, 6)	(4,)	2	3	major	major	I	I, major	V/V	V	V/I	V	False	V43/V	V43/V, major		V43(9)/V, major	V	V	-4	-4	-3	6	6	5	True	False	False
2360	2	84	0	C	0	3	4	1	1	True	2.0	-4	99	99	99	99a	295	1/16	False	6	True				False	299	V43(9)/V		Ab	I		V43(9)/V		V		43	9	V	Mm7	False	False	(3, 0, 2, 6)	(4,)	2	3	major	major	I	I, major	V/V	V	V/I	V	False	V43/V	V43/V, major		V43(9)/V, major	V	V	-4	-4	-3	4	4	3	False	False	False
2362	2	81	3	A	0	3	4	1	1	True	2.25	-4	99	99	99	99a	1181/4	1/16	False	5	False				False	299	V43(9)/V		Ab	I		V43(9)/V		V		43	9	V	Mm7	False	False	(3, 0, 2, 6)	(4,)	2	3	major	major	I	I, major	V/V	V	V/I	V	False	V43/V	V43/V, major		V43(9)/V, major	V	V	-4	-4	-3	7	7	6	False	False	False
2364	2	84	0	C	0	3	4	1	1	True	2.5	-4	99	99	99	99a	591/2	1/16	False	6	False				False	299	V43(9)/V		Ab	I		V43(9)/V		V		43	9	V	Mm7	False	False	(3, 0, 2, 6)	(4,)	2	3	major	major	I	I, major	V/V	V	V/I	V	False	V43/V	V43/V, major		V43(9)/V, major	V	V	-4	-4	-3	4	4	3	False	False	False
2366	2	82	-2	B	-1	3	4	1	1	True	2.75	-4	99	99	99	99a	1183/4	1/16	False	5	True				False	300	V43/V		Ab	I		V43/V		V		43		V	Mm7	False	False	(3, 0, 2, 6)	()	2	3	major	major	I	I, major	V/V	V	V/I	V	False	V43/V	V43/V, major		V43/V, major	V	V	-4	-4	-3	2	2	1	True	True	False
2368	2	75	-3	E	-1	3	4	1	1	True	3.0	-4	99	99	99	99a	296	1/16	False	5	True				False	301	V43(11)/V		Ab	I		V43(11)/V		V		43	11	V	Mm7	False	False	(3, 0, 2, 6)	(1,)	2	3	major	major	I	I, major	V/V	V	V/I	V	False	V43/V	V43/V, major		V43(11)/V, major	V	V	-4	-4	-3	1	1	0	False	False	False
2370	2	72	0	C	0	3	4	1	1	True	3.25	-4	99	99	99	99a	1185/4	1/16	False	5	False				False	301	V43(11)/V		Ab	I		V43(11)/V		V		43	11	V	Mm7	False	False	(3, 0, 2, 6)	(1,)	2	3	major	major	I	I, major	V/V	V	V/I	V	False	V43/V	V43/V, major		V43(11)/V, major	V	V	-4	-4	-3	4	4	3	False	False	False
2372	2	75	-3	E	-1	3	4	1	1	True	3.5	-4	99	99	99	99a	593/2	1/16	False	5	False				False	301	V43(11)/V		Ab	I		V43(11)/V		V		43	11	V	Mm7	False	False	(3, 0, 2, 6)	(1,)	2	3	major	major	I	I, major	V/V	V	V/I	V	False	V43/V	V43/V, major		V43(11)/V, major	V	V	-4	-4	-3	1	1	0	False	False	False
2374	2	74	2	D	0	3	4	1	1	True	3.75	-4	99	99	99	99a	1187/4	1/16	False	5	True				False	302	V43/V		Ab	I		V43/V		V		43		V	Mm7	False	False	(3, 0, 2, 6)	()	2	3	major	major	I	I, major	V/V	V	V/I	V	False	V43/V	V43/V, major		V43/V, major	V	V	-4	-4	-3	6	6	5	True	False	False
2376	8	51	-3	E	-1	3	4	2	1	True	1.0	-4	100	100	100	100a	297	1/4	False	3	True				False	303	V(9)		Ab	I		V(9)		V			9		M	False	False	(1, 5, 2)	(3,)	1	1	major	major	I	I, major	V		I	I	False	V	V, major		V(9), major		V	-4	-4	-4	1	1	1	True	True	True
2376	8	55	1	G	0	3	4	2	1	True	1.0	-4	100	100	100	100a	297	1/4	False	3	True				False	303	V(9)		Ab	I		V(9)		V			9		M	False	False	(1, 5, 2)	(3,)	1	1	major	major	I	I, major	V		I	I	False	V	V, major		V(9), major		V	-4	-4	-4	5	5	5	True	False	False
2376	8	58	-2	B	-1	3	4	2	1	True	1.0	-4	100	100	100	100a	297	1/4	False	3	True				False	303	V(9)		Ab	I		V(9)		V			9		M	False	False	(1, 5, 2)	(3,)	1	1	major	major	I	I, major	V		I	I	False	V	V, major		V(9), major		V	-4	-4	-4	2	2	2	True	False	False
2376	8	63	-3	E	-1	3	4	2	1	True	1.0	-4	100	100	100	100a	297	1/4	False	4	True				False	303	V(9)		Ab	I		V(9)		V			9		M	False	False	(1, 5, 2)	(3,)	1	1	major	major	I	I, major	V		I	I	False	V	V, major		V(9), major		V	-4	-4	-4	1	1	1	True	True	True
2376	2	77	-1	F	0	3	4	1	1	True	1.0	-4	100	100	100	100a	297	1/16	False	5	True				False	303	V(9)		Ab	I		V(9)		V			9		M	False	False	(1, 5, 2)	(3,)	1	1	major	major	I	I, major	V		I	I	False	V	V, major		V(9), major		V	-4	-4	-4	3	3	3	False	False	False
2378	2	74	2	D	0	3	4	1	1	True	1.25	-4	100	100	100	100a	1189/4	1/16	False	5	False				False	303	V(9)		Ab	I		V(9)		V			9		M	False	False	(1, 5, 2)	(3,)	1	1	major	major	I	I, major	V		I	I	False	V	V, major		V(9), major		V	-4	-4	-4	6	6	6	False	False	False
2380	2	77	-1	F	0	3	4	1	1	True	1.5	-4	100	100	100	100a	595/2	1/16	False	5	False				False	303	V(9)		Ab	I		V(9)		V			9		M	False	False	(1, 5, 2)	(3,)	1	1	major	major	I	I, major	V		I	I	False	V	V, major		V(9), major		V	-4	-4	-4	3	3	3	False	False	False
2382	2	75	-3	E	-1	3	4	1	1	True	1.75	-4	100	100	100	100a	1191/4	1/16	False	5	True				False	304	V		Ab	I		V		V					M	False	False	(1, 5, 2)	()	1	1	major	major	I	I, major	V		I	I	False	V	V, major		V, major		V	-4	-4	-4	1	1	1	True	True	True
2384	16	49	-5	D	-1	3	4	2	1	True	2.0	-4	100	100	100	100a	298	1/2	False	3	True				False	305	vii%43		Ab	I		vii%43		vii	%	43			%7	False	False	(-1, 3, 5, 2)	()	5	-1	major	major	I	I, major	vii		I	I	False	vii%43	vii%43, major		vii%43, major		vii	-4	-4	-4	-1	-1	-1	True	False	True
2384	16	58	-2	B	-1	3	4	2	1	True	2.0	-4	100	100	100	100a	298	1/2	False	3	True				False	305	vii%43		Ab	I		vii%43		vii	%	43			%7	False	False	(-1, 3, 5, 2)	()	5	-1	major	major	I	I, major	vii		I	I	False	vii%43	vii%43, major		vii%43, major		vii	-4	-4	-4	2	2	2	True	False	False
2384	16	67	1	G	0	3	4	1	1	True	2.0	-4	100	100	100	100a	298	1/2	False	4	True				False	305	vii%43		Ab	I		vii%43		vii	%	43			%7	False	False	(-1, 3, 5, 2)	()	5	-1	major	major	I	I, major	vii		I	I	False	vii%43	vii%43, major		vii%43, major		vii	-4	-4	-4	5	5	5	True	True	False
2384	16	77	-1	F	0	3	4	1	1	True	2.0	-4	100	100	100	100a	298	1/2	False	5	True				False	305	vii%43		Ab	I		vii%43		vii	%	43			%7	False	False	(-1, 3, 5, 2)	()	5	-1	major	major	I	I, major	vii		I	I	False	vii%43	vii%43, major		vii%43, major		vii	-4	-4	-4	3	3	3	True	False	False
2400	4	49	-5	D	-1	3	4	2	1	False	1.0	-4	101	101	101	101a	300	1/8	False	3	False				False	305	vii%43		Ab	I		vii%43		vii	%	43			%7	False	False	(-1, 3, 5, 2)	()	5	-1	major	major	I	I, major	vii		I	I	False	vii%43	vii%43, major		vii%43, major		vii	-4	-4	-4	-1	-1	-1	True	False	True
2400	4	58	-2	B	-1	3	4	2	1	False	1.0	-4	101	101	101	101a	300	1/8	False	3	False				False	305	vii%43		Ab	I		vii%43		vii	%	43			%7	False	False	(-1, 3, 5, 2)	()	5	-1	major	major	I	I, major	vii		I	I	False	vii%43	vii%43, major		vii%43, major		vii	-4	-4	-4	2	2	2	True	False	False
2400	4	67	1	G	0	3	4	1	1	False	1.0	-4	101	101	101	101a	300	1/8	False	4	False				False	305	vii%43		Ab	I		vii%43		vii	%	43			%7	False	False	(-1, 3, 5, 2)	()	5	-1	major	major	I	I, major	vii		I	I	False	vii%43	vii%43, major		vii%43, major		vii	-4	-4	-4	5	5	5	True	True	False
2400	4	77	-1	F	0	3	4	1	1	False	1.0	-4	101	101	101	101a	300	1/8	False	5	False				False	305	vii%43		Ab	I		vii%43		vii	%	43			%7	False	False	(-1, 3, 5, 2)	()	5	-1	major	major	I	I, major	vii		I	I	False	vii%43	vii%43, major		vii%43, major		vii	-4	-4	-4	3	3	3	True	False	False
2404	4	48	0	C	0	3	4	2	1	True	1.5	-4	101	101	101	101a	601/2	1/8	False	3	True				False	306	I6		Ab	I		I6		I		6			M	False	False	(4, 1, 0)	()	0	4	major	major	I	I, major	I		I	I	False	I6	I6, major		I6, major		I	-4	-4	-4	4	4	4	True	False	True
2404	4	60	0	C	0	3	4	2	1	True	1.5	-4	101	101	101	101a	601/2	1/8	False	4	True				False	306	I6		Ab	I		I6		I		6			M	False	False	(4, 1, 0)	()	0	4	major	major	I	I, major	I		I	I	False	I6	I6, major		I6, major		I	-4	-4	-4	4	4	4	True	False	True
2404	4	68	-4	A	-1	3	4	1	1	True	1.5	-4	101	101	101	101a	601/2	1/8	False	4	True				False	306	I6		Ab	I		I6		I		6			M	False	False	(4, 1, 0)	()	0	4	major	major	I	I, major	I		I	I	False	I6	I6, major		I6, major		I	-4	-4	-4	0	0	0	True	True	False
2404	4	75	-3	E	-1	3	4	1	1	True	1.5	-4	101	101	101	101a	601/2	1/8	False	5	True				False	306	I6		Ab	I		I6		I		6			M	False	False	(4, 1, 0)	()	0	4	major	major	I	I, major	I		I	I	False	I6	I6, major		I6, major		I	-4	-4	-4	1	1	1	True	False	False
2408	16	48	0	C	0	3	4	2	1	True	2.0	-4	101	101	101	101a	301	1/2	False	3	False				False	306	I6		Ab	I		I6		I		6			M	False	False	(4, 1, 0)	()	0	4	major	major	I	I, major	I		I	I	False	I6	I6, major		I6, major		I	-4	-4	-4	4	4	4	True	False	True
2408	16	60	0	C	0	3	4	2	1	True	2.0	-4	101	101	101	101a	301	1/2	False	4	False				False	306	I6		Ab	I		I6		I		6			M	False	False	(4, 1, 0)	()	0	4	major	major	I	I, major	I		I	I	False	I6	I6, major		I6, major		I	-4	-4	-4	4	4	4	True	False	True
2408	16	68	-4	A	-1	3	4	1	1	True	2.0	-4	101	101	101	101a	301	1/2	False	4	False				False	306	I6		Ab	I		I6		I		6			M	False	False	(4, 1, 0)	()	0	4	major	major	I	I, major	I		I	I	False	I6	I6, major		I6, major		I	-4	-4	-4	0	0	0	True	True	False
2408	16	75	-3	E	-1	3	4	1	1	True	2.0	-4	101	101	101	101a	301	1/2	False	5	False				False	306	I6		Ab	I		I6		I		6			M	False	False	(4, 1, 0)	()	0	4	major	major	I	I, major	I		I	I	False	I6	I6, major		I6, major		I	-4	-4	-4	1	1	1	True	False	False
2424	4	48	0	C	0	3	4	2	1	False	1.0	-4	102	102	102	102a	303	1/8	False	3	False				False	306	I6		Ab	I		I6		I		6			M	False	False	(4, 1, 0)	()	0	4	major	major	I	I, major	I		I	I	False	I6	I6, major		I6, major		I	-4	-4	-4	4	4	4	True	False	True
2424	4	60	0	C	0	3	4	2	1	False	1.0	-4	102	102	102	102a	303	1/8	False	4	False				False	306	I6		Ab	I		I6		I		6			M	False	False	(4, 1, 0)	()	0	4	major	major	I	I, major	I		I	I	False	I6	I6, major		I6, major		I	-4	-4	-4	4	4	4	True	False	True
2424	4	68	-4	A	-1	3	4	1	1	False	1.0	-4	102	102	102	102a	303	1/8	False	4	False				False	306	I6		Ab	I		I6		I		6			M	False	False	(4, 1, 0)	()	0	4	major	major	I	I, major	I		I	I	False	I6	I6, major		I6, major		I	-4	-4	-4	0	0	0	True	True	False
2424	4	75	-3	E	-1	3	4	1	1	False	1.0	-4	102	102	102	102a	303	1/8	False	5	False				False	306	I6		Ab	I		I6		I		6			M	False	False	(4, 1, 0)	()	0	4	major	major	I	I, major	I		I	I	False	I6	I6, major		I6, major		I	-4	-4	-4	1	1	1	True	False	False
2428	4	52	4	E	0	3	4	2	1	True	1.5	-4	102	102	102	102a	607/2	1/8	False	3	True				False	307	#viio7/vi		Ab	I		#viio7/vi		#vii	o	7		vi	o7	False	False	(8, 5, 2, -1)	()	8	8	major	major	I	I, major	#vii/vi	vi	vi/I	vi	True	#viio7/vi	#viio7/vi, major		#viio7/vi, major	vi	vi	-4	-4	-1	8	8	5	True	True	True
2428	4	55	1	G	0	3	4	2	1	True	1.5	-4	102	102	102	102a	607/2	1/8	False	3	True				False	307	#viio7/vi		Ab	I		#viio7/vi		#vii	o	7		vi	o7	False	False	(8, 5, 2, -1)	()	8	8	major	major	I	I, major	#vii/vi	vi	vi/I	vi	True	#viio7/vi	#viio7/vi, major		#viio7/vi, major	vi	vi	-4	-4	-1	5	5	2	True	False	False
2428	4	70	-2	B	-1	3	4	1	1	True	1.5	-4	102	102	102	102a	607/2	1/8	False	4	True				False	307	#viio7/vi		Ab	I		#viio7/vi		#vii	o	7		vi	o7	False	False	(8, 5, 2, -1)	()	8	8	major	major	I	I, major	#vii/vi	vi	vi/I	vi	True	#viio7/vi	#viio7/vi, major		#viio7/vi, major	vi	vi	-4	-4	-1	2	2	-1	True	False	False
2428	4	73	-5	D	-1	3	4	1	1	True	1.5	-4	102	102	102	102a	607/2	1/8	False	5	True				False	307	#viio7/vi		Ab	I		#viio7/vi		#vii	o	7		vi	o7	False	False	(8, 5, 2, -1)	()	8	8	major	major	I	I, major	#vii/vi	vi	vi/I	vi	True	#viio7/vi	#viio7/vi, major		#viio7/vi, major	vi	vi	-4	-4	-1	-1	-1	-4	True	False	False
2432	16	52	4	E	0	3	4	2	1	True	2.0	-4	102	102	102	102a	304	1/2	False	3	False				False	307	#viio7/vi		Ab	I		#viio7/vi		#vii	o	7		vi	o7	False	False	(8, 5, 2, -1)	()	8	8	major	major	I	I, major	#vii/vi	vi	vi/I	vi	True	#viio7/vi	#viio7/vi, major		#viio7/vi, major	vi	vi	-4	-4	-1	8	8	5	True	True	True
2432	16	55	1	G	0	3	4	2	1	True	2.0	-4	102	102	102	102a	304	1/2	False	3	False				False	307	#viio7/vi		Ab	I		#viio7/vi		#vii	o	7		vi	o7	False	False	(8, 5, 2, -1)	()	8	8	major	major	I	I, major	#vii/vi	vi	vi/I	vi	True	#viio7/vi	#viio7/vi, major		#viio7/vi, major	vi	vi	-4	-4	-1	5	5	2	True	False	False
2432	16	70	-2	B	-1	3	4	1	1	True	2.0	-4	102	102	102	102a	304	1/2	False	4	False				False	307	#viio7/vi		Ab	I		#viio7/vi		#vii	o	7		vi	o7	False	False	(8, 5, 2, -1)	()	8	8	major	major	I	I, major	#vii/vi	vi	vi/I	vi	True	#viio7/vi	#viio7/vi, major		#viio7/vi, major	vi	vi	-4	-4	-1	2	2	-1	True	False	False
2432	16	73	-5	D	-1	3	4	1	1	True	2.0	-4	102	102	102	102a	304	1/2	False	5	False				False	307	#viio7/vi		Ab	I		#viio7/vi		#vii	o	7		vi	o7	False	False	(8, 5, 2, -1)	()	8	8	major	major	I	I, major	#vii/vi	vi	vi/I	vi	True	#viio7/vi	#viio7/vi, major		#viio7/vi, major	vi	vi	-4	-4	-1	-1	-1	-4	True	False	False
2448	4	52	4	E	0	3	4	2	1	False	1.0	-4	103	103	103	103a	306	1/8	False	3	False				False	307	#viio7/vi		Ab	I		#viio7/vi		#vii	o	7		vi	o7	False	False	(8, 5, 2, -1)	()	8	8	major	major	I	I, major	#vii/vi	vi	vi/I	vi	True	#viio7/vi	#viio7/vi, major		#viio7/vi, major	vi	vi	-4	-4	-1	8	8	5	True	True	True
2448	4	55	1	G	0	3	4	2	1	False	1.0	-4	103	103	103	103a	306	1/8	False	3	False				False	307	#viio7/vi		Ab	I		#viio7/vi		#vii	o	7		vi	o7	False	False	(8, 5, 2, -1)	()	8	8	major	major	I	I, major	#vii/vi	vi	vi/I	vi	True	#viio7/vi	#viio7/vi, major		#viio7/vi, major	vi	vi	-4	-4	-1	5	5	2	True	False	False
2448	4	70	-2	B	-1	3	4	1	1	False	1.0	-4	103	103	103	103a	306	1/8	False	4	False				False	307	#viio7/vi		Ab	I		#viio7/vi		#vii	o	7		vi	o7	False	False	(8, 5, 2, -1)	()	8	8	major	major	I	I, major	#vii/vi	vi	vi/I	vi	True	#viio7/vi	#viio7/vi, major		#viio7/vi, major	vi	vi	-4	-4	-1	2	2	-1	True	False	False
2448	4	73	-5	D	-1	3	4	1	1	False	1.0	-4	103	103	103	103a	306	1/8	False	5	False				False	307	#viio7/vi		Ab	I		#viio7/vi		#vii	o	7		vi	o7	False	False	(8, 5, 2, -1)	()	8	8	major	major	I	I, major	#vii/vi	vi	vi/I	vi	True	#viio7/vi	#viio7/vi, major		#viio7/vi, major	vi	vi	-4	-4	-1	-1	-1	-4	True	False	False
2452	4	53	-1	F	0	3	4	2	1	True	1.5	-4	103	103	103	103a	613/2	1/8	False	3	True				False	308	vi		Ab	I		vi		vi					m	False	False	(3, 0, 4)	()	3	3	major	major	I	I, major	vi		I	I	False	vi	vi, major		vi, major		vi	-4	-4	-4	3	3	3	True	True	True
2452	4	56	-4	A	-1	3	4	2	1	True	1.5	-4	103	103	103	103a	613/2	1/8	False	3	True				False	308	vi		Ab	I		vi		vi					m	False	False	(3, 0, 4)	()	3	3	major	major	I	I, major	vi		I	I	False	vi	vi, major		vi, major		vi	-4	-4	-4	0	0	0	True	False	False
2452	4	68	-4	A	-1	3	4	1	1	True	1.5	-4	103	103	103	103a	613/2	1/8	False	4	True				False	308	vi		Ab	I		vi		vi					m	False	False	(3, 0, 4)	()	3	3	major	major	I	I, major	vi		I	I	False	vi	vi, major		vi, major		vi	-4	-4	-4	0	0	0	True	False	False
2452	4	72	0	C	0	3	4	1	1	True	1.5	-4	103	103	103	103a	613/2	1/8	False	5	True				False	308	vi		Ab	I		vi		vi					m	False	False	(3, 0, 4)	()	3	3	major	major	I	I, major	vi		I	I	False	vi	vi, major		vi, major		vi	-4	-4	-4	4	4	4	True	False	False
2456	16	53	-1	F	0	3	4	2	1	True	2.0	-4	103	103	103	103a	307	1/2	False	3	False				False	308	vi		Ab	I		vi		vi					m	False	False	(3, 0, 4)	()	3	3	major	major	I	I, major	vi		I	I	False	vi	vi, major		vi, major		vi	-4	-4	-4	3	3	3	True	True	True
2456	16	56	-4	A	-1	3	4	2	1	True	2.0	-4	103	103	103	103a	307	1/2	False	3	False				False	308	vi		Ab	I		vi		vi					m	False	False	(3, 0, 4)	()	3	3	major	major	I	I, major	vi		I	I	False	vi	vi, major		vi, major		vi	-4	-4	-4	0	0	0	True	False	False
2456	16	68	-4	A	-1	3	4	1	1	True	2.0	-4	103	103	103	103a	307	1/2	False	4	False				False	308	vi		Ab	I		vi		vi					m	False	False	(3, 0, 4)	()	3	3	major	major	I	I, major	vi		I	I	False	vi	vi, major		vi, major		vi	-4	-4	-4	0	0	0	True	False	False
2456	16	72	0	C	0	3	4	1	1	True	2.0	-4	103	103	103	103a	307	1/2	False	5	False				False	308	vi		Ab	I		vi		vi					m	False	False	(3, 0, 4)	()	3	3	major	major	I	I, major	vi		I	I	False	vi	vi, major		vi, major		vi	-4	-4	-4	4	4	4	True	False	False
2472	4	53	-1	F	0	3	4	2	1	False	1.0	-4	104	104	104	104a	309	1/8	False	3	False				False	308	vi		Ab	I		vi		vi					m	False	False	(3, 0, 4)	()	3	3	major	major	I	I, major	vi		I	I	False	vi	vi, major		vi, major		vi	-4	-4	-4	3	3	3	True	True	True
2472	4	56	-4	A	-1	3	4	2	1	False	1.0	-4	104	104	104	104a	309	1/8	False	3	False				False	308	vi		Ab	I		vi		vi					m	False	False	(3, 0, 4)	()	3	3	major	major	I	I, major	vi		I	I	False	vi	vi, major		vi, major		vi	-4	-4	-4	0	0	0	True	False	False
2472	4	68	-4	A	-1	3	4	1	1	False	1.0	-4	104	104	104	104a	309	1/8	False	4	False				False	308	vi		Ab	I		vi		vi					m	False	False	(3, 0, 4)	()	3	3	major	major	I	I, major	vi		I	I	False	vi	vi, major		vi, major		vi	-4	-4	-4	0	0	0	True	False	False
2472	4	72	0	C	0	3	4	1	1	False	1.0	-4	104	104	104	104a	309	1/8	False	5	False				False	308	vi		Ab	I		vi		vi					m	False	False	(3, 0, 4)	()	3	3	major	major	I	I, major	vi		I	I	False	vi	vi, major		vi, major		vi	-4	-4	-4	4	4	4	True	False	False
2476	4	51	-3	E	-1	3	4	2	1	True	1.5	-4	104	104	104	104a	619/2	1/8	False	3	True				False	309	V		Ab	I		V		V					M	False	False	(1, 5, 2)	()	1	1	major	major	I	I, major	V		I	I	False	V	V, major		V, major		V	-4	-4	-4	1	1	1	True	True	True
2476	4	58	-2	B	-1	3	4	2	1	True	1.5	-4	104	104	104	104a	619/2	1/8	False	3	True				False	309	V		Ab	I		V		V					M	False	False	(1, 5, 2)	()	1	1	major	major	I	I, major	V		I	I	False	V	V, major		V, major		V	-4	-4	-4	2	2	2	True	False	False
2476	4	67	1	G	0	3	4	1	1	True	1.5	-4	104	104	104	104a	619/2	1/8	False	4	True				False	309	V		Ab	I		V		V					M	False	False	(1, 5, 2)	()	1	1	major	major	I	I, major	V		I	I	False	V	V, major		V, major		V	-4	-4	-4	5	5	5	True	False	False
2476	4	75	-3	E	-1	3	4	1	1	True	1.5	-4	104	104	104	104a	619/2	1/8	False	5	True				False	309	V		Ab	I		V		V					M	False	False	(1, 5, 2)	()	1	1	major	major	I	I, major	V		I	I	False	V	V, major		V, major		V	-4	-4	-4	1	1	1	True	True	True
2480	16	51	-3	E	-1	3	4	2	1	True	2.0	-4	104	104	104	104a	310	1/2	False	3	False				False	309	V		Ab	I		V		V					M	False	False	(1, 5, 2)	()	1	1	major	major	I	I, major	V		I	I	False	V	V, major		V, major		V	-4	-4	-4	1	1	1	True	True	True
2480	16	58	-2	B	-1	3	4	2	1	True	2.0	-4	104	104	104	104a	310	1/2	False	3	False				False	309	V		Ab	I		V		V					M	False	False	(1, 5, 2)	()	1	1	major	major	I	I, major	V		I	I	False	V	V, major		V, major		V	-4	-4	-4	2	2	2	True	False	False
2480	16	67	1	G	0	3	4	1	1	True	2.0	-4	104	104	104	104a	310	1/2	False	4	False				False	309	V		Ab	I		V		V					M	False	False	(1, 5, 2)	()	1	1	major	major	I	I, major	V		I	I	False	V	V, major		V, major		V	-4	-4	-4	5	5	5	True	False	False
2480	16	75	-3	E	-1	3	4	1	1	True	2.0	-4	104	104	104	104a	310	1/2	False	5	False				False	309	V		Ab	I		V		V					M	False	False	(1, 5, 2)	()	1	1	major	major	I	I, major	V		I	I	False	V	V, major		V, major		V	-4	-4	-4	1	1	1	True	True	True
2496	4	56	-4	A	-1	3	4	2	1	True	1.0	-4	105	105	105	105a	312	1/8	False	3	True	PAC	PAC	}{	True	310	I|PAC}{		Ab	I		I		I					M	False	False	(0, 4, 1)	()	0	0	major	major	I	I, major	I		I	I	False	I	I, major		I, major		I	-4	-4	-4	0	0	0	True	True	True
2496	4	60	0	C	0	3	4	2	1	True	1.0	-4	105	105	105	105a	312	1/8	False	4	True	PAC	PAC	}{	True	310	I|PAC}{		Ab	I		I		I					M	False	False	(0, 4, 1)	()	0	0	major	major	I	I, major	I		I	I	False	I	I, major		I, major		I	-4	-4	-4	4	4	4	True	False	False
2496	1	68	-4	A	-1	3	4	1	1	True	1.0	-4	105	105	105	105a	312	1/32	False	4	True	PAC	PAC	}{	True	310	I|PAC}{		Ab	I		I		I					M	False	False	(0, 4, 1)	()	0	0	major	major	I	I, major	I		I	I	False	I	I, major		I, major		I	-4	-4	-4	0	0	0	True	True	True
2497	1	75	-3	E	-1	3	4	1	1	True	1.125	-4	105	105	105	105a	2497/8	1/32	False	5	False				False	310	I|PAC}{		Ab	I		I		I					M	False	False	(0, 4, 1)	()	0	0	major	major	I	I, major	I		I	I	False	I	I, major		I, major		I	-4	-4	-4	1	1	1	True	False	False
2498	1	72	0	C	0	3	4	1	1	True	1.25	-4	105	105	105	105a	1249/4	1/32	False	5	False				False	310	I|PAC}{		Ab	I		I		I					M	False	False	(0, 4, 1)	()	0	0	major	major	I	I, major	I		I	I	False	I	I, major		I, major		I	-4	-4	-4	4	4	4	True	False	False
2499	1	75	-3	E	-1	3	4	1	1	True	1.375	-4	105	105	105	105a	2499/8	1/32	False	5	False				False	310	I|PAC}{		Ab	I		I		I					M	False	False	(0, 4, 1)	()	0	0	major	major	I	I, major	I		I	I	False	I	I, major		I, major		I	-4	-4	-4	1	1	1	True	False	False
2500	1	80	-4	A	-1	3	4	1	1	True	1.5	-4	105	105	105	105a	625/2	1/32	False	5	False				False	310	I|PAC}{		Ab	I		I		I					M	False	False	(0, 4, 1)	()	0	0	major	major	I	I, major	I		I	I	False	I	I, major		I, major		I	-4	-4	-4	0	0	0	True	True	True
2501	1	75	-3	E	-1	3	4	1	1	True	1.625	-4	105	105	105	105a	2501/8	1/32	False	5	False				False	310	I|PAC}{		Ab	I		I		I					M	False	False	(0, 4, 1)	()	0	0	major	major	I	I, major	I		I	I	False	I	I, major		I, major		I	-4	-4	-4	1	1	1	True	False	False
2502	1	72	0	C	0	3	4	1	1	True	1.75	-4	105	105	105	105a	1251/4	1/32	False	5	False				False	310	I|PAC}{		Ab	I		I		I					M	False	False	(0, 4, 1)	()	0	0	major	major	I	I, major	I		I	I	False	I	I, major		I, major		I	-4	-4	-4	4	4	4	True	False	False
2503	1	75	-3	E	-1	3	4	1	1	True	1.875	-4	105	105	105	105a	2503/8	1/32	False	5	False				False	310	I|PAC}{		Ab	I		I		I					M	False	False	(0, 4, 1)	()	0	0	major	major	I	I, major	I		I	I	False	I	I, major		I, major		I	-4	-4	-4	1	1	1	True	False	False
2504	1	68	-4	A	-1	3	4	1	1	True	2.0	-4	105	105	105	105a	313	1/32	False	4	False				False	310	I|PAC}{		Ab	I		I		I					M	False	False	(0, 4, 1)	()	0	0	major	major	I	I, major	I		I	I	False	I	I, major		I, major		I	-4	-4	-4	0	0	0	True	True	True
2505	1	63	-3	E	-1	3	4	1	1	True	2.125	-4	105	105	105	105a	2505/8	1/32	False	4	False				False	310	I|PAC}{		Ab	I		I		I					M	False	False	(0, 4, 1)	()	0	0	major	major	I	I, major	I		I	I	False	I	I, major		I, major		I	-4	-4	-4	1	1	1	True	False	False
2506	1	60	0	C	0	3	4	1	1	True	2.25	-4	105	105	105	105a	1253/4	1/32	False	4	False				False	310	I|PAC}{		Ab	I		I		I					M	False	False	(0, 4, 1)	()	0	0	major	major	I	I, major	I		I	I	False	I	I, major		I, major		I	-4	-4	-4	4	4	4	True	False	False
2507	1	63	-3	E	-1	3	4	1	1	True	2.375	-4	105	105	105	105a	2507/8	1/32	False	4	False				False	310	I|PAC}{		Ab	I		I		I					M	False	False	(0, 4, 1)	()	0	0	major	major	I	I, major	I		I	I	False	I	I, major		I, major		I	-4	-4	-4	1	1	1	True	False	False
2508	1	56	-4	A	-1	3	4	1	1	True	2.5	-4	105	105	105	105a	627/2	1/32	False	3	False				False	310	I|PAC}{		Ab	I		I		I					M	False	False	(0, 4, 1)	()	0	0	major	major	I	I, major	I		I	I	False	I	I, major		I, major		I	-4	-4	-4	0	0	0	True	True	True
2509	1	51	-3	E	-1	3	4	1	1	True	2.625	-4	105	105	105	105a	2509/8	1/32	False	3	False				False	310	I|PAC}{		Ab	I		I		I					M	False	False	(0, 4, 1)	()	0	0	major	major	I	I, major	I		I	I	False	I	I, major		I, major		I	-4	-4	-4	1	1	1	True	False	False
2510	1	48	0	C	0	3	4	1	1	True	2.75	-4	105	105	105	105a	1255/4	1/32	False	3	False				False	310	I|PAC}{		Ab	I		I		I					M	False	False	(0, 4, 1)	()	0	0	major	major	I	I, major	I		I	I	False	I	I, major		I, major		I	-4	-4	-4	4	4	4	True	False	False
2511	1	51	-3	E	-1	3	4	1	1	True	2.875	-4	105	105	105	105a	2511/8	1/32	False	3	False				False	310	I|PAC}{		Ab	I		I		I					M	False	False	(0, 4, 1)	()	0	0	major	major	I	I, major	I		I	I	False	I	I, major		I, major		I	-4	-4	-4	1	1	1	True	False	False
2512	1	44	-4	A	-1	3	4	1	1	True	3.0	-4	105	105	105	105a	314	1/32	False	2	False				False	310	I|PAC}{		Ab	I		I		I					M	False	False	(0, 4, 1)	()	0	0	major	major	I	I, major	I		I	I	False	I	I, major		I, major		I	-4	-4	-4	0	0	0	True	True	True
2513	1	39	-3	E	-1	3	4	1	1	True	3.125	-4	105	105	105	105a	2513/8	1/32	False	2	False				False	310	I|PAC}{		Ab	I		I		I					M	False	False	(0, 4, 1)	()	0	0	major	major	I	I, major	I		I	I	False	I	I, major		I, major		I	-4	-4	-4	1	1	1	True	False	False
2514	1	36	0	C	0	3	4	1	1	True	3.25	-4	105	105	105	105a	1257/4	1/32	False	2	False				False	310	I|PAC}{		Ab	I		I		I					M	False	False	(0, 4, 1)	()	0	0	major	major	I	I, major	I		I	I	False	I	I, major		I, major		I	-4	-4	-4	4	4	4	True	False	False
2515	1	39	-3	E	-1	3	4	1	1	True	3.375	-4	105	105	105	105a	2515/8	1/32	False	2	False				False	310	I|PAC}{		Ab	I		I		I					M	False	False	(0, 4, 1)	()	0	0	major	major	I	I, major	I		I	I	False	I	I, major		I, major		I	-4	-4	-4	1	1	1	True	False	False
2516	1	32	-4	A	-1	3	4	2	1	True	3.5	-4	105	105	105	105a	629/2	1/32	False	1	False				False	310	I|PAC}{		Ab	I		I		I					M	False	False	(0, 4, 1)	()	0	0	major	major	I	I, major	I		I	I	False	I	I, major		I, major		I	-4	-4	-4	0	0	0	True	True	True
2517	1	36	0	C	0	3	4	2	1	True	3.625	-4	105	105	105	105a	2517/8	1/32	False	2	False				False	310	I|PAC}{		Ab	I		I		I					M	False	False	(0, 4, 1)	()	0	0	major	major	I	I, major	I		I	I	False	I	I, major		I, major		I	-4	-4	-4	4	4	4	True	False	False
2518	1	39	-3	E	-1	3	4	2	1	True	3.75	-4	105	105	105	105a	1259/4	1/32	False	2	False				False	310	I|PAC}{		Ab	I		I		I					M	False	False	(0, 4, 1)	()	0	0	major	major	I	I, major	I		I	I	False	I	I, major		I, major		I	-4	-4	-4	1	1	1	True	False	False
2519	1	44	-4	A	-1	3	4	2	1	True	3.875	-4	105	105	105	105a	2519/8	1/32	False	2	False				False	310	I|PAC}{		Ab	I		I		I					M	False	False	(0, 4, 1)	()	0	0	major	major	I	I, major	I		I	I	False	I	I, major		I, major		I	-4	-4	-4	0	0	0	True	True	True
2520	4	34	-2	B	-1	3	4	2	1	True	1.0	-4	106	106	106	106a	315	1/8	False	1	True				False	311	V43		Ab	I		V43		V		43			Mm7	False	False	(2, -1, 1, 5)	()	1	2	major	major	I	I, major	V		I	I	False	V43	V43, major		V43, major		V	-4	-4	-4	2	2	2	True	False	True
2520	4	39	-3	E	-1	3	4	2	1	True	1.0	-4	106	106	106	106a	315	1/8	False	2	True				False	311	V43		Ab	I		V43		V		43			Mm7	False	False	(2, -1, 1, 5)	()	1	2	major	major	I	I, major	V		I	I	False	V43	V43, major		V43, major		V	-4	-4	-4	1	1	1	True	True	False
2520	1	43	1	G	0	3	4	1	1	True	1.0	-4	106	106	106	106a	315	1/32	False	2	True				False	311	V43		Ab	I		V43		V		43			Mm7	False	False	(2, -1, 1, 5)	()	1	2	major	major	I	I, major	V		I	I	False	V43	V43, major		V43, major		V	-4	-4	-4	5	5	5	True	False	False
2520	4	46	-2	B	-1	3	4	2	1	True	1.0	-4	106	106	106	106a	315	1/8	False	2	True				False	311	V43		Ab	I		V43		V		43			Mm7	False	False	(2, -1, 1, 5)	()	1	2	major	major	I	I, major	V		I	I	False	V43	V43, major		V43, major		V	-4	-4	-4	2	2	2	True	False	True
2521	1	51	-3	E	-1	3	4	1	1	True	1.125	-4	106	106	106	106a	2521/8	1/32	False	3	False				False	311	V43		Ab	I		V43		V		43			Mm7	False	False	(2, -1, 1, 5)	()	1	2	major	major	I	I, major	V		I	I	False	V43	V43, major		V43, major		V	-4	-4	-4	1	1	1	True	True	False
2522	1	49	-5	D	-1	3	4	1	1	True	1.25	-4	106	106	106	106a	1261/4	1/32	False	3	False				False	311	V43		Ab	I		V43		V		43			Mm7	False	False	(2, -1, 1, 5)	()	1	2	major	major	I	I, major	V		I	I	False	V43	V43, major		V43, major		V	-4	-4	-4	-1	-1	-1	True	False	False
2523	1	51	-3	E	-1	3	4	1	1	True	1.375	-4	106	106	106	106a	2523/8	1/32	False	3	False				False	311	V43		Ab	I		V43		V		43			Mm7	False	False	(2, -1, 1, 5)	()	1	2	major	major	I	I, major	V		I	I	False	V43	V43, major		V43, major		V	-4	-4	-4	1	1	1	True	True	False
2524	1	55	1	G	0	3	4	1	1	True	1.5	-4	106	106	106	106a	631/2	1/32	False	3	False				False	311	V43		Ab	I		V43		V		43			Mm7	False	False	(2, -1, 1, 5)	()	1	2	major	major	I	I, major	V		I	I	False	V43	V43, major		V43, major		V	-4	-4	-4	5	5	5	True	False	False
2525	1	51	-3	E	-1	3	4	1	1	True	1.625	-4	106	106	106	106a	2525/8	1/32	False	3	False				False	311	V43		Ab	I		V43		V		43			Mm7	False	False	(2, -1, 1, 5)	()	1	2	major	major	I	I, major	V		I	I	False	V43	V43, major		V43, major		V	-4	-4	-4	1	1	1	True	True	False
2526	1	49	-5	D	-1	3	4	1	1	True	1.75	-4	106	106	106	106a	1263/4	1/32	False	3	False				False	311	V43		Ab	I		V43		V		43			Mm7	False	False	(2, -1, 1, 5)	()	1	2	major	major	I	I, major	V		I	I	False	V43	V43, major		V43, major		V	-4	-4	-4	-1	-1	-1	True	False	False
2527	1	51	-3	E	-1	3	4	1	1	True	1.875	-4	106	106	106	106a	2527/8	1/32	False	3	False				False	311	V43		Ab	I		V43		V		43			Mm7	False	False	(2, -1, 1, 5)	()	1	2	major	major	I	I, major	V		I	I	False	V43	V43, major		V43, major		V	-4	-4	-4	1	1	1	True	True	False
2528	4	34	-2	B	-1	3	4	2	1	True	2.0	-4	106	106	106	106a	316	1/8	False	1	False				False	311	V43		Ab	I		V43		V		43			Mm7	False	False	(2, -1, 1, 5)	()	1	2	major	major	I	I, major	V		I	I	False	V43	V43, major		V43, major		V	-4	-4	-4	2	2	2	True	False	True
2528	4	39	-3	E	-1	3	4	2	1	True	2.0	-4	106	106	106	106a	316	1/8	False	2	False				False	311	V43		Ab	I		V43		V		43			Mm7	False	False	(2, -1, 1, 5)	()	1	2	major	major	I	I, major	V		I	I	False	V43	V43, major		V43, major		V	-4	-4	-4	1	1	1	True	True	False
2528	4	46	-2	B	-1	3	4	2	1	True	2.0	-4	106	106	106	106a	316	1/8	False	2	False				False	311	V43		Ab	I		V43		V		43			Mm7	False	False	(2, -1, 1, 5)	()	1	2	major	major	I	I, major	V		I	I	False	V43	V43, major		V43, major		V	-4	-4	-4	2	2	2	True	False	True
2528	1	55	1	G	0	3	4	1	1	True	2.0	-4	106	106	106	106a	316	1/32	False	3	False				False	311	V43		Ab	I		V43		V		43			Mm7	False	False	(2, -1, 1, 5)	()	1	2	major	major	I	I, major	V		I	I	False	V43	V43, major		V43, major		V	-4	-4	-4	5	5	5	True	False	False
2529	1	63	-3	E	-1	3	4	1	1	True	2.125	-4	106	106	106	106a	2529/8	1/32	False	4	False				False	311	V43		Ab	I		V43		V		43			Mm7	False	False	(2, -1, 1, 5)	()	1	2	major	major	I	I, major	V		I	I	False	V43	V43, major		V43, major		V	-4	-4	-4	1	1	1	True	True	False
2530	1	61	-5	D	-1	3	4	1	1	True	2.25	-4	106	106	106	106a	1265/4	1/32	False	4	False				False	311	V43		Ab	I		V43		V		43			Mm7	False	False	(2, -1, 1, 5)	()	1	2	major	major	I	I, major	V		I	I	False	V43	V43, major		V43, major		V	-4	-4	-4	-1	-1	-1	True	False	False
2531	1	63	-3	E	-1	3	4	1	1	True	2.375	-4	106	106	106	106a	2531/8	1/32	False	4	False				False	311	V43		Ab	I		V43		V		43			Mm7	False	False	(2, -1, 1, 5)	()	1	2	major	major	I	I, major	V		I	I	False	V43	V43, major		V43, major		V	-4	-4	-4	1	1	1	True	True	False
2532	1	67	1	G	0	3	4	1	1	True	2.5	-4	106	106	106	106a	633/2	1/32	False	4	False				False	311	V43		Ab	I		V43		V		43			Mm7	False	False	(2, -1, 1, 5)	()	1	2	major	major	I	I, major	V		I	I	False	V43	V43, major		V43, major		V	-4	-4	-4	5	5	5	True	False	False
2533	1	63	-3	E	-1	3	4	1	1	True	2.625	-4	106	106	106	106a	2533/8	1/32	False	4	False				False	311	V43		Ab	I		V43		V		43			Mm7	False	False	(2, -1, 1, 5)	()	1	2	major	major	I	I, major	V		I	I	False	V43	V43, major		V43, major		V	-4	-4	-4	1	1	1	True	True	False
2534	1	61	-5	D	-1	3	4	1	1	True	2.75	-4	106	106	106	106a	1267/4	1/32	False	4	False				False	311	V43		Ab	I		V43		V		43			Mm7	False	False	(2, -1, 1, 5)	()	1	2	major	major	I	I, major	V		I	I	False	V43	V43, major		V43, major		V	-4	-4	-4	-1	-1	-1	True	False	False
2535	1	63	-3	E	-1	3	4	1	1	True	2.875	-4	106	106	106	106a	2535/8	1/32	False	4	False				False	311	V43		Ab	I		V43		V		43			Mm7	False	False	(2, -1, 1, 5)	()	1	2	major	major	I	I, major	V		I	I	False	V43	V43, major		V43, major		V	-4	-4	-4	1	1	1	True	True	False
2536	4	34	-2	B	-1	3	4	2	1	True	3.0	-4	106	106	106	106a	317	1/8	False	1	False				False	311	V43		Ab	I		V43		V		43			Mm7	False	False	(2, -1, 1, 5)	()	1	2	major	major	I	I, major	V		I	I	False	V43	V43, major		V43, major		V	-4	-4	-4	2	2	2	True	False	True
2536	4	39	-3	E	-1	3	4	2	1	True	3.0	-4	106	106	106	106a	317	1/8	False	2	False				False	311	V43		Ab	I		V43		V		43			Mm7	False	False	(2, -1, 1, 5)	()	1	2	major	major	I	I, major	V		I	I	False	V43	V43, major		V43, major		V	-4	-4	-4	1	1	1	True	True	False
2536	4	46	-2	B	-1	3	4	2	1	True	3.0	-4	106	106	106	106a	317	1/8	False	2	False				False	311	V43		Ab	I		V43		V		43			Mm7	False	False	(2, -1, 1, 5)	()	1	2	major	major	I	I, major	V		I	I	False	V43	V43, major		V43, major		V	-4	-4	-4	2	2	2	True	False	True
2536	1	67	1	G	0	3	4	1	1	True	3.0	-4	106	106	106	106a	317	1/32	False	4	False				False	311	V43		Ab	I		V43		V		43			Mm7	False	False	(2, -1, 1, 5)	()	1	2	major	major	I	I, major	V		I	I	False	V43	V43, major		V43, major		V	-4	-4	-4	5	5	5	True	False	False
2537	1	75	-3	E	-1	3	4	1	1	True	3.125	-4	106	106	106	106a	2537/8	1/32	False	5	False				False	311	V43		Ab	I		V43		V		43			Mm7	False	False	(2, -1, 1, 5)	()	1	2	major	major	I	I, major	V		I	I	False	V43	V43, major		V43, major		V	-4	-4	-4	1	1	1	True	True	False
2538	1	73	-5	D	-1	3	4	1	1	True	3.25	-4	106	106	106	106a	1269/4	1/32	False	5	False				False	311	V43		Ab	I		V43		V		43			Mm7	False	False	(2, -1, 1, 5)	()	1	2	major	major	I	I, major	V		I	I	False	V43	V43, major		V43, major		V	-4	-4	-4	-1	-1	-1	True	False	False
2539	1	75	-3	E	-1	3	4	1	1	True	3.375	-4	106	106	106	106a	2539/8	1/32	False	5	False				False	311	V43		Ab	I		V43		V		43			Mm7	False	False	(2, -1, 1, 5)	()	1	2	major	major	I	I, major	V		I	I	False	V43	V43, major		V43, major		V	-4	-4	-4	1	1	1	True	True	False
2540	1	79	1	G	0	3	4	1	1	True	3.5	-4	106	106	106	106a	635/2	1/32	False	5	False				False	311	V43		Ab	I		V43		V		43			Mm7	False	False	(2, -1, 1, 5)	()	1	2	major	major	I	I, major	V		I	I	False	V43	V43, major		V43, major		V	-4	-4	-4	5	5	5	True	False	False
2541	1	75	-3	E	-1	3	4	1	1	True	3.625	-4	106	106	106	106a	2541/8	1/32	False	5	False				False	311	V43		Ab	I		V43		V		43			Mm7	False	False	(2, -1, 1, 5)	()	1	2	major	major	I	I, major	V		I	I	False	V43	V43, major		V43, major		V	-4	-4	-4	1	1	1	True	True	False
2542	1	73	-5	D	-1	3	4	1	1	True	3.75	-4	106	106	106	106a	1271/4	1/32	False	5	False				False	311	V43		Ab	I		V43		V		43			Mm7	False	False	(2, -1, 1, 5)	()	1	2	major	major	I	I, major	V		I	I	False	V43	V43, major		V43, major		V	-4	-4	-4	-1	-1	-1	True	False	False
2543	1	75	-3	E	-1	3	4	1	1	True	3.875	-4	106	106	106	106a	2543/8	1/32	False	5	False				False	311	V43		Ab	I		V43		V		43			Mm7	False	False	(2, -1, 1, 5)	()	1	2	major	major	I	I, major	V		I	I	False	V43	V43, major		V43, major		V	-4	-4	-4	1	1	1	True	True	False
2544	4	36	0	C	0	3	4	2	1	True	1.0	-4	107	107	107	107a	318	1/8	False	2	True				False	312	I6		Ab	I		I6		I		6			M	False	False	(4, 1, 0)	()	0	4	major	major	I	I, major	I		I	I	False	I6	I6, major		I6, major		I	-4	-4	-4	4	4	4	True	False	True
2544	4	39	-3	E	-1	3	4	2	1	True	1.0	-4	107	107	107	107a	318	1/8	False	2	True				False	312	I6		Ab	I		I6		I		6			M	False	False	(4, 1, 0)	()	0	4	major	major	I	I, major	I		I	I	False	I6	I6, major		I6, major		I	-4	-4	-4	1	1	1	True	False	False
2544	4	48	0	C	0	3	4	2	1	True	1.0	-4	107	107	107	107a	318	1/8	False	3	True				False	312	I6		Ab	I		I6		I		6			M	False	False	(4, 1, 0)	()	0	4	major	major	I	I, major	I		I	I	False	I6	I6, major		I6, major		I	-4	-4	-4	4	4	4	True	False	True
2544	1	80	-4	A	-1	3	4	1	1	True	1.0	-4	107	107	107	107a	318	1/32	False	5	True				False	312	I6		Ab	I		I6		I		6			M	False	False	(4, 1, 0)	()	0	4	major	major	I	I, major	I		I	I	False	I6	I6, major		I6, major		I	-4	-4	-4	0	0	0	True	True	False
2545	1	87	-3	E	-1	3	4	1	1	True	1.125	-4	107	107	107	107a	2545/8	1/32	False	6	False				False	312	I6		Ab	I		I6		I		6			M	False	False	(4, 1, 0)	()	0	4	major	major	I	I, major	I		I	I	False	I6	I6, major		I6, major		I	-4	-4	-4	1	1	1	True	False	False
2546	1	84	0	C	0	3	4	1	1	True	1.25	-4	107	107	107	107a	1273/4	1/32	False	6	False				False	312	I6		Ab	I		I6		I		6			M	False	False	(4, 1, 0)	()	0	4	major	major	I	I, major	I		I	I	False	I6	I6, major		I6, major		I	-4	-4	-4	4	4	4	True	False	True
2547	1	87	-3	E	-1	3	4	1	1	True	1.375	-4	107	107	107	107a	2547/8	1/32	False	6	False				False	312	I6		Ab	I		I6		I		6			M	False	False	(4, 1, 0)	()	0	4	major	major	I	I, major	I		I	I	False	I6	I6, major		I6, major		I	-4	-4	-4	1	1	1	True	False	False
2548	1	92	-4	A	-1	3	4	1	1	True	1.5	-4	107	107	107	107a	637/2	1/32	False	6	False				False	312	I6		Ab	I		I6		I		6			M	False	False	(4, 1, 0)	()	0	4	major	major	I	I, major	I		I	I	False	I6	I6, major		I6, major		I	-4	-4	-4	0	0	0	True	True	False
2549	1	87	-3	E	-1	3	4	1	1	True	1.625	-4	107	107	107	107a	2549/8	1/32	False	6	False				False	312	I6		Ab	I		I6		I		6			M	False	False	(4, 1, 0)	()	0	4	major	major	I	I, major	I		I	I	False	I6	I6, major		I6, major		I	-4	-4	-4	1	1	1	True	False	False
2550	1	84	0	C	0	3	4	1	1	True	1.75	-4	107	107	107	107a	1275/4	1/32	False	6	False				False	312	I6		Ab	I		I6		I		6			M	False	False	(4, 1, 0)	()	0	4	major	major	I	I, major	I		I	I	False	I6	I6, major		I6, major		I	-4	-4	-4	4	4	4	True	False	True
2551	1	87	-3	E	-1	3	4	1	1	True	1.875	-4	107	107	107	107a	2551/8	1/32	False	6	False				False	312	I6		Ab	I		I6		I		6			M	False	False	(4, 1, 0)	()	0	4	major	major	I	I, major	I		I	I	False	I6	I6, major		I6, major		I	-4	-4	-4	1	1	1	True	False	False
2552	1	80	-4	A	-1	3	4	1	1	True	2.0	-4	107	107	107	107a	319	1/32	False	5	False				False	312	I6		Ab	I		I6		I		6			M	False	False	(4, 1, 0)	()	0	4	major	major	I	I, major	I		I	I	False	I6	I6, major		I6, major		I	-4	-4	-4	0	0	0	True	True	False
2553	1	75	-3	E	-1	3	4	1	1	True	2.125	-4	107	107	107	107a	2553/8	1/32	False	5	False				False	312	I6		Ab	I		I6		I		6			M	False	False	(4, 1, 0)	()	0	4	major	major	I	I, major	I		I	I	False	I6	I6, major		I6, major		I	-4	-4	-4	1	1	1	True	False	False
2554	1	72	0	C	0	3	4	1	1	True	2.25	-4	107	107	107	107a	1277/4	1/32	False	5	False				False	312	I6		Ab	I		I6		I		6			M	False	False	(4, 1, 0)	()	0	4	major	major	I	I, major	I		I	I	False	I6	I6, major		I6, major		I	-4	-4	-4	4	4	4	True	False	True
2555	1	75	-3	E	-1	3	4	1	1	True	2.375	-4	107	107	107	107a	2555/8	1/32	False	5	False				False	312	I6		Ab	I		I6		I		6			M	False	False	(4, 1, 0)	()	0	4	major	major	I	I, major	I		I	I	False	I6	I6, major		I6, major		I	-4	-4	-4	1	1	1	True	False	False
2556	1	68	-4	A	-1	3	4	1	1	True	2.5	-4	107	107	107	107a	639/2	1/32	False	4	False				False	312	I6		Ab	I		I6		I		6			M	False	False	(4, 1, 0)	()	0	4	major	major	I	I, major	I		I	I	False	I6	I6, major		I6, major		I	-4	-4	-4	0	0	0	True	True	False
2557	1	63	-3	E	-1	3	4	1	1	True	2.625	-4	107	107	107	107a	2557/8	1/32	False	4	False				False	312	I6		Ab	I		I6		I		6			M	False	False	(4, 1, 0)	()	0	4	major	major	I	I, major	I		I	I	False	I6	I6, major		I6, major		I	-4	-4	-4	1	1	1	True	False	False
2558	1	60	0	C	0	3	4	1	1	True	2.75	-4	107	107	107	107a	1279/4	1/32	False	4	False				False	312	I6		Ab	I		I6		I		6			M	False	False	(4, 1, 0)	()	0	4	major	major	I	I, major	I		I	I	False	I6	I6, major		I6, major		I	-4	-4	-4	4	4	4	True	False	True
2559	1	63	-3	E	-1	3	4	1	1	True	2.875	-4	107	107	107	107a	2559/8	1/32	False	4	False				False	312	I6		Ab	I		I6		I		6			M	False	False	(4, 1, 0)	()	0	4	major	major	I	I, major	I		I	I	False	I6	I6, major		I6, major		I	-4	-4	-4	1	1	1	True	False	False
2560	1	56	-4	A	-1	3	4	1	1	True	3.0	-4	107	107	107	107a	320	1/32	False	3	False				False	312	I6		Ab	I		I6		I		6			M	False	False	(4, 1, 0)	()	0	4	major	major	I	I, major	I		I	I	False	I6	I6, major		I6, major		I	-4	-4	-4	0	0	0	True	True	False
2561	1	51	-3	E	-1	3	4	1	1	True	3.125	-4	107	107	107	107a	2561/8	1/32	False	3	False				False	312	I6		Ab	I		I6		I		6			M	False	False	(4, 1, 0)	()	0	4	major	major	I	I, major	I		I	I	False	I6	I6, major		I6, major		I	-4	-4	-4	1	1	1	True	False	False
2562	1	48	0	C	0	3	4	1	1	True	3.25	-4	107	107	107	107a	1281/4	1/32	False	3	False				False	312	I6		Ab	I		I6		I		6			M	False	False	(4, 1, 0)	()	0	4	major	major	I	I, major	I		I	I	False	I6	I6, major		I6, major		I	-4	-4	-4	4	4	4	True	False	True
2563	1	51	-3	E	-1	3	4	1	1	True	3.375	-4	107	107	107	107a	2563/8	1/32	False	3	False				False	312	I6		Ab	I		I6		I		6			M	False	False	(4, 1, 0)	()	0	4	major	major	I	I, major	I		I	I	False	I6	I6, major		I6, major		I	-4	-4	-4	1	1	1	True	False	False
2564	1	44	-4	A	-1	3	4	1	1	True	3.5	-4	107	107	107	107a	641/2	1/32	False	2	False				False	312	I6		Ab	I		I6		I		6			M	False	False	(4, 1, 0)	()	0	4	major	major	I	I, major	I		I	I	False	I6	I6, major		I6, major		I	-4	-4	-4	0	0	0	True	True	False
2565	1	51	-3	E	-1	3	4	1	1	True	3.625	-4	107	107	107	107a	2565/8	1/32	False	3	False				False	312	I6		Ab	I		I6		I		6			M	False	False	(4, 1, 0)	()	0	4	major	major	I	I, major	I		I	I	False	I6	I6, major		I6, major		I	-4	-4	-4	1	1	1	True	False	False
2566	1	48	0	C	0	3	4	1	1	True	3.75	-4	107	107	107	107a	1283/4	1/32	False	3	False				False	312	I6		Ab	I		I6		I		6			M	False	False	(4, 1, 0)	()	0	4	major	major	I	I, major	I		I	I	False	I6	I6, major		I6, major		I	-4	-4	-4	4	4	4	True	False	True
2567	1	51	-3	E	-1	3	4	1	1	True	3.875	-4	107	107	107	107a	2567/8	1/32	False	3	False				False	312	I6		Ab	I		I6		I		6			M	False	False	(4, 1, 0)	()	0	4	major	major	I	I, major	I		I	I	False	I6	I6, major		I6, major		I	-4	-4	-4	1	1	1	True	False	False
2568	4	31	1	G	0	3	4	2	1	True	1.0	-4	108	108	108	108a	321	1/8	False	1	True				False	313	V65		Ab	I		V65		V		65			Mm7	False	False	(5, 2, -1, 1)	()	1	5	major	major	I	I, major	V		I	I	False	V65	V65, major		V65, major		V	-4	-4	-4	5	5	5	True	False	True
2568	4	39	-3	E	-1	3	4	2	1	True	1.0	-4	108	108	108	108a	321	1/8	False	2	True				False	313	V65		Ab	I		V65		V		65			Mm7	False	False	(5, 2, -1, 1)	()	1	5	major	major	I	I, major	V		I	I	False	V65	V65, major		V65, major		V	-4	-4	-4	1	1	1	True	True	False
2568	4	43	1	G	0	3	4	2	1	True	1.0	-4	108	108	108	108a	321	1/8	False	2	True				False	313	V65		Ab	I		V65		V		65			Mm7	False	False	(5, 2, -1, 1)	()	1	5	major	major	I	I, major	V		I	I	False	V65	V65, major		V65, major		V	-4	-4	-4	5	5	5	True	False	True
2568	1	46	-2	B	-1	3	4	1	1	True	1.0	-4	108	108	108	108a	321	1/32	False	2	True				False	313	V65		Ab	I		V65		V		65			Mm7	False	False	(5, 2, -1, 1)	()	1	5	major	major	I	I, major	V		I	I	False	V65	V65, major		V65, major		V	-4	-4	-4	2	2	2	True	False	False
2569	1	51	-3	E	-1	3	4	1	1	True	1.125	-4	108	108	108	108a	2569/8	1/32	False	3	False				False	313	V65		Ab	I		V65		V		65			Mm7	False	False	(5, 2, -1, 1)	()	1	5	major	major	I	I, major	V		I	I	False	V65	V65, major		V65, major		V	-4	-4	-4	1	1	1	True	True	False
2570	1	49	-5	D	-1	3	4	1	1	True	1.25	-4	108	108	108	108a	1285/4	1/32	False	3	False				False	313	V65		Ab	I		V65		V		65			Mm7	False	False	(5, 2, -1, 1)	()	1	5	major	major	I	I, major	V		I	I	False	V65	V65, major		V65, major		V	-4	-4	-4	-1	-1	-1	True	False	False
2571	1	51	-3	E	-1	3	4	1	1	True	1.375	-4	108	108	108	108a	2571/8	1/32	False	3	False				False	313	V65		Ab	I		V65		V		65			Mm7	False	False	(5, 2, -1, 1)	()	1	5	major	major	I	I, major	V		I	I	False	V65	V65, major		V65, major		V	-4	-4	-4	1	1	1	True	True	False
2572	1	58	-2	B	-1	3	4	1	1	True	1.5	-4	108	108	108	108a	643/2	1/32	False	3	False				False	313	V65		Ab	I		V65		V		65			Mm7	False	False	(5, 2, -1, 1)	()	1	5	major	major	I	I, major	V		I	I	False	V65	V65, major		V65, major		V	-4	-4	-4	2	2	2	True	False	False
2573	1	51	-3	E	-1	3	4	1	1	True	1.625	-4	108	108	108	108a	2573/8	1/32	False	3	False				False	313	V65		Ab	I		V65		V		65			Mm7	False	False	(5, 2, -1, 1)	()	1	5	major	major	I	I, major	V		I	I	False	V65	V65, major		V65, major		V	-4	-4	-4	1	1	1	True	True	False
2574	1	49	-5	D	-1	3	4	1	1	True	1.75	-4	108	108	108	108a	1287/4	1/32	False	3	False				False	313	V65		Ab	I		V65		V		65			Mm7	False	False	(5, 2, -1, 1)	()	1	5	major	major	I	I, major	V		I	I	False	V65	V65, major		V65, major		V	-4	-4	-4	-1	-1	-1	True	False	False
2575	1	51	-3	E	-1	3	4	1	1	True	1.875	-4	108	108	108	108a	2575/8	1/32	False	3	False				False	313	V65		Ab	I		V65		V		65			Mm7	False	False	(5, 2, -1, 1)	()	1	5	major	major	I	I, major	V		I	I	False	V65	V65, major		V65, major		V	-4	-4	-4	1	1	1	True	True	False
2576	4	43	1	G	0	3	4	2	1	True	2.0	-4	108	108	108	108a	322	1/8	False	2	False				False	313	V65		Ab	I		V65		V		65			Mm7	False	False	(5, 2, -1, 1)	()	1	5	major	major	I	I, major	V		I	I	False	V65	V65, major		V65, major		V	-4	-4	-4	5	5	5	True	False	True
2576	4	51	-3	E	-1	3	4	2	1	True	2.0	-4	108	108	108	108a	322	1/8	False	3	False				False	313	V65		Ab	I		V65		V		65			Mm7	False	False	(5, 2, -1, 1)	()	1	5	major	major	I	I, major	V		I	I	False	V65	V65, major		V65, major		V	-4	-4	-4	1	1	1	True	True	False
2576	4	55	1	G	0	3	4	2	1	True	2.0	-4	108	108	108	108a	322	1/8	False	3	False				False	313	V65		Ab	I		V65		V		65			Mm7	False	False	(5, 2, -1, 1)	()	1	5	major	major	I	I, major	V		I	I	False	V65	V65, major		V65, major		V	-4	-4	-4	5	5	5	True	False	True
2576	1	58	-2	B	-1	3	4	1	1	True	2.0	-4	108	108	108	108a	322	1/32	False	3	False				False	313	V65		Ab	I		V65		V		65			Mm7	False	False	(5, 2, -1, 1)	()	1	5	major	major	I	I, major	V		I	I	False	V65	V65, major		V65, major		V	-4	-4	-4	2	2	2	True	False	False
2577	1	63	-3	E	-1	3	4	1	1	True	2.125	-4	108	108	108	108a	2577/8	1/32	False	4	False				False	313	V65		Ab	I		V65		V		65			Mm7	False	False	(5, 2, -1, 1)	()	1	5	major	major	I	I, major	V		I	I	False	V65	V65, major		V65, major		V	-4	-4	-4	1	1	1	True	True	False
2578	1	61	-5	D	-1	3	4	1	1	True	2.25	-4	108	108	108	108a	1289/4	1/32	False	4	False				False	313	V65		Ab	I		V65		V		65			Mm7	False	False	(5, 2, -1, 1)	()	1	5	major	major	I	I, major	V		I	I	False	V65	V65, major		V65, major		V	-4	-4	-4	-1	-1	-1	True	False	False
2579	1	63	-3	E	-1	3	4	1	1	True	2.375	-4	108	108	108	108a	2579/8	1/32	False	4	False				False	313	V65		Ab	I		V65		V		65			Mm7	False	False	(5, 2, -1, 1)	()	1	5	major	major	I	I, major	V		I	I	False	V65	V65, major		V65, major		V	-4	-4	-4	1	1	1	True	True	False
2580	1	70	-2	B	-1	3	4	1	1	True	2.5	-4	108	108	108	108a	645/2	1/32	False	4	False				False	313	V65		Ab	I		V65		V		65			Mm7	False	False	(5, 2, -1, 1)	()	1	5	major	major	I	I, major	V		I	I	False	V65	V65, major		V65, major		V	-4	-4	-4	2	2	2	True	False	False
2581	1	63	-3	E	-1	3	4	1	1	True	2.625	-4	108	108	108	108a	2581/8	1/32	False	4	False				False	313	V65		Ab	I		V65		V		65			Mm7	False	False	(5, 2, -1, 1)	()	1	5	major	major	I	I, major	V		I	I	False	V65	V65, major		V65, major		V	-4	-4	-4	1	1	1	True	True	False
2582	1	61	-5	D	-1	3	4	1	1	True	2.75	-4	108	108	108	108a	1291/4	1/32	False	4	False				False	313	V65		Ab	I		V65		V		65			Mm7	False	False	(5, 2, -1, 1)	()	1	5	major	major	I	I, major	V		I	I	False	V65	V65, major		V65, major		V	-4	-4	-4	-1	-1	-1	True	False	False
2583	1	63	-3	E	-1	3	4	1	1	True	2.875	-4	108	108	108	108a	2583/8	1/32	False	4	False				False	313	V65		Ab	I		V65		V		65			Mm7	False	False	(5, 2, -1, 1)	()	1	5	major	major	I	I, major	V		I	I	False	V65	V65, major		V65, major		V	-4	-4	-4	1	1	1	True	True	False
2584	4	43	1	G	0	3	4	2	1	True	3.0	-4	108	108	108	108a	323	1/8	False	2	False				False	313	V65		Ab	I		V65		V		65			Mm7	False	False	(5, 2, -1, 1)	()	1	5	major	major	I	I, major	V		I	I	False	V65	V65, major		V65, major		V	-4	-4	-4	5	5	5	True	False	True
2584	4	51	-3	E	-1	3	4	2	1	True	3.0	-4	108	108	108	108a	323	1/8	False	3	False				False	313	V65		Ab	I		V65		V		65			Mm7	False	False	(5, 2, -1, 1)	()	1	5	major	major	I	I, major	V		I	I	False	V65	V65, major		V65, major		V	-4	-4	-4	1	1	1	True	True	False
2584	4	55	1	G	0	3	4	2	1	True	3.0	-4	108	108	108	108a	323	1/8	False	3	False				False	313	V65		Ab	I		V65		V		65			Mm7	False	False	(5, 2, -1, 1)	()	1	5	major	major	I	I, major	V		I	I	False	V65	V65, major		V65, major		V	-4	-4	-4	5	5	5	True	False	True
2584	1	70	-2	B	-1	3	4	1	1	True	3.0	-4	108	108	108	108a	323	1/32	False	4	False				False	313	V65		Ab	I		V65		V		65			Mm7	False	False	(5, 2, -1, 1)	()	1	5	major	major	I	I, major	V		I	I	False	V65	V65, major		V65, major		V	-4	-4	-4	2	2	2	True	False	False
2585	1	75	-3	E	-1	3	4	1	1	True	3.125	-4	108	108	108	108a	2585/8	1/32	False	5	False				False	313	V65		Ab	I		V65		V		65			Mm7	False	False	(5, 2, -1, 1)	()	1	5	major	major	I	I, major	V		I	I	False	V65	V65, major		V65, major		V	-4	-4	-4	1	1	1	True	True	False
2586	1	73	-5	D	-1	3	4	1	1	True	3.25	-4	108	108	108	108a	1293/4	1/32	False	5	False				False	313	V65		Ab	I		V65		V		65			Mm7	False	False	(5, 2, -1, 1)	()	1	5	major	major	I	I, major	V		I	I	False	V65	V65, major		V65, major		V	-4	-4	-4	-1	-1	-1	True	False	False
2587	1	75	-3	E	-1	3	4	1	1	True	3.375	-4	108	108	108	108a	2587/8	1/32	False	5	False				False	313	V65		Ab	I		V65		V		65			Mm7	False	False	(5, 2, -1, 1)	()	1	5	major	major	I	I, major	V		I	I	False	V65	V65, major		V65, major		V	-4	-4	-4	1	1	1	True	True	False
2588	1	82	-2	B	-1	3	4	1	1	True	3.5	-4	108	108	108	108a	647/2	1/32	False	5	False				False	313	V65		Ab	I		V65		V		65			Mm7	False	False	(5, 2, -1, 1)	()	1	5	major	major	I	I, major	V		I	I	False	V65	V65, major		V65, major		V	-4	-4	-4	2	2	2	True	False	False
2589	1	75	-3	E	-1	3	4	1	1	True	3.625	-4	108	108	108	108a	2589/8	1/32	False	5	False				False	313	V65		Ab	I		V65		V		65			Mm7	False	False	(5, 2, -1, 1)	()	1	5	major	major	I	I, major	V		I	I	False	V65	V65, major		V65, major		V	-4	-4	-4	1	1	1	True	True	False
2590	1	73	-5	D	-1	3	4	1	1	True	3.75	-4	108	108	108	108a	1295/4	1/32	False	5	False				False	313	V65		Ab	I		V65		V		65			Mm7	False	False	(5, 2, -1, 1)	()	1	5	major	major	I	I, major	V		I	I	False	V65	V65, major		V65, major		V	-4	-4	-4	-1	-1	-1	True	False	False
2591	1	75	-3	E	-1	3	4	1	1	True	3.875	-4	108	108	108	108a	2591/8	1/32	False	5	False				False	313	V65		Ab	I		V65		V		65			Mm7	False	False	(5, 2, -1, 1)	()	1	5	major	major	I	I, major	V		I	I	False	V65	V65, major		V65, major		V	-4	-4	-4	1	1	1	True	True	False
2592	4	44	-4	A	-1	3	4	2	1	True	1.0	-4	109	109	109	109a	324	1/8	False	2	True				False	314	I		Ab	I		I		I					M	False	False	(0, 4, 1)	()	0	0	major	major	I	I, major	I		I	I	False	I	I, major		I, major		I	-4	-4	-4	0	0	0	True	True	True
2592	4	51	-3	E	-1	3	4	2	1	True	1.0	-4	109	109	109	109a	324	1/8	False	3	True				False	314	I		Ab	I		I		I					M	False	False	(0, 4, 1)	()	0	0	major	major	I	I, major	I		I	I	False	I	I, major		I, major		I	-4	-4	-4	1	1	1	True	False	False
2592	4	56	-4	A	-1	3	4	2	1	True	1.0	-4	109	109	109	109a	324	1/8	False	3	True				False	314	I		Ab	I		I		I					M	False	False	(0, 4, 1)	()	0	0	major	major	I	I, major	I		I	I	False	I	I, major		I, major		I	-4	-4	-4	0	0	0	True	True	True
2592	1	72	0	C	0	3	4	1	1	True	1.0	-4	109	109	109	109a	324	1/32	False	5	True				False	314	I		Ab	I		I		I					M	False	False	(0, 4, 1)	()	0	0	major	major	I	I, major	I		I	I	False	I	I, major		I, major		I	-4	-4	-4	4	4	4	True	False	False
2593	1	75	-3	E	-1	3	4	1	1	True	1.125	-4	109	109	109	109a	2593/8	1/32	False	5	False				False	314	I		Ab	I		I		I					M	False	False	(0, 4, 1)	()	0	0	major	major	I	I, major	I		I	I	False	I	I, major		I, major		I	-4	-4	-4	1	1	1	True	False	False
2594	1	72	0	C	0	3	4	1	1	True	1.25	-4	109	109	109	109a	1297/4	1/32	False	5	False				False	314	I		Ab	I		I		I					M	False	False	(0, 4, 1)	()	0	0	major	major	I	I, major	I		I	I	False	I	I, major		I, major		I	-4	-4	-4	4	4	4	True	False	False
2595	1	75	-3	E	-1	3	4	1	1	True	1.375	-4	109	109	109	109a	2595/8	1/32	False	5	False				False	314	I		Ab	I		I		I					M	False	False	(0, 4, 1)	()	0	0	major	major	I	I, major	I		I	I	False	I	I, major		I, major		I	-4	-4	-4	1	1	1	True	False	False
2596	1	84	0	C	0	3	4	1	1	True	1.5	-4	109	109	109	109a	649/2	1/32	False	6	False				False	314	I		Ab	I		I		I					M	False	False	(0, 4, 1)	()	0	0	major	major	I	I, major	I		I	I	False	I	I, major		I, major		I	-4	-4	-4	4	4	4	True	False	False
2597	1	75	-3	E	-1	3	4	1	1	True	1.625	-4	109	109	109	109a	2597/8	1/32	False	5	False				False	314	I		Ab	I		I		I					M	False	False	(0, 4, 1)	()	0	0	major	major	I	I, major	I		I	I	False	I	I, major		I, major		I	-4	-4	-4	1	1	1	True	False	False
2598	1	72	0	C	0	3	4	1	1	True	1.75	-4	109	109	109	109a	1299/4	1/32	False	5	False				False	314	I		Ab	I		I		I					M	False	False	(0, 4, 1)	()	0	0	major	major	I	I, major	I		I	I	False	I	I, major		I, major		I	-4	-4	-4	4	4	4	True	False	False
2599	1	75	-3	E	-1	3	4	1	1	True	1.875	-4	109	109	109	109a	2599/8	1/32	False	5	False				False	314	I		Ab	I		I		I					M	False	False	(0, 4, 1)	()	0	0	major	major	I	I, major	I		I	I	False	I	I, major		I, major		I	-4	-4	-4	1	1	1	True	False	False
2600	4	53	-1	F	0	3	4	2	1	True	2.0	-4	109	109	109	109a	325	1/8	False	3	True				False	315	IV6		Ab	I		IV6		IV		6			M	False	False	(3, 0, -1)	()	-1	3	major	major	I	I, major	IV		I	I	False	IV6	IV6, major		IV6, major		IV	-4	-4	-4	3	3	3	True	False	True
2600	4	56	-4	A	-1	3	4	2	1	True	2.0	-4	109	109	109	109a	325	1/8	False	3	True				False	315	IV6		Ab	I		IV6		IV		6			M	False	False	(3, 0, -1)	()	-1	3	major	major	I	I, major	IV		I	I	False	IV6	IV6, major		IV6, major		IV	-4	-4	-4	0	0	0	True	False	False
2600	4	65	-1	F	0	3	4	2	1	True	2.0	-4	109	109	109	109a	325	1/8	False	4	True				False	315	IV6		Ab	I		IV6		IV		6			M	False	False	(3, 0, -1)	()	-1	3	major	major	I	I, major	IV		I	I	False	IV6	IV6, major		IV6, major		IV	-4	-4	-4	3	3	3	True	False	True
2600	1	73	-5	D	-1	3	4	1	1	True	2.0	-4	109	109	109	109a	325	1/32	False	5	True				False	315	IV6		Ab	I		IV6		IV		6			M	False	False	(3, 0, -1)	()	-1	3	major	major	I	I, major	IV		I	I	False	IV6	IV6, major		IV6, major		IV	-4	-4	-4	-1	-1	-1	True	True	False
2601	1	80	-4	A	-1	3	4	1	1	True	2.125	-4	109	109	109	109a	2601/8	1/32	False	5	False				False	315	IV6		Ab	I		IV6		IV		6			M	False	False	(3, 0, -1)	()	-1	3	major	major	I	I, major	IV		I	I	False	IV6	IV6, major		IV6, major		IV	-4	-4	-4	0	0	0	True	False	False
2602	1	73	-5	D	-1	3	4	1	1	True	2.25	-4	109	109	109	109a	1301/4	1/32	False	5	False				False	315	IV6		Ab	I		IV6		IV		6			M	False	False	(3, 0, -1)	()	-1	3	major	major	I	I, major	IV		I	I	False	IV6	IV6, major		IV6, major		IV	-4	-4	-4	-1	-1	-1	True	True	False
2603	1	80	-4	A	-1	3	4	1	1	True	2.375	-4	109	109	109	109a	2603/8	1/32	False	5	False				False	315	IV6		Ab	I		IV6		IV		6			M	False	False	(3, 0, -1)	()	-1	3	major	major	I	I, major	IV		I	I	False	IV6	IV6, major		IV6, major		IV	-4	-4	-4	0	0	0	True	False	False
2604	1	85	-5	D	-1	3	4	1	1	True	2.5	-4	109	109	109	109a	651/2	1/32	False	6	False				False	315	IV6		Ab	I		IV6		IV		6			M	False	False	(3, 0, -1)	()	-1	3	major	major	I	I, major	IV		I	I	False	IV6	IV6, major		IV6, major		IV	-4	-4	-4	-1	-1	-1	True	True	False
2605	1	80	-4	A	-1	3	4	1	1	True	2.625	-4	109	109	109	109a	2605/8	1/32	False	5	False				False	315	IV6		Ab	I		IV6		IV		6			M	False	False	(3, 0, -1)	()	-1	3	major	major	I	I, major	IV		I	I	False	IV6	IV6, major		IV6, major		IV	-4	-4	-4	0	0	0	True	False	False
2606	1	77	-1	F	0	3	4	1	1	True	2.75	-4	109	109	109	109a	1303/4	1/32	False	5	False				False	315	IV6		Ab	I		IV6		IV		6			M	False	False	(3, 0, -1)	()	-1	3	major	major	I	I, major	IV		I	I	False	IV6	IV6, major		IV6, major		IV	-4	-4	-4	3	3	3	True	False	True
2607	1	80	-4	A	-1	3	4	1	1	True	2.875	-4	109	109	109	109a	2607/8	1/32	False	5	False				False	315	IV6		Ab	I		IV6		IV		6			M	False	False	(3, 0, -1)	()	-1	3	major	major	I	I, major	IV		I	I	False	IV6	IV6, major		IV6, major		IV	-4	-4	-4	0	0	0	True	False	False
2608	4	48	0	C	0	3	4	2	1	True	3.0	-4	109	109	109	109a	326	1/8	False	3	True				False	316	I6		Ab	I		I6		I		6			M	False	False	(4, 1, 0)	()	0	4	major	major	I	I, major	I		I	I	False	I6	I6, major		I6, major		I	-4	-4	-4	4	4	4	True	False	True
2608	4	56	-4	A	-1	3	4	2	1	True	3.0	-4	109	109	109	109a	326	1/8	False	3	True				False	316	I6		Ab	I		I6		I		6			M	False	False	(4, 1, 0)	()	0	4	major	major	I	I, major	I		I	I	False	I6	I6, major		I6, major		I	-4	-4	-4	0	0	0	True	True	False
2608	4	60	0	C	0	3	4	2	1	True	3.0	-4	109	109	109	109a	326	1/8	False	4	True				False	316	I6		Ab	I		I6		I		6			M	False	False	(4, 1, 0)	()	0	4	major	major	I	I, major	I		I	I	False	I6	I6, major		I6, major		I	-4	-4	-4	4	4	4	True	False	True
2608	1	75	-3	E	-1	3	4	1	1	True	3.0	-4	109	109	109	109a	326	1/32	False	5	True				False	316	I6		Ab	I		I6		I		6			M	False	False	(4, 1, 0)	()	0	4	major	major	I	I, major	I		I	I	False	I6	I6, major		I6, major		I	-4	-4	-4	1	1	1	True	False	False
2609	1	87	-3	E	-1	3	4	1	1	True	3.125	-4	109	109	109	109a	2609/8	1/32	False	6	False				False	316	I6		Ab	I		I6		I		6			M	False	False	(4, 1, 0)	()	0	4	major	major	I	I, major	I		I	I	False	I6	I6, major		I6, major		I	-4	-4	-4	1	1	1	True	False	False
2610	1	80	-4	A	-1	3	4	1	1	True	3.25	-4	109	109	109	109a	1305/4	1/32	False	5	False				False	316	I6		Ab	I		I6		I		6			M	False	False	(4, 1, 0)	()	0	4	major	major	I	I, major	I		I	I	False	I6	I6, major		I6, major		I	-4	-4	-4	0	0	0	True	True	False
2611	1	87	-3	E	-1	3	4	1	1	True	3.375	-4	109	109	109	109a	2611/8	1/32	False	6	False				False	316	I6		Ab	I		I6		I		6			M	False	False	(4, 1, 0)	()	0	4	major	major	I	I, major	I		I	I	False	I6	I6, major		I6, major		I	-4	-4	-4	1	1	1	True	False	False
2612	4	48	0	C	0	3	4	2	1	True	3.5	-4	109	109	109	109a	653/2	1/8	False	3	True				False	317	V+6/IV		Ab	I		V+6/IV		V	+	6		IV	+	False	False	(4, 8, 0)	()	0	4	major	major	I	I, major	V/IV	IV	IV/I	IV	False	V+6/IV	V+6/IV, major		V+6/IV, major	IV	IV	-4	-4	-5	4	4	5	True	False	True
2612	4	56	-4	A	-1	3	4	2	1	True	3.5	-4	109	109	109	109a	653/2	1/8	False	3	True				False	317	V+6/IV		Ab	I		V+6/IV		V	+	6		IV	+	False	False	(4, 8, 0)	()	0	4	major	major	I	I, major	V/IV	IV	IV/I	IV	False	V+6/IV	V+6/IV, major		V+6/IV, major	IV	IV	-4	-4	-5	0	0	1	True	True	False
2612	4	60	0	C	0	3	4	2	1	True	3.5	-4	109	109	109	109a	653/2	1/8	False	4	True				False	317	V+6/IV		Ab	I		V+6/IV		V	+	6		IV	+	False	False	(4, 8, 0)	()	0	4	major	major	I	I, major	V/IV	IV	IV/I	IV	False	V+6/IV	V+6/IV, major		V+6/IV, major	IV	IV	-4	-4	-5	4	4	5	True	False	True
2612	1	76	4	E	0	3	4	1	1	True	3.5	-4	109	109	109	109a	653/2	1/32	False	5	True				False	317	V+6/IV		Ab	I		V+6/IV		V	+	6		IV	+	False	False	(4, 8, 0)	()	0	4	major	major	I	I, major	V/IV	IV	IV/I	IV	False	V+6/IV	V+6/IV, major		V+6/IV, major	IV	IV	-4	-4	-5	8	8	9	True	False	False
2613	1	88	4	E	0	3	4	1	1	True	3.625	-4	109	109	109	109a	2613/8	1/32	False	6	False				False	317	V+6/IV		Ab	I		V+6/IV		V	+	6		IV	+	False	False	(4, 8, 0)	()	0	4	major	major	I	I, major	V/IV	IV	IV/I	IV	False	V+6/IV	V+6/IV, major		V+6/IV, major	IV	IV	-4	-4	-5	8	8	9	True	False	False
2614	1	80	-4	A	-1	3	4	1	1	True	3.75	-4	109	109	109	109a	1307/4	1/32	False	5	False				False	317	V+6/IV		Ab	I		V+6/IV		V	+	6		IV	+	False	False	(4, 8, 0)	()	0	4	major	major	I	I, major	V/IV	IV	IV/I	IV	False	V+6/IV	V+6/IV, major		V+6/IV, major	IV	IV	-4	-4	-5	0	0	1	True	True	False
2615	1	88	4	E	0	3	4	1	1	True	3.875	-4	109	109	109	109a	2615/8	1/32	False	6	False				False	317	V+6/IV		Ab	I		V+6/IV		V	+	6		IV	+	False	False	(4, 8, 0)	()	0	4	major	major	I	I, major	V/IV	IV	IV/I	IV	False	V+6/IV	V+6/IV, major		V+6/IV, major	IV	IV	-4	-4	-5	8	8	9	True	False	False
2616	4	49	-5	D	-1	3	4	2	1	True	1.0	-4	110	110	110	110a	327	1/8	False	3	True				False	318	IV		Ab	I		IV		IV					M	False	False	(-1, 3, 0)	()	-1	-1	major	major	I	I, major	IV		I	I	False	IV	IV, major		IV, major		IV	-4	-4	-4	-1	-1	-1	True	True	True
2616	4	56	-4	A	-1	3	4	2	1	True	1.0	-4	110	110	110	110a	327	1/8	False	3	True				False	318	IV		Ab	I		IV		IV					M	False	False	(-1, 3, 0)	()	-1	-1	major	major	I	I, major	IV		I	I	False	IV	IV, major		IV, major		IV	-4	-4	-4	0	0	0	True	False	False
2616	4	61	-5	D	-1	3	4	2	1	True	1.0	-4	110	110	110	110a	327	1/8	False	4	True				False	318	IV		Ab	I		IV		IV					M	False	False	(-1, 3, 0)	()	-1	-1	major	major	I	I, major	IV		I	I	False	IV	IV, major		IV, major		IV	-4	-4	-4	-1	-1	-1	True	True	True
2616	1	77	-1	F	0	3	4	1	1	True	1.0	-4	110	110	110	110a	327	1/32	False	5	True				False	318	IV		Ab	I		IV		IV					M	False	False	(-1, 3, 0)	()	-1	-1	major	major	I	I, major	IV		I	I	False	IV	IV, major		IV, major		IV	-4	-4	-4	3	3	3	True	False	False
2617	1	89	-1	F	0	3	4	1	1	True	1.125	-4	110	110	110	110a	2617/8	1/32	False	6	False				False	318	IV		Ab	I		IV		IV					M	False	False	(-1, 3, 0)	()	-1	-1	major	major	I	I, major	IV		I	I	False	IV	IV, major		IV, major		IV	-4	-4	-4	3	3	3	True	False	False
2618	1	80	-4	A	-1	3	4	1	1	True	1.25	-4	110	110	110	110a	1309/4	1/32	False	5	False				False	318	IV		Ab	I		IV		IV					M	False	False	(-1, 3, 0)	()	-1	-1	major	major	I	I, major	IV		I	I	False	IV	IV, major		IV, major		IV	-4	-4	-4	0	0	0	True	False	False
2619	1	85	-5	D	-1	3	4	1	1	True	1.375	-4	110	110	110	110a	2619/8	1/32	False	6	False				False	318	IV		Ab	I		IV		IV					M	False	False	(-1, 3, 0)	()	-1	-1	major	major	I	I, major	IV		I	I	False	IV	IV, major		IV, major		IV	-4	-4	-4	-1	-1	-1	True	True	True
2620	1	89	-1	F	0	3	4	1	1	True	1.5	-4	110	110	110	110a	655/2	1/32	False	6	False				False	318	IV		Ab	I		IV		IV					M	False	False	(-1, 3, 0)	()	-1	-1	major	major	I	I, major	IV		I	I	False	IV	IV, major		IV, major		IV	-4	-4	-4	3	3	3	True	False	False
2621	1	85	-5	D	-1	3	4	1	1	True	1.625	-4	110	110	110	110a	2621/8	1/32	False	6	False				False	318	IV		Ab	I		IV		IV					M	False	False	(-1, 3, 0)	()	-1	-1	major	major	I	I, major	IV		I	I	False	IV	IV, major		IV, major		IV	-4	-4	-4	-1	-1	-1	True	True	True
2622	1	80	-4	A	-1	3	4	1	1	True	1.75	-4	110	110	110	110a	1311/4	1/32	False	5	False				False	318	IV		Ab	I		IV		IV					M	False	False	(-1, 3, 0)	()	-1	-1	major	major	I	I, major	IV		I	I	False	IV	IV, major		IV, major		IV	-4	-4	-4	0	0	0	True	False	False
2623	1	85	-5	D	-1	3	4	1	1	True	1.875	-4	110	110	110	110a	2623/8	1/32	False	6	False				False	318	IV		Ab	I		IV		IV					M	False	False	(-1, 3, 0)	()	-1	-1	major	major	I	I, major	IV		I	I	False	IV	IV, major		IV, major		IV	-4	-4	-4	-1	-1	-1	True	True	True
2624	4	46	-2	B	-1	3	4	2	1	True	2.0	-4	110	110	110	110a	328	1/8	False	2	True				False	319	V43		Ab	I		V43		V		43			Mm7	False	False	(2, -1, 1, 5)	()	1	2	major	major	I	I, major	V		I	I	False	V43	V43, major		V43, major		V	-4	-4	-4	2	2	2	True	False	True
2624	4	51	-3	E	-1	3	4	2	1	True	2.0	-4	110	110	110	110a	328	1/8	False	3	True				False	319	V43		Ab	I		V43		V		43			Mm7	False	False	(2, -1, 1, 5)	()	1	2	major	major	I	I, major	V		I	I	False	V43	V43, major		V43, major		V	-4	-4	-4	1	1	1	True	True	False
2624	4	58	-2	B	-1	3	4	2	1	True	2.0	-4	110	110	110	110a	328	1/8	False	3	True				False	319	V43		Ab	I		V43		V		43			Mm7	False	False	(2, -1, 1, 5)	()	1	2	major	major	I	I, major	V		I	I	False	V43	V43, major		V43, major		V	-4	-4	-4	2	2	2	True	False	True
2624	1	79	1	G	0	3	4	1	1	True	2.0	-4	110	110	110	110a	328	1/32	False	5	True				False	319	V43		Ab	I		V43		V		43			Mm7	False	False	(2, -1, 1, 5)	()	1	2	major	major	I	I, major	V		I	I	False	V43	V43, major		V43, major		V	-4	-4	-4	5	5	5	True	False	False
2625	1	87	-3	E	-1	3	4	1	1	True	2.125	-4	110	110	110	110a	2625/8	1/32	False	6	False				False	319	V43		Ab	I		V43		V		43			Mm7	False	False	(2, -1, 1, 5)	()	1	2	major	major	I	I, major	V		I	I	False	V43	V43, major		V43, major		V	-4	-4	-4	1	1	1	True	True	False
2626	1	85	-5	D	-1	3	4	1	1	True	2.25	-4	110	110	110	110a	1313/4	1/32	False	6	False				False	319	V43		Ab	I		V43		V		43			Mm7	False	False	(2, -1, 1, 5)	()	1	2	major	major	I	I, major	V		I	I	False	V43	V43, major		V43, major		V	-4	-4	-4	-1	-1	-1	True	False	False
2627	1	87	-3	E	-1	3	4	1	1	True	2.375	-4	110	110	110	110a	2627/8	1/32	False	6	False				False	319	V43		Ab	I		V43		V		43			Mm7	False	False	(2, -1, 1, 5)	()	1	2	major	major	I	I, major	V		I	I	False	V43	V43, major		V43, major		V	-4	-4	-4	1	1	1	True	True	False
2628	1	91	1	G	0	3	4	1	1	True	2.5	-4	110	110	110	110a	657/2	1/32	False	6	False				False	319	V43		Ab	I		V43		V		43			Mm7	False	False	(2, -1, 1, 5)	()	1	2	major	major	I	I, major	V		I	I	False	V43	V43, major		V43, major		V	-4	-4	-4	5	5	5	True	False	False
2629	1	87	-3	E	-1	3	4	1	1	True	2.625	-4	110	110	110	110a	2629/8	1/32	False	6	False				False	319	V43		Ab	I		V43		V		43			Mm7	False	False	(2, -1, 1, 5)	()	1	2	major	major	I	I, major	V		I	I	False	V43	V43, major		V43, major		V	-4	-4	-4	1	1	1	True	True	False
2630	1	85	-5	D	-1	3	4	1	1	True	2.75	-4	110	110	110	110a	1315/4	1/32	False	6	False				False	319	V43		Ab	I		V43		V		43			Mm7	False	False	(2, -1, 1, 5)	()	1	2	major	major	I	I, major	V		I	I	False	V43	V43, major		V43, major		V	-4	-4	-4	-1	-1	-1	True	False	False
2631	1	87	-3	E	-1	3	4	1	1	True	2.875	-4	110	110	110	110a	2631/8	1/32	False	6	False				False	319	V43		Ab	I		V43		V		43			Mm7	False	False	(2, -1, 1, 5)	()	1	2	major	major	I	I, major	V		I	I	False	V43	V43, major		V43, major		V	-4	-4	-4	1	1	1	True	True	False
2632	4	48	0	C	0	3	4	2	1	True	3.0	-4	110	110	110	110a	329	1/8	False	3	True				False	320	iii	I6(7)	Ab	I		iii		iii					m	False	False	(4, 1, 5)	()	4	4	major	major	I	I, major	iii		I	I	False	iii	iii, major		iii, major		iii	-4	-4	-4	4	4	4	True	True	True
2632	4	51	-3	E	-1	3	4	2	1	True	3.0	-4	110	110	110	110a	329	1/8	False	3	True				False	320	iii	I6(7)	Ab	I		iii		iii					m	False	False	(4, 1, 5)	()	4	4	major	major	I	I, major	iii		I	I	False	iii	iii, major		iii, major		iii	-4	-4	-4	1	1	1	True	False	False
2632	4	60	0	C	0	3	4	2	1	True	3.0	-4	110	110	110	110a	329	1/8	False	4	True				False	320	iii	I6(7)	Ab	I		iii		iii					m	False	False	(4, 1, 5)	()	4	4	major	major	I	I, major	iii		I	I	False	iii	iii, major		iii, major		iii	-4	-4	-4	4	4	4	True	True	True
2632	1	79	1	G	0	3	4	1	1	True	3.0	-4	110	110	110	110a	329	1/32	False	5	True				False	320	iii	I6(7)	Ab	I		iii		iii					m	False	False	(4, 1, 5)	()	4	4	major	major	I	I, major	iii		I	I	False	iii	iii, major		iii, major		iii	-4	-4	-4	5	5	5	True	False	False
2633	1	91	1	G	0	3	4	1	1	True	3.125	-4	110	110	110	110a	2633/8	1/32	False	6	False				False	320	iii	I6(7)	Ab	I		iii		iii					m	False	False	(4, 1, 5)	()	4	4	major	major	I	I, major	iii		I	I	False	iii	iii, major		iii, major		iii	-4	-4	-4	5	5	5	True	False	False
2634	1	87	-3	E	-1	3	4	1	1	True	3.25	-4	110	110	110	110a	1317/4	1/32	False	6	False				False	320	iii	I6(7)	Ab	I		iii		iii					m	False	False	(4, 1, 5)	()	4	4	major	major	I	I, major	iii		I	I	False	iii	iii, major		iii, major		iii	-4	-4	-4	1	1	1	True	False	False
2635	1	91	1	G	0	3	4	1	1	True	3.375	-4	110	110	110	110a	2635/8	1/32	False	6	False				False	320	iii	I6(7)	Ab	I		iii		iii					m	False	False	(4, 1, 5)	()	4	4	major	major	I	I, major	iii		I	I	False	iii	iii, major		iii, major		iii	-4	-4	-4	5	5	5	True	False	False
2636	4	48	0	C	0	3	4	2	1	True	3.5	-4	110	110	110	110a	659/2	1/8	False	3	True				False	321	I6		Ab	I		I6		I		6			M	False	False	(4, 1, 0)	()	0	4	major	major	I	I, major	I		I	I	False	I6	I6, major		I6, major		I	-4	-4	-4	4	4	4	True	False	True
2636	4	51	-3	E	-1	3	4	2	1	True	3.5	-4	110	110	110	110a	659/2	1/8	False	3	True				False	321	I6		Ab	I		I6		I		6			M	False	False	(4, 1, 0)	()	0	4	major	major	I	I, major	I		I	I	False	I6	I6, major		I6, major		I	-4	-4	-4	1	1	1	True	False	False
2636	4	60	0	C	0	3	4	2	1	True	3.5	-4	110	110	110	110a	659/2	1/8	False	4	True				False	321	I6		Ab	I		I6		I		6			M	False	False	(4, 1, 0)	()	0	4	major	major	I	I, major	I		I	I	False	I6	I6, major		I6, major		I	-4	-4	-4	4	4	4	True	False	True
2636	1	80	-4	A	-1	3	4	1	1	True	3.5	-4	110	110	110	110a	659/2	1/32	False	5	True				False	321	I6		Ab	I		I6		I		6			M	False	False	(4, 1, 0)	()	0	4	major	major	I	I, major	I		I	I	False	I6	I6, major		I6, major		I	-4	-4	-4	0	0	0	True	True	False
2637	1	92	-4	A	-1	3	4	1	1	True	3.625	-4	110	110	110	110a	2637/8	1/32	False	6	False				False	321	I6		Ab	I		I6		I		6			M	False	False	(4, 1, 0)	()	0	4	major	major	I	I, major	I		I	I	False	I6	I6, major		I6, major		I	-4	-4	-4	0	0	0	True	True	False
2638	1	87	-3	E	-1	3	4	1	1	True	3.75	-4	110	110	110	110a	1319/4	1/32	False	6	False				False	321	I6		Ab	I		I6		I		6			M	False	False	(4, 1, 0)	()	0	4	major	major	I	I, major	I		I	I	False	I6	I6, major		I6, major		I	-4	-4	-4	1	1	1	True	False	False
2639	1	92	-4	A	-1	3	4	1	1	True	3.875	-4	110	110	110	110a	2639/8	1/32	False	6	False				False	321	I6		Ab	I		I6		I		6			M	False	False	(4, 1, 0)	()	0	4	major	major	I	I, major	I		I	I	False	I6	I6, major		I6, major		I	-4	-4	-4	0	0	0	True	True	False
2640	16	49	-5	D	-1	3	4	2	2	True	1.0	-4	111	111	111	111a	330	1/2	False	3	True				False	322	IV		Ab	I		IV		IV					M	False	False	(-1, 3, 0)	()	-1	-1	major	major	I	I, major	IV		I	I	False	IV	IV, major		IV, major		IV	-4	-4	-4	-1	-1	-1	True	True	True
2640	4	56	-4	A	-1	3	4	2	1	True	1.0	-4	111	111	111	111a	330	1/8	False	3	True				False	322	IV		Ab	I		IV		IV					M	False	False	(-1, 3, 0)	()	-1	-1	major	major	I	I, major	IV		I	I	False	IV	IV, major		IV, major		IV	-4	-4	-4	0	0	0	True	False	False
2640	8	77	-1	F	0	3	4	1	1	True	1.0	-4	111	111	111	111a	330	1/4	False	5	True				False	322	IV		Ab	I		IV		IV					M	False	False	(-1, 3, 0)	()	-1	-1	major	major	I	I, major	IV		I	I	False	IV	IV, major		IV, major		IV	-4	-4	-4	3	3	3	True	False	False
2644	4	57	3	A	0	3	4	2	1	True	1.5	-4	111	111	111	111a	661/2	1/8	False	3	False				False	322	IV		Ab	I		IV		IV					M	False	False	(-1, 3, 0)	()	-1	-1	major	major	I	I, major	IV		I	I	False	IV	IV, major		IV, major		IV	-4	-4	-4	7	7	7	False	False	False
2648	4	58	-2	B	-1	3	4	2	1	True	2.0	-4	111	111	111	111a	331	1/8	False	3	True				False	323	ii6		Ab	I		ii6		ii		6			m	False	False	(-1, 3, 2)	()	2	-1	major	major	I	I, major	ii		I	I	False	ii6	ii6, major		ii6, major		ii	-4	-4	-4	2	2	2	True	True	False
2648	2	77	-1	F	0	3	4	1	1	False	2.0	-4	111	111	111	111a	331	1/16	False	5	True				False	323	ii6		Ab	I		ii6		ii		6			m	False	False	(-1, 3, 2)	()	2	-1	major	major	I	I, major	ii		I	I	False	ii6	ii6, major		ii6, major		ii	-4	-4	-4	3	3	3	True	False	False
2650	2	70	-2	B	-1	3	4	1	1	True	2.25	-4	111	111	111	111a	1325/4	1/16	False	4	False				False	323	ii6		Ab	I		ii6		ii		6			m	False	False	(-1, 3, 2)	()	2	-1	major	major	I	I, major	ii		I	I	False	ii6	ii6, major		ii6, major		ii	-4	-4	-4	2	2	2	True	True	False
2652	2	60	0	C	0	3	4	2	1	True	2.5	-4	111	111	111	111a	663/2	1/16	False	4	False				False	323	ii6		Ab	I		ii6		ii		6			m	False	False	(-1, 3, 2)	()	2	-1	major	major	I	I, major	ii		I	I	False	ii6	ii6, major		ii6, major		ii	-4	-4	-4	4	4	4	False	False	False
2652	2	72	0	C	0	3	4	1	1	True	2.5	-4	111	111	111	111a	663/2	1/16	False	5	False				False	323	ii6		Ab	I		ii6		ii		6			m	False	False	(-1, 3, 2)	()	2	-1	major	major	I	I, major	ii		I	I	False	ii6	ii6, major		ii6, major		ii	-4	-4	-4	4	4	4	False	False	False
2654	2	61	-5	D	-1	3	4	2	1	True	2.75	-4	111	111	111	111a	1327/4	1/16	False	4	False				False	323	ii6		Ab	I		ii6		ii		6			m	False	False	(-1, 3, 2)	()	2	-1	major	major	I	I, major	ii		I	I	False	ii6	ii6, major		ii6, major		ii	-4	-4	-4	-1	-1	-1	True	False	True
2654	2	73	-5	D	-1	3	4	1	1	True	2.75	-4	111	111	111	111a	1327/4	1/16	False	5	False				False	323	ii6		Ab	I		ii6		ii		6			m	False	False	(-1, 3, 2)	()	2	-1	major	major	I	I, major	ii		I	I	False	ii6	ii6, major		ii6, major		ii	-4	-4	-4	-1	-1	-1	True	False	True
2656	8	51	-3	E	-1	3	4	2	2	True	3.0	-4	111	111	111	111a	332	1/4	False	3	True				False	324	V		Ab	I		V		V					M	False	False	(1, 5, 2)	()	1	1	major	major	I	I, major	V		I	I	False	V	V, major		V, major		V	-4	-4	-4	1	1	1	True	True	True
2656	8	55	1	G	0	3	4	2	2	True	3.0	-4	111	111	111	111a	332	1/4	False	3	True				False	324	V		Ab	I		V		V					M	False	False	(1, 5, 2)	()	1	1	major	major	I	I, major	V		I	I	False	V	V, major		V, major		V	-4	-4	-4	5	5	5	True	False	False
2656	8	58	-2	B	-1	3	4	2	1	True	3.0	-4	111	111	111	111a	332	1/4	False	3	True				False	324	V		Ab	I		V		V					M	False	False	(1, 5, 2)	()	1	1	major	major	I	I, major	V		I	I	False	V	V, major		V, major		V	-4	-4	-4	2	2	2	True	False	False
2656	4	67	1	G	0	3	4	1	1	True	3.0	-4	111	111	111	111a	332	1/8	False	4	True				False	324	V		Ab	I		V		V					M	False	False	(1, 5, 2)	()	1	1	major	major	I	I, major	V		I	I	False	V	V, major		V, major		V	-4	-4	-4	5	5	5	True	False	False
2660	4	75	-3	E	-1	3	4	1	1	True	3.5	-4	111	111	111	111a	665/2	1/8	False	5	False				False	324	V		Ab	I		V		V					M	False	False	(1, 5, 2)	()	1	1	major	major	I	I, major	V		I	I	False	V	V, major		V, major		V	-4	-4	-4	1	1	1	True	True	True
2664	12	60	0	C	0	3	4	2	1	True	1.0	-4	112	112	112	112a	333	3/8	False	4	True				False	325	I6		Ab	I		I6		I		6			M	False	False	(4, 1, 0)	()	0	4	major	major	I	I, major	I		I	I	False	I6	I6, major		I6, major		I	-4	-4	-4	4	4	4	True	False	True
2664	12	63	-3	E	-1	3	4	2	1	True	1.0	-4	112	112	112	112a	333	3/8	False	4	True				False	325	I6		Ab	I		I6		I		6			M	False	False	(4, 1, 0)	()	0	4	major	major	I	I, major	I		I	I	False	I6	I6, major		I6, major		I	-4	-4	-4	1	1	1	True	False	False
2664	2	75	-3	E	-1	3	4	1	1	False	1.0	-4	112	112	112	112a	333	1/16	False	5	True				False	325	I6		Ab	I		I6		I		6			M	False	False	(4, 1, 0)	()	0	4	major	major	I	I, major	I		I	I	False	I6	I6, major		I6, major		I	-4	-4	-4	1	1	1	True	False	False
2666	2	73	-5	D	-1	3	4	1	1	True	1.25	-4	112	112	112	112a	1333/4	1/16	False	5	False				False	325	I6		Ab	I		I6		I		6			M	False	False	(4, 1, 0)	()	0	4	major	major	I	I, major	I		I	I	False	I6	I6, major		I6, major		I	-4	-4	-4	-1	-1	-1	False	False	False
2668	2	72	0	C	0	3	4	1	1	True	1.5	-4	112	112	112	112a	667/2	1/16	False	5	False				False	325	I6		Ab	I		I6		I		6			M	False	False	(4, 1, 0)	()	0	4	major	major	I	I, major	I		I	I	False	I6	I6, major		I6, major		I	-4	-4	-4	4	4	4	True	False	True
2670	2	84	0	C	0	3	4	1	1	True	1.75	-4	112	112	112	112a	1335/4	1/16	False	6	False				False	325	I6		Ab	I		I6		I		6			M	False	False	(4, 1, 0)	()	0	4	major	major	I	I, major	I		I	I	False	I6	I6, major		I6, major		I	-4	-4	-4	4	4	4	True	False	True
2672	2	82	-2	B	-1	3	4	1	1	True	2.0	-4	112	112	112	112a	334	1/16	False	5	True				False	326	I6(2)		Ab	I		I6(2)		I		6	2		M	False	False	(4, 1, 2)	()	0	4	major	major	I	I, major	I		I	I	False	I6	I6, major		I6(2), major		I	-4	-4	-4	2	2	2	True	False	False
2674	2	79	1	G	0	3	4	1	1	True	2.25	-4	112	112	112	112a	1337/4	1/16	False	5	False				False	326	I6(2)		Ab	I		I6(2)		I		6	2		M	False	False	(4, 1, 2)	()	0	4	major	major	I	I, major	I		I	I	False	I6	I6, major		I6(2), major		I	-4	-4	-4	5	5	5	False	False	False
2676	4	56	-4	A	-1	3	4	2	1	True	2.5	-4	112	112	112	112a	669/2	1/8	False	3	True				False	327	I		Ab	I		I		I					M	False	False	(0, 4, 1)	()	0	0	major	major	I	I, major	I		I	I	False	I	I, major		I, major		I	-4	-4	-4	0	0	0	True	True	True
2676	4	60	0	C	0	3	4	2	1	True	2.5	-4	112	112	112	112a	669/2	1/8	False	4	True				False	327	I		Ab	I		I		I					M	False	False	(0, 4, 1)	()	0	0	major	major	I	I, major	I		I	I	False	I	I, major		I, major		I	-4	-4	-4	4	4	4	True	False	False
2676	2	82	-2	B	-1	3	4	1	1	True	2.5	-4	112	112	112	112a	669/2	1/16	False	5	True				False	327	I		Ab	I		I		I					M	False	False	(0, 4, 1)	()	0	0	major	major	I	I, major	I		I	I	False	I	I, major		I, major		I	-4	-4	-4	2	2	2	False	False	False
2678	2	80	-4	A	-1	3	4	1	1	True	2.75	-4	112	112	112	112a	1339/4	1/16	False	5	False				False	327	I		Ab	I		I		I					M	False	False	(0, 4, 1)	()	0	0	major	major	I	I, major	I		I	I	False	I	I, major		I, major		I	-4	-4	-4	0	0	0	True	True	True
2680	6	56	-4	A	-1	3	4	2	1	True	3.0	-4	112	112	112	112a	335	3/16	False	3	False				False	327	I		Ab	I		I		I					M	False	False	(0, 4, 1)	()	0	0	major	major	I	I, major	I		I	I	False	I	I, major		I, major		I	-4	-4	-4	0	0	0	True	True	True
2680	6	60	0	C	0	3	4	2	1	True	3.0	-4	112	112	112	112a	335	3/16	False	4	False				False	327	I		Ab	I		I		I					M	False	False	(0, 4, 1)	()	0	0	major	major	I	I, major	I		I	I	False	I	I, major		I, major		I	-4	-4	-4	4	4	4	True	False	False
2680	2	84	0	C	0	3	4	1	1	True	3.0	-4	112	112	112	112a	335	1/16	False	6	False				False	327	I		Ab	I		I		I					M	False	False	(0, 4, 1)	()	0	0	major	major	I	I, major	I		I	I	False	I	I, major		I, major		I	-4	-4	-4	4	4	4	True	False	False
2682	2	80	-4	A	-1	3	4	1	1	True	3.25	-4	112	112	112	112a	1341/4	1/16	False	5	False				False	327	I		Ab	I		I		I					M	False	False	(0, 4, 1)	()	0	0	major	major	I	I, major	I		I	I	False	I	I, major		I, major		I	-4	-4	-4	0	0	0	True	True	True
2684	2	75	-3	E	-1	3	4	1	1	True	3.5	-4	112	112	112	112a	671/2	1/16	False	5	False				False	327	I		Ab	I		I		I					M	False	False	(0, 4, 1)	()	0	0	major	major	I	I, major	I		I	I	False	I	I, major		I, major		I	-4	-4	-4	1	1	1	True	False	False
2686	2	56	-4	A	-1	3	4	2	1	True	3.75	-4	112	112	112	112a	1343/4	1/16	False	3	False				False	327	I		Ab	I		I		I					M	False	False	(0, 4, 1)	()	0	0	major	major	I	I, major	I		I	I	False	I	I, major		I, major		I	-4	-4	-4	0	0	0	True	True	True
2686	2	60	0	C	0	3	4	2	1	True	3.75	-4	112	112	112	112a	1343/4	1/16	False	4	False				False	327	I		Ab	I		I		I					M	False	False	(0, 4, 1)	()	0	0	major	major	I	I, major	I		I	I	False	I	I, major		I, major		I	-4	-4	-4	4	4	4	True	False	False
2686	2	76	4	E	0	3	4	1	1	True	3.75	-4	112	112	112	112a	1343/4	1/16	False	5	False				False	327	I		Ab	I		I		I					M	False	False	(0, 4, 1)	()	0	0	major	major	I	I, major	I		I	I	False	I	I, major		I, major		I	-4	-4	-4	8	8	8	False	False	False
2688	8	49	-5	D	-1	3	4	2	2	True	1.0	-4	113	113	113	113a	336	1/4	False	3	True				False	328	IVM7	ii6(2)	Ab	I		IVM7		IV	M	7			MM7	False	False	(-1, 3, 0, 4)	()	-1	-1	major	major	I	I, major	IV		I	I	False	IVM7	IVM7, major		IVM7, major		IV	-4	-4	-4	-1	-1	-1	True	True	True
2688	2	56	-4	A	-1	3	4	2	1	True	1.0	-4	113	113	113	113a	336	1/16	False	3	True				False	328	IVM7	ii6(2)	Ab	I		IVM7		IV	M	7			MM7	False	False	(-1, 3, 0, 4)	()	-1	-1	major	major	I	I, major	IV		I	I	False	IVM7	IVM7, major		IVM7, major		IV	-4	-4	-4	0	0	0	True	False	False
2688	2	60	0	C	0	3	4	2	1	True	1.0	-4	113	113	113	113a	336	1/16	False	4	True				False	328	IVM7	ii6(2)	Ab	I		IVM7		IV	M	7			MM7	False	False	(-1, 3, 0, 4)	()	-1	-1	major	major	I	I, major	IV		I	I	False	IVM7	IVM7, major		IVM7, major		IV	-4	-4	-4	4	4	4	True	False	False
2688	8	77	-1	F	0	3	4	1	1	True	1.0	-4	113	113	113	113a	336	1/4	False	5	True				False	328	IVM7	ii6(2)	Ab	I		IVM7		IV	M	7			MM7	False	False	(-1, 3, 0, 4)	()	-1	-1	major	major	I	I, major	IV		I	I	False	IVM7	IVM7, major		IVM7, major		IV	-4	-4	-4	3	3	3	True	False	False
2690	2	57	3	A	0	3	4	2	1	True	1.25	-4	113	113	113	113a	1345/4	1/16	False	3	False				False	328	IVM7	ii6(2)	Ab	I		IVM7		IV	M	7			MM7	False	False	(-1, 3, 0, 4)	()	-1	-1	major	major	I	I, major	IV		I	I	False	IVM7	IVM7, major		IVM7, major		IV	-4	-4	-4	7	7	7	False	False	False
2692	2	58	-2	B	-1	3	4	2	1	True	1.5	-4	113	113	113	113a	673/2	1/16	False	3	True				False	329	ii6		Ab	I		ii6		ii		6			m	False	False	(-1, 3, 2)	()	2	-1	major	major	I	I, major	ii		I	I	False	ii6	ii6, major		ii6, major		ii	-4	-4	-4	2	2	2	True	True	False
2694	2	60	0	C	0	3	4	2	1	True	1.75	-4	113	113	113	113a	1347/4	1/16	False	4	False				False	329	ii6		Ab	I		ii6		ii		6			m	False	False	(-1, 3, 2)	()	2	-1	major	major	I	I, major	ii		I	I	False	ii6	ii6, major		ii6, major		ii	-4	-4	-4	4	4	4	False	False	False
2696	2	49	-5	D	-1	3	4	2	2	False	2.0	-4	113	113	113	113a	337	1/16	False	3	False				False	329	ii6		Ab	I		ii6		ii		6			m	False	False	(-1, 3, 2)	()	2	-1	major	major	I	I, major	ii		I	I	False	ii6	ii6, major		ii6, major		ii	-4	-4	-4	-1	-1	-1	True	False	True
2696	2	61	-5	D	-1	3	4	2	1	True	2.0	-4	113	113	113	113a	337	1/16	False	4	False				False	329	ii6		Ab	I		ii6		ii		6			m	False	False	(-1, 3, 2)	()	2	-1	major	major	I	I, major	ii		I	I	False	ii6	ii6, major		ii6, major		ii	-4	-4	-4	-1	-1	-1	True	False	True
2696	2	77	-1	F	0	3	4	1	1	False	2.0	-4	113	113	113	113a	337	1/16	False	5	False				False	329	ii6		Ab	I		ii6		ii		6			m	False	False	(-1, 3, 2)	()	2	-1	major	major	I	I, major	ii		I	I	False	ii6	ii6, major		ii6, major		ii	-4	-4	-4	3	3	3	True	False	False
2698	2	49	-5	D	-1	3	4	2	2	True	2.25	-4	113	113	113	113a	1349/4	1/16	False	3	False				False	329	ii6		Ab	I		ii6		ii		6			m	False	False	(-1, 3, 2)	()	2	-1	major	major	I	I, major	ii		I	I	False	ii6	ii6, major		ii6, major		ii	-4	-4	-4	-1	-1	-1	True	False	True
2698	2	70	-2	B	-1	3	4	1	1	True	2.25	-4	113	113	113	113a	1349/4	1/16	False	4	False				False	329	ii6		Ab	I		ii6		ii		6			m	False	False	(-1, 3, 2)	()	2	-1	major	major	I	I, major	ii		I	I	False	ii6	ii6, major		ii6, major		ii	-4	-4	-4	2	2	2	True	True	False
2700	2	51	-3	E	-1	3	4	2	2	True	2.5	-4	113	113	113	113a	675/2	1/16	False	3	False				False	329	ii6		Ab	I		ii6		ii		6			m	False	False	(-1, 3, 2)	()	2	-1	major	major	I	I, major	ii		I	I	False	ii6	ii6, major		ii6, major		ii	-4	-4	-4	1	1	1	False	False	False
2700	2	72	0	C	0	3	4	1	1	True	2.5	-4	113	113	113	113a	675/2	1/16	False	5	False				False	329	ii6		Ab	I		ii6		ii		6			m	False	False	(-1, 3, 2)	()	2	-1	major	major	I	I, major	ii		I	I	False	ii6	ii6, major		ii6, major		ii	-4	-4	-4	4	4	4	False	False	False
2702	2	53	-1	F	0	3	4	2	2	True	2.75	-4	113	113	113	113a	1351/4	1/16	False	3	False				False	329	ii6		Ab	I		ii6		ii		6			m	False	False	(-1, 3, 2)	()	2	-1	major	major	I	I, major	ii		I	I	False	ii6	ii6, major		ii6, major		ii	-4	-4	-4	3	3	3	True	False	False
2702	2	73	-5	D	-1	3	4	1	1	True	2.75	-4	113	113	113	113a	1351/4	1/16	False	5	False				False	329	ii6		Ab	I		ii6		ii		6			m	False	False	(-1, 3, 2)	()	2	-1	major	major	I	I, major	ii		I	I	False	ii6	ii6, major		ii6, major		ii	-4	-4	-4	-1	-1	-1	True	False	True
2704	2	51	-3	E	-1	3	4	2	2	True	3.0	-4	113	113	113	113a	338	1/16	False	3	True				False	330	V		Ab	I		V		V					M	False	False	(1, 5, 2)	()	1	1	major	major	I	I, major	V		I	I	False	V	V, major		V, major		V	-4	-4	-4	1	1	1	True	True	True
2704	4	67	1	G	0	3	4	1	1	True	3.0	-4	113	113	113	113a	338	1/8	False	4	True				False	330	V		Ab	I		V		V					M	False	False	(1, 5, 2)	()	1	1	major	major	I	I, major	V		I	I	False	V	V, major		V, major		V	-4	-4	-4	5	5	5	True	False	False
2706	2	39	-3	E	-1	3	4	2	2	True	3.25	-4	113	113	113	113a	1353/4	1/16	False	2	False				False	330	V		Ab	I		V		V					M	False	False	(1, 5, 2)	()	1	1	major	major	I	I, major	V		I	I	False	V	V, major		V, major		V	-4	-4	-4	1	1	1	True	True	True
2708	2	41	-1	F	0	3	4	2	2	True	3.5	-4	113	113	113	113a	677/2	1/16	False	2	False				False	330	V		Ab	I		V		V					M	False	False	(1, 5, 2)	()	1	1	major	major	I	I, major	V		I	I	False	V	V, major		V, major		V	-4	-4	-4	3	3	3	False	False	False
2708	4	75	-3	E	-1	3	4	1	1	True	3.5	-4	113	113	113	113a	677/2	1/8	False	5	False				False	330	V		Ab	I		V		V					M	False	False	(1, 5, 2)	()	1	1	major	major	I	I, major	V		I	I	False	V	V, major		V, major		V	-4	-4	-4	1	1	1	True	True	True
2710	2	43	1	G	0	3	4	2	2	True	3.75	-4	113	113	113	113a	1355/4	1/16	False	2	False				False	330	V		Ab	I		V		V					M	False	False	(1, 5, 2)	()	1	1	major	major	I	I, major	V		I	I	False	V	V, major		V, major		V	-4	-4	-4	5	5	5	True	False	False
2712	16	32	-4	A	-1	3	4	2	2	True	1.0	-4	114	114	114	114a	339	1/2	False	1	True				False	331	I[I		Ab	I	I	I		I					M	False	False	(0, 4, 1)	()	0	0	major	major	I	I, major	I		I	I	False	I	I, major	I	I, major		I	-4	-4	-4	0	0	0	True	True	True
2712	8	44	-4	A	-1	3	4	2	1	True	1.0	-4	114	114	114	114a	339	1/4	False	2	True				False	331	I[I		Ab	I	I	I		I					M	False	False	(0, 4, 1)	()	0	0	major	major	I	I, major	I		I	I	False	I	I, major	I	I, major		I	-4	-4	-4	0	0	0	True	True	True
2712	8	63	-3	E	-1	3	4	1	2	True	1.0	-4	114	114	114	114a	339	1/4	False	4	True				False	331	I[I		Ab	I	I	I		I					M	False	False	(0, 4, 1)	()	0	0	major	major	I	I, major	I		I	I	False	I	I, major	I	I, major		I	-4	-4	-4	1	1	1	True	False	False
2712	8	68	-4	A	-1	3	4	1	1	True	1.0	-4	114	114	114	114a	339	1/4	False	4	True				False	331	I[I		Ab	I	I	I		I					M	False	False	(0, 4, 1)	()	0	0	major	major	I	I, major	I		I	I	False	I	I, major	I	I, major		I	-4	-4	-4	0	0	0	True	True	True
2712	8	72	0	C	0	3	4	1	1	True	1.0	-4	114	114	114	114a	339	1/4	False	5	True				False	331	I[I		Ab	I	I	I		I					M	False	False	(0, 4, 1)	()	0	0	major	major	I	I, major	I		I	I	False	I	I, major	I	I, major		I	-4	-4	-4	4	4	4	True	False	False
2720	4	41	-1	F	0	3	4	2	1	True	2.0	-4	114	114	114	114a	340	1/8	False	2	True				False	332	IV6		Ab	I	I	IV6		IV		6			M	False	False	(3, 0, -1)	()	-1	3	major	major	I	I, major	IV		I	I	False	IV6	IV6, major	I	IV6, major		IV	-4	-4	-4	3	3	3	True	False	True
2720	4	68	-4	A	-1	3	4	1	2	True	2.0	-4	114	114	114	114a	340	1/8	False	4	True				False	332	IV6		Ab	I	I	IV6		IV		6			M	False	False	(3, 0, -1)	()	-1	3	major	major	I	I, major	IV		I	I	False	IV6	IV6, major	I	IV6, major		IV	-4	-4	-4	0	0	0	True	False	False
2720	12	73	-5	D	-1	3	4	1	1	True	2.0	-4	114	114	114	114a	340	3/8	False	5	True				False	332	IV6		Ab	I	I	IV6		IV		6			M	False	False	(3, 0, -1)	()	-1	3	major	major	I	I, major	IV		I	I	False	IV6	IV6, major	I	IV6, major		IV	-4	-4	-4	-1	-1	-1	True	True	False
2724	4	37	-5	D	-1	3	4	2	1	True	2.5	-4	114	114	114	114a	681/2	1/8	False	2	True				False	333	IV		Ab	I	I	IV		IV					M	False	False	(-1, 3, 0)	()	-1	-1	major	major	I	I, major	IV		I	I	False	IV	IV, major	I	IV, major		IV	-4	-4	-4	-1	-1	-1	True	True	True
2724	4	65	-1	F	0	3	4	1	2	True	2.5	-4	114	114	114	114a	681/2	1/8	False	4	True				False	333	IV		Ab	I	I	IV		IV					M	False	False	(-1, 3, 0)	()	-1	-1	major	major	I	I, major	IV		I	I	False	IV	IV, major	I	IV, major		IV	-4	-4	-4	3	3	3	True	False	False
2728	4	32	-4	A	-1	3	4	2	2	False	3.0	-4	114	114	114	114a	341	1/8	False	1	True				False	334	viio		Ab	I	I	viio		vii	o				o	False	False	(5, 2, -1)	()	5	5	major	major	I	I, major	vii		I	I	False	viio	viio, major	I	viio, major		vii	-4	-4	-4	0	0	0	False	False	False
2728	4	43	1	G	0	3	4	2	1	True	3.0	-4	114	114	114	114a	341	1/8	False	2	True				False	334	viio		Ab	I	I	viio		vii	o				o	False	False	(5, 2, -1)	()	5	5	major	major	I	I, major	vii		I	I	False	viio	viio, major	I	viio, major		vii	-4	-4	-4	5	5	5	True	True	True
2728	4	70	-2	B	-1	3	4	1	2	True	3.0	-4	114	114	114	114a	341	1/8	False	4	True				False	334	viio		Ab	I	I	viio		vii	o				o	False	False	(5, 2, -1)	()	5	5	major	major	I	I, major	vii		I	I	False	viio	viio, major	I	viio, major		vii	-4	-4	-4	2	2	2	True	False	False
2732	4	32	-4	A	-1	3	4	2	2	True	3.5	-4	114	114	114	114a	683/2	1/8	False	1	True				False	335	viio65		Ab	I	I	viio65		vii	o	65			o7	False	False	(2, -1, -4, 5)	()	5	2	major	major	I	I, major	vii		I	I	False	viio65	viio65, major	I	viio65, major		vii	-4	-4	-4	0	0	0	False	False	False
2732	4	46	-2	B	-1	3	4	2	1	True	3.5	-4	114	114	114	114a	683/2	1/8	False	2	True				False	335	viio65		Ab	I	I	viio65		vii	o	65			o7	False	False	(2, -1, -4, 5)	()	5	2	major	major	I	I, major	vii		I	I	False	viio65	viio65, major	I	viio65, major		vii	-4	-4	-4	2	2	2	True	False	True
2732	4	64	-8	F	-1	3	4	1	2	True	3.5	-4	114	114	114	114a	683/2	1/8	False	4	True				False	335	viio65		Ab	I	I	viio65		vii	o	65			o7	False	False	(2, -1, -4, 5)	()	5	2	major	major	I	I, major	vii		I	I	False	viio65	viio65, major	I	viio65, major		vii	-4	-4	-4	-4	-4	-4	True	False	False
2732	4	67	1	G	0	3	4	1	1	True	3.5	-4	114	114	114	114a	683/2	1/8	False	4	True				False	335	viio65		Ab	I	I	viio65		vii	o	65			o7	False	False	(2, -1, -4, 5)	()	5	2	major	major	I	I, major	vii		I	I	False	viio65	viio65, major	I	viio65, major		vii	-4	-4	-4	5	5	5	True	True	False
2732	4	73	-5	D	-1	3	4	1	1	True	3.5	-4	114	114	114	114a	683/2	1/8	False	5	True				False	335	viio65		Ab	I	I	viio65		vii	o	65			o7	False	False	(2, -1, -4, 5)	()	5	2	major	major	I	I, major	vii		I	I	False	viio65	viio65, major	I	viio65, major		vii	-4	-4	-4	-1	-1	-1	True	False	False
2736	16	32	-4	A	-1	3	4	2	2	True	1.0	-4	115	115	115	115a	342	1/2	False	1	False			}	True	336	}		Ab	I	I	viio65		vii	o	65			o7	False	False	(2, -1, -4, 5)	()	5	2	major	major	I	I, major	vii		I	I	False		, major	I	viio65, major		vii	-4	-4	-4	0	0	0	False	False	False
2736	16	46	-2	B	-1	3	4	2	1	True	1.0	-4	115	115	115	115a	342	1/2	False	2	False			}	True	336	}		Ab	I	I	viio65		vii	o	65			o7	False	False	(2, -1, -4, 5)	()	5	2	major	major	I	I, major	vii		I	I	False		, major	I	viio65, major		vii	-4	-4	-4	2	2	2	True	False	True
2736	8	64	-8	F	-1	3	4	1	2	True	1.0	-4	115	115	115	115a	342	1/4	False	4	False			}	True	336	}		Ab	I	I	viio65		vii	o	65			o7	False	False	(2, -1, -4, 5)	()	5	2	major	major	I	I, major	vii		I	I	False		, major	I	viio65, major		vii	-4	-4	-4	-4	-4	-4	True	False	False
2736	16	67	1	G	0	3	4	1	1	True	1.0	-4	115	115	115	115a	342	1/2	False	4	False			}	True	336	}		Ab	I	I	viio65		vii	o	65			o7	False	False	(2, -1, -4, 5)	()	5	2	major	major	I	I, major	vii		I	I	False		, major	I	viio65, major		vii	-4	-4	-4	5	5	5	True	True	False
2736	16	73	-5	D	-1	3	4	1	1	True	1.0	-4	115	115	115	115a	342	1/2	False	5	False			}	True	336	}		Ab	I	I	viio65		vii	o	65			o7	False	False	(2, -1, -4, 5)	()	5	2	major	major	I	I, major	vii		I	I	False		, major	I	viio65, major		vii	-4	-4	-4	-1	-1	-1	True	False	False
2744	8	63	-3	E	-1	3	4	1	2	True	2.0	-4	115	115	115	115a	343	1/4	False	4	True				False	337	V43		Ab	I	I	V43		V		43			Mm7	False	False	(2, -1, 1, 5)	()	1	2	major	major	I	I, major	V		I	I	False	V43	V43, major	I	V43, major		V	-4	-4	-4	1	1	1	True	True	False
2752	4	32	-4	A	-1	3	4	2	2	True	3.0	-4	115	115	115	115a	344	1/8	False	1	True	PAC	PAC		False	338	I]|PAC		Ab	I	I	I		I					M	False	False	(0, 4, 1)	()	0	0	major	major	I	I, major	I		I	I	False	I	I, major	I	I, major		I	-4	-4	-4	0	0	0	True	True	True
2752	4	44	-4	A	-1	3	4	2	1	True	3.0	-4	115	115	115	115a	344	1/8	False	2	True	PAC	PAC		False	338	I]|PAC		Ab	I	I	I		I					M	False	False	(0, 4, 1)	()	0	0	major	major	I	I, major	I		I	I	False	I	I, major	I	I, major		I	-4	-4	-4	0	0	0	True	True	True
2752	4	63	-3	E	-1	3	4	1	2	True	3.0	-4	115	115	115	115a	344	1/8	False	4	True	PAC	PAC		False	338	I]|PAC		Ab	I	I	I		I					M	False	False	(0, 4, 1)	()	0	0	major	major	I	I, major	I		I	I	False	I	I, major	I	I, major		I	-4	-4	-4	1	1	1	True	False	False
2752	4	68	-4	A	-1	3	4	1	1	True	3.0	-4	115	115	115	115a	344	1/8	False	4	True	PAC	PAC		False	338	I]|PAC		Ab	I	I	I		I					M	False	False	(0, 4, 1)	()	0	0	major	major	I	I, major	I		I	I	False	I	I, major	I	I, major		I	-4	-4	-4	0	0	0	True	True	True
2752	4	72	0	C	0	3	4	1	1	True	3.0	-4	115	115	115	115a	344	1/8	False	5	True	PAC	PAC		False	338	I]|PAC		Ab	I	I	I		I					M	False	False	(0, 4, 1)	()	0	0	major	major	I	I, major	I		I	I	False	I	I, major	I	I, major		I	-4	-4	-4	4	4	4	True	False	False
2760	4	32	-4	A	-1	3	4	2	2	True	1.0	-4	116	116	116	116a	345	1/8	False	1	False				False	338	I]|PAC		Ab	I	I	I		I					M	False	False	(0, 4, 1)	()	0	0	major	major	I	I, major	I		I	I	False	I	I, major	I	I, major		I	-4	-4	-4	0	0	0	True	True	True
2760	4	44	-4	A	-1	3	4	2	1	True	1.0	-4	116	116	116	116a	345	1/8	False	2	False				False	338	I]|PAC		Ab	I	I	I		I					M	False	False	(0, 4, 1)	()	0	0	major	major	I	I, major	I		I	I	False	I	I, major	I	I, major		I	-4	-4	-4	0	0	0	True	True	True
2760	4	63	-3	E	-1	3	4	1	2	True	1.0	-4	116	116	116	116a	345	1/8	False	4	False				False	338	I]|PAC		Ab	I	I	I		I					M	False	False	(0, 4, 1)	()	0	0	major	major	I	I, major	I		I	I	False	I	I, major	I	I, major		I	-4	-4	-4	1	1	1	True	False	False
2760	4	68	-4	A	-1	3	4	1	1	True	1.0	-4	116	116	116	116a	345	1/8	False	4	False				False	338	I]|PAC		Ab	I	I	I		I					M	False	False	(0, 4, 1)	()	0	0	major	major	I	I, major	I		I	I	False	I	I, major	I	I, major		I	-4	-4	-4	0	0	0	True	True	True
2760	4	72	0	C	0	3	4	1	1	True	1.0	-4	116	116	116	116a	345	1/8	False	5	False				False	338	I]|PAC		Ab	I	I	I		I					M	False	False	(0, 4, 1)	()	0	0	major	major	I	I, major	I		I	I	False	I	I, major	I	I, major		I	-4	-4	-4	4	4	4	True	False	False
