onset_div	duration_div	continuous_beats	pitch	tpc	step	alter	beat_float	downbeat	ts_beats	ts_beat_type	staff	voice	duration	is_note_onset	ks_fifths	mc	mc_playthrough	mn	mn_playthrough	octave	quarterbeats_playthrough	section_start	is_harmony_onset	cadence	cadence_type	phraseend	is_phrase_ending	unfolded_harmony_index	label	alt_label	globalkey	localkey	pedal	chord	special	numeral	form	figbass	changes	relativeroot	chord_type	globalkey_is_minor	localkey_is_minor	chord_tones	added_tones	root	bass_note	globalkey_mode	localkey_mode	localkey_resolved	localkey_and_mode	root_roman	relativeroot_resolved	effective_localkey	effective_localkey_resolved	effective_localkey_is_minor	chord_reduced	chord_reduced_and_mode	pedal_resolved	chord_and_mode	applied_to_numeral	numeral_or_applied_to_numeral	globalkey_tpc	localkey_tpc	tonicized_tpc	sic_with_global	sic_with_local	sic_with_tonicized	tpc_is_in_label	tpc_is_root	tpc_is_bass
24.0	24.0	1.0	69	3	A	0.0	2.0	2	4	4	1.0	1.0	1/4	True		1.0	1.0	1.0	1a	4	1	False	True			{	False	0	b.v{		b	i		v		v					m	True	True	(1, -2, 2)	()	1	1	minor	minor	i	i, minor	v		i	i	True	v	v, minor		v, minor		v	5	5	5	-2	-2	-2	True	False	False
48.0	12.0	2.0	69	3	A	0.0	3.0	3	4	4	1.0	1.0	1/8	False		1.0	1.0	1.0	1a	4	2	False	False				False	0	b.v{		b	i		v		v					m	True	True	(1, -2, 2)	()	1	1	minor	minor	i	i, minor	v		i	i	True	v	v, minor		v, minor		v	5	5	5	-2	-2	-2	True	False	False
60.0	12.0	2.5	67	1	G	0.0	3.5	0	4	4	1.0	1.0	1/8	True		1.0	1.0	1.0	1a	4	5/2	False	False				False	0	b.v{		b	i		v		v					m	True	True	(1, -2, 2)	()	1	1	minor	minor	i	i, minor	v		i	i	True	v	v, minor		v, minor		v	5	5	5	-4	-4	-4	False	False	False
72.0	12.0	3.0	66	6	F	1.0	4.0	4	4	4	1.0	1.0	1/8	True		1.0	1.0	1.0	1a	4	3	False	False				False	0	b.v{		b	i		v		v					m	True	True	(1, -2, 2)	()	1	1	minor	minor	i	i, minor	v		i	i	True	v	v, minor		v, minor		v	5	5	5	1	1	1	True	True	True
84.0	12.0	3.5	65	11	E	1.0	4.5	0	4	4	1.0	1.0	1/8	True		1.0	1.0	1.0	1a	4	7/2	False	False				False	0	b.v{		b	i		v		v					m	True	True	(1, -2, 2)	()	1	1	minor	minor	i	i, minor	v		i	i	True	v	v, minor		v, minor		v	5	5	5	6	6	6	False	False	False
96.0	12.0	4.0	67	1	G	0.0	1.0	1	4	4	1.0	1.0	1/8	True	2	2.0	2.0	2.0	2a	4	4	False	False				False	0	b.v{		b	i		v		v					m	True	True	(1, -2, 2)	()	1	1	minor	minor	i	i, minor	v		i	i	True	v	v, minor		v, minor		v	5	5	5	-4	-4	-4	False	False	False
108.0	12.0	4.5	66	6	F	1.0	1.5	0	4	4	1.0	1.0	1/8	True	2	2.0	2.0	2.0	2a	4	9/2	False	False				False	0	b.v{		b	i		v		v					m	True	True	(1, -2, 2)	()	1	1	minor	minor	i	i, minor	v		i	i	True	v	v, minor		v, minor		v	5	5	5	1	1	1	True	True	True
120.0	48.0	5.0	62	2	D	0.0	2.0	2	4	4	1.0	1.0	1/2	True	2	2.0	2.0	2.0	2a	4	5	False	True				False	1	i6		b	i		i6		i		6			m	True	True	(-3, 1, 0)	()	0	-3	minor	minor	i	i, minor	i		i	i	True	i6	i6, minor		i6, minor		i	5	5	5	-3	-3	-3	True	False	True
168.0	24.0	7.0	61	7	C	1.0	4.0	4	4	4	1.0	1.0	1/4	True	2	2.0	2.0	2.0	2a	4	7	False	True				False	2	V64		b	i		V64		V		64			M	True	True	(2, 1, 5)	()	1	2	minor	minor	i	i, minor	V		i	i	True	V64	V64, minor		V64, minor		V	5	5	5	2	2	2	True	False	True
204.0	12.0	8.5	35	5	B	0.0	1.5	0	4	4	2.0	1.0	1/8	True	2	3.0	3.0	3.0	3a	1	17/2	False	False				False	2	V64		b	i		V64		V		64			M	True	True	(2, 1, 5)	()	1	2	minor	minor	i	i, minor	V		i	i	True	V64	V64, minor		V64, minor		V	5	5	5	0	0	0	False	False	False
216.0	12.0	9.0	42	6	F	1.0	2.0	2	4	4	2.0	1.0	1/8	True	2	3.0	3.0	3.0	3a	2	9	False	False				False	2	V64		b	i		V64		V		64			M	True	True	(2, 1, 5)	()	1	2	minor	minor	i	i, minor	V		i	i	True	V64	V64, minor		V64, minor		V	5	5	5	1	1	1	True	True	False
228.0	12.0	9.5	50	2	D	0.0	2.5	0	4	4	2.0	1.0	1/8	True	2	3.0	3.0	3.0	3a	3	19/2	False	False				False	2	V64		b	i		V64		V		64			M	True	True	(2, 1, 5)	()	1	2	minor	minor	i	i, minor	V		i	i	True	V64	V64, minor		V64, minor		V	5	5	5	-3	-3	-3	False	False	False
252.0	12.0	10.5	49	7	C	1.0	3.5	0	4	4	2.0	1.0	1/8	True	2	3.0	3.0	3.0	3a	3	21/2	False	False				False	2	V64		b	i		V64		V		64			M	True	True	(2, 1, 5)	()	1	2	minor	minor	i	i, minor	V		i	i	True	V64	V64, minor		V64, minor		V	5	5	5	2	2	2	True	False	True
264.0	12.0	11.0	42	6	F	1.0	4.0	4	4	4	2.0	1.0	1/8	True	2	3.0	3.0	3.0	3a	2	11	False	False				False	2	V64		b	i		V64		V		64			M	True	True	(2, 1, 5)	()	1	2	minor	minor	i	i, minor	V		i	i	True	V64	V64, minor		V64, minor		V	5	5	5	1	1	1	True	True	False
276.0	12.0	11.5	35	5	B	0.0	4.5	0	4	4	2.0	1.0	1/8	True	2	3.0	3.0	3.0	3a	1	23/2	False	False				False	2	V64		b	i		V64		V		64			M	True	True	(2, 1, 5)	()	1	2	minor	minor	i	i, minor	V		i	i	True	V64	V64, minor		V64, minor		V	5	5	5	0	0	0	False	False	False
288.0	42.0	12.0	59	5	B	0.0	1.0	1	4	4	1.0	1.0	7/16	True	2	4.0	4.0	4.0	4a	3	12	False	True			}{	True	5	i}{		b	i	i	i		i					m	True	True	(0, -3, 1)	()	0	0	minor	minor	i	i, minor	i		i	i	True	i	i, minor	i	i, minor		i	5	5	5	0	0	0	True	True	True
300.0	12.0	12.5	35	5	B	0.0	1.5	0	4	4	2.0	1.0	1/8	True	2	4.0	4.0	4.0	4a	1	25/2	False	False				False	5	i}{		b	i	i	i		i					m	True	True	(0, -3, 1)	()	0	0	minor	minor	i	i, minor	i		i	i	True	i	i, minor	i	i, minor		i	5	5	5	0	0	0	True	True	True
312.0	12.0	13.0	42	6	F	1.0	2.0	2	4	4	2.0	1.0	1/8	True	2	4.0	4.0	4.0	4a	2	13	False	False				False	5	i}{		b	i	i	i		i					m	True	True	(0, -3, 1)	()	0	0	minor	minor	i	i, minor	i		i	i	True	i	i, minor	i	i, minor		i	5	5	5	1	1	1	True	False	False
324.0	12.0	13.5	50	2	D	0.0	2.5	0	4	4	2.0	1.0	1/8	True	2	4.0	4.0	4.0	4a	3	27/2	False	False				False	5	i}{		b	i	i	i		i					m	True	True	(0, -3, 1)	()	0	0	minor	minor	i	i, minor	i		i	i	True	i	i, minor	i	i, minor		i	5	5	5	-3	-3	-3	True	False	False
330.0	3.0	13.75	61	7	C	1.0	2.75	0	4	4	1.0	1.0	1/32	True	2	4.0	4.0	4.0	4a	4	55/4	False	False				False	5	i}{		b	i	i	i		i					m	True	True	(0, -3, 1)	()	0	0	minor	minor	i	i, minor	i		i	i	True	i	i, minor	i	i, minor		i	5	5	5	2	2	2	False	False	False
333.0	3.0	13.875	59	5	B	0.0	2.875	0	4	4	1.0	1.0	1/32	True	2	4.0	4.0	4.0	4a	3	111/8	False	False				False	5	i}{		b	i	i	i		i					m	True	True	(0, -3, 1)	()	0	0	minor	minor	i	i, minor	i		i	i	True	i	i, minor	i	i, minor		i	5	5	5	0	0	0	True	True	True
336.0	48.0	14.0	57	3	A	0.0	3.0	3	4	4	1.0	1.0	1/2	True	2	4.0	4.0	4.0	4a	3	14	False	True				False	6	v		b	i	i	v		v					m	True	True	(1, -2, 2)	()	1	1	minor	minor	i	i, minor	v		i	i	True	v	v, minor	i	v, minor		v	5	5	5	-2	-2	-2	True	False	False
348.0	12.0	14.5	49	7	C	1.0	3.5	0	4	4	2.0	1.0	1/8	True	2	4.0	4.0	4.0	4a	3	29/2	False	False				False	6	v		b	i	i	v		v					m	True	True	(1, -2, 2)	()	1	1	minor	minor	i	i, minor	v		i	i	True	v	v, minor	i	v, minor		v	5	5	5	2	2	2	True	False	False
360.0	12.0	15.0	42	6	F	1.0	4.0	4	4	4	2.0	1.0	1/8	True	2	4.0	4.0	4.0	4a	2	15	False	False				False	6	v		b	i	i	v		v					m	True	True	(1, -2, 2)	()	1	1	minor	minor	i	i, minor	v		i	i	True	v	v, minor	i	v, minor		v	5	5	5	1	1	1	True	True	True
372.0	12.0	15.5	35	5	B	0.0	4.5	0	4	4	2.0	1.0	1/8	True	2	4.0	4.0	4.0	4a	1	31/2	False	False				False	6	v		b	i	i	v		v					m	True	True	(1, -2, 2)	()	1	1	minor	minor	i	i, minor	v		i	i	True	v	v, minor	i	v, minor		v	5	5	5	0	0	0	False	False	False
384.0	24.0	16.0	59	5	B	0.0	1.0	1	4	4	1.0	1.0	1/4	True	2	5.0	5.0	5.0	5a	3	16	False	True				False	7	i		b	i	i	i		i					m	True	True	(0, -3, 1)	()	0	0	minor	minor	i	i, minor	i		i	i	True	i	i, minor	i	i, minor		i	5	5	5	0	0	0	True	True	True
396.0	12.0	16.5	35	5	B	0.0	1.5	0	4	4	2.0	1.0	1/8	True	2	5.0	5.0	5.0	5a	1	33/2	False	False				False	7	i		b	i	i	i		i					m	True	True	(0, -3, 1)	()	0	0	minor	minor	i	i, minor	i		i	i	True	i	i, minor	i	i, minor		i	5	5	5	0	0	0	True	True	True
408.0	12.0	17.0	42	6	F	1.0	2.0	2	4	4	2.0	1.0	1/8	True	2	5.0	5.0	5.0	5a	2	17	False	False				False	7	i		b	i	i	i		i					m	True	True	(0, -3, 1)	()	0	0	minor	minor	i	i, minor	i		i	i	True	i	i, minor	i	i, minor		i	5	5	5	1	1	1	True	False	False
408.0	8.0	17.0	62	2	D	0.0	2.0	2	4	4	1.0	1.0	1/12	True	2	5.0	5.0	5.0	5a	4	17	False	False				False	7	i		b	i	i	i		i					m	True	True	(0, -3, 1)	()	0	0	minor	minor	i	i, minor	i		i	i	True	i	i, minor	i	i, minor		i	5	5	5	-3	-3	-3	True	False	False
416.0	8.0	17.333	59	5	B	0.0	2.333	0	4	4	1.0	1.0	1/12	True	2	5.0	5.0	5.0	5a	3	52/3	False	False				False	7	i		b	i	i	i		i					m	True	True	(0, -3, 1)	()	0	0	minor	minor	i	i, minor	i		i	i	True	i	i, minor	i	i, minor		i	5	5	5	0	0	0	True	True	True
420.0	12.0	17.5	50	2	D	0.0	2.5	0	4	4	2.0	1.0	1/8	True	2	5.0	5.0	5.0	5a	3	35/2	False	False				False	7	i		b	i	i	i		i					m	True	True	(0, -3, 1)	()	0	0	minor	minor	i	i, minor	i		i	i	True	i	i, minor	i	i, minor		i	5	5	5	-3	-3	-3	True	False	False
424.0	8.0	17.667	61	7	C	1.0	2.667	0	4	4	1.0	1.0	1/12	True	2	5.0	5.0	5.0	5a	4	53/3	False	False				False	7	i		b	i	i	i		i					m	True	True	(0, -3, 1)	()	0	0	minor	minor	i	i, minor	i		i	i	True	i	i, minor	i	i, minor		i	5	5	5	2	2	2	False	False	False
432.0	48.0	18.0	57	3	A	0.0	3.0	3	4	4	1.0	1.0	1/2	True	2	5.0	5.0	5.0	5a	3	18	False	True				False	8	v		b	i	i	v		v					m	True	True	(1, -2, 2)	()	1	1	minor	minor	i	i, minor	v		i	i	True	v	v, minor	i	v, minor		v	5	5	5	-2	-2	-2	True	False	False
444.0	12.0	18.5	49	7	C	1.0	3.5	0	4	4	2.0	1.0	1/8	True	2	5.0	5.0	5.0	5a	3	37/2	False	False				False	8	v		b	i	i	v		v					m	True	True	(1, -2, 2)	()	1	1	minor	minor	i	i, minor	v		i	i	True	v	v, minor	i	v, minor		v	5	5	5	2	2	2	True	False	False
456.0	12.0	19.0	42	6	F	1.0	4.0	4	4	4	2.0	1.0	1/8	True	2	5.0	5.0	5.0	5a	2	19	False	False				False	8	v		b	i	i	v		v					m	True	True	(1, -2, 2)	()	1	1	minor	minor	i	i, minor	v		i	i	True	v	v, minor	i	v, minor		v	5	5	5	1	1	1	True	True	True
468.0	12.0	19.5	35	5	B	0.0	4.5	0	4	4	2.0	1.0	1/8	True	2	5.0	5.0	5.0	5a	1	39/2	False	False				False	8	v		b	i	i	v		v					m	True	True	(1, -2, 2)	()	1	1	minor	minor	i	i, minor	v		i	i	True	v	v, minor	i	v, minor		v	5	5	5	0	0	0	False	False	False
480.0	12.0	20.0	59	5	B	0.0	1.0	1	4	4	1.0	1.0	1/8	True	2	6.0	6.0	6.0	6a	3	20	False	True				False	9	i7		b	i	i	i7		i		7			mm7	True	True	(0, -3, 1, -2)	()	0	0	minor	minor	i	i, minor	i		i	i	True	i7	i7, minor	i	i7, minor		i	5	5	5	0	0	0	True	True	True
492.0	12.0	20.5	35	5	B	0.0	1.5	0	4	4	2.0	1.0	1/8	True	2	6.0	6.0	6.0	6a	1	41/2	False	False				False	9	i7		b	i	i	i7		i		7			mm7	True	True	(0, -3, 1, -2)	()	0	0	minor	minor	i	i, minor	i		i	i	True	i7	i7, minor	i	i7, minor		i	5	5	5	0	0	0	True	True	True
492.0	4.0	20.5	59	5	B	0.0	1.5	0	4	4	1.0	1.0	1/24	False	2	6.0	6.0	6.0	6a	3	41/2	False	False				False	9	i7		b	i	i	i7		i		7			mm7	True	True	(0, -3, 1, -2)	()	0	0	minor	minor	i	i, minor	i		i	i	True	i7	i7, minor	i	i7, minor		i	5	5	5	0	0	0	True	True	True
496.0	4.0	20.667	62	2	D	0.0	1.667	0	4	4	1.0	1.0	1/24	True	2	6.0	6.0	6.0	6a	4	62/3	False	False				False	9	i7		b	i	i	i7		i		7			mm7	True	True	(0, -3, 1, -2)	()	0	0	minor	minor	i	i, minor	i		i	i	True	i7	i7, minor	i	i7, minor		i	5	5	5	-3	-3	-3	True	False	False
500.0	4.0	20.833	66	6	F	1.0	1.833	0	4	4	1.0	1.0	1/24	True	2	6.0	6.0	6.0	6a	4	125/6	False	False				False	9	i7		b	i	i	i7		i		7			mm7	True	True	(0, -3, 1, -2)	()	0	0	minor	minor	i	i, minor	i		i	i	True	i7	i7, minor	i	i7, minor		i	5	5	5	1	1	1	True	False	False
504.0	12.0	21.0	42	6	F	1.0	2.0	2	4	4	2.0	1.0	1/8	True	2	6.0	6.0	6.0	6a	2	21	False	False				False	9	i7		b	i	i	i7		i		7			mm7	True	True	(0, -3, 1, -2)	()	0	0	minor	minor	i	i, minor	i		i	i	True	i7	i7, minor	i	i7, minor		i	5	5	5	1	1	1	True	False	False
504.0	9.0	21.0	69	3	A	0.0	2.0	2	4	4	1.0	1.0	3/32	True	2	6.0	6.0	6.0	6a	4	21	False	False				False	9	i7		b	i	i	i7		i		7			mm7	True	True	(0, -3, 1, -2)	()	0	0	minor	minor	i	i, minor	i		i	i	True	i7	i7, minor	i	i7, minor		i	5	5	5	-2	-2	-2	True	False	False
513.0	3.0	21.375	67	1	G	0.0	2.375	0	4	4	1.0	1.0	1/32	True	2	6.0	6.0	6.0	6a	4	171/8	False	False				False	9	i7		b	i	i	i7		i		7			mm7	True	True	(0, -3, 1, -2)	()	0	0	minor	minor	i	i, minor	i		i	i	True	i7	i7, minor	i	i7, minor		i	5	5	5	-4	-4	-4	False	False	False
516.0	12.0	21.5	50	2	D	0.0	2.5	0	4	4	2.0	1.0	1/8	True	2	6.0	6.0	6.0	6a	3	43/2	False	False				False	9	i7		b	i	i	i7		i		7			mm7	True	True	(0, -3, 1, -2)	()	0	0	minor	minor	i	i, minor	i		i	i	True	i7	i7, minor	i	i7, minor		i	5	5	5	-3	-3	-3	True	False	False
516.0	4.0	21.5	66	6	F	1.0	2.5	0	4	4	1.0	1.0	1/24	True	2	6.0	6.0	6.0	6a	4	43/2	False	False				False	9	i7		b	i	i	i7		i		7			mm7	True	True	(0, -3, 1, -2)	()	0	0	minor	minor	i	i, minor	i		i	i	True	i7	i7, minor	i	i7, minor		i	5	5	5	1	1	1	True	False	False
520.0	4.0	21.667	62	2	D	0.0	2.667	0	4	4	1.0	1.0	1/24	True	2	6.0	6.0	6.0	6a	4	65/3	False	False				False	9	i7		b	i	i	i7		i		7			mm7	True	True	(0, -3, 1, -2)	()	0	0	minor	minor	i	i, minor	i		i	i	True	i7	i7, minor	i	i7, minor		i	5	5	5	-3	-3	-3	True	False	False
524.0	4.0	21.833	59	5	B	0.0	2.833	0	4	4	1.0	1.0	1/24	True	2	6.0	6.0	6.0	6a	3	131/6	False	False				False	9	i7		b	i	i	i7		i		7			mm7	True	True	(0, -3, 1, -2)	()	0	0	minor	minor	i	i, minor	i		i	i	True	i7	i7, minor	i	i7, minor		i	5	5	5	0	0	0	True	True	True
528.0	24.0	22.0	57	3	A	0.0	3.0	3	4	4	1.0	1.0	1/4	True	2	6.0	6.0	6.0	6a	3	22	False	True				False	10	v7		b	i	i	v7		v		7			mm7	True	True	(1, -2, 2, -1)	()	1	1	minor	minor	i	i, minor	v		i	i	True	v7	v7, minor	i	v7, minor		v	5	5	5	-2	-2	-2	True	False	False
540.0	12.0	22.5	49	7	C	1.0	3.5	0	4	4	2.0	1.0	1/8	True	2	6.0	6.0	6.0	6a	3	45/2	False	False				False	10	v7		b	i	i	v7		v		7			mm7	True	True	(1, -2, 2, -1)	()	1	1	minor	minor	i	i, minor	v		i	i	True	v7	v7, minor	i	v7, minor		v	5	5	5	2	2	2	True	False	False
552.0	12.0	23.0	42	6	F	1.0	4.0	4	4	4	2.0	1.0	1/8	True	2	6.0	6.0	6.0	6a	2	23	False	False				False	10	v7		b	i	i	v7		v		7			mm7	True	True	(1, -2, 2, -1)	()	1	1	minor	minor	i	i, minor	v		i	i	True	v7	v7, minor	i	v7, minor		v	5	5	5	1	1	1	True	True	True
552.0	12.0	23.0	49	7	C	1.0	4.0	4	4	4	2.0	1.0	1/8	False	2	6.0	6.0	6.0	6a	3	23	False	False				False	10	v7		b	i	i	v7		v		7			mm7	True	True	(1, -2, 2, -1)	()	1	1	minor	minor	i	i, minor	v		i	i	True	v7	v7, minor	i	v7, minor		v	5	5	5	2	2	2	True	False	False
552.0	24.0	23.0	52	4	E	0.0	4.0	4	4	4	1.0	1.0	1/4	True	2	6.0	6.0	6.0	6a	3	23	False	False				False	10	v7		b	i	i	v7		v		7			mm7	True	True	(1, -2, 2, -1)	()	1	1	minor	minor	i	i, minor	v		i	i	True	v7	v7, minor	i	v7, minor		v	5	5	5	-1	-1	-1	True	False	False
564.0	12.0	23.5	35	5	B	0.0	4.5	0	4	4	2.0	1.0	1/8	True	2	6.0	6.0	6.0	6a	1	47/2	False	False				False	10	v7		b	i	i	v7		v		7			mm7	True	True	(1, -2, 2, -1)	()	1	1	minor	minor	i	i, minor	v		i	i	True	v7	v7, minor	i	v7, minor		v	5	5	5	0	0	0	False	False	False
564.0	12.0	23.5	42	6	F	1.0	4.5	0	4	4	2.0	1.0	1/8	False	2	6.0	6.0	6.0	6a	2	47/2	False	False				False	10	v7		b	i	i	v7		v		7			mm7	True	True	(1, -2, 2, -1)	()	1	1	minor	minor	i	i, minor	v		i	i	True	v7	v7, minor	i	v7, minor		v	5	5	5	1	1	1	True	True	True
564.0	12.0	23.5	49	7	C	1.0	4.5	0	4	4	2.0	1.0	1/8	False	2	6.0	6.0	6.0	6a	3	47/2	False	False				False	10	v7		b	i	i	v7		v		7			mm7	True	True	(1, -2, 2, -1)	()	1	1	minor	minor	i	i, minor	v		i	i	True	v7	v7, minor	i	v7, minor		v	5	5	5	2	2	2	True	False	False
582.0	6.0	24.25	57	3	A	0.0	1.25	0	4	4	1.0	1.0	1/16	True	2	7.0	7.0	7.0	7a	3	97/4	False	True				False	11	V64		b	i	i	V64		V		64			M	True	True	(2, 1, 5)	()	1	2	minor	minor	i	i, minor	V		i	i	True	V64	V64, minor	i	V64, minor		V	5	5	5	-2	-2	-2	False	False	False
588.0	12.0	24.5	46	10	A	1.0	1.5	0	4	4	2.0	1.0	1/8	True	2	7.0	7.0	7.0	7a	2	49/2	False	False				False	11	V64		b	i	i	V64		V		64			M	True	True	(2, 1, 5)	()	1	2	minor	minor	i	i, minor	V		i	i	True	V64	V64, minor	i	V64, minor		V	5	5	5	5	5	5	True	False	False
588.0	6.0	24.5	56	8	G	1.0	1.5	0	4	4	1.0	1.0	1/16	True	2	7.0	7.0	7.0	7a	3	49/2	False	False				False	11	V64		b	i	i	V64		V		64			M	True	True	(2, 1, 5)	()	1	2	minor	minor	i	i, minor	V		i	i	True	V64	V64, minor	i	V64, minor		V	5	5	5	3	3	3	False	False	False
594.0	6.0	24.75	55	1	G	0.0	1.75	0	4	4	1.0	1.0	1/16	True	2	7.0	7.0	7.0	7a	3	99/4	False	False				False	11	V64		b	i	i	V64		V		64			M	True	True	(2, 1, 5)	()	1	2	minor	minor	i	i, minor	V		i	i	True	V64	V64, minor	i	V64, minor		V	5	5	5	-4	-4	-4	False	False	False
600.0	12.0	25.0	37	7	C	1.0	2.0	2	4	4	2.0	1.0	1/8	True	2	7.0	7.0	7.0	7a	2	25	False	False				False	11	V64		b	i	i	V64		V		64			M	True	True	(2, 1, 5)	()	1	2	minor	minor	i	i, minor	V		i	i	True	V64	V64, minor	i	V64, minor		V	5	5	5	2	2	2	True	False	True
600.0	12.0	25.0	46	10	A	1.0	2.0	2	4	4	2.0	1.0	1/8	False	2	7.0	7.0	7.0	7a	2	25	False	False				False	11	V64		b	i	i	V64		V		64			M	True	True	(2, 1, 5)	()	1	2	minor	minor	i	i, minor	V		i	i	True	V64	V64, minor	i	V64, minor		V	5	5	5	5	5	5	True	False	False
600.0	6.0	25.0	54	6	F	1.0	2.0	2	4	4	1.0	1.0	1/16	True	2	7.0	7.0	7.0	7a	3	25	False	False				False	11	V64		b	i	i	V64		V		64			M	True	True	(2, 1, 5)	()	1	2	minor	minor	i	i, minor	V		i	i	True	V64	V64, minor	i	V64, minor		V	5	5	5	1	1	1	True	True	False
606.0	6.0	25.25	53	-1	F	0.0	2.25	0	4	4	1.0	1.0	1/16	True	2	7.0	7.0	7.0	7a	3	101/4	False	False				False	11	V64		b	i	i	V64		V		64			M	True	True	(2, 1, 5)	()	1	2	minor	minor	i	i, minor	V		i	i	True	V64	V64, minor	i	V64, minor		V	5	5	5	-6	-6	-6	False	False	False
612.0	12.0	25.5	35	5	B	0.0	2.5	0	4	4	2.0	1.0	1/8	True	2	7.0	7.0	7.0	7a	1	51/2	False	False				False	11	V64		b	i	i	V64		V		64			M	True	True	(2, 1, 5)	()	1	2	minor	minor	i	i, minor	V		i	i	True	V64	V64, minor	i	V64, minor		V	5	5	5	0	0	0	False	False	False
612.0	12.0	25.5	37	7	C	1.0	2.5	0	4	4	2.0	1.0	1/8	False	2	7.0	7.0	7.0	7a	2	51/2	False	False				False	11	V64		b	i	i	V64		V		64			M	True	True	(2, 1, 5)	()	1	2	minor	minor	i	i, minor	V		i	i	True	V64	V64, minor	i	V64, minor		V	5	5	5	2	2	2	True	False	True
612.0	12.0	25.5	46	10	A	1.0	2.5	0	4	4	2.0	1.0	1/8	False	2	7.0	7.0	7.0	7a	2	51/2	False	False				False	11	V64		b	i	i	V64		V		64			M	True	True	(2, 1, 5)	()	1	2	minor	minor	i	i, minor	V		i	i	True	V64	V64, minor	i	V64, minor		V	5	5	5	5	5	5	True	False	False
612.0	6.0	25.5	52	4	E	0.0	2.5	0	4	4	1.0	1.0	1/16	True	2	7.0	7.0	7.0	7a	3	51/2	False	False				False	11	V64		b	i	i	V64		V		64			M	True	True	(2, 1, 5)	()	1	2	minor	minor	i	i, minor	V		i	i	True	V64	V64, minor	i	V64, minor		V	5	5	5	-1	-1	-1	False	False	False
618.0	6.0	25.75	51	9	D	1.0	2.75	0	4	4	1.0	1.0	1/16	True	2	7.0	7.0	7.0	7a	3	103/4	False	False				False	11	V64		b	i	i	V64		V		64			M	True	True	(2, 1, 5)	()	1	2	minor	minor	i	i, minor	V		i	i	True	V64	V64, minor	i	V64, minor		V	5	5	5	4	4	4	False	False	False
624.0	24.0	26.0	50	2	D	0.0	3.0	3	4	4	1.0	1.0	1/4	True	2	7.0	7.0	7.0	7a	3	26	False	True				False	12	ii%7/vii]		b	i	i	ii%7/vii		ii	%	7		vii	%7	True	True	(0, -3, -6, -2)	()	0	0	minor	minor	i	i, minor	ii/vii	vii	vii/i	vii	True	ii%7/vii	ii%7/vii, minor	i	ii%7/vii, minor	vii	vii	5	5	3	-3	-3	-1	True	False	False
636.0	12.0	26.5	45	3	A	0.0	3.5	0	4	4	2.0	1.0	1/8	True	2	7.0	7.0	7.0	7a	2	53/2	False	False				False	12	ii%7/vii]		b	i	i	ii%7/vii		ii	%	7		vii	%7	True	True	(0, -3, -6, -2)	()	0	0	minor	minor	i	i, minor	ii/vii	vii	vii/i	vii	True	ii%7/vii	ii%7/vii, minor	i	ii%7/vii, minor	vii	vii	5	5	3	-2	-2	0	True	False	False
648.0	12.0	27.0	41	-1	F	0.0	4.0	4	4	4	2.0	1.0	1/8	True	2	7.0	7.0	7.0	7a	2	27	False	False				False	12	ii%7/vii]		b	i	i	ii%7/vii		ii	%	7		vii	%7	True	True	(0, -3, -6, -2)	()	0	0	minor	minor	i	i, minor	ii/vii	vii	vii/i	vii	True	ii%7/vii	ii%7/vii, minor	i	ii%7/vii, minor	vii	vii	5	5	3	-6	-6	-4	True	False	False
648.0	12.0	27.0	45	3	A	0.0	4.0	4	4	4	2.0	1.0	1/8	False	2	7.0	7.0	7.0	7a	2	27	False	False				False	12	ii%7/vii]		b	i	i	ii%7/vii		ii	%	7		vii	%7	True	True	(0, -3, -6, -2)	()	0	0	minor	minor	i	i, minor	ii/vii	vii	vii/i	vii	True	ii%7/vii	ii%7/vii, minor	i	ii%7/vii, minor	vii	vii	5	5	3	-2	-2	0	True	False	False
648.0	24.0	27.0	47	5	B	0.0	4.0	4	4	4	1.0	1.0	1/4	True	2	7.0	7.0	7.0	7a	2	27	False	False				False	12	ii%7/vii]		b	i	i	ii%7/vii		ii	%	7		vii	%7	True	True	(0, -3, -6, -2)	()	0	0	minor	minor	i	i, minor	ii/vii	vii	vii/i	vii	True	ii%7/vii	ii%7/vii, minor	i	ii%7/vii, minor	vii	vii	5	5	3	0	0	2	True	True	True
660.0	12.0	27.5	35	5	B	0.0	4.5	0	4	4	2.0	1.0	1/8	True	2	7.0	7.0	7.0	7a	1	55/2	False	False				False	12	ii%7/vii]		b	i	i	ii%7/vii		ii	%	7		vii	%7	True	True	(0, -3, -6, -2)	()	0	0	minor	minor	i	i, minor	ii/vii	vii	vii/i	vii	True	ii%7/vii	ii%7/vii, minor	i	ii%7/vii, minor	vii	vii	5	5	3	0	0	2	True	True	True
660.0	12.0	27.5	41	-1	F	0.0	4.5	0	4	4	2.0	1.0	1/8	False	2	7.0	7.0	7.0	7a	2	55/2	False	False				False	12	ii%7/vii]		b	i	i	ii%7/vii		ii	%	7		vii	%7	True	True	(0, -3, -6, -2)	()	0	0	minor	minor	i	i, minor	ii/vii	vii	vii/i	vii	True	ii%7/vii	ii%7/vii, minor	i	ii%7/vii, minor	vii	vii	5	5	3	-6	-6	-4	True	False	False
660.0	12.0	27.5	45	3	A	0.0	4.5	0	4	4	2.0	1.0	1/8	False	2	7.0	7.0	7.0	7a	2	55/2	False	False				False	12	ii%7/vii]		b	i	i	ii%7/vii		ii	%	7		vii	%7	True	True	(0, -3, -6, -2)	()	0	0	minor	minor	i	i, minor	ii/vii	vii	vii/i	vii	True	ii%7/vii	ii%7/vii, minor	i	ii%7/vii, minor	vii	vii	5	5	3	-2	-2	0	True	False	False
672.0	96.0	28.0	47	5	B	0.0	1.0	1	4	4	1.0	1.0	1	False	2	8.0	8.0	8.0	8a	2	28	False	True				False	13	IV	V/vii	b	i		IV		IV					M	True	True	(-1, 3, 0)	()	-1	-1	minor	minor	i	i, minor	IV		i	i	True	IV	IV, minor		IV, minor		IV	5	5	5	0	0	0	True	False	False
684.0	12.0	28.5	44	8	G	1.0	1.5	0	4	4	2.0	1.0	1/8	True	2	8.0	8.0	8.0	8a	2	57/2	False	False				False	13	IV	V/vii	b	i		IV		IV					M	True	True	(-1, 3, 0)	()	-1	-1	minor	minor	i	i, minor	IV		i	i	True	IV	IV, minor		IV, minor		IV	5	5	5	3	3	3	True	False	False
696.0	12.0	29.0	35	5	B	0.0	2.0	2	4	4	2.0	1.0	1/8	True	2	8.0	8.0	8.0	8a	1	29	False	False				False	13	IV	V/vii	b	i		IV		IV					M	True	True	(-1, 3, 0)	()	-1	-1	minor	minor	i	i, minor	IV		i	i	True	IV	IV, minor		IV, minor		IV	5	5	5	0	0	0	True	False	False
696.0	12.0	29.0	44	8	G	1.0	2.0	2	4	4	2.0	1.0	1/8	False	2	8.0	8.0	8.0	8a	2	29	False	False				False	13	IV	V/vii	b	i		IV		IV					M	True	True	(-1, 3, 0)	()	-1	-1	minor	minor	i	i, minor	IV		i	i	True	IV	IV, minor		IV, minor		IV	5	5	5	3	3	3	True	False	False
708.0	12.0	29.5	28	4	E	0.0	2.5	0	4	4	2.0	1.0	1/8	True	2	8.0	8.0	8.0	8a	1	59/2	False	False				False	13	IV	V/vii	b	i		IV		IV					M	True	True	(-1, 3, 0)	()	-1	-1	minor	minor	i	i, minor	IV		i	i	True	IV	IV, minor		IV, minor		IV	5	5	5	-1	-1	-1	True	True	True
708.0	12.0	29.5	35	5	B	0.0	2.5	0	4	4	2.0	1.0	1/8	False	2	8.0	8.0	8.0	8a	1	59/2	False	False				False	13	IV	V/vii	b	i		IV		IV					M	True	True	(-1, 3, 0)	()	-1	-1	minor	minor	i	i, minor	IV		i	i	True	IV	IV, minor		IV, minor		IV	5	5	5	0	0	0	True	False	False
708.0	12.0	29.5	44	8	G	1.0	2.5	0	4	4	2.0	1.0	1/8	False	2	8.0	8.0	8.0	8a	2	59/2	False	False				False	13	IV	V/vii	b	i		IV		IV					M	True	True	(-1, 3, 0)	()	-1	-1	minor	minor	i	i, minor	IV		i	i	True	IV	IV, minor		IV, minor		IV	5	5	5	3	3	3	True	False	False
732.0	12.0	30.5	43	1	G	0.0	3.5	0	4	4	2.0	1.0	1/8	True	2	8.0	8.0	8.0	8a	2	61/2	False	False				False	13	IV	V/vii	b	i		IV		IV					M	True	True	(-1, 3, 0)	()	-1	-1	minor	minor	i	i, minor	IV		i	i	True	IV	IV, minor		IV, minor		IV	5	5	5	-4	-4	-4	False	False	False
744.0	12.0	31.0	38	2	D	0.0	4.0	4	4	4	2.0	1.0	1/8	True	2	8.0	8.0	8.0	8a	2	31	False	False				False	13	IV	V/vii	b	i		IV		IV					M	True	True	(-1, 3, 0)	()	-1	-1	minor	minor	i	i, minor	IV		i	i	True	IV	IV, minor		IV, minor		IV	5	5	5	-3	-3	-3	False	False	False
744.0	12.0	31.0	43	1	G	0.0	4.0	4	4	4	2.0	1.0	1/8	False	2	8.0	8.0	8.0	8a	2	31	False	False				False	13	IV	V/vii	b	i		IV		IV					M	True	True	(-1, 3, 0)	()	-1	-1	minor	minor	i	i, minor	IV		i	i	True	IV	IV, minor		IV, minor		IV	5	5	5	-4	-4	-4	False	False	False
756.0	12.0	31.5	31	1	G	0.0	4.5	0	4	4	2.0	1.0	1/8	True	2	8.0	8.0	8.0	8a	1	63/2	False	False				False	13	IV	V/vii	b	i		IV		IV					M	True	True	(-1, 3, 0)	()	-1	-1	minor	minor	i	i, minor	IV		i	i	True	IV	IV, minor		IV, minor		IV	5	5	5	-4	-4	-4	False	False	False
756.0	12.0	31.5	38	2	D	0.0	4.5	0	4	4	2.0	1.0	1/8	False	2	8.0	8.0	8.0	8a	2	63/2	False	False				False	13	IV	V/vii	b	i		IV		IV					M	True	True	(-1, 3, 0)	()	-1	-1	minor	minor	i	i, minor	IV		i	i	True	IV	IV, minor		IV, minor		IV	5	5	5	-3	-3	-3	False	False	False
756.0	12.0	31.5	43	1	G	0.0	4.5	0	4	4	2.0	1.0	1/8	False	2	8.0	8.0	8.0	8a	2	63/2	False	False				False	13	IV	V/vii	b	i		IV		IV					M	True	True	(-1, 3, 0)	()	-1	-1	minor	minor	i	i, minor	IV		i	i	True	IV	IV, minor		IV, minor		IV	5	5	5	-4	-4	-4	False	False	False
768.0	72.0	32.0	47	5	B	0.0	1.0	1	4	4	1.0	1.0	3/4	False	2	9.0	9.0	9.0	9a	2	32	False	False	PC	PC	}	True	15	i|PC}		b	i		i		i					m	True	True	(0, -3, 1)	()	0	0	minor	minor	i	i, minor	i		i	i	True	i	i, minor		i, minor		i	5	5	5	0	0	0	True	True	True
780.0	12.0	32.5	38	2	D	0.0	1.5	0	4	4	2.0	1.0	1/8	True	2	9.0	9.0	9.0	9a	2	65/2	False	False				False	15	i|PC}		b	i		i		i					m	True	True	(0, -3, 1)	()	0	0	minor	minor	i	i, minor	i		i	i	True	i	i, minor		i, minor		i	5	5	5	-3	-3	-3	True	False	False
792.0	12.0	33.0	30	6	F	1.0	2.0	2	4	4	2.0	1.0	1/8	True	2	9.0	9.0	9.0	9a	1	33	False	False				False	15	i|PC}		b	i		i		i					m	True	True	(0, -3, 1)	()	0	0	minor	minor	i	i, minor	i		i	i	True	i	i, minor		i, minor		i	5	5	5	1	1	1	True	False	False
792.0	12.0	33.0	38	2	D	0.0	2.0	2	4	4	2.0	1.0	1/8	False	2	9.0	9.0	9.0	9a	2	33	False	False				False	15	i|PC}		b	i		i		i					m	True	True	(0, -3, 1)	()	0	0	minor	minor	i	i, minor	i		i	i	True	i	i, minor		i, minor		i	5	5	5	-3	-3	-3	True	False	False
804.0	12.0	33.5	23	5	B	0.0	2.5	0	4	4	2.0	1.0	1/8	True	2	9.0	9.0	9.0	9a	0	67/2	False	False				False	15	i|PC}		b	i		i		i					m	True	True	(0, -3, 1)	()	0	0	minor	minor	i	i, minor	i		i	i	True	i	i, minor		i, minor		i	5	5	5	0	0	0	True	True	True
804.0	12.0	33.5	30	6	F	1.0	2.5	0	4	4	2.0	1.0	1/8	False	2	9.0	9.0	9.0	9a	1	67/2	False	False				False	15	i|PC}		b	i		i		i					m	True	True	(0, -3, 1)	()	0	0	minor	minor	i	i, minor	i		i	i	True	i	i, minor		i, minor		i	5	5	5	1	1	1	True	False	False
804.0	12.0	33.5	38	2	D	0.0	2.5	0	4	4	2.0	1.0	1/8	False	2	9.0	9.0	9.0	9a	2	67/2	False	False				False	15	i|PC}		b	i		i		i					m	True	True	(0, -3, 1)	()	0	0	minor	minor	i	i, minor	i		i	i	True	i	i, minor		i, minor		i	5	5	5	-3	-3	-3	True	False	False
816.0	24.0	34.0	23	5	B	0.0	3.0	3	4	4	2.0	1.0	1/4	False	2	9.0	9.0	9.0	9a	0	34	False	False				False	15	i|PC}		b	i		i		i					m	True	True	(0, -3, 1)	()	0	0	minor	minor	i	i, minor	i		i	i	True	i	i, minor		i, minor		i	5	5	5	0	0	0	True	True	True
816.0	24.0	34.0	30	6	F	1.0	3.0	3	4	4	2.0	1.0	1/4	False	2	9.0	9.0	9.0	9a	1	34	False	False				False	15	i|PC}		b	i		i		i					m	True	True	(0, -3, 1)	()	0	0	minor	minor	i	i, minor	i		i	i	True	i	i, minor		i, minor		i	5	5	5	1	1	1	True	False	False
816.0	24.0	34.0	38	2	D	0.0	3.0	3	4	4	2.0	1.0	1/4	False	2	9.0	9.0	9.0	9a	2	34	False	False				False	15	i|PC}		b	i		i		i					m	True	True	(0, -3, 1)	()	0	0	minor	minor	i	i, minor	i		i	i	True	i	i, minor		i, minor		i	5	5	5	-3	-3	-3	True	False	False
864.0	42.0	36.0	66	6	F	1.0	1.0	1	4	4	1.0	1.0	7/16	True	2	10.0	10.0	10.0	10a	4	36	False	True			{	False	16	v.i[i{		b	v	i	i		i					m	True	True	(0, -3, 1)	()	0	0	minor	minor	v	v, minor	i		v	v	True	i	i, minor	i	i, minor		i	5	6	6	1	0	0	True	True	True
876.0	12.0	36.5	42	6	F	1.0	1.5	0	4	4	2.0	1.0	1/8	True	2	10.0	10.0	10.0	10a	2	73/2	False	False				False	16	v.i[i{		b	v	i	i		i					m	True	True	(0, -3, 1)	()	0	0	minor	minor	v	v, minor	i		v	v	True	i	i, minor	i	i, minor		i	5	6	6	1	0	0	True	True	True
888.0	12.0	37.0	49	7	C	1.0	2.0	2	4	4	2.0	1.0	1/8	True	2	10.0	10.0	10.0	10a	3	37	False	False				False	16	v.i[i{		b	v	i	i		i					m	True	True	(0, -3, 1)	()	0	0	minor	minor	v	v, minor	i		v	v	True	i	i, minor	i	i, minor		i	5	6	6	2	1	1	True	False	False
900.0	12.0	37.5	57	3	A	0.0	2.5	0	4	4	2.0	1.0	1/8	True	2	10.0	10.0	10.0	10a	3	75/2	False	False				False	16	v.i[i{		b	v	i	i		i					m	True	True	(0, -3, 1)	()	0	0	minor	minor	v	v, minor	i		v	v	True	i	i, minor	i	i, minor		i	5	6	6	-2	-3	-3	True	False	False
906.0	3.0	37.75	68	8	G	1.0	2.75	0	4	4	1.0	1.0	1/32	True	2	10.0	10.0	10.0	10a	4	151/4	False	False				False	16	v.i[i{		b	v	i	i		i					m	True	True	(0, -3, 1)	()	0	0	minor	minor	v	v, minor	i		v	v	True	i	i, minor	i	i, minor		i	5	6	6	3	2	2	False	False	False
909.0	3.0	37.875	66	6	F	1.0	2.875	0	4	4	1.0	1.0	1/32	True	2	10.0	10.0	10.0	10a	4	303/8	False	False				False	16	v.i[i{		b	v	i	i		i					m	True	True	(0, -3, 1)	()	0	0	minor	minor	v	v, minor	i		v	v	True	i	i, minor	i	i, minor		i	5	6	6	1	0	0	True	True	True
912.0	48.0	38.0	64	4	E	0.0	3.0	3	4	4	1.0	1.0	1/2	True	2	10.0	10.0	10.0	10a	4	38	False	True				False	17	v		b	v	i	v		v					m	True	True	(1, -2, 2)	()	1	1	minor	minor	v	v, minor	v		v	v	True	v	v, minor	i	v, minor		v	5	6	6	-1	-2	-2	True	False	False
924.0	12.0	38.5	56	8	G	1.0	3.5	0	4	4	2.0	1.0	1/8	True	2	10.0	10.0	10.0	10a	3	77/2	False	False				False	17	v		b	v	i	v		v					m	True	True	(1, -2, 2)	()	1	1	minor	minor	v	v, minor	v		v	v	True	v	v, minor	i	v, minor		v	5	6	6	3	2	2	True	False	False
936.0	12.0	39.0	49	7	C	1.0	4.0	4	4	4	2.0	1.0	1/8	True	2	10.0	10.0	10.0	10a	3	39	False	False				False	17	v		b	v	i	v		v					m	True	True	(1, -2, 2)	()	1	1	minor	minor	v	v, minor	v		v	v	True	v	v, minor	i	v, minor		v	5	6	6	2	1	1	True	True	True
948.0	12.0	39.5	42	6	F	1.0	4.5	0	4	4	2.0	1.0	1/8	True	2	10.0	10.0	10.0	10a	2	79/2	False	False				False	17	v		b	v	i	v		v					m	True	True	(1, -2, 2)	()	1	1	minor	minor	v	v, minor	v		v	v	True	v	v, minor	i	v, minor		v	5	6	6	1	0	0	False	False	False
960.0	24.0	40.0	66	6	F	1.0	1.0	1	4	4	1.0	1.0	1/4	True	2	11.0	11.0	11.0	11a	4	40	False	True				False	18	i		b	v	i	i		i					m	True	True	(0, -3, 1)	()	0	0	minor	minor	v	v, minor	i		v	v	True	i	i, minor	i	i, minor		i	5	6	6	1	0	0	True	True	True
972.0	12.0	40.5	42	6	F	1.0	1.5	0	4	4	2.0	1.0	1/8	True	2	11.0	11.0	11.0	11a	2	81/2	False	False				False	18	i		b	v	i	i		i					m	True	True	(0, -3, 1)	()	0	0	minor	minor	v	v, minor	i		v	v	True	i	i, minor	i	i, minor		i	5	6	6	1	0	0	True	True	True
984.0	12.0	41.0	49	7	C	1.0	2.0	2	4	4	2.0	1.0	1/8	True	2	11.0	11.0	11.0	11a	3	41	False	False				False	18	i		b	v	i	i		i					m	True	True	(0, -3, 1)	()	0	0	minor	minor	v	v, minor	i		v	v	True	i	i, minor	i	i, minor		i	5	6	6	2	1	1	True	False	False
984.0	8.0	41.0	69	3	A	0.0	2.0	2	4	4	1.0	1.0	1/12	True	2	11.0	11.0	11.0	11a	4	41	False	False				False	18	i		b	v	i	i		i					m	True	True	(0, -3, 1)	()	0	0	minor	minor	v	v, minor	i		v	v	True	i	i, minor	i	i, minor		i	5	6	6	-2	-3	-3	True	False	False
992.0	8.0	41.333	66	6	F	1.0	2.333	0	4	4	1.0	1.0	1/12	True	2	11.0	11.0	11.0	11a	4	124/3	False	False				False	18	i		b	v	i	i		i					m	True	True	(0, -3, 1)	()	0	0	minor	minor	v	v, minor	i		v	v	True	i	i, minor	i	i, minor		i	5	6	6	1	0	0	True	True	True
996.0	12.0	41.5	57	3	A	0.0	2.5	0	4	4	2.0	1.0	1/8	True	2	11.0	11.0	11.0	11a	3	83/2	False	False				False	18	i		b	v	i	i		i					m	True	True	(0, -3, 1)	()	0	0	minor	minor	v	v, minor	i		v	v	True	i	i, minor	i	i, minor		i	5	6	6	-2	-3	-3	True	False	False
1000.0	8.0	41.667	68	8	G	1.0	2.667	0	4	4	1.0	1.0	1/12	True	2	11.0	11.0	11.0	11a	4	125/3	False	False				False	18	i		b	v	i	i		i					m	True	True	(0, -3, 1)	()	0	0	minor	minor	v	v, minor	i		v	v	True	i	i, minor	i	i, minor		i	5	6	6	3	2	2	False	False	False
1008.0	48.0	42.0	64	4	E	0.0	3.0	3	4	4	1.0	1.0	1/2	True	2	11.0	11.0	11.0	11a	4	42	False	True				False	19	v		b	v	i	v		v					m	True	True	(1, -2, 2)	()	1	1	minor	minor	v	v, minor	v		v	v	True	v	v, minor	i	v, minor		v	5	6	6	-1	-2	-2	True	False	False
1020.0	12.0	42.5	56	8	G	1.0	3.5	0	4	4	2.0	1.0	1/8	True	2	11.0	11.0	11.0	11a	3	85/2	False	False				False	19	v		b	v	i	v		v					m	True	True	(1, -2, 2)	()	1	1	minor	minor	v	v, minor	v		v	v	True	v	v, minor	i	v, minor		v	5	6	6	3	2	2	True	False	False
1032.0	12.0	43.0	49	7	C	1.0	4.0	4	4	4	2.0	1.0	1/8	True	2	11.0	11.0	11.0	11a	3	43	False	False				False	19	v		b	v	i	v		v					m	True	True	(1, -2, 2)	()	1	1	minor	minor	v	v, minor	v		v	v	True	v	v, minor	i	v, minor		v	5	6	6	2	1	1	True	True	True
1044.0	12.0	43.5	42	6	F	1.0	4.5	0	4	4	2.0	1.0	1/8	True	2	11.0	11.0	11.0	11a	2	87/2	False	False				False	19	v		b	v	i	v		v					m	True	True	(1, -2, 2)	()	1	1	minor	minor	v	v, minor	v		v	v	True	v	v, minor	i	v, minor		v	5	6	6	1	0	0	False	False	False
1056.0	12.0	44.0	66	6	F	1.0	1.0	1	4	4	1.0	1.0	1/8	True	2	12.0	12.0	12.0	12a	4	44	False	True				False	20	i7		b	v	i	i7		i		7			mm7	True	True	(0, -3, 1, -2)	()	0	0	minor	minor	v	v, minor	i		v	v	True	i7	i7, minor	i	i7, minor		i	5	6	6	1	0	0	True	True	True
1068.0	12.0	44.5	42	6	F	1.0	1.5	0	4	4	2.0	1.0	1/8	True	2	12.0	12.0	12.0	12a	2	89/2	False	False				False	20	i7		b	v	i	i7		i		7			mm7	True	True	(0, -3, 1, -2)	()	0	0	minor	minor	v	v, minor	i		v	v	True	i7	i7, minor	i	i7, minor		i	5	6	6	1	0	0	True	True	True
1068.0	4.0	44.5	66	6	F	1.0	1.5	0	4	4	1.0	1.0	1/24	False	2	12.0	12.0	12.0	12a	4	89/2	False	False				False	20	i7		b	v	i	i7		i		7			mm7	True	True	(0, -3, 1, -2)	()	0	0	minor	minor	v	v, minor	i		v	v	True	i7	i7, minor	i	i7, minor		i	5	6	6	1	0	0	True	True	True
1072.0	4.0	44.667	69	3	A	0.0	1.667	0	4	4	1.0	1.0	1/24	True	2	12.0	12.0	12.0	12a	4	134/3	False	False				False	20	i7		b	v	i	i7		i		7			mm7	True	True	(0, -3, 1, -2)	()	0	0	minor	minor	v	v, minor	i		v	v	True	i7	i7, minor	i	i7, minor		i	5	6	6	-2	-3	-3	True	False	False
1076.0	4.0	44.833	73	7	C	1.0	1.833	0	4	4	1.0	1.0	1/24	True	2	12.0	12.0	12.0	12a	5	269/6	False	False				False	20	i7		b	v	i	i7		i		7			mm7	True	True	(0, -3, 1, -2)	()	0	0	minor	minor	v	v, minor	i		v	v	True	i7	i7, minor	i	i7, minor		i	5	6	6	2	1	1	True	False	False
1080.0	12.0	45.0	49	7	C	1.0	2.0	2	4	4	2.0	1.0	1/8	True	2	12.0	12.0	12.0	12a	3	45	False	False				False	20	i7		b	v	i	i7		i		7			mm7	True	True	(0, -3, 1, -2)	()	0	0	minor	minor	v	v, minor	i		v	v	True	i7	i7, minor	i	i7, minor		i	5	6	6	2	1	1	True	False	False
1080.0	9.0	45.0	76	4	E	0.0	2.0	2	4	4	1.0	1.0	3/32	True	2	12.0	12.0	12.0	12a	5	45	False	False				False	20	i7		b	v	i	i7		i		7			mm7	True	True	(0, -3, 1, -2)	()	0	0	minor	minor	v	v, minor	i		v	v	True	i7	i7, minor	i	i7, minor		i	5	6	6	-1	-2	-2	True	False	False
1089.0	3.0	45.375	74	2	D	0.0	2.375	0	4	4	1.0	1.0	1/32	True	2	12.0	12.0	12.0	12a	5	363/8	False	False				False	20	i7		b	v	i	i7		i		7			mm7	True	True	(0, -3, 1, -2)	()	0	0	minor	minor	v	v, minor	i		v	v	True	i7	i7, minor	i	i7, minor		i	5	6	6	-3	-4	-4	False	False	False
1092.0	12.0	45.5	57	3	A	0.0	2.5	0	4	4	2.0	1.0	1/8	True	2	12.0	12.0	12.0	12a	3	91/2	False	False				False	20	i7		b	v	i	i7		i		7			mm7	True	True	(0, -3, 1, -2)	()	0	0	minor	minor	v	v, minor	i		v	v	True	i7	i7, minor	i	i7, minor		i	5	6	6	-2	-3	-3	True	False	False
1092.0	4.0	45.5	73	7	C	1.0	2.5	0	4	4	1.0	1.0	1/24	True	2	12.0	12.0	12.0	12a	5	91/2	False	False				False	20	i7		b	v	i	i7		i		7			mm7	True	True	(0, -3, 1, -2)	()	0	0	minor	minor	v	v, minor	i		v	v	True	i7	i7, minor	i	i7, minor		i	5	6	6	2	1	1	True	False	False
1096.0	4.0	45.667	69	3	A	0.0	2.667	0	4	4	1.0	1.0	1/24	True	2	12.0	12.0	12.0	12a	4	137/3	False	False				False	20	i7		b	v	i	i7		i		7			mm7	True	True	(0, -3, 1, -2)	()	0	0	minor	minor	v	v, minor	i		v	v	True	i7	i7, minor	i	i7, minor		i	5	6	6	-2	-3	-3	True	False	False
1100.0	4.0	45.833	66	6	F	1.0	2.833	0	4	4	1.0	1.0	1/24	True	2	12.0	12.0	12.0	12a	4	275/6	False	False				False	20	i7		b	v	i	i7		i		7			mm7	True	True	(0, -3, 1, -2)	()	0	0	minor	minor	v	v, minor	i		v	v	True	i7	i7, minor	i	i7, minor		i	5	6	6	1	0	0	True	True	True
1104.0	24.0	46.0	64	4	E	0.0	3.0	3	4	4	1.0	1.0	1/4	True	2	12.0	12.0	12.0	12a	4	46	False	True				False	21	v7		b	v	i	v7		v		7			mm7	True	True	(1, -2, 2, -1)	()	1	1	minor	minor	v	v, minor	v		v	v	True	v7	v7, minor	i	v7, minor		v	5	6	6	-1	-2	-2	True	False	False
1116.0	12.0	46.5	56	8	G	1.0	3.5	0	4	4	2.0	1.0	1/8	True	2	12.0	12.0	12.0	12a	3	93/2	False	False				False	21	v7		b	v	i	v7		v		7			mm7	True	True	(1, -2, 2, -1)	()	1	1	minor	minor	v	v, minor	v		v	v	True	v7	v7, minor	i	v7, minor		v	5	6	6	3	2	2	True	False	False
1128.0	12.0	47.0	49	7	C	1.0	4.0	4	4	4	2.0	1.0	1/8	True	2	12.0	12.0	12.0	12a	3	47	False	False				False	21	v7		b	v	i	v7		v		7			mm7	True	True	(1, -2, 2, -1)	()	1	1	minor	minor	v	v, minor	v		v	v	True	v7	v7, minor	i	v7, minor		v	5	6	6	2	1	1	True	True	True
1128.0	12.0	47.0	56	8	G	1.0	4.0	4	4	4	2.0	1.0	1/8	False	2	12.0	12.0	12.0	12a	3	47	False	False				False	21	v7		b	v	i	v7		v		7			mm7	True	True	(1, -2, 2, -1)	()	1	1	minor	minor	v	v, minor	v		v	v	True	v7	v7, minor	i	v7, minor		v	5	6	6	3	2	2	True	False	False
1128.0	24.0	47.0	59	5	B	0.0	4.0	4	4	4	1.0	1.0	1/4	True	2	12.0	12.0	12.0	12a	3	47	False	False				False	21	v7		b	v	i	v7		v		7			mm7	True	True	(1, -2, 2, -1)	()	1	1	minor	minor	v	v, minor	v		v	v	True	v7	v7, minor	i	v7, minor		v	5	6	6	0	-1	-1	True	False	False
1140.0	12.0	47.5	42	6	F	1.0	4.5	0	4	4	2.0	1.0	1/8	True	2	12.0	12.0	12.0	12a	2	95/2	False	False				False	21	v7		b	v	i	v7		v		7			mm7	True	True	(1, -2, 2, -1)	()	1	1	minor	minor	v	v, minor	v		v	v	True	v7	v7, minor	i	v7, minor		v	5	6	6	1	0	0	False	False	False
1140.0	12.0	47.5	49	7	C	1.0	4.5	0	4	4	2.0	1.0	1/8	False	2	12.0	12.0	12.0	12a	3	95/2	False	False				False	21	v7		b	v	i	v7		v		7			mm7	True	True	(1, -2, 2, -1)	()	1	1	minor	minor	v	v, minor	v		v	v	True	v7	v7, minor	i	v7, minor		v	5	6	6	2	1	1	True	True	True
1140.0	12.0	47.5	56	8	G	1.0	4.5	0	4	4	2.0	1.0	1/8	False	2	12.0	12.0	12.0	12a	3	95/2	False	False				False	21	v7		b	v	i	v7		v		7			mm7	True	True	(1, -2, 2, -1)	()	1	1	minor	minor	v	v, minor	v		v	v	True	v7	v7, minor	i	v7, minor		v	5	6	6	3	2	2	True	False	False
1158.0	6.0	48.25	64	4	E	0.0	1.25	0	4	4	1.0	1.0	1/16	True	2	13.0	13.0	13.0	13a	4	193/4	False	True				False	22	V64		b	v	i	V64		V		64			M	True	True	(2, 1, 5)	()	1	2	minor	minor	v	v, minor	V		v	v	True	V64	V64, minor	i	V64, minor		V	5	6	6	-1	-2	-2	False	False	False
1164.0	12.0	48.5	53	11	E	1.0	1.5	0	4	4	2.0	1.0	1/8	True	2	13.0	13.0	13.0	13a	3	97/2	False	False				False	22	V64		b	v	i	V64		V		64			M	True	True	(2, 1, 5)	()	1	2	minor	minor	v	v, minor	V		v	v	True	V64	V64, minor	i	V64, minor		V	5	6	6	6	5	5	True	False	False
1164.0	6.0	48.5	63	9	D	1.0	1.5	0	4	4	1.0	1.0	1/16	True	2	13.0	13.0	13.0	13a	4	97/2	False	False				False	22	V64		b	v	i	V64		V		64			M	True	True	(2, 1, 5)	()	1	2	minor	minor	v	v, minor	V		v	v	True	V64	V64, minor	i	V64, minor		V	5	6	6	4	3	3	False	False	False
1170.0	6.0	48.75	62	2	D	0.0	1.75	0	4	4	1.0	1.0	1/16	True	2	13.0	13.0	13.0	13a	4	195/4	False	False				False	22	V64		b	v	i	V64		V		64			M	True	True	(2, 1, 5)	()	1	2	minor	minor	v	v, minor	V		v	v	True	V64	V64, minor	i	V64, minor		V	5	6	6	-3	-4	-4	False	False	False
1176.0	12.0	49.0	43	1	G	0.0	2.0	2	4	4	2.0	1.0	1/8	True	2	13.0	13.0	13.0	13a	2	49	False	False				False	22	V64		b	v	i	V64		V		64			M	True	True	(2, 1, 5)	()	1	2	minor	minor	v	v, minor	V		v	v	True	V64	V64, minor	i	V64, minor		V	5	6	6	-4	-5	-5	False	False	False
1176.0	12.0	49.0	53	11	E	1.0	2.0	2	4	4	2.0	1.0	1/8	False	2	13.0	13.0	13.0	13a	3	49	False	False				False	22	V64		b	v	i	V64		V		64			M	True	True	(2, 1, 5)	()	1	2	minor	minor	v	v, minor	V		v	v	True	V64	V64, minor	i	V64, minor		V	5	6	6	6	5	5	True	False	False
1176.0	6.0	49.0	61	7	C	1.0	2.0	2	4	4	1.0	1.0	1/16	True	2	13.0	13.0	13.0	13a	4	49	False	False				False	22	V64		b	v	i	V64		V		64			M	True	True	(2, 1, 5)	()	1	2	minor	minor	v	v, minor	V		v	v	True	V64	V64, minor	i	V64, minor		V	5	6	6	2	1	1	True	True	False
1182.0	6.0	49.25	60	0	C	0.0	2.25	0	4	4	1.0	1.0	1/16	True	2	13.0	13.0	13.0	13a	4	197/4	False	False				False	22	V64		b	v	i	V64		V		64			M	True	True	(2, 1, 5)	()	1	2	minor	minor	v	v, minor	V		v	v	True	V64	V64, minor	i	V64, minor		V	5	6	6	-5	-6	-6	False	False	False
1188.0	12.0	49.5	42	6	F	1.0	2.5	0	4	4	2.0	1.0	1/8	True	2	13.0	13.0	13.0	13a	2	99/2	False	False				False	22	V64		b	v	i	V64		V		64			M	True	True	(2, 1, 5)	()	1	2	minor	minor	v	v, minor	V		v	v	True	V64	V64, minor	i	V64, minor		V	5	6	6	1	0	0	False	False	False
1188.0	12.0	49.5	43	1	G	0.0	2.5	0	4	4	2.0	1.0	1/8	False	2	13.0	13.0	13.0	13a	2	99/2	False	False				False	22	V64		b	v	i	V64		V		64			M	True	True	(2, 1, 5)	()	1	2	minor	minor	v	v, minor	V		v	v	True	V64	V64, minor	i	V64, minor		V	5	6	6	-4	-5	-5	False	False	False
1188.0	12.0	49.5	53	11	E	1.0	2.5	0	4	4	2.0	1.0	1/8	False	2	13.0	13.0	13.0	13a	3	99/2	False	False				False	22	V64		b	v	i	V64		V		64			M	True	True	(2, 1, 5)	()	1	2	minor	minor	v	v, minor	V		v	v	True	V64	V64, minor	i	V64, minor		V	5	6	6	6	5	5	True	False	False
1188.0	6.0	49.5	59	5	B	0.0	2.5	0	4	4	1.0	1.0	1/16	True	2	13.0	13.0	13.0	13a	3	99/2	False	False				False	22	V64		b	v	i	V64		V		64			M	True	True	(2, 1, 5)	()	1	2	minor	minor	v	v, minor	V		v	v	True	V64	V64, minor	i	V64, minor		V	5	6	6	0	-1	-1	False	False	False
1194.0	6.0	49.75	58	-2	B	-1.0	2.75	0	4	4	1.0	1.0	1/16	True	2	13.0	13.0	13.0	13a	3	199/4	False	False				False	22	V64		b	v	i	V64		V		64			M	True	True	(2, 1, 5)	()	1	2	minor	minor	v	v, minor	V		v	v	True	V64	V64, minor	i	V64, minor		V	5	6	6	-7	-8	-8	False	False	False
1200.0	24.0	50.0	57	3	A	0.0	3.0	3	4	4	1.0	1.0	1/4	True	2	13.0	13.0	13.0	13a	3	50	False	True				False	23	ii%7/vii]		b	v	i	ii%7/vii		ii	%	7		vii	%7	True	True	(0, -3, -6, -2)	()	0	0	minor	minor	v	v, minor	ii/vii	vii	vii/v	iv	True	ii%7/vii	ii%7/vii, minor	i	ii%7/vii, minor	vii	vii	5	6	4	-2	-3	-1	True	False	False
1212.0	12.0	50.5	52	4	E	0.0	3.5	0	4	4	2.0	1.0	1/8	True	2	13.0	13.0	13.0	13a	3	101/2	False	False				False	23	ii%7/vii]		b	v	i	ii%7/vii		ii	%	7		vii	%7	True	True	(0, -3, -6, -2)	()	0	0	minor	minor	v	v, minor	ii/vii	vii	vii/v	iv	True	ii%7/vii	ii%7/vii, minor	i	ii%7/vii, minor	vii	vii	5	6	4	-1	-2	0	True	False	False
1224.0	12.0	51.0	48	0	C	0.0	4.0	4	4	4	2.0	1.0	1/8	True	2	13.0	13.0	13.0	13a	3	51	False	False				False	23	ii%7/vii]		b	v	i	ii%7/vii		ii	%	7		vii	%7	True	True	(0, -3, -6, -2)	()	0	0	minor	minor	v	v, minor	ii/vii	vii	vii/v	iv	True	ii%7/vii	ii%7/vii, minor	i	ii%7/vii, minor	vii	vii	5	6	4	-5	-6	-4	True	False	False
1224.0	12.0	51.0	52	4	E	0.0	4.0	4	4	4	2.0	1.0	1/8	False	2	13.0	13.0	13.0	13a	3	51	False	False				False	23	ii%7/vii]		b	v	i	ii%7/vii		ii	%	7		vii	%7	True	True	(0, -3, -6, -2)	()	0	0	minor	minor	v	v, minor	ii/vii	vii	vii/v	iv	True	ii%7/vii	ii%7/vii, minor	i	ii%7/vii, minor	vii	vii	5	6	4	-1	-2	0	True	False	False
1224.0	24.0	51.0	54	6	F	1.0	4.0	4	4	4	1.0	1.0	1/4	True	2	13.0	13.0	13.0	13a	3	51	False	False				False	23	ii%7/vii]		b	v	i	ii%7/vii		ii	%	7		vii	%7	True	True	(0, -3, -6, -2)	()	0	0	minor	minor	v	v, minor	ii/vii	vii	vii/v	iv	True	ii%7/vii	ii%7/vii, minor	i	ii%7/vii, minor	vii	vii	5	6	4	1	0	2	True	True	True
1236.0	12.0	51.5	42	6	F	1.0	4.5	0	4	4	2.0	1.0	1/8	True	2	13.0	13.0	13.0	13a	2	103/2	False	False				False	23	ii%7/vii]		b	v	i	ii%7/vii		ii	%	7		vii	%7	True	True	(0, -3, -6, -2)	()	0	0	minor	minor	v	v, minor	ii/vii	vii	vii/v	iv	True	ii%7/vii	ii%7/vii, minor	i	ii%7/vii, minor	vii	vii	5	6	4	1	0	2	True	True	True
1236.0	12.0	51.5	48	0	C	0.0	4.5	0	4	4	2.0	1.0	1/8	False	2	13.0	13.0	13.0	13a	3	103/2	False	False				False	23	ii%7/vii]		b	v	i	ii%7/vii		ii	%	7		vii	%7	True	True	(0, -3, -6, -2)	()	0	0	minor	minor	v	v, minor	ii/vii	vii	vii/v	iv	True	ii%7/vii	ii%7/vii, minor	i	ii%7/vii, minor	vii	vii	5	6	4	-5	-6	-4	True	False	False
1236.0	12.0	51.5	52	4	E	0.0	4.5	0	4	4	2.0	1.0	1/8	False	2	13.0	13.0	13.0	13a	3	103/2	False	False				False	23	ii%7/vii]		b	v	i	ii%7/vii		ii	%	7		vii	%7	True	True	(0, -3, -6, -2)	()	0	0	minor	minor	v	v, minor	ii/vii	vii	vii/v	iv	True	ii%7/vii	ii%7/vii, minor	i	ii%7/vii, minor	vii	vii	5	6	4	-1	-2	0	True	False	False
1248.0	96.0	52.0	54	6	F	1.0	1.0	1	4	4	1.0	1.0	1	False	2	14.0	14.0	14.0	14a	3	52	False	True				False	24	IV	V/vii	b	v		IV		IV					M	True	True	(-1, 3, 0)	()	-1	-1	minor	minor	v	v, minor	IV		v	v	True	IV	IV, minor		IV, minor		IV	5	6	6	1	0	0	True	False	False
1260.0	12.0	52.5	51	9	D	1.0	1.5	0	4	4	2.0	1.0	1/8	True	2	14.0	14.0	14.0	14a	3	105/2	False	False				False	24	IV	V/vii	b	v		IV		IV					M	True	True	(-1, 3, 0)	()	-1	-1	minor	minor	v	v, minor	IV		v	v	True	IV	IV, minor		IV, minor		IV	5	6	6	4	3	3	True	False	False
1272.0	12.0	53.0	42	6	F	1.0	2.0	2	4	4	2.0	1.0	1/8	True	2	14.0	14.0	14.0	14a	2	53	False	False				False	24	IV	V/vii	b	v		IV		IV					M	True	True	(-1, 3, 0)	()	-1	-1	minor	minor	v	v, minor	IV		v	v	True	IV	IV, minor		IV, minor		IV	5	6	6	1	0	0	True	False	False
1272.0	12.0	53.0	51	9	D	1.0	2.0	2	4	4	2.0	1.0	1/8	False	2	14.0	14.0	14.0	14a	3	53	False	False				False	24	IV	V/vii	b	v		IV		IV					M	True	True	(-1, 3, 0)	()	-1	-1	minor	minor	v	v, minor	IV		v	v	True	IV	IV, minor		IV, minor		IV	5	6	6	4	3	3	True	False	False
1284.0	12.0	53.5	35	5	B	0.0	2.5	0	4	4	2.0	1.0	1/8	True	2	14.0	14.0	14.0	14a	1	107/2	False	False				False	24	IV	V/vii	b	v		IV		IV					M	True	True	(-1, 3, 0)	()	-1	-1	minor	minor	v	v, minor	IV		v	v	True	IV	IV, minor		IV, minor		IV	5	6	6	0	-1	-1	True	True	True
1284.0	12.0	53.5	42	6	F	1.0	2.5	0	4	4	2.0	1.0	1/8	False	2	14.0	14.0	14.0	14a	2	107/2	False	False				False	24	IV	V/vii	b	v		IV		IV					M	True	True	(-1, 3, 0)	()	-1	-1	minor	minor	v	v, minor	IV		v	v	True	IV	IV, minor		IV, minor		IV	5	6	6	1	0	0	True	False	False
1284.0	12.0	53.5	51	9	D	1.0	2.5	0	4	4	2.0	1.0	1/8	False	2	14.0	14.0	14.0	14a	3	107/2	False	False				False	24	IV	V/vii	b	v		IV		IV					M	True	True	(-1, 3, 0)	()	-1	-1	minor	minor	v	v, minor	IV		v	v	True	IV	IV, minor		IV, minor		IV	5	6	6	4	3	3	True	False	False
1308.0	12.0	54.5	50	2	D	0.0	3.5	0	4	4	2.0	1.0	1/8	True	2	14.0	14.0	14.0	14a	3	109/2	False	False				False	24	IV	V/vii	b	v		IV		IV					M	True	True	(-1, 3, 0)	()	-1	-1	minor	minor	v	v, minor	IV		v	v	True	IV	IV, minor		IV, minor		IV	5	6	6	-3	-4	-4	False	False	False
1320.0	12.0	55.0	45	3	A	0.0	4.0	4	4	4	2.0	1.0	1/8	True	2	14.0	14.0	14.0	14a	2	55	False	False				False	24	IV	V/vii	b	v		IV		IV					M	True	True	(-1, 3, 0)	()	-1	-1	minor	minor	v	v, minor	IV		v	v	True	IV	IV, minor		IV, minor		IV	5	6	6	-2	-3	-3	False	False	False
1320.0	12.0	55.0	50	2	D	0.0	4.0	4	4	4	2.0	1.0	1/8	False	2	14.0	14.0	14.0	14a	3	55	False	False				False	24	IV	V/vii	b	v		IV		IV					M	True	True	(-1, 3, 0)	()	-1	-1	minor	minor	v	v, minor	IV		v	v	True	IV	IV, minor		IV, minor		IV	5	6	6	-3	-4	-4	False	False	False
1332.0	12.0	55.5	38	2	D	0.0	4.5	0	4	4	2.0	1.0	1/8	True	2	14.0	14.0	14.0	14a	2	111/2	False	False				False	24	IV	V/vii	b	v		IV		IV					M	True	True	(-1, 3, 0)	()	-1	-1	minor	minor	v	v, minor	IV		v	v	True	IV	IV, minor		IV, minor		IV	5	6	6	-3	-4	-4	False	False	False
1332.0	12.0	55.5	45	3	A	0.0	4.5	0	4	4	2.0	1.0	1/8	False	2	14.0	14.0	14.0	14a	2	111/2	False	False				False	24	IV	V/vii	b	v		IV		IV					M	True	True	(-1, 3, 0)	()	-1	-1	minor	minor	v	v, minor	IV		v	v	True	IV	IV, minor		IV, minor		IV	5	6	6	-2	-3	-3	False	False	False
1332.0	12.0	55.5	50	2	D	0.0	4.5	0	4	4	2.0	1.0	1/8	False	2	14.0	14.0	14.0	14a	3	111/2	False	False				False	24	IV	V/vii	b	v		IV		IV					M	True	True	(-1, 3, 0)	()	-1	-1	minor	minor	v	v, minor	IV		v	v	True	IV	IV, minor		IV, minor		IV	5	6	6	-3	-4	-4	False	False	False
1344.0	72.0	56.0	54	6	F	1.0	1.0	1	4	4	1.0	1.0	3/4	False	2	15.0	15.0	15.0	15a	3	56	False	True	PC	PC	}	True	26	i|PC}		b	v		i		i					m	True	True	(0, -3, 1)	()	0	0	minor	minor	v	v, minor	i		v	v	True	i	i, minor		i, minor		i	5	6	6	1	0	0	True	True	True
1356.0	12.0	56.5	45	3	A	0.0	1.5	0	4	4	2.0	1.0	1/8	True	2	15.0	15.0	15.0	15a	2	113/2	False	False				False	26	i|PC}		b	v		i		i					m	True	True	(0, -3, 1)	()	0	0	minor	minor	v	v, minor	i		v	v	True	i	i, minor		i, minor		i	5	6	6	-2	-3	-3	True	False	False
1368.0	12.0	57.0	37	7	C	1.0	2.0	2	4	4	2.0	1.0	1/8	True	2	15.0	15.0	15.0	15a	2	57	False	False				False	26	i|PC}		b	v		i		i					m	True	True	(0, -3, 1)	()	0	0	minor	minor	v	v, minor	i		v	v	True	i	i, minor		i, minor		i	5	6	6	2	1	1	True	False	False
1368.0	12.0	57.0	45	3	A	0.0	2.0	2	4	4	2.0	1.0	1/8	False	2	15.0	15.0	15.0	15a	2	57	False	False				False	26	i|PC}		b	v		i		i					m	True	True	(0, -3, 1)	()	0	0	minor	minor	v	v, minor	i		v	v	True	i	i, minor		i, minor		i	5	6	6	-2	-3	-3	True	False	False
1380.0	12.0	57.5	30	6	F	1.0	2.5	0	4	4	2.0	1.0	1/8	True	2	15.0	15.0	15.0	15a	1	115/2	False	False				False	26	i|PC}		b	v		i		i					m	True	True	(0, -3, 1)	()	0	0	minor	minor	v	v, minor	i		v	v	True	i	i, minor		i, minor		i	5	6	6	1	0	0	True	True	True
1380.0	12.0	57.5	37	7	C	1.0	2.5	0	4	4	2.0	1.0	1/8	False	2	15.0	15.0	15.0	15a	2	115/2	False	False				False	26	i|PC}		b	v		i		i					m	True	True	(0, -3, 1)	()	0	0	minor	minor	v	v, minor	i		v	v	True	i	i, minor		i, minor		i	5	6	6	2	1	1	True	False	False
1380.0	12.0	57.5	45	3	A	0.0	2.5	0	4	4	2.0	1.0	1/8	False	2	15.0	15.0	15.0	15a	2	115/2	False	False				False	26	i|PC}		b	v		i		i					m	True	True	(0, -3, 1)	()	0	0	minor	minor	v	v, minor	i		v	v	True	i	i, minor		i, minor		i	5	6	6	-2	-3	-3	True	False	False
1392.0	24.0	58.0	30	6	F	1.0	3.0	3	4	4	2.0	1.0	1/4	False	2	15.0	15.0	15.0	15a	1	58	False	False				False	26	i|PC}		b	v		i		i					m	True	True	(0, -3, 1)	()	0	0	minor	minor	v	v, minor	i		v	v	True	i	i, minor		i, minor		i	5	6	6	1	0	0	True	True	True
1392.0	24.0	58.0	37	7	C	1.0	3.0	3	4	4	2.0	1.0	1/4	False	2	15.0	15.0	15.0	15a	2	58	False	False				False	26	i|PC}		b	v		i		i					m	True	True	(0, -3, 1)	()	0	0	minor	minor	v	v, minor	i		v	v	True	i	i, minor		i, minor		i	5	6	6	2	1	1	True	False	False
1392.0	24.0	58.0	45	3	A	0.0	3.0	3	4	4	2.0	1.0	1/4	False	2	15.0	15.0	15.0	15a	2	58	False	False				False	26	i|PC}		b	v		i		i					m	True	True	(0, -3, 1)	()	0	0	minor	minor	v	v, minor	i		v	v	True	i	i, minor		i, minor		i	5	6	6	-2	-3	-3	True	False	False
1440.0	42.0	60.0	41	-1	F	0.0	1.0	1	4	4	2.0	1.0	7/16	True	2	16.0	16.0	16.0	16a	2	60	False	True			{	False	27	vii.ii%43{		b	vii		ii%43		ii	%	43			%7	True	True	(-4, 0, 2, -1)	()	2	-4	minor	minor	vii	vii, minor	ii		vii	vii	True	ii%43	ii%43, minor		ii%43, minor		ii	5	3	3	-6	-4	-4	True	False	True
1440.0	42.0	60.0	53	-1	F	0.0	1.0	1	4	4	2.0	1.0	7/16	True	2	16.0	16.0	16.0	16a	3	60	False	True			{	False	27	vii.ii%43{		b	vii		ii%43		ii	%	43			%7	True	True	(-4, 0, 2, -1)	()	2	-4	minor	minor	vii	vii, minor	ii		vii	vii	True	ii%43	ii%43, minor		ii%43, minor		ii	5	3	3	-6	-4	-4	True	False	True
1452.0	12.0	60.5	57	3	A	0.0	1.5	0	4	4	1.0	1.0	1/8	True	2	16.0	16.0	16.0	16a	3	121/2	False	False				False	27	vii.ii%43{		b	vii		ii%43		ii	%	43			%7	True	True	(-4, 0, 2, -1)	()	2	-4	minor	minor	vii	vii, minor	ii		vii	vii	True	ii%43	ii%43, minor		ii%43, minor		ii	5	3	3	-2	0	0	True	False	False
1464.0	12.0	61.0	62	2	D	0.0	2.0	2	4	4	1.0	1.0	1/8	True	2	16.0	16.0	16.0	16a	4	61	False	False				False	27	vii.ii%43{		b	vii		ii%43		ii	%	43			%7	True	True	(-4, 0, 2, -1)	()	2	-4	minor	minor	vii	vii, minor	ii		vii	vii	True	ii%43	ii%43, minor		ii%43, minor		ii	5	3	3	-3	-1	-1	True	False	False
1476.0	12.0	61.5	71	5	B	0.0	2.5	0	4	4	1.0	1.0	1/8	True	2	16.0	16.0	16.0	16a	4	123/2	False	False				False	27	vii.ii%43{		b	vii		ii%43		ii	%	43			%7	True	True	(-4, 0, 2, -1)	()	2	-4	minor	minor	vii	vii, minor	ii		vii	vii	True	ii%43	ii%43, minor		ii%43, minor		ii	5	3	3	0	2	2	True	True	False
1482.0	3.0	61.75	43	1	G	0.0	2.75	0	4	4	2.0	1.0	1/32	True	2	16.0	16.0	16.0	16a	2	247/4	False	False				False	27	vii.ii%43{		b	vii		ii%43		ii	%	43			%7	True	True	(-4, 0, 2, -1)	()	2	-4	minor	minor	vii	vii, minor	ii		vii	vii	True	ii%43	ii%43, minor		ii%43, minor		ii	5	3	3	-4	-2	-2	False	False	False
1482.0	3.0	61.75	55	1	G	0.0	2.75	0	4	4	2.0	1.0	1/32	True	2	16.0	16.0	16.0	16a	3	247/4	False	False				False	27	vii.ii%43{		b	vii		ii%43		ii	%	43			%7	True	True	(-4, 0, 2, -1)	()	2	-4	minor	minor	vii	vii, minor	ii		vii	vii	True	ii%43	ii%43, minor		ii%43, minor		ii	5	3	3	-4	-2	-2	False	False	False
1485.0	3.0	61.875	41	-1	F	0.0	2.875	0	4	4	2.0	1.0	1/32	True	2	16.0	16.0	16.0	16a	2	495/8	False	False				False	27	vii.ii%43{		b	vii		ii%43		ii	%	43			%7	True	True	(-4, 0, 2, -1)	()	2	-4	minor	minor	vii	vii, minor	ii		vii	vii	True	ii%43	ii%43, minor		ii%43, minor		ii	5	3	3	-6	-4	-4	True	False	True
1485.0	3.0	61.875	53	-1	F	0.0	2.875	0	4	4	2.0	1.0	1/32	True	2	16.0	16.0	16.0	16a	3	495/8	False	False				False	27	vii.ii%43{		b	vii		ii%43		ii	%	43			%7	True	True	(-4, 0, 2, -1)	()	2	-4	minor	minor	vii	vii, minor	ii		vii	vii	True	ii%43	ii%43, minor		ii%43, minor		ii	5	3	3	-6	-4	-4	True	False	True
1488.0	48.0	62.0	40	4	E	0.0	3.0	3	4	4	2.0	1.0	1/2	True	2	16.0	16.0	16.0	16a	2	62	False	True				False	28	i64(9)	v(4)	b	vii		i64(9)		i		64	9		m	True	True	(1, 0, -3)	(2,)	0	1	minor	minor	vii	vii, minor	i		vii	vii	True	i64	i64, minor		i64(9), minor		i	5	3	3	-1	1	1	True	False	True
1488.0	48.0	62.0	52	4	E	0.0	3.0	3	4	4	2.0	1.0	1/2	True	2	16.0	16.0	16.0	16a	3	62	False	True				False	28	i64(9)	v(4)	b	vii		i64(9)		i		64	9		m	True	True	(1, 0, -3)	(2,)	0	1	minor	minor	vii	vii, minor	i		vii	vii	True	i64	i64, minor		i64(9), minor		i	5	3	3	-1	1	1	True	False	True
1500.0	12.0	62.5	57	3	A	0.0	3.5	0	4	4	1.0	1.0	1/8	True	2	16.0	16.0	16.0	16a	3	125/2	False	False				False	28	i64(9)	v(4)	b	vii		i64(9)		i		64	9		m	True	True	(1, 0, -3)	(2,)	0	1	minor	minor	vii	vii, minor	i		vii	vii	True	i64	i64, minor		i64(9), minor		i	5	3	3	-2	0	0	True	True	False
1512.0	12.0	63.0	64	4	E	0.0	4.0	4	4	4	1.0	1.0	1/8	True	2	16.0	16.0	16.0	16a	4	63	False	False				False	28	i64(9)	v(4)	b	vii		i64(9)		i		64	9		m	True	True	(1, 0, -3)	(2,)	0	1	minor	minor	vii	vii, minor	i		vii	vii	True	i64	i64, minor		i64(9), minor		i	5	3	3	-1	1	1	True	False	True
1524.0	12.0	63.5	71	5	B	0.0	4.5	0	4	4	1.0	1.0	1/8	True	2	16.0	16.0	16.0	16a	4	127/2	False	False				False	28	i64(9)	v(4)	b	vii		i64(9)		i		64	9		m	True	True	(1, 0, -3)	(2,)	0	1	minor	minor	vii	vii, minor	i		vii	vii	True	i64	i64, minor		i64(9), minor		i	5	3	3	0	2	2	False	False	False
1536.0	24.0	64.0	41	-1	F	0.0	1.0	1	4	4	2.0	1.0	1/4	True	2	17.0	17.0	17.0	17a	2	64	False	True				False	29	ii%43		b	vii		ii%43		ii	%	43			%7	True	True	(-4, 0, 2, -1)	()	2	-4	minor	minor	vii	vii, minor	ii		vii	vii	True	ii%43	ii%43, minor		ii%43, minor		ii	5	3	3	-6	-4	-4	True	False	True
1536.0	24.0	64.0	53	-1	F	0.0	1.0	1	4	4	2.0	1.0	1/4	True	2	17.0	17.0	17.0	17a	3	64	False	True				False	29	ii%43		b	vii		ii%43		ii	%	43			%7	True	True	(-4, 0, 2, -1)	()	2	-4	minor	minor	vii	vii, minor	ii		vii	vii	True	ii%43	ii%43, minor		ii%43, minor		ii	5	3	3	-6	-4	-4	True	False	True
1548.0	12.0	64.5	57	3	A	0.0	1.5	0	4	4	1.0	1.0	1/8	True	2	17.0	17.0	17.0	17a	3	129/2	False	False				False	29	ii%43		b	vii		ii%43		ii	%	43			%7	True	True	(-4, 0, 2, -1)	()	2	-4	minor	minor	vii	vii, minor	ii		vii	vii	True	ii%43	ii%43, minor		ii%43, minor		ii	5	3	3	-2	0	0	True	False	False
1560.0	8.0	65.0	45	3	A	0.0	2.0	2	4	4	2.0	1.0	1/12	True	2	17.0	17.0	17.0	17a	2	65	False	False				False	29	ii%43		b	vii		ii%43		ii	%	43			%7	True	True	(-4, 0, 2, -1)	()	2	-4	minor	minor	vii	vii, minor	ii		vii	vii	True	ii%43	ii%43, minor		ii%43, minor		ii	5	3	3	-2	0	0	True	False	False
1560.0	8.0	65.0	57	3	A	0.0	2.0	2	4	4	2.0	1.0	1/12	True	2	17.0	17.0	17.0	17a	3	65	False	False				False	29	ii%43		b	vii		ii%43		ii	%	43			%7	True	True	(-4, 0, 2, -1)	()	2	-4	minor	minor	vii	vii, minor	ii		vii	vii	True	ii%43	ii%43, minor		ii%43, minor		ii	5	3	3	-2	0	0	True	False	False
1560.0	12.0	65.0	62	2	D	0.0	2.0	2	4	4	1.0	1.0	1/8	True	2	17.0	17.0	17.0	17a	4	65	False	False				False	29	ii%43		b	vii		ii%43		ii	%	43			%7	True	True	(-4, 0, 2, -1)	()	2	-4	minor	minor	vii	vii, minor	ii		vii	vii	True	ii%43	ii%43, minor		ii%43, minor		ii	5	3	3	-3	-1	-1	True	False	False
1568.0	8.0	65.333	41	-1	F	0.0	2.333	0	4	4	2.0	1.0	1/12	True	2	17.0	17.0	17.0	17a	2	196/3	False	False				False	29	ii%43		b	vii		ii%43		ii	%	43			%7	True	True	(-4, 0, 2, -1)	()	2	-4	minor	minor	vii	vii, minor	ii		vii	vii	True	ii%43	ii%43, minor		ii%43, minor		ii	5	3	3	-6	-4	-4	True	False	True
1568.0	8.0	65.333	53	-1	F	0.0	2.333	0	4	4	2.0	1.0	1/12	True	2	17.0	17.0	17.0	17a	3	196/3	False	False				False	29	ii%43		b	vii		ii%43		ii	%	43			%7	True	True	(-4, 0, 2, -1)	()	2	-4	minor	minor	vii	vii, minor	ii		vii	vii	True	ii%43	ii%43, minor		ii%43, minor		ii	5	3	3	-6	-4	-4	True	False	True
1572.0	12.0	65.5	71	5	B	0.0	2.5	0	4	4	1.0	1.0	1/8	True	2	17.0	17.0	17.0	17a	4	131/2	False	False				False	29	ii%43		b	vii		ii%43		ii	%	43			%7	True	True	(-4, 0, 2, -1)	()	2	-4	minor	minor	vii	vii, minor	ii		vii	vii	True	ii%43	ii%43, minor		ii%43, minor		ii	5	3	3	0	2	2	True	True	False
1576.0	8.0	65.667	43	1	G	0.0	2.667	0	4	4	2.0	1.0	1/12	True	2	17.0	17.0	17.0	17a	2	197/3	False	False				False	29	ii%43		b	vii		ii%43		ii	%	43			%7	True	True	(-4, 0, 2, -1)	()	2	-4	minor	minor	vii	vii, minor	ii		vii	vii	True	ii%43	ii%43, minor		ii%43, minor		ii	5	3	3	-4	-2	-2	False	False	False
1576.0	8.0	65.667	55	1	G	0.0	2.667	0	4	4	2.0	1.0	1/12	True	2	17.0	17.0	17.0	17a	3	197/3	False	False				False	29	ii%43		b	vii		ii%43		ii	%	43			%7	True	True	(-4, 0, 2, -1)	()	2	-4	minor	minor	vii	vii, minor	ii		vii	vii	True	ii%43	ii%43, minor		ii%43, minor		ii	5	3	3	-4	-2	-2	False	False	False
1584.0	48.0	66.0	40	4	E	0.0	3.0	3	4	4	2.0	1.0	1/2	True	2	17.0	17.0	17.0	17a	2	66	False	True				False	30	i64(9)	v(4)	b	vii		i64(9)		i		64	9		m	True	True	(1, 0, -3)	(2,)	0	1	minor	minor	vii	vii, minor	i		vii	vii	True	i64	i64, minor		i64(9), minor		i	5	3	3	-1	1	1	True	False	True
1584.0	48.0	66.0	52	4	E	0.0	3.0	3	4	4	2.0	1.0	1/2	True	2	17.0	17.0	17.0	17a	3	66	False	True				False	30	i64(9)	v(4)	b	vii		i64(9)		i		64	9		m	True	True	(1, 0, -3)	(2,)	0	1	minor	minor	vii	vii, minor	i		vii	vii	True	i64	i64, minor		i64(9), minor		i	5	3	3	-1	1	1	True	False	True
1596.0	12.0	66.5	57	3	A	0.0	3.5	0	4	4	1.0	1.0	1/8	True	2	17.0	17.0	17.0	17a	3	133/2	False	False				False	30	i64(9)	v(4)	b	vii		i64(9)		i		64	9		m	True	True	(1, 0, -3)	(2,)	0	1	minor	minor	vii	vii, minor	i		vii	vii	True	i64	i64, minor		i64(9), minor		i	5	3	3	-2	0	0	True	True	False
1608.0	12.0	67.0	64	4	E	0.0	4.0	4	4	4	1.0	1.0	1/8	True	2	17.0	17.0	17.0	17a	4	67	False	False				False	30	i64(9)	v(4)	b	vii		i64(9)		i		64	9		m	True	True	(1, 0, -3)	(2,)	0	1	minor	minor	vii	vii, minor	i		vii	vii	True	i64	i64, minor		i64(9), minor		i	5	3	3	-1	1	1	True	False	True
1620.0	12.0	67.5	71	5	B	0.0	4.5	0	4	4	1.0	1.0	1/8	True	2	17.0	17.0	17.0	17a	4	135/2	False	False				False	30	i64(9)	v(4)	b	vii		i64(9)		i		64	9		m	True	True	(1, 0, -3)	(2,)	0	1	minor	minor	vii	vii, minor	i		vii	vii	True	i64	i64, minor		i64(9), minor		i	5	3	3	0	2	2	False	False	False
1632.0	12.0	68.0	38	2	D	0.0	1.0	1	4	4	2.0	1.0	1/8	True	2	18.0	18.0	18.0	18a	2	68	False	True				False	31	ii%65		b	vii		ii%65		ii	%	65			%7	True	True	(-1, -4, 0, 2)	()	2	-1	minor	minor	vii	vii, minor	ii		vii	vii	True	ii%65	ii%65, minor		ii%65, minor		ii	5	3	3	-3	-1	-1	True	False	True
1632.0	12.0	68.0	50	2	D	0.0	1.0	1	4	4	2.0	1.0	1/8	True	2	18.0	18.0	18.0	18a	3	68	False	True				False	31	ii%65		b	vii		ii%65		ii	%	65			%7	True	True	(-1, -4, 0, 2)	()	2	-1	minor	minor	vii	vii, minor	ii		vii	vii	True	ii%65	ii%65, minor		ii%65, minor		ii	5	3	3	-3	-1	-1	True	False	True
1644.0	12.0	68.5	37	7	C	1.0	1.5	0	4	4	2.0	1.0	1/8	True	2	18.0	18.0	18.0	18a	2	137/2	False	False				False	31	ii%65		b	vii		ii%65		ii	%	65			%7	True	True	(-1, -4, 0, 2)	()	2	-1	minor	minor	vii	vii, minor	ii		vii	vii	True	ii%65	ii%65, minor		ii%65, minor		ii	5	3	3	2	4	4	False	False	False
1644.0	12.0	68.5	49	7	C	1.0	1.5	0	4	4	2.0	1.0	1/8	True	2	18.0	18.0	18.0	18a	3	137/2	False	False				False	31	ii%65		b	vii		ii%65		ii	%	65			%7	True	True	(-1, -4, 0, 2)	()	2	-1	minor	minor	vii	vii, minor	ii		vii	vii	True	ii%65	ii%65, minor		ii%65, minor		ii	5	3	3	2	4	4	False	False	False
1644.0	12.0	68.5	57	3	A	0.0	1.5	0	4	4	1.0	1.0	1/8	True	2	18.0	18.0	18.0	18a	3	137/2	False	False				False	31	ii%65		b	vii		ii%65		ii	%	65			%7	True	True	(-1, -4, 0, 2)	()	2	-1	minor	minor	vii	vii, minor	ii		vii	vii	True	ii%65	ii%65, minor		ii%65, minor		ii	5	3	3	-2	0	0	True	False	False
1656.0	12.0	69.0	38	2	D	0.0	2.0	2	4	4	2.0	1.0	1/8	True	2	18.0	18.0	18.0	18a	2	69	False	False				False	31	ii%65		b	vii		ii%65		ii	%	65			%7	True	True	(-1, -4, 0, 2)	()	2	-1	minor	minor	vii	vii, minor	ii		vii	vii	True	ii%65	ii%65, minor		ii%65, minor		ii	5	3	3	-3	-1	-1	True	False	True
1656.0	12.0	69.0	50	2	D	0.0	2.0	2	4	4	2.0	1.0	1/8	True	2	18.0	18.0	18.0	18a	3	69	False	False				False	31	ii%65		b	vii		ii%65		ii	%	65			%7	True	True	(-1, -4, 0, 2)	()	2	-1	minor	minor	vii	vii, minor	ii		vii	vii	True	ii%65	ii%65, minor		ii%65, minor		ii	5	3	3	-3	-1	-1	True	False	True
1656.0	12.0	69.0	65	-1	F	0.0	2.0	2	4	4	1.0	1.0	1/8	True	2	18.0	18.0	18.0	18a	4	69	False	False				False	31	ii%65		b	vii		ii%65		ii	%	65			%7	True	True	(-1, -4, 0, 2)	()	2	-1	minor	minor	vii	vii, minor	ii		vii	vii	True	ii%65	ii%65, minor		ii%65, minor		ii	5	3	3	-6	-4	-4	True	False	False
1668.0	12.0	69.5	40	4	E	0.0	2.5	0	4	4	2.0	1.0	1/8	True	2	18.0	18.0	18.0	18a	2	139/2	False	False				False	31	ii%65		b	vii		ii%65		ii	%	65			%7	True	True	(-1, -4, 0, 2)	()	2	-1	minor	minor	vii	vii, minor	ii		vii	vii	True	ii%65	ii%65, minor		ii%65, minor		ii	5	3	3	-1	1	1	False	False	False
1668.0	12.0	69.5	52	4	E	0.0	2.5	0	4	4	2.0	1.0	1/8	True	2	18.0	18.0	18.0	18a	3	139/2	False	False				False	31	ii%65		b	vii		ii%65		ii	%	65			%7	True	True	(-1, -4, 0, 2)	()	2	-1	minor	minor	vii	vii, minor	ii		vii	vii	True	ii%65	ii%65, minor		ii%65, minor		ii	5	3	3	-1	1	1	False	False	False
1668.0	12.0	69.5	71	5	B	0.0	2.5	0	4	4	1.0	1.0	1/8	True	2	18.0	18.0	18.0	18a	4	139/2	False	False				False	31	ii%65		b	vii		ii%65		ii	%	65			%7	True	True	(-1, -4, 0, 2)	()	2	-1	minor	minor	vii	vii, minor	ii		vii	vii	True	ii%65	ii%65, minor		ii%65, minor		ii	5	3	3	0	2	2	True	True	False
1680.0	12.0	70.0	43	1	G	0.0	3.0	3	4	4	2.0	1.0	1/8	True	2	18.0	18.0	18.0	18a	2	70	False	False				False	31	ii%65		b	vii		ii%65		ii	%	65			%7	True	True	(-1, -4, 0, 2)	()	2	-1	minor	minor	vii	vii, minor	ii		vii	vii	True	ii%65	ii%65, minor		ii%65, minor		ii	5	3	3	-4	-2	-2	False	False	False
1680.0	12.0	70.0	55	1	G	0.0	3.0	3	4	4	2.0	1.0	1/8	True	2	18.0	18.0	18.0	18a	3	70	False	False				False	31	ii%65		b	vii		ii%65		ii	%	65			%7	True	True	(-1, -4, 0, 2)	()	2	-1	minor	minor	vii	vii, minor	ii		vii	vii	True	ii%65	ii%65, minor		ii%65, minor		ii	5	3	3	-4	-2	-2	False	False	False
1692.0	12.0	70.5	41	-1	F	0.0	3.5	0	4	4	2.0	1.0	1/8	True	2	18.0	18.0	18.0	18a	2	141/2	False	False				False	31	ii%65		b	vii		ii%65		ii	%	65			%7	True	True	(-1, -4, 0, 2)	()	2	-1	minor	minor	vii	vii, minor	ii		vii	vii	True	ii%65	ii%65, minor		ii%65, minor		ii	5	3	3	-6	-4	-4	True	False	False
1692.0	12.0	70.5	53	-1	F	0.0	3.5	0	4	4	2.0	1.0	1/8	True	2	18.0	18.0	18.0	18a	3	141/2	False	False				False	31	ii%65		b	vii		ii%65		ii	%	65			%7	True	True	(-1, -4, 0, 2)	()	2	-1	minor	minor	vii	vii, minor	ii		vii	vii	True	ii%65	ii%65, minor		ii%65, minor		ii	5	3	3	-6	-4	-4	True	False	False
1692.0	12.0	70.5	57	3	A	0.0	3.5	0	4	4	1.0	1.0	1/8	True	2	18.0	18.0	18.0	18a	3	141/2	False	False				False	31	ii%65		b	vii		ii%65		ii	%	65			%7	True	True	(-1, -4, 0, 2)	()	2	-1	minor	minor	vii	vii, minor	ii		vii	vii	True	ii%65	ii%65, minor		ii%65, minor		ii	5	3	3	-2	0	0	True	False	False
1704.0	12.0	71.0	40	4	E	0.0	4.0	4	4	4	2.0	1.0	1/8	True	2	18.0	18.0	18.0	18a	2	71	False	False				False	31	ii%65		b	vii		ii%65		ii	%	65			%7	True	True	(-1, -4, 0, 2)	()	2	-1	minor	minor	vii	vii, minor	ii		vii	vii	True	ii%65	ii%65, minor		ii%65, minor		ii	5	3	3	-1	1	1	False	False	False
1704.0	12.0	71.0	52	4	E	0.0	4.0	4	4	4	2.0	1.0	1/8	True	2	18.0	18.0	18.0	18a	3	71	False	False				False	31	ii%65		b	vii		ii%65		ii	%	65			%7	True	True	(-1, -4, 0, 2)	()	2	-1	minor	minor	vii	vii, minor	ii		vii	vii	True	ii%65	ii%65, minor		ii%65, minor		ii	5	3	3	-1	1	1	False	False	False
1704.0	12.0	71.0	65	-1	F	0.0	4.0	4	4	4	1.0	1.0	1/8	True	2	18.0	18.0	18.0	18a	4	71	False	False				False	31	ii%65		b	vii		ii%65		ii	%	65			%7	True	True	(-1, -4, 0, 2)	()	2	-1	minor	minor	vii	vii, minor	ii		vii	vii	True	ii%65	ii%65, minor		ii%65, minor		ii	5	3	3	-6	-4	-4	True	False	False
1716.0	12.0	71.5	38	2	D	0.0	4.5	0	4	4	2.0	1.0	1/8	True	2	18.0	18.0	18.0	18a	2	143/2	False	False				False	31	ii%65		b	vii		ii%65		ii	%	65			%7	True	True	(-1, -4, 0, 2)	()	2	-1	minor	minor	vii	vii, minor	ii		vii	vii	True	ii%65	ii%65, minor		ii%65, minor		ii	5	3	3	-3	-1	-1	True	False	True
1716.0	12.0	71.5	50	2	D	0.0	4.5	0	4	4	2.0	1.0	1/8	True	2	18.0	18.0	18.0	18a	3	143/2	False	False				False	31	ii%65		b	vii		ii%65		ii	%	65			%7	True	True	(-1, -4, 0, 2)	()	2	-1	minor	minor	vii	vii, minor	ii		vii	vii	True	ii%65	ii%65, minor		ii%65, minor		ii	5	3	3	-3	-1	-1	True	False	True
1716.0	12.0	71.5	71	5	B	0.0	4.5	0	4	4	1.0	1.0	1/8	True	2	18.0	18.0	18.0	18a	4	143/2	False	False				False	31	ii%65		b	vii		ii%65		ii	%	65			%7	True	True	(-1, -4, 0, 2)	()	2	-1	minor	minor	vii	vii, minor	ii		vii	vii	True	ii%65	ii%65, minor		ii%65, minor		ii	5	3	3	0	2	2	True	True	False
1728.0	24.0	72.0	48	0	C	0.0	1.0	1	4	4	2.0	1.0	1/4	True	2	19.0	19.0	19.0	19a	3	72	False	True				False	32	i6	ii%7(2)	b	vii		i6		i		6			m	True	True	(-3, 1, 0)	()	0	-3	minor	minor	vii	vii, minor	i		vii	vii	True	i6	i6, minor		i6, minor		i	5	3	3	-5	-3	-3	True	False	True
1728.0	24.0	72.0	60	0	C	0.0	1.0	1	4	4	2.0	1.0	1/4	True	2	19.0	19.0	19.0	19a	4	72	False	True				False	32	i6	ii%7(2)	b	vii		i6		i		6			m	True	True	(-3, 1, 0)	()	0	-3	minor	minor	vii	vii, minor	i		vii	vii	True	i6	i6, minor		i6, minor		i	5	3	3	-5	-3	-3	True	False	True
1740.0	12.0	72.5	57	3	A	0.0	1.5	0	4	4	1.0	1.0	1/8	True	2	19.0	19.0	19.0	19a	3	145/2	False	False				False	32	i6	ii%7(2)	b	vii		i6		i		6			m	True	True	(-3, 1, 0)	()	0	-3	minor	minor	vii	vii, minor	i		vii	vii	True	i6	i6, minor		i6, minor		i	5	3	3	-2	0	0	True	True	False
1752.0	48.0	73.0	47	5	B	0.0	2.0	2	4	4	2.0	1.0	1/2	True	2	19.0	19.0	19.0	19a	2	73	False	True				False	33	ii%7		b	vii		ii%7		ii	%	7			%7	True	True	(2, -1, -4, 0)	()	2	2	minor	minor	vii	vii, minor	ii		vii	vii	True	ii%7	ii%7, minor		ii%7, minor		ii	5	3	3	0	2	2	True	True	True
1752.0	6.0	73.0	57	3	A	0.0	2.0	2	4	4	1.0	1.0	1/16	False	2	19.0	19.0	19.0	19a	3	73	False	True				False	33	ii%7		b	vii		ii%7		ii	%	7			%7	True	True	(2, -1, -4, 0)	()	2	2	minor	minor	vii	vii, minor	ii		vii	vii	True	ii%7	ii%7, minor		ii%7, minor		ii	5	3	3	-2	0	0	True	False	False
1752.0	48.0	73.0	59	5	B	0.0	2.0	2	4	4	2.0	1.0	1/2	True	2	19.0	19.0	19.0	19a	3	73	False	True				False	33	ii%7		b	vii		ii%7		ii	%	7			%7	True	True	(2, -1, -4, 0)	()	2	2	minor	minor	vii	vii, minor	ii		vii	vii	True	ii%7	ii%7, minor		ii%7, minor		ii	5	3	3	0	2	2	True	True	True
1758.0	6.0	73.25	62	2	D	0.0	2.25	0	4	4	1.0	1.0	1/16	True	2	19.0	19.0	19.0	19a	4	293/4	False	False				False	33	ii%7		b	vii		ii%7		ii	%	7			%7	True	True	(2, -1, -4, 0)	()	2	2	minor	minor	vii	vii, minor	ii		vii	vii	True	ii%7	ii%7, minor		ii%7, minor		ii	5	3	3	-3	-1	-1	True	False	False
1758.0	6.0	73.25	65	-1	F	0.0	2.25	0	4	4	1.0	1.0	1/16	True	2	19.0	19.0	19.0	19a	4	293/4	False	False				False	33	ii%7		b	vii		ii%7		ii	%	7			%7	True	True	(2, -1, -4, 0)	()	2	2	minor	minor	vii	vii, minor	ii		vii	vii	True	ii%7	ii%7, minor		ii%7, minor		ii	5	3	3	-6	-4	-4	True	False	False
1764.0	6.0	73.5	71	5	B	0.0	2.5	0	4	4	1.0	1.0	1/16	True	2	19.0	19.0	19.0	19a	4	147/2	False	False				False	33	ii%7		b	vii		ii%7		ii	%	7			%7	True	True	(2, -1, -4, 0)	()	2	2	minor	minor	vii	vii, minor	ii		vii	vii	True	ii%7	ii%7, minor		ii%7, minor		ii	5	3	3	0	2	2	True	True	True
1770.0	6.0	73.75	69	3	A	0.0	2.75	0	4	4	1.0	1.0	1/16	True	2	19.0	19.0	19.0	19a	4	295/4	False	False				False	33	ii%7		b	vii		ii%7		ii	%	7			%7	True	True	(2, -1, -4, 0)	()	2	2	minor	minor	vii	vii, minor	ii		vii	vii	True	ii%7	ii%7, minor		ii%7, minor		ii	5	3	3	-2	0	0	True	False	False
1770.0	6.0	73.75	69	3	A	0.0	2.75	0	4	4	1.0	2.0	1/16	True	2	19.0	19.0	19.0	19a	4	295/4	False	False				False	33	ii%7		b	vii		ii%7		ii	%	7			%7	True	True	(2, -1, -4, 0)	()	2	2	minor	minor	vii	vii, minor	ii		vii	vii	True	ii%7	ii%7, minor		ii%7, minor		ii	5	3	3	-2	0	0	True	False	False
1776.0	6.0	74.0	74	2	D	0.0	3.0	3	4	4	1.0	1.0	1/16	True	2	19.0	19.0	19.0	19a	5	74	False	False				False	33	ii%7		b	vii		ii%7		ii	%	7			%7	True	True	(2, -1, -4, 0)	()	2	2	minor	minor	vii	vii, minor	ii		vii	vii	True	ii%7	ii%7, minor		ii%7, minor		ii	5	3	3	-3	-1	-1	True	False	False
1776.0	6.0	74.0	77	-1	F	0.0	3.0	3	4	4	1.0	1.0	1/16	True	2	19.0	19.0	19.0	19a	5	74	False	False				False	33	ii%7		b	vii		ii%7		ii	%	7			%7	True	True	(2, -1, -4, 0)	()	2	2	minor	minor	vii	vii, minor	ii		vii	vii	True	ii%7	ii%7, minor		ii%7, minor		ii	5	3	3	-6	-4	-4	True	False	False
1782.0	6.0	74.25	83	5	B	0.0	3.25	0	4	4	1.0	1.0	1/16	True	2	19.0	19.0	19.0	19a	5	297/4	False	False				False	33	ii%7		b	vii		ii%7		ii	%	7			%7	True	True	(2, -1, -4, 0)	()	2	2	minor	minor	vii	vii, minor	ii		vii	vii	True	ii%7	ii%7, minor		ii%7, minor		ii	5	3	3	0	2	2	True	True	True
1788.0	6.0	74.5	81	3	A	0.0	3.5	0	4	4	1.0	1.0	1/16	True	2	19.0	19.0	19.0	19a	5	149/2	False	False				False	33	ii%7		b	vii		ii%7		ii	%	7			%7	True	True	(2, -1, -4, 0)	()	2	2	minor	minor	vii	vii, minor	ii		vii	vii	True	ii%7	ii%7, minor		ii%7, minor		ii	5	3	3	-2	0	0	True	False	False
1788.0	6.0	74.5	81	3	A	0.0	3.5	0	4	4	1.0	2.0	1/16	True	2	19.0	19.0	19.0	19a	5	149/2	False	False				False	33	ii%7		b	vii		ii%7		ii	%	7			%7	True	True	(2, -1, -4, 0)	()	2	2	minor	minor	vii	vii, minor	ii		vii	vii	True	ii%7	ii%7, minor		ii%7, minor		ii	5	3	3	-2	0	0	True	False	False
1794.0	6.0	74.75	86	2	D	0.0	3.75	0	4	4	1.0	1.0	1/16	True	2	19.0	19.0	19.0	19a	6	299/4	False	False				False	33	ii%7		b	vii		ii%7		ii	%	7			%7	True	True	(2, -1, -4, 0)	()	2	2	minor	minor	vii	vii, minor	ii		vii	vii	True	ii%7	ii%7, minor		ii%7, minor		ii	5	3	3	-3	-1	-1	True	False	False
1794.0	6.0	74.75	89	-1	F	0.0	3.75	0	4	4	1.0	1.0	1/16	True	2	19.0	19.0	19.0	19a	6	299/4	False	False				False	33	ii%7		b	vii		ii%7		ii	%	7			%7	True	True	(2, -1, -4, 0)	()	2	2	minor	minor	vii	vii, minor	ii		vii	vii	True	ii%7	ii%7, minor		ii%7, minor		ii	5	3	3	-6	-4	-4	True	False	False
1800.0	12.0	75.0	47	5	B	0.0	4.0	4	4	4	2.0	1.0	1/8	False	2	19.0	19.0	19.0	19a	2	75	False	False				False	33	ii%7		b	vii		ii%7		ii	%	7			%7	True	True	(2, -1, -4, 0)	()	2	2	minor	minor	vii	vii, minor	ii		vii	vii	True	ii%7	ii%7, minor		ii%7, minor		ii	5	3	3	0	2	2	True	True	True
1800.0	12.0	75.0	59	5	B	0.0	4.0	4	4	4	2.0	1.0	1/8	False	2	19.0	19.0	19.0	19a	3	75	False	False				False	33	ii%7		b	vii		ii%7		ii	%	7			%7	True	True	(2, -1, -4, 0)	()	2	2	minor	minor	vii	vii, minor	ii		vii	vii	True	ii%7	ii%7, minor		ii%7, minor		ii	5	3	3	0	2	2	True	True	True
1800.0	12.0	75.0	95	5	B	0.0	4.0	4	4	4	1.0	1.0	1/8	True	2	19.0	19.0	19.0	19a	6	75	False	False				False	33	ii%7		b	vii		ii%7		ii	%	7			%7	True	True	(2, -1, -4, 0)	()	2	2	minor	minor	vii	vii, minor	ii		vii	vii	True	ii%7	ii%7, minor		ii%7, minor		ii	5	3	3	0	2	2	True	True	True
1812.0	12.0	75.5	53	-1	F	0.0	4.5	0	4	4	2.0	1.0	1/8	True	2	19.0	19.0	19.0	19a	3	151/2	False	False				False	33	ii%7		b	vii		ii%7		ii	%	7			%7	True	True	(2, -1, -4, 0)	()	2	2	minor	minor	vii	vii, minor	ii		vii	vii	True	ii%7	ii%7, minor		ii%7, minor		ii	5	3	3	-6	-4	-4	True	False	False
1812.0	12.0	75.5	65	-1	F	0.0	4.5	0	4	4	2.0	1.0	1/8	True	2	19.0	19.0	19.0	19a	4	151/2	False	False				False	33	ii%7		b	vii		ii%7		ii	%	7			%7	True	True	(2, -1, -4, 0)	()	2	2	minor	minor	vii	vii, minor	ii		vii	vii	True	ii%7	ii%7, minor		ii%7, minor		ii	5	3	3	-6	-4	-4	True	False	False
1824.0	12.0	76.0	53	-1	F	0.0	1.0	1	4	4	2.0	1.0	1/8	False	2	20.0	20.0	20.0	20a	3	76	False	False				False	33	ii%7		b	vii		ii%7		ii	%	7			%7	True	True	(2, -1, -4, 0)	()	2	2	minor	minor	vii	vii, minor	ii		vii	vii	True	ii%7	ii%7, minor		ii%7, minor		ii	5	3	3	-6	-4	-4	True	False	False
1824.0	12.0	76.0	65	-1	F	0.0	1.0	1	4	4	2.0	1.0	1/8	False	2	20.0	20.0	20.0	20a	4	76	False	False				False	33	ii%7		b	vii		ii%7		ii	%	7			%7	True	True	(2, -1, -4, 0)	()	2	2	minor	minor	vii	vii, minor	ii		vii	vii	True	ii%7	ii%7, minor		ii%7, minor		ii	5	3	3	-6	-4	-4	True	False	False
1836.0	12.0	76.5	52	4	E	0.0	1.5	0	4	4	2.0	1.0	1/8	True	2	20.0	20.0	20.0	20a	3	153/2	False	False				False	33	ii%7		b	vii		ii%7		ii	%	7			%7	True	True	(2, -1, -4, 0)	()	2	2	minor	minor	vii	vii, minor	ii		vii	vii	True	ii%7	ii%7, minor		ii%7, minor		ii	5	3	3	-1	1	1	False	False	False
1836.0	12.0	76.5	64	4	E	0.0	1.5	0	4	4	2.0	1.0	1/8	True	2	20.0	20.0	20.0	20a	4	153/2	False	False				False	33	ii%7		b	vii		ii%7		ii	%	7			%7	True	True	(2, -1, -4, 0)	()	2	2	minor	minor	vii	vii, minor	ii		vii	vii	True	ii%7	ii%7, minor		ii%7, minor		ii	5	3	3	-1	1	1	False	False	False
1848.0	12.0	77.0	51	-3	E	-1.0	2.0	2	4	4	2.0	1.0	1/8	True	2	20.0	20.0	20.0	20a	3	77	False	False				False	33	ii%7		b	vii		ii%7		ii	%	7			%7	True	True	(2, -1, -4, 0)	()	2	2	minor	minor	vii	vii, minor	ii		vii	vii	True	ii%7	ii%7, minor		ii%7, minor		ii	5	3	3	-8	-6	-6	False	False	False
1848.0	12.0	77.0	63	-3	E	-1.0	2.0	2	4	4	2.0	1.0	1/8	True	2	20.0	20.0	20.0	20a	4	77	False	False				False	33	ii%7		b	vii		ii%7		ii	%	7			%7	True	True	(2, -1, -4, 0)	()	2	2	minor	minor	vii	vii, minor	ii		vii	vii	True	ii%7	ii%7, minor		ii%7, minor		ii	5	3	3	-8	-6	-6	False	False	False
1860.0	12.0	77.5	50	2	D	0.0	2.5	0	4	4	2.0	1.0	1/8	True	2	20.0	20.0	20.0	20a	3	155/2	False	False				False	33	ii%7		b	vii		ii%7		ii	%	7			%7	True	True	(2, -1, -4, 0)	()	2	2	minor	minor	vii	vii, minor	ii		vii	vii	True	ii%7	ii%7, minor		ii%7, minor		ii	5	3	3	-3	-1	-1	True	False	False
1860.0	12.0	77.5	62	2	D	0.0	2.5	0	4	4	2.0	1.0	1/8	True	2	20.0	20.0	20.0	20a	4	155/2	False	False				False	33	ii%7		b	vii		ii%7		ii	%	7			%7	True	True	(2, -1, -4, 0)	()	2	2	minor	minor	vii	vii, minor	ii		vii	vii	True	ii%7	ii%7, minor		ii%7, minor		ii	5	3	3	-3	-1	-1	True	False	False
1872.0	12.0	78.0	47	5	B	0.0	3.0	3	4	4	2.0	1.0	1/8	True	2	20.0	20.0	20.0	20a	2	78	False	False				False	33	ii%7		b	vii		ii%7		ii	%	7			%7	True	True	(2, -1, -4, 0)	()	2	2	minor	minor	vii	vii, minor	ii		vii	vii	True	ii%7	ii%7, minor		ii%7, minor		ii	5	3	3	0	2	2	True	True	True
1872.0	12.0	78.0	59	5	B	0.0	3.0	3	4	4	2.0	1.0	1/8	True	2	20.0	20.0	20.0	20a	3	78	False	False				False	33	ii%7		b	vii		ii%7		ii	%	7			%7	True	True	(2, -1, -4, 0)	()	2	2	minor	minor	vii	vii, minor	ii		vii	vii	True	ii%7	ii%7, minor		ii%7, minor		ii	5	3	3	0	2	2	True	True	True
1884.0	12.0	78.5	46	-2	B	-1.0	3.5	0	4	4	2.0	1.0	1/8	True	2	20.0	20.0	20.0	20a	2	157/2	False	False				False	33	ii%7		b	vii		ii%7		ii	%	7			%7	True	True	(2, -1, -4, 0)	()	2	2	minor	minor	vii	vii, minor	ii		vii	vii	True	ii%7	ii%7, minor		ii%7, minor		ii	5	3	3	-7	-5	-5	False	False	False
1884.0	12.0	78.5	58	-2	B	-1.0	3.5	0	4	4	2.0	1.0	1/8	True	2	20.0	20.0	20.0	20a	3	157/2	False	False				False	33	ii%7		b	vii		ii%7		ii	%	7			%7	True	True	(2, -1, -4, 0)	()	2	2	minor	minor	vii	vii, minor	ii		vii	vii	True	ii%7	ii%7, minor		ii%7, minor		ii	5	3	3	-7	-5	-5	False	False	False
1896.0	12.0	79.0	45	3	A	0.0	4.0	4	4	4	2.0	1.0	1/8	True	2	20.0	20.0	20.0	20a	2	79	False	False				False	33	ii%7		b	vii		ii%7		ii	%	7			%7	True	True	(2, -1, -4, 0)	()	2	2	minor	minor	vii	vii, minor	ii		vii	vii	True	ii%7	ii%7, minor		ii%7, minor		ii	5	3	3	-2	0	0	True	False	False
1896.0	12.0	79.0	57	3	A	0.0	4.0	4	4	4	2.0	1.0	1/8	True	2	20.0	20.0	20.0	20a	3	79	False	False				False	33	ii%7		b	vii		ii%7		ii	%	7			%7	True	True	(2, -1, -4, 0)	()	2	2	minor	minor	vii	vii, minor	ii		vii	vii	True	ii%7	ii%7, minor		ii%7, minor		ii	5	3	3	-2	0	0	True	False	False
1908.0	12.0	79.5	44	-4	A	-1.0	4.5	0	4	4	2.0	1.0	1/8	True	2	20.0	20.0	20.0	20a	2	159/2	False	False				False	33	ii%7		b	vii		ii%7		ii	%	7			%7	True	True	(2, -1, -4, 0)	()	2	2	minor	minor	vii	vii, minor	ii		vii	vii	True	ii%7	ii%7, minor		ii%7, minor		ii	5	3	3	-9	-7	-7	False	False	False
1908.0	12.0	79.5	56	-4	A	-1.0	4.5	0	4	4	2.0	1.0	1/8	True	2	20.0	20.0	20.0	20a	3	159/2	False	False				False	33	ii%7		b	vii		ii%7		ii	%	7			%7	True	True	(2, -1, -4, 0)	()	2	2	minor	minor	vii	vii, minor	ii		vii	vii	True	ii%7	ii%7, minor		ii%7, minor		ii	5	3	3	-9	-7	-7	False	False	False
1920.0	42.0	80.0	43	1	G	0.0	1.0	1	4	4	2.0	1.0	7/16	True	2	21.0	21.0	21.0	21a	2	80	False	True				False	34	i.ii%43		b	i		ii%43		ii	%	43			%7	True	True	(-4, 0, 2, -1)	()	2	-4	minor	minor	i	i, minor	ii		i	i	True	ii%43	ii%43, minor		ii%43, minor		ii	5	5	5	-4	-4	-4	True	False	True
1920.0	42.0	80.0	55	1	G	0.0	1.0	1	4	4	2.0	1.0	7/16	True	2	21.0	21.0	21.0	21a	3	80	False	True				False	34	i.ii%43		b	i		ii%43		ii	%	43			%7	True	True	(-4, 0, 2, -1)	()	2	-4	minor	minor	i	i, minor	ii		i	i	True	ii%43	ii%43, minor		ii%43, minor		ii	5	5	5	-4	-4	-4	True	False	True
1932.0	12.0	80.5	59	5	B	0.0	1.5	0	4	4	1.0	1.0	1/8	True	2	21.0	21.0	21.0	21a	3	161/2	False	False				False	34	i.ii%43		b	i		ii%43		ii	%	43			%7	True	True	(-4, 0, 2, -1)	()	2	-4	minor	minor	i	i, minor	ii		i	i	True	ii%43	ii%43, minor		ii%43, minor		ii	5	5	5	0	0	0	True	False	False
1944.0	12.0	81.0	64	4	E	0.0	2.0	2	4	4	1.0	1.0	1/8	True	2	21.0	21.0	21.0	21a	4	81	False	False				False	34	i.ii%43		b	i		ii%43		ii	%	43			%7	True	True	(-4, 0, 2, -1)	()	2	-4	minor	minor	i	i, minor	ii		i	i	True	ii%43	ii%43, minor		ii%43, minor		ii	5	5	5	-1	-1	-1	True	False	False
1956.0	12.0	81.5	73	7	C	1.0	2.5	0	4	4	1.0	1.0	1/8	True	2	21.0	21.0	21.0	21a	5	163/2	False	False				False	34	i.ii%43		b	i		ii%43		ii	%	43			%7	True	True	(-4, 0, 2, -1)	()	2	-4	minor	minor	i	i, minor	ii		i	i	True	ii%43	ii%43, minor		ii%43, minor		ii	5	5	5	2	2	2	True	True	False
1962.0	3.0	81.75	45	3	A	0.0	2.75	0	4	4	2.0	1.0	1/32	True	2	21.0	21.0	21.0	21a	2	327/4	False	False				False	34	i.ii%43		b	i		ii%43		ii	%	43			%7	True	True	(-4, 0, 2, -1)	()	2	-4	minor	minor	i	i, minor	ii		i	i	True	ii%43	ii%43, minor		ii%43, minor		ii	5	5	5	-2	-2	-2	False	False	False
1962.0	3.0	81.75	57	3	A	0.0	2.75	0	4	4	2.0	1.0	1/32	True	2	21.0	21.0	21.0	21a	3	327/4	False	False				False	34	i.ii%43		b	i		ii%43		ii	%	43			%7	True	True	(-4, 0, 2, -1)	()	2	-4	minor	minor	i	i, minor	ii		i	i	True	ii%43	ii%43, minor		ii%43, minor		ii	5	5	5	-2	-2	-2	False	False	False
1965.0	3.0	81.875	43	1	G	0.0	2.875	0	4	4	2.0	1.0	1/32	True	2	21.0	21.0	21.0	21a	2	655/8	False	False				False	34	i.ii%43		b	i		ii%43		ii	%	43			%7	True	True	(-4, 0, 2, -1)	()	2	-4	minor	minor	i	i, minor	ii		i	i	True	ii%43	ii%43, minor		ii%43, minor		ii	5	5	5	-4	-4	-4	True	False	True
1965.0	3.0	81.875	55	1	G	0.0	2.875	0	4	4	2.0	1.0	1/32	True	2	21.0	21.0	21.0	21a	3	655/8	False	False				False	34	i.ii%43		b	i		ii%43		ii	%	43			%7	True	True	(-4, 0, 2, -1)	()	2	-4	minor	minor	i	i, minor	ii		i	i	True	ii%43	ii%43, minor		ii%43, minor		ii	5	5	5	-4	-4	-4	True	False	True
1968.0	48.0	82.0	42	6	F	1.0	3.0	3	4	4	2.0	1.0	1/2	True	2	21.0	21.0	21.0	21a	2	82	False	True				False	35	i64(9)	v(4)	b	i		i64(9)		i		64	9		m	True	True	(1, 0, -3)	(2,)	0	1	minor	minor	i	i, minor	i		i	i	True	i64	i64, minor		i64(9), minor		i	5	5	5	1	1	1	True	False	True
1968.0	48.0	82.0	54	6	F	1.0	3.0	3	4	4	2.0	1.0	1/2	True	2	21.0	21.0	21.0	21a	3	82	False	True				False	35	i64(9)	v(4)	b	i		i64(9)		i		64	9		m	True	True	(1, 0, -3)	(2,)	0	1	minor	minor	i	i, minor	i		i	i	True	i64	i64, minor		i64(9), minor		i	5	5	5	1	1	1	True	False	True
1980.0	12.0	82.5	59	5	B	0.0	3.5	0	4	4	1.0	1.0	1/8	True	2	21.0	21.0	21.0	21a	3	165/2	False	False				False	35	i64(9)	v(4)	b	i		i64(9)		i		64	9		m	True	True	(1, 0, -3)	(2,)	0	1	minor	minor	i	i, minor	i		i	i	True	i64	i64, minor		i64(9), minor		i	5	5	5	0	0	0	True	True	False
1992.0	12.0	83.0	66	6	F	1.0	4.0	4	4	4	1.0	1.0	1/8	True	2	21.0	21.0	21.0	21a	4	83	False	False				False	35	i64(9)	v(4)	b	i		i64(9)		i		64	9		m	True	True	(1, 0, -3)	(2,)	0	1	minor	minor	i	i, minor	i		i	i	True	i64	i64, minor		i64(9), minor		i	5	5	5	1	1	1	True	False	True
2004.0	12.0	83.5	73	7	C	1.0	4.5	0	4	4	1.0	1.0	1/8	True	2	21.0	21.0	21.0	21a	5	167/2	False	False				False	35	i64(9)	v(4)	b	i		i64(9)		i		64	9		m	True	True	(1, 0, -3)	(2,)	0	1	minor	minor	i	i, minor	i		i	i	True	i64	i64, minor		i64(9), minor		i	5	5	5	2	2	2	False	False	False
2016.0	24.0	84.0	43	1	G	0.0	1.0	1	4	4	2.0	1.0	1/4	True	2	22.0	22.0	22.0	22a	2	84	False	True				False	36	ii%43		b	i		ii%43		ii	%	43			%7	True	True	(-4, 0, 2, -1)	()	2	-4	minor	minor	i	i, minor	ii		i	i	True	ii%43	ii%43, minor		ii%43, minor		ii	5	5	5	-4	-4	-4	True	False	True
2016.0	24.0	84.0	55	1	G	0.0	1.0	1	4	4	2.0	1.0	1/4	True	2	22.0	22.0	22.0	22a	3	84	False	True				False	36	ii%43		b	i		ii%43		ii	%	43			%7	True	True	(-4, 0, 2, -1)	()	2	-4	minor	minor	i	i, minor	ii		i	i	True	ii%43	ii%43, minor		ii%43, minor		ii	5	5	5	-4	-4	-4	True	False	True
2028.0	12.0	84.5	59	5	B	0.0	1.5	0	4	4	1.0	1.0	1/8	True	2	22.0	22.0	22.0	22a	3	169/2	False	False				False	36	ii%43		b	i		ii%43		ii	%	43			%7	True	True	(-4, 0, 2, -1)	()	2	-4	minor	minor	i	i, minor	ii		i	i	True	ii%43	ii%43, minor		ii%43, minor		ii	5	5	5	0	0	0	True	False	False
2040.0	8.0	85.0	47	5	B	0.0	2.0	2	4	4	2.0	1.0	1/12	True	2	22.0	22.0	22.0	22a	2	85	False	False				False	36	ii%43		b	i		ii%43		ii	%	43			%7	True	True	(-4, 0, 2, -1)	()	2	-4	minor	minor	i	i, minor	ii		i	i	True	ii%43	ii%43, minor		ii%43, minor		ii	5	5	5	0	0	0	True	False	False
2040.0	8.0	85.0	59	5	B	0.0	2.0	2	4	4	2.0	1.0	1/12	True	2	22.0	22.0	22.0	22a	3	85	False	False				False	36	ii%43		b	i		ii%43		ii	%	43			%7	True	True	(-4, 0, 2, -1)	()	2	-4	minor	minor	i	i, minor	ii		i	i	True	ii%43	ii%43, minor		ii%43, minor		ii	5	5	5	0	0	0	True	False	False
2040.0	12.0	85.0	64	4	E	0.0	2.0	2	4	4	1.0	1.0	1/8	True	2	22.0	22.0	22.0	22a	4	85	False	False				False	36	ii%43		b	i		ii%43		ii	%	43			%7	True	True	(-4, 0, 2, -1)	()	2	-4	minor	minor	i	i, minor	ii		i	i	True	ii%43	ii%43, minor		ii%43, minor		ii	5	5	5	-1	-1	-1	True	False	False
2048.0	8.0	85.333	43	1	G	0.0	2.333	0	4	4	2.0	1.0	1/12	True	2	22.0	22.0	22.0	22a	2	256/3	False	False				False	36	ii%43		b	i		ii%43		ii	%	43			%7	True	True	(-4, 0, 2, -1)	()	2	-4	minor	minor	i	i, minor	ii		i	i	True	ii%43	ii%43, minor		ii%43, minor		ii	5	5	5	-4	-4	-4	True	False	True
2048.0	8.0	85.333	55	1	G	0.0	2.333	0	4	4	2.0	1.0	1/12	True	2	22.0	22.0	22.0	22a	3	256/3	False	False				False	36	ii%43		b	i		ii%43		ii	%	43			%7	True	True	(-4, 0, 2, -1)	()	2	-4	minor	minor	i	i, minor	ii		i	i	True	ii%43	ii%43, minor		ii%43, minor		ii	5	5	5	-4	-4	-4	True	False	True
2052.0	12.0	85.5	73	7	C	1.0	2.5	0	4	4	1.0	1.0	1/8	True	2	22.0	22.0	22.0	22a	5	171/2	False	False				False	36	ii%43		b	i		ii%43		ii	%	43			%7	True	True	(-4, 0, 2, -1)	()	2	-4	minor	minor	i	i, minor	ii		i	i	True	ii%43	ii%43, minor		ii%43, minor		ii	5	5	5	2	2	2	True	True	False
2056.0	8.0	85.667	45	3	A	0.0	2.667	0	4	4	2.0	1.0	1/12	True	2	22.0	22.0	22.0	22a	2	257/3	False	False				False	36	ii%43		b	i		ii%43		ii	%	43			%7	True	True	(-4, 0, 2, -1)	()	2	-4	minor	minor	i	i, minor	ii		i	i	True	ii%43	ii%43, minor		ii%43, minor		ii	5	5	5	-2	-2	-2	False	False	False
2056.0	8.0	85.667	57	3	A	0.0	2.667	0	4	4	2.0	1.0	1/12	True	2	22.0	22.0	22.0	22a	3	257/3	False	False				False	36	ii%43		b	i		ii%43		ii	%	43			%7	True	True	(-4, 0, 2, -1)	()	2	-4	minor	minor	i	i, minor	ii		i	i	True	ii%43	ii%43, minor		ii%43, minor		ii	5	5	5	-2	-2	-2	False	False	False
2064.0	48.0	86.0	42	6	F	1.0	3.0	3	4	4	2.0	1.0	1/2	True	2	22.0	22.0	22.0	22a	2	86	False	True				False	37	i64(9)	v(4)	b	i		i64(9)		i		64	9		m	True	True	(1, 0, -3)	(2,)	0	1	minor	minor	i	i, minor	i		i	i	True	i64	i64, minor		i64(9), minor		i	5	5	5	1	1	1	True	False	True
2064.0	48.0	86.0	54	6	F	1.0	3.0	3	4	4	2.0	1.0	1/2	True	2	22.0	22.0	22.0	22a	3	86	False	True				False	37	i64(9)	v(4)	b	i		i64(9)		i		64	9		m	True	True	(1, 0, -3)	(2,)	0	1	minor	minor	i	i, minor	i		i	i	True	i64	i64, minor		i64(9), minor		i	5	5	5	1	1	1	True	False	True
2076.0	12.0	86.5	59	5	B	0.0	3.5	0	4	4	1.0	1.0	1/8	True	2	22.0	22.0	22.0	22a	3	173/2	False	False				False	37	i64(9)	v(4)	b	i		i64(9)		i		64	9		m	True	True	(1, 0, -3)	(2,)	0	1	minor	minor	i	i, minor	i		i	i	True	i64	i64, minor		i64(9), minor		i	5	5	5	0	0	0	True	True	False
2088.0	12.0	87.0	66	6	F	1.0	4.0	4	4	4	1.0	1.0	1/8	True	2	22.0	22.0	22.0	22a	4	87	False	False				False	37	i64(9)	v(4)	b	i		i64(9)		i		64	9		m	True	True	(1, 0, -3)	(2,)	0	1	minor	minor	i	i, minor	i		i	i	True	i64	i64, minor		i64(9), minor		i	5	5	5	1	1	1	True	False	True
2100.0	12.0	87.5	73	7	C	1.0	4.5	0	4	4	1.0	1.0	1/8	True	2	22.0	22.0	22.0	22a	5	175/2	False	False				False	37	i64(9)	v(4)	b	i		i64(9)		i		64	9		m	True	True	(1, 0, -3)	(2,)	0	1	minor	minor	i	i, minor	i		i	i	True	i64	i64, minor		i64(9), minor		i	5	5	5	2	2	2	False	False	False
2112.0	12.0	88.0	40	4	E	0.0	1.0	1	4	4	2.0	1.0	1/8	True	2	23.0	23.0	23.0	23a	2	88	False	True				False	38	ii%65		b	i		ii%65		ii	%	65			%7	True	True	(-1, -4, 0, 2)	()	2	-1	minor	minor	i	i, minor	ii		i	i	True	ii%65	ii%65, minor		ii%65, minor		ii	5	5	5	-1	-1	-1	True	False	True
2112.0	12.0	88.0	52	4	E	0.0	1.0	1	4	4	2.0	1.0	1/8	True	2	23.0	23.0	23.0	23a	3	88	False	True				False	38	ii%65		b	i		ii%65		ii	%	65			%7	True	True	(-1, -4, 0, 2)	()	2	-1	minor	minor	i	i, minor	ii		i	i	True	ii%65	ii%65, minor		ii%65, minor		ii	5	5	5	-1	-1	-1	True	False	True
2124.0	12.0	88.5	39	9	D	1.0	1.5	0	4	4	2.0	1.0	1/8	True	2	23.0	23.0	23.0	23a	2	177/2	False	False				False	38	ii%65		b	i		ii%65		ii	%	65			%7	True	True	(-1, -4, 0, 2)	()	2	-1	minor	minor	i	i, minor	ii		i	i	True	ii%65	ii%65, minor		ii%65, minor		ii	5	5	5	4	4	4	False	False	False
2124.0	12.0	88.5	51	9	D	1.0	1.5	0	4	4	2.0	1.0	1/8	True	2	23.0	23.0	23.0	23a	3	177/2	False	False				False	38	ii%65		b	i		ii%65		ii	%	65			%7	True	True	(-1, -4, 0, 2)	()	2	-1	minor	minor	i	i, minor	ii		i	i	True	ii%65	ii%65, minor		ii%65, minor		ii	5	5	5	4	4	4	False	False	False
2124.0	12.0	88.5	59	5	B	0.0	1.5	0	4	4	1.0	1.0	1/8	True	2	23.0	23.0	23.0	23a	3	177/2	False	False				False	38	ii%65		b	i		ii%65		ii	%	65			%7	True	True	(-1, -4, 0, 2)	()	2	-1	minor	minor	i	i, minor	ii		i	i	True	ii%65	ii%65, minor		ii%65, minor		ii	5	5	5	0	0	0	True	False	False
2136.0	12.0	89.0	40	4	E	0.0	2.0	2	4	4	2.0	1.0	1/8	True	2	23.0	23.0	23.0	23a	2	89	False	False				False	38	ii%65		b	i		ii%65		ii	%	65			%7	True	True	(-1, -4, 0, 2)	()	2	-1	minor	minor	i	i, minor	ii		i	i	True	ii%65	ii%65, minor		ii%65, minor		ii	5	5	5	-1	-1	-1	True	False	True
2136.0	12.0	89.0	52	4	E	0.0	2.0	2	4	4	2.0	1.0	1/8	True	2	23.0	23.0	23.0	23a	3	89	False	False				False	38	ii%65		b	i		ii%65		ii	%	65			%7	True	True	(-1, -4, 0, 2)	()	2	-1	minor	minor	i	i, minor	ii		i	i	True	ii%65	ii%65, minor		ii%65, minor		ii	5	5	5	-1	-1	-1	True	False	True
2136.0	12.0	89.0	67	1	G	0.0	2.0	2	4	4	1.0	1.0	1/8	True	2	23.0	23.0	23.0	23a	4	89	False	False				False	38	ii%65		b	i		ii%65		ii	%	65			%7	True	True	(-1, -4, 0, 2)	()	2	-1	minor	minor	i	i, minor	ii		i	i	True	ii%65	ii%65, minor		ii%65, minor		ii	5	5	5	-4	-4	-4	True	False	False
2148.0	12.0	89.5	42	6	F	1.0	2.5	0	4	4	2.0	1.0	1/8	True	2	23.0	23.0	23.0	23a	2	179/2	False	False				False	38	ii%65		b	i		ii%65		ii	%	65			%7	True	True	(-1, -4, 0, 2)	()	2	-1	minor	minor	i	i, minor	ii		i	i	True	ii%65	ii%65, minor		ii%65, minor		ii	5	5	5	1	1	1	False	False	False
2148.0	12.0	89.5	54	6	F	1.0	2.5	0	4	4	2.0	1.0	1/8	True	2	23.0	23.0	23.0	23a	3	179/2	False	False				False	38	ii%65		b	i		ii%65		ii	%	65			%7	True	True	(-1, -4, 0, 2)	()	2	-1	minor	minor	i	i, minor	ii		i	i	True	ii%65	ii%65, minor		ii%65, minor		ii	5	5	5	1	1	1	False	False	False
2148.0	12.0	89.5	73	7	C	1.0	2.5	0	4	4	1.0	1.0	1/8	True	2	23.0	23.0	23.0	23a	5	179/2	False	False				False	38	ii%65		b	i		ii%65		ii	%	65			%7	True	True	(-1, -4, 0, 2)	()	2	-1	minor	minor	i	i, minor	ii		i	i	True	ii%65	ii%65, minor		ii%65, minor		ii	5	5	5	2	2	2	True	True	False
2160.0	12.0	90.0	45	3	A	0.0	3.0	3	4	4	2.0	1.0	1/8	True	2	23.0	23.0	23.0	23a	2	90	False	False				False	38	ii%65		b	i		ii%65		ii	%	65			%7	True	True	(-1, -4, 0, 2)	()	2	-1	minor	minor	i	i, minor	ii		i	i	True	ii%65	ii%65, minor		ii%65, minor		ii	5	5	5	-2	-2	-2	False	False	False
2160.0	12.0	90.0	57	3	A	0.0	3.0	3	4	4	2.0	1.0	1/8	True	2	23.0	23.0	23.0	23a	3	90	False	False				False	38	ii%65		b	i		ii%65		ii	%	65			%7	True	True	(-1, -4, 0, 2)	()	2	-1	minor	minor	i	i, minor	ii		i	i	True	ii%65	ii%65, minor		ii%65, minor		ii	5	5	5	-2	-2	-2	False	False	False
2172.0	12.0	90.5	43	1	G	0.0	3.5	0	4	4	2.0	1.0	1/8	True	2	23.0	23.0	23.0	23a	2	181/2	False	False				False	38	ii%65		b	i		ii%65		ii	%	65			%7	True	True	(-1, -4, 0, 2)	()	2	-1	minor	minor	i	i, minor	ii		i	i	True	ii%65	ii%65, minor		ii%65, minor		ii	5	5	5	-4	-4	-4	True	False	False
2172.0	12.0	90.5	55	1	G	0.0	3.5	0	4	4	2.0	1.0	1/8	True	2	23.0	23.0	23.0	23a	3	181/2	False	False				False	38	ii%65		b	i		ii%65		ii	%	65			%7	True	True	(-1, -4, 0, 2)	()	2	-1	minor	minor	i	i, minor	ii		i	i	True	ii%65	ii%65, minor		ii%65, minor		ii	5	5	5	-4	-4	-4	True	False	False
2172.0	12.0	90.5	59	5	B	0.0	3.5	0	4	4	1.0	1.0	1/8	True	2	23.0	23.0	23.0	23a	3	181/2	False	False				False	38	ii%65		b	i		ii%65		ii	%	65			%7	True	True	(-1, -4, 0, 2)	()	2	-1	minor	minor	i	i, minor	ii		i	i	True	ii%65	ii%65, minor		ii%65, minor		ii	5	5	5	0	0	0	True	False	False
2184.0	12.0	91.0	42	6	F	1.0	4.0	4	4	4	2.0	1.0	1/8	True	2	23.0	23.0	23.0	23a	2	91	False	False				False	38	ii%65		b	i		ii%65		ii	%	65			%7	True	True	(-1, -4, 0, 2)	()	2	-1	minor	minor	i	i, minor	ii		i	i	True	ii%65	ii%65, minor		ii%65, minor		ii	5	5	5	1	1	1	False	False	False
2184.0	12.0	91.0	54	6	F	1.0	4.0	4	4	4	2.0	1.0	1/8	True	2	23.0	23.0	23.0	23a	3	91	False	False				False	38	ii%65		b	i		ii%65		ii	%	65			%7	True	True	(-1, -4, 0, 2)	()	2	-1	minor	minor	i	i, minor	ii		i	i	True	ii%65	ii%65, minor		ii%65, minor		ii	5	5	5	1	1	1	False	False	False
2184.0	12.0	91.0	67	1	G	0.0	4.0	4	4	4	1.0	1.0	1/8	True	2	23.0	23.0	23.0	23a	4	91	False	False				False	38	ii%65		b	i		ii%65		ii	%	65			%7	True	True	(-1, -4, 0, 2)	()	2	-1	minor	minor	i	i, minor	ii		i	i	True	ii%65	ii%65, minor		ii%65, minor		ii	5	5	5	-4	-4	-4	True	False	False
2196.0	12.0	91.5	40	4	E	0.0	4.5	0	4	4	2.0	1.0	1/8	True	2	23.0	23.0	23.0	23a	2	183/2	False	False				False	38	ii%65		b	i		ii%65		ii	%	65			%7	True	True	(-1, -4, 0, 2)	()	2	-1	minor	minor	i	i, minor	ii		i	i	True	ii%65	ii%65, minor		ii%65, minor		ii	5	5	5	-1	-1	-1	True	False	True
2196.0	12.0	91.5	52	4	E	0.0	4.5	0	4	4	2.0	1.0	1/8	True	2	23.0	23.0	23.0	23a	3	183/2	False	False				False	38	ii%65		b	i		ii%65		ii	%	65			%7	True	True	(-1, -4, 0, 2)	()	2	-1	minor	minor	i	i, minor	ii		i	i	True	ii%65	ii%65, minor		ii%65, minor		ii	5	5	5	-1	-1	-1	True	False	True
2196.0	12.0	91.5	73	7	C	1.0	4.5	0	4	4	1.0	1.0	1/8	True	2	23.0	23.0	23.0	23a	5	183/2	False	False				False	38	ii%65		b	i		ii%65		ii	%	65			%7	True	True	(-1, -4, 0, 2)	()	2	-1	minor	minor	i	i, minor	ii		i	i	True	ii%65	ii%65, minor		ii%65, minor		ii	5	5	5	2	2	2	True	True	False
2208.0	24.0	92.0	50	2	D	0.0	1.0	1	4	4	2.0	1.0	1/4	True	2	24.0	24.0	24.0	24a	3	92	False	True				False	39	i6	ii%7(2)	b	i		i6		i		6			m	True	True	(-3, 1, 0)	()	0	-3	minor	minor	i	i, minor	i		i	i	True	i6	i6, minor		i6, minor		i	5	5	5	-3	-3	-3	True	False	True
2208.0	24.0	92.0	62	2	D	0.0	1.0	1	4	4	2.0	1.0	1/4	True	2	24.0	24.0	24.0	24a	4	92	False	True				False	39	i6	ii%7(2)	b	i		i6		i		6			m	True	True	(-3, 1, 0)	()	0	-3	minor	minor	i	i, minor	i		i	i	True	i6	i6, minor		i6, minor		i	5	5	5	-3	-3	-3	True	False	True
2220.0	12.0	92.5	59	5	B	0.0	1.5	0	4	4	1.0	1.0	1/8	True	2	24.0	24.0	24.0	24a	3	185/2	False	False				False	39	i6	ii%7(2)	b	i		i6		i		6			m	True	True	(-3, 1, 0)	()	0	-3	minor	minor	i	i, minor	i		i	i	True	i6	i6, minor		i6, minor		i	5	5	5	0	0	0	True	True	False
2232.0	48.0	93.0	49	7	C	1.0	2.0	2	4	4	2.0	1.0	1/2	True	2	24.0	24.0	24.0	24a	3	93	False	True				False	40	ii%7		b	i		ii%7		ii	%	7			%7	True	True	(2, -1, -4, 0)	()	2	2	minor	minor	i	i, minor	ii		i	i	True	ii%7	ii%7, minor		ii%7, minor		ii	5	5	5	2	2	2	True	True	True
2232.0	6.0	93.0	59	5	B	0.0	2.0	2	4	4	1.0	1.0	1/16	False	2	24.0	24.0	24.0	24a	3	93	False	True				False	40	ii%7		b	i		ii%7		ii	%	7			%7	True	True	(2, -1, -4, 0)	()	2	2	minor	minor	i	i, minor	ii		i	i	True	ii%7	ii%7, minor		ii%7, minor		ii	5	5	5	0	0	0	True	False	False
2232.0	48.0	93.0	61	7	C	1.0	2.0	2	4	4	2.0	1.0	1/2	True	2	24.0	24.0	24.0	24a	4	93	False	True				False	40	ii%7		b	i		ii%7		ii	%	7			%7	True	True	(2, -1, -4, 0)	()	2	2	minor	minor	i	i, minor	ii		i	i	True	ii%7	ii%7, minor		ii%7, minor		ii	5	5	5	2	2	2	True	True	True
2238.0	6.0	93.25	64	4	E	0.0	2.25	0	4	4	1.0	1.0	1/16	True	2	24.0	24.0	24.0	24a	4	373/4	False	False				False	40	ii%7		b	i		ii%7		ii	%	7			%7	True	True	(2, -1, -4, 0)	()	2	2	minor	minor	i	i, minor	ii		i	i	True	ii%7	ii%7, minor		ii%7, minor		ii	5	5	5	-1	-1	-1	True	False	False
2238.0	6.0	93.25	67	1	G	0.0	2.25	0	4	4	1.0	1.0	1/16	True	2	24.0	24.0	24.0	24a	4	373/4	False	False				False	40	ii%7		b	i		ii%7		ii	%	7			%7	True	True	(2, -1, -4, 0)	()	2	2	minor	minor	i	i, minor	ii		i	i	True	ii%7	ii%7, minor		ii%7, minor		ii	5	5	5	-4	-4	-4	True	False	False
2244.0	6.0	93.5	73	7	C	1.0	2.5	0	4	4	1.0	1.0	1/16	True	2	24.0	24.0	24.0	24a	5	187/2	False	False				False	40	ii%7		b	i		ii%7		ii	%	7			%7	True	True	(2, -1, -4, 0)	()	2	2	minor	minor	i	i, minor	ii		i	i	True	ii%7	ii%7, minor		ii%7, minor		ii	5	5	5	2	2	2	True	True	True
2250.0	6.0	93.75	71	5	B	0.0	2.75	0	4	4	1.0	1.0	1/16	True	2	24.0	24.0	24.0	24a	4	375/4	False	False				False	40	ii%7		b	i		ii%7		ii	%	7			%7	True	True	(2, -1, -4, 0)	()	2	2	minor	minor	i	i, minor	ii		i	i	True	ii%7	ii%7, minor		ii%7, minor		ii	5	5	5	0	0	0	True	False	False
2250.0	6.0	93.75	71	5	B	0.0	2.75	0	4	4	1.0	2.0	1/16	True	2	24.0	24.0	24.0	24a	4	375/4	False	False				False	40	ii%7		b	i		ii%7		ii	%	7			%7	True	True	(2, -1, -4, 0)	()	2	2	minor	minor	i	i, minor	ii		i	i	True	ii%7	ii%7, minor		ii%7, minor		ii	5	5	5	0	0	0	True	False	False
2256.0	6.0	94.0	76	4	E	0.0	3.0	3	4	4	1.0	1.0	1/16	True	2	24.0	24.0	24.0	24a	5	94	False	False				False	40	ii%7		b	i		ii%7		ii	%	7			%7	True	True	(2, -1, -4, 0)	()	2	2	minor	minor	i	i, minor	ii		i	i	True	ii%7	ii%7, minor		ii%7, minor		ii	5	5	5	-1	-1	-1	True	False	False
2256.0	6.0	94.0	79	1	G	0.0	3.0	3	4	4	1.0	1.0	1/16	True	2	24.0	24.0	24.0	24a	5	94	False	False				False	40	ii%7		b	i		ii%7		ii	%	7			%7	True	True	(2, -1, -4, 0)	()	2	2	minor	minor	i	i, minor	ii		i	i	True	ii%7	ii%7, minor		ii%7, minor		ii	5	5	5	-4	-4	-4	True	False	False
2262.0	6.0	94.25	85	7	C	1.0	3.25	0	4	4	1.0	1.0	1/16	True	2	24.0	24.0	24.0	24a	6	377/4	False	False				False	40	ii%7		b	i		ii%7		ii	%	7			%7	True	True	(2, -1, -4, 0)	()	2	2	minor	minor	i	i, minor	ii		i	i	True	ii%7	ii%7, minor		ii%7, minor		ii	5	5	5	2	2	2	True	True	True
2268.0	6.0	94.5	83	5	B	0.0	3.5	0	4	4	1.0	1.0	1/16	True	2	24.0	24.0	24.0	24a	5	189/2	False	False				False	40	ii%7		b	i		ii%7		ii	%	7			%7	True	True	(2, -1, -4, 0)	()	2	2	minor	minor	i	i, minor	ii		i	i	True	ii%7	ii%7, minor		ii%7, minor		ii	5	5	5	0	0	0	True	False	False
2268.0	6.0	94.5	83	5	B	0.0	3.5	0	4	4	1.0	2.0	1/16	True	2	24.0	24.0	24.0	24a	5	189/2	False	False				False	40	ii%7		b	i		ii%7		ii	%	7			%7	True	True	(2, -1, -4, 0)	()	2	2	minor	minor	i	i, minor	ii		i	i	True	ii%7	ii%7, minor		ii%7, minor		ii	5	5	5	0	0	0	True	False	False
2274.0	6.0	94.75	88	4	E	0.0	3.75	0	4	4	1.0	1.0	1/16	True	2	24.0	24.0	24.0	24a	6	379/4	False	False				False	40	ii%7		b	i		ii%7		ii	%	7			%7	True	True	(2, -1, -4, 0)	()	2	2	minor	minor	i	i, minor	ii		i	i	True	ii%7	ii%7, minor		ii%7, minor		ii	5	5	5	-1	-1	-1	True	False	False
2274.0	6.0	94.75	91	1	G	0.0	3.75	0	4	4	1.0	1.0	1/16	True	2	24.0	24.0	24.0	24a	6	379/4	False	False				False	40	ii%7		b	i		ii%7		ii	%	7			%7	True	True	(2, -1, -4, 0)	()	2	2	minor	minor	i	i, minor	ii		i	i	True	ii%7	ii%7, minor		ii%7, minor		ii	5	5	5	-4	-4	-4	True	False	False
2280.0	12.0	95.0	49	7	C	1.0	4.0	4	4	4	2.0	1.0	1/8	False	2	24.0	24.0	24.0	24a	3	95	False	False				False	40	ii%7		b	i		ii%7		ii	%	7			%7	True	True	(2, -1, -4, 0)	()	2	2	minor	minor	i	i, minor	ii		i	i	True	ii%7	ii%7, minor		ii%7, minor		ii	5	5	5	2	2	2	True	True	True
2280.0	12.0	95.0	61	7	C	1.0	4.0	4	4	4	2.0	1.0	1/8	False	2	24.0	24.0	24.0	24a	4	95	False	False				False	40	ii%7		b	i		ii%7		ii	%	7			%7	True	True	(2, -1, -4, 0)	()	2	2	minor	minor	i	i, minor	ii		i	i	True	ii%7	ii%7, minor		ii%7, minor		ii	5	5	5	2	2	2	True	True	True
2280.0	12.0	95.0	97	7	C	1.0	4.0	4	4	4	1.0	1.0	1/8	True	2	24.0	24.0	24.0	24a	7	95	False	False				False	40	ii%7		b	i		ii%7		ii	%	7			%7	True	True	(2, -1, -4, 0)	()	2	2	minor	minor	i	i, minor	ii		i	i	True	ii%7	ii%7, minor		ii%7, minor		ii	5	5	5	2	2	2	True	True	True
2292.0	12.0	95.5	43	1	G	0.0	4.5	0	4	4	2.0	1.0	1/8	True	2	24.0	24.0	24.0	24a	2	191/2	False	False				False	40	ii%7		b	i		ii%7		ii	%	7			%7	True	True	(2, -1, -4, 0)	()	2	2	minor	minor	i	i, minor	ii		i	i	True	ii%7	ii%7, minor		ii%7, minor		ii	5	5	5	-4	-4	-4	True	False	False
2292.0	12.0	95.5	55	1	G	0.0	4.5	0	4	4	2.0	1.0	1/8	True	2	24.0	24.0	24.0	24a	3	191/2	False	False				False	40	ii%7		b	i		ii%7		ii	%	7			%7	True	True	(2, -1, -4, 0)	()	2	2	minor	minor	i	i, minor	ii		i	i	True	ii%7	ii%7, minor		ii%7, minor		ii	5	5	5	-4	-4	-4	True	False	False
2304.0	24.0	96.0	50	2	D	0.0	1.0	1	4	4	2.0	1.0	1/4	True	2	25.0	25.0	25.0	25a	3	96	False	True				False	41	i6	V7(2)/V	b	i		i6		i		6			m	True	True	(-3, 1, 0)	()	0	-3	minor	minor	i	i, minor	i		i	i	True	i6	i6, minor		i6, minor		i	5	5	5	-3	-3	-3	True	False	True
2304.0	24.0	96.0	62	2	D	0.0	1.0	1	4	4	2.0	1.0	1/4	True	2	25.0	25.0	25.0	25a	4	96	False	True				False	41	i6	V7(2)/V	b	i		i6		i		6			m	True	True	(-3, 1, 0)	()	0	-3	minor	minor	i	i, minor	i		i	i	True	i6	i6, minor		i6, minor		i	5	5	5	-3	-3	-3	True	False	True
2316.0	12.0	96.5	59	5	B	0.0	1.5	0	4	4	1.0	1.0	1/8	True	2	25.0	25.0	25.0	25a	3	193/2	False	False				False	41	i6	V7(2)/V	b	i		i6		i		6			m	True	True	(-3, 1, 0)	()	0	-3	minor	minor	i	i, minor	i		i	i	True	i6	i6, minor		i6, minor		i	5	5	5	0	0	0	True	True	False
2328.0	48.0	97.0	49	7	C	1.0	2.0	2	4	4	2.0	1.0	1/2	True	2	25.0	25.0	25.0	25a	3	97	False	True				False	42	V7/V		b	i		V7/V		V		7		V	Mm7	True	True	(2, 6, 3, 0)	()	2	2	minor	minor	i	i, minor	V/V	V	V/i	V	False	V7/V	V7/V, minor		V7/V, minor	V	V	5	5	6	2	2	1	True	True	True
2328.0	6.0	97.0	59	5	B	0.0	2.0	2	4	4	1.0	1.0	1/16	False	2	25.0	25.0	25.0	25a	3	97	False	True				False	42	V7/V		b	i		V7/V		V		7		V	Mm7	True	True	(2, 6, 3, 0)	()	2	2	minor	minor	i	i, minor	V/V	V	V/i	V	False	V7/V	V7/V, minor		V7/V, minor	V	V	5	5	6	0	0	-1	True	False	False
2328.0	48.0	97.0	61	7	C	1.0	2.0	2	4	4	2.0	1.0	1/2	True	2	25.0	25.0	25.0	25a	4	97	False	True				False	42	V7/V		b	i		V7/V		V		7		V	Mm7	True	True	(2, 6, 3, 0)	()	2	2	minor	minor	i	i, minor	V/V	V	V/i	V	False	V7/V	V7/V, minor		V7/V, minor	V	V	5	5	6	2	2	1	True	True	True
2334.0	6.0	97.25	65	11	E	1.0	2.25	0	4	4	1.0	1.0	1/16	True	2	25.0	25.0	25.0	25a	4	389/4	False	False				False	42	V7/V		b	i		V7/V		V		7		V	Mm7	True	True	(2, 6, 3, 0)	()	2	2	minor	minor	i	i, minor	V/V	V	V/i	V	False	V7/V	V7/V, minor		V7/V, minor	V	V	5	5	6	6	6	5	True	False	False
2334.0	6.0	97.25	68	8	G	1.0	2.25	0	4	4	1.0	1.0	1/16	True	2	25.0	25.0	25.0	25a	4	389/4	False	False				False	42	V7/V		b	i		V7/V		V		7		V	Mm7	True	True	(2, 6, 3, 0)	()	2	2	minor	minor	i	i, minor	V/V	V	V/i	V	False	V7/V	V7/V, minor		V7/V, minor	V	V	5	5	6	3	3	2	True	False	False
2340.0	6.0	97.5	73	7	C	1.0	2.5	0	4	4	1.0	1.0	1/16	True	2	25.0	25.0	25.0	25a	5	195/2	False	False				False	42	V7/V		b	i		V7/V		V		7		V	Mm7	True	True	(2, 6, 3, 0)	()	2	2	minor	minor	i	i, minor	V/V	V	V/i	V	False	V7/V	V7/V, minor		V7/V, minor	V	V	5	5	6	2	2	1	True	True	True
2346.0	6.0	97.75	71	5	B	0.0	2.75	0	4	4	1.0	1.0	1/16	True	2	25.0	25.0	25.0	25a	4	391/4	False	False				False	42	V7/V		b	i		V7/V		V		7		V	Mm7	True	True	(2, 6, 3, 0)	()	2	2	minor	minor	i	i, minor	V/V	V	V/i	V	False	V7/V	V7/V, minor		V7/V, minor	V	V	5	5	6	0	0	-1	True	False	False
2346.0	6.0	97.75	71	5	B	0.0	2.75	0	4	4	1.0	2.0	1/16	True	2	25.0	25.0	25.0	25a	4	391/4	False	False				False	42	V7/V		b	i		V7/V		V		7		V	Mm7	True	True	(2, 6, 3, 0)	()	2	2	minor	minor	i	i, minor	V/V	V	V/i	V	False	V7/V	V7/V, minor		V7/V, minor	V	V	5	5	6	0	0	-1	True	False	False
2352.0	6.0	98.0	77	11	E	1.0	3.0	3	4	4	1.0	1.0	1/16	True	2	25.0	25.0	25.0	25a	5	98	False	False				False	42	V7/V		b	i		V7/V		V		7		V	Mm7	True	True	(2, 6, 3, 0)	()	2	2	minor	minor	i	i, minor	V/V	V	V/i	V	False	V7/V	V7/V, minor		V7/V, minor	V	V	5	5	6	6	6	5	True	False	False
2352.0	6.0	98.0	80	8	G	1.0	3.0	3	4	4	1.0	1.0	1/16	True	2	25.0	25.0	25.0	25a	5	98	False	False				False	42	V7/V		b	i		V7/V		V		7		V	Mm7	True	True	(2, 6, 3, 0)	()	2	2	minor	minor	i	i, minor	V/V	V	V/i	V	False	V7/V	V7/V, minor		V7/V, minor	V	V	5	5	6	3	3	2	True	False	False
2358.0	6.0	98.25	85	7	C	1.0	3.25	0	4	4	1.0	1.0	1/16	True	2	25.0	25.0	25.0	25a	6	393/4	False	False				False	42	V7/V		b	i		V7/V		V		7		V	Mm7	True	True	(2, 6, 3, 0)	()	2	2	minor	minor	i	i, minor	V/V	V	V/i	V	False	V7/V	V7/V, minor		V7/V, minor	V	V	5	5	6	2	2	1	True	True	True
2364.0	6.0	98.5	83	5	B	0.0	3.5	0	4	4	1.0	1.0	1/16	True	2	25.0	25.0	25.0	25a	5	197/2	False	False				False	42	V7/V		b	i		V7/V		V		7		V	Mm7	True	True	(2, 6, 3, 0)	()	2	2	minor	minor	i	i, minor	V/V	V	V/i	V	False	V7/V	V7/V, minor		V7/V, minor	V	V	5	5	6	0	0	-1	True	False	False
2364.0	6.0	98.5	83	5	B	0.0	3.5	0	4	4	1.0	2.0	1/16	True	2	25.0	25.0	25.0	25a	5	197/2	False	False				False	42	V7/V		b	i		V7/V		V		7		V	Mm7	True	True	(2, 6, 3, 0)	()	2	2	minor	minor	i	i, minor	V/V	V	V/i	V	False	V7/V	V7/V, minor		V7/V, minor	V	V	5	5	6	0	0	-1	True	False	False
2370.0	6.0	98.75	89	11	E	1.0	3.75	0	4	4	1.0	1.0	1/16	True	2	25.0	25.0	25.0	25a	6	395/4	False	False				False	42	V7/V		b	i		V7/V		V		7		V	Mm7	True	True	(2, 6, 3, 0)	()	2	2	minor	minor	i	i, minor	V/V	V	V/i	V	False	V7/V	V7/V, minor		V7/V, minor	V	V	5	5	6	6	6	5	True	False	False
2370.0	6.0	98.75	92	8	G	1.0	3.75	0	4	4	1.0	1.0	1/16	True	2	25.0	25.0	25.0	25a	6	395/4	False	False				False	42	V7/V		b	i		V7/V		V		7		V	Mm7	True	True	(2, 6, 3, 0)	()	2	2	minor	minor	i	i, minor	V/V	V	V/i	V	False	V7/V	V7/V, minor		V7/V, minor	V	V	5	5	6	3	3	2	True	False	False
2376.0	12.0	99.0	49	7	C	1.0	4.0	4	4	4	2.0	1.0	1/8	False	2	25.0	25.0	25.0	25a	3	99	False	False				False	42	V7/V		b	i		V7/V		V		7		V	Mm7	True	True	(2, 6, 3, 0)	()	2	2	minor	minor	i	i, minor	V/V	V	V/i	V	False	V7/V	V7/V, minor		V7/V, minor	V	V	5	5	6	2	2	1	True	True	True
2376.0	12.0	99.0	61	7	C	1.0	4.0	4	4	4	2.0	1.0	1/8	False	2	25.0	25.0	25.0	25a	4	99	False	False				False	42	V7/V		b	i		V7/V		V		7		V	Mm7	True	True	(2, 6, 3, 0)	()	2	2	minor	minor	i	i, minor	V/V	V	V/i	V	False	V7/V	V7/V, minor		V7/V, minor	V	V	5	5	6	2	2	1	True	True	True
2376.0	12.0	99.0	97	7	C	1.0	4.0	4	4	4	1.0	1.0	1/8	True	2	25.0	25.0	25.0	25a	7	99	False	False				False	42	V7/V		b	i		V7/V		V		7		V	Mm7	True	True	(2, 6, 3, 0)	()	2	2	minor	minor	i	i, minor	V/V	V	V/i	V	False	V7/V	V7/V, minor		V7/V, minor	V	V	5	5	6	2	2	1	True	True	True
2388.0	12.0	99.5	62	2	D	0.0	4.5	0	4	4	2.0	1.0	1/8	True	2	25.0	25.0	25.0	25a	4	199/2	False	True				False	43	viio2/V		b	i		viio2/V		vii	o	2		V	o7	True	True	(-3, 6, 3, 0)	()	6	-3	minor	minor	i	i, minor	vii/V	V	V/i	V	False	viio2/V	viio2/V, minor		viio2/V, minor	V	V	5	5	6	-3	-3	-4	True	False	True
2388.0	12.0	99.5	65	11	E	1.0	4.5	0	4	4	2.0	1.0	1/8	True	2	25.0	25.0	25.0	25a	4	199/2	False	True				False	43	viio2/V		b	i		viio2/V		vii	o	2		V	o7	True	True	(-3, 6, 3, 0)	()	6	-3	minor	minor	i	i, minor	vii/V	V	V/i	V	False	viio2/V	viio2/V, minor		viio2/V, minor	V	V	5	5	6	6	6	5	True	True	False
2388.0	12.0	99.5	68	8	G	1.0	4.5	0	4	4	2.0	1.0	1/8	True	2	25.0	25.0	25.0	25a	4	199/2	False	True				False	43	viio2/V		b	i		viio2/V		vii	o	2		V	o7	True	True	(-3, 6, 3, 0)	()	6	-3	minor	minor	i	i, minor	vii/V	V	V/i	V	False	viio2/V	viio2/V, minor		viio2/V, minor	V	V	5	5	6	3	3	2	True	False	False
2388.0	12.0	99.5	74	2	D	0.0	4.5	0	4	4	2.0	1.0	1/8	True	2	25.0	25.0	25.0	25a	5	199/2	False	True				False	43	viio2/V		b	i		viio2/V		vii	o	2		V	o7	True	True	(-3, 6, 3, 0)	()	6	-3	minor	minor	i	i, minor	vii/V	V	V/i	V	False	viio2/V	viio2/V, minor		viio2/V, minor	V	V	5	5	6	-3	-3	-4	True	False	True
2400.0	12.0	100.0	62	2	D	0.0	1.0	1	4	4	2.0	1.0	1/8	False	2	26.0	26.0	26.0	26a	4	100	False	False				False	43	viio2/V		b	i		viio2/V		vii	o	2		V	o7	True	True	(-3, 6, 3, 0)	()	6	-3	minor	minor	i	i, minor	vii/V	V	V/i	V	False	viio2/V	viio2/V, minor		viio2/V, minor	V	V	5	5	6	-3	-3	-4	True	False	True
2400.0	12.0	100.0	65	11	E	1.0	1.0	1	4	4	2.0	1.0	1/8	False	2	26.0	26.0	26.0	26a	4	100	False	False				False	43	viio2/V		b	i		viio2/V		vii	o	2		V	o7	True	True	(-3, 6, 3, 0)	()	6	-3	minor	minor	i	i, minor	vii/V	V	V/i	V	False	viio2/V	viio2/V, minor		viio2/V, minor	V	V	5	5	6	6	6	5	True	True	False
2400.0	12.0	100.0	68	8	G	1.0	1.0	1	4	4	2.0	1.0	1/8	False	2	26.0	26.0	26.0	26a	4	100	False	False				False	43	viio2/V		b	i		viio2/V		vii	o	2		V	o7	True	True	(-3, 6, 3, 0)	()	6	-3	minor	minor	i	i, minor	vii/V	V	V/i	V	False	viio2/V	viio2/V, minor		viio2/V, minor	V	V	5	5	6	3	3	2	True	False	False
2400.0	12.0	100.0	74	2	D	0.0	1.0	1	4	4	2.0	1.0	1/8	False	2	26.0	26.0	26.0	26a	5	100	False	False				False	43	viio2/V		b	i		viio2/V		vii	o	2		V	o7	True	True	(-3, 6, 3, 0)	()	6	-3	minor	minor	i	i, minor	vii/V	V	V/i	V	False	viio2/V	viio2/V, minor		viio2/V, minor	V	V	5	5	6	-3	-3	-4	True	False	True
2412.0	12.0	100.5	61	7	C	1.0	1.5	0	4	4	2.0	1.0	1/8	True	2	26.0	26.0	26.0	26a	4	201/2	False	False				False	43	viio2/V		b	i		viio2/V		vii	o	2		V	o7	True	True	(-3, 6, 3, 0)	()	6	-3	minor	minor	i	i, minor	vii/V	V	V/i	V	False	viio2/V	viio2/V, minor		viio2/V, minor	V	V	5	5	6	2	2	1	False	False	False
2412.0	12.0	100.5	73	7	C	1.0	1.5	0	4	4	2.0	1.0	1/8	True	2	26.0	26.0	26.0	26a	5	201/2	False	False				False	43	viio2/V		b	i		viio2/V		vii	o	2		V	o7	True	True	(-3, 6, 3, 0)	()	6	-3	minor	minor	i	i, minor	vii/V	V	V/i	V	False	viio2/V	viio2/V, minor		viio2/V, minor	V	V	5	5	6	2	2	1	False	False	False
2424.0	12.0	101.0	60	0	C	0.0	2.0	2	4	4	2.0	1.0	1/8	True	2	26.0	26.0	26.0	26a	4	101	False	False				False	43	viio2/V		b	i		viio2/V		vii	o	2		V	o7	True	True	(-3, 6, 3, 0)	()	6	-3	minor	minor	i	i, minor	vii/V	V	V/i	V	False	viio2/V	viio2/V, minor		viio2/V, minor	V	V	5	5	6	-5	-5	-6	False	False	False
2424.0	12.0	101.0	72	0	C	0.0	2.0	2	4	4	2.0	1.0	1/8	True	2	26.0	26.0	26.0	26a	5	101	False	False				False	43	viio2/V		b	i		viio2/V		vii	o	2		V	o7	True	True	(-3, 6, 3, 0)	()	6	-3	minor	minor	i	i, minor	vii/V	V	V/i	V	False	viio2/V	viio2/V, minor		viio2/V, minor	V	V	5	5	6	-5	-5	-6	False	False	False
2436.0	12.0	101.5	59	5	B	0.0	2.5	0	4	4	2.0	1.0	1/8	True	2	26.0	26.0	26.0	26a	3	203/2	False	False				False	43	viio2/V		b	i		viio2/V		vii	o	2		V	o7	True	True	(-3, 6, 3, 0)	()	6	-3	minor	minor	i	i, minor	vii/V	V	V/i	V	False	viio2/V	viio2/V, minor		viio2/V, minor	V	V	5	5	6	0	0	-1	True	False	False
2436.0	12.0	101.5	71	5	B	0.0	2.5	0	4	4	2.0	1.0	1/8	True	2	26.0	26.0	26.0	26a	4	203/2	False	False				False	43	viio2/V		b	i		viio2/V		vii	o	2		V	o7	True	True	(-3, 6, 3, 0)	()	6	-3	minor	minor	i	i, minor	vii/V	V	V/i	V	False	viio2/V	viio2/V, minor		viio2/V, minor	V	V	5	5	6	0	0	-1	True	False	False
2448.0	12.0	102.0	56	8	G	1.0	3.0	3	4	4	2.0	1.0	1/8	True	2	26.0	26.0	26.0	26a	3	102	False	False				False	43	viio2/V		b	i		viio2/V		vii	o	2		V	o7	True	True	(-3, 6, 3, 0)	()	6	-3	minor	minor	i	i, minor	vii/V	V	V/i	V	False	viio2/V	viio2/V, minor		viio2/V, minor	V	V	5	5	6	3	3	2	True	False	False
2448.0	12.0	102.0	68	8	G	1.0	3.0	3	4	4	1.0	1.0	1/8	True	2	26.0	26.0	26.0	26a	4	102	False	False				False	43	viio2/V		b	i		viio2/V		vii	o	2		V	o7	True	True	(-3, 6, 3, 0)	()	6	-3	minor	minor	i	i, minor	vii/V	V	V/i	V	False	viio2/V	viio2/V, minor		viio2/V, minor	V	V	5	5	6	3	3	2	True	False	False
2460.0	12.0	102.5	55	1	G	0.0	3.5	0	4	4	2.0	1.0	1/8	True	2	26.0	26.0	26.0	26a	3	205/2	False	False				False	43	viio2/V		b	i		viio2/V		vii	o	2		V	o7	True	True	(-3, 6, 3, 0)	()	6	-3	minor	minor	i	i, minor	vii/V	V	V/i	V	False	viio2/V	viio2/V, minor		viio2/V, minor	V	V	5	5	6	-4	-4	-5	False	False	False
2460.0	12.0	102.5	67	1	G	0.0	3.5	0	4	4	1.0	1.0	1/8	True	2	26.0	26.0	26.0	26a	4	205/2	False	False				False	43	viio2/V		b	i		viio2/V		vii	o	2		V	o7	True	True	(-3, 6, 3, 0)	()	6	-3	minor	minor	i	i, minor	vii/V	V	V/i	V	False	viio2/V	viio2/V, minor		viio2/V, minor	V	V	5	5	6	-4	-4	-5	False	False	False
2472.0	12.0	103.0	54	6	F	1.0	4.0	4	4	4	2.0	1.0	1/8	True	2	26.0	26.0	26.0	26a	3	103	False	False				False	43	viio2/V		b	i		viio2/V		vii	o	2		V	o7	True	True	(-3, 6, 3, 0)	()	6	-3	minor	minor	i	i, minor	vii/V	V	V/i	V	False	viio2/V	viio2/V, minor		viio2/V, minor	V	V	5	5	6	1	1	0	False	False	False
2472.0	12.0	103.0	66	6	F	1.0	4.0	4	4	4	1.0	1.0	1/8	True	2	26.0	26.0	26.0	26a	4	103	False	False				False	43	viio2/V		b	i		viio2/V		vii	o	2		V	o7	True	True	(-3, 6, 3, 0)	()	6	-3	minor	minor	i	i, minor	vii/V	V	V/i	V	False	viio2/V	viio2/V, minor		viio2/V, minor	V	V	5	5	6	1	1	0	False	False	False
2484.0	12.0	103.5	53	11	E	1.0	4.5	0	4	4	2.0	1.0	1/8	True	2	26.0	26.0	26.0	26a	3	207/2	False	False				False	43	viio2/V		b	i		viio2/V		vii	o	2		V	o7	True	True	(-3, 6, 3, 0)	()	6	-3	minor	minor	i	i, minor	vii/V	V	V/i	V	False	viio2/V	viio2/V, minor		viio2/V, minor	V	V	5	5	6	6	6	5	True	True	False
2484.0	12.0	103.5	65	11	E	1.0	4.5	0	4	4	1.0	1.0	1/8	True	2	26.0	26.0	26.0	26a	4	207/2	False	False				False	43	viio2/V		b	i		viio2/V		vii	o	2		V	o7	True	True	(-3, 6, 3, 0)	()	6	-3	minor	minor	i	i, minor	vii/V	V	V/i	V	False	viio2/V	viio2/V, minor		viio2/V, minor	V	V	5	5	6	6	6	5	True	True	False
2496.0	12.0	104.0	50	2	D	0.0	1.0	1	4	4	2.0	1.0	1/8	True	2	27.0	27.0	27.0	27a	3	104	False	False				False	43	viio2/V		b	i		viio2/V		vii	o	2		V	o7	True	True	(-3, 6, 3, 0)	()	6	-3	minor	minor	i	i, minor	vii/V	V	V/i	V	False	viio2/V	viio2/V, minor		viio2/V, minor	V	V	5	5	6	-3	-3	-4	True	False	True
2496.0	12.0	104.0	62	2	D	0.0	1.0	1	4	4	2.0	1.0	1/8	True	2	27.0	27.0	27.0	27a	4	104	False	False				False	43	viio2/V		b	i		viio2/V		vii	o	2		V	o7	True	True	(-3, 6, 3, 0)	()	6	-3	minor	minor	i	i, minor	vii/V	V	V/i	V	False	viio2/V	viio2/V, minor		viio2/V, minor	V	V	5	5	6	-3	-3	-4	True	False	True
2508.0	12.0	104.5	49	7	C	1.0	1.5	0	4	4	2.0	1.0	1/8	True	2	27.0	27.0	27.0	27a	3	209/2	False	False				False	43	viio2/V		b	i		viio2/V		vii	o	2		V	o7	True	True	(-3, 6, 3, 0)	()	6	-3	minor	minor	i	i, minor	vii/V	V	V/i	V	False	viio2/V	viio2/V, minor		viio2/V, minor	V	V	5	5	6	2	2	1	False	False	False
2508.0	12.0	104.5	61	7	C	1.0	1.5	0	4	4	2.0	1.0	1/8	True	2	27.0	27.0	27.0	27a	4	209/2	False	False				False	43	viio2/V		b	i		viio2/V		vii	o	2		V	o7	True	True	(-3, 6, 3, 0)	()	6	-3	minor	minor	i	i, minor	vii/V	V	V/i	V	False	viio2/V	viio2/V, minor		viio2/V, minor	V	V	5	5	6	2	2	1	False	False	False
2520.0	12.0	105.0	48	0	C	0.0	2.0	2	4	4	2.0	1.0	1/8	True	2	27.0	27.0	27.0	27a	3	105	False	False				False	43	viio2/V		b	i		viio2/V		vii	o	2		V	o7	True	True	(-3, 6, 3, 0)	()	6	-3	minor	minor	i	i, minor	vii/V	V	V/i	V	False	viio2/V	viio2/V, minor		viio2/V, minor	V	V	5	5	6	-5	-5	-6	False	False	False
2520.0	12.0	105.0	60	0	C	0.0	2.0	2	4	4	2.0	1.0	1/8	True	2	27.0	27.0	27.0	27a	4	105	False	False				False	43	viio2/V		b	i		viio2/V		vii	o	2		V	o7	True	True	(-3, 6, 3, 0)	()	6	-3	minor	minor	i	i, minor	vii/V	V	V/i	V	False	viio2/V	viio2/V, minor		viio2/V, minor	V	V	5	5	6	-5	-5	-6	False	False	False
2532.0	12.0	105.5	47	5	B	0.0	2.5	0	4	4	2.0	1.0	1/8	True	2	27.0	27.0	27.0	27a	2	211/2	False	False				False	43	viio2/V		b	i		viio2/V		vii	o	2		V	o7	True	True	(-3, 6, 3, 0)	()	6	-3	minor	minor	i	i, minor	vii/V	V	V/i	V	False	viio2/V	viio2/V, minor		viio2/V, minor	V	V	5	5	6	0	0	-1	True	False	False
2532.0	12.0	105.5	59	5	B	0.0	2.5	0	4	4	2.0	1.0	1/8	True	2	27.0	27.0	27.0	27a	3	211/2	False	False				False	43	viio2/V		b	i		viio2/V		vii	o	2		V	o7	True	True	(-3, 6, 3, 0)	()	6	-3	minor	minor	i	i, minor	vii/V	V	V/i	V	False	viio2/V	viio2/V, minor		viio2/V, minor	V	V	5	5	6	0	0	-1	True	False	False
2544.0	36.0	106.0	44	8	G	1.0	3.0	3	4	4	2.0	1.0	3/8	True	2	27.0	27.0	27.0	27a	2	106	False	False				False	43	viio2/V		b	i		viio2/V		vii	o	2		V	o7	True	True	(-3, 6, 3, 0)	()	6	-3	minor	minor	i	i, minor	vii/V	V	V/i	V	False	viio2/V	viio2/V, minor		viio2/V, minor	V	V	5	5	6	3	3	2	True	False	False
2544.0	36.0	106.0	56	8	G	1.0	3.0	3	4	4	2.0	1.0	3/8	True	2	27.0	27.0	27.0	27a	3	106	False	False				False	43	viio2/V		b	i		viio2/V		vii	o	2		V	o7	True	True	(-3, 6, 3, 0)	()	6	-3	minor	minor	i	i, minor	vii/V	V	V/i	V	False	viio2/V	viio2/V, minor		viio2/V, minor	V	V	5	5	6	3	3	2	True	False	False
2580.0	12.0	107.5	43	1	G	0.0	4.5	0	4	4	2.0	1.0	1/8	True	2	27.0	27.0	27.0	27a	2	215/2	False	False				False	43	viio2/V		b	i		viio2/V		vii	o	2		V	o7	True	True	(-3, 6, 3, 0)	()	6	-3	minor	minor	i	i, minor	vii/V	V	V/i	V	False	viio2/V	viio2/V, minor		viio2/V, minor	V	V	5	5	6	-4	-4	-5	False	False	False
2580.0	12.0	107.5	55	1	G	0.0	4.5	0	4	4	2.0	1.0	1/8	True	2	27.0	27.0	27.0	27a	3	215/2	False	False				False	43	viio2/V		b	i		viio2/V		vii	o	2		V	o7	True	True	(-3, 6, 3, 0)	()	6	-3	minor	minor	i	i, minor	vii/V	V	V/i	V	False	viio2/V	viio2/V, minor		viio2/V, minor	V	V	5	5	6	-4	-4	-5	False	False	False
2616.0	24.0	109.0	55	1	G	0.0	2.0	2	4	4	2.0	1.0	1/4	True	2	28.0	28.0	28.0	28a	3	109	False	True			}	True	44	#viio2}		b	i		#viio2		#vii	o	2			o7	True	True	(-4, 5, 2, -1)	()	5	-4	minor	minor	i	i, minor	#vii		i	i	True	#viio2	#viio2, minor		#viio2, minor		#vii	5	5	5	-4	-4	-4	True	False	True
2616.0	24.0	109.0	58	10	A	1.0	2.0	2	4	4	2.0	1.0	1/4	True	2	28.0	28.0	28.0	28a	3	109	False	True			}	True	44	#viio2}		b	i		#viio2		#vii	o	2			o7	True	True	(-4, 5, 2, -1)	()	5	-4	minor	minor	i	i, minor	#vii		i	i	True	#viio2	#viio2, minor		#viio2, minor		#vii	5	5	5	5	5	5	True	True	False
2616.0	24.0	109.0	61	7	C	1.0	2.0	2	4	4	2.0	1.0	1/4	True	2	28.0	28.0	28.0	28a	4	109	False	True			}	True	44	#viio2}		b	i		#viio2		#vii	o	2			o7	True	True	(-4, 5, 2, -1)	()	5	-4	minor	minor	i	i, minor	#vii		i	i	True	#viio2	#viio2, minor		#viio2, minor		#vii	5	5	5	2	2	2	True	False	False
2616.0	24.0	109.0	67	1	G	0.0	2.0	2	4	4	1.0	1.0	1/4	True	2	28.0	28.0	28.0	28a	4	109	False	True			}	True	44	#viio2}		b	i		#viio2		#vii	o	2			o7	True	True	(-4, 5, 2, -1)	()	5	-4	minor	minor	i	i, minor	#vii		i	i	True	#viio2	#viio2, minor		#viio2, minor		#vii	5	5	5	-4	-4	-4	True	False	True
2640.0	12.0	110.0	55	1	G	0.0	3.0	3	4	4	2.0	1.0	1/8	False	2	28.0	28.0	28.0	28a	3	110	False	False				False	44	#viio2}		b	i		#viio2		#vii	o	2			o7	True	True	(-4, 5, 2, -1)	()	5	-4	minor	minor	i	i, minor	#vii		i	i	True	#viio2	#viio2, minor		#viio2, minor		#vii	5	5	5	-4	-4	-4	True	False	True
2640.0	12.0	110.0	58	10	A	1.0	3.0	3	4	4	2.0	1.0	1/8	False	2	28.0	28.0	28.0	28a	3	110	False	False				False	44	#viio2}		b	i		#viio2		#vii	o	2			o7	True	True	(-4, 5, 2, -1)	()	5	-4	minor	minor	i	i, minor	#vii		i	i	True	#viio2	#viio2, minor		#viio2, minor		#vii	5	5	5	5	5	5	True	True	False
2640.0	12.0	110.0	61	7	C	1.0	3.0	3	4	4	2.0	1.0	1/8	False	2	28.0	28.0	28.0	28a	4	110	False	False				False	44	#viio2}		b	i		#viio2		#vii	o	2			o7	True	True	(-4, 5, 2, -1)	()	5	-4	minor	minor	i	i, minor	#vii		i	i	True	#viio2	#viio2, minor		#viio2, minor		#vii	5	5	5	2	2	2	True	False	False
2640.0	12.0	110.0	67	1	G	0.0	3.0	3	4	4	1.0	1.0	1/8	False	2	28.0	28.0	28.0	28a	4	110	False	False				False	44	#viio2}		b	i		#viio2		#vii	o	2			o7	True	True	(-4, 5, 2, -1)	()	5	-4	minor	minor	i	i, minor	#vii		i	i	True	#viio2	#viio2, minor		#viio2, minor		#vii	5	5	5	-4	-4	-4	True	False	True
2652.0	12.0	110.5	54	6	F	1.0	3.5	0	4	4	2.0	1.0	1/8	True	2	28.0	28.0	28.0	28a	3	221/2	False	False				False	44	#viio2}		b	i		#viio2		#vii	o	2			o7	True	True	(-4, 5, 2, -1)	()	5	-4	minor	minor	i	i, minor	#vii		i	i	True	#viio2	#viio2, minor		#viio2, minor		#vii	5	5	5	1	1	1	False	False	False
2652.0	12.0	110.5	66	6	F	1.0	3.5	0	4	4	1.0	1.0	1/8	True	2	28.0	28.0	28.0	28a	4	221/2	False	False				False	44	#viio2}		b	i		#viio2		#vii	o	2			o7	True	True	(-4, 5, 2, -1)	()	5	-4	minor	minor	i	i, minor	#vii		i	i	True	#viio2	#viio2, minor		#viio2, minor		#vii	5	5	5	1	1	1	False	False	False
2664.0	12.0	111.0	53	-1	F	0.0	4.0	4	4	4	2.0	1.0	1/8	True	2	28.0	28.0	28.0	28a	3	111	False	False				False	44	#viio2}		b	i		#viio2		#vii	o	2			o7	True	True	(-4, 5, 2, -1)	()	5	-4	minor	minor	i	i, minor	#vii		i	i	True	#viio2	#viio2, minor		#viio2, minor		#vii	5	5	5	-6	-6	-6	False	False	False
2664.0	12.0	111.0	65	-1	F	0.0	4.0	4	4	4	1.0	1.0	1/8	True	2	28.0	28.0	28.0	28a	4	111	False	False				False	44	#viio2}		b	i		#viio2		#vii	o	2			o7	True	True	(-4, 5, 2, -1)	()	5	-4	minor	minor	i	i, minor	#vii		i	i	True	#viio2	#viio2, minor		#viio2, minor		#vii	5	5	5	-6	-6	-6	False	False	False
2676.0	12.0	111.5	52	4	E	0.0	4.5	0	4	4	2.0	1.0	1/8	True	2	28.0	28.0	28.0	28a	3	223/2	False	False				False	44	#viio2}		b	i		#viio2		#vii	o	2			o7	True	True	(-4, 5, 2, -1)	()	5	-4	minor	minor	i	i, minor	#vii		i	i	True	#viio2	#viio2, minor		#viio2, minor		#vii	5	5	5	-1	-1	-1	True	False	False
2676.0	12.0	111.5	64	4	E	0.0	4.5	0	4	4	1.0	1.0	1/8	True	2	28.0	28.0	28.0	28a	4	223/2	False	False				False	44	#viio2}		b	i		#viio2		#vii	o	2			o7	True	True	(-4, 5, 2, -1)	()	5	-4	minor	minor	i	i, minor	#vii		i	i	True	#viio2	#viio2, minor		#viio2, minor		#vii	5	5	5	-1	-1	-1	True	False	False
2688.0	12.0	112.0	49	7	C	1.0	1.0	1	4	4	2.0	1.0	1/8	True	2	29.0	29.0	29.0	29a	3	112	False	False				False	44	#viio2}		b	i		#viio2		#vii	o	2			o7	True	True	(-4, 5, 2, -1)	()	5	-4	minor	minor	i	i, minor	#vii		i	i	True	#viio2	#viio2, minor		#viio2, minor		#vii	5	5	5	2	2	2	True	False	False
2688.0	12.0	112.0	61	7	C	1.0	1.0	1	4	4	2.0	1.0	1/8	True	2	29.0	29.0	29.0	29a	4	112	False	False				False	44	#viio2}		b	i		#viio2		#vii	o	2			o7	True	True	(-4, 5, 2, -1)	()	5	-4	minor	minor	i	i, minor	#vii		i	i	True	#viio2	#viio2, minor		#viio2, minor		#vii	5	5	5	2	2	2	True	False	False
2700.0	12.0	112.5	48	0	C	0.0	1.5	0	4	4	2.0	1.0	1/8	True	2	29.0	29.0	29.0	29a	3	225/2	False	False				False	44	#viio2}		b	i		#viio2		#vii	o	2			o7	True	True	(-4, 5, 2, -1)	()	5	-4	minor	minor	i	i, minor	#vii		i	i	True	#viio2	#viio2, minor		#viio2, minor		#vii	5	5	5	-5	-5	-5	False	False	False
2700.0	12.0	112.5	60	0	C	0.0	1.5	0	4	4	2.0	1.0	1/8	True	2	29.0	29.0	29.0	29a	4	225/2	False	False				False	44	#viio2}		b	i		#viio2		#vii	o	2			o7	True	True	(-4, 5, 2, -1)	()	5	-4	minor	minor	i	i, minor	#vii		i	i	True	#viio2	#viio2, minor		#viio2, minor		#vii	5	5	5	-5	-5	-5	False	False	False
2712.0	12.0	113.0	47	5	B	0.0	2.0	2	4	4	2.0	1.0	1/8	True	2	29.0	29.0	29.0	29a	2	113	False	False				False	44	#viio2}		b	i		#viio2		#vii	o	2			o7	True	True	(-4, 5, 2, -1)	()	5	-4	minor	minor	i	i, minor	#vii		i	i	True	#viio2	#viio2, minor		#viio2, minor		#vii	5	5	5	0	0	0	False	False	False
2712.0	12.0	113.0	59	5	B	0.0	2.0	2	4	4	2.0	1.0	1/8	True	2	29.0	29.0	29.0	29a	3	113	False	False				False	44	#viio2}		b	i		#viio2		#vii	o	2			o7	True	True	(-4, 5, 2, -1)	()	5	-4	minor	minor	i	i, minor	#vii		i	i	True	#viio2	#viio2, minor		#viio2, minor		#vii	5	5	5	0	0	0	False	False	False
2724.0	12.0	113.5	46	10	A	1.0	2.5	0	4	4	2.0	1.0	1/8	True	2	29.0	29.0	29.0	29a	2	227/2	False	False				False	44	#viio2}		b	i		#viio2		#vii	o	2			o7	True	True	(-4, 5, 2, -1)	()	5	-4	minor	minor	i	i, minor	#vii		i	i	True	#viio2	#viio2, minor		#viio2, minor		#vii	5	5	5	5	5	5	True	True	False
2724.0	12.0	113.5	58	10	A	1.0	2.5	0	4	4	2.0	1.0	1/8	True	2	29.0	29.0	29.0	29a	3	227/2	False	False				False	44	#viio2}		b	i		#viio2		#vii	o	2			o7	True	True	(-4, 5, 2, -1)	()	5	-4	minor	minor	i	i, minor	#vii		i	i	True	#viio2	#viio2, minor		#viio2, minor		#vii	5	5	5	5	5	5	True	True	False
2736.0	12.0	114.0	43	1	G	0.0	3.0	3	4	4	2.0	1.0	1/8	True	2	29.0	29.0	29.0	29a	2	114	False	False				False	44	#viio2}		b	i		#viio2		#vii	o	2			o7	True	True	(-4, 5, 2, -1)	()	5	-4	minor	minor	i	i, minor	#vii		i	i	True	#viio2	#viio2, minor		#viio2, minor		#vii	5	5	5	-4	-4	-4	True	False	True
2736.0	12.0	114.0	55	1	G	0.0	3.0	3	4	4	2.0	1.0	1/8	True	2	29.0	29.0	29.0	29a	3	114	False	False				False	44	#viio2}		b	i		#viio2		#vii	o	2			o7	True	True	(-4, 5, 2, -1)	()	5	-4	minor	minor	i	i, minor	#vii		i	i	True	#viio2	#viio2, minor		#viio2, minor		#vii	5	5	5	-4	-4	-4	True	False	True
2748.0	12.0	114.5	42	6	F	1.0	3.5	0	4	4	2.0	1.0	1/8	True	2	29.0	29.0	29.0	29a	2	229/2	False	False				False	44	#viio2}		b	i		#viio2		#vii	o	2			o7	True	True	(-4, 5, 2, -1)	()	5	-4	minor	minor	i	i, minor	#vii		i	i	True	#viio2	#viio2, minor		#viio2, minor		#vii	5	5	5	1	1	1	False	False	False
2748.0	12.0	114.5	54	6	F	1.0	3.5	0	4	4	2.0	1.0	1/8	True	2	29.0	29.0	29.0	29a	3	229/2	False	False				False	44	#viio2}		b	i		#viio2		#vii	o	2			o7	True	True	(-4, 5, 2, -1)	()	5	-4	minor	minor	i	i, minor	#vii		i	i	True	#viio2	#viio2, minor		#viio2, minor		#vii	5	5	5	1	1	1	False	False	False
2760.0	12.0	115.0	41	-1	F	0.0	4.0	4	4	4	2.0	1.0	1/8	True	2	29.0	29.0	29.0	29a	2	115	False	False				False	44	#viio2}		b	i		#viio2		#vii	o	2			o7	True	True	(-4, 5, 2, -1)	()	5	-4	minor	minor	i	i, minor	#vii		i	i	True	#viio2	#viio2, minor		#viio2, minor		#vii	5	5	5	-6	-6	-6	False	False	False
2760.0	12.0	115.0	53	-1	F	0.0	4.0	4	4	4	2.0	1.0	1/8	True	2	29.0	29.0	29.0	29a	3	115	False	False				False	44	#viio2}		b	i		#viio2		#vii	o	2			o7	True	True	(-4, 5, 2, -1)	()	5	-4	minor	minor	i	i, minor	#vii		i	i	True	#viio2	#viio2, minor		#viio2, minor		#vii	5	5	5	-6	-6	-6	False	False	False
2772.0	12.0	115.5	40	4	E	0.0	4.5	0	4	4	2.0	1.0	1/8	True	2	29.0	29.0	29.0	29a	2	231/2	False	False				False	44	#viio2}		b	i		#viio2		#vii	o	2			o7	True	True	(-4, 5, 2, -1)	()	5	-4	minor	minor	i	i, minor	#vii		i	i	True	#viio2	#viio2, minor		#viio2, minor		#vii	5	5	5	-1	-1	-1	True	False	False
2772.0	12.0	115.5	52	4	E	0.0	4.5	0	4	4	2.0	1.0	1/8	True	2	29.0	29.0	29.0	29a	3	231/2	False	False				False	44	#viio2}		b	i		#viio2		#vii	o	2			o7	True	True	(-4, 5, 2, -1)	()	5	-4	minor	minor	i	i, minor	#vii		i	i	True	#viio2	#viio2, minor		#viio2, minor		#vii	5	5	5	-1	-1	-1	True	False	False
2784.0	72.0	116.0	37	7	C	1.0	1.0	1	4	4	2.0	1.0	3/4	True	2	30.0	30.0	30.0	30a	2	116	False	False				False	44	#viio2}		b	i		#viio2		#vii	o	2			o7	True	True	(-4, 5, 2, -1)	()	5	-4	minor	minor	i	i, minor	#vii		i	i	True	#viio2	#viio2, minor		#viio2, minor		#vii	5	5	5	2	2	2	True	False	False
2784.0	72.0	116.0	49	7	C	1.0	1.0	1	4	4	2.0	1.0	3/4	True	2	30.0	30.0	30.0	30a	3	116	False	False				False	44	#viio2}		b	i		#viio2		#vii	o	2			o7	True	True	(-4, 5, 2, -1)	()	5	-4	minor	minor	i	i, minor	#vii		i	i	True	#viio2	#viio2, minor		#viio2, minor		#vii	5	5	5	2	2	2	True	False	False
2856.0	24.0	119.0	36	0	C	0.0	4.0	4	4	4	2.0	1.0	1/4	True	2	30.0	30.0	30.0	30a	2	119	False	True				False	45	Ger6/iv		b	i		Ger6/iv	Ger	vii	o	65	b3	V/iv	Ger	True	True	(-5, -1, -4, 5)	()	5	-5	minor	minor	i	i, minor	vii/V/iv	I	V/iv/i	I	False	viio65/V/iv	viio65/V/iv, minor		Ger6/iv, minor	iv	iv	5	5	5	-5	-5	-5	True	False	True
2856.0	24.0	119.0	48	0	C	0.0	4.0	4	4	4	2.0	1.0	1/4	True	2	30.0	30.0	30.0	30a	3	119	False	True				False	45	Ger6/iv		b	i		Ger6/iv	Ger	vii	o	65	b3	V/iv	Ger	True	True	(-5, -1, -4, 5)	()	5	-5	minor	minor	i	i, minor	vii/V/iv	I	V/iv/i	I	False	viio65/V/iv	viio65/V/iv, minor		Ger6/iv, minor	iv	iv	5	5	5	-5	-5	-5	True	False	True
2880.0	12.0	120.0	35	5	B	0.0	1.0	1	4	4	2.0	1.0	1/8	True	2	31.0	31.0	31.0	31a	1	120	False	True			{	False	46	i[i{		b	i	i	i		i					m	True	True	(0, -3, 1)	()	0	0	minor	minor	i	i, minor	i		i	i	True	i	i, minor	i	i, minor		i	5	5	5	0	0	0	True	True	True
2880.0	12.0	120.0	47	5	B	0.0	1.0	1	4	4	2.0	1.0	1/8	True	2	31.0	31.0	31.0	31a	2	120	False	True			{	False	46	i[i{		b	i	i	i		i					m	True	True	(0, -3, 1)	()	0	0	minor	minor	i	i, minor	i		i	i	True	i	i, minor	i	i, minor		i	5	5	5	0	0	0	True	True	True
2880.0	42.0	120.0	59	5	B	0.0	1.0	1	4	4	1.0	1.0	7/16	True	2	31.0	31.0	31.0	31a	3	120	False	True			{	False	46	i[i{		b	i	i	i		i					m	True	True	(0, -3, 1)	()	0	0	minor	minor	i	i, minor	i		i	i	True	i	i, minor	i	i, minor		i	5	5	5	0	0	0	True	True	True
2880.0	42.0	120.0	71	5	B	0.0	1.0	1	4	4	1.0	1.0	7/16	True	2	31.0	31.0	31.0	31a	4	120	False	True			{	False	46	i[i{		b	i	i	i		i					m	True	True	(0, -3, 1)	()	0	0	minor	minor	i	i, minor	i		i	i	True	i	i, minor	i	i, minor		i	5	5	5	0	0	0	True	True	True
2892.0	24.0	120.5	42	6	F	1.0	1.5	0	4	4	2.0	1.0	1/4	True	2	31.0	31.0	31.0	31a	2	241/2	False	False				False	46	i[i{		b	i	i	i		i					m	True	True	(0, -3, 1)	()	0	0	minor	minor	i	i, minor	i		i	i	True	i	i, minor	i	i, minor		i	5	5	5	1	1	1	True	False	False
2892.0	24.0	120.5	50	2	D	0.0	1.5	0	4	4	2.0	1.0	1/4	True	2	31.0	31.0	31.0	31a	3	241/2	False	False				False	46	i[i{		b	i	i	i		i					m	True	True	(0, -3, 1)	()	0	0	minor	minor	i	i, minor	i		i	i	True	i	i, minor	i	i, minor		i	5	5	5	-3	-3	-3	True	False	False
2892.0	24.0	120.5	54	6	F	1.0	1.5	0	4	4	2.0	1.0	1/4	True	2	31.0	31.0	31.0	31a	3	241/2	False	False				False	46	i[i{		b	i	i	i		i					m	True	True	(0, -3, 1)	()	0	0	minor	minor	i	i, minor	i		i	i	True	i	i, minor	i	i, minor		i	5	5	5	1	1	1	True	False	False
2892.0	24.0	120.5	62	2	D	0.0	1.5	0	4	4	1.0	2.0	1/4	True	2	31.0	31.0	31.0	31a	4	241/2	False	False				False	46	i[i{		b	i	i	i		i					m	True	True	(0, -3, 1)	()	0	0	minor	minor	i	i, minor	i		i	i	True	i	i, minor	i	i, minor		i	5	5	5	-3	-3	-3	True	False	False
2892.0	24.0	120.5	66	6	F	1.0	1.5	0	4	4	1.0	2.0	1/4	True	2	31.0	31.0	31.0	31a	4	241/2	False	False				False	46	i[i{		b	i	i	i		i					m	True	True	(0, -3, 1)	()	0	0	minor	minor	i	i, minor	i		i	i	True	i	i, minor	i	i, minor		i	5	5	5	1	1	1	True	False	False
2916.0	12.0	121.5	42	6	F	1.0	2.5	0	4	4	2.0	1.0	1/8	True	2	31.0	31.0	31.0	31a	2	243/2	False	False				False	46	i[i{		b	i	i	i		i					m	True	True	(0, -3, 1)	()	0	0	minor	minor	i	i, minor	i		i	i	True	i	i, minor	i	i, minor		i	5	5	5	1	1	1	True	False	False
2916.0	12.0	121.5	50	2	D	0.0	2.5	0	4	4	2.0	1.0	1/8	True	2	31.0	31.0	31.0	31a	3	243/2	False	False				False	46	i[i{		b	i	i	i		i					m	True	True	(0, -3, 1)	()	0	0	minor	minor	i	i, minor	i		i	i	True	i	i, minor	i	i, minor		i	5	5	5	-3	-3	-3	True	False	False
2916.0	12.0	121.5	54	6	F	1.0	2.5	0	4	4	2.0	1.0	1/8	True	2	31.0	31.0	31.0	31a	3	243/2	False	False				False	46	i[i{		b	i	i	i		i					m	True	True	(0, -3, 1)	()	0	0	minor	minor	i	i, minor	i		i	i	True	i	i, minor	i	i, minor		i	5	5	5	1	1	1	True	False	False
2916.0	12.0	121.5	62	2	D	0.0	2.5	0	4	4	1.0	2.0	1/8	True	2	31.0	31.0	31.0	31a	4	243/2	False	False				False	46	i[i{		b	i	i	i		i					m	True	True	(0, -3, 1)	()	0	0	minor	minor	i	i, minor	i		i	i	True	i	i, minor	i	i, minor		i	5	5	5	-3	-3	-3	True	False	False
2916.0	12.0	121.5	66	6	F	1.0	2.5	0	4	4	1.0	2.0	1/8	True	2	31.0	31.0	31.0	31a	4	243/2	False	False				False	46	i[i{		b	i	i	i		i					m	True	True	(0, -3, 1)	()	0	0	minor	minor	i	i, minor	i		i	i	True	i	i, minor	i	i, minor		i	5	5	5	1	1	1	True	False	False
2922.0	3.0	121.75	61	7	C	1.0	2.75	0	4	4	1.0	1.0	1/32	True	2	31.0	31.0	31.0	31a	4	487/4	False	False				False	46	i[i{		b	i	i	i		i					m	True	True	(0, -3, 1)	()	0	0	minor	minor	i	i, minor	i		i	i	True	i	i, minor	i	i, minor		i	5	5	5	2	2	2	False	False	False
2922.0	3.0	121.75	73	7	C	1.0	2.75	0	4	4	1.0	1.0	1/32	True	2	31.0	31.0	31.0	31a	5	487/4	False	False				False	46	i[i{		b	i	i	i		i					m	True	True	(0, -3, 1)	()	0	0	minor	minor	i	i, minor	i		i	i	True	i	i, minor	i	i, minor		i	5	5	5	2	2	2	False	False	False
2925.0	3.0	121.875	59	5	B	0.0	2.875	0	4	4	1.0	1.0	1/32	True	2	31.0	31.0	31.0	31a	3	975/8	False	False				False	46	i[i{		b	i	i	i		i					m	True	True	(0, -3, 1)	()	0	0	minor	minor	i	i, minor	i		i	i	True	i	i, minor	i	i, minor		i	5	5	5	0	0	0	True	True	True
2925.0	3.0	121.875	71	5	B	0.0	2.875	0	4	4	1.0	1.0	1/32	True	2	31.0	31.0	31.0	31a	4	975/8	False	False				False	46	i[i{		b	i	i	i		i					m	True	True	(0, -3, 1)	()	0	0	minor	minor	i	i, minor	i		i	i	True	i	i, minor	i	i, minor		i	5	5	5	0	0	0	True	True	True
2928.0	48.0	122.0	57	3	A	0.0	3.0	3	4	4	1.0	1.0	1/2	True	2	31.0	31.0	31.0	31a	3	122	False	False				False	46	i[i{		b	i	i	i		i					m	True	True	(0, -3, 1)	()	0	0	minor	minor	i	i, minor	i		i	i	True	i	i, minor	i	i, minor		i	5	5	5	-2	-2	-2	False	False	False
2928.0	48.0	122.0	69	3	A	0.0	3.0	3	4	4	1.0	1.0	1/2	True	2	31.0	31.0	31.0	31a	4	122	False	False				False	46	i[i{		b	i	i	i		i					m	True	True	(0, -3, 1)	()	0	0	minor	minor	i	i, minor	i		i	i	True	i	i, minor	i	i, minor		i	5	5	5	-2	-2	-2	False	False	False
2940.0	24.0	122.5	42	6	F	1.0	3.5	0	4	4	2.0	1.0	1/4	True	2	31.0	31.0	31.0	31a	2	245/2	False	True				False	47	v7		b	i	i	v7		v		7			mm7	True	True	(1, -2, 2, -1)	()	1	1	minor	minor	i	i, minor	v		i	i	True	v7	v7, minor	i	v7, minor		v	5	5	5	1	1	1	True	True	True
2940.0	24.0	122.5	49	7	C	1.0	3.5	0	4	4	2.0	1.0	1/4	True	2	31.0	31.0	31.0	31a	3	245/2	False	True				False	47	v7		b	i	i	v7		v		7			mm7	True	True	(1, -2, 2, -1)	()	1	1	minor	minor	i	i, minor	v		i	i	True	v7	v7, minor	i	v7, minor		v	5	5	5	2	2	2	True	False	False
2940.0	24.0	122.5	52	4	E	0.0	3.5	0	4	4	2.0	1.0	1/4	True	2	31.0	31.0	31.0	31a	3	245/2	False	True				False	47	v7		b	i	i	v7		v		7			mm7	True	True	(1, -2, 2, -1)	()	1	1	minor	minor	i	i, minor	v		i	i	True	v7	v7, minor	i	v7, minor		v	5	5	5	-1	-1	-1	True	False	False
2940.0	24.0	122.5	61	7	C	1.0	3.5	0	4	4	1.0	2.0	1/4	True	2	31.0	31.0	31.0	31a	4	245/2	False	True				False	47	v7		b	i	i	v7		v		7			mm7	True	True	(1, -2, 2, -1)	()	1	1	minor	minor	i	i, minor	v		i	i	True	v7	v7, minor	i	v7, minor		v	5	5	5	2	2	2	True	False	False
2940.0	24.0	122.5	64	4	E	0.0	3.5	0	4	4	1.0	2.0	1/4	True	2	31.0	31.0	31.0	31a	4	245/2	False	True				False	47	v7		b	i	i	v7		v		7			mm7	True	True	(1, -2, 2, -1)	()	1	1	minor	minor	i	i, minor	v		i	i	True	v7	v7, minor	i	v7, minor		v	5	5	5	-1	-1	-1	True	False	False
2964.0	12.0	123.5	42	6	F	1.0	4.5	0	4	4	2.0	1.0	1/8	True	2	31.0	31.0	31.0	31a	2	247/2	False	False				False	47	v7		b	i	i	v7		v		7			mm7	True	True	(1, -2, 2, -1)	()	1	1	minor	minor	i	i, minor	v		i	i	True	v7	v7, minor	i	v7, minor		v	5	5	5	1	1	1	True	True	True
2964.0	12.0	123.5	49	7	C	1.0	4.5	0	4	4	2.0	1.0	1/8	True	2	31.0	31.0	31.0	31a	3	247/2	False	False				False	47	v7		b	i	i	v7		v		7			mm7	True	True	(1, -2, 2, -1)	()	1	1	minor	minor	i	i, minor	v		i	i	True	v7	v7, minor	i	v7, minor		v	5	5	5	2	2	2	True	False	False
2964.0	12.0	123.5	52	4	E	0.0	4.5	0	4	4	2.0	1.0	1/8	True	2	31.0	31.0	31.0	31a	3	247/2	False	False				False	47	v7		b	i	i	v7		v		7			mm7	True	True	(1, -2, 2, -1)	()	1	1	minor	minor	i	i, minor	v		i	i	True	v7	v7, minor	i	v7, minor		v	5	5	5	-1	-1	-1	True	False	False
2964.0	12.0	123.5	61	7	C	1.0	4.5	0	4	4	1.0	2.0	1/8	True	2	31.0	31.0	31.0	31a	4	247/2	False	False				False	47	v7		b	i	i	v7		v		7			mm7	True	True	(1, -2, 2, -1)	()	1	1	minor	minor	i	i, minor	v		i	i	True	v7	v7, minor	i	v7, minor		v	5	5	5	2	2	2	True	False	False
2964.0	12.0	123.5	64	4	E	0.0	4.5	0	4	4	1.0	2.0	1/8	True	2	31.0	31.0	31.0	31a	4	247/2	False	False				False	47	v7		b	i	i	v7		v		7			mm7	True	True	(1, -2, 2, -1)	()	1	1	minor	minor	i	i, minor	v		i	i	True	v7	v7, minor	i	v7, minor		v	5	5	5	-1	-1	-1	True	False	False
2976.0	12.0	124.0	35	5	B	0.0	1.0	1	4	4	2.0	1.0	1/8	True	2	32.0	32.0	32.0	32a	1	124	False	True				False	48	i		b	i	i	i		i					m	True	True	(0, -3, 1)	()	0	0	minor	minor	i	i, minor	i		i	i	True	i	i, minor	i	i, minor		i	5	5	5	0	0	0	True	True	True
2976.0	12.0	124.0	47	5	B	0.0	1.0	1	4	4	2.0	1.0	1/8	True	2	32.0	32.0	32.0	32a	2	124	False	True				False	48	i		b	i	i	i		i					m	True	True	(0, -3, 1)	()	0	0	minor	minor	i	i, minor	i		i	i	True	i	i, minor	i	i, minor		i	5	5	5	0	0	0	True	True	True
2976.0	24.0	124.0	59	5	B	0.0	1.0	1	4	4	1.0	1.0	1/4	True	2	32.0	32.0	32.0	32a	3	124	False	True				False	48	i		b	i	i	i		i					m	True	True	(0, -3, 1)	()	0	0	minor	minor	i	i, minor	i		i	i	True	i	i, minor	i	i, minor		i	5	5	5	0	0	0	True	True	True
2976.0	24.0	124.0	71	5	B	0.0	1.0	1	4	4	1.0	1.0	1/4	True	2	32.0	32.0	32.0	32a	4	124	False	True				False	48	i		b	i	i	i		i					m	True	True	(0, -3, 1)	()	0	0	minor	minor	i	i, minor	i		i	i	True	i	i, minor	i	i, minor		i	5	5	5	0	0	0	True	True	True
2988.0	24.0	124.5	42	6	F	1.0	1.5	0	4	4	2.0	1.0	1/4	True	2	32.0	32.0	32.0	32a	2	249/2	False	False				False	48	i		b	i	i	i		i					m	True	True	(0, -3, 1)	()	0	0	minor	minor	i	i, minor	i		i	i	True	i	i, minor	i	i, minor		i	5	5	5	1	1	1	True	False	False
2988.0	24.0	124.5	50	2	D	0.0	1.5	0	4	4	2.0	1.0	1/4	True	2	32.0	32.0	32.0	32a	3	249/2	False	False				False	48	i		b	i	i	i		i					m	True	True	(0, -3, 1)	()	0	0	minor	minor	i	i, minor	i		i	i	True	i	i, minor	i	i, minor		i	5	5	5	-3	-3	-3	True	False	False
2988.0	24.0	124.5	54	6	F	1.0	1.5	0	4	4	2.0	1.0	1/4	True	2	32.0	32.0	32.0	32a	3	249/2	False	False				False	48	i		b	i	i	i		i					m	True	True	(0, -3, 1)	()	0	0	minor	minor	i	i, minor	i		i	i	True	i	i, minor	i	i, minor		i	5	5	5	1	1	1	True	False	False
2988.0	24.0	124.5	62	2	D	0.0	1.5	0	4	4	1.0	2.0	1/4	True	2	32.0	32.0	32.0	32a	4	249/2	False	False				False	48	i		b	i	i	i		i					m	True	True	(0, -3, 1)	()	0	0	minor	minor	i	i, minor	i		i	i	True	i	i, minor	i	i, minor		i	5	5	5	-3	-3	-3	True	False	False
2988.0	24.0	124.5	66	6	F	1.0	1.5	0	4	4	1.0	2.0	1/4	True	2	32.0	32.0	32.0	32a	4	249/2	False	False				False	48	i		b	i	i	i		i					m	True	True	(0, -3, 1)	()	0	0	minor	minor	i	i, minor	i		i	i	True	i	i, minor	i	i, minor		i	5	5	5	1	1	1	True	False	False
3000.0	8.0	125.0	62	2	D	0.0	2.0	2	4	4	1.0	1.0	1/12	True	2	32.0	32.0	32.0	32a	4	125	False	False				False	48	i		b	i	i	i		i					m	True	True	(0, -3, 1)	()	0	0	minor	minor	i	i, minor	i		i	i	True	i	i, minor	i	i, minor		i	5	5	5	-3	-3	-3	True	False	False
3000.0	8.0	125.0	74	2	D	0.0	2.0	2	4	4	1.0	1.0	1/12	True	2	32.0	32.0	32.0	32a	5	125	False	False				False	48	i		b	i	i	i		i					m	True	True	(0, -3, 1)	()	0	0	minor	minor	i	i, minor	i		i	i	True	i	i, minor	i	i, minor		i	5	5	5	-3	-3	-3	True	False	False
3008.0	8.0	125.333	59	5	B	0.0	2.333	0	4	4	1.0	1.0	1/12	True	2	32.0	32.0	32.0	32a	3	376/3	False	False				False	48	i		b	i	i	i		i					m	True	True	(0, -3, 1)	()	0	0	minor	minor	i	i, minor	i		i	i	True	i	i, minor	i	i, minor		i	5	5	5	0	0	0	True	True	True
3008.0	8.0	125.333	71	5	B	0.0	2.333	0	4	4	1.0	1.0	1/12	True	2	32.0	32.0	32.0	32a	4	376/3	False	False				False	48	i		b	i	i	i		i					m	True	True	(0, -3, 1)	()	0	0	minor	minor	i	i, minor	i		i	i	True	i	i, minor	i	i, minor		i	5	5	5	0	0	0	True	True	True
3012.0	12.0	125.5	42	6	F	1.0	2.5	0	4	4	2.0	1.0	1/8	True	2	32.0	32.0	32.0	32a	2	251/2	False	False				False	48	i		b	i	i	i		i					m	True	True	(0, -3, 1)	()	0	0	minor	minor	i	i, minor	i		i	i	True	i	i, minor	i	i, minor		i	5	5	5	1	1	1	True	False	False
3012.0	12.0	125.5	50	2	D	0.0	2.5	0	4	4	2.0	1.0	1/8	True	2	32.0	32.0	32.0	32a	3	251/2	False	False				False	48	i		b	i	i	i		i					m	True	True	(0, -3, 1)	()	0	0	minor	minor	i	i, minor	i		i	i	True	i	i, minor	i	i, minor		i	5	5	5	-3	-3	-3	True	False	False
3012.0	12.0	125.5	54	6	F	1.0	2.5	0	4	4	2.0	1.0	1/8	True	2	32.0	32.0	32.0	32a	3	251/2	False	False				False	48	i		b	i	i	i		i					m	True	True	(0, -3, 1)	()	0	0	minor	minor	i	i, minor	i		i	i	True	i	i, minor	i	i, minor		i	5	5	5	1	1	1	True	False	False
3016.0	8.0	125.667	61	7	C	1.0	2.667	0	4	4	1.0	1.0	1/12	True	2	32.0	32.0	32.0	32a	4	377/3	False	False				False	48	i		b	i	i	i		i					m	True	True	(0, -3, 1)	()	0	0	minor	minor	i	i, minor	i		i	i	True	i	i, minor	i	i, minor		i	5	5	5	2	2	2	False	False	False
3016.0	8.0	125.667	73	7	C	1.0	2.667	0	4	4	1.0	1.0	1/12	True	2	32.0	32.0	32.0	32a	5	377/3	False	False				False	48	i		b	i	i	i		i					m	True	True	(0, -3, 1)	()	0	0	minor	minor	i	i, minor	i		i	i	True	i	i, minor	i	i, minor		i	5	5	5	2	2	2	False	False	False
3024.0	48.0	126.0	57	3	A	0.0	3.0	3	4	4	1.0	1.0	1/2	True	2	32.0	32.0	32.0	32a	3	126	False	False				False	48	i		b	i	i	i		i					m	True	True	(0, -3, 1)	()	0	0	minor	minor	i	i, minor	i		i	i	True	i	i, minor	i	i, minor		i	5	5	5	-2	-2	-2	False	False	False
3024.0	48.0	126.0	69	3	A	0.0	3.0	3	4	4	1.0	1.0	1/2	True	2	32.0	32.0	32.0	32a	4	126	False	False				False	48	i		b	i	i	i		i					m	True	True	(0, -3, 1)	()	0	0	minor	minor	i	i, minor	i		i	i	True	i	i, minor	i	i, minor		i	5	5	5	-2	-2	-2	False	False	False
3036.0	24.0	126.5	42	6	F	1.0	3.5	0	4	4	2.0	1.0	1/4	True	2	32.0	32.0	32.0	32a	2	253/2	False	True				False	49	v7		b	i	i	v7		v		7			mm7	True	True	(1, -2, 2, -1)	()	1	1	minor	minor	i	i, minor	v		i	i	True	v7	v7, minor	i	v7, minor		v	5	5	5	1	1	1	True	True	True
3036.0	24.0	126.5	49	7	C	1.0	3.5	0	4	4	2.0	1.0	1/4	True	2	32.0	32.0	32.0	32a	3	253/2	False	True				False	49	v7		b	i	i	v7		v		7			mm7	True	True	(1, -2, 2, -1)	()	1	1	minor	minor	i	i, minor	v		i	i	True	v7	v7, minor	i	v7, minor		v	5	5	5	2	2	2	True	False	False
3036.0	24.0	126.5	52	4	E	0.0	3.5	0	4	4	2.0	1.0	1/4	True	2	32.0	32.0	32.0	32a	3	253/2	False	True				False	49	v7		b	i	i	v7		v		7			mm7	True	True	(1, -2, 2, -1)	()	1	1	minor	minor	i	i, minor	v		i	i	True	v7	v7, minor	i	v7, minor		v	5	5	5	-1	-1	-1	True	False	False
3036.0	24.0	126.5	61	7	C	1.0	3.5	0	4	4	1.0	2.0	1/4	True	2	32.0	32.0	32.0	32a	4	253/2	False	True				False	49	v7		b	i	i	v7		v		7			mm7	True	True	(1, -2, 2, -1)	()	1	1	minor	minor	i	i, minor	v		i	i	True	v7	v7, minor	i	v7, minor		v	5	5	5	2	2	2	True	False	False
3036.0	24.0	126.5	64	4	E	0.0	3.5	0	4	4	1.0	2.0	1/4	True	2	32.0	32.0	32.0	32a	4	253/2	False	True				False	49	v7		b	i	i	v7		v		7			mm7	True	True	(1, -2, 2, -1)	()	1	1	minor	minor	i	i, minor	v		i	i	True	v7	v7, minor	i	v7, minor		v	5	5	5	-1	-1	-1	True	False	False
3060.0	12.0	127.5	42	6	F	1.0	4.5	0	4	4	2.0	1.0	1/8	True	2	32.0	32.0	32.0	32a	2	255/2	False	False				False	49	v7		b	i	i	v7		v		7			mm7	True	True	(1, -2, 2, -1)	()	1	1	minor	minor	i	i, minor	v		i	i	True	v7	v7, minor	i	v7, minor		v	5	5	5	1	1	1	True	True	True
3060.0	12.0	127.5	49	7	C	1.0	4.5	0	4	4	2.0	1.0	1/8	True	2	32.0	32.0	32.0	32a	3	255/2	False	False				False	49	v7		b	i	i	v7		v		7			mm7	True	True	(1, -2, 2, -1)	()	1	1	minor	minor	i	i, minor	v		i	i	True	v7	v7, minor	i	v7, minor		v	5	5	5	2	2	2	True	False	False
3060.0	12.0	127.5	52	4	E	0.0	4.5	0	4	4	2.0	1.0	1/8	True	2	32.0	32.0	32.0	32a	3	255/2	False	False				False	49	v7		b	i	i	v7		v		7			mm7	True	True	(1, -2, 2, -1)	()	1	1	minor	minor	i	i, minor	v		i	i	True	v7	v7, minor	i	v7, minor		v	5	5	5	-1	-1	-1	True	False	False
3060.0	12.0	127.5	61	7	C	1.0	4.5	0	4	4	1.0	2.0	1/8	True	2	32.0	32.0	32.0	32a	4	255/2	False	False				False	49	v7		b	i	i	v7		v		7			mm7	True	True	(1, -2, 2, -1)	()	1	1	minor	minor	i	i, minor	v		i	i	True	v7	v7, minor	i	v7, minor		v	5	5	5	2	2	2	True	False	False
3060.0	12.0	127.5	64	4	E	0.0	4.5	0	4	4	1.0	2.0	1/8	True	2	32.0	32.0	32.0	32a	4	255/2	False	False				False	49	v7		b	i	i	v7		v		7			mm7	True	True	(1, -2, 2, -1)	()	1	1	minor	minor	i	i, minor	v		i	i	True	v7	v7, minor	i	v7, minor		v	5	5	5	-1	-1	-1	True	False	False
3072.0	12.0	128.0	35	5	B	0.0	1.0	1	4	4	2.0	1.0	1/8	True	2	33.0	33.0	33.0	33a	1	128	False	True				False	50	i7		b	i	i	i7		i		7			mm7	True	True	(0, -3, 1, -2)	()	0	0	minor	minor	i	i, minor	i		i	i	True	i7	i7, minor	i	i7, minor		i	5	5	5	0	0	0	True	True	True
3072.0	12.0	128.0	47	5	B	0.0	1.0	1	4	4	2.0	1.0	1/8	True	2	33.0	33.0	33.0	33a	2	128	False	True				False	50	i7		b	i	i	i7		i		7			mm7	True	True	(0, -3, 1, -2)	()	0	0	minor	minor	i	i, minor	i		i	i	True	i7	i7, minor	i	i7, minor		i	5	5	5	0	0	0	True	True	True
3072.0	12.0	128.0	59	5	B	0.0	1.0	1	4	4	1.0	1.0	1/8	True	2	33.0	33.0	33.0	33a	3	128	False	True				False	50	i7		b	i	i	i7		i		7			mm7	True	True	(0, -3, 1, -2)	()	0	0	minor	minor	i	i, minor	i		i	i	True	i7	i7, minor	i	i7, minor		i	5	5	5	0	0	0	True	True	True
3072.0	12.0	128.0	71	5	B	0.0	1.0	1	4	4	1.0	1.0	1/8	True	2	33.0	33.0	33.0	33a	4	128	False	True				False	50	i7		b	i	i	i7		i		7			mm7	True	True	(0, -3, 1, -2)	()	0	0	minor	minor	i	i, minor	i		i	i	True	i7	i7, minor	i	i7, minor		i	5	5	5	0	0	0	True	True	True
3084.0	24.0	128.5	42	6	F	1.0	1.5	0	4	4	2.0	1.0	1/4	True	2	33.0	33.0	33.0	33a	2	257/2	False	False				False	50	i7		b	i	i	i7		i		7			mm7	True	True	(0, -3, 1, -2)	()	0	0	minor	minor	i	i, minor	i		i	i	True	i7	i7, minor	i	i7, minor		i	5	5	5	1	1	1	True	False	False
3084.0	24.0	128.5	50	2	D	0.0	1.5	0	4	4	2.0	1.0	1/4	True	2	33.0	33.0	33.0	33a	3	257/2	False	False				False	50	i7		b	i	i	i7		i		7			mm7	True	True	(0, -3, 1, -2)	()	0	0	minor	minor	i	i, minor	i		i	i	True	i7	i7, minor	i	i7, minor		i	5	5	5	-3	-3	-3	True	False	False
3084.0	24.0	128.5	54	6	F	1.0	1.5	0	4	4	2.0	1.0	1/4	True	2	33.0	33.0	33.0	33a	3	257/2	False	False				False	50	i7		b	i	i	i7		i		7			mm7	True	True	(0, -3, 1, -2)	()	0	0	minor	minor	i	i, minor	i		i	i	True	i7	i7, minor	i	i7, minor		i	5	5	5	1	1	1	True	False	False
3084.0	4.0	128.5	59	5	B	0.0	1.5	0	4	4	1.0	1.0	1/24	False	2	33.0	33.0	33.0	33a	3	257/2	False	False				False	50	i7		b	i	i	i7		i		7			mm7	True	True	(0, -3, 1, -2)	()	0	0	minor	minor	i	i, minor	i		i	i	True	i7	i7, minor	i	i7, minor		i	5	5	5	0	0	0	True	True	True
3084.0	24.0	128.5	62	2	D	0.0	1.5	0	4	4	1.0	2.0	1/4	True	2	33.0	33.0	33.0	33a	4	257/2	False	False				False	50	i7		b	i	i	i7		i		7			mm7	True	True	(0, -3, 1, -2)	()	0	0	minor	minor	i	i, minor	i		i	i	True	i7	i7, minor	i	i7, minor		i	5	5	5	-3	-3	-3	True	False	False
3084.0	24.0	128.5	66	6	F	1.0	1.5	0	4	4	1.0	2.0	1/4	True	2	33.0	33.0	33.0	33a	4	257/2	False	False				False	50	i7		b	i	i	i7		i		7			mm7	True	True	(0, -3, 1, -2)	()	0	0	minor	minor	i	i, minor	i		i	i	True	i7	i7, minor	i	i7, minor		i	5	5	5	1	1	1	True	False	False
3084.0	4.0	128.5	71	5	B	0.0	1.5	0	4	4	1.0	1.0	1/24	False	2	33.0	33.0	33.0	33a	4	257/2	False	False				False	50	i7		b	i	i	i7		i		7			mm7	True	True	(0, -3, 1, -2)	()	0	0	minor	minor	i	i, minor	i		i	i	True	i7	i7, minor	i	i7, minor		i	5	5	5	0	0	0	True	True	True
3088.0	4.0	128.667	62	2	D	0.0	1.667	0	4	4	1.0	1.0	1/24	True	2	33.0	33.0	33.0	33a	4	386/3	False	False				False	50	i7		b	i	i	i7		i		7			mm7	True	True	(0, -3, 1, -2)	()	0	0	minor	minor	i	i, minor	i		i	i	True	i7	i7, minor	i	i7, minor		i	5	5	5	-3	-3	-3	True	False	False
3088.0	4.0	128.667	74	2	D	0.0	1.667	0	4	4	1.0	1.0	1/24	True	2	33.0	33.0	33.0	33a	5	386/3	False	False				False	50	i7		b	i	i	i7		i		7			mm7	True	True	(0, -3, 1, -2)	()	0	0	minor	minor	i	i, minor	i		i	i	True	i7	i7, minor	i	i7, minor		i	5	5	5	-3	-3	-3	True	False	False
3092.0	4.0	128.833	66	6	F	1.0	1.833	0	4	4	1.0	1.0	1/24	True	2	33.0	33.0	33.0	33a	4	773/6	False	False				False	50	i7		b	i	i	i7		i		7			mm7	True	True	(0, -3, 1, -2)	()	0	0	minor	minor	i	i, minor	i		i	i	True	i7	i7, minor	i	i7, minor		i	5	5	5	1	1	1	True	False	False
3092.0	4.0	128.833	78	6	F	1.0	1.833	0	4	4	1.0	1.0	1/24	True	2	33.0	33.0	33.0	33a	5	773/6	False	False				False	50	i7		b	i	i	i7		i		7			mm7	True	True	(0, -3, 1, -2)	()	0	0	minor	minor	i	i, minor	i		i	i	True	i7	i7, minor	i	i7, minor		i	5	5	5	1	1	1	True	False	False
3096.0	6.0	129.0	69	3	A	0.0	2.0	2	4	4	1.0	1.0	1/16	True	2	33.0	33.0	33.0	33a	4	129	False	False				False	50	i7		b	i	i	i7		i		7			mm7	True	True	(0, -3, 1, -2)	()	0	0	minor	minor	i	i, minor	i		i	i	True	i7	i7, minor	i	i7, minor		i	5	5	5	-2	-2	-2	True	False	False
3096.0	6.0	129.0	81	3	A	0.0	2.0	2	4	4	1.0	1.0	1/16	True	2	33.0	33.0	33.0	33a	5	129	False	False				False	50	i7		b	i	i	i7		i		7			mm7	True	True	(0, -3, 1, -2)	()	0	0	minor	minor	i	i, minor	i		i	i	True	i7	i7, minor	i	i7, minor		i	5	5	5	-2	-2	-2	True	False	False
3105.0	3.0	129.375	67	1	G	0.0	2.375	0	4	4	1.0	1.0	1/32	True	2	33.0	33.0	33.0	33a	4	1035/8	False	False				False	50	i7		b	i	i	i7		i		7			mm7	True	True	(0, -3, 1, -2)	()	0	0	minor	minor	i	i, minor	i		i	i	True	i7	i7, minor	i	i7, minor		i	5	5	5	-4	-4	-4	False	False	False
3105.0	3.0	129.375	79	1	G	0.0	2.375	0	4	4	1.0	1.0	1/32	True	2	33.0	33.0	33.0	33a	5	1035/8	False	False				False	50	i7		b	i	i	i7		i		7			mm7	True	True	(0, -3, 1, -2)	()	0	0	minor	minor	i	i, minor	i		i	i	True	i7	i7, minor	i	i7, minor		i	5	5	5	-4	-4	-4	False	False	False
3108.0	12.0	129.5	42	6	F	1.0	2.5	0	4	4	2.0	1.0	1/8	True	2	33.0	33.0	33.0	33a	2	259/2	False	False				False	50	i7		b	i	i	i7		i		7			mm7	True	True	(0, -3, 1, -2)	()	0	0	minor	minor	i	i, minor	i		i	i	True	i7	i7, minor	i	i7, minor		i	5	5	5	1	1	1	True	False	False
3108.0	12.0	129.5	50	2	D	0.0	2.5	0	4	4	2.0	1.0	1/8	True	2	33.0	33.0	33.0	33a	3	259/2	False	False				False	50	i7		b	i	i	i7		i		7			mm7	True	True	(0, -3, 1, -2)	()	0	0	minor	minor	i	i, minor	i		i	i	True	i7	i7, minor	i	i7, minor		i	5	5	5	-3	-3	-3	True	False	False
3108.0	12.0	129.5	54	6	F	1.0	2.5	0	4	4	2.0	1.0	1/8	True	2	33.0	33.0	33.0	33a	3	259/2	False	False				False	50	i7		b	i	i	i7		i		7			mm7	True	True	(0, -3, 1, -2)	()	0	0	minor	minor	i	i, minor	i		i	i	True	i7	i7, minor	i	i7, minor		i	5	5	5	1	1	1	True	False	False
3108.0	4.0	129.5	66	6	F	1.0	2.5	0	4	4	1.0	1.0	1/24	True	2	33.0	33.0	33.0	33a	4	259/2	False	False				False	50	i7		b	i	i	i7		i		7			mm7	True	True	(0, -3, 1, -2)	()	0	0	minor	minor	i	i, minor	i		i	i	True	i7	i7, minor	i	i7, minor		i	5	5	5	1	1	1	True	False	False
3108.0	4.0	129.5	78	6	F	1.0	2.5	0	4	4	1.0	1.0	1/24	True	2	33.0	33.0	33.0	33a	5	259/2	False	False				False	50	i7		b	i	i	i7		i		7			mm7	True	True	(0, -3, 1, -2)	()	0	0	minor	minor	i	i, minor	i		i	i	True	i7	i7, minor	i	i7, minor		i	5	5	5	1	1	1	True	False	False
3112.0	4.0	129.667	62	2	D	0.0	2.667	0	4	4	1.0	1.0	1/24	True	2	33.0	33.0	33.0	33a	4	389/3	False	False				False	50	i7		b	i	i	i7		i		7			mm7	True	True	(0, -3, 1, -2)	()	0	0	minor	minor	i	i, minor	i		i	i	True	i7	i7, minor	i	i7, minor		i	5	5	5	-3	-3	-3	True	False	False
3112.0	4.0	129.667	74	2	D	0.0	2.667	0	4	4	1.0	1.0	1/24	True	2	33.0	33.0	33.0	33a	5	389/3	False	False				False	50	i7		b	i	i	i7		i		7			mm7	True	True	(0, -3, 1, -2)	()	0	0	minor	minor	i	i, minor	i		i	i	True	i7	i7, minor	i	i7, minor		i	5	5	5	-3	-3	-3	True	False	False
3116.0	4.0	129.833	59	5	B	0.0	2.833	0	4	4	1.0	1.0	1/24	True	2	33.0	33.0	33.0	33a	3	779/6	False	False				False	50	i7		b	i	i	i7		i		7			mm7	True	True	(0, -3, 1, -2)	()	0	0	minor	minor	i	i, minor	i		i	i	True	i7	i7, minor	i	i7, minor		i	5	5	5	0	0	0	True	True	True
3116.0	4.0	129.833	71	5	B	0.0	2.833	0	4	4	1.0	1.0	1/24	True	2	33.0	33.0	33.0	33a	4	779/6	False	False				False	50	i7		b	i	i	i7		i		7			mm7	True	True	(0, -3, 1, -2)	()	0	0	minor	minor	i	i, minor	i		i	i	True	i7	i7, minor	i	i7, minor		i	5	5	5	0	0	0	True	True	True
3120.0	24.0	130.0	57	3	A	0.0	3.0	3	4	4	1.0	1.0	1/4	True	2	33.0	33.0	33.0	33a	3	130	False	False				False	50	i7		b	i	i	i7		i		7			mm7	True	True	(0, -3, 1, -2)	()	0	0	minor	minor	i	i, minor	i		i	i	True	i7	i7, minor	i	i7, minor		i	5	5	5	-2	-2	-2	True	False	False
3120.0	24.0	130.0	69	3	A	0.0	3.0	3	4	4	1.0	1.0	1/4	True	2	33.0	33.0	33.0	33a	4	130	False	False				False	50	i7		b	i	i	i7		i		7			mm7	True	True	(0, -3, 1, -2)	()	0	0	minor	minor	i	i, minor	i		i	i	True	i7	i7, minor	i	i7, minor		i	5	5	5	-2	-2	-2	True	False	False
3132.0	24.0	130.5	42	6	F	1.0	3.5	0	4	4	2.0	1.0	1/4	True	2	33.0	33.0	33.0	33a	2	261/2	False	True				False	51	v7		b	i	i	v7		v		7			mm7	True	True	(1, -2, 2, -1)	()	1	1	minor	minor	i	i, minor	v		i	i	True	v7	v7, minor	i	v7, minor		v	5	5	5	1	1	1	True	True	True
3132.0	24.0	130.5	49	7	C	1.0	3.5	0	4	4	2.0	1.0	1/4	True	2	33.0	33.0	33.0	33a	3	261/2	False	True				False	51	v7		b	i	i	v7		v		7			mm7	True	True	(1, -2, 2, -1)	()	1	1	minor	minor	i	i, minor	v		i	i	True	v7	v7, minor	i	v7, minor		v	5	5	5	2	2	2	True	False	False
3132.0	24.0	130.5	52	4	E	0.0	3.5	0	4	4	2.0	1.0	1/4	True	2	33.0	33.0	33.0	33a	3	261/2	False	True				False	51	v7		b	i	i	v7		v		7			mm7	True	True	(1, -2, 2, -1)	()	1	1	minor	minor	i	i, minor	v		i	i	True	v7	v7, minor	i	v7, minor		v	5	5	5	-1	-1	-1	True	False	False
3132.0	24.0	130.5	61	7	C	1.0	3.5	0	4	4	1.0	2.0	1/4	True	2	33.0	33.0	33.0	33a	4	261/2	False	True				False	51	v7		b	i	i	v7		v		7			mm7	True	True	(1, -2, 2, -1)	()	1	1	minor	minor	i	i, minor	v		i	i	True	v7	v7, minor	i	v7, minor		v	5	5	5	2	2	2	True	False	False
3132.0	24.0	130.5	64	4	E	0.0	3.5	0	4	4	1.0	2.0	1/4	True	2	33.0	33.0	33.0	33a	4	261/2	False	True				False	51	v7		b	i	i	v7		v		7			mm7	True	True	(1, -2, 2, -1)	()	1	1	minor	minor	i	i, minor	v		i	i	True	v7	v7, minor	i	v7, minor		v	5	5	5	-1	-1	-1	True	False	False
3144.0	24.0	131.0	52	4	E	0.0	4.0	4	4	4	1.0	1.0	1/4	True	2	33.0	33.0	33.0	33a	3	131	False	False				False	51	v7		b	i	i	v7		v		7			mm7	True	True	(1, -2, 2, -1)	()	1	1	minor	minor	i	i, minor	v		i	i	True	v7	v7, minor	i	v7, minor		v	5	5	5	-1	-1	-1	True	False	False
3144.0	24.0	131.0	64	4	E	0.0	4.0	4	4	4	1.0	1.0	1/4	True	2	33.0	33.0	33.0	33a	4	131	False	False				False	51	v7		b	i	i	v7		v		7			mm7	True	True	(1, -2, 2, -1)	()	1	1	minor	minor	i	i, minor	v		i	i	True	v7	v7, minor	i	v7, minor		v	5	5	5	-1	-1	-1	True	False	False
3156.0	12.0	131.5	42	6	F	1.0	4.5	0	4	4	2.0	1.0	1/8	True	2	33.0	33.0	33.0	33a	2	263/2	False	False				False	51	v7		b	i	i	v7		v		7			mm7	True	True	(1, -2, 2, -1)	()	1	1	minor	minor	i	i, minor	v		i	i	True	v7	v7, minor	i	v7, minor		v	5	5	5	1	1	1	True	True	True
3156.0	12.0	131.5	49	7	C	1.0	4.5	0	4	4	2.0	1.0	1/8	True	2	33.0	33.0	33.0	33a	3	263/2	False	False				False	51	v7		b	i	i	v7		v		7			mm7	True	True	(1, -2, 2, -1)	()	1	1	minor	minor	i	i, minor	v		i	i	True	v7	v7, minor	i	v7, minor		v	5	5	5	2	2	2	True	False	False
3156.0	12.0	131.5	52	4	E	0.0	4.5	0	4	4	2.0	1.0	1/8	True	2	33.0	33.0	33.0	33a	3	263/2	False	False				False	51	v7		b	i	i	v7		v		7			mm7	True	True	(1, -2, 2, -1)	()	1	1	minor	minor	i	i, minor	v		i	i	True	v7	v7, minor	i	v7, minor		v	5	5	5	-1	-1	-1	True	False	False
3156.0	12.0	131.5	57	3	A	0.0	4.5	0	4	4	1.0	2.0	1/8	True	2	33.0	33.0	33.0	33a	3	263/2	False	False				False	51	v7		b	i	i	v7		v		7			mm7	True	True	(1, -2, 2, -1)	()	1	1	minor	minor	i	i, minor	v		i	i	True	v7	v7, minor	i	v7, minor		v	5	5	5	-2	-2	-2	True	False	False
3156.0	12.0	131.5	61	7	C	1.0	4.5	0	4	4	1.0	2.0	1/8	True	2	33.0	33.0	33.0	33a	4	263/2	False	False				False	51	v7		b	i	i	v7		v		7			mm7	True	True	(1, -2, 2, -1)	()	1	1	minor	minor	i	i, minor	v		i	i	True	v7	v7, minor	i	v7, minor		v	5	5	5	2	2	2	True	False	False
3174.0	6.0	132.25	57	3	A	0.0	1.25	0	4	4	1.0	2.0	1/16	True	2	34.0	34.0	34.0	34a	3	529/4	False	True				False	52	V43	#viio65	b	i	i	V43		V		43			Mm7	True	True	(2, -1, 1, 5)	()	1	2	minor	minor	i	i, minor	V		i	i	True	V43	V43, minor	i	V43, minor		V	5	5	5	-2	-2	-2	False	False	False
3174.0	6.0	132.25	69	3	A	0.0	1.25	0	4	4	1.0	1.0	1/16	True	2	34.0	34.0	34.0	34a	4	529/4	False	True				False	52	V43	#viio65	b	i	i	V43		V		43			Mm7	True	True	(2, -1, 1, 5)	()	1	2	minor	minor	i	i, minor	V		i	i	True	V43	V43, minor	i	V43, minor		V	5	5	5	-2	-2	-2	False	False	False
3180.0	24.0	132.5	35	5	B	0.0	1.5	0	4	4	2.0	1.0	1/4	True	2	34.0	34.0	34.0	34a	1	265/2	False	False				False	52	V43	#viio65	b	i	i	V43		V		43			Mm7	True	True	(2, -1, 1, 5)	()	1	2	minor	minor	i	i, minor	V		i	i	True	V43	V43, minor	i	V43, minor		V	5	5	5	0	0	0	False	False	False
3180.0	24.0	132.5	37	7	C	1.0	1.5	0	4	4	2.0	1.0	1/4	True	2	34.0	34.0	34.0	34a	2	265/2	False	False				False	52	V43	#viio65	b	i	i	V43		V		43			Mm7	True	True	(2, -1, 1, 5)	()	1	2	minor	minor	i	i, minor	V		i	i	True	V43	V43, minor	i	V43, minor		V	5	5	5	2	2	2	True	False	True
3180.0	24.0	132.5	40	4	E	0.0	1.5	0	4	4	2.0	1.0	1/4	True	2	34.0	34.0	34.0	34a	2	265/2	False	False				False	52	V43	#viio65	b	i	i	V43		V		43			Mm7	True	True	(2, -1, 1, 5)	()	1	2	minor	minor	i	i, minor	V		i	i	True	V43	V43, minor	i	V43, minor		V	5	5	5	-1	-1	-1	True	False	False
3180.0	24.0	132.5	46	10	A	1.0	1.5	0	4	4	2.0	1.0	1/4	True	2	34.0	34.0	34.0	34a	2	265/2	False	False				False	52	V43	#viio65	b	i	i	V43		V		43			Mm7	True	True	(2, -1, 1, 5)	()	1	2	minor	minor	i	i, minor	V		i	i	True	V43	V43, minor	i	V43, minor		V	5	5	5	5	5	5	True	False	False
3180.0	6.0	132.5	56	8	G	1.0	1.5	0	4	4	1.0	2.0	1/16	True	2	34.0	34.0	34.0	34a	3	265/2	False	False				False	52	V43	#viio65	b	i	i	V43		V		43			Mm7	True	True	(2, -1, 1, 5)	()	1	2	minor	minor	i	i, minor	V		i	i	True	V43	V43, minor	i	V43, minor		V	5	5	5	3	3	3	False	False	False
3180.0	6.0	132.5	61	7	C	1.0	1.5	0	4	4	1.0	1.0	1/16	True	2	34.0	34.0	34.0	34a	4	265/2	False	False				False	52	V43	#viio65	b	i	i	V43		V		43			Mm7	True	True	(2, -1, 1, 5)	()	1	2	minor	minor	i	i, minor	V		i	i	True	V43	V43, minor	i	V43, minor		V	5	5	5	2	2	2	True	False	True
3180.0	6.0	132.5	64	4	E	0.0	1.5	0	4	4	1.0	1.0	1/16	True	2	34.0	34.0	34.0	34a	4	265/2	False	False				False	52	V43	#viio65	b	i	i	V43		V		43			Mm7	True	True	(2, -1, 1, 5)	()	1	2	minor	minor	i	i, minor	V		i	i	True	V43	V43, minor	i	V43, minor		V	5	5	5	-1	-1	-1	True	False	False
3180.0	6.0	132.5	68	8	G	1.0	1.5	0	4	4	1.0	1.0	1/16	True	2	34.0	34.0	34.0	34a	4	265/2	False	False				False	52	V43	#viio65	b	i	i	V43		V		43			Mm7	True	True	(2, -1, 1, 5)	()	1	2	minor	minor	i	i, minor	V		i	i	True	V43	V43, minor	i	V43, minor		V	5	5	5	3	3	3	False	False	False
3186.0	6.0	132.75	55	1	G	0.0	1.75	0	4	4	1.0	2.0	1/16	True	2	34.0	34.0	34.0	34a	3	531/4	False	False				False	52	V43	#viio65	b	i	i	V43		V		43			Mm7	True	True	(2, -1, 1, 5)	()	1	2	minor	minor	i	i, minor	V		i	i	True	V43	V43, minor	i	V43, minor		V	5	5	5	-4	-4	-4	False	False	False
3186.0	6.0	132.75	67	1	G	0.0	1.75	0	4	4	1.0	1.0	1/16	True	2	34.0	34.0	34.0	34a	4	531/4	False	False				False	52	V43	#viio65	b	i	i	V43		V		43			Mm7	True	True	(2, -1, 1, 5)	()	1	2	minor	minor	i	i, minor	V		i	i	True	V43	V43, minor	i	V43, minor		V	5	5	5	-4	-4	-4	False	False	False
3192.0	6.0	133.0	54	6	F	1.0	2.0	2	4	4	1.0	2.0	1/16	True	2	34.0	34.0	34.0	34a	3	133	False	False				False	52	V43	#viio65	b	i	i	V43		V		43			Mm7	True	True	(2, -1, 1, 5)	()	1	2	minor	minor	i	i, minor	V		i	i	True	V43	V43, minor	i	V43, minor		V	5	5	5	1	1	1	True	True	False
3192.0	6.0	133.0	66	6	F	1.0	2.0	2	4	4	1.0	1.0	1/16	True	2	34.0	34.0	34.0	34a	4	133	False	False				False	52	V43	#viio65	b	i	i	V43		V		43			Mm7	True	True	(2, -1, 1, 5)	()	1	2	minor	minor	i	i, minor	V		i	i	True	V43	V43, minor	i	V43, minor		V	5	5	5	1	1	1	True	True	False
3198.0	6.0	133.25	53	-1	F	0.0	2.25	0	4	4	1.0	2.0	1/16	True	2	34.0	34.0	34.0	34a	3	533/4	False	False				False	52	V43	#viio65	b	i	i	V43		V		43			Mm7	True	True	(2, -1, 1, 5)	()	1	2	minor	minor	i	i, minor	V		i	i	True	V43	V43, minor	i	V43, minor		V	5	5	5	-6	-6	-6	False	False	False
3198.0	6.0	133.25	65	-1	F	0.0	2.25	0	4	4	1.0	1.0	1/16	True	2	34.0	34.0	34.0	34a	4	533/4	False	False				False	52	V43	#viio65	b	i	i	V43		V		43			Mm7	True	True	(2, -1, 1, 5)	()	1	2	minor	minor	i	i, minor	V		i	i	True	V43	V43, minor	i	V43, minor		V	5	5	5	-6	-6	-6	False	False	False
3204.0	12.0	133.5	35	5	B	0.0	2.5	0	4	4	2.0	1.0	1/8	True	2	34.0	34.0	34.0	34a	1	267/2	False	False				False	52	V43	#viio65	b	i	i	V43		V		43			Mm7	True	True	(2, -1, 1, 5)	()	1	2	minor	minor	i	i, minor	V		i	i	True	V43	V43, minor	i	V43, minor		V	5	5	5	0	0	0	False	False	False
3204.0	12.0	133.5	37	7	C	1.0	2.5	0	4	4	2.0	1.0	1/8	True	2	34.0	34.0	34.0	34a	2	267/2	False	False				False	52	V43	#viio65	b	i	i	V43		V		43			Mm7	True	True	(2, -1, 1, 5)	()	1	2	minor	minor	i	i, minor	V		i	i	True	V43	V43, minor	i	V43, minor		V	5	5	5	2	2	2	True	False	True
3204.0	12.0	133.5	40	4	E	0.0	2.5	0	4	4	2.0	1.0	1/8	True	2	34.0	34.0	34.0	34a	2	267/2	False	False				False	52	V43	#viio65	b	i	i	V43		V		43			Mm7	True	True	(2, -1, 1, 5)	()	1	2	minor	minor	i	i, minor	V		i	i	True	V43	V43, minor	i	V43, minor		V	5	5	5	-1	-1	-1	True	False	False
3204.0	12.0	133.5	46	10	A	1.0	2.5	0	4	4	2.0	1.0	1/8	True	2	34.0	34.0	34.0	34a	2	267/2	False	False				False	52	V43	#viio65	b	i	i	V43		V		43			Mm7	True	True	(2, -1, 1, 5)	()	1	2	minor	minor	i	i, minor	V		i	i	True	V43	V43, minor	i	V43, minor		V	5	5	5	5	5	5	True	False	False
3204.0	6.0	133.5	52	4	E	0.0	2.5	0	4	4	1.0	2.0	1/16	True	2	34.0	34.0	34.0	34a	3	267/2	False	False				False	52	V43	#viio65	b	i	i	V43		V		43			Mm7	True	True	(2, -1, 1, 5)	()	1	2	minor	minor	i	i, minor	V		i	i	True	V43	V43, minor	i	V43, minor		V	5	5	5	-1	-1	-1	True	False	False
3204.0	6.0	133.5	64	4	E	0.0	2.5	0	4	4	1.0	1.0	1/16	True	2	34.0	34.0	34.0	34a	4	267/2	False	False				False	52	V43	#viio65	b	i	i	V43		V		43			Mm7	True	True	(2, -1, 1, 5)	()	1	2	minor	minor	i	i, minor	V		i	i	True	V43	V43, minor	i	V43, minor		V	5	5	5	-1	-1	-1	True	False	False
3210.0	6.0	133.75	51	9	D	1.0	2.75	0	4	4	1.0	2.0	1/16	True	2	34.0	34.0	34.0	34a	3	535/4	False	False				False	52	V43	#viio65	b	i	i	V43		V		43			Mm7	True	True	(2, -1, 1, 5)	()	1	2	minor	minor	i	i, minor	V		i	i	True	V43	V43, minor	i	V43, minor		V	5	5	5	4	4	4	False	False	False
3210.0	6.0	133.75	63	9	D	1.0	2.75	0	4	4	1.0	1.0	1/16	True	2	34.0	34.0	34.0	34a	4	535/4	False	False				False	52	V43	#viio65	b	i	i	V43		V		43			Mm7	True	True	(2, -1, 1, 5)	()	1	2	minor	minor	i	i, minor	V		i	i	True	V43	V43, minor	i	V43, minor		V	5	5	5	4	4	4	False	False	False
3216.0	24.0	134.0	50	2	D	0.0	3.0	3	4	4	1.0	1.0	1/4	True	2	34.0	34.0	34.0	34a	3	134	False	True				False	53	ii%7/vii]		b	i	i	ii%7/vii		ii	%	7		vii	%7	True	True	(0, -3, -6, -2)	()	0	0	minor	minor	i	i, minor	ii/vii	vii	vii/i	vii	True	ii%7/vii	ii%7/vii, minor	i	ii%7/vii, minor	vii	vii	5	5	3	-3	-3	-1	True	False	False
3216.0	24.0	134.0	62	2	D	0.0	3.0	3	4	4	1.0	1.0	1/4	True	2	34.0	34.0	34.0	34a	4	134	False	True				False	53	ii%7/vii]		b	i	i	ii%7/vii		ii	%	7		vii	%7	True	True	(0, -3, -6, -2)	()	0	0	minor	minor	i	i, minor	ii/vii	vii	vii/i	vii	True	ii%7/vii	ii%7/vii, minor	i	ii%7/vii, minor	vii	vii	5	5	3	-3	-3	-1	True	False	False
3228.0	24.0	134.5	35	5	B	0.0	3.5	0	4	4	2.0	1.0	1/4	True	2	34.0	34.0	34.0	34a	1	269/2	False	False				False	53	ii%7/vii]		b	i	i	ii%7/vii		ii	%	7		vii	%7	True	True	(0, -3, -6, -2)	()	0	0	minor	minor	i	i, minor	ii/vii	vii	vii/i	vii	True	ii%7/vii	ii%7/vii, minor	i	ii%7/vii, minor	vii	vii	5	5	3	0	0	2	True	True	True
3228.0	24.0	134.5	41	-1	F	0.0	3.5	0	4	4	2.0	1.0	1/4	True	2	34.0	34.0	34.0	34a	2	269/2	False	False				False	53	ii%7/vii]		b	i	i	ii%7/vii		ii	%	7		vii	%7	True	True	(0, -3, -6, -2)	()	0	0	minor	minor	i	i, minor	ii/vii	vii	vii/i	vii	True	ii%7/vii	ii%7/vii, minor	i	ii%7/vii, minor	vii	vii	5	5	3	-6	-6	-4	True	False	False
3228.0	24.0	134.5	45	3	A	0.0	3.5	0	4	4	2.0	1.0	1/4	True	2	34.0	34.0	34.0	34a	2	269/2	False	False				False	53	ii%7/vii]		b	i	i	ii%7/vii		ii	%	7		vii	%7	True	True	(0, -3, -6, -2)	()	0	0	minor	minor	i	i, minor	ii/vii	vii	vii/i	vii	True	ii%7/vii	ii%7/vii, minor	i	ii%7/vii, minor	vii	vii	5	5	3	-2	-2	0	True	False	False
3228.0	24.0	134.5	53	-1	F	0.0	3.5	0	4	4	1.0	2.0	1/4	True	2	34.0	34.0	34.0	34a	3	269/2	False	False				False	53	ii%7/vii]		b	i	i	ii%7/vii		ii	%	7		vii	%7	True	True	(0, -3, -6, -2)	()	0	0	minor	minor	i	i, minor	ii/vii	vii	vii/i	vii	True	ii%7/vii	ii%7/vii, minor	i	ii%7/vii, minor	vii	vii	5	5	3	-6	-6	-4	True	False	False
3228.0	24.0	134.5	57	3	A	0.0	3.5	0	4	4	1.0	2.0	1/4	True	2	34.0	34.0	34.0	34a	3	269/2	False	False				False	53	ii%7/vii]		b	i	i	ii%7/vii		ii	%	7		vii	%7	True	True	(0, -3, -6, -2)	()	0	0	minor	minor	i	i, minor	ii/vii	vii	vii/i	vii	True	ii%7/vii	ii%7/vii, minor	i	ii%7/vii, minor	vii	vii	5	5	3	-2	-2	0	True	False	False
3240.0	24.0	135.0	47	5	B	0.0	4.0	4	4	4	1.0	1.0	1/4	True	2	34.0	34.0	34.0	34a	2	135	False	False				False	53	ii%7/vii]		b	i	i	ii%7/vii		ii	%	7		vii	%7	True	True	(0, -3, -6, -2)	()	0	0	minor	minor	i	i, minor	ii/vii	vii	vii/i	vii	True	ii%7/vii	ii%7/vii, minor	i	ii%7/vii, minor	vii	vii	5	5	3	0	0	2	True	True	True
3240.0	24.0	135.0	59	5	B	0.0	4.0	4	4	4	1.0	1.0	1/4	True	2	34.0	34.0	34.0	34a	3	135	False	False				False	53	ii%7/vii]		b	i	i	ii%7/vii		ii	%	7		vii	%7	True	True	(0, -3, -6, -2)	()	0	0	minor	minor	i	i, minor	ii/vii	vii	vii/i	vii	True	ii%7/vii	ii%7/vii, minor	i	ii%7/vii, minor	vii	vii	5	5	3	0	0	2	True	True	True
3252.0	12.0	135.5	35	5	B	0.0	4.5	0	4	4	2.0	1.0	1/8	True	2	34.0	34.0	34.0	34a	1	271/2	False	False				False	53	ii%7/vii]		b	i	i	ii%7/vii		ii	%	7		vii	%7	True	True	(0, -3, -6, -2)	()	0	0	minor	minor	i	i, minor	ii/vii	vii	vii/i	vii	True	ii%7/vii	ii%7/vii, minor	i	ii%7/vii, minor	vii	vii	5	5	3	0	0	2	True	True	True
3252.0	12.0	135.5	41	-1	F	0.0	4.5	0	4	4	2.0	1.0	1/8	True	2	34.0	34.0	34.0	34a	2	271/2	False	False				False	53	ii%7/vii]		b	i	i	ii%7/vii		ii	%	7		vii	%7	True	True	(0, -3, -6, -2)	()	0	0	minor	minor	i	i, minor	ii/vii	vii	vii/i	vii	True	ii%7/vii	ii%7/vii, minor	i	ii%7/vii, minor	vii	vii	5	5	3	-6	-6	-4	True	False	False
3252.0	12.0	135.5	45	3	A	0.0	4.5	0	4	4	2.0	1.0	1/8	True	2	34.0	34.0	34.0	34a	2	271/2	False	False				False	53	ii%7/vii]		b	i	i	ii%7/vii		ii	%	7		vii	%7	True	True	(0, -3, -6, -2)	()	0	0	minor	minor	i	i, minor	ii/vii	vii	vii/i	vii	True	ii%7/vii	ii%7/vii, minor	i	ii%7/vii, minor	vii	vii	5	5	3	-2	-2	0	True	False	False
3252.0	12.0	135.5	53	-1	F	0.0	4.5	0	4	4	1.0	2.0	1/8	True	2	34.0	34.0	34.0	34a	3	271/2	False	False				False	53	ii%7/vii]		b	i	i	ii%7/vii		ii	%	7		vii	%7	True	True	(0, -3, -6, -2)	()	0	0	minor	minor	i	i, minor	ii/vii	vii	vii/i	vii	True	ii%7/vii	ii%7/vii, minor	i	ii%7/vii, minor	vii	vii	5	5	3	-6	-6	-4	True	False	False
3252.0	12.0	135.5	57	3	A	0.0	4.5	0	4	4	1.0	2.0	1/8	True	2	34.0	34.0	34.0	34a	3	271/2	False	False				False	53	ii%7/vii]		b	i	i	ii%7/vii		ii	%	7		vii	%7	True	True	(0, -3, -6, -2)	()	0	0	minor	minor	i	i, minor	ii/vii	vii	vii/i	vii	True	ii%7/vii	ii%7/vii, minor	i	ii%7/vii, minor	vii	vii	5	5	3	-2	-2	0	True	False	False
3264.0	96.0	136.0	47	5	B	0.0	1.0	1	4	4	1.0	1.0	1	False	2	35.0	35.0	35.0	35a	2	136	False	True				False	54	IV	V/vii	b	i		IV		IV					M	True	True	(-1, 3, 0)	()	-1	-1	minor	minor	i	i, minor	IV		i	i	True	IV	IV, minor		IV, minor		IV	5	5	5	0	0	0	True	False	False
3264.0	96.0	136.0	59	5	B	0.0	1.0	1	4	4	1.0	1.0	1	False	2	35.0	35.0	35.0	35a	3	136	False	True				False	54	IV	V/vii	b	i		IV		IV					M	True	True	(-1, 3, 0)	()	-1	-1	minor	minor	i	i, minor	IV		i	i	True	IV	IV, minor		IV, minor		IV	5	5	5	0	0	0	True	False	False
3276.0	24.0	136.5	28	4	E	0.0	1.5	0	4	4	2.0	1.0	1/4	True	2	35.0	35.0	35.0	35a	1	273/2	False	False				False	54	IV	V/vii	b	i		IV		IV					M	True	True	(-1, 3, 0)	()	-1	-1	minor	minor	i	i, minor	IV		i	i	True	IV	IV, minor		IV, minor		IV	5	5	5	-1	-1	-1	True	True	True
3276.0	24.0	136.5	35	5	B	0.0	1.5	0	4	4	2.0	1.0	1/4	True	2	35.0	35.0	35.0	35a	1	273/2	False	False				False	54	IV	V/vii	b	i		IV		IV					M	True	True	(-1, 3, 0)	()	-1	-1	minor	minor	i	i, minor	IV		i	i	True	IV	IV, minor		IV, minor		IV	5	5	5	0	0	0	True	False	False
3276.0	24.0	136.5	40	4	E	0.0	1.5	0	4	4	2.0	1.0	1/4	True	2	35.0	35.0	35.0	35a	2	273/2	False	False				False	54	IV	V/vii	b	i		IV		IV					M	True	True	(-1, 3, 0)	()	-1	-1	minor	minor	i	i, minor	IV		i	i	True	IV	IV, minor		IV, minor		IV	5	5	5	-1	-1	-1	True	True	True
3276.0	24.0	136.5	52	4	E	0.0	1.5	0	4	4	1.0	2.0	1/4	True	2	35.0	35.0	35.0	35a	3	273/2	False	False				False	54	IV	V/vii	b	i		IV		IV					M	True	True	(-1, 3, 0)	()	-1	-1	minor	minor	i	i, minor	IV		i	i	True	IV	IV, minor		IV, minor		IV	5	5	5	-1	-1	-1	True	True	True
3276.0	24.0	136.5	56	8	G	1.0	1.5	0	4	4	1.0	2.0	1/4	True	2	35.0	35.0	35.0	35a	3	273/2	False	False				False	54	IV	V/vii	b	i		IV		IV					M	True	True	(-1, 3, 0)	()	-1	-1	minor	minor	i	i, minor	IV		i	i	True	IV	IV, minor		IV, minor		IV	5	5	5	3	3	3	True	False	False
3300.0	12.0	137.5	28	4	E	0.0	2.5	0	4	4	2.0	1.0	1/8	True	2	35.0	35.0	35.0	35a	1	275/2	False	False				False	54	IV	V/vii	b	i		IV		IV					M	True	True	(-1, 3, 0)	()	-1	-1	minor	minor	i	i, minor	IV		i	i	True	IV	IV, minor		IV, minor		IV	5	5	5	-1	-1	-1	True	True	True
3300.0	12.0	137.5	35	5	B	0.0	2.5	0	4	4	2.0	1.0	1/8	True	2	35.0	35.0	35.0	35a	1	275/2	False	False				False	54	IV	V/vii	b	i		IV		IV					M	True	True	(-1, 3, 0)	()	-1	-1	minor	minor	i	i, minor	IV		i	i	True	IV	IV, minor		IV, minor		IV	5	5	5	0	0	0	True	False	False
3300.0	12.0	137.5	40	4	E	0.0	2.5	0	4	4	2.0	1.0	1/8	True	2	35.0	35.0	35.0	35a	2	275/2	False	False				False	54	IV	V/vii	b	i		IV		IV					M	True	True	(-1, 3, 0)	()	-1	-1	minor	minor	i	i, minor	IV		i	i	True	IV	IV, minor		IV, minor		IV	5	5	5	-1	-1	-1	True	True	True
3300.0	12.0	137.5	52	4	E	0.0	2.5	0	4	4	1.0	2.0	1/8	True	2	35.0	35.0	35.0	35a	3	275/2	False	False				False	54	IV	V/vii	b	i		IV		IV					M	True	True	(-1, 3, 0)	()	-1	-1	minor	minor	i	i, minor	IV		i	i	True	IV	IV, minor		IV, minor		IV	5	5	5	-1	-1	-1	True	True	True
3300.0	12.0	137.5	56	8	G	1.0	2.5	0	4	4	1.0	2.0	1/8	True	2	35.0	35.0	35.0	35a	3	275/2	False	False				False	54	IV	V/vii	b	i		IV		IV					M	True	True	(-1, 3, 0)	()	-1	-1	minor	minor	i	i, minor	IV		i	i	True	IV	IV, minor		IV, minor		IV	5	5	5	3	3	3	True	False	False
3324.0	24.0	138.5	31	1	G	0.0	3.5	0	4	4	2.0	1.0	1/4	True	2	35.0	35.0	35.0	35a	1	277/2	False	False				False	54	IV	V/vii	b	i		IV		IV					M	True	True	(-1, 3, 0)	()	-1	-1	minor	minor	i	i, minor	IV		i	i	True	IV	IV, minor		IV, minor		IV	5	5	5	-4	-4	-4	False	False	False
3324.0	24.0	138.5	38	2	D	0.0	3.5	0	4	4	2.0	1.0	1/4	True	2	35.0	35.0	35.0	35a	2	277/2	False	False				False	54	IV	V/vii	b	i		IV		IV					M	True	True	(-1, 3, 0)	()	-1	-1	minor	minor	i	i, minor	IV		i	i	True	IV	IV, minor		IV, minor		IV	5	5	5	-3	-3	-3	False	False	False
3324.0	24.0	138.5	43	1	G	0.0	3.5	0	4	4	2.0	1.0	1/4	True	2	35.0	35.0	35.0	35a	2	277/2	False	False				False	54	IV	V/vii	b	i		IV		IV					M	True	True	(-1, 3, 0)	()	-1	-1	minor	minor	i	i, minor	IV		i	i	True	IV	IV, minor		IV, minor		IV	5	5	5	-4	-4	-4	False	False	False
3324.0	24.0	138.5	50	2	D	0.0	3.5	0	4	4	1.0	2.0	1/4	True	2	35.0	35.0	35.0	35a	3	277/2	False	False				False	54	IV	V/vii	b	i		IV		IV					M	True	True	(-1, 3, 0)	()	-1	-1	minor	minor	i	i, minor	IV		i	i	True	IV	IV, minor		IV, minor		IV	5	5	5	-3	-3	-3	False	False	False
3324.0	24.0	138.5	55	1	G	0.0	3.5	0	4	4	1.0	2.0	1/4	True	2	35.0	35.0	35.0	35a	3	277/2	False	False				False	54	IV	V/vii	b	i		IV		IV					M	True	True	(-1, 3, 0)	()	-1	-1	minor	minor	i	i, minor	IV		i	i	True	IV	IV, minor		IV, minor		IV	5	5	5	-4	-4	-4	False	False	False
3348.0	12.0	139.5	31	1	G	0.0	4.5	0	4	4	2.0	1.0	1/8	True	2	35.0	35.0	35.0	35a	1	279/2	False	False				False	54	IV	V/vii	b	i		IV		IV					M	True	True	(-1, 3, 0)	()	-1	-1	minor	minor	i	i, minor	IV		i	i	True	IV	IV, minor		IV, minor		IV	5	5	5	-4	-4	-4	False	False	False
3348.0	12.0	139.5	38	2	D	0.0	4.5	0	4	4	2.0	1.0	1/8	True	2	35.0	35.0	35.0	35a	2	279/2	False	False				False	54	IV	V/vii	b	i		IV		IV					M	True	True	(-1, 3, 0)	()	-1	-1	minor	minor	i	i, minor	IV		i	i	True	IV	IV, minor		IV, minor		IV	5	5	5	-3	-3	-3	False	False	False
3348.0	12.0	139.5	43	1	G	0.0	4.5	0	4	4	2.0	1.0	1/8	True	2	35.0	35.0	35.0	35a	2	279/2	False	False				False	54	IV	V/vii	b	i		IV		IV					M	True	True	(-1, 3, 0)	()	-1	-1	minor	minor	i	i, minor	IV		i	i	True	IV	IV, minor		IV, minor		IV	5	5	5	-4	-4	-4	False	False	False
3348.0	12.0	139.5	50	2	D	0.0	4.5	0	4	4	1.0	2.0	1/8	True	2	35.0	35.0	35.0	35a	3	279/2	False	False				False	54	IV	V/vii	b	i		IV		IV					M	True	True	(-1, 3, 0)	()	-1	-1	minor	minor	i	i, minor	IV		i	i	True	IV	IV, minor		IV, minor		IV	5	5	5	-3	-3	-3	False	False	False
3348.0	12.0	139.5	55	1	G	0.0	4.5	0	4	4	1.0	2.0	1/8	True	2	35.0	35.0	35.0	35a	3	279/2	False	False				False	54	IV	V/vii	b	i		IV		IV					M	True	True	(-1, 3, 0)	()	-1	-1	minor	minor	i	i, minor	IV		i	i	True	IV	IV, minor		IV, minor		IV	5	5	5	-4	-4	-4	False	False	False
3360.0	96.0	140.0	47	5	B	0.0	1.0	1	4	4	1.0	1.0	1	False	2	36.0	36.0	36.0	36a	2	140	False	True	PC	PC	}	True	56	i|PC}		b	i		i		i					m	True	True	(0, -3, 1)	()	0	0	minor	minor	i	i, minor	i		i	i	True	i	i, minor		i, minor		i	5	5	5	0	0	0	True	True	True
3360.0	96.0	140.0	59	5	B	0.0	1.0	1	4	4	1.0	1.0	1	False	2	36.0	36.0	36.0	36a	3	140	False	True	PC	PC	}	True	56	i|PC}		b	i		i		i					m	True	True	(0, -3, 1)	()	0	0	minor	minor	i	i, minor	i		i	i	True	i	i, minor		i, minor		i	5	5	5	0	0	0	True	True	True
3372.0	24.0	140.5	35	5	B	0.0	1.5	0	4	4	2.0	1.0	1/4	True	2	36.0	36.0	36.0	36a	1	281/2	False	False				False	56	i|PC}		b	i		i		i					m	True	True	(0, -3, 1)	()	0	0	minor	minor	i	i, minor	i		i	i	True	i	i, minor		i, minor		i	5	5	5	0	0	0	True	True	True
3372.0	24.0	140.5	42	6	F	1.0	1.5	0	4	4	2.0	1.0	1/4	True	2	36.0	36.0	36.0	36a	2	281/2	False	False				False	56	i|PC}		b	i		i		i					m	True	True	(0, -3, 1)	()	0	0	minor	minor	i	i, minor	i		i	i	True	i	i, minor		i, minor		i	5	5	5	1	1	1	True	False	False
3372.0	24.0	140.5	50	2	D	0.0	1.5	0	4	4	1.0	2.0	1/4	True	2	36.0	36.0	36.0	36a	3	281/2	False	False				False	56	i|PC}		b	i		i		i					m	True	True	(0, -3, 1)	()	0	0	minor	minor	i	i, minor	i		i	i	True	i	i, minor		i, minor		i	5	5	5	-3	-3	-3	True	False	False
3372.0	24.0	140.5	54	6	F	1.0	1.5	0	4	4	1.0	2.0	1/4	True	2	36.0	36.0	36.0	36a	3	281/2	False	False				False	56	i|PC}		b	i		i		i					m	True	True	(0, -3, 1)	()	0	0	minor	minor	i	i, minor	i		i	i	True	i	i, minor		i, minor		i	5	5	5	1	1	1	True	False	False
3396.0	12.0	141.5	35	5	B	0.0	2.5	0	4	4	2.0	1.0	1/8	True	2	36.0	36.0	36.0	36a	1	283/2	False	False				False	56	i|PC}		b	i		i		i					m	True	True	(0, -3, 1)	()	0	0	minor	minor	i	i, minor	i		i	i	True	i	i, minor		i, minor		i	5	5	5	0	0	0	True	True	True
3396.0	12.0	141.5	42	6	F	1.0	2.5	0	4	4	2.0	1.0	1/8	True	2	36.0	36.0	36.0	36a	2	283/2	False	False				False	56	i|PC}		b	i		i		i					m	True	True	(0, -3, 1)	()	0	0	minor	minor	i	i, minor	i		i	i	True	i	i, minor		i, minor		i	5	5	5	1	1	1	True	False	False
3396.0	12.0	141.5	50	2	D	0.0	2.5	0	4	4	1.0	2.0	1/8	True	2	36.0	36.0	36.0	36a	3	283/2	False	False				False	56	i|PC}		b	i		i		i					m	True	True	(0, -3, 1)	()	0	0	minor	minor	i	i, minor	i		i	i	True	i	i, minor		i, minor		i	5	5	5	-3	-3	-3	True	False	False
3396.0	12.0	141.5	54	6	F	1.0	2.5	0	4	4	1.0	2.0	1/8	True	2	36.0	36.0	36.0	36a	3	283/2	False	False				False	56	i|PC}		b	i		i		i					m	True	True	(0, -3, 1)	()	0	0	minor	minor	i	i, minor	i		i	i	True	i	i, minor		i, minor		i	5	5	5	1	1	1	True	False	False
3408.0	48.0	142.0	35	5	B	0.0	3.0	3	4	4	2.0	1.0	1/2	False	2	36.0	36.0	36.0	36a	1	142	False	False				False	56	i|PC}		b	i		i		i					m	True	True	(0, -3, 1)	()	0	0	minor	minor	i	i, minor	i		i	i	True	i	i, minor		i, minor		i	5	5	5	0	0	0	True	True	True
3408.0	48.0	142.0	42	6	F	1.0	3.0	3	4	4	2.0	1.0	1/2	False	2	36.0	36.0	36.0	36a	2	142	False	False				False	56	i|PC}		b	i		i		i					m	True	True	(0, -3, 1)	()	0	0	minor	minor	i	i, minor	i		i	i	True	i	i, minor		i, minor		i	5	5	5	1	1	1	True	False	False
3408.0	48.0	142.0	50	2	D	0.0	3.0	3	4	4	1.0	2.0	1/2	False	2	36.0	36.0	36.0	36a	3	142	False	False				False	56	i|PC}		b	i		i		i					m	True	True	(0, -3, 1)	()	0	0	minor	minor	i	i, minor	i		i	i	True	i	i, minor		i, minor		i	5	5	5	-3	-3	-3	True	False	False
3408.0	48.0	142.0	54	6	F	1.0	3.0	3	4	4	1.0	2.0	1/2	False	2	36.0	36.0	36.0	36a	3	142	False	False				False	56	i|PC}		b	i		i		i					m	True	True	(0, -3, 1)	()	0	0	minor	minor	i	i, minor	i		i	i	True	i	i, minor		i, minor		i	5	5	5	1	1	1	True	False	False
3456.0	42.0	144.0	41	-1	F	0.0	1.0	1	4	4	2.0	1.0	7/16	True	2	37.0	37.0	37.0	37a	2	144	False	True			{	False	57	vii.ii%43{		b	vii		ii%43		ii	%	43			%7	True	True	(-4, 0, 2, -1)	()	2	-4	minor	minor	vii	vii, minor	ii		vii	vii	True	ii%43	ii%43, minor		ii%43, minor		ii	5	3	3	-6	-4	-4	True	False	True
3456.0	42.0	144.0	53	-1	F	0.0	1.0	1	4	4	2.0	1.0	7/16	True	2	37.0	37.0	37.0	37a	3	144	False	True			{	False	57	vii.ii%43{		b	vii		ii%43		ii	%	43			%7	True	True	(-4, 0, 2, -1)	()	2	-4	minor	minor	vii	vii, minor	ii		vii	vii	True	ii%43	ii%43, minor		ii%43, minor		ii	5	3	3	-6	-4	-4	True	False	True
3468.0	12.0	144.5	57	3	A	0.0	1.5	0	4	4	1.0	1.0	1/8	True	2	37.0	37.0	37.0	37a	3	289/2	False	False				False	57	vii.ii%43{		b	vii		ii%43		ii	%	43			%7	True	True	(-4, 0, 2, -1)	()	2	-4	minor	minor	vii	vii, minor	ii		vii	vii	True	ii%43	ii%43, minor		ii%43, minor		ii	5	3	3	-2	0	0	True	False	False
3480.0	12.0	145.0	62	2	D	0.0	2.0	2	4	4	1.0	1.0	1/8	True	2	37.0	37.0	37.0	37a	4	145	False	False				False	57	vii.ii%43{		b	vii		ii%43		ii	%	43			%7	True	True	(-4, 0, 2, -1)	()	2	-4	minor	minor	vii	vii, minor	ii		vii	vii	True	ii%43	ii%43, minor		ii%43, minor		ii	5	3	3	-3	-1	-1	True	False	False
3492.0	12.0	145.5	71	5	B	0.0	2.5	0	4	4	1.0	1.0	1/8	True	2	37.0	37.0	37.0	37a	4	291/2	False	False				False	57	vii.ii%43{		b	vii		ii%43		ii	%	43			%7	True	True	(-4, 0, 2, -1)	()	2	-4	minor	minor	vii	vii, minor	ii		vii	vii	True	ii%43	ii%43, minor		ii%43, minor		ii	5	3	3	0	2	2	True	True	False
3498.0	3.0	145.75	43	1	G	0.0	2.75	0	4	4	2.0	1.0	1/32	True	2	37.0	37.0	37.0	37a	2	583/4	False	False				False	57	vii.ii%43{		b	vii		ii%43		ii	%	43			%7	True	True	(-4, 0, 2, -1)	()	2	-4	minor	minor	vii	vii, minor	ii		vii	vii	True	ii%43	ii%43, minor		ii%43, minor		ii	5	3	3	-4	-2	-2	False	False	False
3498.0	3.0	145.75	55	1	G	0.0	2.75	0	4	4	2.0	1.0	1/32	True	2	37.0	37.0	37.0	37a	3	583/4	False	False				False	57	vii.ii%43{		b	vii		ii%43		ii	%	43			%7	True	True	(-4, 0, 2, -1)	()	2	-4	minor	minor	vii	vii, minor	ii		vii	vii	True	ii%43	ii%43, minor		ii%43, minor		ii	5	3	3	-4	-2	-2	False	False	False
3501.0	3.0	145.875	41	-1	F	0.0	2.875	0	4	4	2.0	1.0	1/32	True	2	37.0	37.0	37.0	37a	2	1167/8	False	False				False	57	vii.ii%43{		b	vii		ii%43		ii	%	43			%7	True	True	(-4, 0, 2, -1)	()	2	-4	minor	minor	vii	vii, minor	ii		vii	vii	True	ii%43	ii%43, minor		ii%43, minor		ii	5	3	3	-6	-4	-4	True	False	True
3501.0	3.0	145.875	53	-1	F	0.0	2.875	0	4	4	2.0	1.0	1/32	True	2	37.0	37.0	37.0	37a	3	1167/8	False	False				False	57	vii.ii%43{		b	vii		ii%43		ii	%	43			%7	True	True	(-4, 0, 2, -1)	()	2	-4	minor	minor	vii	vii, minor	ii		vii	vii	True	ii%43	ii%43, minor		ii%43, minor		ii	5	3	3	-6	-4	-4	True	False	True
3504.0	48.0	146.0	40	4	E	0.0	3.0	3	4	4	2.0	1.0	1/2	True	2	37.0	37.0	37.0	37a	2	146	False	True				False	58	i64(9)	v(4)	b	vii		i64(9)		i		64	9		m	True	True	(1, 0, -3)	(2,)	0	1	minor	minor	vii	vii, minor	i		vii	vii	True	i64	i64, minor		i64(9), minor		i	5	3	3	-1	1	1	True	False	True
3504.0	48.0	146.0	52	4	E	0.0	3.0	3	4	4	2.0	1.0	1/2	True	2	37.0	37.0	37.0	37a	3	146	False	True				False	58	i64(9)	v(4)	b	vii		i64(9)		i		64	9		m	True	True	(1, 0, -3)	(2,)	0	1	minor	minor	vii	vii, minor	i		vii	vii	True	i64	i64, minor		i64(9), minor		i	5	3	3	-1	1	1	True	False	True
3516.0	12.0	146.5	57	3	A	0.0	3.5	0	4	4	1.0	1.0	1/8	True	2	37.0	37.0	37.0	37a	3	293/2	False	False				False	58	i64(9)	v(4)	b	vii		i64(9)		i		64	9		m	True	True	(1, 0, -3)	(2,)	0	1	minor	minor	vii	vii, minor	i		vii	vii	True	i64	i64, minor		i64(9), minor		i	5	3	3	-2	0	0	True	True	False
3528.0	12.0	147.0	64	4	E	0.0	4.0	4	4	4	1.0	1.0	1/8	True	2	37.0	37.0	37.0	37a	4	147	False	False				False	58	i64(9)	v(4)	b	vii		i64(9)		i		64	9		m	True	True	(1, 0, -3)	(2,)	0	1	minor	minor	vii	vii, minor	i		vii	vii	True	i64	i64, minor		i64(9), minor		i	5	3	3	-1	1	1	True	False	True
3540.0	12.0	147.5	71	5	B	0.0	4.5	0	4	4	1.0	1.0	1/8	True	2	37.0	37.0	37.0	37a	4	295/2	False	False				False	58	i64(9)	v(4)	b	vii		i64(9)		i		64	9		m	True	True	(1, 0, -3)	(2,)	0	1	minor	minor	vii	vii, minor	i		vii	vii	True	i64	i64, minor		i64(9), minor		i	5	3	3	0	2	2	False	False	False
3552.0	24.0	148.0	41	-1	F	0.0	1.0	1	4	4	2.0	1.0	1/4	True	2	38.0	38.0	38.0	38a	2	148	False	True				False	59	ii%43		b	vii		ii%43		ii	%	43			%7	True	True	(-4, 0, 2, -1)	()	2	-4	minor	minor	vii	vii, minor	ii		vii	vii	True	ii%43	ii%43, minor		ii%43, minor		ii	5	3	3	-6	-4	-4	True	False	True
3552.0	24.0	148.0	53	-1	F	0.0	1.0	1	4	4	2.0	1.0	1/4	True	2	38.0	38.0	38.0	38a	3	148	False	True				False	59	ii%43		b	vii		ii%43		ii	%	43			%7	True	True	(-4, 0, 2, -1)	()	2	-4	minor	minor	vii	vii, minor	ii		vii	vii	True	ii%43	ii%43, minor		ii%43, minor		ii	5	3	3	-6	-4	-4	True	False	True
3564.0	12.0	148.5	57	3	A	0.0	1.5	0	4	4	1.0	1.0	1/8	True	2	38.0	38.0	38.0	38a	3	297/2	False	False				False	59	ii%43		b	vii		ii%43		ii	%	43			%7	True	True	(-4, 0, 2, -1)	()	2	-4	minor	minor	vii	vii, minor	ii		vii	vii	True	ii%43	ii%43, minor		ii%43, minor		ii	5	3	3	-2	0	0	True	False	False
3576.0	8.0	149.0	45	3	A	0.0	2.0	2	4	4	2.0	1.0	1/12	True	2	38.0	38.0	38.0	38a	2	149	False	False				False	59	ii%43		b	vii		ii%43		ii	%	43			%7	True	True	(-4, 0, 2, -1)	()	2	-4	minor	minor	vii	vii, minor	ii		vii	vii	True	ii%43	ii%43, minor		ii%43, minor		ii	5	3	3	-2	0	0	True	False	False
3576.0	8.0	149.0	57	3	A	0.0	2.0	2	4	4	2.0	1.0	1/12	True	2	38.0	38.0	38.0	38a	3	149	False	False				False	59	ii%43		b	vii		ii%43		ii	%	43			%7	True	True	(-4, 0, 2, -1)	()	2	-4	minor	minor	vii	vii, minor	ii		vii	vii	True	ii%43	ii%43, minor		ii%43, minor		ii	5	3	3	-2	0	0	True	False	False
3576.0	12.0	149.0	62	2	D	0.0	2.0	2	4	4	1.0	1.0	1/8	True	2	38.0	38.0	38.0	38a	4	149	False	False				False	59	ii%43		b	vii		ii%43		ii	%	43			%7	True	True	(-4, 0, 2, -1)	()	2	-4	minor	minor	vii	vii, minor	ii		vii	vii	True	ii%43	ii%43, minor		ii%43, minor		ii	5	3	3	-3	-1	-1	True	False	False
3584.0	8.0	149.333	41	-1	F	0.0	2.333	0	4	4	2.0	1.0	1/12	True	2	38.0	38.0	38.0	38a	2	448/3	False	False				False	59	ii%43		b	vii		ii%43		ii	%	43			%7	True	True	(-4, 0, 2, -1)	()	2	-4	minor	minor	vii	vii, minor	ii		vii	vii	True	ii%43	ii%43, minor		ii%43, minor		ii	5	3	3	-6	-4	-4	True	False	True
3584.0	8.0	149.333	53	-1	F	0.0	2.333	0	4	4	2.0	1.0	1/12	True	2	38.0	38.0	38.0	38a	3	448/3	False	False				False	59	ii%43		b	vii		ii%43		ii	%	43			%7	True	True	(-4, 0, 2, -1)	()	2	-4	minor	minor	vii	vii, minor	ii		vii	vii	True	ii%43	ii%43, minor		ii%43, minor		ii	5	3	3	-6	-4	-4	True	False	True
3588.0	12.0	149.5	71	5	B	0.0	2.5	0	4	4	1.0	1.0	1/8	True	2	38.0	38.0	38.0	38a	4	299/2	False	False				False	59	ii%43		b	vii		ii%43		ii	%	43			%7	True	True	(-4, 0, 2, -1)	()	2	-4	minor	minor	vii	vii, minor	ii		vii	vii	True	ii%43	ii%43, minor		ii%43, minor		ii	5	3	3	0	2	2	True	True	False
3592.0	8.0	149.667	43	1	G	0.0	2.667	0	4	4	2.0	1.0	1/12	True	2	38.0	38.0	38.0	38a	2	449/3	False	False				False	59	ii%43		b	vii		ii%43		ii	%	43			%7	True	True	(-4, 0, 2, -1)	()	2	-4	minor	minor	vii	vii, minor	ii		vii	vii	True	ii%43	ii%43, minor		ii%43, minor		ii	5	3	3	-4	-2	-2	False	False	False
3592.0	8.0	149.667	55	1	G	0.0	2.667	0	4	4	2.0	1.0	1/12	True	2	38.0	38.0	38.0	38a	3	449/3	False	False				False	59	ii%43		b	vii		ii%43		ii	%	43			%7	True	True	(-4, 0, 2, -1)	()	2	-4	minor	minor	vii	vii, minor	ii		vii	vii	True	ii%43	ii%43, minor		ii%43, minor		ii	5	3	3	-4	-2	-2	False	False	False
3600.0	48.0	150.0	40	4	E	0.0	3.0	3	4	4	2.0	1.0	1/2	True	2	38.0	38.0	38.0	38a	2	150	False	True				False	60	i64(9)	v(4)	b	vii		i64(9)		i		64	9		m	True	True	(1, 0, -3)	(2,)	0	1	minor	minor	vii	vii, minor	i		vii	vii	True	i64	i64, minor		i64(9), minor		i	5	3	3	-1	1	1	True	False	True
3600.0	48.0	150.0	52	4	E	0.0	3.0	3	4	4	2.0	1.0	1/2	True	2	38.0	38.0	38.0	38a	3	150	False	True				False	60	i64(9)	v(4)	b	vii		i64(9)		i		64	9		m	True	True	(1, 0, -3)	(2,)	0	1	minor	minor	vii	vii, minor	i		vii	vii	True	i64	i64, minor		i64(9), minor		i	5	3	3	-1	1	1	True	False	True
3612.0	12.0	150.5	57	3	A	0.0	3.5	0	4	4	1.0	1.0	1/8	True	2	38.0	38.0	38.0	38a	3	301/2	False	False				False	60	i64(9)	v(4)	b	vii		i64(9)		i		64	9		m	True	True	(1, 0, -3)	(2,)	0	1	minor	minor	vii	vii, minor	i		vii	vii	True	i64	i64, minor		i64(9), minor		i	5	3	3	-2	0	0	True	True	False
3624.0	12.0	151.0	64	4	E	0.0	4.0	4	4	4	1.0	1.0	1/8	True	2	38.0	38.0	38.0	38a	4	151	False	False				False	60	i64(9)	v(4)	b	vii		i64(9)		i		64	9		m	True	True	(1, 0, -3)	(2,)	0	1	minor	minor	vii	vii, minor	i		vii	vii	True	i64	i64, minor		i64(9), minor		i	5	3	3	-1	1	1	True	False	True
3636.0	12.0	151.5	71	5	B	0.0	4.5	0	4	4	1.0	1.0	1/8	True	2	38.0	38.0	38.0	38a	4	303/2	False	False				False	60	i64(9)	v(4)	b	vii		i64(9)		i		64	9		m	True	True	(1, 0, -3)	(2,)	0	1	minor	minor	vii	vii, minor	i		vii	vii	True	i64	i64, minor		i64(9), minor		i	5	3	3	0	2	2	False	False	False
3648.0	12.0	152.0	38	2	D	0.0	1.0	1	4	4	2.0	1.0	1/8	True	2	39.0	39.0	39.0	39a	2	152	False	True				False	61	ii%65		b	vii		ii%65		ii	%	65			%7	True	True	(-1, -4, 0, 2)	()	2	-1	minor	minor	vii	vii, minor	ii		vii	vii	True	ii%65	ii%65, minor		ii%65, minor		ii	5	3	3	-3	-1	-1	True	False	True
3648.0	12.0	152.0	50	2	D	0.0	1.0	1	4	4	2.0	1.0	1/8	True	2	39.0	39.0	39.0	39a	3	152	False	True				False	61	ii%65		b	vii		ii%65		ii	%	65			%7	True	True	(-1, -4, 0, 2)	()	2	-1	minor	minor	vii	vii, minor	ii		vii	vii	True	ii%65	ii%65, minor		ii%65, minor		ii	5	3	3	-3	-1	-1	True	False	True
3660.0	12.0	152.5	37	7	C	1.0	1.5	0	4	4	2.0	1.0	1/8	True	2	39.0	39.0	39.0	39a	2	305/2	False	False				False	61	ii%65		b	vii		ii%65		ii	%	65			%7	True	True	(-1, -4, 0, 2)	()	2	-1	minor	minor	vii	vii, minor	ii		vii	vii	True	ii%65	ii%65, minor		ii%65, minor		ii	5	3	3	2	4	4	False	False	False
3660.0	12.0	152.5	49	7	C	1.0	1.5	0	4	4	2.0	1.0	1/8	True	2	39.0	39.0	39.0	39a	3	305/2	False	False				False	61	ii%65		b	vii		ii%65		ii	%	65			%7	True	True	(-1, -4, 0, 2)	()	2	-1	minor	minor	vii	vii, minor	ii		vii	vii	True	ii%65	ii%65, minor		ii%65, minor		ii	5	3	3	2	4	4	False	False	False
3660.0	12.0	152.5	57	3	A	0.0	1.5	0	4	4	1.0	1.0	1/8	True	2	39.0	39.0	39.0	39a	3	305/2	False	False				False	61	ii%65		b	vii		ii%65		ii	%	65			%7	True	True	(-1, -4, 0, 2)	()	2	-1	minor	minor	vii	vii, minor	ii		vii	vii	True	ii%65	ii%65, minor		ii%65, minor		ii	5	3	3	-2	0	0	True	False	False
3672.0	12.0	153.0	38	2	D	0.0	2.0	2	4	4	2.0	1.0	1/8	True	2	39.0	39.0	39.0	39a	2	153	False	False				False	61	ii%65		b	vii		ii%65		ii	%	65			%7	True	True	(-1, -4, 0, 2)	()	2	-1	minor	minor	vii	vii, minor	ii		vii	vii	True	ii%65	ii%65, minor		ii%65, minor		ii	5	3	3	-3	-1	-1	True	False	True
3672.0	12.0	153.0	50	2	D	0.0	2.0	2	4	4	2.0	1.0	1/8	True	2	39.0	39.0	39.0	39a	3	153	False	False				False	61	ii%65		b	vii		ii%65		ii	%	65			%7	True	True	(-1, -4, 0, 2)	()	2	-1	minor	minor	vii	vii, minor	ii		vii	vii	True	ii%65	ii%65, minor		ii%65, minor		ii	5	3	3	-3	-1	-1	True	False	True
3672.0	12.0	153.0	65	-1	F	0.0	2.0	2	4	4	1.0	1.0	1/8	True	2	39.0	39.0	39.0	39a	4	153	False	False				False	61	ii%65		b	vii		ii%65		ii	%	65			%7	True	True	(-1, -4, 0, 2)	()	2	-1	minor	minor	vii	vii, minor	ii		vii	vii	True	ii%65	ii%65, minor		ii%65, minor		ii	5	3	3	-6	-4	-4	True	False	False
3684.0	12.0	153.5	40	4	E	0.0	2.5	0	4	4	2.0	1.0	1/8	True	2	39.0	39.0	39.0	39a	2	307/2	False	False				False	61	ii%65		b	vii		ii%65		ii	%	65			%7	True	True	(-1, -4, 0, 2)	()	2	-1	minor	minor	vii	vii, minor	ii		vii	vii	True	ii%65	ii%65, minor		ii%65, minor		ii	5	3	3	-1	1	1	False	False	False
3684.0	12.0	153.5	52	4	E	0.0	2.5	0	4	4	2.0	1.0	1/8	True	2	39.0	39.0	39.0	39a	3	307/2	False	False				False	61	ii%65		b	vii		ii%65		ii	%	65			%7	True	True	(-1, -4, 0, 2)	()	2	-1	minor	minor	vii	vii, minor	ii		vii	vii	True	ii%65	ii%65, minor		ii%65, minor		ii	5	3	3	-1	1	1	False	False	False
3684.0	12.0	153.5	71	5	B	0.0	2.5	0	4	4	1.0	1.0	1/8	True	2	39.0	39.0	39.0	39a	4	307/2	False	False				False	61	ii%65		b	vii		ii%65		ii	%	65			%7	True	True	(-1, -4, 0, 2)	()	2	-1	minor	minor	vii	vii, minor	ii		vii	vii	True	ii%65	ii%65, minor		ii%65, minor		ii	5	3	3	0	2	2	True	True	False
3696.0	12.0	154.0	43	1	G	0.0	3.0	3	4	4	2.0	1.0	1/8	True	2	39.0	39.0	39.0	39a	2	154	False	False				False	61	ii%65		b	vii		ii%65		ii	%	65			%7	True	True	(-1, -4, 0, 2)	()	2	-1	minor	minor	vii	vii, minor	ii		vii	vii	True	ii%65	ii%65, minor		ii%65, minor		ii	5	3	3	-4	-2	-2	False	False	False
3696.0	12.0	154.0	55	1	G	0.0	3.0	3	4	4	2.0	1.0	1/8	True	2	39.0	39.0	39.0	39a	3	154	False	False				False	61	ii%65		b	vii		ii%65		ii	%	65			%7	True	True	(-1, -4, 0, 2)	()	2	-1	minor	minor	vii	vii, minor	ii		vii	vii	True	ii%65	ii%65, minor		ii%65, minor		ii	5	3	3	-4	-2	-2	False	False	False
3708.0	12.0	154.5	41	-1	F	0.0	3.5	0	4	4	2.0	1.0	1/8	True	2	39.0	39.0	39.0	39a	2	309/2	False	False				False	61	ii%65		b	vii		ii%65		ii	%	65			%7	True	True	(-1, -4, 0, 2)	()	2	-1	minor	minor	vii	vii, minor	ii		vii	vii	True	ii%65	ii%65, minor		ii%65, minor		ii	5	3	3	-6	-4	-4	True	False	False
3708.0	12.0	154.5	53	-1	F	0.0	3.5	0	4	4	2.0	1.0	1/8	True	2	39.0	39.0	39.0	39a	3	309/2	False	False				False	61	ii%65		b	vii		ii%65		ii	%	65			%7	True	True	(-1, -4, 0, 2)	()	2	-1	minor	minor	vii	vii, minor	ii		vii	vii	True	ii%65	ii%65, minor		ii%65, minor		ii	5	3	3	-6	-4	-4	True	False	False
3708.0	12.0	154.5	57	3	A	0.0	3.5	0	4	4	1.0	1.0	1/8	True	2	39.0	39.0	39.0	39a	3	309/2	False	False				False	61	ii%65		b	vii		ii%65		ii	%	65			%7	True	True	(-1, -4, 0, 2)	()	2	-1	minor	minor	vii	vii, minor	ii		vii	vii	True	ii%65	ii%65, minor		ii%65, minor		ii	5	3	3	-2	0	0	True	False	False
3720.0	12.0	155.0	40	4	E	0.0	4.0	4	4	4	2.0	1.0	1/8	True	2	39.0	39.0	39.0	39a	2	155	False	False				False	61	ii%65		b	vii		ii%65		ii	%	65			%7	True	True	(-1, -4, 0, 2)	()	2	-1	minor	minor	vii	vii, minor	ii		vii	vii	True	ii%65	ii%65, minor		ii%65, minor		ii	5	3	3	-1	1	1	False	False	False
3720.0	12.0	155.0	52	4	E	0.0	4.0	4	4	4	2.0	1.0	1/8	True	2	39.0	39.0	39.0	39a	3	155	False	False				False	61	ii%65		b	vii		ii%65		ii	%	65			%7	True	True	(-1, -4, 0, 2)	()	2	-1	minor	minor	vii	vii, minor	ii		vii	vii	True	ii%65	ii%65, minor		ii%65, minor		ii	5	3	3	-1	1	1	False	False	False
3720.0	12.0	155.0	65	-1	F	0.0	4.0	4	4	4	1.0	1.0	1/8	True	2	39.0	39.0	39.0	39a	4	155	False	False				False	61	ii%65		b	vii		ii%65		ii	%	65			%7	True	True	(-1, -4, 0, 2)	()	2	-1	minor	minor	vii	vii, minor	ii		vii	vii	True	ii%65	ii%65, minor		ii%65, minor		ii	5	3	3	-6	-4	-4	True	False	False
3732.0	12.0	155.5	38	2	D	0.0	4.5	0	4	4	2.0	1.0	1/8	True	2	39.0	39.0	39.0	39a	2	311/2	False	False				False	61	ii%65		b	vii		ii%65		ii	%	65			%7	True	True	(-1, -4, 0, 2)	()	2	-1	minor	minor	vii	vii, minor	ii		vii	vii	True	ii%65	ii%65, minor		ii%65, minor		ii	5	3	3	-3	-1	-1	True	False	True
3732.0	12.0	155.5	50	2	D	0.0	4.5	0	4	4	2.0	1.0	1/8	True	2	39.0	39.0	39.0	39a	3	311/2	False	False				False	61	ii%65		b	vii		ii%65		ii	%	65			%7	True	True	(-1, -4, 0, 2)	()	2	-1	minor	minor	vii	vii, minor	ii		vii	vii	True	ii%65	ii%65, minor		ii%65, minor		ii	5	3	3	-3	-1	-1	True	False	True
3732.0	12.0	155.5	71	5	B	0.0	4.5	0	4	4	1.0	1.0	1/8	True	2	39.0	39.0	39.0	39a	4	311/2	False	False				False	61	ii%65		b	vii		ii%65		ii	%	65			%7	True	True	(-1, -4, 0, 2)	()	2	-1	minor	minor	vii	vii, minor	ii		vii	vii	True	ii%65	ii%65, minor		ii%65, minor		ii	5	3	3	0	2	2	True	True	False
3744.0	24.0	156.0	48	0	C	0.0	1.0	1	4	4	2.0	1.0	1/4	True	2	40.0	40.0	40.0	40a	3	156	False	True				False	62	i6	ii%7(2)	b	vii		i6		i		6			m	True	True	(-3, 1, 0)	()	0	-3	minor	minor	vii	vii, minor	i		vii	vii	True	i6	i6, minor		i6, minor		i	5	3	3	-5	-3	-3	True	False	True
3744.0	24.0	156.0	60	0	C	0.0	1.0	1	4	4	2.0	1.0	1/4	True	2	40.0	40.0	40.0	40a	4	156	False	True				False	62	i6	ii%7(2)	b	vii		i6		i		6			m	True	True	(-3, 1, 0)	()	0	-3	minor	minor	vii	vii, minor	i		vii	vii	True	i6	i6, minor		i6, minor		i	5	3	3	-5	-3	-3	True	False	True
3756.0	12.0	156.5	57	3	A	0.0	1.5	0	4	4	1.0	1.0	1/8	True	2	40.0	40.0	40.0	40a	3	313/2	False	False				False	62	i6	ii%7(2)	b	vii		i6		i		6			m	True	True	(-3, 1, 0)	()	0	-3	minor	minor	vii	vii, minor	i		vii	vii	True	i6	i6, minor		i6, minor		i	5	3	3	-2	0	0	True	True	False
3768.0	48.0	157.0	47	5	B	0.0	2.0	2	4	4	2.0	1.0	1/2	True	2	40.0	40.0	40.0	40a	2	157	False	True				False	63	ii%7		b	vii		ii%7		ii	%	7			%7	True	True	(2, -1, -4, 0)	()	2	2	minor	minor	vii	vii, minor	ii		vii	vii	True	ii%7	ii%7, minor		ii%7, minor		ii	5	3	3	0	2	2	True	True	True
3768.0	6.0	157.0	57	3	A	0.0	2.0	2	4	4	1.0	1.0	1/16	False	2	40.0	40.0	40.0	40a	3	157	False	True				False	63	ii%7		b	vii		ii%7		ii	%	7			%7	True	True	(2, -1, -4, 0)	()	2	2	minor	minor	vii	vii, minor	ii		vii	vii	True	ii%7	ii%7, minor		ii%7, minor		ii	5	3	3	-2	0	0	True	False	False
3768.0	48.0	157.0	59	5	B	0.0	2.0	2	4	4	2.0	1.0	1/2	True	2	40.0	40.0	40.0	40a	3	157	False	True				False	63	ii%7		b	vii		ii%7		ii	%	7			%7	True	True	(2, -1, -4, 0)	()	2	2	minor	minor	vii	vii, minor	ii		vii	vii	True	ii%7	ii%7, minor		ii%7, minor		ii	5	3	3	0	2	2	True	True	True
3774.0	6.0	157.25	62	2	D	0.0	2.25	0	4	4	1.0	1.0	1/16	True	2	40.0	40.0	40.0	40a	4	629/4	False	False				False	63	ii%7		b	vii		ii%7		ii	%	7			%7	True	True	(2, -1, -4, 0)	()	2	2	minor	minor	vii	vii, minor	ii		vii	vii	True	ii%7	ii%7, minor		ii%7, minor		ii	5	3	3	-3	-1	-1	True	False	False
3774.0	6.0	157.25	65	-1	F	0.0	2.25	0	4	4	1.0	1.0	1/16	True	2	40.0	40.0	40.0	40a	4	629/4	False	False				False	63	ii%7		b	vii		ii%7		ii	%	7			%7	True	True	(2, -1, -4, 0)	()	2	2	minor	minor	vii	vii, minor	ii		vii	vii	True	ii%7	ii%7, minor		ii%7, minor		ii	5	3	3	-6	-4	-4	True	False	False
3780.0	6.0	157.5	71	5	B	0.0	2.5	0	4	4	1.0	1.0	1/16	True	2	40.0	40.0	40.0	40a	4	315/2	False	False				False	63	ii%7		b	vii		ii%7		ii	%	7			%7	True	True	(2, -1, -4, 0)	()	2	2	minor	minor	vii	vii, minor	ii		vii	vii	True	ii%7	ii%7, minor		ii%7, minor		ii	5	3	3	0	2	2	True	True	True
3786.0	6.0	157.75	69	3	A	0.0	2.75	0	4	4	1.0	1.0	1/16	True	2	40.0	40.0	40.0	40a	4	631/4	False	False				False	63	ii%7		b	vii		ii%7		ii	%	7			%7	True	True	(2, -1, -4, 0)	()	2	2	minor	minor	vii	vii, minor	ii		vii	vii	True	ii%7	ii%7, minor		ii%7, minor		ii	5	3	3	-2	0	0	True	False	False
3786.0	6.0	157.75	69	3	A	0.0	2.75	0	4	4	1.0	2.0	1/16	True	2	40.0	40.0	40.0	40a	4	631/4	False	False				False	63	ii%7		b	vii		ii%7		ii	%	7			%7	True	True	(2, -1, -4, 0)	()	2	2	minor	minor	vii	vii, minor	ii		vii	vii	True	ii%7	ii%7, minor		ii%7, minor		ii	5	3	3	-2	0	0	True	False	False
3792.0	6.0	158.0	74	2	D	0.0	3.0	3	4	4	1.0	1.0	1/16	True	2	40.0	40.0	40.0	40a	5	158	False	False				False	63	ii%7		b	vii		ii%7		ii	%	7			%7	True	True	(2, -1, -4, 0)	()	2	2	minor	minor	vii	vii, minor	ii		vii	vii	True	ii%7	ii%7, minor		ii%7, minor		ii	5	3	3	-3	-1	-1	True	False	False
3792.0	6.0	158.0	77	-1	F	0.0	3.0	3	4	4	1.0	1.0	1/16	True	2	40.0	40.0	40.0	40a	5	158	False	False				False	63	ii%7		b	vii		ii%7		ii	%	7			%7	True	True	(2, -1, -4, 0)	()	2	2	minor	minor	vii	vii, minor	ii		vii	vii	True	ii%7	ii%7, minor		ii%7, minor		ii	5	3	3	-6	-4	-4	True	False	False
3798.0	6.0	158.25	83	5	B	0.0	3.25	0	4	4	1.0	1.0	1/16	True	2	40.0	40.0	40.0	40a	5	633/4	False	False				False	63	ii%7		b	vii		ii%7		ii	%	7			%7	True	True	(2, -1, -4, 0)	()	2	2	minor	minor	vii	vii, minor	ii		vii	vii	True	ii%7	ii%7, minor		ii%7, minor		ii	5	3	3	0	2	2	True	True	True
3804.0	6.0	158.5	81	3	A	0.0	3.5	0	4	4	1.0	1.0	1/16	True	2	40.0	40.0	40.0	40a	5	317/2	False	False				False	63	ii%7		b	vii		ii%7		ii	%	7			%7	True	True	(2, -1, -4, 0)	()	2	2	minor	minor	vii	vii, minor	ii		vii	vii	True	ii%7	ii%7, minor		ii%7, minor		ii	5	3	3	-2	0	0	True	False	False
3804.0	6.0	158.5	81	3	A	0.0	3.5	0	4	4	1.0	2.0	1/16	True	2	40.0	40.0	40.0	40a	5	317/2	False	False				False	63	ii%7		b	vii		ii%7		ii	%	7			%7	True	True	(2, -1, -4, 0)	()	2	2	minor	minor	vii	vii, minor	ii		vii	vii	True	ii%7	ii%7, minor		ii%7, minor		ii	5	3	3	-2	0	0	True	False	False
3810.0	6.0	158.75	86	2	D	0.0	3.75	0	4	4	1.0	1.0	1/16	True	2	40.0	40.0	40.0	40a	6	635/4	False	False				False	63	ii%7		b	vii		ii%7		ii	%	7			%7	True	True	(2, -1, -4, 0)	()	2	2	minor	minor	vii	vii, minor	ii		vii	vii	True	ii%7	ii%7, minor		ii%7, minor		ii	5	3	3	-3	-1	-1	True	False	False
3810.0	6.0	158.75	89	-1	F	0.0	3.75	0	4	4	1.0	1.0	1/16	True	2	40.0	40.0	40.0	40a	6	635/4	False	False				False	63	ii%7		b	vii		ii%7		ii	%	7			%7	True	True	(2, -1, -4, 0)	()	2	2	minor	minor	vii	vii, minor	ii		vii	vii	True	ii%7	ii%7, minor		ii%7, minor		ii	5	3	3	-6	-4	-4	True	False	False
3816.0	12.0	159.0	47	5	B	0.0	4.0	4	4	4	2.0	1.0	1/8	False	2	40.0	40.0	40.0	40a	2	159	False	False				False	63	ii%7		b	vii		ii%7		ii	%	7			%7	True	True	(2, -1, -4, 0)	()	2	2	minor	minor	vii	vii, minor	ii		vii	vii	True	ii%7	ii%7, minor		ii%7, minor		ii	5	3	3	0	2	2	True	True	True
3816.0	12.0	159.0	59	5	B	0.0	4.0	4	4	4	2.0	1.0	1/8	False	2	40.0	40.0	40.0	40a	3	159	False	False				False	63	ii%7		b	vii		ii%7		ii	%	7			%7	True	True	(2, -1, -4, 0)	()	2	2	minor	minor	vii	vii, minor	ii		vii	vii	True	ii%7	ii%7, minor		ii%7, minor		ii	5	3	3	0	2	2	True	True	True
3816.0	12.0	159.0	95	5	B	0.0	4.0	4	4	4	1.0	1.0	1/8	True	2	40.0	40.0	40.0	40a	6	159	False	False				False	63	ii%7		b	vii		ii%7		ii	%	7			%7	True	True	(2, -1, -4, 0)	()	2	2	minor	minor	vii	vii, minor	ii		vii	vii	True	ii%7	ii%7, minor		ii%7, minor		ii	5	3	3	0	2	2	True	True	True
3828.0	12.0	159.5	53	-1	F	0.0	4.5	0	4	4	2.0	1.0	1/8	True	2	40.0	40.0	40.0	40a	3	319/2	False	False				False	63	ii%7		b	vii		ii%7		ii	%	7			%7	True	True	(2, -1, -4, 0)	()	2	2	minor	minor	vii	vii, minor	ii		vii	vii	True	ii%7	ii%7, minor		ii%7, minor		ii	5	3	3	-6	-4	-4	True	False	False
3828.0	12.0	159.5	65	-1	F	0.0	4.5	0	4	4	2.0	1.0	1/8	True	2	40.0	40.0	40.0	40a	4	319/2	False	False				False	63	ii%7		b	vii		ii%7		ii	%	7			%7	True	True	(2, -1, -4, 0)	()	2	2	minor	minor	vii	vii, minor	ii		vii	vii	True	ii%7	ii%7, minor		ii%7, minor		ii	5	3	3	-6	-4	-4	True	False	False
3840.0	12.0	160.0	53	-1	F	0.0	1.0	1	4	4	2.0	1.0	1/8	False	2	41.0	41.0	41.0	41a	3	160	False	False				False	63	ii%7		b	vii		ii%7		ii	%	7			%7	True	True	(2, -1, -4, 0)	()	2	2	minor	minor	vii	vii, minor	ii		vii	vii	True	ii%7	ii%7, minor		ii%7, minor		ii	5	3	3	-6	-4	-4	True	False	False
3840.0	12.0	160.0	65	-1	F	0.0	1.0	1	4	4	2.0	1.0	1/8	False	2	41.0	41.0	41.0	41a	4	160	False	False				False	63	ii%7		b	vii		ii%7		ii	%	7			%7	True	True	(2, -1, -4, 0)	()	2	2	minor	minor	vii	vii, minor	ii		vii	vii	True	ii%7	ii%7, minor		ii%7, minor		ii	5	3	3	-6	-4	-4	True	False	False
3852.0	12.0	160.5	52	4	E	0.0	1.5	0	4	4	2.0	1.0	1/8	True	2	41.0	41.0	41.0	41a	3	321/2	False	False				False	63	ii%7		b	vii		ii%7		ii	%	7			%7	True	True	(2, -1, -4, 0)	()	2	2	minor	minor	vii	vii, minor	ii		vii	vii	True	ii%7	ii%7, minor		ii%7, minor		ii	5	3	3	-1	1	1	False	False	False
3852.0	12.0	160.5	64	4	E	0.0	1.5	0	4	4	2.0	1.0	1/8	True	2	41.0	41.0	41.0	41a	4	321/2	False	False				False	63	ii%7		b	vii		ii%7		ii	%	7			%7	True	True	(2, -1, -4, 0)	()	2	2	minor	minor	vii	vii, minor	ii		vii	vii	True	ii%7	ii%7, minor		ii%7, minor		ii	5	3	3	-1	1	1	False	False	False
3864.0	12.0	161.0	51	-3	E	-1.0	2.0	2	4	4	2.0	1.0	1/8	True	2	41.0	41.0	41.0	41a	3	161	False	False				False	63	ii%7		b	vii		ii%7		ii	%	7			%7	True	True	(2, -1, -4, 0)	()	2	2	minor	minor	vii	vii, minor	ii		vii	vii	True	ii%7	ii%7, minor		ii%7, minor		ii	5	3	3	-8	-6	-6	False	False	False
3864.0	12.0	161.0	63	-3	E	-1.0	2.0	2	4	4	2.0	1.0	1/8	True	2	41.0	41.0	41.0	41a	4	161	False	False				False	63	ii%7		b	vii		ii%7		ii	%	7			%7	True	True	(2, -1, -4, 0)	()	2	2	minor	minor	vii	vii, minor	ii		vii	vii	True	ii%7	ii%7, minor		ii%7, minor		ii	5	3	3	-8	-6	-6	False	False	False
3876.0	12.0	161.5	50	2	D	0.0	2.5	0	4	4	2.0	1.0	1/8	True	2	41.0	41.0	41.0	41a	3	323/2	False	False				False	63	ii%7		b	vii		ii%7		ii	%	7			%7	True	True	(2, -1, -4, 0)	()	2	2	minor	minor	vii	vii, minor	ii		vii	vii	True	ii%7	ii%7, minor		ii%7, minor		ii	5	3	3	-3	-1	-1	True	False	False
3876.0	12.0	161.5	62	2	D	0.0	2.5	0	4	4	2.0	1.0	1/8	True	2	41.0	41.0	41.0	41a	4	323/2	False	False				False	63	ii%7		b	vii		ii%7		ii	%	7			%7	True	True	(2, -1, -4, 0)	()	2	2	minor	minor	vii	vii, minor	ii		vii	vii	True	ii%7	ii%7, minor		ii%7, minor		ii	5	3	3	-3	-1	-1	True	False	False
3888.0	12.0	162.0	47	5	B	0.0	3.0	3	4	4	2.0	1.0	1/8	True	2	41.0	41.0	41.0	41a	2	162	False	False				False	63	ii%7		b	vii		ii%7		ii	%	7			%7	True	True	(2, -1, -4, 0)	()	2	2	minor	minor	vii	vii, minor	ii		vii	vii	True	ii%7	ii%7, minor		ii%7, minor		ii	5	3	3	0	2	2	True	True	True
3888.0	12.0	162.0	59	5	B	0.0	3.0	3	4	4	2.0	1.0	1/8	True	2	41.0	41.0	41.0	41a	3	162	False	False				False	63	ii%7		b	vii		ii%7		ii	%	7			%7	True	True	(2, -1, -4, 0)	()	2	2	minor	minor	vii	vii, minor	ii		vii	vii	True	ii%7	ii%7, minor		ii%7, minor		ii	5	3	3	0	2	2	True	True	True
3900.0	12.0	162.5	46	-2	B	-1.0	3.5	0	4	4	2.0	1.0	1/8	True	2	41.0	41.0	41.0	41a	2	325/2	False	False				False	63	ii%7		b	vii		ii%7		ii	%	7			%7	True	True	(2, -1, -4, 0)	()	2	2	minor	minor	vii	vii, minor	ii		vii	vii	True	ii%7	ii%7, minor		ii%7, minor		ii	5	3	3	-7	-5	-5	False	False	False
3900.0	12.0	162.5	58	-2	B	-1.0	3.5	0	4	4	2.0	1.0	1/8	True	2	41.0	41.0	41.0	41a	3	325/2	False	False				False	63	ii%7		b	vii		ii%7		ii	%	7			%7	True	True	(2, -1, -4, 0)	()	2	2	minor	minor	vii	vii, minor	ii		vii	vii	True	ii%7	ii%7, minor		ii%7, minor		ii	5	3	3	-7	-5	-5	False	False	False
3912.0	12.0	163.0	45	3	A	0.0	4.0	4	4	4	2.0	1.0	1/8	True	2	41.0	41.0	41.0	41a	2	163	False	False				False	63	ii%7		b	vii		ii%7		ii	%	7			%7	True	True	(2, -1, -4, 0)	()	2	2	minor	minor	vii	vii, minor	ii		vii	vii	True	ii%7	ii%7, minor		ii%7, minor		ii	5	3	3	-2	0	0	True	False	False
3912.0	12.0	163.0	57	3	A	0.0	4.0	4	4	4	2.0	1.0	1/8	True	2	41.0	41.0	41.0	41a	3	163	False	False				False	63	ii%7		b	vii		ii%7		ii	%	7			%7	True	True	(2, -1, -4, 0)	()	2	2	minor	minor	vii	vii, minor	ii		vii	vii	True	ii%7	ii%7, minor		ii%7, minor		ii	5	3	3	-2	0	0	True	False	False
3924.0	12.0	163.5	44	-4	A	-1.0	4.5	0	4	4	2.0	1.0	1/8	True	2	41.0	41.0	41.0	41a	2	327/2	False	False				False	63	ii%7		b	vii		ii%7		ii	%	7			%7	True	True	(2, -1, -4, 0)	()	2	2	minor	minor	vii	vii, minor	ii		vii	vii	True	ii%7	ii%7, minor		ii%7, minor		ii	5	3	3	-9	-7	-7	False	False	False
3924.0	12.0	163.5	56	-4	A	-1.0	4.5	0	4	4	2.0	1.0	1/8	True	2	41.0	41.0	41.0	41a	3	327/2	False	False				False	63	ii%7		b	vii		ii%7		ii	%	7			%7	True	True	(2, -1, -4, 0)	()	2	2	minor	minor	vii	vii, minor	ii		vii	vii	True	ii%7	ii%7, minor		ii%7, minor		ii	5	3	3	-9	-7	-7	False	False	False
3936.0	42.0	164.0	43	1	G	0.0	1.0	1	4	4	2.0	1.0	7/16	True	2	42.0	42.0	42.0	42a	2	164	False	True				False	64	i.ii%43		b	i		ii%43		ii	%	43			%7	True	True	(-4, 0, 2, -1)	()	2	-4	minor	minor	i	i, minor	ii		i	i	True	ii%43	ii%43, minor		ii%43, minor		ii	5	5	5	-4	-4	-4	True	False	True
3936.0	42.0	164.0	55	1	G	0.0	1.0	1	4	4	2.0	1.0	7/16	True	2	42.0	42.0	42.0	42a	3	164	False	True				False	64	i.ii%43		b	i		ii%43		ii	%	43			%7	True	True	(-4, 0, 2, -1)	()	2	-4	minor	minor	i	i, minor	ii		i	i	True	ii%43	ii%43, minor		ii%43, minor		ii	5	5	5	-4	-4	-4	True	False	True
3948.0	12.0	164.5	59	5	B	0.0	1.5	0	4	4	1.0	1.0	1/8	True	2	42.0	42.0	42.0	42a	3	329/2	False	False				False	64	i.ii%43		b	i		ii%43		ii	%	43			%7	True	True	(-4, 0, 2, -1)	()	2	-4	minor	minor	i	i, minor	ii		i	i	True	ii%43	ii%43, minor		ii%43, minor		ii	5	5	5	0	0	0	True	False	False
3960.0	12.0	165.0	64	4	E	0.0	2.0	2	4	4	1.0	1.0	1/8	True	2	42.0	42.0	42.0	42a	4	165	False	False				False	64	i.ii%43		b	i		ii%43		ii	%	43			%7	True	True	(-4, 0, 2, -1)	()	2	-4	minor	minor	i	i, minor	ii		i	i	True	ii%43	ii%43, minor		ii%43, minor		ii	5	5	5	-1	-1	-1	True	False	False
3972.0	12.0	165.5	73	7	C	1.0	2.5	0	4	4	1.0	1.0	1/8	True	2	42.0	42.0	42.0	42a	5	331/2	False	False				False	64	i.ii%43		b	i		ii%43		ii	%	43			%7	True	True	(-4, 0, 2, -1)	()	2	-4	minor	minor	i	i, minor	ii		i	i	True	ii%43	ii%43, minor		ii%43, minor		ii	5	5	5	2	2	2	True	True	False
3978.0	3.0	165.75	45	3	A	0.0	2.75	0	4	4	2.0	1.0	1/32	True	2	42.0	42.0	42.0	42a	2	663/4	False	False				False	64	i.ii%43		b	i		ii%43		ii	%	43			%7	True	True	(-4, 0, 2, -1)	()	2	-4	minor	minor	i	i, minor	ii		i	i	True	ii%43	ii%43, minor		ii%43, minor		ii	5	5	5	-2	-2	-2	False	False	False
3978.0	3.0	165.75	57	3	A	0.0	2.75	0	4	4	2.0	1.0	1/32	True	2	42.0	42.0	42.0	42a	3	663/4	False	False				False	64	i.ii%43		b	i		ii%43		ii	%	43			%7	True	True	(-4, 0, 2, -1)	()	2	-4	minor	minor	i	i, minor	ii		i	i	True	ii%43	ii%43, minor		ii%43, minor		ii	5	5	5	-2	-2	-2	False	False	False
3981.0	3.0	165.875	43	1	G	0.0	2.875	0	4	4	2.0	1.0	1/32	True	2	42.0	42.0	42.0	42a	2	1327/8	False	False				False	64	i.ii%43		b	i		ii%43		ii	%	43			%7	True	True	(-4, 0, 2, -1)	()	2	-4	minor	minor	i	i, minor	ii		i	i	True	ii%43	ii%43, minor		ii%43, minor		ii	5	5	5	-4	-4	-4	True	False	True
3981.0	3.0	165.875	55	1	G	0.0	2.875	0	4	4	2.0	1.0	1/32	True	2	42.0	42.0	42.0	42a	3	1327/8	False	False				False	64	i.ii%43		b	i		ii%43		ii	%	43			%7	True	True	(-4, 0, 2, -1)	()	2	-4	minor	minor	i	i, minor	ii		i	i	True	ii%43	ii%43, minor		ii%43, minor		ii	5	5	5	-4	-4	-4	True	False	True
3984.0	48.0	166.0	42	6	F	1.0	3.0	3	4	4	2.0	1.0	1/2	True	2	42.0	42.0	42.0	42a	2	166	False	True				False	65	i64(9)	v(4)	b	i		i64(9)		i		64	9		m	True	True	(1, 0, -3)	(2,)	0	1	minor	minor	i	i, minor	i		i	i	True	i64	i64, minor		i64(9), minor		i	5	5	5	1	1	1	True	False	True
3984.0	48.0	166.0	54	6	F	1.0	3.0	3	4	4	2.0	1.0	1/2	True	2	42.0	42.0	42.0	42a	3	166	False	True				False	65	i64(9)	v(4)	b	i		i64(9)		i		64	9		m	True	True	(1, 0, -3)	(2,)	0	1	minor	minor	i	i, minor	i		i	i	True	i64	i64, minor		i64(9), minor		i	5	5	5	1	1	1	True	False	True
3996.0	12.0	166.5	59	5	B	0.0	3.5	0	4	4	1.0	1.0	1/8	True	2	42.0	42.0	42.0	42a	3	333/2	False	False				False	65	i64(9)	v(4)	b	i		i64(9)		i		64	9		m	True	True	(1, 0, -3)	(2,)	0	1	minor	minor	i	i, minor	i		i	i	True	i64	i64, minor		i64(9), minor		i	5	5	5	0	0	0	True	True	False
4008.0	12.0	167.0	66	6	F	1.0	4.0	4	4	4	1.0	1.0	1/8	True	2	42.0	42.0	42.0	42a	4	167	False	False				False	65	i64(9)	v(4)	b	i		i64(9)		i		64	9		m	True	True	(1, 0, -3)	(2,)	0	1	minor	minor	i	i, minor	i		i	i	True	i64	i64, minor		i64(9), minor		i	5	5	5	1	1	1	True	False	True
4020.0	12.0	167.5	73	7	C	1.0	4.5	0	4	4	1.0	1.0	1/8	True	2	42.0	42.0	42.0	42a	5	335/2	False	False				False	65	i64(9)	v(4)	b	i		i64(9)		i		64	9		m	True	True	(1, 0, -3)	(2,)	0	1	minor	minor	i	i, minor	i		i	i	True	i64	i64, minor		i64(9), minor		i	5	5	5	2	2	2	False	False	False
4032.0	24.0	168.0	43	1	G	0.0	1.0	1	4	4	2.0	1.0	1/4	True	2	43.0	43.0	43.0	43a	2	168	False	True				False	66	ii%43		b	i		ii%43		ii	%	43			%7	True	True	(-4, 0, 2, -1)	()	2	-4	minor	minor	i	i, minor	ii		i	i	True	ii%43	ii%43, minor		ii%43, minor		ii	5	5	5	-4	-4	-4	True	False	True
4032.0	24.0	168.0	55	1	G	0.0	1.0	1	4	4	2.0	1.0	1/4	True	2	43.0	43.0	43.0	43a	3	168	False	True				False	66	ii%43		b	i		ii%43		ii	%	43			%7	True	True	(-4, 0, 2, -1)	()	2	-4	minor	minor	i	i, minor	ii		i	i	True	ii%43	ii%43, minor		ii%43, minor		ii	5	5	5	-4	-4	-4	True	False	True
4044.0	12.0	168.5	59	5	B	0.0	1.5	0	4	4	1.0	1.0	1/8	True	2	43.0	43.0	43.0	43a	3	337/2	False	False				False	66	ii%43		b	i		ii%43		ii	%	43			%7	True	True	(-4, 0, 2, -1)	()	2	-4	minor	minor	i	i, minor	ii		i	i	True	ii%43	ii%43, minor		ii%43, minor		ii	5	5	5	0	0	0	True	False	False
4056.0	8.0	169.0	47	5	B	0.0	2.0	2	4	4	2.0	1.0	1/12	True	2	43.0	43.0	43.0	43a	2	169	False	False				False	66	ii%43		b	i		ii%43		ii	%	43			%7	True	True	(-4, 0, 2, -1)	()	2	-4	minor	minor	i	i, minor	ii		i	i	True	ii%43	ii%43, minor		ii%43, minor		ii	5	5	5	0	0	0	True	False	False
4056.0	8.0	169.0	59	5	B	0.0	2.0	2	4	4	2.0	1.0	1/12	True	2	43.0	43.0	43.0	43a	3	169	False	False				False	66	ii%43		b	i		ii%43		ii	%	43			%7	True	True	(-4, 0, 2, -1)	()	2	-4	minor	minor	i	i, minor	ii		i	i	True	ii%43	ii%43, minor		ii%43, minor		ii	5	5	5	0	0	0	True	False	False
4056.0	12.0	169.0	64	4	E	0.0	2.0	2	4	4	1.0	1.0	1/8	True	2	43.0	43.0	43.0	43a	4	169	False	False				False	66	ii%43		b	i		ii%43		ii	%	43			%7	True	True	(-4, 0, 2, -1)	()	2	-4	minor	minor	i	i, minor	ii		i	i	True	ii%43	ii%43, minor		ii%43, minor		ii	5	5	5	-1	-1	-1	True	False	False
4064.0	8.0	169.333	43	1	G	0.0	2.333	0	4	4	2.0	1.0	1/12	True	2	43.0	43.0	43.0	43a	2	508/3	False	False				False	66	ii%43		b	i		ii%43		ii	%	43			%7	True	True	(-4, 0, 2, -1)	()	2	-4	minor	minor	i	i, minor	ii		i	i	True	ii%43	ii%43, minor		ii%43, minor		ii	5	5	5	-4	-4	-4	True	False	True
4064.0	8.0	169.333	55	1	G	0.0	2.333	0	4	4	2.0	1.0	1/12	True	2	43.0	43.0	43.0	43a	3	508/3	False	False				False	66	ii%43		b	i		ii%43		ii	%	43			%7	True	True	(-4, 0, 2, -1)	()	2	-4	minor	minor	i	i, minor	ii		i	i	True	ii%43	ii%43, minor		ii%43, minor		ii	5	5	5	-4	-4	-4	True	False	True
4068.0	12.0	169.5	73	7	C	1.0	2.5	0	4	4	1.0	1.0	1/8	True	2	43.0	43.0	43.0	43a	5	339/2	False	False				False	66	ii%43		b	i		ii%43		ii	%	43			%7	True	True	(-4, 0, 2, -1)	()	2	-4	minor	minor	i	i, minor	ii		i	i	True	ii%43	ii%43, minor		ii%43, minor		ii	5	5	5	2	2	2	True	True	False
4072.0	8.0	169.667	45	3	A	0.0	2.667	0	4	4	2.0	1.0	1/12	True	2	43.0	43.0	43.0	43a	2	509/3	False	False				False	66	ii%43		b	i		ii%43		ii	%	43			%7	True	True	(-4, 0, 2, -1)	()	2	-4	minor	minor	i	i, minor	ii		i	i	True	ii%43	ii%43, minor		ii%43, minor		ii	5	5	5	-2	-2	-2	False	False	False
4072.0	8.0	169.667	57	3	A	0.0	2.667	0	4	4	2.0	1.0	1/12	True	2	43.0	43.0	43.0	43a	3	509/3	False	False				False	66	ii%43		b	i		ii%43		ii	%	43			%7	True	True	(-4, 0, 2, -1)	()	2	-4	minor	minor	i	i, minor	ii		i	i	True	ii%43	ii%43, minor		ii%43, minor		ii	5	5	5	-2	-2	-2	False	False	False
4080.0	48.0	170.0	42	6	F	1.0	3.0	3	4	4	2.0	1.0	1/2	True	2	43.0	43.0	43.0	43a	2	170	False	True				False	67	i64(9)	v(4)	b	i		i64(9)		i		64	9		m	True	True	(1, 0, -3)	(2,)	0	1	minor	minor	i	i, minor	i		i	i	True	i64	i64, minor		i64(9), minor		i	5	5	5	1	1	1	True	False	True
4080.0	48.0	170.0	54	6	F	1.0	3.0	3	4	4	2.0	1.0	1/2	True	2	43.0	43.0	43.0	43a	3	170	False	True				False	67	i64(9)	v(4)	b	i		i64(9)		i		64	9		m	True	True	(1, 0, -3)	(2,)	0	1	minor	minor	i	i, minor	i		i	i	True	i64	i64, minor		i64(9), minor		i	5	5	5	1	1	1	True	False	True
4092.0	12.0	170.5	59	5	B	0.0	3.5	0	4	4	1.0	1.0	1/8	True	2	43.0	43.0	43.0	43a	3	341/2	False	False				False	67	i64(9)	v(4)	b	i		i64(9)		i		64	9		m	True	True	(1, 0, -3)	(2,)	0	1	minor	minor	i	i, minor	i		i	i	True	i64	i64, minor		i64(9), minor		i	5	5	5	0	0	0	True	True	False
4104.0	12.0	171.0	66	6	F	1.0	4.0	4	4	4	1.0	1.0	1/8	True	2	43.0	43.0	43.0	43a	4	171	False	False				False	67	i64(9)	v(4)	b	i		i64(9)		i		64	9		m	True	True	(1, 0, -3)	(2,)	0	1	minor	minor	i	i, minor	i		i	i	True	i64	i64, minor		i64(9), minor		i	5	5	5	1	1	1	True	False	True
4116.0	12.0	171.5	73	7	C	1.0	4.5	0	4	4	1.0	1.0	1/8	True	2	43.0	43.0	43.0	43a	5	343/2	False	False				False	67	i64(9)	v(4)	b	i		i64(9)		i		64	9		m	True	True	(1, 0, -3)	(2,)	0	1	minor	minor	i	i, minor	i		i	i	True	i64	i64, minor		i64(9), minor		i	5	5	5	2	2	2	False	False	False
4128.0	12.0	172.0	40	4	E	0.0	1.0	1	4	4	2.0	1.0	1/8	True	2	44.0	44.0	44.0	44a	2	172	False	True				False	68	ii%65		b	i		ii%65		ii	%	65			%7	True	True	(-1, -4, 0, 2)	()	2	-1	minor	minor	i	i, minor	ii		i	i	True	ii%65	ii%65, minor		ii%65, minor		ii	5	5	5	-1	-1	-1	True	False	True
4128.0	12.0	172.0	52	4	E	0.0	1.0	1	4	4	2.0	1.0	1/8	True	2	44.0	44.0	44.0	44a	3	172	False	True				False	68	ii%65		b	i		ii%65		ii	%	65			%7	True	True	(-1, -4, 0, 2)	()	2	-1	minor	minor	i	i, minor	ii		i	i	True	ii%65	ii%65, minor		ii%65, minor		ii	5	5	5	-1	-1	-1	True	False	True
4140.0	12.0	172.5	39	9	D	1.0	1.5	0	4	4	2.0	1.0	1/8	True	2	44.0	44.0	44.0	44a	2	345/2	False	False				False	68	ii%65		b	i		ii%65		ii	%	65			%7	True	True	(-1, -4, 0, 2)	()	2	-1	minor	minor	i	i, minor	ii		i	i	True	ii%65	ii%65, minor		ii%65, minor		ii	5	5	5	4	4	4	False	False	False
4140.0	12.0	172.5	51	9	D	1.0	1.5	0	4	4	2.0	1.0	1/8	True	2	44.0	44.0	44.0	44a	3	345/2	False	False				False	68	ii%65		b	i		ii%65		ii	%	65			%7	True	True	(-1, -4, 0, 2)	()	2	-1	minor	minor	i	i, minor	ii		i	i	True	ii%65	ii%65, minor		ii%65, minor		ii	5	5	5	4	4	4	False	False	False
4140.0	12.0	172.5	59	5	B	0.0	1.5	0	4	4	1.0	1.0	1/8	True	2	44.0	44.0	44.0	44a	3	345/2	False	False				False	68	ii%65		b	i		ii%65		ii	%	65			%7	True	True	(-1, -4, 0, 2)	()	2	-1	minor	minor	i	i, minor	ii		i	i	True	ii%65	ii%65, minor		ii%65, minor		ii	5	5	5	0	0	0	True	False	False
4152.0	12.0	173.0	40	4	E	0.0	2.0	2	4	4	2.0	1.0	1/8	True	2	44.0	44.0	44.0	44a	2	173	False	False				False	68	ii%65		b	i		ii%65		ii	%	65			%7	True	True	(-1, -4, 0, 2)	()	2	-1	minor	minor	i	i, minor	ii		i	i	True	ii%65	ii%65, minor		ii%65, minor		ii	5	5	5	-1	-1	-1	True	False	True
4152.0	12.0	173.0	52	4	E	0.0	2.0	2	4	4	2.0	1.0	1/8	True	2	44.0	44.0	44.0	44a	3	173	False	False				False	68	ii%65		b	i		ii%65		ii	%	65			%7	True	True	(-1, -4, 0, 2)	()	2	-1	minor	minor	i	i, minor	ii		i	i	True	ii%65	ii%65, minor		ii%65, minor		ii	5	5	5	-1	-1	-1	True	False	True
4152.0	12.0	173.0	67	1	G	0.0	2.0	2	4	4	1.0	1.0	1/8	True	2	44.0	44.0	44.0	44a	4	173	False	False				False	68	ii%65		b	i		ii%65		ii	%	65			%7	True	True	(-1, -4, 0, 2)	()	2	-1	minor	minor	i	i, minor	ii		i	i	True	ii%65	ii%65, minor		ii%65, minor		ii	5	5	5	-4	-4	-4	True	False	False
4164.0	12.0	173.5	42	6	F	1.0	2.5	0	4	4	2.0	1.0	1/8	True	2	44.0	44.0	44.0	44a	2	347/2	False	False				False	68	ii%65		b	i		ii%65		ii	%	65			%7	True	True	(-1, -4, 0, 2)	()	2	-1	minor	minor	i	i, minor	ii		i	i	True	ii%65	ii%65, minor		ii%65, minor		ii	5	5	5	1	1	1	False	False	False
4164.0	12.0	173.5	54	6	F	1.0	2.5	0	4	4	2.0	1.0	1/8	True	2	44.0	44.0	44.0	44a	3	347/2	False	False				False	68	ii%65		b	i		ii%65		ii	%	65			%7	True	True	(-1, -4, 0, 2)	()	2	-1	minor	minor	i	i, minor	ii		i	i	True	ii%65	ii%65, minor		ii%65, minor		ii	5	5	5	1	1	1	False	False	False
4164.0	12.0	173.5	73	7	C	1.0	2.5	0	4	4	1.0	1.0	1/8	True	2	44.0	44.0	44.0	44a	5	347/2	False	False				False	68	ii%65		b	i		ii%65		ii	%	65			%7	True	True	(-1, -4, 0, 2)	()	2	-1	minor	minor	i	i, minor	ii		i	i	True	ii%65	ii%65, minor		ii%65, minor		ii	5	5	5	2	2	2	True	True	False
4176.0	12.0	174.0	45	3	A	0.0	3.0	3	4	4	2.0	1.0	1/8	True	2	44.0	44.0	44.0	44a	2	174	False	False				False	68	ii%65		b	i		ii%65		ii	%	65			%7	True	True	(-1, -4, 0, 2)	()	2	-1	minor	minor	i	i, minor	ii		i	i	True	ii%65	ii%65, minor		ii%65, minor		ii	5	5	5	-2	-2	-2	False	False	False
4176.0	12.0	174.0	57	3	A	0.0	3.0	3	4	4	2.0	1.0	1/8	True	2	44.0	44.0	44.0	44a	3	174	False	False				False	68	ii%65		b	i		ii%65		ii	%	65			%7	True	True	(-1, -4, 0, 2)	()	2	-1	minor	minor	i	i, minor	ii		i	i	True	ii%65	ii%65, minor		ii%65, minor		ii	5	5	5	-2	-2	-2	False	False	False
4188.0	12.0	174.5	43	1	G	0.0	3.5	0	4	4	2.0	1.0	1/8	True	2	44.0	44.0	44.0	44a	2	349/2	False	False				False	68	ii%65		b	i		ii%65		ii	%	65			%7	True	True	(-1, -4, 0, 2)	()	2	-1	minor	minor	i	i, minor	ii		i	i	True	ii%65	ii%65, minor		ii%65, minor		ii	5	5	5	-4	-4	-4	True	False	False
4188.0	12.0	174.5	55	1	G	0.0	3.5	0	4	4	2.0	1.0	1/8	True	2	44.0	44.0	44.0	44a	3	349/2	False	False				False	68	ii%65		b	i		ii%65		ii	%	65			%7	True	True	(-1, -4, 0, 2)	()	2	-1	minor	minor	i	i, minor	ii		i	i	True	ii%65	ii%65, minor		ii%65, minor		ii	5	5	5	-4	-4	-4	True	False	False
4188.0	12.0	174.5	59	5	B	0.0	3.5	0	4	4	1.0	1.0	1/8	True	2	44.0	44.0	44.0	44a	3	349/2	False	False				False	68	ii%65		b	i		ii%65		ii	%	65			%7	True	True	(-1, -4, 0, 2)	()	2	-1	minor	minor	i	i, minor	ii		i	i	True	ii%65	ii%65, minor		ii%65, minor		ii	5	5	5	0	0	0	True	False	False
4200.0	12.0	175.0	42	6	F	1.0	4.0	4	4	4	2.0	1.0	1/8	True	2	44.0	44.0	44.0	44a	2	175	False	False				False	68	ii%65		b	i		ii%65		ii	%	65			%7	True	True	(-1, -4, 0, 2)	()	2	-1	minor	minor	i	i, minor	ii		i	i	True	ii%65	ii%65, minor		ii%65, minor		ii	5	5	5	1	1	1	False	False	False
4200.0	12.0	175.0	54	6	F	1.0	4.0	4	4	4	2.0	1.0	1/8	True	2	44.0	44.0	44.0	44a	3	175	False	False				False	68	ii%65		b	i		ii%65		ii	%	65			%7	True	True	(-1, -4, 0, 2)	()	2	-1	minor	minor	i	i, minor	ii		i	i	True	ii%65	ii%65, minor		ii%65, minor		ii	5	5	5	1	1	1	False	False	False
4200.0	12.0	175.0	67	1	G	0.0	4.0	4	4	4	1.0	1.0	1/8	True	2	44.0	44.0	44.0	44a	4	175	False	False				False	68	ii%65		b	i		ii%65		ii	%	65			%7	True	True	(-1, -4, 0, 2)	()	2	-1	minor	minor	i	i, minor	ii		i	i	True	ii%65	ii%65, minor		ii%65, minor		ii	5	5	5	-4	-4	-4	True	False	False
4212.0	12.0	175.5	40	4	E	0.0	4.5	0	4	4	2.0	1.0	1/8	True	2	44.0	44.0	44.0	44a	2	351/2	False	False				False	68	ii%65		b	i		ii%65		ii	%	65			%7	True	True	(-1, -4, 0, 2)	()	2	-1	minor	minor	i	i, minor	ii		i	i	True	ii%65	ii%65, minor		ii%65, minor		ii	5	5	5	-1	-1	-1	True	False	True
4212.0	12.0	175.5	52	4	E	0.0	4.5	0	4	4	2.0	1.0	1/8	True	2	44.0	44.0	44.0	44a	3	351/2	False	False				False	68	ii%65		b	i		ii%65		ii	%	65			%7	True	True	(-1, -4, 0, 2)	()	2	-1	minor	minor	i	i, minor	ii		i	i	True	ii%65	ii%65, minor		ii%65, minor		ii	5	5	5	-1	-1	-1	True	False	True
4212.0	12.0	175.5	73	7	C	1.0	4.5	0	4	4	1.0	1.0	1/8	True	2	44.0	44.0	44.0	44a	5	351/2	False	False				False	68	ii%65		b	i		ii%65		ii	%	65			%7	True	True	(-1, -4, 0, 2)	()	2	-1	minor	minor	i	i, minor	ii		i	i	True	ii%65	ii%65, minor		ii%65, minor		ii	5	5	5	2	2	2	True	True	False
4224.0	24.0	176.0	50	2	D	0.0	1.0	1	4	4	2.0	1.0	1/4	True	2	45.0	45.0	45.0	45a	3	176	False	True				False	69	i6	ii%7(2)	b	i		i6		i		6			m	True	True	(-3, 1, 0)	()	0	-3	minor	minor	i	i, minor	i		i	i	True	i6	i6, minor		i6, minor		i	5	5	5	-3	-3	-3	True	False	True
4224.0	24.0	176.0	62	2	D	0.0	1.0	1	4	4	2.0	1.0	1/4	True	2	45.0	45.0	45.0	45a	4	176	False	True				False	69	i6	ii%7(2)	b	i		i6		i		6			m	True	True	(-3, 1, 0)	()	0	-3	minor	minor	i	i, minor	i		i	i	True	i6	i6, minor		i6, minor		i	5	5	5	-3	-3	-3	True	False	True
4236.0	12.0	176.5	59	5	B	0.0	1.5	0	4	4	1.0	1.0	1/8	True	2	45.0	45.0	45.0	45a	3	353/2	False	False				False	69	i6	ii%7(2)	b	i		i6		i		6			m	True	True	(-3, 1, 0)	()	0	-3	minor	minor	i	i, minor	i		i	i	True	i6	i6, minor		i6, minor		i	5	5	5	0	0	0	True	True	False
4248.0	48.0	177.0	49	7	C	1.0	2.0	2	4	4	2.0	1.0	1/2	True	2	45.0	45.0	45.0	45a	3	177	False	True				False	70	ii%7		b	i		ii%7		ii	%	7			%7	True	True	(2, -1, -4, 0)	()	2	2	minor	minor	i	i, minor	ii		i	i	True	ii%7	ii%7, minor		ii%7, minor		ii	5	5	5	2	2	2	True	True	True
4248.0	6.0	177.0	59	5	B	0.0	2.0	2	4	4	1.0	1.0	1/16	False	2	45.0	45.0	45.0	45a	3	177	False	True				False	70	ii%7		b	i		ii%7		ii	%	7			%7	True	True	(2, -1, -4, 0)	()	2	2	minor	minor	i	i, minor	ii		i	i	True	ii%7	ii%7, minor		ii%7, minor		ii	5	5	5	0	0	0	True	False	False
4248.0	48.0	177.0	61	7	C	1.0	2.0	2	4	4	2.0	1.0	1/2	True	2	45.0	45.0	45.0	45a	4	177	False	True				False	70	ii%7		b	i		ii%7		ii	%	7			%7	True	True	(2, -1, -4, 0)	()	2	2	minor	minor	i	i, minor	ii		i	i	True	ii%7	ii%7, minor		ii%7, minor		ii	5	5	5	2	2	2	True	True	True
4254.0	6.0	177.25	64	4	E	0.0	2.25	0	4	4	1.0	1.0	1/16	True	2	45.0	45.0	45.0	45a	4	709/4	False	False				False	70	ii%7		b	i		ii%7		ii	%	7			%7	True	True	(2, -1, -4, 0)	()	2	2	minor	minor	i	i, minor	ii		i	i	True	ii%7	ii%7, minor		ii%7, minor		ii	5	5	5	-1	-1	-1	True	False	False
4254.0	6.0	177.25	67	1	G	0.0	2.25	0	4	4	1.0	1.0	1/16	True	2	45.0	45.0	45.0	45a	4	709/4	False	False				False	70	ii%7		b	i		ii%7		ii	%	7			%7	True	True	(2, -1, -4, 0)	()	2	2	minor	minor	i	i, minor	ii		i	i	True	ii%7	ii%7, minor		ii%7, minor		ii	5	5	5	-4	-4	-4	True	False	False
4260.0	6.0	177.5	73	7	C	1.0	2.5	0	4	4	1.0	1.0	1/16	True	2	45.0	45.0	45.0	45a	5	355/2	False	False				False	70	ii%7		b	i		ii%7		ii	%	7			%7	True	True	(2, -1, -4, 0)	()	2	2	minor	minor	i	i, minor	ii		i	i	True	ii%7	ii%7, minor		ii%7, minor		ii	5	5	5	2	2	2	True	True	True
4266.0	6.0	177.75	71	5	B	0.0	2.75	0	4	4	1.0	1.0	1/16	True	2	45.0	45.0	45.0	45a	4	711/4	False	False				False	70	ii%7		b	i		ii%7		ii	%	7			%7	True	True	(2, -1, -4, 0)	()	2	2	minor	minor	i	i, minor	ii		i	i	True	ii%7	ii%7, minor		ii%7, minor		ii	5	5	5	0	0	0	True	False	False
4266.0	6.0	177.75	71	5	B	0.0	2.75	0	4	4	1.0	2.0	1/16	True	2	45.0	45.0	45.0	45a	4	711/4	False	False				False	70	ii%7		b	i		ii%7		ii	%	7			%7	True	True	(2, -1, -4, 0)	()	2	2	minor	minor	i	i, minor	ii		i	i	True	ii%7	ii%7, minor		ii%7, minor		ii	5	5	5	0	0	0	True	False	False
4272.0	6.0	178.0	76	4	E	0.0	3.0	3	4	4	1.0	1.0	1/16	True	2	45.0	45.0	45.0	45a	5	178	False	False				False	70	ii%7		b	i		ii%7		ii	%	7			%7	True	True	(2, -1, -4, 0)	()	2	2	minor	minor	i	i, minor	ii		i	i	True	ii%7	ii%7, minor		ii%7, minor		ii	5	5	5	-1	-1	-1	True	False	False
4272.0	6.0	178.0	79	1	G	0.0	3.0	3	4	4	1.0	1.0	1/16	True	2	45.0	45.0	45.0	45a	5	178	False	False				False	70	ii%7		b	i		ii%7		ii	%	7			%7	True	True	(2, -1, -4, 0)	()	2	2	minor	minor	i	i, minor	ii		i	i	True	ii%7	ii%7, minor		ii%7, minor		ii	5	5	5	-4	-4	-4	True	False	False
4278.0	6.0	178.25	85	7	C	1.0	3.25	0	4	4	1.0	1.0	1/16	True	2	45.0	45.0	45.0	45a	6	713/4	False	False				False	70	ii%7		b	i		ii%7		ii	%	7			%7	True	True	(2, -1, -4, 0)	()	2	2	minor	minor	i	i, minor	ii		i	i	True	ii%7	ii%7, minor		ii%7, minor		ii	5	5	5	2	2	2	True	True	True
4284.0	6.0	178.5	83	5	B	0.0	3.5	0	4	4	1.0	1.0	1/16	True	2	45.0	45.0	45.0	45a	5	357/2	False	False				False	70	ii%7		b	i		ii%7		ii	%	7			%7	True	True	(2, -1, -4, 0)	()	2	2	minor	minor	i	i, minor	ii		i	i	True	ii%7	ii%7, minor		ii%7, minor		ii	5	5	5	0	0	0	True	False	False
4284.0	6.0	178.5	83	5	B	0.0	3.5	0	4	4	1.0	2.0	1/16	True	2	45.0	45.0	45.0	45a	5	357/2	False	False				False	70	ii%7		b	i		ii%7		ii	%	7			%7	True	True	(2, -1, -4, 0)	()	2	2	minor	minor	i	i, minor	ii		i	i	True	ii%7	ii%7, minor		ii%7, minor		ii	5	5	5	0	0	0	True	False	False
4290.0	6.0	178.75	88	4	E	0.0	3.75	0	4	4	1.0	1.0	1/16	True	2	45.0	45.0	45.0	45a	6	715/4	False	False				False	70	ii%7		b	i		ii%7		ii	%	7			%7	True	True	(2, -1, -4, 0)	()	2	2	minor	minor	i	i, minor	ii		i	i	True	ii%7	ii%7, minor		ii%7, minor		ii	5	5	5	-1	-1	-1	True	False	False
4290.0	6.0	178.75	91	1	G	0.0	3.75	0	4	4	1.0	1.0	1/16	True	2	45.0	45.0	45.0	45a	6	715/4	False	False				False	70	ii%7		b	i		ii%7		ii	%	7			%7	True	True	(2, -1, -4, 0)	()	2	2	minor	minor	i	i, minor	ii		i	i	True	ii%7	ii%7, minor		ii%7, minor		ii	5	5	5	-4	-4	-4	True	False	False
4296.0	12.0	179.0	49	7	C	1.0	4.0	4	4	4	2.0	1.0	1/8	False	2	45.0	45.0	45.0	45a	3	179	False	False				False	70	ii%7		b	i		ii%7		ii	%	7			%7	True	True	(2, -1, -4, 0)	()	2	2	minor	minor	i	i, minor	ii		i	i	True	ii%7	ii%7, minor		ii%7, minor		ii	5	5	5	2	2	2	True	True	True
4296.0	12.0	179.0	61	7	C	1.0	4.0	4	4	4	2.0	1.0	1/8	False	2	45.0	45.0	45.0	45a	4	179	False	False				False	70	ii%7		b	i		ii%7		ii	%	7			%7	True	True	(2, -1, -4, 0)	()	2	2	minor	minor	i	i, minor	ii		i	i	True	ii%7	ii%7, minor		ii%7, minor		ii	5	5	5	2	2	2	True	True	True
4296.0	12.0	179.0	97	7	C	1.0	4.0	4	4	4	1.0	1.0	1/8	True	2	45.0	45.0	45.0	45a	7	179	False	False				False	70	ii%7		b	i		ii%7		ii	%	7			%7	True	True	(2, -1, -4, 0)	()	2	2	minor	minor	i	i, minor	ii		i	i	True	ii%7	ii%7, minor		ii%7, minor		ii	5	5	5	2	2	2	True	True	True
4308.0	12.0	179.5	43	1	G	0.0	4.5	0	4	4	2.0	1.0	1/8	True	2	45.0	45.0	45.0	45a	2	359/2	False	False				False	70	ii%7		b	i		ii%7		ii	%	7			%7	True	True	(2, -1, -4, 0)	()	2	2	minor	minor	i	i, minor	ii		i	i	True	ii%7	ii%7, minor		ii%7, minor		ii	5	5	5	-4	-4	-4	True	False	False
4308.0	12.0	179.5	55	1	G	0.0	4.5	0	4	4	2.0	1.0	1/8	True	2	45.0	45.0	45.0	45a	3	359/2	False	False				False	70	ii%7		b	i		ii%7		ii	%	7			%7	True	True	(2, -1, -4, 0)	()	2	2	minor	minor	i	i, minor	ii		i	i	True	ii%7	ii%7, minor		ii%7, minor		ii	5	5	5	-4	-4	-4	True	False	False
4320.0	24.0	180.0	50	2	D	0.0	1.0	1	4	4	2.0	1.0	1/4	True	2	46.0	46.0	46.0	46a	3	180	False	True				False	71	i6	V7(2)/V	b	i		i6		i		6			m	True	True	(-3, 1, 0)	()	0	-3	minor	minor	i	i, minor	i		i	i	True	i6	i6, minor		i6, minor		i	5	5	5	-3	-3	-3	True	False	True
4320.0	24.0	180.0	62	2	D	0.0	1.0	1	4	4	2.0	1.0	1/4	True	2	46.0	46.0	46.0	46a	4	180	False	True				False	71	i6	V7(2)/V	b	i		i6		i		6			m	True	True	(-3, 1, 0)	()	0	-3	minor	minor	i	i, minor	i		i	i	True	i6	i6, minor		i6, minor		i	5	5	5	-3	-3	-3	True	False	True
4332.0	12.0	180.5	59	5	B	0.0	1.5	0	4	4	1.0	1.0	1/8	True	2	46.0	46.0	46.0	46a	3	361/2	False	False				False	71	i6	V7(2)/V	b	i		i6		i		6			m	True	True	(-3, 1, 0)	()	0	-3	minor	minor	i	i, minor	i		i	i	True	i6	i6, minor		i6, minor		i	5	5	5	0	0	0	True	True	False
4344.0	48.0	181.0	49	7	C	1.0	2.0	2	4	4	2.0	1.0	1/2	True	2	46.0	46.0	46.0	46a	3	181	False	True				False	72	V7/V		b	i		V7/V		V		7		V	Mm7	True	True	(2, 6, 3, 0)	()	2	2	minor	minor	i	i, minor	V/V	V	V/i	V	False	V7/V	V7/V, minor		V7/V, minor	V	V	5	5	6	2	2	1	True	True	True
4344.0	6.0	181.0	59	5	B	0.0	2.0	2	4	4	1.0	1.0	1/16	False	2	46.0	46.0	46.0	46a	3	181	False	True				False	72	V7/V		b	i		V7/V		V		7		V	Mm7	True	True	(2, 6, 3, 0)	()	2	2	minor	minor	i	i, minor	V/V	V	V/i	V	False	V7/V	V7/V, minor		V7/V, minor	V	V	5	5	6	0	0	-1	True	False	False
4344.0	48.0	181.0	61	7	C	1.0	2.0	2	4	4	2.0	1.0	1/2	True	2	46.0	46.0	46.0	46a	4	181	False	True				False	72	V7/V		b	i		V7/V		V		7		V	Mm7	True	True	(2, 6, 3, 0)	()	2	2	minor	minor	i	i, minor	V/V	V	V/i	V	False	V7/V	V7/V, minor		V7/V, minor	V	V	5	5	6	2	2	1	True	True	True
4350.0	6.0	181.25	65	11	E	1.0	2.25	0	4	4	1.0	1.0	1/16	True	2	46.0	46.0	46.0	46a	4	725/4	False	False				False	72	V7/V		b	i		V7/V		V		7		V	Mm7	True	True	(2, 6, 3, 0)	()	2	2	minor	minor	i	i, minor	V/V	V	V/i	V	False	V7/V	V7/V, minor		V7/V, minor	V	V	5	5	6	6	6	5	True	False	False
4350.0	6.0	181.25	68	8	G	1.0	2.25	0	4	4	1.0	1.0	1/16	True	2	46.0	46.0	46.0	46a	4	725/4	False	False				False	72	V7/V		b	i		V7/V		V		7		V	Mm7	True	True	(2, 6, 3, 0)	()	2	2	minor	minor	i	i, minor	V/V	V	V/i	V	False	V7/V	V7/V, minor		V7/V, minor	V	V	5	5	6	3	3	2	True	False	False
4356.0	6.0	181.5	73	7	C	1.0	2.5	0	4	4	1.0	1.0	1/16	True	2	46.0	46.0	46.0	46a	5	363/2	False	False				False	72	V7/V		b	i		V7/V		V		7		V	Mm7	True	True	(2, 6, 3, 0)	()	2	2	minor	minor	i	i, minor	V/V	V	V/i	V	False	V7/V	V7/V, minor		V7/V, minor	V	V	5	5	6	2	2	1	True	True	True
4362.0	6.0	181.75	71	5	B	0.0	2.75	0	4	4	1.0	1.0	1/16	True	2	46.0	46.0	46.0	46a	4	727/4	False	False				False	72	V7/V		b	i		V7/V		V		7		V	Mm7	True	True	(2, 6, 3, 0)	()	2	2	minor	minor	i	i, minor	V/V	V	V/i	V	False	V7/V	V7/V, minor		V7/V, minor	V	V	5	5	6	0	0	-1	True	False	False
4362.0	6.0	181.75	71	5	B	0.0	2.75	0	4	4	1.0	2.0	1/16	True	2	46.0	46.0	46.0	46a	4	727/4	False	False				False	72	V7/V		b	i		V7/V		V		7		V	Mm7	True	True	(2, 6, 3, 0)	()	2	2	minor	minor	i	i, minor	V/V	V	V/i	V	False	V7/V	V7/V, minor		V7/V, minor	V	V	5	5	6	0	0	-1	True	False	False
4368.0	6.0	182.0	77	11	E	1.0	3.0	3	4	4	1.0	1.0	1/16	True	2	46.0	46.0	46.0	46a	5	182	False	False				False	72	V7/V		b	i		V7/V		V		7		V	Mm7	True	True	(2, 6, 3, 0)	()	2	2	minor	minor	i	i, minor	V/V	V	V/i	V	False	V7/V	V7/V, minor		V7/V, minor	V	V	5	5	6	6	6	5	True	False	False
4368.0	6.0	182.0	80	8	G	1.0	3.0	3	4	4	1.0	1.0	1/16	True	2	46.0	46.0	46.0	46a	5	182	False	False				False	72	V7/V		b	i		V7/V		V		7		V	Mm7	True	True	(2, 6, 3, 0)	()	2	2	minor	minor	i	i, minor	V/V	V	V/i	V	False	V7/V	V7/V, minor		V7/V, minor	V	V	5	5	6	3	3	2	True	False	False
4374.0	6.0	182.25	85	7	C	1.0	3.25	0	4	4	1.0	1.0	1/16	True	2	46.0	46.0	46.0	46a	6	729/4	False	False				False	72	V7/V		b	i		V7/V		V		7		V	Mm7	True	True	(2, 6, 3, 0)	()	2	2	minor	minor	i	i, minor	V/V	V	V/i	V	False	V7/V	V7/V, minor		V7/V, minor	V	V	5	5	6	2	2	1	True	True	True
4380.0	6.0	182.5	83	5	B	0.0	3.5	0	4	4	1.0	1.0	1/16	True	2	46.0	46.0	46.0	46a	5	365/2	False	False				False	72	V7/V		b	i		V7/V		V		7		V	Mm7	True	True	(2, 6, 3, 0)	()	2	2	minor	minor	i	i, minor	V/V	V	V/i	V	False	V7/V	V7/V, minor		V7/V, minor	V	V	5	5	6	0	0	-1	True	False	False
4380.0	6.0	182.5	83	5	B	0.0	3.5	0	4	4	1.0	2.0	1/16	True	2	46.0	46.0	46.0	46a	5	365/2	False	False				False	72	V7/V		b	i		V7/V		V		7		V	Mm7	True	True	(2, 6, 3, 0)	()	2	2	minor	minor	i	i, minor	V/V	V	V/i	V	False	V7/V	V7/V, minor		V7/V, minor	V	V	5	5	6	0	0	-1	True	False	False
4386.0	6.0	182.75	89	11	E	1.0	3.75	0	4	4	1.0	1.0	1/16	True	2	46.0	46.0	46.0	46a	6	731/4	False	False				False	72	V7/V		b	i		V7/V		V		7		V	Mm7	True	True	(2, 6, 3, 0)	()	2	2	minor	minor	i	i, minor	V/V	V	V/i	V	False	V7/V	V7/V, minor		V7/V, minor	V	V	5	5	6	6	6	5	True	False	False
4386.0	6.0	182.75	92	8	G	1.0	3.75	0	4	4	1.0	1.0	1/16	True	2	46.0	46.0	46.0	46a	6	731/4	False	False				False	72	V7/V		b	i		V7/V		V		7		V	Mm7	True	True	(2, 6, 3, 0)	()	2	2	minor	minor	i	i, minor	V/V	V	V/i	V	False	V7/V	V7/V, minor		V7/V, minor	V	V	5	5	6	3	3	2	True	False	False
4392.0	12.0	183.0	49	7	C	1.0	4.0	4	4	4	2.0	1.0	1/8	False	2	46.0	46.0	46.0	46a	3	183	False	False				False	72	V7/V		b	i		V7/V		V		7		V	Mm7	True	True	(2, 6, 3, 0)	()	2	2	minor	minor	i	i, minor	V/V	V	V/i	V	False	V7/V	V7/V, minor		V7/V, minor	V	V	5	5	6	2	2	1	True	True	True
4392.0	12.0	183.0	61	7	C	1.0	4.0	4	4	4	2.0	1.0	1/8	False	2	46.0	46.0	46.0	46a	4	183	False	False				False	72	V7/V		b	i		V7/V		V		7		V	Mm7	True	True	(2, 6, 3, 0)	()	2	2	minor	minor	i	i, minor	V/V	V	V/i	V	False	V7/V	V7/V, minor		V7/V, minor	V	V	5	5	6	2	2	1	True	True	True
4392.0	12.0	183.0	97	7	C	1.0	4.0	4	4	4	1.0	1.0	1/8	True	2	46.0	46.0	46.0	46a	7	183	False	False				False	72	V7/V		b	i		V7/V		V		7		V	Mm7	True	True	(2, 6, 3, 0)	()	2	2	minor	minor	i	i, minor	V/V	V	V/i	V	False	V7/V	V7/V, minor		V7/V, minor	V	V	5	5	6	2	2	1	True	True	True
4404.0	12.0	183.5	62	2	D	0.0	4.5	0	4	4	2.0	1.0	1/8	True	2	46.0	46.0	46.0	46a	4	367/2	False	True				False	73	viio2/V		b	i		viio2/V		vii	o	2		V	o7	True	True	(-3, 6, 3, 0)	()	6	-3	minor	minor	i	i, minor	vii/V	V	V/i	V	False	viio2/V	viio2/V, minor		viio2/V, minor	V	V	5	5	6	-3	-3	-4	True	False	True
4404.0	12.0	183.5	65	11	E	1.0	4.5	0	4	4	2.0	1.0	1/8	True	2	46.0	46.0	46.0	46a	4	367/2	False	True				False	73	viio2/V		b	i		viio2/V		vii	o	2		V	o7	True	True	(-3, 6, 3, 0)	()	6	-3	minor	minor	i	i, minor	vii/V	V	V/i	V	False	viio2/V	viio2/V, minor		viio2/V, minor	V	V	5	5	6	6	6	5	True	True	False
4404.0	12.0	183.5	68	8	G	1.0	4.5	0	4	4	2.0	1.0	1/8	True	2	46.0	46.0	46.0	46a	4	367/2	False	True				False	73	viio2/V		b	i		viio2/V		vii	o	2		V	o7	True	True	(-3, 6, 3, 0)	()	6	-3	minor	minor	i	i, minor	vii/V	V	V/i	V	False	viio2/V	viio2/V, minor		viio2/V, minor	V	V	5	5	6	3	3	2	True	False	False
4404.0	12.0	183.5	74	2	D	0.0	4.5	0	4	4	2.0	1.0	1/8	True	2	46.0	46.0	46.0	46a	5	367/2	False	True				False	73	viio2/V		b	i		viio2/V		vii	o	2		V	o7	True	True	(-3, 6, 3, 0)	()	6	-3	minor	minor	i	i, minor	vii/V	V	V/i	V	False	viio2/V	viio2/V, minor		viio2/V, minor	V	V	5	5	6	-3	-3	-4	True	False	True
4416.0	12.0	184.0	62	2	D	0.0	1.0	1	4	4	2.0	1.0	1/8	False	2	47.0	47.0	47.0	47a	4	184	False	False				False	73	viio2/V		b	i		viio2/V		vii	o	2		V	o7	True	True	(-3, 6, 3, 0)	()	6	-3	minor	minor	i	i, minor	vii/V	V	V/i	V	False	viio2/V	viio2/V, minor		viio2/V, minor	V	V	5	5	6	-3	-3	-4	True	False	True
4416.0	12.0	184.0	65	11	E	1.0	1.0	1	4	4	2.0	1.0	1/8	False	2	47.0	47.0	47.0	47a	4	184	False	False				False	73	viio2/V		b	i		viio2/V		vii	o	2		V	o7	True	True	(-3, 6, 3, 0)	()	6	-3	minor	minor	i	i, minor	vii/V	V	V/i	V	False	viio2/V	viio2/V, minor		viio2/V, minor	V	V	5	5	6	6	6	5	True	True	False
4416.0	12.0	184.0	68	8	G	1.0	1.0	1	4	4	2.0	1.0	1/8	False	2	47.0	47.0	47.0	47a	4	184	False	False				False	73	viio2/V		b	i		viio2/V		vii	o	2		V	o7	True	True	(-3, 6, 3, 0)	()	6	-3	minor	minor	i	i, minor	vii/V	V	V/i	V	False	viio2/V	viio2/V, minor		viio2/V, minor	V	V	5	5	6	3	3	2	True	False	False
4416.0	12.0	184.0	74	2	D	0.0	1.0	1	4	4	2.0	1.0	1/8	False	2	47.0	47.0	47.0	47a	5	184	False	False				False	73	viio2/V		b	i		viio2/V		vii	o	2		V	o7	True	True	(-3, 6, 3, 0)	()	6	-3	minor	minor	i	i, minor	vii/V	V	V/i	V	False	viio2/V	viio2/V, minor		viio2/V, minor	V	V	5	5	6	-3	-3	-4	True	False	True
4428.0	12.0	184.5	61	7	C	1.0	1.5	0	4	4	2.0	1.0	1/8	True	2	47.0	47.0	47.0	47a	4	369/2	False	False				False	73	viio2/V		b	i		viio2/V		vii	o	2		V	o7	True	True	(-3, 6, 3, 0)	()	6	-3	minor	minor	i	i, minor	vii/V	V	V/i	V	False	viio2/V	viio2/V, minor		viio2/V, minor	V	V	5	5	6	2	2	1	False	False	False
4428.0	12.0	184.5	73	7	C	1.0	1.5	0	4	4	2.0	1.0	1/8	True	2	47.0	47.0	47.0	47a	5	369/2	False	False				False	73	viio2/V		b	i		viio2/V		vii	o	2		V	o7	True	True	(-3, 6, 3, 0)	()	6	-3	minor	minor	i	i, minor	vii/V	V	V/i	V	False	viio2/V	viio2/V, minor		viio2/V, minor	V	V	5	5	6	2	2	1	False	False	False
4440.0	12.0	185.0	60	0	C	0.0	2.0	2	4	4	2.0	1.0	1/8	True	2	47.0	47.0	47.0	47a	4	185	False	False				False	73	viio2/V		b	i		viio2/V		vii	o	2		V	o7	True	True	(-3, 6, 3, 0)	()	6	-3	minor	minor	i	i, minor	vii/V	V	V/i	V	False	viio2/V	viio2/V, minor		viio2/V, minor	V	V	5	5	6	-5	-5	-6	False	False	False
4440.0	12.0	185.0	72	0	C	0.0	2.0	2	4	4	2.0	1.0	1/8	True	2	47.0	47.0	47.0	47a	5	185	False	False				False	73	viio2/V		b	i		viio2/V		vii	o	2		V	o7	True	True	(-3, 6, 3, 0)	()	6	-3	minor	minor	i	i, minor	vii/V	V	V/i	V	False	viio2/V	viio2/V, minor		viio2/V, minor	V	V	5	5	6	-5	-5	-6	False	False	False
4452.0	12.0	185.5	59	5	B	0.0	2.5	0	4	4	2.0	1.0	1/8	True	2	47.0	47.0	47.0	47a	3	371/2	False	False				False	73	viio2/V		b	i		viio2/V		vii	o	2		V	o7	True	True	(-3, 6, 3, 0)	()	6	-3	minor	minor	i	i, minor	vii/V	V	V/i	V	False	viio2/V	viio2/V, minor		viio2/V, minor	V	V	5	5	6	0	0	-1	True	False	False
4452.0	12.0	185.5	71	5	B	0.0	2.5	0	4	4	2.0	1.0	1/8	True	2	47.0	47.0	47.0	47a	4	371/2	False	False				False	73	viio2/V		b	i		viio2/V		vii	o	2		V	o7	True	True	(-3, 6, 3, 0)	()	6	-3	minor	minor	i	i, minor	vii/V	V	V/i	V	False	viio2/V	viio2/V, minor		viio2/V, minor	V	V	5	5	6	0	0	-1	True	False	False
4464.0	12.0	186.0	56	8	G	1.0	3.0	3	4	4	2.0	1.0	1/8	True	2	47.0	47.0	47.0	47a	3	186	False	False				False	73	viio2/V		b	i		viio2/V		vii	o	2		V	o7	True	True	(-3, 6, 3, 0)	()	6	-3	minor	minor	i	i, minor	vii/V	V	V/i	V	False	viio2/V	viio2/V, minor		viio2/V, minor	V	V	5	5	6	3	3	2	True	False	False
4464.0	12.0	186.0	68	8	G	1.0	3.0	3	4	4	1.0	1.0	1/8	True	2	47.0	47.0	47.0	47a	4	186	False	False				False	73	viio2/V		b	i		viio2/V		vii	o	2		V	o7	True	True	(-3, 6, 3, 0)	()	6	-3	minor	minor	i	i, minor	vii/V	V	V/i	V	False	viio2/V	viio2/V, minor		viio2/V, minor	V	V	5	5	6	3	3	2	True	False	False
4476.0	12.0	186.5	55	1	G	0.0	3.5	0	4	4	2.0	1.0	1/8	True	2	47.0	47.0	47.0	47a	3	373/2	False	False				False	73	viio2/V		b	i		viio2/V		vii	o	2		V	o7	True	True	(-3, 6, 3, 0)	()	6	-3	minor	minor	i	i, minor	vii/V	V	V/i	V	False	viio2/V	viio2/V, minor		viio2/V, minor	V	V	5	5	6	-4	-4	-5	False	False	False
4476.0	12.0	186.5	67	1	G	0.0	3.5	0	4	4	1.0	1.0	1/8	True	2	47.0	47.0	47.0	47a	4	373/2	False	False				False	73	viio2/V		b	i		viio2/V		vii	o	2		V	o7	True	True	(-3, 6, 3, 0)	()	6	-3	minor	minor	i	i, minor	vii/V	V	V/i	V	False	viio2/V	viio2/V, minor		viio2/V, minor	V	V	5	5	6	-4	-4	-5	False	False	False
4488.0	12.0	187.0	54	6	F	1.0	4.0	4	4	4	2.0	1.0	1/8	True	2	47.0	47.0	47.0	47a	3	187	False	False				False	73	viio2/V		b	i		viio2/V		vii	o	2		V	o7	True	True	(-3, 6, 3, 0)	()	6	-3	minor	minor	i	i, minor	vii/V	V	V/i	V	False	viio2/V	viio2/V, minor		viio2/V, minor	V	V	5	5	6	1	1	0	False	False	False
4488.0	12.0	187.0	66	6	F	1.0	4.0	4	4	4	1.0	1.0	1/8	True	2	47.0	47.0	47.0	47a	4	187	False	False				False	73	viio2/V		b	i		viio2/V		vii	o	2		V	o7	True	True	(-3, 6, 3, 0)	()	6	-3	minor	minor	i	i, minor	vii/V	V	V/i	V	False	viio2/V	viio2/V, minor		viio2/V, minor	V	V	5	5	6	1	1	0	False	False	False
4500.0	12.0	187.5	53	11	E	1.0	4.5	0	4	4	2.0	1.0	1/8	True	2	47.0	47.0	47.0	47a	3	375/2	False	False				False	73	viio2/V		b	i		viio2/V		vii	o	2		V	o7	True	True	(-3, 6, 3, 0)	()	6	-3	minor	minor	i	i, minor	vii/V	V	V/i	V	False	viio2/V	viio2/V, minor		viio2/V, minor	V	V	5	5	6	6	6	5	True	True	False
4500.0	12.0	187.5	65	11	E	1.0	4.5	0	4	4	1.0	1.0	1/8	True	2	47.0	47.0	47.0	47a	4	375/2	False	False				False	73	viio2/V		b	i		viio2/V		vii	o	2		V	o7	True	True	(-3, 6, 3, 0)	()	6	-3	minor	minor	i	i, minor	vii/V	V	V/i	V	False	viio2/V	viio2/V, minor		viio2/V, minor	V	V	5	5	6	6	6	5	True	True	False
4512.0	12.0	188.0	50	2	D	0.0	1.0	1	4	4	2.0	1.0	1/8	True	2	48.0	48.0	48.0	48a	3	188	False	False				False	73	viio2/V		b	i		viio2/V		vii	o	2		V	o7	True	True	(-3, 6, 3, 0)	()	6	-3	minor	minor	i	i, minor	vii/V	V	V/i	V	False	viio2/V	viio2/V, minor		viio2/V, minor	V	V	5	5	6	-3	-3	-4	True	False	True
4512.0	12.0	188.0	62	2	D	0.0	1.0	1	4	4	2.0	1.0	1/8	True	2	48.0	48.0	48.0	48a	4	188	False	False				False	73	viio2/V		b	i		viio2/V		vii	o	2		V	o7	True	True	(-3, 6, 3, 0)	()	6	-3	minor	minor	i	i, minor	vii/V	V	V/i	V	False	viio2/V	viio2/V, minor		viio2/V, minor	V	V	5	5	6	-3	-3	-4	True	False	True
4524.0	12.0	188.5	49	7	C	1.0	1.5	0	4	4	2.0	1.0	1/8	True	2	48.0	48.0	48.0	48a	3	377/2	False	False				False	73	viio2/V		b	i		viio2/V		vii	o	2		V	o7	True	True	(-3, 6, 3, 0)	()	6	-3	minor	minor	i	i, minor	vii/V	V	V/i	V	False	viio2/V	viio2/V, minor		viio2/V, minor	V	V	5	5	6	2	2	1	False	False	False
4524.0	12.0	188.5	61	7	C	1.0	1.5	0	4	4	2.0	1.0	1/8	True	2	48.0	48.0	48.0	48a	4	377/2	False	False				False	73	viio2/V		b	i		viio2/V		vii	o	2		V	o7	True	True	(-3, 6, 3, 0)	()	6	-3	minor	minor	i	i, minor	vii/V	V	V/i	V	False	viio2/V	viio2/V, minor		viio2/V, minor	V	V	5	5	6	2	2	1	False	False	False
4536.0	12.0	189.0	48	0	C	0.0	2.0	2	4	4	2.0	1.0	1/8	True	2	48.0	48.0	48.0	48a	3	189	False	False				False	73	viio2/V		b	i		viio2/V		vii	o	2		V	o7	True	True	(-3, 6, 3, 0)	()	6	-3	minor	minor	i	i, minor	vii/V	V	V/i	V	False	viio2/V	viio2/V, minor		viio2/V, minor	V	V	5	5	6	-5	-5	-6	False	False	False
4536.0	12.0	189.0	60	0	C	0.0	2.0	2	4	4	2.0	1.0	1/8	True	2	48.0	48.0	48.0	48a	4	189	False	False				False	73	viio2/V		b	i		viio2/V		vii	o	2		V	o7	True	True	(-3, 6, 3, 0)	()	6	-3	minor	minor	i	i, minor	vii/V	V	V/i	V	False	viio2/V	viio2/V, minor		viio2/V, minor	V	V	5	5	6	-5	-5	-6	False	False	False
4548.0	12.0	189.5	47	5	B	0.0	2.5	0	4	4	2.0	1.0	1/8	True	2	48.0	48.0	48.0	48a	2	379/2	False	False				False	73	viio2/V		b	i		viio2/V		vii	o	2		V	o7	True	True	(-3, 6, 3, 0)	()	6	-3	minor	minor	i	i, minor	vii/V	V	V/i	V	False	viio2/V	viio2/V, minor		viio2/V, minor	V	V	5	5	6	0	0	-1	True	False	False
4548.0	12.0	189.5	59	5	B	0.0	2.5	0	4	4	2.0	1.0	1/8	True	2	48.0	48.0	48.0	48a	3	379/2	False	False				False	73	viio2/V		b	i		viio2/V		vii	o	2		V	o7	True	True	(-3, 6, 3, 0)	()	6	-3	minor	minor	i	i, minor	vii/V	V	V/i	V	False	viio2/V	viio2/V, minor		viio2/V, minor	V	V	5	5	6	0	0	-1	True	False	False
4560.0	36.0	190.0	44	8	G	1.0	3.0	3	4	4	2.0	1.0	3/8	True	2	48.0	48.0	48.0	48a	2	190	False	False				False	73	viio2/V		b	i		viio2/V		vii	o	2		V	o7	True	True	(-3, 6, 3, 0)	()	6	-3	minor	minor	i	i, minor	vii/V	V	V/i	V	False	viio2/V	viio2/V, minor		viio2/V, minor	V	V	5	5	6	3	3	2	True	False	False
4560.0	36.0	190.0	56	8	G	1.0	3.0	3	4	4	2.0	1.0	3/8	True	2	48.0	48.0	48.0	48a	3	190	False	False				False	73	viio2/V		b	i		viio2/V		vii	o	2		V	o7	True	True	(-3, 6, 3, 0)	()	6	-3	minor	minor	i	i, minor	vii/V	V	V/i	V	False	viio2/V	viio2/V, minor		viio2/V, minor	V	V	5	5	6	3	3	2	True	False	False
4596.0	12.0	191.5	43	1	G	0.0	4.5	0	4	4	2.0	1.0	1/8	True	2	48.0	48.0	48.0	48a	2	383/2	False	False				False	73	viio2/V		b	i		viio2/V		vii	o	2		V	o7	True	True	(-3, 6, 3, 0)	()	6	-3	minor	minor	i	i, minor	vii/V	V	V/i	V	False	viio2/V	viio2/V, minor		viio2/V, minor	V	V	5	5	6	-4	-4	-5	False	False	False
4596.0	12.0	191.5	55	1	G	0.0	4.5	0	4	4	2.0	1.0	1/8	True	2	48.0	48.0	48.0	48a	3	383/2	False	False				False	73	viio2/V		b	i		viio2/V		vii	o	2		V	o7	True	True	(-3, 6, 3, 0)	()	6	-3	minor	minor	i	i, minor	vii/V	V	V/i	V	False	viio2/V	viio2/V, minor		viio2/V, minor	V	V	5	5	6	-4	-4	-5	False	False	False
4632.0	24.0	193.0	55	1	G	0.0	2.0	2	4	4	2.0	1.0	1/4	True	2	49.0	49.0	49.0	49a	3	193	False	True			}	True	74	#viio2}		b	i		#viio2		#vii	o	2			o7	True	True	(-4, 5, 2, -1)	()	5	-4	minor	minor	i	i, minor	#vii		i	i	True	#viio2	#viio2, minor		#viio2, minor		#vii	5	5	5	-4	-4	-4	True	False	True
4632.0	24.0	193.0	58	10	A	1.0	2.0	2	4	4	2.0	1.0	1/4	True	2	49.0	49.0	49.0	49a	3	193	False	True			}	True	74	#viio2}		b	i		#viio2		#vii	o	2			o7	True	True	(-4, 5, 2, -1)	()	5	-4	minor	minor	i	i, minor	#vii		i	i	True	#viio2	#viio2, minor		#viio2, minor		#vii	5	5	5	5	5	5	True	True	False
4632.0	24.0	193.0	61	7	C	1.0	2.0	2	4	4	2.0	1.0	1/4	True	2	49.0	49.0	49.0	49a	4	193	False	True			}	True	74	#viio2}		b	i		#viio2		#vii	o	2			o7	True	True	(-4, 5, 2, -1)	()	5	-4	minor	minor	i	i, minor	#vii		i	i	True	#viio2	#viio2, minor		#viio2, minor		#vii	5	5	5	2	2	2	True	False	False
4632.0	24.0	193.0	67	1	G	0.0	2.0	2	4	4	1.0	1.0	1/4	True	2	49.0	49.0	49.0	49a	4	193	False	True			}	True	74	#viio2}		b	i		#viio2		#vii	o	2			o7	True	True	(-4, 5, 2, -1)	()	5	-4	minor	minor	i	i, minor	#vii		i	i	True	#viio2	#viio2, minor		#viio2, minor		#vii	5	5	5	-4	-4	-4	True	False	True
4656.0	12.0	194.0	55	1	G	0.0	3.0	3	4	4	2.0	1.0	1/8	False	2	49.0	49.0	49.0	49a	3	194	False	False				False	74	#viio2}		b	i		#viio2		#vii	o	2			o7	True	True	(-4, 5, 2, -1)	()	5	-4	minor	minor	i	i, minor	#vii		i	i	True	#viio2	#viio2, minor		#viio2, minor		#vii	5	5	5	-4	-4	-4	True	False	True
4656.0	12.0	194.0	58	10	A	1.0	3.0	3	4	4	2.0	1.0	1/8	False	2	49.0	49.0	49.0	49a	3	194	False	False				False	74	#viio2}		b	i		#viio2		#vii	o	2			o7	True	True	(-4, 5, 2, -1)	()	5	-4	minor	minor	i	i, minor	#vii		i	i	True	#viio2	#viio2, minor		#viio2, minor		#vii	5	5	5	5	5	5	True	True	False
4656.0	12.0	194.0	61	7	C	1.0	3.0	3	4	4	2.0	1.0	1/8	False	2	49.0	49.0	49.0	49a	4	194	False	False				False	74	#viio2}		b	i		#viio2		#vii	o	2			o7	True	True	(-4, 5, 2, -1)	()	5	-4	minor	minor	i	i, minor	#vii		i	i	True	#viio2	#viio2, minor		#viio2, minor		#vii	5	5	5	2	2	2	True	False	False
4656.0	12.0	194.0	67	1	G	0.0	3.0	3	4	4	1.0	1.0	1/8	False	2	49.0	49.0	49.0	49a	4	194	False	False				False	74	#viio2}		b	i		#viio2		#vii	o	2			o7	True	True	(-4, 5, 2, -1)	()	5	-4	minor	minor	i	i, minor	#vii		i	i	True	#viio2	#viio2, minor		#viio2, minor		#vii	5	5	5	-4	-4	-4	True	False	True
4668.0	12.0	194.5	54	6	F	1.0	3.5	0	4	4	2.0	1.0	1/8	True	2	49.0	49.0	49.0	49a	3	389/2	False	False				False	74	#viio2}		b	i		#viio2		#vii	o	2			o7	True	True	(-4, 5, 2, -1)	()	5	-4	minor	minor	i	i, minor	#vii		i	i	True	#viio2	#viio2, minor		#viio2, minor		#vii	5	5	5	1	1	1	False	False	False
4668.0	12.0	194.5	66	6	F	1.0	3.5	0	4	4	1.0	1.0	1/8	True	2	49.0	49.0	49.0	49a	4	389/2	False	False				False	74	#viio2}		b	i		#viio2		#vii	o	2			o7	True	True	(-4, 5, 2, -1)	()	5	-4	minor	minor	i	i, minor	#vii		i	i	True	#viio2	#viio2, minor		#viio2, minor		#vii	5	5	5	1	1	1	False	False	False
4680.0	12.0	195.0	53	-1	F	0.0	4.0	4	4	4	2.0	1.0	1/8	True	2	49.0	49.0	49.0	49a	3	195	False	False				False	74	#viio2}		b	i		#viio2		#vii	o	2			o7	True	True	(-4, 5, 2, -1)	()	5	-4	minor	minor	i	i, minor	#vii		i	i	True	#viio2	#viio2, minor		#viio2, minor		#vii	5	5	5	-6	-6	-6	False	False	False
4680.0	12.0	195.0	65	-1	F	0.0	4.0	4	4	4	1.0	1.0	1/8	True	2	49.0	49.0	49.0	49a	4	195	False	False				False	74	#viio2}		b	i		#viio2		#vii	o	2			o7	True	True	(-4, 5, 2, -1)	()	5	-4	minor	minor	i	i, minor	#vii		i	i	True	#viio2	#viio2, minor		#viio2, minor		#vii	5	5	5	-6	-6	-6	False	False	False
4692.0	12.0	195.5	52	4	E	0.0	4.5	0	4	4	2.0	1.0	1/8	True	2	49.0	49.0	49.0	49a	3	391/2	False	False				False	74	#viio2}		b	i		#viio2		#vii	o	2			o7	True	True	(-4, 5, 2, -1)	()	5	-4	minor	minor	i	i, minor	#vii		i	i	True	#viio2	#viio2, minor		#viio2, minor		#vii	5	5	5	-1	-1	-1	True	False	False
4692.0	12.0	195.5	64	4	E	0.0	4.5	0	4	4	1.0	1.0	1/8	True	2	49.0	49.0	49.0	49a	4	391/2	False	False				False	74	#viio2}		b	i		#viio2		#vii	o	2			o7	True	True	(-4, 5, 2, -1)	()	5	-4	minor	minor	i	i, minor	#vii		i	i	True	#viio2	#viio2, minor		#viio2, minor		#vii	5	5	5	-1	-1	-1	True	False	False
4704.0	12.0	196.0	49	7	C	1.0	1.0	1	4	4	2.0	1.0	1/8	True	2	50.0	50.0	50.0	50a	3	196	False	False				False	74	#viio2}		b	i		#viio2		#vii	o	2			o7	True	True	(-4, 5, 2, -1)	()	5	-4	minor	minor	i	i, minor	#vii		i	i	True	#viio2	#viio2, minor		#viio2, minor		#vii	5	5	5	2	2	2	True	False	False
4704.0	12.0	196.0	61	7	C	1.0	1.0	1	4	4	2.0	1.0	1/8	True	2	50.0	50.0	50.0	50a	4	196	False	False				False	74	#viio2}		b	i		#viio2		#vii	o	2			o7	True	True	(-4, 5, 2, -1)	()	5	-4	minor	minor	i	i, minor	#vii		i	i	True	#viio2	#viio2, minor		#viio2, minor		#vii	5	5	5	2	2	2	True	False	False
4716.0	12.0	196.5	48	0	C	0.0	1.5	0	4	4	2.0	1.0	1/8	True	2	50.0	50.0	50.0	50a	3	393/2	False	False				False	74	#viio2}		b	i		#viio2		#vii	o	2			o7	True	True	(-4, 5, 2, -1)	()	5	-4	minor	minor	i	i, minor	#vii		i	i	True	#viio2	#viio2, minor		#viio2, minor		#vii	5	5	5	-5	-5	-5	False	False	False
4716.0	12.0	196.5	60	0	C	0.0	1.5	0	4	4	2.0	1.0	1/8	True	2	50.0	50.0	50.0	50a	4	393/2	False	False				False	74	#viio2}		b	i		#viio2		#vii	o	2			o7	True	True	(-4, 5, 2, -1)	()	5	-4	minor	minor	i	i, minor	#vii		i	i	True	#viio2	#viio2, minor		#viio2, minor		#vii	5	5	5	-5	-5	-5	False	False	False
4728.0	12.0	197.0	47	5	B	0.0	2.0	2	4	4	2.0	1.0	1/8	True	2	50.0	50.0	50.0	50a	2	197	False	False				False	74	#viio2}		b	i		#viio2		#vii	o	2			o7	True	True	(-4, 5, 2, -1)	()	5	-4	minor	minor	i	i, minor	#vii		i	i	True	#viio2	#viio2, minor		#viio2, minor		#vii	5	5	5	0	0	0	False	False	False
4728.0	12.0	197.0	59	5	B	0.0	2.0	2	4	4	2.0	1.0	1/8	True	2	50.0	50.0	50.0	50a	3	197	False	False				False	74	#viio2}		b	i		#viio2		#vii	o	2			o7	True	True	(-4, 5, 2, -1)	()	5	-4	minor	minor	i	i, minor	#vii		i	i	True	#viio2	#viio2, minor		#viio2, minor		#vii	5	5	5	0	0	0	False	False	False
4740.0	12.0	197.5	46	10	A	1.0	2.5	0	4	4	2.0	1.0	1/8	True	2	50.0	50.0	50.0	50a	2	395/2	False	False				False	74	#viio2}		b	i		#viio2		#vii	o	2			o7	True	True	(-4, 5, 2, -1)	()	5	-4	minor	minor	i	i, minor	#vii		i	i	True	#viio2	#viio2, minor		#viio2, minor		#vii	5	5	5	5	5	5	True	True	False
4740.0	12.0	197.5	58	10	A	1.0	2.5	0	4	4	2.0	1.0	1/8	True	2	50.0	50.0	50.0	50a	3	395/2	False	False				False	74	#viio2}		b	i		#viio2		#vii	o	2			o7	True	True	(-4, 5, 2, -1)	()	5	-4	minor	minor	i	i, minor	#vii		i	i	True	#viio2	#viio2, minor		#viio2, minor		#vii	5	5	5	5	5	5	True	True	False
4752.0	12.0	198.0	43	1	G	0.0	3.0	3	4	4	2.0	1.0	1/8	True	2	50.0	50.0	50.0	50a	2	198	False	False				False	74	#viio2}		b	i		#viio2		#vii	o	2			o7	True	True	(-4, 5, 2, -1)	()	5	-4	minor	minor	i	i, minor	#vii		i	i	True	#viio2	#viio2, minor		#viio2, minor		#vii	5	5	5	-4	-4	-4	True	False	True
4752.0	12.0	198.0	55	1	G	0.0	3.0	3	4	4	2.0	1.0	1/8	True	2	50.0	50.0	50.0	50a	3	198	False	False				False	74	#viio2}		b	i		#viio2		#vii	o	2			o7	True	True	(-4, 5, 2, -1)	()	5	-4	minor	minor	i	i, minor	#vii		i	i	True	#viio2	#viio2, minor		#viio2, minor		#vii	5	5	5	-4	-4	-4	True	False	True
4764.0	12.0	198.5	42	6	F	1.0	3.5	0	4	4	2.0	1.0	1/8	True	2	50.0	50.0	50.0	50a	2	397/2	False	False				False	74	#viio2}		b	i		#viio2		#vii	o	2			o7	True	True	(-4, 5, 2, -1)	()	5	-4	minor	minor	i	i, minor	#vii		i	i	True	#viio2	#viio2, minor		#viio2, minor		#vii	5	5	5	1	1	1	False	False	False
4764.0	12.0	198.5	54	6	F	1.0	3.5	0	4	4	2.0	1.0	1/8	True	2	50.0	50.0	50.0	50a	3	397/2	False	False				False	74	#viio2}		b	i		#viio2		#vii	o	2			o7	True	True	(-4, 5, 2, -1)	()	5	-4	minor	minor	i	i, minor	#vii		i	i	True	#viio2	#viio2, minor		#viio2, minor		#vii	5	5	5	1	1	1	False	False	False
4776.0	12.0	199.0	41	-1	F	0.0	4.0	4	4	4	2.0	1.0	1/8	True	2	50.0	50.0	50.0	50a	2	199	False	False				False	74	#viio2}		b	i		#viio2		#vii	o	2			o7	True	True	(-4, 5, 2, -1)	()	5	-4	minor	minor	i	i, minor	#vii		i	i	True	#viio2	#viio2, minor		#viio2, minor		#vii	5	5	5	-6	-6	-6	False	False	False
4776.0	12.0	199.0	53	-1	F	0.0	4.0	4	4	4	2.0	1.0	1/8	True	2	50.0	50.0	50.0	50a	3	199	False	False				False	74	#viio2}		b	i		#viio2		#vii	o	2			o7	True	True	(-4, 5, 2, -1)	()	5	-4	minor	minor	i	i, minor	#vii		i	i	True	#viio2	#viio2, minor		#viio2, minor		#vii	5	5	5	-6	-6	-6	False	False	False
4788.0	12.0	199.5	40	4	E	0.0	4.5	0	4	4	2.0	1.0	1/8	True	2	50.0	50.0	50.0	50a	2	399/2	False	False				False	74	#viio2}		b	i		#viio2		#vii	o	2			o7	True	True	(-4, 5, 2, -1)	()	5	-4	minor	minor	i	i, minor	#vii		i	i	True	#viio2	#viio2, minor		#viio2, minor		#vii	5	5	5	-1	-1	-1	True	False	False
4788.0	12.0	199.5	52	4	E	0.0	4.5	0	4	4	2.0	1.0	1/8	True	2	50.0	50.0	50.0	50a	3	399/2	False	False				False	74	#viio2}		b	i		#viio2		#vii	o	2			o7	True	True	(-4, 5, 2, -1)	()	5	-4	minor	minor	i	i, minor	#vii		i	i	True	#viio2	#viio2, minor		#viio2, minor		#vii	5	5	5	-1	-1	-1	True	False	False
4800.0	72.0	200.0	37	7	C	1.0	1.0	1	4	4	2.0	1.0	3/4	True	2	51.0	51.0	51.0	51a	2	200	False	False				False	74	#viio2}		b	i		#viio2		#vii	o	2			o7	True	True	(-4, 5, 2, -1)	()	5	-4	minor	minor	i	i, minor	#vii		i	i	True	#viio2	#viio2, minor		#viio2, minor		#vii	5	5	5	2	2	2	True	False	False
4800.0	72.0	200.0	49	7	C	1.0	1.0	1	4	4	2.0	1.0	3/4	True	2	51.0	51.0	51.0	51a	3	200	False	False				False	74	#viio2}		b	i		#viio2		#vii	o	2			o7	True	True	(-4, 5, 2, -1)	()	5	-4	minor	minor	i	i, minor	#vii		i	i	True	#viio2	#viio2, minor		#viio2, minor		#vii	5	5	5	2	2	2	True	False	False
4872.0	24.0	203.0	36	0	C	0.0	4.0	4	4	4	2.0	1.0	1/4	True	2	51.0	51.0	51.0	51a	2	203	False	True				False	75	Ger6/iv		b	i		Ger6/iv	Ger	vii	o	65	b3	V/iv	Ger	True	True	(-5, -1, -4, 5)	()	5	-5	minor	minor	i	i, minor	vii/V/iv	I	V/iv/i	I	False	viio65/V/iv	viio65/V/iv, minor		Ger6/iv, minor	iv	iv	5	5	5	-5	-5	-5	True	False	True
4872.0	24.0	203.0	48	0	C	0.0	4.0	4	4	4	2.0	1.0	1/4	True	2	51.0	51.0	51.0	51a	3	203	False	True				False	75	Ger6/iv		b	i		Ger6/iv	Ger	vii	o	65	b3	V/iv	Ger	True	True	(-5, -1, -4, 5)	()	5	-5	minor	minor	i	i, minor	vii/V/iv	I	V/iv/i	I	False	viio65/V/iv	viio65/V/iv, minor		Ger6/iv, minor	iv	iv	5	5	5	-5	-5	-5	True	False	True
4896.0	12.0	204.0	35	5	B	0.0	1.0	1	4	4	2.0	1.0	1/8	True	2	52.0	52.0	52.0	52a	1	204	False	True			{	False	76	i[i{		b	i	i	i		i					m	True	True	(0, -3, 1)	()	0	0	minor	minor	i	i, minor	i		i	i	True	i	i, minor	i	i, minor		i	5	5	5	0	0	0	True	True	True
4896.0	12.0	204.0	47	5	B	0.0	1.0	1	4	4	2.0	1.0	1/8	True	2	52.0	52.0	52.0	52a	2	204	False	True			{	False	76	i[i{		b	i	i	i		i					m	True	True	(0, -3, 1)	()	0	0	minor	minor	i	i, minor	i		i	i	True	i	i, minor	i	i, minor		i	5	5	5	0	0	0	True	True	True
4896.0	42.0	204.0	59	5	B	0.0	1.0	1	4	4	1.0	1.0	7/16	True	2	52.0	52.0	52.0	52a	3	204	False	True			{	False	76	i[i{		b	i	i	i		i					m	True	True	(0, -3, 1)	()	0	0	minor	minor	i	i, minor	i		i	i	True	i	i, minor	i	i, minor		i	5	5	5	0	0	0	True	True	True
4896.0	42.0	204.0	71	5	B	0.0	1.0	1	4	4	1.0	1.0	7/16	True	2	52.0	52.0	52.0	52a	4	204	False	True			{	False	76	i[i{		b	i	i	i		i					m	True	True	(0, -3, 1)	()	0	0	minor	minor	i	i, minor	i		i	i	True	i	i, minor	i	i, minor		i	5	5	5	0	0	0	True	True	True
4908.0	24.0	204.5	42	6	F	1.0	1.5	0	4	4	2.0	1.0	1/4	True	2	52.0	52.0	52.0	52a	2	409/2	False	False				False	76	i[i{		b	i	i	i		i					m	True	True	(0, -3, 1)	()	0	0	minor	minor	i	i, minor	i		i	i	True	i	i, minor	i	i, minor		i	5	5	5	1	1	1	True	False	False
4908.0	24.0	204.5	50	2	D	0.0	1.5	0	4	4	2.0	1.0	1/4	True	2	52.0	52.0	52.0	52a	3	409/2	False	False				False	76	i[i{		b	i	i	i		i					m	True	True	(0, -3, 1)	()	0	0	minor	minor	i	i, minor	i		i	i	True	i	i, minor	i	i, minor		i	5	5	5	-3	-3	-3	True	False	False
4908.0	24.0	204.5	54	6	F	1.0	1.5	0	4	4	2.0	1.0	1/4	True	2	52.0	52.0	52.0	52a	3	409/2	False	False				False	76	i[i{		b	i	i	i		i					m	True	True	(0, -3, 1)	()	0	0	minor	minor	i	i, minor	i		i	i	True	i	i, minor	i	i, minor		i	5	5	5	1	1	1	True	False	False
4908.0	24.0	204.5	62	2	D	0.0	1.5	0	4	4	1.0	2.0	1/4	True	2	52.0	52.0	52.0	52a	4	409/2	False	False				False	76	i[i{		b	i	i	i		i					m	True	True	(0, -3, 1)	()	0	0	minor	minor	i	i, minor	i		i	i	True	i	i, minor	i	i, minor		i	5	5	5	-3	-3	-3	True	False	False
4908.0	24.0	204.5	66	6	F	1.0	1.5	0	4	4	1.0	2.0	1/4	True	2	52.0	52.0	52.0	52a	4	409/2	False	False				False	76	i[i{		b	i	i	i		i					m	True	True	(0, -3, 1)	()	0	0	minor	minor	i	i, minor	i		i	i	True	i	i, minor	i	i, minor		i	5	5	5	1	1	1	True	False	False
4932.0	12.0	205.5	42	6	F	1.0	2.5	0	4	4	2.0	1.0	1/8	True	2	52.0	52.0	52.0	52a	2	411/2	False	False				False	76	i[i{		b	i	i	i		i					m	True	True	(0, -3, 1)	()	0	0	minor	minor	i	i, minor	i		i	i	True	i	i, minor	i	i, minor		i	5	5	5	1	1	1	True	False	False
4932.0	12.0	205.5	50	2	D	0.0	2.5	0	4	4	2.0	1.0	1/8	True	2	52.0	52.0	52.0	52a	3	411/2	False	False				False	76	i[i{		b	i	i	i		i					m	True	True	(0, -3, 1)	()	0	0	minor	minor	i	i, minor	i		i	i	True	i	i, minor	i	i, minor		i	5	5	5	-3	-3	-3	True	False	False
4932.0	12.0	205.5	54	6	F	1.0	2.5	0	4	4	2.0	1.0	1/8	True	2	52.0	52.0	52.0	52a	3	411/2	False	False				False	76	i[i{		b	i	i	i		i					m	True	True	(0, -3, 1)	()	0	0	minor	minor	i	i, minor	i		i	i	True	i	i, minor	i	i, minor		i	5	5	5	1	1	1	True	False	False
4932.0	12.0	205.5	62	2	D	0.0	2.5	0	4	4	1.0	2.0	1/8	True	2	52.0	52.0	52.0	52a	4	411/2	False	False				False	76	i[i{		b	i	i	i		i					m	True	True	(0, -3, 1)	()	0	0	minor	minor	i	i, minor	i		i	i	True	i	i, minor	i	i, minor		i	5	5	5	-3	-3	-3	True	False	False
4932.0	12.0	205.5	66	6	F	1.0	2.5	0	4	4	1.0	2.0	1/8	True	2	52.0	52.0	52.0	52a	4	411/2	False	False				False	76	i[i{		b	i	i	i		i					m	True	True	(0, -3, 1)	()	0	0	minor	minor	i	i, minor	i		i	i	True	i	i, minor	i	i, minor		i	5	5	5	1	1	1	True	False	False
4938.0	3.0	205.75	61	7	C	1.0	2.75	0	4	4	1.0	1.0	1/32	True	2	52.0	52.0	52.0	52a	4	823/4	False	False				False	76	i[i{		b	i	i	i		i					m	True	True	(0, -3, 1)	()	0	0	minor	minor	i	i, minor	i		i	i	True	i	i, minor	i	i, minor		i	5	5	5	2	2	2	False	False	False
4938.0	3.0	205.75	73	7	C	1.0	2.75	0	4	4	1.0	1.0	1/32	True	2	52.0	52.0	52.0	52a	5	823/4	False	False				False	76	i[i{		b	i	i	i		i					m	True	True	(0, -3, 1)	()	0	0	minor	minor	i	i, minor	i		i	i	True	i	i, minor	i	i, minor		i	5	5	5	2	2	2	False	False	False
4941.0	3.0	205.875	59	5	B	0.0	2.875	0	4	4	1.0	1.0	1/32	True	2	52.0	52.0	52.0	52a	3	1647/8	False	False				False	76	i[i{		b	i	i	i		i					m	True	True	(0, -3, 1)	()	0	0	minor	minor	i	i, minor	i		i	i	True	i	i, minor	i	i, minor		i	5	5	5	0	0	0	True	True	True
4941.0	3.0	205.875	71	5	B	0.0	2.875	0	4	4	1.0	1.0	1/32	True	2	52.0	52.0	52.0	52a	4	1647/8	False	False				False	76	i[i{		b	i	i	i		i					m	True	True	(0, -3, 1)	()	0	0	minor	minor	i	i, minor	i		i	i	True	i	i, minor	i	i, minor		i	5	5	5	0	0	0	True	True	True
4944.0	48.0	206.0	57	3	A	0.0	3.0	3	4	4	1.0	1.0	1/2	True	2	52.0	52.0	52.0	52a	3	206	False	False				False	76	i[i{		b	i	i	i		i					m	True	True	(0, -3, 1)	()	0	0	minor	minor	i	i, minor	i		i	i	True	i	i, minor	i	i, minor		i	5	5	5	-2	-2	-2	False	False	False
4944.0	48.0	206.0	69	3	A	0.0	3.0	3	4	4	1.0	1.0	1/2	True	2	52.0	52.0	52.0	52a	4	206	False	False				False	76	i[i{		b	i	i	i		i					m	True	True	(0, -3, 1)	()	0	0	minor	minor	i	i, minor	i		i	i	True	i	i, minor	i	i, minor		i	5	5	5	-2	-2	-2	False	False	False
4956.0	24.0	206.5	42	6	F	1.0	3.5	0	4	4	2.0	1.0	1/4	True	2	52.0	52.0	52.0	52a	2	413/2	False	True				False	77	v7		b	i	i	v7		v		7			mm7	True	True	(1, -2, 2, -1)	()	1	1	minor	minor	i	i, minor	v		i	i	True	v7	v7, minor	i	v7, minor		v	5	5	5	1	1	1	True	True	True
4956.0	24.0	206.5	49	7	C	1.0	3.5	0	4	4	2.0	1.0	1/4	True	2	52.0	52.0	52.0	52a	3	413/2	False	True				False	77	v7		b	i	i	v7		v		7			mm7	True	True	(1, -2, 2, -1)	()	1	1	minor	minor	i	i, minor	v		i	i	True	v7	v7, minor	i	v7, minor		v	5	5	5	2	2	2	True	False	False
4956.0	24.0	206.5	52	4	E	0.0	3.5	0	4	4	2.0	1.0	1/4	True	2	52.0	52.0	52.0	52a	3	413/2	False	True				False	77	v7		b	i	i	v7		v		7			mm7	True	True	(1, -2, 2, -1)	()	1	1	minor	minor	i	i, minor	v		i	i	True	v7	v7, minor	i	v7, minor		v	5	5	5	-1	-1	-1	True	False	False
4956.0	24.0	206.5	61	7	C	1.0	3.5	0	4	4	1.0	2.0	1/4	True	2	52.0	52.0	52.0	52a	4	413/2	False	True				False	77	v7		b	i	i	v7		v		7			mm7	True	True	(1, -2, 2, -1)	()	1	1	minor	minor	i	i, minor	v		i	i	True	v7	v7, minor	i	v7, minor		v	5	5	5	2	2	2	True	False	False
4956.0	24.0	206.5	64	4	E	0.0	3.5	0	4	4	1.0	2.0	1/4	True	2	52.0	52.0	52.0	52a	4	413/2	False	True				False	77	v7		b	i	i	v7		v		7			mm7	True	True	(1, -2, 2, -1)	()	1	1	minor	minor	i	i, minor	v		i	i	True	v7	v7, minor	i	v7, minor		v	5	5	5	-1	-1	-1	True	False	False
4980.0	12.0	207.5	42	6	F	1.0	4.5	0	4	4	2.0	1.0	1/8	True	2	52.0	52.0	52.0	52a	2	415/2	False	False				False	77	v7		b	i	i	v7		v		7			mm7	True	True	(1, -2, 2, -1)	()	1	1	minor	minor	i	i, minor	v		i	i	True	v7	v7, minor	i	v7, minor		v	5	5	5	1	1	1	True	True	True
4980.0	12.0	207.5	49	7	C	1.0	4.5	0	4	4	2.0	1.0	1/8	True	2	52.0	52.0	52.0	52a	3	415/2	False	False				False	77	v7		b	i	i	v7		v		7			mm7	True	True	(1, -2, 2, -1)	()	1	1	minor	minor	i	i, minor	v		i	i	True	v7	v7, minor	i	v7, minor		v	5	5	5	2	2	2	True	False	False
4980.0	12.0	207.5	52	4	E	0.0	4.5	0	4	4	2.0	1.0	1/8	True	2	52.0	52.0	52.0	52a	3	415/2	False	False				False	77	v7		b	i	i	v7		v		7			mm7	True	True	(1, -2, 2, -1)	()	1	1	minor	minor	i	i, minor	v		i	i	True	v7	v7, minor	i	v7, minor		v	5	5	5	-1	-1	-1	True	False	False
4980.0	12.0	207.5	61	7	C	1.0	4.5	0	4	4	1.0	2.0	1/8	True	2	52.0	52.0	52.0	52a	4	415/2	False	False				False	77	v7		b	i	i	v7		v		7			mm7	True	True	(1, -2, 2, -1)	()	1	1	minor	minor	i	i, minor	v		i	i	True	v7	v7, minor	i	v7, minor		v	5	5	5	2	2	2	True	False	False
4980.0	12.0	207.5	64	4	E	0.0	4.5	0	4	4	1.0	2.0	1/8	True	2	52.0	52.0	52.0	52a	4	415/2	False	False				False	77	v7		b	i	i	v7		v		7			mm7	True	True	(1, -2, 2, -1)	()	1	1	minor	minor	i	i, minor	v		i	i	True	v7	v7, minor	i	v7, minor		v	5	5	5	-1	-1	-1	True	False	False
4992.0	12.0	208.0	35	5	B	0.0	1.0	1	4	4	2.0	1.0	1/8	True	2	53.0	53.0	53.0	53a	1	208	False	True				False	78	i		b	i	i	i		i					m	True	True	(0, -3, 1)	()	0	0	minor	minor	i	i, minor	i		i	i	True	i	i, minor	i	i, minor		i	5	5	5	0	0	0	True	True	True
4992.0	12.0	208.0	47	5	B	0.0	1.0	1	4	4	2.0	1.0	1/8	True	2	53.0	53.0	53.0	53a	2	208	False	True				False	78	i		b	i	i	i		i					m	True	True	(0, -3, 1)	()	0	0	minor	minor	i	i, minor	i		i	i	True	i	i, minor	i	i, minor		i	5	5	5	0	0	0	True	True	True
4992.0	24.0	208.0	59	5	B	0.0	1.0	1	4	4	1.0	1.0	1/4	True	2	53.0	53.0	53.0	53a	3	208	False	True				False	78	i		b	i	i	i		i					m	True	True	(0, -3, 1)	()	0	0	minor	minor	i	i, minor	i		i	i	True	i	i, minor	i	i, minor		i	5	5	5	0	0	0	True	True	True
4992.0	24.0	208.0	71	5	B	0.0	1.0	1	4	4	1.0	1.0	1/4	True	2	53.0	53.0	53.0	53a	4	208	False	True				False	78	i		b	i	i	i		i					m	True	True	(0, -3, 1)	()	0	0	minor	minor	i	i, minor	i		i	i	True	i	i, minor	i	i, minor		i	5	5	5	0	0	0	True	True	True
5004.0	24.0	208.5	42	6	F	1.0	1.5	0	4	4	2.0	1.0	1/4	True	2	53.0	53.0	53.0	53a	2	417/2	False	False				False	78	i		b	i	i	i		i					m	True	True	(0, -3, 1)	()	0	0	minor	minor	i	i, minor	i		i	i	True	i	i, minor	i	i, minor		i	5	5	5	1	1	1	True	False	False
5004.0	24.0	208.5	50	2	D	0.0	1.5	0	4	4	2.0	1.0	1/4	True	2	53.0	53.0	53.0	53a	3	417/2	False	False				False	78	i		b	i	i	i		i					m	True	True	(0, -3, 1)	()	0	0	minor	minor	i	i, minor	i		i	i	True	i	i, minor	i	i, minor		i	5	5	5	-3	-3	-3	True	False	False
5004.0	24.0	208.5	54	6	F	1.0	1.5	0	4	4	2.0	1.0	1/4	True	2	53.0	53.0	53.0	53a	3	417/2	False	False				False	78	i		b	i	i	i		i					m	True	True	(0, -3, 1)	()	0	0	minor	minor	i	i, minor	i		i	i	True	i	i, minor	i	i, minor		i	5	5	5	1	1	1	True	False	False
5004.0	24.0	208.5	62	2	D	0.0	1.5	0	4	4	1.0	2.0	1/4	True	2	53.0	53.0	53.0	53a	4	417/2	False	False				False	78	i		b	i	i	i		i					m	True	True	(0, -3, 1)	()	0	0	minor	minor	i	i, minor	i		i	i	True	i	i, minor	i	i, minor		i	5	5	5	-3	-3	-3	True	False	False
5004.0	24.0	208.5	66	6	F	1.0	1.5	0	4	4	1.0	2.0	1/4	True	2	53.0	53.0	53.0	53a	4	417/2	False	False				False	78	i		b	i	i	i		i					m	True	True	(0, -3, 1)	()	0	0	minor	minor	i	i, minor	i		i	i	True	i	i, minor	i	i, minor		i	5	5	5	1	1	1	True	False	False
5016.0	8.0	209.0	62	2	D	0.0	2.0	2	4	4	1.0	1.0	1/12	True	2	53.0	53.0	53.0	53a	4	209	False	False				False	78	i		b	i	i	i		i					m	True	True	(0, -3, 1)	()	0	0	minor	minor	i	i, minor	i		i	i	True	i	i, minor	i	i, minor		i	5	5	5	-3	-3	-3	True	False	False
5016.0	8.0	209.0	74	2	D	0.0	2.0	2	4	4	1.0	1.0	1/12	True	2	53.0	53.0	53.0	53a	5	209	False	False				False	78	i		b	i	i	i		i					m	True	True	(0, -3, 1)	()	0	0	minor	minor	i	i, minor	i		i	i	True	i	i, minor	i	i, minor		i	5	5	5	-3	-3	-3	True	False	False
5024.0	8.0	209.333	59	5	B	0.0	2.333	0	4	4	1.0	1.0	1/12	True	2	53.0	53.0	53.0	53a	3	628/3	False	False				False	78	i		b	i	i	i		i					m	True	True	(0, -3, 1)	()	0	0	minor	minor	i	i, minor	i		i	i	True	i	i, minor	i	i, minor		i	5	5	5	0	0	0	True	True	True
5024.0	8.0	209.333	71	5	B	0.0	2.333	0	4	4	1.0	1.0	1/12	True	2	53.0	53.0	53.0	53a	4	628/3	False	False				False	78	i		b	i	i	i		i					m	True	True	(0, -3, 1)	()	0	0	minor	minor	i	i, minor	i		i	i	True	i	i, minor	i	i, minor		i	5	5	5	0	0	0	True	True	True
5028.0	12.0	209.5	42	6	F	1.0	2.5	0	4	4	2.0	1.0	1/8	True	2	53.0	53.0	53.0	53a	2	419/2	False	False				False	78	i		b	i	i	i		i					m	True	True	(0, -3, 1)	()	0	0	minor	minor	i	i, minor	i		i	i	True	i	i, minor	i	i, minor		i	5	5	5	1	1	1	True	False	False
5028.0	12.0	209.5	50	2	D	0.0	2.5	0	4	4	2.0	1.0	1/8	True	2	53.0	53.0	53.0	53a	3	419/2	False	False				False	78	i		b	i	i	i		i					m	True	True	(0, -3, 1)	()	0	0	minor	minor	i	i, minor	i		i	i	True	i	i, minor	i	i, minor		i	5	5	5	-3	-3	-3	True	False	False
5028.0	12.0	209.5	54	6	F	1.0	2.5	0	4	4	2.0	1.0	1/8	True	2	53.0	53.0	53.0	53a	3	419/2	False	False				False	78	i		b	i	i	i		i					m	True	True	(0, -3, 1)	()	0	0	minor	minor	i	i, minor	i		i	i	True	i	i, minor	i	i, minor		i	5	5	5	1	1	1	True	False	False
5032.0	8.0	209.667	61	7	C	1.0	2.667	0	4	4	1.0	1.0	1/12	True	2	53.0	53.0	53.0	53a	4	629/3	False	False				False	78	i		b	i	i	i		i					m	True	True	(0, -3, 1)	()	0	0	minor	minor	i	i, minor	i		i	i	True	i	i, minor	i	i, minor		i	5	5	5	2	2	2	False	False	False
5032.0	8.0	209.667	73	7	C	1.0	2.667	0	4	4	1.0	1.0	1/12	True	2	53.0	53.0	53.0	53a	5	629/3	False	False				False	78	i		b	i	i	i		i					m	True	True	(0, -3, 1)	()	0	0	minor	minor	i	i, minor	i		i	i	True	i	i, minor	i	i, minor		i	5	5	5	2	2	2	False	False	False
5040.0	48.0	210.0	57	3	A	0.0	3.0	3	4	4	1.0	1.0	1/2	True	2	53.0	53.0	53.0	53a	3	210	False	False				False	78	i		b	i	i	i		i					m	True	True	(0, -3, 1)	()	0	0	minor	minor	i	i, minor	i		i	i	True	i	i, minor	i	i, minor		i	5	5	5	-2	-2	-2	False	False	False
5040.0	48.0	210.0	69	3	A	0.0	3.0	3	4	4	1.0	1.0	1/2	True	2	53.0	53.0	53.0	53a	4	210	False	False				False	78	i		b	i	i	i		i					m	True	True	(0, -3, 1)	()	0	0	minor	minor	i	i, minor	i		i	i	True	i	i, minor	i	i, minor		i	5	5	5	-2	-2	-2	False	False	False
5052.0	24.0	210.5	42	6	F	1.0	3.5	0	4	4	2.0	1.0	1/4	True	2	53.0	53.0	53.0	53a	2	421/2	False	True				False	79	v7		b	i	i	v7		v		7			mm7	True	True	(1, -2, 2, -1)	()	1	1	minor	minor	i	i, minor	v		i	i	True	v7	v7, minor	i	v7, minor		v	5	5	5	1	1	1	True	True	True
5052.0	24.0	210.5	49	7	C	1.0	3.5	0	4	4	2.0	1.0	1/4	True	2	53.0	53.0	53.0	53a	3	421/2	False	True				False	79	v7		b	i	i	v7		v		7			mm7	True	True	(1, -2, 2, -1)	()	1	1	minor	minor	i	i, minor	v		i	i	True	v7	v7, minor	i	v7, minor		v	5	5	5	2	2	2	True	False	False
5052.0	24.0	210.5	52	4	E	0.0	3.5	0	4	4	2.0	1.0	1/4	True	2	53.0	53.0	53.0	53a	3	421/2	False	True				False	79	v7		b	i	i	v7		v		7			mm7	True	True	(1, -2, 2, -1)	()	1	1	minor	minor	i	i, minor	v		i	i	True	v7	v7, minor	i	v7, minor		v	5	5	5	-1	-1	-1	True	False	False
5052.0	24.0	210.5	61	7	C	1.0	3.5	0	4	4	1.0	2.0	1/4	True	2	53.0	53.0	53.0	53a	4	421/2	False	True				False	79	v7		b	i	i	v7		v		7			mm7	True	True	(1, -2, 2, -1)	()	1	1	minor	minor	i	i, minor	v		i	i	True	v7	v7, minor	i	v7, minor		v	5	5	5	2	2	2	True	False	False
5052.0	24.0	210.5	64	4	E	0.0	3.5	0	4	4	1.0	2.0	1/4	True	2	53.0	53.0	53.0	53a	4	421/2	False	True				False	79	v7		b	i	i	v7		v		7			mm7	True	True	(1, -2, 2, -1)	()	1	1	minor	minor	i	i, minor	v		i	i	True	v7	v7, minor	i	v7, minor		v	5	5	5	-1	-1	-1	True	False	False
5076.0	12.0	211.5	42	6	F	1.0	4.5	0	4	4	2.0	1.0	1/8	True	2	53.0	53.0	53.0	53a	2	423/2	False	False				False	79	v7		b	i	i	v7		v		7			mm7	True	True	(1, -2, 2, -1)	()	1	1	minor	minor	i	i, minor	v		i	i	True	v7	v7, minor	i	v7, minor		v	5	5	5	1	1	1	True	True	True
5076.0	12.0	211.5	49	7	C	1.0	4.5	0	4	4	2.0	1.0	1/8	True	2	53.0	53.0	53.0	53a	3	423/2	False	False				False	79	v7		b	i	i	v7		v		7			mm7	True	True	(1, -2, 2, -1)	()	1	1	minor	minor	i	i, minor	v		i	i	True	v7	v7, minor	i	v7, minor		v	5	5	5	2	2	2	True	False	False
5076.0	12.0	211.5	52	4	E	0.0	4.5	0	4	4	2.0	1.0	1/8	True	2	53.0	53.0	53.0	53a	3	423/2	False	False				False	79	v7		b	i	i	v7		v		7			mm7	True	True	(1, -2, 2, -1)	()	1	1	minor	minor	i	i, minor	v		i	i	True	v7	v7, minor	i	v7, minor		v	5	5	5	-1	-1	-1	True	False	False
5076.0	12.0	211.5	61	7	C	1.0	4.5	0	4	4	1.0	2.0	1/8	True	2	53.0	53.0	53.0	53a	4	423/2	False	False				False	79	v7		b	i	i	v7		v		7			mm7	True	True	(1, -2, 2, -1)	()	1	1	minor	minor	i	i, minor	v		i	i	True	v7	v7, minor	i	v7, minor		v	5	5	5	2	2	2	True	False	False
5076.0	12.0	211.5	64	4	E	0.0	4.5	0	4	4	1.0	2.0	1/8	True	2	53.0	53.0	53.0	53a	4	423/2	False	False				False	79	v7		b	i	i	v7		v		7			mm7	True	True	(1, -2, 2, -1)	()	1	1	minor	minor	i	i, minor	v		i	i	True	v7	v7, minor	i	v7, minor		v	5	5	5	-1	-1	-1	True	False	False
5088.0	12.0	212.0	35	5	B	0.0	1.0	1	4	4	2.0	1.0	1/8	True	2	54.0	54.0	54.0	54a	1	212	False	True				False	80	i7		b	i	i	i7		i		7			mm7	True	True	(0, -3, 1, -2)	()	0	0	minor	minor	i	i, minor	i		i	i	True	i7	i7, minor	i	i7, minor		i	5	5	5	0	0	0	True	True	True
5088.0	12.0	212.0	47	5	B	0.0	1.0	1	4	4	2.0	1.0	1/8	True	2	54.0	54.0	54.0	54a	2	212	False	True				False	80	i7		b	i	i	i7		i		7			mm7	True	True	(0, -3, 1, -2)	()	0	0	minor	minor	i	i, minor	i		i	i	True	i7	i7, minor	i	i7, minor		i	5	5	5	0	0	0	True	True	True
5088.0	12.0	212.0	59	5	B	0.0	1.0	1	4	4	1.0	1.0	1/8	True	2	54.0	54.0	54.0	54a	3	212	False	True				False	80	i7		b	i	i	i7		i		7			mm7	True	True	(0, -3, 1, -2)	()	0	0	minor	minor	i	i, minor	i		i	i	True	i7	i7, minor	i	i7, minor		i	5	5	5	0	0	0	True	True	True
5088.0	12.0	212.0	71	5	B	0.0	1.0	1	4	4	1.0	1.0	1/8	True	2	54.0	54.0	54.0	54a	4	212	False	True				False	80	i7		b	i	i	i7		i		7			mm7	True	True	(0, -3, 1, -2)	()	0	0	minor	minor	i	i, minor	i		i	i	True	i7	i7, minor	i	i7, minor		i	5	5	5	0	0	0	True	True	True
5100.0	24.0	212.5	42	6	F	1.0	1.5	0	4	4	2.0	1.0	1/4	True	2	54.0	54.0	54.0	54a	2	425/2	False	False				False	80	i7		b	i	i	i7		i		7			mm7	True	True	(0, -3, 1, -2)	()	0	0	minor	minor	i	i, minor	i		i	i	True	i7	i7, minor	i	i7, minor		i	5	5	5	1	1	1	True	False	False
5100.0	24.0	212.5	50	2	D	0.0	1.5	0	4	4	2.0	1.0	1/4	True	2	54.0	54.0	54.0	54a	3	425/2	False	False				False	80	i7		b	i	i	i7		i		7			mm7	True	True	(0, -3, 1, -2)	()	0	0	minor	minor	i	i, minor	i		i	i	True	i7	i7, minor	i	i7, minor		i	5	5	5	-3	-3	-3	True	False	False
5100.0	24.0	212.5	54	6	F	1.0	1.5	0	4	4	2.0	1.0	1/4	True	2	54.0	54.0	54.0	54a	3	425/2	False	False				False	80	i7		b	i	i	i7		i		7			mm7	True	True	(0, -3, 1, -2)	()	0	0	minor	minor	i	i, minor	i		i	i	True	i7	i7, minor	i	i7, minor		i	5	5	5	1	1	1	True	False	False
5100.0	4.0	212.5	59	5	B	0.0	1.5	0	4	4	1.0	1.0	1/24	False	2	54.0	54.0	54.0	54a	3	425/2	False	False				False	80	i7		b	i	i	i7		i		7			mm7	True	True	(0, -3, 1, -2)	()	0	0	minor	minor	i	i, minor	i		i	i	True	i7	i7, minor	i	i7, minor		i	5	5	5	0	0	0	True	True	True
5100.0	24.0	212.5	62	2	D	0.0	1.5	0	4	4	1.0	2.0	1/4	True	2	54.0	54.0	54.0	54a	4	425/2	False	False				False	80	i7		b	i	i	i7		i		7			mm7	True	True	(0, -3, 1, -2)	()	0	0	minor	minor	i	i, minor	i		i	i	True	i7	i7, minor	i	i7, minor		i	5	5	5	-3	-3	-3	True	False	False
5100.0	24.0	212.5	66	6	F	1.0	1.5	0	4	4	1.0	2.0	1/4	True	2	54.0	54.0	54.0	54a	4	425/2	False	False				False	80	i7		b	i	i	i7		i		7			mm7	True	True	(0, -3, 1, -2)	()	0	0	minor	minor	i	i, minor	i		i	i	True	i7	i7, minor	i	i7, minor		i	5	5	5	1	1	1	True	False	False
5100.0	4.0	212.5	71	5	B	0.0	1.5	0	4	4	1.0	1.0	1/24	False	2	54.0	54.0	54.0	54a	4	425/2	False	False				False	80	i7		b	i	i	i7		i		7			mm7	True	True	(0, -3, 1, -2)	()	0	0	minor	minor	i	i, minor	i		i	i	True	i7	i7, minor	i	i7, minor		i	5	5	5	0	0	0	True	True	True
5104.0	4.0	212.667	62	2	D	0.0	1.667	0	4	4	1.0	1.0	1/24	True	2	54.0	54.0	54.0	54a	4	638/3	False	False				False	80	i7		b	i	i	i7		i		7			mm7	True	True	(0, -3, 1, -2)	()	0	0	minor	minor	i	i, minor	i		i	i	True	i7	i7, minor	i	i7, minor		i	5	5	5	-3	-3	-3	True	False	False
5104.0	4.0	212.667	74	2	D	0.0	1.667	0	4	4	1.0	1.0	1/24	True	2	54.0	54.0	54.0	54a	5	638/3	False	False				False	80	i7		b	i	i	i7		i		7			mm7	True	True	(0, -3, 1, -2)	()	0	0	minor	minor	i	i, minor	i		i	i	True	i7	i7, minor	i	i7, minor		i	5	5	5	-3	-3	-3	True	False	False
5108.0	4.0	212.833	66	6	F	1.0	1.833	0	4	4	1.0	1.0	1/24	True	2	54.0	54.0	54.0	54a	4	1277/6	False	False				False	80	i7		b	i	i	i7		i		7			mm7	True	True	(0, -3, 1, -2)	()	0	0	minor	minor	i	i, minor	i		i	i	True	i7	i7, minor	i	i7, minor		i	5	5	5	1	1	1	True	False	False
5108.0	4.0	212.833	78	6	F	1.0	1.833	0	4	4	1.0	1.0	1/24	True	2	54.0	54.0	54.0	54a	5	1277/6	False	False				False	80	i7		b	i	i	i7		i		7			mm7	True	True	(0, -3, 1, -2)	()	0	0	minor	minor	i	i, minor	i		i	i	True	i7	i7, minor	i	i7, minor		i	5	5	5	1	1	1	True	False	False
5112.0	6.0	213.0	69	3	A	0.0	2.0	2	4	4	1.0	1.0	1/16	True	2	54.0	54.0	54.0	54a	4	213	False	False				False	80	i7		b	i	i	i7		i		7			mm7	True	True	(0, -3, 1, -2)	()	0	0	minor	minor	i	i, minor	i		i	i	True	i7	i7, minor	i	i7, minor		i	5	5	5	-2	-2	-2	True	False	False
5112.0	6.0	213.0	81	3	A	0.0	2.0	2	4	4	1.0	1.0	1/16	True	2	54.0	54.0	54.0	54a	5	213	False	False				False	80	i7		b	i	i	i7		i		7			mm7	True	True	(0, -3, 1, -2)	()	0	0	minor	minor	i	i, minor	i		i	i	True	i7	i7, minor	i	i7, minor		i	5	5	5	-2	-2	-2	True	False	False
5121.0	3.0	213.375	67	1	G	0.0	2.375	0	4	4	1.0	1.0	1/32	True	2	54.0	54.0	54.0	54a	4	1707/8	False	False				False	80	i7		b	i	i	i7		i		7			mm7	True	True	(0, -3, 1, -2)	()	0	0	minor	minor	i	i, minor	i		i	i	True	i7	i7, minor	i	i7, minor		i	5	5	5	-4	-4	-4	False	False	False
5121.0	3.0	213.375	79	1	G	0.0	2.375	0	4	4	1.0	1.0	1/32	True	2	54.0	54.0	54.0	54a	5	1707/8	False	False				False	80	i7		b	i	i	i7		i		7			mm7	True	True	(0, -3, 1, -2)	()	0	0	minor	minor	i	i, minor	i		i	i	True	i7	i7, minor	i	i7, minor		i	5	5	5	-4	-4	-4	False	False	False
5124.0	12.0	213.5	42	6	F	1.0	2.5	0	4	4	2.0	1.0	1/8	True	2	54.0	54.0	54.0	54a	2	427/2	False	False				False	80	i7		b	i	i	i7		i		7			mm7	True	True	(0, -3, 1, -2)	()	0	0	minor	minor	i	i, minor	i		i	i	True	i7	i7, minor	i	i7, minor		i	5	5	5	1	1	1	True	False	False
5124.0	12.0	213.5	50	2	D	0.0	2.5	0	4	4	2.0	1.0	1/8	True	2	54.0	54.0	54.0	54a	3	427/2	False	False				False	80	i7		b	i	i	i7		i		7			mm7	True	True	(0, -3, 1, -2)	()	0	0	minor	minor	i	i, minor	i		i	i	True	i7	i7, minor	i	i7, minor		i	5	5	5	-3	-3	-3	True	False	False
5124.0	12.0	213.5	54	6	F	1.0	2.5	0	4	4	2.0	1.0	1/8	True	2	54.0	54.0	54.0	54a	3	427/2	False	False				False	80	i7		b	i	i	i7		i		7			mm7	True	True	(0, -3, 1, -2)	()	0	0	minor	minor	i	i, minor	i		i	i	True	i7	i7, minor	i	i7, minor		i	5	5	5	1	1	1	True	False	False
5124.0	4.0	213.5	66	6	F	1.0	2.5	0	4	4	1.0	1.0	1/24	True	2	54.0	54.0	54.0	54a	4	427/2	False	False				False	80	i7		b	i	i	i7		i		7			mm7	True	True	(0, -3, 1, -2)	()	0	0	minor	minor	i	i, minor	i		i	i	True	i7	i7, minor	i	i7, minor		i	5	5	5	1	1	1	True	False	False
5124.0	4.0	213.5	78	6	F	1.0	2.5	0	4	4	1.0	1.0	1/24	True	2	54.0	54.0	54.0	54a	5	427/2	False	False				False	80	i7		b	i	i	i7		i		7			mm7	True	True	(0, -3, 1, -2)	()	0	0	minor	minor	i	i, minor	i		i	i	True	i7	i7, minor	i	i7, minor		i	5	5	5	1	1	1	True	False	False
5128.0	4.0	213.667	62	2	D	0.0	2.667	0	4	4	1.0	1.0	1/24	True	2	54.0	54.0	54.0	54a	4	641/3	False	False				False	80	i7		b	i	i	i7		i		7			mm7	True	True	(0, -3, 1, -2)	()	0	0	minor	minor	i	i, minor	i		i	i	True	i7	i7, minor	i	i7, minor		i	5	5	5	-3	-3	-3	True	False	False
5128.0	4.0	213.667	74	2	D	0.0	2.667	0	4	4	1.0	1.0	1/24	True	2	54.0	54.0	54.0	54a	5	641/3	False	False				False	80	i7		b	i	i	i7		i		7			mm7	True	True	(0, -3, 1, -2)	()	0	0	minor	minor	i	i, minor	i		i	i	True	i7	i7, minor	i	i7, minor		i	5	5	5	-3	-3	-3	True	False	False
5132.0	4.0	213.833	59	5	B	0.0	2.833	0	4	4	1.0	1.0	1/24	True	2	54.0	54.0	54.0	54a	3	1283/6	False	False				False	80	i7		b	i	i	i7		i		7			mm7	True	True	(0, -3, 1, -2)	()	0	0	minor	minor	i	i, minor	i		i	i	True	i7	i7, minor	i	i7, minor		i	5	5	5	0	0	0	True	True	True
5132.0	4.0	213.833	71	5	B	0.0	2.833	0	4	4	1.0	1.0	1/24	True	2	54.0	54.0	54.0	54a	4	1283/6	False	False				False	80	i7		b	i	i	i7		i		7			mm7	True	True	(0, -3, 1, -2)	()	0	0	minor	minor	i	i, minor	i		i	i	True	i7	i7, minor	i	i7, minor		i	5	5	5	0	0	0	True	True	True
5136.0	24.0	214.0	57	3	A	0.0	3.0	3	4	4	1.0	1.0	1/4	True	2	54.0	54.0	54.0	54a	3	214	False	False				False	80	i7		b	i	i	i7		i		7			mm7	True	True	(0, -3, 1, -2)	()	0	0	minor	minor	i	i, minor	i		i	i	True	i7	i7, minor	i	i7, minor		i	5	5	5	-2	-2	-2	True	False	False
5136.0	24.0	214.0	69	3	A	0.0	3.0	3	4	4	1.0	1.0	1/4	True	2	54.0	54.0	54.0	54a	4	214	False	False				False	80	i7		b	i	i	i7		i		7			mm7	True	True	(0, -3, 1, -2)	()	0	0	minor	minor	i	i, minor	i		i	i	True	i7	i7, minor	i	i7, minor		i	5	5	5	-2	-2	-2	True	False	False
5148.0	24.0	214.5	42	6	F	1.0	3.5	0	4	4	2.0	1.0	1/4	True	2	54.0	54.0	54.0	54a	2	429/2	False	True				False	81	v7		b	i	i	v7		v		7			mm7	True	True	(1, -2, 2, -1)	()	1	1	minor	minor	i	i, minor	v		i	i	True	v7	v7, minor	i	v7, minor		v	5	5	5	1	1	1	True	True	True
5148.0	24.0	214.5	49	7	C	1.0	3.5	0	4	4	2.0	1.0	1/4	True	2	54.0	54.0	54.0	54a	3	429/2	False	True				False	81	v7		b	i	i	v7		v		7			mm7	True	True	(1, -2, 2, -1)	()	1	1	minor	minor	i	i, minor	v		i	i	True	v7	v7, minor	i	v7, minor		v	5	5	5	2	2	2	True	False	False
5148.0	24.0	214.5	52	4	E	0.0	3.5	0	4	4	2.0	1.0	1/4	True	2	54.0	54.0	54.0	54a	3	429/2	False	True				False	81	v7		b	i	i	v7		v		7			mm7	True	True	(1, -2, 2, -1)	()	1	1	minor	minor	i	i, minor	v		i	i	True	v7	v7, minor	i	v7, minor		v	5	5	5	-1	-1	-1	True	False	False
5148.0	24.0	214.5	61	7	C	1.0	3.5	0	4	4	1.0	2.0	1/4	True	2	54.0	54.0	54.0	54a	4	429/2	False	True				False	81	v7		b	i	i	v7		v		7			mm7	True	True	(1, -2, 2, -1)	()	1	1	minor	minor	i	i, minor	v		i	i	True	v7	v7, minor	i	v7, minor		v	5	5	5	2	2	2	True	False	False
5148.0	24.0	214.5	64	4	E	0.0	3.5	0	4	4	1.0	2.0	1/4	True	2	54.0	54.0	54.0	54a	4	429/2	False	True				False	81	v7		b	i	i	v7		v		7			mm7	True	True	(1, -2, 2, -1)	()	1	1	minor	minor	i	i, minor	v		i	i	True	v7	v7, minor	i	v7, minor		v	5	5	5	-1	-1	-1	True	False	False
5160.0	24.0	215.0	52	4	E	0.0	4.0	4	4	4	1.0	1.0	1/4	True	2	54.0	54.0	54.0	54a	3	215	False	False				False	81	v7		b	i	i	v7		v		7			mm7	True	True	(1, -2, 2, -1)	()	1	1	minor	minor	i	i, minor	v		i	i	True	v7	v7, minor	i	v7, minor		v	5	5	5	-1	-1	-1	True	False	False
5160.0	24.0	215.0	64	4	E	0.0	4.0	4	4	4	1.0	1.0	1/4	True	2	54.0	54.0	54.0	54a	4	215	False	False				False	81	v7		b	i	i	v7		v		7			mm7	True	True	(1, -2, 2, -1)	()	1	1	minor	minor	i	i, minor	v		i	i	True	v7	v7, minor	i	v7, minor		v	5	5	5	-1	-1	-1	True	False	False
5172.0	12.0	215.5	42	6	F	1.0	4.5	0	4	4	2.0	1.0	1/8	True	2	54.0	54.0	54.0	54a	2	431/2	False	False				False	81	v7		b	i	i	v7		v		7			mm7	True	True	(1, -2, 2, -1)	()	1	1	minor	minor	i	i, minor	v		i	i	True	v7	v7, minor	i	v7, minor		v	5	5	5	1	1	1	True	True	True
5172.0	12.0	215.5	49	7	C	1.0	4.5	0	4	4	2.0	1.0	1/8	True	2	54.0	54.0	54.0	54a	3	431/2	False	False				False	81	v7		b	i	i	v7		v		7			mm7	True	True	(1, -2, 2, -1)	()	1	1	minor	minor	i	i, minor	v		i	i	True	v7	v7, minor	i	v7, minor		v	5	5	5	2	2	2	True	False	False
5172.0	12.0	215.5	52	4	E	0.0	4.5	0	4	4	2.0	1.0	1/8	True	2	54.0	54.0	54.0	54a	3	431/2	False	False				False	81	v7		b	i	i	v7		v		7			mm7	True	True	(1, -2, 2, -1)	()	1	1	minor	minor	i	i, minor	v		i	i	True	v7	v7, minor	i	v7, minor		v	5	5	5	-1	-1	-1	True	False	False
5172.0	12.0	215.5	57	3	A	0.0	4.5	0	4	4	1.0	2.0	1/8	True	2	54.0	54.0	54.0	54a	3	431/2	False	False				False	81	v7		b	i	i	v7		v		7			mm7	True	True	(1, -2, 2, -1)	()	1	1	minor	minor	i	i, minor	v		i	i	True	v7	v7, minor	i	v7, minor		v	5	5	5	-2	-2	-2	True	False	False
5172.0	12.0	215.5	61	7	C	1.0	4.5	0	4	4	1.0	2.0	1/8	True	2	54.0	54.0	54.0	54a	4	431/2	False	False				False	81	v7		b	i	i	v7		v		7			mm7	True	True	(1, -2, 2, -1)	()	1	1	minor	minor	i	i, minor	v		i	i	True	v7	v7, minor	i	v7, minor		v	5	5	5	2	2	2	True	False	False
5190.0	6.0	216.25	57	3	A	0.0	1.25	0	4	4	1.0	2.0	1/16	True	2	55.0	55.0	55.0	55a	3	865/4	False	True				False	82	V43	#viio65	b	i	i	V43		V		43			Mm7	True	True	(2, -1, 1, 5)	()	1	2	minor	minor	i	i, minor	V		i	i	True	V43	V43, minor	i	V43, minor		V	5	5	5	-2	-2	-2	False	False	False
5190.0	6.0	216.25	69	3	A	0.0	1.25	0	4	4	1.0	1.0	1/16	True	2	55.0	55.0	55.0	55a	4	865/4	False	True				False	82	V43	#viio65	b	i	i	V43		V		43			Mm7	True	True	(2, -1, 1, 5)	()	1	2	minor	minor	i	i, minor	V		i	i	True	V43	V43, minor	i	V43, minor		V	5	5	5	-2	-2	-2	False	False	False
5196.0	24.0	216.5	35	5	B	0.0	1.5	0	4	4	2.0	1.0	1/4	True	2	55.0	55.0	55.0	55a	1	433/2	False	False				False	82	V43	#viio65	b	i	i	V43		V		43			Mm7	True	True	(2, -1, 1, 5)	()	1	2	minor	minor	i	i, minor	V		i	i	True	V43	V43, minor	i	V43, minor		V	5	5	5	0	0	0	False	False	False
5196.0	24.0	216.5	37	7	C	1.0	1.5	0	4	4	2.0	1.0	1/4	True	2	55.0	55.0	55.0	55a	2	433/2	False	False				False	82	V43	#viio65	b	i	i	V43		V		43			Mm7	True	True	(2, -1, 1, 5)	()	1	2	minor	minor	i	i, minor	V		i	i	True	V43	V43, minor	i	V43, minor		V	5	5	5	2	2	2	True	False	True
5196.0	24.0	216.5	40	4	E	0.0	1.5	0	4	4	2.0	1.0	1/4	True	2	55.0	55.0	55.0	55a	2	433/2	False	False				False	82	V43	#viio65	b	i	i	V43		V		43			Mm7	True	True	(2, -1, 1, 5)	()	1	2	minor	minor	i	i, minor	V		i	i	True	V43	V43, minor	i	V43, minor		V	5	5	5	-1	-1	-1	True	False	False
5196.0	24.0	216.5	46	10	A	1.0	1.5	0	4	4	2.0	1.0	1/4	True	2	55.0	55.0	55.0	55a	2	433/2	False	False				False	82	V43	#viio65	b	i	i	V43		V		43			Mm7	True	True	(2, -1, 1, 5)	()	1	2	minor	minor	i	i, minor	V		i	i	True	V43	V43, minor	i	V43, minor		V	5	5	5	5	5	5	True	False	False
5196.0	6.0	216.5	56	8	G	1.0	1.5	0	4	4	1.0	2.0	1/16	True	2	55.0	55.0	55.0	55a	3	433/2	False	False				False	82	V43	#viio65	b	i	i	V43		V		43			Mm7	True	True	(2, -1, 1, 5)	()	1	2	minor	minor	i	i, minor	V		i	i	True	V43	V43, minor	i	V43, minor		V	5	5	5	3	3	3	False	False	False
5196.0	6.0	216.5	61	7	C	1.0	1.5	0	4	4	1.0	1.0	1/16	True	2	55.0	55.0	55.0	55a	4	433/2	False	False				False	82	V43	#viio65	b	i	i	V43		V		43			Mm7	True	True	(2, -1, 1, 5)	()	1	2	minor	minor	i	i, minor	V		i	i	True	V43	V43, minor	i	V43, minor		V	5	5	5	2	2	2	True	False	True
5196.0	6.0	216.5	64	4	E	0.0	1.5	0	4	4	1.0	1.0	1/16	True	2	55.0	55.0	55.0	55a	4	433/2	False	False				False	82	V43	#viio65	b	i	i	V43		V		43			Mm7	True	True	(2, -1, 1, 5)	()	1	2	minor	minor	i	i, minor	V		i	i	True	V43	V43, minor	i	V43, minor		V	5	5	5	-1	-1	-1	True	False	False
5196.0	6.0	216.5	68	8	G	1.0	1.5	0	4	4	1.0	1.0	1/16	True	2	55.0	55.0	55.0	55a	4	433/2	False	False				False	82	V43	#viio65	b	i	i	V43		V		43			Mm7	True	True	(2, -1, 1, 5)	()	1	2	minor	minor	i	i, minor	V		i	i	True	V43	V43, minor	i	V43, minor		V	5	5	5	3	3	3	False	False	False
5202.0	6.0	216.75	55	1	G	0.0	1.75	0	4	4	1.0	2.0	1/16	True	2	55.0	55.0	55.0	55a	3	867/4	False	False				False	82	V43	#viio65	b	i	i	V43		V		43			Mm7	True	True	(2, -1, 1, 5)	()	1	2	minor	minor	i	i, minor	V		i	i	True	V43	V43, minor	i	V43, minor		V	5	5	5	-4	-4	-4	False	False	False
5202.0	6.0	216.75	67	1	G	0.0	1.75	0	4	4	1.0	1.0	1/16	True	2	55.0	55.0	55.0	55a	4	867/4	False	False				False	82	V43	#viio65	b	i	i	V43		V		43			Mm7	True	True	(2, -1, 1, 5)	()	1	2	minor	minor	i	i, minor	V		i	i	True	V43	V43, minor	i	V43, minor		V	5	5	5	-4	-4	-4	False	False	False
5208.0	6.0	217.0	54	6	F	1.0	2.0	2	4	4	1.0	2.0	1/16	True	2	55.0	55.0	55.0	55a	3	217	False	False				False	82	V43	#viio65	b	i	i	V43		V		43			Mm7	True	True	(2, -1, 1, 5)	()	1	2	minor	minor	i	i, minor	V		i	i	True	V43	V43, minor	i	V43, minor		V	5	5	5	1	1	1	True	True	False
5208.0	6.0	217.0	66	6	F	1.0	2.0	2	4	4	1.0	1.0	1/16	True	2	55.0	55.0	55.0	55a	4	217	False	False				False	82	V43	#viio65	b	i	i	V43		V		43			Mm7	True	True	(2, -1, 1, 5)	()	1	2	minor	minor	i	i, minor	V		i	i	True	V43	V43, minor	i	V43, minor		V	5	5	5	1	1	1	True	True	False
5214.0	6.0	217.25	53	-1	F	0.0	2.25	0	4	4	1.0	2.0	1/16	True	2	55.0	55.0	55.0	55a	3	869/4	False	False				False	82	V43	#viio65	b	i	i	V43		V		43			Mm7	True	True	(2, -1, 1, 5)	()	1	2	minor	minor	i	i, minor	V		i	i	True	V43	V43, minor	i	V43, minor		V	5	5	5	-6	-6	-6	False	False	False
5214.0	6.0	217.25	65	-1	F	0.0	2.25	0	4	4	1.0	1.0	1/16	True	2	55.0	55.0	55.0	55a	4	869/4	False	False				False	82	V43	#viio65	b	i	i	V43		V		43			Mm7	True	True	(2, -1, 1, 5)	()	1	2	minor	minor	i	i, minor	V		i	i	True	V43	V43, minor	i	V43, minor		V	5	5	5	-6	-6	-6	False	False	False
5220.0	12.0	217.5	35	5	B	0.0	2.5	0	4	4	2.0	1.0	1/8	True	2	55.0	55.0	55.0	55a	1	435/2	False	False				False	82	V43	#viio65	b	i	i	V43		V		43			Mm7	True	True	(2, -1, 1, 5)	()	1	2	minor	minor	i	i, minor	V		i	i	True	V43	V43, minor	i	V43, minor		V	5	5	5	0	0	0	False	False	False
5220.0	12.0	217.5	37	7	C	1.0	2.5	0	4	4	2.0	1.0	1/8	True	2	55.0	55.0	55.0	55a	2	435/2	False	False				False	82	V43	#viio65	b	i	i	V43		V		43			Mm7	True	True	(2, -1, 1, 5)	()	1	2	minor	minor	i	i, minor	V		i	i	True	V43	V43, minor	i	V43, minor		V	5	5	5	2	2	2	True	False	True
5220.0	12.0	217.5	40	4	E	0.0	2.5	0	4	4	2.0	1.0	1/8	True	2	55.0	55.0	55.0	55a	2	435/2	False	False				False	82	V43	#viio65	b	i	i	V43		V		43			Mm7	True	True	(2, -1, 1, 5)	()	1	2	minor	minor	i	i, minor	V		i	i	True	V43	V43, minor	i	V43, minor		V	5	5	5	-1	-1	-1	True	False	False
5220.0	12.0	217.5	46	10	A	1.0	2.5	0	4	4	2.0	1.0	1/8	True	2	55.0	55.0	55.0	55a	2	435/2	False	False				False	82	V43	#viio65	b	i	i	V43		V		43			Mm7	True	True	(2, -1, 1, 5)	()	1	2	minor	minor	i	i, minor	V		i	i	True	V43	V43, minor	i	V43, minor		V	5	5	5	5	5	5	True	False	False
5220.0	6.0	217.5	52	4	E	0.0	2.5	0	4	4	1.0	2.0	1/16	True	2	55.0	55.0	55.0	55a	3	435/2	False	False				False	82	V43	#viio65	b	i	i	V43		V		43			Mm7	True	True	(2, -1, 1, 5)	()	1	2	minor	minor	i	i, minor	V		i	i	True	V43	V43, minor	i	V43, minor		V	5	5	5	-1	-1	-1	True	False	False
5220.0	6.0	217.5	64	4	E	0.0	2.5	0	4	4	1.0	1.0	1/16	True	2	55.0	55.0	55.0	55a	4	435/2	False	False				False	82	V43	#viio65	b	i	i	V43		V		43			Mm7	True	True	(2, -1, 1, 5)	()	1	2	minor	minor	i	i, minor	V		i	i	True	V43	V43, minor	i	V43, minor		V	5	5	5	-1	-1	-1	True	False	False
5226.0	6.0	217.75	51	9	D	1.0	2.75	0	4	4	1.0	2.0	1/16	True	2	55.0	55.0	55.0	55a	3	871/4	False	False				False	82	V43	#viio65	b	i	i	V43		V		43			Mm7	True	True	(2, -1, 1, 5)	()	1	2	minor	minor	i	i, minor	V		i	i	True	V43	V43, minor	i	V43, minor		V	5	5	5	4	4	4	False	False	False
5226.0	6.0	217.75	63	9	D	1.0	2.75	0	4	4	1.0	1.0	1/16	True	2	55.0	55.0	55.0	55a	4	871/4	False	False				False	82	V43	#viio65	b	i	i	V43		V		43			Mm7	True	True	(2, -1, 1, 5)	()	1	2	minor	minor	i	i, minor	V		i	i	True	V43	V43, minor	i	V43, minor		V	5	5	5	4	4	4	False	False	False
5232.0	24.0	218.0	50	2	D	0.0	3.0	3	4	4	1.0	1.0	1/4	True	2	55.0	55.0	55.0	55a	3	218	False	True				False	83	ii%7/vii]		b	i	i	ii%7/vii		ii	%	7		vii	%7	True	True	(0, -3, -6, -2)	()	0	0	minor	minor	i	i, minor	ii/vii	vii	vii/i	vii	True	ii%7/vii	ii%7/vii, minor	i	ii%7/vii, minor	vii	vii	5	5	3	-3	-3	-1	True	False	False
5232.0	24.0	218.0	62	2	D	0.0	3.0	3	4	4	1.0	1.0	1/4	True	2	55.0	55.0	55.0	55a	4	218	False	True				False	83	ii%7/vii]		b	i	i	ii%7/vii		ii	%	7		vii	%7	True	True	(0, -3, -6, -2)	()	0	0	minor	minor	i	i, minor	ii/vii	vii	vii/i	vii	True	ii%7/vii	ii%7/vii, minor	i	ii%7/vii, minor	vii	vii	5	5	3	-3	-3	-1	True	False	False
5244.0	24.0	218.5	35	5	B	0.0	3.5	0	4	4	2.0	1.0	1/4	True	2	55.0	55.0	55.0	55a	1	437/2	False	False				False	83	ii%7/vii]		b	i	i	ii%7/vii		ii	%	7		vii	%7	True	True	(0, -3, -6, -2)	()	0	0	minor	minor	i	i, minor	ii/vii	vii	vii/i	vii	True	ii%7/vii	ii%7/vii, minor	i	ii%7/vii, minor	vii	vii	5	5	3	0	0	2	True	True	True
5244.0	24.0	218.5	41	-1	F	0.0	3.5	0	4	4	2.0	1.0	1/4	True	2	55.0	55.0	55.0	55a	2	437/2	False	False				False	83	ii%7/vii]		b	i	i	ii%7/vii		ii	%	7		vii	%7	True	True	(0, -3, -6, -2)	()	0	0	minor	minor	i	i, minor	ii/vii	vii	vii/i	vii	True	ii%7/vii	ii%7/vii, minor	i	ii%7/vii, minor	vii	vii	5	5	3	-6	-6	-4	True	False	False
5244.0	24.0	218.5	45	3	A	0.0	3.5	0	4	4	2.0	1.0	1/4	True	2	55.0	55.0	55.0	55a	2	437/2	False	False				False	83	ii%7/vii]		b	i	i	ii%7/vii		ii	%	7		vii	%7	True	True	(0, -3, -6, -2)	()	0	0	minor	minor	i	i, minor	ii/vii	vii	vii/i	vii	True	ii%7/vii	ii%7/vii, minor	i	ii%7/vii, minor	vii	vii	5	5	3	-2	-2	0	True	False	False
5244.0	24.0	218.5	53	-1	F	0.0	3.5	0	4	4	1.0	2.0	1/4	True	2	55.0	55.0	55.0	55a	3	437/2	False	False				False	83	ii%7/vii]		b	i	i	ii%7/vii		ii	%	7		vii	%7	True	True	(0, -3, -6, -2)	()	0	0	minor	minor	i	i, minor	ii/vii	vii	vii/i	vii	True	ii%7/vii	ii%7/vii, minor	i	ii%7/vii, minor	vii	vii	5	5	3	-6	-6	-4	True	False	False
5244.0	24.0	218.5	57	3	A	0.0	3.5	0	4	4	1.0	2.0	1/4	True	2	55.0	55.0	55.0	55a	3	437/2	False	False				False	83	ii%7/vii]		b	i	i	ii%7/vii		ii	%	7		vii	%7	True	True	(0, -3, -6, -2)	()	0	0	minor	minor	i	i, minor	ii/vii	vii	vii/i	vii	True	ii%7/vii	ii%7/vii, minor	i	ii%7/vii, minor	vii	vii	5	5	3	-2	-2	0	True	False	False
5256.0	24.0	219.0	47	5	B	0.0	4.0	4	4	4	1.0	1.0	1/4	True	2	55.0	55.0	55.0	55a	2	219	False	False				False	83	ii%7/vii]		b	i	i	ii%7/vii		ii	%	7		vii	%7	True	True	(0, -3, -6, -2)	()	0	0	minor	minor	i	i, minor	ii/vii	vii	vii/i	vii	True	ii%7/vii	ii%7/vii, minor	i	ii%7/vii, minor	vii	vii	5	5	3	0	0	2	True	True	True
5256.0	24.0	219.0	59	5	B	0.0	4.0	4	4	4	1.0	1.0	1/4	True	2	55.0	55.0	55.0	55a	3	219	False	False				False	83	ii%7/vii]		b	i	i	ii%7/vii		ii	%	7		vii	%7	True	True	(0, -3, -6, -2)	()	0	0	minor	minor	i	i, minor	ii/vii	vii	vii/i	vii	True	ii%7/vii	ii%7/vii, minor	i	ii%7/vii, minor	vii	vii	5	5	3	0	0	2	True	True	True
5268.0	12.0	219.5	35	5	B	0.0	4.5	0	4	4	2.0	1.0	1/8	True	2	55.0	55.0	55.0	55a	1	439/2	False	False				False	83	ii%7/vii]		b	i	i	ii%7/vii		ii	%	7		vii	%7	True	True	(0, -3, -6, -2)	()	0	0	minor	minor	i	i, minor	ii/vii	vii	vii/i	vii	True	ii%7/vii	ii%7/vii, minor	i	ii%7/vii, minor	vii	vii	5	5	3	0	0	2	True	True	True
5268.0	12.0	219.5	41	-1	F	0.0	4.5	0	4	4	2.0	1.0	1/8	True	2	55.0	55.0	55.0	55a	2	439/2	False	False				False	83	ii%7/vii]		b	i	i	ii%7/vii		ii	%	7		vii	%7	True	True	(0, -3, -6, -2)	()	0	0	minor	minor	i	i, minor	ii/vii	vii	vii/i	vii	True	ii%7/vii	ii%7/vii, minor	i	ii%7/vii, minor	vii	vii	5	5	3	-6	-6	-4	True	False	False
5268.0	12.0	219.5	45	3	A	0.0	4.5	0	4	4	2.0	1.0	1/8	True	2	55.0	55.0	55.0	55a	2	439/2	False	False				False	83	ii%7/vii]		b	i	i	ii%7/vii		ii	%	7		vii	%7	True	True	(0, -3, -6, -2)	()	0	0	minor	minor	i	i, minor	ii/vii	vii	vii/i	vii	True	ii%7/vii	ii%7/vii, minor	i	ii%7/vii, minor	vii	vii	5	5	3	-2	-2	0	True	False	False
5268.0	12.0	219.5	53	-1	F	0.0	4.5	0	4	4	1.0	2.0	1/8	True	2	55.0	55.0	55.0	55a	3	439/2	False	False				False	83	ii%7/vii]		b	i	i	ii%7/vii		ii	%	7		vii	%7	True	True	(0, -3, -6, -2)	()	0	0	minor	minor	i	i, minor	ii/vii	vii	vii/i	vii	True	ii%7/vii	ii%7/vii, minor	i	ii%7/vii, minor	vii	vii	5	5	3	-6	-6	-4	True	False	False
5268.0	12.0	219.5	57	3	A	0.0	4.5	0	4	4	1.0	2.0	1/8	True	2	55.0	55.0	55.0	55a	3	439/2	False	False				False	83	ii%7/vii]		b	i	i	ii%7/vii		ii	%	7		vii	%7	True	True	(0, -3, -6, -2)	()	0	0	minor	minor	i	i, minor	ii/vii	vii	vii/i	vii	True	ii%7/vii	ii%7/vii, minor	i	ii%7/vii, minor	vii	vii	5	5	3	-2	-2	0	True	False	False
5280.0	96.0	220.0	47	5	B	0.0	1.0	1	4	4	1.0	1.0	1	False	2	56.0	56.0	56.0	56a	2	220	False	True				False	84	IV	V/vii	b	i		IV		IV					M	True	True	(-1, 3, 0)	()	-1	-1	minor	minor	i	i, minor	IV		i	i	True	IV	IV, minor		IV, minor		IV	5	5	5	0	0	0	True	False	False
5280.0	96.0	220.0	59	5	B	0.0	1.0	1	4	4	1.0	1.0	1	False	2	56.0	56.0	56.0	56a	3	220	False	True				False	84	IV	V/vii	b	i		IV		IV					M	True	True	(-1, 3, 0)	()	-1	-1	minor	minor	i	i, minor	IV		i	i	True	IV	IV, minor		IV, minor		IV	5	5	5	0	0	0	True	False	False
5292.0	24.0	220.5	28	4	E	0.0	1.5	0	4	4	2.0	1.0	1/4	True	2	56.0	56.0	56.0	56a	1	441/2	False	False				False	84	IV	V/vii	b	i		IV		IV					M	True	True	(-1, 3, 0)	()	-1	-1	minor	minor	i	i, minor	IV		i	i	True	IV	IV, minor		IV, minor		IV	5	5	5	-1	-1	-1	True	True	True
5292.0	24.0	220.5	35	5	B	0.0	1.5	0	4	4	2.0	1.0	1/4	True	2	56.0	56.0	56.0	56a	1	441/2	False	False				False	84	IV	V/vii	b	i		IV		IV					M	True	True	(-1, 3, 0)	()	-1	-1	minor	minor	i	i, minor	IV		i	i	True	IV	IV, minor		IV, minor		IV	5	5	5	0	0	0	True	False	False
5292.0	24.0	220.5	40	4	E	0.0	1.5	0	4	4	2.0	1.0	1/4	True	2	56.0	56.0	56.0	56a	2	441/2	False	False				False	84	IV	V/vii	b	i		IV		IV					M	True	True	(-1, 3, 0)	()	-1	-1	minor	minor	i	i, minor	IV		i	i	True	IV	IV, minor		IV, minor		IV	5	5	5	-1	-1	-1	True	True	True
5292.0	24.0	220.5	52	4	E	0.0	1.5	0	4	4	1.0	2.0	1/4	True	2	56.0	56.0	56.0	56a	3	441/2	False	False				False	84	IV	V/vii	b	i		IV		IV					M	True	True	(-1, 3, 0)	()	-1	-1	minor	minor	i	i, minor	IV		i	i	True	IV	IV, minor		IV, minor		IV	5	5	5	-1	-1	-1	True	True	True
5292.0	24.0	220.5	56	8	G	1.0	1.5	0	4	4	1.0	2.0	1/4	True	2	56.0	56.0	56.0	56a	3	441/2	False	False				False	84	IV	V/vii	b	i		IV		IV					M	True	True	(-1, 3, 0)	()	-1	-1	minor	minor	i	i, minor	IV		i	i	True	IV	IV, minor		IV, minor		IV	5	5	5	3	3	3	True	False	False
5316.0	12.0	221.5	28	4	E	0.0	2.5	0	4	4	2.0	1.0	1/8	True	2	56.0	56.0	56.0	56a	1	443/2	False	False				False	84	IV	V/vii	b	i		IV		IV					M	True	True	(-1, 3, 0)	()	-1	-1	minor	minor	i	i, minor	IV		i	i	True	IV	IV, minor		IV, minor		IV	5	5	5	-1	-1	-1	True	True	True
5316.0	12.0	221.5	35	5	B	0.0	2.5	0	4	4	2.0	1.0	1/8	True	2	56.0	56.0	56.0	56a	1	443/2	False	False				False	84	IV	V/vii	b	i		IV		IV					M	True	True	(-1, 3, 0)	()	-1	-1	minor	minor	i	i, minor	IV		i	i	True	IV	IV, minor		IV, minor		IV	5	5	5	0	0	0	True	False	False
5316.0	12.0	221.5	40	4	E	0.0	2.5	0	4	4	2.0	1.0	1/8	True	2	56.0	56.0	56.0	56a	2	443/2	False	False				False	84	IV	V/vii	b	i		IV		IV					M	True	True	(-1, 3, 0)	()	-1	-1	minor	minor	i	i, minor	IV		i	i	True	IV	IV, minor		IV, minor		IV	5	5	5	-1	-1	-1	True	True	True
5316.0	12.0	221.5	52	4	E	0.0	2.5	0	4	4	1.0	2.0	1/8	True	2	56.0	56.0	56.0	56a	3	443/2	False	False				False	84	IV	V/vii	b	i		IV		IV					M	True	True	(-1, 3, 0)	()	-1	-1	minor	minor	i	i, minor	IV		i	i	True	IV	IV, minor		IV, minor		IV	5	5	5	-1	-1	-1	True	True	True
5316.0	12.0	221.5	56	8	G	1.0	2.5	0	4	4	1.0	2.0	1/8	True	2	56.0	56.0	56.0	56a	3	443/2	False	False				False	84	IV	V/vii	b	i		IV		IV					M	True	True	(-1, 3, 0)	()	-1	-1	minor	minor	i	i, minor	IV		i	i	True	IV	IV, minor		IV, minor		IV	5	5	5	3	3	3	True	False	False
5340.0	24.0	222.5	31	1	G	0.0	3.5	0	4	4	2.0	1.0	1/4	True	2	56.0	56.0	56.0	56a	1	445/2	False	False				False	84	IV	V/vii	b	i		IV		IV					M	True	True	(-1, 3, 0)	()	-1	-1	minor	minor	i	i, minor	IV		i	i	True	IV	IV, minor		IV, minor		IV	5	5	5	-4	-4	-4	False	False	False
5340.0	24.0	222.5	38	2	D	0.0	3.5	0	4	4	2.0	1.0	1/4	True	2	56.0	56.0	56.0	56a	2	445/2	False	False				False	84	IV	V/vii	b	i		IV		IV					M	True	True	(-1, 3, 0)	()	-1	-1	minor	minor	i	i, minor	IV		i	i	True	IV	IV, minor		IV, minor		IV	5	5	5	-3	-3	-3	False	False	False
5340.0	24.0	222.5	43	1	G	0.0	3.5	0	4	4	2.0	1.0	1/4	True	2	56.0	56.0	56.0	56a	2	445/2	False	False				False	84	IV	V/vii	b	i		IV		IV					M	True	True	(-1, 3, 0)	()	-1	-1	minor	minor	i	i, minor	IV		i	i	True	IV	IV, minor		IV, minor		IV	5	5	5	-4	-4	-4	False	False	False
5340.0	24.0	222.5	50	2	D	0.0	3.5	0	4	4	1.0	2.0	1/4	True	2	56.0	56.0	56.0	56a	3	445/2	False	False				False	84	IV	V/vii	b	i		IV		IV					M	True	True	(-1, 3, 0)	()	-1	-1	minor	minor	i	i, minor	IV		i	i	True	IV	IV, minor		IV, minor		IV	5	5	5	-3	-3	-3	False	False	False
5340.0	24.0	222.5	55	1	G	0.0	3.5	0	4	4	1.0	2.0	1/4	True	2	56.0	56.0	56.0	56a	3	445/2	False	False				False	84	IV	V/vii	b	i		IV		IV					M	True	True	(-1, 3, 0)	()	-1	-1	minor	minor	i	i, minor	IV		i	i	True	IV	IV, minor		IV, minor		IV	5	5	5	-4	-4	-4	False	False	False
5364.0	12.0	223.5	31	1	G	0.0	4.5	0	4	4	2.0	1.0	1/8	True	2	56.0	56.0	56.0	56a	1	447/2	False	False				False	84	IV	V/vii	b	i		IV		IV					M	True	True	(-1, 3, 0)	()	-1	-1	minor	minor	i	i, minor	IV		i	i	True	IV	IV, minor		IV, minor		IV	5	5	5	-4	-4	-4	False	False	False
5364.0	12.0	223.5	38	2	D	0.0	4.5	0	4	4	2.0	1.0	1/8	True	2	56.0	56.0	56.0	56a	2	447/2	False	False				False	84	IV	V/vii	b	i		IV		IV					M	True	True	(-1, 3, 0)	()	-1	-1	minor	minor	i	i, minor	IV		i	i	True	IV	IV, minor		IV, minor		IV	5	5	5	-3	-3	-3	False	False	False
5364.0	12.0	223.5	43	1	G	0.0	4.5	0	4	4	2.0	1.0	1/8	True	2	56.0	56.0	56.0	56a	2	447/2	False	False				False	84	IV	V/vii	b	i		IV		IV					M	True	True	(-1, 3, 0)	()	-1	-1	minor	minor	i	i, minor	IV		i	i	True	IV	IV, minor		IV, minor		IV	5	5	5	-4	-4	-4	False	False	False
5364.0	12.0	223.5	50	2	D	0.0	4.5	0	4	4	1.0	2.0	1/8	True	2	56.0	56.0	56.0	56a	3	447/2	False	False				False	84	IV	V/vii	b	i		IV		IV					M	True	True	(-1, 3, 0)	()	-1	-1	minor	minor	i	i, minor	IV		i	i	True	IV	IV, minor		IV, minor		IV	5	5	5	-3	-3	-3	False	False	False
5364.0	12.0	223.5	55	1	G	0.0	4.5	0	4	4	1.0	2.0	1/8	True	2	56.0	56.0	56.0	56a	3	447/2	False	False				False	84	IV	V/vii	b	i		IV		IV					M	True	True	(-1, 3, 0)	()	-1	-1	minor	minor	i	i, minor	IV		i	i	True	IV	IV, minor		IV, minor		IV	5	5	5	-4	-4	-4	False	False	False
5376.0	96.0	224.0	47	5	B	0.0	1.0	1	4	4	1.0	1.0	1	False	2	57.0	57.0	57.0	57a	2	224	False	True	PC	PC	}	True	86	i|PC}		b	i		i		i					m	True	True	(0, -3, 1)	()	0	0	minor	minor	i	i, minor	i		i	i	True	i	i, minor		i, minor		i	5	5	5	0	0	0	True	True	True
5376.0	96.0	224.0	59	5	B	0.0	1.0	1	4	4	1.0	1.0	1	False	2	57.0	57.0	57.0	57a	3	224	False	True	PC	PC	}	True	86	i|PC}		b	i		i		i					m	True	True	(0, -3, 1)	()	0	0	minor	minor	i	i, minor	i		i	i	True	i	i, minor		i, minor		i	5	5	5	0	0	0	True	True	True
5388.0	24.0	224.5	35	5	B	0.0	1.5	0	4	4	2.0	1.0	1/4	True	2	57.0	57.0	57.0	57a	1	449/2	False	False				False	86	i|PC}		b	i		i		i					m	True	True	(0, -3, 1)	()	0	0	minor	minor	i	i, minor	i		i	i	True	i	i, minor		i, minor		i	5	5	5	0	0	0	True	True	True
5388.0	24.0	224.5	42	6	F	1.0	1.5	0	4	4	2.0	1.0	1/4	True	2	57.0	57.0	57.0	57a	2	449/2	False	False				False	86	i|PC}		b	i		i		i					m	True	True	(0, -3, 1)	()	0	0	minor	minor	i	i, minor	i		i	i	True	i	i, minor		i, minor		i	5	5	5	1	1	1	True	False	False
5388.0	24.0	224.5	50	2	D	0.0	1.5	0	4	4	1.0	2.0	1/4	True	2	57.0	57.0	57.0	57a	3	449/2	False	False				False	86	i|PC}		b	i		i		i					m	True	True	(0, -3, 1)	()	0	0	minor	minor	i	i, minor	i		i	i	True	i	i, minor		i, minor		i	5	5	5	-3	-3	-3	True	False	False
5388.0	24.0	224.5	54	6	F	1.0	1.5	0	4	4	1.0	2.0	1/4	True	2	57.0	57.0	57.0	57a	3	449/2	False	False				False	86	i|PC}		b	i		i		i					m	True	True	(0, -3, 1)	()	0	0	minor	minor	i	i, minor	i		i	i	True	i	i, minor		i, minor		i	5	5	5	1	1	1	True	False	False
5412.0	12.0	225.5	35	5	B	0.0	2.5	0	4	4	2.0	1.0	1/8	True	2	57.0	57.0	57.0	57a	1	451/2	False	False				False	86	i|PC}		b	i		i		i					m	True	True	(0, -3, 1)	()	0	0	minor	minor	i	i, minor	i		i	i	True	i	i, minor		i, minor		i	5	5	5	0	0	0	True	True	True
5412.0	12.0	225.5	42	6	F	1.0	2.5	0	4	4	2.0	1.0	1/8	True	2	57.0	57.0	57.0	57a	2	451/2	False	False				False	86	i|PC}		b	i		i		i					m	True	True	(0, -3, 1)	()	0	0	minor	minor	i	i, minor	i		i	i	True	i	i, minor		i, minor		i	5	5	5	1	1	1	True	False	False
5412.0	12.0	225.5	50	2	D	0.0	2.5	0	4	4	1.0	2.0	1/8	True	2	57.0	57.0	57.0	57a	3	451/2	False	False				False	86	i|PC}		b	i		i		i					m	True	True	(0, -3, 1)	()	0	0	minor	minor	i	i, minor	i		i	i	True	i	i, minor		i, minor		i	5	5	5	-3	-3	-3	True	False	False
5412.0	12.0	225.5	54	6	F	1.0	2.5	0	4	4	1.0	2.0	1/8	True	2	57.0	57.0	57.0	57a	3	451/2	False	False				False	86	i|PC}		b	i		i		i					m	True	True	(0, -3, 1)	()	0	0	minor	minor	i	i, minor	i		i	i	True	i	i, minor		i, minor		i	5	5	5	1	1	1	True	False	False
5424.0	48.0	226.0	35	5	B	0.0	3.0	3	4	4	2.0	1.0	1/2	False	2	57.0	57.0	57.0	57a	1	226	False	False				False	86	i|PC}		b	i		i		i					m	True	True	(0, -3, 1)	()	0	0	minor	minor	i	i, minor	i		i	i	True	i	i, minor		i, minor		i	5	5	5	0	0	0	True	True	True
5424.0	48.0	226.0	42	6	F	1.0	3.0	3	4	4	2.0	1.0	1/2	False	2	57.0	57.0	57.0	57a	2	226	False	False				False	86	i|PC}		b	i		i		i					m	True	True	(0, -3, 1)	()	0	0	minor	minor	i	i, minor	i		i	i	True	i	i, minor		i, minor		i	5	5	5	1	1	1	True	False	False
5424.0	48.0	226.0	50	2	D	0.0	3.0	3	4	4	1.0	2.0	1/2	False	2	57.0	57.0	57.0	57a	3	226	False	False				False	86	i|PC}		b	i		i		i					m	True	True	(0, -3, 1)	()	0	0	minor	minor	i	i, minor	i		i	i	True	i	i, minor		i, minor		i	5	5	5	-3	-3	-3	True	False	False
5424.0	48.0	226.0	54	6	F	1.0	3.0	3	4	4	1.0	2.0	1/2	False	2	57.0	57.0	57.0	57a	3	226	False	False				False	86	i|PC}		b	i		i		i					m	True	True	(0, -3, 1)	()	0	0	minor	minor	i	i, minor	i		i	i	True	i	i, minor		i, minor		i	5	5	5	1	1	1	True	False	False
5472.0	96.0	228.0	23	5	B	0.0	1.0	1	4	4	2.0	1.0	1	True	2	58.0	58.0	58.0	58a	0	228	False	False				False	86	i|PC}		b	i		i		i					m	True	True	(0, -3, 1)	()	0	0	minor	minor	i	i, minor	i		i	i	True	i	i, minor		i, minor		i	5	5	5	0	0	0	True	True	True
5472.0	96.0	228.0	35	5	B	0.0	1.0	1	4	4	2.0	1.0	1	False	2	58.0	58.0	58.0	58a	1	228	False	False				False	86	i|PC}		b	i		i		i					m	True	True	(0, -3, 1)	()	0	0	minor	minor	i	i, minor	i		i	i	True	i	i, minor		i, minor		i	5	5	5	0	0	0	True	True	True
5472.0	96.0	228.0	42	6	F	1.0	1.0	1	4	4	2.0	1.0	1	False	2	58.0	58.0	58.0	58a	2	228	False	False				False	86	i|PC}		b	i		i		i					m	True	True	(0, -3, 1)	()	0	0	minor	minor	i	i, minor	i		i	i	True	i	i, minor		i, minor		i	5	5	5	1	1	1	True	False	False
5472.0	96.0	228.0	47	5	B	0.0	1.0	1	4	4	1.0	1.0	1	True	2	58.0	58.0	58.0	58a	2	228	False	False				False	86	i|PC}		b	i		i		i					m	True	True	(0, -3, 1)	()	0	0	minor	minor	i	i, minor	i		i	i	True	i	i, minor		i, minor		i	5	5	5	0	0	0	True	True	True
5472.0	96.0	228.0	50	2	D	0.0	1.0	1	4	4	1.0	1.0	1	False	2	58.0	58.0	58.0	58a	3	228	False	False				False	86	i|PC}		b	i		i		i					m	True	True	(0, -3, 1)	()	0	0	minor	minor	i	i, minor	i		i	i	True	i	i, minor		i, minor		i	5	5	5	-3	-3	-3	True	False	False
5472.0	96.0	228.0	54	6	F	1.0	1.0	1	4	4	1.0	1.0	1	False	2	58.0	58.0	58.0	58a	3	228	False	False				False	86	i|PC}		b	i		i		i					m	True	True	(0, -3, 1)	()	0	0	minor	minor	i	i, minor	i		i	i	True	i	i, minor		i, minor		i	5	5	5	1	1	1	True	False	False
5472.0	96.0	228.0	59	5	B	0.0	1.0	1	4	4	1.0	1.0	1	True	2	58.0	58.0	58.0	58a	3	228	False	False				False	86	i|PC}		b	i		i		i					m	True	True	(0, -3, 1)	()	0	0	minor	minor	i	i, minor	i		i	i	True	i	i, minor		i, minor		i	5	5	5	0	0	0	True	True	True
																					8		True				False	3	i[i		b	i	i	i		i					m	True	True	(0, -3, 1)	()	0	0	minor	minor	i	i, minor	i		i	i	True	i	i, minor	i	i, minor		i	5	5	5						
																					10		True				False	4	v		b	i	i	v		v					m	True	True	(1, -2, 2)	()	1	1	minor	minor	i	i, minor	v		i	i	True	v	v, minor	i	v, minor		v	5	5	5						
																					30		True				False	14	VI		b	i		VI		VI					M	True	True	(-4, 0, -3)	()	-4	-4	minor	minor	i	i, minor	VI		i	i	True	VI	VI, minor		VI, minor		VI	5	5	5						
																					54		True				False	25	VI		b	v		VI		VI					M	True	True	(-4, 0, -3)	()	-4	-4	minor	minor	v	v, minor	VI		v	v	True	VI	VI, minor		VI, minor		VI	5	6	6						
																					138		True				False	55	VI		b	i		VI		VI					M	True	True	(-4, 0, -3)	()	-4	-4	minor	minor	i	i, minor	VI		i	i	True	VI	VI, minor		VI, minor		VI	5	5	5						
																					222		True				False	85	VI		b	i		VI		VI					M	True	True	(-4, 0, -3)	()	-4	-4	minor	minor	i	i, minor	VI		i	i	True	VI	VI, minor		VI, minor		VI	5	5	5						
